Sensor_ID,Row,Col,Press_Count,Max_Pressure,Avg_Pressure,Avg_Resistance_Ohms,Min_Resistance_Ohms,Max_Resistance_Ohms,Baseline_Resistance_Ohms
720,15,0,22,1.0,0.6339155414127334,13149.54090909091,12467.39,13870.31,20396.61
672,14,0,21,0.8244286434045268,0.5873820292950344,13080.97238095238,12617.92,13619.93,19794.65
721,15,1,22,0.9140311348587772,0.5882842411050676,13084.691363636364,12643.21,13814.22,19491.78
825,17,9,23,0.945901109775088,0.7272935832855658,14093.406086956524,12643.21,19153.06,26544.65
820,17,4,22,0.9172058111174896,0.7377090306785071,13887.45318181818,12643.21,18103.81,26090.74
873,18,9,22,0.9031779014245876,0.6758206842084534,14541.160909090908,12643.21,20648.86,26026.81
818,17,2,22,0.8850893391488452,0.7094465372795647,13962.80090909091,12668.54,19174.0,25276.9
819,17,3,23,0.9534267937983308,0.7558244945527826,14096.973478260868,12668.54,20834.94,26643.4
822,17,6,23,0.928844003412283,0.7139823800692192,14098.322608695655,12668.54,19577.68,26090.74
872,18,8,22,0.8990013755957847,0.6659557647130007,14708.105454545452,12668.54,20858.36,26219.28
817,17,1,24,0.9729871175063215,0.7774753660132868,14168.059583333334,12744.91,20170.86,27077.54
829,17,13,23,0.93273581679411,0.6862843532147246,14370.26695652174,12744.91,20881.81,26090.74
867,18,3,22,0.8904346339967031,0.687751349259583,14497.007272727275,12744.91,18398.68,25994.93
816,17,0,24,1.0,0.791434997509754,14384.492916666664,12744.91,22721.83,27977.33
722,15,2,37,0.994530960784133,0.5772234507025181,15068.490540540544,12744.91,19926.36,25154.93
870,18,6,22,0.8870308033363689,0.6650939863670116,14535.448181818181,12757.68,20556.65,25710.52
626,13,2,30,0.8985979117603597,0.5734680987291859,14345.285666666667,12757.68,17872.27,22880.64
628,13,4,28,0.889946522598507,0.6000497443564006,14077.395357142856,12757.68,17757.91,22880.64
675,14,3,28,0.9234650845976926,0.614022891555213,13874.532142857144,12770.47,17236.39,22382.94
723,15,3,36,1.0,0.5895286329007914,14882.765833333335,12770.47,19491.78,24586.87
865,18,1,22,0.9256593377111516,0.723000964517924,14435.873636363634,12770.47,18123.28,26942.87
824,17,8,23,0.9451060373158312,0.7268956801078513,14255.924782608694,12770.47,19194.97,27111.36
868,18,4,22,0.8921030513747689,0.6852794483707423,14618.61681818182,12783.28,21213.94,26544.65
633,13,9,26,0.768240697077163,0.5551668709287829,13594.618461538463,12783.28,16047.52,21118.33
774,16,6,29,0.8266937511274204,0.5704260263781321,14574.77,12783.28,18458.39,23642.52
864,18,0,22,0.9647672856213154,0.7514308689560184,14473.696818181816,12783.28,19258.07,27906.57
726,15,6,34,0.895985376286097,0.5674120879813107,14452.359117647058,12783.28,17606.89,23642.52
871,18,7,21,0.8228921056633816,0.646808045693238,14322.944285714286,12796.1,18740.4,24704.93
724,15,4,36,0.9714546794206593,0.5849881529378824,15065.379444444445,12796.1,19751.0,25307.53
769,16,1,29,0.9763497609318523,0.6426975648080073,14703.266206896553,12796.1,19111.26,24645.8
673,14,1,20,0.6632688483387253,0.5121591979552333,13031.988500000001,12796.1,13510.31,18538.4
625,13,1,24,0.8386737448283003,0.6274999159778062,13650.185,12796.1,17072.88,22126.97
630,13,6,27,0.8340456701745564,0.5755659328640371,13805.587037037038,12796.1,16769.29,21975.31
823,17,7,22,0.8859323188845292,0.7125515061988343,13937.075909090909,12796.1,17309.7,25585.55
674,14,2,31,0.9189028722801224,0.5777072599816793,14295.769677419356,12796.1,17588.13,22933.92
866,18,2,21,0.841138705501058,0.6630264725215538,14330.202857142855,12796.1,17795.93,25094.26
627,13,3,28,0.8754930928436883,0.5918758050638819,14218.53857142857,12808.93,17720.0,22774.6
729,15,9,37,0.9016995753744388,0.547761187954727,14741.390270270273,12808.93,18822.0,23923.21
768,16,0,24,0.9906581562801372,0.7532756442848855,14036.932916666667,12808.93,20464.99,25710.52
771,16,3,32,0.9427712014683562,0.6047131597631084,15301.4546875,12821.78,20764.89,25804.82
772,16,4,29,0.8905974559053939,0.6139579481060851,14843.764827586205,12821.78,20059.23,25185.35
624,13,0,22,0.9015983159222588,0.7082197319538464,13411.665454545455,12821.78,15864.85,23257.23
578,12,2,85,0.83457345217709,0.3732478526829613,16027.281294117649,12821.78,17910.59,22960.62
580,12,4,87,0.8610047941464551,0.3796939181508977,16083.11344827586,12821.78,18201.42,23202.91
629,13,5,32,0.8813848594950245,0.5540794829842264,14551.9121875,12821.78,17872.27,22960.62
631,13,7,27,0.8343738002091199,0.5793112223521691,13848.983703703703,12821.78,16982.88,22126.97
1662,34,30,2,0.5117740413438013,0.45987487980917985,13166.045,12821.78,13510.31,18659.26
678,14,6,25,0.8037976330430269,0.5906856122627239,13531.2284,12834.64,15815.47,21651.57
827,17,11,23,0.9188394274897989,0.701144841262815,14337.994782608695,12834.64,19153.06,26544.65
632,13,8,28,0.7952522838829247,0.5507845865315721,13960.814285714285,12834.64,16769.29,21900.02
676,14,4,31,0.8986606017713927,0.5757837368504413,14332.487741935485,12834.64,17949.02,23040.99
582,12,6,79,0.81591766828654,0.3819653636463313,15637.312531645563,12834.64,17346.5,22408.76
731,15,11,38,0.9406658700273751,0.5679207168024216,14916.330000000004,12834.64,19153.06,25094.26
821,17,5,22,0.8986372691786818,0.720972386894808,14067.893636363639,12834.64,19215.97,26058.75
875,18,11,22,0.897282967284136,0.6639785870019992,14808.718636363634,12847.52,21023.29,26479.11
635,13,11,26,0.7742654194333481,0.5526909997686269,13738.685000000001,12847.52,16081.01,21553.27
727,15,7,35,0.884705887086031,0.5612470357669358,14581.799142857144,12847.52,18618.86,23754.24
877,18,13,21,0.8811563600687259,0.670080991719601,14567.72,12847.52,20928.83,26251.55
777,16,9,31,0.857393184944499,0.5707218592397524,14872.398064516128,12847.52,19028.03,24557.47
770,16,2,31,0.9152417674582037,0.5952545672732759,15200.355483870966,12847.52,20014.81,25647.93
681,14,9,27,0.7755920404097095,0.5481268401782868,13684.772222222224,12847.52,16131.41,21166.06
585,12,9,67,0.7704947015073672,0.3885849676768149,15182.227164179107,12847.52,16455.14,21553.27
728,15,8,38,0.9499744342577318,0.5779012448255977,14996.576315789478,12847.52,19153.06,25585.55
1665,34,33,3,0.4925761291855413,0.4393326856008899,12999.356666666667,12847.52,13108.13,18398.68
605,12,29,25,0.559781988851496,0.3946589991724138,13837.093200000001,12847.52,14357.96,19534.67
1369,28,25,24,0.7491312626553084,0.601188392056755,14196.609583333333,12847.52,18578.57,30794.08
584,12,8,75,0.7777832676685509,0.377765620588465,15399.42413333333,12860.41,16857.87,21900.02
680,14,8,34,0.851379289815685,0.5371052994166298,14461.67911764706,12873.32,17309.7,22880.64
775,16,7,30,0.8490049085631303,0.5787324409157008,14771.809000000001,12873.32,19321.44,24382.16
733,15,13,38,0.9183543595689837,0.5628017822617254,15020.940263157894,12873.32,19794.65,25276.9
1666,34,34,60,0.7762297984986148,0.4428195693273536,15563.18883333333,12873.32,18822.0,24586.87
781,16,13,31,0.8925522132290858,0.5820140355437314,15000.449354838709,12873.32,19751.0,25461.45
579,12,3,90,0.8478553854824356,0.37002107099184356,16273.353888888887,12873.32,18339.21,23366.42
587,12,11,82,0.8010148648189164,0.3836551401262129,15529.095975609755,12873.32,17236.39,22408.76
683,14,11,34,0.8309005654654208,0.5232002731600816,14424.999705882354,12873.32,17018.8,22512.45
583,12,7,83,0.8041268956444372,0.3768212962227446,15666.381325301203,12886.24,17272.99,22408.76
826,17,10,23,0.8857961972589758,0.669847892774725,14382.996956521738,12886.24,19321.44,25679.2
677,14,5,33,0.9059168878128543,0.5649180896463174,14503.215757575757,12886.24,18162.29,23339.05
685,14,13,34,0.8113063915413469,0.5069267622235147,14442.36823529412,12886.24,17218.13,22357.16
1307,27,11,33,0.8340005337312651,0.5711433971237161,25049.173030303034,12899.17,51192.37,56476.62
725,15,5,38,0.9840207481624331,0.5816940055203268,15216.54,12899.17,20741.61,25836.37
581,12,5,90,0.8322491489834477,0.37428252724223654,16053.669777777775,12899.17,17987.56,23094.79
679,14,7,30,0.8166637663354869,0.5454283557657853,14045.946999999998,12899.17,16698.84,21900.02
637,13,13,27,0.7483922378822008,0.5249731864700796,13871.922222222222,12899.17,16131.41,21358.47
779,16,11,32,0.8700324234368106,0.566651316923425,15090.479374999999,12899.17,19577.68,25094.26
776,16,8,32,0.8841033810665941,0.5788826535885333,15162.485625,12899.17,19926.36,25585.55
773,16,5,32,0.9069248273285015,0.5866903623811468,15338.3975,12899.17,20625.75,25836.37
1309,27,13,34,0.8503359574360202,0.5652852252222429,26210.53264705882,12912.12,52793.59,58715.34
682,14,10,33,0.814617276076262,0.5199928954964056,14382.879090909091,12912.12,17218.13,22460.52
869,18,5,21,0.8707737193914948,0.6942915480018653,14456.635238095236,12912.12,18498.34,26479.11
530,11,2,110,0.9017382050627554,0.3998329476231099,16430.910363636365,12912.12,19534.67,24853.65
577,12,1,78,0.8264050721560139,0.3588791979289132,16339.894871794872,12912.12,17968.28,23014.16
604,12,28,80,0.6808060545575799,0.3873412493080283,14886.982500000002,12938.06,16628.76,21651.57
606,12,30,61,0.6115752066730024,0.3639056038774608,14413.845901639343,12938.06,15363.49,20396.61
634,13,10,26,0.7564593982903699,0.5417776647697609,13768.048076923076,12951.06,16182.0,21406.95
589,12,13,55,0.7531705963898075,0.4003952106983833,15146.251272727271,12951.06,16663.75,21676.24
874,18,10,21,0.8750459450119639,0.6632121389019409,14584.157142857142,12951.06,20975.98,26090.74
684,14,12,27,0.716264126734552,0.5102037720624613,13895.717037037039,12951.06,16014.12,21023.29
1368,28,24,24,0.7549505861799186,0.6113875676471948,14485.0625,12951.06,18418.55,33127.38
603,12,27,89,0.731403176750265,0.3763124958418035,15850.266629213484,12951.06,18221.02,23230.05
586,12,10,81,0.7797099866146628,0.3761028320526459,15520.626543209877,12951.06,17199.88,22203.33
730,15,10,38,0.9058526208203131,0.5524904901976154,14972.365263157895,12951.06,19069.58,24794.01
532,11,4,111,0.980661801045812,0.44058619607010163,16715.51243243243,12951.06,21406.95,26875.9
1306,27,10,32,0.8415766847862678,0.5914723049243286,24209.501875,12951.06,51561.75,56693.92
1354,28,10,24,0.6534863717030026,0.5737960252044171,14902.927916666667,12964.06,21118.33,32408.75
1364,28,20,24,0.776359014191833,0.5764349368789833,15267.450833333334,12964.06,22616.81,33776.39
1308,27,12,28,0.8421191755567923,0.6530721156454976,20971.23107142857,12964.06,52218.99,57802.03
576,12,0,73,0.8787397625042939,0.3533130509325467,17265.92410958904,12964.06,19237.01,24237.42
1321,27,25,23,0.9680579609688242,0.7696032130103838,14832.80826086957,12977.09,22203.33,52218.99
1366,28,22,24,0.7948838835784503,0.6338484463485373,14541.391666666668,12977.09,21213.94,34348.4
1357,28,13,24,0.67699119705862,0.5946671315712369,14950.827916666667,12977.09,21261.97,34060.55
1356,28,12,24,0.6685015884087571,0.5791895169528686,15031.579166666668,12977.09,21553.27,33310.84
778,16,10,32,0.8559775606267486,0.5558410747543462,15125.565,12977.09,19685.77,24853.65
732,15,12,37,0.8505725404614258,0.5268868500526146,14879.003513513513,12990.12,18558.47,24036.8
537,11,9,111,0.9437031849458256,0.4456566324893951,16281.653873873875,12990.12,20881.81,26090.74
534,11,6,111,0.9657502570038683,0.4442344662997034,16546.27261261261,12990.12,21261.97,26676.44
1316,27,20,28,0.9900983064447793,0.6502917709090417,21107.78107142857,13003.18,52124.24,58028.08
536,11,8,110,0.8857678070874117,0.41148497991346483,16143.97763636364,13003.18,19470.38,24616.31
1313,27,17,26,0.8696688414459866,0.671488286340786,19044.905384615387,13003.18,51841.71,57354.41
687,14,15,31,0.733308822460512,0.48911820391385386,14188.65129032258,13003.18,16386.33,21406.95
1367,28,23,24,0.8116690582804518,0.619361221010981,15237.348333333333,13003.18,23202.91,35640.36
1311,27,15,29,0.8306103985907339,0.6083318510706321,22463.16827586207,13003.18,52124.24,57802.03
1355,28,11,24,0.6397033644572592,0.566747825133874,14888.37,13003.18,21602.34,31885.26
828,17,12,23,0.8795042988721005,0.6610775168043469,14471.919130434782,13016.24,20533.68,25710.52
1319,27,23,33,1.0,0.5844754449602374,26108.433333333334,13016.24,51841.71,59892.09
636,13,12,27,0.748759834132289,0.5241526892417127,14002.662592592593,13016.24,16182.0,21700.95
735,15,15,36,0.7905321571111735,0.49777651312032645,14642.198055555556,13016.24,17569.39,22774.6
556,11,28,109,0.9408672928866568,0.5037189041695845,15913.366697247704,13029.33,22101.59,27281.39
639,13,15,25,0.7064887313493549,0.5075227282291538,13836.282,13029.33,15619.82,20881.81
1361,28,17,24,0.6607344282449182,0.5428542167043067,15547.992083333333,13029.33,22101.59,33036.22
557,11,29,104,0.8836239407908916,0.4667668314561245,15716.080865384616,13029.33,20487.86,25523.39
535,11,7,110,0.9301240750041977,0.43469073910871225,16310.501272727273,13029.33,20170.86,25773.33
533,11,5,111,0.9476114413636028,0.4388889982549094,16526.411711711713,13029.33,20881.81,26413.8
780,16,12,31,0.8448176517480147,0.5505639239367562,14986.541935483872,13029.33,19449.01,24528.13
1320,27,24,29,0.9593624550101514,0.6271890148849313,22138.118620689656,13029.33,49670.62,54787.84
1370,28,26,24,0.7672731812096195,0.6169383188481489,15208.211666666664,13029.33,20788.21,36901.41
1353,28,9,24,0.4856603031661858,0.4173792364326885,14598.875416666668,13029.33,18699.77,23866.7
1359,28,15,24,0.6535130223961426,0.5549494197385575,15357.840416666666,13029.33,21261.97,33495.87
1809,37,33,128,0.9346945055173641,0.5022547531668141,18628.9759375,13029.33,25033.8,30071.27
1261,26,13,116,1.0,0.26969113312159176,83754.46905172414,13042.42,192647.28,210090.06
1258,26,10,116,1.0,0.27001432654893526,82683.64293103448,13042.42,191648.39,206594.58
531,11,3,112,0.9702683697004943,0.438236146864602,16826.311875,13042.42,22025.71,27077.54
539,11,11,111,0.9308380129516438,0.4439355447911248,16255.551171171175,13042.42,20602.68,25994.93
602,12,26,83,0.7745368348433578,0.39876644672376843,15753.998795180722,13042.42,18740.4,23754.24
1322,27,26,36,0.9480473439068805,0.5574432694744526,27214.74305555555,13042.42,54277.52,61233.89
588,12,12,83,0.7974262531122738,0.3651333991350183,15923.122168674698,13042.42,17569.39,22721.83
1365,28,21,24,0.7791129941472518,0.6097741953117927,14975.465000000002,13055.53,23148.76,34542.39
1318,27,22,30,0.9911660214831597,0.6418018931087272,22463.828333333335,13055.53,52600.88,58715.34
1670,34,38,54,0.7432476364163849,0.42164475060550155,15656.761111111113,13055.53,18760.76,24295.17
609,12,33,25,0.5380019386697396,0.377862285340702,13995.9848,13055.53,14416.64,19491.78
1906,39,34,60,0.8358209441316091,0.45238176754225,16569.134333333335,13055.53,21358.47,27213.2
591,12,15,83,0.7876644815415337,0.37616310732839536,15573.801807228916,13055.53,17163.47,22408.76
783,16,15,27,0.7978154865742273,0.5673944788086824,14316.598148148147,13068.66,17018.8,23339.05
529,11,1,111,0.9844149640778355,0.42717494380397875,17224.679459459458,13068.66,22050.96,27626.15
831,17,15,23,0.8494223653132298,0.6344568249068768,14360.816956521738,13068.66,19194.97,24734.57
1363,28,19,24,0.6821530890445358,0.5575410610619552,15797.13375,13081.8,23148.76,35134.67
879,18,15,20,0.7924684152062902,0.6270579280085887,14259.014,13081.8,16786.96,24266.27
1315,27,19,29,0.8441863530948681,0.5981862304705211,23114.60103448276,13081.8,53975.16,59892.09
876,18,12,20,0.835349361163419,0.6570705680929819,14320.627000000002,13081.8,16875.66,25276.9
1812,37,36,129,1.0,0.5182132172401382,18105.815348837208,13081.8,24324.12,29411.68
1260,26,12,113,0.9991272610727356,0.26984041802763525,83663.32681415929,13081.8,193656.09,207747.34
538,11,10,112,0.9533437644439301,0.4534103382812094,16420.914553571427,13081.8,21725.7,26742.69
1317,27,21,28,0.9765576057760739,0.6624703667200018,21298.994999999995,13081.8,53182.58,58947.51
558,11,30,113,0.9370634330987511,0.5024057374741944,15937.160353982299,13094.96,21750.49,27281.39
559,11,31,96,0.9142951476832669,0.5081997992020235,15550.917500000001,13094.96,21602.34,26742.69
1409,29,17,24,0.6551665797739225,0.5182692006722158,15986.585,13094.96,23642.52,32945.45
1908,39,36,46,0.697769590030092,0.4375125094449505,15226.686304347828,13094.96,18103.81,23202.91
1256,26,8,113,1.0,0.26652247173590954,85889.56911504423,13094.96,195704.14,213700.14
1305,27,9,28,0.8141218789697185,0.634181427189297,19762.85607142857,13094.96,44707.67,51561.75
541,11,13,111,0.9631336537482449,0.4445688486313395,16689.765045045046,13108.13,22000.49,27145.25
1905,39,33,55,0.7129687135195557,0.41889170221226535,15651.757636363633,13108.13,18578.57,23642.52
1304,27,8,28,0.8229690200079591,0.633918243488812,22007.66285714286,13108.13,52409.35,58028.08
1268,26,20,113,1.0,0.2693754333667685,83849.77504424778,13108.13,191648.39,208912.44
1263,26,15,113,0.9964152586464562,0.26485941660971446,84028.74946902654,13108.13,191648.39,208912.44
1412,29,20,25,0.7792861837985283,0.5435128741400251,16285.0364,13108.13,29488.15,34640.03
1362,28,18,24,0.7368373873534189,0.5753691926482619,15028.110416666668,13108.13,22408.76,32765.05
528,11,0,111,1.0,0.38970410032536446,18343.2627027027,13108.13,23202.91,28553.0
1259,26,11,118,0.9987361241643522,0.26887741181776614,82413.01000000001,13108.13,188709.95,206594.58
1415,29,23,27,0.8090148708053406,0.5544009370307668,17281.429259259257,13134.51,31374.49,36686.43
509,10,29,95,0.849463435535731,0.4671455301151641,15083.158105263155,13160.96,18986.58,24151.15
484,10,4,90,0.770572692647004,0.3507409564173726,15947.241555555556,13160.96,17383.4,22512.45
1265,26,17,115,0.9959924650481439,0.268271514773227,79012.09791304347,13160.96,184922.63,198854.59
1257,26,9,115,0.9971563503596683,0.2662007710365253,81294.7771304348,13160.96,182175.47,195704.14
555,11,27,111,0.9104056308469983,0.4596744002763351,16514.365855855856,13160.96,22101.59,27384.16
830,17,14,22,0.7805218342482089,0.5688082274347992,14515.545454545452,13160.96,17891.41,23698.29
1405,29,13,25,0.6735840961455332,0.5526071141930214,16018.705200000002,13160.96,29488.15,34689.0
921,19,9,25,0.9644914561107255,0.6262942041029694,18898.5508,13160.96,30071.27,35184.73
1417,29,25,25,0.7702188949996196,0.5853307081534707,15356.1288,13160.96,28227.06,34060.55
461,9,29,90,0.9453916054478464,0.5085820989844209,15438.646222222222,13160.96,21166.06,26544.65
460,9,28,88,0.9629515061907711,0.5304710528805655,15342.052500000002,13160.96,21406.95,27145.25
540,11,12,111,0.9661940059853689,0.4443568786926613,16742.023423423427,13160.96,22305.72,27315.59
913,19,1,23,0.9993742493327742,0.717014434872944,17615.93739130435,13174.2,31628.31,37118.37
1352,28,8,24,0.6279359932139044,0.5539271214228028,15175.3275,13174.2,21676.24,32320.6
543,11,15,111,0.9534298495903698,0.45313995524700007,16316.571081081082,13174.2,21602.34,26610.43
1267,26,19,121,0.9837836721305838,0.2786332593018336,73895.03041322314,13187.46,184922.63,196743.69
1813,37,37,129,1.0,0.5234449610050711,18305.87449612403,13187.46,24973.54,29992.53
782,16,14,28,0.7956968006431389,0.5241186734771518,14948.058571428572,13187.46,17910.59,23923.21
1314,27,18,24,0.9407616022495816,0.7394847637203782,15915.364166666666,13187.46,30550.28,56046.25
1902,39,30,23,0.5610134598842657,0.38841390807855664,14561.691304347825,13187.46,15363.49,20373.88
918,19,6,34,0.9538336973889079,0.5129737001199449,21485.748529411765,13187.46,30071.27,35084.71
653,13,29,2,0.371615285710527,0.32433086453571747,13431.29,13187.46,13675.12,18781.14
1360,28,16,24,0.7054798133321738,0.5576083909372068,15531.621666666668,13187.46,22512.45,34012.93
590,12,14,83,0.8029300320858984,0.3571355531950061,16089.528192771086,13187.46,17720.0,22960.62
1323,27,27,27,0.9304997076012357,0.6334144555434316,21153.790000000005,13187.46,52124.24,58028.08
1404,29,12,25,0.6601573583572792,0.5357356107752649,16075.267200000002,13187.46,28553.0,33776.39
458,9,26,92,0.9751586672309372,0.5120519157922463,15763.675543478259,13187.46,22460.52,27556.69
1312,27,16,32,0.9084843805852577,0.5607015981980193,25314.4853125,13200.74,52218.99,58484.71
1271,26,23,116,0.9954702965671768,0.26935913835236447,85733.27293103447,13200.74,208912.44,214929.95
920,19,8,24,0.9818685936579816,0.6497914006620854,18906.650416666667,13200.74,31885.26,36901.41
486,10,6,103,0.824098597887588,0.38089370870262457,16138.818543689318,13200.74,18578.57,23810.38
1413,29,21,24,0.7765047765258293,0.597952650706361,15381.016666666665,13200.74,24794.01,35335.6
1416,29,24,25,0.7541636205023814,0.5748183054707511,15627.028400000001,13200.74,29603.42,34640.03
1465,30,25,72,0.7262114157199212,0.2946454639886884,21712.010972222222,13214.03,27179.19,32232.81
638,13,14,25,0.7362469918781133,0.48999833968437273,14344.6616,13214.03,16369.18,21700.95
459,9,27,91,0.8599144602201216,0.4427662794185139,15743.981538461536,13214.03,20081.49,25215.81
466,9,34,91,0.9070290989568126,0.5337695286990374,14975.503186813185,13214.03,21213.94,26283.89
749,15,29,38,0.8439319414038331,0.4598580076257922,16353.711578947372,13214.03,20764.89,26154.89
734,15,14,38,0.8564980835576699,0.502879211619432,15463.702894736842,13214.03,19794.65,24883.55
912,19,0,26,1.0,0.6547293081801651,19715.51423076923,13214.03,33310.84,38463.37
554,11,26,112,0.985567318247258,0.47798237818455336,16979.543928571427,13214.03,24036.8,29071.17
487,10,7,85,0.720002980171453,0.3453677299359219,15508.456823529412,13214.03,16628.76,21651.57
506,10,26,102,0.9457739548267737,0.4720038298030961,16130.512843137258,13214.03,21431.24,26875.9
686,14,14,32,0.7681162794704015,0.4730382330719355,14799.6953125,13214.03,17420.39,22512.45
1269,26,21,114,0.9906438835178193,0.2718295851969286,83474.33105263156,13214.03,191648.39,206594.58
1408,29,16,26,0.6993118959215477,0.5076999375633793,16919.183076923076,13214.03,28847.41,34348.4
489,10,9,103,0.8284560437311113,0.3967423930418881,15906.569126213592,13214.03,18181.84,23810.38
1411,29,19,26,0.686669712752545,0.514578262516665,17209.288846153846,13214.03,28736.48,36209.84
1457,30,17,84,0.6803387706008432,0.33323064269068453,21733.992619047618,13214.03,30110.76,35845.82
652,13,28,28,0.660323542092934,0.3658548033819936,15572.151428571427,13214.03,16420.69,21553.27
485,10,5,29,0.6554262502654441,0.41313298053549136,14673.309999999998,13227.34,15507.04,20510.75
495,10,15,103,0.8309674626416257,0.3941916804103375,15860.78941747573,13227.34,18064.95,23698.29
482,10,2,80,0.7253369878256466,0.33861892099129254,15618.858750000003,13240.66,16472.4,21602.34
878,18,14,20,0.7772300439440917,0.5953377763445514,14793.781500000001,13240.66,16911.3,24973.54
561,11,33,112,0.9045342988716686,0.4849775738992675,15864.089821428572,13240.66,21118.33,26577.51
915,19,3,60,0.9764990185894441,0.3637470721785209,25312.069,13240.66,31628.31,36686.43
748,15,28,38,0.8491010118654271,0.4959467461774069,15976.486052631579,13240.66,19926.36,26544.65
465,9,33,92,0.9611626051962554,0.5433256362573615,15182.73,13240.66,21261.97,27315.59
1407,29,15,24,0.6450555412436385,0.538904315526589,15801.846666666666,13240.66,22801.05,34204.0
1414,29,22,26,0.7851027172280891,0.5724672786130027,16241.497692307694,13240.66,29297.52,35742.86
1402,29,10,25,0.6450148312653013,0.5304173964842339,15926.534000000001,13240.66,27765.84,32945.45
1418,29,26,27,0.7626194668486995,0.5440938288864058,17644.673703703706,13240.66,33449.47,38521.08
483,10,3,102,0.8228197925659134,0.3681168739876041,16262.777843137254,13240.66,18378.83,23642.52
508,10,28,100,0.8828344619072924,0.4715929459573428,15477.2409,13240.66,19926.36,25215.81
510,10,30,103,0.9008800860587064,0.488480496095247,15370.479126213593,13240.66,20238.23,25523.39
488,10,8,96,0.7636748077382585,0.36158045726051774,15697.048229166665,13254.0,17383.4,22460.52
467,9,35,90,0.9676835937360467,0.5675659970907609,15072.496666666666,13254.0,21750.49,27906.57
491,10,11,103,0.7826834634243608,0.3722443021181522,15797.175825242719,13254.0,17872.27,22880.64
914,19,2,116,0.959862918250014,0.2530904901743764,26453.46818965517,13254.0,30229.68,35234.91
600,12,24,84,0.6680812088623782,0.36582279483602353,15575.217857142858,13254.0,17346.5,22434.62
655,13,31,5,0.49088204232461463,0.3766670634141492,13750.112,13254.0,13954.95,19028.03
654,13,30,37,0.7003128578149365,0.3611398793305339,15930.39702702703,13254.0,17218.13,22228.87
1456,30,16,86,0.715894943770593,0.32644407664414166,22372.337209302324,13254.0,31374.49,36686.43
1710,35,30,69,0.9353256105049575,0.4681621216506537,18306.67623188406,13254.0,27010.09,32408.75
916,19,4,30,0.9883855378051981,0.5633615269626627,21325.596666666668,13267.35,31885.26,36901.41
919,19,7,38,0.9461928769100153,0.46853358166353326,22263.440789473683,13267.35,29603.42,34836.58
1669,34,37,15,0.4938735440327618,0.3949430413655513,14316.994666666671,13267.35,14759.57,19926.36
923,19,11,24,0.9718865067486243,0.6404879014076911,18959.524583333336,13267.35,31543.36,36686.43
490,10,10,103,0.830381192874968,0.3933909568664588,15949.118252427184,13267.35,18221.02,23810.38
493,10,13,104,0.8607057460723732,0.3904127868222126,16313.838942307691,13267.35,19363.84,24498.84
511,10,31,91,0.9151567306022165,0.5113797042327479,15352.269340659339,13267.35,21166.06,26348.73
1713,35,33,69,0.9416482686958466,0.5096840252926105,17548.262173913045,13267.35,26676.44,32810.01
475,9,43,91,0.8365055779432287,0.5020251836618866,14593.541318681317,13267.35,18986.58,24382.16
1211,25,11,35,0.9933952393802192,0.5567965936426479,86018.60742857144,13267.35,235144.47,254133.06
463,9,31,80,1.0,0.5986182822454678,14839.55125,13267.35,20952.39,28921.71
542,11,14,111,0.9738882762404333,0.43669094444091605,16847.72054054054,13267.35,22101.59,27349.84
481,10,1,104,0.8581133097382586,0.3636354745749885,16844.29634615385,13267.35,19406.36,24645.8
513,10,33,104,0.8713446196204478,0.476604201913815,15377.445673076923,13267.35,19904.33,25215.81
1403,29,11,24,0.6237283373079555,0.5381135988959608,15376.715833333334,13267.35,22152.38,32101.8
1464,30,24,86,0.7555019414556826,0.3395961378813295,21905.666976744185,13280.71,30309.35,36053.13
1419,29,27,27,0.7371132595807218,0.507816235579379,17624.69111111111,13280.71,31374.49,36473.41
651,13,27,44,0.7167115358055609,0.35434958668417926,16478.106136363636,13280.71,18260.31,23311.73
1463,30,23,86,0.8196790625165573,0.34278889201415336,23195.617441860468,13280.71,33588.98,39165.01
469,9,37,91,0.8975242532855787,0.5443214379997706,14796.138681318682,13280.71,21166.06,26283.89
462,9,30,92,0.9879634987766196,0.5520369342000389,15279.940217391304,13294.1,21310.15,27765.84
365,7,29,78,0.8322025565868618,0.4746155488499376,16205.323974358971,13294.1,22050.96,27556.69
746,15,26,40,0.9183346685051273,0.45635747571533064,17280.47025,13294.1,22357.16,28589.56
1273,26,25,94,0.9796794147617247,0.2968294002544821,84313.71702127659,13294.1,195704.14,206594.58
1266,26,18,116,0.9783884871467659,0.2700074247604539,77782.76749999999,13294.1,176906.95,185855.86
1264,26,16,124,0.9904115036421601,0.29163297103382196,70234.02572580647,13294.1,189679.88,204325.27
751,15,31,37,0.8987343879373166,0.4372229369936783,17550.50783783784,13294.1,23202.91,28263.01
1462,30,22,87,0.8022825142690807,0.35590538974688285,22144.879999999994,13294.1,31885.26,37669.63
492,10,12,104,0.8607057460723732,0.38894182398107885,16320.967307692308,13294.1,19449.01,24498.84
456,9,24,83,0.7031877070988191,0.38156877436624265,15248.425903614461,13294.1,17254.68,22357.16
1401,29,9,24,0.5260767612950694,0.4517930667180588,15069.9375,13294.1,19685.77,26544.65
523,10,43,103,0.8587827741387352,0.479393904452018,15276.13058252427,13294.1,19664.09,25094.26
1461,30,21,84,0.790482590765789,0.32477279962576244,23090.32190476191,13307.49,31885.26,37669.63
1371,28,27,24,0.7392386170118517,0.5749999436428818,15348.914999999999,13320.91,20148.47,34836.58
1460,30,20,84,0.7922268315331911,0.3197862090847347,22852.918214285717,13320.91,31756.39,37009.64
507,10,27,103,0.8361795329053657,0.4218316635821906,15973.480679611646,13320.91,19620.82,24913.49
925,19,13,22,0.9567191940417211,0.6626198426739524,17925.473181818183,13320.91,29680.64,35794.29
747,15,27,39,0.8478167867056305,0.48354814881851393,16332.90076923077,13320.91,20858.36,27179.19
494,10,14,103,0.8568564990627708,0.38320705016128703,16368.559708737861,13320.91,18699.77,24498.84
1910,39,38,57,0.7775455521260201,0.40505442688235943,16844.630350877193,13320.91,20602.68,26316.28
657,13,33,22,0.6323889821024851,0.36876350385040246,15353.00318181818,13320.91,16131.41,21189.98
1270,26,22,110,0.9803163140815898,0.27130983715847024,86195.06145454547,13320.91,204325.27,218701.81
1660,34,28,6,0.4397230017000658,0.41275901420317096,13838.428333333331,13320.91,14154.79,19174.0
480,10,0,104,0.8951866841330656,0.32933485667734685,17946.203173076923,13320.91,20238.23,25585.55
1254,26,6,109,0.9936380631680019,0.27145068428825686,82282.53357798165,13334.34,183998.22,204325.27
514,10,34,104,0.9178680150790316,0.4998957466323599,15753.206057692309,13334.34,21406.95,26842.51
364,7,28,82,0.8508861839459618,0.4822507790052048,16502.793536585363,13347.78,23366.42,28480.09
1459,30,19,87,0.7045208690456349,0.3182346080665174,23253.63896551724,13347.78,32145.38,38348.37
1272,26,24,113,0.974147356797413,0.26626716952141,85428.0046017699,13374.71,195704.14,208912.44
370,7,34,90,0.8929591905312019,0.5299007642896456,16505.239444444444,13374.71,24734.57,30309.35
1213,25,13,33,0.9864487723254669,0.5789972858445619,83100.1209090909,13374.71,241163.34,261133.28
750,15,30,39,0.8736991381988838,0.49411047948126297,16262.89282051282,13374.71,21602.34,27077.54
363,7,27,68,0.6645456908210056,0.3742762959676973,15590.57,13388.2,17795.93,22933.92
650,13,26,57,0.7804010415651462,0.31474121400176763,17327.687894736842,13388.2,19048.79,24093.88
362,7,26,87,0.8501834447575641,0.44478127933923156,17218.084252873563,13401.71,23311.73,28699.64
515,10,35,101,0.9037265712018903,0.49268165507423956,15659.448019801981,13401.71,21189.98,26348.73
504,10,24,101,0.7595436401586394,0.4034613035319571,15692.197029702971,13401.71,18103.81,23754.24
373,7,37,92,0.8511382751687576,0.5115395355584393,16225.095652173914,13401.71,23698.29,28736.48
1714,35,34,72,1.0,0.5183834131531677,18823.158888888887,13401.71,30590.71,37118.37
1209,25,9,35,0.9881709291529345,0.5543167995799462,89391.38342857144,13401.71,238117.42,254133.06
1210,25,10,34,0.9843541215691249,0.565925569997705,87252.34176470588,13401.71,250766.73,261133.28
1909,39,37,47,0.6160323220099397,0.3800049004967146,15858.519787234043,13401.71,18103.81,23148.76
917,19,5,34,0.9687705716340373,0.5129659924185695,22235.58088235294,13401.71,31585.79,36686.43
1400,29,8,24,0.6259863573953574,0.5399913446019536,15671.36,13401.71,22933.92,33403.16
1453,30,13,87,0.6888480457260643,0.3338746226511345,22497.078275862063,13401.71,32189.05,37227.6
922,19,10,22,0.9660116714864797,0.6738286091969075,17917.359090909096,13415.23,30590.71,36526.48
1410,29,18,26,0.7130552140354683,0.5147238358923483,16586.021538461537,13415.23,28263.01,33449.47
517,10,37,103,0.8556192405586103,0.4923634326942658,15319.08233009709,13415.23,19816.52,25679.2
1452,30,12,83,0.6751411712851945,0.32451964355726765,22149.52180722891,13415.23,30389.34,36053.13
379,7,43,89,0.8062868984707745,0.46978269798323063,16227.546179775281,13428.77,22152.38,27213.2
1252,26,4,110,0.9898306094530479,0.24793769037444197,84979.76118181819,13428.77,191648.39,208912.44
619,12,43,48,0.5692018264223421,0.34988208957143246,14474.355208333332,13428.77,15081.15,20081.49
1251,26,3,109,0.9844024608617508,0.24595544175029418,85065.82825688075,13428.77,193656.09,208912.44
1249,26,1,103,0.9851973611255467,0.25213495821795395,86116.53854368934,13428.77,195704.14,211280.41
1716,35,36,68,0.8762664252707444,0.4701287960972921,17523.858970588237,13428.77,24179.86,30590.71
369,7,33,89,0.8555390633199285,0.48535642690472186,16688.541348314608,13428.77,23393.82,29033.7
371,7,35,89,0.8920871279309768,0.5279838423945804,16631.79168539326,13428.77,25246.33,30550.28
1212,25,12,33,0.9812194575957521,0.5697942521657778,83926.6181818182,13442.32,247485.06,261133.28
1250,26,2,103,0.9810613960573484,0.25396062717287654,85163.80951456311,13442.32,197793.8,207747.34
1764,36,36,11,0.5716093393746023,0.4475103919237432,14456.803636363638,13455.89,15914.42,20928.83
367,7,31,77,0.8888789558054092,0.5488779989401341,16026.61831168831,13455.89,23230.05,30550.28
1509,31,21,34,0.5935629636118476,0.3498096058292255,19023.16323529412,13455.89,25094.26,30150.32
1302,27,6,25,0.8398945955497872,0.6712808624113077,18182.0052,13455.89,46527.84,53975.16
1467,30,27,88,0.7349540698091136,0.3327831604346372,22667.60659090909,13455.89,31885.26,37837.53
571,11,43,107,0.8630371766643414,0.4754146137307273,15614.486822429908,13455.89,20487.86,25773.33
497,10,17,103,0.8462071465396285,0.38051654974163757,16244.528640776698,13469.47,18986.58,24208.61
689,14,17,33,0.7415062889429229,0.4368395602405678,15201.47696969697,13469.47,17531.99,22590.65
1504,31,16,38,0.571516572941745,0.2942487952086567,19453.276315789477,13469.47,23866.7,28884.52
552,11,24,110,0.8378101608082442,0.4444286416247669,16195.315181818178,13469.47,20999.62,26090.74
1248,26,0,94,0.9854355291239787,0.24697407142549713,87496.6520212766,13469.47,206594.58,218701.81
1208,25,8,33,0.9834342032937723,0.5716920763807829,88415.52424242425,13469.47,261133.28,272357.75
1215,25,15,35,0.981291819667633,0.530865013645372,92912.45942857143,13483.07,254133.06,266631.75
593,12,17,81,0.7510275566818706,0.34758764636666556,15973.163827160493,13483.07,17476.08,22590.65
563,11,35,107,0.8543993478995853,0.44614662554654966,16056.252242990655,13483.07,20602.68,25647.93
1255,26,7,112,0.990320341052707,0.2547319556808233,85946.99946428572,13483.07,196743.69,213700.14
1466,30,26,92,0.7644435403418609,0.34617706770516427,23453.608913043474,13483.07,34060.55,40380.55
1274,26,26,113,0.9707285219209975,0.25663219428499834,90366.61548672567,13483.07,218701.81,229407.17
1450,30,10,84,0.658687765441216,0.336356490450181,21354.96857142857,13483.07,29603.42,35084.71
468,9,36,89,0.7889342514055363,0.5265600174355829,14707.067303370786,13483.07,19028.03,25585.55
1220,25,20,33,0.9788252560231341,0.5686180115944587,83482.13848484849,13483.07,250766.73,264774.34
1350,28,6,24,0.5226563751478865,0.4468898193401262,15325.971249999997,13496.68,21750.49,26942.87
366,7,30,89,0.854159557162665,0.49871740153059413,16613.356966292136,13496.68,23838.52,29297.52
1511,31,23,60,0.6108367971680755,0.2686617122997408,21747.428333333333,13496.68,26479.11,31501.02
641,13,17,20,0.6546616347610142,0.45172434185315957,14301.516999999998,13496.68,15363.49,20858.36
545,11,17,111,0.9548137426484952,0.4355462398181245,16718.367927927928,13496.68,21310.15,27077.54
1219,25,19,37,0.9748515863638715,0.49527684286855655,91022.8064864865,13496.68,238117.42,250766.73
1275,26,27,113,0.9697808212935769,0.25250775443568513,88683.35079646019,13510.31,212483.69,218701.81
927,19,15,22,0.9172459570104863,0.6268335427357054,17765.74909090909,13510.31,28191.18,33682.49
1297,27,1,26,0.8016158408794326,0.5735032072679288,21390.298076923078,13510.31,52504.97,58255.64
1860,38,36,56,0.8761984684295399,0.44201519635845177,18130.273035714286,13510.31,24853.65,29992.53
1451,30,11,84,0.6414828360747041,0.33035382915717004,21329.48285714286,13523.96,28996.3,34542.39
1253,26,5,106,0.9804319010061471,0.2568833092903962,85542.92490566039,13578.7,195704.14,216173.34
1507,31,19,45,0.590928782899454,0.2702035704895906,20989.7,13592.43,25647.93,30671.81
447,9,15,91,0.8958187295088004,0.41918700820040916,16255.963846153849,13592.43,20148.47,25836.37
445,9,13,92,0.9484935924990772,0.4204555004624866,16821.441413043478,13592.43,21750.49,27281.39
1223,25,23,39,0.9779467877565419,0.5109000030548538,103726.98025641024,13592.43,264774.34,282446.44
1299,27,3,30,0.7927943723004502,0.5099348579828933,25068.61333333333,13592.43,51284.3,57132.8
1310,27,14,27,0.8029658114438264,0.6303088548963109,20708.22111111111,13606.17,52987.48,58715.34
1814,37,38,113,0.8972559997420935,0.45287528770551105,20642.392654867253,13606.17,28996.3,34108.26
1300,27,4,30,0.7978147199586876,0.5113795721807212,25111.836666666666,13606.17,51100.71,56803.11
1345,28,1,24,0.6143040896785349,0.44717375497609796,17207.712499999998,13619.93,22907.26,33495.87
924,19,12,26,0.9254310906037811,0.5652779200951342,19629.603076923082,13619.93,29297.52,34300.16
565,11,37,113,0.8936032454226417,0.5001579008906817,15925.608318584073,13619.93,21900.02,27384.16
1298,27,2,23,0.7919088594163768,0.6457125228970638,17129.2452173913,13619.93,25033.8,56693.92
446,9,14,91,0.8798072387309646,0.3847428871318002,16646.94912087912,13619.93,20419.37,25523.39
1296,27,0,21,0.8021782442823259,0.593670403110882,18331.727142857144,13619.93,21950.17,60495.69
562,11,34,113,0.9465108163389084,0.49905837532775005,16404.324336283185,13619.93,22854.06,28480.09
1221,25,21,36,0.9695588012702276,0.5322338023137566,95408.15416666666,13619.93,261133.28,270422.94
737,15,17,39,0.8372318631464672,0.47342025756322814,15895.113846153848,13619.93,19926.36,25215.81
1458,30,18,83,0.7164266849939853,0.31508068746259876,22050.612048192772,13619.93,29071.17,35134.67
1358,28,14,24,0.6283090494269865,0.5387100741224617,15761.381666666666,13619.93,22050.96,34156.08
1605,33,21,72,0.5395662188671182,0.2770194072248531,19544.601527777777,13619.93,22616.81,27765.84
1513,31,25,20,0.5402219303368112,0.4049026002129274,16223.578499999998,13619.93,22774.6,27800.93
611,12,35,62,0.635629597388981,0.3743050005893156,14720.061290322577,13633.7,15881.35,21213.94
443,9,11,92,0.9190247107117817,0.429301526993843,16445.5725,13633.7,21553.27,26610.43
613,12,37,99,0.6898677655468473,0.38649858839326656,15507.495454545455,13633.7,17834.04,22907.26
516,10,36,103,0.7586118114469228,0.4933241209085789,15198.931067961166,13633.7,19860.36,25461.45
444,9,12,91,0.9285620687583395,0.4132829081374104,16751.399120879123,13633.7,20741.61,26875.9
1806,37,30,123,0.8183429620537799,0.46595821979581453,18626.23333333333,13647.49,23923.21,28996.3
1398,29,6,21,0.4621059143490047,0.41146262011993595,14873.216190476194,13647.49,19449.01,24675.34
1217,25,17,32,0.9662993966398647,0.5688887297711316,81375.263125,13647.49,247485.06,259348.69
1348,28,4,24,0.6066058997957309,0.45258265508061557,16818.130833333333,13647.49,21213.94,32320.6
564,11,36,113,0.822043223824467,0.5150822165475671,15798.56778761062,13647.49,21651.57,27695.87
601,12,25,59,0.5293385297808765,0.3304623319954862,16198.317627118646,13647.49,17720.0,22721.83
449,9,17,90,0.8364020596388576,0.3806799164499052,16275.314333333332,13647.49,19363.84,24557.47
360,7,24,68,0.6396240447274009,0.3573767887771803,15872.660735294121,13647.49,18006.87,23067.87
1512,31,24,44,0.5626724897303843,0.2830455986455226,19939.33818181818,13647.49,24151.15,29184.02
1347,28,3,24,0.6089406730525256,0.45485177639780244,16965.083333333332,13647.49,21286.04,33127.38
1303,27,7,29,0.8099818875037597,0.5694403545909935,23450.202413793104,13647.49,51468.98,57022.54
440,9,8,92,0.9147277313566523,0.4254724679444476,16477.437608695654,13647.49,21310.15,26544.65
1810,37,34,128,1.0,0.4530776824651869,20481.965078125002,13647.49,28553.0,33588.98
648,13,24,37,0.6528681442546167,0.36772777597512657,15885.37135135135,13661.29,17457.49,22460.52
1262,26,14,113,0.9856516677879932,0.26015228662335343,84686.31982300886,13675.12,195704.14,212483.69
441,9,9,92,0.9109238715687464,0.42889101682301606,16416.217717391308,13675.12,21166.06,26544.65
442,9,10,92,0.922853953139603,0.4327435260941286,16494.135217391307,13675.12,21602.34,26875.9
753,15,33,39,0.8591838539024255,0.49177747531892135,16206.181025641026,13675.12,21626.94,26875.9
1501,31,13,43,0.5624517872803225,0.2975804220256733,19654.236976744185,13675.12,24208.61,29297.52
1346,28,2,24,0.6226569346572547,0.47479804419740484,16779.5825,13675.12,21975.31,33870.7
1505,31,17,37,0.5361477384863056,0.28724080793488477,19205.75783783784,13675.12,23175.81,28191.18
1508,31,20,30,0.5596167450087269,0.3439620053680635,18625.736333333338,13675.12,24528.13,29564.92
436,9,4,91,0.8795207064012548,0.3861331441318081,16709.395714285718,13675.12,20533.68,25710.52
612,12,36,106,0.6096996720210697,0.3821515663268408,15639.651132075473,13675.12,18026.2,23040.99
1225,25,25,33,0.965072842389622,0.5591796735375018,88609.0096969697,13675.12,254133.06,268514.44
1222,25,22,34,0.9679914993620146,0.5542621791144768,92738.62676470588,13675.12,268514.44,284551.28
1301,27,5,30,0.7974747252260009,0.5259022151427994,24660.144666666663,13688.95,50918.22,56693.92
435,9,3,92,0.9185764915052663,0.40480153869515967,16890.92641304348,13688.95,21166.06,26809.18
1344,28,0,24,0.6235629150379179,0.3872109268650618,18887.323333333334,13688.95,25064.0,34689.0
1510,31,22,59,0.5784488682550504,0.26226703936896184,21201.413898305083,13688.95,25154.93,30349.31
1600,33,16,74,0.511669798395524,0.28140504730779536,18774.068783783783,13688.95,21602.34,26610.43
1373,28,29,24,0.7103146640953952,0.5028865271332185,16465.416666666668,13688.95,20014.81,34156.08
1718,35,38,69,0.9605063612469612,0.491777817928084,18916.91115942029,13688.95,28263.01,36686.43
317,6,29,83,0.925131391756368,0.45170478061285707,19123.11265060241,13688.95,28480.09,33588.98
434,9,2,92,0.890287459114177,0.3942190993235094,16749.55260869565,13702.81,20952.39,26090.74
1607,33,23,85,0.5577663815056525,0.28634230548392403,20007.031647058826,13702.81,23866.7,29146.33
325,6,37,85,0.9515486304770775,0.5030095956646136,18611.578352941175,13702.81,29992.53,35134.67
614,12,38,92,0.6998282308704807,0.4968040134678069,15596.64782608696,13702.81,20905.3,27077.54
667,13,43,4,0.5118305995378386,0.4044092955972286,13970.135,13702.81,14097.35,19491.78
610,12,34,90,0.7432542875572451,0.40604055629394,15564.723444444444,13702.81,18538.4,23642.52
322,6,34,87,0.9806766154457569,0.5124272078504705,19104.85390804598,13702.81,31885.26,36901.41
1351,28,7,24,0.592857943031724,0.49476785899456405,15869.092916666666,13702.81,20905.3,31713.61
1455,30,15,86,0.6431388819162055,0.3247186918144315,22360.40953488372,13702.81,31416.58,36739.99
1372,28,28,24,0.6843006790460276,0.5185631337959795,15787.975833333332,13716.68,20059.23,32810.01
1224,25,24,35,0.9612603398293101,0.5316262207165509,91628.04857142856,13716.68,254133.06,264774.34
744,15,24,39,0.7841456362669421,0.48291740126532556,15894.577435897436,13730.56,19882.33,26026.81
438,9,6,92,0.9045342988716686,0.40905470888950424,16725.160869565218,13730.56,21213.94,26577.51
615,12,39,90,0.713643979049423,0.5158391020076873,15605.361,13730.56,20648.86,27836.08
1324,27,28,29,0.8934646266527069,0.5652473260961274,22328.300344827585,13730.56,46684.98,52987.48
701,14,29,30,0.7058340297096733,0.3824429377131571,15602.904,13730.56,17364.93,22408.76
688,14,16,35,0.7558107720168991,0.4023656974031615,16074.099714285718,13730.56,18498.34,23754.24
372,7,36,89,0.8089616769338782,0.48463206947636017,16409.95292134831,13730.56,22721.83,28407.46
1349,28,5,24,0.6040125343032186,0.4693834735549487,16583.12958333333,13730.56,20905.3,32675.42
1325,27,29,24,0.9200185516989677,0.6416058335982946,18338.982500000002,13730.56,51841.71,57132.8
471,9,39,91,0.9094874469498129,0.6722081944749482,14843.039230769231,13744.46,23810.38,32586.16
1218,25,18,34,0.9566450128419056,0.5525557690913169,82807.04794117647,13744.46,235144.47,252439.11
1449,30,9,84,0.5948027352485614,0.3303961932899866,20063.810476190476,13744.46,26348.73,31799.26
695,14,23,16,0.4639742854575357,0.3455795710680897,15342.804375,13744.46,17054.83,22305.72
1603,33,19,81,0.5404074399437792,0.2754852652624812,19769.894197530863,13744.46,23311.73,28335.09
1500,31,12,29,0.5380473484543505,0.32600169758052033,18237.863793103446,13758.38,23148.76,28263.01
519,10,39,92,0.8708920334231187,0.6371888796786056,15051.944565217393,13758.38,23421.27,31374.49
566,11,38,101,0.8234420543477313,0.568859880007261,16446.371386138613,13758.38,25338.2,32586.16
439,9,7,91,0.8608236493968924,0.4014319626734431,16384.652967032962,13758.38,20014.81,25523.39
1374,28,30,24,0.6829935087008339,0.49897544924028425,16078.514166666668,13758.38,20059.23,32586.16
1216,25,16,40,0.9629893713020616,0.47792084872831114,101551.98225,13758.38,254133.06,268514.44
433,9,1,92,0.9233333547606507,0.383689207994328,17391.06543478261,13758.38,21213.94,27213.2
437,9,5,91,0.8839222871976615,0.4089806401258223,16525.748901098897,13758.38,20037.0,26122.79
1206,25,6,34,0.9705459124752884,0.5517103301040298,89356.79176470588,13772.32,250766.73,264774.34
1602,33,18,60,0.47254035563429264,0.2677021111726995,18192.389,13772.32,20081.49,25094.26
881,18,17,20,0.7146702912412874,0.5475012922875178,15300.162,13800.23,17018.8,25033.8
432,9,0,93,0.9504240803039159,0.335471641929461,18710.290860215053,13800.23,22987.37,28191.18
1604,33,20,71,0.5111705263178582,0.27074442044979063,19423.08732394366,13800.23,22331.42,27349.84
833,17,17,23,0.7283830194834119,0.5379761092243853,15277.806956521741,13814.22,19069.58,24675.34
518,10,38,94,0.7923211297780346,0.5712283779575743,15597.511808510637,13814.22,24853.65,29914.1
1498,31,10,28,0.5061329383168586,0.32333395246210356,17521.427857142855,13814.22,21553.27,26809.18
319,6,31,76,0.9612985427023328,0.5246437181202487,18396.032236842104,13814.22,31458.76,36473.41
1664,34,32,84,0.8748506257999166,0.458581119352831,20084.823333333334,13814.22,30999.5,37725.46
323,6,35,84,0.9697898883153473,0.5177207779364897,18991.94904761905,13814.22,31543.36,37009.64
316,6,28,81,0.9285362218152734,0.4719667340922699,19002.297530864198,13814.22,28921.71,34542.39
1448,30,8,86,0.6396897677908034,0.32514433591508674,22279.671976744183,13814.22,31332.49,36420.45
567,11,39,93,0.8946193796322802,0.6335851244056034,15684.088279569894,13814.22,28407.46,33588.98
1606,33,22,84,0.5325090523054556,0.3000792481189758,19213.628214285716,13814.22,22721.83,28191.18
640,13,16,32,0.7320896974114016,0.3854718788409781,15991.1653125,13814.22,17910.59,22933.92
1201,25,1,34,0.970108464133531,0.4948128701027382,95209.03735294117,13828.22,264774.34,284551.28
743,15,23,16,0.4774776308733091,0.3783006543078668,15581.883125,13828.22,18142.77,23366.42
1375,28,31,24,0.7369876033836894,0.4725627486784337,17852.745833333334,13828.22,22203.33,36473.41
1204,25,4,32,0.967149004134713,0.5133336603493891,83914.7878125,13828.22,250766.73,268514.44
700,14,28,36,0.7388748375533064,0.411564545027818,15623.565555555559,13828.22,17531.99,23230.05
702,14,30,37,0.7747911350055063,0.4319200336969703,15831.897837837838,13828.22,18438.46,24093.88
1609,33,25,46,0.4823957170749578,0.2695175908368344,18413.951739130433,13842.23,20741.61,25773.33
1601,33,17,71,0.48291525791753076,0.2897864189032883,18342.61704225352,13842.23,20881.81,26090.74
1327,27,31,23,0.9395751776823181,0.6129702086866355,18854.601739130434,13842.23,31971.61,62114.86
785,16,17,30,0.7267616840827216,0.46916750802669244,15644.916666666662,13842.23,18781.14,24093.88
736,15,16,38,0.8444900326208318,0.4506129809466653,16501.280789473687,13842.23,20014.81,26219.28
693,14,21,28,0.5158678425299555,0.3846049981078959,15887.229642857144,13842.23,17853.14,23175.81
1406,29,14,24,0.6121170294911085,0.5185731843698019,16239.15125,13842.23,23586.93,34640.03
318,6,30,84,0.9367024278985153,0.4912857551080834,18809.277857142857,13842.23,30110.76,35184.73
321,6,33,83,0.9349704937470441,0.48686912683106054,18859.790963855423,13842.23,29914.1,35084.71
2094,43,30,24,0.7112099794877448,0.2831512866302693,19386.530416666665,13842.23,22669.24,27800.93
314,6,26,83,0.9375676346652875,0.45298422736901073,19628.734457831324,13842.23,29146.33,35234.91
647,13,23,9,0.4657086250698014,0.3673352099308759,14965.004444444443,13842.23,17569.39,22669.24
926,19,14,23,0.8736724083401511,0.5507916763815575,18544.9,13842.23,27179.19,32320.6
1202,25,2,34,0.9687071749701894,0.5002488402322482,95142.86705882353,13842.23,264774.34,282446.44
1203,25,3,36,0.9679680655541082,0.4665935777711885,99952.49527777777,13842.23,264774.34,278325.69
331,6,43,81,0.9257650595296026,0.5025827886534939,18351.975061728393,13870.31,28191.18,34738.09
703,14,31,35,0.7831372722437159,0.36389580026154017,16914.752285714283,13870.31,19491.78,24586.87
496,10,16,104,0.8285385280176191,0.3636515549285756,16879.70201923077,13870.31,19926.36,25094.26
1226,25,26,35,0.9551365715697809,0.5099150897301079,99480.07800000001,13870.31,280371.47,293282.41
1499,31,11,27,0.49549471453882277,0.3283247345083731,17252.355555555558,13884.38,21118.33,26544.65
1506,31,18,26,0.5167677129653659,0.34346276370093154,17555.12923076923,13884.38,22564.54,27626.15
1207,25,7,34,0.9645874483109276,0.5182010585252763,93962.18911764707,13884.38,264774.34,276308.56
741,15,21,33,0.6021516981489238,0.41740079723362533,16470.82060606061,13884.38,19816.52,25154.93
599,12,23,12,0.4500022042276684,0.36993206357082103,14428.411666666667,13884.38,15555.25,21213.94
596,12,20,54,0.5005205961794573,0.3111642088727897,16535.066666666666,13884.38,17569.39,22669.24
1200,25,0,32,0.9681957491474722,0.4758109105576172,97895.2715625,13884.38,284551.28,297844.91
645,13,21,23,0.5107869788289963,0.3991461066982965,16018.981739130439,13884.38,18260.31,23421.27
375,7,39,93,0.922948890436895,0.5837594888636284,16709.191935483872,13898.46,28847.41,34252.03
1900,39,28,20,0.5376409163537006,0.3737335822801116,15021.4505,13898.46,16131.41,21142.18
698,14,26,41,0.8288086903594567,0.38917940854444616,17052.23731707317,13898.46,20373.88,25710.52
694,14,22,32,0.5400634417547132,0.3708165325393664,15983.69875,13898.46,18026.2,23040.99
699,14,27,39,0.7701791890483365,0.4213281202266698,16094.934358974357,13898.46,19385.09,24586.87
553,11,25,108,0.6745166427419564,0.38778755841426515,17419.09546296296,13898.46,21975.31,27043.79
2097,43,33,28,0.7152423204476143,0.29300358987366065,19507.485714285714,13898.46,22801.05,28191.18
1804,37,28,121,0.8976756242641217,0.4485173541714236,18823.07867768595,13898.46,23866.7,28996.3
569,11,41,123,1.0,0.6474727661037684,20526.000406504063,13898.46,42455.23,48725.57
315,6,27,81,0.8624015496865417,0.41759388689272153,18852.44765432099,13912.56,25773.33,31713.61
470,9,38,90,0.8475171265023287,0.6232482173187478,15288.735444444445,13912.56,25492.39,31756.39
705,14,33,37,0.7534622313878463,0.42546229104887917,15805.851621621625,13926.67,18339.21,23866.7
1326,27,30,32,0.8960193036460585,0.5092388547543883,24974.2546875,13926.67,47484.0,53378.87
1808,37,32,105,1.0,0.4968028938786984,24673.66742857143,13926.67,45831.29,51654.79
544,11,16,112,0.933520510795532,0.4184325543849354,17396.856875,13926.67,22880.64,28191.18
710,14,38,55,0.6859710914888997,0.2741894499486213,19747.472545454544,13926.67,22408.76,27418.54
1205,25,5,34,0.9629003106969858,0.49965452437717406,94891.29352941178,13926.67,264774.34,284551.28
1608,33,24,82,0.5043630081388236,0.2834526382385018,19055.341585365855,13926.67,22101.59,27145.25
597,12,21,73,0.5314699782169047,0.3078557502699258,17099.42890410959,13954.95,18699.77,23726.24
592,12,16,92,0.7595436401586394,0.32736948846015795,16799.13695652174,13954.95,18699.77,23754.24
1514,31,26,68,0.5946115426868772,0.2613886512105149,22376.065294117645,13954.95,27836.08,32855.06
696,14,24,39,0.7062166411619596,0.4162748787720051,15701.1441025641,13954.95,18378.83,23559.21
1596,33,12,61,0.48349761327236945,0.2817950703033793,18528.852459016398,13954.95,21189.98,26219.28
1756,36,28,1,0.4201609137576594,0.4201609137576594,13954.95,13954.95,13954.95,19174.0
448,9,16,91,0.8617775219212465,0.38486285431346456,16972.937142857147,13969.12,20671.99,26283.89
1377,28,33,24,0.6953305404629779,0.5002628684574959,16117.26,13969.12,20170.86,32855.06
690,14,18,33,0.5495850940716295,0.38589309661344756,15854.592121212123,13969.12,17757.91,23040.99
312,6,24,77,0.7895640613174694,0.3911998932942403,18136.158571428576,13983.3,23866.7,28921.71
708,14,36,36,0.596470885042784,0.3971682912953371,16012.542500000001,13983.3,18260.31,23614.7
1597,33,13,76,0.5041434050430934,0.2931099330529559,18965.22210526316,13983.3,22280.06,27349.84
709,14,37,34,0.6277788963811093,0.3686679420361898,16007.791764705884,13983.3,17588.13,22827.54
2098,43,34,29,0.7671611751417279,0.29140494410465917,20982.060689655173,13983.3,25867.97,30876.0
1214,25,14,32,0.9589574021216,0.5541783794374919,83644.78812499999,13997.5,254133.06,268514.44
706,14,34,29,0.7105866307712835,0.3761809590416773,16319.647931034484,14025.94,18740.4,23894.93
617,12,41,116,0.9152001878743271,0.5916883442264175,19113.29517241379,14025.94,35949.24,41397.01
662,13,38,69,0.6573085001644164,0.319251755747758,18263.682173913043,14025.94,21676.24,26709.53
715,14,43,36,0.7423404480872167,0.3901772896972993,16249.958333333334,14025.94,18822.0,23866.7
742,15,22,40,0.63349459069483,0.4137434421623018,16780.22125,14025.94,20764.89,25836.37
1594,33,10,71,0.4539445046898078,0.2847633865667068,17935.821830985915,14040.19,20148.47,25154.93
1227,25,27,35,0.9459132743718408,0.5101778856457492,98063.99714285714,14040.19,268514.44,286686.59
2001,41,33,46,0.6905846471889484,0.44775526275197153,16581.382826086956,14040.19,20834.94,26610.43
711,14,39,42,0.6835564646128216,0.2963029857013001,19573.97642857143,14040.19,22721.83,27765.84
646,13,22,8,0.4091200017993534,0.3520436676658345,14592.16875,14040.19,15782.65,20952.39
661,13,37,43,0.6427337637265507,0.3217835478779411,16392.18860465116,14040.19,17494.69,22512.45
660,13,36,51,0.584259526647767,0.3270656008424101,16533.202352941178,14040.19,17757.91,22880.64
2002,41,34,59,0.8387500412829182,0.44901039555600797,18562.202033898302,14040.19,26577.51,32014.92
1396,29,4,24,0.5867252185605141,0.43122382890536426,17295.149583333332,14040.19,22512.45,32630.74
1661,34,29,52,0.6567439717304543,0.40676781578233323,15887.148846153841,14040.19,18822.0,24324.12
1399,29,7,24,0.5738188937236561,0.46990490937473206,16296.182083333335,14040.19,22101.59,31713.61
707,14,35,37,0.7727310735957923,0.3516154832363791,17254.205945945945,14054.46,19556.16,24734.57
2005,41,37,56,0.694267111448832,0.381393459715794,18186.534464285713,14054.46,22907.26,27977.33
1758,36,30,10,0.46471134668908237,0.38946664928139885,14668.862,14054.46,15205.86,20238.23
1617,33,33,82,0.7026588987845296,0.3282531055628154,18086.42231707317,14068.74,21577.78,26610.43
658,13,34,28,0.6641132269294534,0.3240446272010574,16237.47392857143,14068.74,17272.99,22357.16
1395,29,3,24,0.5886566110355571,0.4341551446318408,17448.3925,14068.74,22590.65,33495.87
1857,38,33,55,0.8093847272279427,0.44873299270698797,17852.811636363636,14068.74,24557.47,29564.92
663,13,39,66,0.6701149845314461,0.33532916299599913,18304.880606060608,14068.74,22000.49,27349.84
550,11,22,106,0.6593857145024963,0.39028833997037987,16427.356886792455,14068.74,19794.65,25064.0
1454,30,14,86,0.6203602730909785,0.3138756431191019,22781.875813953488,14068.74,31928.39,37118.37
1761,36,33,13,0.5429174842549436,0.4365399852229879,14813.826153846156,14068.74,15782.65,21651.57
659,13,35,13,0.6377541253676425,0.3579548028635648,15480.158461538464,14083.04,16420.69,21651.57
642,13,18,26,0.5449634394680464,0.3989652456575086,15752.416538461539,14083.04,17795.93,22907.26
649,13,25,22,0.5082668124788678,0.3587392786695478,15974.415909090907,14083.04,17757.91,22774.6
738,15,18,35,0.6444418738416262,0.44647268496316395,16134.222,14083.04,18760.76,25276.9
763,15,43,39,0.8563189346381146,0.4595996890704495,16749.55282051282,14097.35,21602.34,27213.2
1393,29,1,24,0.5907359801620996,0.42632272061093524,17711.953333333335,14097.35,24266.27,33823.5
1854,38,30,47,0.7356994958264665,0.4145567357639456,17377.15170212766,14097.35,22000.49,27384.16
594,12,18,78,0.5504108744712071,0.3230830852317125,16618.29717948718,14097.35,18181.84,23202.91
1124,23,20,44,0.7929516210548591,0.41068007515007154,31305.14977272728,14097.35,51192.37,56260.74
1901,39,29,57,0.7264663226170996,0.3898594414845741,17243.292982456143,14097.35,21261.97,26577.51
1394,29,2,24,0.6004465215366812,0.4563625810959744,17269.9475,14097.35,23311.73,34445.18
1595,33,11,52,0.43160470169636234,0.30329074162338504,17190.81980769231,14097.35,19342.63,24382.16
548,11,20,108,0.6521379301510584,0.3863172319038353,17722.29435185185,14097.35,22305.72,27800.93
327,6,39,106,1.0,0.5403964514434841,20470.48981132075,14111.69,35134.67,41526.96
1329,27,33,31,0.8807798068777671,0.5032107297533615,25183.71838709677,14111.69,47646.51,52987.48
551,11,23,107,0.6562464414218543,0.36337433845849726,18216.798785046725,14111.69,23014.16,28119.63
1852,38,28,45,0.7859496062584259,0.420632851017137,17888.880888888885,14126.04,23257.23,28773.39
1497,31,9,28,0.4600921305705776,0.317495088976729,17049.84285714286,14126.04,20148.47,25710.52
1515,31,27,59,0.5462169328563533,0.24450725528603104,21700.763898305082,14126.04,25710.52,30835.0
1663,34,31,54,0.6997844893264158,0.44726390511883923,15941.760555555555,14126.04,19556.16,25836.37
521,10,41,119,0.9667389668210274,0.6331771040478881,19863.0987394958,14126.04,39887.21,45002.86
1421,29,29,24,0.7086728250833735,0.49055390438595864,17025.5725,14126.04,21406.95,35640.36
1392,29,0,24,0.6071884042062643,0.3769254831823459,19408.6825,14126.04,26610.43,35640.36
1618,33,34,82,0.7726080564587973,0.3467366376375901,19031.695731707317,14126.04,23366.42,29449.88
1658,34,26,55,0.7247995379142277,0.43172421650369863,16556.604545454542,14140.4,21310.15,26676.44
784,16,16,32,0.7355077380512142,0.40942786139577975,16784.92875,14140.4,20103.78,25154.93
505,10,25,97,0.5791178289137688,0.3413868438069008,16907.873298969072,14140.4,19321.44,24498.84
1659,34,27,56,0.6711538462227997,0.38129496668894297,16630.564821428572,14140.4,19860.36,25033.8
1503,31,15,38,0.5100971822703113,0.285662564622857,19630.203684210526,14154.79,24093.88,29108.72
1667,34,35,59,0.696648597362163,0.43864077453850125,16118.474745762715,14154.79,20811.56,25836.37
1610,33,26,84,0.5450220441980953,0.32582979867237416,19750.48023809524,14154.79,25307.53,30429.46
1614,33,30,77,0.6916423058551892,0.31683550147993356,18184.870000000003,14154.79,21528.79,26544.65
2004,41,36,53,0.7322728051103419,0.422703244625682,17542.692264150945,14154.79,22721.83,27941.91
1675,34,43,56,0.6548103150108743,0.42567323496090165,15769.983571428573,14154.79,19406.36,24616.31
1446,30,6,83,0.5586146922829374,0.30466339473014964,20855.503373493975,14154.79,26544.65,32232.81
1420,29,28,26,0.690441391861028,0.47760994854949745,17316.171538461538,14154.79,29108.72,34591.16
473,9,41,99,0.9396549142341932,0.6835466012922472,17315.906363636364,14154.79,37063.94,42320.58
697,14,25,35,0.5628760844157052,0.3794953328594167,16179.536857142859,14169.19,18260.31,23670.38
1899,39,27,59,0.737791404278618,0.37577968143448615,17777.13745762712,14169.19,21602.34,27213.2
1422,29,30,26,0.6962387086625017,0.4660770588740822,17591.64615384615,14169.19,29184.02,34640.03
1998,41,30,43,0.6103219305497934,0.36843172592115886,16622.729767441862,14183.61,19028.03,24151.15
1277,26,29,112,0.916551188241703,0.2382551431955129,87382.88366071427,14183.61,195704.14,211280.41
1898,39,26,59,0.7835701010913673,0.41287546616779186,17837.17220338983,14183.61,22774.6,28921.71
502,10,22,98,0.5662924897868111,0.365586581839099,16081.298571428571,14183.61,18558.47,23670.38
1708,35,28,69,0.8628714972504266,0.4337067145820371,18699.78347826087,14183.61,26709.53,32320.6
1397,29,5,24,0.5753431983646228,0.4462781881526691,17069.51125,14183.61,22126.97,32945.45
692,14,20,8,0.33634854906753614,0.30120694414983096,14893.13375,14198.04,15587.49,20648.86
791,16,23,20,0.4674075728935889,0.3188964874991883,17481.407500000005,14198.04,19882.33,25033.8
549,11,21,108,0.6745917356387401,0.38540508346095437,18065.008611111112,14198.04,22880.64,28516.51
758,15,38,38,0.7327520129845315,0.34018284619648415,20287.742105263158,14198.04,25492.39,30590.71
745,15,25,38,0.6645704010075683,0.43070396436358627,16576.411052631578,14198.04,19794.65,26026.81
1903,39,31,56,0.7658144016305305,0.4418850295781098,17066.276607142856,14212.49,20928.83,28371.24
713,14,41,112,0.9116258690684462,0.34088493365153977,25036.045714285716,14212.49,37613.93,42726.61
270,5,30,43,0.6766531220058298,0.33158781613886384,17772.24511627907,14212.49,20510.75,25836.37
1496,31,8,35,0.5136018365542174,0.3014828766353953,19066.279714285713,14212.49,23754.24,28773.39
1620,33,36,79,0.6768041930254025,0.3115675219850621,18190.81341772152,14212.49,21213.94,26251.55
2082,43,18,22,0.4552481998917205,0.2627642970570229,18317.58,14212.49,20373.88,25773.33
1861,38,37,56,0.7844586356511943,0.409574824833935,18603.25232142857,14212.49,25064.0,30071.27
324,6,36,81,0.8981688387570743,0.4959513310303241,18445.134320987654,14212.49,28048.35,34885.99
644,13,20,20,0.5097477861131237,0.3788504626006149,15784.8175,14212.49,17236.39,22460.52
277,5,37,49,0.6847192412350833,0.3274561247451655,17953.454489795917,14212.49,20975.98,26090.74
269,5,29,34,0.6521862170657238,0.3372183673532879,17370.862647058828,14212.49,19321.44,25094.26
1423,29,31,27,0.7333747846817296,0.4202598506109823,19918.715555555555,14226.96,31928.39,38006.61
1907,39,35,59,0.7617131856584788,0.4472855700316911,16988.06542372881,14241.45,20881.81,28335.09
1127,23,23,44,0.7772461755899877,0.3769864927141138,33138.064545454545,14241.45,53182.58,58715.34
500,10,20,101,0.5571135959823768,0.33094600834266646,17306.030693069308,14270.47,20059.23,25064.0
757,15,37,39,0.7575595393448314,0.45514104535001276,16551.030512820515,14270.47,20442.16,26709.53
546,11,18,111,0.705553755727276,0.40339400672122916,17505.144954954954,14270.47,22305.72,27836.08
1915,39,43,59,0.7268672582414129,0.42357742903341483,16950.023220338982,14270.47,20834.94,27213.2
1276,26,28,110,0.9105709576454347,0.25478236122429865,86453.71281818183,14270.47,196743.69,211280.41
756,15,36,39,0.7073695826863675,0.46644423960244097,16346.220769230771,14270.47,20238.23,26577.51
739,15,19,38,0.7439468358540477,0.42859706725928437,17236.929999999997,14270.47,21237.94,27418.54
503,10,23,97,0.5897779924047931,0.338976168472275,17577.327113402065,14285.01,20788.21,26026.81
754,15,34,37,0.8206596142747504,0.44538328722627285,17325.16783783784,14299.57,22382.94,27977.33
1656,34,24,53,0.6178497936398223,0.36460261134594474,16393.82,14299.57,18720.07,24036.8
789,16,21,24,0.5160456873650786,0.3652022569284245,16531.003333333334,14299.57,18558.47,23754.24
790,16,22,34,0.5982978895981146,0.38417231816884007,17284.25088235294,14299.57,19577.68,25836.37
274,5,34,53,0.7113162833408552,0.33409143128696434,18430.315283018866,14299.57,22203.33,27281.39
1279,26,31,97,0.914536818292717,0.2366749944450068,91224.97154639175,14299.57,216173.34,232241.86
665,13,41,96,0.8627365432962396,0.41722656744138575,21464.757291666665,14299.57,33635.68,39224.4
1177,24,25,21,0.9552851956030737,0.6528769167718804,20630.455238095234,14299.57,47001.92,102094.18
755,15,35,39,0.8657222280704274,0.4233973175954041,17838.177948717952,14299.57,22987.37,28371.24
759,15,39,17,0.6733945891011012,0.47374081737069895,16912.746470588234,14299.57,23257.23,28371.24
1125,23,21,44,0.7536688317729332,0.38330151762014464,30966.187499999996,14314.14,49670.62,54994.24
2101,43,37,24,0.67376357337619,0.2722563217976454,19799.540833333333,14328.73,22305.72,28227.06
595,12,19,92,0.6614192073115167,0.3169790180658479,17426.88108695652,14328.73,19491.78,24734.57
1622,33,38,77,0.7385976233396909,0.3196536296025164,19423.01844155844,14328.73,23366.42,28921.71
1122,23,18,69,0.7139409716293643,0.28199725138610804,31130.48623188406,14328.73,41267.73,47001.92
374,7,38,89,0.8194016708838364,0.5449918263714124,16840.214157303373,14328.73,26026.81,33218.91
1593,33,9,73,0.41930531876514004,0.2937667523292227,17472.282602739728,14328.73,19491.78,24557.47
268,5,28,36,0.6461400522940146,0.32976447619716936,17555.715833333332,14328.73,20148.47,25276.9
1896,39,24,58,0.6846240826944231,0.354607993120349,17591.74551724138,14343.34,20952.39,26090.74
832,17,16,23,0.6986719749782362,0.48895175127063956,16340.892608695653,14343.34,20103.78,26154.89
1425,29,33,27,0.689664408286755,0.4552816387735523,18062.641111111112,14343.34,29603.42,35034.87
524,10,44,116,0.8553518891541622,0.5387486920453776,24177.380862068967,14343.34,46293.73,52600.88
1853,38,29,58,0.8551764766229165,0.4054643573965573,19847.770000000004,14357.96,27010.09,32855.06
283,5,43,45,0.6684755173777591,0.3294333187065592,17896.550222222224,14357.96,20510.75,26058.75
464,9,32,91,0.8283743244279543,0.7004046279850301,17419.696593406592,14357.96,37392.4,48305.81
472,9,40,91,0.9353791999457759,0.754535730732597,17390.53076923077,14357.96,43698.91,55621.39
271,5,31,50,0.7032738612018976,0.3277025358833034,18531.71,14357.96,22203.33,27213.2
275,5,35,52,0.7081776540023458,0.33471246877640576,18451.308846153846,14357.96,22000.49,27384.16
512,10,32,97,0.8020882605596673,0.6472800313260317,18402.93711340206,14357.96,39224.4,45151.65
547,11,19,113,0.8267057250169848,0.39888516527069884,18153.857964601768,14357.96,24065.32,29297.52
1757,36,29,23,0.6472845700159292,0.37669348190255336,17173.997826086958,14372.61,19838.42,25064.0
1174,24,22,23,0.9651480627541696,0.5949750772050022,28724.98434782609,14372.61,101482.63,107238.9
501,10,21,104,0.5664419598226749,0.3296541074812322,17707.854134615387,14372.61,20556.65,25710.52
929,19,17,28,0.853725655638263,0.49025571018790876,21301.030000000002,14372.61,30309.35,35335.6
476,9,44,97,0.8294080541082273,0.602587714113831,21918.122886597936,14372.61,49583.45,54787.84
1592,33,8,75,0.46253572434396106,0.27587685264876527,18942.232933333333,14387.27,21700.95,26709.53
273,5,33,43,0.656358598934486,0.3204406332818221,17937.826279069766,14387.27,20625.75,25773.33
786,16,18,32,0.5899648324710906,0.3941267061056939,16747.089062500003,14387.27,19577.68,24734.57
616,12,40,92,0.9118723244090834,0.683610712475355,17609.086630434784,14387.27,41139.08,47322.41
266,5,26,40,0.6704648468400518,0.3203113639429215,18238.3445,14387.27,21213.94,26219.28
520,10,40,94,0.9355171630806166,0.7090859524551766,18276.2535106383,14387.27,44707.67,52029.78
1278,26,30,115,0.9009083066591195,0.24542110321078692,86052.37608695654,14401.95,198854.59,208912.44
568,11,40,98,0.9676088255621129,0.7021510638722022,19417.09642857143,14401.95,48641.14,56260.74
421,8,37,77,0.7497513553668865,0.47060780203010116,16624.703766233764,14416.64,23175.81,28921.71
522,10,42,99,1.0,0.8549622235152388,24208.066464646465,14416.64,130148.98,136685.03
1387,28,43,24,0.703083919544936,0.4878965448954364,16790.127916666668,14416.64,20238.23,34591.16
793,16,25,34,0.6246829053924203,0.3790366453378886,17190.72294117647,14416.64,20215.74,25523.39
377,7,41,109,0.887373846521421,0.5946637217638827,20356.367981651376,14416.64,40132.67,45301.25
1709,35,29,70,0.9078767315530036,0.45663738805349036,19652.537,14416.64,28847.41,36053.13
1754,36,26,48,0.7065653714719888,0.2944030771337004,19543.563541666666,14416.64,22331.42,27349.84
2085,43,21,26,0.4947140386954352,0.2682282791082621,19555.058846153846,14416.64,23067.87,28516.51
412,8,28,73,0.7243835137028364,0.4413730867777318,17420.12369863014,14505.19,23202.91,29680.64
1911,39,39,61,0.8204924437680513,0.5039330595466477,17252.381475409835,14505.19,23923.21,31928.39
427,8,43,79,0.7177704405148049,0.42933666880943494,16839.75367088607,14505.19,22152.38,27660.98
1671,34,39,69,0.7377870620188649,0.45679567724011555,16917.01855072464,14505.19,22907.26,28480.09
1851,38,27,58,0.8506507416506799,0.39664269193693863,20247.9824137931,14505.19,28227.06,33403.16
643,13,19,35,0.640599532318227,0.3603596616591937,16897.543428571433,14505.19,19153.06,24208.61
560,11,32,100,0.8331293730296138,0.6544983117678751,19043.032900000002,14505.19,41788.82,48641.14
474,9,42,95,1.0,0.8663423631806828,21942.11694736842,14505.19,82544.69,138820.45
457,9,25,89,0.6315983032172119,0.37161106433033314,17016.360112359547,14505.19,19882.33,25963.11
1850,38,26,58,0.8848230854372021,0.4234282024439638,20347.408103448277,14520.01,27836.08,35335.6
1123,23,19,47,0.7306890763354044,0.31831659572400484,29416.39085106382,14534.84,41139.08,46527.84
839,17,23,17,0.4587210385418202,0.30665626801678436,19154.65117647059,14534.84,21504.34,26809.18
740,15,20,25,0.5185623712239161,0.37923465933004946,15853.314799999998,14534.84,16982.88,22616.81
2006,41,38,57,0.7816848835136121,0.4130404212319034,18999.578245614037,14534.84,26381.24,31713.61
572,11,44,112,0.8271633847120755,0.5596071912741475,23709.891875,14534.84,51100.71,56476.62
1862,38,38,58,0.7782332795636053,0.4245458372623667,19500.881896551728,14534.84,27977.33,33588.98
1867,38,43,58,0.849390722467186,0.4366181665295117,19350.651034482762,14534.84,26809.18,33495.87
1229,25,29,32,0.9068680411538986,0.4938461224561723,84835.145625,14534.84,252439.11,268514.44
1469,30,29,89,0.7161166068084546,0.3143596653925191,22969.88640449438,14534.84,32232.81,37447.59
1855,38,31,55,0.8753359260516907,0.451811978866124,19515.30418181818,14534.84,27800.93,34885.99
1859,38,35,59,0.8744492287337812,0.4476025384394681,19593.016610169492,14534.84,28996.3,34836.58
1117,23,13,41,0.7161397711059413,0.37321603245431156,32272.49219512195,14534.84,52029.78,57802.03
1176,24,24,23,0.9118665932036302,0.5807215164429333,28588.18260869565,14534.84,97948.88,103337.61
418,8,34,79,0.7603448404304592,0.4772297775345277,17306.422405063295,14534.84,25710.52,30958.25
1755,36,27,22,0.6511941540254179,0.3779254056282877,17558.543636363633,14534.84,20602.68,25679.2
267,5,27,29,0.6002117043740829,0.31112135574147326,17651.82172413793,14534.84,19449.01,24557.47
1447,30,7,83,0.5756907630836359,0.3098854488401031,21848.001807228917,14534.84,29071.17,34935.51
1128,23,24,43,0.705036737069782,0.3806323291449326,30637.84139534884,14549.7,48641.14,54994.24
1711,35,31,60,0.9319486122414321,0.5335410905471881,18598.543166666663,14549.7,28736.48,38463.37
1904,39,32,78,0.8798864486582759,0.4435256244425634,21895.107820512818,14549.7,34935.51,41920.75
423,8,39,81,0.806271586849185,0.5430171879695077,17135.957654320988,14549.7,27765.84,34396.74
1858,38,34,60,0.8532658419037968,0.4546141301321614,19128.331,14549.7,27871.29,33776.39
410,8,26,75,0.7415477550447405,0.4302789627007282,17952.33026666667,14564.57,23148.76,30590.71
1762,36,34,48,0.6429465575186296,0.30979073097926846,18280.610208333335,14564.57,20510.75,25523.39
1379,28,35,24,0.7323624925277569,0.4633823365301816,17725.765,14564.57,20238.23,36053.13
1706,35,26,73,0.9338127165614231,0.45454495856770144,20531.99602739726,14564.57,31971.61,38695.02
1752,36,24,13,0.6060223171924183,0.47312533037566235,15821.24153846154,14564.57,19470.38,24675.34
1611,33,27,84,0.47768382926202424,0.29158066506765323,19543.394642857143,14564.57,23040.99,28480.09
608,12,32,93,0.7670091639459928,0.6137484207758331,17622.88247311828,14564.57,35234.91,40380.55
413,8,29,73,0.7155296048192843,0.42627917140249494,17481.772465753424,14564.57,23040.99,29146.33
1765,36,37,11,0.45066139060411936,0.3817196741951698,15075.52,14564.57,15815.47,20834.94
1502,31,14,38,0.49022922034006,0.2750760105189856,20071.803157894738,14564.57,24498.84,29603.42
1114,23,10,40,0.7132486426997369,0.37577318454331043,32119.18675,14564.57,52124.24,57577.48
1115,23,11,41,0.7127791146221767,0.3688113231392339,32364.300243902442,14564.57,51841.71,57465.76
419,8,35,77,0.8303920676112907,0.49875037198714894,17118.55142857143,14564.57,26026.81,31543.36
454,9,22,90,0.701760734086166,0.43587507445174256,16145.11811111111,14564.57,20556.65,26283.89
1759,36,31,51,0.6839287569172336,0.29778562813389975,19095.637647058826,14564.57,21700.95,26809.18
264,5,24,12,0.5159451749051297,0.3833231433393489,15863.374166666666,14564.57,17457.49,22460.52
1707,35,27,73,0.8996897829382422,0.43552206810779964,20227.201095890414,14579.46,31040.83,36579.68
570,11,42,99,1.0,0.8628514971924794,23807.68686868687,14579.46,137745.05,145026.52
2083,43,19,32,0.48676786354295587,0.24744195510111497,20258.8503125,14579.46,23614.7,28699.64
1715,35,35,70,0.9229280507359338,0.5027985838096198,19183.883571428574,14579.46,28480.09,38063.23
1771,36,43,45,0.6476365194052749,0.2961160180876268,18615.35666666667,14579.46,20602.68,25710.52
1621,33,37,76,0.60939068228139,0.30003505226217253,18555.825789473685,14594.37,21651.57,26709.53
422,8,38,80,0.7767097796270832,0.5200501738294492,17617.224875,14594.37,28996.3,34738.09
2102,43,38,28,0.7202146284174165,0.2730072626412085,21763.513928571432,14594.37,26348.73,31458.76
1129,23,25,40,0.7296317285618403,0.37792454346827786,31151.705000000005,14594.37,48725.57,56693.92
2080,43,16,18,0.4107681084036432,0.25771516459018107,18020.82277777778,14594.37,19860.36,24973.54
1717,35,37,69,0.8250930726307968,0.45385625670225155,18470.288840579713,14594.37,26610.43,32586.16
1435,29,43,27,0.7026630168939456,0.4435665729194512,18757.037407407406,14594.37,31290.57,36632.99
618,12,42,98,1.0,0.8455327761178648,22614.529897959186,14594.37,113621.23,126864.97
2087,43,23,30,0.5162030707705741,0.28296195703571836,20297.748,14594.37,25461.45,30550.28
1763,36,35,52,0.6747951444142409,0.2972284289939334,19012.46596153846,14594.37,21213.94,26610.43
1116,23,12,41,0.7084778385967185,0.3631585807370655,32282.730243902442,14594.37,51468.98,56912.64
420,8,36,76,0.6648830035608033,0.435072252403526,16671.483947368422,14594.37,21553.27,27591.39
837,17,21,4,0.3880063565691454,0.2993107226598278,15010.0825,14594.37,15523.09,20533.68
1468,30,28,84,0.6719330716131978,0.31236644938119085,21782.274523809527,14609.3,29603.42,34689.0
1470,30,30,82,0.6711807059318878,0.3365962331523284,21118.988292682927,14609.3,29488.15,34640.03
498,10,18,103,0.6025186415720382,0.35133204605087287,17013.37631067961,14609.3,19926.36,24973.54
279,5,39,68,0.780014847702938,0.37440047469612336,19500.19352941177,14609.3,25773.33,31290.57
797,16,29,32,0.7618133853586238,0.4153011035629871,16937.987812499996,14609.3,20014.81,25773.33
1126,23,22,40,0.738597425485415,0.37783426700339684,31981.503750000003,14624.25,49758.04,58715.34
761,15,41,105,0.9102869940202666,0.2872027449180878,28878.631333333335,14624.25,40505.41,46527.84
620,12,44,110,0.7808744083156838,0.5153537291701406,23072.835,14624.25,44126.66,49151.41
415,8,31,66,0.7753199209680818,0.5215359205222787,16661.11212121212,14624.25,23642.52,32058.32
414,8,30,77,0.7508526256843586,0.4678269153066599,17332.934805194804,14624.25,25033.8,30671.81
1616,33,32,88,0.8829209428112132,0.42403910715609344,23191.640227272725,14624.25,38233.91,45301.25
1228,25,28,38,0.9024702735026476,0.4620030422343589,103374.51315789473,14624.25,257587.41,276308.56
1848,38,24,57,0.811019933491046,0.3821584297937404,19957.769122807014,14624.25,26709.53,32058.32
1381,28,37,24,0.6687636862458836,0.47119556543725877,16376.408333333335,14624.25,20126.11,31928.39
1723,35,43,70,0.9003064593104607,0.4953852557215424,18954.67157142857,14624.25,28480.09,36901.41
1231,25,31,31,0.9051432774206715,0.4754639325455475,92368.40387096773,14639.21,286686.59,297844.91
1471,30,31,82,0.7428800649517041,0.342675434826557,23038.734146341463,14639.21,34300.16,40132.67
712,14,40,85,0.9088722551984622,0.429013456146336,23613.777529411767,14639.21,41139.08,48725.57
1281,26,33,114,0.8874665545790555,0.24629125752865663,85998.90535087719,14639.21,198854.59,216173.34
1121,23,17,41,0.7045883573038092,0.3535398717389887,32602.18512195122,14654.19,51841.71,56912.64
2100,43,36,28,0.6309421762620921,0.2634481211267648,19768.200357142858,14654.19,22434.62,27730.82
417,8,33,79,0.7344541888759296,0.45194261455718554,17518.457341772155,14654.19,25154.93,30349.31
1378,28,34,24,0.7232407240343636,0.4566879644479566,17760.303333333333,14654.19,22305.72,35335.6
1165,24,13,23,0.8200648929323874,0.5673474502358506,29803.043478260868,14654.19,102094.18,107915.35
1819,37,43,118,0.7401026284082746,0.40536233727066906,21036.69644067796,14654.19,27695.87,33081.75
1339,27,43,29,0.9098361939098407,0.5328446521022019,23673.502068965518,14684.21,52029.78,57354.41
798,16,30,34,0.7913600123021576,0.44992088724481877,16880.415,14684.21,21358.47,26809.18
1494,31,6,24,0.41716420667064497,0.30059059895649703,17127.60875,14684.21,20193.28,25523.39
838,17,22,23,0.5678058036377492,0.39405610428562815,17457.17043478261,14684.21,19751.0,25773.33
794,16,26,34,0.8290476184976731,0.4080827563135216,17800.928529411765,14684.21,21900.02,27906.57
1444,30,4,83,0.5605779339976503,0.29398854205512387,21640.92722891566,14684.21,28227.06,33776.39
796,16,28,33,0.7528414249380084,0.4387121104990944,16574.18666666667,14684.21,19816.52,25773.33
1172,24,20,23,0.923592522006348,0.580594464699918,29163.00478260869,14699.24,100577.7,106903.57
691,14,19,34,0.6663962553112538,0.38235178068134007,16728.596764705882,14699.24,18378.83,24853.65
1162,24,10,23,0.8133397053711291,0.5630015661217915,29678.862173913043,14714.3,100279.32,105581.22
1331,27,35,23,0.9071525924403868,0.5875274654507424,19410.122608695656,14744.46,45907.83,59416.6
801,16,33,34,0.784210027166043,0.449730783658269,16877.344411764705,14744.46,21406.95,26809.18
1673,34,41,97,0.8710291409420137,0.526770181968686,20838.068350515467,14744.46,38348.37,44126.66
1863,38,39,61,0.917237326405883,0.48639457040532624,19951.09754098361,14744.46,31374.49,38811.68
344,7,8,84,0.6454612540237509,0.3769104085998632,17261.80964285714,14744.46,21382.69,26577.51
834,17,18,23,0.6144510263580042,0.44021353518300427,16514.86043478261,14744.46,19491.78,25003.64
1175,24,23,21,0.9245187103442609,0.6172904506140104,22198.75904761905,14744.46,50110.29,108944.77
1473,30,33,86,0.6702379428579469,0.3451541777429343,21061.646511627907,14744.46,29603.42,34985.13
1113,23,9,39,0.6978361530839584,0.3718551218088731,31785.418205128208,14744.46,51468.98,56693.92
1380,28,36,24,0.6848076057663351,0.48905267689203286,16259.090833333334,14744.46,20193.28,32765.05
1712,35,32,73,0.8494076576627334,0.5051084242675445,21615.878904109588,14744.46,39644.14,48139.58
1704,35,24,72,0.8513417830631349,0.4234186252525871,19763.778472222224,14744.46,29603.42,34738.09
799,16,31,32,0.8304748770405813,0.38938194467374726,18441.075937499998,14759.57,22408.76,28335.09
1817,37,41,125,0.8737845048501819,0.5182835365252623,26055.09136,14759.57,48139.58,56368.51
1816,37,40,96,0.860433710828436,0.5433097561876514,23994.6690625,14759.57,52890.38,59181.26
573,11,45,84,0.9865874398648403,0.7599888574350148,21559.877738095245,14774.7,67012.48,91512.71
358,7,22,86,0.6943034986013682,0.4025401358467567,17581.868953488374,14774.7,22801.05,28407.46
1996,41,28,42,0.6646512967036141,0.38209542836078975,17630.789761904765,14774.7,21023.29,26875.9
525,10,45,84,0.9525919236323352,0.7463634224342148,21818.46071428571,14774.7,71468.63,86478.77
326,6,38,93,0.8871111718611538,0.4776367921864211,20552.008709677415,14774.7,34591.16,39644.14
1164,24,12,23,0.8106984864735032,0.5630023843282685,29776.567391304347,14774.7,99982.53,106570.16
1130,23,26,42,0.6959058447187045,0.3588205249065872,32248.048095238097,14774.7,51561.75,56693.92
1427,29,35,28,0.7157006693481903,0.4051599204471457,20169.778214285714,14774.7,32320.6,37893.76
1230,25,30,36,0.8907036756148785,0.46579965920402244,96036.62944444446,14789.84,257587.41,270422.94
795,16,27,34,0.7699534999750668,0.4356953143082925,16906.339117647058,14789.84,20579.65,26709.53
276,5,36,44,0.6186436286577933,0.31575460260703175,17973.566363636364,14789.84,20602.68,25710.52
1805,37,29,107,0.7267232007819622,0.38296700206682377,20939.6153271028,14789.84,27145.25,32232.81
1112,23,8,40,0.7024526964360175,0.36605604367249267,32809.335250000004,14789.84,53378.87,58484.71
477,9,45,84,0.9198496131672926,0.7376728434351082,22138.38261904762,14805.01,67304.12,89534.38
1815,37,39,111,0.7804458104219243,0.44648585569590526,21903.369639639644,14805.01,33356.95,38463.37
1330,27,34,23,0.8984909545670322,0.5818312223936531,19383.288695652176,14805.01,45754.95,57354.41
1767,36,39,61,0.7478582431090218,0.3438277192483645,19646.19573770492,14805.01,24208.61,30071.27
329,6,41,111,0.9577508597825273,0.5647420007318146,23082.133333333324,14805.01,45151.65,54176.42
1719,35,39,72,0.9594134300986723,0.5411921643367985,19490.339166666665,14805.01,35134.67,42455.23
425,8,41,92,0.8341749466476482,0.5407711908263557,19927.928695652172,14805.01,36579.68,41920.75
455,9,23,90,0.6265724662293256,0.393775538500316,17638.208,14820.19,21406.95,28407.46
347,7,11,84,0.6724746423689346,0.3954177741099129,17467.089285714286,14820.19,22305.72,27765.84
1333,27,37,25,0.8486968413445314,0.5647348959470437,19991.0236,14820.19,44634.36,49670.62
811,16,43,35,0.7871707916398094,0.410325350952793,17592.431428571424,14820.19,21700.95,27145.25
792,16,24,34,0.7219471306889951,0.4399059163100277,16460.28970588235,14820.19,19491.78,25710.52
376,7,40,90,0.8420278346129185,0.6739814084314587,18966.53755555556,14820.19,45754.95,58028.08
1429,29,37,24,0.6819147245244231,0.4884398585275706,16797.987083333333,14835.39,21166.06,34935.51
1382,28,38,19,0.6593552793430087,0.3742134995935457,18937.388947368418,14835.39,25094.26,31971.61
368,7,32,91,0.7939429941085846,0.6273080231940839,19151.16417582418,14835.39,46061.56,51100.71
1807,37,31,77,0.7536011182867134,0.45481237593170054,19383.159740259744,14835.39,29033.7,34445.18
1163,24,11,24,0.8062945147513199,0.5423769482860058,32672.375833333335,14850.61,101179.34,106903.57
1811,37,35,118,0.7486799919793219,0.40617075501374794,21565.874661016947,14850.61,29184.02,34252.03
1119,23,15,42,0.6972897898490957,0.3576765714902487,32976.67738095238,14850.61,52793.59,57802.03
2089,43,25,21,0.4488352388973831,0.2588344681322301,19296.89142857143,14865.85,22408.76,27660.98
1383,28,39,22,0.7783331716113258,0.38113129238552634,22430.43272727273,14865.85,32145.38,40380.55
1599,33,15,76,0.42638403869488245,0.2769472246976163,19093.423815789472,14865.85,22050.96,27077.54
1173,24,21,23,0.9125550093333088,0.5739733706995684,29450.356086956515,14865.85,102712.45,107915.35
1178,24,26,23,0.8863477927210766,0.5563696025395718,30061.58652173913,14865.85,103652.78,109291.9
1426,29,34,28,0.7150795617981857,0.4063506141181553,20046.551785714284,14865.85,32145.38,37558.35
1483,30,43,89,0.6971913331314005,0.33087979102877874,22512.682921348314,14865.85,32586.16,37893.76
1169,24,17,21,0.8024812473759299,0.5784512780192086,23661.46523809524,14865.85,58255.64,104608.9
346,7,10,84,0.6719268610857508,0.3963363773169809,17511.67261904762,14865.85,22357.16,27906.57
1332,27,36,31,0.8757543118033965,0.5010179393835651,25131.32322580645,14896.38,47001.92,53182.58
296,6,8,71,0.6670402319294082,0.3812399181503111,17681.738309859153,14896.38,22434.62,27836.08
880,18,16,21,0.6715917811471658,0.4869800384991128,16681.77238095238,14896.38,21358.47,26909.36
1120,23,16,45,0.6916189993350563,0.3346649567410823,33082.554,14896.38,48980.34,56260.74
1428,29,36,27,0.6789115052882454,0.4459841705041892,18093.181851851852,14911.68,29526.5,34738.09
621,12,45,82,0.941845868942868,0.7264588750810592,21189.29463414634,14911.68,63411.8,80294.42
411,8,27,75,0.6340493986791661,0.3537299829933798,17583.935333333335,14911.68,20928.83,26544.65
841,17,25,26,0.6306232525686225,0.41058225335258247,17902.391153846154,14911.68,22305.72,27349.84
1590,33,6,42,0.3500104862415732,0.26783054854580673,17096.85738095238,14911.68,18260.31,23366.42
378,7,42,98,0.9862554943095441,0.7732735651835927,26099.241224489797,14926.99,144441.03,151772.23
351,7,15,76,0.5646953174926753,0.3548079914758909,16582.942236842107,14926.99,19237.01,24498.84
380,7,44,104,0.8078647338997018,0.5278067996876316,25250.12673076923,14926.99,51468.98,56912.64
704,14,32,92,0.7597071438536515,0.3485808954152459,24354.20608695652,14926.99,36105.25,42186.62
1445,30,5,81,0.5335735341688922,0.27930882150947306,21766.175925925927,14926.99,26577.51,32945.45
1334,27,38,20,0.8546106131933375,0.4662881795931222,21026.032,14926.99,28958.97,48305.81
2077,43,13,26,0.4598589005101494,0.2693443629552694,19615.380769230767,14926.99,23366.42,28480.09
664,13,40,81,0.8699338966421529,0.4628818538355496,21869.200617283946,14926.99,38405.8,45077.16
1161,24,9,23,0.8032240538725768,0.5550841012172331,29630.95086956522,14942.32,96820.16,102094.18
2086,43,22,31,0.47299865785435385,0.26673392076125296,20144.85548387097,14942.32,24295.17,29297.52
353,7,17,83,0.644646730710539,0.3769811473841833,17446.860361445786,14942.32,21975.31,27010.09
1233,25,33,35,0.8826901226170617,0.48419950751082863,96387.23057142858,14957.67,268514.44,284551.28
1171,24,19,23,0.8024349464452182,0.5447754007673385,30738.524347826085,14957.67,103652.78,109291.9
248,5,8,2,0.3664118623874718,0.3602050245254712,15065.89,14988.43,15143.35,20170.86
2076,43,12,23,0.4323191690824567,0.24914468458710687,19379.90956521739,14988.43,22203.33,27213.2
760,15,40,82,0.9070764261725295,0.3262980987785939,29094.24585365854,14988.43,43698.91,52890.38
452,9,20,91,0.5634282630299334,0.3744607481791364,17515.78824175824,14988.43,22076.26,27281.39
1802,37,26,122,0.7619962565273086,0.3813473880227608,22230.239016393443,14988.43,29603.42,34836.58
1170,24,18,23,0.8861729638089553,0.562948212710917,29320.78347826087,14988.43,98522.22,103652.78
1160,24,8,23,0.7980912360226436,0.5513748296446908,30226.96652173913,14988.43,102094.18,107238.9
2088,43,24,27,0.4533059399139952,0.26784914765361806,19612.09,14988.43,23067.87,28335.09
2074,43,10,23,0.41932479517834126,0.26125979140891326,18855.42826086957,15003.83,21310.15,26610.43
1997,41,29,57,0.7500543212600604,0.38777350915885306,19288.56789473684,15003.83,25215.81,30999.5
526,10,46,86,0.6712731037234945,0.4971210622915663,19364.69651162791,15019.26,31971.61,38348.37
1913,39,41,95,0.933810340825752,0.4829497725451644,23606.708000000002,15019.26,42455.23,48222.58
788,16,20,7,0.39461203008446916,0.2894546874704395,15596.352857142858,15019.26,15914.42,20975.98
499,10,19,105,0.7403797977659786,0.35781595801519017,17580.466952380953,15019.26,21118.33,26479.11
527,10,47,86,0.6712731037234945,0.4971210622915663,19364.69651162791,15019.26,31971.61,38348.37
1335,27,39,22,0.9416308508411866,0.4582430287041765,25252.031818181815,15034.71,46061.56,64483.38
1769,36,41,90,0.8752317258669223,0.4040100767383826,23908.906444444445,15050.17,39283.93,45301.25
1118,23,14,41,0.688162918192748,0.3597776129755712,32881.94073170731,15050.17,52793.59,58255.64
345,7,9,84,0.6427080338334675,0.3878412777752104,17316.136190476194,15050.17,21676.24,27145.25
804,16,36,33,0.6145489190985174,0.3979331764915542,17061.73090909091,15050.17,20283.31,25523.39
1994,41,26,59,0.8001308369544194,0.40235877562264966,20040.461016949157,15065.65,27010.09,33682.49
2081,43,17,18,0.3731223999702188,0.2615196497600211,17724.942777777775,15065.65,19470.38,24557.47
1641,34,9,58,0.5098811079149608,0.3403395805460056,16311.092413793103,15065.65,18181.84,23257.23
1441,30,1,84,0.5559635920228776,0.28728799476403877,22932.123690476194,15065.65,30958.25,36262.32
574,11,46,89,0.6866589344843291,0.5082627772621481,19988.10168539326,15081.15,35234.91,41267.73
575,11,47,89,0.6866589344843291,0.5082627772621481,19988.10168539326,15081.15,35234.91,41267.73
2075,43,11,19,0.40285759735056703,0.26456570566524096,18261.23210526316,15081.15,20533.68,25679.2
806,16,38,21,0.6425646220668032,0.36316518647753276,19409.57285714286,15081.15,23311.73,30110.76
805,16,37,37,0.682805340536457,0.38877251746625086,17672.071351351347,15081.15,21504.34,26610.43
807,16,39,14,0.6220899783542002,0.3978994636638324,18440.570714285717,15081.15,22305.72,29184.02
479,9,47,86,0.6900710147357865,0.5161769745954348,19615.302325581397,15081.15,32014.92,41139.08
1131,23,27,41,0.6763317229765805,0.36363647869280097,31690.932926829268,15081.15,50556.48,55939.52
1999,41,31,56,0.783247046806286,0.4227598294658736,19278.71589285714,15081.15,26676.44,32900.21
478,9,46,86,0.6900710147357865,0.5161769745954348,19615.302325581397,15081.15,32014.92,41139.08
451,9,19,91,0.7922888014909742,0.3885482294998837,17678.356043956042,15081.15,21975.31,28191.18
1442,30,2,86,0.5643721746047118,0.29541408079532594,22872.485697674423,15081.15,31416.58,36473.41
1475,30,35,92,0.715857126040821,0.3242781986889861,23334.620978260868,15081.15,34060.55,39403.42
1995,41,27,57,0.7584438820384524,0.3824205286223839,19717.5850877193,15081.15,26348.73,31713.61
802,16,34,35,0.7183054172977867,0.38081829408533024,18251.071428571428,15096.68,21700.95,27626.15
1443,30,3,84,0.5480224533722969,0.2919514383969255,22039.399285714288,15096.68,29526.5,34542.39
1167,24,15,23,0.7906876992197712,0.5403822288954759,30122.84869565217,15096.68,99982.53,105255.28
1642,34,10,57,0.5036111426310685,0.32735349704149663,16457.78350877193,15096.68,17949.02,23175.81
424,8,40,81,0.8954484703250081,0.6414950125905536,20155.884567901234,15096.68,50556.48,59892.09
2011,41,43,59,0.7551015221771955,0.4101631484450215,19094.12135593221,15096.68,26577.51,31628.31
310,6,22,81,0.7815996267524037,0.4118861777314735,19612.689753086423,15112.21,28480.09,33776.39
1477,30,37,83,0.6411919232064216,0.30602362093353447,21507.02060240964,15112.21,28335.09,33682.49
299,6,11,80,0.7476837144284406,0.39626645968291985,19269.571625,15112.21,26709.53,32058.32
1654,34,22,54,0.5561340866810722,0.34965762823554697,16831.296296296296,15112.21,19194.97,24586.87
1430,29,38,25,0.7207924308145855,0.34809703575905443,22029.419200000004,15112.21,30794.08,37613.93
2003,41,35,59,0.7793638217705683,0.4289201195791382,19143.401016949156,15112.21,26676.44,32855.06
416,8,32,80,0.7959358153499951,0.5994076673778385,19781.130125000003,15143.35,41526.96,52218.99
1883,39,11,56,0.5711018280867968,0.3362725367385622,17383.831785714287,15143.35,19948.42,25094.26
1440,30,0,83,0.5680960125942249,0.25568152480440637,24559.071204819273,15143.35,32058.32,37893.76
453,9,21,91,0.5843548595874212,0.3676449716266265,17862.283736263733,15143.35,22025.71,27765.84
623,12,47,82,0.62812829399211,0.4597341069134496,19020.91243902439,15143.35,30071.27,35285.2
622,12,46,82,0.62812829399211,0.4597341069134496,19020.91243902439,15143.35,30071.27,35285.2
840,17,24,25,0.7031403983931773,0.4804329849705165,16928.2676,15143.35,21334.29,27281.39
2090,43,26,29,0.4976926588867155,0.30052309103702995,20485.303448275863,15143.35,26219.28,31713.61
803,16,35,35,0.7748336825115583,0.37158541373605675,18580.467999999997,15143.35,22460.52,27977.33
1766,36,38,39,0.5764476049733256,0.2870392039612249,18449.24692307692,15143.35,20373.88,25461.45
1676,34,44,104,0.7950301097810646,0.4407655672222325,26642.547211538462,15143.35,45301.25,52504.97
1649,34,17,57,0.5090212694232563,0.3219194500807125,16675.477894736843,15143.35,18378.83,23421.27
1598,33,14,75,0.41422677721187534,0.2686011639914892,19396.6076,15143.35,22203.33,27349.84
343,7,7,84,0.6026976192918331,0.3636904449531904,17387.627142857145,15143.35,21310.15,26413.8
2000,41,32,82,0.8861470247864912,0.3839750111052781,25645.04292682927,15158.95,40380.55,48139.58
1474,30,34,95,0.6957428328625922,0.33318616551465574,22765.126210526312,15158.95,32320.6,37781.43
887,18,23,16,0.42419590607003504,0.2845619060901772,19845.874375,15158.95,21950.17,27145.25
1495,31,7,28,0.4213409553239768,0.27836524945916097,18518.97,15158.95,21750.49,27349.84
450,9,18,91,0.6767095913910571,0.38867139117946803,17196.02846153846,15174.57,21118.33,27010.09
1431,29,39,30,0.7731571503157281,0.3131598219668584,25643.102333333332,15174.57,37118.37,42590.57
787,16,19,34,0.6681949466474546,0.3781666317555753,17879.895588235297,15174.57,21651.57,26676.44
885,18,21,17,0.5843975318437948,0.406504240349135,17230.162941176473,15174.57,19729.22,25585.55
1881,39,9,57,0.5723281880665639,0.3510684410694918,17205.18596491228,15174.57,20148.47,25215.81
1882,39,10,49,0.5331269900401447,0.33342986886961196,16971.336938775512,15174.57,19111.26,24122.49
408,8,24,66,0.5626197795382795,0.33041905978937214,17246.542575757576,15174.57,20037.0,25154.93
426,8,42,96,0.9574794878277991,0.6797553536998917,29905.649999999998,15174.57,114753.04,145026.52
251,5,11,7,0.4033003372593227,0.38371375998559604,15414.470000000001,15174.57,15652.22,21261.97
1385,28,41,107,0.8938956957516424,0.21457084090541273,37064.715981308414,15174.57,55201.96,60374.14
1889,39,17,55,0.5681387598654308,0.3331068056525881,17432.832181818183,15174.57,19794.65,25094.26
428,8,44,89,0.7897263469112141,0.5004348411700037,25715.867303370786,15174.57,52600.88,58028.08
1894,39,22,58,0.6257529750273029,0.35327632444870405,17910.45396551724,15174.57,21455.57,26875.9
1637,34,5,33,0.4527197689046001,0.3300447421792718,16088.025757575757,15174.57,16875.66,22152.38
1476,30,36,84,0.6465168457114977,0.33098232755700635,20998.494047619046,15237.23,28884.52,34012.93
1992,41,24,56,0.7164989365870059,0.36719938443942723,19486.506250000002,15237.23,24616.31,30509.92
250,5,10,7,0.4155977614418173,0.38799018660625695,15570.687142857143,15237.23,15848.37,21651.57
341,7,5,84,0.6616158431012605,0.391511849692925,17832.059523809527,15237.23,22616.81,28553.0
1643,34,11,57,0.4957277079227277,0.3332696927378361,16496.327543859647,15237.23,18260.31,23421.27
352,7,16,84,0.6344663259312417,0.3601747938178585,18123.656071428573,15252.94,22774.6,27871.29
381,7,45,83,0.9127118882481031,0.680319520896634,24305.179638554215,15252.94,68796.0,99687.32
298,6,10,83,0.749015352070092,0.3935045103981065,19687.767108433734,15252.94,27522.06,32765.05
350,7,14,74,0.5443432978571473,0.33733997118154335,16992.11702702703,15268.68,19772.81,24794.01
1640,34,8,57,0.5424056109144345,0.3412417533845939,16965.17,15268.68,19321.44,24616.31
305,6,17,82,0.7547061668358577,0.39311770573524424,19805.046341463414,15268.68,27660.98,33127.38
2073,43,9,24,0.45155771002441747,0.2632122527788338,18832.013333333332,15284.43,21504.34,26610.43
342,7,6,84,0.6281568896309879,0.37640684392262924,17708.607500000002,15300.2,22101.59,27626.15
303,6,15,81,0.7303046537420768,0.38856171945313517,19398.623703703703,15300.2,26742.69,32058.32
1912,39,40,84,0.8159153357887238,0.4673891299294358,23093.940000000002,15300.2,39765.37,48473.0
361,7,25,77,0.6007435858176379,0.33867886070414094,17925.213506493506,15300.2,21406.95,26842.51
836,17,20,17,0.5139613469869847,0.36987423217595444,16525.253529411766,15300.2,17776.91,22801.05
1865,38,41,84,0.9822029664706698,0.4731080994141587,25895.3780952381,15315.99,44415.61,57354.41
845,17,29,24,0.7644349860741699,0.45684784614035134,17726.971666666668,15331.81,21626.94,28191.18
886,18,22,22,0.6053989570218493,0.4025319980734402,18116.885909090914,15331.81,21750.49,27349.84
1834,38,10,46,0.6330972992471611,0.36246805541201255,18301.068695652175,15331.81,22460.52,27730.82
1337,27,41,88,1.0,0.2238560598602935,56485.996022727275,15331.81,94632.04,99687.32
1877,39,5,49,0.5659323962305782,0.351976158291918,17371.83367346939,15331.81,20373.88,25461.45
882,18,18,22,0.6495607419912962,0.45552136650160846,17122.20727272727,15331.81,21553.27,26676.44
2007,41,39,61,0.8332102854350716,0.47463020237818626,19533.8262295082,15331.81,30958.25,37009.64
354,7,18,86,0.6380193640529022,0.34991721661597663,18495.14,15331.81,23257.23,28263.01
328,6,40,90,0.8501923354042469,0.5991717922974819,21934.605555555554,15331.81,58715.34,67304.12
1638,34,6,55,0.480945431437466,0.31710732766667604,16686.31490909091,15331.81,18240.65,23311.73
1647,34,15,57,0.5280157471475158,0.33180861384922683,16999.16859649123,15331.81,19237.01,24382.16
1856,38,32,72,0.8910353410285218,0.4266779341399825,24612.509583333333,15331.81,40380.55,50556.48
2072,43,8,25,0.42688109054855505,0.25175663683547234,19729.487999999998,15347.64,22827.54,28119.63
297,6,9,82,0.71556348030807,0.38610444474201727,19236.049146341462,15347.64,26090.74,31458.76
809,16,41,117,0.8562063695321762,0.23005994035498945,31632.62290598291,15363.49,42320.58,47646.51
1478,30,38,60,0.5640434656316986,0.2519092335615262,20979.186666666665,15395.25,24498.84,29526.5
1492,31,4,26,0.3842409555102709,0.22981829745456392,18958.05769230769,15395.25,21213.94,26219.28
668,13,44,88,0.7339007981339932,0.3920283427715251,25030.52738636364,15395.25,40568.07,47484.0
320,6,32,91,0.8032247081539929,0.5507010227725888,22439.630219780225,15395.25,45602.89,59534.86
1841,38,17,52,0.7027517975740036,0.3783953150912372,19260.912115384614,15395.25,24883.55,30550.28
1689,35,9,71,0.7626067764174802,0.4342257510943461,18968.32746478873,15395.25,28263.01,33495.87
656,13,32,73,0.6891843908374756,0.40961738079564447,20222.528356164385,15395.25,31374.49,36579.68
1803,37,27,115,0.7281988749429498,0.37850326615504404,21430.816173913037,15395.25,27906.57,32945.45
383,7,47,84,0.6776447523161596,0.4743619016381239,20799.536190476192,15395.25,34836.58,42726.61
382,7,46,84,0.6776447523161596,0.4743619016381239,20799.536190476192,15395.25,34836.58,42726.61
1880,39,8,57,0.5950245067608314,0.34278229739870647,17953.049298245616,15395.25,20952.39,26544.65
1690,35,10,70,0.750987357900779,0.42334208755707703,19022.129714285715,15411.16,27977.33,33127.38
1833,38,9,55,0.7060007161888048,0.38215581285467,19331.293636363636,15411.16,25710.52,30753.24
1738,36,10,12,0.4586642628126156,0.37662572465208727,16113.020833333334,15411.16,16929.16,22801.05
1110,23,6,38,0.657848137248698,0.362385630903672,32028.699210526316,15427.09,51841.71,56912.64
1846,38,22,58,0.7535475157095705,0.3718756327547273,20475.50603448276,15427.09,27695.87,33036.22
0,0,0,123,1.0,0.41213170947860484,19898.92121951219,15427.09,25492.39,30590.71
1721,35,41,97,0.9608562832598938,0.5130829771273221,26079.413402061855,15427.09,55201.96,61860.94
1479,30,39,89,0.761628483964103,0.34177192986310323,24285.322471910113,15427.09,34542.39,43417.48
332,6,44,100,0.8053114376412718,0.4815849018154034,28126.122000000003,15427.09,59298.73,64756.17
1639,34,7,56,0.4929978555379076,0.3262214807501557,16809.079999999998,15491.01,18699.77,23838.52
355,7,19,84,0.642685105720192,0.3493799670821221,18811.337142857144,15491.01,23311.73,28996.3
1745,36,17,12,0.4854133002282656,0.40306208075150957,16189.055833333332,15491.01,17054.83,23642.52
1737,36,9,15,0.49083472748584334,0.3766115164737401,16517.018,15491.01,18720.07,23782.29
295,6,7,82,0.6985635014342929,0.3720747981418644,19495.174024390246,15491.01,26283.89,31374.49
1835,38,11,52,0.6835741011139091,0.3725543638795296,19191.863076923077,15491.01,24675.34,30110.76
1636,34,4,54,0.45580447781993205,0.30762195768319534,16621.701111111113,15491.01,17795.93,22907.26
842,17,26,28,0.8209242128459416,0.4048369510435789,19439.50892857143,15491.01,25585.55,30671.81
1887,39,15,57,0.5770939034692592,0.3351559747578238,17944.171578947367,15491.01,20928.83,26251.55
1697,35,17,71,0.7549662455706254,0.41909009293412275,19227.689154929576,15491.01,27906.57,33403.16
1878,39,6,54,0.5454991389110537,0.33748925795614715,17517.470740740744,15507.04,19882.33,25461.45
1739,36,11,13,0.4748816594232476,0.37809806908097204,16398.758461538462,15507.04,18162.29,23448.77
752,15,32,88,0.7758391893201554,0.27607119837207733,29033.724659090905,15523.09,40256.3,46449.59
1750,36,22,18,0.5484038836562359,0.3654537331502551,17530.198888888888,15523.09,20396.61,25461.45
846,17,30,25,0.7599318307174068,0.4888639880523782,17489.5664,15523.09,22774.6,28699.64
844,17,28,25,0.7461010639821777,0.48542904646686785,17325.7072,15523.09,21700.95,28263.01
714,14,42,98,0.9701079923316543,0.5698449046511751,31303.106020408166,15523.09,112509.73,130631.02
1657,34,25,13,0.40002096724256236,0.3292470110096101,16434.55615384615,15523.09,17328.08,22408.76
666,13,42,99,0.9371262035583784,0.5920375472656481,31399.529191919195,15523.09,120737.61,125954.73
338,7,2,84,0.6299822885686903,0.37886713659814103,17986.257976190478,15523.09,22512.45,28407.46
1433,29,41,107,0.8766944145919662,0.22387087962901794,37005.99420560747,15523.09,56260.74,62370.57
1648,34,16,57,0.501169955653856,0.313384819950113,17202.472105263158,15523.09,18822.0,24208.61
330,6,42,98,0.960156566564663,0.6670763822830357,30260.202755102044,15539.16,158434.67,167961.95
1885,39,13,56,0.5687041425684956,0.33770824087450874,17983.851964285714,15539.16,21261.97,26348.73
1702,35,22,71,0.8041132567344603,0.4378320497351873,19830.887887323952,15555.25,28996.3,36473.41
1800,37,24,104,0.6833486039025963,0.3819857472086939,20336.480096153842,15555.25,26219.28,31458.76
1879,39,7,57,0.5661590480108483,0.33645960451030865,17845.992280701754,15555.25,20764.89,26090.74
1650,34,18,47,0.4632197121998766,0.2873607457685346,17116.292765957445,15555.25,18201.42,23230.05
849,17,33,25,0.7519119461591686,0.4884876536296463,17429.1652,15555.25,22460.52,28553.0
429,8,45,79,0.871237681866248,0.6142194785468059,26577.38873417722,15555.25,71631.49,94364.8
340,7,4,84,0.6260584255698188,0.37685500697094954,17976.557023809524,15555.25,22774.6,28263.01
348,7,12,86,0.6097175574797304,0.36845076037004887,17824.73220930232,15555.25,22357.16,27626.15
1818,37,42,100,1.0,0.6729434901547511,30571.613400000002,15571.36,143283.25,166426.73
349,7,13,84,0.6182779710224843,0.37992803854096385,17827.770119047622,15571.36,22460.52,28119.63
1785,37,9,101,0.6306576765983027,0.389343293194849,19407.708811881188,15587.49,25033.8,30071.27
1635,34,3,51,0.4281533539651533,0.29337750895991604,16607.892941176473,15587.49,17438.93,22460.52
884,18,20,14,0.5178753544518152,0.36683819942430906,16563.64214285714,15587.49,17795.93,22801.05
1829,38,5,49,0.696562278717084,0.391023505105944,19258.73367346939,15587.49,25461.45,31040.83
835,17,19,23,0.6356030441268362,0.45699126597991574,17286.747391304347,15587.49,21651.57,27556.69
1645,34,13,57,0.5152270170584413,0.33799057119271037,17143.553157894738,15587.49,19729.22,24853.65
257,5,17,20,0.46827598948955135,0.2969496698969215,17417.132999999998,15587.49,18578.57,23670.38
1897,39,25,11,0.41313308519903624,0.34230736982620064,16612.43727272727,15587.49,17291.33,22987.37
843,17,27,25,0.7484955407880626,0.4659025048513299,17619.3884,15587.49,21118.33,28553.0
2092,43,28,24,0.5465750564555193,0.2544529326471087,19715.8,15603.64,22616.81,27765.84
1890,39,18,46,0.5117427524648464,0.2976955219281157,17839.21630434783,15603.64,19491.78,24616.31
1685,35,5,68,0.7192565240764832,0.3916038311198017,19321.64323529412,15603.64,26348.73,32145.38
2084,43,20,25,0.4179539361616112,0.2617999648605449,19694.087199999998,15603.64,22933.92,28480.09
1672,34,40,87,0.7726383945667288,0.4998164881386445,20575.107011494252,15603.64,32765.05,43769.74
304,6,16,80,0.7223445199506756,0.3789668699571508,20000.604249999997,15619.82,27765.84,33081.75
1646,34,14,57,0.514530918806495,0.3200286166774386,17358.29052631579,15619.82,19449.01,24734.57
889,18,25,21,0.5499121154965259,0.3946253238713868,17827.630952380954,15619.82,21553.27,26676.44
1876,39,4,56,0.548001206759247,0.3350288456512226,17696.364464285714,15619.82,20602.68,25710.52
339,7,3,84,0.6354080198680702,0.3823250872182181,18082.385238095238,15619.82,22960.62,28773.39
1517,31,29,54,0.4844208861429806,0.23465712218277518,21414.125740740743,15619.82,25033.8,30229.68
255,5,15,20,0.46650115314491963,0.29854744680512485,17400.104,15619.82,18498.34,23698.29
313,6,25,79,0.7066106352100765,0.3570557492982651,20141.20632911393,15636.01,26544.65,32364.63
1888,39,16,56,0.5564466384050025,0.3239542830438634,18045.991785714286,15652.22,20881.81,26058.75
256,5,16,7,0.39183390866330114,0.3617461001316274,16032.714285714286,15652.22,16317.87,21950.17
1733,36,5,13,0.47741609258574147,0.383230691061353,16483.006923076926,15652.22,17776.91,23810.38
1839,38,15,55,0.7038265956287889,0.3603238948549958,20107.096909090906,15652.22,26610.43,31628.31
1832,38,8,55,0.712153657297094,0.3661375289410707,20149.763272727276,15652.22,26479.11,32014.92
1736,36,8,15,0.5221801636546876,0.3820192837872957,17104.936,15652.22,19948.42,25033.8
1734,36,6,15,0.48005822896196165,0.3635190423299704,16828.334666666666,15652.22,19028.03,24036.8
306,6,18,80,0.7168385783059834,0.3673400860960666,20236.261125,15652.22,27730.82,32945.45
302,6,14,83,0.713266286775868,0.36995514926561757,20124.648554216867,15652.22,27660.98,32765.05
1830,38,6,53,0.6780655254949962,0.3681517417376596,19622.425094339622,15668.45,25710.52,30917.09
1695,35,15,71,0.7639995079537654,0.4159495154822932,19909.47422535211,15684.7,29603.42,35134.67
1179,24,27,23,0.8797885516380941,0.5462676600994678,30009.47347826087,15684.7,100279.32,106570.16
1743,36,15,14,0.5129798608264272,0.38383133870628994,17006.254285714287,15684.7,19794.65,24853.65
293,6,5,83,0.7438599386796576,0.3859971398533855,20359.877710843375,15684.7,29071.17,34156.08
1875,39,3,54,0.5276735241234163,0.32577101214329535,17642.342037037037,15684.7,20103.78,25276.9
1688,35,8,71,0.770640707306773,0.4112649216396352,20039.57704225352,15684.7,29992.53,35184.73
847,17,31,23,0.7904241268314302,0.39259996562801075,19526.429130434786,15684.7,23754.24,30309.35
1634,34,2,57,0.4960108222661867,0.3146005492797082,17266.27368421053,15684.7,19194.97,24382.16
1691,35,11,71,0.7357707519042335,0.4155532140407566,19293.190563380285,15684.7,27977.33,33310.84
1820,37,44,118,0.7948964135129538,0.46135101458889466,30575.65686440678,15700.98,58141.67,65307.78
859,17,43,25,0.7486420205311717,0.44902304783196745,18154.26,15717.27,23866.7,28996.3
1746,36,18,12,0.4356309046028425,0.35738885647028634,16485.534166666665,15717.27,17420.39,23040.99
1516,31,28,39,0.43846486150939634,0.26101575920158393,19614.20435897436,15749.92,23230.05,28263.01
1753,36,25,10,0.380415929164231,0.32195024919133475,16737.237,15749.92,17457.49,22590.65
1158,24,6,23,0.7648814447201729,0.5375308419056037,30232.036956521744,15749.92,98522.22,103652.78
1674,34,42,99,1.0,0.6635869763826742,28872.396363636355,15749.92,126864.97,132592.78
1886,39,14,57,0.5692077501098249,0.3267840926080907,18321.008245614034,15749.92,21358.47,26742.69
262,5,22,29,0.50125599733186,0.28470787709598205,18204.747931034482,15749.92,19926.36,24973.54
409,8,25,72,0.5375971939158251,0.32215063309725483,19085.394305555557,15749.92,22721.83,28773.39
1781,37,5,91,0.8351273135165599,0.3766112938803363,19143.726263736262,15749.92,23366.42,28407.46
1168,24,16,23,0.8629768238343081,0.5483694824008947,30498.28,15749.92,102712.45,108599.64
1612,33,28,75,0.5027254073215487,0.2900845904731176,18570.7868,15749.92,21358.47,26544.65
1741,36,13,14,0.5082488784386396,0.3570162878291154,17447.876428571424,15749.92,19904.33,25064.0
1291,26,43,113,0.8805728219711118,0.2384288188685813,88566.24407079647,15766.28,210090.06,225277.3
249,5,9,20,0.4569745188568283,0.2970602093909084,17476.3145,15766.28,18578.57,23782.29
1519,31,31,67,0.5166116682398644,0.22782646882683918,22736.65791044776,15782.65,26942.87,32232.81
1787,37,11,95,0.5903186486396853,0.3898290435776902,19112.60094736842,15782.65,24093.88,29146.33
928,19,16,22,0.7464058678113759,0.5064577371923054,20044.30863636364,15782.65,30794.08,36001.13
670,13,46,57,0.5834770873091434,0.3488812050120861,20829.810701754384,15782.65,29603.42,34836.58
1831,38,7,53,0.6904544060446128,0.37164816303153264,19813.82660377358,15782.65,26479.11,31543.36
294,6,6,81,0.6966554781711736,0.37623098548977996,19752.39740740741,15782.65,27213.2,32232.81
1133,23,29,42,0.6721332393965554,0.32281471627982516,32728.851190476194,15782.65,50199.01,55727.09
333,6,45,82,0.8860224038665125,0.6040630446878743,27531.479512195125,15782.65,86707.14,110700.96
671,13,47,57,0.5834770873091434,0.3488812050120861,20829.810701754384,15782.65,29603.42,34836.58
307,6,19,80,0.7130371963890251,0.3605738836677565,20531.151,15799.05,28191.18,33403.16
1786,37,10,93,0.5721308176531518,0.3824196566239525,18282.421397849463,15799.05,22050.96,27077.54
1481,30,41,109,0.8699622174862757,0.39379034345944536,29200.27788990825,15799.05,59892.09,65446.95
1518,31,30,46,0.4359676061660939,0.2546750921115115,19813.933695652173,15799.05,22933.92,28155.37
1837,38,13,52,0.6768584807501331,0.3744335906260654,19646.534615384615,15799.05,25867.97,31374.49
1874,39,2,57,0.5669242682431772,0.3316274846805409,18266.12947368421,15799.05,21286.04,26809.18
278,5,38,58,0.6269354822465805,0.31380877545632774,19534.69724137931,15799.05,24208.61,29221.78
1651,34,19,57,0.5305679407594871,0.31253291701492897,18039.454736842104,15799.05,20215.74,25836.37
1132,23,28,39,0.6633922745906745,0.34099499697709623,31261.741794871792,15815.47,48725.57,54994.24
716,14,44,99,0.7201370888033274,0.32189981208058494,27794.846464646464,15815.47,44707.67,50110.29
1284,26,36,111,0.8592226502954294,0.24816425032529088,85010.56882882884,15815.47,197793.8,212483.69
888,18,24,20,0.6161380621273839,0.48380452697580345,16721.7875,15815.47,18240.65,26875.9
1686,35,6,68,0.7197394486063194,0.4175267390723957,19054.135882352944,15815.47,25585.55,33081.75
1644,34,12,54,0.4616013634398252,0.29671460254200216,17264.474444444448,15831.91,18538.4,23810.38
258,5,18,11,0.4231959689132974,0.339061872096577,16801.17090909091,15848.37,18084.37,23094.79
1135,23,31,27,0.7010751472226597,0.3727575221320394,27952.403703703705,15848.37,51284.3,62628.1
1687,35,7,69,0.7295352910758642,0.40623134370279307,19592.965652173916,15848.37,28699.64,33729.39
1735,36,7,13,0.49015915702929086,0.39300694656630947,16731.63,15848.37,18418.55,24616.31
1720,35,40,85,0.7887623025578028,0.47193185339514565,24518.495529411768,15864.85,43698.91,54480.68
1698,35,18,71,0.7230724954413122,0.38684391570010473,19876.367464788735,15864.85,28299.01,33542.38
1285,26,37,110,0.8617686904692029,0.2473839175621798,84510.18018181818,15864.85,192647.28,208912.44
2009,41,41,96,0.8820667861519771,0.43748207092376895,26784.043124999997,15864.85,49670.62,54994.24
2070,43,6,17,0.3371683950747161,0.22677697674520783,18699.62941176471,15864.85,20103.78,25215.81
669,13,45,78,0.8405335178799198,0.5094043495357704,27227.055256410258,15864.85,59892.09,78341.52
1842,38,18,49,0.6365571961463141,0.33029138508963696,19810.939795918366,15881.35,24557.47,29603.42
1840,38,16,54,0.6809369893212291,0.3558195219711352,20129.21425925926,15881.35,26348.73,31501.02
1782,37,6,96,0.5592569679979995,0.38085283682108373,19630.960625000003,15881.35,24973.54,30071.27
1789,37,13,109,0.7204703351486158,0.3898498770619329,20175.44504587156,15881.35,25215.81,31040.83
1181,24,29,22,0.8688325101395937,0.500142179531906,28055.396818181813,15881.35,96820.16,102094.18
1684,35,4,67,0.6892802363024023,0.40254931932450705,18929.686119402988,15881.35,24324.12,31885.26
1493,31,5,21,0.35056040728520066,0.23836558596844315,18353.024285714288,15881.35,20464.99,25710.52
406,8,22,74,0.603563906306275,0.37602506757415366,18419.135135135137,15897.87,23393.82,29680.64
265,5,25,10,0.4297558651100207,0.3400953639179296,16886.988,15897.87,18260.31,23366.42
254,5,14,18,0.43690988353564186,0.2860239976232107,17596.84833333333,15914.42,18578.57,23586.93
300,6,12,84,0.7065332734996964,0.37462988758431137,20298.119880952385,15914.42,28480.09,33495.87
897,18,33,21,0.6589260898650557,0.49982323972923887,17398.168095238096,15914.42,22460.52,28699.64
1696,35,16,71,0.7336901799946199,0.40406640944151023,19789.217464788733,15914.42,28847.41,34252.03
1884,39,12,42,0.480199525291314,0.30910917373937474,17578.760714285716,15914.42,19470.38,24498.84
1744,36,16,12,0.4748727283963555,0.3923321449327553,16663.51166666667,15914.42,17757.91,24353.12
1891,39,19,58,0.5819684334944045,0.31384414739347116,19010.815344827588,15914.42,22616.81,27660.98
290,6,2,81,0.7209574609791185,0.3825900554443045,20384.37135802469,15914.42,28996.3,34204.0
1828,38,4,55,0.6734268416273086,0.36326802231004196,19933.353090909095,15914.42,26283.89,31290.57
1521,31,33,53,0.4340611094423367,0.25116614832068823,20110.834905660377,15914.42,23257.23,28371.24
892,18,28,21,0.635025360220832,0.4879866183776823,17362.22857142857,15930.98,22305.72,28227.06
1732,36,4,15,0.46667814117575657,0.3588681277504311,16968.11,15930.98,19194.97,24208.61
1683,35,3,68,0.6868494071238848,0.3911473631857696,19212.068382352943,15930.98,26058.75,31971.61
1627,33,43,86,0.54335022444492,0.3062371147792843,19404.292325581395,15947.57,23698.29,28736.48
1180,24,28,21,0.8462094422897647,0.5401521412915995,23730.769523809526,15947.57,53975.16,94364.8
1978,41,10,48,0.5781256826207245,0.35298129148256185,18387.844999999998,15947.57,22305.72,27626.15
1979,41,11,52,0.6076546523061862,0.3519354771879062,18915.396538461544,15947.57,23586.93,28699.64
717,14,45,80,0.843448399494391,0.4626530049417009,28406.589500000002,15947.57,61233.89,83177.96
1793,37,17,92,0.5744502194313984,0.36566871189158456,19037.39956521739,15947.57,23810.38,28847.41
1827,38,3,53,0.6593404646188215,0.3615216989246365,19722.456981132073,15947.57,25616.71,30794.08
292,6,4,79,0.7123059838493149,0.38699602296265573,20044.33506329114,15947.57,27800.93,33682.49
334,6,46,83,0.6940107840025899,0.4417127366026408,23459.370722891563,15997.45,39283.93,50110.29
335,6,47,83,0.6940107840025899,0.4417127366026408,23459.370722891563,15997.45,39283.93,50110.29
1183,24,31,23,0.8695604338604791,0.46454044448767307,33275.068695652175,16014.12,104608.9,109992.31
1166,24,14,23,0.7426205076853016,0.5305312444962543,30802.675217391305,16014.12,102094.18,107915.35
883,18,19,21,0.6358439613263085,0.4600746486054789,17588.837619047623,16014.12,21406.95,28407.46
1838,38,14,55,0.6843500090270276,0.3514234357231433,20514.092,16014.12,27010.09,32189.05
894,18,30,21,0.6513366876966333,0.49058137743541375,17480.03761904762,16014.12,22382.94,28553.0
247,5,7,20,0.45391825531815394,0.29279012126809906,17809.5605,16014.12,19069.58,24266.27
291,6,3,81,0.719345993992066,0.3823913963252772,20467.21913580247,16014.12,29071.17,34396.74
1977,41,9,56,0.6087765825063619,0.3535921586227145,19033.03678571429,16014.12,23923.21,28958.97
1731,36,3,13,0.44383796117563146,0.36791670287092393,16706.766153846154,16014.12,18064.95,23866.7
1134,23,30,42,0.6707738698368281,0.3137078836514051,33496.2030952381,16014.12,50556.48,56046.25
301,6,13,83,0.6990746683921893,0.3778081380327034,20168.170240963856,16014.12,27906.57,33403.16
1111,23,7,41,0.6467856139136325,0.33246805760836684,33569.18731707317,16030.81,53182.58,58255.64
430,8,46,75,0.6600679761815975,0.45239061015449833,21849.735200000006,16030.81,37837.53,44707.67
431,8,47,75,0.6600679761815975,0.45239061015449833,21849.735200000006,16030.81,37837.53,44707.67
1742,36,14,15,0.49556186176133665,0.35960663624504374,17509.852000000003,16030.81,20126.11,25215.81
1694,35,14,72,0.7474657180987201,0.40254797731554404,20421.087222222224,16030.81,30631.22,35742.86
1780,37,4,93,0.5634331767558379,0.36985819342256265,19449.86892473118,16047.52,24122.49,29297.52
1821,37,45,84,0.871678123649212,0.6056712070031308,28826.041904761903,16047.52,91512.71,114373.48
1826,38,2,56,0.6897723607874399,0.3540401659508902,20667.050892857143,16047.52,27179.19,32586.16
1985,41,17,52,0.6107832869017644,0.3539838903777482,19073.15903846154,16047.52,23923.21,29146.33
762,15,42,97,0.9585800991768437,0.46303445948966493,37481.95041237113,16047.52,113248.5,141018.91
1798,37,22,109,0.6169097535223371,0.38374942948780033,20984.24201834862,16047.52,27349.84,32364.63
1990,41,22,56,0.6582969790424282,0.35972040169251623,19857.497499999998,16081.01,25033.8,31248.74
337,7,1,84,0.5934803462036553,0.3539581702018258,18569.343214285716,16081.01,23148.76,28699.64
1722,35,42,96,1.0,0.6032162492984129,32326.451354166667,16081.01,99687.32,175214.38
808,16,40,92,0.8516023777595817,0.24204442873844007,33089.775434782605,16081.01,46527.84,54582.74
1699,35,19,71,0.7555544355415523,0.40292997330267205,20667.364507042254,16097.79,30550.28,36901.41
1615,33,31,75,0.542542289949803,0.3367196686159986,19489.767466666668,16097.79,24794.01,30389.34
1730,36,2,15,0.49199151390500506,0.3651657012941405,17426.813333333335,16097.79,20059.23,25276.9
1784,37,8,102,0.5974113670429587,0.36907627952951333,20494.10235294118,16114.59,26283.89,31374.49
2096,43,32,84,0.699679354797128,0.2642952791769403,29037.235119047615,16114.59,41397.01,48305.81
1783,37,7,102,0.5742890054625238,0.37243517144048555,20217.458529411764,16114.59,25554.44,30712.49
1779,37,3,95,0.5525977533258646,0.37067399436419446,19463.804736842103,16114.59,24093.88,29146.33
1490,31,2,33,0.3975818420782509,0.24215771523931834,20152.02696969697,16114.59,23698.29,28773.39
1613,33,29,75,0.4576966375239133,0.2999107091022929,19189.268666666667,16114.59,22643.0,28119.63
1182,24,30,21,0.8534549713482358,0.5249914247678146,24213.282857142858,16114.59,53280.57,94632.04
2104,43,40,85,0.7405381938564273,0.29458488272857636,29664.842000000004,16114.59,47322.41,54685.13
1682,35,2,68,0.7291243566304098,0.40127092205249765,20069.683088235295,16114.59,25679.2,34935.51
1677,34,45,80,0.8603814452096754,0.603761152388772,26073.32025,16131.41,87631.56,93571.2
1747,36,19,17,0.5105137714811194,0.34821600767288974,18060.307647058824,16131.41,20928.83,26090.74
1705,35,25,68,0.6695124658632718,0.3397947438736915,20677.626029411767,16131.41,26187.06,32765.05
1623,33,39,83,0.59454951127249,0.3734179014951978,20268.831325301206,16131.41,28371.24,33729.39
1973,41,5,46,0.5979041116618651,0.37133524672494167,18656.618260869567,16131.41,23230.05,28921.71
399,8,15,69,0.553772570169668,0.337853239183651,17814.951014492755,16131.41,20881.81,26610.43
252,5,12,10,0.41029031665908966,0.3353387155659788,16970.367,16131.41,18162.29,23366.42
253,5,13,9,0.3908682283943374,0.33076023759336226,16812.093333333334,16131.41,17872.27,22880.64
1633,34,1,55,0.4489492489771642,0.2938105923736002,17470.58163636364,16131.41,19007.29,24151.15
1619,33,35,84,0.5411294218293153,0.32190457667937833,19720.216904761906,16148.25,24913.49,30031.86
898,18,34,20,0.5874258726752808,0.40959335062800983,18895.8035,16148.25,22305.72,29449.88
1916,39,44,98,0.744300672283692,0.41396327208921735,28264.162755102047,16148.25,48810.25,56260.74
1843,38,19,56,0.6930383650424226,0.33956591005497927,21266.480535714287,16148.25,27765.84,33310.84
356,7,20,86,0.5784916906191747,0.3336005822680308,18844.018953488372,16148.25,23311.73,28480.09
851,17,35,24,0.7433998147744447,0.40860483374079887,19274.28875,16148.25,22933.92,30309.35
1384,28,40,84,0.8591939814929174,0.21897404593020312,38210.22583333334,16148.25,49845.72,64483.38
401,8,17,70,0.5247094953122218,0.3234475225795244,18158.656857142858,16148.25,20975.98,26775.9
229,4,37,40,0.7263413427733713,0.28605340728103246,25271.971750000004,16182.0,30712.49,35949.24
357,7,21,84,0.5861150396870943,0.32911291057717207,19063.399285714288,16182.0,23614.7,28847.41
850,17,34,26,0.690825552106074,0.40150891816755896,19422.261153846153,16182.0,25124.57,30189.96
1836,38,12,44,0.5741363029298351,0.32274364077668394,19224.499090909096,16182.0,23040.99,28191.18
1137,23,33,42,0.6685170609216629,0.3141409019170589,33700.851904761905,16182.0,51284.3,56585.1
1974,41,6,53,0.5893276986478974,0.3438935430959771,19241.28962264151,16182.0,24065.32,29146.33
1692,35,12,70,0.7046370793369469,0.3888115521104203,20019.300285714286,16198.91,27941.91,34060.55
936,19,24,22,0.7267119266733307,0.5009841063273417,20292.148181818186,16198.91,30712.49,36526.48
1849,38,25,44,0.6215935446315993,0.32307143025404134,20184.37772727273,16215.84,24557.47,30150.32
1873,39,1,56,0.5172271288396036,0.3054763463956501,18497.28410714286,16215.84,21166.06,26348.73
2105,43,41,113,0.7146494208475875,0.2711661036487584,31038.31672566372,16215.84,46371.55,51468.98
1491,31,3,27,0.3504930055319489,0.22922890288013778,19316.96777777778,16215.84,21700.95,26875.9
1801,37,25,90,0.591142477569492,0.3343782962126211,20229.362111111113,16215.84,25215.81,30229.68
1243,25,43,34,0.811861272266908,0.47772118331015045,96403.93676470588,16215.84,272357.75,293282.41
1976,41,8,56,0.6329500748839899,0.3469658679100337,19874.202142857142,16215.84,25003.64,30631.22
1724,35,44,101,0.8501170683008218,0.4309680237636884,32183.593168316835,16215.84,62499.11,71959.17
2107,43,43,29,0.5441271030013567,0.25570663950908346,21170.54862068966,16215.84,24973.54,30229.68
1489,31,1,30,0.389567378410455,0.24169123090277214,20143.123000000003,16215.84,23866.7,28958.97
245,5,5,23,0.4672492699374376,0.2822437590883915,18391.828260869566,16232.79,19794.65,25033.8
1740,36,12,12,0.42433302155072306,0.3377945679619902,17118.134166666667,16232.79,18221.02,23726.24
1983,41,15,56,0.6235288959950026,0.34055817910459363,19882.362321428573,16249.76,25064.0,30349.31
1236,25,36,36,0.8086094306330169,0.47298924342741455,98904.87722222222,16249.76,266631.75,284551.28
852,17,36,25,0.6392427716551208,0.45948487603229304,17780.363999999998,16249.76,22933.92,28407.46
359,7,23,87,0.6027411811134598,0.352040238425505,19131.975862068964,16249.76,23951.54,29992.53
1794,37,18,74,0.5283480650655176,0.3404369662281359,18660.675675675677,16249.76,23230.05,28263.01
1693,35,13,72,0.7249678801882468,0.41533696626004407,20097.19083333333,16283.77,30309.35,35742.86
900,18,36,21,0.6154602795862322,0.46898661462490343,17681.69666666667,16283.77,22616.81,28407.46
907,18,43,21,0.5990901731176149,0.4505988184650012,18174.700476190475,16283.77,23311.73,28921.71
1791,37,15,102,0.5897230404416617,0.37231719057931767,20344.139803921567,16283.77,26026.81,31206.99
1488,31,0,27,0.4053645236772054,0.21923571677336856,21341.48148148148,16317.87,24853.65,30309.35
1336,27,40,70,0.9497384543846729,0.1895740011595687,56810.943857142855,16317.87,94632.04,99982.53
1282,26,34,115,0.862174392416286,0.22664992550898808,88181.20408695651,16317.87,208912.44,221287.44
246,5,6,21,0.4313361391770819,0.2857373904412699,17870.876190476192,16317.87,19237.01,24237.42
395,8,11,68,0.6154589029843968,0.3560506374937119,18663.684264705884,16317.87,22907.26,29146.33
1981,41,13,54,0.6112514906881515,0.3498534381014605,19723.65740740741,16317.87,25154.93,30389.34
407,8,23,74,0.5713826900062343,0.3406215578404193,19828.040945945944,16317.87,24151.15,31458.76
394,8,10,68,0.6145660617292494,0.35486160582256027,18723.79808823529,16317.87,23202.91,29221.78
393,8,9,68,0.606586488685856,0.35106989004825645,18666.50720588235,16317.87,22933.92,28958.97
1625,33,41,112,0.7428967230771228,0.4217876470398806,25135.933839285717,16317.87,43983.32,49670.62
1591,33,7,49,0.4671868493212627,0.27328483542372417,17930.207142857143,16334.95,19577.68,24675.34
2008,41,40,86,0.740627413797212,0.40980968042489097,26405.707325581396,16334.95,43840.75,54685.13
244,5,4,21,0.4464513736469339,0.28345073914558755,18224.979047619046,16334.95,19664.09,24794.01
242,5,2,25,0.45539816307252406,0.26729818187071347,18619.833599999998,16352.05,20059.23,25094.26
945,19,33,24,0.7469371453171582,0.4810485071928749,21929.86375,16352.05,33682.49,38695.02
309,6,21,77,0.6708223680485547,0.3460061939905594,20892.02766233766,16352.05,28407.46,33588.98
853,17,37,25,0.6783170866366593,0.4523917002066284,17994.966,16352.05,22907.26,28773.39
392,8,8,68,0.6031552880510227,0.3472841176626078,18715.581176470587,16369.18,23586.93,28847.41
1895,39,23,59,0.5495320541974379,0.3115052419294154,19302.838813559327,16369.18,23040.99,28263.01
1975,41,7,56,0.6061412594658607,0.3405367270256815,19755.000357142857,16369.18,24823.81,30031.86
1914,39,42,99,0.9870757669036487,0.5963781656429678,32616.928181818184,16386.33,136685.03,142142.66
930,19,18,22,0.7481596328599434,0.5004667615928384,20322.538636363635,16386.33,30958.25,36579.68
1185,24,33,21,0.8312470713371867,0.5200023708060567,24256.309523809523,16386.33,54378.94,92531.65
2079,43,15,24,0.4143273809381167,0.2520871736176847,19732.1675,16403.5,22721.83,28012.8
901,18,37,21,0.6149692663415012,0.4532394619806857,17999.814285714285,16403.5,22827.54,28699.64
1652,34,20,52,0.4467657430022788,0.28830662880625274,17883.50403846154,16403.5,19111.26,24704.93
940,19,28,23,0.7332837603488116,0.49040757815474456,21308.787391304348,16420.69,33036.22,38120.0
1237,25,37,35,0.8035763578027422,0.46633052091902294,93543.99600000001,16420.69,257587.41,268514.44
1589,33,5,20,0.3347680421021224,0.27162926920852243,17111.4315,16420.69,17834.04,22880.64
718,14,46,62,0.5598365926990247,0.25350774946042937,24321.13806451613,16420.69,30794.08,36686.43
719,14,47,62,0.5598365926990247,0.25350774946042937,24321.13806451613,16420.69,30794.08,36686.43
243,5,3,25,0.44890551931377487,0.26740502127417,18586.0868,16420.69,20037.0,25064.0
2099,43,35,27,0.5668047820911574,0.271319669190666,21504.693703703706,16420.69,26026.81,31458.76
1986,41,18,49,0.5596125502516548,0.30987105919559665,19638.577755102044,16437.9,23421.27,28480.09
1653,34,21,53,0.4618691676738556,0.2835462218714213,18247.343207547172,16437.9,20103.78,25215.81
1971,41,3,49,0.5570838551507505,0.3435506640093135,18875.08469387755,16437.9,23284.46,28335.09
235,4,43,43,0.7155130841049929,0.2684175007271835,26158.777441860464,16455.14,31628.31,36632.99
390,8,6,68,0.6127341753789582,0.34117837538853724,18925.059852941173,16455.14,23202.91,29108.72
942,19,30,24,0.738010714407508,0.476954719817009,22005.267499999998,16455.14,33588.98,38636.91
289,6,1,78,0.680176178803873,0.3682131333453301,20633.61128205128,16455.14,28480.09,34252.03
1972,41,4,52,0.5848299277719053,0.3525163027290733,19225.898076923077,16455.14,24237.42,29449.88
891,18,27,21,0.5898657427989964,0.45761699596520733,17721.225714285712,16455.14,22987.37,28191.18
391,8,7,68,0.5823068122206702,0.34089185154789325,18587.003823529412,16455.14,22827.54,28335.09
281,5,41,107,0.7802899395129412,0.37516483393399414,24503.682803738317,16455.14,36473.41,42455.23
1792,37,16,93,0.5501310961955242,0.3597486258062328,19828.666344086025,16472.4,24794.01,29914.1
1892,39,20,55,0.5070846703970072,0.29537878260819905,18893.833636363637,16489.69,21358.47,26742.69
398,8,14,66,0.5124366916926593,0.30182323353003226,18061.50681818182,16593.85,20648.86,25804.82
1825,38,1,55,0.6321621908271525,0.33361160964467074,20794.062181818186,16593.85,26742.69,31971.61
1432,29,40,89,0.8252896448398293,0.2231474570052411,38768.82573033708,16593.85,54582.74,67597.96
308,6,20,80,0.6647805504276816,0.3559441293082659,20902.654375000002,16611.29,29146.33,34156.08
1729,36,1,13,0.43403740719513245,0.34522763566110753,17527.394615384612,16628.76,19132.14,24853.65
1984,41,16,56,0.5891458510195811,0.3285036784351245,20063.768571428573,16628.76,25185.35,30189.96
1893,39,21,55,0.5061084860616497,0.28643042462655766,19246.398,16628.76,21651.57,27077.54
1822,37,46,89,0.6099691621919717,0.38974017135366995,24219.95595505618,16628.76,38348.37,43983.32
1681,35,1,68,0.6890468362836348,0.3864994507164782,20405.593970588234,16628.76,26643.4,35034.87
1778,37,2,103,0.5655383275527603,0.36288577796897736,20764.696601941752,16628.76,26219.28,31332.49
1823,37,47,89,0.6099691621919717,0.38974017135366995,24219.95595505618,16628.76,38348.37,43983.32
931,19,19,22,0.6949512132978343,0.481874112916504,21087.344545454544,16628.76,31713.61,38006.61
231,4,39,34,0.7859671941673991,0.36226394649290994,26150.590294117646,16628.76,37781.43,42794.9
311,6,23,81,0.678312125679537,0.35860152157495623,21312.555802469135,16646.24,29297.52,35285.2
1524,31,36,42,0.4157557794268743,0.2617996820392604,19515.298333333336,16663.75,22933.92,27977.33
893,18,29,21,0.5696413208872758,0.43533577030942056,17950.257619047614,16663.75,22616.81,27836.08
1679,34,47,68,0.49666862768531916,0.33728472803261855,20921.432647058828,16663.75,27977.33,33635.68
1678,34,46,68,0.49666862768531916,0.33728472803261855,20921.432647058828,16663.75,27977.33,33635.68
1982,41,14,56,0.6029445545469669,0.3328078554427922,20300.098928571428,16681.28,25647.93,30958.25
764,15,44,93,0.677774612594662,0.2527835754307887,31612.531505376344,16681.28,47001.92,52029.78
2103,43,39,75,0.6153991808420668,0.18282583415242434,26739.218266666667,16681.28,30189.96,35285.2
402,8,18,73,0.5362140566956538,0.32458823740380605,19385.871369863013,16681.28,23810.38,29526.5
1588,33,4,23,0.3130382112367953,0.2697759675707708,17127.64347826087,16698.84,17720.0,22827.54
1768,36,40,85,0.6887162180056198,0.36894339855952185,24668.93211764706,16698.84,37781.43,46216.13
1788,37,12,79,0.5095844930730148,0.34910006014394,19209.429493670887,16716.42,23923.21,29146.33
263,5,23,29,0.463454320314104,0.2568480662077258,19370.67724137931,16716.42,21213.94,26219.28
1655,34,23,55,0.4708174308243516,0.31872838854213525,18066.146000000004,16716.42,20928.83,26154.89
2091,43,27,28,0.46375650378407535,0.27187290934977104,20346.479285714286,16734.02,24382.16,29992.53
2069,43,5,10,0.4043803534915478,0.25092028588091336,19032.538999999997,16734.02,20579.65,25647.93
1525,31,37,44,0.43093923040299564,0.24515536596422915,20093.893636363635,16734.02,23257.23,28335.09
1970,41,2,56,0.5950682267912383,0.33468635450939643,20193.867321428574,16734.02,25276.9,30794.08
1760,36,32,77,0.6159910181243858,0.34807386773579246,23356.906363636368,16734.02,34935.51,40380.55
937,19,25,22,0.6873414418128684,0.4512672645043787,21244.866818181818,16769.29,31458.76,36847.48
2095,43,31,24,0.5308083046724921,0.283890613562495,21033.227083333335,16769.29,25773.33,31501.02
1790,37,14,102,0.57212629711167,0.3583682093702449,20722.47617647059,16769.29,26283.89,31501.02
2078,43,14,23,0.3899892908775247,0.24346217862245853,19905.07,16769.29,22880.64,27977.33
400,8,16,71,0.5306472496752233,0.32045306145727026,19135.77309859155,16769.29,23094.79,28773.39
1987,41,19,56,0.6102141591401736,0.32302117945342385,20965.811964285713,16822.37,26775.9,31971.61
939,19,27,22,0.6917271794241339,0.47589731598372553,21039.33,16822.37,31374.49,37392.4
1480,30,40,92,0.7990665401077538,0.38789564183055325,29770.638152173913,16840.11,51468.98,65446.95
1108,23,4,41,0.6103096433536898,0.3033018221135753,34666.78756097561,16840.11,53378.87,58484.71
389,8,5,68,0.6213763051460753,0.34487560930647293,19008.562499999996,16840.11,23257.23,29449.88
396,8,12,70,0.6252189114677685,0.34105220170326306,18854.196142857145,16840.11,22933.92,28996.3
2093,43,29,23,0.4602504469698441,0.2642456164695182,20371.863478260875,16840.11,23559.21,29297.52
261,5,21,15,0.40305129387835537,0.2911600111706912,18224.747333333336,16840.11,19577.68,24675.34
1844,38,20,53,0.6212261321415117,0.3300178733064598,21005.318490566035,16840.11,27315.59,32364.63
1993,41,25,43,0.5113255695955273,0.2818423236337018,20079.334186046508,16840.11,22987.37,28119.63
1700,35,20,71,0.6834542068737504,0.3807834472908707,20831.6438028169,16840.11,30349.31,35897.47
1624,33,40,88,0.7102127532031015,0.453089561366645,23513.557840909092,16840.11,43487.57,51561.75
388,8,4,68,0.6200081118407827,0.3332847552518627,19162.710147058828,16875.66,23148.76,29297.52
1980,41,12,46,0.5187374473437474,0.3196260641383039,19268.58565217391,16875.66,23148.76,28191.18
1725,35,45,78,0.9104750982425643,0.5674743551700053,29551.07884615385,16875.66,86478.77,126864.97
1748,36,20,12,0.42745192451294367,0.35354409233684486,17629.579166666666,16875.66,18822.0,25215.81
946,19,34,20,0.6599472347641026,0.40618279442039124,21549.222500000003,16875.66,28553.0,35640.36
1772,36,44,100,0.7015506060467191,0.3397545228581783,29875.347400000002,16875.66,49065.75,54176.42
1531,31,43,66,0.47850031567483103,0.22889750268098744,21957.164696969696,16875.66,25710.52,30917.09
405,8,21,74,0.5149494291731948,0.31377519308864266,20051.117297297296,16875.66,24498.84,30550.28
1770,36,42,98,0.9040188745250297,0.5339136846708188,32899.08336734694,16893.47,130148.98,135640.13
1701,35,21,71,0.6829889164006778,0.3728954253136433,21149.877887323943,16893.47,30835.0,36314.91
948,19,36,22,0.7093224161694249,0.49378260230761806,21119.262272727272,16893.47,32765.05,38463.37
397,8,13,70,0.6507351090933744,0.3470392025655328,18962.201428571425,16893.47,22933.92,29526.5
260,5,20,20,0.4039229124456851,0.2634361860038368,18623.8535,16911.3,19751.0,24853.65
241,5,1,19,0.39770794274047233,0.2671347544462002,18411.626842105266,16911.3,19491.78,24675.34
1523,31,35,74,0.4979023463951383,0.22024081293861847,22916.458513513513,16911.3,27145.25,32145.38
1845,38,21,53,0.6240096157798007,0.3221817515781163,21379.420377358485,16911.3,27695.87,32765.05
1799,37,23,111,0.6496984947057646,0.38080642916907276,21761.497837837836,16911.3,28480.09,33682.49
800,16,32,93,0.7194927348000885,0.2057184570062345,31966.84344086022,16911.3,41267.73,47161.71
1749,36,21,12,0.4376162556671589,0.3653457261381177,17677.73,16911.3,19028.03,25679.2
216,4,24,47,0.5927897435412061,0.3208276012414282,22637.758297872337,16929.16,26875.9,31971.61
387,8,3,67,0.6263543604951982,0.33638338061436673,19229.255223880595,16929.16,23586.93,29564.92
226,4,34,40,0.6940496888388932,0.2793518498586761,26324.997249999997,16947.04,32765.05,37781.43
386,8,2,66,0.6165973811123096,0.33122613400830336,19187.649090909094,16947.04,24008.33,29184.02
1234,25,34,33,0.7962960775307568,0.4617748382475764,94399.66939393939,16947.04,272357.75,291051.47
1522,31,34,72,0.48650500225049936,0.2325957014883907,22213.400555555552,16964.95,26090.74,31458.76
222,4,30,45,0.6622362028237103,0.26306591507323307,25830.810888888893,16964.95,30349.31,35845.82
221,4,29,46,0.6458647670445581,0.29247649850951535,24592.71130434783,16964.95,29603.42,34885.99
2068,43,4,7,0.3743213208078651,0.27589110110159554,18415.615714285716,16982.88,20215.74,25215.81
1917,39,45,79,0.8383354875129141,0.545571905423503,28538.33544303797,16982.88,93571.2,99101.66
1777,37,1,100,0.5286666291225874,0.3470437668066759,20756.3949,16982.88,26026.81,31040.83
941,19,29,22,0.6823423954690168,0.46434993637423094,21317.185,16982.88,31458.76,37558.35
765,15,45,77,0.7919953236070745,0.36597075372081284,33962.95753246753,17000.83,65586.65,89051.75
1587,33,3,42,0.3428965981669683,0.2590012570769374,18110.72761904762,17000.83,19237.01,24266.27
1751,36,23,19,0.4635616485466114,0.2994665582462296,19272.72736842105,17000.83,21750.49,26809.18
2067,43,3,6,0.36441089500637835,0.2857434335612682,18116.326666666664,17018.8,19427.67,24973.54
403,8,19,74,0.5606428494066085,0.3278859753376682,19850.087297297297,17018.8,24498.84,30794.08
227,4,35,35,0.6907634604217265,0.2875179222350297,26091.51685714286,17036.8,32586.16,38006.61
1847,38,23,58,0.6451931938213755,0.3301329290628805,21841.93017241379,17036.8,28810.36,34348.4
1626,33,42,99,0.9277759215307732,0.5886843422497385,32052.764343434344,17036.8,139911.63,145616.44
1526,31,38,47,0.45070935746078244,0.20868299378681485,21742.479787234042,17054.83,24208.61,29221.78
955,19,43,23,0.7093224161694249,0.4578962764497825,22063.716521739127,17054.83,33310.84,38463.37
223,4,31,29,0.6869321075851127,0.3202372614312036,24664.415172413796,17054.83,32720.19,37837.53
225,4,33,44,0.6577096086681704,0.2507109518366986,26314.49090909091,17072.88,31040.83,36053.13
1703,35,23,73,0.6947873143366732,0.3886243854538351,21385.48493150685,17127.16,32408.75,37781.43
1864,38,40,80,0.8193671927820654,0.42957087957068796,26697.019125000003,17127.16,47322.41,58141.67
1109,23,5,41,0.6032690464343523,0.3106821766063819,34301.87853658536,17163.47,53378.87,58599.84
385,8,1,65,0.6279400876572152,0.31108782775607224,19761.084461538463,17163.47,24151.15,29564.92
228,4,36,40,0.6485502034785855,0.2669283780248345,25646.03825,17163.47,30876.0,35897.47
218,4,26,46,0.6442637800947186,0.27115399030748377,25651.45304347827,17163.47,30631.22,35640.36
1795,37,19,101,0.58494153416833,0.35673708215231503,21053.954653465345,17163.47,27145.25,32189.05
1527,31,39,84,0.5609470527210212,0.2366766545828129,24567.995952380952,17181.67,30917.09,35949.24
280,5,40,89,0.6667067815257314,0.40231244151816775,24839.353258426967,17181.67,39523.48,51468.98
220,4,28,37,0.6326043979490832,0.26496347184842156,25062.24513513513,17181.67,29992.53,35034.87
949,19,37,22,0.6954916326185433,0.4722163688986256,21468.25772727273,17181.67,33036.22,38463.37
1969,41,1,53,0.5303230527221444,0.31602799631537004,19957.02094339623,17199.88,24528.13,29564.92
1628,33,44,113,0.6813843083054496,0.3644622583972141,30075.784513274335,17236.39,50556.48,57577.48
272,5,32,88,0.6167854685618622,0.34935539880316907,24958.263295454544,17236.39,34252.03,45151.65
208,4,16,27,0.43108080405865645,0.2882527291957584,19387.626296296297,17236.39,20510.75,25554.44
384,8,0,61,0.6562959129329744,0.27920807575361545,21101.875901639338,17236.39,25647.93,30794.08
2071,43,7,18,0.40095741490400666,0.22734111025918058,19732.46722222222,17254.68,21553.27,26809.18
766,15,46,49,0.5459747270589118,0.21665709661419266,27260.116122448977,17254.68,34156.08,39765.37
1796,37,20,92,0.5175167024854116,0.35225215281517747,20872.523369565217,17254.68,26610.43,31628.31
767,15,47,49,0.5459747270589118,0.21665709661419266,27260.116122448977,17254.68,34156.08,39765.37
404,8,20,74,0.5021324407802157,0.3209730183087356,19654.014189189187,17291.33,23866.7,30071.27
1106,23,2,38,0.5893651220534523,0.3152111900505749,33230.214473684224,17309.7,52029.78,57802.03
219,4,27,46,0.6164829254006067,0.27144904647855567,25111.156086956522,17309.7,29603.42,34640.03
1376,28,32,86,0.7457159208466626,0.18367675381994208,36975.834534883725,17309.7,46527.84,56046.25
890,18,26,22,0.6305929011325281,0.40304165712674483,19353.875454545454,17328.08,24498.84,30150.32
336,7,0,81,0.5150159498508761,0.31510724698486187,19659.11283950617,17346.5,24324.12,29488.15
1866,38,42,96,0.9426479504120491,0.5205157148840776,36728.65729166667,17346.5,125056.52,167191.02
1868,38,44,96,0.7271416793736424,0.3657159065580395,32973.043854166666,17420.39,58715.34,66150.61
1797,37,21,90,0.5181617474201944,0.33189595906060654,21149.54466666667,17457.49,26676.44,31713.61
1988,41,20,53,0.5429359080248736,0.30981126118322677,20738.786603773584,17457.49,25867.97,30876.0
1328,27,32,51,0.8543114796559703,0.2022026024496844,48494.51176470589,17457.49,64756.17,87631.56
1283,26,35,112,0.8699328757819578,0.22746949570334835,89515.00375000002,17457.49,213700.14,226638.0
971,20,11,9,0.6160337843040349,0.3449902501905669,23885.74777777778,17476.08,31971.61,38120.0
1632,34,0,54,0.3952588083191853,0.2621482336979981,18812.107407407406,17494.69,19970.52,25616.71
968,20,8,9,0.6196473774127192,0.3518009743606506,23934.97666666667,17494.69,31971.61,38811.68
969,20,9,9,0.606850380244051,0.34082286717432003,23906.537777777776,17494.69,31628.31,38006.61
1147,23,43,41,0.655909741895539,0.3087447100953107,33037.247560975615,17494.69,51100.71,56260.74
203,4,11,24,0.5320568067345511,0.3100878561347015,22587.64375,17494.69,26026.81,31040.83
1989,41,21,54,0.5496380469645994,0.29949489879191804,21182.096481481483,17494.69,26283.89,31290.57
1586,33,2,72,0.37643595815002373,0.24394612339803023,19464.456944444442,17513.32,21358.47,26479.11
211,4,19,5,0.29088574783463506,0.26923989151266026,17755.692000000003,17531.99,18026.2,23040.99
1105,23,1,38,0.5808488400611039,0.3082508817646854,33853.58631578947,17550.68,52600.88,58715.34
1107,23,3,40,0.5975630047486792,0.30180007146180765,34133.4195,17550.68,51935.61,58484.71
1159,24,7,21,0.7686757543500266,0.5432618939910899,24416.934761904762,17550.68,57802.03,105908.98
1919,39,47,66,0.49968305609422325,0.30945857903775076,22777.601515151513,17550.68,31040.83,36053.13
895,18,31,19,0.6045003430189897,0.3865031486228035,19882.092105263157,17550.68,25094.26,30389.34
1918,39,46,66,0.49968305609422325,0.30945857903775076,22777.601515151513,17550.68,31040.83,36053.13
1872,39,0,56,0.45981807637394906,0.2728394728289153,19913.515535714283,17569.39,22616.81,27906.57
284,5,44,94,0.6536424222770625,0.3373622647802376,27786.87617021276,17569.39,44415.61,49758.04
282,5,42,99,0.8509713781163795,0.5439420077332096,32160.75050505051,17569.39,128253.38,134609.98
1773,36,45,76,0.7944299665767661,0.48264914001155423,28117.871447368416,17569.39,68192.39,93309.35
1104,23,0,35,0.579833125521824,0.29846242442452303,34432.69285714286,17606.89,54582.74,61233.89
202,4,10,28,0.5242874336784097,0.2730522425199468,23069.44,17606.89,26026.81,31040.83
1080,22,24,45,0.536492334638772,0.36085125782915944,28646.66644444445,17606.89,37893.76,50110.29
975,20,15,8,0.5562050785893602,0.312188826979397,23013.39,17625.68,29221.78,34836.58
1585,33,1,71,0.3544685596608848,0.23567948214366893,19775.592957746478,17625.68,21676.24,26775.9
932,19,20,23,0.707837434809305,0.4080918500700975,22008.230869565217,17625.68,29449.88,35640.36
970,20,10,9,0.6026912748442622,0.33357548645674373,24064.353333333336,17720.0,31885.26,37893.76
966,20,6,9,0.6076357396687504,0.3407852429170223,24036.87111111111,17720.0,31713.61,38405.8
1140,23,36,42,0.6678692008693061,0.31337989890052653,34145.07761904762,17720.0,52218.99,57802.03
961,20,1,10,0.6232619581569736,0.3299580884112014,24941.997,17720.0,33776.39,39343.6
973,20,13,8,0.5629390141787648,0.3210221286051109,22886.54,17720.0,29526.5,34935.51
1727,35,47,69,0.6323628962266309,0.39690424647543454,23766.796376811595,17757.91,38578.92,46527.84
1726,35,46,69,0.6323628962266309,0.39690424647543454,23766.796376811595,17757.91,38578.92,46527.84
855,17,39,46,0.6967524903192501,0.1546259278970126,27215.05630434782,17757.91,29221.78,34252.03
2066,43,2,16,0.39756353213449497,0.2147692638169761,20763.555625,17776.91,22880.64,27906.57
972,20,12,7,0.5336516031726386,0.3196251088135396,22074.73285714286,17795.93,27111.36,33588.98
967,20,7,9,0.6051235198338433,0.33783472255850666,24189.846666666665,17795.93,32058.32,38578.92
933,19,21,23,0.7161215289922015,0.42528723121728634,22004.540869565215,17795.93,30958.25,36955.46
288,6,0,78,0.5977968085133193,0.328374842956332,21938.776153846153,17814.97,29603.42,35234.91
200,4,8,29,0.5247150852636293,0.2862403607057827,23309.75724137931,17814.97,26676.44,31713.61
1195,24,43,24,0.8150071311444949,0.4572026962116686,31684.414166666666,17814.97,79112.48,85130.81
962,20,2,10,0.6092324528361456,0.31827633294649005,25096.756,17834.04,33776.39,38870.21
960,20,0,10,0.6344250366004441,0.34199942824536966,25138.601000000002,17834.04,34060.55,40756.99
1991,41,23,57,0.5563703057496987,0.3183269315000563,21339.38561403509,17834.04,27077.54,32720.19
964,20,4,10,0.6257089022289908,0.32980904376285347,25041.599000000002,17834.04,33870.7,39523.48
1424,29,32,92,0.7188884355993199,0.18738852360643204,37693.18869565218,17853.14,48725.57,58715.34
963,20,3,10,0.6248399412016826,0.32916230019290527,25098.332000000002,17853.14,33776.39,39644.14
965,20,5,10,0.6148876487892746,0.3239942097212228,25267.511000000006,17853.14,34252.03,39644.14
1629,33,45,81,0.785973546916713,0.5231916556300937,29131.242839506176,17853.14,97381.57,102712.45
230,4,38,33,0.6660451889292066,0.287520396425245,27175.04,17872.27,34836.58,40442.9
810,16,42,97,0.8717535983745729,0.4025357762369115,38919.47206185567,17872.27,110700.96,136685.03
1141,23,37,42,0.6615252211563273,0.30517018781298944,33672.69047619047,17872.27,50377.22,55939.52
1139,23,35,39,0.6468909552260519,0.28610884803509223,32851.5158974359,17872.27,48895.18,54582.74
2106,43,42,100,0.8488359380445759,0.4437801499135665,38961.7,17872.27,147413.47,155036.28
2012,41,44,100,0.806042480663609,0.3726351427105775,31720.637,17872.27,53975.16,63280.01
1188,24,36,24,0.8389767088145625,0.4808483975902371,32807.69125,17872.27,91261.14,97381.57
2010,41,42,99,0.9273096281515304,0.5351368356678946,36227.68303030303,17910.59,154372.98,161255.75
1869,38,45,77,0.803733833633763,0.4744191035436432,32000.14987012986,17910.59,82127.26,115905.77
1824,38,0,51,0.5701866416221472,0.311328431496503,21970.326862745093,17910.59,28119.63,33682.49
935,19,23,25,0.5454247877825877,0.3086344760970438,24938.621200000005,17910.59,31585.79,37009.64
285,5,45,78,0.7178752674291686,0.474159026372174,28118.042692307692,17910.59,63943.71,86251.47
1076,22,20,69,0.6164036071393545,0.27131277027408707,31241.287826086955,17929.79,40756.99,47081.7
899,18,35,21,0.5158526651778417,0.3860997965023885,19628.399047619045,17949.02,24557.47,29992.53
1189,24,37,21,0.8150754550674626,0.49746598583855955,24491.88047619048,17949.02,54176.42,86478.77
1680,35,0,68,0.620598143010948,0.3403557265748554,22161.255588235294,17949.02,30189.96,36686.43
1728,36,0,13,0.3853146783061643,0.30238623636836276,18951.903076923074,17949.02,20881.81,26283.89
1190,24,38,21,0.8223748037609597,0.3743889537331097,30861.395238095236,17968.28,54582.74,90021.7
1774,36,46,57,0.4511809691838004,0.2234998944168267,24074.727192982456,18026.2,29033.7,34204.0
974,20,14,8,0.55756797481645,0.2918091873221125,23978.68,18026.2,30071.27,35949.24
1529,31,41,107,0.6782933689403327,0.316478189413373,28705.940280373834,18026.2,48139.58,53378.87
1775,36,47,57,0.4511809691838004,0.2234998944168267,24074.727192982456,18026.2,29033.7,34204.0
1191,24,39,23,0.8395046541710249,0.33589850206962213,41130.99695652173,18026.2,94900.64,99982.53
1187,24,35,21,0.8213293457612493,0.4613177964949968,26236.310476190476,18064.95,54582.74,92019.64
1153,24,1,23,0.7124846475801945,0.47401048792346007,32565.29739130435,18103.81,101787.58,107576.14
1186,24,34,21,0.8157980135052031,0.45899639710924045,26270.946190476185,18103.81,54378.94,90513.82
1472,30,32,84,0.7034519004301616,0.39811301898175605,26676.29452380952,18142.77,45301.25,57577.48
1138,23,34,41,0.648548089755098,0.2813629704256888,34145.96341463415,18142.77,50199.01,55201.96
214,4,22,43,0.5685707192702102,0.3193139641570454,23994.809534883723,18142.77,29603.42,35134.67
934,19,22,24,0.6955013283369,0.4253204628196618,22208.9075,18142.77,31928.39,37118.37
2065,43,1,15,0.3825206663483508,0.21443375746424578,20951.074666666667,18142.77,23148.76,28191.18
1156,24,4,23,0.7526591874371406,0.47988678467556556,32036.566521739132,18162.29,100279.32,105581.22
1871,38,47,64,0.5380437367171691,0.294089560528545,25771.15046875,18181.84,35640.36,42590.57
1155,24,3,23,0.760451232419802,0.47826848329424193,32225.99086956522,18181.84,99982.53,106570.16
1154,24,2,21,0.7521177154326586,0.5097050042066134,25465.34142857143,18181.84,58255.64,105255.28
1152,24,0,23,0.6481330113998334,0.43111930912125873,34905.837826086965,18181.84,105255.28,110700.96
1078,22,22,44,0.5802951855186173,0.31903381293065053,33082.20613636364,18181.84,48222.58,57465.76
1870,38,46,64,0.5380437367171691,0.294089560528545,25771.15046875,18181.84,35640.36,42590.57
209,4,17,32,0.513187532520999,0.2581550068117655,23754.254062499997,18181.84,27281.39,32320.6
1776,37,0,97,0.4788623813827588,0.31055223434903684,22364.084948453612,18221.02,27836.08,32855.06
240,5,0,16,0.34452813962999856,0.24067866655138814,19465.486875000002,18221.02,20556.65,25585.55
217,4,25,47,0.5581651177034873,0.28247301713887274,24112.92808510638,18240.65,28191.18,33310.84
1157,24,5,23,0.7739535719817513,0.48652110702158086,31946.590869565214,18339.21,102094.18,107238.9
1081,22,25,46,0.5591443482380585,0.33535951311200285,31758.28,18339.21,50199.01,55201.96
1077,22,21,54,0.5006743527733661,0.2956951075187029,29270.607592592598,18378.83,38006.61,45907.83
233,4,41,121,0.7915401376188048,0.2238580818520165,38131.79438016528,18378.83,51376.5,57802.03
201,4,9,42,0.5318231133990639,0.2390123187990243,25499.29238095238,18418.55,28996.3,34060.55
287,5,47,69,0.4473830126502007,0.24992904269527472,25161.31666666667,18438.46,31928.39,37502.91
286,5,46,69,0.4473830126502007,0.24992904269527472,25161.31666666667,18438.46,31928.39,37502.91
1079,22,23,43,0.5591443482380585,0.32411940298221203,31961.942093023255,18458.39,44854.87,55201.96
947,19,35,22,0.573589175347605,0.3825342631189283,22782.471363636363,18458.39,31374.49,36955.46
1235,25,35,33,0.7439432395172269,0.4598091800898272,95991.40454545454,18478.35,282446.44,297844.91
1083,22,27,45,0.5074179539023999,0.3113499838025502,30784.167333333335,18478.35,42455.23,51100.71
943,19,31,29,0.616249859056942,0.3060187476708223,27194.82931034483,18498.34,35742.86,40883.72
198,4,6,39,0.5407780080505842,0.25184685580115346,25551.082051282043,18498.34,29641.99,34836.58
1484,30,44,98,0.8971791914281461,0.3617769319805493,32291.61112244898,18498.34,67745.73,74328.61
1386,28,42,93,0.8712663517329834,0.33264069390386675,46166.44086021505,18498.34,138280.8,157058.67
210,4,18,35,0.4993881827879649,0.24883771881373906,24335.801428571427,18498.34,27626.15,32630.74
2013,41,45,79,0.760808394906932,0.4791955181769351,31260.14050632912,18518.36,77961.02,110700.96
1968,41,0,53,0.49187536940548243,0.28569866090820073,21694.514150943396,18518.36,26709.53,31799.26
207,4,15,40,0.5208263017113954,0.24491650635672452,25240.656750000002,18538.4,28480.09,33870.7
1074,22,18,49,0.5173099534753235,0.3178510990372516,29970.010816326532,18538.4,41592.18,49496.55
1069,22,13,43,0.5721702590817923,0.3093706087188728,33489.23790697674,18558.47,52793.59,57914.87
1543,32,7,64,0.3165279739471371,0.20604522641454986,21076.249218750003,18598.7,22854.06,27871.29
1550,32,14,64,0.3165279739471371,0.20604522641454986,21076.249218750003,18598.7,22854.06,27871.29
1551,32,15,64,0.3165279739471371,0.20604522641454986,21076.249218750003,18598.7,22854.06,27871.29
1552,32,16,64,0.3165279739471371,0.20604522641454986,21076.249218750003,18598.7,22854.06,27871.29
1553,32,17,64,0.3165279739471371,0.20604522641454986,21076.249218750003,18598.7,22854.06,27871.29
1554,32,18,64,0.3165279739471371,0.20604522641454986,21076.249218750003,18598.7,22854.06,27871.29
1555,32,19,64,0.3165279739471371,0.20604522641454986,21076.249218750003,18598.7,22854.06,27871.29
1556,32,20,64,0.3165279739471371,0.20604522641454986,21076.249218750003,18598.7,22854.06,27871.29
1557,32,21,64,0.3165279739471371,0.20604522641454986,21076.249218750003,18598.7,22854.06,27871.29
1558,32,22,64,0.3165279739471371,0.20604522641454986,21076.249218750003,18598.7,22854.06,27871.29
1559,32,23,64,0.3165279739471371,0.20604522641454986,21076.249218750003,18598.7,22854.06,27871.29
1564,32,28,64,0.3165279739471371,0.20604522641454986,21076.249218750003,18598.7,22854.06,27871.29
1565,32,29,64,0.3165279739471371,0.20604522641454986,21076.249218750003,18598.7,22854.06,27871.29
1563,32,27,64,0.3165279739471371,0.20604522641454986,21076.249218750003,18598.7,22854.06,27871.29
1562,32,26,64,0.3165279739471371,0.20604522641454986,21076.249218750003,18598.7,22854.06,27871.29
1561,32,25,64,0.3165279739471371,0.20604522641454986,21076.249218750003,18598.7,22854.06,27871.29
1560,32,24,64,0.3165279739471371,0.20604522641454986,21076.249218750003,18598.7,22854.06,27871.29
1571,32,35,64,0.3165279739471371,0.20604522641454986,21076.249218750003,18598.7,22854.06,27871.29
1568,32,32,64,0.3165279739471371,0.20604522641454986,21076.249218750003,18598.7,22854.06,27871.29
1536,32,0,64,0.3165279739471371,0.20604522641454986,21076.249218750003,18598.7,22854.06,27871.29
1537,32,1,64,0.3165279739471371,0.20604522641454986,21076.249218750003,18598.7,22854.06,27871.29
1541,32,5,64,0.3165279739471371,0.20604522641454986,21076.249218750003,18598.7,22854.06,27871.29
1540,32,4,64,0.3165279739471371,0.20604522641454986,21076.249218750003,18598.7,22854.06,27871.29
1538,32,2,64,0.3165279739471371,0.20604522641454986,21076.249218750003,18598.7,22854.06,27871.29
1539,32,3,64,0.3165279739471371,0.20604522641454986,21076.249218750003,18598.7,22854.06,27871.29
1548,32,12,64,0.3165279739471371,0.20604522641454986,21076.249218750003,18598.7,22854.06,27871.29
1566,32,30,64,0.3165279739471371,0.20604522641454986,21076.249218750003,18598.7,22854.06,27871.29
1567,32,31,64,0.3165279739471371,0.20604522641454986,21076.249218750003,18598.7,22854.06,27871.29
1573,32,37,64,0.3165279739471371,0.20604522641454986,21076.249218750003,18598.7,22854.06,27871.29
1570,32,34,64,0.3165279739471371,0.20604522641454986,21076.249218750003,18598.7,22854.06,27871.29
1569,32,33,64,0.3165279739471371,0.20604522641454986,21076.249218750003,18598.7,22854.06,27871.29
1572,32,36,64,0.3165279739471371,0.20604522641454986,21076.249218750003,18598.7,22854.06,27871.29
1574,32,38,64,0.3165279739471371,0.20604522641454986,21076.249218750003,18598.7,22854.06,27871.29
1549,32,13,64,0.3165279739471371,0.20604522641454986,21076.249218750003,18598.7,22854.06,27871.29
1544,32,8,64,0.3165279739471371,0.20604522641454986,21076.249218750003,18598.7,22854.06,27871.29
1545,32,9,64,0.3165279739471371,0.20604522641454986,21076.249218750003,18598.7,22854.06,27871.29
1546,32,10,64,0.3165279739471371,0.20604522641454986,21076.249218750003,18598.7,22854.06,27871.29
1542,32,6,64,0.3165279739471371,0.20604522641454986,21076.249218750003,18598.7,22854.06,27871.29
1547,32,11,64,0.3165279739471371,0.20604522641454986,21076.249218750003,18598.7,22854.06,27871.29
1584,33,0,64,0.3165279739471371,0.20604522641454986,21076.249218750003,18598.7,22854.06,27871.29
1583,32,47,64,0.3165279739471371,0.20604522641454986,21076.249218750003,18598.7,22854.06,27871.29
1579,32,43,64,0.3165279739471371,0.20604522641454986,21076.249218750003,18598.7,22854.06,27871.29
1580,32,44,64,0.3165279739471371,0.20604522641454986,21076.249218750003,18598.7,22854.06,27871.29
1581,32,45,64,0.3165279739471371,0.20604522641454986,21076.249218750003,18598.7,22854.06,27871.29
1582,32,46,64,0.3165279739471371,0.20604522641454986,21076.249218750003,18598.7,22854.06,27871.29
1575,32,39,64,0.3165279739471371,0.20604522641454986,21076.249218750003,18598.7,22854.06,27871.29
1576,32,40,64,0.3165279739471371,0.20604522641454986,21076.249218750003,18598.7,22854.06,27871.29
1577,32,41,64,0.3165279739471371,0.20604522641454986,21076.249218750003,18598.7,22854.06,27871.29
1578,32,42,64,0.3165279739471371,0.20604522641454986,21076.249218750003,18598.7,22854.06,27871.29
977,20,17,8,0.5353736635983074,0.2844554017483517,24680.870000000003,18659.26,30712.49,37172.92
1066,22,10,43,0.5464118381395479,0.30445668784539326,33794.76162790698,18659.26,52987.48,58141.67
199,4,7,43,0.5317011041822137,0.24888998225677225,25898.4376744186,18659.26,29603.42,34885.99
1520,31,32,77,0.5927772317976475,0.3270906971771311,26178.334155844157,18659.26,39403.42,47728.11
197,4,5,42,0.5473080019750981,0.2572560822789086,26257.068095238094,18699.77,30876.0,35949.24
1065,22,9,43,0.5198288270161513,0.29577196884258977,33852.67046511628,18699.77,52124.24,57354.41
1142,23,38,40,0.686381479751466,0.24258039748807486,38755.127,18699.77,56046.25,61358.41
1067,22,11,45,0.5197777707956259,0.2954859495910386,34561.37133333333,18720.07,53182.58,58255.64
1143,23,39,40,0.7000282972350993,0.2116786805328263,40667.187,18740.4,57577.48,64756.17
1075,22,19,42,0.5055148715245523,0.29956561516971036,33079.913095238095,18740.4,46216.13,56476.62
1073,22,17,43,0.5500703068714013,0.29868373121887637,33769.50023255814,18740.4,52409.35,57577.48
206,4,14,40,0.5040244722381156,0.2373516320336048,25306.9875,18740.4,28516.51,33635.68
1068,22,12,43,0.516791721686185,0.30694840363943154,33354.081162790695,18781.14,51935.61,57465.76
196,4,4,40,0.537224074308991,0.2517484848567011,26278.479249999997,18781.14,30309.35,35640.36
1072,22,16,43,0.5502597155277017,0.29593777822813827,34000.156279069764,18801.55,52793.59,57802.03
1082,22,26,44,0.5256984174495571,0.3179730521556155,31695.896590909095,18801.55,43557.83,54176.42
1064,22,8,42,0.5040979897847547,0.3020829360947692,33779.97547619048,18822.0,48473.0,58715.34
204,4,12,40,0.4982084879845905,0.2245397604679983,25644.80825,18822.0,28480.09,33588.98
205,4,13,28,0.4779929452108698,0.2468560959673229,24316.407500000005,18862.97,27349.84,32675.42
195,4,3,39,0.5284856877813279,0.2603189140077871,26214.104871794872,19028.03,30876.0,36001.13
938,19,26,29,0.6154665160491715,0.36000301961717535,25601.015862068965,19028.03,35084.71,40132.67
194,4,2,38,0.5284856877813279,0.2599847552891147,26254.392894736844,19028.03,30509.92,36001.13
1071,22,15,42,0.48598536622315225,0.3001119827304543,32973.097380952386,19069.58,46371.55,56693.92
1631,33,47,66,0.45970397676367253,0.3137149093697678,23435.829090909094,19153.06,33776.39,38811.68
1630,33,46,66,0.45970397676367253,0.3137149093697678,23435.829090909094,19153.06,33776.39,38811.68
1070,22,14,42,0.4862484398825516,0.29457105574424336,33548.585476190485,19174.0,46843.01,57689.57
1482,30,42,96,0.8115655510505042,0.5029018126318042,37320.13322916667,19174.0,151772.23,170315.53
1434,29,42,96,0.8410830937869613,0.33798516379295945,47364.49083333332,19215.97,151772.23,173552.13
2015,41,47,60,0.4627702433108653,0.28976325862940366,24692.65583333333,19237.01,33081.75,39887.21
2014,41,46,60,0.4627702433108653,0.28976325862940366,24692.65583333333,19237.01,33081.75,39887.21
1062,22,6,48,1.0,0.31412192240296927,36300.72083333333,19363.84,53378.87,58484.71
1528,31,40,82,0.602309892596397,0.34513782814734295,27643.71804878049,19406.36,45831.29,54685.13
1338,27,42,91,0.8846266498189194,0.20938099763677193,73985.58912087913,19427.67,198854.59,210090.06
1193,24,41,27,0.8443684036817427,0.31262136708838933,60037.02851851851,19449.01,170315.53,176056.81
193,4,1,36,0.49994120742077197,0.2514669175996558,26231.49222222222,19449.01,30509.92,35742.86
213,4,21,33,0.47745936636032515,0.24050737941329317,25564.631818181813,19449.01,29297.52,34445.18
2064,43,0,9,0.33307708545450676,0.22232244206015495,21362.83444444444,19449.01,24065.32,29146.33
212,4,20,33,0.47526360218108665,0.23171368903073106,25928.147575757575,19534.67,29564.92,34591.16
1286,26,38,115,0.8645923378756855,0.20541366471060185,91357.10121739129,19534.67,223932.14,229407.17
1287,26,39,118,0.8693707635978974,0.190447092139276,94182.58016949154,19577.68,235144.47,250766.73
1085,22,29,44,0.5383815394632976,0.27154400075654683,34111.95431818182,19751.0,47728.11,55833.13
215,4,23,34,0.49613990340613545,0.25180527104362815,26779.666176470586,19794.65,31332.49,36686.43
1086,22,30,42,0.5393841076259263,0.2723807887916062,34410.51642857143,19860.36,48473.0,56912.64
1084,22,28,43,0.5373532366026512,0.2780998799214802,34153.98534883721,19882.33,47484.0,56693.92
987,20,27,7,0.4076512963547487,0.2196067675401959,23850.66428571429,19882.33,26283.89,32232.81
1087,22,31,24,0.5615951110802508,0.3310205304320996,27857.0325,19882.33,42455.23,61860.94
1089,22,33,42,0.5315793963579123,0.2736011501332372,34484.39142857143,20103.78,48389.29,57354.41
854,17,38,28,0.4802432334258567,0.20781715693545552,24716.35785714286,20103.78,27660.98,32855.06
903,18,39,8,0.5194503310691614,0.217126380066293,26161.6525,20170.86,28996.3,34060.55
976,20,16,8,0.44440137777098176,0.24795390766946226,25870.535000000003,20215.74,31628.31,37502.91
1532,31,44,98,0.6259070884926436,0.2989168125897753,32234.828979591835,20215.74,55516.03,61358.41
1238,25,38,36,0.7496446554592626,0.3839465134439799,108815.19583333332,20238.23,282446.44,312394.69
902,18,38,9,0.44341626932614997,0.3136638666891984,22180.32,20396.61,25963.11,32675.42
1063,22,7,44,0.9430606865066967,0.29862874195106914,35025.910454545454,20419.37,53182.58,58599.84
1099,22,43,42,0.5116733221029678,0.26444535079096937,34224.316190476195,20419.37,46293.73,55939.52
192,4,0,31,0.4648676405721331,0.2547916556865488,26824.786774193555,20419.37,31501.02,36793.67
984,20,24,8,0.44326528855202446,0.23578370354680261,25377.697500000002,20419.37,30550.28,35691.55
1145,23,41,132,0.796548407386622,0.1890344077105396,58182.1093939394,20442.16,95170.63,101482.63
1388,28,44,95,0.5685765401204155,0.19906500297836077,39781.022,20556.65,63148.7,68342.44
224,4,32,92,0.5896363377576067,0.1812004873746909,39710.952173913036,20718.37,52987.48,60374.14
1091,22,35,43,0.5058420586844847,0.2452390416130619,35709.95697674419,20718.37,51561.75,56693.92
1389,28,45,78,0.6580864713178411,0.2670738210799903,43534.577307692314,20834.94,79503.01,115905.77
1530,31,42,96,0.7313574322710579,0.4684224448097704,36228.778333333335,20834.94,133091.78,145616.44
978,20,18,8,0.425153556469027,0.23085567943804908,25614.7575,20834.94,30590.71,35845.82
1192,24,40,21,0.7701604635523671,0.26092374120642325,68857.27809523809,20834.94,175214.38,182175.47
1289,26,41,125,0.8326571062586949,0.19011126454511731,104085.33272000003,20881.81,334076.69,358884.03
950,19,38,45,0.5364490762899058,0.1649850677133891,33618.782222222224,20905.3,38463.37,43557.83
232,4,40,94,0.6673064047417724,0.220630323580779,39816.73882978723,20928.83,62114.86,68342.44
1093,22,37,42,0.5045891383562631,0.26475963708563527,34485.91642857143,20928.83,48305.81,56476.62
988,20,28,8,0.45930964988478773,0.25735664032943045,26109.04625,20975.98,32145.38,38521.08
993,20,33,8,0.4732366591161727,0.262866827690417,26381.401250000003,20975.98,32630.74,39523.48
1090,22,34,43,0.5087114829856046,0.2392409244177568,36012.76046511628,20999.62,51654.79,56693.92
1092,22,36,42,0.5139971367841277,0.2722384973204717,34686.69714285714,21023.29,48810.25,57802.03
989,20,29,8,0.435102753850395,0.236891145256649,26137.582499999997,21118.33,31458.76,37337.34
812,16,44,96,0.492391990569175,0.20708806168496566,34543.56135416667,21118.33,49496.55,54787.84
979,20,19,8,0.4010579919833896,0.21937466552534607,27003.21,21166.06,32586.16,37893.76
2108,43,44,103,0.5558363938449397,0.2663052372247108,34454.7881553398,21166.06,51376.5,59892.09
990,20,30,8,0.4611098119818602,0.25590864360465115,26635.13875,21213.94,33036.22,39463.38
813,16,45,79,0.6075486003780829,0.3091954991309308,37141.18544303797,21261.97,77209.76,93571.2
1436,29,44,96,0.5840593430199235,0.20084288399295716,40552.38854166667,21261.97,66292.91,71306.41
2109,43,45,78,0.6605220317794109,0.38442370832264616,34395.267307692295,21261.97,98522.22,105581.22
997,20,37,8,0.4324288476531428,0.22738504147330146,27548.11,21310.15,33588.98,39165.01
2111,43,47,61,0.3875174298988356,0.16512511899270493,29927.344918032784,21310.15,35234.91,40883.72
2110,43,46,61,0.3875174298988356,0.16512511899270493,29927.344918032784,21310.15,35234.91,40883.72
1060,22,4,47,0.9135794010099194,0.2871294021788541,37249.88148936171,21334.29,54582.74,59653.54
996,20,36,8,0.4490646754219706,0.2559725671689872,26586.291250000002,21358.47,32945.45,39403.42
234,4,42,98,1.0,0.34496872575562365,44685.29734693878,21406.95,97381.57,176906.95
1003,20,43,8,0.42159812998241347,0.22211870440962872,26633.3675,21406.95,32232.81,37337.34
994,20,34,7,0.430454482222022,0.2548332592523342,25693.237142857146,21406.95,30031.86,38006.61
857,17,41,119,0.6947268128199754,0.2403628306821011,32026.72042016807,21455.57,45754.95,51100.71
985,20,25,7,0.4204567639818537,0.22557076354401026,26530.59571428571,21504.34,31248.74,37558.35
1533,31,45,76,0.6523435488992765,0.4293261855712547,31616.250131578952,21528.79,64347.73,107238.9
1437,29,45,79,0.6352783825008741,0.2692810452544273,43781.46924050634,21577.78,75745.02,119906.74
1485,30,45,79,0.6436343423805729,0.45628611725439006,32260.669620253168,21602.34,66867.48,125954.73
1061,22,5,48,0.9516395159027119,0.291833490674902,37460.24208333334,21602.34,54994.24,60132.29
1058,22,2,43,0.45246854348966287,0.2677961380928112,35474.76581395348,21700.95,53182.58,59181.26
160,3,16,22,0.41881827644672104,0.21487130986017622,25779.00272727273,21725.7,27556.69,32675.42
815,16,47,28,0.34603485122434,0.1521427395047387,30479.28,21950.17,35034.87,40380.55
814,16,46,28,0.34603485122434,0.1521427395047387,30479.28,21950.17,35034.87,40380.55
236,4,44,97,0.6442921305241646,0.1995814208857111,41740.20226804124,22000.49,57022.54,65586.65
1059,22,3,47,0.9183862981207442,0.28413316115383,37382.59148936171,22025.71,54890.87,59892.09
1057,22,1,45,0.8645365903280443,0.2622700152809477,37024.392,22050.96,54277.52,59416.6
1094,22,38,40,0.8826340304674418,0.2424038436037396,39940.03875,22203.33,56912.64,62242.49
1095,22,39,33,0.8414524600640005,0.24239122594470183,39703.61757575757,22203.33,57465.76,62628.1
1056,22,0,46,0.9240018304001585,0.2568400655558525,39310.733260869565,22305.72,56368.51,61860.94
1535,31,47,58,0.362456731406187,0.2251938806047538,27141.212586206893,22382.94,35285.2,41139.08
1534,31,46,58,0.362456731406187,0.2251938806047538,27141.212586206893,22382.94,35285.2,41139.08
981,20,21,8,0.3647034539132414,0.17525921700689928,28078.35125,22512.45,31458.76,36793.67
1288,26,40,108,0.7548039862771158,0.16335892059139676,103451.57953703703,22538.48,346048.91,369134.25
995,20,35,7,0.35157260994673656,0.20259005682546208,26385.684285714284,22564.54,30150.32,36105.25
1184,24,32,21,0.6887451661026186,0.26224013947239994,54008.80523809524,22616.81,153062.25,161255.75
237,4,45,78,0.7852722379952302,0.27034643787963825,44228.05166666667,22616.81,83177.96,112509.73
1239,25,39,32,0.7534801240964287,0.3488700490284574,113978.616875,22827.54,317555.0,334076.69
1487,30,47,69,0.41766478732709605,0.29764901381783904,27719.361159420292,22880.64,39887.21,50556.48
1486,30,46,69,0.41766478732709605,0.29764901381783904,27719.361159420292,22880.64,39887.21,50556.48
1021,21,13,24,0.38723087839543346,0.12845530369223118,45554.89916666667,22987.37,51654.79,57577.48
1018,21,10,17,0.41086612863996697,0.1343641384068686,48666.41882352941,23040.99,58255.64,63810.02
1009,21,1,16,0.4200435214519745,0.13388073725888863,49724.44437500001,23040.99,60617.66,66435.75
1012,21,4,14,0.41811970016187516,0.14275280572180116,47859.65571428571,23040.99,58369.98,65867.58
1017,21,9,14,0.4103803266428988,0.14303808117943326,46995.69428571429,23040.99,58028.08,63676.8
1011,21,3,13,0.41811970016187516,0.14475838022811544,48187.1476923077,23040.99,58028.08,65867.58
986,20,26,8,0.36480588782721385,0.1974572268627493,27998.31,23040.99,32320.6,38233.91
1019,21,11,15,0.40963098371787415,0.1378132364165562,47740.21533333333,23067.87,58369.98,63676.8
1010,21,2,15,0.41613999679578995,0.13944061480261197,48794.50266666666,23094.79,60132.29,65726.85
1016,21,8,15,0.4131976388728012,0.13863793448024822,48539.11066666666,23148.76,60132.29,65307.78
1020,21,12,21,0.38448709560233224,0.1306588333314575,45960.020476190475,23175.81,52409.35,58141.67
982,20,22,8,0.3608754336257642,0.19286109393266126,28214.8725,23202.91,33127.38,38405.8
1014,21,6,15,0.40708813097640467,0.13369629797662447,48304.414,23230.05,59181.26,64212.57
1008,21,0,23,1.0,0.20661291658419825,54300.77913043478,23230.05,65446.95,70504.91
1144,23,40,108,0.7543464496945255,0.1702719071455172,60904.546111111114,23366.42,102094.18,109992.31
1013,21,5,14,0.4091634905424153,0.1377449925585556,48352.43928571429,23366.42,58255.64,65867.58
1023,21,15,17,0.39655086706130277,0.13096132292716764,47880.15235294117,23366.42,56046.25,62370.57
1015,21,7,15,0.40723527205264765,0.1390707592587617,48523.567333333325,23366.42,60011.99,65307.78
980,20,20,5,0.32868308692122,0.19948690080499581,27299.026,23366.42,31585.79,36686.43
905,18,41,118,0.5704478414249914,0.20795285311258227,33077.719322033896,23393.82,45226.35,50466.71
1390,28,46,32,0.36337204489049174,0.12830197871260368,36178.520000000004,23642.52,40071.08,48641.14
1391,28,47,32,0.36337204489049174,0.12830197871260368,36178.520000000004,23642.52,40071.08,48641.14
951,19,39,71,0.47941929752998885,0.12329405945795881,35509.006338028164,23698.29,39523.48,44781.16
1022,21,14,15,0.38960063718684934,0.1291133203372081,48587.94999999999,23810.38,57577.48,63676.8
991,20,31,7,0.3796077654016361,0.19639181713621293,29681.00857142857,23923.21,34252.03,41920.75
1280,26,32,107,0.6932541587550115,0.16495086573068407,100949.57411214952,24208.61,317555.0,328387.41
1097,22,41,125,0.5796572306622383,0.17149473964838172,61210.17168000001,24208.61,93571.2,98811.18
1025,21,17,17,0.37645747415336606,0.12500735380293793,49610.45411764706,24324.12,58599.84,63676.8
4,0,4,9,0.35048239696112626,0.16950915799721555,26725.734444444446,24498.84,30550.28,35845.82
1241,25,41,32,0.713494968686772,0.3229202639228813,132902.31437500002,24498.84,430305.09,460679.59
1136,23,32,104,0.5430140820594013,0.1504544485775015,56771.903750000005,24704.93,90021.7,95170.63
238,4,46,32,0.3678222869605765,0.18748906171974905,34817.2678125,24734.57,45151.65,50377.22
1438,29,46,36,0.3439991187667907,0.1259519372660875,37467.80777777778,24734.57,40883.72,50377.22
1439,29,47,36,0.3439991187667907,0.1259519372660875,37467.80777777778,24734.57,40883.72,50377.22
239,4,47,32,0.3678222869605765,0.18748906171974905,34817.2678125,24734.57,45151.65,50377.22
953,19,41,128,0.5930535434911739,0.21134316682668453,39810.004375000004,25523.39,60495.69,66008.82
896,18,32,92,0.4755830920522016,0.18755613731010287,33137.25228260869,25523.39,40505.41,49845.72
848,17,32,92,0.44797473127400395,0.21095761948101396,32166.834891304345,25710.52,43417.48,50021.84
858,17,42,98,0.718664473472184,0.38556586748493993,40715.418979591836,25773.33,119906.74,142142.66
856,17,40,92,0.3941791364949174,0.2398282068271062,33429.709782608705,25773.33,49933.65,57802.03
860,17,44,101,0.4785805007217419,0.22575496465194667,35293.25128712872,25773.33,52600.88,58141.67
1096,22,40,95,0.7991542532406476,0.16259503796842395,64105.60789473683,26026.81,103337.61,109992.31
1024,21,16,17,0.3338187962904259,0.11730461844873241,50218.90529411765,26154.89,58369.98,63676.8
861,17,45,75,0.49562094361099307,0.3368924309714576,35486.248133333334,26154.89,71795.0,99101.66
998,20,38,2,0.32782542368156764,0.2129835235683996,30107.72,26154.89,34060.55,43983.32
862,17,46,50,0.2520787583476973,0.14374412734330927,31476.324000000004,26154.89,36473.41,42186.62
863,17,47,50,0.2520787583476973,0.14374412734330927,31476.324000000004,26154.89,36473.41,42186.62
1194,24,42,17,0.6409205766681519,0.21419715322021635,107368.92294117647,26544.65,223932.14,435092.38
956,19,44,103,0.5210865663519454,0.18968995674259015,42828.746213592225,26709.53,66150.61,71306.41
1042,21,34,9,0.30747591698913945,0.1235511882581662,46848.69222222223,26942.87,54582.74,61109.78
1026,21,18,16,0.2854565228888229,0.1284534451132301,46688.035,27247.26,51654.79,57354.41
1045,21,37,11,0.3055533079102547,0.1198547104337051,47837.74454545455,27281.39,55201.96,62370.57
1036,21,28,12,0.3138212292634455,0.12254560186158793,49357.35333333333,27281.39,57577.48,64619.52
1027,21,19,13,0.30419401783492245,0.11599952633703833,49101.97384615385,27349.84,56153.31,62370.57
1032,21,24,16,0.30223689206746823,0.12059834360270588,48398.24125000001,27349.84,54994.24,61860.94
1044,21,36,12,0.3129458047702174,0.12463968570874606,49301.56333333333,27349.84,57022.54,64756.17
1088,22,32,78,0.4871540426827475,0.14358624672858147,58354.033589743594,27695.87,89534.38,94900.64
1038,21,30,14,0.3090744195186547,0.1210277687685773,51115.72142857143,27695.87,60374.14,65586.65
1041,21,33,12,0.3060880142214453,0.12185816091541152,49825.4675,27800.93,58028.08,65307.78
983,20,23,6,0.1977652032993597,0.12542104723089043,31543.868333333332,27906.57,33495.87,39224.4
1240,25,40,28,0.6092039321026066,0.2533528615675856,127360.14142857143,27977.33,439984.91,471757.34
944,19,32,100,0.5050077782233728,0.1843670850573204,39784.7782,27977.33,56912.64,64756.17
1290,26,42,103,0.6229331220085328,0.15264349386485426,131601.33058252427,28155.37,793012.25,880309.75
908,18,44,96,0.4071449464325937,0.20422770179194147,35885.308229166665,28335.09,52124.24,57354.41
906,18,42,96,0.7050151084385284,0.3781339234258718,39894.55322916667,28335.09,118276.26,143859.97
163,3,19,4,0.15530086230204376,0.12765728282299582,29703.5275,28335.09,30631.22,36262.32
1035,21,27,17,0.2830461928952286,0.12107930917064515,48780.150588235294,28407.46,55621.39,62114.86
904,18,40,91,0.3099960441641602,0.21550358663551158,34393.40131868132,28407.46,47161.71,57689.57
911,18,47,44,0.19322954243933052,0.11210237339011271,32832.23795454545,28516.51,35034.87,41788.82
1037,21,29,14,0.2859304021495568,0.11855825157542163,49670.32,28516.51,56693.92,63411.8
910,18,46,44,0.19322954243933052,0.11210237339011271,32832.23795454545,28516.51,35034.87,41788.82
1146,23,42,100,0.5657889954750518,0.22548440977101072,73132.451,28589.56,257587.41,266631.75
155,3,11,5,0.5128469432429914,0.2369990529505858,31200.642,28699.64,32232.81,37837.53
1340,27,44,85,0.45372848564329593,0.17412060680975197,58952.955058823536,28773.39,94098.91,109992.31
1292,26,44,113,0.4602906689652084,0.15798465246009577,110220.11380530972,28773.39,358884.03,379970.25
909,18,45,73,0.4258387979788608,0.31791890776559517,35936.521232876716,28773.39,63943.71,97948.88
1051,21,43,12,0.28354475247229827,0.12538605573684905,49053.87833333333,28810.36,55621.39,64212.57
1342,27,46,32,0.36569017617562444,0.16250442566000173,45426.2753125,28847.41,57577.48,78341.52
1343,27,47,32,0.36569017617562444,0.16250442566000173,45426.2753125,28847.41,57577.48,78341.52
1341,27,45,78,0.4895228044453206,0.17184935384385516,70437.1014102564,28847.41,132592.78,185855.86
1033,21,25,15,0.2743623959329048,0.11375331485205459,50415.04533333333,29221.78,56912.64,63676.8
1098,22,42,101,0.5749869821283341,0.22582568634985317,78754.9891089109,29449.88,232241.86,264774.34
1232,25,32,27,0.5680760214954228,0.27509325248621186,104644.8474074074,29603.42,379970.25,412143.03
1029,21,21,14,0.2480090222312148,0.1170925300124103,48370.00428571428,29641.99,52987.48,58831.23
954,19,42,99,0.6948964573215395,0.32717221291555687,48749.7006060606,29992.53,153715.0,184922.63
1030,21,22,15,0.26714327113814296,0.11527540151952086,51495.688,29992.53,58715.34,65307.78
1244,25,44,27,0.4472283281510861,0.2742008657539647,107239.41555555553,30071.27,460679.59,489387.19
1043,21,35,12,0.2541873088031178,0.12575691582104231,48506.38166666666,30071.27,55201.96,62114.86
1034,21,26,15,0.25138359775687324,0.11708847030400367,50730.39599999999,30794.08,57577.48,64483.38
168,3,24,1,0.11354200029606004,0.11354200029606004,30917.09,30917.09,30917.09,37447.59
1028,21,20,21,0.22526389904304991,0.13456611904643012,45817.96238095238,30958.25,50377.22,58484.71
1246,25,46,26,0.4195350434519437,0.22646375599523386,102513.13153846153,31206.99,365654.84,387544.88
1247,25,47,26,0.4195350434519437,0.22646375599523386,102513.13153846153,31206.99,365654.84,387544.88
166,3,22,16,0.1659446743801013,0.10377038344669176,35374.1225,31374.49,36847.48,42320.58
152,3,8,3,0.5230419417602954,0.2373963131071174,32571.01,31501.02,33356.95,38695.02
169,3,25,3,0.11814650165064741,0.09705172049058886,33656.456666666665,32320.6,34396.74,39887.21
1294,26,46,99,0.38468901645119363,0.13643454639486047,106412.08858585858,32810.01,268514.44,288853.09
1295,26,47,99,0.38468901645119363,0.13643454639486047,106412.08858585858,32810.01,268514.44,288853.09
1148,23,44,109,0.34197188790050337,0.15648763322458858,60714.89018348623,32855.06,105908.98,112877.99
173,3,29,11,0.1346093496433297,0.10728722822115384,34825.42272727273,33403.16,35949.24,41397.01
181,3,37,9,0.14860352637098662,0.1271895228353325,34601.28666666667,33495.87,35640.36,43557.83
161,3,17,3,0.09693921008513535,0.09451609313359965,33761.93666666667,33495.87,34060.55,39765.37
174,3,30,10,0.14437479757281343,0.11878943575794654,34924.015,33588.98,36739.99,43347.59
172,3,28,9,0.1306991938213699,0.10609451061308407,34899.74222222222,33588.98,36001.13,42186.62
154,3,10,4,0.10037317155330276,0.08875433365387386,34268.5575,33635.68,34689.0,39887.21
952,19,40,98,0.2819592338770031,0.20679013865517623,41263.651632653055,33682.49,62114.86,75925.42
178,3,34,13,0.16904424977611182,0.12923157213698744,36229.29461538462,33729.39,40630.89,45754.95
175,3,31,10,0.16565694758759408,0.13597837777936803,35288.963,33776.39,37558.35,45602.89
187,3,43,10,0.14799910761496451,0.11905834901067794,35330.238,33776.39,37781.43,43983.32
153,3,9,7,0.1050592370861166,0.08659546000961496,34800.71714285714,33823.5,35335.6,40505.41
180,3,36,9,0.13984061609168297,0.11491783758716734,35214.42333333333,33870.7,36157.48,43417.48
177,3,33,9,0.13984061609168297,0.11647823014377535,35125.236666666664,33870.7,36262.32,43417.48
179,3,35,10,0.16703801812635097,0.1380593806295586,35342.594000000005,33870.7,37502.91,45907.83
171,3,27,9,0.11017522615853044,0.09088844936139996,35021.18666666667,34012.93,35845.82,41139.08
183,3,39,48,0.21339029488935063,0.10699234767434156,39820.01416666667,34012.93,45002.86,51192.37
144,3,0,11,0.13444149750417775,0.09884835358634492,35387.78909090909,34156.08,36053.13,41526.96
1039,21,31,3,0.22384989798599264,0.15469729118330025,43405.193333333336,34252.03,48641.14,70983.91
1001,20,41,91,0.30191054996807837,0.11690402041186367,47734.27637362638,34252.03,61483.39,67012.48
162,3,18,3,0.09038766977262275,0.08536267358616269,34542.82,34348.4,34640.03,40132.67
145,3,1,5,0.10589945676391507,0.09298439855017712,35063.382,34396.74,35845.82,41397.01
957,19,45,79,0.3770724273330836,0.2688803971127796,45406.754936708865,34445.18,99687.32,125056.52
1242,25,42,14,0.5067817599089617,0.19868584834685948,102762.75071428569,34445.18,213700.14,942433.13
959,19,47,59,0.18917125288905867,0.1253570639390025,39605.70745762713,34445.18,46061.56,55201.96
958,19,46,59,0.18917125288905867,0.1253570639390025,39605.70745762713,34445.18,46061.56,55201.96
148,3,4,5,0.10175631837596523,0.08892864508414819,35112.424,34445.18,35897.47,41139.08
158,3,14,3,0.08933759198542338,0.08661685933921011,34607.48333333333,34542.39,34640.03,40318.35
159,3,15,3,0.09344730713130155,0.08817462381384832,34755.42,34542.39,35034.87,40630.89
1196,24,44,23,0.4396287933992047,0.2434952280396442,58193.588260869554,34542.39,187749.41,194675.0
151,3,7,3,0.09823861762689327,0.0922945621666008,34886.89666666667,34640.03,35134.67,41139.08
147,3,3,5,0.1001204653125739,0.09002812668773928,35610.96399999999,34738.09,36473.41,41920.75
146,3,2,5,0.10074162415360184,0.08942679867714108,35837.441999999995,34836.58,36686.43,42186.62
150,3,6,3,0.09473009343608949,0.09021668190379355,35002.0,34836.58,35084.71,41139.08
157,3,13,3,0.09198931373002242,0.08916328459937772,35151.72666666666,35034.87,35335.6,41267.73
1031,21,23,18,0.9984739972069929,0.17059301058433693,51467.45444444444,35034.87,59416.6,64483.38
149,3,5,7,0.10584856104739641,0.08864250601234633,36006.822857142855,35034.87,36847.48,42320.58
156,3,12,3,0.09035697669559843,0.08730967521348455,35168.19333333333,35084.71,35285.2,41139.08
182,3,38,12,0.16257966836460855,0.11258889561706979,38030.505,35742.86,39826.22,48725.57
999,20,39,1,0.11992470993566041,0.11992470993566041,35949.24,35949.24,35949.24,45151.65
165,3,21,1,0.07636051011121124,0.07636051011121124,36001.13,36001.13,36001.13,41267.73
164,3,20,2,0.08449166169376274,0.08109629217530848,36237.270000000004,36001.13,36473.41,41920.75
167,3,23,4,0.10586949410899506,0.09015347517105834,37281.285,36262.32,38233.91,44126.66
1100,22,44,103,0.3434544257291806,0.1416391645031472,63846.75058252428,37009.64,103337.61,109992.31
185,3,41,112,0.28658218899395854,0.1440366179602614,44548.372500000005,37337.34,58028.08,63148.7
1101,22,45,78,0.3423110582507322,0.17084650377946872,69846.36974358975,38753.28,178630.77,187749.41
188,3,44,76,0.16295760705572052,0.12420458649326989,45561.28934210526,39283.93,58255.64,64619.52
176,3,32,87,0.21221917291024847,0.145508579773454,45659.5075862069,39283.93,65867.58,71306.41
184,3,40,89,0.26640283977438656,0.1705958215502782,45748.96258426967,39343.6,60617.66,79699.56
1004,20,44,64,0.23787696988857687,0.11714520205582865,48280.15890625,39523.48,55097.93,71144.84
186,3,42,98,0.5432977633222542,0.2758803831548015,53889.77724489797,39644.14,184922.63,191648.39
189,3,45,75,0.3487172228473398,0.20776832478992494,48338.78546666666,40132.67,75745.02,107915.35
1046,21,38,7,0.1519439492680864,0.10048688862323842,53232.94285714285,40442.9,60374.14,69101.3
191,3,47,31,0.11565474225516943,0.0938509197770909,43218.085806451614,40505.41,46371.55,56803.11
190,3,46,31,0.11565474225516943,0.0938509197770909,43218.085806451614,40505.41,46371.55,56803.11
992,20,32,69,0.1477513765962201,0.10388531136936843,47599.6872463768,42387.82,53182.58,66150.61
1000,20,40,81,0.9568228349226686,0.1533613929980873,50151.01197530865,42455.23,71631.49,77023.94
1047,21,39,3,0.11520311816597573,0.09004241366161642,51847.93666666667,42590.57,56476.62,63676.8
1002,20,42,95,0.31946332138591504,0.23667992788171763,58998.89768421054,42590.57,146809.88,183998.22
1103,22,47,24,0.6001805212532728,0.1333851787309829,56762.12916666667,42863.36,77209.76,83177.96
1102,22,46,24,0.6001805212532728,0.1333851787309829,56762.12916666667,42863.36,77209.76,83177.96
1006,20,46,4,0.09014701433160666,0.0826480535799568,44209.3725,43277.87,45226.35,55833.13
1007,20,47,4,0.09014701433160666,0.0826480535799568,44209.3725,43277.87,45226.35,55833.13
1198,24,46,20,0.29321475833606186,0.1805479189848583,59831.603,43277.87,136685.03,144441.03
1199,24,47,20,0.29321475833606186,0.1805479189848583,59831.603,43277.87,136685.03,144441.03
1005,20,45,72,0.2621953444493195,0.19994513202778222,52406.469722222224,43487.57,81919.95,126864.97
1049,21,41,93,0.5304587398961775,0.11720328298124726,73597.59548387099,43628.29,103969.71,110700.96
1150,23,46,50,0.5445544877111189,0.11066447120878736,55999.522000000004,44634.36,77583.78,83604.98
1151,23,47,50,0.5445544877111189,0.11066447120878736,55999.522000000004,44634.36,77583.78,83604.98
32,0,32,71,0.1875016621746852,0.1149518101736622,52275.52746478873,48473.0,59416.6,78725.33
44,0,44,21,0.1054130450051481,0.08354700659556749,50003.40476190476,48473.0,55621.39,65169.12
41,0,41,94,0.19406644529166034,0.10775586113373842,53428.93606382979,48810.25,69101.3,74328.61
40,0,40,80,0.2205760107878046,0.13120585251712097,53342.000875000005,48810.25,65307.78,87167.16
2300,47,44,44,1.0,0.40363718744380717,79308.18931818182,49151.41,154372.98,254133.06
42,0,42,96,0.49643582146165616,0.227747791696593,64063.086458333324,49496.55,211280.41,219987.36
1149,23,45,81,0.24803367769399123,0.1820739746394124,66393.33061728395,49845.72,183082.55,188709.95
45,0,45,70,0.2892147434776254,0.1577598652528672,55597.30242857142,50199.01,71959.17,109641.09
1040,21,32,56,0.37850158260160377,0.0978639678920972,68701.49071428571,52697.09,99687.32,104931.19
1048,21,40,81,0.6761809389417434,0.1243350636076094,73837.21283950617,58715.34,113996.21,121579.19
1052,21,44,73,0.27006397461535714,0.10711862613042186,75035.63643835616,59416.6,115134.95,121579.19
1050,21,42,87,0.21365845160792094,0.1647555935552896,80403.19908045976,59653.54,235144.47,245875.0
1054,21,46,6,0.09133336019484234,0.08013617358485774,65287.88666666668,60253.01,76471.19,90021.7
1055,21,47,6,0.09133336019484234,0.08013617358485774,65287.88666666668,60253.01,76471.19,90021.7
1053,21,45,74,0.1984723579537169,0.14641040307364803,78214.34337837838,60374.14,144441.03,206594.58
96,2,0,16,0.15925901182601115,0.11405677165967863,67973.43437500001,63411.8,76838.91,81919.95
112,2,16,2,0.09027255123363104,0.08501063847256482,69986.965,68342.44,71631.49,82127.26
1293,26,45,90,0.24778540233967022,0.13087902666165216,121447.13122222223,68644.23,583498.19,640033.69
97,2,1,3,0.08956897177966787,0.08525631531310617,71361.77333333333,70983.91,71795.0,82754.82
48,1,0,56,0.5742035141880869,0.11912403714039276,86746.12357142857,71795.0,118680.02,125056.52
104,2,8,2,0.16030377988234185,0.11987045468311475,72706.23,72622.48,72789.98,83604.98
100,2,4,2,0.08024847568616665,0.0784062177539448,73127.375,72958.16,73296.59,83819.96
1197,24,45,12,0.19422085697900066,0.13319353532786013,103878.15416666667,74328.61,151772.23,331208.34
105,2,9,1,0.07574901596929214,0.07574901596929214,74328.61,74328.61,74328.61,84909.8
107,2,11,1,0.10962969067487606,0.10962969067487606,76838.91,76838.91,76838.91,84909.8
124,2,28,1,0.07977995359014908,0.07977995359014908,76838.91,76838.91,76838.91,89051.75
128,2,32,11,0.08447638120317288,0.0780142441091567,87689.89636363638,82965.91,92275.0,141018.91
64,1,16,3,0.437681452864213,0.22198588259879493,94838.19,84689.81,115134.95,125954.73
136,2,40,33,0.09868315600922468,0.0836868368174609,90264.62787878788,84909.8,112143.66,155036.28
138,2,42,91,0.22990411752844592,0.1253807254743472,106164.6024175824,85575.93,197793.8,346048.91
1245,25,45,18,0.19188947881697688,0.12202370553272414,132233.43666666665,85800.06,212483.69,793012.25
141,2,45,26,0.10209058704442409,0.08379098539648121,92001.68576923077,86707.14,114753.04,164917.73
137,2,41,9,0.1157917633042099,0.09166202613212654,94544.49333333335,90021.7,105581.22,114753.04
72,1,24,2,0.3375808104618129,0.22061471477890282,102692.14,91010.8,114373.48,122431.63
127,2,31,1,0.10222242712806513,0.10222242712806513,91512.71,91512.71,91512.71,96820.16
52,1,4,3,0.32096052613560266,0.1641974018962036,102441.44333333334,93048.8,113996.21,121579.19
131,2,35,1,0.10188759200958306,0.10188759200958306,93048.8,93048.8,93048.8,98522.22
49,1,1,6,0.2361793941870274,0.10722156277963867,100311.64833333333,93571.2,115905.77,121579.19
67,1,19,2,0.26775948270637606,0.186413092547139,107839.05,94098.91,121579.19,128722.46
73,1,25,2,0.2344145063997969,0.16759564860853787,108105.61499999999,94632.04,121579.19,127787.46
77,1,29,2,0.26733139694154584,0.1822746001380843,109841.08499999999,96820.16,122862.01,130148.98
74,1,26,2,0.2018968867615637,0.14170777884243171,107548.20999999999,96820.16,118276.26,123295.2
51,1,3,2,0.3013916579030748,0.19664552652684003,109059.59,97381.57,120737.61,128722.46
59,1,11,2,0.3187310900454606,0.2032011546050702,108375.42,97664.48,119086.36,127324.66
75,1,27,2,0.2666189591673109,0.18124171034777886,111789.37,98522.22,125056.52,132592.78
87,1,39,2,0.2449005773618893,0.1620014111792838,121774.37,98522.22,145026.52,154372.98
63,1,15,2,0.26775948270637606,0.176553800895735,110340.425,99101.66,121579.19,128722.46
50,1,2,1,0.08212474516643146,0.08212474516643146,99687.32,99687.32,99687.32,128253.38
2156,44,44,26,0.544752565582946,0.24127374189568457,123109.93846153843,99687.32,158434.67,372678.72
58,1,10,2,0.3343429703493225,0.2097536520764481,110929.255,100279.32,121579.19,130631.02
66,1,18,2,0.28381185511204304,0.18229324330792132,112541.39,101787.58,123295.2,131116.38
54,1,6,2,0.3013916579030748,0.18847638627129726,111262.595,101787.58,120737.61,128722.46
55,1,7,2,0.3673854610374533,0.22457858069913386,112049.105,102094.18,122004.03,132097.22
62,1,14,2,0.26747393709968115,0.17201883488332692,112262.905,102094.18,122431.63,129670.22
65,1,17,2,0.28426705200771374,0.18041539233734322,112049.105,102094.18,122004.03,129670.22
89,1,41,4,0.22851368292247118,0.12884762370714714,133505.3875,102402.48,145616.44,154372.98
53,1,5,2,0.31652602620297,0.1990829818272865,113818.005,103024.17,124611.84,133594.3
60,1,12,2,0.3669935157899083,0.22325623176230233,113099.81,103337.61,122862.01,133091.78
70,1,22,2,0.3487282366305809,0.21718993245414478,115417.34,103969.71,126864.97,137213.13
69,1,21,2,0.3494721497004352,0.2154903064022826,114513.115,103969.71,125056.52,135123.23
71,1,23,2,0.31501238695085226,0.19651502525091447,117813.01500000001,106903.57,128722.46,138280.8
88,1,40,4,0.2209864237799832,0.11242880646893297,130131.8825,107238.9,195704.14,211280.41
90,1,42,80,0.15011454865507465,0.10092659891895732,135688.385625,107915.35,403612.41,450099.75
2296,47,40,4,1.0,0.5629473308069703,115625.825,111418.03,121579.19,127324.66
57,1,9,1,0.48753153805453586,0.48753153805453586,115519.18,115519.18,115519.18,127787.46
56,1,8,1,0.2853331036462313,0.2853331036462313,119086.36,119086.36,119086.36,126408.34
61,1,13,1,0.38357317349180686,0.38357317349180686,122862.01,122862.01,122862.01,133594.3
2204,45,44,24,0.40709079732009906,0.18998740371912085,174523.02125000002,124611.84,245875.0,528822.38
76,1,28,1,0.2666189591673109,0.2666189591673109,125056.52,125056.52,125056.52,132592.78
68,1,20,1,0.28305608856599146,0.28305608856599146,125504.14,125504.14,125504.14,133594.3
2297,47,41,7,0.16743749119200665,0.1248456346848219,155470.27285714285,126408.34,280371.47,297844.91
85,1,37,1,0.21622381306133598,0.21622381306133598,127324.66,127324.66,127324.66,133594.3
78,1,30,1,0.23267016131696952,0.23267016131696952,127787.46,127787.46,127787.46,134609.98
84,1,36,1,0.23267016131696952,0.23267016131696952,127787.46,127787.46,127787.46,134609.98
81,1,33,1,0.23242277570294026,0.23242277570294026,128722.46,128722.46,128722.46,135640.13
91,1,43,1,0.31501238695085226,0.31501238695085226,128722.46,128722.46,128722.46,138280.8
94,1,46,2,0.2972452825225639,0.18703296168561165,133093.53999999998,132592.78,133594.3,142142.66
95,1,47,2,0.2972452825225639,0.18703296168561165,133093.53999999998,132592.78,133594.3,142142.66
82,1,34,1,0.1982682575872926,0.1982682575872926,133594.3,133594.3,133594.3,139911.63
79,1,31,1,0.23106807145297853,0.23106807145297853,134100.34,134100.34,134100.34,141578.7
83,1,35,1,0.23070044285360167,0.23070044285360167,135640.13,135640.13,135640.13,143283.25
93,1,45,1,0.16461089703458706,0.16461089703458706,137745.05,137745.05,137745.05,143283.25
86,1,38,1,0.3115228107937708,0.3115228107937708,139364.05,139364.05,139364.05,150502.45
2298,47,42,48,0.11514696123736856,0.08758141333478116,187046.59437500002,143283.25,661350.38,721303.56
2288,47,32,4,0.5209776568671883,0.3215332308044783,146422.41749999998,143859.97,151772.23,157058.67
2301,47,45,6,0.07943088957197024,0.0779484421883519,150747.11000000002,145616.44,152414.69,455329.53
2152,44,40,5,0.7542702520127403,0.3624609304549534,171182.626,164917.73,179504.63,191648.39
2293,47,37,2,0.1453394897788554,0.11687659869629533,182175.47,182175.47,182175.47,187749.41
2259,47,3,1,0.08832144106786961,0.08832144106786961,183998.22,183998.22,183998.22,189679.88
2265,47,9,1,0.10301476022970811,0.10301476022970811,183998.22,183998.22,183998.22,190659.31
2289,47,33,1,0.1029608033547829,0.1029608033547829,184922.63,184922.63,184922.63,191648.39
80,1,32,1,0.1270013158164123,0.1270013158164123,187749.41,187749.41,187749.41,195704.14
2258,47,2,3,0.43285391472970164,0.2606649363772435,195089.16,189679.88,197793.8,208912.44
2257,47,1,2,0.12051846540550744,0.10425929567728981,191153.85,190659.31,191648.39,196743.69
2276,47,20,2,0.2161451797315095,0.18846733138539676,195709.345,194675.0,196743.69,206594.58
2263,47,7,2,0.14413385488679015,0.13787861042122512,196234.4,194675.0,197793.8,204325.27
2279,47,23,3,0.35986906721554107,0.28089576338286953,196400.69333333336,195704.14,197793.8,212483.69
2294,47,38,2,0.1920787798330857,0.1691065600262296,196748.97,195704.14,197793.8,206594.58
2264,47,8,2,0.1920787798330857,0.16178269461637867,197268.745,196743.69,197793.8,206594.58
2270,47,14,1,0.08768028924961294,0.08768028924961294,197793.8,197793.8,197793.8,204325.27
2153,44,41,4,0.15480001390900316,0.10524093712072502,257416.34499999997,205453.95,395419.56,430305.09
2144,44,32,4,0.35689950713750157,0.21722320942934611,217831.03000000003,213700.14,225277.3,233684.53
2200,45,40,5,0.6401065025472624,0.2997869426931924,224875.58800000005,214929.95,239631.09,254133.06
2140,44,28,1,0.09942616456714302,0.09942616456714302,257587.41,257587.41,257587.41,266631.75
2142,44,30,2,0.11928069446650094,0.10249575725602755,257587.41,257587.41,257587.41,268514.44
2115,44,3,4,0.18728480204842954,0.14545118401622653,266638.07,264774.34,268514.44,282446.44
2121,44,9,1,0.09378615394866181,0.09378615394866181,264774.34,264774.34,264774.34,272357.75
2148,44,36,2,0.15855247172032,0.11774341234222407,269494.75,266631.75,272357.75,282446.44
2136,44,24,2,0.09966335613047465,0.09934125789702014,270436.095,268514.44,272357.75,282446.44
2135,44,23,3,0.20999492698538444,0.2021822916450243,274382.89666666667,268514.44,278325.69,297844.91
2129,44,17,1,0.1584714050887206,0.1584714050887206,268514.44,268514.44,268514.44,284551.28
2130,44,18,1,0.1584714050887206,0.1584714050887206,268514.44,268514.44,268514.44,284551.28
2113,44,1,3,0.14046375541823125,0.10096174381719407,269150.6066666667,268514.44,270422.94,280371.47
2118,44,6,2,0.18718904480234505,0.15053045048524336,268514.44,268514.44,268514.44,284551.28
2145,44,33,1,0.13862685349239318,0.13862685349239318,270422.94,270422.94,270422.94,284551.28
2114,44,2,1,0.21042539126529758,0.21042539126529758,270422.94,270422.94,270422.94,288853.09
2116,44,4,2,0.0936421206448346,0.08645905957003278,270422.94,270422.94,270422.94,278325.69
2124,44,12,1,0.11879262293132413,0.11879262293132413,272357.75,272357.75,272357.75,284551.28
2127,44,15,1,0.09891758506367251,0.09891758506367251,276308.56,276308.56,276308.56,286686.59
2117,44,5,1,0.08527246751460558,0.08527246751460558,276308.56,276308.56,276308.56,288853.09
2132,44,20,1,0.07903269440010026,0.07903269440010026,282446.44,282446.44,282446.44,291051.47
2126,44,14,1,0.09876566090097097,0.09876566090097097,282446.44,282446.44,282446.44,293282.41
2139,44,27,1,0.07899219763321245,0.07899219763321245,284551.28,284551.28,284551.28,293282.41
2192,45,32,5,0.4181705124441553,0.2174008319468022,293665.55,284551.28,314954.38,331208.34
2133,44,21,1,0.09866464377091069,0.09866464377091069,286686.59,286686.59,286686.59,297844.91
2201,45,41,3,0.1523210816508156,0.10411026417693092,490467.6966666667,286686.59,601218.31,661350.38
2134,44,22,1,0.07891157396734061,0.07891157396734061,288853.09,288853.09,288853.09,297844.91
2146,44,34,1,0.07891157396734061,0.07891157396734061,288853.09,288853.09,288853.09,297844.91
2112,44,0,3,0.2092447370723245,0.15256906565522507,294059.5966666666,291051.47,297844.91,314954.38
2155,44,43,3,0.16274559765003338,0.13974960673053968,294791.91,293282.41,295546.66,312394.69
2147,44,35,1,0.15734022658357383,0.15734022658357383,297844.91,297844.91,297844.91,317555.0
2196,45,36,2,0.09142603432041523,0.08744682280748686,399515.985,395419.56,403612.41,421032.91
2166,45,6,4,0.11425376744087831,0.09131149486566917,402599.14249999996,399475.0,407834.16,425619.72
2177,45,17,1,0.09015972048798239,0.09015972048798239,403612.41,403612.41,403612.41,430305.09
2162,45,2,2,0.15987411103259258,0.14761055382223903,403612.41,403612.41,403612.41,435092.38
2161,45,1,1,0.11604100657588662,0.11604100657588662,403612.41,403612.41,403612.41,430305.09
2193,45,33,1,0.1370695562816646,0.1370695562816646,403612.41,403612.41,403612.41,430305.09
2170,45,10,3,0.18266724585723074,0.12367726733714196,409419.24333333335,403612.41,421032.91,439984.91
2184,45,24,2,0.1370695562816646,0.1136146383848235,403612.41,403612.41,403612.41,430305.09
2189,45,29,1,0.07515226587587982,0.07515226587587982,403612.41,403612.41,403612.41,425619.72
2175,45,15,2,0.1370695562816646,0.1136146383848235,403612.41,403612.41,403612.41,430305.09
2178,45,18,1,0.07507620707893231,0.07507620707893231,412143.03,412143.03,412143.03,435092.38
2183,45,23,2,0.09648098620806493,0.09381506703420663,427962.405,425619.72,430305.09,450099.75
2181,45,21,1,0.09105667403795338,0.09105667403795338,439984.91,439984.91,439984.91,460679.59
2195,45,35,1,0.07693167558070081,0.07693167558070081,460679.59,460679.59,460679.59,483368.97
2060,42,44,6,0.7168235753905156,0.3458528246219778,539703.895,483368.97,550970.88,988899.38
1964,40,44,5,0.604968862923076,0.24731340702483987,550094.898,483368.97,566776.38,920784.13
1960,40,40,3,0.13541907952365276,0.12137936106253089,526551.4766666667,521823.06,536008.31,583498.19
2053,42,37,1,0.1097832976728537,0.1097832976728537,536008.31,536008.31,536008.31,601218.31
2056,42,40,3,0.20246557073217208,0.17692570549706685,561584.2333333333,550970.88,575017.88,661350.38
1944,40,24,1,0.09023391711179651,0.09023391711179651,550970.88,550970.88,550970.88,583498.19
1943,40,23,3,0.247582418992218,0.1668809404080269,570317.71,550970.88,601218.31,661350.38
2041,42,25,1,0.17790522679388365,0.17790522679388365,558763.94,558763.94,558763.94,684112.31
2040,42,24,1,0.17790522679388365,0.17790522679388365,558763.94,558763.94,558763.94,684112.31
1952,40,32,3,0.15747329374710578,0.13340764415962617,575097.4833333333,566776.38,583498.19,650520.19
1926,40,6,1,0.0901432806334093,0.0901432806334093,566776.38,566776.38,566776.38,601218.31
1924,40,4,3,0.15763170316689842,0.1144961203017472,569523.5466666667,566776.38,575017.88,629875.0
2052,42,36,1,0.1505352076013955,0.1505352076013955,566776.38,566776.38,566776.38,672541.69
2044,42,28,1,0.10363254522253419,0.10363254522253419,575017.88,575017.88,575017.88,640033.69
2054,42,38,1,0.15038392999754197,0.15038392999754197,583498.19,583498.19,583498.19,696081.88
2025,42,9,1,0.11834804394844373,0.11834804394844373,583498.19,583498.19,583498.19,661350.38
1921,40,1,2,0.08880558108864506,0.08546806093237991,583498.19,583498.19,583498.19,640033.69
1942,40,22,2,0.13480766792239582,0.1289554267326695,596989.625,583498.19,610481.06,672541.69
1936,40,16,3,0.17992418103135516,0.12603099894560713,589404.8966666666,583498.19,601218.31,661350.38
1931,40,11,2,0.13501086215965444,0.10857070146788458,583498.19,583498.19,583498.19,640033.69
1922,40,2,2,0.13501086215965444,0.10857070146788458,583498.19,583498.19,583498.19,640033.69
1934,40,14,2,0.13501086215965444,0.10857070146788458,583498.19,583498.19,583498.19,640033.69
1941,40,21,2,0.112424333860838,0.1041096714954653,592358.25,583498.19,601218.31,650520.19
1930,40,10,3,0.17992418103135516,0.13590822659022003,583498.19,583498.19,583498.19,661350.38
1958,40,38,2,0.13501086215965444,0.11190822162414975,583498.19,583498.19,583498.19,640033.69
1927,40,7,2,0.15731507007986856,0.13335630980328173,596723.125,592227.94,601218.31,672541.69
1928,40,8,2,0.15739407569521416,0.12657044723491354,592227.94,592227.94,592227.94,661350.38
2045,42,29,1,0.10347653506517986,0.10347653506517986,601218.31,601218.31,601218.31,672541.69
2022,42,6,1,0.14771241763042847,0.14771241763042847,601218.31,601218.31,601218.31,708471.5
2048,42,32,1,0.08853851947562205,0.08853851947562205,640033.69,640033.69,640033.69,708471.5
2059,42,43,1,0.08180138322401276,0.08180138322401276,661350.38,661350.38,661350.38,734602.25
2058,42,42,1,0.08180138322401276,0.08180138322401276,661350.38,661350.38,661350.38,734602.25
2019,42,3,1,0.11208625577603741,0.11208625577603741,661350.38,661350.38,661350.38,721303.56
2020,42,4,2,0.11202992528760043,0.10023979851128811,666946.0349999999,661350.38,672541.69,734602.25
2042,42,26,1,0.09541109781758396,0.09541109781758396,661350.38,661350.38,661350.38,748393.56
2024,42,8,1,0.10311366431843376,0.10311366431843376,672541.69,672541.69,672541.69,762705.19
2017,42,1,1,0.1030620554956085,0.1030620554956085,684112.31,684112.31,684112.31,777567.38
2018,42,2,2,0.1118056210350223,0.10003903616214967,714887.53,708471.5,721303.56,793012.25
2205,45,45,3,0.20064654510204247,0.16418975385892742,777567.38,777567.38,777567.38,942433.13
