Timestamp,Sensor_ID,Resistance_Ohms
2025-11-16 15:28:38.937,0,22774.6
2025-11-16 15:28:38.937,1,29221.78
2025-11-16 15:28:38.937,2,34108.26
2025-11-16 15:28:38.937,3,32232.81
2025-11-16 15:28:38.937,4,34060.55
2025-11-16 15:28:38.937,5,34542.39
2025-11-16 15:28:38.937,6,34640.03
2025-11-16 15:28:38.937,7,34689.0
2025-11-16 15:28:38.937,8,34935.51
2025-11-16 15:28:38.937,9,34445.18
2025-11-16 15:28:38.937,10,35234.91
2025-11-16 15:28:38.937,11,34640.03
2025-11-16 15:28:38.937,12,35845.82
2025-11-16 15:28:38.937,13,35845.82
2025-11-16 15:28:38.937,14,34985.13
2025-11-16 15:28:38.937,15,35742.86
2025-11-16 15:28:38.937,16,35084.71
2025-11-16 15:28:38.937,17,36053.13
2025-11-16 15:28:38.937,18,37227.6
2025-11-16 15:28:38.937,19,37392.4
2025-11-16 15:28:38.937,20,37502.91
2025-11-16 15:28:38.937,21,37613.93
2025-11-16 15:28:38.937,22,36001.13
2025-11-16 15:28:38.937,23,38463.37
2025-11-16 15:28:38.937,24,36053.13
2025-11-16 15:28:38.937,25,35640.36
2025-11-16 15:28:38.937,26,38348.37
2025-11-16 15:28:38.937,27,37893.76
2025-11-16 15:28:38.937,28,36473.41
2025-11-16 15:28:38.937,29,36473.41
2025-11-16 15:28:38.937,30,36579.68
2025-11-16 15:28:38.937,31,37172.92
2025-11-16 15:28:38.937,32,126864.97
2025-11-16 15:28:38.937,33,38463.37
2025-11-16 15:28:38.937,34,39283.93
2025-11-16 15:28:38.937,35,36901.41
2025-11-16 15:28:38.937,36,36901.41
2025-11-16 15:28:38.937,37,41788.82
2025-11-16 15:28:38.937,38,51654.79
2025-11-16 15:28:38.937,39,51935.61
2025-11-16 15:28:38.937,40,793012.25
2025-11-16 15:28:38.937,41,54480.68
2025-11-16 15:28:38.937,42,88573.8
2025-11-16 15:28:38.937,43,36955.46
2025-11-16 15:28:38.937,44,70504.91
2025-11-16 15:28:38.937,45,230816.17
2025-11-16 15:28:38.937,46,89534.38
2025-11-16 15:28:38.937,47,89534.38
2025-11-16 15:28:38.937,48,115519.18
2025-11-16 15:28:38.937,49,114373.48
2025-11-16 15:28:38.937,50,128722.46
2025-11-16 15:28:38.937,51,125056.52
2025-11-16 15:28:38.937,52,133594.3
2025-11-16 15:28:38.937,53,135640.13
2025-11-16 15:28:38.937,54,128722.46
2025-11-16 15:28:38.937,55,134100.34
2025-11-16 15:28:38.937,56,135640.13
2025-11-16 15:28:38.937,57,130631.02
2025-11-16 15:28:38.937,58,137213.13
2025-11-16 15:28:38.937,59,137745.05
2025-11-16 15:28:38.937,60,129670.22
2025-11-16 15:28:38.937,61,137745.05
2025-11-16 15:28:38.937,62,133594.3
2025-11-16 15:28:38.937,63,139364.05
2025-11-16 15:28:38.937,64,127787.46
2025-11-16 15:28:38.937,65,133594.3
2025-11-16 15:28:38.937,66,142142.66
2025-11-16 15:28:38.937,67,132592.78
2025-11-16 15:28:38.937,68,137213.13
2025-11-16 15:28:38.937,69,144441.03
2025-11-16 15:28:38.937,70,136160.72
2025-11-16 15:28:38.937,71,137745.05
2025-11-16 15:28:38.937,72,133594.3
2025-11-16 15:28:38.937,73,136160.72
2025-11-16 15:28:38.937,74,138820.45
2025-11-16 15:28:38.937,75,138820.45
2025-11-16 15:28:38.937,76,133091.78
2025-11-16 15:28:38.937,77,138820.45
2025-11-16 15:28:38.937,78,141018.91
2025-11-16 15:28:38.937,79,139364.05
2025-11-16 15:28:38.937,80,372678.72
2025-11-16 15:28:38.937,81,144441.03
2025-11-16 15:28:38.937,82,147413.47
2025-11-16 15:28:38.937,83,141578.7
2025-11-16 15:28:38.937,84,137213.13
2025-11-16 15:28:38.937,85,148021.72
2025-11-16 15:28:38.937,86,189679.88
2025-11-16 15:28:38.937,87,176056.81
2025-11-16 15:28:38.937,88,157058.67
2025-11-16 15:28:38.937,89,157058.67
2025-11-16 15:28:38.937,90,264774.34
2025-11-16 15:28:38.937,91,135640.13
2025-11-16 15:28:38.937,92,151772.23
2025-11-16 15:28:38.937,93,550970.88
2025-11-16 15:28:38.937,94,259348.69
2025-11-16 15:28:38.937,95,259348.69
2025-11-16 15:28:38.937,96,77209.76
2025-11-16 15:28:38.937,97,76106.58
2025-11-16 15:28:38.937,98,82335.49
2025-11-16 15:28:38.937,99,82754.82
2025-11-16 15:28:38.937,100,86025.24
2025-11-16 15:28:38.937,101,86251.47
2025-11-16 15:28:38.937,102,84909.8
2025-11-16 15:28:38.937,103,85800.06
2025-11-16 15:28:38.937,104,82335.49
2025-11-16 15:28:38.937,105,87398.81
2025-11-16 15:28:38.937,106,87167.16
2025-11-16 15:28:38.937,107,86478.77
2025-11-16 15:28:38.937,108,84689.81
2025-11-16 15:28:38.937,109,86478.77
2025-11-16 15:28:38.937,110,86707.14
2025-11-16 15:28:38.937,111,84909.8
2025-11-16 15:28:38.937,112,75925.42
2025-11-16 15:28:38.937,113,87631.56
2025-11-16 15:28:38.937,114,86251.47
2025-11-16 15:28:38.937,115,86251.47
2025-11-16 15:28:38.937,116,87167.16
2025-11-16 15:28:38.937,117,92531.65
2025-11-16 15:28:38.937,118,85352.86
2025-11-16 15:28:38.937,119,91512.71
2025-11-16 15:28:38.937,120,85575.93
2025-11-16 15:28:38.937,121,85800.06
2025-11-16 15:28:38.937,122,85130.81
2025-11-16 15:28:38.937,123,89534.38
2025-11-16 15:28:38.937,124,87167.16
2025-11-16 15:28:38.937,125,86707.14
2025-11-16 15:28:38.937,126,87167.16
2025-11-16 15:28:38.937,127,89051.75
2025-11-16 15:28:38.937,128,264774.34
2025-11-16 15:28:38.937,129,90021.7
2025-11-16 15:28:38.937,130,95170.63
2025-11-16 15:28:38.937,131,85352.86
2025-11-16 15:28:38.937,132,88573.8
2025-11-16 15:28:38.937,133,91010.8
2025-11-16 15:28:38.937,134,119086.36
2025-11-16 15:28:38.937,135,110345.59
2025-11-16 15:28:38.937,136,100279.32
2025-11-16 15:28:38.937,137,100279.32
2025-11-16 15:28:38.937,138,183082.55
2025-11-16 15:28:38.937,139,87167.16
2025-11-16 15:28:38.937,140,119906.74
2025-11-16 15:28:38.937,141,439984.91
2025-11-16 15:28:38.937,142,170315.53
2025-11-16 15:28:38.937,143,170315.53
2025-11-16 15:28:38.937,144,41075.0
2025-11-16 15:28:38.937,145,41139.08
2025-11-16 15:28:38.937,146,40820.27
2025-11-16 15:28:38.937,147,41332.29
2025-11-16 15:28:38.937,148,40505.41
2025-11-16 15:28:38.937,149,41461.9
2025-11-16 15:28:38.937,150,40756.99
2025-11-16 15:28:38.937,151,41397.01
2025-11-16 15:28:38.937,152,39403.42
2025-11-16 15:28:38.937,153,40568.07
2025-11-16 15:28:38.937,154,40756.99
2025-11-16 15:28:38.937,155,40693.86
2025-11-16 15:28:38.937,156,41592.18
2025-11-16 15:28:38.937,157,41397.01
2025-11-16 15:28:38.937,158,41397.01
2025-11-16 15:28:38.937,159,41592.18
2025-11-16 15:28:38.937,160,26283.89
2025-11-16 15:28:38.937,161,40442.9
2025-11-16 15:28:38.937,162,41203.32
2025-11-16 15:28:38.937,163,38695.02
2025-11-16 15:28:38.937,164,42726.61
2025-11-16 15:28:38.937,165,43347.59
2025-11-16 15:28:38.937,166,40132.67
2025-11-16 15:28:38.937,167,44415.61
2025-11-16 15:28:38.937,168,41788.82
2025-11-16 15:28:38.937,169,42455.23
2025-11-16 15:28:38.937,170,42320.58
2025-11-16 15:28:38.937,171,43840.75
2025-11-16 15:28:38.937,172,42863.36
2025-11-16 15:28:38.937,173,41203.32
2025-11-16 15:28:38.937,174,42455.23
2025-11-16 15:28:38.937,175,44054.89
2025-11-16 15:28:38.937,176,135640.13
2025-11-16 15:28:38.937,177,44561.25
2025-11-16 15:28:38.937,178,45002.86
2025-11-16 15:28:38.937,179,43628.29
2025-11-16 15:28:38.937,180,43557.83
2025-11-16 15:28:38.937,181,46527.84
2025-11-16 15:28:38.937,182,59416.6
2025-11-16 15:28:38.937,183,58715.34
2025-11-16 15:28:38.937,184,988899.38
2025-11-16 15:28:38.937,185,55201.96
2025-11-16 15:28:38.937,186,96541.67
2025-11-16 15:28:38.937,187,42726.61
2025-11-16 15:28:38.937,188,76471.19
2025-11-16 15:28:38.937,189,254133.06
2025-11-16 15:28:38.937,190,97948.88
2025-11-16 15:28:38.937,191,97948.88
2025-11-16 15:28:38.937,192,27384.16
2025-11-16 15:28:38.937,193,27179.19
2025-11-16 15:28:38.937,194,26775.9
2025-11-16 15:28:38.937,195,27145.25
2025-11-16 15:28:38.937,196,26610.43
2025-11-16 15:28:38.937,197,26219.28
2025-11-16 15:28:38.937,198,26610.43
2025-11-16 15:28:38.937,199,27145.25
2025-11-16 15:28:38.937,200,26577.51
2025-11-16 15:28:38.937,201,26348.73
2025-11-16 15:28:38.937,202,26709.53
2025-11-16 15:28:38.937,203,26544.65
2025-11-16 15:28:38.937,204,27111.36
2025-11-16 15:28:38.937,205,26643.4
2025-11-16 15:28:38.937,206,27213.2
2025-11-16 15:28:38.937,207,27077.54
2025-11-16 15:28:38.937,208,19794.65
2025-11-16 15:28:38.937,209,26643.4
2025-11-16 15:28:38.937,210,26026.81
2025-11-16 15:28:38.937,211,21700.95
2025-11-16 15:28:38.937,212,28119.63
2025-11-16 15:28:38.937,213,28155.37
2025-11-16 15:28:38.937,214,23754.24
2025-11-16 15:28:38.937,215,28335.09
2025-11-16 15:28:38.937,216,26809.18
2025-11-16 15:28:38.937,217,27695.87
2025-11-16 15:28:38.937,218,28480.09
2025-11-16 15:28:38.937,219,28699.64
2025-11-16 15:28:38.937,220,27977.33
2025-11-16 15:28:38.937,221,27281.39
2025-11-16 15:28:38.937,222,28736.48
2025-11-16 15:28:38.937,223,29297.52
2025-11-16 15:28:38.937,224,118276.26
2025-11-16 15:28:38.937,225,30031.86
2025-11-16 15:28:38.937,226,30631.22
2025-11-16 15:28:38.937,227,28553.0
2025-11-16 15:28:38.937,228,28736.48
2025-11-16 15:28:38.937,229,32232.81
2025-11-16 15:28:38.937,230,40630.89
2025-11-16 15:28:38.937,231,40568.07
2025-11-16 15:28:38.937,232,583498.19
2025-11-16 15:28:38.937,233,39343.6
2025-11-16 15:28:38.937,234,72622.48
2025-11-16 15:28:38.937,235,28773.39
2025-11-16 15:28:38.937,236,57354.41
2025-11-16 15:28:38.937,237,191648.39
2025-11-16 15:28:38.937,238,72958.16
2025-11-16 15:28:38.937,239,72958.16
2025-11-16 15:28:38.937,240,20103.78
2025-11-16 15:28:38.937,241,19816.52
2025-11-16 15:28:38.937,242,19491.78
2025-11-16 15:28:38.937,243,20037.0
2025-11-16 15:28:38.937,244,19321.44
2025-11-16 15:28:38.937,245,19491.78
2025-11-16 15:28:38.937,246,19363.84
2025-11-16 15:28:38.937,247,19577.68
2025-11-16 15:28:38.937,248,19153.06
2025-11-16 15:28:38.937,249,19321.44
2025-11-16 15:28:38.937,250,19321.44
2025-11-16 15:28:38.937,251,19153.06
2025-11-16 15:28:38.937,252,20059.23
2025-11-16 15:28:38.937,253,19794.65
2025-11-16 15:28:38.937,254,20170.86
2025-11-16 15:28:38.937,255,19838.42
2025-11-16 15:28:38.937,256,18699.77
2025-11-16 15:28:38.937,257,20059.23
2025-11-16 15:28:38.937,258,19449.01
2025-11-16 15:28:38.937,259,18801.55
2025-11-16 15:28:38.937,260,20999.62
2025-11-16 15:28:38.937,261,21118.33
2025-11-16 15:28:38.937,262,19794.65
2025-11-16 15:28:38.937,263,21626.94
2025-11-16 15:28:38.937,264,20510.75
2025-11-16 15:28:38.937,265,20834.94
2025-11-16 15:28:38.937,266,22721.83
2025-11-16 15:28:38.937,267,21676.24
2025-11-16 15:28:38.937,268,21382.69
2025-11-16 15:28:38.937,269,20881.81
2025-11-16 15:28:38.937,270,21237.94
2025-11-16 15:28:38.937,271,21553.27
2025-11-16 15:28:38.937,272,73637.78
2025-11-16 15:28:38.937,273,22101.59
2025-11-16 15:28:38.937,274,22564.54
2025-11-16 15:28:38.937,275,21553.27
2025-11-16 15:28:38.937,276,21504.34
2025-11-16 15:28:38.937,277,24151.15
2025-11-16 15:28:38.937,278,31585.79
2025-11-16 15:28:38.937,279,31040.83
2025-11-16 15:28:38.937,280,450099.75
2025-11-16 15:28:38.937,281,32675.42
2025-11-16 15:28:38.937,282,56046.25
2025-11-16 15:28:38.937,283,21166.06
2025-11-16 15:28:38.937,284,46527.84
2025-11-16 15:28:38.937,285,153062.25
2025-11-16 15:28:38.937,286,58028.08
2025-11-16 15:28:38.937,287,58028.08
2025-11-16 15:28:38.937,288,17309.7
2025-11-16 15:28:38.937,289,17199.88
2025-11-16 15:28:38.937,290,16317.87
2025-11-16 15:28:38.937,291,16840.11
2025-11-16 15:28:38.937,292,16081.01
2025-11-16 15:28:38.937,293,16182.0
2025-11-16 15:28:38.937,294,15947.57
2025-11-16 15:28:38.937,295,15848.37
2025-11-16 15:28:38.937,296,15815.47
2025-11-16 15:28:38.937,297,15914.42
2025-11-16 15:28:38.937,298,16148.25
2025-11-16 15:28:38.937,299,16064.26
2025-11-16 15:28:38.937,300,16875.66
2025-11-16 15:28:38.937,301,16593.85
2025-11-16 15:28:38.937,302,17328.08
2025-11-16 15:28:38.937,303,16769.29
2025-11-16 15:28:38.937,304,17910.59
2025-11-16 15:28:38.937,305,17199.88
2025-11-16 15:28:38.937,306,18221.02
2025-11-16 15:28:38.937,307,18438.46
2025-11-16 15:28:38.937,308,17968.28
2025-11-16 15:28:38.937,309,18538.4
2025-11-16 15:28:38.937,310,17199.88
2025-11-16 15:28:38.937,311,18862.97
2025-11-16 15:28:38.937,312,17795.93
2025-11-16 15:28:38.937,313,17776.91
2025-11-16 15:28:38.937,314,19838.42
2025-11-16 15:28:38.937,315,18578.57
2025-11-16 15:28:38.937,316,18339.21
2025-11-16 15:28:38.937,317,17910.59
2025-11-16 15:28:38.937,318,18181.84
2025-11-16 15:28:38.937,319,18221.02
2025-11-16 15:28:38.937,320,61358.41
2025-11-16 15:28:38.937,321,18740.4
2025-11-16 15:28:38.937,322,19132.14
2025-11-16 15:28:38.937,323,18339.21
2025-11-16 15:28:38.937,324,18458.39
2025-11-16 15:28:38.937,325,20741.61
2025-11-16 15:28:38.937,326,27281.39
2025-11-16 15:28:38.937,327,27349.84
2025-11-16 15:28:38.937,328,379970.25
2025-11-16 15:28:38.937,329,30550.28
2025-11-16 15:28:38.937,330,50287.98
2025-11-16 15:28:38.937,331,17757.91
2025-11-16 15:28:38.937,332,42186.62
2025-11-16 15:28:38.937,333,137745.05
2025-11-16 15:28:38.937,334,50021.84
2025-11-16 15:28:38.937,335,50021.84
2025-11-16 15:28:38.937,336,15300.2
2025-11-16 15:28:38.937,337,15268.68
2025-11-16 15:28:38.937,338,14520.01
2025-11-16 15:28:38.937,339,14850.61
2025-11-16 15:28:38.937,340,14154.79
2025-11-16 15:28:38.937,341,14328.73
2025-11-16 15:28:38.937,342,14183.61
2025-11-16 15:28:38.937,343,14212.49
2025-11-16 15:28:38.937,344,14270.47
2025-11-16 15:28:38.937,345,14154.79
2025-11-16 15:28:38.937,346,14549.7
2025-11-16 15:28:38.937,347,14431.36
2025-11-16 15:28:38.937,348,14684.21
2025-11-16 15:28:38.937,349,14865.85
2025-11-16 15:28:38.937,350,15081.15
2025-11-16 15:28:38.937,351,14624.25
2025-11-16 15:28:38.937,352,15914.42
2025-11-16 15:28:38.937,353,15205.86
2025-11-16 15:28:38.937,354,16317.87
2025-11-16 15:28:38.937,355,16403.5
2025-11-16 15:28:38.937,356,16047.52
2025-11-16 15:28:38.937,357,16455.14
2025-11-16 15:28:38.937,358,15347.64
2025-11-16 15:28:38.937,359,16875.66
2025-11-16 15:28:38.937,360,15143.35
2025-11-16 15:28:38.937,361,15815.47
2025-11-16 15:28:38.937,362,17494.69
2025-11-16 15:28:38.937,363,15897.87
2025-11-16 15:28:38.937,364,16215.84
2025-11-16 15:28:38.937,365,15831.91
2025-11-16 15:28:38.937,366,16215.84
2025-11-16 15:28:38.937,367,16317.87
2025-11-16 15:28:38.937,368,55621.39
2025-11-16 15:28:38.937,369,16893.47
2025-11-16 15:28:38.937,370,17236.39
2025-11-16 15:28:38.937,371,16386.33
2025-11-16 15:28:38.937,372,16386.33
2025-11-16 15:28:38.937,373,18123.28
2025-11-16 15:28:38.937,374,25064.0
2025-11-16 15:28:38.937,375,24734.57
2025-11-16 15:28:38.937,376,339960.47
2025-11-16 15:28:38.937,377,27418.54
2025-11-16 15:28:38.937,378,46843.01
2025-11-16 15:28:38.937,379,15799.05
2025-11-16 15:28:38.937,380,39283.93
2025-11-16 15:28:38.937,381,126864.97
2025-11-16 15:28:38.937,382,47161.71
2025-11-16 15:28:38.937,383,47161.71
2025-11-16 15:28:38.937,384,15268.68
2025-11-16 15:28:38.937,385,15300.2
2025-11-16 15:28:38.937,386,14416.64
2025-11-16 15:28:38.937,387,14896.38
2025-11-16 15:28:38.937,388,14097.35
2025-11-16 15:28:38.937,389,14154.79
2025-11-16 15:28:38.937,390,14083.04
2025-11-16 15:28:38.937,391,14183.61
2025-11-16 15:28:38.937,392,14154.79
2025-11-16 15:28:38.937,393,14068.74
2025-11-16 15:28:38.937,394,14534.84
2025-11-16 15:28:38.937,395,14198.04
2025-11-16 15:28:38.937,396,15019.26
2025-11-16 15:28:38.937,397,14896.38
2025-11-16 15:28:38.937,398,15174.57
2025-11-16 15:28:38.937,399,14774.7
2025-11-16 15:28:38.937,400,15848.37
2025-11-16 15:28:38.937,401,15331.81
2025-11-16 15:28:38.937,402,16352.05
2025-11-16 15:28:38.937,403,16403.5
2025-11-16 15:28:38.937,404,15947.57
2025-11-16 15:28:38.937,405,16698.84
2025-11-16 15:28:38.937,406,15268.68
2025-11-16 15:28:38.937,407,16769.29
2025-11-16 15:28:38.937,408,15749.92
2025-11-16 15:28:38.937,409,15930.98
2025-11-16 15:28:38.937,410,17929.79
2025-11-16 15:28:38.937,411,16769.29
2025-11-16 15:28:38.937,412,16455.14
2025-11-16 15:28:38.937,413,15848.37
2025-11-16 15:28:38.937,414,16232.79
2025-11-16 15:28:38.937,415,16249.76
2025-11-16 15:28:38.937,416,57354.41
2025-11-16 15:28:38.937,417,16840.11
2025-11-16 15:28:38.937,418,17291.33
2025-11-16 15:28:38.937,419,16386.33
2025-11-16 15:28:38.937,420,16420.69
2025-11-16 15:28:38.937,421,18822.0
2025-11-16 15:28:38.937,422,25094.26
2025-11-16 15:28:38.937,423,24853.65
2025-11-16 15:28:38.937,424,334076.69
2025-11-16 15:28:38.937,425,27765.84
2025-11-16 15:28:38.937,426,47001.92
2025-11-16 15:28:38.937,427,16014.12
2025-11-16 15:28:38.937,428,39403.42
2025-11-16 15:28:38.937,429,125954.73
2025-11-16 15:28:38.937,430,48305.81
2025-11-16 15:28:38.937,431,48305.81
2025-11-16 15:28:38.937,432,15081.15
2025-11-16 15:28:38.937,433,15034.71
2025-11-16 15:28:38.937,434,14097.35
2025-11-16 15:28:38.937,435,14416.64
2025-11-16 15:28:38.937,436,13926.67
2025-11-16 15:28:38.937,437,14097.35
2025-11-16 15:28:38.937,438,13926.67
2025-11-16 15:28:38.937,439,14097.35
2025-11-16 15:28:38.937,440,13870.31
2025-11-16 15:28:38.937,441,13842.23
2025-11-16 15:28:38.937,442,14126.04
2025-11-16 15:28:38.937,443,13983.3
2025-11-16 15:28:38.937,444,14805.01
2025-11-16 15:28:38.937,445,14609.3
2025-11-16 15:28:38.937,446,14957.67
2025-11-16 15:28:38.937,447,14654.19
2025-11-16 15:28:38.937,448,15331.81
2025-11-16 15:28:38.937,449,14744.46
2025-11-16 15:28:38.937,450,15881.35
2025-11-16 15:28:38.937,451,16047.52
2025-11-16 15:28:38.937,452,15603.64
2025-11-16 15:28:38.937,453,16148.25
2025-11-16 15:28:38.937,454,14926.99
2025-11-16 15:28:38.937,455,16386.33
2025-11-16 15:28:38.937,456,14850.61
2025-11-16 15:28:38.937,457,15395.25
2025-11-16 15:28:38.937,458,17236.39
2025-11-16 15:28:38.937,459,16114.59
2025-11-16 15:28:38.937,460,16014.12
2025-11-16 15:28:38.937,461,15684.7
2025-11-16 15:28:38.937,462,15831.91
2025-11-16 15:28:38.937,463,15864.85
2025-11-16 15:28:38.937,464,54176.42
2025-11-16 15:28:38.937,465,16352.05
2025-11-16 15:28:38.937,466,16681.28
2025-11-16 15:28:38.937,467,16030.81
2025-11-16 15:28:38.937,468,16047.52
2025-11-16 15:28:38.937,469,17872.27
2025-11-16 15:28:38.937,470,24498.84
2025-11-16 15:28:38.937,471,24208.61
2025-11-16 15:28:38.937,472,331208.34
2025-11-16 15:28:38.937,473,26909.36
2025-11-16 15:28:38.937,474,45907.83
2025-11-16 15:28:38.937,475,15395.25
2025-11-16 15:28:38.937,476,37781.43
2025-11-16 15:28:38.937,477,118680.02
2025-11-16 15:28:38.937,478,45754.95
2025-11-16 15:28:38.937,479,45754.95
2025-11-16 15:28:38.937,480,14564.57
2025-11-16 15:28:38.937,481,14534.84
2025-11-16 15:28:38.937,482,13619.93
2025-11-16 15:28:38.937,483,13954.95
2025-11-16 15:28:38.937,484,13428.77
2025-11-16 15:28:38.937,485,13606.17
2025-11-16 15:28:38.937,486,13428.77
2025-11-16 15:28:38.937,487,13455.89
2025-11-16 15:28:38.937,488,13455.89
2025-11-16 15:28:38.937,489,13442.32
2025-11-16 15:28:38.937,490,13688.95
2025-11-16 15:28:38.937,491,13428.77
2025-11-16 15:28:38.937,492,14212.49
2025-11-16 15:28:38.937,493,13898.46
2025-11-16 15:28:38.937,494,14624.25
2025-11-16 15:28:38.937,495,14154.79
2025-11-16 15:28:38.937,496,15143.35
2025-11-16 15:28:38.937,497,14594.37
2025-11-16 15:28:38.937,498,15507.04
2025-11-16 15:28:38.937,499,15668.45
2025-11-16 15:28:38.937,500,15174.57
2025-11-16 15:28:38.937,501,15782.65
2025-11-16 15:28:38.937,502,14387.27
2025-11-16 15:28:38.937,503,16081.01
2025-11-16 15:28:38.937,504,15019.26
2025-11-16 15:28:38.937,505,15127.77
2025-11-16 15:28:38.937,506,16911.3
2025-11-16 15:28:38.937,507,15914.42
2025-11-16 15:28:38.937,508,15395.25
2025-11-16 15:28:38.937,509,15127.77
2025-11-16 15:28:38.937,510,15539.16
2025-11-16 15:28:38.937,511,15587.49
2025-11-16 15:28:38.937,512,53084.88
2025-11-16 15:28:38.937,513,15881.35
2025-11-16 15:28:38.937,514,16403.5
2025-11-16 15:28:38.937,515,15749.92
2025-11-16 15:28:38.937,516,15897.87
2025-11-16 15:28:38.937,517,18026.2
2025-11-16 15:28:38.937,518,23754.24
2025-11-16 15:28:38.937,519,23923.21
2025-11-16 15:28:38.937,520,328387.41
2025-11-16 15:28:38.937,521,26875.9
2025-11-16 15:28:38.937,522,45754.95
2025-11-16 15:28:38.937,523,15300.2
2025-11-16 15:28:38.937,524,37837.53
2025-11-16 15:28:38.937,525,121579.19
2025-11-16 15:28:38.937,526,45754.95
2025-11-16 15:28:38.937,527,45754.95
2025-11-16 15:28:38.937,528,14805.01
2025-11-16 15:28:38.937,529,14774.7
2025-11-16 15:28:38.937,530,13758.38
2025-11-16 15:28:38.937,531,14212.49
2025-11-16 15:28:38.937,532,13647.49
2025-11-16 15:28:38.937,533,13758.38
2025-11-16 15:28:38.937,534,13675.12
2025-11-16 15:28:38.937,535,13828.22
2025-11-16 15:28:38.937,536,13619.93
2025-11-16 15:28:38.937,537,13647.49
2025-11-16 15:28:38.937,538,13870.31
2025-11-16 15:28:38.937,539,13730.56
2025-11-16 15:28:38.937,540,14594.37
2025-11-16 15:28:38.937,541,14328.73
2025-11-16 15:28:38.937,542,14850.61
2025-11-16 15:28:38.937,543,14401.95
2025-11-16 15:28:38.937,544,15587.49
2025-11-16 15:28:38.937,545,14988.43
2025-11-16 15:28:38.937,546,16014.12
2025-11-16 15:28:38.937,547,15652.22
2025-11-16 15:28:38.937,548,15523.09
2025-11-16 15:28:38.937,549,16148.25
2025-11-16 15:28:38.937,550,14774.7
2025-11-16 15:28:38.937,551,16182.0
2025-11-16 15:28:38.937,552,15127.77
2025-11-16 15:28:38.937,553,15331.81
2025-11-16 15:28:38.937,554,17236.39
2025-11-16 15:28:38.937,555,16148.25
2025-11-16 15:28:38.937,556,15684.7
2025-11-16 15:28:38.937,557,15331.81
2025-11-16 15:28:38.937,558,15652.22
2025-11-16 15:28:38.937,559,15749.92
2025-11-16 15:28:38.937,560,54176.42
2025-11-16 15:28:38.937,561,16148.25
2025-11-16 15:28:38.937,562,16786.96
2025-11-16 15:28:38.937,563,16014.12
2025-11-16 15:28:38.937,564,16014.12
2025-11-16 15:28:38.937,565,18181.84
2025-11-16 15:28:38.937,566,24586.87
2025-11-16 15:28:38.937,567,24266.27
2025-11-16 15:28:38.937,568,320197.59
2025-11-16 15:28:38.937,569,27111.36
2025-11-16 15:28:38.937,570,46371.55
2025-11-16 15:28:38.937,571,15523.09
2025-11-16 15:28:38.937,572,38405.8
2025-11-16 15:28:38.937,573,123731.21
2025-11-16 15:28:38.937,574,45984.59
2025-11-16 15:28:38.937,575,45984.59
2025-11-16 15:28:38.937,576,14774.7
2025-11-16 15:28:38.937,577,14744.46
2025-11-16 15:28:38.937,578,13983.3
2025-11-16 15:28:38.937,579,14416.64
2025-11-16 15:28:38.937,580,13730.56
2025-11-16 15:28:38.937,581,13842.23
2025-11-16 15:28:38.937,582,13702.81
2025-11-16 15:28:38.937,583,13744.46
2025-11-16 15:28:38.937,584,13675.12
2025-11-16 15:28:38.937,585,13619.93
2025-11-16 15:28:38.937,586,13814.22
2025-11-16 15:28:38.937,587,13675.12
2025-11-16 15:28:38.937,588,14609.3
2025-11-16 15:28:38.937,589,14212.49
2025-11-16 15:28:38.937,590,14820.19
2025-11-16 15:28:38.937,591,14357.96
2025-11-16 15:28:38.937,592,15363.49
2025-11-16 15:28:38.937,593,14759.57
2025-11-16 15:28:38.937,594,15636.01
2025-11-16 15:28:38.937,595,15782.65
2025-11-16 15:28:38.937,596,15300.2
2025-11-16 15:28:38.937,597,16014.12
2025-11-16 15:28:38.937,598,14226.96
2025-11-16 15:28:38.937,599,16047.52
2025-11-16 15:28:38.937,600,15081.15
2025-11-16 15:28:38.937,601,14926.99
2025-11-16 15:28:38.937,602,16875.66
2025-11-16 15:28:38.937,603,15914.42
2025-11-16 15:28:38.937,604,15411.16
2025-11-16 15:28:38.937,605,14896.38
2025-11-16 15:28:38.937,606,15112.21
2025-11-16 15:28:38.937,607,14314.14
2025-11-16 15:28:38.937,608,53182.58
2025-11-16 15:28:38.937,609,15268.68
2025-11-16 15:28:38.937,610,16420.69
2025-11-16 15:28:38.937,611,15491.01
2025-11-16 15:28:38.937,612,15782.65
2025-11-16 15:28:38.937,613,17910.59
2025-11-16 15:28:38.937,614,24208.61
2025-11-16 15:28:38.937,615,24036.8
2025-11-16 15:28:38.937,616,346048.91
2025-11-16 15:28:38.937,617,26809.18
2025-11-16 15:28:38.937,618,45678.82
2025-11-16 15:28:38.937,619,14988.43
2025-11-16 15:28:38.937,620,37447.59
2025-11-16 15:28:38.937,621,121579.19
2025-11-16 15:28:38.937,622,45151.65
2025-11-16 15:28:38.937,623,45151.65
2025-11-16 15:28:38.937,624,14774.7
2025-11-16 15:28:38.937,625,14744.46
2025-11-16 15:28:38.937,626,13842.23
2025-11-16 15:28:38.937,627,14212.49
2025-11-16 15:28:38.937,628,13455.89
2025-11-16 15:28:38.937,629,13870.31
2025-11-16 15:28:38.937,630,13647.49
2025-11-16 15:28:38.937,631,13702.81
2025-11-16 15:28:38.937,632,13758.38
2025-11-16 15:28:38.937,633,13716.68
2025-11-16 15:28:38.937,634,13758.38
2025-11-16 15:28:38.937,635,13702.81
2025-11-16 15:28:38.937,636,14416.64
2025-11-16 15:28:38.937,637,14285.01
2025-11-16 15:28:38.937,638,14789.84
2025-11-16 15:28:38.937,639,14387.27
2025-11-16 15:28:38.937,640,15491.01
2025-11-16 15:28:38.937,641,14564.57
2025-11-16 15:28:38.937,642,15799.05
2025-11-16 15:28:38.937,643,15831.91
2025-11-16 15:28:38.937,644,15347.64
2025-11-16 15:28:38.937,645,16014.12
2025-11-16 15:28:38.937,646,14805.01
2025-11-16 15:28:38.937,647,16198.91
2025-11-16 15:28:38.937,648,15237.23
2025-11-16 15:28:38.937,649,15300.2
2025-11-16 15:28:38.937,650,17236.39
2025-11-16 15:28:38.937,651,16114.59
2025-11-16 15:28:38.937,652,15668.45
2025-11-16 15:28:38.937,653,15174.57
2025-11-16 15:28:38.937,654,15603.64
2025-11-16 15:28:38.937,655,15587.49
2025-11-16 15:28:38.937,656,52029.78
2025-11-16 15:28:38.937,657,16014.12
2025-11-16 15:28:38.937,658,16334.95
2025-11-16 15:28:38.937,659,15652.22
2025-11-16 15:28:38.937,660,15947.57
2025-11-16 15:28:38.937,661,18084.37
2025-11-16 15:28:38.937,662,24616.31
2025-11-16 15:28:38.937,663,24093.88
2025-11-16 15:28:38.937,664,334076.69
2025-11-16 15:28:38.937,665,26742.69
2025-11-16 15:28:38.937,666,46061.56
2025-11-16 15:28:38.937,667,15050.17
2025-11-16 15:28:38.937,668,38120.0
2025-11-16 15:28:38.937,669,122862.01
2025-11-16 15:28:38.937,670,45678.82
2025-11-16 15:28:38.937,671,45678.82
2025-11-16 15:28:38.937,672,14416.64
2025-11-16 15:28:38.937,673,14416.64
2025-11-16 15:28:38.937,674,13983.3
2025-11-16 15:28:38.937,675,14040.19
2025-11-16 15:28:38.937,676,14054.46
2025-11-16 15:28:38.937,677,14212.49
2025-11-16 15:28:38.937,678,14097.35
2025-11-16 15:28:38.937,679,14097.35
2025-11-16 15:28:38.937,680,14154.79
2025-11-16 15:28:38.937,681,14083.04
2025-11-16 15:28:38.937,682,14357.96
2025-11-16 15:28:38.937,683,14212.49
2025-11-16 15:28:38.937,684,14881.11
2025-11-16 15:28:38.937,685,14669.19
2025-11-16 15:28:38.937,686,15268.68
2025-11-16 15:28:38.937,687,14534.84
2025-11-16 15:28:38.937,688,15864.85
2025-11-16 15:28:38.937,689,15174.57
2025-11-16 15:28:38.937,690,16215.84
2025-11-16 15:28:38.937,691,16352.05
2025-11-16 15:28:38.937,692,15864.85
2025-11-16 15:28:38.937,693,16455.14
2025-11-16 15:28:38.937,694,15347.64
2025-11-16 15:28:38.937,695,16911.3
2025-11-16 15:28:38.937,696,15636.01
2025-11-16 15:28:38.937,697,15881.35
2025-11-16 15:28:38.937,698,17757.91
2025-11-16 15:28:38.937,699,16716.42
2025-11-16 15:28:38.937,700,16386.33
2025-11-16 15:28:38.937,701,15815.47
2025-11-16 15:28:38.937,702,16232.79
2025-11-16 15:28:38.937,703,16249.76
2025-11-16 15:28:38.937,704,54378.94
2025-11-16 15:28:38.937,705,16840.11
2025-11-16 15:28:38.937,706,17272.99
2025-11-16 15:28:38.937,707,16611.29
2025-11-16 15:28:38.937,708,16628.76
2025-11-16 15:28:38.937,709,18618.86
2025-11-16 15:28:38.937,710,25033.8
2025-11-16 15:28:38.937,711,24853.65
2025-11-16 15:28:38.937,712,334076.69
2025-11-16 15:28:38.937,713,27836.08
2025-11-16 15:28:38.937,714,48641.14
2025-11-16 15:28:38.937,715,16047.52
2025-11-16 15:28:38.937,716,39343.6
2025-11-16 15:28:38.937,717,121157.05
2025-11-16 15:28:38.937,718,48305.81
2025-11-16 15:28:38.937,719,48305.81
2025-11-16 15:28:38.937,720,14926.99
2025-11-16 15:28:38.937,721,14789.84
2025-11-16 15:28:38.937,722,14401.95
2025-11-16 15:28:38.937,723,14805.01
2025-11-16 15:28:38.937,724,14212.49
2025-11-16 15:28:38.937,725,14328.73
2025-11-16 15:28:38.937,726,14299.57
2025-11-16 15:28:38.937,727,14299.57
2025-11-16 15:28:38.937,728,14416.64
2025-11-16 15:28:38.937,729,14372.61
2025-11-16 15:28:38.937,730,14624.25
2025-11-16 15:28:38.937,731,14505.19
2025-11-16 15:28:38.937,732,15174.57
2025-11-16 15:28:38.937,733,15065.65
2025-11-16 15:28:38.937,734,15523.09
2025-11-16 15:28:38.937,735,14957.67
2025-11-16 15:28:38.937,736,16114.59
2025-11-16 15:28:38.937,737,15491.01
2025-11-16 15:28:38.937,738,16386.33
2025-11-16 15:28:38.937,739,16628.76
2025-11-16 15:28:38.937,740,15897.87
2025-11-16 15:28:38.937,741,16698.84
2025-11-16 15:28:38.937,742,15363.49
2025-11-16 15:28:38.937,743,16875.66
2025-11-16 15:28:38.937,744,15815.47
2025-11-16 15:28:38.937,745,15848.37
2025-11-16 15:28:38.937,746,17872.27
2025-11-16 15:28:38.937,747,16840.11
2025-11-16 15:28:38.937,748,16386.33
2025-11-16 15:28:38.937,749,16114.59
2025-11-16 15:28:38.937,750,16249.76
2025-11-16 15:28:38.937,751,16352.05
2025-11-16 15:28:38.937,752,55621.39
2025-11-16 15:28:38.937,753,16911.3
2025-11-16 15:28:38.937,754,17364.93
2025-11-16 15:28:38.937,755,16593.85
2025-11-16 15:28:38.937,756,16698.84
2025-11-16 15:28:38.937,757,18801.55
2025-11-16 15:28:38.937,758,25094.26
2025-11-16 15:28:38.937,759,24794.01
2025-11-16 15:28:38.937,760,334076.69
2025-11-16 15:28:38.937,761,27836.08
2025-11-16 15:28:38.937,762,47484.0
2025-11-16 15:28:38.937,763,16148.25
2025-11-16 15:28:38.937,764,39343.6
2025-11-16 15:28:38.937,765,125056.52
2025-11-16 15:28:38.937,766,47322.41
2025-11-16 15:28:38.937,767,47322.41
2025-11-16 15:28:38.937,768,16014.12
2025-11-16 15:28:38.937,769,15914.42
2025-11-16 15:28:38.937,770,15143.35
2025-11-16 15:28:38.937,771,15603.64
2025-11-16 15:28:38.937,772,14789.84
2025-11-16 15:28:38.937,773,14865.85
2025-11-16 15:28:38.937,774,14744.46
2025-11-16 15:28:38.937,775,14805.01
2025-11-16 15:28:38.937,776,15019.26
2025-11-16 15:28:38.937,777,14911.68
2025-11-16 15:28:38.937,778,15096.68
2025-11-16 15:28:38.937,779,15050.17
2025-11-16 15:28:38.937,780,15652.22
2025-11-16 15:28:38.937,781,15507.04
2025-11-16 15:28:38.937,782,15864.85
2025-11-16 15:28:38.937,783,15331.81
2025-11-16 15:28:38.937,784,16593.85
2025-11-16 15:28:38.937,785,15782.65
2025-11-16 15:28:38.937,786,16628.76
2025-11-16 15:28:38.937,787,16893.47
2025-11-16 15:28:38.937,788,15914.42
2025-11-16 15:28:38.937,789,16840.11
2025-11-16 15:28:38.937,790,15848.37
2025-11-16 15:28:38.937,791,17272.99
2025-11-16 15:28:38.937,792,16249.76
2025-11-16 15:28:38.937,793,16249.76
2025-11-16 15:28:38.937,794,18458.39
2025-11-16 15:28:38.937,795,17145.3
2025-11-16 15:28:38.937,796,16911.3
2025-11-16 15:28:38.937,797,16628.76
2025-11-16 15:28:38.937,798,16769.29
2025-11-16 15:28:38.937,799,17163.47
2025-11-16 15:28:38.937,800,57577.48
2025-11-16 15:28:38.937,801,17476.08
2025-11-16 15:28:38.937,802,17949.02
2025-11-16 15:28:38.937,803,17145.3
2025-11-16 15:28:38.937,804,17199.88
2025-11-16 15:28:38.937,805,19534.67
2025-11-16 15:28:38.937,806,25836.37
2025-11-16 15:28:38.937,807,25276.9
2025-11-16 15:28:38.937,808,352352.88
2025-11-16 15:28:38.937,809,29071.17
2025-11-16 15:28:38.937,810,48389.29
2025-11-16 15:28:38.937,811,16734.02
2025-11-16 15:28:38.937,812,40505.41
2025-11-16 15:28:38.937,813,125056.52
2025-11-16 15:28:38.937,814,49065.75
2025-11-16 15:28:38.937,815,49065.75
2025-11-16 15:28:38.937,816,16215.84
2025-11-16 15:28:38.937,817,16215.84
2025-11-16 15:28:38.937,818,15300.2
2025-11-16 15:28:38.937,819,15766.28
2025-11-16 15:28:38.937,820,15081.15
2025-11-16 15:28:38.937,821,15190.2
2025-11-16 15:28:38.937,822,15081.15
2025-11-16 15:28:38.937,823,15252.94
2025-11-16 15:28:38.937,824,15205.86
2025-11-16 15:28:38.937,825,15081.15
2025-11-16 15:28:38.937,826,15491.01
2025-11-16 15:28:38.937,827,15363.49
2025-11-16 15:28:38.937,828,15848.37
2025-11-16 15:28:38.937,829,15782.65
2025-11-16 15:28:38.937,830,15652.22
2025-11-16 15:28:38.937,831,15603.64
2025-11-16 15:28:38.937,832,16840.11
2025-11-16 15:28:38.937,833,15848.37
2025-11-16 15:28:38.937,834,16663.75
2025-11-16 15:28:38.937,835,17236.39
2025-11-16 15:28:38.937,836,16081.01
2025-11-16 15:28:38.937,837,16386.33
2025-11-16 15:28:38.937,838,15766.28
2025-11-16 15:28:38.937,839,17494.69
2025-11-16 15:28:38.937,840,16663.75
2025-11-16 15:28:38.937,841,16698.84
2025-11-16 15:28:38.937,842,18822.0
2025-11-16 15:28:38.937,843,17776.91
2025-11-16 15:28:38.937,844,17383.4
2025-11-16 15:28:38.937,845,16982.88
2025-11-16 15:28:38.937,846,17476.08
2025-11-16 15:28:38.937,847,17420.39
2025-11-16 15:28:38.937,848,60132.29
2025-11-16 15:28:38.937,849,17949.02
2025-11-16 15:28:38.937,850,18378.83
2025-11-16 15:28:38.937,851,17457.49
2025-11-16 15:28:38.937,852,17757.91
2025-11-16 15:28:38.937,853,19926.36
2025-11-16 15:28:38.937,854,26610.43
2025-11-16 15:28:38.937,855,26283.89
2025-11-16 15:28:38.937,856,369134.25
2025-11-16 15:28:38.937,857,29526.5
2025-11-16 15:28:38.937,858,50199.01
2025-11-16 15:28:38.937,859,17199.88
2025-11-16 15:28:38.937,860,42320.58
2025-11-16 15:28:38.937,861,136685.03
2025-11-16 15:28:38.937,862,50556.48
2025-11-16 15:28:38.937,863,50556.48
2025-11-16 15:28:38.937,864,17309.7
2025-11-16 15:28:38.937,865,17054.83
2025-11-16 15:28:38.937,866,16081.01
2025-11-16 15:28:38.937,867,16249.76
2025-11-16 15:28:38.937,868,15799.05
2025-11-16 15:28:38.937,869,16047.52
2025-11-16 15:28:38.937,870,15848.37
2025-11-16 15:28:38.937,871,15914.42
2025-11-16 15:28:38.937,872,15700.98
2025-11-16 15:28:38.937,873,15782.65
2025-11-16 15:28:38.937,874,16047.52
2025-11-16 15:28:38.937,875,15930.98
2025-11-16 15:28:38.937,876,16352.05
2025-11-16 15:28:38.937,877,16386.33
2025-11-16 15:28:38.937,878,16455.14
2025-11-16 15:28:38.937,879,16014.12
2025-11-16 15:28:38.937,880,17346.5
2025-11-16 15:28:38.937,881,16131.41
2025-11-16 15:28:38.937,882,17531.99
2025-11-16 15:28:38.937,883,17910.59
2025-11-16 15:28:38.937,884,16386.33
2025-11-16 15:28:38.937,885,17346.5
2025-11-16 15:28:38.937,886,16840.11
2025-11-16 15:28:38.937,887,18103.81
2025-11-16 15:28:38.937,888,17018.8
2025-11-16 15:28:38.937,889,16911.3
2025-11-16 15:28:38.937,890,19215.97
2025-11-16 15:28:38.937,891,18103.81
2025-11-16 15:28:38.937,892,17910.59
2025-11-16 15:28:38.937,893,17550.68
2025-11-16 15:28:38.937,894,17834.04
2025-11-16 15:28:38.937,895,17929.79
2025-11-16 15:28:38.937,896,61109.78
2025-11-16 15:28:38.937,897,18398.68
2025-11-16 15:28:38.937,898,18740.4
2025-11-16 15:28:38.937,899,17949.02
2025-11-16 15:28:38.937,900,18064.95
2025-11-16 15:28:38.937,901,20419.37
2025-11-16 15:28:38.937,902,26742.69
2025-11-16 15:28:38.937,903,26775.9
2025-11-16 15:28:38.937,904,376290.09
2025-11-16 15:28:38.937,905,30229.68
2025-11-16 15:28:38.937,906,50199.01
2025-11-16 15:28:38.937,907,17606.89
2025-11-16 15:28:38.937,908,41723.1
2025-11-16 15:28:38.937,909,135640.13
2025-11-16 15:28:38.937,910,50377.22
2025-11-16 15:28:38.937,911,50377.22
2025-11-16 15:28:38.937,912,22907.26
2025-11-16 15:28:38.937,913,22960.62
2025-11-16 15:28:38.937,914,21455.57
2025-11-16 15:28:38.937,915,22203.33
2025-11-16 15:28:38.937,916,21626.94
2025-11-16 15:28:38.937,917,21700.95
2025-11-16 15:28:38.937,918,21382.69
2025-11-16 15:28:38.937,919,21358.47
2025-11-16 15:28:38.937,920,21431.24
2025-11-16 15:28:38.937,921,21286.04
2025-11-16 15:28:38.937,922,21925.08
2025-11-16 15:28:38.937,923,21651.57
2025-11-16 15:28:38.937,924,22050.96
2025-11-16 15:28:38.937,925,22152.38
2025-11-16 15:28:38.937,926,20215.74
2025-11-16 15:28:38.937,927,21602.34
2025-11-16 15:28:38.937,928,22203.33
2025-11-16 15:28:38.937,929,21750.49
2025-11-16 15:28:38.937,930,23148.76
2025-11-16 15:28:38.937,931,23670.38
2025-11-16 15:28:38.937,932,22408.76
2025-11-16 15:28:38.937,933,23586.93
2025-11-16 15:28:38.937,934,22152.38
2025-11-16 15:28:38.937,935,22408.76
2025-11-16 15:28:38.937,936,23148.76
2025-11-16 15:28:38.937,937,23284.46
2025-11-16 15:28:38.937,938,25154.93
2025-11-16 15:28:38.937,939,24208.61
2025-11-16 15:28:38.937,940,23339.05
2025-11-16 15:28:38.937,941,23614.7
2025-11-16 15:28:38.937,942,23754.24
2025-11-16 15:28:38.937,943,24093.88
2025-11-16 15:28:38.937,944,68796.0
2025-11-16 15:28:38.937,945,24853.65
2025-11-16 15:28:38.937,946,25246.33
2025-11-16 15:28:38.937,947,24151.15
2025-11-16 15:28:38.937,948,24498.84
2025-11-16 15:28:38.937,949,27247.26
2025-11-16 15:28:38.937,950,34689.0
2025-11-16 15:28:38.937,951,34836.58
2025-11-16 15:28:38.937,952,508356.06
2025-11-16 15:28:38.937,953,38695.02
2025-11-16 15:28:38.937,954,63411.8
2025-11-16 15:28:38.937,955,23810.38
2025-11-16 15:28:38.937,956,53084.88
2025-11-16 15:28:38.937,957,169524.13
2025-11-16 15:28:38.937,958,63943.71
2025-11-16 15:28:38.937,959,63943.71
2025-11-16 15:28:38.937,960,39224.4
2025-11-16 15:28:38.937,961,38348.37
2025-11-16 15:28:38.937,962,37950.12
2025-11-16 15:28:38.937,963,37781.43
2025-11-16 15:28:38.937,964,37118.37
2025-11-16 15:28:38.937,965,37837.53
2025-11-16 15:28:38.937,966,37172.92
2025-11-16 15:28:38.937,967,37893.76
2025-11-16 15:28:38.937,968,38063.23
2025-11-16 15:28:38.937,969,37725.46
2025-11-16 15:28:38.937,970,37558.35
2025-11-16 15:28:38.937,971,37950.12
2025-11-16 15:28:38.937,972,34156.08
2025-11-16 15:28:38.937,973,36105.25
2025-11-16 15:28:38.937,974,36262.32
2025-11-16 15:28:38.937,975,35949.24
2025-11-16 15:28:38.937,976,36901.41
2025-11-16 15:28:38.937,977,36793.67
2025-11-16 15:28:38.937,978,34252.03
2025-11-16 15:28:38.937,979,37227.6
2025-11-16 15:28:38.937,980,36793.67
2025-11-16 15:28:38.937,981,36686.43
2025-11-16 15:28:38.937,982,37392.4
2025-11-16 15:28:38.937,983,36001.13
2025-11-16 15:28:38.937,984,36105.25
2025-11-16 15:28:38.937,985,36955.46
2025-11-16 15:28:38.937,986,37227.6
2025-11-16 15:28:38.937,987,32720.19
2025-11-16 15:28:38.937,988,38578.92
2025-11-16 15:28:38.937,989,37447.59
2025-11-16 15:28:38.937,990,38578.92
2025-11-16 15:28:38.937,991,41526.96
2025-11-16 15:28:38.937,992,109992.31
2025-11-16 15:28:38.937,993,41397.01
2025-11-16 15:28:38.937,994,38636.91
2025-11-16 15:28:38.937,995,37725.46
2025-11-16 15:28:38.937,996,40256.3
2025-11-16 15:28:38.937,997,43698.91
2025-11-16 15:28:38.937,998,49845.72
2025-11-16 15:28:38.937,999,52409.35
2025-11-16 15:28:38.937,1000,942433.13
2025-11-16 15:28:38.937,1001,63411.8
2025-11-16 15:28:38.937,1002,97948.88
2025-11-16 15:28:38.937,1003,38578.92
2025-11-16 15:28:38.937,1004,80095.27
2025-11-16 15:28:38.937,1005,259348.69
2025-11-16 15:28:38.937,1006,100279.32
2025-11-16 15:28:38.937,1007,100279.32
2025-11-16 15:28:38.937,1008,59653.54
2025-11-16 15:28:38.937,1009,59534.86
2025-11-16 15:28:38.937,1010,58028.08
2025-11-16 15:28:38.937,1011,58599.84
2025-11-16 15:28:38.937,1012,56476.62
2025-11-16 15:28:38.937,1013,58255.64
2025-11-16 15:28:38.937,1014,54890.87
2025-11-16 15:28:38.937,1015,56693.92
2025-11-16 15:28:38.937,1016,56803.11
2025-11-16 15:28:38.937,1017,54378.94
2025-11-16 15:28:38.937,1018,56476.62
2025-11-16 15:28:38.937,1019,56693.92
2025-11-16 15:28:38.937,1020,53975.16
2025-11-16 15:28:38.937,1021,52029.78
2025-11-16 15:28:38.937,1022,55621.39
2025-11-16 15:28:38.937,1023,56368.51
2025-11-16 15:28:38.937,1024,57577.48
2025-11-16 15:28:38.937,1025,55833.13
2025-11-16 15:28:38.937,1026,48556.95
2025-11-16 15:28:38.937,1027,56260.74
2025-11-16 15:28:38.937,1028,49237.32
2025-11-16 15:28:38.937,1029,51654.79
2025-11-16 15:28:38.937,1030,54480.68
2025-11-16 15:28:38.937,1031,42726.61
2025-11-16 15:28:38.937,1032,54277.52
2025-11-16 15:28:38.937,1033,54994.24
2025-11-16 15:28:38.937,1034,53182.58
2025-11-16 15:28:38.937,1035,53182.58
2025-11-16 15:28:38.937,1036,56476.62
2025-11-16 15:28:38.937,1037,55833.13
2025-11-16 15:28:38.937,1038,56693.92
2025-11-16 15:28:38.937,1039,59416.6
2025-11-16 15:28:38.937,1040,144441.03
2025-11-16 15:28:38.937,1041,58369.98
2025-11-16 15:28:38.937,1042,51748.12
2025-11-16 15:28:38.937,1043,54176.42
2025-11-16 15:28:38.937,1044,56153.31
2025-11-16 15:28:38.937,1045,59181.26
2025-11-16 15:28:38.937,1046,59892.09
2025-11-16 15:28:38.937,1047,61987.67
2025-11-16 15:28:38.937,1048,88573.8
2025-11-16 15:28:38.937,1049,88573.8
2025-11-16 15:28:38.937,1050,134609.98
2025-11-16 15:28:38.937,1051,56046.25
2025-11-16 15:28:38.937,1052,113248.5
2025-11-16 15:28:38.937,1053,358884.03
2025-11-16 15:28:38.937,1054,135640.13
2025-11-16 15:28:38.937,1055,135640.13
2025-11-16 15:28:38.937,1056,42863.36
2025-11-16 15:28:38.937,1057,42726.61
2025-11-16 15:28:38.937,1058,41592.18
2025-11-16 15:28:38.937,1059,42053.34
2025-11-16 15:28:38.937,1060,40883.72
2025-11-16 15:28:38.937,1061,41592.18
2025-11-16 15:28:38.937,1062,41267.73
2025-11-16 15:28:38.937,1063,41397.01
2025-11-16 15:28:38.937,1064,41267.73
2025-11-16 15:28:38.937,1065,40756.99
2025-11-16 15:28:38.937,1066,41526.96
2025-11-16 15:28:38.937,1067,40505.41
2025-11-16 15:28:38.937,1068,40756.99
2025-11-16 15:28:38.937,1069,40883.72
2025-11-16 15:28:38.937,1070,41592.18
2025-11-16 15:28:38.937,1071,41139.08
2025-11-16 15:28:38.937,1072,41332.29
2025-11-16 15:28:38.937,1073,40883.72
2025-11-16 15:28:38.937,1074,31713.61
2025-11-16 15:28:38.937,1075,39826.22
2025-11-16 15:28:38.937,1076,33588.98
2025-11-16 15:28:38.937,1077,33310.84
2025-11-16 15:28:38.937,1078,40009.64
2025-11-16 15:28:38.937,1079,35742.86
2025-11-16 15:28:38.937,1080,35034.87
2025-11-16 15:28:38.937,1081,38063.23
2025-11-16 15:28:38.937,1082,36686.43
2025-11-16 15:28:38.937,1083,37725.46
2025-11-16 15:28:38.937,1084,40132.67
2025-11-16 15:28:38.937,1085,40568.07
2025-11-16 15:28:38.937,1086,39826.22
2025-11-16 15:28:38.937,1087,43840.75
2025-11-16 15:28:38.937,1088,115134.95
2025-11-16 15:28:38.937,1089,42455.23
2025-11-16 15:28:38.937,1090,40256.3
2025-11-16 15:28:38.937,1091,40318.35
2025-11-16 15:28:38.937,1092,41526.96
2025-11-16 15:28:38.937,1093,45907.83
2025-11-16 15:28:38.937,1094,44198.61
2025-11-16 15:28:38.937,1095,49065.75
2025-11-16 15:28:38.937,1096,988899.38
2025-11-16 15:28:38.937,1097,63810.02
2025-11-16 15:28:38.937,1098,98234.78
2025-11-16 15:28:38.937,1099,41397.01
2025-11-16 15:28:38.937,1100,86251.47
2025-11-16 15:28:38.937,1101,272357.75
2025-11-16 15:28:38.937,1102,105255.28
2025-11-16 15:28:38.937,1103,105255.28
2025-11-16 15:28:38.937,1104,56260.74
2025-11-16 15:28:38.937,1105,56693.92
2025-11-16 15:28:38.937,1106,54582.74
2025-11-16 15:28:38.937,1107,56476.62
2025-11-16 15:28:38.937,1108,54787.84
2025-11-16 15:28:38.937,1109,55727.09
2025-11-16 15:28:38.937,1110,54480.68
2025-11-16 15:28:38.937,1111,55097.93
2025-11-16 15:28:38.937,1112,54582.74
2025-11-16 15:28:38.937,1113,53280.57
2025-11-16 15:28:38.937,1114,54787.84
2025-11-16 15:28:38.937,1115,55939.52
2025-11-16 15:28:38.937,1116,55306.31
2025-11-16 15:28:38.937,1117,54994.24
2025-11-16 15:28:38.937,1118,55939.52
2025-11-16 15:28:38.937,1119,55201.96
2025-11-16 15:28:38.937,1120,55201.96
2025-11-16 15:28:38.937,1121,54787.84
2025-11-16 15:28:38.937,1122,45451.66
2025-11-16 15:28:38.937,1123,53084.88
2025-11-16 15:28:38.937,1124,51841.71
2025-11-16 15:28:38.937,1125,52029.78
2025-11-16 15:28:38.937,1126,54176.42
2025-11-16 15:28:38.937,1127,51192.37
2025-11-16 15:28:38.937,1128,48980.34
2025-11-16 15:28:38.937,1129,51841.71
2025-11-16 15:28:38.937,1130,49670.62
2025-11-16 15:28:38.937,1131,53084.88
2025-11-16 15:28:38.937,1132,50918.22
2025-11-16 15:28:38.937,1133,52124.24
2025-11-16 15:28:38.937,1134,52218.99
2025-11-16 15:28:38.937,1135,58715.34
2025-11-16 15:28:38.937,1136,145026.52
2025-11-16 15:28:38.937,1137,55201.96
2025-11-16 15:28:38.937,1138,51561.75
2025-11-16 15:28:38.937,1139,50556.48
2025-11-16 15:28:38.937,1140,55201.96
2025-11-16 15:28:38.937,1141,61608.8
2025-11-16 15:28:38.937,1142,59772.61
2025-11-16 15:28:38.937,1143,66150.61
2025-11-16 15:28:38.937,1144,89051.75
2025-11-16 15:28:38.937,1145,89051.75
2025-11-16 15:28:38.937,1146,130631.02
2025-11-16 15:28:38.937,1147,54994.24
2025-11-16 15:28:38.937,1148,120320.87
2025-11-16 15:28:38.937,1149,369134.25
2025-11-16 15:28:38.937,1150,145616.44
2025-11-16 15:28:38.937,1151,145616.44
2025-11-16 15:28:38.937,1152,93048.8
2025-11-16 15:28:38.937,1153,94098.91
2025-11-16 15:28:38.937,1154,93309.35
2025-11-16 15:28:38.937,1155,92019.64
2025-11-16 15:28:38.937,1156,92531.65
2025-11-16 15:28:38.937,1157,94364.8
2025-11-16 15:28:38.937,1158,91512.71
2025-11-16 15:28:38.937,1159,94098.91
2025-11-16 15:28:38.937,1160,93048.8
2025-11-16 15:28:38.937,1161,91512.71
2025-11-16 15:28:38.937,1162,92531.65
2025-11-16 15:28:38.937,1163,91010.8
2025-11-16 15:28:38.937,1164,90513.82
2025-11-16 15:28:38.937,1165,90513.82
2025-11-16 15:28:38.937,1166,93048.8
2025-11-16 15:28:38.937,1167,90513.82
2025-11-16 15:28:38.937,1168,93048.8
2025-11-16 15:28:38.937,1169,87167.16
2025-11-16 15:28:38.937,1170,87631.56
2025-11-16 15:28:38.937,1171,91512.71
2025-11-16 15:28:38.937,1172,87167.16
2025-11-16 15:28:38.937,1173,92019.64
2025-11-16 15:28:38.937,1174,89051.75
2025-11-16 15:28:38.937,1175,90021.7
2025-11-16 15:28:38.937,1176,86707.14
2025-11-16 15:28:38.937,1177,83819.96
2025-11-16 15:28:38.937,1178,91261.14
2025-11-16 15:28:38.937,1179,89534.38
2025-11-16 15:28:38.937,1180,80294.42
2025-11-16 15:28:38.937,1181,86936.61
2025-11-16 15:28:38.937,1182,79896.98
2025-11-16 15:28:38.937,1183,98522.22
2025-11-16 15:28:38.937,1184,198854.59
2025-11-16 15:28:38.937,1185,86707.14
2025-11-16 15:28:38.937,1186,80294.42
2025-11-16 15:28:38.937,1187,75386.48
2025-11-16 15:28:38.937,1188,77583.78
2025-11-16 15:28:38.937,1189,91512.71
2025-11-16 15:28:38.937,1190,72958.16
2025-11-16 15:28:38.937,1191,83604.98
2025-11-16 15:28:38.937,1192,861364.44
2025-11-16 15:28:38.937,1193,134609.98
2025-11-16 15:28:38.937,1194,176906.95
2025-11-16 15:28:38.937,1195,80494.47
2025-11-16 15:28:38.937,1196,169524.13
2025-11-16 15:28:38.937,1197,495554.03
2025-11-16 15:28:38.937,1198,206594.58
2025-11-16 15:28:38.937,1199,206594.58
2025-11-16 15:28:38.937,1200,421032.91
2025-11-16 15:28:38.937,1201,379970.25
2025-11-16 15:28:38.937,1202,379970.25
2025-11-16 15:28:38.937,1203,379970.25
2025-11-16 15:28:38.937,1204,372678.72
2025-11-16 15:28:38.937,1205,372678.72
2025-11-16 15:28:38.937,1206,365654.84
2025-11-16 15:28:38.937,1207,395419.56
2025-11-16 15:28:38.937,1208,379970.25
2025-11-16 15:28:38.937,1209,358884.03
2025-11-16 15:28:38.937,1210,372678.72
2025-11-16 15:28:38.937,1211,379970.25
2025-11-16 15:28:38.937,1212,387544.88
2025-11-16 15:28:38.937,1213,339960.47
2025-11-16 15:28:38.937,1214,339960.47
2025-11-16 15:28:38.937,1215,328387.41
2025-11-16 15:28:38.937,1216,372678.72
2025-11-16 15:28:38.937,1217,325612.69
2025-11-16 15:28:38.937,1218,317555.0
2025-11-16 15:28:38.937,1219,334076.69
2025-11-16 15:28:38.937,1220,322883.13
2025-11-16 15:28:38.937,1221,339960.47
2025-11-16 15:28:38.937,1222,297844.91
2025-11-16 15:28:38.937,1223,266631.75
2025-11-16 15:28:38.937,1224,293282.41
2025-11-16 15:28:38.937,1225,328387.41
2025-11-16 15:28:38.937,1226,365654.84
2025-11-16 15:28:38.937,1227,349173.25
2025-11-16 15:28:38.937,1228,322883.13
2025-11-16 15:28:38.937,1229,320197.59
2025-11-16 15:28:38.937,1230,284551.28
2025-11-16 15:28:38.937,1231,297844.91
2025-11-16 15:28:38.937,1232,734602.25
2025-11-16 15:28:38.937,1233,346048.91
2025-11-16 15:28:38.937,1234,322883.13
2025-11-16 15:28:38.937,1235,334076.69
2025-11-16 15:28:38.937,1236,334076.69
2025-11-16 15:28:38.937,1237,379970.25
2025-11-16 15:28:38.937,1238,471757.34
2025-11-16 15:28:38.937,1239,430305.09
2025-11-16 15:28:38.937,1240,483368.97
2025-11-16 15:28:38.937,1241,483368.97
2025-11-16 15:28:38.937,1242,721303.56
2025-11-16 15:28:38.937,1243,349173.25
2025-11-16 15:28:38.937,1244,550970.88
2025-11-16 15:28:38.937,1245,684112.31
2025-11-16 15:28:38.937,1246,684112.31
2025-11-16 15:28:38.937,1247,684112.31
2025-11-16 15:28:38.937,1248,99687.32
2025-11-16 15:28:38.937,1249,97664.48
2025-11-16 15:28:38.937,1250,94364.8
2025-11-16 15:28:38.937,1251,94364.8
2025-11-16 15:28:38.937,1252,92531.65
2025-11-16 15:28:38.937,1253,94632.04
2025-11-16 15:28:38.937,1254,91512.71
2025-11-16 15:28:38.937,1255,91512.71
2025-11-16 15:28:38.937,1256,93309.35
2025-11-16 15:28:38.937,1257,93048.8
2025-11-16 15:28:38.937,1258,93571.2
2025-11-16 15:28:38.937,1259,96541.67
2025-11-16 15:28:38.937,1260,93309.35
2025-11-16 15:28:38.937,1261,96820.16
2025-11-16 15:28:38.937,1262,96820.16
2025-11-16 15:28:38.937,1263,94632.04
2025-11-16 15:28:38.937,1264,93571.2
2025-11-16 15:28:38.937,1265,87398.81
2025-11-16 15:28:38.937,1266,88573.8
2025-11-16 15:28:38.937,1267,68644.23
2025-11-16 15:28:38.937,1268,94098.91
2025-11-16 15:28:38.937,1269,97100.13
2025-11-16 15:28:38.937,1270,93571.2
2025-11-16 15:28:38.937,1271,93571.2
2025-11-16 15:28:38.937,1272,94098.91
2025-11-16 15:28:38.937,1273,90761.7
2025-11-16 15:28:38.937,1274,99101.66
2025-11-16 15:28:38.937,1275,100279.32
2025-11-16 15:28:38.937,1276,94632.04
2025-11-16 15:28:38.937,1277,95170.63
2025-11-16 15:28:38.937,1278,91010.8
2025-11-16 15:28:38.937,1279,102712.45
2025-11-16 15:28:38.937,1280,235144.47
2025-11-16 15:28:38.937,1281,102402.48
2025-11-16 15:28:38.937,1282,101787.58
2025-11-16 15:28:38.937,1283,91010.8
2025-11-16 15:28:38.937,1284,93048.8
2025-11-16 15:28:38.937,1285,107238.9
2025-11-16 15:28:38.937,1286,134609.98
2025-11-16 15:28:38.937,1287,133594.3
2025-11-16 15:28:38.937,1288,158434.67
2025-11-16 15:28:38.937,1289,158434.67
2025-11-16 15:28:38.937,1290,226638.0
2025-11-16 15:28:38.937,1291,103337.61
2025-11-16 15:28:38.937,1292,203208.34
2025-11-16 15:28:38.937,1293,661350.38
2025-11-16 15:28:38.937,1294,262941.66
2025-11-16 15:28:38.937,1295,262941.66
2025-11-16 15:28:38.937,1296,58141.67
2025-11-16 15:28:38.937,1297,57354.41
2025-11-16 15:28:38.937,1298,56912.64
2025-11-16 15:28:38.937,1299,57802.03
2025-11-16 15:28:38.937,1300,54994.24
2025-11-16 15:28:38.937,1301,56260.74
2025-11-16 15:28:38.937,1302,56260.74
2025-11-16 15:28:38.937,1303,56693.92
2025-11-16 15:28:38.937,1304,55833.13
2025-11-16 15:28:38.937,1305,55201.96
2025-11-16 15:28:38.937,1306,56153.31
2025-11-16 15:28:38.937,1307,57354.41
2025-11-16 15:28:38.937,1308,56153.31
2025-11-16 15:28:38.937,1309,56803.11
2025-11-16 15:28:38.937,1310,58028.08
2025-11-16 15:28:38.937,1311,56046.25
2025-11-16 15:28:38.937,1312,57354.41
2025-11-16 15:28:38.937,1313,54378.94
2025-11-16 15:28:38.937,1314,55833.13
2025-11-16 15:28:38.937,1315,54582.74
2025-11-16 15:28:38.937,1316,56693.92
2025-11-16 15:28:38.937,1317,57132.8
2025-11-16 15:28:38.937,1318,55201.96
2025-11-16 15:28:38.937,1319,56803.11
2025-11-16 15:28:38.937,1320,53975.16
2025-11-16 15:28:38.937,1321,47484.0
2025-11-16 15:28:38.937,1322,56476.62
2025-11-16 15:28:38.937,1323,56693.92
2025-11-16 15:28:38.937,1324,52793.59
2025-11-16 15:28:38.937,1325,56368.51
2025-11-16 15:28:38.937,1326,50466.71
2025-11-16 15:28:38.937,1327,58255.64
2025-11-16 15:28:38.937,1328,136685.03
2025-11-16 15:28:38.937,1329,56585.1
2025-11-16 15:28:38.937,1330,56912.64
2025-11-16 15:28:38.937,1331,49496.55
2025-11-16 15:28:38.937,1332,49496.55
2025-11-16 15:28:38.937,1333,61358.41
2025-11-16 15:28:38.937,1334,67012.48
2025-11-16 15:28:38.937,1335,70663.95
2025-11-16 15:28:38.937,1336,988899.38
2025-11-16 15:28:38.937,1337,86707.14
2025-11-16 15:28:38.937,1338,109992.31
2025-11-16 15:28:38.937,1339,55939.52
2025-11-16 15:28:38.937,1340,107915.35
2025-11-16 15:28:38.937,1341,297844.91
2025-11-16 15:28:38.937,1342,123295.2
2025-11-16 15:28:38.937,1343,123295.2
2025-11-16 15:28:38.937,1344,30590.71
2025-11-16 15:28:38.937,1345,30229.68
2025-11-16 15:28:38.937,1346,29184.02
2025-11-16 15:28:38.937,1347,29564.92
2025-11-16 15:28:38.937,1348,28699.64
2025-11-16 15:28:38.937,1349,28996.3
2025-11-16 15:28:38.937,1350,28407.46
2025-11-16 15:28:38.937,1351,28921.71
2025-11-16 15:28:38.937,1352,28810.36
2025-11-16 15:28:38.937,1353,28119.63
2025-11-16 15:28:38.937,1354,29146.33
2025-11-16 15:28:38.937,1355,29146.33
2025-11-16 15:28:38.937,1356,29449.88
2025-11-16 15:28:38.937,1357,29526.5
2025-11-16 15:28:38.937,1358,30309.35
2025-11-16 15:28:38.937,1359,29488.15
2025-11-16 15:28:38.937,1360,30917.09
2025-11-16 15:28:38.937,1361,28958.97
2025-11-16 15:28:38.937,1362,30794.08
2025-11-16 15:28:38.937,1363,30150.32
2025-11-16 15:28:38.937,1364,30550.28
2025-11-16 15:28:38.937,1365,31713.61
2025-11-16 15:28:38.937,1366,28773.39
2025-11-16 15:28:38.937,1367,31248.74
2025-11-16 15:28:38.937,1368,29488.15
2025-11-16 15:28:38.937,1369,26643.4
2025-11-16 15:28:38.937,1370,32232.81
2025-11-16 15:28:38.937,1371,31290.57
2025-11-16 15:28:38.937,1372,29449.88
2025-11-16 15:28:38.937,1373,29914.1
2025-11-16 15:28:38.937,1374,28191.18
2025-11-16 15:28:38.937,1375,31374.49
2025-11-16 15:28:38.937,1376,82754.82
2025-11-16 15:28:38.937,1377,31290.57
2025-11-16 15:28:38.937,1378,31543.36
2025-11-16 15:28:38.937,1379,28516.51
2025-11-16 15:28:38.937,1380,28553.0
2025-11-16 15:28:38.937,1381,33823.5
2025-11-16 15:28:38.937,1382,41139.08
2025-11-16 15:28:38.937,1383,41397.01
2025-11-16 15:28:38.937,1384,684112.31
2025-11-16 15:28:38.937,1385,48473.0
2025-11-16 15:28:38.937,1386,70663.95
2025-11-16 15:28:38.937,1387,30631.22
2025-11-16 15:28:38.937,1388,62370.57
2025-11-16 15:28:38.937,1389,204325.27
2025-11-16 15:28:38.937,1390,76654.66
2025-11-16 15:28:38.937,1391,76654.66
2025-11-16 15:28:38.937,1392,35234.91
2025-11-16 15:28:38.937,1393,35335.6
2025-11-16 15:28:38.937,1394,33729.39
2025-11-16 15:28:38.937,1395,34935.51
2025-11-16 15:28:38.937,1396,33495.87
2025-11-16 15:28:38.937,1397,33823.5
2025-11-16 15:28:38.937,1398,33310.84
2025-11-16 15:28:38.937,1399,33682.49
2025-11-16 15:28:38.937,1400,33870.7
2025-11-16 15:28:38.937,1401,33310.84
2025-11-16 15:28:38.937,1402,33403.16
2025-11-16 15:28:38.937,1403,33870.7
2025-11-16 15:28:38.937,1404,34542.39
2025-11-16 15:28:38.937,1405,34542.39
2025-11-16 15:28:38.937,1406,34542.39
2025-11-16 15:28:38.937,1407,35134.67
2025-11-16 15:28:38.937,1408,36262.32
2025-11-16 15:28:38.937,1409,33635.68
2025-11-16 15:28:38.937,1410,36686.43
2025-11-16 15:28:38.937,1411,35234.91
2025-11-16 15:28:38.937,1412,36053.13
2025-11-16 15:28:38.937,1413,37172.92
2025-11-16 15:28:38.937,1414,35134.67
2025-11-16 15:28:38.937,1415,37118.37
2025-11-16 15:28:38.937,1416,35742.86
2025-11-16 15:28:38.937,1417,34396.74
2025-11-16 15:28:38.937,1418,38636.91
2025-11-16 15:28:38.937,1419,36901.41
2025-11-16 15:28:38.937,1420,35034.87
2025-11-16 15:28:38.937,1421,36157.48
2025-11-16 15:28:38.937,1422,34542.39
2025-11-16 15:28:38.937,1423,37227.6
2025-11-16 15:28:38.937,1424,98522.22
2025-11-16 15:28:38.937,1425,37118.37
2025-11-16 15:28:38.937,1426,37893.76
2025-11-16 15:28:38.937,1427,34935.51
2025-11-16 15:28:38.937,1428,34935.51
2025-11-16 15:28:38.937,1429,41139.08
2025-11-16 15:28:38.937,1430,50199.01
2025-11-16 15:28:38.937,1431,50377.22
2025-11-16 15:28:38.937,1432,861364.44
2025-11-16 15:28:38.937,1433,57132.8
2025-11-16 15:28:38.937,1434,84035.92
2025-11-16 15:28:38.937,1435,36473.41
2025-11-16 15:28:38.937,1436,74503.1
2025-11-16 15:28:38.937,1437,250766.73
2025-11-16 15:28:38.937,1438,98522.22
2025-11-16 15:28:38.937,1439,98522.22
2025-11-16 15:28:38.937,1440,39403.42
2025-11-16 15:28:38.937,1441,38463.37
2025-11-16 15:28:38.937,1442,37669.63
2025-11-16 15:28:38.937,1443,38006.61
2025-11-16 15:28:38.937,1444,37447.59
2025-11-16 15:28:38.937,1445,37781.43
2025-11-16 15:28:38.937,1446,37009.64
2025-11-16 15:28:38.937,1447,37781.43
2025-11-16 15:28:38.937,1448,37227.6
2025-11-16 15:28:38.937,1449,37118.37
2025-11-16 15:28:38.937,1450,37669.63
2025-11-16 15:28:38.937,1451,37725.46
2025-11-16 15:28:38.937,1452,37118.37
2025-11-16 15:28:38.937,1453,38463.37
2025-11-16 15:28:38.937,1454,39224.4
2025-11-16 15:28:38.937,1455,38006.61
2025-11-16 15:28:38.937,1456,40256.3
2025-11-16 15:28:38.937,1457,37725.46
2025-11-16 15:28:38.937,1458,39523.48
2025-11-16 15:28:38.937,1459,38233.91
2025-11-16 15:28:38.937,1460,39403.42
2025-11-16 15:28:38.937,1461,40505.41
2025-11-16 15:28:38.937,1462,37725.46
2025-11-16 15:28:38.937,1463,39644.14
2025-11-16 15:28:38.937,1464,38063.23
2025-11-16 15:28:38.937,1465,32586.16
2025-11-16 15:28:38.937,1466,40380.55
2025-11-16 15:28:38.937,1467,38463.37
2025-11-16 15:28:38.937,1468,34985.13
2025-11-16 15:28:38.937,1469,38695.02
2025-11-16 15:28:38.937,1470,34060.55
2025-11-16 15:28:38.937,1471,39887.21
2025-11-16 15:28:38.937,1472,91512.71
2025-11-16 15:28:38.937,1473,39523.48
2025-11-16 15:28:38.937,1474,39765.37
2025-11-16 15:28:38.937,1475,34156.08
2025-11-16 15:28:38.937,1476,34060.55
2025-11-16 15:28:38.937,1477,43417.48
2025-11-16 15:28:38.937,1478,51100.71
2025-11-16 15:28:38.937,1479,51376.5
2025-11-16 15:28:38.937,1480,861364.44
2025-11-16 15:28:38.937,1481,59892.09
2025-11-16 15:28:38.937,1482,82754.82
2025-11-16 15:28:38.937,1483,38753.28
2025-11-16 15:28:38.937,1484,76471.19
2025-11-16 15:28:38.937,1485,238117.42
2025-11-16 15:28:38.937,1486,94364.8
2025-11-16 15:28:38.937,1487,94364.8
2025-11-16 15:28:38.937,1488,31374.49
2025-11-16 15:28:38.937,1489,31290.57
2025-11-16 15:28:38.937,1490,30150.32
2025-11-16 15:28:38.937,1491,30389.34
2025-11-16 15:28:38.937,1492,29603.42
2025-11-16 15:28:38.937,1493,29564.92
2025-11-16 15:28:38.937,1494,29297.52
2025-11-16 15:28:38.937,1495,29914.1
2025-11-16 15:28:38.937,1496,29953.28
2025-11-16 15:28:38.937,1497,29221.78
2025-11-16 15:28:38.937,1498,29488.15
2025-11-16 15:28:38.937,1499,30150.32
2025-11-16 15:28:38.937,1500,29680.64
2025-11-16 15:28:38.937,1501,30550.28
2025-11-16 15:28:38.937,1502,31040.83
2025-11-16 15:28:38.937,1503,30269.48
2025-11-16 15:28:38.937,1504,31713.61
2025-11-16 15:28:38.937,1505,29108.72
2025-11-16 15:28:38.937,1506,31971.61
2025-11-16 15:28:38.937,1507,30110.76
2025-11-16 15:28:38.937,1508,31885.26
2025-11-16 15:28:38.937,1509,32675.42
2025-11-16 15:28:38.937,1510,30631.22
2025-11-16 15:28:38.937,1511,32765.05
2025-11-16 15:28:38.937,1512,31040.83
2025-11-16 15:28:38.937,1513,28371.24
2025-11-16 15:28:38.937,1514,33081.75
2025-11-16 15:28:38.937,1515,31971.61
2025-11-16 15:28:38.937,1516,28847.41
2025-11-16 15:28:38.937,1517,30999.5
2025-11-16 15:28:38.937,1518,27281.39
2025-11-16 15:28:38.937,1519,32320.6
2025-11-16 15:28:38.937,1520,78533.01
2025-11-16 15:28:38.937,1521,31756.39
2025-11-16 15:28:38.937,1522,32276.66
2025-11-16 15:28:38.937,1523,28699.64
2025-11-16 15:28:38.937,1524,27836.08
2025-11-16 15:28:38.937,1525,34689.0
2025-11-16 15:28:38.937,1526,42658.5
2025-11-16 15:28:38.937,1527,43487.57
2025-11-16 15:28:38.937,1528,762705.19
2025-11-16 15:28:38.937,1529,49758.04
2025-11-16 15:28:38.937,1530,66150.61
2025-11-16 15:28:38.937,1531,31374.49
2025-11-16 15:28:38.937,1532,63411.8
2025-11-16 15:28:38.937,1533,193656.09
2025-11-16 15:28:38.937,1534,77396.36
2025-11-16 15:28:38.937,1535,77396.36
2025-11-16 15:28:38.937,1536,27247.26
2025-11-16 15:28:38.937,1537,27247.26
2025-11-16 15:28:38.937,1538,27247.26
2025-11-16 15:28:38.937,1539,27247.26
2025-11-16 15:28:38.937,1540,27247.26
2025-11-16 15:28:38.937,1541,27247.26
2025-11-16 15:28:38.937,1542,27247.26
2025-11-16 15:28:38.937,1543,27247.26
2025-11-16 15:28:38.937,1544,27247.26
2025-11-16 15:28:38.937,1545,27247.26
2025-11-16 15:28:38.937,1546,27247.26
2025-11-16 15:28:38.937,1547,27247.26
2025-11-16 15:28:38.937,1548,27247.26
2025-11-16 15:28:38.937,1549,27247.26
2025-11-16 15:28:38.937,1550,27247.26
2025-11-16 15:28:38.937,1551,27247.26
2025-11-16 15:28:38.937,1552,27247.26
2025-11-16 15:28:38.937,1553,27247.26
2025-11-16 15:28:38.937,1554,27247.26
2025-11-16 15:28:38.937,1555,27247.26
2025-11-16 15:28:38.937,1556,27247.26
2025-11-16 15:28:38.937,1557,27247.26
2025-11-16 15:28:38.937,1558,27247.26
2025-11-16 15:28:38.937,1559,27247.26
2025-11-16 15:28:38.937,1560,27247.26
2025-11-16 15:28:38.937,1561,27247.26
2025-11-16 15:28:38.937,1562,27247.26
2025-11-16 15:28:38.937,1563,27247.26
2025-11-16 15:28:38.937,1564,27247.26
2025-11-16 15:28:38.937,1565,27247.26
2025-11-16 15:28:38.937,1566,27247.26
2025-11-16 15:28:38.937,1567,27247.26
2025-11-16 15:28:38.937,1568,27247.26
2025-11-16 15:28:38.937,1569,27247.26
2025-11-16 15:28:38.937,1570,27247.26
2025-11-16 15:28:38.937,1571,27247.26
2025-11-16 15:28:38.937,1572,27247.26
2025-11-16 15:28:38.937,1573,27247.26
2025-11-16 15:28:38.937,1574,27247.26
2025-11-16 15:28:38.937,1575,27247.26
2025-11-16 15:28:38.937,1576,27247.26
2025-11-16 15:28:38.937,1577,27247.26
2025-11-16 15:28:38.937,1578,27247.26
2025-11-16 15:28:38.937,1579,27247.26
2025-11-16 15:28:38.937,1580,27247.26
2025-11-16 15:28:38.937,1581,27247.26
2025-11-16 15:28:38.937,1582,27247.26
2025-11-16 15:28:38.937,1583,27247.26
2025-11-16 15:28:38.937,1584,27247.26
2025-11-16 15:28:38.937,1585,26942.87
2025-11-16 15:28:38.937,1586,26090.74
2025-11-16 15:28:38.937,1587,26676.44
2025-11-16 15:28:38.937,1588,25679.2
2025-11-16 15:28:38.937,1589,25647.93
2025-11-16 15:28:38.937,1590,25246.33
2025-11-16 15:28:38.937,1591,25741.9
2025-11-16 15:28:38.937,1592,25647.93
2025-11-16 15:28:38.937,1593,24675.34
2025-11-16 15:28:38.937,1594,25554.44
2025-11-16 15:28:38.937,1595,25804.82
2025-11-16 15:28:38.937,1596,25523.39
2025-11-16 15:28:38.937,1597,26348.73
2025-11-16 15:28:38.937,1598,26775.9
2025-11-16 15:28:38.937,1599,26219.28
2025-11-16 15:28:38.937,1600,27247.26
2025-11-16 15:28:38.937,1601,25094.26
2025-11-16 15:28:38.937,1602,27626.15
2025-11-16 15:28:38.937,1603,25585.55
2025-11-16 15:28:38.937,1604,27418.54
2025-11-16 15:28:38.937,1605,28553.0
2025-11-16 15:28:38.937,1606,26643.4
2025-11-16 15:28:38.937,1607,28443.74
2025-11-16 15:28:38.937,1608,26842.51
2025-11-16 15:28:38.937,1609,25033.8
2025-11-16 15:28:38.937,1610,28699.64
2025-11-16 15:28:38.937,1611,27871.29
2025-11-16 15:28:38.937,1612,24675.34
2025-11-16 15:28:38.937,1613,27281.39
2025-11-16 15:28:38.937,1614,24675.34
2025-11-16 15:28:38.937,1615,28299.01
2025-11-16 15:28:38.937,1616,75030.93
2025-11-16 15:28:38.937,1617,27906.57
2025-11-16 15:28:38.937,1618,29184.02
2025-11-16 15:28:38.937,1619,25994.93
2025-11-16 15:28:38.937,1620,25094.26
2025-11-16 15:28:38.937,1621,31458.76
2025-11-16 15:28:38.937,1622,38463.37
2025-11-16 15:28:38.937,1623,39224.4
2025-11-16 15:28:38.937,1624,640033.69
2025-11-16 15:28:38.937,1625,44054.89
2025-11-16 15:28:38.937,1626,64212.57
2025-11-16 15:28:38.937,1627,27800.93
2025-11-16 15:28:38.937,1628,58255.64
2025-11-16 15:28:38.937,1629,192647.28
2025-11-16 15:28:38.937,1630,75745.02
2025-11-16 15:28:38.937,1631,75745.02
2025-11-16 15:28:38.937,1632,25836.37
2025-11-16 15:28:38.937,1633,25585.55
2025-11-16 15:28:38.937,1634,24734.57
2025-11-16 15:28:38.937,1635,25585.55
2025-11-16 15:28:38.937,1636,24179.86
2025-11-16 15:28:38.937,1637,24324.12
2025-11-16 15:28:38.937,1638,24353.12
2025-11-16 15:28:38.937,1639,24645.8
2025-11-16 15:28:38.937,1640,24498.84
2025-11-16 15:28:38.937,1641,24237.42
2025-11-16 15:28:38.937,1642,24065.32
2025-11-16 15:28:38.937,1643,24266.27
2025-11-16 15:28:38.937,1644,23838.52
2025-11-16 15:28:38.937,1645,24557.47
2025-11-16 15:28:38.937,1646,25276.9
2025-11-16 15:28:38.937,1647,24557.47
2025-11-16 15:28:38.937,1648,25461.45
2025-11-16 15:28:38.937,1649,23421.27
2025-11-16 15:28:38.937,1650,25585.55
2025-11-16 15:28:38.937,1651,23866.7
2025-11-16 15:28:38.937,1652,25585.55
2025-11-16 15:28:38.937,1653,26251.55
2025-11-16 15:28:38.937,1654,24093.88
2025-11-16 15:28:38.937,1655,26283.89
2025-11-16 15:28:38.937,1656,24734.57
2025-11-16 15:28:38.937,1657,22177.84
2025-11-16 15:28:38.937,1658,25963.11
2025-11-16 15:28:38.937,1659,25647.93
2025-11-16 15:28:38.937,1660,18578.57
2025-11-16 15:28:38.937,1661,24883.55
2025-11-16 15:28:38.937,1662,18084.37
2025-11-16 15:28:38.937,1663,26154.89
2025-11-16 15:28:38.937,1664,63810.02
2025-11-16 15:28:38.937,1665,24208.61
2025-11-16 15:28:38.937,1666,25647.93
2025-11-16 15:28:38.937,1667,20148.47
2025-11-16 15:28:38.937,1668,17054.83
2025-11-16 15:28:38.937,1669,28407.46
2025-11-16 15:28:38.937,1670,33036.22
2025-11-16 15:28:38.937,1671,34156.08
2025-11-16 15:28:38.937,1672,536008.31
2025-11-16 15:28:38.937,1673,41397.01
2025-11-16 15:28:38.937,1674,54378.94
2025-11-16 15:28:38.937,1675,25094.26
2025-11-16 15:28:38.937,1676,51654.79
2025-11-16 15:28:38.937,1677,169524.13
2025-11-16 15:28:38.937,1678,66435.75
2025-11-16 15:28:38.937,1679,66435.75
2025-11-16 15:28:38.937,1680,34252.03
2025-11-16 15:28:38.937,1681,34542.39
2025-11-16 15:28:38.937,1682,33542.38
2025-11-16 15:28:38.937,1683,34156.08
2025-11-16 15:28:38.937,1684,32765.05
2025-11-16 15:28:38.937,1685,33127.38
2025-11-16 15:28:38.937,1686,33310.84
2025-11-16 15:28:38.937,1687,33542.38
2025-11-16 15:28:38.937,1688,33403.16
2025-11-16 15:28:38.937,1689,33127.38
2025-11-16 15:28:38.937,1690,32900.21
2025-11-16 15:28:38.937,1691,33682.49
2025-11-16 15:28:38.937,1692,32855.06
2025-11-16 15:28:38.937,1693,33495.87
2025-11-16 15:28:38.937,1694,33495.87
2025-11-16 15:28:38.937,1695,33495.87
2025-11-16 15:28:38.937,1696,34060.55
2025-11-16 15:28:38.937,1697,30794.08
2025-11-16 15:28:38.937,1698,34348.4
2025-11-16 15:28:38.937,1699,32058.32
2025-11-16 15:28:38.937,1700,34445.18
2025-11-16 15:28:38.937,1701,35691.55
2025-11-16 15:28:38.937,1702,33682.49
2025-11-16 15:28:38.937,1703,35742.86
2025-11-16 15:28:38.937,1704,33776.39
2025-11-16 15:28:38.937,1705,30229.68
2025-11-16 15:28:38.937,1706,35386.11
2025-11-16 15:28:38.937,1707,34640.03
2025-11-16 15:28:38.937,1708,29603.42
2025-11-16 15:28:38.937,1709,34300.16
2025-11-16 15:28:38.937,1710,29297.52
2025-11-16 15:28:38.937,1711,35897.47
2025-11-16 15:28:38.937,1712,79896.98
2025-11-16 15:28:38.937,1713,34935.51
2025-11-16 15:28:38.937,1714,35335.6
2025-11-16 15:28:38.937,1715,30550.28
2025-11-16 15:28:38.937,1716,27418.54
2025-11-16 15:28:38.937,1717,37669.63
2025-11-16 15:28:38.937,1718,46061.56
2025-11-16 15:28:38.937,1719,47161.71
2025-11-16 15:28:38.937,1720,762705.19
2025-11-16 15:28:38.937,1721,54994.24
2025-11-16 15:28:38.937,1722,69101.3
2025-11-16 15:28:38.937,1723,34985.13
2025-11-16 15:28:38.937,1724,67012.48
2025-11-16 15:28:38.937,1725,216173.34
2025-11-16 15:28:38.937,1726,87631.56
2025-11-16 15:28:38.937,1727,87631.56
2025-11-16 15:28:38.937,1728,27010.09
2025-11-16 15:28:38.937,1729,26809.18
2025-11-16 15:28:38.937,1730,25773.33
2025-11-16 15:28:38.937,1731,26479.11
2025-11-16 15:28:38.937,1732,25585.55
2025-11-16 15:28:38.937,1733,25773.33
2025-11-16 15:28:38.937,1734,25647.93
2025-11-16 15:28:38.937,1735,25710.52
2025-11-16 15:28:38.937,1736,25836.37
2025-11-16 15:28:38.937,1737,25647.93
2025-11-16 15:28:38.937,1738,25461.45
2025-11-16 15:28:38.937,1739,25836.37
2025-11-16 15:28:38.937,1740,25094.26
2025-11-16 15:28:38.937,1741,25963.11
2025-11-16 15:28:38.937,1742,26643.4
2025-11-16 15:28:38.937,1743,25994.93
2025-11-16 15:28:38.937,1744,26809.18
2025-11-16 15:28:38.937,1745,24382.16
2025-11-16 15:28:38.937,1746,27010.09
2025-11-16 15:28:38.937,1747,24151.15
2025-11-16 15:28:38.937,1748,27145.25
2025-11-16 15:28:38.937,1749,27695.87
2025-11-16 15:28:38.937,1750,26154.89
2025-11-16 15:28:38.937,1751,27836.08
2025-11-16 15:28:38.937,1752,26283.89
2025-11-16 15:28:38.937,1753,22933.92
2025-11-16 15:28:38.937,1754,27626.15
2025-11-16 15:28:38.937,1755,27213.2
2025-11-16 15:28:38.937,1756,20718.37
2025-11-16 15:28:38.937,1757,26676.44
2025-11-16 15:28:38.937,1758,20741.61
2025-11-16 15:28:38.937,1759,27941.91
2025-11-16 15:28:38.937,1760,70663.95
2025-11-16 15:28:38.937,1761,26809.18
2025-11-16 15:28:38.937,1762,27145.25
2025-11-16 15:28:38.937,1763,20928.83
2025-11-16 15:28:38.937,1764,20510.75
2025-11-16 15:28:38.937,1765,30229.68
2025-11-16 15:28:38.937,1766,35742.86
2025-11-16 15:28:38.937,1767,36847.48
2025-11-16 15:28:38.937,1768,592227.94
2025-11-16 15:28:38.937,1769,44561.25
2025-11-16 15:28:38.937,1770,57914.87
2025-11-16 15:28:38.937,1771,26909.36
2025-11-16 15:28:38.937,1772,56046.25
2025-11-16 15:28:38.937,1773,175214.38
2025-11-16 15:28:38.937,1774,73637.78
2025-11-16 15:28:38.937,1775,73637.78
2025-11-16 15:28:38.937,1776,24266.27
2025-11-16 15:28:38.937,1777,24036.8
2025-11-16 15:28:38.937,1778,23230.05
2025-11-16 15:28:38.937,1779,23421.27
2025-11-16 15:28:38.937,1780,22616.81
2025-11-16 15:28:38.937,1781,22408.76
2025-11-16 15:28:38.937,1782,22564.54
2025-11-16 15:28:38.937,1783,22827.54
2025-11-16 15:28:38.937,1784,22774.6
2025-11-16 15:28:38.937,1785,22590.65
2025-11-16 15:28:38.937,1786,22357.16
2025-11-16 15:28:38.937,1787,22721.83
2025-11-16 15:28:38.937,1788,21750.49
2025-11-16 15:28:38.937,1789,22907.26
2025-11-16 15:28:38.937,1790,23040.99
2025-11-16 15:28:38.937,1791,22801.05
2025-11-16 15:28:38.937,1792,23923.21
2025-11-16 15:28:38.937,1793,21528.79
2025-11-16 15:28:38.937,1794,23754.24
2025-11-16 15:28:38.937,1795,21775.31
2025-11-16 15:28:38.937,1796,23866.7
2025-11-16 15:28:38.937,1797,24675.34
2025-11-16 15:28:38.937,1798,23040.99
2025-11-16 15:28:38.937,1799,24382.16
2025-11-16 15:28:38.937,1800,23202.91
2025-11-16 15:28:38.937,1801,20059.23
2025-11-16 15:28:38.937,1802,24324.12
2025-11-16 15:28:38.937,1803,23810.38
2025-11-16 15:28:38.937,1804,18760.76
2025-11-16 15:28:38.937,1805,23311.73
2025-11-16 15:28:38.937,1806,18679.5
2025-11-16 15:28:38.937,1807,24616.31
2025-11-16 15:28:38.937,1808,62242.49
2025-11-16 15:28:38.937,1809,23284.46
2025-11-16 15:28:38.937,1810,23614.7
2025-11-16 15:28:38.937,1811,17236.39
2025-11-16 15:28:38.937,1812,17036.8
2025-11-16 15:28:38.937,1813,26479.11
2025-11-16 15:28:38.937,1814,31040.83
2025-11-16 15:28:38.937,1815,32058.32
2025-11-16 15:28:38.937,1816,515003.19
2025-11-16 15:28:38.937,1817,39165.01
2025-11-16 15:28:38.937,1818,51468.98
2025-11-16 15:28:38.937,1819,23175.81
2025-11-16 15:28:38.937,1820,49151.41
2025-11-16 15:28:38.937,1821,153062.25
2025-11-16 15:28:38.937,1822,63676.8
2025-11-16 15:28:38.937,1823,63676.8
2025-11-16 15:28:38.937,1824,34156.08
2025-11-16 15:28:38.937,1825,33729.39
2025-11-16 15:28:38.937,1826,32675.42
2025-11-16 15:28:38.937,1827,33310.84
2025-11-16 15:28:38.937,1828,32145.38
2025-11-16 15:28:38.937,1829,32145.38
2025-11-16 15:28:38.937,1830,32232.81
2025-11-16 15:28:38.937,1831,32586.16
2025-11-16 15:28:38.937,1832,32320.6
2025-11-16 15:28:38.937,1833,32320.6
2025-11-16 15:28:38.937,1834,31670.92
2025-11-16 15:28:38.937,1835,32586.16
2025-11-16 15:28:38.937,1836,30631.22
2025-11-16 15:28:38.937,1837,32320.6
2025-11-16 15:28:38.937,1838,33403.16
2025-11-16 15:28:38.937,1839,32586.16
2025-11-16 15:28:38.937,1840,33682.49
2025-11-16 15:28:38.937,1841,30712.49
2025-11-16 15:28:38.937,1842,33495.87
2025-11-16 15:28:38.937,1843,31040.83
2025-11-16 15:28:38.937,1844,33870.7
2025-11-16 15:28:38.937,1845,34445.18
2025-11-16 15:28:38.937,1846,32765.05
2025-11-16 15:28:38.937,1847,34445.18
2025-11-16 15:28:38.937,1848,32810.01
2025-11-16 15:28:38.937,1849,29526.5
2025-11-16 15:28:38.937,1850,34396.74
2025-11-16 15:28:38.937,1851,33870.7
2025-11-16 15:28:38.937,1852,29146.33
2025-11-16 15:28:38.937,1853,33495.87
2025-11-16 15:28:38.937,1854,27695.87
2025-11-16 15:28:38.937,1855,34591.16
2025-11-16 15:28:38.937,1856,87167.16
2025-11-16 15:28:38.937,1857,34204.0
2025-11-16 15:28:38.937,1858,34445.18
2025-11-16 15:28:38.937,1859,28921.71
2025-11-16 15:28:38.937,1860,28480.09
2025-11-16 15:28:38.937,1861,37447.59
2025-11-16 15:28:38.937,1862,44707.67
2025-11-16 15:28:38.937,1863,45301.25
2025-11-16 15:28:38.937,1864,734602.25
2025-11-16 15:28:38.937,1865,54277.52
2025-11-16 15:28:38.937,1866,65586.65
2025-11-16 15:28:38.937,1867,33682.49
2025-11-16 15:28:38.937,1868,64212.57
2025-11-16 15:28:38.937,1869,212483.69
2025-11-16 15:28:38.937,1870,83390.98
2025-11-16 15:28:38.937,1871,83390.98
2025-11-16 15:28:38.937,1872,28335.09
2025-11-16 15:28:38.937,1873,27349.84
2025-11-16 15:28:38.937,1874,27145.25
2025-11-16 15:28:38.937,1875,27591.39
2025-11-16 15:28:38.937,1876,26643.4
2025-11-16 15:28:38.937,1877,26942.87
2025-11-16 15:28:38.937,1878,26544.65
2025-11-16 15:28:38.937,1879,26742.69
2025-11-16 15:28:38.937,1880,26676.44
2025-11-16 15:28:38.937,1881,26676.44
2025-11-16 15:28:38.937,1882,26283.89
2025-11-16 15:28:38.937,1883,26942.87
2025-11-16 15:28:38.937,1884,26058.75
2025-11-16 15:28:38.937,1885,27010.09
2025-11-16 15:28:38.937,1886,27800.93
2025-11-16 15:28:38.937,1887,27077.54
2025-11-16 15:28:38.937,1888,28191.18
2025-11-16 15:28:38.937,1889,25585.55
2025-11-16 15:28:38.937,1890,28119.63
2025-11-16 15:28:38.937,1891,26090.74
2025-11-16 15:28:38.937,1892,28407.46
2025-11-16 15:28:38.937,1893,29071.17
2025-11-16 15:28:38.937,1894,27281.39
2025-11-16 15:28:38.937,1895,29146.33
2025-11-16 15:28:38.937,1896,27384.16
2025-11-16 15:28:38.937,1897,22460.52
2025-11-16 15:28:38.937,1898,28773.39
2025-11-16 15:28:38.937,1899,28119.63
2025-11-16 15:28:38.937,1900,22408.76
2025-11-16 15:28:38.937,1901,27871.29
2025-11-16 15:28:38.937,1902,20834.94
2025-11-16 15:28:38.937,1903,29146.33
2025-11-16 15:28:38.937,1904,73981.77
2025-11-16 15:28:38.937,1905,28119.63
2025-11-16 15:28:38.937,1906,28699.64
2025-11-16 15:28:38.937,1907,23148.76
2025-11-16 15:28:38.937,1908,23040.99
2025-11-16 15:28:38.937,1909,31628.31
2025-11-16 15:28:38.937,1910,37392.4
2025-11-16 15:28:38.937,1911,38291.07
2025-11-16 15:28:38.937,1912,592227.94
2025-11-16 15:28:38.937,1913,45907.83
2025-11-16 15:28:38.937,1914,59416.6
2025-11-16 15:28:38.937,1915,28335.09
2025-11-16 15:28:38.937,1916,57465.76
2025-11-16 15:28:38.937,1917,181276.86
2025-11-16 15:28:38.937,1918,76471.19
2025-11-16 15:28:38.937,1919,76471.19
2025-11-16 15:28:38.937,1920,900097.25
2025-11-16 15:28:38.937,1921,734602.25
2025-11-16 15:28:38.937,1922,734602.25
2025-11-16 15:28:38.937,1923,640033.69
2025-11-16 15:28:38.937,1924,592227.94
2025-11-16 15:28:38.937,1925,661350.38
2025-11-16 15:28:38.937,1926,583498.19
2025-11-16 15:28:38.937,1927,762705.19
2025-11-16 15:28:38.937,1928,861364.44
2025-11-16 15:28:38.937,1929,661350.38
2025-11-16 15:28:38.937,1930,793012.25
2025-11-16 15:28:38.937,1931,734602.25
2025-11-16 15:28:38.937,1932,708471.5
2025-11-16 15:28:38.937,1933,793012.25
2025-11-16 15:28:38.937,1934,793012.25
2025-11-16 15:28:38.937,1935,861364.44
2025-11-16 15:28:38.937,1936,734602.25
2025-11-16 15:28:38.937,1937,566776.38
2025-11-16 15:28:38.937,1938,793012.25
2025-11-16 15:28:38.937,1939,684112.31
2025-11-16 15:28:38.937,1940,601218.31
2025-11-16 15:28:38.937,1941,583498.19
2025-11-16 15:28:38.937,1942,477494.09
2025-11-16 15:28:38.937,1943,566776.38
2025-11-16 15:28:38.937,1944,536008.31
2025-11-16 15:28:38.937,1945,483368.97
2025-11-16 15:28:38.937,1946,521823.06
2025-11-16 15:28:38.937,1947,566776.38
2025-11-16 15:28:38.937,1948,521823.06
2025-11-16 15:28:38.937,1949,521823.06
2025-11-16 15:28:38.937,1950,583498.19
2025-11-16 15:28:38.937,1951,661350.38
2025-11-16 15:28:38.937,1952,684112.31
2025-11-16 15:28:38.937,1953,566776.38
2025-11-16 15:28:38.937,1954,558763.94
2025-11-16 15:28:38.937,1955,543388.5
2025-11-16 15:28:38.937,1956,444986.13
2025-11-16 15:28:38.937,1957,566776.38
2025-11-16 15:28:38.937,1958,684112.31
2025-11-16 15:28:38.937,1959,793012.25
2025-11-16 15:28:38.937,1960,762705.19
2025-11-16 15:28:38.937,1961,762705.19
2025-11-16 15:28:38.937,1962,365654.84
2025-11-16 15:28:38.937,1963,508356.06
2025-11-16 15:28:38.937,1964,477494.09
2025-11-16 15:28:38.937,1965,988899.38
2025-11-16 15:28:38.937,1966,988899.38
2025-11-16 15:28:38.937,1967,988899.38
2025-11-16 15:28:38.937,1968,33403.16
2025-11-16 15:28:38.937,1969,33403.16
2025-11-16 15:28:38.937,1970,32586.16
2025-11-16 15:28:38.937,1971,32675.42
2025-11-16 15:28:38.937,1972,31585.79
2025-11-16 15:28:38.937,1973,31628.31
2025-11-16 15:28:38.937,1974,31374.49
2025-11-16 15:28:38.937,1975,31756.39
2025-11-16 15:28:38.937,1976,31885.26
2025-11-16 15:28:38.937,1977,31585.79
2025-11-16 15:28:38.937,1978,31290.57
2025-11-16 15:28:38.937,1979,31885.26
2025-11-16 15:28:38.937,1980,30794.08
2025-11-16 15:28:38.937,1981,31458.76
2025-11-16 15:28:38.937,1982,32945.45
2025-11-16 15:28:38.937,1983,32145.38
2025-11-16 15:28:38.937,1984,33449.47
2025-11-16 15:28:38.937,1985,30631.22
2025-11-16 15:28:38.937,1986,33449.47
2025-11-16 15:28:38.937,1987,31040.83
2025-11-16 15:28:38.937,1988,33495.87
2025-11-16 15:28:38.937,1989,34348.4
2025-11-16 15:28:38.937,1990,32586.16
2025-11-16 15:28:38.937,1991,34156.08
2025-11-16 15:28:38.937,1992,32320.6
2025-11-16 15:28:38.937,1993,28371.24
2025-11-16 15:28:38.937,1994,34156.08
2025-11-16 15:28:38.937,1995,33449.47
2025-11-16 15:28:38.937,1996,27730.82
2025-11-16 15:28:38.937,1997,32276.66
2025-11-16 15:28:38.937,1998,26511.85
2025-11-16 15:28:38.937,1999,34012.93
2025-11-16 15:28:38.937,2000,83177.96
2025-11-16 15:28:38.937,2001,32855.06
2025-11-16 15:28:38.937,2002,33776.39
2025-11-16 15:28:38.937,2003,27977.33
2025-11-16 15:28:38.937,2004,27906.57
2025-11-16 15:28:38.937,2005,36901.41
2025-11-16 15:28:38.937,2006,43277.87
2025-11-16 15:28:38.937,2007,44854.87
2025-11-16 15:28:38.937,2008,708471.5
2025-11-16 15:28:38.937,2009,52600.88
2025-11-16 15:28:38.937,2010,62242.49
2025-11-16 15:28:38.937,2011,32855.06
2025-11-16 15:28:38.937,2012,62114.86
2025-11-16 15:28:38.937,2013,204325.27
2025-11-16 15:28:38.937,2014,80294.42
2025-11-16 15:28:38.937,2015,80294.42
2025-11-16 15:28:38.937,2016,762705.19
2025-11-16 15:28:38.937,2017,734602.25
2025-11-16 15:28:38.937,2018,734602.25
2025-11-16 15:28:38.937,2019,601218.31
2025-11-16 15:28:38.937,2020,734602.25
2025-11-16 15:28:38.937,2021,734602.25
2025-11-16 15:28:38.937,2022,762705.19
2025-11-16 15:28:38.937,2023,809075.0
2025-11-16 15:28:38.937,2024,684112.31
2025-11-16 15:28:38.937,2025,684112.31
2025-11-16 15:28:38.937,2026,721303.56
2025-11-16 15:28:38.937,2027,809075.0
2025-11-16 15:28:38.937,2028,777567.38
2025-11-16 15:28:38.937,2029,734602.25
2025-11-16 15:28:38.937,2030,762705.19
2025-11-16 15:28:38.937,2031,734602.25
2025-11-16 15:28:38.937,2032,793012.25
2025-11-16 15:28:38.937,2033,721303.56
2025-11-16 15:28:38.937,2034,988899.38
2025-11-16 15:28:38.937,2035,793012.25
2025-11-16 15:28:38.937,2036,793012.25
2025-11-16 15:28:38.937,2037,900097.25
2025-11-16 15:28:38.937,2038,825793.38
2025-11-16 15:28:38.937,2039,762705.19
2025-11-16 15:28:38.937,2040,748393.56
2025-11-16 15:28:38.937,2041,734602.25
2025-11-16 15:28:38.937,2042,809075.0
2025-11-16 15:28:38.937,2043,809075.0
2025-11-16 15:28:38.937,2044,793012.25
2025-11-16 15:28:38.937,2045,708471.5
2025-11-16 15:28:38.937,2046,721303.56
2025-11-16 15:28:38.937,2047,900097.25
2025-11-16 15:28:38.937,2048,900097.25
2025-11-16 15:28:38.937,2049,900097.25
2025-11-16 15:28:38.937,2050,900097.25
2025-11-16 15:28:38.937,2051,793012.25
2025-11-16 15:28:38.937,2052,721303.56
2025-11-16 15:28:38.937,2053,861364.44
2025-11-16 15:28:38.937,2054,988899.38
2025-11-16 15:28:38.937,2055,942433.13
2025-11-16 15:28:38.937,2056,900097.25
2025-11-16 15:28:38.937,2057,900097.25
2025-11-16 15:28:38.937,2058,550970.88
2025-11-16 15:28:38.937,2059,861364.44
2025-11-16 15:28:38.937,2060,708471.5
2025-11-16 15:28:38.937,2061,28958.97
2025-11-16 15:28:38.937,2062,28958.97
2025-11-16 15:28:38.937,2063,28958.97
2025-11-16 15:28:38.937,2064,28958.97
2025-11-16 15:28:38.937,2065,28773.39
2025-11-16 15:28:38.937,2066,27765.84
2025-11-16 15:28:38.937,2067,28155.37
2025-11-16 15:28:38.937,2068,27145.25
2025-11-16 15:28:38.937,2069,27145.25
2025-11-16 15:28:38.937,2070,27077.54
2025-11-16 15:28:38.937,2071,27349.84
2025-11-16 15:28:38.937,2072,27349.84
2025-11-16 15:28:38.937,2073,27281.39
2025-11-16 15:28:38.937,2074,27077.54
2025-11-16 15:28:38.937,2075,27695.87
2025-11-16 15:28:38.937,2076,27281.39
2025-11-16 15:28:38.937,2077,27906.57
2025-11-16 15:28:38.937,2078,27977.33
2025-11-16 15:28:38.937,2079,27800.93
2025-11-16 15:28:38.937,2080,28299.01
2025-11-16 15:28:38.937,2081,23782.29
2025-11-16 15:28:38.937,2082,28958.97
2025-11-16 15:28:38.937,2083,25094.26
2025-11-16 15:28:38.937,2084,28773.39
2025-11-16 15:28:38.937,2085,29992.53
2025-11-16 15:28:38.937,2086,28191.18
2025-11-16 15:28:38.937,2087,30229.68
2025-11-16 15:28:38.937,2088,28263.01
2025-11-16 15:28:38.937,2089,26479.11
2025-11-16 15:28:38.937,2090,30389.34
2025-11-16 15:28:38.937,2091,29184.02
2025-11-16 15:28:38.937,2092,26348.73
2025-11-16 15:28:38.937,2093,28773.39
2025-11-16 15:28:38.937,2094,26154.89
2025-11-16 15:28:38.937,2095,29992.53
2025-11-16 15:28:38.937,2096,79503.01
2025-11-16 15:28:38.937,2097,29221.78
2025-11-16 15:28:38.937,2098,30229.68
2025-11-16 15:28:38.937,2099,26348.73
2025-11-16 15:28:38.937,2100,25836.37
2025-11-16 15:28:38.937,2101,32765.05
2025-11-16 15:28:38.937,2102,38695.02
2025-11-16 15:28:38.937,2103,40256.3
2025-11-16 15:28:38.937,2104,708471.5
2025-11-16 15:28:38.937,2105,46138.74
2025-11-16 15:28:38.937,2106,65307.78
2025-11-16 15:28:38.937,2107,29146.33
2025-11-16 15:28:38.937,2108,59298.73
2025-11-16 15:28:38.937,2109,188709.95
2025-11-16 15:28:38.937,2110,75386.48
2025-11-16 15:28:38.937,2111,75386.48
2025-11-16 15:28:38.937,2112,508356.06
2025-11-16 15:28:38.937,2113,460679.59
2025-11-16 15:28:38.937,2114,450099.75
2025-11-16 15:28:38.937,2115,439984.91
2025-11-16 15:28:38.937,2116,444986.13
2025-11-16 15:28:38.937,2117,471757.34
2025-11-16 15:28:38.937,2118,430305.09
2025-11-16 15:28:38.937,2119,430305.09
2025-11-16 15:28:38.937,2120,460679.59
2025-11-16 15:28:38.937,2121,403612.41
2025-11-16 15:28:38.937,2122,450099.75
2025-11-16 15:28:38.937,2123,455329.53
2025-11-16 15:28:38.937,2124,471757.34
2025-11-16 15:28:38.937,2125,460679.59
2025-11-16 15:28:38.937,2126,483368.97
2025-11-16 15:28:38.937,2127,450099.75
2025-11-16 15:28:38.937,2128,460679.59
2025-11-16 15:28:38.937,2129,455329.53
2025-11-16 15:28:38.937,2130,471757.34
2025-11-16 15:28:38.937,2131,483368.97
2025-11-16 15:28:38.937,2132,460679.59
2025-11-16 15:28:38.937,2133,477494.09
2025-11-16 15:28:38.937,2134,450099.75
2025-11-16 15:28:38.937,2135,489387.19
2025-11-16 15:28:38.937,2136,430305.09
2025-11-16 15:28:38.937,2137,407834.16
2025-11-16 15:28:38.937,2138,483368.97
2025-11-16 15:28:38.937,2139,450099.75
2025-11-16 15:28:38.937,2140,349173.25
2025-11-16 15:28:38.937,2141,383721.19
2025-11-16 15:28:38.937,2142,358884.03
2025-11-16 15:28:38.937,2143,372678.72
2025-11-16 15:28:38.937,2144,395419.56
2025-11-16 15:28:38.937,2145,387544.88
2025-11-16 15:28:38.937,2146,412143.03
2025-11-16 15:28:38.937,2147,376290.09
2025-11-16 15:28:38.937,2148,317555.0
2025-11-16 15:28:38.937,2149,421032.91
2025-11-16 15:28:38.937,2150,483368.97
2025-11-16 15:28:38.937,2151,477494.09
2025-11-16 15:28:38.937,2152,521823.06
2025-11-16 15:28:38.937,2153,521823.06
2025-11-16 15:28:38.937,2154,115905.77
2025-11-16 15:28:38.937,2155,403612.41
2025-11-16 15:28:38.937,2156,181276.86
2025-11-16 15:28:38.937,2157,550970.88
2025-11-16 15:28:38.937,2158,550970.88
2025-11-16 15:28:38.937,2159,550970.88
2025-11-16 15:28:38.937,2160,460679.59
2025-11-16 15:28:38.937,2161,430305.09
2025-11-16 15:28:38.937,2162,471757.34
2025-11-16 15:28:38.937,2163,439984.91
2025-11-16 15:28:38.937,2164,430305.09
2025-11-16 15:28:38.937,2165,477494.09
2025-11-16 15:28:38.937,2166,495554.03
2025-11-16 15:28:38.937,2167,536008.31
2025-11-16 15:28:38.937,2168,501875.0
2025-11-16 15:28:38.937,2169,528822.38
2025-11-16 15:28:38.937,2170,471757.34
2025-11-16 15:28:38.937,2171,471757.34
2025-11-16 15:28:38.937,2172,450099.75
2025-11-16 15:28:38.937,2173,439984.91
2025-11-16 15:28:38.937,2174,543388.5
2025-11-16 15:28:38.937,2175,536008.31
2025-11-16 15:28:38.937,2176,521823.06
2025-11-16 15:28:38.937,2177,536008.31
2025-11-16 15:28:38.937,2178,583498.19
2025-11-16 15:28:38.937,2179,515003.19
2025-11-16 15:28:38.937,2180,521823.06
2025-11-16 15:28:38.937,2181,583498.19
2025-11-16 15:28:38.937,2182,550970.88
2025-11-16 15:28:38.937,2183,543388.5
2025-11-16 15:28:38.937,2184,515003.19
2025-11-16 15:28:38.937,2185,508356.06
2025-11-16 15:28:38.937,2186,550970.88
2025-11-16 15:28:38.937,2187,536008.31
2025-11-16 15:28:38.937,2188,477494.09
2025-11-16 15:28:38.937,2189,508356.06
2025-11-16 15:28:38.937,2190,471757.34
2025-11-16 15:28:38.937,2191,566776.38
2025-11-16 15:28:38.937,2192,861364.44
2025-11-16 15:28:38.937,2193,566776.38
2025-11-16 15:28:38.937,2194,650520.19
2025-11-16 15:28:38.937,2195,483368.97
2025-11-16 15:28:38.937,2196,483368.97
2025-11-16 15:28:38.937,2197,550970.88
2025-11-16 15:28:38.937,2198,672541.69
2025-11-16 15:28:38.937,2199,708471.5
2025-11-16 15:28:38.937,2200,684112.31
2025-11-16 15:28:38.937,2201,684112.31
2025-11-16 15:28:38.937,2202,164172.88
2025-11-16 15:28:38.937,2203,550970.88
2025-11-16 15:28:38.937,2204,280371.47
2025-11-16 15:28:38.937,2205,988899.38
2025-11-16 15:28:38.937,2206,988899.38
2025-11-16 15:28:38.937,2207,988899.38
2025-11-16 15:28:38.937,2208,328387.41
2025-11-16 15:28:38.937,2209,328387.41
2025-11-16 15:28:38.937,2210,328387.41
2025-11-16 15:28:38.937,2211,328387.41
2025-11-16 15:28:38.937,2212,328387.41
2025-11-16 15:28:38.937,2213,328387.41
2025-11-16 15:28:38.937,2214,328387.41
2025-11-16 15:28:38.937,2215,328387.41
2025-11-16 15:28:38.937,2216,328387.41
2025-11-16 15:28:38.937,2217,328387.41
2025-11-16 15:28:38.937,2218,328387.41
2025-11-16 15:28:38.937,2219,328387.41
2025-11-16 15:28:38.937,2220,328387.41
2025-11-16 15:28:38.937,2221,328387.41
2025-11-16 15:28:38.937,2222,328387.41
2025-11-16 15:28:38.937,2223,328387.41
2025-11-16 15:28:38.937,2224,328387.41
2025-11-16 15:28:38.937,2225,328387.41
2025-11-16 15:28:38.937,2226,328387.41
2025-11-16 15:28:38.937,2227,328387.41
2025-11-16 15:28:38.937,2228,328387.41
2025-11-16 15:28:38.937,2229,328387.41
2025-11-16 15:28:38.937,2230,328387.41
2025-11-16 15:28:38.937,2231,328387.41
2025-11-16 15:28:38.937,2232,328387.41
2025-11-16 15:28:38.937,2233,328387.41
2025-11-16 15:28:38.937,2234,328387.41
2025-11-16 15:28:38.937,2235,328387.41
2025-11-16 15:28:38.937,2236,328387.41
2025-11-16 15:28:38.937,2237,328387.41
2025-11-16 15:28:38.937,2238,328387.41
2025-11-16 15:28:38.937,2239,328387.41
2025-11-16 15:28:38.937,2240,328387.41
2025-11-16 15:28:38.937,2241,328387.41
2025-11-16 15:28:38.937,2242,328387.41
2025-11-16 15:28:38.937,2243,328387.41
2025-11-16 15:28:38.937,2244,328387.41
2025-11-16 15:28:38.937,2245,328387.41
2025-11-16 15:28:38.937,2246,328387.41
2025-11-16 15:28:38.937,2247,328387.41
2025-11-16 15:28:38.937,2248,328387.41
2025-11-16 15:28:38.937,2249,328387.41
2025-11-16 15:28:38.937,2250,328387.41
2025-11-16 15:28:38.937,2251,328387.41
2025-11-16 15:28:38.937,2252,328387.41
2025-11-16 15:28:38.937,2253,328387.41
2025-11-16 15:28:38.937,2254,328387.41
2025-11-16 15:28:38.937,2255,328387.41
2025-11-16 15:28:38.937,2256,328387.41
2025-11-16 15:28:38.937,2257,272357.75
2025-11-16 15:28:38.937,2258,297844.91
2025-11-16 15:28:38.937,2259,284551.28
2025-11-16 15:28:38.937,2260,284551.28
2025-11-16 15:28:38.937,2261,255849.03
2025-11-16 15:28:38.937,2262,276308.56
2025-11-16 15:28:38.937,2263,278325.69
2025-11-16 15:28:38.937,2264,284551.28
2025-11-16 15:28:38.937,2265,259348.69
2025-11-16 15:28:38.937,2266,280371.47
2025-11-16 15:28:38.937,2267,286686.59
2025-11-16 15:28:38.937,2268,288853.09
2025-11-16 15:28:38.937,2269,293282.41
2025-11-16 15:28:38.937,2270,288853.09
2025-11-16 15:28:38.937,2271,286686.59
2025-11-16 15:28:38.937,2272,322883.13
2025-11-16 15:28:38.937,2273,262941.66
2025-11-16 15:28:38.937,2274,284551.28
2025-11-16 15:28:38.937,2275,282446.44
2025-11-16 15:28:38.937,2276,264774.34
2025-11-16 15:28:38.937,2277,276308.56
2025-11-16 15:28:38.937,2278,257587.41
2025-11-16 15:28:38.937,2279,276308.56
2025-11-16 15:28:38.937,2280,250766.73
2025-11-16 15:28:38.937,2281,247485.06
2025-11-16 15:28:38.937,2282,241163.34
2025-11-16 15:28:38.937,2283,254133.06
2025-11-16 15:28:38.937,2284,238117.42
2025-11-16 15:28:38.937,2285,226638.0
2025-11-16 15:28:38.937,2286,223932.14
2025-11-16 15:28:38.937,2287,280371.47
2025-11-16 15:28:38.937,2288,320197.59
2025-11-16 15:28:38.937,2289,257587.41
2025-11-16 15:28:38.937,2290,276308.56
2025-11-16 15:28:38.937,2291,235144.47
2025-11-16 15:28:38.937,2292,218701.81
2025-11-16 15:28:38.937,2293,264774.34
2025-11-16 15:28:38.937,2294,317555.0
2025-11-16 15:28:38.937,2295,325612.69
2025-11-16 15:28:38.937,2296,352352.88
2025-11-16 15:28:38.937,2297,352352.88
2025-11-16 15:28:38.937,2298,70346.52
2025-11-16 15:28:38.937,2299,259348.69
2025-11-16 15:28:38.937,2300,107238.9
2025-11-16 15:28:38.937,2301,942433.13
2025-11-16 15:28:38.937,2302,439984.91
2025-11-16 15:28:38.937,2303,439984.91
2025-11-16 15:28:39.280,0,22774.6
2025-11-16 15:28:39.280,1,29221.78
2025-11-16 15:28:39.280,2,34108.26
2025-11-16 15:28:39.280,3,32232.81
2025-11-16 15:28:39.280,4,34060.55
2025-11-16 15:28:39.280,5,34542.39
2025-11-16 15:28:39.280,6,34640.03
2025-11-16 15:28:39.280,7,34689.0
2025-11-16 15:28:39.280,8,34935.51
2025-11-16 15:28:39.280,9,34445.18
2025-11-16 15:28:39.280,10,35234.91
2025-11-16 15:28:39.280,11,34640.03
2025-11-16 15:28:39.280,12,35845.82
2025-11-16 15:28:39.280,13,35845.82
2025-11-16 15:28:39.280,14,34985.13
2025-11-16 15:28:39.280,15,35742.86
2025-11-16 15:28:39.280,16,35084.71
2025-11-16 15:28:39.280,17,36053.13
2025-11-16 15:28:39.280,18,37227.6
2025-11-16 15:28:39.280,19,37392.4
2025-11-16 15:28:39.280,20,37502.91
2025-11-16 15:28:39.280,21,37613.93
2025-11-16 15:28:39.280,22,36001.13
2025-11-16 15:28:39.280,23,38463.37
2025-11-16 15:28:39.280,24,36053.13
2025-11-16 15:28:39.280,25,35640.36
2025-11-16 15:28:39.280,26,38348.37
2025-11-16 15:28:39.280,27,37893.76
2025-11-16 15:28:39.280,28,36473.41
2025-11-16 15:28:39.280,29,36473.41
2025-11-16 15:28:39.280,30,36579.68
2025-11-16 15:28:39.280,31,37172.92
2025-11-16 15:28:39.280,32,93571.2
2025-11-16 15:28:39.280,33,38463.37
2025-11-16 15:28:39.280,34,39283.93
2025-11-16 15:28:39.280,35,36901.41
2025-11-16 15:28:39.280,36,36901.41
2025-11-16 15:28:39.280,37,41788.82
2025-11-16 15:28:39.280,38,51654.79
2025-11-16 15:28:39.280,39,51935.61
2025-11-16 15:28:39.280,40,900097.25
2025-11-16 15:28:39.280,41,54480.68
2025-11-16 15:28:39.280,42,88573.8
2025-11-16 15:28:39.280,43,36955.46
2025-11-16 15:28:39.280,44,70504.91
2025-11-16 15:28:39.280,45,235144.47
2025-11-16 15:28:39.280,46,89534.38
2025-11-16 15:28:39.280,47,89534.38
2025-11-16 15:28:39.280,48,115905.77
2025-11-16 15:28:39.280,49,114373.48
2025-11-16 15:28:39.280,50,121157.05
2025-11-16 15:28:39.280,51,125954.73
2025-11-16 15:28:39.280,52,129670.22
2025-11-16 15:28:39.280,53,128722.46
2025-11-16 15:28:39.280,54,137745.05
2025-11-16 15:28:39.280,55,133594.3
2025-11-16 15:28:39.280,56,128253.38
2025-11-16 15:28:39.280,57,122862.01
2025-11-16 15:28:39.280,58,129670.22
2025-11-16 15:28:39.280,59,132592.78
2025-11-16 15:28:39.280,60,136685.03
2025-11-16 15:28:39.280,61,130148.98
2025-11-16 15:28:39.280,62,133594.3
2025-11-16 15:28:39.280,63,127787.46
2025-11-16 15:28:39.280,64,122431.63
2025-11-16 15:28:39.280,65,133594.3
2025-11-16 15:28:39.280,66,126408.34
2025-11-16 15:28:39.280,67,133594.3
2025-11-16 15:28:39.280,68,135640.13
2025-11-16 15:28:39.280,69,136685.03
2025-11-16 15:28:39.280,70,136160.72
2025-11-16 15:28:39.280,71,146210.88
2025-11-16 15:28:39.280,72,130631.02
2025-11-16 15:28:39.280,73,136160.72
2025-11-16 15:28:39.280,74,132592.78
2025-11-16 15:28:39.280,75,137213.13
2025-11-16 15:28:39.280,76,133594.3
2025-11-16 15:28:39.280,77,132592.78
2025-11-16 15:28:39.280,78,141018.91
2025-11-16 15:28:39.280,79,139911.63
2025-11-16 15:28:39.280,80,293282.41
2025-11-16 15:28:39.280,81,144441.03
2025-11-16 15:28:39.280,82,147413.47
2025-11-16 15:28:39.280,83,141578.7
2025-11-16 15:28:39.280,84,144441.03
2025-11-16 15:28:39.280,85,138280.8
2025-11-16 15:28:39.280,86,189679.88
2025-11-16 15:28:39.280,87,184922.63
2025-11-16 15:28:39.280,88,155704.97
2025-11-16 15:28:39.280,89,155704.97
2025-11-16 15:28:39.280,90,272357.75
2025-11-16 15:28:39.280,91,135640.13
2025-11-16 15:28:39.280,92,151772.23
2025-11-16 15:28:39.280,93,592227.94
2025-11-16 15:28:39.280,94,241163.34
2025-11-16 15:28:39.280,95,241163.34
2025-11-16 15:28:39.280,96,77209.76
2025-11-16 15:28:39.280,97,76106.58
2025-11-16 15:28:39.280,98,82335.49
2025-11-16 15:28:39.280,99,82754.82
2025-11-16 15:28:39.280,100,86025.24
2025-11-16 15:28:39.280,101,86251.47
2025-11-16 15:28:39.280,102,84909.8
2025-11-16 15:28:39.280,103,85800.06
2025-11-16 15:28:39.280,104,82335.49
2025-11-16 15:28:39.280,105,82335.49
2025-11-16 15:28:39.280,106,87167.16
2025-11-16 15:28:39.280,107,86478.77
2025-11-16 15:28:39.280,108,84689.81
2025-11-16 15:28:39.280,109,86478.77
2025-11-16 15:28:39.280,110,86707.14
2025-11-16 15:28:39.280,111,84909.8
2025-11-16 15:28:39.280,112,75925.42
2025-11-16 15:28:39.280,113,82335.49
2025-11-16 15:28:39.280,114,86251.47
2025-11-16 15:28:39.280,115,86251.47
2025-11-16 15:28:39.280,116,87167.16
2025-11-16 15:28:39.280,117,92531.65
2025-11-16 15:28:39.280,118,85352.86
2025-11-16 15:28:39.280,119,91512.71
2025-11-16 15:28:39.280,120,85575.93
2025-11-16 15:28:39.280,121,85800.06
2025-11-16 15:28:39.280,122,85130.81
2025-11-16 15:28:39.280,123,89534.38
2025-11-16 15:28:39.280,124,87167.16
2025-11-16 15:28:39.280,125,86707.14
2025-11-16 15:28:39.280,126,87167.16
2025-11-16 15:28:39.280,127,84035.92
2025-11-16 15:28:39.280,128,204325.27
2025-11-16 15:28:39.280,129,90021.7
2025-11-16 15:28:39.280,130,87631.56
2025-11-16 15:28:39.280,131,85352.86
2025-11-16 15:28:39.280,132,88573.8
2025-11-16 15:28:39.280,133,91010.8
2025-11-16 15:28:39.280,134,119086.36
2025-11-16 15:28:39.280,135,119086.36
2025-11-16 15:28:39.280,136,100279.32
2025-11-16 15:28:39.280,137,100279.32
2025-11-16 15:28:39.280,138,187749.41
2025-11-16 15:28:39.280,139,87167.16
2025-11-16 15:28:39.280,140,130631.02
2025-11-16 15:28:39.280,141,483368.97
2025-11-16 15:28:39.280,142,179504.63
2025-11-16 15:28:39.280,143,179504.63
2025-11-16 15:28:39.280,144,41075.0
2025-11-16 15:28:39.280,145,41139.08
2025-11-16 15:28:39.280,146,40820.27
2025-11-16 15:28:39.280,147,41332.29
2025-11-16 15:28:39.280,148,40505.41
2025-11-16 15:28:39.280,149,41461.9
2025-11-16 15:28:39.280,150,40756.99
2025-11-16 15:28:39.280,151,41397.01
2025-11-16 15:28:39.280,152,39403.42
2025-11-16 15:28:39.280,153,40568.07
2025-11-16 15:28:39.280,154,40756.99
2025-11-16 15:28:39.280,155,40693.86
2025-11-16 15:28:39.280,156,41592.18
2025-11-16 15:28:39.280,157,41397.01
2025-11-16 15:28:39.280,158,41397.01
2025-11-16 15:28:39.280,159,41592.18
2025-11-16 15:28:39.280,160,26283.89
2025-11-16 15:28:39.280,161,40442.9
2025-11-16 15:28:39.280,162,41203.32
2025-11-16 15:28:39.280,163,38695.02
2025-11-16 15:28:39.280,164,42726.61
2025-11-16 15:28:39.280,165,43347.59
2025-11-16 15:28:39.280,166,40132.67
2025-11-16 15:28:39.280,167,44415.61
2025-11-16 15:28:39.280,168,41788.82
2025-11-16 15:28:39.280,169,42455.23
2025-11-16 15:28:39.280,170,42320.58
2025-11-16 15:28:39.280,171,43840.75
2025-11-16 15:28:39.280,172,42863.36
2025-11-16 15:28:39.280,173,41203.32
2025-11-16 15:28:39.280,174,42455.23
2025-11-16 15:28:39.280,175,44054.89
2025-11-16 15:28:39.280,176,105255.28
2025-11-16 15:28:39.280,177,44561.25
2025-11-16 15:28:39.280,178,45002.86
2025-11-16 15:28:39.280,179,43628.29
2025-11-16 15:28:39.280,180,43557.83
2025-11-16 15:28:39.280,181,46527.84
2025-11-16 15:28:39.280,182,59416.6
2025-11-16 15:28:39.280,183,58715.34
2025-11-16 15:28:39.280,184,942433.13
2025-11-16 15:28:39.280,185,55201.96
2025-11-16 15:28:39.280,186,96541.67
2025-11-16 15:28:39.280,187,42726.61
2025-11-16 15:28:39.280,188,76471.19
2025-11-16 15:28:39.280,189,255849.03
2025-11-16 15:28:39.280,190,97948.88
2025-11-16 15:28:39.280,191,97948.88
2025-11-16 15:28:39.280,192,27384.16
2025-11-16 15:28:39.280,193,27179.19
2025-11-16 15:28:39.280,194,26775.9
2025-11-16 15:28:39.280,195,27145.25
2025-11-16 15:28:39.280,196,26610.43
2025-11-16 15:28:39.280,197,26219.28
2025-11-16 15:28:39.280,198,26610.43
2025-11-16 15:28:39.280,199,27145.25
2025-11-16 15:28:39.280,200,26577.51
2025-11-16 15:28:39.280,201,26348.73
2025-11-16 15:28:39.280,202,26709.53
2025-11-16 15:28:39.280,203,26544.65
2025-11-16 15:28:39.280,204,27111.36
2025-11-16 15:28:39.280,205,26643.4
2025-11-16 15:28:39.280,206,27213.2
2025-11-16 15:28:39.280,207,27077.54
2025-11-16 15:28:39.280,208,19794.65
2025-11-16 15:28:39.280,209,26643.4
2025-11-16 15:28:39.280,210,26026.81
2025-11-16 15:28:39.280,211,21700.95
2025-11-16 15:28:39.280,212,28119.63
2025-11-16 15:28:39.280,213,28155.37
2025-11-16 15:28:39.280,214,23754.24
2025-11-16 15:28:39.280,215,28335.09
2025-11-16 15:28:39.280,216,26809.18
2025-11-16 15:28:39.280,217,27695.87
2025-11-16 15:28:39.280,218,28480.09
2025-11-16 15:28:39.280,219,28699.64
2025-11-16 15:28:39.280,220,27977.33
2025-11-16 15:28:39.280,221,27281.39
2025-11-16 15:28:39.280,222,28736.48
2025-11-16 15:28:39.280,223,29297.52
2025-11-16 15:28:39.280,224,74328.61
2025-11-16 15:28:39.280,225,30031.86
2025-11-16 15:28:39.280,226,30631.22
2025-11-16 15:28:39.280,227,28553.0
2025-11-16 15:28:39.280,228,28736.48
2025-11-16 15:28:39.280,229,32232.81
2025-11-16 15:28:39.280,230,40630.89
2025-11-16 15:28:39.280,231,40568.07
2025-11-16 15:28:39.280,232,558763.94
2025-11-16 15:28:39.280,233,39343.6
2025-11-16 15:28:39.280,234,72622.48
2025-11-16 15:28:39.280,235,28773.39
2025-11-16 15:28:39.280,236,57354.41
2025-11-16 15:28:39.280,237,191648.39
2025-11-16 15:28:39.280,238,72958.16
2025-11-16 15:28:39.280,239,72958.16
2025-11-16 15:28:39.280,240,20103.78
2025-11-16 15:28:39.280,241,19816.52
2025-11-16 15:28:39.280,242,19491.78
2025-11-16 15:28:39.280,243,20037.0
2025-11-16 15:28:39.280,244,19321.44
2025-11-16 15:28:39.280,245,19491.78
2025-11-16 15:28:39.280,246,19363.84
2025-11-16 15:28:39.280,247,19577.68
2025-11-16 15:28:39.280,248,19153.06
2025-11-16 15:28:39.280,249,19321.44
2025-11-16 15:28:39.280,250,19321.44
2025-11-16 15:28:39.280,251,19153.06
2025-11-16 15:28:39.280,252,20059.23
2025-11-16 15:28:39.280,253,19794.65
2025-11-16 15:28:39.280,254,20170.86
2025-11-16 15:28:39.280,255,19838.42
2025-11-16 15:28:39.280,256,18699.77
2025-11-16 15:28:39.280,257,20059.23
2025-11-16 15:28:39.280,258,19449.01
2025-11-16 15:28:39.280,259,18801.55
2025-11-16 15:28:39.280,260,20999.62
2025-11-16 15:28:39.280,261,21118.33
2025-11-16 15:28:39.280,262,19794.65
2025-11-16 15:28:39.280,263,21626.94
2025-11-16 15:28:39.280,264,20510.75
2025-11-16 15:28:39.280,265,20834.94
2025-11-16 15:28:39.280,266,22721.83
2025-11-16 15:28:39.280,267,21676.24
2025-11-16 15:28:39.280,268,21382.69
2025-11-16 15:28:39.280,269,20881.81
2025-11-16 15:28:39.280,270,21237.94
2025-11-16 15:28:39.280,271,21553.27
2025-11-16 15:28:39.280,272,58141.67
2025-11-16 15:28:39.280,273,22101.59
2025-11-16 15:28:39.280,274,22564.54
2025-11-16 15:28:39.280,275,21553.27
2025-11-16 15:28:39.280,276,21504.34
2025-11-16 15:28:39.280,277,24151.15
2025-11-16 15:28:39.280,278,31585.79
2025-11-16 15:28:39.280,279,31040.83
2025-11-16 15:28:39.280,280,407834.16
2025-11-16 15:28:39.280,281,32675.42
2025-11-16 15:28:39.280,282,56046.25
2025-11-16 15:28:39.280,283,21166.06
2025-11-16 15:28:39.280,284,46527.84
2025-11-16 15:28:39.280,285,160541.67
2025-11-16 15:28:39.280,286,58028.08
2025-11-16 15:28:39.280,287,58028.08
2025-11-16 15:28:39.280,288,17309.7
2025-11-16 15:28:39.280,289,17199.88
2025-11-16 15:28:39.280,290,16317.87
2025-11-16 15:28:39.280,291,16840.11
2025-11-16 15:28:39.280,292,16081.01
2025-11-16 15:28:39.280,293,16182.0
2025-11-16 15:28:39.280,294,15947.57
2025-11-16 15:28:39.280,295,15848.37
2025-11-16 15:28:39.280,296,15815.47
2025-11-16 15:28:39.280,297,15914.42
2025-11-16 15:28:39.280,298,16148.25
2025-11-16 15:28:39.280,299,16064.26
2025-11-16 15:28:39.280,300,16875.66
2025-11-16 15:28:39.280,301,16593.85
2025-11-16 15:28:39.280,302,17328.08
2025-11-16 15:28:39.280,303,16769.29
2025-11-16 15:28:39.280,304,17910.59
2025-11-16 15:28:39.280,305,17199.88
2025-11-16 15:28:39.280,306,18221.02
2025-11-16 15:28:39.280,307,18438.46
2025-11-16 15:28:39.280,308,17968.28
2025-11-16 15:28:39.280,309,18538.4
2025-11-16 15:28:39.280,310,17199.88
2025-11-16 15:28:39.280,311,18862.97
2025-11-16 15:28:39.280,312,17795.93
2025-11-16 15:28:39.280,313,17776.91
2025-11-16 15:28:39.280,314,19838.42
2025-11-16 15:28:39.280,315,18578.57
2025-11-16 15:28:39.280,316,18339.21
2025-11-16 15:28:39.280,317,17910.59
2025-11-16 15:28:39.280,318,18181.84
2025-11-16 15:28:39.280,319,18221.02
2025-11-16 15:28:39.280,320,51841.71
2025-11-16 15:28:39.280,321,18740.4
2025-11-16 15:28:39.280,322,19132.14
2025-11-16 15:28:39.280,323,18339.21
2025-11-16 15:28:39.280,324,18458.39
2025-11-16 15:28:39.280,325,20741.61
2025-11-16 15:28:39.280,326,27281.39
2025-11-16 15:28:39.280,327,27349.84
2025-11-16 15:28:39.280,328,379970.25
2025-11-16 15:28:39.280,329,30550.28
2025-11-16 15:28:39.280,330,50287.98
2025-11-16 15:28:39.280,331,17757.91
2025-11-16 15:28:39.280,332,42186.62
2025-11-16 15:28:39.280,333,138820.45
2025-11-16 15:28:39.280,334,50021.84
2025-11-16 15:28:39.280,335,50021.84
2025-11-16 15:28:39.280,336,15300.2
2025-11-16 15:28:39.280,337,15268.68
2025-11-16 15:28:39.280,338,14520.01
2025-11-16 15:28:39.280,339,14850.61
2025-11-16 15:28:39.280,340,14154.79
2025-11-16 15:28:39.280,341,14328.73
2025-11-16 15:28:39.280,342,14183.61
2025-11-16 15:28:39.280,343,14212.49
2025-11-16 15:28:39.280,344,14270.47
2025-11-16 15:28:39.280,345,14154.79
2025-11-16 15:28:39.280,346,14549.7
2025-11-16 15:28:39.280,347,14431.36
2025-11-16 15:28:39.280,348,14684.21
2025-11-16 15:28:39.280,349,14865.85
2025-11-16 15:28:39.280,350,15081.15
2025-11-16 15:28:39.280,351,14624.25
2025-11-16 15:28:39.280,352,15914.42
2025-11-16 15:28:39.280,353,15205.86
2025-11-16 15:28:39.280,354,16317.87
2025-11-16 15:28:39.280,355,16403.5
2025-11-16 15:28:39.280,356,16047.52
2025-11-16 15:28:39.280,357,16455.14
2025-11-16 15:28:39.280,358,15347.64
2025-11-16 15:28:39.280,359,16875.66
2025-11-16 15:28:39.280,360,15143.35
2025-11-16 15:28:39.280,361,15815.47
2025-11-16 15:28:39.280,362,17494.69
2025-11-16 15:28:39.280,363,15897.87
2025-11-16 15:28:39.280,364,16215.84
2025-11-16 15:28:39.280,365,15831.91
2025-11-16 15:28:39.280,366,16215.84
2025-11-16 15:28:39.280,367,16317.87
2025-11-16 15:28:39.280,368,46138.74
2025-11-16 15:28:39.280,369,16893.47
2025-11-16 15:28:39.280,370,17236.39
2025-11-16 15:28:39.280,371,16386.33
2025-11-16 15:28:39.280,372,16386.33
2025-11-16 15:28:39.280,373,18123.28
2025-11-16 15:28:39.280,374,25064.0
2025-11-16 15:28:39.280,375,24734.57
2025-11-16 15:28:39.280,376,346048.91
2025-11-16 15:28:39.280,377,27418.54
2025-11-16 15:28:39.280,378,46843.01
2025-11-16 15:28:39.280,379,15799.05
2025-11-16 15:28:39.280,380,39283.93
2025-11-16 15:28:39.280,381,129670.22
2025-11-16 15:28:39.280,382,47161.71
2025-11-16 15:28:39.280,383,47161.71
2025-11-16 15:28:39.280,384,15268.68
2025-11-16 15:28:39.280,385,15300.2
2025-11-16 15:28:39.280,386,14416.64
2025-11-16 15:28:39.280,387,14896.38
2025-11-16 15:28:39.280,388,14097.35
2025-11-16 15:28:39.280,389,14154.79
2025-11-16 15:28:39.280,390,14083.04
2025-11-16 15:28:39.280,391,14183.61
2025-11-16 15:28:39.280,392,14154.79
2025-11-16 15:28:39.280,393,14068.74
2025-11-16 15:28:39.280,394,14534.84
2025-11-16 15:28:39.280,395,14198.04
2025-11-16 15:28:39.280,396,15019.26
2025-11-16 15:28:39.280,397,14896.38
2025-11-16 15:28:39.280,398,15174.57
2025-11-16 15:28:39.280,399,14774.7
2025-11-16 15:28:39.280,400,15848.37
2025-11-16 15:28:39.280,401,15331.81
2025-11-16 15:28:39.280,402,16352.05
2025-11-16 15:28:39.280,403,16403.5
2025-11-16 15:28:39.280,404,15947.57
2025-11-16 15:28:39.280,405,16698.84
2025-11-16 15:28:39.280,406,15268.68
2025-11-16 15:28:39.280,407,16769.29
2025-11-16 15:28:39.280,408,15749.92
2025-11-16 15:28:39.280,409,15930.98
2025-11-16 15:28:39.280,410,17929.79
2025-11-16 15:28:39.280,411,16769.29
2025-11-16 15:28:39.280,412,16455.14
2025-11-16 15:28:39.280,413,15848.37
2025-11-16 15:28:39.280,414,16232.79
2025-11-16 15:28:39.280,415,16249.76
2025-11-16 15:28:39.280,416,48305.81
2025-11-16 15:28:39.280,417,16840.11
2025-11-16 15:28:39.280,418,17291.33
2025-11-16 15:28:39.280,419,16386.33
2025-11-16 15:28:39.280,420,16420.69
2025-11-16 15:28:39.280,421,18822.0
2025-11-16 15:28:39.280,422,25094.26
2025-11-16 15:28:39.280,423,24853.65
2025-11-16 15:28:39.280,424,346048.91
2025-11-16 15:28:39.280,425,27765.84
2025-11-16 15:28:39.280,426,47001.92
2025-11-16 15:28:39.280,427,16014.12
2025-11-16 15:28:39.280,428,39403.42
2025-11-16 15:28:39.280,429,129670.22
2025-11-16 15:28:39.280,430,48305.81
2025-11-16 15:28:39.280,431,48305.81
2025-11-16 15:28:39.280,432,15081.15
2025-11-16 15:28:39.280,433,15034.71
2025-11-16 15:28:39.280,434,14097.35
2025-11-16 15:28:39.280,435,14416.64
2025-11-16 15:28:39.280,436,13926.67
2025-11-16 15:28:39.280,437,14097.35
2025-11-16 15:28:39.280,438,13926.67
2025-11-16 15:28:39.280,439,14097.35
2025-11-16 15:28:39.280,440,13870.31
2025-11-16 15:28:39.280,441,13842.23
2025-11-16 15:28:39.280,442,14126.04
2025-11-16 15:28:39.280,443,13983.3
2025-11-16 15:28:39.280,444,14805.01
2025-11-16 15:28:39.280,445,14609.3
2025-11-16 15:28:39.280,446,14957.67
2025-11-16 15:28:39.280,447,14654.19
2025-11-16 15:28:39.280,448,15331.81
2025-11-16 15:28:39.280,449,14744.46
2025-11-16 15:28:39.280,450,15881.35
2025-11-16 15:28:39.280,451,16047.52
2025-11-16 15:28:39.280,452,15603.64
2025-11-16 15:28:39.280,453,16148.25
2025-11-16 15:28:39.280,454,14926.99
2025-11-16 15:28:39.280,455,16386.33
2025-11-16 15:28:39.280,456,14850.61
2025-11-16 15:28:39.280,457,15395.25
2025-11-16 15:28:39.280,458,17236.39
2025-11-16 15:28:39.280,459,16114.59
2025-11-16 15:28:39.280,460,16014.12
2025-11-16 15:28:39.280,461,15684.7
2025-11-16 15:28:39.280,462,15831.91
2025-11-16 15:28:39.280,463,15864.85
2025-11-16 15:28:39.280,464,46527.84
2025-11-16 15:28:39.280,465,16352.05
2025-11-16 15:28:39.280,466,16681.28
2025-11-16 15:28:39.280,467,16030.81
2025-11-16 15:28:39.280,468,16047.52
2025-11-16 15:28:39.280,469,17872.27
2025-11-16 15:28:39.280,470,24498.84
2025-11-16 15:28:39.280,471,24208.61
2025-11-16 15:28:39.280,472,342978.47
2025-11-16 15:28:39.280,473,26909.36
2025-11-16 15:28:39.280,474,45907.83
2025-11-16 15:28:39.280,475,15395.25
2025-11-16 15:28:39.280,476,37781.43
2025-11-16 15:28:39.280,477,125504.14
2025-11-16 15:28:39.280,478,45754.95
2025-11-16 15:28:39.280,479,45754.95
2025-11-16 15:28:39.280,480,14564.57
2025-11-16 15:28:39.280,481,14534.84
2025-11-16 15:28:39.280,482,13619.93
2025-11-16 15:28:39.280,483,13954.95
2025-11-16 15:28:39.280,484,13428.77
2025-11-16 15:28:39.280,485,13606.17
2025-11-16 15:28:39.280,486,13428.77
2025-11-16 15:28:39.280,487,13455.89
2025-11-16 15:28:39.280,488,13455.89
2025-11-16 15:28:39.280,489,13442.32
2025-11-16 15:28:39.280,490,13688.95
2025-11-16 15:28:39.280,491,13428.77
2025-11-16 15:28:39.280,492,14212.49
2025-11-16 15:28:39.280,493,13898.46
2025-11-16 15:28:39.280,494,14624.25
2025-11-16 15:28:39.280,495,14154.79
2025-11-16 15:28:39.280,496,15143.35
2025-11-16 15:28:39.280,497,14594.37
2025-11-16 15:28:39.280,498,15507.04
2025-11-16 15:28:39.280,499,15668.45
2025-11-16 15:28:39.280,500,15174.57
2025-11-16 15:28:39.280,501,15782.65
2025-11-16 15:28:39.280,502,14387.27
2025-11-16 15:28:39.280,503,16081.01
2025-11-16 15:28:39.280,504,15019.26
2025-11-16 15:28:39.280,505,15127.77
2025-11-16 15:28:39.280,506,16911.3
2025-11-16 15:28:39.280,507,15914.42
2025-11-16 15:28:39.280,508,15395.25
2025-11-16 15:28:39.280,509,15127.77
2025-11-16 15:28:39.280,510,15539.16
2025-11-16 15:28:39.280,511,15587.49
2025-11-16 15:28:39.280,512,46138.74
2025-11-16 15:28:39.280,513,15881.35
2025-11-16 15:28:39.280,514,16403.5
2025-11-16 15:28:39.280,515,15749.92
2025-11-16 15:28:39.280,516,15897.87
2025-11-16 15:28:39.280,517,18026.2
2025-11-16 15:28:39.280,518,23754.24
2025-11-16 15:28:39.280,519,23923.21
2025-11-16 15:28:39.280,520,346048.91
2025-11-16 15:28:39.280,521,26875.9
2025-11-16 15:28:39.280,522,45754.95
2025-11-16 15:28:39.280,523,15300.2
2025-11-16 15:28:39.280,524,37837.53
2025-11-16 15:28:39.280,525,124611.84
2025-11-16 15:28:39.280,526,45754.95
2025-11-16 15:28:39.280,527,45754.95
2025-11-16 15:28:39.280,528,14805.01
2025-11-16 15:28:39.280,529,14774.7
2025-11-16 15:28:39.280,530,13758.38
2025-11-16 15:28:39.280,531,14212.49
2025-11-16 15:28:39.280,532,13647.49
2025-11-16 15:28:39.280,533,13758.38
2025-11-16 15:28:39.280,534,13675.12
2025-11-16 15:28:39.280,535,13828.22
2025-11-16 15:28:39.280,536,13619.93
2025-11-16 15:28:39.280,537,13647.49
2025-11-16 15:28:39.280,538,13870.31
2025-11-16 15:28:39.280,539,13730.56
2025-11-16 15:28:39.280,540,14594.37
2025-11-16 15:28:39.280,541,14328.73
2025-11-16 15:28:39.280,542,14850.61
2025-11-16 15:28:39.280,543,14401.95
2025-11-16 15:28:39.280,544,15587.49
2025-11-16 15:28:39.280,545,14988.43
2025-11-16 15:28:39.280,546,16014.12
2025-11-16 15:28:39.280,547,15652.22
2025-11-16 15:28:39.280,548,15523.09
2025-11-16 15:28:39.280,549,16148.25
2025-11-16 15:28:39.280,550,14774.7
2025-11-16 15:28:39.280,551,16182.0
2025-11-16 15:28:39.280,552,15127.77
2025-11-16 15:28:39.280,553,15331.81
2025-11-16 15:28:39.280,554,17236.39
2025-11-16 15:28:39.280,555,16148.25
2025-11-16 15:28:39.280,556,15684.7
2025-11-16 15:28:39.280,557,15331.81
2025-11-16 15:28:39.280,558,15652.22
2025-11-16 15:28:39.280,559,15749.92
2025-11-16 15:28:39.280,560,54176.42
2025-11-16 15:28:39.280,561,16148.25
2025-11-16 15:28:39.280,562,16786.96
2025-11-16 15:28:39.280,563,16014.12
2025-11-16 15:28:39.280,564,16014.12
2025-11-16 15:28:39.280,565,18181.84
2025-11-16 15:28:39.280,566,24586.87
2025-11-16 15:28:39.280,567,24266.27
2025-11-16 15:28:39.280,568,336993.63
2025-11-16 15:28:39.280,569,27111.36
2025-11-16 15:28:39.280,570,46371.55
2025-11-16 15:28:39.280,571,15523.09
2025-11-16 15:28:39.280,572,38405.8
2025-11-16 15:28:39.280,573,121579.19
2025-11-16 15:28:39.280,574,45984.59
2025-11-16 15:28:39.280,575,45984.59
2025-11-16 15:28:39.280,576,14774.7
2025-11-16 15:28:39.280,577,14744.46
2025-11-16 15:28:39.280,578,13983.3
2025-11-16 15:28:39.280,579,14416.64
2025-11-16 15:28:39.280,580,13730.56
2025-11-16 15:28:39.280,581,13842.23
2025-11-16 15:28:39.280,582,13702.81
2025-11-16 15:28:39.280,583,13744.46
2025-11-16 15:28:39.280,584,13675.12
2025-11-16 15:28:39.280,585,13619.93
2025-11-16 15:28:39.280,586,13814.22
2025-11-16 15:28:39.280,587,13675.12
2025-11-16 15:28:39.280,588,14609.3
2025-11-16 15:28:39.280,589,14212.49
2025-11-16 15:28:39.280,590,14820.19
2025-11-16 15:28:39.280,591,14357.96
2025-11-16 15:28:39.280,592,15363.49
2025-11-16 15:28:39.280,593,14759.57
2025-11-16 15:28:39.280,594,15636.01
2025-11-16 15:28:39.280,595,15782.65
2025-11-16 15:28:39.280,596,15300.2
2025-11-16 15:28:39.280,597,16014.12
2025-11-16 15:28:39.280,598,14226.96
2025-11-16 15:28:39.280,599,16047.52
2025-11-16 15:28:39.280,600,15081.15
2025-11-16 15:28:39.280,601,14926.99
2025-11-16 15:28:39.280,602,16875.66
2025-11-16 15:28:39.280,603,15914.42
2025-11-16 15:28:39.280,604,15411.16
2025-11-16 15:28:39.280,605,14896.38
2025-11-16 15:28:39.280,606,15112.21
2025-11-16 15:28:39.280,607,14314.14
2025-11-16 15:28:39.280,608,53182.58
2025-11-16 15:28:39.280,609,15268.68
2025-11-16 15:28:39.280,610,16420.69
2025-11-16 15:28:39.280,611,15491.01
2025-11-16 15:28:39.280,612,15782.65
2025-11-16 15:28:39.280,613,17910.59
2025-11-16 15:28:39.280,614,24208.61
2025-11-16 15:28:39.280,615,24036.8
2025-11-16 15:28:39.280,616,334076.69
2025-11-16 15:28:39.280,617,26809.18
2025-11-16 15:28:39.280,618,45678.82
2025-11-16 15:28:39.280,619,14988.43
2025-11-16 15:28:39.280,620,37447.59
2025-11-16 15:28:39.280,621,119906.74
2025-11-16 15:28:39.280,622,45151.65
2025-11-16 15:28:39.280,623,45151.65
2025-11-16 15:28:39.280,624,14774.7
2025-11-16 15:28:39.280,625,14744.46
2025-11-16 15:28:39.280,626,13842.23
2025-11-16 15:28:39.280,627,14212.49
2025-11-16 15:28:39.280,628,13455.89
2025-11-16 15:28:39.280,629,13870.31
2025-11-16 15:28:39.280,630,13647.49
2025-11-16 15:28:39.280,631,13702.81
2025-11-16 15:28:39.280,632,13758.38
2025-11-16 15:28:39.280,633,13716.68
2025-11-16 15:28:39.280,634,13758.38
2025-11-16 15:28:39.280,635,13702.81
2025-11-16 15:28:39.280,636,14416.64
2025-11-16 15:28:39.280,637,14285.01
2025-11-16 15:28:39.280,638,14789.84
2025-11-16 15:28:39.280,639,14387.27
2025-11-16 15:28:39.280,640,15491.01
2025-11-16 15:28:39.280,641,14564.57
2025-11-16 15:28:39.280,642,15799.05
2025-11-16 15:28:39.280,643,15831.91
2025-11-16 15:28:39.280,644,15347.64
2025-11-16 15:28:39.280,645,16014.12
2025-11-16 15:28:39.280,646,14805.01
2025-11-16 15:28:39.280,647,16198.91
2025-11-16 15:28:39.280,648,15237.23
2025-11-16 15:28:39.280,649,15300.2
2025-11-16 15:28:39.280,650,17236.39
2025-11-16 15:28:39.280,651,16114.59
2025-11-16 15:28:39.280,652,15668.45
2025-11-16 15:28:39.280,653,15174.57
2025-11-16 15:28:39.280,654,15603.64
2025-11-16 15:28:39.280,655,15587.49
2025-11-16 15:28:39.280,656,52029.78
2025-11-16 15:28:39.280,657,16014.12
2025-11-16 15:28:39.280,658,16334.95
2025-11-16 15:28:39.280,659,15652.22
2025-11-16 15:28:39.280,660,15947.57
2025-11-16 15:28:39.280,661,18084.37
2025-11-16 15:28:39.280,662,24616.31
2025-11-16 15:28:39.280,663,24093.88
2025-11-16 15:28:39.280,664,325612.69
2025-11-16 15:28:39.280,665,26742.69
2025-11-16 15:28:39.280,666,46061.56
2025-11-16 15:28:39.280,667,15050.17
2025-11-16 15:28:39.280,668,38120.0
2025-11-16 15:28:39.280,669,115905.77
2025-11-16 15:28:39.280,670,45678.82
2025-11-16 15:28:39.280,671,45678.82
2025-11-16 15:28:39.280,672,14416.64
2025-11-16 15:28:39.280,673,14416.64
2025-11-16 15:28:39.280,674,13983.3
2025-11-16 15:28:39.280,675,14040.19
2025-11-16 15:28:39.280,676,14054.46
2025-11-16 15:28:39.280,677,14212.49
2025-11-16 15:28:39.280,678,14097.35
2025-11-16 15:28:39.280,679,14097.35
2025-11-16 15:28:39.280,680,14154.79
2025-11-16 15:28:39.280,681,14083.04
2025-11-16 15:28:39.280,682,14357.96
2025-11-16 15:28:39.280,683,14212.49
2025-11-16 15:28:39.280,684,14881.11
2025-11-16 15:28:39.280,685,14669.19
2025-11-16 15:28:39.280,686,15268.68
2025-11-16 15:28:39.280,687,14534.84
2025-11-16 15:28:39.280,688,15864.85
2025-11-16 15:28:39.280,689,15174.57
2025-11-16 15:28:39.280,690,16215.84
2025-11-16 15:28:39.280,691,16352.05
2025-11-16 15:28:39.280,692,15864.85
2025-11-16 15:28:39.280,693,16455.14
2025-11-16 15:28:39.280,694,15347.64
2025-11-16 15:28:39.280,695,16911.3
2025-11-16 15:28:39.280,696,15636.01
2025-11-16 15:28:39.280,697,15881.35
2025-11-16 15:28:39.280,698,17757.91
2025-11-16 15:28:39.280,699,16716.42
2025-11-16 15:28:39.280,700,16386.33
2025-11-16 15:28:39.280,701,15815.47
2025-11-16 15:28:39.280,702,16232.79
2025-11-16 15:28:39.280,703,16249.76
2025-11-16 15:28:39.280,704,54378.94
2025-11-16 15:28:39.280,705,16840.11
2025-11-16 15:28:39.280,706,17272.99
2025-11-16 15:28:39.280,707,16611.29
2025-11-16 15:28:39.280,708,16628.76
2025-11-16 15:28:39.280,709,18618.86
2025-11-16 15:28:39.280,710,25033.8
2025-11-16 15:28:39.280,711,24853.65
2025-11-16 15:28:39.280,712,369134.25
2025-11-16 15:28:39.280,713,27836.08
2025-11-16 15:28:39.280,714,48641.14
2025-11-16 15:28:39.280,715,16047.52
2025-11-16 15:28:39.280,716,39343.6
2025-11-16 15:28:39.280,717,127324.66
2025-11-16 15:28:39.280,718,48305.81
2025-11-16 15:28:39.280,719,48305.81
2025-11-16 15:28:39.280,720,14926.99
2025-11-16 15:28:39.280,721,14789.84
2025-11-16 15:28:39.280,722,14401.95
2025-11-16 15:28:39.280,723,14805.01
2025-11-16 15:28:39.280,724,14212.49
2025-11-16 15:28:39.280,725,14328.73
2025-11-16 15:28:39.280,726,14299.57
2025-11-16 15:28:39.280,727,14299.57
2025-11-16 15:28:39.280,728,14416.64
2025-11-16 15:28:39.280,729,14372.61
2025-11-16 15:28:39.280,730,14624.25
2025-11-16 15:28:39.280,731,14505.19
2025-11-16 15:28:39.280,732,15174.57
2025-11-16 15:28:39.280,733,15065.65
2025-11-16 15:28:39.280,734,15523.09
2025-11-16 15:28:39.280,735,14957.67
2025-11-16 15:28:39.280,736,16114.59
2025-11-16 15:28:39.280,737,15491.01
2025-11-16 15:28:39.280,738,16386.33
2025-11-16 15:28:39.280,739,16628.76
2025-11-16 15:28:39.280,740,15897.87
2025-11-16 15:28:39.280,741,16698.84
2025-11-16 15:28:39.280,742,15363.49
2025-11-16 15:28:39.280,743,16875.66
2025-11-16 15:28:39.280,744,15815.47
2025-11-16 15:28:39.280,745,15848.37
2025-11-16 15:28:39.280,746,17872.27
2025-11-16 15:28:39.280,747,16840.11
2025-11-16 15:28:39.280,748,16386.33
2025-11-16 15:28:39.280,749,16114.59
2025-11-16 15:28:39.280,750,16249.76
2025-11-16 15:28:39.280,751,16352.05
2025-11-16 15:28:39.280,752,55621.39
2025-11-16 15:28:39.280,753,16911.3
2025-11-16 15:28:39.280,754,17364.93
2025-11-16 15:28:39.280,755,16593.85
2025-11-16 15:28:39.280,756,16698.84
2025-11-16 15:28:39.280,757,18801.55
2025-11-16 15:28:39.280,758,25094.26
2025-11-16 15:28:39.280,759,24794.01
2025-11-16 15:28:39.280,760,362238.63
2025-11-16 15:28:39.280,761,27836.08
2025-11-16 15:28:39.280,762,47484.0
2025-11-16 15:28:39.280,763,16148.25
2025-11-16 15:28:39.280,764,39343.6
2025-11-16 15:28:39.280,765,119086.36
2025-11-16 15:28:39.280,766,47322.41
2025-11-16 15:28:39.280,767,47322.41
2025-11-16 15:28:39.280,768,16014.12
2025-11-16 15:28:39.280,769,15914.42
2025-11-16 15:28:39.280,770,15143.35
2025-11-16 15:28:39.280,771,15603.64
2025-11-16 15:28:39.280,772,14789.84
2025-11-16 15:28:39.280,773,14865.85
2025-11-16 15:28:39.280,774,14744.46
2025-11-16 15:28:39.280,775,14805.01
2025-11-16 15:28:39.280,776,15019.26
2025-11-16 15:28:39.280,777,14911.68
2025-11-16 15:28:39.280,778,15096.68
2025-11-16 15:28:39.280,779,15050.17
2025-11-16 15:28:39.280,780,15652.22
2025-11-16 15:28:39.280,781,15507.04
2025-11-16 15:28:39.280,782,15864.85
2025-11-16 15:28:39.280,783,15331.81
2025-11-16 15:28:39.280,784,16593.85
2025-11-16 15:28:39.280,785,15782.65
2025-11-16 15:28:39.280,786,16628.76
2025-11-16 15:28:39.280,787,16893.47
2025-11-16 15:28:39.280,788,15914.42
2025-11-16 15:28:39.280,789,16840.11
2025-11-16 15:28:39.280,790,15848.37
2025-11-16 15:28:39.280,791,17272.99
2025-11-16 15:28:39.280,792,16249.76
2025-11-16 15:28:39.280,793,16249.76
2025-11-16 15:28:39.280,794,18458.39
2025-11-16 15:28:39.280,795,17145.3
2025-11-16 15:28:39.280,796,16911.3
2025-11-16 15:28:39.280,797,16628.76
2025-11-16 15:28:39.280,798,16769.29
2025-11-16 15:28:39.280,799,17163.47
2025-11-16 15:28:39.280,800,51654.79
2025-11-16 15:28:39.280,801,17476.08
2025-11-16 15:28:39.280,802,17949.02
2025-11-16 15:28:39.280,803,17145.3
2025-11-16 15:28:39.280,804,17199.88
2025-11-16 15:28:39.280,805,19534.67
2025-11-16 15:28:39.280,806,25836.37
2025-11-16 15:28:39.280,807,25276.9
2025-11-16 15:28:39.280,808,379970.25
2025-11-16 15:28:39.280,809,29071.17
2025-11-16 15:28:39.280,810,48389.29
2025-11-16 15:28:39.280,811,16734.02
2025-11-16 15:28:39.280,812,40505.41
2025-11-16 15:28:39.280,813,130148.98
2025-11-16 15:28:39.280,814,49065.75
2025-11-16 15:28:39.280,815,49065.75
2025-11-16 15:28:39.280,816,16215.84
2025-11-16 15:28:39.280,817,16215.84
2025-11-16 15:28:39.280,818,15300.2
2025-11-16 15:28:39.280,819,15766.28
2025-11-16 15:28:39.280,820,15081.15
2025-11-16 15:28:39.280,821,15190.2
2025-11-16 15:28:39.280,822,15081.15
2025-11-16 15:28:39.280,823,15252.94
2025-11-16 15:28:39.280,824,15205.86
2025-11-16 15:28:39.280,825,15081.15
2025-11-16 15:28:39.280,826,15491.01
2025-11-16 15:28:39.280,827,15363.49
2025-11-16 15:28:39.280,828,15848.37
2025-11-16 15:28:39.280,829,15782.65
2025-11-16 15:28:39.280,830,15652.22
2025-11-16 15:28:39.280,831,15603.64
2025-11-16 15:28:39.280,832,16840.11
2025-11-16 15:28:39.280,833,15848.37
2025-11-16 15:28:39.280,834,16663.75
2025-11-16 15:28:39.280,835,17236.39
2025-11-16 15:28:39.280,836,16081.01
2025-11-16 15:28:39.280,837,16386.33
2025-11-16 15:28:39.280,838,15766.28
2025-11-16 15:28:39.280,839,17494.69
2025-11-16 15:28:39.280,840,16663.75
2025-11-16 15:28:39.280,841,16698.84
2025-11-16 15:28:39.280,842,18822.0
2025-11-16 15:28:39.280,843,17776.91
2025-11-16 15:28:39.280,844,17383.4
2025-11-16 15:28:39.280,845,16982.88
2025-11-16 15:28:39.280,846,17476.08
2025-11-16 15:28:39.280,847,17420.39
2025-11-16 15:28:39.280,848,60132.29
2025-11-16 15:28:39.280,849,17949.02
2025-11-16 15:28:39.280,850,18378.83
2025-11-16 15:28:39.280,851,17457.49
2025-11-16 15:28:39.280,852,17757.91
2025-11-16 15:28:39.280,853,19926.36
2025-11-16 15:28:39.280,854,26610.43
2025-11-16 15:28:39.280,855,26283.89
2025-11-16 15:28:39.280,856,387544.88
2025-11-16 15:28:39.280,857,29526.5
2025-11-16 15:28:39.280,858,50199.01
2025-11-16 15:28:39.280,859,17199.88
2025-11-16 15:28:39.280,860,42320.58
2025-11-16 15:28:39.280,861,128722.46
2025-11-16 15:28:39.280,862,50556.48
2025-11-16 15:28:39.280,863,50556.48
2025-11-16 15:28:39.280,864,17309.7
2025-11-16 15:28:39.280,865,17054.83
2025-11-16 15:28:39.280,866,16081.01
2025-11-16 15:28:39.280,867,16249.76
2025-11-16 15:28:39.280,868,15799.05
2025-11-16 15:28:39.280,869,16047.52
2025-11-16 15:28:39.280,870,15848.37
2025-11-16 15:28:39.280,871,15914.42
2025-11-16 15:28:39.280,872,15700.98
2025-11-16 15:28:39.280,873,15782.65
2025-11-16 15:28:39.280,874,16047.52
2025-11-16 15:28:39.280,875,15930.98
2025-11-16 15:28:39.280,876,16352.05
2025-11-16 15:28:39.280,877,16386.33
2025-11-16 15:28:39.280,878,16455.14
2025-11-16 15:28:39.280,879,16014.12
2025-11-16 15:28:39.280,880,17346.5
2025-11-16 15:28:39.280,881,16131.41
2025-11-16 15:28:39.280,882,17531.99
2025-11-16 15:28:39.280,883,17910.59
2025-11-16 15:28:39.280,884,16386.33
2025-11-16 15:28:39.280,885,17346.5
2025-11-16 15:28:39.280,886,16840.11
2025-11-16 15:28:39.280,887,18103.81
2025-11-16 15:28:39.280,888,17018.8
2025-11-16 15:28:39.280,889,16911.3
2025-11-16 15:28:39.280,890,19215.97
2025-11-16 15:28:39.280,891,18103.81
2025-11-16 15:28:39.280,892,17910.59
2025-11-16 15:28:39.280,893,17550.68
2025-11-16 15:28:39.280,894,17834.04
2025-11-16 15:28:39.280,895,17929.79
2025-11-16 15:28:39.280,896,61109.78
2025-11-16 15:28:39.280,897,18398.68
2025-11-16 15:28:39.280,898,18740.4
2025-11-16 15:28:39.280,899,17949.02
2025-11-16 15:28:39.280,900,18064.95
2025-11-16 15:28:39.280,901,20419.37
2025-11-16 15:28:39.280,902,26742.69
2025-11-16 15:28:39.280,903,26775.9
2025-11-16 15:28:39.280,904,403612.41
2025-11-16 15:28:39.280,905,30229.68
2025-11-16 15:28:39.280,906,50199.01
2025-11-16 15:28:39.280,907,17606.89
2025-11-16 15:28:39.280,908,41723.1
2025-11-16 15:28:39.280,909,132592.78
2025-11-16 15:28:39.280,910,50377.22
2025-11-16 15:28:39.280,911,50377.22
2025-11-16 15:28:39.280,912,22907.26
2025-11-16 15:28:39.280,913,22960.62
2025-11-16 15:28:39.280,914,21455.57
2025-11-16 15:28:39.280,915,22203.33
2025-11-16 15:28:39.280,916,21626.94
2025-11-16 15:28:39.280,917,21700.95
2025-11-16 15:28:39.280,918,21382.69
2025-11-16 15:28:39.280,919,21358.47
2025-11-16 15:28:39.280,920,21431.24
2025-11-16 15:28:39.280,921,21286.04
2025-11-16 15:28:39.280,922,21925.08
2025-11-16 15:28:39.280,923,21651.57
2025-11-16 15:28:39.280,924,22050.96
2025-11-16 15:28:39.280,925,22152.38
2025-11-16 15:28:39.280,926,20215.74
2025-11-16 15:28:39.280,927,21602.34
2025-11-16 15:28:39.280,928,22203.33
2025-11-16 15:28:39.280,929,21750.49
2025-11-16 15:28:39.280,930,23148.76
2025-11-16 15:28:39.280,931,23670.38
2025-11-16 15:28:39.280,932,22408.76
2025-11-16 15:28:39.280,933,23586.93
2025-11-16 15:28:39.280,934,22152.38
2025-11-16 15:28:39.280,935,22408.76
2025-11-16 15:28:39.280,936,23148.76
2025-11-16 15:28:39.280,937,23284.46
2025-11-16 15:28:39.280,938,25154.93
2025-11-16 15:28:39.280,939,24208.61
2025-11-16 15:28:39.280,940,23339.05
2025-11-16 15:28:39.280,941,23614.7
2025-11-16 15:28:39.280,942,23754.24
2025-11-16 15:28:39.280,943,24093.88
2025-11-16 15:28:39.280,944,76838.91
2025-11-16 15:28:39.280,945,24853.65
2025-11-16 15:28:39.280,946,25246.33
2025-11-16 15:28:39.280,947,24151.15
2025-11-16 15:28:39.280,948,24498.84
2025-11-16 15:28:39.280,949,27247.26
2025-11-16 15:28:39.280,950,34689.0
2025-11-16 15:28:39.280,951,34836.58
2025-11-16 15:28:39.280,952,521823.06
2025-11-16 15:28:39.280,953,38695.02
2025-11-16 15:28:39.280,954,63411.8
2025-11-16 15:28:39.280,955,23810.38
2025-11-16 15:28:39.280,956,53084.88
2025-11-16 15:28:39.280,957,168739.63
2025-11-16 15:28:39.280,958,63943.71
2025-11-16 15:28:39.280,959,63943.71
2025-11-16 15:28:39.280,960,39224.4
2025-11-16 15:28:39.280,961,38348.37
2025-11-16 15:28:39.280,962,37950.12
2025-11-16 15:28:39.280,963,37781.43
2025-11-16 15:28:39.280,964,37118.37
2025-11-16 15:28:39.280,965,37837.53
2025-11-16 15:28:39.280,966,37172.92
2025-11-16 15:28:39.280,967,37893.76
2025-11-16 15:28:39.280,968,38063.23
2025-11-16 15:28:39.280,969,37725.46
2025-11-16 15:28:39.280,970,37558.35
2025-11-16 15:28:39.280,971,37950.12
2025-11-16 15:28:39.280,972,34156.08
2025-11-16 15:28:39.280,973,36105.25
2025-11-16 15:28:39.280,974,36262.32
2025-11-16 15:28:39.280,975,35949.24
2025-11-16 15:28:39.280,976,36901.41
2025-11-16 15:28:39.280,977,36793.67
2025-11-16 15:28:39.280,978,34252.03
2025-11-16 15:28:39.280,979,37227.6
2025-11-16 15:28:39.280,980,36793.67
2025-11-16 15:28:39.280,981,36686.43
2025-11-16 15:28:39.280,982,37392.4
2025-11-16 15:28:39.280,983,36001.13
2025-11-16 15:28:39.280,984,36105.25
2025-11-16 15:28:39.280,985,36955.46
2025-11-16 15:28:39.280,986,37227.6
2025-11-16 15:28:39.280,987,32720.19
2025-11-16 15:28:39.280,988,38578.92
2025-11-16 15:28:39.280,989,37447.59
2025-11-16 15:28:39.280,990,38578.92
2025-11-16 15:28:39.280,991,41526.96
2025-11-16 15:28:39.280,992,130631.02
2025-11-16 15:28:39.280,993,41397.01
2025-11-16 15:28:39.280,994,38636.91
2025-11-16 15:28:39.280,995,37725.46
2025-11-16 15:28:39.280,996,40256.3
2025-11-16 15:28:39.280,997,43698.91
2025-11-16 15:28:39.280,998,49845.72
2025-11-16 15:28:39.280,999,52409.35
2025-11-16 15:28:39.280,1000,942433.13
2025-11-16 15:28:39.280,1001,63411.8
2025-11-16 15:28:39.280,1002,97948.88
2025-11-16 15:28:39.280,1003,38578.92
2025-11-16 15:28:39.280,1004,80095.27
2025-11-16 15:28:39.280,1005,257587.41
2025-11-16 15:28:39.280,1006,100279.32
2025-11-16 15:28:39.280,1007,100279.32
2025-11-16 15:28:39.280,1008,59653.54
2025-11-16 15:28:39.280,1009,59534.86
2025-11-16 15:28:39.280,1010,58028.08
2025-11-16 15:28:39.280,1011,58599.84
2025-11-16 15:28:39.280,1012,56476.62
2025-11-16 15:28:39.280,1013,58255.64
2025-11-16 15:28:39.280,1014,54890.87
2025-11-16 15:28:39.280,1015,56693.92
2025-11-16 15:28:39.280,1016,56803.11
2025-11-16 15:28:39.280,1017,54378.94
2025-11-16 15:28:39.280,1018,56476.62
2025-11-16 15:28:39.280,1019,56693.92
2025-11-16 15:28:39.280,1020,53975.16
2025-11-16 15:28:39.280,1021,52029.78
2025-11-16 15:28:39.280,1022,55621.39
2025-11-16 15:28:39.280,1023,56368.51
2025-11-16 15:28:39.280,1024,57577.48
2025-11-16 15:28:39.280,1025,55833.13
2025-11-16 15:28:39.280,1026,48556.95
2025-11-16 15:28:39.280,1027,56260.74
2025-11-16 15:28:39.280,1028,49237.32
2025-11-16 15:28:39.280,1029,51654.79
2025-11-16 15:28:39.280,1030,54480.68
2025-11-16 15:28:39.280,1031,42726.61
2025-11-16 15:28:39.280,1032,54277.52
2025-11-16 15:28:39.280,1033,54994.24
2025-11-16 15:28:39.280,1034,53182.58
2025-11-16 15:28:39.280,1035,53182.58
2025-11-16 15:28:39.280,1036,56476.62
2025-11-16 15:28:39.280,1037,55833.13
2025-11-16 15:28:39.280,1038,56693.92
2025-11-16 15:28:39.280,1039,59416.6
2025-11-16 15:28:39.280,1040,195704.14
2025-11-16 15:28:39.280,1041,58369.98
2025-11-16 15:28:39.280,1042,51748.12
2025-11-16 15:28:39.280,1043,54176.42
2025-11-16 15:28:39.280,1044,56153.31
2025-11-16 15:28:39.280,1045,59181.26
2025-11-16 15:28:39.280,1046,59892.09
2025-11-16 15:28:39.280,1047,61987.67
2025-11-16 15:28:39.280,1048,88573.8
2025-11-16 15:28:39.280,1049,88573.8
2025-11-16 15:28:39.280,1050,125056.52
2025-11-16 15:28:39.280,1051,56046.25
2025-11-16 15:28:39.280,1052,113248.5
2025-11-16 15:28:39.280,1053,346048.91
2025-11-16 15:28:39.280,1054,135640.13
2025-11-16 15:28:39.280,1055,135640.13
2025-11-16 15:28:39.280,1056,42863.36
2025-11-16 15:28:39.280,1057,42726.61
2025-11-16 15:28:39.280,1058,41592.18
2025-11-16 15:28:39.280,1059,42053.34
2025-11-16 15:28:39.280,1060,40883.72
2025-11-16 15:28:39.280,1061,41592.18
2025-11-16 15:28:39.280,1062,41267.73
2025-11-16 15:28:39.280,1063,41397.01
2025-11-16 15:28:39.280,1064,41267.73
2025-11-16 15:28:39.280,1065,40756.99
2025-11-16 15:28:39.280,1066,41526.96
2025-11-16 15:28:39.280,1067,40505.41
2025-11-16 15:28:39.280,1068,40756.99
2025-11-16 15:28:39.280,1069,40883.72
2025-11-16 15:28:39.280,1070,41592.18
2025-11-16 15:28:39.280,1071,41139.08
2025-11-16 15:28:39.280,1072,41332.29
2025-11-16 15:28:39.280,1073,40883.72
2025-11-16 15:28:39.280,1074,31713.61
2025-11-16 15:28:39.280,1075,39826.22
2025-11-16 15:28:39.280,1076,33588.98
2025-11-16 15:28:39.280,1077,33310.84
2025-11-16 15:28:39.280,1078,40009.64
2025-11-16 15:28:39.280,1079,35742.86
2025-11-16 15:28:39.280,1080,35034.87
2025-11-16 15:28:39.280,1081,38063.23
2025-11-16 15:28:39.280,1082,36686.43
2025-11-16 15:28:39.280,1083,37725.46
2025-11-16 15:28:39.280,1084,40132.67
2025-11-16 15:28:39.280,1085,40568.07
2025-11-16 15:28:39.280,1086,39826.22
2025-11-16 15:28:39.280,1087,43840.75
2025-11-16 15:28:39.280,1088,122431.63
2025-11-16 15:28:39.280,1089,42455.23
2025-11-16 15:28:39.280,1090,40256.3
2025-11-16 15:28:39.280,1091,40318.35
2025-11-16 15:28:39.280,1092,41526.96
2025-11-16 15:28:39.280,1093,45907.83
2025-11-16 15:28:39.280,1094,44198.61
2025-11-16 15:28:39.280,1095,49065.75
2025-11-16 15:28:39.280,1096,988899.38
2025-11-16 15:28:39.280,1097,63810.02
2025-11-16 15:28:39.280,1098,98234.78
2025-11-16 15:28:39.280,1099,41397.01
2025-11-16 15:28:39.280,1100,86251.47
2025-11-16 15:28:39.280,1101,286686.59
2025-11-16 15:28:39.280,1102,105255.28
2025-11-16 15:28:39.280,1103,105255.28
2025-11-16 15:28:39.280,1104,56260.74
2025-11-16 15:28:39.280,1105,56693.92
2025-11-16 15:28:39.280,1106,54582.74
2025-11-16 15:28:39.280,1107,56476.62
2025-11-16 15:28:39.280,1108,54787.84
2025-11-16 15:28:39.280,1109,55727.09
2025-11-16 15:28:39.280,1110,54480.68
2025-11-16 15:28:39.280,1111,55097.93
2025-11-16 15:28:39.280,1112,54582.74
2025-11-16 15:28:39.280,1113,53280.57
2025-11-16 15:28:39.280,1114,54787.84
2025-11-16 15:28:39.280,1115,55939.52
2025-11-16 15:28:39.280,1116,55306.31
2025-11-16 15:28:39.280,1117,54994.24
2025-11-16 15:28:39.280,1118,55939.52
2025-11-16 15:28:39.280,1119,55201.96
2025-11-16 15:28:39.280,1120,55201.96
2025-11-16 15:28:39.280,1121,54787.84
2025-11-16 15:28:39.280,1122,45451.66
2025-11-16 15:28:39.280,1123,53084.88
2025-11-16 15:28:39.280,1124,51841.71
2025-11-16 15:28:39.280,1125,52029.78
2025-11-16 15:28:39.280,1126,54176.42
2025-11-16 15:28:39.280,1127,51192.37
2025-11-16 15:28:39.280,1128,48980.34
2025-11-16 15:28:39.280,1129,51841.71
2025-11-16 15:28:39.280,1130,49670.62
2025-11-16 15:28:39.280,1131,53084.88
2025-11-16 15:28:39.280,1132,50918.22
2025-11-16 15:28:39.280,1133,52124.24
2025-11-16 15:28:39.280,1134,52218.99
2025-11-16 15:28:39.280,1135,58715.34
2025-11-16 15:28:39.280,1136,193656.09
2025-11-16 15:28:39.280,1137,55201.96
2025-11-16 15:28:39.280,1138,51561.75
2025-11-16 15:28:39.280,1139,50556.48
2025-11-16 15:28:39.280,1140,55201.96
2025-11-16 15:28:39.280,1141,61608.8
2025-11-16 15:28:39.280,1142,59772.61
2025-11-16 15:28:39.280,1143,66150.61
2025-11-16 15:28:39.280,1144,89051.75
2025-11-16 15:28:39.280,1145,89051.75
2025-11-16 15:28:39.280,1146,130631.02
2025-11-16 15:28:39.280,1147,54994.24
2025-11-16 15:28:39.280,1148,119906.74
2025-11-16 15:28:39.280,1149,365654.84
2025-11-16 15:28:39.280,1150,145616.44
2025-11-16 15:28:39.280,1151,145616.44
2025-11-16 15:28:39.280,1152,98522.22
2025-11-16 15:28:39.280,1153,94098.91
2025-11-16 15:28:39.280,1154,93309.35
2025-11-16 15:28:39.280,1155,97948.88
2025-11-16 15:28:39.280,1156,92531.65
2025-11-16 15:28:39.280,1157,94364.8
2025-11-16 15:28:39.280,1158,91512.71
2025-11-16 15:28:39.280,1159,94098.91
2025-11-16 15:28:39.280,1160,93048.8
2025-11-16 15:28:39.280,1161,91512.71
2025-11-16 15:28:39.280,1162,85800.06
2025-11-16 15:28:39.280,1163,91010.8
2025-11-16 15:28:39.280,1164,90513.82
2025-11-16 15:28:39.280,1165,90513.82
2025-11-16 15:28:39.280,1166,93048.8
2025-11-16 15:28:39.280,1167,90513.82
2025-11-16 15:28:39.280,1168,93048.8
2025-11-16 15:28:39.280,1169,87167.16
2025-11-16 15:28:39.280,1170,87631.56
2025-11-16 15:28:39.280,1171,91512.71
2025-11-16 15:28:39.280,1172,87167.16
2025-11-16 15:28:39.280,1173,92019.64
2025-11-16 15:28:39.280,1174,89051.75
2025-11-16 15:28:39.280,1175,90021.7
2025-11-16 15:28:39.280,1176,86707.14
2025-11-16 15:28:39.280,1177,83819.96
2025-11-16 15:28:39.280,1178,86251.47
2025-11-16 15:28:39.280,1179,89534.38
2025-11-16 15:28:39.280,1180,80294.42
2025-11-16 15:28:39.280,1181,86936.61
2025-11-16 15:28:39.280,1182,79896.98
2025-11-16 15:28:39.280,1183,98522.22
2025-11-16 15:28:39.280,1184,284551.28
2025-11-16 15:28:39.280,1185,86707.14
2025-11-16 15:28:39.280,1186,80294.42
2025-11-16 15:28:39.280,1187,75386.48
2025-11-16 15:28:39.280,1188,77583.78
2025-11-16 15:28:39.280,1189,91512.71
2025-11-16 15:28:39.280,1190,72958.16
2025-11-16 15:28:39.280,1191,83604.98
2025-11-16 15:28:39.280,1192,861364.44
2025-11-16 15:28:39.280,1193,134609.98
2025-11-16 15:28:39.280,1194,176906.95
2025-11-16 15:28:39.280,1195,80494.47
2025-11-16 15:28:39.280,1196,169524.13
2025-11-16 15:28:39.280,1197,521823.06
2025-11-16 15:28:39.280,1198,212483.69
2025-11-16 15:28:39.280,1199,212483.69
2025-11-16 15:28:39.280,1200,379970.25
2025-11-16 15:28:39.280,1201,365654.84
2025-11-16 15:28:39.280,1202,379970.25
2025-11-16 15:28:39.280,1203,349173.25
2025-11-16 15:28:39.280,1204,358884.03
2025-11-16 15:28:39.280,1205,379970.25
2025-11-16 15:28:39.280,1206,358884.03
2025-11-16 15:28:39.280,1207,383721.19
2025-11-16 15:28:39.280,1208,372678.72
2025-11-16 15:28:39.280,1209,362238.63
2025-11-16 15:28:39.280,1210,362238.63
2025-11-16 15:28:39.280,1211,349173.25
2025-11-16 15:28:39.280,1212,352352.88
2025-11-16 15:28:39.280,1213,297844.91
2025-11-16 15:28:39.280,1214,346048.91
2025-11-16 15:28:39.280,1215,300178.03
2025-11-16 15:28:39.280,1216,288853.09
2025-11-16 15:28:39.280,1217,288853.09
2025-11-16 15:28:39.280,1218,322883.13
2025-11-16 15:28:39.280,1219,322883.13
2025-11-16 15:28:39.280,1220,317555.0
2025-11-16 15:28:39.280,1221,346048.91
2025-11-16 15:28:39.280,1222,342978.47
2025-11-16 15:28:39.280,1223,293282.41
2025-11-16 15:28:39.280,1224,317555.0
2025-11-16 15:28:39.280,1225,339960.47
2025-11-16 15:28:39.280,1226,339960.47
2025-11-16 15:28:39.280,1227,328387.41
2025-11-16 15:28:39.280,1228,334076.69
2025-11-16 15:28:39.280,1229,369134.25
2025-11-16 15:28:39.280,1230,278325.69
2025-11-16 15:28:39.280,1231,346048.91
2025-11-16 15:28:39.280,1232,734602.25
2025-11-16 15:28:39.280,1233,297844.91
2025-11-16 15:28:39.280,1234,342978.47
2025-11-16 15:28:39.280,1235,342978.47
2025-11-16 15:28:39.280,1236,358884.03
2025-11-16 15:28:39.280,1237,358884.03
2025-11-16 15:28:39.280,1238,421032.91
2025-11-16 15:28:39.280,1239,439984.91
2025-11-16 15:28:39.280,1240,550970.88
2025-11-16 15:28:39.280,1241,550970.88
2025-11-16 15:28:39.280,1242,650520.19
2025-11-16 15:28:39.280,1243,339960.47
2025-11-16 15:28:39.280,1244,550970.88
2025-11-16 15:28:39.280,1245,734602.25
2025-11-16 15:28:39.280,1246,734602.25
2025-11-16 15:28:39.280,1247,734602.25
2025-11-16 15:28:39.280,1248,99687.32
2025-11-16 15:28:39.280,1249,97664.48
2025-11-16 15:28:39.280,1250,94364.8
2025-11-16 15:28:39.280,1251,94364.8
2025-11-16 15:28:39.280,1252,92531.65
2025-11-16 15:28:39.280,1253,94632.04
2025-11-16 15:28:39.280,1254,91512.71
2025-11-16 15:28:39.280,1255,91512.71
2025-11-16 15:28:39.280,1256,93309.35
2025-11-16 15:28:39.280,1257,93048.8
2025-11-16 15:28:39.280,1258,93571.2
2025-11-16 15:28:39.280,1259,96541.67
2025-11-16 15:28:39.280,1260,93309.35
2025-11-16 15:28:39.280,1261,96820.16
2025-11-16 15:28:39.280,1262,96820.16
2025-11-16 15:28:39.280,1263,94632.04
2025-11-16 15:28:39.280,1264,93571.2
2025-11-16 15:28:39.280,1265,87398.81
2025-11-16 15:28:39.280,1266,88573.8
2025-11-16 15:28:39.280,1267,68644.23
2025-11-16 15:28:39.280,1268,94098.91
2025-11-16 15:28:39.280,1269,97100.13
2025-11-16 15:28:39.280,1270,93571.2
2025-11-16 15:28:39.280,1271,93571.2
2025-11-16 15:28:39.280,1272,94098.91
2025-11-16 15:28:39.280,1273,90761.7
2025-11-16 15:28:39.280,1274,99101.66
2025-11-16 15:28:39.280,1275,100279.32
2025-11-16 15:28:39.280,1276,94632.04
2025-11-16 15:28:39.280,1277,95170.63
2025-11-16 15:28:39.280,1278,91010.8
2025-11-16 15:28:39.280,1279,102712.45
2025-11-16 15:28:39.280,1280,322883.13
2025-11-16 15:28:39.280,1281,102402.48
2025-11-16 15:28:39.280,1282,101787.58
2025-11-16 15:28:39.280,1283,91010.8
2025-11-16 15:28:39.280,1284,93048.8
2025-11-16 15:28:39.280,1285,107238.9
2025-11-16 15:28:39.280,1286,125056.52
2025-11-16 15:28:39.280,1287,125954.73
2025-11-16 15:28:39.280,1288,153062.25
2025-11-16 15:28:39.280,1289,153062.25
2025-11-16 15:28:39.280,1290,229407.17
2025-11-16 15:28:39.280,1291,103337.61
2025-11-16 15:28:39.280,1292,197793.8
2025-11-16 15:28:39.280,1293,661350.38
2025-11-16 15:28:39.280,1294,264774.34
2025-11-16 15:28:39.280,1295,264774.34
2025-11-16 15:28:39.280,1296,58141.67
2025-11-16 15:28:39.280,1297,57354.41
2025-11-16 15:28:39.280,1298,56912.64
2025-11-16 15:28:39.280,1299,57802.03
2025-11-16 15:28:39.280,1300,54994.24
2025-11-16 15:28:39.280,1301,56260.74
2025-11-16 15:28:39.280,1302,56260.74
2025-11-16 15:28:39.280,1303,56693.92
2025-11-16 15:28:39.280,1304,55833.13
2025-11-16 15:28:39.280,1305,55201.96
2025-11-16 15:28:39.280,1306,56153.31
2025-11-16 15:28:39.280,1307,57354.41
2025-11-16 15:28:39.280,1308,56153.31
2025-11-16 15:28:39.280,1309,56803.11
2025-11-16 15:28:39.280,1310,58028.08
2025-11-16 15:28:39.280,1311,56046.25
2025-11-16 15:28:39.280,1312,57354.41
2025-11-16 15:28:39.280,1313,54378.94
2025-11-16 15:28:39.280,1314,55833.13
2025-11-16 15:28:39.280,1315,54582.74
2025-11-16 15:28:39.280,1316,56693.92
2025-11-16 15:28:39.280,1317,57132.8
2025-11-16 15:28:39.280,1318,55201.96
2025-11-16 15:28:39.280,1319,56803.11
2025-11-16 15:28:39.280,1320,53975.16
2025-11-16 15:28:39.280,1321,47484.0
2025-11-16 15:28:39.280,1322,56476.62
2025-11-16 15:28:39.280,1323,56693.92
2025-11-16 15:28:39.280,1324,52793.59
2025-11-16 15:28:39.280,1325,56368.51
2025-11-16 15:28:39.280,1326,50466.71
2025-11-16 15:28:39.280,1327,58255.64
2025-11-16 15:28:39.280,1328,191648.39
2025-11-16 15:28:39.280,1329,56585.1
2025-11-16 15:28:39.280,1330,56912.64
2025-11-16 15:28:39.280,1331,49496.55
2025-11-16 15:28:39.280,1332,49496.55
2025-11-16 15:28:39.280,1333,61358.41
2025-11-16 15:28:39.280,1334,67012.48
2025-11-16 15:28:39.280,1335,70663.95
2025-11-16 15:28:39.280,1336,988899.38
2025-11-16 15:28:39.280,1337,86707.14
2025-11-16 15:28:39.280,1338,109992.31
2025-11-16 15:28:39.280,1339,55939.52
2025-11-16 15:28:39.280,1340,107915.35
2025-11-16 15:28:39.280,1341,284551.28
2025-11-16 15:28:39.280,1342,123295.2
2025-11-16 15:28:39.280,1343,123295.2
2025-11-16 15:28:39.280,1344,30590.71
2025-11-16 15:28:39.280,1345,30229.68
2025-11-16 15:28:39.280,1346,29184.02
2025-11-16 15:28:39.280,1347,29564.92
2025-11-16 15:28:39.280,1348,28699.64
2025-11-16 15:28:39.280,1349,28996.3
2025-11-16 15:28:39.280,1350,28407.46
2025-11-16 15:28:39.280,1351,28921.71
2025-11-16 15:28:39.280,1352,28810.36
2025-11-16 15:28:39.280,1353,28119.63
2025-11-16 15:28:39.280,1354,29146.33
2025-11-16 15:28:39.280,1355,29146.33
2025-11-16 15:28:39.280,1356,29449.88
2025-11-16 15:28:39.280,1357,29526.5
2025-11-16 15:28:39.280,1358,30309.35
2025-11-16 15:28:39.280,1359,29488.15
2025-11-16 15:28:39.280,1360,30917.09
2025-11-16 15:28:39.280,1361,28958.97
2025-11-16 15:28:39.280,1362,30794.08
2025-11-16 15:28:39.280,1363,30150.32
2025-11-16 15:28:39.280,1364,30550.28
2025-11-16 15:28:39.280,1365,31713.61
2025-11-16 15:28:39.280,1366,28773.39
2025-11-16 15:28:39.280,1367,31248.74
2025-11-16 15:28:39.280,1368,29488.15
2025-11-16 15:28:39.280,1369,26643.4
2025-11-16 15:28:39.280,1370,32232.81
2025-11-16 15:28:39.280,1371,31290.57
2025-11-16 15:28:39.280,1372,29449.88
2025-11-16 15:28:39.280,1373,29914.1
2025-11-16 15:28:39.280,1374,28191.18
2025-11-16 15:28:39.280,1375,31374.49
2025-11-16 15:28:39.280,1376,88336.55
2025-11-16 15:28:39.280,1377,31290.57
2025-11-16 15:28:39.280,1378,31543.36
2025-11-16 15:28:39.280,1379,28516.51
2025-11-16 15:28:39.280,1380,28553.0
2025-11-16 15:28:39.280,1381,33823.5
2025-11-16 15:28:39.280,1382,41139.08
2025-11-16 15:28:39.280,1383,41397.01
2025-11-16 15:28:39.280,1384,661350.38
2025-11-16 15:28:39.280,1385,48473.0
2025-11-16 15:28:39.280,1386,70663.95
2025-11-16 15:28:39.280,1387,30631.22
2025-11-16 15:28:39.280,1388,62370.57
2025-11-16 15:28:39.280,1389,193656.09
2025-11-16 15:28:39.280,1390,76654.66
2025-11-16 15:28:39.280,1391,76654.66
2025-11-16 15:28:39.280,1392,35234.91
2025-11-16 15:28:39.280,1393,35335.6
2025-11-16 15:28:39.280,1394,33729.39
2025-11-16 15:28:39.280,1395,34935.51
2025-11-16 15:28:39.280,1396,33495.87
2025-11-16 15:28:39.280,1397,33823.5
2025-11-16 15:28:39.280,1398,33310.84
2025-11-16 15:28:39.280,1399,33682.49
2025-11-16 15:28:39.280,1400,33870.7
2025-11-16 15:28:39.280,1401,33310.84
2025-11-16 15:28:39.280,1402,33403.16
2025-11-16 15:28:39.280,1403,33870.7
2025-11-16 15:28:39.280,1404,34542.39
2025-11-16 15:28:39.280,1405,34542.39
2025-11-16 15:28:39.280,1406,34542.39
2025-11-16 15:28:39.280,1407,35134.67
2025-11-16 15:28:39.280,1408,36262.32
2025-11-16 15:28:39.280,1409,33635.68
2025-11-16 15:28:39.280,1410,36686.43
2025-11-16 15:28:39.280,1411,35234.91
2025-11-16 15:28:39.280,1412,36053.13
2025-11-16 15:28:39.280,1413,37172.92
2025-11-16 15:28:39.280,1414,35134.67
2025-11-16 15:28:39.280,1415,37118.37
2025-11-16 15:28:39.280,1416,35742.86
2025-11-16 15:28:39.280,1417,34396.74
2025-11-16 15:28:39.280,1418,38636.91
2025-11-16 15:28:39.280,1419,36901.41
2025-11-16 15:28:39.280,1420,35034.87
2025-11-16 15:28:39.280,1421,36157.48
2025-11-16 15:28:39.280,1422,34542.39
2025-11-16 15:28:39.280,1423,37227.6
2025-11-16 15:28:39.280,1424,102402.48
2025-11-16 15:28:39.280,1425,37118.37
2025-11-16 15:28:39.280,1426,37893.76
2025-11-16 15:28:39.280,1427,34935.51
2025-11-16 15:28:39.280,1428,34935.51
2025-11-16 15:28:39.280,1429,41139.08
2025-11-16 15:28:39.280,1430,50199.01
2025-11-16 15:28:39.280,1431,50377.22
2025-11-16 15:28:39.280,1432,900097.25
2025-11-16 15:28:39.280,1433,57132.8
2025-11-16 15:28:39.280,1434,84035.92
2025-11-16 15:28:39.280,1435,36473.41
2025-11-16 15:28:39.280,1436,74503.1
2025-11-16 15:28:39.280,1437,241163.34
2025-11-16 15:28:39.280,1438,98522.22
2025-11-16 15:28:39.280,1439,98522.22
2025-11-16 15:28:39.280,1440,39403.42
2025-11-16 15:28:39.280,1441,38463.37
2025-11-16 15:28:39.280,1442,37669.63
2025-11-16 15:28:39.280,1443,38006.61
2025-11-16 15:28:39.280,1444,37447.59
2025-11-16 15:28:39.280,1445,37781.43
2025-11-16 15:28:39.280,1446,37009.64
2025-11-16 15:28:39.280,1447,37781.43
2025-11-16 15:28:39.280,1448,37227.6
2025-11-16 15:28:39.280,1449,37118.37
2025-11-16 15:28:39.280,1450,37669.63
2025-11-16 15:28:39.280,1451,37725.46
2025-11-16 15:28:39.280,1452,37118.37
2025-11-16 15:28:39.280,1453,38463.37
2025-11-16 15:28:39.280,1454,39224.4
2025-11-16 15:28:39.280,1455,38006.61
2025-11-16 15:28:39.280,1456,40256.3
2025-11-16 15:28:39.280,1457,37725.46
2025-11-16 15:28:39.280,1458,39523.48
2025-11-16 15:28:39.280,1459,38233.91
2025-11-16 15:28:39.280,1460,39403.42
2025-11-16 15:28:39.280,1461,40505.41
2025-11-16 15:28:39.280,1462,37725.46
2025-11-16 15:28:39.280,1463,39644.14
2025-11-16 15:28:39.280,1464,38063.23
2025-11-16 15:28:39.280,1465,32586.16
2025-11-16 15:28:39.280,1466,40380.55
2025-11-16 15:28:39.280,1467,38463.37
2025-11-16 15:28:39.280,1468,34985.13
2025-11-16 15:28:39.280,1469,38695.02
2025-11-16 15:28:39.280,1470,34060.55
2025-11-16 15:28:39.280,1471,39887.21
2025-11-16 15:28:39.280,1472,104931.19
2025-11-16 15:28:39.280,1473,39523.48
2025-11-16 15:28:39.280,1474,39765.37
2025-11-16 15:28:39.280,1475,34156.08
2025-11-16 15:28:39.280,1476,34060.55
2025-11-16 15:28:39.280,1477,43417.48
2025-11-16 15:28:39.280,1478,51100.71
2025-11-16 15:28:39.280,1479,51376.5
2025-11-16 15:28:39.280,1480,942433.13
2025-11-16 15:28:39.280,1481,59892.09
2025-11-16 15:28:39.280,1482,82754.82
2025-11-16 15:28:39.280,1483,38753.28
2025-11-16 15:28:39.280,1484,76471.19
2025-11-16 15:28:39.280,1485,235144.47
2025-11-16 15:28:39.280,1486,94364.8
2025-11-16 15:28:39.280,1487,94364.8
2025-11-16 15:28:39.280,1488,31374.49
2025-11-16 15:28:39.280,1489,31290.57
2025-11-16 15:28:39.280,1490,30150.32
2025-11-16 15:28:39.280,1491,30389.34
2025-11-16 15:28:39.280,1492,29603.42
2025-11-16 15:28:39.280,1493,29564.92
2025-11-16 15:28:39.280,1494,29297.52
2025-11-16 15:28:39.280,1495,29914.1
2025-11-16 15:28:39.280,1496,29953.28
2025-11-16 15:28:39.280,1497,29221.78
2025-11-16 15:28:39.280,1498,29488.15
2025-11-16 15:28:39.280,1499,30150.32
2025-11-16 15:28:39.280,1500,29680.64
2025-11-16 15:28:39.280,1501,30550.28
2025-11-16 15:28:39.280,1502,31040.83
2025-11-16 15:28:39.280,1503,30269.48
2025-11-16 15:28:39.280,1504,31713.61
2025-11-16 15:28:39.280,1505,29108.72
2025-11-16 15:28:39.280,1506,31971.61
2025-11-16 15:28:39.280,1507,30110.76
2025-11-16 15:28:39.280,1508,31885.26
2025-11-16 15:28:39.280,1509,32675.42
2025-11-16 15:28:39.280,1510,30631.22
2025-11-16 15:28:39.280,1511,32765.05
2025-11-16 15:28:39.280,1512,31040.83
2025-11-16 15:28:39.280,1513,28371.24
2025-11-16 15:28:39.280,1514,33081.75
2025-11-16 15:28:39.280,1515,31971.61
2025-11-16 15:28:39.280,1516,28847.41
2025-11-16 15:28:39.280,1517,30999.5
2025-11-16 15:28:39.280,1518,27281.39
2025-11-16 15:28:39.280,1519,32320.6
2025-11-16 15:28:39.280,1520,90021.7
2025-11-16 15:28:39.280,1521,31756.39
2025-11-16 15:28:39.280,1522,32276.66
2025-11-16 15:28:39.280,1523,28699.64
2025-11-16 15:28:39.280,1524,27836.08
2025-11-16 15:28:39.280,1525,34689.0
2025-11-16 15:28:39.280,1526,42658.5
2025-11-16 15:28:39.280,1527,43487.57
2025-11-16 15:28:39.280,1528,708471.5
2025-11-16 15:28:39.280,1529,49758.04
2025-11-16 15:28:39.280,1530,66150.61
2025-11-16 15:28:39.280,1531,31374.49
2025-11-16 15:28:39.280,1532,63411.8
2025-11-16 15:28:39.280,1533,196743.69
2025-11-16 15:28:39.280,1534,77396.36
2025-11-16 15:28:39.280,1535,77396.36
2025-11-16 15:28:39.280,1536,27247.26
2025-11-16 15:28:39.280,1537,27247.26
2025-11-16 15:28:39.280,1538,27247.26
2025-11-16 15:28:39.280,1539,27247.26
2025-11-16 15:28:39.280,1540,27247.26
2025-11-16 15:28:39.280,1541,27247.26
2025-11-16 15:28:39.280,1542,27247.26
2025-11-16 15:28:39.280,1543,27247.26
2025-11-16 15:28:39.280,1544,27247.26
2025-11-16 15:28:39.280,1545,27247.26
2025-11-16 15:28:39.280,1546,27247.26
2025-11-16 15:28:39.280,1547,27247.26
2025-11-16 15:28:39.280,1548,27247.26
2025-11-16 15:28:39.280,1549,27247.26
2025-11-16 15:28:39.280,1550,27247.26
2025-11-16 15:28:39.280,1551,27247.26
2025-11-16 15:28:39.280,1552,27247.26
2025-11-16 15:28:39.280,1553,27247.26
2025-11-16 15:28:39.280,1554,27247.26
2025-11-16 15:28:39.280,1555,27247.26
2025-11-16 15:28:39.280,1556,27247.26
2025-11-16 15:28:39.280,1557,27247.26
2025-11-16 15:28:39.280,1558,27247.26
2025-11-16 15:28:39.280,1559,27247.26
2025-11-16 15:28:39.280,1560,27247.26
2025-11-16 15:28:39.280,1561,27247.26
2025-11-16 15:28:39.280,1562,27247.26
2025-11-16 15:28:39.280,1563,27247.26
2025-11-16 15:28:39.280,1564,27247.26
2025-11-16 15:28:39.280,1565,27247.26
2025-11-16 15:28:39.280,1566,27247.26
2025-11-16 15:28:39.280,1567,27247.26
2025-11-16 15:28:39.280,1568,27247.26
2025-11-16 15:28:39.280,1569,27247.26
2025-11-16 15:28:39.280,1570,27247.26
2025-11-16 15:28:39.280,1571,27247.26
2025-11-16 15:28:39.280,1572,27247.26
2025-11-16 15:28:39.280,1573,27247.26
2025-11-16 15:28:39.280,1574,27247.26
2025-11-16 15:28:39.280,1575,27247.26
2025-11-16 15:28:39.280,1576,27247.26
2025-11-16 15:28:39.280,1577,27247.26
2025-11-16 15:28:39.280,1578,27247.26
2025-11-16 15:28:39.280,1579,27247.26
2025-11-16 15:28:39.280,1580,27247.26
2025-11-16 15:28:39.280,1581,27247.26
2025-11-16 15:28:39.280,1582,27247.26
2025-11-16 15:28:39.280,1583,27247.26
2025-11-16 15:28:39.280,1584,27247.26
2025-11-16 15:28:39.280,1585,26942.87
2025-11-16 15:28:39.280,1586,26090.74
2025-11-16 15:28:39.280,1587,26676.44
2025-11-16 15:28:39.280,1588,25679.2
2025-11-16 15:28:39.280,1589,25647.93
2025-11-16 15:28:39.280,1590,25246.33
2025-11-16 15:28:39.280,1591,25741.9
2025-11-16 15:28:39.280,1592,25647.93
2025-11-16 15:28:39.280,1593,24675.34
2025-11-16 15:28:39.280,1594,25554.44
2025-11-16 15:28:39.280,1595,25804.82
2025-11-16 15:28:39.280,1596,25523.39
2025-11-16 15:28:39.280,1597,26348.73
2025-11-16 15:28:39.280,1598,26775.9
2025-11-16 15:28:39.280,1599,26219.28
2025-11-16 15:28:39.280,1600,27247.26
2025-11-16 15:28:39.280,1601,25094.26
2025-11-16 15:28:39.280,1602,27626.15
2025-11-16 15:28:39.280,1603,25585.55
2025-11-16 15:28:39.280,1604,27418.54
2025-11-16 15:28:39.280,1605,28553.0
2025-11-16 15:28:39.280,1606,26643.4
2025-11-16 15:28:39.280,1607,28443.74
2025-11-16 15:28:39.280,1608,26842.51
2025-11-16 15:28:39.280,1609,25033.8
2025-11-16 15:28:39.280,1610,28699.64
2025-11-16 15:28:39.280,1611,27871.29
2025-11-16 15:28:39.280,1612,24675.34
2025-11-16 15:28:39.280,1613,27281.39
2025-11-16 15:28:39.280,1614,24675.34
2025-11-16 15:28:39.280,1615,28299.01
2025-11-16 15:28:39.280,1616,75030.93
2025-11-16 15:28:39.280,1617,27906.57
2025-11-16 15:28:39.280,1618,29184.02
2025-11-16 15:28:39.280,1619,25994.93
2025-11-16 15:28:39.280,1620,25094.26
2025-11-16 15:28:39.280,1621,31458.76
2025-11-16 15:28:39.280,1622,38463.37
2025-11-16 15:28:39.280,1623,39224.4
2025-11-16 15:28:39.280,1624,684112.31
2025-11-16 15:28:39.280,1625,44054.89
2025-11-16 15:28:39.280,1626,64212.57
2025-11-16 15:28:39.280,1627,27800.93
2025-11-16 15:28:39.280,1628,58255.64
2025-11-16 15:28:39.280,1629,183082.55
2025-11-16 15:28:39.280,1630,75745.02
2025-11-16 15:28:39.280,1631,75745.02
2025-11-16 15:28:39.280,1632,25836.37
2025-11-16 15:28:39.280,1633,25585.55
2025-11-16 15:28:39.280,1634,24734.57
2025-11-16 15:28:39.280,1635,25585.55
2025-11-16 15:28:39.280,1636,24179.86
2025-11-16 15:28:39.280,1637,24324.12
2025-11-16 15:28:39.280,1638,24353.12
2025-11-16 15:28:39.280,1639,24645.8
2025-11-16 15:28:39.280,1640,24498.84
2025-11-16 15:28:39.280,1641,24237.42
2025-11-16 15:28:39.280,1642,24065.32
2025-11-16 15:28:39.280,1643,24266.27
2025-11-16 15:28:39.280,1644,23838.52
2025-11-16 15:28:39.280,1645,24557.47
2025-11-16 15:28:39.280,1646,25276.9
2025-11-16 15:28:39.280,1647,24557.47
2025-11-16 15:28:39.280,1648,25461.45
2025-11-16 15:28:39.280,1649,23421.27
2025-11-16 15:28:39.280,1650,25585.55
2025-11-16 15:28:39.280,1651,23866.7
2025-11-16 15:28:39.280,1652,25585.55
2025-11-16 15:28:39.280,1653,26251.55
2025-11-16 15:28:39.280,1654,24093.88
2025-11-16 15:28:39.280,1655,26283.89
2025-11-16 15:28:39.280,1656,24734.57
2025-11-16 15:28:39.280,1657,22177.84
2025-11-16 15:28:39.280,1658,25963.11
2025-11-16 15:28:39.280,1659,25647.93
2025-11-16 15:28:39.280,1660,18578.57
2025-11-16 15:28:39.280,1661,24883.55
2025-11-16 15:28:39.280,1662,18084.37
2025-11-16 15:28:39.280,1663,26154.89
2025-11-16 15:28:39.280,1664,63810.02
2025-11-16 15:28:39.280,1665,24208.61
2025-11-16 15:28:39.280,1666,25647.93
2025-11-16 15:28:39.280,1667,20148.47
2025-11-16 15:28:39.280,1668,17054.83
2025-11-16 15:28:39.280,1669,28407.46
2025-11-16 15:28:39.280,1670,33036.22
2025-11-16 15:28:39.280,1671,34156.08
2025-11-16 15:28:39.280,1672,521823.06
2025-11-16 15:28:39.280,1673,41397.01
2025-11-16 15:28:39.280,1674,54378.94
2025-11-16 15:28:39.280,1675,25094.26
2025-11-16 15:28:39.280,1676,51654.79
2025-11-16 15:28:39.280,1677,168739.63
2025-11-16 15:28:39.280,1678,66435.75
2025-11-16 15:28:39.280,1679,66435.75
2025-11-16 15:28:39.280,1680,34252.03
2025-11-16 15:28:39.280,1681,34542.39
2025-11-16 15:28:39.280,1682,33542.38
2025-11-16 15:28:39.280,1683,34156.08
2025-11-16 15:28:39.280,1684,32765.05
2025-11-16 15:28:39.280,1685,33127.38
2025-11-16 15:28:39.280,1686,33310.84
2025-11-16 15:28:39.280,1687,33542.38
2025-11-16 15:28:39.280,1688,33403.16
2025-11-16 15:28:39.280,1689,33127.38
2025-11-16 15:28:39.280,1690,32900.21
2025-11-16 15:28:39.280,1691,33682.49
2025-11-16 15:28:39.280,1692,32855.06
2025-11-16 15:28:39.280,1693,33495.87
2025-11-16 15:28:39.280,1694,33495.87
2025-11-16 15:28:39.280,1695,33495.87
2025-11-16 15:28:39.280,1696,34060.55
2025-11-16 15:28:39.280,1697,30794.08
2025-11-16 15:28:39.280,1698,34348.4
2025-11-16 15:28:39.280,1699,32058.32
2025-11-16 15:28:39.280,1700,34445.18
2025-11-16 15:28:39.280,1701,35691.55
2025-11-16 15:28:39.280,1702,33682.49
2025-11-16 15:28:39.280,1703,35742.86
2025-11-16 15:28:39.280,1704,33776.39
2025-11-16 15:28:39.280,1705,30229.68
2025-11-16 15:28:39.280,1706,35386.11
2025-11-16 15:28:39.280,1707,34640.03
2025-11-16 15:28:39.280,1708,29603.42
2025-11-16 15:28:39.280,1709,34300.16
2025-11-16 15:28:39.280,1710,29297.52
2025-11-16 15:28:39.280,1711,35897.47
2025-11-16 15:28:39.280,1712,75745.02
2025-11-16 15:28:39.280,1713,34935.51
2025-11-16 15:28:39.280,1714,35335.6
2025-11-16 15:28:39.280,1715,30550.28
2025-11-16 15:28:39.280,1716,27418.54
2025-11-16 15:28:39.280,1717,37669.63
2025-11-16 15:28:39.280,1718,46061.56
2025-11-16 15:28:39.280,1719,47161.71
2025-11-16 15:28:39.280,1720,793012.25
2025-11-16 15:28:39.280,1721,54994.24
2025-11-16 15:28:39.280,1722,69101.3
2025-11-16 15:28:39.280,1723,34985.13
2025-11-16 15:28:39.280,1724,67012.48
2025-11-16 15:28:39.280,1725,217430.56
2025-11-16 15:28:39.280,1726,87631.56
2025-11-16 15:28:39.280,1727,87631.56
2025-11-16 15:28:39.280,1728,27010.09
2025-11-16 15:28:39.280,1729,26809.18
2025-11-16 15:28:39.280,1730,25773.33
2025-11-16 15:28:39.280,1731,26479.11
2025-11-16 15:28:39.280,1732,25585.55
2025-11-16 15:28:39.280,1733,25773.33
2025-11-16 15:28:39.280,1734,25647.93
2025-11-16 15:28:39.280,1735,25710.52
2025-11-16 15:28:39.280,1736,25836.37
2025-11-16 15:28:39.280,1737,25647.93
2025-11-16 15:28:39.280,1738,25461.45
2025-11-16 15:28:39.280,1739,25836.37
2025-11-16 15:28:39.280,1740,25094.26
2025-11-16 15:28:39.280,1741,25963.11
2025-11-16 15:28:39.280,1742,26643.4
2025-11-16 15:28:39.280,1743,25994.93
2025-11-16 15:28:39.280,1744,26809.18
2025-11-16 15:28:39.280,1745,24382.16
2025-11-16 15:28:39.280,1746,27010.09
2025-11-16 15:28:39.280,1747,24151.15
2025-11-16 15:28:39.280,1748,27145.25
2025-11-16 15:28:39.280,1749,27695.87
2025-11-16 15:28:39.280,1750,26154.89
2025-11-16 15:28:39.280,1751,27836.08
2025-11-16 15:28:39.280,1752,26283.89
2025-11-16 15:28:39.280,1753,22933.92
2025-11-16 15:28:39.280,1754,27626.15
2025-11-16 15:28:39.280,1755,27213.2
2025-11-16 15:28:39.280,1756,20718.37
2025-11-16 15:28:39.280,1757,26676.44
2025-11-16 15:28:39.280,1758,20741.61
2025-11-16 15:28:39.280,1759,27941.91
2025-11-16 15:28:39.280,1760,59416.6
2025-11-16 15:28:39.280,1761,26809.18
2025-11-16 15:28:39.280,1762,27145.25
2025-11-16 15:28:39.280,1763,20928.83
2025-11-16 15:28:39.280,1764,20510.75
2025-11-16 15:28:39.280,1765,30229.68
2025-11-16 15:28:39.280,1766,35742.86
2025-11-16 15:28:39.280,1767,36847.48
2025-11-16 15:28:39.280,1768,583498.19
2025-11-16 15:28:39.280,1769,44561.25
2025-11-16 15:28:39.280,1770,57914.87
2025-11-16 15:28:39.280,1771,26909.36
2025-11-16 15:28:39.280,1772,56046.25
2025-11-16 15:28:39.280,1773,189679.88
2025-11-16 15:28:39.280,1774,73637.78
2025-11-16 15:28:39.280,1775,73637.78
2025-11-16 15:28:39.280,1776,24266.27
2025-11-16 15:28:39.280,1777,24036.8
2025-11-16 15:28:39.280,1778,23230.05
2025-11-16 15:28:39.280,1779,23421.27
2025-11-16 15:28:39.280,1780,22616.81
2025-11-16 15:28:39.280,1781,22408.76
2025-11-16 15:28:39.280,1782,22564.54
2025-11-16 15:28:39.280,1783,22827.54
2025-11-16 15:28:39.280,1784,22774.6
2025-11-16 15:28:39.280,1785,22590.65
2025-11-16 15:28:39.280,1786,22357.16
2025-11-16 15:28:39.280,1787,22721.83
2025-11-16 15:28:39.280,1788,21750.49
2025-11-16 15:28:39.280,1789,22907.26
2025-11-16 15:28:39.280,1790,23040.99
2025-11-16 15:28:39.280,1791,22801.05
2025-11-16 15:28:39.280,1792,23923.21
2025-11-16 15:28:39.280,1793,21528.79
2025-11-16 15:28:39.280,1794,23754.24
2025-11-16 15:28:39.280,1795,21775.31
2025-11-16 15:28:39.280,1796,23866.7
2025-11-16 15:28:39.280,1797,24675.34
2025-11-16 15:28:39.280,1798,23040.99
2025-11-16 15:28:39.280,1799,24382.16
2025-11-16 15:28:39.280,1800,23202.91
2025-11-16 15:28:39.280,1801,20059.23
2025-11-16 15:28:39.280,1802,24324.12
2025-11-16 15:28:39.280,1803,23810.38
2025-11-16 15:28:39.280,1804,18760.76
2025-11-16 15:28:39.280,1805,23311.73
2025-11-16 15:28:39.280,1806,18679.5
2025-11-16 15:28:39.280,1807,24616.31
2025-11-16 15:28:39.280,1808,54582.74
2025-11-16 15:28:39.280,1809,23284.46
2025-11-16 15:28:39.280,1810,23614.7
2025-11-16 15:28:39.280,1811,17236.39
2025-11-16 15:28:39.280,1812,17036.8
2025-11-16 15:28:39.280,1813,26479.11
2025-11-16 15:28:39.280,1814,31040.83
2025-11-16 15:28:39.280,1815,32058.32
2025-11-16 15:28:39.280,1816,521823.06
2025-11-16 15:28:39.280,1817,39165.01
2025-11-16 15:28:39.280,1818,51468.98
2025-11-16 15:28:39.280,1819,23175.81
2025-11-16 15:28:39.280,1820,49151.41
2025-11-16 15:28:39.280,1821,165668.98
2025-11-16 15:28:39.280,1822,63676.8
2025-11-16 15:28:39.280,1823,63676.8
2025-11-16 15:28:39.280,1824,34156.08
2025-11-16 15:28:39.280,1825,33729.39
2025-11-16 15:28:39.280,1826,32675.42
2025-11-16 15:28:39.280,1827,33310.84
2025-11-16 15:28:39.280,1828,32145.38
2025-11-16 15:28:39.280,1829,32145.38
2025-11-16 15:28:39.280,1830,32232.81
2025-11-16 15:28:39.280,1831,32586.16
2025-11-16 15:28:39.280,1832,32320.6
2025-11-16 15:28:39.280,1833,32320.6
2025-11-16 15:28:39.280,1834,31670.92
2025-11-16 15:28:39.280,1835,32586.16
2025-11-16 15:28:39.280,1836,30631.22
2025-11-16 15:28:39.280,1837,32320.6
2025-11-16 15:28:39.280,1838,33403.16
2025-11-16 15:28:39.280,1839,32586.16
2025-11-16 15:28:39.280,1840,33682.49
2025-11-16 15:28:39.280,1841,30712.49
2025-11-16 15:28:39.280,1842,33495.87
2025-11-16 15:28:39.280,1843,31040.83
2025-11-16 15:28:39.280,1844,33870.7
2025-11-16 15:28:39.280,1845,34445.18
2025-11-16 15:28:39.280,1846,32765.05
2025-11-16 15:28:39.280,1847,34445.18
2025-11-16 15:28:39.280,1848,32810.01
2025-11-16 15:28:39.280,1849,29526.5
2025-11-16 15:28:39.280,1850,34396.74
2025-11-16 15:28:39.280,1851,33870.7
2025-11-16 15:28:39.280,1852,29146.33
2025-11-16 15:28:39.280,1853,33495.87
2025-11-16 15:28:39.280,1854,27695.87
2025-11-16 15:28:39.280,1855,34591.16
2025-11-16 15:28:39.280,1856,68493.05
2025-11-16 15:28:39.280,1857,34204.0
2025-11-16 15:28:39.280,1858,34445.18
2025-11-16 15:28:39.280,1859,28921.71
2025-11-16 15:28:39.280,1860,28480.09
2025-11-16 15:28:39.280,1861,37447.59
2025-11-16 15:28:39.280,1862,44707.67
2025-11-16 15:28:39.280,1863,45301.25
2025-11-16 15:28:39.280,1864,793012.25
2025-11-16 15:28:39.280,1865,54277.52
2025-11-16 15:28:39.280,1866,65586.65
2025-11-16 15:28:39.280,1867,33682.49
2025-11-16 15:28:39.280,1868,64212.57
2025-11-16 15:28:39.280,1869,226638.0
2025-11-16 15:28:39.280,1870,83390.98
2025-11-16 15:28:39.280,1871,83390.98
2025-11-16 15:28:39.280,1872,28335.09
2025-11-16 15:28:39.280,1873,27349.84
2025-11-16 15:28:39.280,1874,27145.25
2025-11-16 15:28:39.280,1875,27591.39
2025-11-16 15:28:39.280,1876,26643.4
2025-11-16 15:28:39.280,1877,26942.87
2025-11-16 15:28:39.280,1878,26544.65
2025-11-16 15:28:39.280,1879,26742.69
2025-11-16 15:28:39.280,1880,26676.44
2025-11-16 15:28:39.280,1881,26676.44
2025-11-16 15:28:39.280,1882,26283.89
2025-11-16 15:28:39.280,1883,26942.87
2025-11-16 15:28:39.280,1884,26058.75
2025-11-16 15:28:39.280,1885,27010.09
2025-11-16 15:28:39.280,1886,27800.93
2025-11-16 15:28:39.280,1887,27077.54
2025-11-16 15:28:39.280,1888,28191.18
2025-11-16 15:28:39.280,1889,25585.55
2025-11-16 15:28:39.280,1890,28119.63
2025-11-16 15:28:39.280,1891,26090.74
2025-11-16 15:28:39.280,1892,28407.46
2025-11-16 15:28:39.280,1893,29071.17
2025-11-16 15:28:39.280,1894,27281.39
2025-11-16 15:28:39.280,1895,29146.33
2025-11-16 15:28:39.280,1896,27384.16
2025-11-16 15:28:39.280,1897,22460.52
2025-11-16 15:28:39.280,1898,28773.39
2025-11-16 15:28:39.280,1899,28119.63
2025-11-16 15:28:39.280,1900,22408.76
2025-11-16 15:28:39.280,1901,27871.29
2025-11-16 15:28:39.280,1902,20834.94
2025-11-16 15:28:39.280,1903,29146.33
2025-11-16 15:28:39.280,1904,60495.69
2025-11-16 15:28:39.280,1905,28119.63
2025-11-16 15:28:39.280,1906,28699.64
2025-11-16 15:28:39.280,1907,23148.76
2025-11-16 15:28:39.280,1908,23040.99
2025-11-16 15:28:39.280,1909,31628.31
2025-11-16 15:28:39.280,1910,37392.4
2025-11-16 15:28:39.280,1911,38291.07
2025-11-16 15:28:39.280,1912,640033.69
2025-11-16 15:28:39.280,1913,45907.83
2025-11-16 15:28:39.280,1914,59416.6
2025-11-16 15:28:39.280,1915,28335.09
2025-11-16 15:28:39.280,1916,57465.76
2025-11-16 15:28:39.280,1917,191648.39
2025-11-16 15:28:39.280,1918,76471.19
2025-11-16 15:28:39.280,1919,76471.19
2025-11-16 15:28:39.280,1920,721303.56
2025-11-16 15:28:39.280,1921,793012.25
2025-11-16 15:28:39.280,1922,696081.88
2025-11-16 15:28:39.280,1923,734602.25
2025-11-16 15:28:39.280,1924,592227.94
2025-11-16 15:28:39.280,1925,721303.56
2025-11-16 15:28:39.280,1926,734602.25
2025-11-16 15:28:39.280,1927,684112.31
2025-11-16 15:28:39.280,1928,583498.19
2025-11-16 15:28:39.280,1929,661350.38
2025-11-16 15:28:39.280,1930,708471.5
2025-11-16 15:28:39.280,1931,762705.19
2025-11-16 15:28:39.280,1932,708471.5
2025-11-16 15:28:39.280,1933,684112.31
2025-11-16 15:28:39.280,1934,734602.25
2025-11-16 15:28:39.280,1935,708471.5
2025-11-16 15:28:39.280,1936,708471.5
2025-11-16 15:28:39.280,1937,825793.38
2025-11-16 15:28:39.280,1938,900097.25
2025-11-16 15:28:39.280,1939,708471.5
2025-11-16 15:28:39.280,1940,601218.31
2025-11-16 15:28:39.280,1941,696081.88
2025-11-16 15:28:39.280,1942,536008.31
2025-11-16 15:28:39.280,1943,640033.69
2025-11-16 15:28:39.280,1944,661350.38
2025-11-16 15:28:39.280,1945,543388.5
2025-11-16 15:28:39.280,1946,575017.88
2025-11-16 15:28:39.280,1947,550970.88
2025-11-16 15:28:39.280,1948,521823.06
2025-11-16 15:28:39.280,1949,521823.06
2025-11-16 15:28:39.280,1950,450099.75
2025-11-16 15:28:39.280,1951,601218.31
2025-11-16 15:28:39.280,1952,734602.25
2025-11-16 15:28:39.280,1953,558763.94
2025-11-16 15:28:39.280,1954,558763.94
2025-11-16 15:28:39.280,1955,460679.59
2025-11-16 15:28:39.280,1956,508356.06
2025-11-16 15:28:39.280,1957,566776.38
2025-11-16 15:28:39.280,1958,696081.88
2025-11-16 15:28:39.280,1959,583498.19
2025-11-16 15:28:39.280,1960,793012.25
2025-11-16 15:28:39.280,1961,793012.25
2025-11-16 15:28:39.280,1962,391443.63
2025-11-16 15:28:39.280,1963,640033.69
2025-11-16 15:28:39.280,1964,483368.97
2025-11-16 15:28:39.280,1965,988899.38
2025-11-16 15:28:39.280,1966,988899.38
2025-11-16 15:28:39.280,1967,988899.38
2025-11-16 15:28:39.280,1968,33403.16
2025-11-16 15:28:39.280,1969,33403.16
2025-11-16 15:28:39.280,1970,32586.16
2025-11-16 15:28:39.280,1971,32675.42
2025-11-16 15:28:39.280,1972,31585.79
2025-11-16 15:28:39.280,1973,31628.31
2025-11-16 15:28:39.280,1974,31374.49
2025-11-16 15:28:39.280,1975,31756.39
2025-11-16 15:28:39.280,1976,31885.26
2025-11-16 15:28:39.280,1977,31585.79
2025-11-16 15:28:39.280,1978,31290.57
2025-11-16 15:28:39.280,1979,31885.26
2025-11-16 15:28:39.280,1980,30794.08
2025-11-16 15:28:39.280,1981,31458.76
2025-11-16 15:28:39.280,1982,32945.45
2025-11-16 15:28:39.280,1983,32145.38
2025-11-16 15:28:39.280,1984,33449.47
2025-11-16 15:28:39.280,1985,30631.22
2025-11-16 15:28:39.280,1986,33449.47
2025-11-16 15:28:39.280,1987,31040.83
2025-11-16 15:28:39.280,1988,33495.87
2025-11-16 15:28:39.280,1989,34348.4
2025-11-16 15:28:39.280,1990,32586.16
2025-11-16 15:28:39.280,1991,34156.08
2025-11-16 15:28:39.280,1992,32320.6
2025-11-16 15:28:39.280,1993,28371.24
2025-11-16 15:28:39.280,1994,34156.08
2025-11-16 15:28:39.280,1995,33449.47
2025-11-16 15:28:39.280,1996,27730.82
2025-11-16 15:28:39.280,1997,32276.66
2025-11-16 15:28:39.280,1998,26511.85
2025-11-16 15:28:39.280,1999,34012.93
2025-11-16 15:28:39.280,2000,68796.0
2025-11-16 15:28:39.280,2001,32855.06
2025-11-16 15:28:39.280,2002,33776.39
2025-11-16 15:28:39.280,2003,27977.33
2025-11-16 15:28:39.280,2004,27906.57
2025-11-16 15:28:39.280,2005,36901.41
2025-11-16 15:28:39.280,2006,43277.87
2025-11-16 15:28:39.280,2007,44854.87
2025-11-16 15:28:39.280,2008,708471.5
2025-11-16 15:28:39.280,2009,52600.88
2025-11-16 15:28:39.280,2010,62242.49
2025-11-16 15:28:39.280,2011,32855.06
2025-11-16 15:28:39.280,2012,62114.86
2025-11-16 15:28:39.280,2013,216173.34
2025-11-16 15:28:39.280,2014,80294.42
2025-11-16 15:28:39.280,2015,80294.42
2025-11-16 15:28:39.280,2016,583498.19
2025-11-16 15:28:39.280,2017,793012.25
2025-11-16 15:28:39.280,2018,566776.38
2025-11-16 15:28:39.280,2019,777567.38
2025-11-16 15:28:39.280,2020,861364.44
2025-11-16 15:28:39.280,2021,861364.44
2025-11-16 15:28:39.280,2022,672541.69
2025-11-16 15:28:39.280,2023,777567.38
2025-11-16 15:28:39.280,2024,777567.38
2025-11-16 15:28:39.280,2025,696081.88
2025-11-16 15:28:39.280,2026,721303.56
2025-11-16 15:28:39.280,2027,762705.19
2025-11-16 15:28:39.280,2028,861364.44
2025-11-16 15:28:39.280,2029,592227.94
2025-11-16 15:28:39.280,2030,762705.19
2025-11-16 15:28:39.280,2031,721303.56
2025-11-16 15:28:39.280,2032,825793.38
2025-11-16 15:28:39.280,2033,793012.25
2025-11-16 15:28:39.280,2034,762705.19
2025-11-16 15:28:39.280,2035,920784.13
2025-11-16 15:28:39.280,2036,942433.13
2025-11-16 15:28:39.280,2037,988899.38
2025-11-16 15:28:39.280,2038,734602.25
2025-11-16 15:28:39.280,2039,793012.25
2025-11-16 15:28:39.280,2040,748393.56
2025-11-16 15:28:39.280,2041,661350.38
2025-11-16 15:28:39.280,2042,734602.25
2025-11-16 15:28:39.280,2043,793012.25
2025-11-16 15:28:39.280,2044,721303.56
2025-11-16 15:28:39.280,2045,734602.25
2025-11-16 15:28:39.280,2046,762705.19
2025-11-16 15:28:39.280,2047,880309.75
2025-11-16 15:28:39.280,2048,900097.25
2025-11-16 15:28:39.280,2049,880309.75
2025-11-16 15:28:39.280,2050,942433.13
2025-11-16 15:28:39.280,2051,900097.25
2025-11-16 15:28:39.280,2052,762705.19
2025-11-16 15:28:39.280,2053,762705.19
2025-11-16 15:28:39.280,2054,942433.13
2025-11-16 15:28:39.280,2055,942433.13
2025-11-16 15:28:39.280,2056,900097.25
2025-11-16 15:28:39.280,2057,900097.25
2025-11-16 15:28:39.280,2058,550970.88
2025-11-16 15:28:39.280,2059,942433.13
2025-11-16 15:28:39.280,2060,793012.25
2025-11-16 15:28:39.280,2061,28958.97
2025-11-16 15:28:39.280,2062,28958.97
2025-11-16 15:28:39.280,2063,28958.97
2025-11-16 15:28:39.280,2064,28958.97
2025-11-16 15:28:39.280,2065,28773.39
2025-11-16 15:28:39.280,2066,27765.84
2025-11-16 15:28:39.280,2067,28155.37
2025-11-16 15:28:39.280,2068,27145.25
2025-11-16 15:28:39.280,2069,27145.25
2025-11-16 15:28:39.280,2070,27077.54
2025-11-16 15:28:39.280,2071,27349.84
2025-11-16 15:28:39.280,2072,27349.84
2025-11-16 15:28:39.280,2073,27281.39
2025-11-16 15:28:39.280,2074,27077.54
2025-11-16 15:28:39.280,2075,27695.87
2025-11-16 15:28:39.280,2076,27281.39
2025-11-16 15:28:39.280,2077,27906.57
2025-11-16 15:28:39.280,2078,27977.33
2025-11-16 15:28:39.280,2079,27800.93
2025-11-16 15:28:39.280,2080,28299.01
2025-11-16 15:28:39.280,2081,23782.29
2025-11-16 15:28:39.280,2082,28958.97
2025-11-16 15:28:39.280,2083,25094.26
2025-11-16 15:28:39.280,2084,28773.39
2025-11-16 15:28:39.280,2085,29992.53
2025-11-16 15:28:39.280,2086,28191.18
2025-11-16 15:28:39.280,2087,30229.68
2025-11-16 15:28:39.280,2088,28263.01
2025-11-16 15:28:39.280,2089,26479.11
2025-11-16 15:28:39.280,2090,30389.34
2025-11-16 15:28:39.280,2091,29184.02
2025-11-16 15:28:39.280,2092,26348.73
2025-11-16 15:28:39.280,2093,28773.39
2025-11-16 15:28:39.280,2094,26154.89
2025-11-16 15:28:39.280,2095,29992.53
2025-11-16 15:28:39.280,2096,67894.05
2025-11-16 15:28:39.280,2097,29221.78
2025-11-16 15:28:39.280,2098,30229.68
2025-11-16 15:28:39.280,2099,26348.73
2025-11-16 15:28:39.280,2100,25836.37
2025-11-16 15:28:39.280,2101,32765.05
2025-11-16 15:28:39.280,2102,38695.02
2025-11-16 15:28:39.280,2103,40256.3
2025-11-16 15:28:39.280,2104,672541.69
2025-11-16 15:28:39.280,2105,46138.74
2025-11-16 15:28:39.280,2106,65307.78
2025-11-16 15:28:39.280,2107,29146.33
2025-11-16 15:28:39.280,2108,59298.73
2025-11-16 15:28:39.280,2109,194675.0
2025-11-16 15:28:39.280,2110,75386.48
2025-11-16 15:28:39.280,2111,75386.48
2025-11-16 15:28:39.280,2112,455329.53
2025-11-16 15:28:39.280,2113,450099.75
2025-11-16 15:28:39.280,2114,483368.97
2025-11-16 15:28:39.280,2115,460679.59
2025-11-16 15:28:39.280,2116,430305.09
2025-11-16 15:28:39.280,2117,515003.19
2025-11-16 15:28:39.280,2118,450099.75
2025-11-16 15:28:39.280,2119,466154.09
2025-11-16 15:28:39.280,2120,460679.59
2025-11-16 15:28:39.280,2121,450099.75
2025-11-16 15:28:39.280,2122,450099.75
2025-11-16 15:28:39.280,2123,466154.09
2025-11-16 15:28:39.280,2124,460679.59
2025-11-16 15:28:39.280,2125,489387.19
2025-11-16 15:28:39.280,2126,450099.75
2025-11-16 15:28:39.280,2127,455329.53
2025-11-16 15:28:39.280,2128,477494.09
2025-11-16 15:28:39.280,2129,439984.91
2025-11-16 15:28:39.280,2130,450099.75
2025-11-16 15:28:39.280,2131,466154.09
2025-11-16 15:28:39.280,2132,489387.19
2025-11-16 15:28:39.280,2133,471757.34
2025-11-16 15:28:39.280,2134,460679.59
2025-11-16 15:28:39.280,2135,483368.97
2025-11-16 15:28:39.280,2136,450099.75
2025-11-16 15:28:39.280,2137,430305.09
2025-11-16 15:28:39.280,2138,460679.59
2025-11-16 15:28:39.280,2139,412143.03
2025-11-16 15:28:39.280,2140,412143.03
2025-11-16 15:28:39.280,2141,383721.19
2025-11-16 15:28:39.280,2142,317555.0
2025-11-16 15:28:39.280,2143,416541.69
2025-11-16 15:28:39.280,2144,297844.91
2025-11-16 15:28:39.280,2145,430305.09
2025-11-16 15:28:39.280,2146,395419.56
2025-11-16 15:28:39.280,2147,379970.25
2025-11-16 15:28:39.280,2148,379970.25
2025-11-16 15:28:39.280,2149,395419.56
2025-11-16 15:28:39.280,2150,460679.59
2025-11-16 15:28:39.280,2151,477494.09
2025-11-16 15:28:39.280,2152,528822.38
2025-11-16 15:28:39.280,2153,528822.38
2025-11-16 15:28:39.280,2154,115905.77
2025-11-16 15:28:39.280,2155,430305.09
2025-11-16 15:28:39.280,2156,181276.86
2025-11-16 15:28:39.280,2157,536008.31
2025-11-16 15:28:39.280,2158,536008.31
2025-11-16 15:28:39.280,2159,536008.31
2025-11-16 15:28:39.280,2160,495554.03
2025-11-16 15:28:39.280,2161,439984.91
2025-11-16 15:28:39.280,2162,444986.13
2025-11-16 15:28:39.280,2163,430305.09
2025-11-16 15:28:39.280,2164,395419.56
2025-11-16 15:28:39.280,2165,489387.19
2025-11-16 15:28:39.280,2166,439984.91
2025-11-16 15:28:39.280,2167,515003.19
2025-11-16 15:28:39.280,2168,536008.31
2025-11-16 15:28:39.280,2169,439984.91
2025-11-16 15:28:39.280,2170,483368.97
2025-11-16 15:28:39.280,2171,521823.06
2025-11-16 15:28:39.280,2172,543388.5
2025-11-16 15:28:39.280,2173,439984.91
2025-11-16 15:28:39.280,2174,536008.31
2025-11-16 15:28:39.280,2175,471757.34
2025-11-16 15:28:39.280,2176,550970.88
2025-11-16 15:28:39.280,2177,471757.34
2025-11-16 15:28:39.280,2178,477494.09
2025-11-16 15:28:39.280,2179,528822.38
2025-11-16 15:28:39.280,2180,528822.38
2025-11-16 15:28:39.280,2181,550970.88
2025-11-16 15:28:39.280,2182,455329.53
2025-11-16 15:28:39.280,2183,566776.38
2025-11-16 15:28:39.280,2184,483368.97
2025-11-16 15:28:39.280,2185,477494.09
2025-11-16 15:28:39.280,2186,550970.88
2025-11-16 15:28:39.280,2187,550970.88
2025-11-16 15:28:39.280,2188,471757.34
2025-11-16 15:28:39.280,2189,495554.03
2025-11-16 15:28:39.280,2190,450099.75
2025-11-16 15:28:39.280,2191,550970.88
2025-11-16 15:28:39.280,2192,439984.91
2025-11-16 15:28:39.280,2193,583498.19
2025-11-16 15:28:39.280,2194,550970.88
2025-11-16 15:28:39.280,2195,521823.06
2025-11-16 15:28:39.280,2196,489387.19
2025-11-16 15:28:39.280,2197,566776.38
2025-11-16 15:28:39.280,2198,708471.5
2025-11-16 15:28:39.280,2199,684112.31
2025-11-16 15:28:39.280,2200,748393.56
2025-11-16 15:28:39.280,2201,748393.56
2025-11-16 15:28:39.280,2202,171919.44
2025-11-16 15:28:39.280,2203,566776.38
2025-11-16 15:28:39.280,2204,272357.75
2025-11-16 15:28:39.280,2205,988899.38
2025-11-16 15:28:39.280,2206,988899.38
2025-11-16 15:28:39.280,2207,988899.38
2025-11-16 15:28:39.280,2208,268514.44
2025-11-16 15:28:39.280,2209,268514.44
2025-11-16 15:28:39.280,2210,268514.44
2025-11-16 15:28:39.280,2211,268514.44
2025-11-16 15:28:39.280,2212,268514.44
2025-11-16 15:28:39.280,2213,268514.44
2025-11-16 15:28:39.280,2214,268514.44
2025-11-16 15:28:39.280,2215,268514.44
2025-11-16 15:28:39.280,2216,268514.44
2025-11-16 15:28:39.280,2217,268514.44
2025-11-16 15:28:39.280,2218,268514.44
2025-11-16 15:28:39.280,2219,268514.44
2025-11-16 15:28:39.280,2220,268514.44
2025-11-16 15:28:39.280,2221,268514.44
2025-11-16 15:28:39.280,2222,268514.44
2025-11-16 15:28:39.280,2223,268514.44
2025-11-16 15:28:39.280,2224,268514.44
2025-11-16 15:28:39.280,2225,268514.44
2025-11-16 15:28:39.280,2226,268514.44
2025-11-16 15:28:39.280,2227,268514.44
2025-11-16 15:28:39.280,2228,268514.44
2025-11-16 15:28:39.280,2229,268514.44
2025-11-16 15:28:39.280,2230,268514.44
2025-11-16 15:28:39.280,2231,268514.44
2025-11-16 15:28:39.280,2232,268514.44
2025-11-16 15:28:39.280,2233,268514.44
2025-11-16 15:28:39.280,2234,268514.44
2025-11-16 15:28:39.280,2235,268514.44
2025-11-16 15:28:39.280,2236,268514.44
2025-11-16 15:28:39.280,2237,268514.44
2025-11-16 15:28:39.280,2238,268514.44
2025-11-16 15:28:39.280,2239,268514.44
2025-11-16 15:28:39.280,2240,268514.44
2025-11-16 15:28:39.280,2241,268514.44
2025-11-16 15:28:39.280,2242,268514.44
2025-11-16 15:28:39.280,2243,268514.44
2025-11-16 15:28:39.280,2244,268514.44
2025-11-16 15:28:39.280,2245,268514.44
2025-11-16 15:28:39.280,2246,268514.44
2025-11-16 15:28:39.280,2247,268514.44
2025-11-16 15:28:39.280,2248,268514.44
2025-11-16 15:28:39.280,2249,268514.44
2025-11-16 15:28:39.280,2250,268514.44
2025-11-16 15:28:39.280,2251,268514.44
2025-11-16 15:28:39.280,2252,268514.44
2025-11-16 15:28:39.280,2253,268514.44
2025-11-16 15:28:39.280,2254,268514.44
2025-11-16 15:28:39.280,2255,268514.44
2025-11-16 15:28:39.280,2256,268514.44
2025-11-16 15:28:39.280,2257,280371.47
2025-11-16 15:28:39.280,2258,238117.42
2025-11-16 15:28:39.280,2259,262941.66
2025-11-16 15:28:39.280,2260,312394.69
2025-11-16 15:28:39.280,2261,280371.47
2025-11-16 15:28:39.280,2262,257587.41
2025-11-16 15:28:39.280,2263,268514.44
2025-11-16 15:28:39.280,2264,284551.28
2025-11-16 15:28:39.280,2265,280371.47
2025-11-16 15:28:39.280,2266,291051.47
2025-11-16 15:28:39.280,2267,302546.75
2025-11-16 15:28:39.280,2268,293282.41
2025-11-16 15:28:39.280,2269,288853.09
2025-11-16 15:28:39.280,2270,264774.34
2025-11-16 15:28:39.280,2271,276308.56
2025-11-16 15:28:39.280,2272,288853.09
2025-11-16 15:28:39.280,2273,257587.41
2025-11-16 15:28:39.280,2274,284551.28
2025-11-16 15:28:39.280,2275,268514.44
2025-11-16 15:28:39.280,2276,264774.34
2025-11-16 15:28:39.280,2277,272357.75
2025-11-16 15:28:39.280,2278,236622.0
2025-11-16 15:28:39.280,2279,284551.28
2025-11-16 15:28:39.280,2280,250766.73
2025-11-16 15:28:39.280,2281,232241.86
2025-11-16 15:28:39.280,2282,249115.52
2025-11-16 15:28:39.280,2283,259348.69
2025-11-16 15:28:39.280,2284,232241.86
2025-11-16 15:28:39.280,2285,264774.34
2025-11-16 15:28:39.280,2286,223932.14
2025-11-16 15:28:39.280,2287,270422.94
2025-11-16 15:28:39.280,2288,213700.14
2025-11-16 15:28:39.280,2289,257587.41
2025-11-16 15:28:39.280,2290,264774.34
2025-11-16 15:28:39.280,2291,235144.47
2025-11-16 15:28:39.280,2292,229407.17
2025-11-16 15:28:39.280,2293,264774.34
2025-11-16 15:28:39.280,2294,293282.41
2025-11-16 15:28:39.280,2295,312394.69
2025-11-16 15:28:39.280,2296,358884.03
2025-11-16 15:28:39.280,2297,358884.03
2025-11-16 15:28:39.280,2298,70346.52
2025-11-16 15:28:39.280,2299,250766.73
2025-11-16 15:28:39.280,2300,107238.9
2025-11-16 15:28:39.280,2301,942433.13
2025-11-16 15:28:39.280,2302,450099.75
2025-11-16 15:28:39.280,2303,450099.75
2025-11-16 15:28:39.530,0,22774.6
2025-11-16 15:28:39.530,1,29221.78
2025-11-16 15:28:39.530,2,34108.26
2025-11-16 15:28:39.530,3,32232.81
2025-11-16 15:28:39.530,4,34060.55
2025-11-16 15:28:39.530,5,34542.39
2025-11-16 15:28:39.530,6,34640.03
2025-11-16 15:28:39.530,7,34689.0
2025-11-16 15:28:39.530,8,34935.51
2025-11-16 15:28:39.530,9,34445.18
2025-11-16 15:28:39.530,10,35234.91
2025-11-16 15:28:39.530,11,34640.03
2025-11-16 15:28:39.530,12,35845.82
2025-11-16 15:28:39.530,13,35845.82
2025-11-16 15:28:39.530,14,34985.13
2025-11-16 15:28:39.530,15,35742.86
2025-11-16 15:28:39.530,16,35084.71
2025-11-16 15:28:39.530,17,36053.13
2025-11-16 15:28:39.530,18,37227.6
2025-11-16 15:28:39.530,19,37392.4
2025-11-16 15:28:39.530,20,37502.91
2025-11-16 15:28:39.530,21,37613.93
2025-11-16 15:28:39.530,22,36001.13
2025-11-16 15:28:39.530,23,38463.37
2025-11-16 15:28:39.530,24,36053.13
2025-11-16 15:28:39.530,25,35640.36
2025-11-16 15:28:39.530,26,38348.37
2025-11-16 15:28:39.530,27,37893.76
2025-11-16 15:28:39.530,28,36473.41
2025-11-16 15:28:39.530,29,36473.41
2025-11-16 15:28:39.530,30,36579.68
2025-11-16 15:28:39.530,31,37172.92
2025-11-16 15:28:39.530,32,90267.15
2025-11-16 15:28:39.530,33,38463.37
2025-11-16 15:28:39.530,34,39283.93
2025-11-16 15:28:39.530,35,36901.41
2025-11-16 15:28:39.530,36,36901.41
2025-11-16 15:28:39.530,37,41788.82
2025-11-16 15:28:39.530,38,51654.79
2025-11-16 15:28:39.530,39,51935.61
2025-11-16 15:28:39.530,40,861364.44
2025-11-16 15:28:39.530,41,54480.68
2025-11-16 15:28:39.530,42,88573.8
2025-11-16 15:28:39.530,43,36955.46
2025-11-16 15:28:39.530,44,70504.91
2025-11-16 15:28:39.530,45,252439.11
2025-11-16 15:28:39.530,46,89534.38
2025-11-16 15:28:39.530,47,89534.38
2025-11-16 15:28:39.530,48,110700.96
2025-11-16 15:28:39.530,49,112143.66
2025-11-16 15:28:39.530,50,119906.74
2025-11-16 15:28:39.530,51,123295.2
2025-11-16 15:28:39.530,52,125056.52
2025-11-16 15:28:39.530,53,125504.14
2025-11-16 15:28:39.530,54,124611.84
2025-11-16 15:28:39.530,55,133594.3
2025-11-16 15:28:39.530,56,128253.38
2025-11-16 15:28:39.530,57,122862.01
2025-11-16 15:28:39.530,58,129670.22
2025-11-16 15:28:39.530,59,132592.78
2025-11-16 15:28:39.530,60,136685.03
2025-11-16 15:28:39.530,61,130148.98
2025-11-16 15:28:39.530,62,133594.3
2025-11-16 15:28:39.530,63,127787.46
2025-11-16 15:28:39.530,64,122431.63
2025-11-16 15:28:39.530,65,133594.3
2025-11-16 15:28:39.530,66,126408.34
2025-11-16 15:28:39.530,67,133594.3
2025-11-16 15:28:39.530,68,135640.13
2025-11-16 15:28:39.530,69,136685.03
2025-11-16 15:28:39.530,70,136160.72
2025-11-16 15:28:39.530,71,146210.88
2025-11-16 15:28:39.530,72,130631.02
2025-11-16 15:28:39.530,73,136160.72
2025-11-16 15:28:39.530,74,132592.78
2025-11-16 15:28:39.530,75,137213.13
2025-11-16 15:28:39.530,76,133594.3
2025-11-16 15:28:39.530,77,132592.78
2025-11-16 15:28:39.530,78,141018.91
2025-11-16 15:28:39.530,79,139911.63
2025-11-16 15:28:39.530,80,293282.41
2025-11-16 15:28:39.530,81,144441.03
2025-11-16 15:28:39.530,82,147413.47
2025-11-16 15:28:39.530,83,141578.7
2025-11-16 15:28:39.530,84,144441.03
2025-11-16 15:28:39.530,85,138280.8
2025-11-16 15:28:39.530,86,189679.88
2025-11-16 15:28:39.530,87,184922.63
2025-11-16 15:28:39.530,88,155704.97
2025-11-16 15:28:39.530,89,155704.97
2025-11-16 15:28:39.530,90,272357.75
2025-11-16 15:28:39.530,91,135640.13
2025-11-16 15:28:39.530,92,151772.23
2025-11-16 15:28:39.530,93,592227.94
2025-11-16 15:28:39.530,94,241163.34
2025-11-16 15:28:39.530,95,241163.34
2025-11-16 15:28:39.530,96,77209.76
2025-11-16 15:28:39.530,97,76106.58
2025-11-16 15:28:39.530,98,82335.49
2025-11-16 15:28:39.530,99,82754.82
2025-11-16 15:28:39.530,100,86025.24
2025-11-16 15:28:39.530,101,86251.47
2025-11-16 15:28:39.530,102,84909.8
2025-11-16 15:28:39.530,103,85800.06
2025-11-16 15:28:39.530,104,82335.49
2025-11-16 15:28:39.530,105,82335.49
2025-11-16 15:28:39.530,106,87167.16
2025-11-16 15:28:39.530,107,86478.77
2025-11-16 15:28:39.530,108,84689.81
2025-11-16 15:28:39.530,109,86478.77
2025-11-16 15:28:39.530,110,86707.14
2025-11-16 15:28:39.530,111,84909.8
2025-11-16 15:28:39.530,112,75925.42
2025-11-16 15:28:39.530,113,82335.49
2025-11-16 15:28:39.530,114,86251.47
2025-11-16 15:28:39.530,115,86251.47
2025-11-16 15:28:39.530,116,87167.16
2025-11-16 15:28:39.530,117,92531.65
2025-11-16 15:28:39.530,118,85352.86
2025-11-16 15:28:39.530,119,91512.71
2025-11-16 15:28:39.530,120,85575.93
2025-11-16 15:28:39.530,121,85800.06
2025-11-16 15:28:39.530,122,85130.81
2025-11-16 15:28:39.530,123,89534.38
2025-11-16 15:28:39.530,124,87167.16
2025-11-16 15:28:39.530,125,86707.14
2025-11-16 15:28:39.530,126,87167.16
2025-11-16 15:28:39.530,127,84035.92
2025-11-16 15:28:39.530,128,204325.27
2025-11-16 15:28:39.530,129,90021.7
2025-11-16 15:28:39.530,130,87631.56
2025-11-16 15:28:39.530,131,85352.86
2025-11-16 15:28:39.530,132,88573.8
2025-11-16 15:28:39.530,133,91010.8
2025-11-16 15:28:39.530,134,119086.36
2025-11-16 15:28:39.530,135,119086.36
2025-11-16 15:28:39.530,136,100279.32
2025-11-16 15:28:39.530,137,100279.32
2025-11-16 15:28:39.530,138,187749.41
2025-11-16 15:28:39.530,139,87167.16
2025-11-16 15:28:39.530,140,130631.02
2025-11-16 15:28:39.530,141,483368.97
2025-11-16 15:28:39.530,142,179504.63
2025-11-16 15:28:39.530,143,179504.63
2025-11-16 15:28:39.530,144,41075.0
2025-11-16 15:28:39.530,145,41139.08
2025-11-16 15:28:39.530,146,40820.27
2025-11-16 15:28:39.530,147,41332.29
2025-11-16 15:28:39.530,148,40505.41
2025-11-16 15:28:39.530,149,41461.9
2025-11-16 15:28:39.530,150,40756.99
2025-11-16 15:28:39.530,151,41397.01
2025-11-16 15:28:39.530,152,39403.42
2025-11-16 15:28:39.530,153,40568.07
2025-11-16 15:28:39.530,154,40756.99
2025-11-16 15:28:39.530,155,40693.86
2025-11-16 15:28:39.530,156,41592.18
2025-11-16 15:28:39.530,157,41397.01
2025-11-16 15:28:39.530,158,41397.01
2025-11-16 15:28:39.530,159,41592.18
2025-11-16 15:28:39.530,160,26283.89
2025-11-16 15:28:39.530,161,40442.9
2025-11-16 15:28:39.530,162,41203.32
2025-11-16 15:28:39.530,163,38695.02
2025-11-16 15:28:39.530,164,42726.61
2025-11-16 15:28:39.530,165,43347.59
2025-11-16 15:28:39.530,166,40132.67
2025-11-16 15:28:39.530,167,44415.61
2025-11-16 15:28:39.530,168,41788.82
2025-11-16 15:28:39.530,169,42455.23
2025-11-16 15:28:39.530,170,42320.58
2025-11-16 15:28:39.530,171,43840.75
2025-11-16 15:28:39.530,172,42863.36
2025-11-16 15:28:39.530,173,41203.32
2025-11-16 15:28:39.530,174,42455.23
2025-11-16 15:28:39.530,175,44054.89
2025-11-16 15:28:39.530,176,105255.28
2025-11-16 15:28:39.530,177,44561.25
2025-11-16 15:28:39.530,178,45002.86
2025-11-16 15:28:39.530,179,43628.29
2025-11-16 15:28:39.530,180,43557.83
2025-11-16 15:28:39.530,181,46527.84
2025-11-16 15:28:39.530,182,59416.6
2025-11-16 15:28:39.530,183,58715.34
2025-11-16 15:28:39.530,184,942433.13
2025-11-16 15:28:39.530,185,55201.96
2025-11-16 15:28:39.530,186,96541.67
2025-11-16 15:28:39.530,187,42726.61
2025-11-16 15:28:39.530,188,76471.19
2025-11-16 15:28:39.530,189,255849.03
2025-11-16 15:28:39.530,190,97948.88
2025-11-16 15:28:39.530,191,97948.88
2025-11-16 15:28:39.530,192,27384.16
2025-11-16 15:28:39.530,193,27179.19
2025-11-16 15:28:39.530,194,26775.9
2025-11-16 15:28:39.530,195,27145.25
2025-11-16 15:28:39.530,196,26610.43
2025-11-16 15:28:39.530,197,26219.28
2025-11-16 15:28:39.530,198,26610.43
2025-11-16 15:28:39.530,199,27145.25
2025-11-16 15:28:39.530,200,26577.51
2025-11-16 15:28:39.530,201,26348.73
2025-11-16 15:28:39.530,202,26709.53
2025-11-16 15:28:39.530,203,26544.65
2025-11-16 15:28:39.530,204,27111.36
2025-11-16 15:28:39.530,205,26643.4
2025-11-16 15:28:39.530,206,27213.2
2025-11-16 15:28:39.530,207,27077.54
2025-11-16 15:28:39.530,208,19794.65
2025-11-16 15:28:39.530,209,26643.4
2025-11-16 15:28:39.530,210,26026.81
2025-11-16 15:28:39.530,211,21700.95
2025-11-16 15:28:39.530,212,28119.63
2025-11-16 15:28:39.530,213,28155.37
2025-11-16 15:28:39.530,214,23754.24
2025-11-16 15:28:39.530,215,28335.09
2025-11-16 15:28:39.530,216,26809.18
2025-11-16 15:28:39.530,217,27695.87
2025-11-16 15:28:39.530,218,28480.09
2025-11-16 15:28:39.530,219,28699.64
2025-11-16 15:28:39.530,220,27977.33
2025-11-16 15:28:39.530,221,27281.39
2025-11-16 15:28:39.530,222,28736.48
2025-11-16 15:28:39.530,223,29297.52
2025-11-16 15:28:39.530,224,74328.61
2025-11-16 15:28:39.530,225,30031.86
2025-11-16 15:28:39.530,226,30631.22
2025-11-16 15:28:39.530,227,28553.0
2025-11-16 15:28:39.530,228,28736.48
2025-11-16 15:28:39.530,229,32232.81
2025-11-16 15:28:39.530,230,40630.89
2025-11-16 15:28:39.530,231,40568.07
2025-11-16 15:28:39.530,232,558763.94
2025-11-16 15:28:39.530,233,39343.6
2025-11-16 15:28:39.530,234,72622.48
2025-11-16 15:28:39.530,235,28773.39
2025-11-16 15:28:39.530,236,57354.41
2025-11-16 15:28:39.530,237,191648.39
2025-11-16 15:28:39.530,238,72958.16
2025-11-16 15:28:39.530,239,72958.16
2025-11-16 15:28:39.530,240,20103.78
2025-11-16 15:28:39.530,241,19816.52
2025-11-16 15:28:39.530,242,19491.78
2025-11-16 15:28:39.530,243,20037.0
2025-11-16 15:28:39.530,244,19321.44
2025-11-16 15:28:39.530,245,19491.78
2025-11-16 15:28:39.530,246,19363.84
2025-11-16 15:28:39.530,247,19577.68
2025-11-16 15:28:39.530,248,19153.06
2025-11-16 15:28:39.530,249,19321.44
2025-11-16 15:28:39.530,250,19321.44
2025-11-16 15:28:39.530,251,19153.06
2025-11-16 15:28:39.530,252,20059.23
2025-11-16 15:28:39.530,253,19794.65
2025-11-16 15:28:39.530,254,20170.86
2025-11-16 15:28:39.530,255,19838.42
2025-11-16 15:28:39.530,256,18699.77
2025-11-16 15:28:39.530,257,20059.23
2025-11-16 15:28:39.530,258,19449.01
2025-11-16 15:28:39.530,259,18801.55
2025-11-16 15:28:39.530,260,20999.62
2025-11-16 15:28:39.530,261,21118.33
2025-11-16 15:28:39.530,262,19794.65
2025-11-16 15:28:39.530,263,21626.94
2025-11-16 15:28:39.530,264,20510.75
2025-11-16 15:28:39.530,265,20834.94
2025-11-16 15:28:39.530,266,22721.83
2025-11-16 15:28:39.530,267,21676.24
2025-11-16 15:28:39.530,268,21382.69
2025-11-16 15:28:39.530,269,20881.81
2025-11-16 15:28:39.530,270,21237.94
2025-11-16 15:28:39.530,271,21553.27
2025-11-16 15:28:39.530,272,58141.67
2025-11-16 15:28:39.530,273,22101.59
2025-11-16 15:28:39.530,274,22564.54
2025-11-16 15:28:39.530,275,21553.27
2025-11-16 15:28:39.530,276,21504.34
2025-11-16 15:28:39.530,277,24151.15
2025-11-16 15:28:39.530,278,31585.79
2025-11-16 15:28:39.530,279,31040.83
2025-11-16 15:28:39.530,280,407834.16
2025-11-16 15:28:39.530,281,32675.42
2025-11-16 15:28:39.530,282,56046.25
2025-11-16 15:28:39.530,283,21166.06
2025-11-16 15:28:39.530,284,46527.84
2025-11-16 15:28:39.530,285,160541.67
2025-11-16 15:28:39.530,286,58028.08
2025-11-16 15:28:39.530,287,58028.08
2025-11-16 15:28:39.530,288,17309.7
2025-11-16 15:28:39.530,289,17199.88
2025-11-16 15:28:39.530,290,16317.87
2025-11-16 15:28:39.530,291,16840.11
2025-11-16 15:28:39.530,292,16081.01
2025-11-16 15:28:39.530,293,16182.0
2025-11-16 15:28:39.530,294,15947.57
2025-11-16 15:28:39.530,295,15848.37
2025-11-16 15:28:39.530,296,15815.47
2025-11-16 15:28:39.530,297,15914.42
2025-11-16 15:28:39.530,298,16148.25
2025-11-16 15:28:39.530,299,16064.26
2025-11-16 15:28:39.530,300,16875.66
2025-11-16 15:28:39.530,301,16593.85
2025-11-16 15:28:39.530,302,17328.08
2025-11-16 15:28:39.530,303,16769.29
2025-11-16 15:28:39.530,304,17910.59
2025-11-16 15:28:39.530,305,17199.88
2025-11-16 15:28:39.530,306,18221.02
2025-11-16 15:28:39.530,307,18438.46
2025-11-16 15:28:39.530,308,17968.28
2025-11-16 15:28:39.530,309,18538.4
2025-11-16 15:28:39.530,310,17199.88
2025-11-16 15:28:39.530,311,18862.97
2025-11-16 15:28:39.530,312,17795.93
2025-11-16 15:28:39.530,313,17776.91
2025-11-16 15:28:39.530,314,19838.42
2025-11-16 15:28:39.530,315,18578.57
2025-11-16 15:28:39.530,316,18339.21
2025-11-16 15:28:39.530,317,17910.59
2025-11-16 15:28:39.530,318,18181.84
2025-11-16 15:28:39.530,319,18221.02
2025-11-16 15:28:39.530,320,51841.71
2025-11-16 15:28:39.530,321,18740.4
2025-11-16 15:28:39.530,322,19132.14
2025-11-16 15:28:39.530,323,18339.21
2025-11-16 15:28:39.530,324,18458.39
2025-11-16 15:28:39.530,325,20741.61
2025-11-16 15:28:39.530,326,27281.39
2025-11-16 15:28:39.530,327,27349.84
2025-11-16 15:28:39.530,328,379970.25
2025-11-16 15:28:39.530,329,30550.28
2025-11-16 15:28:39.530,330,50287.98
2025-11-16 15:28:39.530,331,17757.91
2025-11-16 15:28:39.530,332,42186.62
2025-11-16 15:28:39.530,333,138820.45
2025-11-16 15:28:39.530,334,50021.84
2025-11-16 15:28:39.530,335,50021.84
2025-11-16 15:28:39.530,336,15300.2
2025-11-16 15:28:39.530,337,15268.68
2025-11-16 15:28:39.530,338,14520.01
2025-11-16 15:28:39.530,339,14850.61
2025-11-16 15:28:39.530,340,14154.79
2025-11-16 15:28:39.530,341,14328.73
2025-11-16 15:28:39.530,342,14183.61
2025-11-16 15:28:39.530,343,14212.49
2025-11-16 15:28:39.530,344,14270.47
2025-11-16 15:28:39.530,345,14154.79
2025-11-16 15:28:39.530,346,14549.7
2025-11-16 15:28:39.530,347,14431.36
2025-11-16 15:28:39.530,348,14684.21
2025-11-16 15:28:39.530,349,14865.85
2025-11-16 15:28:39.530,350,15081.15
2025-11-16 15:28:39.530,351,14624.25
2025-11-16 15:28:39.530,352,15914.42
2025-11-16 15:28:39.530,353,15205.86
2025-11-16 15:28:39.530,354,16317.87
2025-11-16 15:28:39.530,355,16403.5
2025-11-16 15:28:39.530,356,16047.52
2025-11-16 15:28:39.530,357,16455.14
2025-11-16 15:28:39.530,358,15347.64
2025-11-16 15:28:39.530,359,16875.66
2025-11-16 15:28:39.530,360,15143.35
2025-11-16 15:28:39.530,361,15815.47
2025-11-16 15:28:39.530,362,17494.69
2025-11-16 15:28:39.530,363,15897.87
2025-11-16 15:28:39.530,364,16215.84
2025-11-16 15:28:39.530,365,15831.91
2025-11-16 15:28:39.530,366,16215.84
2025-11-16 15:28:39.530,367,16317.87
2025-11-16 15:28:39.530,368,46138.74
2025-11-16 15:28:39.530,369,16893.47
2025-11-16 15:28:39.530,370,17236.39
2025-11-16 15:28:39.530,371,16386.33
2025-11-16 15:28:39.530,372,16386.33
2025-11-16 15:28:39.530,373,18123.28
2025-11-16 15:28:39.530,374,25064.0
2025-11-16 15:28:39.530,375,24734.57
2025-11-16 15:28:39.530,376,346048.91
2025-11-16 15:28:39.530,377,27418.54
2025-11-16 15:28:39.530,378,46843.01
2025-11-16 15:28:39.530,379,15799.05
2025-11-16 15:28:39.530,380,39283.93
2025-11-16 15:28:39.530,381,129670.22
2025-11-16 15:28:39.530,382,47161.71
2025-11-16 15:28:39.530,383,47161.71
2025-11-16 15:28:39.530,384,15268.68
2025-11-16 15:28:39.530,385,15300.2
2025-11-16 15:28:39.530,386,14416.64
2025-11-16 15:28:39.530,387,14896.38
2025-11-16 15:28:39.530,388,14097.35
2025-11-16 15:28:39.530,389,14154.79
2025-11-16 15:28:39.530,390,14083.04
2025-11-16 15:28:39.530,391,14183.61
2025-11-16 15:28:39.530,392,14154.79
2025-11-16 15:28:39.530,393,14068.74
2025-11-16 15:28:39.530,394,14534.84
2025-11-16 15:28:39.530,395,14198.04
2025-11-16 15:28:39.530,396,15019.26
2025-11-16 15:28:39.530,397,14896.38
2025-11-16 15:28:39.530,398,15174.57
2025-11-16 15:28:39.530,399,14774.7
2025-11-16 15:28:39.530,400,15848.37
2025-11-16 15:28:39.530,401,15331.81
2025-11-16 15:28:39.530,402,16352.05
2025-11-16 15:28:39.530,403,16403.5
2025-11-16 15:28:39.530,404,15947.57
2025-11-16 15:28:39.530,405,16698.84
2025-11-16 15:28:39.530,406,15268.68
2025-11-16 15:28:39.530,407,16769.29
2025-11-16 15:28:39.530,408,15749.92
2025-11-16 15:28:39.530,409,15930.98
2025-11-16 15:28:39.530,410,17929.79
2025-11-16 15:28:39.530,411,16769.29
2025-11-16 15:28:39.530,412,16455.14
2025-11-16 15:28:39.530,413,15848.37
2025-11-16 15:28:39.530,414,16232.79
2025-11-16 15:28:39.530,415,16249.76
2025-11-16 15:28:39.530,416,48305.81
2025-11-16 15:28:39.530,417,16840.11
2025-11-16 15:28:39.530,418,17291.33
2025-11-16 15:28:39.530,419,16386.33
2025-11-16 15:28:39.530,420,16420.69
2025-11-16 15:28:39.530,421,18822.0
2025-11-16 15:28:39.530,422,25094.26
2025-11-16 15:28:39.530,423,24853.65
2025-11-16 15:28:39.530,424,346048.91
2025-11-16 15:28:39.530,425,27765.84
2025-11-16 15:28:39.530,426,47001.92
2025-11-16 15:28:39.530,427,16014.12
2025-11-16 15:28:39.530,428,39403.42
2025-11-16 15:28:39.530,429,129670.22
2025-11-16 15:28:39.530,430,48305.81
2025-11-16 15:28:39.530,431,48305.81
2025-11-16 15:28:39.530,432,15081.15
2025-11-16 15:28:39.530,433,15034.71
2025-11-16 15:28:39.530,434,14097.35
2025-11-16 15:28:39.530,435,14416.64
2025-11-16 15:28:39.530,436,13926.67
2025-11-16 15:28:39.530,437,14097.35
2025-11-16 15:28:39.530,438,13926.67
2025-11-16 15:28:39.530,439,14097.35
2025-11-16 15:28:39.530,440,13870.31
2025-11-16 15:28:39.530,441,13842.23
2025-11-16 15:28:39.530,442,14126.04
2025-11-16 15:28:39.530,443,13983.3
2025-11-16 15:28:39.530,444,14805.01
2025-11-16 15:28:39.530,445,14609.3
2025-11-16 15:28:39.530,446,14957.67
2025-11-16 15:28:39.530,447,14654.19
2025-11-16 15:28:39.530,448,15331.81
2025-11-16 15:28:39.530,449,14744.46
2025-11-16 15:28:39.530,450,15881.35
2025-11-16 15:28:39.530,451,16047.52
2025-11-16 15:28:39.530,452,15603.64
2025-11-16 15:28:39.530,453,16148.25
2025-11-16 15:28:39.530,454,14926.99
2025-11-16 15:28:39.530,455,16386.33
2025-11-16 15:28:39.530,456,14850.61
2025-11-16 15:28:39.530,457,15395.25
2025-11-16 15:28:39.530,458,17236.39
2025-11-16 15:28:39.530,459,16114.59
2025-11-16 15:28:39.530,460,16014.12
2025-11-16 15:28:39.530,461,15684.7
2025-11-16 15:28:39.530,462,15831.91
2025-11-16 15:28:39.530,463,15864.85
2025-11-16 15:28:39.530,464,46527.84
2025-11-16 15:28:39.530,465,16352.05
2025-11-16 15:28:39.530,466,16681.28
2025-11-16 15:28:39.530,467,16030.81
2025-11-16 15:28:39.530,468,16047.52
2025-11-16 15:28:39.530,469,17872.27
2025-11-16 15:28:39.530,470,24498.84
2025-11-16 15:28:39.530,471,24208.61
2025-11-16 15:28:39.530,472,342978.47
2025-11-16 15:28:39.530,473,26909.36
2025-11-16 15:28:39.530,474,45907.83
2025-11-16 15:28:39.530,475,15395.25
2025-11-16 15:28:39.530,476,37781.43
2025-11-16 15:28:39.530,477,125504.14
2025-11-16 15:28:39.530,478,45754.95
2025-11-16 15:28:39.530,479,45754.95
2025-11-16 15:28:39.530,480,14564.57
2025-11-16 15:28:39.530,481,14534.84
2025-11-16 15:28:39.530,482,13619.93
2025-11-16 15:28:39.530,483,13954.95
2025-11-16 15:28:39.530,484,13428.77
2025-11-16 15:28:39.530,485,13606.17
2025-11-16 15:28:39.530,486,13428.77
2025-11-16 15:28:39.530,487,13455.89
2025-11-16 15:28:39.530,488,13455.89
2025-11-16 15:28:39.530,489,13442.32
2025-11-16 15:28:39.530,490,13688.95
2025-11-16 15:28:39.530,491,13428.77
2025-11-16 15:28:39.530,492,14212.49
2025-11-16 15:28:39.530,493,13898.46
2025-11-16 15:28:39.530,494,14624.25
2025-11-16 15:28:39.530,495,14154.79
2025-11-16 15:28:39.530,496,15143.35
2025-11-16 15:28:39.530,497,14594.37
2025-11-16 15:28:39.530,498,15507.04
2025-11-16 15:28:39.530,499,15668.45
2025-11-16 15:28:39.530,500,15174.57
2025-11-16 15:28:39.530,501,15782.65
2025-11-16 15:28:39.530,502,14387.27
2025-11-16 15:28:39.530,503,16081.01
2025-11-16 15:28:39.530,504,15019.26
2025-11-16 15:28:39.530,505,15127.77
2025-11-16 15:28:39.530,506,16911.3
2025-11-16 15:28:39.530,507,15914.42
2025-11-16 15:28:39.530,508,15395.25
2025-11-16 15:28:39.530,509,15127.77
2025-11-16 15:28:39.530,510,15539.16
2025-11-16 15:28:39.530,511,15587.49
2025-11-16 15:28:39.530,512,46138.74
2025-11-16 15:28:39.530,513,15881.35
2025-11-16 15:28:39.530,514,16403.5
2025-11-16 15:28:39.530,515,15749.92
2025-11-16 15:28:39.530,516,15897.87
2025-11-16 15:28:39.530,517,18026.2
2025-11-16 15:28:39.530,518,23754.24
2025-11-16 15:28:39.530,519,23923.21
2025-11-16 15:28:39.530,520,346048.91
2025-11-16 15:28:39.530,521,26875.9
2025-11-16 15:28:39.530,522,45754.95
2025-11-16 15:28:39.530,523,15300.2
2025-11-16 15:28:39.530,524,37837.53
2025-11-16 15:28:39.530,525,124611.84
2025-11-16 15:28:39.530,526,45754.95
2025-11-16 15:28:39.530,527,45754.95
2025-11-16 15:28:39.530,528,14805.01
2025-11-16 15:28:39.530,529,14774.7
2025-11-16 15:28:39.530,530,13758.38
2025-11-16 15:28:39.530,531,14212.49
2025-11-16 15:28:39.530,532,13647.49
2025-11-16 15:28:39.530,533,13758.38
2025-11-16 15:28:39.530,534,13675.12
2025-11-16 15:28:39.530,535,13828.22
2025-11-16 15:28:39.530,536,13619.93
2025-11-16 15:28:39.530,537,13647.49
2025-11-16 15:28:39.530,538,13870.31
2025-11-16 15:28:39.530,539,13730.56
2025-11-16 15:28:39.530,540,14594.37
2025-11-16 15:28:39.530,541,14328.73
2025-11-16 15:28:39.530,542,14850.61
2025-11-16 15:28:39.530,543,14401.95
2025-11-16 15:28:39.530,544,15587.49
2025-11-16 15:28:39.530,545,14988.43
2025-11-16 15:28:39.530,546,16014.12
2025-11-16 15:28:39.530,547,15652.22
2025-11-16 15:28:39.530,548,15523.09
2025-11-16 15:28:39.530,549,16148.25
2025-11-16 15:28:39.530,550,14774.7
2025-11-16 15:28:39.530,551,16182.0
2025-11-16 15:28:39.530,552,15127.77
2025-11-16 15:28:39.530,553,15331.81
2025-11-16 15:28:39.530,554,17236.39
2025-11-16 15:28:39.530,555,16148.25
2025-11-16 15:28:39.530,556,15684.7
2025-11-16 15:28:39.530,557,15331.81
2025-11-16 15:28:39.530,558,15652.22
2025-11-16 15:28:39.530,559,15749.92
2025-11-16 15:28:39.530,560,47322.41
2025-11-16 15:28:39.530,561,16148.25
2025-11-16 15:28:39.530,562,16786.96
2025-11-16 15:28:39.530,563,16014.12
2025-11-16 15:28:39.530,564,16014.12
2025-11-16 15:28:39.530,565,18181.84
2025-11-16 15:28:39.530,566,24586.87
2025-11-16 15:28:39.530,567,24266.27
2025-11-16 15:28:39.530,568,349173.25
2025-11-16 15:28:39.530,569,27111.36
2025-11-16 15:28:39.530,570,46371.55
2025-11-16 15:28:39.530,571,15523.09
2025-11-16 15:28:39.530,572,38405.8
2025-11-16 15:28:39.530,573,125954.73
2025-11-16 15:28:39.530,574,45984.59
2025-11-16 15:28:39.530,575,45984.59
2025-11-16 15:28:39.530,576,14774.7
2025-11-16 15:28:39.530,577,14744.46
2025-11-16 15:28:39.530,578,13983.3
2025-11-16 15:28:39.530,579,14416.64
2025-11-16 15:28:39.530,580,13730.56
2025-11-16 15:28:39.530,581,13842.23
2025-11-16 15:28:39.530,582,13702.81
2025-11-16 15:28:39.530,583,13744.46
2025-11-16 15:28:39.530,584,13675.12
2025-11-16 15:28:39.530,585,13619.93
2025-11-16 15:28:39.530,586,13814.22
2025-11-16 15:28:39.530,587,13675.12
2025-11-16 15:28:39.530,588,14609.3
2025-11-16 15:28:39.530,589,14212.49
2025-11-16 15:28:39.530,590,14820.19
2025-11-16 15:28:39.530,591,14357.96
2025-11-16 15:28:39.530,592,15363.49
2025-11-16 15:28:39.530,593,14759.57
2025-11-16 15:28:39.530,594,15636.01
2025-11-16 15:28:39.530,595,15782.65
2025-11-16 15:28:39.530,596,15300.2
2025-11-16 15:28:39.530,597,16014.12
2025-11-16 15:28:39.530,598,14226.96
2025-11-16 15:28:39.530,599,16047.52
2025-11-16 15:28:39.530,600,15081.15
2025-11-16 15:28:39.530,601,14926.99
2025-11-16 15:28:39.530,602,16875.66
2025-11-16 15:28:39.530,603,15914.42
2025-11-16 15:28:39.530,604,15411.16
2025-11-16 15:28:39.530,605,14896.38
2025-11-16 15:28:39.530,606,15112.21
2025-11-16 15:28:39.530,607,14314.14
2025-11-16 15:28:39.530,608,44928.77
2025-11-16 15:28:39.530,609,15268.68
2025-11-16 15:28:39.530,610,16420.69
2025-11-16 15:28:39.530,611,15491.01
2025-11-16 15:28:39.530,612,15782.65
2025-11-16 15:28:39.530,613,17910.59
2025-11-16 15:28:39.530,614,24208.61
2025-11-16 15:28:39.530,615,24036.8
2025-11-16 15:28:39.530,616,328387.41
2025-11-16 15:28:39.530,617,26809.18
2025-11-16 15:28:39.530,618,45678.82
2025-11-16 15:28:39.530,619,14988.43
2025-11-16 15:28:39.530,620,37447.59
2025-11-16 15:28:39.530,621,122431.63
2025-11-16 15:28:39.530,622,45151.65
2025-11-16 15:28:39.530,623,45151.65
2025-11-16 15:28:39.530,624,14774.7
2025-11-16 15:28:39.530,625,14744.46
2025-11-16 15:28:39.530,626,13842.23
2025-11-16 15:28:39.530,627,14212.49
2025-11-16 15:28:39.530,628,13455.89
2025-11-16 15:28:39.530,629,13870.31
2025-11-16 15:28:39.530,630,13647.49
2025-11-16 15:28:39.530,631,13702.81
2025-11-16 15:28:39.530,632,13758.38
2025-11-16 15:28:39.530,633,13716.68
2025-11-16 15:28:39.530,634,13758.38
2025-11-16 15:28:39.530,635,13702.81
2025-11-16 15:28:39.530,636,14416.64
2025-11-16 15:28:39.530,637,14285.01
2025-11-16 15:28:39.530,638,14789.84
2025-11-16 15:28:39.530,639,14387.27
2025-11-16 15:28:39.530,640,15491.01
2025-11-16 15:28:39.530,641,14564.57
2025-11-16 15:28:39.530,642,15799.05
2025-11-16 15:28:39.530,643,15831.91
2025-11-16 15:28:39.530,644,15347.64
2025-11-16 15:28:39.530,645,16014.12
2025-11-16 15:28:39.530,646,14805.01
2025-11-16 15:28:39.530,647,16198.91
2025-11-16 15:28:39.530,648,15237.23
2025-11-16 15:28:39.530,649,15300.2
2025-11-16 15:28:39.530,650,17236.39
2025-11-16 15:28:39.530,651,16114.59
2025-11-16 15:28:39.530,652,15668.45
2025-11-16 15:28:39.530,653,15174.57
2025-11-16 15:28:39.530,654,15603.64
2025-11-16 15:28:39.530,655,15587.49
2025-11-16 15:28:39.530,656,44854.87
2025-11-16 15:28:39.530,657,16014.12
2025-11-16 15:28:39.530,658,16334.95
2025-11-16 15:28:39.530,659,15652.22
2025-11-16 15:28:39.530,660,15947.57
2025-11-16 15:28:39.530,661,18084.37
2025-11-16 15:28:39.530,662,24616.31
2025-11-16 15:28:39.530,663,24093.88
2025-11-16 15:28:39.530,664,317555.0
2025-11-16 15:28:39.530,665,26742.69
2025-11-16 15:28:39.530,666,46061.56
2025-11-16 15:28:39.530,667,15050.17
2025-11-16 15:28:39.530,668,38120.0
2025-11-16 15:28:39.530,669,125954.73
2025-11-16 15:28:39.530,670,45678.82
2025-11-16 15:28:39.530,671,45678.82
2025-11-16 15:28:39.530,672,14416.64
2025-11-16 15:28:39.530,673,14416.64
2025-11-16 15:28:39.530,674,13983.3
2025-11-16 15:28:39.530,675,14040.19
2025-11-16 15:28:39.530,676,14054.46
2025-11-16 15:28:39.530,677,14212.49
2025-11-16 15:28:39.530,678,14097.35
2025-11-16 15:28:39.530,679,14097.35
2025-11-16 15:28:39.530,680,14154.79
2025-11-16 15:28:39.530,681,14083.04
2025-11-16 15:28:39.530,682,14357.96
2025-11-16 15:28:39.530,683,14212.49
2025-11-16 15:28:39.530,684,14881.11
2025-11-16 15:28:39.530,685,14669.19
2025-11-16 15:28:39.530,686,15268.68
2025-11-16 15:28:39.530,687,14534.84
2025-11-16 15:28:39.530,688,15864.85
2025-11-16 15:28:39.530,689,15174.57
2025-11-16 15:28:39.530,690,16215.84
2025-11-16 15:28:39.530,691,16352.05
2025-11-16 15:28:39.530,692,15864.85
2025-11-16 15:28:39.530,693,16455.14
2025-11-16 15:28:39.530,694,15347.64
2025-11-16 15:28:39.530,695,16911.3
2025-11-16 15:28:39.530,696,15636.01
2025-11-16 15:28:39.530,697,15881.35
2025-11-16 15:28:39.530,698,17757.91
2025-11-16 15:28:39.530,699,16716.42
2025-11-16 15:28:39.530,700,16386.33
2025-11-16 15:28:39.530,701,15815.47
2025-11-16 15:28:39.530,702,16232.79
2025-11-16 15:28:39.530,703,16249.76
2025-11-16 15:28:39.530,704,47081.7
2025-11-16 15:28:39.530,705,16840.11
2025-11-16 15:28:39.530,706,17272.99
2025-11-16 15:28:39.530,707,16611.29
2025-11-16 15:28:39.530,708,16628.76
2025-11-16 15:28:39.530,709,18618.86
2025-11-16 15:28:39.530,710,25033.8
2025-11-16 15:28:39.530,711,24853.65
2025-11-16 15:28:39.530,712,346048.91
2025-11-16 15:28:39.530,713,27836.08
2025-11-16 15:28:39.530,714,48641.14
2025-11-16 15:28:39.530,715,16047.52
2025-11-16 15:28:39.530,716,39343.6
2025-11-16 15:28:39.530,717,128722.46
2025-11-16 15:28:39.530,718,48305.81
2025-11-16 15:28:39.530,719,48305.81
2025-11-16 15:28:39.530,720,14926.99
2025-11-16 15:28:39.530,721,14789.84
2025-11-16 15:28:39.530,722,14401.95
2025-11-16 15:28:39.530,723,14805.01
2025-11-16 15:28:39.530,724,14212.49
2025-11-16 15:28:39.530,725,14328.73
2025-11-16 15:28:39.530,726,14299.57
2025-11-16 15:28:39.530,727,14299.57
2025-11-16 15:28:39.530,728,14416.64
2025-11-16 15:28:39.530,729,14372.61
2025-11-16 15:28:39.530,730,14624.25
2025-11-16 15:28:39.530,731,14505.19
2025-11-16 15:28:39.530,732,15174.57
2025-11-16 15:28:39.530,733,15065.65
2025-11-16 15:28:39.530,734,15523.09
2025-11-16 15:28:39.530,735,14957.67
2025-11-16 15:28:39.530,736,16114.59
2025-11-16 15:28:39.530,737,15491.01
2025-11-16 15:28:39.530,738,16386.33
2025-11-16 15:28:39.530,739,16628.76
2025-11-16 15:28:39.530,740,15897.87
2025-11-16 15:28:39.530,741,16698.84
2025-11-16 15:28:39.530,742,15363.49
2025-11-16 15:28:39.530,743,16875.66
2025-11-16 15:28:39.530,744,15815.47
2025-11-16 15:28:39.530,745,15848.37
2025-11-16 15:28:39.530,746,17872.27
2025-11-16 15:28:39.530,747,16840.11
2025-11-16 15:28:39.530,748,16386.33
2025-11-16 15:28:39.530,749,16114.59
2025-11-16 15:28:39.530,750,16249.76
2025-11-16 15:28:39.530,751,16352.05
2025-11-16 15:28:39.530,752,47001.92
2025-11-16 15:28:39.530,753,16911.3
2025-11-16 15:28:39.530,754,17364.93
2025-11-16 15:28:39.530,755,16593.85
2025-11-16 15:28:39.530,756,16698.84
2025-11-16 15:28:39.530,757,18801.55
2025-11-16 15:28:39.530,758,25094.26
2025-11-16 15:28:39.530,759,24794.01
2025-11-16 15:28:39.530,760,331208.34
2025-11-16 15:28:39.530,761,27836.08
2025-11-16 15:28:39.530,762,47484.0
2025-11-16 15:28:39.530,763,16148.25
2025-11-16 15:28:39.530,764,39343.6
2025-11-16 15:28:39.530,765,130631.02
2025-11-16 15:28:39.530,766,47322.41
2025-11-16 15:28:39.530,767,47322.41
2025-11-16 15:28:39.530,768,16014.12
2025-11-16 15:28:39.530,769,15914.42
2025-11-16 15:28:39.530,770,15143.35
2025-11-16 15:28:39.530,771,15603.64
2025-11-16 15:28:39.530,772,14789.84
2025-11-16 15:28:39.530,773,14865.85
2025-11-16 15:28:39.530,774,14744.46
2025-11-16 15:28:39.530,775,14805.01
2025-11-16 15:28:39.530,776,15019.26
2025-11-16 15:28:39.530,777,14911.68
2025-11-16 15:28:39.530,778,15096.68
2025-11-16 15:28:39.530,779,15050.17
2025-11-16 15:28:39.530,780,15652.22
2025-11-16 15:28:39.530,781,15507.04
2025-11-16 15:28:39.530,782,15864.85
2025-11-16 15:28:39.530,783,15331.81
2025-11-16 15:28:39.530,784,16593.85
2025-11-16 15:28:39.530,785,15782.65
2025-11-16 15:28:39.530,786,16628.76
2025-11-16 15:28:39.530,787,16893.47
2025-11-16 15:28:39.530,788,15914.42
2025-11-16 15:28:39.530,789,16840.11
2025-11-16 15:28:39.530,790,15848.37
2025-11-16 15:28:39.530,791,17272.99
2025-11-16 15:28:39.530,792,16249.76
2025-11-16 15:28:39.530,793,16249.76
2025-11-16 15:28:39.530,794,18458.39
2025-11-16 15:28:39.530,795,17145.3
2025-11-16 15:28:39.530,796,16911.3
2025-11-16 15:28:39.530,797,16628.76
2025-11-16 15:28:39.530,798,16769.29
2025-11-16 15:28:39.530,799,17163.47
2025-11-16 15:28:39.530,800,48139.58
2025-11-16 15:28:39.530,801,17476.08
2025-11-16 15:28:39.530,802,17949.02
2025-11-16 15:28:39.530,803,17145.3
2025-11-16 15:28:39.530,804,17199.88
2025-11-16 15:28:39.530,805,19534.67
2025-11-16 15:28:39.530,806,25836.37
2025-11-16 15:28:39.530,807,25276.9
2025-11-16 15:28:39.530,808,362238.63
2025-11-16 15:28:39.530,809,29071.17
2025-11-16 15:28:39.530,810,48389.29
2025-11-16 15:28:39.530,811,16734.02
2025-11-16 15:28:39.530,812,40505.41
2025-11-16 15:28:39.530,813,133594.3
2025-11-16 15:28:39.530,814,49065.75
2025-11-16 15:28:39.530,815,49065.75
2025-11-16 15:28:39.530,816,16215.84
2025-11-16 15:28:39.530,817,16215.84
2025-11-16 15:28:39.530,818,15300.2
2025-11-16 15:28:39.530,819,15766.28
2025-11-16 15:28:39.530,820,15081.15
2025-11-16 15:28:39.530,821,15190.2
2025-11-16 15:28:39.530,822,15081.15
2025-11-16 15:28:39.530,823,15252.94
2025-11-16 15:28:39.530,824,15205.86
2025-11-16 15:28:39.530,825,15081.15
2025-11-16 15:28:39.530,826,15491.01
2025-11-16 15:28:39.530,827,15363.49
2025-11-16 15:28:39.530,828,15848.37
2025-11-16 15:28:39.530,829,15782.65
2025-11-16 15:28:39.530,830,15652.22
2025-11-16 15:28:39.530,831,15603.64
2025-11-16 15:28:39.530,832,16840.11
2025-11-16 15:28:39.530,833,15848.37
2025-11-16 15:28:39.530,834,16663.75
2025-11-16 15:28:39.530,835,17236.39
2025-11-16 15:28:39.530,836,16081.01
2025-11-16 15:28:39.530,837,16386.33
2025-11-16 15:28:39.530,838,15766.28
2025-11-16 15:28:39.530,839,17494.69
2025-11-16 15:28:39.530,840,16663.75
2025-11-16 15:28:39.530,841,16698.84
2025-11-16 15:28:39.530,842,18822.0
2025-11-16 15:28:39.530,843,17776.91
2025-11-16 15:28:39.530,844,17383.4
2025-11-16 15:28:39.530,845,16982.88
2025-11-16 15:28:39.530,846,17476.08
2025-11-16 15:28:39.530,847,17420.39
2025-11-16 15:28:39.530,848,49845.72
2025-11-16 15:28:39.530,849,17949.02
2025-11-16 15:28:39.530,850,18378.83
2025-11-16 15:28:39.530,851,17457.49
2025-11-16 15:28:39.530,852,17757.91
2025-11-16 15:28:39.530,853,19926.36
2025-11-16 15:28:39.530,854,26610.43
2025-11-16 15:28:39.530,855,26283.89
2025-11-16 15:28:39.530,856,376290.09
2025-11-16 15:28:39.530,857,29526.5
2025-11-16 15:28:39.530,858,50199.01
2025-11-16 15:28:39.530,859,17199.88
2025-11-16 15:28:39.530,860,42320.58
2025-11-16 15:28:39.530,861,128722.46
2025-11-16 15:28:39.530,862,50556.48
2025-11-16 15:28:39.530,863,50556.48
2025-11-16 15:28:39.530,864,17309.7
2025-11-16 15:28:39.530,865,17054.83
2025-11-16 15:28:39.530,866,16081.01
2025-11-16 15:28:39.530,867,16249.76
2025-11-16 15:28:39.530,868,15799.05
2025-11-16 15:28:39.530,869,16047.52
2025-11-16 15:28:39.530,870,15848.37
2025-11-16 15:28:39.530,871,15914.42
2025-11-16 15:28:39.530,872,15700.98
2025-11-16 15:28:39.530,873,15782.65
2025-11-16 15:28:39.530,874,16047.52
2025-11-16 15:28:39.530,875,15930.98
2025-11-16 15:28:39.530,876,16352.05
2025-11-16 15:28:39.530,877,16386.33
2025-11-16 15:28:39.530,878,16455.14
2025-11-16 15:28:39.530,879,16014.12
2025-11-16 15:28:39.530,880,17346.5
2025-11-16 15:28:39.530,881,16131.41
2025-11-16 15:28:39.530,882,17531.99
2025-11-16 15:28:39.530,883,17910.59
2025-11-16 15:28:39.530,884,16386.33
2025-11-16 15:28:39.530,885,17346.5
2025-11-16 15:28:39.530,886,16840.11
2025-11-16 15:28:39.530,887,18103.81
2025-11-16 15:28:39.530,888,17018.8
2025-11-16 15:28:39.530,889,16911.3
2025-11-16 15:28:39.530,890,19215.97
2025-11-16 15:28:39.530,891,18103.81
2025-11-16 15:28:39.530,892,17910.59
2025-11-16 15:28:39.530,893,17550.68
2025-11-16 15:28:39.530,894,17834.04
2025-11-16 15:28:39.530,895,17929.79
2025-11-16 15:28:39.530,896,49151.41
2025-11-16 15:28:39.530,897,18398.68
2025-11-16 15:28:39.530,898,18740.4
2025-11-16 15:28:39.530,899,17949.02
2025-11-16 15:28:39.530,900,18064.95
2025-11-16 15:28:39.530,901,20419.37
2025-11-16 15:28:39.530,902,26742.69
2025-11-16 15:28:39.530,903,26775.9
2025-11-16 15:28:39.530,904,379970.25
2025-11-16 15:28:39.530,905,30229.68
2025-11-16 15:28:39.530,906,50199.01
2025-11-16 15:28:39.530,907,17606.89
2025-11-16 15:28:39.530,908,41723.1
2025-11-16 15:28:39.530,909,137745.05
2025-11-16 15:28:39.530,910,50377.22
2025-11-16 15:28:39.530,911,50377.22
2025-11-16 15:28:39.530,912,22907.26
2025-11-16 15:28:39.530,913,22960.62
2025-11-16 15:28:39.530,914,21455.57
2025-11-16 15:28:39.530,915,22203.33
2025-11-16 15:28:39.530,916,21626.94
2025-11-16 15:28:39.530,917,21700.95
2025-11-16 15:28:39.530,918,21382.69
2025-11-16 15:28:39.530,919,21358.47
2025-11-16 15:28:39.530,920,21431.24
2025-11-16 15:28:39.530,921,21286.04
2025-11-16 15:28:39.530,922,21925.08
2025-11-16 15:28:39.530,923,21651.57
2025-11-16 15:28:39.530,924,22050.96
2025-11-16 15:28:39.530,925,22152.38
2025-11-16 15:28:39.530,926,20215.74
2025-11-16 15:28:39.530,927,21602.34
2025-11-16 15:28:39.530,928,22203.33
2025-11-16 15:28:39.530,929,21750.49
2025-11-16 15:28:39.530,930,23148.76
2025-11-16 15:28:39.530,931,23670.38
2025-11-16 15:28:39.530,932,22408.76
2025-11-16 15:28:39.530,933,23586.93
2025-11-16 15:28:39.530,934,22152.38
2025-11-16 15:28:39.530,935,22408.76
2025-11-16 15:28:39.530,936,23148.76
2025-11-16 15:28:39.530,937,23284.46
2025-11-16 15:28:39.530,938,25154.93
2025-11-16 15:28:39.530,939,24208.61
2025-11-16 15:28:39.530,940,23339.05
2025-11-16 15:28:39.530,941,23614.7
2025-11-16 15:28:39.530,942,23754.24
2025-11-16 15:28:39.530,943,24093.88
2025-11-16 15:28:39.530,944,62628.1
2025-11-16 15:28:39.530,945,24853.65
2025-11-16 15:28:39.530,946,25246.33
2025-11-16 15:28:39.530,947,24151.15
2025-11-16 15:28:39.530,948,24498.84
2025-11-16 15:28:39.530,949,27247.26
2025-11-16 15:28:39.530,950,34689.0
2025-11-16 15:28:39.530,951,34836.58
2025-11-16 15:28:39.530,952,521823.06
2025-11-16 15:28:39.530,953,38695.02
2025-11-16 15:28:39.530,954,63411.8
2025-11-16 15:28:39.530,955,23810.38
2025-11-16 15:28:39.530,956,53084.88
2025-11-16 15:28:39.530,957,173552.13
2025-11-16 15:28:39.530,958,63943.71
2025-11-16 15:28:39.530,959,63943.71
2025-11-16 15:28:39.530,960,39224.4
2025-11-16 15:28:39.530,961,38348.37
2025-11-16 15:28:39.530,962,37950.12
2025-11-16 15:28:39.530,963,37781.43
2025-11-16 15:28:39.530,964,37118.37
2025-11-16 15:28:39.530,965,37837.53
2025-11-16 15:28:39.530,966,37172.92
2025-11-16 15:28:39.530,967,37893.76
2025-11-16 15:28:39.530,968,38063.23
2025-11-16 15:28:39.530,969,37725.46
2025-11-16 15:28:39.530,970,37558.35
2025-11-16 15:28:39.530,971,37950.12
2025-11-16 15:28:39.530,972,34156.08
2025-11-16 15:28:39.530,973,36105.25
2025-11-16 15:28:39.530,974,36262.32
2025-11-16 15:28:39.530,975,35949.24
2025-11-16 15:28:39.530,976,36901.41
2025-11-16 15:28:39.530,977,36793.67
2025-11-16 15:28:39.530,978,34252.03
2025-11-16 15:28:39.530,979,37227.6
2025-11-16 15:28:39.530,980,36793.67
2025-11-16 15:28:39.530,981,36686.43
2025-11-16 15:28:39.530,982,37392.4
2025-11-16 15:28:39.530,983,36001.13
2025-11-16 15:28:39.530,984,36105.25
2025-11-16 15:28:39.530,985,36955.46
2025-11-16 15:28:39.530,986,37227.6
2025-11-16 15:28:39.530,987,32720.19
2025-11-16 15:28:39.530,988,38578.92
2025-11-16 15:28:39.530,989,37447.59
2025-11-16 15:28:39.530,990,38578.92
2025-11-16 15:28:39.530,991,41526.96
2025-11-16 15:28:39.530,992,101482.63
2025-11-16 15:28:39.530,993,41397.01
2025-11-16 15:28:39.530,994,38636.91
2025-11-16 15:28:39.530,995,37725.46
2025-11-16 15:28:39.530,996,40256.3
2025-11-16 15:28:39.530,997,43698.91
2025-11-16 15:28:39.530,998,49845.72
2025-11-16 15:28:39.530,999,52409.35
2025-11-16 15:28:39.530,1000,942433.13
2025-11-16 15:28:39.530,1001,63411.8
2025-11-16 15:28:39.530,1002,103337.61
2025-11-16 15:28:39.530,1003,38578.92
2025-11-16 15:28:39.530,1004,80095.27
2025-11-16 15:28:39.530,1005,261133.28
2025-11-16 15:28:39.530,1006,100279.32
2025-11-16 15:28:39.530,1007,100279.32
2025-11-16 15:28:39.530,1008,59653.54
2025-11-16 15:28:39.530,1009,59534.86
2025-11-16 15:28:39.530,1010,58028.08
2025-11-16 15:28:39.530,1011,58599.84
2025-11-16 15:28:39.530,1012,56476.62
2025-11-16 15:28:39.530,1013,58255.64
2025-11-16 15:28:39.530,1014,54890.87
2025-11-16 15:28:39.530,1015,56693.92
2025-11-16 15:28:39.530,1016,56803.11
2025-11-16 15:28:39.530,1017,54378.94
2025-11-16 15:28:39.530,1018,56476.62
2025-11-16 15:28:39.530,1019,56693.92
2025-11-16 15:28:39.530,1020,53975.16
2025-11-16 15:28:39.530,1021,52029.78
2025-11-16 15:28:39.530,1022,55621.39
2025-11-16 15:28:39.530,1023,56368.51
2025-11-16 15:28:39.530,1024,57577.48
2025-11-16 15:28:39.530,1025,55833.13
2025-11-16 15:28:39.530,1026,48556.95
2025-11-16 15:28:39.530,1027,56260.74
2025-11-16 15:28:39.530,1028,49237.32
2025-11-16 15:28:39.530,1029,51654.79
2025-11-16 15:28:39.530,1030,54480.68
2025-11-16 15:28:39.530,1031,42726.61
2025-11-16 15:28:39.530,1032,54277.52
2025-11-16 15:28:39.530,1033,54994.24
2025-11-16 15:28:39.530,1034,53182.58
2025-11-16 15:28:39.530,1035,53182.58
2025-11-16 15:28:39.530,1036,56476.62
2025-11-16 15:28:39.530,1037,55833.13
2025-11-16 15:28:39.530,1038,56693.92
2025-11-16 15:28:39.530,1039,59416.6
2025-11-16 15:28:39.530,1040,137745.05
2025-11-16 15:28:39.530,1041,58369.98
2025-11-16 15:28:39.530,1042,51748.12
2025-11-16 15:28:39.530,1043,54176.42
2025-11-16 15:28:39.530,1044,56153.31
2025-11-16 15:28:39.530,1045,59181.26
2025-11-16 15:28:39.530,1046,59892.09
2025-11-16 15:28:39.530,1047,61987.67
2025-11-16 15:28:39.530,1048,88573.8
2025-11-16 15:28:39.530,1049,88573.8
2025-11-16 15:28:39.530,1050,134100.34
2025-11-16 15:28:39.530,1051,56046.25
2025-11-16 15:28:39.530,1052,113248.5
2025-11-16 15:28:39.530,1053,362238.63
2025-11-16 15:28:39.530,1054,135640.13
2025-11-16 15:28:39.530,1055,135640.13
2025-11-16 15:28:39.530,1056,42863.36
2025-11-16 15:28:39.530,1057,42726.61
2025-11-16 15:28:39.530,1058,41592.18
2025-11-16 15:28:39.530,1059,42053.34
2025-11-16 15:28:39.530,1060,40883.72
2025-11-16 15:28:39.530,1061,41592.18
2025-11-16 15:28:39.530,1062,41267.73
2025-11-16 15:28:39.530,1063,41397.01
2025-11-16 15:28:39.530,1064,41267.73
2025-11-16 15:28:39.530,1065,40756.99
2025-11-16 15:28:39.530,1066,41526.96
2025-11-16 15:28:39.530,1067,40505.41
2025-11-16 15:28:39.530,1068,40756.99
2025-11-16 15:28:39.530,1069,40883.72
2025-11-16 15:28:39.530,1070,41592.18
2025-11-16 15:28:39.530,1071,41139.08
2025-11-16 15:28:39.530,1072,41332.29
2025-11-16 15:28:39.530,1073,40883.72
2025-11-16 15:28:39.530,1074,31713.61
2025-11-16 15:28:39.530,1075,39826.22
2025-11-16 15:28:39.530,1076,33588.98
2025-11-16 15:28:39.530,1077,33310.84
2025-11-16 15:28:39.530,1078,40009.64
2025-11-16 15:28:39.530,1079,35742.86
2025-11-16 15:28:39.530,1080,35034.87
2025-11-16 15:28:39.530,1081,38063.23
2025-11-16 15:28:39.530,1082,36686.43
2025-11-16 15:28:39.530,1083,37725.46
2025-11-16 15:28:39.530,1084,40132.67
2025-11-16 15:28:39.530,1085,40568.07
2025-11-16 15:28:39.530,1086,39826.22
2025-11-16 15:28:39.530,1087,43840.75
2025-11-16 15:28:39.530,1088,102402.48
2025-11-16 15:28:39.530,1089,42455.23
2025-11-16 15:28:39.530,1090,40256.3
2025-11-16 15:28:39.530,1091,40318.35
2025-11-16 15:28:39.530,1092,41526.96
2025-11-16 15:28:39.530,1093,45907.83
2025-11-16 15:28:39.530,1094,44198.61
2025-11-16 15:28:39.530,1095,49065.75
2025-11-16 15:28:39.530,1096,988899.38
2025-11-16 15:28:39.530,1097,63810.02
2025-11-16 15:28:39.530,1098,98234.78
2025-11-16 15:28:39.530,1099,41397.01
2025-11-16 15:28:39.530,1100,86251.47
2025-11-16 15:28:39.530,1101,284551.28
2025-11-16 15:28:39.530,1102,105255.28
2025-11-16 15:28:39.530,1103,105255.28
2025-11-16 15:28:39.530,1104,56260.74
2025-11-16 15:28:39.530,1105,56693.92
2025-11-16 15:28:39.530,1106,54582.74
2025-11-16 15:28:39.530,1107,56476.62
2025-11-16 15:28:39.530,1108,54787.84
2025-11-16 15:28:39.530,1109,55727.09
2025-11-16 15:28:39.530,1110,54480.68
2025-11-16 15:28:39.530,1111,55097.93
2025-11-16 15:28:39.530,1112,54582.74
2025-11-16 15:28:39.530,1113,53280.57
2025-11-16 15:28:39.530,1114,54787.84
2025-11-16 15:28:39.530,1115,55939.52
2025-11-16 15:28:39.530,1116,55306.31
2025-11-16 15:28:39.530,1117,54994.24
2025-11-16 15:28:39.530,1118,55939.52
2025-11-16 15:28:39.530,1119,55201.96
2025-11-16 15:28:39.530,1120,55201.96
2025-11-16 15:28:39.530,1121,54787.84
2025-11-16 15:28:39.530,1122,45451.66
2025-11-16 15:28:39.530,1123,53084.88
2025-11-16 15:28:39.530,1124,51841.71
2025-11-16 15:28:39.530,1125,52029.78
2025-11-16 15:28:39.530,1126,54176.42
2025-11-16 15:28:39.530,1127,51192.37
2025-11-16 15:28:39.530,1128,48980.34
2025-11-16 15:28:39.530,1129,51841.71
2025-11-16 15:28:39.530,1130,49670.62
2025-11-16 15:28:39.530,1131,53084.88
2025-11-16 15:28:39.530,1132,50918.22
2025-11-16 15:28:39.530,1133,52124.24
2025-11-16 15:28:39.530,1134,52218.99
2025-11-16 15:28:39.530,1135,58715.34
2025-11-16 15:28:39.530,1136,130631.02
2025-11-16 15:28:39.530,1137,55201.96
2025-11-16 15:28:39.530,1138,51561.75
2025-11-16 15:28:39.530,1139,50556.48
2025-11-16 15:28:39.530,1140,55201.96
2025-11-16 15:28:39.530,1141,61608.8
2025-11-16 15:28:39.530,1142,59772.61
2025-11-16 15:28:39.530,1143,66150.61
2025-11-16 15:28:39.530,1144,89051.75
2025-11-16 15:28:39.530,1145,89051.75
2025-11-16 15:28:39.530,1146,135640.13
2025-11-16 15:28:39.530,1147,54994.24
2025-11-16 15:28:39.530,1148,119906.74
2025-11-16 15:28:39.530,1149,395419.56
2025-11-16 15:28:39.530,1150,145616.44
2025-11-16 15:28:39.530,1151,145616.44
2025-11-16 15:28:39.530,1152,98522.22
2025-11-16 15:28:39.530,1153,94098.91
2025-11-16 15:28:39.530,1154,93309.35
2025-11-16 15:28:39.530,1155,92019.64
2025-11-16 15:28:39.530,1156,92531.65
2025-11-16 15:28:39.530,1157,94364.8
2025-11-16 15:28:39.530,1158,91512.71
2025-11-16 15:28:39.530,1159,94098.91
2025-11-16 15:28:39.530,1160,93048.8
2025-11-16 15:28:39.530,1161,91512.71
2025-11-16 15:28:39.530,1162,92531.65
2025-11-16 15:28:39.530,1163,91010.8
2025-11-16 15:28:39.530,1164,90513.82
2025-11-16 15:28:39.530,1165,90513.82
2025-11-16 15:28:39.530,1166,93048.8
2025-11-16 15:28:39.530,1167,90513.82
2025-11-16 15:28:39.530,1168,93048.8
2025-11-16 15:28:39.530,1169,87167.16
2025-11-16 15:28:39.530,1170,87631.56
2025-11-16 15:28:39.530,1171,91512.71
2025-11-16 15:28:39.530,1172,87167.16
2025-11-16 15:28:39.530,1173,92019.64
2025-11-16 15:28:39.530,1174,89051.75
2025-11-16 15:28:39.530,1175,90021.7
2025-11-16 15:28:39.530,1176,86707.14
2025-11-16 15:28:39.530,1177,83819.96
2025-11-16 15:28:39.530,1178,86251.47
2025-11-16 15:28:39.530,1179,89534.38
2025-11-16 15:28:39.530,1180,80294.42
2025-11-16 15:28:39.530,1181,86936.61
2025-11-16 15:28:39.530,1182,79896.98
2025-11-16 15:28:39.530,1183,98522.22
2025-11-16 15:28:39.530,1184,182175.47
2025-11-16 15:28:39.530,1185,86707.14
2025-11-16 15:28:39.530,1186,80294.42
2025-11-16 15:28:39.530,1187,75386.48
2025-11-16 15:28:39.530,1188,77583.78
2025-11-16 15:28:39.530,1189,91512.71
2025-11-16 15:28:39.530,1190,72958.16
2025-11-16 15:28:39.530,1191,83604.98
2025-11-16 15:28:39.530,1192,861364.44
2025-11-16 15:28:39.530,1193,134609.98
2025-11-16 15:28:39.530,1194,176906.95
2025-11-16 15:28:39.530,1195,80494.47
2025-11-16 15:28:39.530,1196,169524.13
2025-11-16 15:28:39.530,1197,558763.94
2025-11-16 15:28:39.530,1198,212483.69
2025-11-16 15:28:39.530,1199,212483.69
2025-11-16 15:28:39.530,1200,387544.88
2025-11-16 15:28:39.530,1201,352352.88
2025-11-16 15:28:39.530,1202,355589.28
2025-11-16 15:28:39.530,1203,349173.25
2025-11-16 15:28:39.530,1204,346048.91
2025-11-16 15:28:39.530,1205,365654.84
2025-11-16 15:28:39.530,1206,346048.91
2025-11-16 15:28:39.530,1207,372678.72
2025-11-16 15:28:39.530,1208,349173.25
2025-11-16 15:28:39.530,1209,339960.47
2025-11-16 15:28:39.530,1210,383721.19
2025-11-16 15:28:39.530,1211,376290.09
2025-11-16 15:28:39.530,1212,365654.84
2025-11-16 15:28:39.530,1213,358884.03
2025-11-16 15:28:39.530,1214,336993.63
2025-11-16 15:28:39.530,1215,288853.09
2025-11-16 15:28:39.530,1216,322883.13
2025-11-16 15:28:39.530,1217,331208.34
2025-11-16 15:28:39.530,1218,280371.47
2025-11-16 15:28:39.530,1219,288853.09
2025-11-16 15:28:39.530,1220,317555.0
2025-11-16 15:28:39.530,1221,336993.63
2025-11-16 15:28:39.530,1222,295546.66
2025-11-16 15:28:39.530,1223,293282.41
2025-11-16 15:28:39.530,1224,300178.03
2025-11-16 15:28:39.530,1225,254133.06
2025-11-16 15:28:39.530,1226,317555.0
2025-11-16 15:28:39.530,1227,293282.41
2025-11-16 15:28:39.530,1228,284551.28
2025-11-16 15:28:39.530,1229,284551.28
2025-11-16 15:28:39.530,1230,293282.41
2025-11-16 15:28:39.530,1231,339960.47
2025-11-16 15:28:39.530,1232,566776.38
2025-11-16 15:28:39.530,1233,291051.47
2025-11-16 15:28:39.530,1234,322883.13
2025-11-16 15:28:39.530,1235,297844.91
2025-11-16 15:28:39.530,1236,261133.28
2025-11-16 15:28:39.530,1237,336993.63
2025-11-16 15:28:39.530,1238,395419.56
2025-11-16 15:28:39.530,1239,450099.75
2025-11-16 15:28:39.530,1240,495554.03
2025-11-16 15:28:39.530,1241,495554.03
2025-11-16 15:28:39.530,1242,684112.31
2025-11-16 15:28:39.530,1243,328387.41
2025-11-16 15:28:39.530,1244,650520.19
2025-11-16 15:28:39.530,1245,684112.31
2025-11-16 15:28:39.530,1246,684112.31
2025-11-16 15:28:39.530,1247,684112.31
2025-11-16 15:28:39.530,1248,99687.32
2025-11-16 15:28:39.530,1249,97664.48
2025-11-16 15:28:39.530,1250,94364.8
2025-11-16 15:28:39.530,1251,94364.8
2025-11-16 15:28:39.530,1252,92531.65
2025-11-16 15:28:39.530,1253,94632.04
2025-11-16 15:28:39.530,1254,91512.71
2025-11-16 15:28:39.530,1255,91512.71
2025-11-16 15:28:39.530,1256,93309.35
2025-11-16 15:28:39.530,1257,93048.8
2025-11-16 15:28:39.530,1258,93571.2
2025-11-16 15:28:39.530,1259,96541.67
2025-11-16 15:28:39.530,1260,93309.35
2025-11-16 15:28:39.530,1261,96820.16
2025-11-16 15:28:39.530,1262,96820.16
2025-11-16 15:28:39.530,1263,94632.04
2025-11-16 15:28:39.530,1264,93571.2
2025-11-16 15:28:39.530,1265,87398.81
2025-11-16 15:28:39.530,1266,88573.8
2025-11-16 15:28:39.530,1267,68644.23
2025-11-16 15:28:39.530,1268,94098.91
2025-11-16 15:28:39.530,1269,97100.13
2025-11-16 15:28:39.530,1270,93571.2
2025-11-16 15:28:39.530,1271,93571.2
2025-11-16 15:28:39.530,1272,94098.91
2025-11-16 15:28:39.530,1273,90761.7
2025-11-16 15:28:39.530,1274,99101.66
2025-11-16 15:28:39.530,1275,100279.32
2025-11-16 15:28:39.530,1276,94632.04
2025-11-16 15:28:39.530,1277,95170.63
2025-11-16 15:28:39.530,1278,91010.8
2025-11-16 15:28:39.530,1279,102712.45
2025-11-16 15:28:39.530,1280,212483.69
2025-11-16 15:28:39.530,1281,102402.48
2025-11-16 15:28:39.530,1282,101787.58
2025-11-16 15:28:39.530,1283,91010.8
2025-11-16 15:28:39.530,1284,93048.8
2025-11-16 15:28:39.530,1285,107238.9
2025-11-16 15:28:39.530,1286,125056.52
2025-11-16 15:28:39.530,1287,125954.73
2025-11-16 15:28:39.530,1288,153062.25
2025-11-16 15:28:39.530,1289,153062.25
2025-11-16 15:28:39.530,1290,230816.17
2025-11-16 15:28:39.530,1291,103337.61
2025-11-16 15:28:39.530,1292,197793.8
2025-11-16 15:28:39.530,1293,661350.38
2025-11-16 15:28:39.530,1294,255849.03
2025-11-16 15:28:39.530,1295,255849.03
2025-11-16 15:28:39.530,1296,58141.67
2025-11-16 15:28:39.530,1297,57354.41
2025-11-16 15:28:39.530,1298,56912.64
2025-11-16 15:28:39.530,1299,57802.03
2025-11-16 15:28:39.530,1300,54994.24
2025-11-16 15:28:39.530,1301,56260.74
2025-11-16 15:28:39.530,1302,56260.74
2025-11-16 15:28:39.530,1303,56693.92
2025-11-16 15:28:39.530,1304,55833.13
2025-11-16 15:28:39.530,1305,55201.96
2025-11-16 15:28:39.530,1306,56153.31
2025-11-16 15:28:39.530,1307,57354.41
2025-11-16 15:28:39.530,1308,56153.31
2025-11-16 15:28:39.530,1309,56803.11
2025-11-16 15:28:39.530,1310,58028.08
2025-11-16 15:28:39.530,1311,56046.25
2025-11-16 15:28:39.530,1312,57354.41
2025-11-16 15:28:39.530,1313,54378.94
2025-11-16 15:28:39.530,1314,55833.13
2025-11-16 15:28:39.530,1315,54582.74
2025-11-16 15:28:39.530,1316,56693.92
2025-11-16 15:28:39.530,1317,57132.8
2025-11-16 15:28:39.530,1318,55201.96
2025-11-16 15:28:39.530,1319,56803.11
2025-11-16 15:28:39.530,1320,53975.16
2025-11-16 15:28:39.530,1321,47484.0
2025-11-16 15:28:39.530,1322,56476.62
2025-11-16 15:28:39.530,1323,56693.92
2025-11-16 15:28:39.530,1324,52793.59
2025-11-16 15:28:39.530,1325,56368.51
2025-11-16 15:28:39.530,1326,50466.71
2025-11-16 15:28:39.530,1327,58255.64
2025-11-16 15:28:39.530,1328,121579.19
2025-11-16 15:28:39.530,1329,56585.1
2025-11-16 15:28:39.530,1330,56912.64
2025-11-16 15:28:39.530,1331,49496.55
2025-11-16 15:28:39.530,1332,49496.55
2025-11-16 15:28:39.530,1333,61358.41
2025-11-16 15:28:39.530,1334,67012.48
2025-11-16 15:28:39.530,1335,70663.95
2025-11-16 15:28:39.530,1336,988899.38
2025-11-16 15:28:39.530,1337,86707.14
2025-11-16 15:28:39.530,1338,117875.0
2025-11-16 15:28:39.530,1339,55939.52
2025-11-16 15:28:39.530,1340,107915.35
2025-11-16 15:28:39.530,1341,291051.47
2025-11-16 15:28:39.530,1342,123295.2
2025-11-16 15:28:39.530,1343,123295.2
2025-11-16 15:28:39.530,1344,30590.71
2025-11-16 15:28:39.530,1345,30229.68
2025-11-16 15:28:39.530,1346,29184.02
2025-11-16 15:28:39.530,1347,29564.92
2025-11-16 15:28:39.530,1348,28699.64
2025-11-16 15:28:39.530,1349,28996.3
2025-11-16 15:28:39.530,1350,28407.46
2025-11-16 15:28:39.530,1351,28921.71
2025-11-16 15:28:39.530,1352,28810.36
2025-11-16 15:28:39.530,1353,28119.63
2025-11-16 15:28:39.530,1354,29146.33
2025-11-16 15:28:39.530,1355,29146.33
2025-11-16 15:28:39.530,1356,29449.88
2025-11-16 15:28:39.530,1357,29526.5
2025-11-16 15:28:39.530,1358,30309.35
2025-11-16 15:28:39.530,1359,29488.15
2025-11-16 15:28:39.530,1360,30917.09
2025-11-16 15:28:39.530,1361,28958.97
2025-11-16 15:28:39.530,1362,30794.08
2025-11-16 15:28:39.530,1363,30150.32
2025-11-16 15:28:39.530,1364,30550.28
2025-11-16 15:28:39.530,1365,31713.61
2025-11-16 15:28:39.530,1366,28773.39
2025-11-16 15:28:39.530,1367,31248.74
2025-11-16 15:28:39.530,1368,29488.15
2025-11-16 15:28:39.530,1369,26643.4
2025-11-16 15:28:39.530,1370,32232.81
2025-11-16 15:28:39.530,1371,31290.57
2025-11-16 15:28:39.530,1372,29449.88
2025-11-16 15:28:39.530,1373,29914.1
2025-11-16 15:28:39.530,1374,28191.18
2025-11-16 15:28:39.530,1375,31374.49
2025-11-16 15:28:39.530,1376,74854.26
2025-11-16 15:28:39.530,1377,31290.57
2025-11-16 15:28:39.530,1378,31543.36
2025-11-16 15:28:39.530,1379,28516.51
2025-11-16 15:28:39.530,1380,28553.0
2025-11-16 15:28:39.530,1381,33823.5
2025-11-16 15:28:39.530,1382,41139.08
2025-11-16 15:28:39.530,1383,41397.01
2025-11-16 15:28:39.530,1384,684112.31
2025-11-16 15:28:39.530,1385,48473.0
2025-11-16 15:28:39.530,1386,70663.95
2025-11-16 15:28:39.530,1387,30631.22
2025-11-16 15:28:39.530,1388,62370.57
2025-11-16 15:28:39.530,1389,213700.14
2025-11-16 15:28:39.530,1390,76654.66
2025-11-16 15:28:39.530,1391,76654.66
2025-11-16 15:28:39.530,1392,35234.91
2025-11-16 15:28:39.530,1393,35335.6
2025-11-16 15:28:39.530,1394,33729.39
2025-11-16 15:28:39.530,1395,34935.51
2025-11-16 15:28:39.530,1396,33495.87
2025-11-16 15:28:39.530,1397,33823.5
2025-11-16 15:28:39.530,1398,33310.84
2025-11-16 15:28:39.530,1399,33682.49
2025-11-16 15:28:39.530,1400,33870.7
2025-11-16 15:28:39.530,1401,33310.84
2025-11-16 15:28:39.530,1402,33403.16
2025-11-16 15:28:39.530,1403,33870.7
2025-11-16 15:28:39.530,1404,34542.39
2025-11-16 15:28:39.530,1405,34542.39
2025-11-16 15:28:39.530,1406,34542.39
2025-11-16 15:28:39.530,1407,35134.67
2025-11-16 15:28:39.530,1408,36262.32
2025-11-16 15:28:39.530,1409,33635.68
2025-11-16 15:28:39.530,1410,36686.43
2025-11-16 15:28:39.530,1411,35234.91
2025-11-16 15:28:39.530,1412,36053.13
2025-11-16 15:28:39.530,1413,37172.92
2025-11-16 15:28:39.530,1414,35134.67
2025-11-16 15:28:39.530,1415,37118.37
2025-11-16 15:28:39.530,1416,35742.86
2025-11-16 15:28:39.530,1417,34396.74
2025-11-16 15:28:39.530,1418,38636.91
2025-11-16 15:28:39.530,1419,36901.41
2025-11-16 15:28:39.530,1420,35034.87
2025-11-16 15:28:39.530,1421,36157.48
2025-11-16 15:28:39.530,1422,34542.39
2025-11-16 15:28:39.530,1423,37227.6
2025-11-16 15:28:39.530,1424,86707.14
2025-11-16 15:28:39.530,1425,37118.37
2025-11-16 15:28:39.530,1426,37893.76
2025-11-16 15:28:39.530,1427,34935.51
2025-11-16 15:28:39.530,1428,34935.51
2025-11-16 15:28:39.530,1429,41139.08
2025-11-16 15:28:39.530,1430,50199.01
2025-11-16 15:28:39.530,1431,50377.22
2025-11-16 15:28:39.530,1432,762705.19
2025-11-16 15:28:39.530,1433,57132.8
2025-11-16 15:28:39.530,1434,84035.92
2025-11-16 15:28:39.530,1435,36473.41
2025-11-16 15:28:39.530,1436,74503.1
2025-11-16 15:28:39.530,1437,255849.03
2025-11-16 15:28:39.530,1438,93048.8
2025-11-16 15:28:39.530,1439,93048.8
2025-11-16 15:28:39.530,1440,39403.42
2025-11-16 15:28:39.530,1441,38463.37
2025-11-16 15:28:39.530,1442,37669.63
2025-11-16 15:28:39.530,1443,38006.61
2025-11-16 15:28:39.530,1444,37447.59
2025-11-16 15:28:39.530,1445,37781.43
2025-11-16 15:28:39.530,1446,37009.64
2025-11-16 15:28:39.530,1447,37781.43
2025-11-16 15:28:39.530,1448,37227.6
2025-11-16 15:28:39.530,1449,37118.37
2025-11-16 15:28:39.530,1450,37669.63
2025-11-16 15:28:39.530,1451,37725.46
2025-11-16 15:28:39.530,1452,37118.37
2025-11-16 15:28:39.530,1453,38463.37
2025-11-16 15:28:39.530,1454,39224.4
2025-11-16 15:28:39.530,1455,38006.61
2025-11-16 15:28:39.530,1456,40256.3
2025-11-16 15:28:39.530,1457,37725.46
2025-11-16 15:28:39.530,1458,39523.48
2025-11-16 15:28:39.530,1459,38233.91
2025-11-16 15:28:39.530,1460,39403.42
2025-11-16 15:28:39.530,1461,40505.41
2025-11-16 15:28:39.530,1462,37725.46
2025-11-16 15:28:39.530,1463,39644.14
2025-11-16 15:28:39.530,1464,38063.23
2025-11-16 15:28:39.530,1465,32586.16
2025-11-16 15:28:39.530,1466,40380.55
2025-11-16 15:28:39.530,1467,38463.37
2025-11-16 15:28:39.530,1468,34985.13
2025-11-16 15:28:39.530,1469,38695.02
2025-11-16 15:28:39.530,1470,34060.55
2025-11-16 15:28:39.530,1471,39887.21
2025-11-16 15:28:39.530,1472,86707.14
2025-11-16 15:28:39.530,1473,39523.48
2025-11-16 15:28:39.530,1474,39765.37
2025-11-16 15:28:39.530,1475,34156.08
2025-11-16 15:28:39.530,1476,34060.55
2025-11-16 15:28:39.530,1477,43417.48
2025-11-16 15:28:39.530,1478,51100.71
2025-11-16 15:28:39.530,1479,51376.5
2025-11-16 15:28:39.530,1480,900097.25
2025-11-16 15:28:39.530,1481,59892.09
2025-11-16 15:28:39.530,1482,82754.82
2025-11-16 15:28:39.530,1483,38753.28
2025-11-16 15:28:39.530,1484,76471.19
2025-11-16 15:28:39.530,1485,247485.06
2025-11-16 15:28:39.530,1486,94364.8
2025-11-16 15:28:39.530,1487,94364.8
2025-11-16 15:28:39.530,1488,31374.49
2025-11-16 15:28:39.530,1489,31290.57
2025-11-16 15:28:39.530,1490,30150.32
2025-11-16 15:28:39.530,1491,30389.34
2025-11-16 15:28:39.530,1492,29603.42
2025-11-16 15:28:39.530,1493,29564.92
2025-11-16 15:28:39.530,1494,29297.52
2025-11-16 15:28:39.530,1495,29914.1
2025-11-16 15:28:39.530,1496,29953.28
2025-11-16 15:28:39.530,1497,29221.78
2025-11-16 15:28:39.530,1498,29488.15
2025-11-16 15:28:39.530,1499,30150.32
2025-11-16 15:28:39.530,1500,29680.64
2025-11-16 15:28:39.530,1501,30550.28
2025-11-16 15:28:39.530,1502,31040.83
2025-11-16 15:28:39.530,1503,30269.48
2025-11-16 15:28:39.530,1504,31713.61
2025-11-16 15:28:39.530,1505,29108.72
2025-11-16 15:28:39.530,1506,31971.61
2025-11-16 15:28:39.530,1507,30110.76
2025-11-16 15:28:39.530,1508,31885.26
2025-11-16 15:28:39.530,1509,32675.42
2025-11-16 15:28:39.530,1510,30631.22
2025-11-16 15:28:39.530,1511,32765.05
2025-11-16 15:28:39.530,1512,31040.83
2025-11-16 15:28:39.530,1513,28371.24
2025-11-16 15:28:39.530,1514,33081.75
2025-11-16 15:28:39.530,1515,31971.61
2025-11-16 15:28:39.530,1516,28847.41
2025-11-16 15:28:39.530,1517,30999.5
2025-11-16 15:28:39.530,1518,27281.39
2025-11-16 15:28:39.530,1519,32320.6
2025-11-16 15:28:39.530,1520,71306.41
2025-11-16 15:28:39.530,1521,31756.39
2025-11-16 15:28:39.530,1522,32276.66
2025-11-16 15:28:39.530,1523,28699.64
2025-11-16 15:28:39.530,1524,27836.08
2025-11-16 15:28:39.530,1525,34689.0
2025-11-16 15:28:39.530,1526,42658.5
2025-11-16 15:28:39.530,1527,43487.57
2025-11-16 15:28:39.530,1528,661350.38
2025-11-16 15:28:39.530,1529,49758.04
2025-11-16 15:28:39.530,1530,66150.61
2025-11-16 15:28:39.530,1531,31374.49
2025-11-16 15:28:39.530,1532,63411.8
2025-11-16 15:28:39.530,1533,208912.44
2025-11-16 15:28:39.530,1534,77396.36
2025-11-16 15:28:39.530,1535,77396.36
2025-11-16 15:28:39.530,1536,27247.26
2025-11-16 15:28:39.530,1537,27247.26
2025-11-16 15:28:39.530,1538,27247.26
2025-11-16 15:28:39.530,1539,27247.26
2025-11-16 15:28:39.530,1540,27247.26
2025-11-16 15:28:39.530,1541,27247.26
2025-11-16 15:28:39.530,1542,27247.26
2025-11-16 15:28:39.530,1543,27247.26
2025-11-16 15:28:39.530,1544,27247.26
2025-11-16 15:28:39.530,1545,27247.26
2025-11-16 15:28:39.530,1546,27247.26
2025-11-16 15:28:39.530,1547,27247.26
2025-11-16 15:28:39.530,1548,27247.26
2025-11-16 15:28:39.530,1549,27247.26
2025-11-16 15:28:39.530,1550,27247.26
2025-11-16 15:28:39.530,1551,27247.26
2025-11-16 15:28:39.530,1552,27247.26
2025-11-16 15:28:39.530,1553,27247.26
2025-11-16 15:28:39.530,1554,27247.26
2025-11-16 15:28:39.530,1555,27247.26
2025-11-16 15:28:39.530,1556,27247.26
2025-11-16 15:28:39.530,1557,27247.26
2025-11-16 15:28:39.530,1558,27247.26
2025-11-16 15:28:39.530,1559,27247.26
2025-11-16 15:28:39.530,1560,27247.26
2025-11-16 15:28:39.530,1561,27247.26
2025-11-16 15:28:39.530,1562,27247.26
2025-11-16 15:28:39.530,1563,27247.26
2025-11-16 15:28:39.530,1564,27247.26
2025-11-16 15:28:39.530,1565,27247.26
2025-11-16 15:28:39.530,1566,27247.26
2025-11-16 15:28:39.530,1567,27247.26
2025-11-16 15:28:39.530,1568,27247.26
2025-11-16 15:28:39.530,1569,27247.26
2025-11-16 15:28:39.530,1570,27247.26
2025-11-16 15:28:39.530,1571,27247.26
2025-11-16 15:28:39.530,1572,27247.26
2025-11-16 15:28:39.530,1573,27247.26
2025-11-16 15:28:39.530,1574,27247.26
2025-11-16 15:28:39.530,1575,27247.26
2025-11-16 15:28:39.530,1576,27247.26
2025-11-16 15:28:39.530,1577,27247.26
2025-11-16 15:28:39.530,1578,27247.26
2025-11-16 15:28:39.530,1579,27247.26
2025-11-16 15:28:39.530,1580,27247.26
2025-11-16 15:28:39.530,1581,27247.26
2025-11-16 15:28:39.530,1582,27247.26
2025-11-16 15:28:39.530,1583,27247.26
2025-11-16 15:28:39.530,1584,27247.26
2025-11-16 15:28:39.530,1585,26942.87
2025-11-16 15:28:39.530,1586,26090.74
2025-11-16 15:28:39.530,1587,26676.44
2025-11-16 15:28:39.530,1588,25679.2
2025-11-16 15:28:39.530,1589,25647.93
2025-11-16 15:28:39.530,1590,25246.33
2025-11-16 15:28:39.530,1591,25741.9
2025-11-16 15:28:39.530,1592,25647.93
2025-11-16 15:28:39.530,1593,24675.34
2025-11-16 15:28:39.530,1594,25554.44
2025-11-16 15:28:39.530,1595,25804.82
2025-11-16 15:28:39.530,1596,25523.39
2025-11-16 15:28:39.530,1597,26348.73
2025-11-16 15:28:39.530,1598,26775.9
2025-11-16 15:28:39.530,1599,26219.28
2025-11-16 15:28:39.530,1600,27247.26
2025-11-16 15:28:39.530,1601,25094.26
2025-11-16 15:28:39.530,1602,27626.15
2025-11-16 15:28:39.530,1603,25585.55
2025-11-16 15:28:39.530,1604,27418.54
2025-11-16 15:28:39.530,1605,28553.0
2025-11-16 15:28:39.530,1606,26643.4
2025-11-16 15:28:39.530,1607,28443.74
2025-11-16 15:28:39.530,1608,26842.51
2025-11-16 15:28:39.530,1609,25033.8
2025-11-16 15:28:39.530,1610,28699.64
2025-11-16 15:28:39.530,1611,27871.29
2025-11-16 15:28:39.530,1612,24675.34
2025-11-16 15:28:39.530,1613,27281.39
2025-11-16 15:28:39.530,1614,24675.34
2025-11-16 15:28:39.530,1615,28299.01
2025-11-16 15:28:39.530,1616,65867.58
2025-11-16 15:28:39.530,1617,27906.57
2025-11-16 15:28:39.530,1618,29184.02
2025-11-16 15:28:39.530,1619,25994.93
2025-11-16 15:28:39.530,1620,25094.26
2025-11-16 15:28:39.530,1621,31458.76
2025-11-16 15:28:39.530,1622,38463.37
2025-11-16 15:28:39.530,1623,39224.4
2025-11-16 15:28:39.530,1624,592227.94
2025-11-16 15:28:39.530,1625,44054.89
2025-11-16 15:28:39.530,1626,64212.57
2025-11-16 15:28:39.530,1627,27800.93
2025-11-16 15:28:39.530,1628,58255.64
2025-11-16 15:28:39.530,1629,195704.14
2025-11-16 15:28:39.530,1630,75745.02
2025-11-16 15:28:39.530,1631,75745.02
2025-11-16 15:28:39.530,1632,25836.37
2025-11-16 15:28:39.530,1633,25585.55
2025-11-16 15:28:39.530,1634,24734.57
2025-11-16 15:28:39.530,1635,25585.55
2025-11-16 15:28:39.530,1636,24179.86
2025-11-16 15:28:39.530,1637,24324.12
2025-11-16 15:28:39.530,1638,24353.12
2025-11-16 15:28:39.530,1639,24645.8
2025-11-16 15:28:39.530,1640,24498.84
2025-11-16 15:28:39.530,1641,24237.42
2025-11-16 15:28:39.530,1642,24065.32
2025-11-16 15:28:39.530,1643,24266.27
2025-11-16 15:28:39.530,1644,23838.52
2025-11-16 15:28:39.530,1645,24557.47
2025-11-16 15:28:39.530,1646,25276.9
2025-11-16 15:28:39.530,1647,24557.47
2025-11-16 15:28:39.530,1648,25461.45
2025-11-16 15:28:39.530,1649,23421.27
2025-11-16 15:28:39.530,1650,25585.55
2025-11-16 15:28:39.530,1651,23866.7
2025-11-16 15:28:39.530,1652,25585.55
2025-11-16 15:28:39.530,1653,26251.55
2025-11-16 15:28:39.530,1654,24093.88
2025-11-16 15:28:39.530,1655,26283.89
2025-11-16 15:28:39.530,1656,24734.57
2025-11-16 15:28:39.530,1657,22177.84
2025-11-16 15:28:39.530,1658,25963.11
2025-11-16 15:28:39.530,1659,25647.93
2025-11-16 15:28:39.530,1660,18578.57
2025-11-16 15:28:39.530,1661,24883.55
2025-11-16 15:28:39.530,1662,18084.37
2025-11-16 15:28:39.530,1663,26154.89
2025-11-16 15:28:39.530,1664,56260.74
2025-11-16 15:28:39.530,1665,24208.61
2025-11-16 15:28:39.530,1666,25647.93
2025-11-16 15:28:39.530,1667,20148.47
2025-11-16 15:28:39.530,1668,17054.83
2025-11-16 15:28:39.530,1669,28407.46
2025-11-16 15:28:39.530,1670,33036.22
2025-11-16 15:28:39.530,1671,34156.08
2025-11-16 15:28:39.530,1672,508356.06
2025-11-16 15:28:39.530,1673,41397.01
2025-11-16 15:28:39.530,1674,54378.94
2025-11-16 15:28:39.530,1675,25094.26
2025-11-16 15:28:39.530,1676,51654.79
2025-11-16 15:28:39.530,1677,177764.91
2025-11-16 15:28:39.530,1678,66435.75
2025-11-16 15:28:39.530,1679,66435.75
2025-11-16 15:28:39.530,1680,34252.03
2025-11-16 15:28:39.530,1681,34542.39
2025-11-16 15:28:39.530,1682,33542.38
2025-11-16 15:28:39.530,1683,34156.08
2025-11-16 15:28:39.530,1684,32765.05
2025-11-16 15:28:39.530,1685,33127.38
2025-11-16 15:28:39.530,1686,33310.84
2025-11-16 15:28:39.530,1687,33542.38
2025-11-16 15:28:39.530,1688,33403.16
2025-11-16 15:28:39.530,1689,33127.38
2025-11-16 15:28:39.530,1690,32900.21
2025-11-16 15:28:39.530,1691,33682.49
2025-11-16 15:28:39.530,1692,32855.06
2025-11-16 15:28:39.530,1693,33495.87
2025-11-16 15:28:39.530,1694,33495.87
2025-11-16 15:28:39.530,1695,33495.87
2025-11-16 15:28:39.530,1696,34060.55
2025-11-16 15:28:39.530,1697,30794.08
2025-11-16 15:28:39.530,1698,34348.4
2025-11-16 15:28:39.530,1699,32058.32
2025-11-16 15:28:39.530,1700,34445.18
2025-11-16 15:28:39.530,1701,35691.55
2025-11-16 15:28:39.530,1702,33682.49
2025-11-16 15:28:39.530,1703,35742.86
2025-11-16 15:28:39.530,1704,33776.39
2025-11-16 15:28:39.530,1705,30229.68
2025-11-16 15:28:39.530,1706,35386.11
2025-11-16 15:28:39.530,1707,34640.03
2025-11-16 15:28:39.530,1708,29603.42
2025-11-16 15:28:39.530,1709,34300.16
2025-11-16 15:28:39.530,1710,29297.52
2025-11-16 15:28:39.530,1711,35897.47
2025-11-16 15:28:39.530,1712,69101.3
2025-11-16 15:28:39.530,1713,34935.51
2025-11-16 15:28:39.530,1714,35335.6
2025-11-16 15:28:39.530,1715,30550.28
2025-11-16 15:28:39.530,1716,27418.54
2025-11-16 15:28:39.530,1717,37669.63
2025-11-16 15:28:39.530,1718,46061.56
2025-11-16 15:28:39.530,1719,47161.71
2025-11-16 15:28:39.530,1720,734602.25
2025-11-16 15:28:39.530,1721,54994.24
2025-11-16 15:28:39.530,1722,69101.3
2025-11-16 15:28:39.530,1723,34985.13
2025-11-16 15:28:39.530,1724,67012.48
2025-11-16 15:28:39.530,1725,232241.86
2025-11-16 15:28:39.530,1726,87631.56
2025-11-16 15:28:39.530,1727,87631.56
2025-11-16 15:28:39.530,1728,27010.09
2025-11-16 15:28:39.530,1729,26809.18
2025-11-16 15:28:39.530,1730,25773.33
2025-11-16 15:28:39.530,1731,26479.11
2025-11-16 15:28:39.530,1732,25585.55
2025-11-16 15:28:39.530,1733,25773.33
2025-11-16 15:28:39.530,1734,25647.93
2025-11-16 15:28:39.530,1735,25710.52
2025-11-16 15:28:39.530,1736,25836.37
2025-11-16 15:28:39.530,1737,25647.93
2025-11-16 15:28:39.530,1738,25461.45
2025-11-16 15:28:39.530,1739,25836.37
2025-11-16 15:28:39.530,1740,25094.26
2025-11-16 15:28:39.530,1741,25963.11
2025-11-16 15:28:39.530,1742,26643.4
2025-11-16 15:28:39.530,1743,25994.93
2025-11-16 15:28:39.530,1744,26809.18
2025-11-16 15:28:39.530,1745,24382.16
2025-11-16 15:28:39.530,1746,27010.09
2025-11-16 15:28:39.530,1747,24151.15
2025-11-16 15:28:39.530,1748,27145.25
2025-11-16 15:28:39.530,1749,27695.87
2025-11-16 15:28:39.530,1750,26154.89
2025-11-16 15:28:39.530,1751,27836.08
2025-11-16 15:28:39.530,1752,26283.89
2025-11-16 15:28:39.530,1753,22933.92
2025-11-16 15:28:39.530,1754,27626.15
2025-11-16 15:28:39.530,1755,27213.2
2025-11-16 15:28:39.530,1756,20718.37
2025-11-16 15:28:39.530,1757,26676.44
2025-11-16 15:28:39.530,1758,20741.61
2025-11-16 15:28:39.530,1759,27941.91
2025-11-16 15:28:39.530,1760,60011.99
2025-11-16 15:28:39.530,1761,26809.18
2025-11-16 15:28:39.530,1762,27145.25
2025-11-16 15:28:39.530,1763,20928.83
2025-11-16 15:28:39.530,1764,20510.75
2025-11-16 15:28:39.530,1765,30229.68
2025-11-16 15:28:39.530,1766,35742.86
2025-11-16 15:28:39.530,1767,36847.48
2025-11-16 15:28:39.530,1768,575017.88
2025-11-16 15:28:39.530,1769,44561.25
2025-11-16 15:28:39.530,1770,57914.87
2025-11-16 15:28:39.530,1771,26909.36
2025-11-16 15:28:39.530,1772,56046.25
2025-11-16 15:28:39.530,1773,191648.39
2025-11-16 15:28:39.530,1774,73637.78
2025-11-16 15:28:39.530,1775,73637.78
2025-11-16 15:28:39.530,1776,24266.27
2025-11-16 15:28:39.530,1777,24036.8
2025-11-16 15:28:39.530,1778,23230.05
2025-11-16 15:28:39.530,1779,23421.27
2025-11-16 15:28:39.530,1780,22616.81
2025-11-16 15:28:39.530,1781,22408.76
2025-11-16 15:28:39.530,1782,22564.54
2025-11-16 15:28:39.530,1783,22827.54
2025-11-16 15:28:39.530,1784,22774.6
2025-11-16 15:28:39.530,1785,22590.65
2025-11-16 15:28:39.530,1786,22357.16
2025-11-16 15:28:39.530,1787,22721.83
2025-11-16 15:28:39.530,1788,21750.49
2025-11-16 15:28:39.530,1789,22907.26
2025-11-16 15:28:39.530,1790,23040.99
2025-11-16 15:28:39.530,1791,22801.05
2025-11-16 15:28:39.530,1792,23923.21
2025-11-16 15:28:39.530,1793,21528.79
2025-11-16 15:28:39.530,1794,23754.24
2025-11-16 15:28:39.530,1795,21775.31
2025-11-16 15:28:39.530,1796,23866.7
2025-11-16 15:28:39.530,1797,24675.34
2025-11-16 15:28:39.530,1798,23040.99
2025-11-16 15:28:39.530,1799,24382.16
2025-11-16 15:28:39.530,1800,23202.91
2025-11-16 15:28:39.530,1801,20059.23
2025-11-16 15:28:39.530,1802,24324.12
2025-11-16 15:28:39.530,1803,23810.38
2025-11-16 15:28:39.530,1804,18760.76
2025-11-16 15:28:39.530,1805,23311.73
2025-11-16 15:28:39.530,1806,18679.5
2025-11-16 15:28:39.530,1807,24616.31
2025-11-16 15:28:39.530,1808,54787.84
2025-11-16 15:28:39.530,1809,23284.46
2025-11-16 15:28:39.530,1810,23614.7
2025-11-16 15:28:39.530,1811,17236.39
2025-11-16 15:28:39.530,1812,17036.8
2025-11-16 15:28:39.530,1813,26479.11
2025-11-16 15:28:39.530,1814,31040.83
2025-11-16 15:28:39.530,1815,32058.32
2025-11-16 15:28:39.530,1816,471757.34
2025-11-16 15:28:39.530,1817,39165.01
2025-11-16 15:28:39.530,1818,51468.98
2025-11-16 15:28:39.530,1819,23175.81
2025-11-16 15:28:39.530,1820,49151.41
2025-11-16 15:28:39.530,1821,168739.63
2025-11-16 15:28:39.530,1822,63676.8
2025-11-16 15:28:39.530,1823,63676.8
2025-11-16 15:28:39.530,1824,34156.08
2025-11-16 15:28:39.530,1825,33729.39
2025-11-16 15:28:39.530,1826,32675.42
2025-11-16 15:28:39.530,1827,33310.84
2025-11-16 15:28:39.530,1828,32145.38
2025-11-16 15:28:39.530,1829,32145.38
2025-11-16 15:28:39.530,1830,32232.81
2025-11-16 15:28:39.530,1831,32586.16
2025-11-16 15:28:39.530,1832,32320.6
2025-11-16 15:28:39.530,1833,32320.6
2025-11-16 15:28:39.530,1834,31670.92
2025-11-16 15:28:39.530,1835,32586.16
2025-11-16 15:28:39.530,1836,30631.22
2025-11-16 15:28:39.530,1837,32320.6
2025-11-16 15:28:39.530,1838,33403.16
2025-11-16 15:28:39.530,1839,32586.16
2025-11-16 15:28:39.530,1840,33682.49
2025-11-16 15:28:39.530,1841,30712.49
2025-11-16 15:28:39.530,1842,33495.87
2025-11-16 15:28:39.530,1843,31040.83
2025-11-16 15:28:39.530,1844,33870.7
2025-11-16 15:28:39.530,1845,34445.18
2025-11-16 15:28:39.530,1846,32765.05
2025-11-16 15:28:39.530,1847,34445.18
2025-11-16 15:28:39.530,1848,32810.01
2025-11-16 15:28:39.530,1849,29526.5
2025-11-16 15:28:39.530,1850,34396.74
2025-11-16 15:28:39.530,1851,33870.7
2025-11-16 15:28:39.530,1852,29146.33
2025-11-16 15:28:39.530,1853,33495.87
2025-11-16 15:28:39.530,1854,27695.87
2025-11-16 15:28:39.530,1855,34591.16
2025-11-16 15:28:39.530,1856,71959.17
2025-11-16 15:28:39.530,1857,34204.0
2025-11-16 15:28:39.530,1858,34445.18
2025-11-16 15:28:39.530,1859,28921.71
2025-11-16 15:28:39.530,1860,28480.09
2025-11-16 15:28:39.530,1861,37447.59
2025-11-16 15:28:39.530,1862,44707.67
2025-11-16 15:28:39.530,1863,45301.25
2025-11-16 15:28:39.530,1864,708471.5
2025-11-16 15:28:39.530,1865,54277.52
2025-11-16 15:28:39.530,1866,65586.65
2025-11-16 15:28:39.530,1867,33682.49
2025-11-16 15:28:39.530,1868,64212.57
2025-11-16 15:28:39.530,1869,233684.53
2025-11-16 15:28:39.530,1870,83390.98
2025-11-16 15:28:39.530,1871,83390.98
2025-11-16 15:28:39.530,1872,28335.09
2025-11-16 15:28:39.530,1873,27349.84
2025-11-16 15:28:39.530,1874,27145.25
2025-11-16 15:28:39.530,1875,27591.39
2025-11-16 15:28:39.530,1876,26643.4
2025-11-16 15:28:39.530,1877,26942.87
2025-11-16 15:28:39.530,1878,26544.65
2025-11-16 15:28:39.530,1879,26742.69
2025-11-16 15:28:39.530,1880,26676.44
2025-11-16 15:28:39.530,1881,26676.44
2025-11-16 15:28:39.530,1882,26283.89
2025-11-16 15:28:39.530,1883,26942.87
2025-11-16 15:28:39.530,1884,26058.75
2025-11-16 15:28:39.530,1885,27010.09
2025-11-16 15:28:39.530,1886,27800.93
2025-11-16 15:28:39.530,1887,27077.54
2025-11-16 15:28:39.530,1888,28191.18
2025-11-16 15:28:39.530,1889,25585.55
2025-11-16 15:28:39.530,1890,28119.63
2025-11-16 15:28:39.530,1891,26090.74
2025-11-16 15:28:39.530,1892,28407.46
2025-11-16 15:28:39.530,1893,29071.17
2025-11-16 15:28:39.530,1894,27281.39
2025-11-16 15:28:39.530,1895,29146.33
2025-11-16 15:28:39.530,1896,27384.16
2025-11-16 15:28:39.530,1897,22460.52
2025-11-16 15:28:39.530,1898,28773.39
2025-11-16 15:28:39.530,1899,28119.63
2025-11-16 15:28:39.530,1900,22408.76
2025-11-16 15:28:39.530,1901,27871.29
2025-11-16 15:28:39.530,1902,20834.94
2025-11-16 15:28:39.530,1903,29146.33
2025-11-16 15:28:39.530,1904,62114.86
2025-11-16 15:28:39.530,1905,28119.63
2025-11-16 15:28:39.530,1906,28699.64
2025-11-16 15:28:39.530,1907,23148.76
2025-11-16 15:28:39.530,1908,23040.99
2025-11-16 15:28:39.530,1909,31628.31
2025-11-16 15:28:39.530,1910,37392.4
2025-11-16 15:28:39.530,1911,38291.07
2025-11-16 15:28:39.530,1912,601218.31
2025-11-16 15:28:39.530,1913,45907.83
2025-11-16 15:28:39.530,1914,59416.6
2025-11-16 15:28:39.530,1915,28335.09
2025-11-16 15:28:39.530,1916,57465.76
2025-11-16 15:28:39.530,1917,193656.09
2025-11-16 15:28:39.530,1918,76471.19
2025-11-16 15:28:39.530,1919,76471.19
2025-11-16 15:28:39.530,1920,762705.19
2025-11-16 15:28:39.530,1921,550970.88
2025-11-16 15:28:39.530,1922,684112.31
2025-11-16 15:28:39.530,1923,661350.38
2025-11-16 15:28:39.530,1924,708471.5
2025-11-16 15:28:39.530,1925,661350.38
2025-11-16 15:28:39.530,1926,536008.31
2025-11-16 15:28:39.530,1927,708471.5
2025-11-16 15:28:39.530,1928,708471.5
2025-11-16 15:28:39.530,1929,592227.94
2025-11-16 15:28:39.530,1930,640033.69
2025-11-16 15:28:39.530,1931,793012.25
2025-11-16 15:28:39.530,1932,708471.5
2025-11-16 15:28:39.530,1933,661350.38
2025-11-16 15:28:39.530,1934,650520.19
2025-11-16 15:28:39.530,1935,708471.5
2025-11-16 15:28:39.530,1936,777567.38
2025-11-16 15:28:39.530,1937,601218.31
2025-11-16 15:28:39.530,1938,684112.31
2025-11-16 15:28:39.530,1939,650520.19
2025-11-16 15:28:39.530,1940,566776.38
2025-11-16 15:28:39.530,1941,543388.5
2025-11-16 15:28:39.530,1942,483368.97
2025-11-16 15:28:39.530,1943,583498.19
2025-11-16 15:28:39.530,1944,508356.06
2025-11-16 15:28:39.530,1945,508356.06
2025-11-16 15:28:39.530,1946,536008.31
2025-11-16 15:28:39.530,1947,558763.94
2025-11-16 15:28:39.530,1948,471757.34
2025-11-16 15:28:39.530,1949,495554.03
2025-11-16 15:28:39.530,1950,460679.59
2025-11-16 15:28:39.530,1951,583498.19
2025-11-16 15:28:39.530,1952,748393.56
2025-11-16 15:28:39.530,1953,583498.19
2025-11-16 15:28:39.530,1954,455329.53
2025-11-16 15:28:39.530,1955,521823.06
2025-11-16 15:28:39.530,1956,521823.06
2025-11-16 15:28:39.530,1957,583498.19
2025-11-16 15:28:39.530,1958,672541.69
2025-11-16 15:28:39.530,1959,661350.38
2025-11-16 15:28:39.530,1960,777567.38
2025-11-16 15:28:39.530,1961,777567.38
2025-11-16 15:28:39.530,1962,352352.88
2025-11-16 15:28:39.530,1963,566776.38
2025-11-16 15:28:39.530,1964,471757.34
2025-11-16 15:28:39.530,1965,965113.19
2025-11-16 15:28:39.530,1966,965113.19
2025-11-16 15:28:39.530,1967,965113.19
2025-11-16 15:28:39.530,1968,33403.16
2025-11-16 15:28:39.530,1969,33403.16
2025-11-16 15:28:39.530,1970,32586.16
2025-11-16 15:28:39.530,1971,32675.42
2025-11-16 15:28:39.530,1972,31585.79
2025-11-16 15:28:39.530,1973,31628.31
2025-11-16 15:28:39.530,1974,31374.49
2025-11-16 15:28:39.530,1975,31756.39
2025-11-16 15:28:39.530,1976,31885.26
2025-11-16 15:28:39.530,1977,31585.79
2025-11-16 15:28:39.530,1978,31290.57
2025-11-16 15:28:39.530,1979,31885.26
2025-11-16 15:28:39.530,1980,30794.08
2025-11-16 15:28:39.530,1981,31458.76
2025-11-16 15:28:39.530,1982,32945.45
2025-11-16 15:28:39.530,1983,32145.38
2025-11-16 15:28:39.530,1984,33449.47
2025-11-16 15:28:39.530,1985,30631.22
2025-11-16 15:28:39.530,1986,33449.47
2025-11-16 15:28:39.530,1987,31040.83
2025-11-16 15:28:39.530,1988,33495.87
2025-11-16 15:28:39.530,1989,34348.4
2025-11-16 15:28:39.530,1990,32586.16
2025-11-16 15:28:39.530,1991,34156.08
2025-11-16 15:28:39.530,1992,32320.6
2025-11-16 15:28:39.530,1993,28371.24
2025-11-16 15:28:39.530,1994,34156.08
2025-11-16 15:28:39.530,1995,33449.47
2025-11-16 15:28:39.530,1996,27730.82
2025-11-16 15:28:39.530,1997,32276.66
2025-11-16 15:28:39.530,1998,26511.85
2025-11-16 15:28:39.530,1999,34012.93
2025-11-16 15:28:39.530,2000,68796.0
2025-11-16 15:28:39.530,2001,32855.06
2025-11-16 15:28:39.530,2002,33776.39
2025-11-16 15:28:39.530,2003,27977.33
2025-11-16 15:28:39.530,2004,27906.57
2025-11-16 15:28:39.530,2005,36901.41
2025-11-16 15:28:39.530,2006,43277.87
2025-11-16 15:28:39.530,2007,44854.87
2025-11-16 15:28:39.530,2008,708471.5
2025-11-16 15:28:39.530,2009,52600.88
2025-11-16 15:28:39.530,2010,62242.49
2025-11-16 15:28:39.530,2011,32855.06
2025-11-16 15:28:39.530,2012,62114.86
2025-11-16 15:28:39.530,2013,216173.34
2025-11-16 15:28:39.530,2014,80294.42
2025-11-16 15:28:39.530,2015,80294.42
2025-11-16 15:28:39.530,2016,672541.69
2025-11-16 15:28:39.530,2017,536008.31
2025-11-16 15:28:39.530,2018,575017.88
2025-11-16 15:28:39.530,2019,640033.69
2025-11-16 15:28:39.530,2020,696081.88
2025-11-16 15:28:39.530,2021,734602.25
2025-11-16 15:28:39.530,2022,721303.56
2025-11-16 15:28:39.530,2023,661350.38
2025-11-16 15:28:39.530,2024,861364.44
2025-11-16 15:28:39.530,2025,550970.88
2025-11-16 15:28:39.530,2026,721303.56
2025-11-16 15:28:39.530,2027,734602.25
2025-11-16 15:28:39.530,2028,721303.56
2025-11-16 15:28:39.530,2029,566776.38
2025-11-16 15:28:39.530,2030,825793.38
2025-11-16 15:28:39.530,2031,843208.31
2025-11-16 15:28:39.530,2032,861364.44
2025-11-16 15:28:39.530,2033,684112.31
2025-11-16 15:28:39.530,2034,734602.25
2025-11-16 15:28:39.530,2035,734602.25
2025-11-16 15:28:39.530,2036,684112.31
2025-11-16 15:28:39.530,2037,988899.38
2025-11-16 15:28:39.530,2038,793012.25
2025-11-16 15:28:39.530,2039,762705.19
2025-11-16 15:28:39.530,2040,734602.25
2025-11-16 15:28:39.530,2041,721303.56
2025-11-16 15:28:39.530,2042,861364.44
2025-11-16 15:28:39.530,2043,762705.19
2025-11-16 15:28:39.530,2044,661350.38
2025-11-16 15:28:39.530,2045,793012.25
2025-11-16 15:28:39.530,2046,566776.38
2025-11-16 15:28:39.530,2047,900097.25
2025-11-16 15:28:39.530,2048,900097.25
2025-11-16 15:28:39.530,2049,777567.38
2025-11-16 15:28:39.530,2050,861364.44
2025-11-16 15:28:39.530,2051,708471.5
2025-11-16 15:28:39.530,2052,684112.31
2025-11-16 15:28:39.530,2053,777567.38
2025-11-16 15:28:39.530,2054,965113.19
2025-11-16 15:28:39.530,2055,942433.13
2025-11-16 15:28:39.530,2056,988899.38
2025-11-16 15:28:39.530,2057,988899.38
2025-11-16 15:28:39.530,2058,536008.31
2025-11-16 15:28:39.530,2059,825793.38
2025-11-16 15:28:39.530,2060,793012.25
2025-11-16 15:28:39.530,2061,28958.97
2025-11-16 15:28:39.530,2062,28958.97
2025-11-16 15:28:39.530,2063,28958.97
2025-11-16 15:28:39.530,2064,28958.97
2025-11-16 15:28:39.530,2065,28773.39
2025-11-16 15:28:39.530,2066,27765.84
2025-11-16 15:28:39.530,2067,28155.37
2025-11-16 15:28:39.530,2068,27145.25
2025-11-16 15:28:39.530,2069,27145.25
2025-11-16 15:28:39.530,2070,27077.54
2025-11-16 15:28:39.530,2071,27349.84
2025-11-16 15:28:39.530,2072,27349.84
2025-11-16 15:28:39.530,2073,27281.39
2025-11-16 15:28:39.530,2074,27077.54
2025-11-16 15:28:39.530,2075,27695.87
2025-11-16 15:28:39.530,2076,27281.39
2025-11-16 15:28:39.530,2077,27906.57
2025-11-16 15:28:39.530,2078,27977.33
2025-11-16 15:28:39.530,2079,27800.93
2025-11-16 15:28:39.530,2080,28299.01
2025-11-16 15:28:39.530,2081,23782.29
2025-11-16 15:28:39.530,2082,28958.97
2025-11-16 15:28:39.530,2083,25094.26
2025-11-16 15:28:39.530,2084,28773.39
2025-11-16 15:28:39.530,2085,29992.53
2025-11-16 15:28:39.530,2086,28191.18
2025-11-16 15:28:39.530,2087,30229.68
2025-11-16 15:28:39.530,2088,28263.01
2025-11-16 15:28:39.530,2089,26479.11
2025-11-16 15:28:39.530,2090,30389.34
2025-11-16 15:28:39.530,2091,29184.02
2025-11-16 15:28:39.530,2092,26348.73
2025-11-16 15:28:39.530,2093,28773.39
2025-11-16 15:28:39.530,2094,26154.89
2025-11-16 15:28:39.530,2095,29992.53
2025-11-16 15:28:39.530,2096,67012.48
2025-11-16 15:28:39.530,2097,29221.78
2025-11-16 15:28:39.530,2098,30229.68
2025-11-16 15:28:39.530,2099,26348.73
2025-11-16 15:28:39.530,2100,25836.37
2025-11-16 15:28:39.530,2101,32765.05
2025-11-16 15:28:39.530,2102,38695.02
2025-11-16 15:28:39.530,2103,40256.3
2025-11-16 15:28:39.530,2104,592227.94
2025-11-16 15:28:39.530,2105,46138.74
2025-11-16 15:28:39.530,2106,65307.78
2025-11-16 15:28:39.530,2107,29146.33
2025-11-16 15:28:39.530,2108,59298.73
2025-11-16 15:28:39.530,2109,206594.58
2025-11-16 15:28:39.530,2110,75386.48
2025-11-16 15:28:39.530,2111,75386.48
2025-11-16 15:28:39.530,2112,483368.97
2025-11-16 15:28:39.530,2113,460679.59
2025-11-16 15:28:39.530,2114,450099.75
2025-11-16 15:28:39.530,2115,425619.72
2025-11-16 15:28:39.530,2116,450099.75
2025-11-16 15:28:39.530,2117,439984.91
2025-11-16 15:28:39.530,2118,450099.75
2025-11-16 15:28:39.530,2119,450099.75
2025-11-16 15:28:39.530,2120,455329.53
2025-11-16 15:28:39.530,2121,395419.56
2025-11-16 15:28:39.530,2122,483368.97
2025-11-16 15:28:39.530,2123,477494.09
2025-11-16 15:28:39.530,2124,435092.38
2025-11-16 15:28:39.530,2125,395419.56
2025-11-16 15:28:39.530,2126,477494.09
2025-11-16 15:28:39.530,2127,439984.91
2025-11-16 15:28:39.530,2128,483368.97
2025-11-16 15:28:39.530,2129,450099.75
2025-11-16 15:28:39.530,2130,471757.34
2025-11-16 15:28:39.530,2131,407834.16
2025-11-16 15:28:39.530,2132,460679.59
2025-11-16 15:28:39.530,2133,483368.97
2025-11-16 15:28:39.530,2134,460679.59
2025-11-16 15:28:39.530,2135,460679.59
2025-11-16 15:28:39.530,2136,430305.09
2025-11-16 15:28:39.530,2137,395419.56
2025-11-16 15:28:39.530,2138,460679.59
2025-11-16 15:28:39.530,2139,430305.09
2025-11-16 15:28:39.530,2140,439984.91
2025-11-16 15:28:39.530,2141,439984.91
2025-11-16 15:28:39.530,2142,358884.03
2025-11-16 15:28:39.530,2143,372678.72
2025-11-16 15:28:39.530,2144,280371.47
2025-11-16 15:28:39.530,2145,430305.09
2025-11-16 15:28:39.530,2146,430305.09
2025-11-16 15:28:39.530,2147,358884.03
2025-11-16 15:28:39.530,2148,372678.72
2025-11-16 15:28:39.530,2149,399475.0
2025-11-16 15:28:39.530,2150,466154.09
2025-11-16 15:28:39.530,2151,495554.03
2025-11-16 15:28:39.530,2152,536008.31
2025-11-16 15:28:39.530,2153,536008.31
2025-11-16 15:28:39.530,2154,115905.77
2025-11-16 15:28:39.530,2155,407834.16
2025-11-16 15:28:39.530,2156,181276.86
2025-11-16 15:28:39.530,2157,483368.97
2025-11-16 15:28:39.530,2158,483368.97
2025-11-16 15:28:39.530,2159,483368.97
2025-11-16 15:28:39.530,2160,460679.59
2025-11-16 15:28:39.530,2161,439984.91
2025-11-16 15:28:39.530,2162,387544.88
2025-11-16 15:28:39.530,2163,455329.53
2025-11-16 15:28:39.530,2164,450099.75
2025-11-16 15:28:39.530,2165,455329.53
2025-11-16 15:28:39.530,2166,460679.59
2025-11-16 15:28:39.530,2167,471757.34
2025-11-16 15:28:39.530,2168,521823.06
2025-11-16 15:28:39.530,2169,430305.09
2025-11-16 15:28:39.530,2170,460679.59
2025-11-16 15:28:39.530,2171,471757.34
2025-11-16 15:28:39.530,2172,528822.38
2025-11-16 15:28:39.530,2173,521823.06
2025-11-16 15:28:39.530,2174,450099.75
2025-11-16 15:28:39.530,2175,460679.59
2025-11-16 15:28:39.530,2176,521823.06
2025-11-16 15:28:39.530,2177,450099.75
2025-11-16 15:28:39.530,2178,515003.19
2025-11-16 15:28:39.530,2179,483368.97
2025-11-16 15:28:39.530,2180,566776.38
2025-11-16 15:28:39.530,2181,515003.19
2025-11-16 15:28:39.530,2182,521823.06
2025-11-16 15:28:39.530,2183,521823.06
2025-11-16 15:28:39.530,2184,508356.06
2025-11-16 15:28:39.530,2185,521823.06
2025-11-16 15:28:39.530,2186,566776.38
2025-11-16 15:28:39.530,2187,521823.06
2025-11-16 15:28:39.530,2188,471757.34
2025-11-16 15:28:39.530,2189,543388.5
2025-11-16 15:28:39.530,2190,450099.75
2025-11-16 15:28:39.530,2191,566776.38
2025-11-16 15:28:39.530,2192,421032.91
2025-11-16 15:28:39.530,2193,583498.19
2025-11-16 15:28:39.530,2194,521823.06
2025-11-16 15:28:39.530,2195,483368.97
2025-11-16 15:28:39.530,2196,495554.03
2025-11-16 15:28:39.530,2197,528822.38
2025-11-16 15:28:39.530,2198,708471.5
2025-11-16 15:28:39.530,2199,661350.38
2025-11-16 15:28:39.530,2200,734602.25
2025-11-16 15:28:39.530,2201,734602.25
2025-11-16 15:28:39.530,2202,173552.13
2025-11-16 15:28:39.530,2203,566776.38
2025-11-16 15:28:39.530,2204,268514.44
2025-11-16 15:28:39.530,2205,861364.44
2025-11-16 15:28:39.530,2206,861364.44
2025-11-16 15:28:39.530,2207,861364.44
2025-11-16 15:28:39.530,2208,284551.28
2025-11-16 15:28:39.530,2209,284551.28
2025-11-16 15:28:39.530,2210,284551.28
2025-11-16 15:28:39.530,2211,284551.28
2025-11-16 15:28:39.530,2212,284551.28
2025-11-16 15:28:39.530,2213,284551.28
2025-11-16 15:28:39.530,2214,284551.28
2025-11-16 15:28:39.530,2215,284551.28
2025-11-16 15:28:39.530,2216,284551.28
2025-11-16 15:28:39.530,2217,284551.28
2025-11-16 15:28:39.530,2218,284551.28
2025-11-16 15:28:39.530,2219,284551.28
2025-11-16 15:28:39.530,2220,284551.28
2025-11-16 15:28:39.530,2221,284551.28
2025-11-16 15:28:39.530,2222,284551.28
2025-11-16 15:28:39.530,2223,284551.28
2025-11-16 15:28:39.530,2224,284551.28
2025-11-16 15:28:39.530,2225,284551.28
2025-11-16 15:28:39.530,2226,284551.28
2025-11-16 15:28:39.530,2227,284551.28
2025-11-16 15:28:39.530,2228,284551.28
2025-11-16 15:28:39.530,2229,284551.28
2025-11-16 15:28:39.530,2230,284551.28
2025-11-16 15:28:39.530,2231,284551.28
2025-11-16 15:28:39.530,2232,284551.28
2025-11-16 15:28:39.530,2233,284551.28
2025-11-16 15:28:39.530,2234,284551.28
2025-11-16 15:28:39.530,2235,284551.28
2025-11-16 15:28:39.530,2236,284551.28
2025-11-16 15:28:39.530,2237,284551.28
2025-11-16 15:28:39.530,2238,284551.28
2025-11-16 15:28:39.530,2239,284551.28
2025-11-16 15:28:39.530,2240,284551.28
2025-11-16 15:28:39.530,2241,284551.28
2025-11-16 15:28:39.530,2242,284551.28
2025-11-16 15:28:39.530,2243,284551.28
2025-11-16 15:28:39.530,2244,284551.28
2025-11-16 15:28:39.530,2245,284551.28
2025-11-16 15:28:39.530,2246,284551.28
2025-11-16 15:28:39.530,2247,284551.28
2025-11-16 15:28:39.530,2248,284551.28
2025-11-16 15:28:39.530,2249,284551.28
2025-11-16 15:28:39.530,2250,284551.28
2025-11-16 15:28:39.530,2251,284551.28
2025-11-16 15:28:39.530,2252,284551.28
2025-11-16 15:28:39.530,2253,284551.28
2025-11-16 15:28:39.530,2254,284551.28
2025-11-16 15:28:39.530,2255,284551.28
2025-11-16 15:28:39.530,2256,284551.28
2025-11-16 15:28:39.530,2257,288853.09
2025-11-16 15:28:39.530,2258,284551.28
2025-11-16 15:28:39.530,2259,276308.56
2025-11-16 15:28:39.530,2260,262941.66
2025-11-16 15:28:39.530,2261,264774.34
2025-11-16 15:28:39.530,2262,276308.56
2025-11-16 15:28:39.530,2263,286686.59
2025-11-16 15:28:39.530,2264,262941.66
2025-11-16 15:28:39.530,2265,288853.09
2025-11-16 15:28:39.530,2266,280371.47
2025-11-16 15:28:39.530,2267,280371.47
2025-11-16 15:28:39.530,2268,268514.44
2025-11-16 15:28:39.530,2269,278325.69
2025-11-16 15:28:39.530,2270,261133.28
2025-11-16 15:28:39.530,2271,255849.03
2025-11-16 15:28:39.530,2272,261133.28
2025-11-16 15:28:39.530,2273,261133.28
2025-11-16 15:28:39.530,2274,276308.56
2025-11-16 15:28:39.530,2275,257587.41
2025-11-16 15:28:39.530,2276,280371.47
2025-11-16 15:28:39.530,2277,264774.34
2025-11-16 15:28:39.530,2278,270422.94
2025-11-16 15:28:39.530,2279,254133.06
2025-11-16 15:28:39.530,2280,250766.73
2025-11-16 15:28:39.530,2281,229407.17
2025-11-16 15:28:39.530,2282,264774.34
2025-11-16 15:28:39.530,2283,254133.06
2025-11-16 15:28:39.530,2284,208912.44
2025-11-16 15:28:39.530,2285,254133.06
2025-11-16 15:28:39.530,2286,229407.17
2025-11-16 15:28:39.530,2287,276308.56
2025-11-16 15:28:39.530,2288,191648.39
2025-11-16 15:28:39.530,2289,262941.66
2025-11-16 15:28:39.530,2290,259348.69
2025-11-16 15:28:39.530,2291,238117.42
2025-11-16 15:28:39.530,2292,229407.17
2025-11-16 15:28:39.530,2293,280371.47
2025-11-16 15:28:39.530,2294,280371.47
2025-11-16 15:28:39.530,2295,325612.69
2025-11-16 15:28:39.530,2296,365654.84
2025-11-16 15:28:39.530,2297,365654.84
2025-11-16 15:28:39.530,2298,70346.52
2025-11-16 15:28:39.530,2299,259348.69
2025-11-16 15:28:39.530,2300,107238.9
2025-11-16 15:28:39.530,2301,942433.13
2025-11-16 15:28:39.530,2302,395419.56
2025-11-16 15:28:39.530,2303,395419.56
2025-11-16 15:28:39.845,0,22774.6
2025-11-16 15:28:39.845,1,29221.78
2025-11-16 15:28:39.845,2,34108.26
2025-11-16 15:28:39.845,3,32232.81
2025-11-16 15:28:39.845,4,34060.55
2025-11-16 15:28:39.845,5,34542.39
2025-11-16 15:28:39.845,6,34640.03
2025-11-16 15:28:39.845,7,34689.0
2025-11-16 15:28:39.845,8,34935.51
2025-11-16 15:28:39.845,9,34445.18
2025-11-16 15:28:39.845,10,35234.91
2025-11-16 15:28:39.845,11,34640.03
2025-11-16 15:28:39.845,12,35845.82
2025-11-16 15:28:39.845,13,35845.82
2025-11-16 15:28:39.845,14,34985.13
2025-11-16 15:28:39.845,15,35742.86
2025-11-16 15:28:39.845,16,35084.71
2025-11-16 15:28:39.845,17,36053.13
2025-11-16 15:28:39.845,18,37227.6
2025-11-16 15:28:39.845,19,37392.4
2025-11-16 15:28:39.845,20,37502.91
2025-11-16 15:28:39.845,21,37613.93
2025-11-16 15:28:39.845,22,36001.13
2025-11-16 15:28:39.845,23,38463.37
2025-11-16 15:28:39.845,24,36053.13
2025-11-16 15:28:39.845,25,35640.36
2025-11-16 15:28:39.845,26,38348.37
2025-11-16 15:28:39.845,27,37893.76
2025-11-16 15:28:39.845,28,36473.41
2025-11-16 15:28:39.845,29,36473.41
2025-11-16 15:28:39.845,30,36579.68
2025-11-16 15:28:39.845,31,37172.92
2025-11-16 15:28:39.845,32,104608.9
2025-11-16 15:28:39.845,33,38463.37
2025-11-16 15:28:39.845,34,39283.93
2025-11-16 15:28:39.845,35,36901.41
2025-11-16 15:28:39.845,36,36901.41
2025-11-16 15:28:39.845,37,41788.82
2025-11-16 15:28:39.845,38,51654.79
2025-11-16 15:28:39.845,39,51935.61
2025-11-16 15:28:39.845,40,708471.5
2025-11-16 15:28:39.845,41,54480.68
2025-11-16 15:28:39.845,42,88573.8
2025-11-16 15:28:39.845,43,36955.46
2025-11-16 15:28:39.845,44,70504.91
2025-11-16 15:28:39.845,45,226638.0
2025-11-16 15:28:39.845,46,89534.38
2025-11-16 15:28:39.845,47,89534.38
2025-11-16 15:28:39.845,48,110700.96
2025-11-16 15:28:39.845,49,121579.19
2025-11-16 15:28:39.845,50,125056.52
2025-11-16 15:28:39.845,51,119906.74
2025-11-16 15:28:39.845,52,126864.97
2025-11-16 15:28:39.845,53,125954.73
2025-11-16 15:28:39.845,54,127787.46
2025-11-16 15:28:39.845,55,133091.78
2025-11-16 15:28:39.845,56,127787.46
2025-11-16 15:28:39.845,57,127324.66
2025-11-16 15:28:39.845,58,137213.13
2025-11-16 15:28:39.845,59,132592.78
2025-11-16 15:28:39.845,60,136685.03
2025-11-16 15:28:39.845,61,129670.22
2025-11-16 15:28:39.845,62,127787.46
2025-11-16 15:28:39.845,63,129670.22
2025-11-16 15:28:39.845,64,119906.74
2025-11-16 15:28:39.845,65,127787.46
2025-11-16 15:28:39.845,66,133594.3
2025-11-16 15:28:39.845,67,132097.22
2025-11-16 15:28:39.845,68,134609.98
2025-11-16 15:28:39.845,69,136685.03
2025-11-16 15:28:39.845,70,130631.02
2025-11-16 15:28:39.845,71,137745.05
2025-11-16 15:28:39.845,72,129194.73
2025-11-16 15:28:39.845,73,136160.72
2025-11-16 15:28:39.845,74,134609.98
2025-11-16 15:28:39.845,75,136685.03
2025-11-16 15:28:39.845,76,135123.23
2025-11-16 15:28:39.845,77,132592.78
2025-11-16 15:28:39.845,78,134609.98
2025-11-16 15:28:39.845,79,137745.05
2025-11-16 15:28:39.845,80,379970.25
2025-11-16 15:28:39.845,81,137745.05
2025-11-16 15:28:39.845,82,138820.45
2025-11-16 15:28:39.845,83,141578.7
2025-11-16 15:28:39.845,84,137745.05
2025-11-16 15:28:39.845,85,144441.03
2025-11-16 15:28:39.845,86,178630.77
2025-11-16 15:28:39.845,87,176906.95
2025-11-16 15:28:39.845,88,153062.25
2025-11-16 15:28:39.845,89,153062.25
2025-11-16 15:28:39.845,90,266631.75
2025-11-16 15:28:39.845,91,135640.13
2025-11-16 15:28:39.845,92,145616.44
2025-11-16 15:28:39.845,93,575017.88
2025-11-16 15:28:39.845,94,254133.06
2025-11-16 15:28:39.845,95,254133.06
2025-11-16 15:28:39.845,96,77209.76
2025-11-16 15:28:39.845,97,76106.58
2025-11-16 15:28:39.845,98,82335.49
2025-11-16 15:28:39.845,99,82754.82
2025-11-16 15:28:39.845,100,80294.42
2025-11-16 15:28:39.845,101,86251.47
2025-11-16 15:28:39.845,102,84909.8
2025-11-16 15:28:39.845,103,85800.06
2025-11-16 15:28:39.845,104,82335.49
2025-11-16 15:28:39.845,105,79112.48
2025-11-16 15:28:39.845,106,87167.16
2025-11-16 15:28:39.845,107,86478.77
2025-11-16 15:28:39.845,108,84689.81
2025-11-16 15:28:39.845,109,86478.77
2025-11-16 15:28:39.845,110,86707.14
2025-11-16 15:28:39.845,111,84909.8
2025-11-16 15:28:39.845,112,75925.42
2025-11-16 15:28:39.845,113,87631.56
2025-11-16 15:28:39.845,114,86251.47
2025-11-16 15:28:39.845,115,86251.47
2025-11-16 15:28:39.845,116,87167.16
2025-11-16 15:28:39.845,117,85800.06
2025-11-16 15:28:39.845,118,79699.56
2025-11-16 15:28:39.845,119,91512.71
2025-11-16 15:28:39.845,120,85575.93
2025-11-16 15:28:39.845,121,85800.06
2025-11-16 15:28:39.845,122,85130.81
2025-11-16 15:28:39.845,123,89534.38
2025-11-16 15:28:39.845,124,87167.16
2025-11-16 15:28:39.845,125,79503.01
2025-11-16 15:28:39.845,126,87167.16
2025-11-16 15:28:39.845,127,83604.98
2025-11-16 15:28:39.845,128,255849.03
2025-11-16 15:28:39.845,129,90021.7
2025-11-16 15:28:39.845,130,85352.86
2025-11-16 15:28:39.845,131,85352.86
2025-11-16 15:28:39.845,132,88573.8
2025-11-16 15:28:39.845,133,91010.8
2025-11-16 15:28:39.845,134,108599.64
2025-11-16 15:28:39.845,135,110700.96
2025-11-16 15:28:39.845,136,93048.8
2025-11-16 15:28:39.845,137,93048.8
2025-11-16 15:28:39.845,138,182175.47
2025-11-16 15:28:39.845,139,87167.16
2025-11-16 15:28:39.845,140,123295.2
2025-11-16 15:28:39.845,141,439984.91
2025-11-16 15:28:39.845,142,171113.94
2025-11-16 15:28:39.845,143,171113.94
2025-11-16 15:28:39.845,144,41075.0
2025-11-16 15:28:39.845,145,41139.08
2025-11-16 15:28:39.845,146,40820.27
2025-11-16 15:28:39.845,147,41332.29
2025-11-16 15:28:39.845,148,40505.41
2025-11-16 15:28:39.845,149,41461.9
2025-11-16 15:28:39.845,150,40756.99
2025-11-16 15:28:39.845,151,41397.01
2025-11-16 15:28:39.845,152,39403.42
2025-11-16 15:28:39.845,153,40568.07
2025-11-16 15:28:39.845,154,40756.99
2025-11-16 15:28:39.845,155,40693.86
2025-11-16 15:28:39.845,156,41592.18
2025-11-16 15:28:39.845,157,41397.01
2025-11-16 15:28:39.845,158,41397.01
2025-11-16 15:28:39.845,159,41592.18
2025-11-16 15:28:39.845,160,26283.89
2025-11-16 15:28:39.845,161,40442.9
2025-11-16 15:28:39.845,162,41203.32
2025-11-16 15:28:39.845,163,38695.02
2025-11-16 15:28:39.845,164,42726.61
2025-11-16 15:28:39.845,165,43347.59
2025-11-16 15:28:39.845,166,40132.67
2025-11-16 15:28:39.845,167,44415.61
2025-11-16 15:28:39.845,168,41788.82
2025-11-16 15:28:39.845,169,42455.23
2025-11-16 15:28:39.845,170,42320.58
2025-11-16 15:28:39.845,171,43840.75
2025-11-16 15:28:39.845,172,42863.36
2025-11-16 15:28:39.845,173,41203.32
2025-11-16 15:28:39.845,174,42455.23
2025-11-16 15:28:39.845,175,44054.89
2025-11-16 15:28:39.845,176,134100.34
2025-11-16 15:28:39.845,177,44561.25
2025-11-16 15:28:39.845,178,45002.86
2025-11-16 15:28:39.845,179,43628.29
2025-11-16 15:28:39.845,180,43557.83
2025-11-16 15:28:39.845,181,46527.84
2025-11-16 15:28:39.845,182,59416.6
2025-11-16 15:28:39.845,183,58715.34
2025-11-16 15:28:39.845,184,988899.38
2025-11-16 15:28:39.845,185,55201.96
2025-11-16 15:28:39.845,186,96541.67
2025-11-16 15:28:39.845,187,42726.61
2025-11-16 15:28:39.845,188,76471.19
2025-11-16 15:28:39.845,189,230816.17
2025-11-16 15:28:39.845,190,97948.88
2025-11-16 15:28:39.845,191,97948.88
2025-11-16 15:28:39.845,192,27384.16
2025-11-16 15:28:39.845,193,27179.19
2025-11-16 15:28:39.845,194,26775.9
2025-11-16 15:28:39.845,195,27145.25
2025-11-16 15:28:39.845,196,26610.43
2025-11-16 15:28:39.845,197,26219.28
2025-11-16 15:28:39.845,198,26610.43
2025-11-16 15:28:39.845,199,27145.25
2025-11-16 15:28:39.845,200,26577.51
2025-11-16 15:28:39.845,201,26348.73
2025-11-16 15:28:39.845,202,26709.53
2025-11-16 15:28:39.845,203,26544.65
2025-11-16 15:28:39.845,204,27111.36
2025-11-16 15:28:39.845,205,26643.4
2025-11-16 15:28:39.845,206,27213.2
2025-11-16 15:28:39.845,207,27077.54
2025-11-16 15:28:39.845,208,19794.65
2025-11-16 15:28:39.845,209,26643.4
2025-11-16 15:28:39.845,210,26026.81
2025-11-16 15:28:39.845,211,21700.95
2025-11-16 15:28:39.845,212,28119.63
2025-11-16 15:28:39.845,213,28155.37
2025-11-16 15:28:39.845,214,23754.24
2025-11-16 15:28:39.845,215,28335.09
2025-11-16 15:28:39.845,216,26809.18
2025-11-16 15:28:39.845,217,27695.87
2025-11-16 15:28:39.845,218,28480.09
2025-11-16 15:28:39.845,219,28699.64
2025-11-16 15:28:39.845,220,27977.33
2025-11-16 15:28:39.845,221,27281.39
2025-11-16 15:28:39.845,222,28736.48
2025-11-16 15:28:39.845,223,29297.52
2025-11-16 15:28:39.845,224,89534.38
2025-11-16 15:28:39.845,225,30031.86
2025-11-16 15:28:39.845,226,30631.22
2025-11-16 15:28:39.845,227,28553.0
2025-11-16 15:28:39.845,228,28736.48
2025-11-16 15:28:39.845,229,32232.81
2025-11-16 15:28:39.845,230,40630.89
2025-11-16 15:28:39.845,231,40568.07
2025-11-16 15:28:39.845,232,601218.31
2025-11-16 15:28:39.845,233,39343.6
2025-11-16 15:28:39.845,234,72622.48
2025-11-16 15:28:39.845,235,28773.39
2025-11-16 15:28:39.845,236,57354.41
2025-11-16 15:28:39.845,237,194675.0
2025-11-16 15:28:39.845,238,72958.16
2025-11-16 15:28:39.845,239,72958.16
2025-11-16 15:28:39.845,240,20103.78
2025-11-16 15:28:39.845,241,19816.52
2025-11-16 15:28:39.845,242,19491.78
2025-11-16 15:28:39.845,243,20037.0
2025-11-16 15:28:39.845,244,19321.44
2025-11-16 15:28:39.845,245,19491.78
2025-11-16 15:28:39.845,246,19363.84
2025-11-16 15:28:39.845,247,19577.68
2025-11-16 15:28:39.845,248,19153.06
2025-11-16 15:28:39.845,249,19321.44
2025-11-16 15:28:39.845,250,19321.44
2025-11-16 15:28:39.845,251,19153.06
2025-11-16 15:28:39.845,252,20059.23
2025-11-16 15:28:39.845,253,19794.65
2025-11-16 15:28:39.845,254,20170.86
2025-11-16 15:28:39.845,255,19838.42
2025-11-16 15:28:39.845,256,18699.77
2025-11-16 15:28:39.845,257,20059.23
2025-11-16 15:28:39.845,258,19449.01
2025-11-16 15:28:39.845,259,18801.55
2025-11-16 15:28:39.845,260,20999.62
2025-11-16 15:28:39.845,261,21118.33
2025-11-16 15:28:39.845,262,19794.65
2025-11-16 15:28:39.845,263,21626.94
2025-11-16 15:28:39.845,264,20510.75
2025-11-16 15:28:39.845,265,20834.94
2025-11-16 15:28:39.845,266,22721.83
2025-11-16 15:28:39.845,267,21676.24
2025-11-16 15:28:39.845,268,21382.69
2025-11-16 15:28:39.845,269,20881.81
2025-11-16 15:28:39.845,270,21237.94
2025-11-16 15:28:39.845,271,21553.27
2025-11-16 15:28:39.845,272,73637.78
2025-11-16 15:28:39.845,273,22101.59
2025-11-16 15:28:39.845,274,22564.54
2025-11-16 15:28:39.845,275,21553.27
2025-11-16 15:28:39.845,276,21504.34
2025-11-16 15:28:39.845,277,24151.15
2025-11-16 15:28:39.845,278,31585.79
2025-11-16 15:28:39.845,279,31040.83
2025-11-16 15:28:39.845,280,444986.13
2025-11-16 15:28:39.845,281,32675.42
2025-11-16 15:28:39.845,282,56046.25
2025-11-16 15:28:39.845,283,21166.06
2025-11-16 15:28:39.845,284,46527.84
2025-11-16 15:28:39.845,285,157058.67
2025-11-16 15:28:39.845,286,58028.08
2025-11-16 15:28:39.845,287,58028.08
2025-11-16 15:28:39.845,288,17309.7
2025-11-16 15:28:39.845,289,17199.88
2025-11-16 15:28:39.845,290,16317.87
2025-11-16 15:28:39.845,291,16840.11
2025-11-16 15:28:39.845,292,16081.01
2025-11-16 15:28:39.845,293,16182.0
2025-11-16 15:28:39.845,294,15947.57
2025-11-16 15:28:39.845,295,15848.37
2025-11-16 15:28:39.845,296,15815.47
2025-11-16 15:28:39.845,297,15914.42
2025-11-16 15:28:39.845,298,16148.25
2025-11-16 15:28:39.845,299,16064.26
2025-11-16 15:28:39.845,300,16875.66
2025-11-16 15:28:39.845,301,16593.85
2025-11-16 15:28:39.845,302,17328.08
2025-11-16 15:28:39.845,303,16769.29
2025-11-16 15:28:39.845,304,17910.59
2025-11-16 15:28:39.845,305,17199.88
2025-11-16 15:28:39.845,306,18221.02
2025-11-16 15:28:39.845,307,18438.46
2025-11-16 15:28:39.845,308,17968.28
2025-11-16 15:28:39.845,309,18538.4
2025-11-16 15:28:39.845,310,17199.88
2025-11-16 15:28:39.845,311,18862.97
2025-11-16 15:28:39.845,312,17795.93
2025-11-16 15:28:39.845,313,17776.91
2025-11-16 15:28:39.845,314,19838.42
2025-11-16 15:28:39.845,315,18578.57
2025-11-16 15:28:39.845,316,18339.21
2025-11-16 15:28:39.845,317,17910.59
2025-11-16 15:28:39.845,318,18181.84
2025-11-16 15:28:39.845,319,18221.02
2025-11-16 15:28:39.845,320,54994.24
2025-11-16 15:28:39.845,321,18740.4
2025-11-16 15:28:39.845,322,19132.14
2025-11-16 15:28:39.845,323,18339.21
2025-11-16 15:28:39.845,324,18458.39
2025-11-16 15:28:39.845,325,20741.61
2025-11-16 15:28:39.845,326,27281.39
2025-11-16 15:28:39.845,327,27349.84
2025-11-16 15:28:39.845,328,365654.84
2025-11-16 15:28:39.845,329,30550.28
2025-11-16 15:28:39.845,330,50287.98
2025-11-16 15:28:39.845,331,17757.91
2025-11-16 15:28:39.845,332,42186.62
2025-11-16 15:28:39.845,333,135640.13
2025-11-16 15:28:39.845,334,50021.84
2025-11-16 15:28:39.845,335,50021.84
2025-11-16 15:28:39.845,336,15300.2
2025-11-16 15:28:39.845,337,15268.68
2025-11-16 15:28:39.845,338,14520.01
2025-11-16 15:28:39.845,339,14850.61
2025-11-16 15:28:39.845,340,14154.79
2025-11-16 15:28:39.845,341,14328.73
2025-11-16 15:28:39.845,342,14183.61
2025-11-16 15:28:39.845,343,14212.49
2025-11-16 15:28:39.845,344,14270.47
2025-11-16 15:28:39.845,345,14154.79
2025-11-16 15:28:39.845,346,14549.7
2025-11-16 15:28:39.845,347,14431.36
2025-11-16 15:28:39.845,348,14684.21
2025-11-16 15:28:39.845,349,14865.85
2025-11-16 15:28:39.845,350,15081.15
2025-11-16 15:28:39.845,351,14624.25
2025-11-16 15:28:39.845,352,15914.42
2025-11-16 15:28:39.845,353,15205.86
2025-11-16 15:28:39.845,354,16317.87
2025-11-16 15:28:39.845,355,16403.5
2025-11-16 15:28:39.845,356,16047.52
2025-11-16 15:28:39.845,357,16455.14
2025-11-16 15:28:39.845,358,15347.64
2025-11-16 15:28:39.845,359,16875.66
2025-11-16 15:28:39.845,360,15143.35
2025-11-16 15:28:39.845,361,15815.47
2025-11-16 15:28:39.845,362,17494.69
2025-11-16 15:28:39.845,363,15897.87
2025-11-16 15:28:39.845,364,16215.84
2025-11-16 15:28:39.845,365,15831.91
2025-11-16 15:28:39.845,366,16215.84
2025-11-16 15:28:39.845,367,16317.87
2025-11-16 15:28:39.845,368,50377.22
2025-11-16 15:28:39.845,369,16893.47
2025-11-16 15:28:39.845,370,17236.39
2025-11-16 15:28:39.845,371,16386.33
2025-11-16 15:28:39.845,372,16386.33
2025-11-16 15:28:39.845,373,18123.28
2025-11-16 15:28:39.845,374,25064.0
2025-11-16 15:28:39.845,375,24734.57
2025-11-16 15:28:39.845,376,328387.41
2025-11-16 15:28:39.845,377,27418.54
2025-11-16 15:28:39.845,378,46843.01
2025-11-16 15:28:39.845,379,15799.05
2025-11-16 15:28:39.845,380,39283.93
2025-11-16 15:28:39.845,381,128722.46
2025-11-16 15:28:39.845,382,47161.71
2025-11-16 15:28:39.845,383,47161.71
2025-11-16 15:28:39.845,384,15268.68
2025-11-16 15:28:39.845,385,15300.2
2025-11-16 15:28:39.845,386,14416.64
2025-11-16 15:28:39.845,387,14896.38
2025-11-16 15:28:39.845,388,14097.35
2025-11-16 15:28:39.845,389,14154.79
2025-11-16 15:28:39.845,390,14083.04
2025-11-16 15:28:39.845,391,14183.61
2025-11-16 15:28:39.845,392,14154.79
2025-11-16 15:28:39.845,393,14068.74
2025-11-16 15:28:39.845,394,14534.84
2025-11-16 15:28:39.845,395,14198.04
2025-11-16 15:28:39.845,396,15019.26
2025-11-16 15:28:39.845,397,14896.38
2025-11-16 15:28:39.845,398,15174.57
2025-11-16 15:28:39.845,399,14774.7
2025-11-16 15:28:39.845,400,15848.37
2025-11-16 15:28:39.845,401,15331.81
2025-11-16 15:28:39.845,402,16352.05
2025-11-16 15:28:39.845,403,16403.5
2025-11-16 15:28:39.845,404,15947.57
2025-11-16 15:28:39.845,405,16698.84
2025-11-16 15:28:39.845,406,15268.68
2025-11-16 15:28:39.845,407,16769.29
2025-11-16 15:28:39.845,408,15749.92
2025-11-16 15:28:39.845,409,15930.98
2025-11-16 15:28:39.845,410,17929.79
2025-11-16 15:28:39.845,411,16769.29
2025-11-16 15:28:39.845,412,16455.14
2025-11-16 15:28:39.845,413,15848.37
2025-11-16 15:28:39.845,414,16232.79
2025-11-16 15:28:39.845,415,16249.76
2025-11-16 15:28:39.845,416,50199.01
2025-11-16 15:28:39.845,417,16840.11
2025-11-16 15:28:39.845,418,17291.33
2025-11-16 15:28:39.845,419,16386.33
2025-11-16 15:28:39.845,420,16420.69
2025-11-16 15:28:39.845,421,18822.0
2025-11-16 15:28:39.845,422,25094.26
2025-11-16 15:28:39.845,423,24853.65
2025-11-16 15:28:39.845,424,336993.63
2025-11-16 15:28:39.845,425,27765.84
2025-11-16 15:28:39.845,426,47001.92
2025-11-16 15:28:39.845,427,16014.12
2025-11-16 15:28:39.845,428,39403.42
2025-11-16 15:28:39.845,429,129670.22
2025-11-16 15:28:39.845,430,48305.81
2025-11-16 15:28:39.845,431,48305.81
2025-11-16 15:28:39.845,432,15081.15
2025-11-16 15:28:39.845,433,15034.71
2025-11-16 15:28:39.845,434,14097.35
2025-11-16 15:28:39.845,435,14416.64
2025-11-16 15:28:39.845,436,13926.67
2025-11-16 15:28:39.845,437,14097.35
2025-11-16 15:28:39.845,438,13926.67
2025-11-16 15:28:39.845,439,14097.35
2025-11-16 15:28:39.845,440,13870.31
2025-11-16 15:28:39.845,441,13842.23
2025-11-16 15:28:39.845,442,14126.04
2025-11-16 15:28:39.845,443,13983.3
2025-11-16 15:28:39.845,444,14805.01
2025-11-16 15:28:39.845,445,14609.3
2025-11-16 15:28:39.845,446,14957.67
2025-11-16 15:28:39.845,447,14654.19
2025-11-16 15:28:39.845,448,15331.81
2025-11-16 15:28:39.845,449,14744.46
2025-11-16 15:28:39.845,450,15881.35
2025-11-16 15:28:39.845,451,16047.52
2025-11-16 15:28:39.845,452,15603.64
2025-11-16 15:28:39.845,453,16148.25
2025-11-16 15:28:39.845,454,14926.99
2025-11-16 15:28:39.845,455,16386.33
2025-11-16 15:28:39.845,456,14850.61
2025-11-16 15:28:39.845,457,15395.25
2025-11-16 15:28:39.845,458,17236.39
2025-11-16 15:28:39.845,459,16114.59
2025-11-16 15:28:39.845,460,16014.12
2025-11-16 15:28:39.845,461,15684.7
2025-11-16 15:28:39.845,462,15831.91
2025-11-16 15:28:39.845,463,15864.85
2025-11-16 15:28:39.845,464,54176.42
2025-11-16 15:28:39.845,465,16352.05
2025-11-16 15:28:39.845,466,16681.28
2025-11-16 15:28:39.845,467,16030.81
2025-11-16 15:28:39.845,468,16047.52
2025-11-16 15:28:39.845,469,17872.27
2025-11-16 15:28:39.845,470,24498.84
2025-11-16 15:28:39.845,471,24208.61
2025-11-16 15:28:39.845,472,328387.41
2025-11-16 15:28:39.845,473,26909.36
2025-11-16 15:28:39.845,474,45907.83
2025-11-16 15:28:39.845,475,15395.25
2025-11-16 15:28:39.845,476,37781.43
2025-11-16 15:28:39.845,477,126864.97
2025-11-16 15:28:39.845,478,45754.95
2025-11-16 15:28:39.845,479,45754.95
2025-11-16 15:28:39.845,480,14564.57
2025-11-16 15:28:39.845,481,14534.84
2025-11-16 15:28:39.845,482,13619.93
2025-11-16 15:28:39.845,483,13954.95
2025-11-16 15:28:39.845,484,13428.77
2025-11-16 15:28:39.845,485,13606.17
2025-11-16 15:28:39.845,486,13428.77
2025-11-16 15:28:39.845,487,13455.89
2025-11-16 15:28:39.845,488,13455.89
2025-11-16 15:28:39.845,489,13442.32
2025-11-16 15:28:39.845,490,13688.95
2025-11-16 15:28:39.845,491,13428.77
2025-11-16 15:28:39.845,492,14212.49
2025-11-16 15:28:39.845,493,13898.46
2025-11-16 15:28:39.845,494,14624.25
2025-11-16 15:28:39.845,495,14154.79
2025-11-16 15:28:39.845,496,15143.35
2025-11-16 15:28:39.845,497,14594.37
2025-11-16 15:28:39.845,498,15507.04
2025-11-16 15:28:39.845,499,15668.45
2025-11-16 15:28:39.845,500,15174.57
2025-11-16 15:28:39.845,501,15782.65
2025-11-16 15:28:39.845,502,14387.27
2025-11-16 15:28:39.845,503,16081.01
2025-11-16 15:28:39.845,504,15019.26
2025-11-16 15:28:39.845,505,15127.77
2025-11-16 15:28:39.845,506,16911.3
2025-11-16 15:28:39.845,507,15914.42
2025-11-16 15:28:39.845,508,15395.25
2025-11-16 15:28:39.845,509,15127.77
2025-11-16 15:28:39.845,510,15539.16
2025-11-16 15:28:39.845,511,15587.49
2025-11-16 15:28:39.845,512,53084.88
2025-11-16 15:28:39.845,513,15881.35
2025-11-16 15:28:39.845,514,16403.5
2025-11-16 15:28:39.845,515,15749.92
2025-11-16 15:28:39.845,516,15897.87
2025-11-16 15:28:39.845,517,18026.2
2025-11-16 15:28:39.845,518,23754.24
2025-11-16 15:28:39.845,519,23923.21
2025-11-16 15:28:39.845,520,322883.13
2025-11-16 15:28:39.845,521,26875.9
2025-11-16 15:28:39.845,522,45754.95
2025-11-16 15:28:39.845,523,15300.2
2025-11-16 15:28:39.845,524,37837.53
2025-11-16 15:28:39.845,525,126864.97
2025-11-16 15:28:39.845,526,45754.95
2025-11-16 15:28:39.845,527,45754.95
2025-11-16 15:28:39.845,528,14805.01
2025-11-16 15:28:39.845,529,14774.7
2025-11-16 15:28:39.845,530,13758.38
2025-11-16 15:28:39.845,531,14212.49
2025-11-16 15:28:39.845,532,13647.49
2025-11-16 15:28:39.845,533,13758.38
2025-11-16 15:28:39.845,534,13675.12
2025-11-16 15:28:39.845,535,13828.22
2025-11-16 15:28:39.845,536,13619.93
2025-11-16 15:28:39.845,537,13647.49
2025-11-16 15:28:39.845,538,13870.31
2025-11-16 15:28:39.845,539,13730.56
2025-11-16 15:28:39.845,540,14594.37
2025-11-16 15:28:39.845,541,14328.73
2025-11-16 15:28:39.845,542,14850.61
2025-11-16 15:28:39.845,543,14401.95
2025-11-16 15:28:39.845,544,15587.49
2025-11-16 15:28:39.845,545,14988.43
2025-11-16 15:28:39.845,546,16014.12
2025-11-16 15:28:39.845,547,15652.22
2025-11-16 15:28:39.845,548,15523.09
2025-11-16 15:28:39.845,549,16148.25
2025-11-16 15:28:39.845,550,14774.7
2025-11-16 15:28:39.845,551,16182.0
2025-11-16 15:28:39.845,552,15127.77
2025-11-16 15:28:39.845,553,15331.81
2025-11-16 15:28:39.845,554,17236.39
2025-11-16 15:28:39.845,555,16148.25
2025-11-16 15:28:39.845,556,15684.7
2025-11-16 15:28:39.845,557,15331.81
2025-11-16 15:28:39.845,558,15652.22
2025-11-16 15:28:39.845,559,15749.92
2025-11-16 15:28:39.845,560,54176.42
2025-11-16 15:28:39.845,561,16148.25
2025-11-16 15:28:39.845,562,16786.96
2025-11-16 15:28:39.845,563,16014.12
2025-11-16 15:28:39.845,564,16014.12
2025-11-16 15:28:39.845,565,18181.84
2025-11-16 15:28:39.845,566,24586.87
2025-11-16 15:28:39.845,567,24266.27
2025-11-16 15:28:39.845,568,334076.69
2025-11-16 15:28:39.845,569,27111.36
2025-11-16 15:28:39.845,570,46371.55
2025-11-16 15:28:39.845,571,15523.09
2025-11-16 15:28:39.845,572,38405.8
2025-11-16 15:28:39.845,573,127787.46
2025-11-16 15:28:39.845,574,45984.59
2025-11-16 15:28:39.845,575,45984.59
2025-11-16 15:28:39.845,576,14774.7
2025-11-16 15:28:39.845,577,14744.46
2025-11-16 15:28:39.845,578,13983.3
2025-11-16 15:28:39.845,579,14416.64
2025-11-16 15:28:39.845,580,13730.56
2025-11-16 15:28:39.845,581,13842.23
2025-11-16 15:28:39.845,582,13702.81
2025-11-16 15:28:39.845,583,13744.46
2025-11-16 15:28:39.845,584,13675.12
2025-11-16 15:28:39.845,585,13619.93
2025-11-16 15:28:39.845,586,13814.22
2025-11-16 15:28:39.845,587,13675.12
2025-11-16 15:28:39.845,588,14609.3
2025-11-16 15:28:39.845,589,14212.49
2025-11-16 15:28:39.845,590,14820.19
2025-11-16 15:28:39.845,591,14357.96
2025-11-16 15:28:39.845,592,15363.49
2025-11-16 15:28:39.845,593,14759.57
2025-11-16 15:28:39.845,594,15636.01
2025-11-16 15:28:39.845,595,15782.65
2025-11-16 15:28:39.845,596,15300.2
2025-11-16 15:28:39.845,597,16014.12
2025-11-16 15:28:39.845,598,14226.96
2025-11-16 15:28:39.845,599,16047.52
2025-11-16 15:28:39.845,600,15081.15
2025-11-16 15:28:39.845,601,14926.99
2025-11-16 15:28:39.845,602,16875.66
2025-11-16 15:28:39.845,603,15914.42
2025-11-16 15:28:39.845,604,15411.16
2025-11-16 15:28:39.845,605,14896.38
2025-11-16 15:28:39.845,606,15112.21
2025-11-16 15:28:39.845,607,14314.14
2025-11-16 15:28:39.845,608,53182.58
2025-11-16 15:28:39.845,609,15268.68
2025-11-16 15:28:39.845,610,16420.69
2025-11-16 15:28:39.845,611,15491.01
2025-11-16 15:28:39.845,612,15782.65
2025-11-16 15:28:39.845,613,17910.59
2025-11-16 15:28:39.845,614,24208.61
2025-11-16 15:28:39.845,615,24036.8
2025-11-16 15:28:39.845,616,334076.69
2025-11-16 15:28:39.845,617,26809.18
2025-11-16 15:28:39.845,618,45678.82
2025-11-16 15:28:39.845,619,14988.43
2025-11-16 15:28:39.845,620,37447.59
2025-11-16 15:28:39.845,621,125954.73
2025-11-16 15:28:39.845,622,45151.65
2025-11-16 15:28:39.845,623,45151.65
2025-11-16 15:28:39.845,624,14774.7
2025-11-16 15:28:39.845,625,14744.46
2025-11-16 15:28:39.845,626,13842.23
2025-11-16 15:28:39.845,627,14212.49
2025-11-16 15:28:39.845,628,13455.89
2025-11-16 15:28:39.845,629,13870.31
2025-11-16 15:28:39.845,630,13647.49
2025-11-16 15:28:39.845,631,13702.81
2025-11-16 15:28:39.845,632,13758.38
2025-11-16 15:28:39.845,633,13716.68
2025-11-16 15:28:39.845,634,13758.38
2025-11-16 15:28:39.845,635,13702.81
2025-11-16 15:28:39.845,636,14416.64
2025-11-16 15:28:39.845,637,14285.01
2025-11-16 15:28:39.845,638,14789.84
2025-11-16 15:28:39.845,639,14387.27
2025-11-16 15:28:39.845,640,15491.01
2025-11-16 15:28:39.845,641,14564.57
2025-11-16 15:28:39.845,642,15799.05
2025-11-16 15:28:39.845,643,15831.91
2025-11-16 15:28:39.845,644,15347.64
2025-11-16 15:28:39.845,645,16014.12
2025-11-16 15:28:39.845,646,14805.01
2025-11-16 15:28:39.845,647,16198.91
2025-11-16 15:28:39.845,648,15237.23
2025-11-16 15:28:39.845,649,15300.2
2025-11-16 15:28:39.845,650,17236.39
2025-11-16 15:28:39.845,651,16114.59
2025-11-16 15:28:39.845,652,15668.45
2025-11-16 15:28:39.845,653,15174.57
2025-11-16 15:28:39.845,654,15603.64
2025-11-16 15:28:39.845,655,15587.49
2025-11-16 15:28:39.845,656,52029.78
2025-11-16 15:28:39.845,657,16014.12
2025-11-16 15:28:39.845,658,16334.95
2025-11-16 15:28:39.845,659,15652.22
2025-11-16 15:28:39.845,660,15947.57
2025-11-16 15:28:39.845,661,18084.37
2025-11-16 15:28:39.845,662,24616.31
2025-11-16 15:28:39.845,663,24093.88
2025-11-16 15:28:39.845,664,317555.0
2025-11-16 15:28:39.845,665,26742.69
2025-11-16 15:28:39.845,666,46061.56
2025-11-16 15:28:39.845,667,15050.17
2025-11-16 15:28:39.845,668,38120.0
2025-11-16 15:28:39.845,669,127787.46
2025-11-16 15:28:39.845,670,45678.82
2025-11-16 15:28:39.845,671,45678.82
2025-11-16 15:28:39.845,672,14416.64
2025-11-16 15:28:39.845,673,14416.64
2025-11-16 15:28:39.845,674,13983.3
2025-11-16 15:28:39.845,675,14040.19
2025-11-16 15:28:39.845,676,14054.46
2025-11-16 15:28:39.845,677,14212.49
2025-11-16 15:28:39.845,678,14097.35
2025-11-16 15:28:39.845,679,14097.35
2025-11-16 15:28:39.845,680,14154.79
2025-11-16 15:28:39.845,681,14083.04
2025-11-16 15:28:39.845,682,14357.96
2025-11-16 15:28:39.845,683,14212.49
2025-11-16 15:28:39.845,684,14881.11
2025-11-16 15:28:39.845,685,14669.19
2025-11-16 15:28:39.845,686,15268.68
2025-11-16 15:28:39.845,687,14534.84
2025-11-16 15:28:39.845,688,15864.85
2025-11-16 15:28:39.845,689,15174.57
2025-11-16 15:28:39.845,690,16215.84
2025-11-16 15:28:39.845,691,16352.05
2025-11-16 15:28:39.845,692,15864.85
2025-11-16 15:28:39.845,693,16455.14
2025-11-16 15:28:39.845,694,15347.64
2025-11-16 15:28:39.845,695,16911.3
2025-11-16 15:28:39.845,696,15636.01
2025-11-16 15:28:39.845,697,15881.35
2025-11-16 15:28:39.845,698,17757.91
2025-11-16 15:28:39.845,699,16716.42
2025-11-16 15:28:39.845,700,16386.33
2025-11-16 15:28:39.845,701,15815.47
2025-11-16 15:28:39.845,702,16232.79
2025-11-16 15:28:39.845,703,16249.76
2025-11-16 15:28:39.845,704,54378.94
2025-11-16 15:28:39.845,705,16840.11
2025-11-16 15:28:39.845,706,17272.99
2025-11-16 15:28:39.845,707,16611.29
2025-11-16 15:28:39.845,708,16628.76
2025-11-16 15:28:39.845,709,18618.86
2025-11-16 15:28:39.845,710,25033.8
2025-11-16 15:28:39.845,711,24853.65
2025-11-16 15:28:39.845,712,355589.28
2025-11-16 15:28:39.845,713,27836.08
2025-11-16 15:28:39.845,714,48641.14
2025-11-16 15:28:39.845,715,16047.52
2025-11-16 15:28:39.845,716,39343.6
2025-11-16 15:28:39.845,717,132592.78
2025-11-16 15:28:39.845,718,48305.81
2025-11-16 15:28:39.845,719,48305.81
2025-11-16 15:28:39.845,720,14926.99
2025-11-16 15:28:39.845,721,14789.84
2025-11-16 15:28:39.845,722,14401.95
2025-11-16 15:28:39.845,723,14805.01
2025-11-16 15:28:39.845,724,14212.49
2025-11-16 15:28:39.845,725,14328.73
2025-11-16 15:28:39.845,726,14299.57
2025-11-16 15:28:39.845,727,14299.57
2025-11-16 15:28:39.845,728,14416.64
2025-11-16 15:28:39.845,729,14372.61
2025-11-16 15:28:39.845,730,14624.25
2025-11-16 15:28:39.845,731,14505.19
2025-11-16 15:28:39.845,732,15174.57
2025-11-16 15:28:39.845,733,15065.65
2025-11-16 15:28:39.845,734,15523.09
2025-11-16 15:28:39.845,735,14957.67
2025-11-16 15:28:39.845,736,16114.59
2025-11-16 15:28:39.845,737,15491.01
2025-11-16 15:28:39.845,738,16386.33
2025-11-16 15:28:39.845,739,16628.76
2025-11-16 15:28:39.845,740,15897.87
2025-11-16 15:28:39.845,741,16698.84
2025-11-16 15:28:39.845,742,15363.49
2025-11-16 15:28:39.845,743,16875.66
2025-11-16 15:28:39.845,744,15815.47
2025-11-16 15:28:39.845,745,15848.37
2025-11-16 15:28:39.845,746,17872.27
2025-11-16 15:28:39.845,747,16840.11
2025-11-16 15:28:39.845,748,16386.33
2025-11-16 15:28:39.845,749,16114.59
2025-11-16 15:28:39.845,750,16249.76
2025-11-16 15:28:39.845,751,16352.05
2025-11-16 15:28:39.845,752,55621.39
2025-11-16 15:28:39.845,753,16911.3
2025-11-16 15:28:39.845,754,17364.93
2025-11-16 15:28:39.845,755,16593.85
2025-11-16 15:28:39.845,756,16698.84
2025-11-16 15:28:39.845,757,18801.55
2025-11-16 15:28:39.845,758,25094.26
2025-11-16 15:28:39.845,759,24794.01
2025-11-16 15:28:39.845,760,334076.69
2025-11-16 15:28:39.845,761,27836.08
2025-11-16 15:28:39.845,762,47484.0
2025-11-16 15:28:39.845,763,16148.25
2025-11-16 15:28:39.845,764,39343.6
2025-11-16 15:28:39.845,765,130148.98
2025-11-16 15:28:39.845,766,47322.41
2025-11-16 15:28:39.845,767,47322.41
2025-11-16 15:28:39.845,768,16014.12
2025-11-16 15:28:39.845,769,15914.42
2025-11-16 15:28:39.845,770,15143.35
2025-11-16 15:28:39.845,771,15603.64
2025-11-16 15:28:39.845,772,14789.84
2025-11-16 15:28:39.845,773,14865.85
2025-11-16 15:28:39.845,774,14744.46
2025-11-16 15:28:39.845,775,14805.01
2025-11-16 15:28:39.845,776,15019.26
2025-11-16 15:28:39.845,777,14911.68
2025-11-16 15:28:39.845,778,15096.68
2025-11-16 15:28:39.845,779,15050.17
2025-11-16 15:28:39.845,780,15652.22
2025-11-16 15:28:39.845,781,15507.04
2025-11-16 15:28:39.845,782,15864.85
2025-11-16 15:28:39.845,783,15331.81
2025-11-16 15:28:39.845,784,16593.85
2025-11-16 15:28:39.845,785,15782.65
2025-11-16 15:28:39.845,786,16628.76
2025-11-16 15:28:39.845,787,16893.47
2025-11-16 15:28:39.845,788,15914.42
2025-11-16 15:28:39.845,789,16840.11
2025-11-16 15:28:39.845,790,15848.37
2025-11-16 15:28:39.845,791,17272.99
2025-11-16 15:28:39.845,792,16249.76
2025-11-16 15:28:39.845,793,16249.76
2025-11-16 15:28:39.845,794,18458.39
2025-11-16 15:28:39.845,795,17145.3
2025-11-16 15:28:39.845,796,16911.3
2025-11-16 15:28:39.845,797,16628.76
2025-11-16 15:28:39.845,798,16769.29
2025-11-16 15:28:39.845,799,17163.47
2025-11-16 15:28:39.845,800,57577.48
2025-11-16 15:28:39.845,801,17476.08
2025-11-16 15:28:39.845,802,17949.02
2025-11-16 15:28:39.845,803,17145.3
2025-11-16 15:28:39.845,804,17199.88
2025-11-16 15:28:39.845,805,19534.67
2025-11-16 15:28:39.845,806,25836.37
2025-11-16 15:28:39.845,807,25276.9
2025-11-16 15:28:39.845,808,358884.03
2025-11-16 15:28:39.845,809,29071.17
2025-11-16 15:28:39.845,810,48389.29
2025-11-16 15:28:39.845,811,16734.02
2025-11-16 15:28:39.845,812,40505.41
2025-11-16 15:28:39.845,813,135123.23
2025-11-16 15:28:39.845,814,49065.75
2025-11-16 15:28:39.845,815,49065.75
2025-11-16 15:28:39.845,816,16215.84
2025-11-16 15:28:39.845,817,16215.84
2025-11-16 15:28:39.845,818,15300.2
2025-11-16 15:28:39.845,819,15766.28
2025-11-16 15:28:39.845,820,15081.15
2025-11-16 15:28:39.845,821,15190.2
2025-11-16 15:28:39.845,822,15081.15
2025-11-16 15:28:39.845,823,15252.94
2025-11-16 15:28:39.845,824,15205.86
2025-11-16 15:28:39.845,825,15081.15
2025-11-16 15:28:39.845,826,15491.01
2025-11-16 15:28:39.845,827,15363.49
2025-11-16 15:28:39.845,828,15848.37
2025-11-16 15:28:39.845,829,15782.65
2025-11-16 15:28:39.845,830,15652.22
2025-11-16 15:28:39.845,831,15603.64
2025-11-16 15:28:39.845,832,16840.11
2025-11-16 15:28:39.845,833,15848.37
2025-11-16 15:28:39.845,834,16663.75
2025-11-16 15:28:39.845,835,17236.39
2025-11-16 15:28:39.845,836,16081.01
2025-11-16 15:28:39.845,837,16386.33
2025-11-16 15:28:39.845,838,15766.28
2025-11-16 15:28:39.845,839,17494.69
2025-11-16 15:28:39.845,840,16663.75
2025-11-16 15:28:39.845,841,16698.84
2025-11-16 15:28:39.845,842,18822.0
2025-11-16 15:28:39.845,843,17776.91
2025-11-16 15:28:39.845,844,17383.4
2025-11-16 15:28:39.845,845,16982.88
2025-11-16 15:28:39.845,846,17476.08
2025-11-16 15:28:39.845,847,17420.39
2025-11-16 15:28:39.845,848,60132.29
2025-11-16 15:28:39.845,849,17949.02
2025-11-16 15:28:39.845,850,18378.83
2025-11-16 15:28:39.845,851,17457.49
2025-11-16 15:28:39.845,852,17757.91
2025-11-16 15:28:39.845,853,19926.36
2025-11-16 15:28:39.845,854,26610.43
2025-11-16 15:28:39.845,855,26283.89
2025-11-16 15:28:39.845,856,372678.72
2025-11-16 15:28:39.845,857,29526.5
2025-11-16 15:28:39.845,858,50199.01
2025-11-16 15:28:39.845,859,17199.88
2025-11-16 15:28:39.845,860,42320.58
2025-11-16 15:28:39.845,861,138820.45
2025-11-16 15:28:39.845,862,50556.48
2025-11-16 15:28:39.845,863,50556.48
2025-11-16 15:28:39.845,864,17309.7
2025-11-16 15:28:39.845,865,17054.83
2025-11-16 15:28:39.845,866,16081.01
2025-11-16 15:28:39.845,867,16249.76
2025-11-16 15:28:39.845,868,15799.05
2025-11-16 15:28:39.845,869,16047.52
2025-11-16 15:28:39.845,870,15848.37
2025-11-16 15:28:39.845,871,15914.42
2025-11-16 15:28:39.845,872,15700.98
2025-11-16 15:28:39.845,873,15782.65
2025-11-16 15:28:39.845,874,16047.52
2025-11-16 15:28:39.845,875,15930.98
2025-11-16 15:28:39.845,876,16352.05
2025-11-16 15:28:39.845,877,16386.33
2025-11-16 15:28:39.845,878,16455.14
2025-11-16 15:28:39.845,879,16014.12
2025-11-16 15:28:39.845,880,17346.5
2025-11-16 15:28:39.845,881,16131.41
2025-11-16 15:28:39.845,882,17531.99
2025-11-16 15:28:39.845,883,17910.59
2025-11-16 15:28:39.845,884,16386.33
2025-11-16 15:28:39.845,885,17346.5
2025-11-16 15:28:39.845,886,16840.11
2025-11-16 15:28:39.845,887,18103.81
2025-11-16 15:28:39.845,888,17018.8
2025-11-16 15:28:39.845,889,16911.3
2025-11-16 15:28:39.845,890,19215.97
2025-11-16 15:28:39.845,891,18103.81
2025-11-16 15:28:39.845,892,17910.59
2025-11-16 15:28:39.845,893,17550.68
2025-11-16 15:28:39.845,894,17834.04
2025-11-16 15:28:39.845,895,17929.79
2025-11-16 15:28:39.845,896,61109.78
2025-11-16 15:28:39.845,897,18398.68
2025-11-16 15:28:39.845,898,18740.4
2025-11-16 15:28:39.845,899,17949.02
2025-11-16 15:28:39.845,900,18064.95
2025-11-16 15:28:39.845,901,20419.37
2025-11-16 15:28:39.845,902,26742.69
2025-11-16 15:28:39.845,903,26775.9
2025-11-16 15:28:39.845,904,379970.25
2025-11-16 15:28:39.845,905,30229.68
2025-11-16 15:28:39.845,906,50199.01
2025-11-16 15:28:39.845,907,17606.89
2025-11-16 15:28:39.845,908,41723.1
2025-11-16 15:28:39.845,909,141018.91
2025-11-16 15:28:39.845,910,50377.22
2025-11-16 15:28:39.845,911,50377.22
2025-11-16 15:28:39.845,912,22907.26
2025-11-16 15:28:39.845,913,22960.62
2025-11-16 15:28:39.845,914,21455.57
2025-11-16 15:28:39.845,915,22203.33
2025-11-16 15:28:39.845,916,21626.94
2025-11-16 15:28:39.845,917,21700.95
2025-11-16 15:28:39.845,918,21382.69
2025-11-16 15:28:39.845,919,21358.47
2025-11-16 15:28:39.845,920,21431.24
2025-11-16 15:28:39.845,921,21286.04
2025-11-16 15:28:39.845,922,21925.08
2025-11-16 15:28:39.845,923,21651.57
2025-11-16 15:28:39.845,924,22050.96
2025-11-16 15:28:39.845,925,22152.38
2025-11-16 15:28:39.845,926,20215.74
2025-11-16 15:28:39.845,927,21602.34
2025-11-16 15:28:39.845,928,22203.33
2025-11-16 15:28:39.845,929,21750.49
2025-11-16 15:28:39.845,930,23148.76
2025-11-16 15:28:39.845,931,23670.38
2025-11-16 15:28:39.845,932,22408.76
2025-11-16 15:28:39.845,933,23586.93
2025-11-16 15:28:39.845,934,22152.38
2025-11-16 15:28:39.845,935,22408.76
2025-11-16 15:28:39.845,936,23148.76
2025-11-16 15:28:39.845,937,23284.46
2025-11-16 15:28:39.845,938,25154.93
2025-11-16 15:28:39.845,939,24208.61
2025-11-16 15:28:39.845,940,23339.05
2025-11-16 15:28:39.845,941,23614.7
2025-11-16 15:28:39.845,942,23754.24
2025-11-16 15:28:39.845,943,24093.88
2025-11-16 15:28:39.845,944,71306.41
2025-11-16 15:28:39.845,945,24853.65
2025-11-16 15:28:39.845,946,25246.33
2025-11-16 15:28:39.845,947,24151.15
2025-11-16 15:28:39.845,948,24498.84
2025-11-16 15:28:39.845,949,27247.26
2025-11-16 15:28:39.845,950,34689.0
2025-11-16 15:28:39.845,951,34836.58
2025-11-16 15:28:39.845,952,521823.06
2025-11-16 15:28:39.845,953,38695.02
2025-11-16 15:28:39.845,954,63411.8
2025-11-16 15:28:39.845,955,23810.38
2025-11-16 15:28:39.845,956,53084.88
2025-11-16 15:28:39.845,957,179504.63
2025-11-16 15:28:39.845,958,63943.71
2025-11-16 15:28:39.845,959,63943.71
2025-11-16 15:28:39.845,960,39224.4
2025-11-16 15:28:39.845,961,38348.37
2025-11-16 15:28:39.845,962,37950.12
2025-11-16 15:28:39.845,963,37781.43
2025-11-16 15:28:39.845,964,37118.37
2025-11-16 15:28:39.845,965,37837.53
2025-11-16 15:28:39.845,966,37172.92
2025-11-16 15:28:39.845,967,37893.76
2025-11-16 15:28:39.845,968,38063.23
2025-11-16 15:28:39.845,969,37725.46
2025-11-16 15:28:39.845,970,37558.35
2025-11-16 15:28:39.845,971,37950.12
2025-11-16 15:28:39.845,972,34156.08
2025-11-16 15:28:39.845,973,36105.25
2025-11-16 15:28:39.845,974,36262.32
2025-11-16 15:28:39.845,975,35949.24
2025-11-16 15:28:39.845,976,36901.41
2025-11-16 15:28:39.845,977,36793.67
2025-11-16 15:28:39.845,978,34252.03
2025-11-16 15:28:39.845,979,37227.6
2025-11-16 15:28:39.845,980,36793.67
2025-11-16 15:28:39.845,981,36686.43
2025-11-16 15:28:39.845,982,37392.4
2025-11-16 15:28:39.845,983,36001.13
2025-11-16 15:28:39.845,984,36105.25
2025-11-16 15:28:39.845,985,36955.46
2025-11-16 15:28:39.845,986,37227.6
2025-11-16 15:28:39.845,987,32720.19
2025-11-16 15:28:39.845,988,38578.92
2025-11-16 15:28:39.845,989,37447.59
2025-11-16 15:28:39.845,990,38578.92
2025-11-16 15:28:39.845,991,41526.96
2025-11-16 15:28:39.845,992,123295.2
2025-11-16 15:28:39.845,993,41397.01
2025-11-16 15:28:39.845,994,38636.91
2025-11-16 15:28:39.845,995,37725.46
2025-11-16 15:28:39.845,996,40256.3
2025-11-16 15:28:39.845,997,43698.91
2025-11-16 15:28:39.845,998,49845.72
2025-11-16 15:28:39.845,999,52409.35
2025-11-16 15:28:39.845,1000,920784.13
2025-11-16 15:28:39.845,1001,63411.8
2025-11-16 15:28:39.845,1002,97948.88
2025-11-16 15:28:39.845,1003,38578.92
2025-11-16 15:28:39.845,1004,80095.27
2025-11-16 15:28:39.845,1005,272357.75
2025-11-16 15:28:39.845,1006,100279.32
2025-11-16 15:28:39.845,1007,100279.32
2025-11-16 15:28:39.845,1008,59653.54
2025-11-16 15:28:39.845,1009,59534.86
2025-11-16 15:28:39.845,1010,58028.08
2025-11-16 15:28:39.845,1011,58599.84
2025-11-16 15:28:39.845,1012,56476.62
2025-11-16 15:28:39.845,1013,58255.64
2025-11-16 15:28:39.845,1014,54890.87
2025-11-16 15:28:39.845,1015,56693.92
2025-11-16 15:28:39.845,1016,56803.11
2025-11-16 15:28:39.845,1017,54378.94
2025-11-16 15:28:39.845,1018,56476.62
2025-11-16 15:28:39.845,1019,56693.92
2025-11-16 15:28:39.845,1020,53975.16
2025-11-16 15:28:39.845,1021,52029.78
2025-11-16 15:28:39.845,1022,55621.39
2025-11-16 15:28:39.845,1023,56368.51
2025-11-16 15:28:39.845,1024,57577.48
2025-11-16 15:28:39.845,1025,55833.13
2025-11-16 15:28:39.845,1026,48556.95
2025-11-16 15:28:39.845,1027,56260.74
2025-11-16 15:28:39.845,1028,49237.32
2025-11-16 15:28:39.845,1029,51654.79
2025-11-16 15:28:39.845,1030,54480.68
2025-11-16 15:28:39.845,1031,42726.61
2025-11-16 15:28:39.845,1032,54277.52
2025-11-16 15:28:39.845,1033,54994.24
2025-11-16 15:28:39.845,1034,53182.58
2025-11-16 15:28:39.845,1035,53182.58
2025-11-16 15:28:39.845,1036,56476.62
2025-11-16 15:28:39.845,1037,55833.13
2025-11-16 15:28:39.845,1038,56693.92
2025-11-16 15:28:39.845,1039,59416.6
2025-11-16 15:28:39.845,1040,158434.67
2025-11-16 15:28:39.845,1041,58369.98
2025-11-16 15:28:39.845,1042,51748.12
2025-11-16 15:28:39.845,1043,54176.42
2025-11-16 15:28:39.845,1044,56153.31
2025-11-16 15:28:39.845,1045,59181.26
2025-11-16 15:28:39.845,1046,59892.09
2025-11-16 15:28:39.845,1047,61987.67
2025-11-16 15:28:39.845,1048,88573.8
2025-11-16 15:28:39.845,1049,88573.8
2025-11-16 15:28:39.845,1050,125056.52
2025-11-16 15:28:39.845,1051,56046.25
2025-11-16 15:28:39.845,1052,113248.5
2025-11-16 15:28:39.845,1053,362238.63
2025-11-16 15:28:39.845,1054,135640.13
2025-11-16 15:28:39.845,1055,135640.13
2025-11-16 15:28:39.845,1056,42863.36
2025-11-16 15:28:39.845,1057,42726.61
2025-11-16 15:28:39.845,1058,41592.18
2025-11-16 15:28:39.845,1059,42053.34
2025-11-16 15:28:39.845,1060,40883.72
2025-11-16 15:28:39.845,1061,41592.18
2025-11-16 15:28:39.845,1062,41267.73
2025-11-16 15:28:39.845,1063,41397.01
2025-11-16 15:28:39.845,1064,41267.73
2025-11-16 15:28:39.845,1065,40756.99
2025-11-16 15:28:39.845,1066,41526.96
2025-11-16 15:28:39.845,1067,40505.41
2025-11-16 15:28:39.845,1068,40756.99
2025-11-16 15:28:39.845,1069,40883.72
2025-11-16 15:28:39.845,1070,41592.18
2025-11-16 15:28:39.845,1071,41139.08
2025-11-16 15:28:39.845,1072,41332.29
2025-11-16 15:28:39.845,1073,40883.72
2025-11-16 15:28:39.845,1074,31713.61
2025-11-16 15:28:39.845,1075,39826.22
2025-11-16 15:28:39.845,1076,33588.98
2025-11-16 15:28:39.845,1077,33310.84
2025-11-16 15:28:39.845,1078,40009.64
2025-11-16 15:28:39.845,1079,35742.86
2025-11-16 15:28:39.845,1080,35034.87
2025-11-16 15:28:39.845,1081,38063.23
2025-11-16 15:28:39.845,1082,36686.43
2025-11-16 15:28:39.845,1083,37725.46
2025-11-16 15:28:39.845,1084,40132.67
2025-11-16 15:28:39.845,1085,40568.07
2025-11-16 15:28:39.845,1086,39826.22
2025-11-16 15:28:39.845,1087,43840.75
2025-11-16 15:28:39.845,1088,121579.19
2025-11-16 15:28:39.845,1089,42455.23
2025-11-16 15:28:39.845,1090,40256.3
2025-11-16 15:28:39.845,1091,40318.35
2025-11-16 15:28:39.845,1092,41526.96
2025-11-16 15:28:39.845,1093,45907.83
2025-11-16 15:28:39.845,1094,44198.61
2025-11-16 15:28:39.845,1095,49065.75
2025-11-16 15:28:39.845,1096,988899.38
2025-11-16 15:28:39.845,1097,63810.02
2025-11-16 15:28:39.845,1098,98234.78
2025-11-16 15:28:39.845,1099,41397.01
2025-11-16 15:28:39.845,1100,86251.47
2025-11-16 15:28:39.845,1101,288853.09
2025-11-16 15:28:39.845,1102,105255.28
2025-11-16 15:28:39.845,1103,105255.28
2025-11-16 15:28:39.845,1104,56260.74
2025-11-16 15:28:39.845,1105,56693.92
2025-11-16 15:28:39.845,1106,54582.74
2025-11-16 15:28:39.845,1107,56476.62
2025-11-16 15:28:39.845,1108,54787.84
2025-11-16 15:28:39.845,1109,55727.09
2025-11-16 15:28:39.845,1110,54480.68
2025-11-16 15:28:39.845,1111,55097.93
2025-11-16 15:28:39.845,1112,54582.74
2025-11-16 15:28:39.845,1113,53280.57
2025-11-16 15:28:39.845,1114,54787.84
2025-11-16 15:28:39.845,1115,55939.52
2025-11-16 15:28:39.845,1116,55306.31
2025-11-16 15:28:39.845,1117,54994.24
2025-11-16 15:28:39.845,1118,55939.52
2025-11-16 15:28:39.845,1119,55201.96
2025-11-16 15:28:39.845,1120,55201.96
2025-11-16 15:28:39.845,1121,54787.84
2025-11-16 15:28:39.845,1122,45451.66
2025-11-16 15:28:39.845,1123,53084.88
2025-11-16 15:28:39.845,1124,51841.71
2025-11-16 15:28:39.845,1125,52029.78
2025-11-16 15:28:39.845,1126,54176.42
2025-11-16 15:28:39.845,1127,51192.37
2025-11-16 15:28:39.845,1128,48980.34
2025-11-16 15:28:39.845,1129,51841.71
2025-11-16 15:28:39.845,1130,49670.62
2025-11-16 15:28:39.845,1131,53084.88
2025-11-16 15:28:39.845,1132,50918.22
2025-11-16 15:28:39.845,1133,52124.24
2025-11-16 15:28:39.845,1134,52218.99
2025-11-16 15:28:39.845,1135,58715.34
2025-11-16 15:28:39.845,1136,155704.97
2025-11-16 15:28:39.845,1137,55201.96
2025-11-16 15:28:39.845,1138,51561.75
2025-11-16 15:28:39.845,1139,50556.48
2025-11-16 15:28:39.845,1140,55201.96
2025-11-16 15:28:39.845,1141,61608.8
2025-11-16 15:28:39.845,1142,59772.61
2025-11-16 15:28:39.845,1143,66150.61
2025-11-16 15:28:39.845,1144,89051.75
2025-11-16 15:28:39.845,1145,89051.75
2025-11-16 15:28:39.845,1146,130631.02
2025-11-16 15:28:39.845,1147,54994.24
2025-11-16 15:28:39.845,1148,114373.48
2025-11-16 15:28:39.845,1149,387544.88
2025-11-16 15:28:39.845,1150,145616.44
2025-11-16 15:28:39.845,1151,145616.44
2025-11-16 15:28:39.845,1152,98522.22
2025-11-16 15:28:39.845,1153,94098.91
2025-11-16 15:28:39.845,1154,93309.35
2025-11-16 15:28:39.845,1155,92019.64
2025-11-16 15:28:39.845,1156,92531.65
2025-11-16 15:28:39.845,1157,94364.8
2025-11-16 15:28:39.845,1158,91512.71
2025-11-16 15:28:39.845,1159,94098.91
2025-11-16 15:28:39.845,1160,93048.8
2025-11-16 15:28:39.845,1161,91512.71
2025-11-16 15:28:39.845,1162,92531.65
2025-11-16 15:28:39.845,1163,91010.8
2025-11-16 15:28:39.845,1164,90513.82
2025-11-16 15:28:39.845,1165,90513.82
2025-11-16 15:28:39.845,1166,93048.8
2025-11-16 15:28:39.845,1167,90513.82
2025-11-16 15:28:39.845,1168,93048.8
2025-11-16 15:28:39.845,1169,87167.16
2025-11-16 15:28:39.845,1170,87631.56
2025-11-16 15:28:39.845,1171,91512.71
2025-11-16 15:28:39.845,1172,93048.8
2025-11-16 15:28:39.845,1173,92019.64
2025-11-16 15:28:39.845,1174,89051.75
2025-11-16 15:28:39.845,1175,90021.7
2025-11-16 15:28:39.845,1176,86707.14
2025-11-16 15:28:39.845,1177,83819.96
2025-11-16 15:28:39.845,1178,86251.47
2025-11-16 15:28:39.845,1179,89534.38
2025-11-16 15:28:39.845,1180,80294.42
2025-11-16 15:28:39.845,1181,86936.61
2025-11-16 15:28:39.845,1182,79896.98
2025-11-16 15:28:39.845,1183,90513.82
2025-11-16 15:28:39.845,1184,236622.0
2025-11-16 15:28:39.845,1185,86707.14
2025-11-16 15:28:39.845,1186,80294.42
2025-11-16 15:28:39.845,1187,75386.48
2025-11-16 15:28:39.845,1188,77583.78
2025-11-16 15:28:39.845,1189,91512.71
2025-11-16 15:28:39.845,1190,72958.16
2025-11-16 15:28:39.845,1191,83604.98
2025-11-16 15:28:39.845,1192,861364.44
2025-11-16 15:28:39.845,1193,134609.98
2025-11-16 15:28:39.845,1194,176906.95
2025-11-16 15:28:39.845,1195,80494.47
2025-11-16 15:28:39.845,1196,169524.13
2025-11-16 15:28:39.845,1197,558763.94
2025-11-16 15:28:39.845,1198,212483.69
2025-11-16 15:28:39.845,1199,212483.69
2025-11-16 15:28:39.845,1200,372678.72
2025-11-16 15:28:39.845,1201,339960.47
2025-11-16 15:28:39.845,1202,331208.34
2025-11-16 15:28:39.845,1203,349173.25
2025-11-16 15:28:39.845,1204,346048.91
2025-11-16 15:28:39.845,1205,365654.84
2025-11-16 15:28:39.845,1206,334076.69
2025-11-16 15:28:39.845,1207,352352.88
2025-11-16 15:28:39.845,1208,342978.47
2025-11-16 15:28:39.845,1209,331208.34
2025-11-16 15:28:39.845,1210,362238.63
2025-11-16 15:28:39.845,1211,325612.69
2025-11-16 15:28:39.845,1212,342978.47
2025-11-16 15:28:39.845,1213,358884.03
2025-11-16 15:28:39.845,1214,346048.91
2025-11-16 15:28:39.845,1215,288853.09
2025-11-16 15:28:39.845,1216,286686.59
2025-11-16 15:28:39.845,1217,288853.09
2025-11-16 15:28:39.845,1218,312394.69
2025-11-16 15:28:39.845,1219,297844.91
2025-11-16 15:28:39.845,1220,291051.47
2025-11-16 15:28:39.845,1221,322883.13
2025-11-16 15:28:39.845,1222,288853.09
2025-11-16 15:28:39.845,1223,293282.41
2025-11-16 15:28:39.845,1224,280371.47
2025-11-16 15:28:39.845,1225,293282.41
2025-11-16 15:28:39.845,1226,320197.59
2025-11-16 15:28:39.845,1227,284551.28
2025-11-16 15:28:39.845,1228,322883.13
2025-11-16 15:28:39.845,1229,297844.91
2025-11-16 15:28:39.845,1230,268514.44
2025-11-16 15:28:39.845,1231,297844.91
2025-11-16 15:28:39.845,1232,721303.56
2025-11-16 15:28:39.845,1233,291051.47
2025-11-16 15:28:39.845,1234,317555.0
2025-11-16 15:28:39.845,1235,261133.28
2025-11-16 15:28:39.845,1236,293282.41
2025-11-16 15:28:39.845,1237,346048.91
2025-11-16 15:28:39.845,1238,387544.88
2025-11-16 15:28:39.845,1239,387544.88
2025-11-16 15:28:39.845,1240,528822.38
2025-11-16 15:28:39.845,1241,528822.38
2025-11-16 15:28:39.845,1242,566776.38
2025-11-16 15:28:39.845,1243,336993.63
2025-11-16 15:28:39.845,1244,550970.88
2025-11-16 15:28:39.845,1245,684112.31
2025-11-16 15:28:39.845,1246,684112.31
2025-11-16 15:28:39.845,1247,684112.31
2025-11-16 15:28:39.845,1248,99687.32
2025-11-16 15:28:39.845,1249,97664.48
2025-11-16 15:28:39.845,1250,94364.8
2025-11-16 15:28:39.845,1251,94364.8
2025-11-16 15:28:39.845,1252,92531.65
2025-11-16 15:28:39.845,1253,94632.04
2025-11-16 15:28:39.845,1254,91512.71
2025-11-16 15:28:39.845,1255,91512.71
2025-11-16 15:28:39.845,1256,93309.35
2025-11-16 15:28:39.845,1257,93048.8
2025-11-16 15:28:39.845,1258,93571.2
2025-11-16 15:28:39.845,1259,96541.67
2025-11-16 15:28:39.845,1260,93309.35
2025-11-16 15:28:39.845,1261,96820.16
2025-11-16 15:28:39.845,1262,96820.16
2025-11-16 15:28:39.845,1263,94632.04
2025-11-16 15:28:39.845,1264,93571.2
2025-11-16 15:28:39.845,1265,87398.81
2025-11-16 15:28:39.845,1266,88573.8
2025-11-16 15:28:39.845,1267,68644.23
2025-11-16 15:28:39.845,1268,94098.91
2025-11-16 15:28:39.845,1269,97100.13
2025-11-16 15:28:39.845,1270,93571.2
2025-11-16 15:28:39.845,1271,93571.2
2025-11-16 15:28:39.845,1272,94098.91
2025-11-16 15:28:39.845,1273,90761.7
2025-11-16 15:28:39.845,1274,99101.66
2025-11-16 15:28:39.845,1275,100279.32
2025-11-16 15:28:39.845,1276,94632.04
2025-11-16 15:28:39.845,1277,95170.63
2025-11-16 15:28:39.845,1278,91010.8
2025-11-16 15:28:39.845,1279,102712.45
2025-11-16 15:28:39.845,1280,264774.34
2025-11-16 15:28:39.845,1281,102402.48
2025-11-16 15:28:39.845,1282,101787.58
2025-11-16 15:28:39.845,1283,91010.8
2025-11-16 15:28:39.845,1284,93048.8
2025-11-16 15:28:39.845,1285,107238.9
2025-11-16 15:28:39.845,1286,125056.52
2025-11-16 15:28:39.845,1287,125954.73
2025-11-16 15:28:39.845,1288,153062.25
2025-11-16 15:28:39.845,1289,153062.25
2025-11-16 15:28:39.845,1290,213700.14
2025-11-16 15:28:39.845,1291,103337.61
2025-11-16 15:28:39.845,1292,197793.8
2025-11-16 15:28:39.845,1293,650520.19
2025-11-16 15:28:39.845,1294,255849.03
2025-11-16 15:28:39.845,1295,255849.03
2025-11-16 15:28:39.845,1296,58141.67
2025-11-16 15:28:39.845,1297,57354.41
2025-11-16 15:28:39.845,1298,56912.64
2025-11-16 15:28:39.845,1299,57802.03
2025-11-16 15:28:39.845,1300,54994.24
2025-11-16 15:28:39.845,1301,56260.74
2025-11-16 15:28:39.845,1302,56260.74
2025-11-16 15:28:39.845,1303,56693.92
2025-11-16 15:28:39.845,1304,55833.13
2025-11-16 15:28:39.845,1305,55201.96
2025-11-16 15:28:39.845,1306,56153.31
2025-11-16 15:28:39.845,1307,57354.41
2025-11-16 15:28:39.845,1308,56153.31
2025-11-16 15:28:39.845,1309,56803.11
2025-11-16 15:28:39.845,1310,58028.08
2025-11-16 15:28:39.845,1311,56046.25
2025-11-16 15:28:39.845,1312,57354.41
2025-11-16 15:28:39.845,1313,54378.94
2025-11-16 15:28:39.845,1314,55833.13
2025-11-16 15:28:39.845,1315,54582.74
2025-11-16 15:28:39.845,1316,56693.92
2025-11-16 15:28:39.845,1317,57132.8
2025-11-16 15:28:39.845,1318,55201.96
2025-11-16 15:28:39.845,1319,56803.11
2025-11-16 15:28:39.845,1320,53975.16
2025-11-16 15:28:39.845,1321,47484.0
2025-11-16 15:28:39.845,1322,56476.62
2025-11-16 15:28:39.845,1323,56693.92
2025-11-16 15:28:39.845,1324,52793.59
2025-11-16 15:28:39.845,1325,56368.51
2025-11-16 15:28:39.845,1326,50466.71
2025-11-16 15:28:39.845,1327,58255.64
2025-11-16 15:28:39.845,1328,151772.23
2025-11-16 15:28:39.845,1329,56585.1
2025-11-16 15:28:39.845,1330,56912.64
2025-11-16 15:28:39.845,1331,49496.55
2025-11-16 15:28:39.845,1332,49496.55
2025-11-16 15:28:39.845,1333,61358.41
2025-11-16 15:28:39.845,1334,67012.48
2025-11-16 15:28:39.845,1335,70663.95
2025-11-16 15:28:39.845,1336,988899.38
2025-11-16 15:28:39.845,1337,86707.14
2025-11-16 15:28:39.845,1338,109992.31
2025-11-16 15:28:39.845,1339,55939.52
2025-11-16 15:28:39.845,1340,107915.35
2025-11-16 15:28:39.845,1341,297844.91
2025-11-16 15:28:39.845,1342,123295.2
2025-11-16 15:28:39.845,1343,123295.2
2025-11-16 15:28:39.845,1344,30590.71
2025-11-16 15:28:39.845,1345,30229.68
2025-11-16 15:28:39.845,1346,29184.02
2025-11-16 15:28:39.845,1347,29564.92
2025-11-16 15:28:39.845,1348,28699.64
2025-11-16 15:28:39.845,1349,28996.3
2025-11-16 15:28:39.845,1350,28407.46
2025-11-16 15:28:39.845,1351,28921.71
2025-11-16 15:28:39.845,1352,28810.36
2025-11-16 15:28:39.845,1353,28119.63
2025-11-16 15:28:39.845,1354,29146.33
2025-11-16 15:28:39.845,1355,29146.33
2025-11-16 15:28:39.845,1356,29449.88
2025-11-16 15:28:39.845,1357,29526.5
2025-11-16 15:28:39.845,1358,30309.35
2025-11-16 15:28:39.845,1359,29488.15
2025-11-16 15:28:39.845,1360,30917.09
2025-11-16 15:28:39.845,1361,28958.97
2025-11-16 15:28:39.845,1362,30794.08
2025-11-16 15:28:39.845,1363,30150.32
2025-11-16 15:28:39.845,1364,30550.28
2025-11-16 15:28:39.845,1365,31713.61
2025-11-16 15:28:39.845,1366,28773.39
2025-11-16 15:28:39.845,1367,31248.74
2025-11-16 15:28:39.845,1368,29488.15
2025-11-16 15:28:39.845,1369,26643.4
2025-11-16 15:28:39.845,1370,32232.81
2025-11-16 15:28:39.845,1371,31290.57
2025-11-16 15:28:39.845,1372,29449.88
2025-11-16 15:28:39.845,1373,29914.1
2025-11-16 15:28:39.845,1374,28191.18
2025-11-16 15:28:39.845,1375,31374.49
2025-11-16 15:28:39.845,1376,82754.82
2025-11-16 15:28:39.845,1377,31290.57
2025-11-16 15:28:39.845,1378,31543.36
2025-11-16 15:28:39.845,1379,28516.51
2025-11-16 15:28:39.845,1380,28553.0
2025-11-16 15:28:39.845,1381,33823.5
2025-11-16 15:28:39.845,1382,41139.08
2025-11-16 15:28:39.845,1383,41397.01
2025-11-16 15:28:39.845,1384,661350.38
2025-11-16 15:28:39.845,1385,48473.0
2025-11-16 15:28:39.845,1386,70663.95
2025-11-16 15:28:39.845,1387,30631.22
2025-11-16 15:28:39.845,1388,62370.57
2025-11-16 15:28:39.845,1389,211280.41
2025-11-16 15:28:39.845,1390,76654.66
2025-11-16 15:28:39.845,1391,76654.66
2025-11-16 15:28:39.845,1392,35234.91
2025-11-16 15:28:39.845,1393,35335.6
2025-11-16 15:28:39.845,1394,33729.39
2025-11-16 15:28:39.845,1395,34935.51
2025-11-16 15:28:39.845,1396,33495.87
2025-11-16 15:28:39.845,1397,33823.5
2025-11-16 15:28:39.845,1398,33310.84
2025-11-16 15:28:39.845,1399,33682.49
2025-11-16 15:28:39.845,1400,33870.7
2025-11-16 15:28:39.845,1401,33310.84
2025-11-16 15:28:39.845,1402,33403.16
2025-11-16 15:28:39.845,1403,33870.7
2025-11-16 15:28:39.845,1404,34542.39
2025-11-16 15:28:39.845,1405,34542.39
2025-11-16 15:28:39.845,1406,34542.39
2025-11-16 15:28:39.845,1407,35134.67
2025-11-16 15:28:39.845,1408,36262.32
2025-11-16 15:28:39.845,1409,33635.68
2025-11-16 15:28:39.845,1410,36686.43
2025-11-16 15:28:39.845,1411,35234.91
2025-11-16 15:28:39.845,1412,36053.13
2025-11-16 15:28:39.845,1413,37172.92
2025-11-16 15:28:39.845,1414,35134.67
2025-11-16 15:28:39.845,1415,37118.37
2025-11-16 15:28:39.845,1416,35742.86
2025-11-16 15:28:39.845,1417,34396.74
2025-11-16 15:28:39.845,1418,38636.91
2025-11-16 15:28:39.845,1419,36901.41
2025-11-16 15:28:39.845,1420,35034.87
2025-11-16 15:28:39.845,1421,36157.48
2025-11-16 15:28:39.845,1422,34542.39
2025-11-16 15:28:39.845,1423,37227.6
2025-11-16 15:28:39.845,1424,102712.45
2025-11-16 15:28:39.845,1425,37118.37
2025-11-16 15:28:39.845,1426,37893.76
2025-11-16 15:28:39.845,1427,34935.51
2025-11-16 15:28:39.845,1428,34935.51
2025-11-16 15:28:39.845,1429,41139.08
2025-11-16 15:28:39.845,1430,50199.01
2025-11-16 15:28:39.845,1431,50377.22
2025-11-16 15:28:39.845,1432,809075.0
2025-11-16 15:28:39.845,1433,57132.8
2025-11-16 15:28:39.845,1434,84035.92
2025-11-16 15:28:39.845,1435,36473.41
2025-11-16 15:28:39.845,1436,74503.1
2025-11-16 15:28:39.845,1437,262941.66
2025-11-16 15:28:39.845,1438,98522.22
2025-11-16 15:28:39.845,1439,98522.22
2025-11-16 15:28:39.845,1440,39403.42
2025-11-16 15:28:39.845,1441,38463.37
2025-11-16 15:28:39.845,1442,37669.63
2025-11-16 15:28:39.845,1443,38006.61
2025-11-16 15:28:39.845,1444,37447.59
2025-11-16 15:28:39.845,1445,37781.43
2025-11-16 15:28:39.845,1446,37009.64
2025-11-16 15:28:39.845,1447,37781.43
2025-11-16 15:28:39.845,1448,37227.6
2025-11-16 15:28:39.845,1449,37118.37
2025-11-16 15:28:39.845,1450,37669.63
2025-11-16 15:28:39.845,1451,37725.46
2025-11-16 15:28:39.845,1452,37118.37
2025-11-16 15:28:39.845,1453,38463.37
2025-11-16 15:28:39.845,1454,39224.4
2025-11-16 15:28:39.845,1455,38006.61
2025-11-16 15:28:39.845,1456,40256.3
2025-11-16 15:28:39.845,1457,37725.46
2025-11-16 15:28:39.845,1458,39523.48
2025-11-16 15:28:39.845,1459,38233.91
2025-11-16 15:28:39.845,1460,39403.42
2025-11-16 15:28:39.845,1461,40505.41
2025-11-16 15:28:39.845,1462,37725.46
2025-11-16 15:28:39.845,1463,39644.14
2025-11-16 15:28:39.845,1464,38063.23
2025-11-16 15:28:39.845,1465,32586.16
2025-11-16 15:28:39.845,1466,40380.55
2025-11-16 15:28:39.845,1467,38463.37
2025-11-16 15:28:39.845,1468,34985.13
2025-11-16 15:28:39.845,1469,38695.02
2025-11-16 15:28:39.845,1470,34060.55
2025-11-16 15:28:39.845,1471,39887.21
2025-11-16 15:28:39.845,1472,97664.48
2025-11-16 15:28:39.845,1473,39523.48
2025-11-16 15:28:39.845,1474,39765.37
2025-11-16 15:28:39.845,1475,34156.08
2025-11-16 15:28:39.845,1476,34060.55
2025-11-16 15:28:39.845,1477,43417.48
2025-11-16 15:28:39.845,1478,51100.71
2025-11-16 15:28:39.845,1479,51376.5
2025-11-16 15:28:39.845,1480,861364.44
2025-11-16 15:28:39.845,1481,59892.09
2025-11-16 15:28:39.845,1482,82754.82
2025-11-16 15:28:39.845,1483,38753.28
2025-11-16 15:28:39.845,1484,76471.19
2025-11-16 15:28:39.845,1485,247485.06
2025-11-16 15:28:39.845,1486,94364.8
2025-11-16 15:28:39.845,1487,94364.8
2025-11-16 15:28:39.845,1488,31374.49
2025-11-16 15:28:39.845,1489,31290.57
2025-11-16 15:28:39.845,1490,30150.32
2025-11-16 15:28:39.845,1491,30389.34
2025-11-16 15:28:39.845,1492,29603.42
2025-11-16 15:28:39.845,1493,29564.92
2025-11-16 15:28:39.845,1494,29297.52
2025-11-16 15:28:39.845,1495,29914.1
2025-11-16 15:28:39.845,1496,29953.28
2025-11-16 15:28:39.845,1497,29221.78
2025-11-16 15:28:39.845,1498,29488.15
2025-11-16 15:28:39.845,1499,30150.32
2025-11-16 15:28:39.845,1500,29680.64
2025-11-16 15:28:39.845,1501,30550.28
2025-11-16 15:28:39.845,1502,31040.83
2025-11-16 15:28:39.845,1503,30269.48
2025-11-16 15:28:39.845,1504,31713.61
2025-11-16 15:28:39.845,1505,29108.72
2025-11-16 15:28:39.845,1506,31971.61
2025-11-16 15:28:39.845,1507,30110.76
2025-11-16 15:28:39.845,1508,31885.26
2025-11-16 15:28:39.845,1509,32675.42
2025-11-16 15:28:39.845,1510,30631.22
2025-11-16 15:28:39.845,1511,32765.05
2025-11-16 15:28:39.845,1512,31040.83
2025-11-16 15:28:39.845,1513,28371.24
2025-11-16 15:28:39.845,1514,33081.75
2025-11-16 15:28:39.845,1515,31971.61
2025-11-16 15:28:39.845,1516,28847.41
2025-11-16 15:28:39.845,1517,30999.5
2025-11-16 15:28:39.845,1518,27281.39
2025-11-16 15:28:39.845,1519,32320.6
2025-11-16 15:28:39.845,1520,83177.96
2025-11-16 15:28:39.845,1521,31756.39
2025-11-16 15:28:39.845,1522,32276.66
2025-11-16 15:28:39.845,1523,28699.64
2025-11-16 15:28:39.845,1524,27836.08
2025-11-16 15:28:39.845,1525,34689.0
2025-11-16 15:28:39.845,1526,42658.5
2025-11-16 15:28:39.845,1527,43487.57
2025-11-16 15:28:39.845,1528,640033.69
2025-11-16 15:28:39.845,1529,49758.04
2025-11-16 15:28:39.845,1530,66150.61
2025-11-16 15:28:39.845,1531,31374.49
2025-11-16 15:28:39.845,1532,63411.8
2025-11-16 15:28:39.845,1533,211280.41
2025-11-16 15:28:39.845,1534,77396.36
2025-11-16 15:28:39.845,1535,77396.36
2025-11-16 15:28:39.845,1536,27247.26
2025-11-16 15:28:39.845,1537,27247.26
2025-11-16 15:28:39.845,1538,27247.26
2025-11-16 15:28:39.845,1539,27247.26
2025-11-16 15:28:39.845,1540,27247.26
2025-11-16 15:28:39.845,1541,27247.26
2025-11-16 15:28:39.845,1542,27247.26
2025-11-16 15:28:39.845,1543,27247.26
2025-11-16 15:28:39.845,1544,27247.26
2025-11-16 15:28:39.845,1545,27247.26
2025-11-16 15:28:39.845,1546,27247.26
2025-11-16 15:28:39.845,1547,27247.26
2025-11-16 15:28:39.845,1548,27247.26
2025-11-16 15:28:39.845,1549,27247.26
2025-11-16 15:28:39.845,1550,27247.26
2025-11-16 15:28:39.845,1551,27247.26
2025-11-16 15:28:39.845,1552,27247.26
2025-11-16 15:28:39.845,1553,27247.26
2025-11-16 15:28:39.845,1554,27247.26
2025-11-16 15:28:39.845,1555,27247.26
2025-11-16 15:28:39.845,1556,27247.26
2025-11-16 15:28:39.845,1557,27247.26
2025-11-16 15:28:39.845,1558,27247.26
2025-11-16 15:28:39.845,1559,27247.26
2025-11-16 15:28:39.845,1560,27247.26
2025-11-16 15:28:39.845,1561,27247.26
2025-11-16 15:28:39.845,1562,27247.26
2025-11-16 15:28:39.845,1563,27247.26
2025-11-16 15:28:39.845,1564,27247.26
2025-11-16 15:28:39.845,1565,27247.26
2025-11-16 15:28:39.845,1566,27247.26
2025-11-16 15:28:39.845,1567,27247.26
2025-11-16 15:28:39.845,1568,27247.26
2025-11-16 15:28:39.845,1569,27247.26
2025-11-16 15:28:39.845,1570,27247.26
2025-11-16 15:28:39.845,1571,27247.26
2025-11-16 15:28:39.845,1572,27247.26
2025-11-16 15:28:39.845,1573,27247.26
2025-11-16 15:28:39.845,1574,27247.26
2025-11-16 15:28:39.845,1575,27247.26
2025-11-16 15:28:39.845,1576,27247.26
2025-11-16 15:28:39.845,1577,27247.26
2025-11-16 15:28:39.845,1578,27247.26
2025-11-16 15:28:39.845,1579,27247.26
2025-11-16 15:28:39.845,1580,27247.26
2025-11-16 15:28:39.845,1581,27247.26
2025-11-16 15:28:39.845,1582,27247.26
2025-11-16 15:28:39.845,1583,27247.26
2025-11-16 15:28:39.845,1584,27247.26
2025-11-16 15:28:39.845,1585,26942.87
2025-11-16 15:28:39.845,1586,26090.74
2025-11-16 15:28:39.845,1587,26676.44
2025-11-16 15:28:39.845,1588,25679.2
2025-11-16 15:28:39.845,1589,25647.93
2025-11-16 15:28:39.845,1590,25246.33
2025-11-16 15:28:39.845,1591,25741.9
2025-11-16 15:28:39.845,1592,25647.93
2025-11-16 15:28:39.845,1593,24675.34
2025-11-16 15:28:39.845,1594,25554.44
2025-11-16 15:28:39.845,1595,25804.82
2025-11-16 15:28:39.845,1596,25523.39
2025-11-16 15:28:39.845,1597,26348.73
2025-11-16 15:28:39.845,1598,26775.9
2025-11-16 15:28:39.845,1599,26219.28
2025-11-16 15:28:39.845,1600,27247.26
2025-11-16 15:28:39.845,1601,25094.26
2025-11-16 15:28:39.845,1602,27626.15
2025-11-16 15:28:39.845,1603,25585.55
2025-11-16 15:28:39.845,1604,27418.54
2025-11-16 15:28:39.845,1605,28553.0
2025-11-16 15:28:39.845,1606,26643.4
2025-11-16 15:28:39.845,1607,28443.74
2025-11-16 15:28:39.845,1608,26842.51
2025-11-16 15:28:39.845,1609,25033.8
2025-11-16 15:28:39.845,1610,28699.64
2025-11-16 15:28:39.845,1611,27871.29
2025-11-16 15:28:39.845,1612,24675.34
2025-11-16 15:28:39.845,1613,27281.39
2025-11-16 15:28:39.845,1614,24675.34
2025-11-16 15:28:39.845,1615,28299.01
2025-11-16 15:28:39.845,1616,85352.86
2025-11-16 15:28:39.845,1617,27906.57
2025-11-16 15:28:39.845,1618,29184.02
2025-11-16 15:28:39.845,1619,25994.93
2025-11-16 15:28:39.845,1620,25094.26
2025-11-16 15:28:39.845,1621,31458.76
2025-11-16 15:28:39.845,1622,38463.37
2025-11-16 15:28:39.845,1623,39224.4
2025-11-16 15:28:39.845,1624,550970.88
2025-11-16 15:28:39.845,1625,44054.89
2025-11-16 15:28:39.845,1626,64212.57
2025-11-16 15:28:39.845,1627,27800.93
2025-11-16 15:28:39.845,1628,58255.64
2025-11-16 15:28:39.845,1629,197793.8
2025-11-16 15:28:39.845,1630,75745.02
2025-11-16 15:28:39.845,1631,75745.02
2025-11-16 15:28:39.845,1632,25836.37
2025-11-16 15:28:39.845,1633,25585.55
2025-11-16 15:28:39.845,1634,24734.57
2025-11-16 15:28:39.845,1635,25585.55
2025-11-16 15:28:39.845,1636,24179.86
2025-11-16 15:28:39.845,1637,24324.12
2025-11-16 15:28:39.845,1638,24353.12
2025-11-16 15:28:39.845,1639,24645.8
2025-11-16 15:28:39.845,1640,24498.84
2025-11-16 15:28:39.845,1641,24237.42
2025-11-16 15:28:39.845,1642,24065.32
2025-11-16 15:28:39.845,1643,24266.27
2025-11-16 15:28:39.845,1644,23838.52
2025-11-16 15:28:39.845,1645,24557.47
2025-11-16 15:28:39.845,1646,25276.9
2025-11-16 15:28:39.845,1647,24557.47
2025-11-16 15:28:39.845,1648,25461.45
2025-11-16 15:28:39.845,1649,23421.27
2025-11-16 15:28:39.845,1650,25585.55
2025-11-16 15:28:39.845,1651,23866.7
2025-11-16 15:28:39.845,1652,25585.55
2025-11-16 15:28:39.845,1653,26251.55
2025-11-16 15:28:39.845,1654,24093.88
2025-11-16 15:28:39.845,1655,26283.89
2025-11-16 15:28:39.845,1656,24734.57
2025-11-16 15:28:39.845,1657,22177.84
2025-11-16 15:28:39.845,1658,25963.11
2025-11-16 15:28:39.845,1659,25647.93
2025-11-16 15:28:39.845,1660,18578.57
2025-11-16 15:28:39.845,1661,24883.55
2025-11-16 15:28:39.845,1662,18084.37
2025-11-16 15:28:39.845,1663,26154.89
2025-11-16 15:28:39.845,1664,74678.3
2025-11-16 15:28:39.845,1665,24208.61
2025-11-16 15:28:39.845,1666,25647.93
2025-11-16 15:28:39.845,1667,20148.47
2025-11-16 15:28:39.845,1668,17054.83
2025-11-16 15:28:39.845,1669,28407.46
2025-11-16 15:28:39.845,1670,33036.22
2025-11-16 15:28:39.845,1671,34156.08
2025-11-16 15:28:39.845,1672,483368.97
2025-11-16 15:28:39.845,1673,41397.01
2025-11-16 15:28:39.845,1674,54378.94
2025-11-16 15:28:39.845,1675,25094.26
2025-11-16 15:28:39.845,1676,51654.79
2025-11-16 15:28:39.845,1677,175214.38
2025-11-16 15:28:39.845,1678,66435.75
2025-11-16 15:28:39.845,1679,66435.75
2025-11-16 15:28:39.845,1680,34252.03
2025-11-16 15:28:39.845,1681,34542.39
2025-11-16 15:28:39.845,1682,33542.38
2025-11-16 15:28:39.845,1683,34156.08
2025-11-16 15:28:39.845,1684,32765.05
2025-11-16 15:28:39.845,1685,33127.38
2025-11-16 15:28:39.845,1686,33310.84
2025-11-16 15:28:39.845,1687,33542.38
2025-11-16 15:28:39.845,1688,33403.16
2025-11-16 15:28:39.845,1689,33127.38
2025-11-16 15:28:39.845,1690,32900.21
2025-11-16 15:28:39.845,1691,33682.49
2025-11-16 15:28:39.845,1692,32855.06
2025-11-16 15:28:39.845,1693,33495.87
2025-11-16 15:28:39.845,1694,33495.87
2025-11-16 15:28:39.845,1695,33495.87
2025-11-16 15:28:39.845,1696,34060.55
2025-11-16 15:28:39.845,1697,30794.08
2025-11-16 15:28:39.845,1698,34348.4
2025-11-16 15:28:39.845,1699,32058.32
2025-11-16 15:28:39.845,1700,34445.18
2025-11-16 15:28:39.845,1701,35691.55
2025-11-16 15:28:39.845,1702,33682.49
2025-11-16 15:28:39.845,1703,35742.86
2025-11-16 15:28:39.845,1704,33776.39
2025-11-16 15:28:39.845,1705,30229.68
2025-11-16 15:28:39.845,1706,35386.11
2025-11-16 15:28:39.845,1707,34640.03
2025-11-16 15:28:39.845,1708,29603.42
2025-11-16 15:28:39.845,1709,34300.16
2025-11-16 15:28:39.845,1710,29297.52
2025-11-16 15:28:39.845,1711,35897.47
2025-11-16 15:28:39.845,1712,91512.71
2025-11-16 15:28:39.845,1713,34935.51
2025-11-16 15:28:39.845,1714,35335.6
2025-11-16 15:28:39.845,1715,30550.28
2025-11-16 15:28:39.845,1716,27418.54
2025-11-16 15:28:39.845,1717,37669.63
2025-11-16 15:28:39.845,1718,46061.56
2025-11-16 15:28:39.845,1719,47161.71
2025-11-16 15:28:39.845,1720,708471.5
2025-11-16 15:28:39.845,1721,54994.24
2025-11-16 15:28:39.845,1722,69101.3
2025-11-16 15:28:39.845,1723,34985.13
2025-11-16 15:28:39.845,1724,67012.48
2025-11-16 15:28:39.845,1725,233684.53
2025-11-16 15:28:39.845,1726,87631.56
2025-11-16 15:28:39.845,1727,87631.56
2025-11-16 15:28:39.845,1728,27010.09
2025-11-16 15:28:39.845,1729,26809.18
2025-11-16 15:28:39.845,1730,25773.33
2025-11-16 15:28:39.845,1731,26479.11
2025-11-16 15:28:39.845,1732,25585.55
2025-11-16 15:28:39.845,1733,25773.33
2025-11-16 15:28:39.845,1734,25647.93
2025-11-16 15:28:39.845,1735,25710.52
2025-11-16 15:28:39.845,1736,25836.37
2025-11-16 15:28:39.845,1737,25647.93
2025-11-16 15:28:39.845,1738,25461.45
2025-11-16 15:28:39.845,1739,25836.37
2025-11-16 15:28:39.845,1740,25094.26
2025-11-16 15:28:39.845,1741,25963.11
2025-11-16 15:28:39.845,1742,26643.4
2025-11-16 15:28:39.845,1743,25994.93
2025-11-16 15:28:39.845,1744,26809.18
2025-11-16 15:28:39.845,1745,24382.16
2025-11-16 15:28:39.845,1746,27010.09
2025-11-16 15:28:39.845,1747,24151.15
2025-11-16 15:28:39.845,1748,27145.25
2025-11-16 15:28:39.845,1749,27695.87
2025-11-16 15:28:39.845,1750,26154.89
2025-11-16 15:28:39.845,1751,27836.08
2025-11-16 15:28:39.845,1752,26283.89
2025-11-16 15:28:39.845,1753,22933.92
2025-11-16 15:28:39.845,1754,27626.15
2025-11-16 15:28:39.845,1755,27213.2
2025-11-16 15:28:39.845,1756,20718.37
2025-11-16 15:28:39.845,1757,26676.44
2025-11-16 15:28:39.845,1758,20741.61
2025-11-16 15:28:39.845,1759,27941.91
2025-11-16 15:28:39.845,1760,79503.01
2025-11-16 15:28:39.845,1761,26809.18
2025-11-16 15:28:39.845,1762,27145.25
2025-11-16 15:28:39.845,1763,20928.83
2025-11-16 15:28:39.845,1764,20510.75
2025-11-16 15:28:39.845,1765,30229.68
2025-11-16 15:28:39.845,1766,35742.86
2025-11-16 15:28:39.845,1767,36847.48
2025-11-16 15:28:39.845,1768,575017.88
2025-11-16 15:28:39.845,1769,44561.25
2025-11-16 15:28:39.845,1770,57914.87
2025-11-16 15:28:39.845,1771,26909.36
2025-11-16 15:28:39.845,1772,56046.25
2025-11-16 15:28:39.845,1773,190659.31
2025-11-16 15:28:39.845,1774,73637.78
2025-11-16 15:28:39.845,1775,73637.78
2025-11-16 15:28:39.845,1776,24266.27
2025-11-16 15:28:39.845,1777,24036.8
2025-11-16 15:28:39.845,1778,23230.05
2025-11-16 15:28:39.845,1779,23421.27
2025-11-16 15:28:39.845,1780,22616.81
2025-11-16 15:28:39.845,1781,22408.76
2025-11-16 15:28:39.845,1782,22564.54
2025-11-16 15:28:39.845,1783,22827.54
2025-11-16 15:28:39.845,1784,22774.6
2025-11-16 15:28:39.845,1785,22590.65
2025-11-16 15:28:39.845,1786,22357.16
2025-11-16 15:28:39.845,1787,22721.83
2025-11-16 15:28:39.845,1788,21750.49
2025-11-16 15:28:39.845,1789,22907.26
2025-11-16 15:28:39.845,1790,23040.99
2025-11-16 15:28:39.845,1791,22801.05
2025-11-16 15:28:39.845,1792,23923.21
2025-11-16 15:28:39.845,1793,21528.79
2025-11-16 15:28:39.845,1794,23754.24
2025-11-16 15:28:39.845,1795,21775.31
2025-11-16 15:28:39.845,1796,23866.7
2025-11-16 15:28:39.845,1797,24675.34
2025-11-16 15:28:39.845,1798,23040.99
2025-11-16 15:28:39.845,1799,24382.16
2025-11-16 15:28:39.845,1800,23202.91
2025-11-16 15:28:39.845,1801,20059.23
2025-11-16 15:28:39.845,1802,24324.12
2025-11-16 15:28:39.845,1803,23810.38
2025-11-16 15:28:39.845,1804,18760.76
2025-11-16 15:28:39.845,1805,23311.73
2025-11-16 15:28:39.845,1806,18679.5
2025-11-16 15:28:39.845,1807,24616.31
2025-11-16 15:28:39.845,1808,76106.58
2025-11-16 15:28:39.845,1809,23284.46
2025-11-16 15:28:39.845,1810,23614.7
2025-11-16 15:28:39.845,1811,17236.39
2025-11-16 15:28:39.845,1812,17036.8
2025-11-16 15:28:39.845,1813,26479.11
2025-11-16 15:28:39.845,1814,31040.83
2025-11-16 15:28:39.845,1815,32058.32
2025-11-16 15:28:39.845,1816,483368.97
2025-11-16 15:28:39.845,1817,39165.01
2025-11-16 15:28:39.845,1818,51468.98
2025-11-16 15:28:39.845,1819,23175.81
2025-11-16 15:28:39.845,1820,49151.41
2025-11-16 15:28:39.845,1821,165668.98
2025-11-16 15:28:39.845,1822,63676.8
2025-11-16 15:28:39.845,1823,63676.8
2025-11-16 15:28:39.845,1824,34156.08
2025-11-16 15:28:39.845,1825,33729.39
2025-11-16 15:28:39.845,1826,32675.42
2025-11-16 15:28:39.845,1827,33310.84
2025-11-16 15:28:39.845,1828,32145.38
2025-11-16 15:28:39.845,1829,32145.38
2025-11-16 15:28:39.845,1830,32232.81
2025-11-16 15:28:39.845,1831,32586.16
2025-11-16 15:28:39.845,1832,32320.6
2025-11-16 15:28:39.845,1833,32320.6
2025-11-16 15:28:39.845,1834,31670.92
2025-11-16 15:28:39.845,1835,32586.16
2025-11-16 15:28:39.845,1836,30631.22
2025-11-16 15:28:39.845,1837,32320.6
2025-11-16 15:28:39.845,1838,33403.16
2025-11-16 15:28:39.845,1839,32586.16
2025-11-16 15:28:39.845,1840,33682.49
2025-11-16 15:28:39.845,1841,30712.49
2025-11-16 15:28:39.845,1842,33495.87
2025-11-16 15:28:39.845,1843,31040.83
2025-11-16 15:28:39.845,1844,33870.7
2025-11-16 15:28:39.845,1845,34445.18
2025-11-16 15:28:39.845,1846,32765.05
2025-11-16 15:28:39.845,1847,34445.18
2025-11-16 15:28:39.845,1848,32810.01
2025-11-16 15:28:39.845,1849,29526.5
2025-11-16 15:28:39.845,1850,34396.74
2025-11-16 15:28:39.845,1851,33870.7
2025-11-16 15:28:39.845,1852,29146.33
2025-11-16 15:28:39.845,1853,33495.87
2025-11-16 15:28:39.845,1854,27695.87
2025-11-16 15:28:39.845,1855,34591.16
2025-11-16 15:28:39.845,1856,93048.8
2025-11-16 15:28:39.845,1857,34204.0
2025-11-16 15:28:39.845,1858,34445.18
2025-11-16 15:28:39.845,1859,28921.71
2025-11-16 15:28:39.845,1860,28480.09
2025-11-16 15:28:39.845,1861,37447.59
2025-11-16 15:28:39.845,1862,44707.67
2025-11-16 15:28:39.845,1863,45301.25
2025-11-16 15:28:39.845,1864,684112.31
2025-11-16 15:28:39.845,1865,54277.52
2025-11-16 15:28:39.845,1866,65586.65
2025-11-16 15:28:39.845,1867,33682.49
2025-11-16 15:28:39.845,1868,64212.57
2025-11-16 15:28:39.845,1869,225277.3
2025-11-16 15:28:39.845,1870,83390.98
2025-11-16 15:28:39.845,1871,83390.98
2025-11-16 15:28:39.845,1872,28335.09
2025-11-16 15:28:39.845,1873,27349.84
2025-11-16 15:28:39.845,1874,27145.25
2025-11-16 15:28:39.845,1875,27591.39
2025-11-16 15:28:39.845,1876,26643.4
2025-11-16 15:28:39.845,1877,26942.87
2025-11-16 15:28:39.845,1878,26544.65
2025-11-16 15:28:39.845,1879,26742.69
2025-11-16 15:28:39.845,1880,26676.44
2025-11-16 15:28:39.845,1881,26676.44
2025-11-16 15:28:39.845,1882,26283.89
2025-11-16 15:28:39.845,1883,26942.87
2025-11-16 15:28:39.845,1884,26058.75
2025-11-16 15:28:39.845,1885,27010.09
2025-11-16 15:28:39.845,1886,27800.93
2025-11-16 15:28:39.845,1887,27077.54
2025-11-16 15:28:39.845,1888,28191.18
2025-11-16 15:28:39.845,1889,25585.55
2025-11-16 15:28:39.845,1890,28119.63
2025-11-16 15:28:39.845,1891,26090.74
2025-11-16 15:28:39.845,1892,28407.46
2025-11-16 15:28:39.845,1893,29071.17
2025-11-16 15:28:39.845,1894,27281.39
2025-11-16 15:28:39.845,1895,29146.33
2025-11-16 15:28:39.845,1896,27384.16
2025-11-16 15:28:39.845,1897,22460.52
2025-11-16 15:28:39.845,1898,28773.39
2025-11-16 15:28:39.845,1899,28119.63
2025-11-16 15:28:39.845,1900,22408.76
2025-11-16 15:28:39.845,1901,27871.29
2025-11-16 15:28:39.845,1902,20834.94
2025-11-16 15:28:39.845,1903,29146.33
2025-11-16 15:28:39.845,1904,82754.82
2025-11-16 15:28:39.845,1905,28119.63
2025-11-16 15:28:39.845,1906,28699.64
2025-11-16 15:28:39.845,1907,23148.76
2025-11-16 15:28:39.845,1908,23040.99
2025-11-16 15:28:39.845,1909,31628.31
2025-11-16 15:28:39.845,1910,37392.4
2025-11-16 15:28:39.845,1911,38291.07
2025-11-16 15:28:39.845,1912,575017.88
2025-11-16 15:28:39.845,1913,45907.83
2025-11-16 15:28:39.845,1914,59416.6
2025-11-16 15:28:39.845,1915,28335.09
2025-11-16 15:28:39.845,1916,57465.76
2025-11-16 15:28:39.845,1917,192647.28
2025-11-16 15:28:39.845,1918,76471.19
2025-11-16 15:28:39.845,1919,76471.19
2025-11-16 15:28:39.845,1920,734602.25
2025-11-16 15:28:39.845,1921,708471.5
2025-11-16 15:28:39.845,1922,762705.19
2025-11-16 15:28:39.845,1923,708471.5
2025-11-16 15:28:39.845,1924,708471.5
2025-11-16 15:28:39.845,1925,640033.69
2025-11-16 15:28:39.845,1926,566776.38
2025-11-16 15:28:39.845,1927,777567.38
2025-11-16 15:28:39.845,1928,583498.19
2025-11-16 15:28:39.845,1929,566776.38
2025-11-16 15:28:39.845,1930,721303.56
2025-11-16 15:28:39.845,1931,721303.56
2025-11-16 15:28:39.845,1932,640033.69
2025-11-16 15:28:39.845,1933,592227.94
2025-11-16 15:28:39.845,1934,777567.38
2025-11-16 15:28:39.845,1935,708471.5
2025-11-16 15:28:39.845,1936,640033.69
2025-11-16 15:28:39.845,1937,592227.94
2025-11-16 15:28:39.845,1938,793012.25
2025-11-16 15:28:39.845,1939,661350.38
2025-11-16 15:28:39.845,1940,460679.59
2025-11-16 15:28:39.845,1941,601218.31
2025-11-16 15:28:39.845,1942,708471.5
2025-11-16 15:28:39.845,1943,521823.06
2025-11-16 15:28:39.845,1944,483368.97
2025-11-16 15:28:39.845,1945,483368.97
2025-11-16 15:28:39.845,1946,684112.31
2025-11-16 15:28:39.845,1947,471757.34
2025-11-16 15:28:39.845,1948,460679.59
2025-11-16 15:28:39.845,1949,558763.94
2025-11-16 15:28:39.845,1950,483368.97
2025-11-16 15:28:39.845,1951,536008.31
2025-11-16 15:28:39.845,1952,920784.13
2025-11-16 15:28:39.845,1953,550970.88
2025-11-16 15:28:39.845,1954,508356.06
2025-11-16 15:28:39.845,1955,495554.03
2025-11-16 15:28:39.845,1956,421032.91
2025-11-16 15:28:39.845,1957,558763.94
2025-11-16 15:28:39.845,1958,575017.88
2025-11-16 15:28:39.845,1959,661350.38
2025-11-16 15:28:39.845,1960,762705.19
2025-11-16 15:28:39.845,1961,762705.19
2025-11-16 15:28:39.845,1962,358884.03
2025-11-16 15:28:39.845,1963,583498.19
2025-11-16 15:28:39.845,1964,460679.59
2025-11-16 15:28:39.845,1965,965113.19
2025-11-16 15:28:39.845,1966,965113.19
2025-11-16 15:28:39.845,1967,965113.19
2025-11-16 15:28:39.845,1968,33403.16
2025-11-16 15:28:39.845,1969,33403.16
2025-11-16 15:28:39.845,1970,32586.16
2025-11-16 15:28:39.845,1971,32675.42
2025-11-16 15:28:39.845,1972,31585.79
2025-11-16 15:28:39.845,1973,31628.31
2025-11-16 15:28:39.845,1974,31374.49
2025-11-16 15:28:39.845,1975,31756.39
2025-11-16 15:28:39.845,1976,31885.26
2025-11-16 15:28:39.845,1977,31585.79
2025-11-16 15:28:39.845,1978,31290.57
2025-11-16 15:28:39.845,1979,31885.26
2025-11-16 15:28:39.845,1980,30794.08
2025-11-16 15:28:39.845,1981,31458.76
2025-11-16 15:28:39.845,1982,32945.45
2025-11-16 15:28:39.845,1983,32145.38
2025-11-16 15:28:39.845,1984,33449.47
2025-11-16 15:28:39.845,1985,30631.22
2025-11-16 15:28:39.845,1986,33449.47
2025-11-16 15:28:39.845,1987,31040.83
2025-11-16 15:28:39.845,1988,33495.87
2025-11-16 15:28:39.845,1989,34348.4
2025-11-16 15:28:39.845,1990,32586.16
2025-11-16 15:28:39.845,1991,34156.08
2025-11-16 15:28:39.845,1992,32320.6
2025-11-16 15:28:39.845,1993,28371.24
2025-11-16 15:28:39.845,1994,34156.08
2025-11-16 15:28:39.845,1995,33449.47
2025-11-16 15:28:39.845,1996,27730.82
2025-11-16 15:28:39.845,1997,32276.66
2025-11-16 15:28:39.845,1998,26511.85
2025-11-16 15:28:39.845,1999,34012.93
2025-11-16 15:28:39.845,2000,88336.55
2025-11-16 15:28:39.845,2001,32855.06
2025-11-16 15:28:39.845,2002,33776.39
2025-11-16 15:28:39.845,2003,27977.33
2025-11-16 15:28:39.845,2004,27906.57
2025-11-16 15:28:39.845,2005,36901.41
2025-11-16 15:28:39.845,2006,43277.87
2025-11-16 15:28:39.845,2007,44854.87
2025-11-16 15:28:39.845,2008,684112.31
2025-11-16 15:28:39.845,2009,52600.88
2025-11-16 15:28:39.845,2010,62242.49
2025-11-16 15:28:39.845,2011,32855.06
2025-11-16 15:28:39.845,2012,62114.86
2025-11-16 15:28:39.845,2013,223932.14
2025-11-16 15:28:39.845,2014,80294.42
2025-11-16 15:28:39.845,2015,80294.42
2025-11-16 15:28:39.845,2016,708471.5
2025-11-16 15:28:39.845,2017,684112.31
2025-11-16 15:28:39.845,2018,748393.56
2025-11-16 15:28:39.845,2019,793012.25
2025-11-16 15:28:39.845,2020,661350.38
2025-11-16 15:28:39.845,2021,762705.19
2025-11-16 15:28:39.845,2022,900097.25
2025-11-16 15:28:39.845,2023,900097.25
2025-11-16 15:28:39.845,2024,566776.38
2025-11-16 15:28:39.845,2025,825793.38
2025-11-16 15:28:39.845,2026,920784.13
2025-11-16 15:28:39.845,2027,661350.38
2025-11-16 15:28:39.845,2028,762705.19
2025-11-16 15:28:39.845,2029,900097.25
2025-11-16 15:28:39.845,2030,684112.31
2025-11-16 15:28:39.845,2031,684112.31
2025-11-16 15:28:39.845,2032,734602.25
2025-11-16 15:28:39.845,2033,748393.56
2025-11-16 15:28:39.845,2034,900097.25
2025-11-16 15:28:39.845,2035,793012.25
2025-11-16 15:28:39.845,2036,861364.44
2025-11-16 15:28:39.845,2037,793012.25
2025-11-16 15:28:39.845,2038,734602.25
2025-11-16 15:28:39.845,2039,762705.19
2025-11-16 15:28:39.845,2040,721303.56
2025-11-16 15:28:39.845,2041,748393.56
2025-11-16 15:28:39.845,2042,777567.38
2025-11-16 15:28:39.845,2043,793012.25
2025-11-16 15:28:39.845,2044,672541.69
2025-11-16 15:28:39.845,2045,721303.56
2025-11-16 15:28:39.845,2046,721303.56
2025-11-16 15:28:39.845,2047,900097.25
2025-11-16 15:28:39.845,2048,900097.25
2025-11-16 15:28:39.845,2049,762705.19
2025-11-16 15:28:39.845,2050,762705.19
2025-11-16 15:28:39.845,2051,748393.56
2025-11-16 15:28:39.845,2052,696081.88
2025-11-16 15:28:39.845,2053,900097.25
2025-11-16 15:28:39.845,2054,965113.19
2025-11-16 15:28:39.845,2055,988899.38
2025-11-16 15:28:39.845,2056,988899.38
2025-11-16 15:28:39.845,2057,988899.38
2025-11-16 15:28:39.845,2058,536008.31
2025-11-16 15:28:39.845,2059,793012.25
2025-11-16 15:28:39.845,2060,734602.25
2025-11-16 15:28:39.845,2061,28958.97
2025-11-16 15:28:39.845,2062,28958.97
2025-11-16 15:28:39.845,2063,28958.97
2025-11-16 15:28:39.845,2064,28958.97
2025-11-16 15:28:39.845,2065,28773.39
2025-11-16 15:28:39.845,2066,27765.84
2025-11-16 15:28:39.845,2067,28155.37
2025-11-16 15:28:39.845,2068,27145.25
2025-11-16 15:28:39.845,2069,27145.25
2025-11-16 15:28:39.845,2070,27077.54
2025-11-16 15:28:39.845,2071,27349.84
2025-11-16 15:28:39.845,2072,27349.84
2025-11-16 15:28:39.845,2073,27281.39
2025-11-16 15:28:39.845,2074,27077.54
2025-11-16 15:28:39.845,2075,27695.87
2025-11-16 15:28:39.845,2076,27281.39
2025-11-16 15:28:39.845,2077,27906.57
2025-11-16 15:28:39.845,2078,27977.33
2025-11-16 15:28:39.845,2079,27800.93
2025-11-16 15:28:39.845,2080,28299.01
2025-11-16 15:28:39.845,2081,23782.29
2025-11-16 15:28:39.845,2082,28958.97
2025-11-16 15:28:39.845,2083,25094.26
2025-11-16 15:28:39.845,2084,28773.39
2025-11-16 15:28:39.845,2085,29992.53
2025-11-16 15:28:39.845,2086,28191.18
2025-11-16 15:28:39.845,2087,30229.68
2025-11-16 15:28:39.845,2088,28263.01
2025-11-16 15:28:39.845,2089,26479.11
2025-11-16 15:28:39.845,2090,30389.34
2025-11-16 15:28:39.845,2091,29184.02
2025-11-16 15:28:39.845,2092,26348.73
2025-11-16 15:28:39.845,2093,28773.39
2025-11-16 15:28:39.845,2094,26154.89
2025-11-16 15:28:39.845,2095,29992.53
2025-11-16 15:28:39.845,2096,85352.86
2025-11-16 15:28:39.845,2097,29221.78
2025-11-16 15:28:39.845,2098,30229.68
2025-11-16 15:28:39.845,2099,26348.73
2025-11-16 15:28:39.845,2100,25836.37
2025-11-16 15:28:39.845,2101,32765.05
2025-11-16 15:28:39.845,2102,38695.02
2025-11-16 15:28:39.845,2103,40256.3
2025-11-16 15:28:39.845,2104,583498.19
2025-11-16 15:28:39.845,2105,46138.74
2025-11-16 15:28:39.845,2106,65307.78
2025-11-16 15:28:39.845,2107,29146.33
2025-11-16 15:28:39.845,2108,59298.73
2025-11-16 15:28:39.845,2109,196743.69
2025-11-16 15:28:39.845,2110,75386.48
2025-11-16 15:28:39.845,2111,75386.48
2025-11-16 15:28:39.845,2112,521823.06
2025-11-16 15:28:39.845,2113,471757.34
2025-11-16 15:28:39.845,2114,460679.59
2025-11-16 15:28:39.845,2115,421032.91
2025-11-16 15:28:39.845,2116,450099.75
2025-11-16 15:28:39.845,2117,460679.59
2025-11-16 15:28:39.845,2118,430305.09
2025-11-16 15:28:39.845,2119,477494.09
2025-11-16 15:28:39.845,2120,435092.38
2025-11-16 15:28:39.845,2121,412143.03
2025-11-16 15:28:39.845,2122,450099.75
2025-11-16 15:28:39.845,2123,471757.34
2025-11-16 15:28:39.845,2124,435092.38
2025-11-16 15:28:39.845,2125,403612.41
2025-11-16 15:28:39.845,2126,450099.75
2025-11-16 15:28:39.845,2127,435092.38
2025-11-16 15:28:39.845,2128,466154.09
2025-11-16 15:28:39.845,2129,439984.91
2025-11-16 15:28:39.845,2130,460679.59
2025-11-16 15:28:39.845,2131,435092.38
2025-11-16 15:28:39.845,2132,460679.59
2025-11-16 15:28:39.845,2133,477494.09
2025-11-16 15:28:39.845,2134,495554.03
2025-11-16 15:28:39.845,2135,466154.09
2025-11-16 15:28:39.845,2136,439984.91
2025-11-16 15:28:39.845,2137,425619.72
2025-11-16 15:28:39.845,2138,460679.59
2025-11-16 15:28:39.845,2139,483368.97
2025-11-16 15:28:39.845,2140,334076.69
2025-11-16 15:28:39.845,2141,365654.84
2025-11-16 15:28:39.845,2142,346048.91
2025-11-16 15:28:39.845,2143,369134.25
2025-11-16 15:28:39.845,2144,399475.0
2025-11-16 15:28:39.845,2145,455329.53
2025-11-16 15:28:39.845,2146,383721.19
2025-11-16 15:28:39.845,2147,365654.84
2025-11-16 15:28:39.845,2148,346048.91
2025-11-16 15:28:39.845,2149,365654.84
2025-11-16 15:28:39.845,2150,483368.97
2025-11-16 15:28:39.845,2151,460679.59
2025-11-16 15:28:39.845,2152,521823.06
2025-11-16 15:28:39.845,2153,521823.06
2025-11-16 15:28:39.845,2154,115905.77
2025-11-16 15:28:39.845,2155,403612.41
2025-11-16 15:28:39.845,2156,187749.41
2025-11-16 15:28:39.845,2157,640033.69
2025-11-16 15:28:39.845,2158,640033.69
2025-11-16 15:28:39.845,2159,640033.69
2025-11-16 15:28:39.845,2160,383721.19
2025-11-16 15:28:39.845,2161,439984.91
2025-11-16 15:28:39.845,2162,399475.0
2025-11-16 15:28:39.845,2163,430305.09
2025-11-16 15:28:39.845,2164,430305.09
2025-11-16 15:28:39.845,2165,483368.97
2025-11-16 15:28:39.845,2166,483368.97
2025-11-16 15:28:39.845,2167,439984.91
2025-11-16 15:28:39.845,2168,450099.75
2025-11-16 15:28:39.845,2169,439984.91
2025-11-16 15:28:39.845,2170,450099.75
2025-11-16 15:28:39.845,2171,477494.09
2025-11-16 15:28:39.845,2172,460679.59
2025-11-16 15:28:39.845,2173,460679.59
2025-11-16 15:28:39.845,2174,575017.88
2025-11-16 15:28:39.845,2175,430305.09
2025-11-16 15:28:39.845,2176,435092.38
2025-11-16 15:28:39.845,2177,477494.09
2025-11-16 15:28:39.845,2178,455329.53
2025-11-16 15:28:39.845,2179,515003.19
2025-11-16 15:28:39.845,2180,536008.31
2025-11-16 15:28:39.845,2181,536008.31
2025-11-16 15:28:39.845,2182,450099.75
2025-11-16 15:28:39.845,2183,471757.34
2025-11-16 15:28:39.845,2184,508356.06
2025-11-16 15:28:39.845,2185,450099.75
2025-11-16 15:28:39.845,2186,483368.97
2025-11-16 15:28:39.845,2187,536008.31
2025-11-16 15:28:39.845,2188,450099.75
2025-11-16 15:28:39.845,2189,483368.97
2025-11-16 15:28:39.845,2190,450099.75
2025-11-16 15:28:39.845,2191,521823.06
2025-11-16 15:28:39.845,2192,575017.88
2025-11-16 15:28:39.845,2193,550970.88
2025-11-16 15:28:39.845,2194,536008.31
2025-11-16 15:28:39.845,2195,515003.19
2025-11-16 15:28:39.845,2196,460679.59
2025-11-16 15:28:39.845,2197,536008.31
2025-11-16 15:28:39.845,2198,592227.94
2025-11-16 15:28:39.845,2199,650520.19
2025-11-16 15:28:39.845,2200,748393.56
2025-11-16 15:28:39.845,2201,748393.56
2025-11-16 15:28:39.845,2202,176906.95
2025-11-16 15:28:39.845,2203,536008.31
2025-11-16 15:28:39.845,2204,268514.44
2025-11-16 15:28:39.845,2205,920784.13
2025-11-16 15:28:39.845,2206,920784.13
2025-11-16 15:28:39.845,2207,920784.13
2025-11-16 15:28:39.845,2208,291051.47
2025-11-16 15:28:39.845,2209,291051.47
2025-11-16 15:28:39.845,2210,291051.47
2025-11-16 15:28:39.845,2211,291051.47
2025-11-16 15:28:39.845,2212,291051.47
2025-11-16 15:28:39.845,2213,291051.47
2025-11-16 15:28:39.845,2214,291051.47
2025-11-16 15:28:39.845,2215,291051.47
2025-11-16 15:28:39.845,2216,291051.47
2025-11-16 15:28:39.845,2217,291051.47
2025-11-16 15:28:39.845,2218,291051.47
2025-11-16 15:28:39.845,2219,291051.47
2025-11-16 15:28:39.845,2220,291051.47
2025-11-16 15:28:39.845,2221,291051.47
2025-11-16 15:28:39.845,2222,291051.47
2025-11-16 15:28:39.845,2223,291051.47
2025-11-16 15:28:39.845,2224,291051.47
2025-11-16 15:28:39.845,2225,291051.47
2025-11-16 15:28:39.845,2226,291051.47
2025-11-16 15:28:39.845,2227,291051.47
2025-11-16 15:28:39.845,2228,291051.47
2025-11-16 15:28:39.845,2229,291051.47
2025-11-16 15:28:39.845,2230,291051.47
2025-11-16 15:28:39.845,2231,291051.47
2025-11-16 15:28:39.845,2232,291051.47
2025-11-16 15:28:39.845,2233,291051.47
2025-11-16 15:28:39.845,2234,291051.47
2025-11-16 15:28:39.845,2235,291051.47
2025-11-16 15:28:39.845,2236,291051.47
2025-11-16 15:28:39.845,2237,291051.47
2025-11-16 15:28:39.845,2238,291051.47
2025-11-16 15:28:39.845,2239,291051.47
2025-11-16 15:28:39.845,2240,291051.47
2025-11-16 15:28:39.845,2241,291051.47
2025-11-16 15:28:39.845,2242,291051.47
2025-11-16 15:28:39.845,2243,291051.47
2025-11-16 15:28:39.845,2244,291051.47
2025-11-16 15:28:39.845,2245,291051.47
2025-11-16 15:28:39.845,2246,291051.47
2025-11-16 15:28:39.845,2247,291051.47
2025-11-16 15:28:39.845,2248,291051.47
2025-11-16 15:28:39.845,2249,291051.47
2025-11-16 15:28:39.845,2250,291051.47
2025-11-16 15:28:39.845,2251,291051.47
2025-11-16 15:28:39.845,2252,291051.47
2025-11-16 15:28:39.845,2253,291051.47
2025-11-16 15:28:39.845,2254,291051.47
2025-11-16 15:28:39.845,2255,291051.47
2025-11-16 15:28:39.845,2256,291051.47
2025-11-16 15:28:39.845,2257,284551.28
2025-11-16 15:28:39.845,2258,268514.44
2025-11-16 15:28:39.845,2259,259348.69
2025-11-16 15:28:39.845,2260,257587.41
2025-11-16 15:28:39.845,2261,288853.09
2025-11-16 15:28:39.845,2262,261133.28
2025-11-16 15:28:39.845,2263,272357.75
2025-11-16 15:28:39.845,2264,282446.44
2025-11-16 15:28:39.845,2265,272357.75
2025-11-16 15:28:39.845,2266,280371.47
2025-11-16 15:28:39.845,2267,264774.34
2025-11-16 15:28:39.845,2268,261133.28
2025-11-16 15:28:39.845,2269,295546.66
2025-11-16 15:28:39.845,2270,270422.94
2025-11-16 15:28:39.845,2271,268514.44
2025-11-16 15:28:39.845,2272,288853.09
2025-11-16 15:28:39.845,2273,261133.28
2025-11-16 15:28:39.845,2274,257587.41
2025-11-16 15:28:39.845,2275,264774.34
2025-11-16 15:28:39.845,2276,257587.41
2025-11-16 15:28:39.845,2277,261133.28
2025-11-16 15:28:39.845,2278,255849.03
2025-11-16 15:28:39.845,2279,280371.47
2025-11-16 15:28:39.845,2280,250766.73
2025-11-16 15:28:39.845,2281,229407.17
2025-11-16 15:28:39.845,2282,252439.11
2025-11-16 15:28:39.845,2283,261133.28
2025-11-16 15:28:39.845,2284,232241.86
2025-11-16 15:28:39.845,2285,245875.0
2025-11-16 15:28:39.845,2286,235144.47
2025-11-16 15:28:39.845,2287,259348.69
2025-11-16 15:28:39.845,2288,268514.44
2025-11-16 15:28:39.845,2289,257587.41
2025-11-16 15:28:39.845,2290,259348.69
2025-11-16 15:28:39.845,2291,226638.0
2025-11-16 15:28:39.845,2292,229407.17
2025-11-16 15:28:39.845,2293,264774.34
2025-11-16 15:28:39.845,2294,314954.38
2025-11-16 15:28:39.845,2295,312394.69
2025-11-16 15:28:39.845,2296,358884.03
2025-11-16 15:28:39.845,2297,358884.03
2025-11-16 15:28:39.845,2298,70346.52
2025-11-16 15:28:39.845,2299,254133.06
2025-11-16 15:28:39.845,2300,107238.9
2025-11-16 15:28:39.845,2301,920784.13
2025-11-16 15:28:39.845,2302,439984.91
2025-11-16 15:28:39.845,2303,439984.91
