Timestamp,Sensor_ID,Resistance_Ohms
2025-11-16 15:59:48.603,0,27281.39
2025-11-16 15:59:48.603,1,32855.06
2025-11-16 15:59:48.603,2,34396.74
2025-11-16 15:59:48.603,3,34012.93
2025-11-16 15:59:48.603,4,34060.55
2025-11-16 15:59:48.603,5,34542.39
2025-11-16 15:59:48.603,6,34396.74
2025-11-16 15:59:48.603,7,34985.13
2025-11-16 15:59:48.603,8,34738.09
2025-11-16 15:59:48.603,9,34640.03
2025-11-16 15:59:48.603,10,34689.0
2025-11-16 15:59:48.603,11,34738.09
2025-11-16 15:59:48.603,12,34935.51
2025-11-16 15:59:48.603,13,34591.16
2025-11-16 15:59:48.603,14,36157.48
2025-11-16 15:59:48.603,15,34542.39
2025-11-16 15:59:48.603,16,36632.99
2025-11-16 15:59:48.603,17,37669.63
2025-11-16 15:59:48.603,18,38463.37
2025-11-16 15:59:48.603,19,39644.14
2025-11-16 15:59:48.603,20,41267.73
2025-11-16 15:59:48.603,21,43487.57
2025-11-16 15:59:48.603,22,35335.6
2025-11-16 15:59:48.603,23,39887.21
2025-11-16 15:59:48.603,24,35845.82
2025-11-16 15:59:48.603,25,37009.64
2025-11-16 15:59:48.603,26,40132.67
2025-11-16 15:59:48.603,27,37118.37
2025-11-16 15:59:48.603,28,37009.64
2025-11-16 15:59:48.603,29,38405.8
2025-11-16 15:59:48.603,30,37009.64
2025-11-16 15:59:48.603,31,39165.01
2025-11-16 15:59:48.603,32,65867.58
2025-11-16 15:59:48.603,33,37558.35
2025-11-16 15:59:48.603,34,37337.34
2025-11-16 15:59:48.603,35,39343.6
2025-11-16 15:59:48.603,36,37893.76
2025-11-16 15:59:48.603,37,37950.12
2025-11-16 15:59:48.603,38,41592.18
2025-11-16 15:59:48.603,39,48139.58
2025-11-16 15:59:48.603,40,132592.78
2025-11-16 15:59:48.603,41,104288.4
2025-11-16 15:59:48.603,42,322883.13
2025-11-16 15:59:48.603,43,37392.4
2025-11-16 15:59:48.603,44,46843.01
2025-11-16 15:59:48.603,45,125954.73
2025-11-16 15:59:48.603,46,76471.19
2025-11-16 15:59:48.603,47,76471.19
2025-11-16 15:59:48.603,48,94632.04
2025-11-16 15:59:48.603,49,97664.48
2025-11-16 15:59:48.603,50,95442.0
2025-11-16 15:59:48.603,51,100279.32
2025-11-16 15:59:48.603,52,98522.22
2025-11-16 15:59:48.603,53,105255.28
2025-11-16 15:59:48.603,54,97948.88
2025-11-16 15:59:48.603,55,102094.18
2025-11-16 15:59:48.603,56,99982.53
2025-11-16 15:59:48.603,57,97948.88
2025-11-16 15:59:48.603,58,102712.45
2025-11-16 15:59:48.603,59,101179.34
2025-11-16 15:59:48.603,60,102094.18
2025-11-16 15:59:48.603,61,99687.32
2025-11-16 15:59:48.603,62,103337.61
2025-11-16 15:59:48.603,63,101787.58
2025-11-16 15:59:48.603,64,97948.88
2025-11-16 15:59:48.603,65,103969.71
2025-11-16 15:59:48.603,66,107915.35
2025-11-16 15:59:48.603,67,103969.71
2025-11-16 15:59:48.603,68,115134.95
2025-11-16 15:59:48.603,69,122431.63
2025-11-16 15:59:48.603,70,99687.32
2025-11-16 15:59:48.603,71,110700.96
2025-11-16 15:59:48.603,72,101482.63
2025-11-16 15:59:48.603,73,105255.28
2025-11-16 15:59:48.603,74,114753.04
2025-11-16 15:59:48.603,75,107915.35
2025-11-16 15:59:48.603,76,106570.16
2025-11-16 15:59:48.603,77,106570.16
2025-11-16 15:59:48.603,78,104608.9
2025-11-16 15:59:48.603,79,115134.95
2025-11-16 15:59:48.603,80,167191.02
2025-11-16 15:59:48.603,81,109992.31
2025-11-16 15:59:48.603,82,109641.09
2025-11-16 15:59:48.603,83,112143.66
2025-11-16 15:59:48.603,84,110700.96
2025-11-16 15:59:48.603,85,109291.9
2025-11-16 15:59:48.603,86,119906.74
2025-11-16 15:59:48.603,87,133091.78
2025-11-16 15:59:48.603,88,322883.13
2025-11-16 15:59:48.603,89,254133.06
2025-11-16 15:59:48.603,90,721303.56
2025-11-16 15:59:48.603,91,107238.9
2025-11-16 15:59:48.603,92,89051.75
2025-11-16 15:59:48.603,93,176906.95
2025-11-16 15:59:48.603,94,170315.53
2025-11-16 15:59:48.603,95,170315.53
2025-11-16 15:59:48.603,96,73296.59
2025-11-16 15:59:48.603,97,75565.37
2025-11-16 15:59:48.603,98,77396.36
2025-11-16 15:59:48.603,99,76471.19
2025-11-16 15:59:48.603,100,77583.78
2025-11-16 15:59:48.603,101,76838.91
2025-11-16 15:59:48.603,102,75925.42
2025-11-16 15:59:48.603,103,76654.66
2025-11-16 15:59:48.603,104,79112.48
2025-11-16 15:59:48.603,105,75745.02
2025-11-16 15:59:48.603,106,76654.66
2025-11-16 15:59:48.603,107,78341.52
2025-11-16 15:59:48.603,108,76106.58
2025-11-16 15:59:48.603,109,73981.77
2025-11-16 15:59:48.603,110,78725.33
2025-11-16 15:59:48.603,111,74678.3
2025-11-16 15:59:48.603,112,72789.98
2025-11-16 15:59:48.603,113,78725.33
2025-11-16 15:59:48.603,114,81508.11
2025-11-16 15:59:48.603,115,78341.52
2025-11-16 15:59:48.603,116,87631.56
2025-11-16 15:59:48.603,117,91512.71
2025-11-16 15:59:48.603,118,73981.77
2025-11-16 15:59:48.603,119,84035.92
2025-11-16 15:59:48.603,120,76471.19
2025-11-16 15:59:48.603,121,77772.0
2025-11-16 15:59:48.603,122,81919.95
2025-11-16 15:59:48.603,123,81508.11
2025-11-16 15:59:48.603,124,77961.02
2025-11-16 15:59:48.603,125,78341.52
2025-11-16 15:59:48.603,126,78341.52
2025-11-16 15:59:48.603,127,83604.98
2025-11-16 15:59:48.603,128,130148.98
2025-11-16 15:59:48.603,129,79307.3
2025-11-16 15:59:48.603,130,81713.57
2025-11-16 15:59:48.603,131,85352.86
2025-11-16 15:59:48.603,132,79896.98
2025-11-16 15:59:48.603,133,80494.47
2025-11-16 15:59:48.603,134,87631.56
2025-11-16 15:59:48.603,135,98522.22
2025-11-16 15:59:48.603,136,250766.73
2025-11-16 15:59:48.603,137,213700.14
2025-11-16 15:59:48.603,138,558763.94
2025-11-16 15:59:48.603,139,76106.58
2025-11-16 15:59:48.603,140,84035.92
2025-11-16 15:59:48.603,141,204325.27
2025-11-16 15:59:48.603,142,141578.7
2025-11-16 15:59:48.603,143,141578.7
2025-11-16 15:59:48.603,144,45907.83
2025-11-16 15:59:48.603,145,45754.95
2025-11-16 15:59:48.603,146,45226.35
2025-11-16 15:59:48.603,147,45754.95
2025-11-16 15:59:48.603,148,45002.86
2025-11-16 15:59:48.603,149,46061.56
2025-11-16 15:59:48.603,150,45602.89
2025-11-16 15:59:48.603,151,45226.35
2025-11-16 15:59:48.603,152,45151.65
2025-11-16 15:59:48.603,153,45002.86
2025-11-16 15:59:48.603,154,46061.56
2025-11-16 15:59:48.603,155,45301.25
2025-11-16 15:59:48.603,156,45754.95
2025-11-16 15:59:48.603,157,45077.16
2025-11-16 15:59:48.603,158,46061.56
2025-11-16 15:59:48.603,159,45754.95
2025-11-16 15:59:48.603,160,34738.09
2025-11-16 15:59:48.603,161,44707.67
2025-11-16 15:59:48.603,162,47161.71
2025-11-16 15:59:48.603,163,42253.52
2025-11-16 15:59:48.603,164,52409.35
2025-11-16 15:59:48.603,165,55097.93
2025-11-16 15:59:48.603,166,43911.94
2025-11-16 15:59:48.603,167,51284.3
2025-11-16 15:59:48.603,168,45002.86
2025-11-16 15:59:48.603,169,46922.36
2025-11-16 15:59:48.603,170,48473.0
2025-11-16 15:59:48.603,171,47322.41
2025-11-16 15:59:48.603,172,47161.71
2025-11-16 15:59:48.603,173,47001.92
2025-11-16 15:59:48.603,174,47001.92
2025-11-16 15:59:48.603,175,50918.22
2025-11-16 15:59:48.603,176,81508.11
2025-11-16 15:59:48.603,177,46922.36
2025-11-16 15:59:48.603,178,48222.58
2025-11-16 15:59:48.603,179,50466.71
2025-11-16 15:59:48.603,180,49151.41
2025-11-16 15:59:48.603,181,48139.58
2025-11-16 15:59:48.603,182,52890.38
2025-11-16 15:59:48.603,183,61608.8
2025-11-16 15:59:48.603,184,161255.75
2025-11-16 15:59:48.603,185,133594.3
2025-11-16 15:59:48.603,186,383721.19
2025-11-16 15:59:48.603,187,48305.81
2025-11-16 15:59:48.603,188,55727.09
2025-11-16 15:59:48.603,189,145616.44
2025-11-16 15:59:48.603,190,89534.38
2025-11-16 15:59:48.603,191,89534.38
2025-11-16 15:59:48.603,192,27010.09
2025-11-16 15:59:48.603,193,26809.18
2025-11-16 15:59:48.603,194,26283.89
2025-11-16 15:59:48.603,195,26809.18
2025-11-16 15:59:48.603,196,26154.89
2025-11-16 15:59:48.603,197,26219.28
2025-11-16 15:59:48.603,198,26122.79
2025-11-16 15:59:48.603,199,26577.51
2025-11-16 15:59:48.603,200,26219.28
2025-11-16 15:59:48.603,201,26154.89
2025-11-16 15:59:48.603,202,26219.28
2025-11-16 15:59:48.603,203,26544.65
2025-11-16 15:59:48.603,204,26577.51
2025-11-16 15:59:48.603,205,26283.89
2025-11-16 15:59:48.603,206,27010.09
2025-11-16 15:59:48.603,207,26154.89
2025-11-16 15:59:48.603,208,21310.15
2025-11-16 15:59:48.603,209,26842.51
2025-11-16 15:59:48.603,210,27010.09
2025-11-16 15:59:48.603,211,20260.76
2025-11-16 15:59:48.603,212,30794.08
2025-11-16 15:59:48.603,213,32189.05
2025-11-16 15:59:48.603,214,22000.49
2025-11-16 15:59:48.603,215,30031.86
2025-11-16 15:59:48.603,216,26090.74
2025-11-16 15:59:48.603,217,27695.87
2025-11-16 15:59:48.603,218,29221.78
2025-11-16 15:59:48.603,219,27906.57
2025-11-16 15:59:48.603,220,27977.33
2025-11-16 15:59:48.603,221,27111.36
2025-11-16 15:59:48.603,222,28263.01
2025-11-16 15:59:48.603,223,30631.22
2025-11-16 15:59:48.603,224,52793.59
2025-11-16 15:59:48.603,225,28553.0
2025-11-16 15:59:48.603,226,28699.64
2025-11-16 15:59:48.603,227,30071.27
2025-11-16 15:59:48.603,228,28958.97
2025-11-16 15:59:48.603,229,29071.17
2025-11-16 15:59:48.603,230,32058.32
2025-11-16 15:59:48.603,231,37669.63
2025-11-16 15:59:48.603,232,108944.77
2025-11-16 15:59:48.603,233,85800.06
2025-11-16 15:59:48.603,234,264774.34
2025-11-16 15:59:48.603,235,28263.01
2025-11-16 15:59:48.603,236,38811.68
2025-11-16 15:59:48.603,237,110700.96
2025-11-16 15:59:48.603,238,64077.9
2025-11-16 15:59:48.603,239,64077.9
2025-11-16 15:59:48.603,240,21310.15
2025-11-16 15:59:48.603,241,20975.98
2025-11-16 15:59:48.603,242,20741.61
2025-11-16 15:59:48.603,243,20928.83
2025-11-16 15:59:48.603,244,20556.65
2025-11-16 15:59:48.603,245,20788.21
2025-11-16 15:59:48.603,246,20648.86
2025-11-16 15:59:48.603,247,20741.61
2025-11-16 15:59:48.603,248,20464.99
2025-11-16 15:59:48.603,249,20148.47
2025-11-16 15:59:48.603,250,20648.86
2025-11-16 15:59:48.603,251,20464.99
2025-11-16 15:59:48.603,252,20648.86
2025-11-16 15:59:48.603,253,20579.65
2025-11-16 15:59:48.603,254,21213.94
2025-11-16 15:59:48.603,255,20602.68
2025-11-16 15:59:48.603,256,21676.24
2025-11-16 15:59:48.603,257,22933.92
2025-11-16 15:59:48.603,258,22669.24
2025-11-16 15:59:48.603,259,23014.16
2025-11-16 15:59:48.603,260,25276.9
2025-11-16 15:59:48.603,261,27077.54
2025-11-16 15:59:48.603,262,20648.86
2025-11-16 15:59:48.603,263,24675.34
2025-11-16 15:59:48.603,264,21577.78
2025-11-16 15:59:48.603,265,22616.81
2025-11-16 15:59:48.603,266,24794.01
2025-11-16 15:59:48.603,267,22564.54
2025-11-16 15:59:48.603,268,22616.81
2025-11-16 15:59:48.603,269,22827.54
2025-11-16 15:59:48.603,270,22460.52
2025-11-16 15:59:48.603,271,23670.38
2025-11-16 15:59:48.603,272,43983.32
2025-11-16 15:59:48.603,273,22880.64
2025-11-16 15:59:48.603,274,22774.6
2025-11-16 15:59:48.603,275,23923.21
2025-11-16 15:59:48.603,276,23148.76
2025-11-16 15:59:48.603,277,23366.42
2025-11-16 15:59:48.603,278,26026.81
2025-11-16 15:59:48.603,279,30631.22
2025-11-16 15:59:48.603,280,89534.38
2025-11-16 15:59:48.603,281,71306.41
2025-11-16 15:59:48.603,282,229407.17
2025-11-16 15:59:48.603,283,22512.45
2025-11-16 15:59:48.603,284,33588.98
2025-11-16 15:59:48.603,285,100279.32
2025-11-16 15:59:48.603,286,53182.58
2025-11-16 15:59:48.603,287,53182.58
2025-11-16 15:59:48.603,288,17309.7
2025-11-16 15:59:48.603,289,17127.16
2025-11-16 15:59:48.603,290,16165.12
2025-11-16 15:59:48.603,291,16698.84
2025-11-16 15:59:48.603,292,16081.01
2025-11-16 15:59:48.603,293,16182.0
2025-11-16 15:59:48.603,294,16081.01
2025-11-16 15:59:48.603,295,16114.59
2025-11-16 15:59:48.603,296,16047.52
2025-11-16 15:59:48.603,297,16114.59
2025-11-16 15:59:48.603,298,16097.79
2025-11-16 15:59:48.603,299,16081.01
2025-11-16 15:59:48.603,300,16165.12
2025-11-16 15:59:48.603,301,16081.01
2025-11-16 15:59:48.603,302,17163.47
2025-11-16 15:59:48.603,303,16131.41
2025-11-16 15:59:48.603,304,18679.5
2025-11-16 15:59:48.603,305,18458.39
2025-11-16 15:59:48.603,306,19534.67
2025-11-16 15:59:48.603,307,21118.33
2025-11-16 15:59:48.603,308,20811.56
2025-11-16 15:59:48.603,309,22357.16
2025-11-16 15:59:48.603,310,17199.88
2025-11-16 15:59:48.603,311,19534.67
2025-11-16 15:59:48.603,312,17127.16
2025-11-16 15:59:48.603,313,18181.84
2025-11-16 15:59:48.603,314,20419.37
2025-11-16 15:59:48.603,315,18064.95
2025-11-16 15:59:48.603,316,18339.21
2025-11-16 15:59:48.603,317,18822.0
2025-11-16 15:59:48.603,318,18142.77
2025-11-16 15:59:48.603,319,19194.97
2025-11-16 15:59:48.603,320,36901.41
2025-11-16 15:59:48.603,321,18221.02
2025-11-16 15:59:48.603,322,18339.21
2025-11-16 15:59:48.603,323,19090.4
2025-11-16 15:59:48.603,324,18618.86
2025-11-16 15:59:48.603,325,18781.14
2025-11-16 15:59:48.603,326,20834.94
2025-11-16 15:59:48.603,327,24853.65
2025-11-16 15:59:48.603,328,76838.91
2025-11-16 15:59:48.603,329,61109.78
2025-11-16 15:59:48.603,330,188709.95
2025-11-16 15:59:48.603,331,17834.04
2025-11-16 15:59:48.603,332,28480.09
2025-11-16 15:59:48.603,333,87167.16
2025-11-16 15:59:48.603,334,45451.66
2025-11-16 15:59:48.603,335,45451.66
2025-11-16 15:59:48.603,336,15034.71
2025-11-16 15:59:48.603,337,15127.77
2025-11-16 15:59:48.603,338,14126.04
2025-11-16 15:59:48.603,339,14534.84
2025-11-16 15:59:48.603,340,13954.95
2025-11-16 15:59:48.603,341,14126.04
2025-11-16 15:59:48.603,342,14040.19
2025-11-16 15:59:48.603,343,14068.74
2025-11-16 15:59:48.603,344,14068.74
2025-11-16 15:59:48.603,345,13969.12
2025-11-16 15:59:48.603,346,14126.04
2025-11-16 15:59:48.603,347,14040.19
2025-11-16 15:59:48.603,348,14068.74
2025-11-16 15:59:48.603,349,14083.04
2025-11-16 15:59:48.603,350,14957.67
2025-11-16 15:59:48.603,351,14097.35
2025-11-16 15:59:48.603,352,16352.05
2025-11-16 15:59:48.603,353,16249.76
2025-11-16 15:59:48.603,354,17072.88
2025-11-16 15:59:48.603,355,18862.97
2025-11-16 15:59:48.603,356,18378.83
2025-11-16 15:59:48.603,357,19882.33
2025-11-16 15:59:48.603,358,15143.35
2025-11-16 15:59:48.603,359,17834.04
2025-11-16 15:59:48.603,360,15081.15
2025-11-16 15:59:48.603,361,16114.59
2025-11-16 15:59:48.603,362,18221.02
2025-11-16 15:59:48.603,363,15603.64
2025-11-16 15:59:48.603,364,16114.59
2025-11-16 15:59:48.603,365,16911.3
2025-11-16 15:59:48.603,366,16182.0
2025-11-16 15:59:48.603,367,17054.83
2025-11-16 15:59:48.603,368,34060.55
2025-11-16 15:59:48.603,369,16148.25
2025-11-16 15:59:48.603,370,16249.76
2025-11-16 15:59:48.603,371,16982.88
2025-11-16 15:59:48.603,372,16628.76
2025-11-16 15:59:48.603,373,16734.02
2025-11-16 15:59:48.603,374,18699.77
2025-11-16 15:59:48.603,375,22512.45
2025-11-16 15:59:48.603,376,72123.99
2025-11-16 15:59:48.603,377,56046.25
2025-11-16 15:59:48.603,378,176056.81
2025-11-16 15:59:48.603,379,15571.36
2025-11-16 15:59:48.603,380,26187.06
2025-11-16 15:59:48.603,381,80294.42
2025-11-16 15:59:48.603,382,42320.58
2025-11-16 15:59:48.603,383,42320.58
2025-11-16 15:59:48.603,384,14564.57
2025-11-16 15:59:48.603,385,14534.84
2025-11-16 15:59:48.603,386,13702.81
2025-11-16 15:59:48.603,387,13969.12
2025-11-16 15:59:48.603,388,13469.47
2025-11-16 15:59:48.603,389,13647.49
2025-11-16 15:59:48.603,390,13442.32
2025-11-16 15:59:48.603,391,13496.68
2025-11-16 15:59:48.603,392,13442.32
2025-11-16 15:59:48.603,393,13455.89
2025-11-16 15:59:48.603,394,13592.43
2025-11-16 15:59:48.603,395,13619.93
2025-11-16 15:59:48.603,396,13592.43
2025-11-16 15:59:48.603,397,13606.17
2025-11-16 15:59:48.603,398,14226.96
2025-11-16 15:59:48.603,399,13592.43
2025-11-16 15:59:48.603,400,16047.52
2025-11-16 15:59:48.603,401,15848.37
2025-11-16 15:59:48.603,402,17000.83
2025-11-16 15:59:48.603,403,18162.29
2025-11-16 15:59:48.603,404,18045.56
2025-11-16 15:59:48.603,405,19470.38
2025-11-16 15:59:48.603,406,14850.61
2025-11-16 15:59:48.603,407,17272.99
2025-11-16 15:59:48.603,408,14926.99
2025-11-16 15:59:48.603,409,15587.49
2025-11-16 15:59:48.603,410,17795.93
2025-11-16 15:59:48.603,411,15749.92
2025-11-16 15:59:48.603,412,15815.47
2025-11-16 15:59:48.603,413,16628.76
2025-11-16 15:59:48.603,414,15684.7
2025-11-16 15:59:48.603,415,16420.69
2025-11-16 15:59:48.603,416,33403.16
2025-11-16 15:59:48.603,417,15555.25
2025-11-16 15:59:48.603,418,15684.7
2025-11-16 15:59:48.603,419,16249.76
2025-11-16 15:59:48.603,420,16030.81
2025-11-16 15:59:48.603,421,16014.12
2025-11-16 15:59:48.603,422,18103.81
2025-11-16 15:59:48.603,423,21900.02
2025-11-16 15:59:48.603,424,71306.41
2025-11-16 15:59:48.603,425,54582.74
2025-11-16 15:59:48.603,426,175214.38
2025-11-16 15:59:48.603,427,15237.23
2025-11-16 15:59:48.603,428,25585.55
2025-11-16 15:59:48.603,429,79112.48
2025-11-16 15:59:48.603,430,41592.18
2025-11-16 15:59:48.603,431,41592.18
2025-11-16 15:59:48.603,432,14270.47
2025-11-16 15:59:48.603,433,14154.79
2025-11-16 15:59:48.603,434,13483.07
2025-11-16 15:59:48.603,435,13730.56
2025-11-16 15:59:48.603,436,13187.46
2025-11-16 15:59:48.603,437,13320.91
2025-11-16 15:59:48.603,438,13174.2
2025-11-16 15:59:48.603,439,13240.66
2025-11-16 15:59:48.603,440,13187.46
2025-11-16 15:59:48.603,441,13187.46
2025-11-16 15:59:48.603,442,13214.03
2025-11-16 15:59:48.603,443,12834.64
2025-11-16 15:59:48.603,444,13214.03
2025-11-16 15:59:48.603,445,13160.96
2025-11-16 15:59:48.603,446,14040.19
2025-11-16 15:59:48.603,447,13187.46
2025-11-16 15:59:48.603,448,15427.09
2025-11-16 15:59:48.603,449,15363.49
2025-11-16 15:59:48.603,450,16386.33
2025-11-16 15:59:48.603,451,18026.2
2025-11-16 15:59:48.603,452,17328.08
2025-11-16 15:59:48.603,453,18862.97
2025-11-16 15:59:48.603,454,14328.73
2025-11-16 15:59:48.603,455,16875.66
2025-11-16 15:59:48.603,456,14505.19
2025-11-16 15:59:48.603,457,15237.23
2025-11-16 15:59:48.603,458,16947.04
2025-11-16 15:59:48.603,459,15112.21
2025-11-16 15:59:48.603,460,15268.68
2025-11-16 15:59:48.603,461,16047.52
2025-11-16 15:59:48.603,462,15300.2
2025-11-16 15:59:48.603,463,16047.52
2025-11-16 15:59:48.603,464,32232.81
2025-11-16 15:59:48.603,465,15284.43
2025-11-16 15:59:48.603,466,15315.99
2025-11-16 15:59:48.603,467,15914.42
2025-11-16 15:59:48.603,468,15237.23
2025-11-16 15:59:48.603,469,15619.82
2025-11-16 15:59:48.603,470,17494.69
2025-11-16 15:59:48.603,471,21213.94
2025-11-16 15:59:48.603,472,68192.39
2025-11-16 15:59:48.603,473,52504.97
2025-11-16 15:59:48.603,474,168739.63
2025-11-16 15:59:48.603,475,14416.64
2025-11-16 15:59:48.603,476,24853.65
2025-11-16 15:59:48.603,477,77209.76
2025-11-16 15:59:48.603,478,40132.67
2025-11-16 15:59:48.603,479,40132.67
2025-11-16 15:59:48.603,480,13983.3
2025-11-16 15:59:48.603,481,13842.23
2025-11-16 15:59:48.603,482,13068.66
2025-11-16 15:59:48.603,483,13428.77
2025-11-16 15:59:48.603,484,12938.06
2025-11-16 15:59:48.603,485,13029.33
2025-11-16 15:59:48.603,486,12977.09
2025-11-16 15:59:48.603,487,13003.18
2025-11-16 15:59:48.603,488,12964.06
2025-11-16 15:59:48.603,489,12951.06
2025-11-16 15:59:48.603,490,13029.33
2025-11-16 15:59:48.603,491,12990.12
2025-11-16 15:59:48.603,492,13029.33
2025-11-16 15:59:48.603,493,13016.24
2025-11-16 15:59:48.603,494,13898.46
2025-11-16 15:59:48.603,495,13042.42
2025-11-16 15:59:48.603,496,15491.01
2025-11-16 15:59:48.603,497,15284.43
2025-11-16 15:59:48.603,498,16352.05
2025-11-16 15:59:48.603,499,17757.91
2025-11-16 15:59:48.603,500,17181.67
2025-11-16 15:59:48.603,501,18699.77
2025-11-16 15:59:48.603,502,14183.61
2025-11-16 15:59:48.603,503,16317.87
2025-11-16 15:59:48.603,504,14299.57
2025-11-16 15:59:48.603,505,14926.99
2025-11-16 15:59:48.603,506,17127.16
2025-11-16 15:59:48.603,507,15050.17
2025-11-16 15:59:48.603,508,15143.35
2025-11-16 15:59:48.603,509,15914.42
2025-11-16 15:59:48.603,510,15019.26
2025-11-16 15:59:48.603,511,15897.87
2025-11-16 15:59:48.603,512,32276.66
2025-11-16 15:59:48.603,513,15112.21
2025-11-16 15:59:48.603,514,15096.68
2025-11-16 15:59:48.603,515,15799.05
2025-11-16 15:59:48.603,516,15523.09
2025-11-16 15:59:48.603,517,15619.82
2025-11-16 15:59:48.603,518,17494.69
2025-11-16 15:59:48.603,519,21213.94
2025-11-16 15:59:48.603,520,68493.05
2025-11-16 15:59:48.603,521,52793.59
2025-11-16 15:59:48.603,522,175214.38
2025-11-16 15:59:48.603,523,14759.57
2025-11-16 15:59:48.603,524,24794.01
2025-11-16 15:59:48.603,525,77023.94
2025-11-16 15:59:48.603,526,40132.67
2025-11-16 15:59:48.603,527,40132.67
2025-11-16 15:59:48.603,528,14068.74
2025-11-16 15:59:48.603,529,14054.46
2025-11-16 15:59:48.603,530,13187.46
2025-11-16 15:59:48.603,531,13510.31
2025-11-16 15:59:48.603,532,13029.33
2025-11-16 15:59:48.603,533,13108.13
2025-11-16 15:59:48.603,534,12990.12
2025-11-16 15:59:48.603,535,13081.8
2025-11-16 15:59:48.603,536,13016.24
2025-11-16 15:59:48.603,537,12977.09
2025-11-16 15:59:48.603,538,12873.32
2025-11-16 15:59:48.603,539,13029.33
2025-11-16 15:59:48.603,540,13055.53
2025-11-16 15:59:48.603,541,13003.18
2025-11-16 15:59:48.603,542,13983.3
2025-11-16 15:59:48.603,543,13160.96
2025-11-16 15:59:48.603,544,15555.25
2025-11-16 15:59:48.603,545,15363.49
2025-11-16 15:59:48.603,546,16386.33
2025-11-16 15:59:48.603,547,17853.14
2025-11-16 15:59:48.603,548,17328.08
2025-11-16 15:59:48.603,549,18781.14
2025-11-16 15:59:48.603,550,14212.49
2025-11-16 15:59:48.603,551,16857.87
2025-11-16 15:59:48.603,552,14357.96
2025-11-16 15:59:48.603,553,15003.83
2025-11-16 15:59:48.603,554,17272.99
2025-11-16 15:59:48.603,555,15237.23
2025-11-16 15:59:48.603,556,15127.77
2025-11-16 15:59:48.603,557,16014.12
2025-11-16 15:59:48.603,558,15174.57
2025-11-16 15:59:48.603,559,16014.12
2025-11-16 15:59:48.603,560,32675.42
2025-11-16 15:59:48.603,561,15143.35
2025-11-16 15:59:48.603,562,15268.68
2025-11-16 15:59:48.603,563,15848.37
2025-11-16 15:59:48.603,564,15523.09
2025-11-16 15:59:48.603,565,15603.64
2025-11-16 15:59:48.603,566,17720.0
2025-11-16 15:59:48.603,567,21261.97
2025-11-16 15:59:48.603,568,68493.05
2025-11-16 15:59:48.603,569,52987.48
2025-11-16 15:59:48.603,570,174379.52
2025-11-16 15:59:48.603,571,14744.46
2025-11-16 15:59:48.603,572,24883.55
2025-11-16 15:59:48.603,573,76106.58
2025-11-16 15:59:48.603,574,40568.07
2025-11-16 15:59:48.603,575,40568.07
2025-11-16 15:59:48.603,576,14054.46
2025-11-16 15:59:48.603,577,13983.3
2025-11-16 15:59:48.603,578,13200.74
2025-11-16 15:59:48.603,579,13578.7
2025-11-16 15:59:48.603,580,13108.13
2025-11-16 15:59:48.603,581,12847.52
2025-11-16 15:59:48.603,582,12977.09
2025-11-16 15:59:48.603,583,13029.33
2025-11-16 15:59:48.603,584,13029.33
2025-11-16 15:59:48.603,585,13029.33
2025-11-16 15:59:48.603,586,13016.24
2025-11-16 15:59:48.603,587,13081.8
2025-11-16 15:59:48.603,588,13081.8
2025-11-16 15:59:48.603,589,13042.42
2025-11-16 15:59:48.603,590,14083.04
2025-11-16 15:59:48.603,591,13055.53
2025-11-16 15:59:48.603,592,15411.16
2025-11-16 15:59:48.603,593,15143.35
2025-11-16 15:59:48.603,594,16283.77
2025-11-16 15:59:48.603,595,17757.91
2025-11-16 15:59:48.603,596,17236.39
2025-11-16 15:59:48.603,597,18699.77
2025-11-16 15:59:48.603,598,13926.67
2025-11-16 15:59:48.603,599,16663.75
2025-11-16 15:59:48.603,600,14270.47
2025-11-16 15:59:48.603,601,15112.21
2025-11-16 15:59:48.603,602,17054.83
2025-11-16 15:59:48.603,603,15019.26
2025-11-16 15:59:48.603,604,15019.26
2025-11-16 15:59:48.603,605,15831.91
2025-11-16 15:59:48.603,606,14926.99
2025-11-16 15:59:48.603,607,15491.01
2025-11-16 15:59:48.603,608,32014.92
2025-11-16 15:59:48.603,609,15019.26
2025-11-16 15:59:48.603,610,15096.68
2025-11-16 15:59:48.603,611,15684.7
2025-11-16 15:59:48.603,612,15331.81
2025-11-16 15:59:48.603,613,15555.25
2025-11-16 15:59:48.603,614,17494.69
2025-11-16 15:59:48.603,615,21118.33
2025-11-16 15:59:48.603,616,69101.3
2025-11-16 15:59:48.603,617,52987.48
2025-11-16 15:59:48.603,618,169524.13
2025-11-16 15:59:48.603,619,14579.46
2025-11-16 15:59:48.603,620,24208.61
2025-11-16 15:59:48.603,621,76838.91
2025-11-16 15:59:48.603,622,38578.92
2025-11-16 15:59:48.603,623,38578.92
2025-11-16 15:59:48.603,624,13983.3
2025-11-16 15:59:48.603,625,13954.95
2025-11-16 15:59:48.603,626,13081.8
2025-11-16 15:59:48.603,627,13483.07
2025-11-16 15:59:48.603,628,12951.06
2025-11-16 15:59:48.603,629,13081.8
2025-11-16 15:59:48.603,630,12951.06
2025-11-16 15:59:48.603,631,12977.09
2025-11-16 15:59:48.603,632,12886.24
2025-11-16 15:59:48.603,633,12964.06
2025-11-16 15:59:48.603,634,13029.33
2025-11-16 15:59:48.603,635,12990.12
2025-11-16 15:59:48.603,636,13003.18
2025-11-16 15:59:48.603,637,12977.09
2025-11-16 15:59:48.603,638,13912.56
2025-11-16 15:59:48.603,639,12951.06
2025-11-16 15:59:48.603,640,15363.49
2025-11-16 15:59:48.603,641,15174.57
2025-11-16 15:59:48.603,642,16232.79
2025-11-16 15:59:48.603,643,17795.93
2025-11-16 15:59:48.603,644,17218.13
2025-11-16 15:59:48.603,645,18740.4
2025-11-16 15:59:48.603,646,14183.61
2025-11-16 15:59:48.603,647,16698.84
2025-11-16 15:59:48.603,648,14387.27
2025-11-16 15:59:48.603,649,15174.57
2025-11-16 15:59:48.603,650,17054.83
2025-11-16 15:59:48.603,651,15112.21
2025-11-16 15:59:48.603,652,15050.17
2025-11-16 15:59:48.603,653,15897.87
2025-11-16 15:59:48.603,654,15096.68
2025-11-16 15:59:48.603,655,15782.65
2025-11-16 15:59:48.603,656,32101.8
2025-11-16 15:59:48.603,657,15112.21
2025-11-16 15:59:48.603,658,15143.35
2025-11-16 15:59:48.603,659,15815.47
2025-11-16 15:59:48.603,660,15491.01
2025-11-16 15:59:48.603,661,15587.49
2025-11-16 15:59:48.603,662,17531.99
2025-11-16 15:59:48.603,663,21213.94
2025-11-16 15:59:48.603,664,69101.3
2025-11-16 15:59:48.603,665,52987.48
2025-11-16 15:59:48.603,666,170315.53
2025-11-16 15:59:48.603,667,14684.21
2025-11-16 15:59:48.603,668,24675.34
2025-11-16 15:59:48.603,669,77583.78
2025-11-16 15:59:48.603,670,40194.41
2025-11-16 15:59:48.603,671,40194.41
2025-11-16 15:59:48.603,672,13926.67
2025-11-16 15:59:48.603,673,13898.46
2025-11-16 15:59:48.603,674,13081.8
2025-11-16 15:59:48.603,675,13428.77
2025-11-16 15:59:48.603,676,13029.33
2025-11-16 15:59:48.603,677,13187.46
2025-11-16 15:59:48.603,678,13055.53
2025-11-16 15:59:48.603,679,13108.13
2025-11-16 15:59:48.603,680,13081.8
2025-11-16 15:59:48.603,681,13055.53
2025-11-16 15:59:48.603,682,13187.46
2025-11-16 15:59:48.603,683,13081.8
2025-11-16 15:59:48.603,684,13081.8
2025-11-16 15:59:48.603,685,13055.53
2025-11-16 15:59:48.603,686,14040.19
2025-11-16 15:59:48.603,687,13214.03
2025-11-16 15:59:48.603,688,15523.09
2025-11-16 15:59:48.603,689,15315.99
2025-11-16 15:59:48.603,690,16403.5
2025-11-16 15:59:48.603,691,18026.2
2025-11-16 15:59:48.603,692,17438.93
2025-11-16 15:59:48.603,693,19069.58
2025-11-16 15:59:48.603,694,14314.14
2025-11-16 15:59:48.603,695,16893.47
2025-11-16 15:59:48.603,696,14534.84
2025-11-16 15:59:48.603,697,15268.68
2025-11-16 15:59:48.603,698,17309.7
2025-11-16 15:59:48.603,699,15112.21
2025-11-16 15:59:48.603,700,15237.23
2025-11-16 15:59:48.603,701,16114.59
2025-11-16 15:59:48.603,702,15331.81
2025-11-16 15:59:48.603,703,15947.57
2025-11-16 15:59:48.603,704,32855.06
2025-11-16 15:59:48.603,705,15411.16
2025-11-16 15:59:48.603,706,15347.64
2025-11-16 15:59:48.603,707,15848.37
2025-11-16 15:59:48.603,708,15603.64
2025-11-16 15:59:48.603,709,15881.35
2025-11-16 15:59:48.603,710,17853.14
2025-11-16 15:59:48.603,711,21406.95
2025-11-16 15:59:48.603,712,70031.56
2025-11-16 15:59:48.603,713,53084.88
2025-11-16 15:59:48.603,714,173552.13
2025-11-16 15:59:48.603,715,14805.01
2025-11-16 15:59:48.603,716,24794.01
2025-11-16 15:59:48.603,717,78725.33
2025-11-16 15:59:48.603,718,40883.72
2025-11-16 15:59:48.603,719,40883.72
2025-11-16 15:59:48.603,720,13983.3
2025-11-16 15:59:48.603,721,14040.19
2025-11-16 15:59:48.603,722,13214.03
2025-11-16 15:59:48.603,723,13633.7
2025-11-16 15:59:48.603,724,13121.31
2025-11-16 15:59:48.603,725,13200.74
2025-11-16 15:59:48.603,726,12977.09
2025-11-16 15:59:48.603,727,13055.53
2025-11-16 15:59:48.603,728,13108.13
2025-11-16 15:59:48.603,729,13134.51
2025-11-16 15:59:48.603,730,13187.46
2025-11-16 15:59:48.603,731,13160.96
2025-11-16 15:59:48.603,732,13068.66
2025-11-16 15:59:48.603,733,13174.2
2025-11-16 15:59:48.603,734,14097.35
2025-11-16 15:59:48.603,735,13214.03
2025-11-16 15:59:48.603,736,15347.64
2025-11-16 15:59:48.603,737,15347.64
2025-11-16 15:59:48.603,738,16352.05
2025-11-16 15:59:48.603,739,17949.02
2025-11-16 15:59:48.603,740,17364.93
2025-11-16 15:59:48.603,741,18822.0
2025-11-16 15:59:48.603,742,14314.14
2025-11-16 15:59:48.603,743,16769.29
2025-11-16 15:59:48.603,744,14534.84
2025-11-16 15:59:48.603,745,15268.68
2025-11-16 15:59:48.603,746,17272.99
2025-11-16 15:59:48.603,747,15174.57
2025-11-16 15:59:48.603,748,15268.68
2025-11-16 15:59:48.603,749,16114.59
2025-11-16 15:59:48.603,750,15174.57
2025-11-16 15:59:48.603,751,16014.12
2025-11-16 15:59:48.603,752,32276.66
2025-11-16 15:59:48.603,753,15268.68
2025-11-16 15:59:48.603,754,15300.2
2025-11-16 15:59:48.603,755,15914.42
2025-11-16 15:59:48.603,756,15587.49
2025-11-16 15:59:48.603,757,15749.92
2025-11-16 15:59:48.603,758,17569.39
2025-11-16 15:59:48.603,759,21261.97
2025-11-16 15:59:48.603,760,68644.23
2025-11-16 15:59:48.603,761,52409.35
2025-11-16 15:59:48.603,762,175214.38
2025-11-16 15:59:48.603,763,14865.85
2025-11-16 15:59:48.603,764,24853.65
2025-11-16 15:59:48.603,765,77583.78
2025-11-16 15:59:48.603,766,39644.14
2025-11-16 15:59:48.603,767,39644.14
2025-11-16 15:59:48.603,768,14183.61
2025-11-16 15:59:48.603,769,14241.45
2025-11-16 15:59:48.603,770,13320.91
2025-11-16 15:59:48.603,771,13702.81
2025-11-16 15:59:48.603,772,13214.03
2025-11-16 15:59:48.603,773,13334.34
2025-11-16 15:59:48.603,774,13214.03
2025-11-16 15:59:48.603,775,13214.03
2025-11-16 15:59:48.603,776,13267.35
2025-11-16 15:59:48.603,777,13240.66
2025-11-16 15:59:48.603,778,13320.91
2025-11-16 15:59:48.603,779,13187.46
2025-11-16 15:59:48.603,780,13267.35
2025-11-16 15:59:48.603,781,13187.46
2025-11-16 15:59:48.603,782,14169.19
2025-11-16 15:59:48.603,783,13214.03
2025-11-16 15:59:48.603,784,15587.49
2025-11-16 15:59:48.603,785,15363.49
2025-11-16 15:59:48.603,786,16455.14
2025-11-16 15:59:48.603,787,18006.87
2025-11-16 15:59:48.603,788,17531.99
2025-11-16 15:59:48.603,789,19048.79
2025-11-16 15:59:48.603,790,14372.61
2025-11-16 15:59:48.603,791,16982.88
2025-11-16 15:59:48.603,792,14594.37
2025-11-16 15:59:48.603,793,15523.09
2025-11-16 15:59:48.603,794,17457.49
2025-11-16 15:59:48.603,795,15363.49
2025-11-16 15:59:48.603,796,15331.81
2025-11-16 15:59:48.603,797,16215.84
2025-11-16 15:59:48.603,798,15300.2
2025-11-16 15:59:48.603,799,16131.41
2025-11-16 15:59:48.603,800,32630.74
2025-11-16 15:59:48.603,801,15363.49
2025-11-16 15:59:48.603,802,15539.16
2025-11-16 15:59:48.603,803,16047.52
2025-11-16 15:59:48.603,804,15684.7
2025-11-16 15:59:48.603,805,15848.37
2025-11-16 15:59:48.603,806,17853.14
2025-11-16 15:59:48.603,807,21334.29
2025-11-16 15:59:48.603,808,70663.95
2025-11-16 15:59:48.603,809,53378.87
2025-11-16 15:59:48.603,810,175214.38
2025-11-16 15:59:48.603,811,15034.71
2025-11-16 15:59:48.603,812,25215.81
2025-11-16 15:59:48.603,813,79112.48
2025-11-16 15:59:48.603,814,40883.72
2025-11-16 15:59:48.603,815,40883.72
2025-11-16 15:59:48.603,816,14212.49
2025-11-16 15:59:48.603,817,14212.49
2025-11-16 15:59:48.603,818,13227.34
2025-11-16 15:59:48.603,819,13675.12
2025-11-16 15:59:48.603,820,13108.13
2025-11-16 15:59:48.603,821,13042.42
2025-11-16 15:59:48.603,822,13214.03
2025-11-16 15:59:48.603,823,13254.0
2025-11-16 15:59:48.603,824,13267.35
2025-11-16 15:59:48.603,825,13187.46
2025-11-16 15:59:48.603,826,13320.91
2025-11-16 15:59:48.603,827,13280.71
2025-11-16 15:59:48.603,828,13294.1
2025-11-16 15:59:48.603,829,13214.03
2025-11-16 15:59:48.603,830,14183.61
2025-11-16 15:59:48.603,831,13254.0
2025-11-16 15:59:48.603,832,15749.92
2025-11-16 15:59:48.603,833,15523.09
2025-11-16 15:59:48.603,834,16628.76
2025-11-16 15:59:48.603,835,18103.81
2025-11-16 15:59:48.603,836,17457.49
2025-11-16 15:59:48.603,837,18986.58
2025-11-16 15:59:48.603,838,14270.47
2025-11-16 15:59:48.603,839,16982.88
2025-11-16 15:59:48.603,840,14744.46
2025-11-16 15:59:48.603,841,15395.25
2025-11-16 15:59:48.603,842,17494.69
2025-11-16 15:59:48.603,843,15347.64
2025-11-16 15:59:48.603,844,15411.16
2025-11-16 15:59:48.603,845,16369.18
2025-11-16 15:59:48.603,846,15379.36
2025-11-16 15:59:48.603,847,16182.0
2025-11-16 15:59:48.603,848,33036.22
2025-11-16 15:59:48.603,849,15523.09
2025-11-16 15:59:48.603,850,15395.25
2025-11-16 15:59:48.603,851,16081.01
2025-11-16 15:59:48.603,852,15914.42
2025-11-16 15:59:48.603,853,16030.81
2025-11-16 15:59:48.603,854,18103.81
2025-11-16 15:59:48.603,855,21602.34
2025-11-16 15:59:48.603,856,70663.95
2025-11-16 15:59:48.603,857,54277.52
2025-11-16 15:59:48.603,858,175214.38
2025-11-16 15:59:48.603,859,15081.15
2025-11-16 15:59:48.603,860,25585.55
2025-11-16 15:59:48.603,861,79699.56
2025-11-16 15:59:48.603,862,42186.62
2025-11-16 15:59:48.603,863,42186.62
2025-11-16 15:59:48.603,864,14387.27
2025-11-16 15:59:48.603,865,14357.96
2025-11-16 15:59:48.603,866,13347.78
2025-11-16 15:59:48.603,867,13800.23
2025-11-16 15:59:48.603,868,13240.66
2025-11-16 15:59:48.603,869,13280.71
2025-11-16 15:59:48.603,870,13294.1
2025-11-16 15:59:48.603,871,13320.91
2025-11-16 15:59:48.603,872,13320.91
2025-11-16 15:59:48.603,873,13227.34
2025-11-16 15:59:48.603,874,13320.91
2025-11-16 15:59:48.603,875,13294.1
2025-11-16 15:59:48.603,876,13267.35
2025-11-16 15:59:48.603,877,13267.35
2025-11-16 15:59:48.603,878,14314.14
2025-11-16 15:59:48.603,879,13294.1
2025-11-16 15:59:48.603,880,15799.05
2025-11-16 15:59:48.603,881,15363.49
2025-11-16 15:59:48.603,882,16681.28
2025-11-16 15:59:48.603,883,18084.37
2025-11-16 15:59:48.603,884,17494.69
2025-11-16 15:59:48.603,885,19028.03
2025-11-16 15:59:48.603,886,14416.64
2025-11-16 15:59:48.603,887,16857.87
2025-11-16 15:59:48.603,888,14669.19
2025-11-16 15:59:48.603,889,15300.2
2025-11-16 15:59:48.603,890,17309.7
2025-11-16 15:59:48.603,891,15315.99
2025-11-16 15:59:48.603,892,15363.49
2025-11-16 15:59:48.603,893,16148.25
2025-11-16 15:59:48.603,894,15331.81
2025-11-16 15:59:48.603,895,16182.0
2025-11-16 15:59:48.603,896,32675.42
2025-11-16 15:59:48.603,897,15427.09
2025-11-16 15:59:48.603,898,15363.49
2025-11-16 15:59:48.603,899,16014.12
2025-11-16 15:59:48.603,900,15684.7
2025-11-16 15:59:48.603,901,15881.35
2025-11-16 15:59:48.603,902,17853.14
2025-11-16 15:59:48.603,903,21455.57
2025-11-16 15:59:48.603,904,70983.91
2025-11-16 15:59:48.603,905,53378.87
2025-11-16 15:59:48.603,906,173552.13
2025-11-16 15:59:48.603,907,15034.71
2025-11-16 15:59:48.603,908,25124.57
2025-11-16 15:59:48.603,909,79503.01
2025-11-16 15:59:48.603,910,40380.55
2025-11-16 15:59:48.603,911,40380.55
2025-11-16 15:59:48.603,912,14865.85
2025-11-16 15:59:48.603,913,14850.61
2025-11-16 15:59:48.603,914,13842.23
2025-11-16 15:59:48.603,915,14241.45
2025-11-16 15:59:48.603,916,13702.81
2025-11-16 15:59:48.603,917,13828.22
2025-11-16 15:59:48.603,918,13856.26
2025-11-16 15:59:48.603,919,13730.56
2025-11-16 15:59:48.603,920,13814.22
2025-11-16 15:59:48.603,921,13647.49
2025-11-16 15:59:48.603,922,13758.38
2025-11-16 15:59:48.603,923,13730.56
2025-11-16 15:59:48.603,924,13842.23
2025-11-16 15:59:48.603,925,13688.95
2025-11-16 15:59:48.603,926,14759.57
2025-11-16 15:59:48.603,927,13856.26
2025-11-16 15:59:48.603,928,16215.84
2025-11-16 15:59:48.603,929,15848.37
2025-11-16 15:59:48.603,930,17163.47
2025-11-16 15:59:48.603,931,18538.4
2025-11-16 15:59:48.603,932,18064.95
2025-11-16 15:59:48.603,933,19664.09
2025-11-16 15:59:48.603,934,14774.7
2025-11-16 15:59:48.603,935,17309.7
2025-11-16 15:59:48.603,936,15050.17
2025-11-16 15:59:48.603,937,15848.37
2025-11-16 15:59:48.603,938,17872.27
2025-11-16 15:59:48.603,939,15523.09
2025-11-16 15:59:48.603,940,16081.01
2025-11-16 15:59:48.603,941,16875.66
2025-11-16 15:59:48.603,942,16014.12
2025-11-16 15:59:48.603,943,16769.29
2025-11-16 15:59:48.603,944,33403.16
2025-11-16 15:59:48.603,945,15947.57
2025-11-16 15:59:48.603,946,15930.98
2025-11-16 15:59:48.603,947,16593.85
2025-11-16 15:59:48.603,948,16165.12
2025-11-16 15:59:48.603,949,16593.85
2025-11-16 15:59:48.603,950,18478.35
2025-11-16 15:59:48.603,951,22126.97
2025-11-16 15:59:48.603,952,73296.59
2025-11-16 15:59:48.603,953,54890.87
2025-11-16 15:59:48.603,954,169524.13
2025-11-16 15:59:48.603,955,15587.49
2025-11-16 15:59:48.603,956,26090.74
2025-11-16 15:59:48.603,957,81919.95
2025-11-16 15:59:48.603,958,41657.55
2025-11-16 15:59:48.603,959,41657.55
2025-11-16 15:59:48.603,960,19449.01
2025-11-16 15:59:48.603,961,19406.36
2025-11-16 15:59:48.603,962,18398.68
2025-11-16 15:59:48.603,963,18781.14
2025-11-16 15:59:48.603,964,18221.02
2025-11-16 15:59:48.603,965,18418.55
2025-11-16 15:59:48.603,966,18181.84
2025-11-16 15:59:48.603,967,18260.31
2025-11-16 15:59:48.603,968,18378.83
2025-11-16 15:59:48.603,969,18162.29
2025-11-16 15:59:48.603,970,18359.01
2025-11-16 15:59:48.603,971,18181.84
2025-11-16 15:59:48.603,972,18378.83
2025-11-16 15:59:48.603,973,18142.77
2025-11-16 15:59:48.603,974,19342.63
2025-11-16 15:59:48.603,975,18339.21
2025-11-16 15:59:48.603,976,21118.33
2025-11-16 15:59:48.603,977,20741.61
2025-11-16 15:59:48.603,978,21213.94
2025-11-16 15:59:48.603,979,23586.93
2025-11-16 15:59:48.603,980,22203.33
2025-11-16 15:59:48.603,981,23894.93
2025-11-16 15:59:48.603,982,19406.36
2025-11-16 15:59:48.603,983,21925.08
2025-11-16 15:59:48.603,984,19028.03
2025-11-16 15:59:48.603,985,20238.23
2025-11-16 15:59:48.603,986,21725.7
2025-11-16 15:59:48.603,987,18578.57
2025-11-16 15:59:48.603,988,20741.61
2025-11-16 15:59:48.603,989,21334.29
2025-11-16 15:59:48.603,990,20648.86
2025-11-16 15:59:48.603,991,22000.49
2025-11-16 15:59:48.603,992,41788.82
2025-11-16 15:59:48.603,993,20648.86
2025-11-16 15:59:48.603,994,20788.21
2025-11-16 15:59:48.603,995,20788.21
2025-11-16 15:59:48.603,996,20975.98
2025-11-16 15:59:48.603,997,21261.97
2025-11-16 15:59:48.603,998,23642.52
2025-11-16 15:59:48.603,999,27906.57
2025-11-16 15:59:48.603,1000,87167.16
2025-11-16 15:59:48.603,1001,68493.05
2025-11-16 15:59:48.603,1002,216173.34
2025-11-16 15:59:48.603,1003,20103.78
2025-11-16 15:59:48.603,1004,32675.42
2025-11-16 15:59:48.603,1005,99687.32
2025-11-16 15:59:48.603,1006,52409.35
2025-11-16 15:59:48.603,1007,52409.35
2025-11-16 15:59:48.603,1008,38695.02
2025-11-16 15:59:48.603,1009,38405.8
2025-11-16 15:59:48.603,1010,37009.64
2025-11-16 15:59:48.603,1011,37447.59
2025-11-16 15:59:48.603,1012,36579.68
2025-11-16 15:59:48.603,1013,36579.68
2025-11-16 15:59:48.603,1014,36686.43
2025-11-16 15:59:48.603,1015,36579.68
2025-11-16 15:59:48.603,1016,36157.48
2025-11-16 15:59:48.603,1017,35845.82
2025-11-16 15:59:48.603,1018,36053.13
2025-11-16 15:59:48.603,1019,36473.41
2025-11-16 15:59:48.603,1020,36157.48
2025-11-16 15:59:48.603,1021,35794.29
2025-11-16 15:59:48.603,1022,37669.63
2025-11-16 15:59:48.603,1023,36473.41
2025-11-16 15:59:48.603,1024,40132.67
2025-11-16 15:59:48.603,1025,39403.42
2025-11-16 15:59:48.603,1026,36901.41
2025-11-16 15:59:48.603,1027,42863.36
2025-11-16 15:59:48.603,1028,36473.41
2025-11-16 15:59:48.603,1029,39343.6
2025-11-16 15:59:48.603,1030,37781.43
2025-11-16 15:59:48.603,1031,37118.37
2025-11-16 15:59:48.603,1032,36314.91
2025-11-16 15:59:48.603,1033,38521.08
2025-11-16 15:59:48.603,1034,40009.64
2025-11-16 15:59:48.603,1035,37009.64
2025-11-16 15:59:48.603,1036,38348.37
2025-11-16 15:59:48.603,1037,39826.22
2025-11-16 15:59:48.603,1038,38348.37
2025-11-16 15:59:48.603,1039,40568.07
2025-11-16 15:59:48.603,1040,68493.05
2025-11-16 15:59:48.603,1041,38695.02
2025-11-16 15:59:48.603,1042,37837.53
2025-11-16 15:59:48.603,1043,37725.46
2025-11-16 15:59:48.603,1044,38811.68
2025-11-16 15:59:48.603,1045,38578.92
2025-11-16 15:59:48.603,1046,41854.7
2025-11-16 15:59:48.603,1047,45301.25
2025-11-16 15:59:48.603,1048,130631.02
2025-11-16 15:59:48.603,1049,119906.74
2025-11-16 15:59:48.603,1050,264774.34
2025-11-16 15:59:48.603,1051,37781.43
2025-11-16 15:59:48.603,1052,56693.92
2025-11-16 15:59:48.603,1053,166426.73
2025-11-16 15:59:48.603,1054,87167.16
2025-11-16 15:59:48.603,1055,87167.16
2025-11-16 15:59:48.603,1056,48641.14
2025-11-16 15:59:48.603,1057,48139.58
2025-11-16 15:59:48.603,1058,46606.3
2025-11-16 15:59:48.603,1059,46922.36
2025-11-16 15:59:48.603,1060,46138.74
2025-11-16 15:59:48.603,1061,46527.84
2025-11-16 15:59:48.603,1062,46061.56
2025-11-16 15:59:48.603,1063,46216.13
2025-11-16 15:59:48.603,1064,45301.25
2025-11-16 15:59:48.603,1065,45151.65
2025-11-16 15:59:48.603,1066,45301.25
2025-11-16 15:59:48.603,1067,44928.77
2025-11-16 15:59:48.603,1068,45226.35
2025-11-16 15:59:48.603,1069,45301.25
2025-11-16 15:59:48.603,1070,46449.59
2025-11-16 15:59:48.603,1071,45301.25
2025-11-16 15:59:48.603,1072,48810.25
2025-11-16 15:59:48.603,1073,46843.01
2025-11-16 15:59:48.603,1074,38006.61
2025-11-16 15:59:48.603,1075,51561.75
2025-11-16 15:59:48.603,1076,29449.88
2025-11-16 15:59:48.603,1077,30550.28
2025-11-16 15:59:48.603,1078,45907.83
2025-11-16 15:59:48.603,1079,42455.23
2025-11-16 15:59:48.603,1080,34252.03
2025-11-16 15:59:48.603,1081,43983.32
2025-11-16 15:59:48.603,1082,40256.3
2025-11-16 15:59:48.603,1083,40132.67
2025-11-16 15:59:48.603,1084,44781.16
2025-11-16 15:59:48.603,1085,46216.13
2025-11-16 15:59:48.603,1086,46138.74
2025-11-16 15:59:48.603,1087,51468.98
2025-11-16 15:59:48.603,1088,82335.49
2025-11-16 15:59:48.603,1089,46061.56
2025-11-16 15:59:48.603,1090,47081.7
2025-11-16 15:59:48.603,1091,45602.89
2025-11-16 15:59:48.603,1092,47161.71
2025-11-16 15:59:48.603,1093,46843.01
2025-11-16 15:59:48.603,1094,49845.72
2025-11-16 15:59:48.603,1095,53182.58
2025-11-16 15:59:48.603,1096,169524.13
2025-11-16 15:59:48.603,1097,142142.66
2025-11-16 15:59:48.603,1098,412143.03
2025-11-16 15:59:48.603,1099,44561.25
2025-11-16 15:59:48.603,1100,70663.95
2025-11-16 15:59:48.603,1101,206594.58
2025-11-16 15:59:48.603,1102,108599.64
2025-11-16 15:59:48.603,1103,108599.64
2025-11-16 15:59:48.603,1104,59534.86
2025-11-16 15:59:48.603,1105,59181.26
2025-11-16 15:59:48.603,1106,56368.51
2025-11-16 15:59:48.603,1107,56693.92
2025-11-16 15:59:48.603,1108,55939.52
2025-11-16 15:59:48.603,1109,56585.1
2025-11-16 15:59:48.603,1110,56260.74
2025-11-16 15:59:48.603,1111,56693.92
2025-11-16 15:59:48.603,1112,56260.74
2025-11-16 15:59:48.603,1113,56476.62
2025-11-16 15:59:48.603,1114,56693.92
2025-11-16 15:59:48.603,1115,56912.64
2025-11-16 15:59:48.603,1116,56368.51
2025-11-16 15:59:48.603,1117,56260.74
2025-11-16 15:59:48.603,1118,58028.08
2025-11-16 15:59:48.603,1119,56260.74
2025-11-16 15:59:48.603,1120,59534.86
2025-11-16 15:59:48.603,1121,58255.64
2025-11-16 15:59:48.603,1122,52600.88
2025-11-16 15:59:48.603,1123,64347.73
2025-11-16 15:59:48.603,1124,56260.74
2025-11-16 15:59:48.603,1125,57465.76
2025-11-16 15:59:48.603,1126,57802.03
2025-11-16 15:59:48.603,1127,55833.13
2025-11-16 15:59:48.603,1128,51192.37
2025-11-16 15:59:48.603,1129,56693.92
2025-11-16 15:59:48.603,1130,51009.33
2025-11-16 15:59:48.603,1131,52600.88
2025-11-16 15:59:48.603,1132,51654.79
2025-11-16 15:59:48.603,1133,54582.74
2025-11-16 15:59:48.603,1134,54994.24
2025-11-16 15:59:48.603,1135,62370.57
2025-11-16 15:59:48.603,1136,99687.32
2025-11-16 15:59:48.603,1137,56046.25
2025-11-16 15:59:48.603,1138,55621.39
2025-11-16 15:59:48.603,1139,53477.48
2025-11-16 15:59:48.603,1140,56368.51
2025-11-16 15:59:48.603,1141,56693.92
2025-11-16 15:59:48.603,1142,58484.71
2025-11-16 15:59:48.603,1143,67894.05
2025-11-16 15:59:48.603,1144,193656.09
2025-11-16 15:59:48.603,1145,176056.81
2025-11-16 15:59:48.603,1146,439984.91
2025-11-16 15:59:48.603,1147,55621.39
2025-11-16 15:59:48.603,1148,87631.56
2025-11-16 15:59:48.603,1149,257587.41
2025-11-16 15:59:48.603,1150,143283.25
2025-11-16 15:59:48.603,1151,143283.25
2025-11-16 15:59:48.603,1152,118680.02
2025-11-16 15:59:48.603,1153,115134.95
2025-11-16 15:59:48.603,1154,111418.03
2025-11-16 15:59:48.603,1155,113621.23
2025-11-16 15:59:48.603,1156,106238.64
2025-11-16 15:59:48.603,1157,113248.5
2025-11-16 15:59:48.603,1158,112509.73
2025-11-16 15:59:48.603,1159,115519.18
2025-11-16 15:59:48.603,1160,105908.98
2025-11-16 15:59:48.603,1161,108944.77
2025-11-16 15:59:48.603,1162,110700.96
2025-11-16 15:59:48.603,1163,109992.31
2025-11-16 15:59:48.603,1164,109291.9
2025-11-16 15:59:48.603,1165,108599.64
2025-11-16 15:59:48.603,1166,112877.99
2025-11-16 15:59:48.603,1167,106903.57
2025-11-16 15:59:48.603,1168,109641.09
2025-11-16 15:59:48.603,1169,108256.51
2025-11-16 15:59:48.603,1170,113621.23
2025-11-16 15:59:48.603,1171,126864.97
2025-11-16 15:59:48.603,1172,113996.21
2025-11-16 15:59:48.603,1173,123295.2
2025-11-16 15:59:48.603,1174,112877.99
2025-11-16 15:59:48.603,1175,104608.9
2025-11-16 15:59:48.603,1176,107915.35
2025-11-16 15:59:48.603,1177,112143.66
2025-11-16 15:59:48.603,1178,112509.73
2025-11-16 15:59:48.603,1179,109291.9
2025-11-16 15:59:48.603,1180,97948.88
2025-11-16 15:59:48.603,1181,111058.42
2025-11-16 15:59:48.603,1182,99687.32
2025-11-16 15:59:48.603,1183,118680.02
2025-11-16 15:59:48.603,1184,170315.53
2025-11-16 15:59:48.603,1185,97948.88
2025-11-16 15:59:48.603,1186,96820.16
2025-11-16 15:59:48.603,1187,102712.45
2025-11-16 15:59:48.603,1188,95714.8
2025-11-16 15:59:48.603,1189,91010.8
2025-11-16 15:59:48.603,1190,94632.04
2025-11-16 15:59:48.603,1191,114373.48
2025-11-16 15:59:48.603,1192,328387.41
2025-11-16 15:59:48.603,1193,317555.0
2025-11-16 15:59:48.603,1194,672541.69
2025-11-16 15:59:48.603,1195,89051.75
2025-11-16 15:59:48.603,1196,151134.84
2025-11-16 15:59:48.603,1197,460679.59
2025-11-16 15:59:48.603,1198,239631.09
2025-11-16 15:59:48.603,1199,239631.09
2025-11-16 15:59:48.603,1200,988899.38
2025-11-16 15:59:48.603,1201,988899.38
2025-11-16 15:59:48.603,1202,988899.38
2025-11-16 15:59:48.603,1203,988899.38
2025-11-16 15:59:48.603,1204,988899.38
2025-11-16 15:59:48.603,1205,988899.38
2025-11-16 15:59:48.603,1206,988899.38
2025-11-16 15:59:48.603,1207,988899.38
2025-11-16 15:59:48.603,1208,988899.38
2025-11-16 15:59:48.603,1209,988899.38
2025-11-16 15:59:48.603,1210,988899.38
2025-11-16 15:59:48.603,1211,793012.25
2025-11-16 15:59:48.603,1212,880309.75
2025-11-16 15:59:48.603,1213,861364.44
2025-11-16 15:59:48.603,1214,942433.13
2025-11-16 15:59:48.603,1215,942433.13
2025-11-16 15:59:48.603,1216,988899.38
2025-11-16 15:59:48.603,1217,793012.25
2025-11-16 15:59:48.603,1218,861364.44
2025-11-16 15:59:48.603,1219,988899.38
2025-11-16 15:59:48.603,1220,861364.44
2025-11-16 15:59:48.603,1221,900097.25
2025-11-16 15:59:48.603,1222,861364.44
2025-11-16 15:59:48.603,1223,900097.25
2025-11-16 15:59:48.603,1224,880309.75
2025-11-16 15:59:48.603,1225,942433.13
2025-11-16 15:59:48.603,1226,843208.31
2025-11-16 15:59:48.603,1227,880309.75
2025-11-16 15:59:48.603,1228,793012.25
2025-11-16 15:59:48.603,1229,942433.13
2025-11-16 15:59:48.603,1230,861364.44
2025-11-16 15:59:48.603,1231,900097.25
2025-11-16 15:59:48.603,1232,988899.38
2025-11-16 15:59:48.603,1233,988899.38
2025-11-16 15:59:48.603,1234,861364.44
2025-11-16 15:59:48.603,1235,748393.56
2025-11-16 15:59:48.603,1236,793012.25
2025-11-16 15:59:48.603,1237,900097.25
2025-11-16 15:59:48.603,1238,900097.25
2025-11-16 15:59:48.603,1239,988899.38
2025-11-16 15:59:48.603,1240,988899.38
2025-11-16 15:59:48.603,1241,988899.38
2025-11-16 15:59:48.603,1242,988899.38
2025-11-16 15:59:48.603,1243,988899.38
2025-11-16 15:59:48.603,1244,225277.3
2025-11-16 15:59:48.603,1245,225277.3
2025-11-16 15:59:48.603,1246,225277.3
2025-11-16 15:59:48.603,1247,225277.3
2025-11-16 15:59:48.603,1248,225277.3
2025-11-16 15:59:48.603,1249,229407.17
2025-11-16 15:59:48.603,1250,223932.14
2025-11-16 15:59:48.603,1251,212483.69
2025-11-16 15:59:48.603,1252,230816.17
2025-11-16 15:59:48.603,1253,235144.47
2025-11-16 15:59:48.603,1254,219987.36
2025-11-16 15:59:48.603,1255,230816.17
2025-11-16 15:59:48.603,1256,232241.86
2025-11-16 15:59:48.603,1257,232241.86
2025-11-16 15:59:48.603,1258,235144.47
2025-11-16 15:59:48.603,1259,226638.0
2025-11-16 15:59:48.603,1260,226638.0
2025-11-16 15:59:48.603,1261,229407.17
2025-11-16 15:59:48.603,1262,226638.0
2025-11-16 15:59:48.603,1263,216173.34
2025-11-16 15:59:48.603,1264,239631.09
2025-11-16 15:59:48.603,1265,222602.28
2025-11-16 15:59:48.603,1266,204325.27
2025-11-16 15:59:48.603,1267,238117.42
2025-11-16 15:59:48.603,1268,232241.86
2025-11-16 15:59:48.603,1269,230816.17
2025-11-16 15:59:48.603,1270,229407.17
2025-11-16 15:59:48.603,1271,218701.81
2025-11-16 15:59:48.603,1272,219987.36
2025-11-16 15:59:48.603,1273,233684.53
2025-11-16 15:59:48.603,1274,249115.52
2025-11-16 15:59:48.603,1275,233684.53
2025-11-16 15:59:48.603,1276,216173.34
2025-11-16 15:59:48.603,1277,241163.34
2025-11-16 15:59:48.603,1278,213700.14
2025-11-16 15:59:48.603,1279,245875.0
2025-11-16 15:59:48.603,1280,358884.03
2025-11-16 15:59:48.603,1281,232241.86
2025-11-16 15:59:48.603,1282,216173.34
2025-11-16 15:59:48.603,1283,252439.11
2025-11-16 15:59:48.603,1284,226638.0
2025-11-16 15:59:48.603,1285,254133.06
2025-11-16 15:59:48.603,1286,268514.44
2025-11-16 15:59:48.603,1287,261133.28
2025-11-16 15:59:48.603,1288,734602.25
2025-11-16 15:59:48.603,1289,684112.31
2025-11-16 15:59:48.603,1290,236622.0
2025-11-16 15:59:48.603,1291,236622.0
2025-11-16 15:59:48.603,1292,365654.84
2025-11-16 15:59:48.603,1293,880309.75
2025-11-16 15:59:48.603,1294,684112.31
2025-11-16 15:59:48.603,1295,684112.31
2025-11-16 15:59:48.603,1296,51009.33
2025-11-16 15:59:48.603,1297,48810.25
2025-11-16 15:59:48.603,1298,50021.84
2025-11-16 15:59:48.603,1299,48895.18
2025-11-16 15:59:48.603,1300,49845.72
2025-11-16 15:59:48.603,1301,49758.04
2025-11-16 15:59:48.603,1302,48980.34
2025-11-16 15:59:48.603,1303,49670.62
2025-11-16 15:59:48.603,1304,48980.34
2025-11-16 15:59:48.603,1305,48810.25
2025-11-16 15:59:48.603,1306,50110.29
2025-11-16 15:59:48.603,1307,48056.82
2025-11-16 15:59:48.603,1308,48980.34
2025-11-16 15:59:48.603,1309,49583.45
2025-11-16 15:59:48.603,1310,51841.71
2025-11-16 15:59:48.603,1311,47646.51
2025-11-16 15:59:48.603,1312,49496.55
2025-11-16 15:59:48.603,1313,48473.0
2025-11-16 15:59:48.603,1314,51654.79
2025-11-16 15:59:48.603,1315,57577.48
2025-11-16 15:59:48.603,1316,54176.42
2025-11-16 15:59:48.603,1317,56803.11
2025-11-16 15:59:48.603,1318,51376.5
2025-11-16 15:59:48.603,1319,47484.0
2025-11-16 15:59:48.603,1320,48810.25
2025-11-16 15:59:48.603,1321,51654.79
2025-11-16 15:59:48.603,1322,52890.38
2025-11-16 15:59:48.603,1323,49670.62
2025-11-16 15:59:48.603,1324,42726.61
2025-11-16 15:59:48.603,1325,52029.78
2025-11-16 15:59:48.603,1326,44707.67
2025-11-16 15:59:48.603,1327,54176.42
2025-11-16 15:59:48.603,1328,78725.33
2025-11-16 15:59:48.603,1329,44707.67
2025-11-16 15:59:48.603,1330,43628.29
2025-11-16 15:59:48.603,1331,50199.01
2025-11-16 15:59:48.603,1332,41788.82
2025-11-16 15:59:48.603,1333,41526.96
2025-11-16 15:59:48.603,1334,40630.89
2025-11-16 15:59:48.603,1335,59416.6
2025-11-16 15:59:48.603,1336,157058.67
2025-11-16 15:59:48.603,1337,153062.25
2025-11-16 15:59:48.603,1338,288853.09
2025-11-16 15:59:48.603,1339,48473.0
2025-11-16 15:59:48.603,1340,67894.05
2025-11-16 15:59:48.603,1341,223932.14
2025-11-16 15:59:48.603,1342,113621.23
2025-11-16 15:59:48.603,1343,113621.23
2025-11-16 15:59:48.603,1344,30671.81
2025-11-16 15:59:48.603,1345,30550.28
2025-11-16 15:59:48.603,1346,29146.33
2025-11-16 15:59:48.603,1347,29297.52
2025-11-16 15:59:48.603,1348,28996.3
2025-11-16 15:59:48.603,1349,29221.78
2025-11-16 15:59:48.603,1350,28810.36
2025-11-16 15:59:48.603,1351,28996.3
2025-11-16 15:59:48.603,1352,29146.33
2025-11-16 15:59:48.603,1353,28480.09
2025-11-16 15:59:48.603,1354,29033.7
2025-11-16 15:59:48.603,1355,28921.71
2025-11-16 15:59:48.603,1356,29184.02
2025-11-16 15:59:48.603,1357,28958.97
2025-11-16 15:59:48.603,1358,30712.49
2025-11-16 15:59:48.603,1359,28921.71
2025-11-16 15:59:48.603,1360,31501.02
2025-11-16 15:59:48.603,1361,30429.46
2025-11-16 15:59:48.603,1362,33036.22
2025-11-16 15:59:48.603,1363,36001.13
2025-11-16 15:59:48.603,1364,34738.09
2025-11-16 15:59:48.603,1365,36579.68
2025-11-16 15:59:48.603,1366,30550.28
2025-11-16 15:59:48.603,1367,31885.26
2025-11-16 15:59:48.603,1368,30150.32
2025-11-16 15:59:48.603,1369,31713.61
2025-11-16 15:59:48.603,1370,34348.4
2025-11-16 15:59:48.603,1371,31290.57
2025-11-16 15:59:48.603,1372,28736.48
2025-11-16 15:59:48.603,1373,32189.05
2025-11-16 15:59:48.603,1374,29071.17
2025-11-16 15:59:48.603,1375,33036.22
2025-11-16 15:59:48.603,1376,53576.4
2025-11-16 15:59:48.603,1377,29146.33
2025-11-16 15:59:48.603,1378,28699.64
2025-11-16 15:59:48.603,1379,32058.32
2025-11-16 15:59:48.603,1380,28553.0
2025-11-16 15:59:48.603,1381,28553.0
2025-11-16 15:59:48.603,1382,29108.72
2025-11-16 15:59:48.603,1383,39644.14
2025-11-16 15:59:48.603,1384,115905.77
2025-11-16 15:59:48.603,1385,94900.64
2025-11-16 15:59:48.603,1386,259348.69
2025-11-16 15:59:48.603,1387,30835.0
2025-11-16 15:59:48.603,1388,45984.59
2025-11-16 15:59:48.603,1389,138820.45
2025-11-16 15:59:48.603,1390,74678.3
2025-11-16 15:59:48.603,1391,74678.3
2025-11-16 15:59:48.603,1392,29146.33
2025-11-16 15:59:48.603,1393,29071.17
2025-11-16 15:59:48.603,1394,28407.46
2025-11-16 15:59:48.603,1395,28263.01
2025-11-16 15:59:48.603,1396,27626.15
2025-11-16 15:59:48.603,1397,27941.91
2025-11-16 15:59:48.603,1398,27695.87
2025-11-16 15:59:48.603,1399,27626.15
2025-11-16 15:59:48.603,1400,28119.63
2025-11-16 15:59:48.603,1401,27418.54
2025-11-16 15:59:48.603,1402,28227.06
2025-11-16 15:59:48.603,1403,27941.91
2025-11-16 15:59:48.603,1404,27800.93
2025-11-16 15:59:48.603,1405,27906.57
2025-11-16 15:59:48.603,1406,29526.5
2025-11-16 15:59:48.603,1407,27906.57
2025-11-16 15:59:48.603,1408,30389.34
2025-11-16 15:59:48.603,1409,28958.97
2025-11-16 15:59:48.603,1410,32320.6
2025-11-16 15:59:48.603,1411,34935.51
2025-11-16 15:59:48.603,1412,34060.55
2025-11-16 15:59:48.603,1413,36105.25
2025-11-16 15:59:48.603,1414,29297.52
2025-11-16 15:59:48.603,1415,31543.36
2025-11-16 15:59:48.603,1416,29680.64
2025-11-16 15:59:48.603,1417,31040.83
2025-11-16 15:59:48.603,1418,34060.55
2025-11-16 15:59:48.603,1419,31040.83
2025-11-16 15:59:48.603,1420,29953.28
2025-11-16 15:59:48.603,1421,32855.06
2025-11-16 15:59:48.603,1422,29526.5
2025-11-16 15:59:48.603,1423,32320.6
2025-11-16 15:59:48.603,1424,54994.24
2025-11-16 15:59:48.603,1425,29603.42
2025-11-16 15:59:48.603,1426,29603.42
2025-11-16 15:59:48.603,1427,32145.38
2025-11-16 15:59:48.603,1428,30229.68
2025-11-16 15:59:48.603,1429,30389.34
2025-11-16 15:59:48.603,1430,32320.6
2025-11-16 15:59:48.603,1431,39887.21
2025-11-16 15:59:48.603,1432,113996.21
2025-11-16 15:59:48.603,1433,97664.48
2025-11-16 15:59:48.603,1434,276308.56
2025-11-16 15:59:48.603,1435,30753.24
2025-11-16 15:59:48.603,1436,45754.95
2025-11-16 15:59:48.603,1437,144441.03
2025-11-16 15:59:48.603,1438,76106.58
2025-11-16 15:59:48.603,1439,76106.58
2025-11-16 15:59:48.603,1440,35335.6
2025-11-16 15:59:48.603,1441,34252.03
2025-11-16 15:59:48.603,1442,34060.55
2025-11-16 15:59:48.603,1443,33310.84
2025-11-16 15:59:48.603,1444,33588.98
2025-11-16 15:59:48.603,1445,33776.39
2025-11-16 15:59:48.603,1446,34156.08
2025-11-16 15:59:48.603,1447,34060.55
2025-11-16 15:59:48.603,1448,33823.5
2025-11-16 15:59:48.603,1449,33682.49
2025-11-16 15:59:48.603,1450,34156.08
2025-11-16 15:59:48.603,1451,34396.74
2025-11-16 15:59:48.603,1452,34060.55
2025-11-16 15:59:48.603,1453,34108.26
2025-11-16 15:59:48.603,1454,35640.36
2025-11-16 15:59:48.603,1455,33776.39
2025-11-16 15:59:48.603,1456,34836.58
2025-11-16 15:59:48.603,1457,33776.39
2025-11-16 15:59:48.603,1458,38463.37
2025-11-16 15:59:48.603,1459,40883.72
2025-11-16 15:59:48.603,1460,39343.6
2025-11-16 15:59:48.603,1461,41920.75
2025-11-16 15:59:48.603,1462,34935.51
2025-11-16 15:59:48.603,1463,34542.39
2025-11-16 15:59:48.603,1464,34935.51
2025-11-16 15:59:48.603,1465,36686.43
2025-11-16 15:59:48.603,1466,39283.93
2025-11-16 15:59:48.603,1467,35742.86
2025-11-16 15:59:48.603,1468,31971.61
2025-11-16 15:59:48.603,1469,37227.6
2025-11-16 15:59:48.603,1470,32276.66
2025-11-16 15:59:48.603,1471,38176.89
2025-11-16 15:59:48.603,1472,56046.25
2025-11-16 15:59:48.603,1473,31756.39
2025-11-16 15:59:48.603,1474,26742.69
2025-11-16 15:59:48.603,1475,36001.13
2025-11-16 15:59:48.603,1476,31458.76
2025-11-16 15:59:48.603,1477,30999.5
2025-11-16 15:59:48.603,1478,26219.28
2025-11-16 15:59:48.603,1479,43557.83
2025-11-16 15:59:48.603,1480,125954.73
2025-11-16 15:59:48.603,1481,111058.42
2025-11-16 15:59:48.603,1482,280371.47
2025-11-16 15:59:48.603,1483,35034.87
2025-11-16 15:59:48.603,1484,49065.75
2025-11-16 15:59:48.603,1485,162702.02
2025-11-16 15:59:48.603,1486,83177.96
2025-11-16 15:59:48.603,1487,83177.96
2025-11-16 15:59:48.603,1488,26090.74
2025-11-16 15:59:48.603,1489,25741.9
2025-11-16 15:59:48.603,1490,25033.8
2025-11-16 15:59:48.603,1491,24675.34
2025-11-16 15:59:48.603,1492,24557.47
2025-11-16 15:59:48.603,1493,25033.8
2025-11-16 15:59:48.603,1494,24823.81
2025-11-16 15:59:48.603,1495,25003.64
2025-11-16 15:59:48.603,1496,25094.26
2025-11-16 15:59:48.603,1497,24764.27
2025-11-16 15:59:48.603,1498,24913.49
2025-11-16 15:59:48.603,1499,25033.8
2025-11-16 15:59:48.603,1500,25094.26
2025-11-16 15:59:48.603,1501,25064.0
2025-11-16 15:59:48.603,1502,26187.06
2025-11-16 15:59:48.603,1503,25033.8
2025-11-16 15:59:48.603,1504,25963.11
2025-11-16 15:59:48.603,1505,24382.16
2025-11-16 15:59:48.603,1506,28699.64
2025-11-16 15:59:48.603,1507,30958.25
2025-11-16 15:59:48.603,1508,30229.68
2025-11-16 15:59:48.603,1509,31885.26
2025-11-16 15:59:48.603,1510,26154.89
2025-11-16 15:59:48.603,1511,26413.8
2025-11-16 15:59:48.603,1512,26154.89
2025-11-16 15:59:48.603,1513,27349.84
2025-11-16 15:59:48.603,1514,30071.27
2025-11-16 15:59:48.603,1515,26809.18
2025-11-16 15:59:48.603,1516,24794.01
2025-11-16 15:59:48.603,1517,28407.46
2025-11-16 15:59:48.603,1518,24266.27
2025-11-16 15:59:48.603,1519,28553.0
2025-11-16 15:59:48.603,1520,44561.25
2025-11-16 15:59:48.603,1521,24266.27
2025-11-16 15:59:48.603,1522,24266.27
2025-11-16 15:59:48.603,1523,27349.84
2025-11-16 15:59:48.603,1524,24324.12
2025-11-16 15:59:48.603,1525,24616.31
2025-11-16 15:59:48.603,1526,25185.35
2025-11-16 15:59:48.603,1527,34396.74
2025-11-16 15:59:48.603,1528,101482.63
2025-11-16 15:59:48.603,1529,86707.14
2025-11-16 15:59:48.603,1530,230816.17
2025-11-16 15:59:48.603,1531,26479.11
2025-11-16 15:59:48.603,1532,37781.43
2025-11-16 15:59:48.603,1533,126864.97
2025-11-16 15:59:48.603,1534,61860.94
2025-11-16 15:59:48.603,1535,61860.94
2025-11-16 15:59:48.603,1536,24973.54
2025-11-16 15:59:48.603,1537,24973.54
2025-11-16 15:59:48.603,1538,24973.54
2025-11-16 15:59:48.603,1539,24973.54
2025-11-16 15:59:48.603,1540,24973.54
2025-11-16 15:59:48.603,1541,24973.54
2025-11-16 15:59:48.603,1542,24973.54
2025-11-16 15:59:48.603,1543,24973.54
2025-11-16 15:59:48.603,1544,24973.54
2025-11-16 15:59:48.603,1545,24973.54
2025-11-16 15:59:48.603,1546,24973.54
2025-11-16 15:59:48.603,1547,24973.54
2025-11-16 15:59:48.603,1548,24973.54
2025-11-16 15:59:48.603,1549,24973.54
2025-11-16 15:59:48.603,1550,24973.54
2025-11-16 15:59:48.603,1551,24973.54
2025-11-16 15:59:48.603,1552,24973.54
2025-11-16 15:59:48.603,1553,24973.54
2025-11-16 15:59:48.603,1554,24973.54
2025-11-16 15:59:48.603,1555,24973.54
2025-11-16 15:59:48.603,1556,24973.54
2025-11-16 15:59:48.603,1557,24973.54
2025-11-16 15:59:48.603,1558,24973.54
2025-11-16 15:59:48.603,1559,24973.54
2025-11-16 15:59:48.603,1560,24973.54
2025-11-16 15:59:48.603,1561,24973.54
2025-11-16 15:59:48.603,1562,24973.54
2025-11-16 15:59:48.603,1563,24973.54
2025-11-16 15:59:48.603,1564,24973.54
2025-11-16 15:59:48.603,1565,24973.54
2025-11-16 15:59:48.603,1566,24973.54
2025-11-16 15:59:48.603,1567,24973.54
2025-11-16 15:59:48.603,1568,24973.54
2025-11-16 15:59:48.603,1569,24973.54
2025-11-16 15:59:48.603,1570,24973.54
2025-11-16 15:59:48.603,1571,24973.54
2025-11-16 15:59:48.603,1572,24973.54
2025-11-16 15:59:48.603,1573,24973.54
2025-11-16 15:59:48.603,1574,24973.54
2025-11-16 15:59:48.603,1575,24973.54
2025-11-16 15:59:48.603,1576,24973.54
2025-11-16 15:59:48.603,1577,24973.54
2025-11-16 15:59:48.603,1578,24973.54
2025-11-16 15:59:48.603,1579,24973.54
2025-11-16 15:59:48.603,1580,24973.54
2025-11-16 15:59:48.603,1581,24973.54
2025-11-16 15:59:48.603,1582,24973.54
2025-11-16 15:59:48.603,1583,24973.54
2025-11-16 15:59:48.603,1584,24973.54
2025-11-16 15:59:48.603,1585,24675.34
2025-11-16 15:59:48.603,1586,23951.54
2025-11-16 15:59:48.603,1587,23311.73
2025-11-16 15:59:48.603,1588,23642.52
2025-11-16 15:59:48.603,1589,23698.29
2025-11-16 15:59:48.603,1590,23670.38
2025-11-16 15:59:48.603,1591,23838.52
2025-11-16 15:59:48.603,1592,23894.93
2025-11-16 15:59:48.603,1593,23670.38
2025-11-16 15:59:48.603,1594,23923.21
2025-11-16 15:59:48.603,1595,24036.8
2025-11-16 15:59:48.603,1596,23866.7
2025-11-16 15:59:48.603,1597,23810.38
2025-11-16 15:59:48.603,1598,25033.8
2025-11-16 15:59:48.603,1599,23202.91
2025-11-16 15:59:48.603,1600,24382.16
2025-11-16 15:59:48.603,1601,23366.42
2025-11-16 15:59:48.603,1602,27695.87
2025-11-16 15:59:48.603,1603,29603.42
2025-11-16 15:59:48.603,1604,28958.97
2025-11-16 15:59:48.603,1605,30999.5
2025-11-16 15:59:48.603,1606,25154.93
2025-11-16 15:59:48.603,1607,25276.9
2025-11-16 15:59:48.603,1608,25461.45
2025-11-16 15:59:48.603,1609,26676.44
2025-11-16 15:59:48.603,1610,28884.52
2025-11-16 15:59:48.603,1611,26058.75
2025-11-16 15:59:48.603,1612,24382.16
2025-11-16 15:59:48.603,1613,27349.84
2025-11-16 15:59:48.603,1614,23810.38
2025-11-16 15:59:48.603,1615,27660.98
2025-11-16 15:59:48.603,1616,44634.36
2025-11-16 15:59:48.603,1617,24586.87
2025-11-16 15:59:48.603,1618,24266.27
2025-11-16 15:59:48.603,1619,27213.2
2025-11-16 15:59:48.603,1620,24498.84
2025-11-16 15:59:48.603,1621,24675.34
2025-11-16 15:59:48.603,1622,26413.8
2025-11-16 15:59:48.603,1623,34252.03
2025-11-16 15:59:48.603,1624,102094.18
2025-11-16 15:59:48.603,1625,84909.8
2025-11-16 15:59:48.603,1626,247485.06
2025-11-16 15:59:48.603,1627,26090.74
2025-11-16 15:59:48.603,1628,37669.63
2025-11-16 15:59:48.603,1629,122862.01
2025-11-16 15:59:48.603,1630,65867.58
2025-11-16 15:59:48.603,1631,65867.58
2025-11-16 15:59:48.603,1632,24498.84
2025-11-16 15:59:48.603,1633,23810.38
2025-11-16 15:59:48.603,1634,23257.23
2025-11-16 15:59:48.603,1635,22987.37
2025-11-16 15:59:48.603,1636,23311.73
2025-11-16 15:59:48.603,1637,23393.82
2025-11-16 15:59:48.603,1638,23586.93
2025-11-16 15:59:48.603,1639,23257.23
2025-11-16 15:59:48.603,1640,23284.46
2025-11-16 15:59:48.603,1641,23148.76
2025-11-16 15:59:48.603,1642,23698.29
2025-11-16 15:59:48.603,1643,23393.82
2025-11-16 15:59:48.603,1644,23202.91
2025-11-16 15:59:48.603,1645,23202.91
2025-11-16 15:59:48.603,1646,24179.86
2025-11-16 15:59:48.603,1647,23257.23
2025-11-16 15:59:48.603,1648,22434.62
2025-11-16 15:59:48.603,1649,21023.29
2025-11-16 15:59:48.603,1650,26643.4
2025-11-16 15:59:48.603,1651,28553.0
2025-11-16 15:59:48.603,1652,27660.98
2025-11-16 15:59:48.603,1653,29221.78
2025-11-16 15:59:48.603,1654,24586.87
2025-11-16 15:59:48.603,1655,24324.12
2025-11-16 15:59:48.603,1656,24151.15
2025-11-16 15:59:48.603,1657,25710.52
2025-11-16 15:59:48.603,1658,26942.87
2025-11-16 15:59:48.603,1659,24557.47
2025-11-16 15:59:48.603,1660,18418.55
2025-11-16 15:59:48.603,1661,25647.93
2025-11-16 15:59:48.603,1662,17272.99
2025-11-16 15:59:48.603,1663,26479.11
2025-11-16 15:59:48.603,1664,38463.37
2025-11-16 15:59:48.603,1665,16875.66
2025-11-16 15:59:48.603,1666,19449.01
2025-11-16 15:59:48.603,1667,24704.93
2025-11-16 15:59:48.603,1668,16681.28
2025-11-16 15:59:48.603,1669,19111.26
2025-11-16 15:59:48.603,1670,22907.26
2025-11-16 15:59:48.603,1671,30229.68
2025-11-16 15:59:48.603,1672,94632.04
2025-11-16 15:59:48.603,1673,79896.98
2025-11-16 15:59:48.603,1674,211280.41
2025-11-16 15:59:48.603,1675,23923.21
2025-11-16 15:59:48.603,1676,34348.4
2025-11-16 15:59:48.603,1677,115134.95
2025-11-16 15:59:48.603,1678,60132.29
2025-11-16 15:59:48.603,1679,60132.29
2025-11-16 15:59:48.603,1680,34836.58
2025-11-16 15:59:48.603,1681,34060.55
2025-11-16 15:59:48.603,1682,33036.22
2025-11-16 15:59:48.603,1683,32145.38
2025-11-16 15:59:48.603,1684,33310.84
2025-11-16 15:59:48.603,1685,33635.68
2025-11-16 15:59:48.603,1686,33403.16
2025-11-16 15:59:48.603,1687,33310.84
2025-11-16 15:59:48.603,1688,33495.87
2025-11-16 15:59:48.603,1689,33173.1
2025-11-16 15:59:48.603,1690,33588.98
2025-11-16 15:59:48.603,1691,33635.68
2025-11-16 15:59:48.603,1692,33036.22
2025-11-16 15:59:48.603,1693,33081.75
2025-11-16 15:59:48.603,1694,34396.74
2025-11-16 15:59:48.603,1695,32320.6
2025-11-16 15:59:48.603,1696,31885.26
2025-11-16 15:59:48.603,1697,29297.52
2025-11-16 15:59:48.603,1698,37009.64
2025-11-16 15:59:48.603,1699,39463.38
2025-11-16 15:59:48.603,1700,38753.28
2025-11-16 15:59:48.603,1701,41397.01
2025-11-16 15:59:48.603,1702,34300.16
2025-11-16 15:59:48.603,1703,33495.87
2025-11-16 15:59:48.603,1704,34640.03
2025-11-16 15:59:48.603,1705,36157.48
2025-11-16 15:59:48.603,1706,38348.37
2025-11-16 15:59:48.603,1707,35742.86
2025-11-16 15:59:48.603,1708,30794.08
2025-11-16 15:59:48.603,1709,36686.43
2025-11-16 15:59:48.603,1710,30031.86
2025-11-16 15:59:48.603,1711,37893.76
2025-11-16 15:59:48.603,1712,50199.01
2025-11-16 15:59:48.603,1713,30309.35
2025-11-16 15:59:48.603,1714,30389.34
2025-11-16 15:59:48.603,1715,36367.62
2025-11-16 15:59:48.603,1716,28443.74
2025-11-16 15:59:48.603,1717,30590.71
2025-11-16 15:59:48.603,1718,33870.7
2025-11-16 15:59:48.603,1719,43840.75
2025-11-16 15:59:48.603,1720,122431.63
2025-11-16 15:59:48.603,1721,112143.66
2025-11-16 15:59:48.603,1722,280371.47
2025-11-16 15:59:48.603,1723,35134.67
2025-11-16 15:59:48.603,1724,47322.41
2025-11-16 15:59:48.603,1725,157058.67
2025-11-16 15:59:48.603,1726,82335.49
2025-11-16 15:59:48.603,1727,82335.49
2025-11-16 15:59:48.603,1728,26709.53
2025-11-16 15:59:48.603,1729,26187.06
2025-11-16 15:59:48.603,1730,25836.37
2025-11-16 15:59:48.603,1731,25585.55
2025-11-16 15:59:48.603,1732,25710.52
2025-11-16 15:59:48.603,1733,26058.75
2025-11-16 15:59:48.603,1734,25773.33
2025-11-16 15:59:48.603,1735,25994.93
2025-11-16 15:59:48.603,1736,26026.81
2025-11-16 15:59:48.603,1737,25647.93
2025-11-16 15:59:48.603,1738,26090.74
2025-11-16 15:59:48.603,1739,25963.11
2025-11-16 15:59:48.603,1740,25836.37
2025-11-16 15:59:48.603,1741,25899.63
2025-11-16 15:59:48.603,1742,26875.9
2025-11-16 15:59:48.603,1743,25963.11
2025-11-16 15:59:48.603,1744,24151.15
2025-11-16 15:59:48.603,1745,22827.54
2025-11-16 15:59:48.603,1746,28443.74
2025-11-16 15:59:48.603,1747,31290.57
2025-11-16 15:59:48.603,1748,30631.22
2025-11-16 15:59:48.603,1749,32408.75
2025-11-16 15:59:48.603,1750,27145.25
2025-11-16 15:59:48.603,1751,26577.51
2025-11-16 15:59:48.603,1752,27043.79
2025-11-16 15:59:48.603,1753,28335.09
2025-11-16 15:59:48.603,1754,30071.27
2025-11-16 15:59:48.603,1755,27626.15
2025-11-16 15:59:48.603,1756,19707.48
2025-11-16 15:59:48.603,1757,28335.09
2025-11-16 15:59:48.603,1758,20579.65
2025-11-16 15:59:48.603,1759,29297.52
2025-11-16 15:59:48.603,1760,41920.75
2025-11-16 15:59:48.603,1761,22203.33
2025-11-16 15:59:48.603,1762,21651.57
2025-11-16 15:59:48.603,1763,27626.15
2025-11-16 15:59:48.603,1764,21406.95
2025-11-16 15:59:48.603,1765,21213.94
2025-11-16 15:59:48.603,1766,25963.11
2025-11-16 15:59:48.603,1767,34300.16
2025-11-16 15:59:48.603,1768,105255.28
2025-11-16 15:59:48.603,1769,90021.7
2025-11-16 15:59:48.603,1770,235144.47
2025-11-16 15:59:48.603,1771,27077.54
2025-11-16 15:59:48.603,1772,37337.34
2025-11-16 15:59:48.603,1773,134100.34
2025-11-16 15:59:48.603,1774,70346.52
2025-11-16 15:59:48.603,1775,70346.52
2025-11-16 15:59:48.603,1776,24557.47
2025-11-16 15:59:48.603,1777,23838.52
2025-11-16 15:59:48.603,1778,23257.23
2025-11-16 15:59:48.603,1779,22512.45
2025-11-16 15:59:48.603,1780,22933.92
2025-11-16 15:59:48.603,1781,23094.79
2025-11-16 15:59:48.603,1782,23014.16
2025-11-16 15:59:48.603,1783,23311.73
2025-11-16 15:59:48.603,1784,22933.92
2025-11-16 15:59:48.603,1785,22933.92
2025-11-16 15:59:48.603,1786,23311.73
2025-11-16 15:59:48.603,1787,23040.99
2025-11-16 15:59:48.603,1788,23040.99
2025-11-16 15:59:48.603,1789,22987.37
2025-11-16 15:59:48.603,1790,24093.88
2025-11-16 15:59:48.603,1791,22933.92
2025-11-16 15:59:48.603,1792,21602.34
2025-11-16 15:59:48.603,1793,20059.23
2025-11-16 15:59:48.603,1794,25741.9
2025-11-16 15:59:48.603,1795,27765.84
2025-11-16 15:59:48.603,1796,27145.25
2025-11-16 15:59:48.603,1797,28810.36
2025-11-16 15:59:48.603,1798,23866.7
2025-11-16 15:59:48.603,1799,22933.92
2025-11-16 15:59:48.603,1800,23810.38
2025-11-16 15:59:48.603,1801,25154.93
2025-11-16 15:59:48.603,1802,26511.85
2025-11-16 15:59:48.603,1803,24586.87
2025-11-16 15:59:48.603,1804,18498.34
2025-11-16 15:59:48.603,1805,25523.39
2025-11-16 15:59:48.603,1806,19174.0
2025-11-16 15:59:48.603,1807,26154.89
2025-11-16 15:59:48.603,1808,38463.37
2025-11-16 15:59:48.603,1809,19363.84
2025-11-16 15:59:48.603,1810,17328.08
2025-11-16 15:59:48.603,1811,24151.15
2025-11-16 15:59:48.603,1812,17795.93
2025-11-16 15:59:48.603,1813,16148.25
2025-11-16 15:59:48.603,1814,22616.81
2025-11-16 15:59:48.603,1815,29680.64
2025-11-16 15:59:48.603,1816,94098.91
2025-11-16 15:59:48.603,1817,79896.98
2025-11-16 15:59:48.603,1818,211280.41
2025-11-16 15:59:48.603,1819,23810.38
2025-11-16 15:59:48.603,1820,33776.39
2025-11-16 15:59:48.603,1821,115519.18
2025-11-16 15:59:48.603,1822,60011.99
2025-11-16 15:59:48.603,1823,60011.99
2025-11-16 15:59:48.603,1824,33127.38
2025-11-16 15:59:48.603,1825,32232.81
2025-11-16 15:59:48.603,1826,30876.0
2025-11-16 15:59:48.603,1827,31458.76
2025-11-16 15:59:48.603,1828,31543.36
2025-11-16 15:59:48.603,1829,31628.31
2025-11-16 15:59:48.603,1830,31670.92
2025-11-16 15:59:48.603,1831,32058.32
2025-11-16 15:59:48.603,1832,31799.26
2025-11-16 15:59:48.603,1833,31543.36
2025-11-16 15:59:48.603,1834,31543.36
2025-11-16 15:59:48.603,1835,31713.61
2025-11-16 15:59:48.603,1836,31585.79
2025-11-16 15:59:48.603,1837,31713.61
2025-11-16 15:59:48.603,1838,33081.75
2025-11-16 15:59:48.603,1839,31885.26
2025-11-16 15:59:48.603,1840,31290.57
2025-11-16 15:59:48.603,1841,28810.36
2025-11-16 15:59:48.603,1842,35742.86
2025-11-16 15:59:48.603,1843,37558.35
2025-11-16 15:59:48.603,1844,37118.37
2025-11-16 15:59:48.603,1845,39463.38
2025-11-16 15:59:48.603,1846,32855.06
2025-11-16 15:59:48.603,1847,33449.47
2025-11-16 15:59:48.603,1848,33127.38
2025-11-16 15:59:48.603,1849,34445.18
2025-11-16 15:59:48.603,1850,36686.43
2025-11-16 15:59:48.603,1851,33495.87
2025-11-16 15:59:48.603,1852,28407.46
2025-11-16 15:59:48.603,1853,34640.03
2025-11-16 15:59:48.603,1854,27349.84
2025-11-16 15:59:48.603,1855,35949.24
2025-11-16 15:59:48.603,1856,49758.04
2025-11-16 15:59:48.603,1857,28516.51
2025-11-16 15:59:48.603,1858,28553.0
2025-11-16 15:59:48.603,1859,34012.93
2025-11-16 15:59:48.603,1860,29071.17
2025-11-16 15:59:48.603,1861,29184.02
2025-11-16 15:59:48.603,1862,32675.42
2025-11-16 15:59:48.603,1863,42053.34
2025-11-16 15:59:48.603,1864,119906.74
2025-11-16 15:59:48.603,1865,104608.9
2025-11-16 15:59:48.603,1866,284551.28
2025-11-16 15:59:48.603,1867,33173.1
2025-11-16 15:59:48.603,1868,43983.32
2025-11-16 15:59:48.603,1869,153062.25
2025-11-16 15:59:48.603,1870,78341.52
2025-11-16 15:59:48.603,1871,78341.52
2025-11-16 15:59:48.603,1872,28191.18
2025-11-16 15:59:48.603,1873,27660.98
2025-11-16 15:59:48.603,1874,27043.79
2025-11-16 15:59:48.603,1875,26643.4
2025-11-16 15:59:48.603,1876,27010.09
2025-11-16 15:59:48.603,1877,27213.2
2025-11-16 15:59:48.603,1878,26909.36
2025-11-16 15:59:48.603,1879,27145.25
2025-11-16 15:59:48.603,1880,27077.54
2025-11-16 15:59:48.603,1881,26842.51
2025-11-16 15:59:48.603,1882,26842.51
2025-11-16 15:59:48.603,1883,27077.54
2025-11-16 15:59:48.603,1884,27077.54
2025-11-16 15:59:48.603,1885,27043.79
2025-11-16 15:59:48.603,1886,28191.18
2025-11-16 15:59:48.603,1887,27077.54
2025-11-16 15:59:48.603,1888,26348.73
2025-11-16 15:59:48.603,1889,24324.12
2025-11-16 15:59:48.603,1890,30794.08
2025-11-16 15:59:48.603,1891,32765.05
2025-11-16 15:59:48.603,1892,32058.32
2025-11-16 15:59:48.603,1893,34204.0
2025-11-16 15:59:48.603,1894,28371.24
2025-11-16 15:59:48.603,1895,27977.33
2025-11-16 15:59:48.603,1896,28553.0
2025-11-16 15:59:48.603,1897,29449.88
2025-11-16 15:59:48.603,1898,31543.36
2025-11-16 15:59:48.603,1899,28847.41
2025-11-16 15:59:48.603,1900,22616.81
2025-11-16 15:59:48.603,1901,30229.68
2025-11-16 15:59:48.603,1902,20671.99
2025-11-16 15:59:48.603,1903,30794.08
2025-11-16 15:59:48.603,1904,44415.61
2025-11-16 15:59:48.603,1905,24036.8
2025-11-16 15:59:48.603,1906,23586.93
2025-11-16 15:59:48.603,1907,29108.72
2025-11-16 15:59:48.603,1908,23866.7
2025-11-16 15:59:48.603,1909,23698.29
2025-11-16 15:59:48.603,1910,26511.85
2025-11-16 15:59:48.603,1911,36053.13
2025-11-16 15:59:48.603,1912,108256.51
2025-11-16 15:59:48.603,1913,93571.2
2025-11-16 15:59:48.603,1914,252439.11
2025-11-16 15:59:48.603,1915,28699.64
2025-11-16 15:59:48.603,1916,40132.67
2025-11-16 15:59:48.603,1917,137745.05
2025-11-16 15:59:48.603,1918,71306.41
2025-11-16 15:59:48.603,1919,71306.41
2025-11-16 15:59:48.603,1920,684112.31
2025-11-16 15:59:48.603,1921,566776.38
2025-11-16 15:59:48.603,1922,543388.5
2025-11-16 15:59:48.603,1923,455329.53
2025-11-16 15:59:48.603,1924,550970.88
2025-11-16 15:59:48.603,1925,528822.38
2025-11-16 15:59:48.603,1926,536008.31
2025-11-16 15:59:48.603,1927,583498.19
2025-11-16 15:59:48.603,1928,566776.38
2025-11-16 15:59:48.603,1929,460679.59
2025-11-16 15:59:48.603,1930,566776.38
2025-11-16 15:59:48.603,1931,550970.88
2025-11-16 15:59:48.603,1932,508356.06
2025-11-16 15:59:48.603,1933,558763.94
2025-11-16 15:59:48.603,1934,601218.31
2025-11-16 15:59:48.603,1935,566776.38
2025-11-16 15:59:48.603,1936,536008.31
2025-11-16 15:59:48.603,1937,455329.53
2025-11-16 15:59:48.603,1938,483368.97
2025-11-16 15:59:48.603,1939,515003.19
2025-11-16 15:59:48.603,1940,495554.03
2025-11-16 15:59:48.603,1941,528822.38
2025-11-16 15:59:48.603,1942,495554.03
2025-11-16 15:59:48.603,1943,439984.91
2025-11-16 15:59:48.603,1944,435092.38
2025-11-16 15:59:48.603,1945,435092.38
2025-11-16 15:59:48.603,1946,495554.03
2025-11-16 15:59:48.603,1947,460679.59
2025-11-16 15:59:48.603,1948,403612.41
2025-11-16 15:59:48.603,1949,450099.75
2025-11-16 15:59:48.603,1950,403612.41
2025-11-16 15:59:48.603,1951,471757.34
2025-11-16 15:59:48.603,1952,460679.59
2025-11-16 15:59:48.603,1953,387544.88
2025-11-16 15:59:48.603,1954,430305.09
2025-11-16 15:59:48.603,1955,425619.72
2025-11-16 15:59:48.603,1956,365654.84
2025-11-16 15:59:48.603,1957,430305.09
2025-11-16 15:59:48.603,1958,430305.09
2025-11-16 15:59:48.603,1959,521823.06
2025-11-16 15:59:48.603,1960,430305.09
2025-11-16 15:59:48.603,1961,430305.09
2025-11-16 15:59:48.603,1962,430305.09
2025-11-16 15:59:48.603,1963,430305.09
2025-11-16 15:59:48.603,1964,365654.84
2025-11-16 15:59:48.603,1965,900097.25
2025-11-16 15:59:48.603,1966,900097.25
2025-11-16 15:59:48.603,1967,900097.25
2025-11-16 15:59:48.603,1968,30958.25
2025-11-16 15:59:48.603,1969,30071.27
2025-11-16 15:59:48.603,1970,29564.92
2025-11-16 15:59:48.603,1971,29146.33
2025-11-16 15:59:48.603,1972,29297.52
2025-11-16 15:59:48.603,1973,29297.52
2025-11-16 15:59:48.603,1974,29449.88
2025-11-16 15:59:48.603,1975,30150.32
2025-11-16 15:59:48.603,1976,29603.42
2025-11-16 15:59:48.603,1977,29449.88
2025-11-16 15:59:48.603,1978,29914.1
2025-11-16 15:59:48.603,1979,29603.42
2025-11-16 15:59:48.603,1980,29603.42
2025-11-16 15:59:48.603,1981,29603.42
2025-11-16 15:59:48.603,1982,30958.25
2025-11-16 15:59:48.603,1983,29914.1
2025-11-16 15:59:48.603,1984,29449.88
2025-11-16 15:59:48.603,1985,27626.15
2025-11-16 15:59:48.603,1986,34012.93
2025-11-16 15:59:48.603,1987,36053.13
2025-11-16 15:59:48.603,1988,35234.91
2025-11-16 15:59:48.603,1989,37118.37
2025-11-16 15:59:48.603,1990,30794.08
2025-11-16 15:59:48.603,1991,30753.24
2025-11-16 15:59:48.603,1992,30794.08
2025-11-16 15:59:48.603,1993,31543.36
2025-11-16 15:59:48.603,1994,34348.4
2025-11-16 15:59:48.603,1995,31543.36
2025-11-16 15:59:48.603,1996,26187.06
2025-11-16 15:59:48.603,1997,32720.19
2025-11-16 15:59:48.603,1998,24208.61
2025-11-16 15:59:48.603,1999,33356.95
2025-11-16 15:59:48.603,2000,46138.74
2025-11-16 15:59:48.603,2001,25647.93
2025-11-16 15:59:48.603,2002,25773.33
2025-11-16 15:59:48.603,2003,31971.61
2025-11-16 15:59:48.603,2004,26809.18
2025-11-16 15:59:48.603,2005,26875.9
2025-11-16 15:59:48.603,2006,30150.32
2025-11-16 15:59:48.603,2007,39403.42
2025-11-16 15:59:48.603,2008,112877.99
2025-11-16 15:59:48.603,2009,94632.04
2025-11-16 15:59:48.603,2010,261133.28
2025-11-16 15:59:48.603,2011,30999.5
2025-11-16 15:59:48.603,2012,41075.0
2025-11-16 15:59:48.603,2013,143283.25
2025-11-16 15:59:48.603,2014,72622.48
2025-11-16 15:59:48.603,2015,72622.48
2025-11-16 15:59:48.603,2016,450099.75
2025-11-16 15:59:48.603,2017,376290.09
2025-11-16 15:59:48.603,2018,379970.25
2025-11-16 15:59:48.603,2019,399475.0
2025-11-16 15:59:48.603,2020,376290.09
2025-11-16 15:59:48.603,2021,435092.38
2025-11-16 15:59:48.603,2022,395419.56
2025-11-16 15:59:48.603,2023,395419.56
2025-11-16 15:59:48.603,2024,387544.88
2025-11-16 15:59:48.603,2025,365654.84
2025-11-16 15:59:48.603,2026,379970.25
2025-11-16 15:59:48.603,2027,439984.91
2025-11-16 15:59:48.603,2028,365654.84
2025-11-16 15:59:48.603,2029,387544.88
2025-11-16 15:59:48.603,2030,395419.56
2025-11-16 15:59:48.603,2031,365654.84
2025-11-16 15:59:48.603,2032,387544.88
2025-11-16 15:59:48.603,2033,379970.25
2025-11-16 15:59:48.603,2034,430305.09
2025-11-16 15:59:48.603,2035,430305.09
2025-11-16 15:59:48.603,2036,425619.72
2025-11-16 15:59:48.603,2037,483368.97
2025-11-16 15:59:48.603,2038,412143.03
2025-11-16 15:59:48.603,2039,403612.41
2025-11-16 15:59:48.603,2040,387544.88
2025-11-16 15:59:48.603,2041,403612.41
2025-11-16 15:59:48.603,2042,395419.56
2025-11-16 15:59:48.603,2043,421032.91
2025-11-16 15:59:48.603,2044,317555.0
2025-11-16 15:59:48.603,2045,403612.41
2025-11-16 15:59:48.603,2046,342978.47
2025-11-16 15:59:48.603,2047,430305.09
2025-11-16 15:59:48.603,2048,280371.47
2025-11-16 15:59:48.603,2049,379970.25
2025-11-16 15:59:48.603,2050,387544.88
2025-11-16 15:59:48.603,2051,403612.41
2025-11-16 15:59:48.603,2052,372678.72
2025-11-16 15:59:48.603,2053,358884.03
2025-11-16 15:59:48.603,2054,379970.25
2025-11-16 15:59:48.603,2055,460679.59
2025-11-16 15:59:48.603,2056,988899.38
2025-11-16 15:59:48.603,2057,900097.25
2025-11-16 15:59:48.603,2058,421032.91
2025-11-16 15:59:48.603,2059,421032.91
2025-11-16 15:59:48.603,2060,223932.14
2025-11-16 15:59:48.603,2061,900097.25
2025-11-16 15:59:48.603,2062,900097.25
2025-11-16 15:59:48.603,2063,900097.25
2025-11-16 15:59:48.603,2064,28191.18
2025-11-16 15:59:48.603,2065,27977.33
2025-11-16 15:59:48.603,2066,27077.54
2025-11-16 15:59:48.603,2067,26219.28
2025-11-16 15:59:48.603,2068,26875.9
2025-11-16 15:59:48.603,2069,26742.69
2025-11-16 15:59:48.603,2070,26942.87
2025-11-16 15:59:48.603,2071,27111.36
2025-11-16 15:59:48.603,2072,27213.2
2025-11-16 15:59:48.603,2073,26809.18
2025-11-16 15:59:48.603,2074,27281.39
2025-11-16 15:59:48.603,2075,26742.69
2025-11-16 15:59:48.603,2076,27111.36
2025-11-16 15:59:48.603,2077,27145.25
2025-11-16 15:59:48.603,2078,27977.33
2025-11-16 15:59:48.603,2079,26909.36
2025-11-16 15:59:48.603,2080,22000.49
2025-11-16 15:59:48.603,2081,20419.37
2025-11-16 15:59:48.603,2082,30958.25
2025-11-16 15:59:48.603,2083,31756.39
2025-11-16 15:59:48.603,2084,32232.81
2025-11-16 15:59:48.603,2085,34493.74
2025-11-16 15:59:48.603,2086,28443.74
2025-11-16 15:59:48.603,2087,27349.84
2025-11-16 15:59:48.603,2088,28191.18
2025-11-16 15:59:48.603,2089,29914.1
2025-11-16 15:59:48.603,2090,32320.6
2025-11-16 15:59:48.603,2091,29297.52
2025-11-16 15:59:48.603,2092,26219.28
2025-11-16 15:59:48.603,2093,30550.28
2025-11-16 15:59:48.603,2094,26479.11
2025-11-16 15:59:48.603,2095,30917.09
2025-11-16 15:59:48.603,2096,48895.18
2025-11-16 15:59:48.603,2097,26875.9
2025-11-16 15:59:48.603,2098,26577.51
2025-11-16 15:59:48.603,2099,30309.35
2025-11-16 15:59:48.603,2100,26381.24
2025-11-16 15:59:48.603,2101,26742.69
2025-11-16 15:59:48.603,2102,29146.33
2025-11-16 15:59:48.603,2103,37118.37
2025-11-16 15:59:48.603,2104,108599.64
2025-11-16 15:59:48.603,2105,89051.75
2025-11-16 15:59:48.603,2106,250766.73
2025-11-16 15:59:48.603,2107,28480.09
2025-11-16 15:59:48.603,2108,40505.41
2025-11-16 15:59:48.603,2109,132592.78
2025-11-16 15:59:48.603,2110,68796.0
2025-11-16 15:59:48.603,2111,68796.0
2025-11-16 15:59:48.603,2112,284551.28
2025-11-16 15:59:48.603,2113,259348.69
2025-11-16 15:59:48.603,2114,266631.75
2025-11-16 15:59:48.603,2115,247485.06
2025-11-16 15:59:48.603,2116,257587.41
2025-11-16 15:59:48.603,2117,268514.44
2025-11-16 15:59:48.603,2118,268514.44
2025-11-16 15:59:48.603,2119,276308.56
2025-11-16 15:59:48.603,2120,268514.44
2025-11-16 15:59:48.603,2121,259348.69
2025-11-16 15:59:48.603,2122,257587.41
2025-11-16 15:59:48.603,2123,264774.34
2025-11-16 15:59:48.603,2124,259348.69
2025-11-16 15:59:48.603,2125,268514.44
2025-11-16 15:59:48.603,2126,276308.56
2025-11-16 15:59:48.603,2127,257587.41
2025-11-16 15:59:48.603,2128,268514.44
2025-11-16 15:59:48.603,2129,250766.73
2025-11-16 15:59:48.603,2130,293282.41
2025-11-16 15:59:48.603,2131,297844.91
2025-11-16 15:59:48.603,2132,293282.41
2025-11-16 15:59:48.603,2133,314954.38
2025-11-16 15:59:48.603,2134,268514.44
2025-11-16 15:59:48.603,2135,252439.11
2025-11-16 15:59:48.603,2136,257587.41
2025-11-16 15:59:48.603,2137,266631.75
2025-11-16 15:59:48.603,2138,278325.69
2025-11-16 15:59:48.603,2139,241163.34
2025-11-16 15:59:48.603,2140,223932.14
2025-11-16 15:59:48.603,2141,247485.06
2025-11-16 15:59:48.603,2142,219987.36
2025-11-16 15:59:48.603,2143,264774.34
2025-11-16 15:59:48.603,2144,176906.95
2025-11-16 15:59:48.603,2145,212483.69
2025-11-16 15:59:48.603,2146,238117.42
2025-11-16 15:59:48.603,2147,270422.94
2025-11-16 15:59:48.603,2148,216173.34
2025-11-16 15:59:48.603,2149,216173.34
2025-11-16 15:59:48.603,2150,241163.34
2025-11-16 15:59:48.603,2151,291051.47
2025-11-16 15:59:48.603,2152,684112.31
2025-11-16 15:59:48.603,2153,672541.69
2025-11-16 15:59:48.603,2154,254133.06
2025-11-16 15:59:48.603,2155,254133.06
2025-11-16 15:59:48.603,2156,115905.77
2025-11-16 15:59:48.603,2157,777567.38
2025-11-16 15:59:48.603,2158,379970.25
2025-11-16 15:59:48.603,2159,379970.25
2025-11-16 15:59:48.603,2160,317555.0
2025-11-16 15:59:48.603,2161,322883.13
2025-11-16 15:59:48.603,2162,278325.69
2025-11-16 15:59:48.603,2163,331208.34
2025-11-16 15:59:48.603,2164,339960.47
2025-11-16 15:59:48.603,2165,339960.47
2025-11-16 15:59:48.603,2166,358884.03
2025-11-16 15:59:48.603,2167,334076.69
2025-11-16 15:59:48.603,2168,295546.66
2025-11-16 15:59:48.603,2169,328387.41
2025-11-16 15:59:48.603,2170,365654.84
2025-11-16 15:59:48.603,2171,346048.91
2025-11-16 15:59:48.603,2172,365654.84
2025-11-16 15:59:48.603,2173,312394.69
2025-11-16 15:59:48.603,2174,346048.91
2025-11-16 15:59:48.603,2175,334076.69
2025-11-16 15:59:48.603,2176,339960.47
2025-11-16 15:59:48.603,2177,339960.47
2025-11-16 15:59:48.603,2178,376290.09
2025-11-16 15:59:48.603,2179,387544.88
2025-11-16 15:59:48.603,2180,391443.63
2025-11-16 15:59:48.603,2181,439984.91
2025-11-16 15:59:48.603,2182,369134.25
2025-11-16 15:59:48.603,2183,358884.03
2025-11-16 15:59:48.603,2184,369134.25
2025-11-16 15:59:48.603,2185,387544.88
2025-11-16 15:59:48.603,2186,425619.72
2025-11-16 15:59:48.603,2187,372678.72
2025-11-16 15:59:48.603,2188,328387.41
2025-11-16 15:59:48.603,2189,369134.25
2025-11-16 15:59:48.603,2190,322883.13
2025-11-16 15:59:48.603,2191,399475.0
2025-11-16 15:59:48.603,2192,228014.55
2025-11-16 15:59:48.603,2193,334076.69
2025-11-16 15:59:48.603,2194,334076.69
2025-11-16 15:59:48.603,2195,379970.25
2025-11-16 15:59:48.603,2196,339960.47
2025-11-16 15:59:48.603,2197,334076.69
2025-11-16 15:59:48.603,2198,383721.19
2025-11-16 15:59:48.603,2199,430305.09
2025-11-16 15:59:48.603,2200,920784.13
2025-11-16 15:59:48.603,2201,965113.19
2025-11-16 15:59:48.603,2202,379970.25
2025-11-16 15:59:48.603,2203,379970.25
2025-11-16 15:59:48.603,2204,144441.03
2025-11-16 15:59:48.603,2205,942433.13
2025-11-16 15:59:48.603,2206,661350.38
2025-11-16 15:59:48.603,2207,661350.38
2025-11-16 15:59:48.603,2208,207747.34
2025-11-16 15:59:48.603,2209,207747.34
2025-11-16 15:59:48.603,2210,207747.34
2025-11-16 15:59:48.603,2211,207747.34
2025-11-16 15:59:48.603,2212,207747.34
2025-11-16 15:59:48.603,2213,207747.34
2025-11-16 15:59:48.603,2214,207747.34
2025-11-16 15:59:48.603,2215,207747.34
2025-11-16 15:59:48.603,2216,207747.34
2025-11-16 15:59:48.603,2217,207747.34
2025-11-16 15:59:48.603,2218,207747.34
2025-11-16 15:59:48.603,2219,207747.34
2025-11-16 15:59:48.603,2220,207747.34
2025-11-16 15:59:48.603,2221,207747.34
2025-11-16 15:59:48.603,2222,207747.34
2025-11-16 15:59:48.603,2223,207747.34
2025-11-16 15:59:48.603,2224,207747.34
2025-11-16 15:59:48.603,2225,207747.34
2025-11-16 15:59:48.603,2226,207747.34
2025-11-16 15:59:48.603,2227,207747.34
2025-11-16 15:59:48.603,2228,207747.34
2025-11-16 15:59:48.603,2229,207747.34
2025-11-16 15:59:48.603,2230,207747.34
2025-11-16 15:59:48.603,2231,207747.34
2025-11-16 15:59:48.603,2232,207747.34
2025-11-16 15:59:48.603,2233,207747.34
2025-11-16 15:59:48.603,2234,207747.34
2025-11-16 15:59:48.603,2235,207747.34
2025-11-16 15:59:48.603,2236,207747.34
2025-11-16 15:59:48.603,2237,207747.34
2025-11-16 15:59:48.603,2238,207747.34
2025-11-16 15:59:48.603,2239,207747.34
2025-11-16 15:59:48.603,2240,207747.34
2025-11-16 15:59:48.603,2241,207747.34
2025-11-16 15:59:48.603,2242,207747.34
2025-11-16 15:59:48.603,2243,207747.34
2025-11-16 15:59:48.603,2244,207747.34
2025-11-16 15:59:48.603,2245,207747.34
2025-11-16 15:59:48.603,2246,207747.34
2025-11-16 15:59:48.603,2247,207747.34
2025-11-16 15:59:48.603,2248,207747.34
2025-11-16 15:59:48.603,2249,207747.34
2025-11-16 15:59:48.603,2250,207747.34
2025-11-16 15:59:48.603,2251,207747.34
2025-11-16 15:59:48.603,2252,207747.34
2025-11-16 15:59:48.603,2253,207747.34
2025-11-16 15:59:48.603,2254,207747.34
2025-11-16 15:59:48.603,2255,207747.34
2025-11-16 15:59:48.603,2256,207747.34
2025-11-16 15:59:48.603,2257,194675.0
2025-11-16 15:59:48.603,2258,206594.58
2025-11-16 15:59:48.603,2259,178630.77
2025-11-16 15:59:48.603,2260,195704.14
2025-11-16 15:59:48.603,2261,208912.44
2025-11-16 15:59:48.603,2262,204325.27
2025-11-16 15:59:48.603,2263,205453.95
2025-11-16 15:59:48.603,2264,204325.27
2025-11-16 15:59:48.603,2265,204325.27
2025-11-16 15:59:48.603,2266,208912.44
2025-11-16 15:59:48.603,2267,178630.77
2025-11-16 15:59:48.603,2268,183998.22
2025-11-16 15:59:48.603,2269,203208.34
2025-11-16 15:59:48.603,2270,196743.69
2025-11-16 15:59:48.603,2271,195704.14
2025-11-16 15:59:48.603,2272,192647.28
2025-11-16 15:59:48.603,2273,178630.77
2025-11-16 15:59:48.603,2274,191648.39
2025-11-16 15:59:48.603,2275,213700.14
2025-11-16 15:59:48.603,2276,212483.69
2025-11-16 15:59:48.603,2277,218701.81
2025-11-16 15:59:48.603,2278,206594.58
2025-11-16 15:59:48.603,2279,187749.41
2025-11-16 15:59:48.603,2280,187749.41
2025-11-16 15:59:48.603,2281,197793.8
2025-11-16 15:59:48.603,2282,212483.69
2025-11-16 15:59:48.603,2283,194675.0
2025-11-16 15:59:48.603,2284,176056.81
2025-11-16 15:59:48.603,2285,195704.14
2025-11-16 15:59:48.603,2286,172732.14
2025-11-16 15:59:48.603,2287,206594.58
2025-11-16 15:59:48.603,2288,109291.9
2025-11-16 15:59:48.603,2289,178630.77
2025-11-16 15:59:48.603,2290,178630.77
2025-11-16 15:59:48.603,2291,195704.14
2025-11-16 15:59:48.603,2292,173552.13
2025-11-16 15:59:48.603,2293,168739.63
2025-11-16 15:59:48.603,2294,178630.77
2025-11-16 15:59:48.603,2295,226638.0
2025-11-16 15:59:48.603,2296,450099.75
2025-11-16 15:59:48.603,2297,460679.59
2025-11-16 15:59:48.603,2298,988899.38
2025-11-16 15:59:48.603,2299,191648.39
2025-11-16 15:59:48.603,2300,56368.51
2025-11-16 15:59:48.603,2301,477494.09
2025-11-16 15:59:48.603,2302,320197.59
2025-11-16 15:59:48.603,2303,320197.59
2025-11-16 15:59:48.984,0,27281.39
2025-11-16 15:59:48.984,1,32855.06
2025-11-16 15:59:48.984,2,34396.74
2025-11-16 15:59:48.984,3,34012.93
2025-11-16 15:59:48.984,4,34060.55
2025-11-16 15:59:48.984,5,34542.39
2025-11-16 15:59:48.984,6,34396.74
2025-11-16 15:59:48.984,7,34985.13
2025-11-16 15:59:48.984,8,34738.09
2025-11-16 15:59:48.984,9,34640.03
2025-11-16 15:59:48.984,10,34689.0
2025-11-16 15:59:48.984,11,34738.09
2025-11-16 15:59:48.984,12,34935.51
2025-11-16 15:59:48.984,13,34591.16
2025-11-16 15:59:48.984,14,36157.48
2025-11-16 15:59:48.984,15,34542.39
2025-11-16 15:59:48.984,16,36632.99
2025-11-16 15:59:48.984,17,37669.63
2025-11-16 15:59:48.984,18,38463.37
2025-11-16 15:59:48.984,19,39644.14
2025-11-16 15:59:48.984,20,41267.73
2025-11-16 15:59:48.984,21,43487.57
2025-11-16 15:59:48.984,22,35335.6
2025-11-16 15:59:48.984,23,39887.21
2025-11-16 15:59:48.984,24,35845.82
2025-11-16 15:59:48.984,25,37009.64
2025-11-16 15:59:48.984,26,40132.67
2025-11-16 15:59:48.984,27,37118.37
2025-11-16 15:59:48.984,28,37009.64
2025-11-16 15:59:48.984,29,38405.8
2025-11-16 15:59:48.984,30,37009.64
2025-11-16 15:59:48.984,31,39165.01
2025-11-16 15:59:48.984,32,65867.58
2025-11-16 15:59:48.984,33,37558.35
2025-11-16 15:59:48.984,34,37337.34
2025-11-16 15:59:48.984,35,39343.6
2025-11-16 15:59:48.984,36,37893.76
2025-11-16 15:59:48.984,37,37950.12
2025-11-16 15:59:48.984,38,41592.18
2025-11-16 15:59:48.984,39,48139.58
2025-11-16 15:59:48.984,40,132592.78
2025-11-16 15:59:48.984,41,110700.96
2025-11-16 15:59:48.984,42,328387.41
2025-11-16 15:59:48.984,43,37392.4
2025-11-16 15:59:48.984,44,46843.01
2025-11-16 15:59:48.984,45,125954.73
2025-11-16 15:59:48.984,46,76471.19
2025-11-16 15:59:48.984,47,76471.19
2025-11-16 15:59:48.984,48,94632.04
2025-11-16 15:59:48.984,49,102712.45
2025-11-16 15:59:48.984,50,95442.0
2025-11-16 15:59:48.984,51,94098.91
2025-11-16 15:59:48.984,52,98522.22
2025-11-16 15:59:48.984,53,105255.28
2025-11-16 15:59:48.984,54,97948.88
2025-11-16 15:59:48.984,55,102094.18
2025-11-16 15:59:48.984,56,106570.16
2025-11-16 15:59:48.984,57,97948.88
2025-11-16 15:59:48.984,58,102712.45
2025-11-16 15:59:48.984,59,101179.34
2025-11-16 15:59:48.984,60,102094.18
2025-11-16 15:59:48.984,61,99687.32
2025-11-16 15:59:48.984,62,103337.61
2025-11-16 15:59:48.984,63,101787.58
2025-11-16 15:59:48.984,64,97948.88
2025-11-16 15:59:48.984,65,103969.71
2025-11-16 15:59:48.984,66,107915.35
2025-11-16 15:59:48.984,67,103969.71
2025-11-16 15:59:48.984,68,109992.31
2025-11-16 15:59:48.984,69,122431.63
2025-11-16 15:59:48.984,70,99687.32
2025-11-16 15:59:48.984,71,110700.96
2025-11-16 15:59:48.984,72,101482.63
2025-11-16 15:59:48.984,73,105255.28
2025-11-16 15:59:48.984,74,109291.9
2025-11-16 15:59:48.984,75,107915.35
2025-11-16 15:59:48.984,76,106570.16
2025-11-16 15:59:48.984,77,106570.16
2025-11-16 15:59:48.984,78,104608.9
2025-11-16 15:59:48.984,79,115134.95
2025-11-16 15:59:48.984,80,167191.02
2025-11-16 15:59:48.984,81,109992.31
2025-11-16 15:59:48.984,82,109641.09
2025-11-16 15:59:48.984,83,112143.66
2025-11-16 15:59:48.984,84,103969.71
2025-11-16 15:59:48.984,85,109291.9
2025-11-16 15:59:48.984,86,119906.74
2025-11-16 15:59:48.984,87,133091.78
2025-11-16 15:59:48.984,88,314954.38
2025-11-16 15:59:48.984,89,259348.69
2025-11-16 15:59:48.984,90,762705.19
2025-11-16 15:59:48.984,91,107238.9
2025-11-16 15:59:48.984,92,89051.75
2025-11-16 15:59:48.984,93,182175.47
2025-11-16 15:59:48.984,94,170315.53
2025-11-16 15:59:48.984,95,170315.53
2025-11-16 15:59:48.984,96,73296.59
2025-11-16 15:59:48.984,97,75565.37
2025-11-16 15:59:48.984,98,77396.36
2025-11-16 15:59:48.984,99,76471.19
2025-11-16 15:59:48.984,100,77583.78
2025-11-16 15:59:48.984,101,76838.91
2025-11-16 15:59:48.984,102,75925.42
2025-11-16 15:59:48.984,103,76654.66
2025-11-16 15:59:48.984,104,79112.48
2025-11-16 15:59:48.984,105,75745.02
2025-11-16 15:59:48.984,106,76654.66
2025-11-16 15:59:48.984,107,78341.52
2025-11-16 15:59:48.984,108,76106.58
2025-11-16 15:59:48.984,109,73981.77
2025-11-16 15:59:48.984,110,78725.33
2025-11-16 15:59:48.984,111,74678.3
2025-11-16 15:59:48.984,112,72789.98
2025-11-16 15:59:48.984,113,78725.33
2025-11-16 15:59:48.984,114,81508.11
2025-11-16 15:59:48.984,115,78341.52
2025-11-16 15:59:48.984,116,87631.56
2025-11-16 15:59:48.984,117,91512.71
2025-11-16 15:59:48.984,118,73981.77
2025-11-16 15:59:48.984,119,84035.92
2025-11-16 15:59:48.984,120,76471.19
2025-11-16 15:59:48.984,121,77772.0
2025-11-16 15:59:48.984,122,81919.95
2025-11-16 15:59:48.984,123,81508.11
2025-11-16 15:59:48.984,124,77961.02
2025-11-16 15:59:48.984,125,78341.52
2025-11-16 15:59:48.984,126,78341.52
2025-11-16 15:59:48.984,127,83604.98
2025-11-16 15:59:48.984,128,130148.98
2025-11-16 15:59:48.984,129,79307.3
2025-11-16 15:59:48.984,130,81713.57
2025-11-16 15:59:48.984,131,85352.86
2025-11-16 15:59:48.984,132,79896.98
2025-11-16 15:59:48.984,133,80494.47
2025-11-16 15:59:48.984,134,87631.56
2025-11-16 15:59:48.984,135,98522.22
2025-11-16 15:59:48.984,136,241163.34
2025-11-16 15:59:48.984,137,204325.27
2025-11-16 15:59:48.984,138,601218.31
2025-11-16 15:59:48.984,139,76106.58
2025-11-16 15:59:48.984,140,84035.92
2025-11-16 15:59:48.984,141,196743.69
2025-11-16 15:59:48.984,142,141578.7
2025-11-16 15:59:48.984,143,141578.7
2025-11-16 15:59:48.984,144,45907.83
2025-11-16 15:59:48.984,145,45754.95
2025-11-16 15:59:48.984,146,45226.35
2025-11-16 15:59:48.984,147,45754.95
2025-11-16 15:59:48.984,148,45002.86
2025-11-16 15:59:48.984,149,46061.56
2025-11-16 15:59:48.984,150,45602.89
2025-11-16 15:59:48.984,151,45226.35
2025-11-16 15:59:48.984,152,45151.65
2025-11-16 15:59:48.984,153,45002.86
2025-11-16 15:59:48.984,154,46061.56
2025-11-16 15:59:48.984,155,45301.25
2025-11-16 15:59:48.984,156,45754.95
2025-11-16 15:59:48.984,157,45077.16
2025-11-16 15:59:48.984,158,46061.56
2025-11-16 15:59:48.984,159,45754.95
2025-11-16 15:59:48.984,160,34738.09
2025-11-16 15:59:48.984,161,44707.67
2025-11-16 15:59:48.984,162,47161.71
2025-11-16 15:59:48.984,163,42253.52
2025-11-16 15:59:48.984,164,52409.35
2025-11-16 15:59:48.984,165,55097.93
2025-11-16 15:59:48.984,166,43911.94
2025-11-16 15:59:48.984,167,51284.3
2025-11-16 15:59:48.984,168,45002.86
2025-11-16 15:59:48.984,169,46922.36
2025-11-16 15:59:48.984,170,48473.0
2025-11-16 15:59:48.984,171,47322.41
2025-11-16 15:59:48.984,172,47161.71
2025-11-16 15:59:48.984,173,47001.92
2025-11-16 15:59:48.984,174,47001.92
2025-11-16 15:59:48.984,175,50918.22
2025-11-16 15:59:48.984,176,81508.11
2025-11-16 15:59:48.984,177,46922.36
2025-11-16 15:59:48.984,178,48222.58
2025-11-16 15:59:48.984,179,50466.71
2025-11-16 15:59:48.984,180,49151.41
2025-11-16 15:59:48.984,181,48139.58
2025-11-16 15:59:48.984,182,52890.38
2025-11-16 15:59:48.984,183,61608.8
2025-11-16 15:59:48.984,184,161255.75
2025-11-16 15:59:48.984,185,133594.3
2025-11-16 15:59:48.984,186,403612.41
2025-11-16 15:59:48.984,187,48305.81
2025-11-16 15:59:48.984,188,55727.09
2025-11-16 15:59:48.984,189,145616.44
2025-11-16 15:59:48.984,190,89534.38
2025-11-16 15:59:48.984,191,89534.38
2025-11-16 15:59:48.984,192,27010.09
2025-11-16 15:59:48.984,193,26809.18
2025-11-16 15:59:48.984,194,26283.89
2025-11-16 15:59:48.984,195,26809.18
2025-11-16 15:59:48.984,196,26154.89
2025-11-16 15:59:48.984,197,26219.28
2025-11-16 15:59:48.984,198,26122.79
2025-11-16 15:59:48.984,199,26577.51
2025-11-16 15:59:48.984,200,26219.28
2025-11-16 15:59:48.984,201,26154.89
2025-11-16 15:59:48.984,202,26219.28
2025-11-16 15:59:48.984,203,26544.65
2025-11-16 15:59:48.984,204,26577.51
2025-11-16 15:59:48.984,205,26283.89
2025-11-16 15:59:48.984,206,27010.09
2025-11-16 15:59:48.984,207,26154.89
2025-11-16 15:59:48.984,208,21310.15
2025-11-16 15:59:48.984,209,26842.51
2025-11-16 15:59:48.984,210,27010.09
2025-11-16 15:59:48.984,211,20260.76
2025-11-16 15:59:48.984,212,30794.08
2025-11-16 15:59:48.984,213,32189.05
2025-11-16 15:59:48.984,214,22000.49
2025-11-16 15:59:48.984,215,30031.86
2025-11-16 15:59:48.984,216,26090.74
2025-11-16 15:59:48.984,217,27695.87
2025-11-16 15:59:48.984,218,29221.78
2025-11-16 15:59:48.984,219,27906.57
2025-11-16 15:59:48.984,220,27977.33
2025-11-16 15:59:48.984,221,27111.36
2025-11-16 15:59:48.984,222,28263.01
2025-11-16 15:59:48.984,223,30631.22
2025-11-16 15:59:48.984,224,52793.59
2025-11-16 15:59:48.984,225,28553.0
2025-11-16 15:59:48.984,226,28699.64
2025-11-16 15:59:48.984,227,30071.27
2025-11-16 15:59:48.984,228,28958.97
2025-11-16 15:59:48.984,229,29071.17
2025-11-16 15:59:48.984,230,32058.32
2025-11-16 15:59:48.984,231,37669.63
2025-11-16 15:59:48.984,232,108944.77
2025-11-16 15:59:48.984,233,85800.06
2025-11-16 15:59:48.984,234,264774.34
2025-11-16 15:59:48.984,235,28263.01
2025-11-16 15:59:48.984,236,38811.68
2025-11-16 15:59:48.984,237,110700.96
2025-11-16 15:59:48.984,238,64077.9
2025-11-16 15:59:48.984,239,64077.9
2025-11-16 15:59:48.984,240,21310.15
2025-11-16 15:59:48.984,241,20975.98
2025-11-16 15:59:48.984,242,20741.61
2025-11-16 15:59:48.984,243,20928.83
2025-11-16 15:59:48.984,244,20556.65
2025-11-16 15:59:48.984,245,20788.21
2025-11-16 15:59:48.984,246,20648.86
2025-11-16 15:59:48.984,247,20741.61
2025-11-16 15:59:48.984,248,20464.99
2025-11-16 15:59:48.984,249,20148.47
2025-11-16 15:59:48.984,250,20648.86
2025-11-16 15:59:48.984,251,20464.99
2025-11-16 15:59:48.984,252,20648.86
2025-11-16 15:59:48.984,253,20579.65
2025-11-16 15:59:48.984,254,21213.94
2025-11-16 15:59:48.984,255,20602.68
2025-11-16 15:59:48.984,256,21676.24
2025-11-16 15:59:48.984,257,22933.92
2025-11-16 15:59:48.984,258,22669.24
2025-11-16 15:59:48.984,259,23014.16
2025-11-16 15:59:48.984,260,25276.9
2025-11-16 15:59:48.984,261,27077.54
2025-11-16 15:59:48.984,262,20648.86
2025-11-16 15:59:48.984,263,24675.34
2025-11-16 15:59:48.984,264,21577.78
2025-11-16 15:59:48.984,265,22616.81
2025-11-16 15:59:48.984,266,24794.01
2025-11-16 15:59:48.984,267,22564.54
2025-11-16 15:59:48.984,268,22616.81
2025-11-16 15:59:48.984,269,22827.54
2025-11-16 15:59:48.984,270,22460.52
2025-11-16 15:59:48.984,271,23670.38
2025-11-16 15:59:48.984,272,43983.32
2025-11-16 15:59:48.984,273,22880.64
2025-11-16 15:59:48.984,274,22774.6
2025-11-16 15:59:48.984,275,23923.21
2025-11-16 15:59:48.984,276,23148.76
2025-11-16 15:59:48.984,277,23366.42
2025-11-16 15:59:48.984,278,26026.81
2025-11-16 15:59:48.984,279,30631.22
2025-11-16 15:59:48.984,280,89534.38
2025-11-16 15:59:48.984,281,71306.41
2025-11-16 15:59:48.984,282,229407.17
2025-11-16 15:59:48.984,283,22512.45
2025-11-16 15:59:48.984,284,33588.98
2025-11-16 15:59:48.984,285,100279.32
2025-11-16 15:59:48.984,286,53182.58
2025-11-16 15:59:48.984,287,53182.58
2025-11-16 15:59:48.984,288,17309.7
2025-11-16 15:59:48.984,289,17127.16
2025-11-16 15:59:48.984,290,16165.12
2025-11-16 15:59:48.984,291,16698.84
2025-11-16 15:59:48.984,292,16081.01
2025-11-16 15:59:48.984,293,16182.0
2025-11-16 15:59:48.984,294,16081.01
2025-11-16 15:59:48.984,295,16114.59
2025-11-16 15:59:48.984,296,16047.52
2025-11-16 15:59:48.984,297,16114.59
2025-11-16 15:59:48.984,298,16097.79
2025-11-16 15:59:48.984,299,16081.01
2025-11-16 15:59:48.984,300,16165.12
2025-11-16 15:59:48.984,301,16081.01
2025-11-16 15:59:48.984,302,17163.47
2025-11-16 15:59:48.984,303,16131.41
2025-11-16 15:59:48.984,304,18679.5
2025-11-16 15:59:48.984,305,18458.39
2025-11-16 15:59:48.984,306,19534.67
2025-11-16 15:59:48.984,307,21118.33
2025-11-16 15:59:48.984,308,20811.56
2025-11-16 15:59:48.984,309,22357.16
2025-11-16 15:59:48.984,310,17199.88
2025-11-16 15:59:48.984,311,19534.67
2025-11-16 15:59:48.984,312,17127.16
2025-11-16 15:59:48.984,313,18181.84
2025-11-16 15:59:48.984,314,20419.37
2025-11-16 15:59:48.984,315,18064.95
2025-11-16 15:59:48.984,316,18339.21
2025-11-16 15:59:48.984,317,18822.0
2025-11-16 15:59:48.984,318,18142.77
2025-11-16 15:59:48.984,319,19194.97
2025-11-16 15:59:48.984,320,36901.41
2025-11-16 15:59:48.984,321,18221.02
2025-11-16 15:59:48.984,322,18339.21
2025-11-16 15:59:48.984,323,19090.4
2025-11-16 15:59:48.984,324,18618.86
2025-11-16 15:59:48.984,325,18781.14
2025-11-16 15:59:48.984,326,20834.94
2025-11-16 15:59:48.984,327,24853.65
2025-11-16 15:59:48.984,328,76838.91
2025-11-16 15:59:48.984,329,61109.78
2025-11-16 15:59:48.984,330,188709.95
2025-11-16 15:59:48.984,331,17834.04
2025-11-16 15:59:48.984,332,28480.09
2025-11-16 15:59:48.984,333,87167.16
2025-11-16 15:59:48.984,334,45451.66
2025-11-16 15:59:48.984,335,45451.66
2025-11-16 15:59:48.984,336,15034.71
2025-11-16 15:59:48.984,337,15127.77
2025-11-16 15:59:48.984,338,14126.04
2025-11-16 15:59:48.984,339,14534.84
2025-11-16 15:59:48.984,340,13954.95
2025-11-16 15:59:48.984,341,14126.04
2025-11-16 15:59:48.984,342,14040.19
2025-11-16 15:59:48.984,343,14068.74
2025-11-16 15:59:48.984,344,14068.74
2025-11-16 15:59:48.984,345,13969.12
2025-11-16 15:59:48.984,346,14126.04
2025-11-16 15:59:48.984,347,14040.19
2025-11-16 15:59:48.984,348,14068.74
2025-11-16 15:59:48.984,349,14083.04
2025-11-16 15:59:48.984,350,14957.67
2025-11-16 15:59:48.984,351,14097.35
2025-11-16 15:59:48.984,352,16352.05
2025-11-16 15:59:48.984,353,16249.76
2025-11-16 15:59:48.984,354,17072.88
2025-11-16 15:59:48.984,355,18862.97
2025-11-16 15:59:48.984,356,18378.83
2025-11-16 15:59:48.984,357,19882.33
2025-11-16 15:59:48.984,358,15143.35
2025-11-16 15:59:48.984,359,17834.04
2025-11-16 15:59:48.984,360,15081.15
2025-11-16 15:59:48.984,361,16114.59
2025-11-16 15:59:48.984,362,18221.02
2025-11-16 15:59:48.984,363,15603.64
2025-11-16 15:59:48.984,364,16114.59
2025-11-16 15:59:48.984,365,16911.3
2025-11-16 15:59:48.984,366,16182.0
2025-11-16 15:59:48.984,367,17054.83
2025-11-16 15:59:48.984,368,34060.55
2025-11-16 15:59:48.984,369,16148.25
2025-11-16 15:59:48.984,370,16249.76
2025-11-16 15:59:48.984,371,16982.88
2025-11-16 15:59:48.984,372,16628.76
2025-11-16 15:59:48.984,373,16734.02
2025-11-16 15:59:48.984,374,18699.77
2025-11-16 15:59:48.984,375,22512.45
2025-11-16 15:59:48.984,376,72123.99
2025-11-16 15:59:48.984,377,56046.25
2025-11-16 15:59:48.984,378,176056.81
2025-11-16 15:59:48.984,379,15571.36
2025-11-16 15:59:48.984,380,26187.06
2025-11-16 15:59:48.984,381,80294.42
2025-11-16 15:59:48.984,382,42320.58
2025-11-16 15:59:48.984,383,42320.58
2025-11-16 15:59:48.984,384,14564.57
2025-11-16 15:59:48.984,385,14534.84
2025-11-16 15:59:48.984,386,13702.81
2025-11-16 15:59:48.984,387,13969.12
2025-11-16 15:59:48.984,388,13469.47
2025-11-16 15:59:48.984,389,13647.49
2025-11-16 15:59:48.984,390,13442.32
2025-11-16 15:59:48.984,391,13496.68
2025-11-16 15:59:48.984,392,13442.32
2025-11-16 15:59:48.984,393,13455.89
2025-11-16 15:59:48.984,394,13592.43
2025-11-16 15:59:48.984,395,13619.93
2025-11-16 15:59:48.984,396,13592.43
2025-11-16 15:59:48.984,397,13606.17
2025-11-16 15:59:48.984,398,14226.96
2025-11-16 15:59:48.984,399,13592.43
2025-11-16 15:59:48.984,400,16047.52
2025-11-16 15:59:48.984,401,15848.37
2025-11-16 15:59:48.984,402,17000.83
2025-11-16 15:59:48.984,403,18162.29
2025-11-16 15:59:48.984,404,18045.56
2025-11-16 15:59:48.984,405,19470.38
2025-11-16 15:59:48.984,406,14850.61
2025-11-16 15:59:48.984,407,17272.99
2025-11-16 15:59:48.984,408,14926.99
2025-11-16 15:59:48.984,409,15587.49
2025-11-16 15:59:48.984,410,17795.93
2025-11-16 15:59:48.984,411,15749.92
2025-11-16 15:59:48.984,412,15815.47
2025-11-16 15:59:48.984,413,16628.76
2025-11-16 15:59:48.984,414,15684.7
2025-11-16 15:59:48.984,415,16420.69
2025-11-16 15:59:48.984,416,33403.16
2025-11-16 15:59:48.984,417,15555.25
2025-11-16 15:59:48.984,418,15684.7
2025-11-16 15:59:48.984,419,16249.76
2025-11-16 15:59:48.984,420,16030.81
2025-11-16 15:59:48.984,421,16014.12
2025-11-16 15:59:48.984,422,18103.81
2025-11-16 15:59:48.984,423,21900.02
2025-11-16 15:59:48.984,424,71306.41
2025-11-16 15:59:48.984,425,54582.74
2025-11-16 15:59:48.984,426,175214.38
2025-11-16 15:59:48.984,427,15237.23
2025-11-16 15:59:48.984,428,25585.55
2025-11-16 15:59:48.984,429,79112.48
2025-11-16 15:59:48.984,430,41592.18
2025-11-16 15:59:48.984,431,41592.18
2025-11-16 15:59:48.984,432,14270.47
2025-11-16 15:59:48.984,433,14154.79
2025-11-16 15:59:48.984,434,13483.07
2025-11-16 15:59:48.984,435,13730.56
2025-11-16 15:59:48.984,436,13187.46
2025-11-16 15:59:48.984,437,13320.91
2025-11-16 15:59:48.984,438,13174.2
2025-11-16 15:59:48.984,439,13240.66
2025-11-16 15:59:48.984,440,13187.46
2025-11-16 15:59:48.984,441,13187.46
2025-11-16 15:59:48.984,442,13214.03
2025-11-16 15:59:48.984,443,12834.64
2025-11-16 15:59:48.984,444,13214.03
2025-11-16 15:59:48.984,445,13160.96
2025-11-16 15:59:48.984,446,14040.19
2025-11-16 15:59:48.984,447,13187.46
2025-11-16 15:59:48.984,448,15427.09
2025-11-16 15:59:48.984,449,15363.49
2025-11-16 15:59:48.984,450,16386.33
2025-11-16 15:59:48.984,451,18026.2
2025-11-16 15:59:48.984,452,17328.08
2025-11-16 15:59:48.984,453,18862.97
2025-11-16 15:59:48.984,454,14328.73
2025-11-16 15:59:48.984,455,16875.66
2025-11-16 15:59:48.984,456,14505.19
2025-11-16 15:59:48.984,457,15237.23
2025-11-16 15:59:48.984,458,16947.04
2025-11-16 15:59:48.984,459,15112.21
2025-11-16 15:59:48.984,460,15268.68
2025-11-16 15:59:48.984,461,16047.52
2025-11-16 15:59:48.984,462,15300.2
2025-11-16 15:59:48.984,463,16047.52
2025-11-16 15:59:48.984,464,32232.81
2025-11-16 15:59:48.984,465,15284.43
2025-11-16 15:59:48.984,466,15315.99
2025-11-16 15:59:48.984,467,15914.42
2025-11-16 15:59:48.984,468,15237.23
2025-11-16 15:59:48.984,469,15619.82
2025-11-16 15:59:48.984,470,17494.69
2025-11-16 15:59:48.984,471,21213.94
2025-11-16 15:59:48.984,472,68192.39
2025-11-16 15:59:48.984,473,52504.97
2025-11-16 15:59:48.984,474,175214.38
2025-11-16 15:59:48.984,475,14416.64
2025-11-16 15:59:48.984,476,24853.65
2025-11-16 15:59:48.984,477,77209.76
2025-11-16 15:59:48.984,478,40132.67
2025-11-16 15:59:48.984,479,40132.67
2025-11-16 15:59:48.984,480,13983.3
2025-11-16 15:59:48.984,481,13842.23
2025-11-16 15:59:48.984,482,13068.66
2025-11-16 15:59:48.984,483,13428.77
2025-11-16 15:59:48.984,484,12938.06
2025-11-16 15:59:48.984,485,13029.33
2025-11-16 15:59:48.984,486,12977.09
2025-11-16 15:59:48.984,487,13003.18
2025-11-16 15:59:48.984,488,12964.06
2025-11-16 15:59:48.984,489,12951.06
2025-11-16 15:59:48.984,490,13029.33
2025-11-16 15:59:48.984,491,12990.12
2025-11-16 15:59:48.984,492,13029.33
2025-11-16 15:59:48.984,493,13016.24
2025-11-16 15:59:48.984,494,13898.46
2025-11-16 15:59:48.984,495,13042.42
2025-11-16 15:59:48.984,496,15491.01
2025-11-16 15:59:48.984,497,15284.43
2025-11-16 15:59:48.984,498,16352.05
2025-11-16 15:59:48.984,499,17757.91
2025-11-16 15:59:48.984,500,17181.67
2025-11-16 15:59:48.984,501,18699.77
2025-11-16 15:59:48.984,502,14183.61
2025-11-16 15:59:48.984,503,16317.87
2025-11-16 15:59:48.984,504,14299.57
2025-11-16 15:59:48.984,505,14926.99
2025-11-16 15:59:48.984,506,17127.16
2025-11-16 15:59:48.984,507,15050.17
2025-11-16 15:59:48.984,508,15143.35
2025-11-16 15:59:48.984,509,15914.42
2025-11-16 15:59:48.984,510,15019.26
2025-11-16 15:59:48.984,511,15897.87
2025-11-16 15:59:48.984,512,32276.66
2025-11-16 15:59:48.984,513,15112.21
2025-11-16 15:59:48.984,514,15096.68
2025-11-16 15:59:48.984,515,15799.05
2025-11-16 15:59:48.984,516,15523.09
2025-11-16 15:59:48.984,517,15619.82
2025-11-16 15:59:48.984,518,17494.69
2025-11-16 15:59:48.984,519,21213.94
2025-11-16 15:59:48.984,520,68493.05
2025-11-16 15:59:48.984,521,52793.59
2025-11-16 15:59:48.984,522,175214.38
2025-11-16 15:59:48.984,523,14759.57
2025-11-16 15:59:48.984,524,24794.01
2025-11-16 15:59:48.984,525,77023.94
2025-11-16 15:59:48.984,526,40132.67
2025-11-16 15:59:48.984,527,40132.67
2025-11-16 15:59:48.984,528,14068.74
2025-11-16 15:59:48.984,529,14054.46
2025-11-16 15:59:48.984,530,13187.46
2025-11-16 15:59:48.984,531,13510.31
2025-11-16 15:59:48.984,532,13029.33
2025-11-16 15:59:48.984,533,13108.13
2025-11-16 15:59:48.984,534,12990.12
2025-11-16 15:59:48.984,535,13081.8
2025-11-16 15:59:48.984,536,13016.24
2025-11-16 15:59:48.984,537,12977.09
2025-11-16 15:59:48.984,538,12873.32
2025-11-16 15:59:48.984,539,13029.33
2025-11-16 15:59:48.984,540,13055.53
2025-11-16 15:59:48.984,541,13003.18
2025-11-16 15:59:48.984,542,13983.3
2025-11-16 15:59:48.984,543,13160.96
2025-11-16 15:59:48.984,544,15555.25
2025-11-16 15:59:48.984,545,15363.49
2025-11-16 15:59:48.984,546,16386.33
2025-11-16 15:59:48.984,547,17853.14
2025-11-16 15:59:48.984,548,17328.08
2025-11-16 15:59:48.984,549,18781.14
2025-11-16 15:59:48.984,550,14212.49
2025-11-16 15:59:48.984,551,16857.87
2025-11-16 15:59:48.984,552,14357.96
2025-11-16 15:59:48.984,553,15003.83
2025-11-16 15:59:48.984,554,17272.99
2025-11-16 15:59:48.984,555,15237.23
2025-11-16 15:59:48.984,556,15127.77
2025-11-16 15:59:48.984,557,16014.12
2025-11-16 15:59:48.984,558,15174.57
2025-11-16 15:59:48.984,559,16014.12
2025-11-16 15:59:48.984,560,32675.42
2025-11-16 15:59:48.984,561,15143.35
2025-11-16 15:59:48.984,562,15268.68
2025-11-16 15:59:48.984,563,15848.37
2025-11-16 15:59:48.984,564,15523.09
2025-11-16 15:59:48.984,565,15603.64
2025-11-16 15:59:48.984,566,17720.0
2025-11-16 15:59:48.984,567,21261.97
2025-11-16 15:59:48.984,568,68493.05
2025-11-16 15:59:48.984,569,52987.48
2025-11-16 15:59:48.984,570,173552.13
2025-11-16 15:59:48.984,571,14744.46
2025-11-16 15:59:48.984,572,24883.55
2025-11-16 15:59:48.984,573,81919.95
2025-11-16 15:59:48.984,574,40568.07
2025-11-16 15:59:48.984,575,40568.07
2025-11-16 15:59:48.984,576,14054.46
2025-11-16 15:59:48.984,577,13983.3
2025-11-16 15:59:48.984,578,13200.74
2025-11-16 15:59:48.984,579,13578.7
2025-11-16 15:59:48.984,580,13108.13
2025-11-16 15:59:48.984,581,12847.52
2025-11-16 15:59:48.984,582,12977.09
2025-11-16 15:59:48.984,583,13029.33
2025-11-16 15:59:48.984,584,13029.33
2025-11-16 15:59:48.984,585,13029.33
2025-11-16 15:59:48.984,586,13016.24
2025-11-16 15:59:48.984,587,13081.8
2025-11-16 15:59:48.984,588,13081.8
2025-11-16 15:59:48.984,589,13042.42
2025-11-16 15:59:48.984,590,14083.04
2025-11-16 15:59:48.984,591,13055.53
2025-11-16 15:59:48.984,592,15411.16
2025-11-16 15:59:48.984,593,15143.35
2025-11-16 15:59:48.984,594,16283.77
2025-11-16 15:59:48.984,595,17757.91
2025-11-16 15:59:48.984,596,17236.39
2025-11-16 15:59:48.984,597,18699.77
2025-11-16 15:59:48.984,598,13926.67
2025-11-16 15:59:48.984,599,16663.75
2025-11-16 15:59:48.984,600,14270.47
2025-11-16 15:59:48.984,601,15112.21
2025-11-16 15:59:48.984,602,17054.83
2025-11-16 15:59:48.984,603,15019.26
2025-11-16 15:59:48.984,604,15019.26
2025-11-16 15:59:48.984,605,15831.91
2025-11-16 15:59:48.984,606,14926.99
2025-11-16 15:59:48.984,607,15491.01
2025-11-16 15:59:48.984,608,32014.92
2025-11-16 15:59:48.984,609,15019.26
2025-11-16 15:59:48.984,610,15096.68
2025-11-16 15:59:48.984,611,15684.7
2025-11-16 15:59:48.984,612,15331.81
2025-11-16 15:59:48.984,613,15555.25
2025-11-16 15:59:48.984,614,17494.69
2025-11-16 15:59:48.984,615,21118.33
2025-11-16 15:59:48.984,616,69101.3
2025-11-16 15:59:48.984,617,52987.48
2025-11-16 15:59:48.984,618,169524.13
2025-11-16 15:59:48.984,619,14579.46
2025-11-16 15:59:48.984,620,24208.61
2025-11-16 15:59:48.984,621,76838.91
2025-11-16 15:59:48.984,622,38578.92
2025-11-16 15:59:48.984,623,38578.92
2025-11-16 15:59:48.984,624,13983.3
2025-11-16 15:59:48.984,625,13954.95
2025-11-16 15:59:48.984,626,13081.8
2025-11-16 15:59:48.984,627,13483.07
2025-11-16 15:59:48.984,628,12951.06
2025-11-16 15:59:48.984,629,13081.8
2025-11-16 15:59:48.984,630,12951.06
2025-11-16 15:59:48.984,631,12977.09
2025-11-16 15:59:48.984,632,12886.24
2025-11-16 15:59:48.984,633,12964.06
2025-11-16 15:59:48.984,634,13029.33
2025-11-16 15:59:48.984,635,12990.12
2025-11-16 15:59:48.984,636,13003.18
2025-11-16 15:59:48.984,637,12977.09
2025-11-16 15:59:48.984,638,13912.56
2025-11-16 15:59:48.984,639,12951.06
2025-11-16 15:59:48.984,640,15363.49
2025-11-16 15:59:48.984,641,15174.57
2025-11-16 15:59:48.984,642,16232.79
2025-11-16 15:59:48.984,643,17795.93
2025-11-16 15:59:48.984,644,17218.13
2025-11-16 15:59:48.984,645,18740.4
2025-11-16 15:59:48.984,646,14183.61
2025-11-16 15:59:48.984,647,16698.84
2025-11-16 15:59:48.984,648,14387.27
2025-11-16 15:59:48.984,649,15174.57
2025-11-16 15:59:48.984,650,17054.83
2025-11-16 15:59:48.984,651,15112.21
2025-11-16 15:59:48.984,652,15050.17
2025-11-16 15:59:48.984,653,15897.87
2025-11-16 15:59:48.984,654,15096.68
2025-11-16 15:59:48.984,655,15782.65
2025-11-16 15:59:48.984,656,32101.8
2025-11-16 15:59:48.984,657,15112.21
2025-11-16 15:59:48.984,658,15143.35
2025-11-16 15:59:48.984,659,15815.47
2025-11-16 15:59:48.984,660,15491.01
2025-11-16 15:59:48.984,661,15587.49
2025-11-16 15:59:48.984,662,17531.99
2025-11-16 15:59:48.984,663,21213.94
2025-11-16 15:59:48.984,664,69101.3
2025-11-16 15:59:48.984,665,52987.48
2025-11-16 15:59:48.984,666,176906.95
2025-11-16 15:59:48.984,667,14684.21
2025-11-16 15:59:48.984,668,24675.34
2025-11-16 15:59:48.984,669,77583.78
2025-11-16 15:59:48.984,670,40194.41
2025-11-16 15:59:48.984,671,40194.41
2025-11-16 15:59:48.984,672,13926.67
2025-11-16 15:59:48.984,673,13898.46
2025-11-16 15:59:48.984,674,13081.8
2025-11-16 15:59:48.984,675,13428.77
2025-11-16 15:59:48.984,676,13029.33
2025-11-16 15:59:48.984,677,13187.46
2025-11-16 15:59:48.984,678,13055.53
2025-11-16 15:59:48.984,679,13108.13
2025-11-16 15:59:48.984,680,13081.8
2025-11-16 15:59:48.984,681,13055.53
2025-11-16 15:59:48.984,682,13187.46
2025-11-16 15:59:48.984,683,13081.8
2025-11-16 15:59:48.984,684,13081.8
2025-11-16 15:59:48.984,685,13055.53
2025-11-16 15:59:48.984,686,14040.19
2025-11-16 15:59:48.984,687,13214.03
2025-11-16 15:59:48.984,688,15523.09
2025-11-16 15:59:48.984,689,15315.99
2025-11-16 15:59:48.984,690,16403.5
2025-11-16 15:59:48.984,691,18026.2
2025-11-16 15:59:48.984,692,17438.93
2025-11-16 15:59:48.984,693,19069.58
2025-11-16 15:59:48.984,694,14314.14
2025-11-16 15:59:48.984,695,16893.47
2025-11-16 15:59:48.984,696,14534.84
2025-11-16 15:59:48.984,697,15268.68
2025-11-16 15:59:48.984,698,17309.7
2025-11-16 15:59:48.984,699,15112.21
2025-11-16 15:59:48.984,700,15237.23
2025-11-16 15:59:48.984,701,16114.59
2025-11-16 15:59:48.984,702,15331.81
2025-11-16 15:59:48.984,703,15947.57
2025-11-16 15:59:48.984,704,32855.06
2025-11-16 15:59:48.984,705,15411.16
2025-11-16 15:59:48.984,706,15347.64
2025-11-16 15:59:48.984,707,15848.37
2025-11-16 15:59:48.984,708,15603.64
2025-11-16 15:59:48.984,709,15881.35
2025-11-16 15:59:48.984,710,17853.14
2025-11-16 15:59:48.984,711,21406.95
2025-11-16 15:59:48.984,712,70031.56
2025-11-16 15:59:48.984,713,53084.88
2025-11-16 15:59:48.984,714,173552.13
2025-11-16 15:59:48.984,715,14805.01
2025-11-16 15:59:48.984,716,24794.01
2025-11-16 15:59:48.984,717,78725.33
2025-11-16 15:59:48.984,718,40883.72
2025-11-16 15:59:48.984,719,40883.72
2025-11-16 15:59:48.984,720,13983.3
2025-11-16 15:59:48.984,721,14040.19
2025-11-16 15:59:48.984,722,13214.03
2025-11-16 15:59:48.984,723,13633.7
2025-11-16 15:59:48.984,724,13121.31
2025-11-16 15:59:48.984,725,13200.74
2025-11-16 15:59:48.984,726,12977.09
2025-11-16 15:59:48.984,727,13055.53
2025-11-16 15:59:48.984,728,13108.13
2025-11-16 15:59:48.984,729,13134.51
2025-11-16 15:59:48.984,730,13187.46
2025-11-16 15:59:48.984,731,13160.96
2025-11-16 15:59:48.984,732,13068.66
2025-11-16 15:59:48.984,733,13174.2
2025-11-16 15:59:48.984,734,14097.35
2025-11-16 15:59:48.984,735,13214.03
2025-11-16 15:59:48.984,736,15347.64
2025-11-16 15:59:48.984,737,15347.64
2025-11-16 15:59:48.984,738,16352.05
2025-11-16 15:59:48.984,739,17949.02
2025-11-16 15:59:48.984,740,17364.93
2025-11-16 15:59:48.984,741,18822.0
2025-11-16 15:59:48.984,742,14314.14
2025-11-16 15:59:48.984,743,16769.29
2025-11-16 15:59:48.984,744,14534.84
2025-11-16 15:59:48.984,745,15268.68
2025-11-16 15:59:48.984,746,17272.99
2025-11-16 15:59:48.984,747,15174.57
2025-11-16 15:59:48.984,748,15268.68
2025-11-16 15:59:48.984,749,16114.59
2025-11-16 15:59:48.984,750,15174.57
2025-11-16 15:59:48.984,751,16014.12
2025-11-16 15:59:48.984,752,32276.66
2025-11-16 15:59:48.984,753,15268.68
2025-11-16 15:59:48.984,754,15300.2
2025-11-16 15:59:48.984,755,15914.42
2025-11-16 15:59:48.984,756,15587.49
2025-11-16 15:59:48.984,757,15749.92
2025-11-16 15:59:48.984,758,17569.39
2025-11-16 15:59:48.984,759,21261.97
2025-11-16 15:59:48.984,760,68644.23
2025-11-16 15:59:48.984,761,52409.35
2025-11-16 15:59:48.984,762,175214.38
2025-11-16 15:59:48.984,763,14865.85
2025-11-16 15:59:48.984,764,24853.65
2025-11-16 15:59:48.984,765,77583.78
2025-11-16 15:59:48.984,766,39644.14
2025-11-16 15:59:48.984,767,39644.14
2025-11-16 15:59:48.984,768,14183.61
2025-11-16 15:59:48.984,769,14241.45
2025-11-16 15:59:48.984,770,13320.91
2025-11-16 15:59:48.984,771,13702.81
2025-11-16 15:59:48.984,772,13214.03
2025-11-16 15:59:48.984,773,13334.34
2025-11-16 15:59:48.984,774,13214.03
2025-11-16 15:59:48.984,775,13214.03
2025-11-16 15:59:48.984,776,13267.35
2025-11-16 15:59:48.984,777,13240.66
2025-11-16 15:59:48.984,778,13320.91
2025-11-16 15:59:48.984,779,13187.46
2025-11-16 15:59:48.984,780,13267.35
2025-11-16 15:59:48.984,781,13187.46
2025-11-16 15:59:48.984,782,14169.19
2025-11-16 15:59:48.984,783,13214.03
2025-11-16 15:59:48.984,784,15587.49
2025-11-16 15:59:48.984,785,15363.49
2025-11-16 15:59:48.984,786,16455.14
2025-11-16 15:59:48.984,787,18006.87
2025-11-16 15:59:48.984,788,17531.99
2025-11-16 15:59:48.984,789,19048.79
2025-11-16 15:59:48.984,790,14372.61
2025-11-16 15:59:48.984,791,16982.88
2025-11-16 15:59:48.984,792,14594.37
2025-11-16 15:59:48.984,793,15523.09
2025-11-16 15:59:48.984,794,17457.49
2025-11-16 15:59:48.984,795,15363.49
2025-11-16 15:59:48.984,796,15331.81
2025-11-16 15:59:48.984,797,16215.84
2025-11-16 15:59:48.984,798,15300.2
2025-11-16 15:59:48.984,799,16131.41
2025-11-16 15:59:48.984,800,32630.74
2025-11-16 15:59:48.984,801,15363.49
2025-11-16 15:59:48.984,802,15539.16
2025-11-16 15:59:48.984,803,16047.52
2025-11-16 15:59:48.984,804,15684.7
2025-11-16 15:59:48.984,805,15848.37
2025-11-16 15:59:48.984,806,17853.14
2025-11-16 15:59:48.984,807,21334.29
2025-11-16 15:59:48.984,808,70663.95
2025-11-16 15:59:48.984,809,53378.87
2025-11-16 15:59:48.984,810,175214.38
2025-11-16 15:59:48.984,811,15034.71
2025-11-16 15:59:48.984,812,25215.81
2025-11-16 15:59:48.984,813,79112.48
2025-11-16 15:59:48.984,814,40883.72
2025-11-16 15:59:48.984,815,40883.72
2025-11-16 15:59:48.984,816,14212.49
2025-11-16 15:59:48.984,817,14212.49
2025-11-16 15:59:48.984,818,13227.34
2025-11-16 15:59:48.984,819,13675.12
2025-11-16 15:59:48.984,820,13108.13
2025-11-16 15:59:48.984,821,13042.42
2025-11-16 15:59:48.984,822,13214.03
2025-11-16 15:59:48.984,823,13254.0
2025-11-16 15:59:48.984,824,13267.35
2025-11-16 15:59:48.984,825,13187.46
2025-11-16 15:59:48.984,826,13320.91
2025-11-16 15:59:48.984,827,13280.71
2025-11-16 15:59:48.984,828,13294.1
2025-11-16 15:59:48.984,829,13214.03
2025-11-16 15:59:48.984,830,14183.61
2025-11-16 15:59:48.984,831,13254.0
2025-11-16 15:59:48.984,832,15749.92
2025-11-16 15:59:48.984,833,15523.09
2025-11-16 15:59:48.984,834,16628.76
2025-11-16 15:59:48.984,835,18103.81
2025-11-16 15:59:48.984,836,17457.49
2025-11-16 15:59:48.984,837,18986.58
2025-11-16 15:59:48.984,838,14270.47
2025-11-16 15:59:48.984,839,16982.88
2025-11-16 15:59:48.984,840,14744.46
2025-11-16 15:59:48.984,841,15395.25
2025-11-16 15:59:48.984,842,17494.69
2025-11-16 15:59:48.984,843,15347.64
2025-11-16 15:59:48.984,844,15411.16
2025-11-16 15:59:48.984,845,16369.18
2025-11-16 15:59:48.984,846,15379.36
2025-11-16 15:59:48.984,847,16182.0
2025-11-16 15:59:48.984,848,33036.22
2025-11-16 15:59:48.984,849,15523.09
2025-11-16 15:59:48.984,850,15395.25
2025-11-16 15:59:48.984,851,16081.01
2025-11-16 15:59:48.984,852,15914.42
2025-11-16 15:59:48.984,853,16030.81
2025-11-16 15:59:48.984,854,18103.81
2025-11-16 15:59:48.984,855,21602.34
2025-11-16 15:59:48.984,856,70663.95
2025-11-16 15:59:48.984,857,54277.52
2025-11-16 15:59:48.984,858,175214.38
2025-11-16 15:59:48.984,859,15081.15
2025-11-16 15:59:48.984,860,25585.55
2025-11-16 15:59:48.984,861,79699.56
2025-11-16 15:59:48.984,862,42186.62
2025-11-16 15:59:48.984,863,42186.62
2025-11-16 15:59:48.984,864,14387.27
2025-11-16 15:59:48.984,865,14357.96
2025-11-16 15:59:48.984,866,13347.78
2025-11-16 15:59:48.984,867,13800.23
2025-11-16 15:59:48.984,868,13240.66
2025-11-16 15:59:48.984,869,13280.71
2025-11-16 15:59:48.984,870,13294.1
2025-11-16 15:59:48.984,871,13320.91
2025-11-16 15:59:48.984,872,13320.91
2025-11-16 15:59:48.984,873,13227.34
2025-11-16 15:59:48.984,874,13320.91
2025-11-16 15:59:48.984,875,13294.1
2025-11-16 15:59:48.984,876,13267.35
2025-11-16 15:59:48.984,877,13267.35
2025-11-16 15:59:48.984,878,14314.14
2025-11-16 15:59:48.984,879,13294.1
2025-11-16 15:59:48.984,880,15799.05
2025-11-16 15:59:48.984,881,15363.49
2025-11-16 15:59:48.984,882,16681.28
2025-11-16 15:59:48.984,883,18084.37
2025-11-16 15:59:48.984,884,17494.69
2025-11-16 15:59:48.984,885,19028.03
2025-11-16 15:59:48.984,886,14416.64
2025-11-16 15:59:48.984,887,16857.87
2025-11-16 15:59:48.984,888,14669.19
2025-11-16 15:59:48.984,889,15300.2
2025-11-16 15:59:48.984,890,17309.7
2025-11-16 15:59:48.984,891,15315.99
2025-11-16 15:59:48.984,892,15363.49
2025-11-16 15:59:48.984,893,16148.25
2025-11-16 15:59:48.984,894,15331.81
2025-11-16 15:59:48.984,895,16182.0
2025-11-16 15:59:48.984,896,32675.42
2025-11-16 15:59:48.984,897,15427.09
2025-11-16 15:59:48.984,898,15363.49
2025-11-16 15:59:48.984,899,16014.12
2025-11-16 15:59:48.984,900,15684.7
2025-11-16 15:59:48.984,901,15881.35
2025-11-16 15:59:48.984,902,17853.14
2025-11-16 15:59:48.984,903,21455.57
2025-11-16 15:59:48.984,904,70983.91
2025-11-16 15:59:48.984,905,53378.87
2025-11-16 15:59:48.984,906,173552.13
2025-11-16 15:59:48.984,907,15034.71
2025-11-16 15:59:48.984,908,25124.57
2025-11-16 15:59:48.984,909,79503.01
2025-11-16 15:59:48.984,910,40380.55
2025-11-16 15:59:48.984,911,40380.55
2025-11-16 15:59:48.984,912,14865.85
2025-11-16 15:59:48.984,913,14850.61
2025-11-16 15:59:48.984,914,13842.23
2025-11-16 15:59:48.984,915,14241.45
2025-11-16 15:59:48.984,916,13702.81
2025-11-16 15:59:48.984,917,13828.22
2025-11-16 15:59:48.984,918,13856.26
2025-11-16 15:59:48.984,919,13730.56
2025-11-16 15:59:48.984,920,13814.22
2025-11-16 15:59:48.984,921,13647.49
2025-11-16 15:59:48.984,922,13758.38
2025-11-16 15:59:48.984,923,13730.56
2025-11-16 15:59:48.984,924,13842.23
2025-11-16 15:59:48.984,925,13688.95
2025-11-16 15:59:48.984,926,14759.57
2025-11-16 15:59:48.984,927,13856.26
2025-11-16 15:59:48.984,928,16215.84
2025-11-16 15:59:48.984,929,15848.37
2025-11-16 15:59:48.984,930,17163.47
2025-11-16 15:59:48.984,931,18538.4
2025-11-16 15:59:48.984,932,18064.95
2025-11-16 15:59:48.984,933,19664.09
2025-11-16 15:59:48.984,934,14774.7
2025-11-16 15:59:48.984,935,17309.7
2025-11-16 15:59:48.984,936,15050.17
2025-11-16 15:59:48.984,937,15848.37
2025-11-16 15:59:48.984,938,17872.27
2025-11-16 15:59:48.984,939,15523.09
2025-11-16 15:59:48.984,940,16081.01
2025-11-16 15:59:48.984,941,16875.66
2025-11-16 15:59:48.984,942,16014.12
2025-11-16 15:59:48.984,943,16769.29
2025-11-16 15:59:48.984,944,33403.16
2025-11-16 15:59:48.984,945,15947.57
2025-11-16 15:59:48.984,946,15930.98
2025-11-16 15:59:48.984,947,16593.85
2025-11-16 15:59:48.984,948,16165.12
2025-11-16 15:59:48.984,949,16593.85
2025-11-16 15:59:48.984,950,18478.35
2025-11-16 15:59:48.984,951,22126.97
2025-11-16 15:59:48.984,952,73296.59
2025-11-16 15:59:48.984,953,54890.87
2025-11-16 15:59:48.984,954,175214.38
2025-11-16 15:59:48.984,955,15587.49
2025-11-16 15:59:48.984,956,26090.74
2025-11-16 15:59:48.984,957,81919.95
2025-11-16 15:59:48.984,958,41657.55
2025-11-16 15:59:48.984,959,41657.55
2025-11-16 15:59:48.984,960,19449.01
2025-11-16 15:59:48.984,961,19406.36
2025-11-16 15:59:48.984,962,18398.68
2025-11-16 15:59:48.984,963,18781.14
2025-11-16 15:59:48.984,964,18221.02
2025-11-16 15:59:48.984,965,18418.55
2025-11-16 15:59:48.984,966,18181.84
2025-11-16 15:59:48.984,967,18260.31
2025-11-16 15:59:48.984,968,18378.83
2025-11-16 15:59:48.984,969,18162.29
2025-11-16 15:59:48.984,970,18359.01
2025-11-16 15:59:48.984,971,18181.84
2025-11-16 15:59:48.984,972,18378.83
2025-11-16 15:59:48.984,973,18142.77
2025-11-16 15:59:48.984,974,19342.63
2025-11-16 15:59:48.984,975,18339.21
2025-11-16 15:59:48.984,976,21118.33
2025-11-16 15:59:48.984,977,20741.61
2025-11-16 15:59:48.984,978,21213.94
2025-11-16 15:59:48.984,979,23586.93
2025-11-16 15:59:48.984,980,22203.33
2025-11-16 15:59:48.984,981,23894.93
2025-11-16 15:59:48.984,982,19406.36
2025-11-16 15:59:48.984,983,21925.08
2025-11-16 15:59:48.984,984,19028.03
2025-11-16 15:59:48.984,985,20238.23
2025-11-16 15:59:48.984,986,21725.7
2025-11-16 15:59:48.984,987,18578.57
2025-11-16 15:59:48.984,988,20741.61
2025-11-16 15:59:48.984,989,21334.29
2025-11-16 15:59:48.984,990,20648.86
2025-11-16 15:59:48.984,991,22000.49
2025-11-16 15:59:48.984,992,41788.82
2025-11-16 15:59:48.984,993,20648.86
2025-11-16 15:59:48.984,994,20788.21
2025-11-16 15:59:48.984,995,20788.21
2025-11-16 15:59:48.984,996,20975.98
2025-11-16 15:59:48.984,997,21261.97
2025-11-16 15:59:48.984,998,23642.52
2025-11-16 15:59:48.984,999,27906.57
2025-11-16 15:59:48.984,1000,87167.16
2025-11-16 15:59:48.984,1001,68493.05
2025-11-16 15:59:48.984,1002,216173.34
2025-11-16 15:59:48.984,1003,20103.78
2025-11-16 15:59:48.984,1004,32675.42
2025-11-16 15:59:48.984,1005,99687.32
2025-11-16 15:59:48.984,1006,52409.35
2025-11-16 15:59:48.984,1007,52409.35
2025-11-16 15:59:48.984,1008,38695.02
2025-11-16 15:59:48.984,1009,38405.8
2025-11-16 15:59:48.984,1010,37009.64
2025-11-16 15:59:48.984,1011,37447.59
2025-11-16 15:59:48.984,1012,36579.68
2025-11-16 15:59:48.984,1013,36579.68
2025-11-16 15:59:48.984,1014,36686.43
2025-11-16 15:59:48.984,1015,36579.68
2025-11-16 15:59:48.984,1016,36157.48
2025-11-16 15:59:48.984,1017,35845.82
2025-11-16 15:59:48.984,1018,36053.13
2025-11-16 15:59:48.984,1019,36473.41
2025-11-16 15:59:48.984,1020,36157.48
2025-11-16 15:59:48.984,1021,35794.29
2025-11-16 15:59:48.984,1022,37669.63
2025-11-16 15:59:48.984,1023,36473.41
2025-11-16 15:59:48.984,1024,40132.67
2025-11-16 15:59:48.984,1025,39403.42
2025-11-16 15:59:48.984,1026,36901.41
2025-11-16 15:59:48.984,1027,42863.36
2025-11-16 15:59:48.984,1028,36473.41
2025-11-16 15:59:48.984,1029,39343.6
2025-11-16 15:59:48.984,1030,37781.43
2025-11-16 15:59:48.984,1031,37118.37
2025-11-16 15:59:48.984,1032,36314.91
2025-11-16 15:59:48.984,1033,38521.08
2025-11-16 15:59:48.984,1034,40009.64
2025-11-16 15:59:48.984,1035,37009.64
2025-11-16 15:59:48.984,1036,38348.37
2025-11-16 15:59:48.984,1037,39826.22
2025-11-16 15:59:48.984,1038,38348.37
2025-11-16 15:59:48.984,1039,40568.07
2025-11-16 15:59:48.984,1040,68493.05
2025-11-16 15:59:48.984,1041,38695.02
2025-11-16 15:59:48.984,1042,37837.53
2025-11-16 15:59:48.984,1043,37725.46
2025-11-16 15:59:48.984,1044,38811.68
2025-11-16 15:59:48.984,1045,38578.92
2025-11-16 15:59:48.984,1046,41854.7
2025-11-16 15:59:48.984,1047,45301.25
2025-11-16 15:59:48.984,1048,130631.02
2025-11-16 15:59:48.984,1049,112877.99
2025-11-16 15:59:48.984,1050,264774.34
2025-11-16 15:59:48.984,1051,37781.43
2025-11-16 15:59:48.984,1052,56693.92
2025-11-16 15:59:48.984,1053,166426.73
2025-11-16 15:59:48.984,1054,87167.16
2025-11-16 15:59:48.984,1055,87167.16
2025-11-16 15:59:48.984,1056,48641.14
2025-11-16 15:59:48.984,1057,48139.58
2025-11-16 15:59:48.984,1058,46606.3
2025-11-16 15:59:48.984,1059,46922.36
2025-11-16 15:59:48.984,1060,46138.74
2025-11-16 15:59:48.984,1061,46527.84
2025-11-16 15:59:48.984,1062,46061.56
2025-11-16 15:59:48.984,1063,46216.13
2025-11-16 15:59:48.984,1064,45301.25
2025-11-16 15:59:48.984,1065,45151.65
2025-11-16 15:59:48.984,1066,45301.25
2025-11-16 15:59:48.984,1067,44928.77
2025-11-16 15:59:48.984,1068,45226.35
2025-11-16 15:59:48.984,1069,45301.25
2025-11-16 15:59:48.984,1070,46449.59
2025-11-16 15:59:48.984,1071,45301.25
2025-11-16 15:59:48.984,1072,48810.25
2025-11-16 15:59:48.984,1073,46843.01
2025-11-16 15:59:48.984,1074,38006.61
2025-11-16 15:59:48.984,1075,51561.75
2025-11-16 15:59:48.984,1076,29449.88
2025-11-16 15:59:48.984,1077,30550.28
2025-11-16 15:59:48.984,1078,45907.83
2025-11-16 15:59:48.984,1079,42455.23
2025-11-16 15:59:48.984,1080,34252.03
2025-11-16 15:59:48.984,1081,43983.32
2025-11-16 15:59:48.984,1082,40256.3
2025-11-16 15:59:48.984,1083,40132.67
2025-11-16 15:59:48.984,1084,44781.16
2025-11-16 15:59:48.984,1085,46216.13
2025-11-16 15:59:48.984,1086,46138.74
2025-11-16 15:59:48.984,1087,51468.98
2025-11-16 15:59:48.984,1088,82335.49
2025-11-16 15:59:48.984,1089,46061.56
2025-11-16 15:59:48.984,1090,47081.7
2025-11-16 15:59:48.984,1091,45602.89
2025-11-16 15:59:48.984,1092,47161.71
2025-11-16 15:59:48.984,1093,46843.01
2025-11-16 15:59:48.984,1094,49845.72
2025-11-16 15:59:48.984,1095,53182.58
2025-11-16 15:59:48.984,1096,161255.75
2025-11-16 15:59:48.984,1097,142142.66
2025-11-16 15:59:48.984,1098,395419.56
2025-11-16 15:59:48.984,1099,44561.25
2025-11-16 15:59:48.984,1100,70663.95
2025-11-16 15:59:48.984,1101,206594.58
2025-11-16 15:59:48.984,1102,108599.64
2025-11-16 15:59:48.984,1103,108599.64
2025-11-16 15:59:48.984,1104,59534.86
2025-11-16 15:59:48.984,1105,59181.26
2025-11-16 15:59:48.984,1106,56368.51
2025-11-16 15:59:48.984,1107,56693.92
2025-11-16 15:59:48.984,1108,55939.52
2025-11-16 15:59:48.984,1109,56585.1
2025-11-16 15:59:48.984,1110,56260.74
2025-11-16 15:59:48.984,1111,56693.92
2025-11-16 15:59:48.984,1112,56260.74
2025-11-16 15:59:48.984,1113,56476.62
2025-11-16 15:59:48.984,1114,56693.92
2025-11-16 15:59:48.984,1115,56912.64
2025-11-16 15:59:48.984,1116,56368.51
2025-11-16 15:59:48.984,1117,56260.74
2025-11-16 15:59:48.984,1118,58028.08
2025-11-16 15:59:48.984,1119,56260.74
2025-11-16 15:59:48.984,1120,59534.86
2025-11-16 15:59:48.984,1121,58255.64
2025-11-16 15:59:48.984,1122,52600.88
2025-11-16 15:59:48.984,1123,64347.73
2025-11-16 15:59:48.984,1124,56260.74
2025-11-16 15:59:48.984,1125,57465.76
2025-11-16 15:59:48.984,1126,57802.03
2025-11-16 15:59:48.984,1127,55833.13
2025-11-16 15:59:48.984,1128,51192.37
2025-11-16 15:59:48.984,1129,56693.92
2025-11-16 15:59:48.984,1130,51009.33
2025-11-16 15:59:48.984,1131,52600.88
2025-11-16 15:59:48.984,1132,51654.79
2025-11-16 15:59:48.984,1133,54582.74
2025-11-16 15:59:48.984,1134,54994.24
2025-11-16 15:59:48.984,1135,62370.57
2025-11-16 15:59:48.984,1136,99687.32
2025-11-16 15:59:48.984,1137,56046.25
2025-11-16 15:59:48.984,1138,55621.39
2025-11-16 15:59:48.984,1139,53477.48
2025-11-16 15:59:48.984,1140,56368.51
2025-11-16 15:59:48.984,1141,56693.92
2025-11-16 15:59:48.984,1142,58484.71
2025-11-16 15:59:48.984,1143,67894.05
2025-11-16 15:59:48.984,1144,183998.22
2025-11-16 15:59:48.984,1145,176906.95
2025-11-16 15:59:48.984,1146,399475.0
2025-11-16 15:59:48.984,1147,55621.39
2025-11-16 15:59:48.984,1148,87631.56
2025-11-16 15:59:48.984,1149,250766.73
2025-11-16 15:59:48.984,1150,143283.25
2025-11-16 15:59:48.984,1151,143283.25
2025-11-16 15:59:48.984,1152,125056.52
2025-11-16 15:59:48.984,1153,115134.95
2025-11-16 15:59:48.984,1154,111418.03
2025-11-16 15:59:48.984,1155,112143.66
2025-11-16 15:59:48.984,1156,115519.18
2025-11-16 15:59:48.984,1157,113248.5
2025-11-16 15:59:48.984,1158,112509.73
2025-11-16 15:59:48.984,1159,108944.77
2025-11-16 15:59:48.984,1160,105908.98
2025-11-16 15:59:48.984,1161,108944.77
2025-11-16 15:59:48.984,1162,110700.96
2025-11-16 15:59:48.984,1163,109992.31
2025-11-16 15:59:48.984,1164,110700.96
2025-11-16 15:59:48.984,1165,108599.64
2025-11-16 15:59:48.984,1166,112877.99
2025-11-16 15:59:48.984,1167,106903.57
2025-11-16 15:59:48.984,1168,109641.09
2025-11-16 15:59:48.984,1169,108256.51
2025-11-16 15:59:48.984,1170,113621.23
2025-11-16 15:59:48.984,1171,126864.97
2025-11-16 15:59:48.984,1172,113621.23
2025-11-16 15:59:48.984,1173,123295.2
2025-11-16 15:59:48.984,1174,112877.99
2025-11-16 15:59:48.984,1175,109992.31
2025-11-16 15:59:48.984,1176,106903.57
2025-11-16 15:59:48.984,1177,112143.66
2025-11-16 15:59:48.984,1178,112509.73
2025-11-16 15:59:48.984,1179,109291.9
2025-11-16 15:59:48.984,1180,97948.88
2025-11-16 15:59:48.984,1181,105255.28
2025-11-16 15:59:48.984,1182,99687.32
2025-11-16 15:59:48.984,1183,118680.02
2025-11-16 15:59:48.984,1184,170315.53
2025-11-16 15:59:48.984,1185,97948.88
2025-11-16 15:59:48.984,1186,96820.16
2025-11-16 15:59:48.984,1187,102712.45
2025-11-16 15:59:48.984,1188,95714.8
2025-11-16 15:59:48.984,1189,91010.8
2025-11-16 15:59:48.984,1190,94632.04
2025-11-16 15:59:48.984,1191,114373.48
2025-11-16 15:59:48.984,1192,334076.69
2025-11-16 15:59:48.984,1193,302546.75
2025-11-16 15:59:48.984,1194,708471.5
2025-11-16 15:59:48.984,1195,89051.75
2025-11-16 15:59:48.984,1196,151134.84
2025-11-16 15:59:48.984,1197,466154.09
2025-11-16 15:59:48.984,1198,245875.0
2025-11-16 15:59:48.984,1199,245875.0
2025-11-16 15:59:48.984,1200,988899.38
2025-11-16 15:59:48.984,1201,988899.38
2025-11-16 15:59:48.984,1202,988899.38
2025-11-16 15:59:48.984,1203,988899.38
2025-11-16 15:59:48.984,1204,920784.13
2025-11-16 15:59:48.984,1205,920784.13
2025-11-16 15:59:48.984,1206,920784.13
2025-11-16 15:59:48.984,1207,920784.13
2025-11-16 15:59:48.984,1208,920784.13
2025-11-16 15:59:48.984,1209,988899.38
2025-11-16 15:59:48.984,1210,988899.38
2025-11-16 15:59:48.984,1211,762705.19
2025-11-16 15:59:48.984,1212,825793.38
2025-11-16 15:59:48.984,1213,793012.25
2025-11-16 15:59:48.984,1214,942433.13
2025-11-16 15:59:48.984,1215,734602.25
2025-11-16 15:59:48.984,1216,734602.25
2025-11-16 15:59:48.984,1217,920784.13
2025-11-16 15:59:48.984,1218,793012.25
2025-11-16 15:59:48.984,1219,734602.25
2025-11-16 15:59:48.984,1220,708471.5
2025-11-16 15:59:48.984,1221,793012.25
2025-11-16 15:59:48.984,1222,793012.25
2025-11-16 15:59:48.984,1223,708471.5
2025-11-16 15:59:48.984,1224,684112.31
2025-11-16 15:59:48.984,1225,825793.38
2025-11-16 15:59:48.984,1226,734602.25
2025-11-16 15:59:48.984,1227,777567.38
2025-11-16 15:59:48.984,1228,550970.88
2025-11-16 15:59:48.984,1229,861364.44
2025-11-16 15:59:48.984,1230,900097.25
2025-11-16 15:59:48.984,1231,900097.25
2025-11-16 15:59:48.984,1232,942433.13
2025-11-16 15:59:48.984,1233,942433.13
2025-11-16 15:59:48.984,1234,900097.25
2025-11-16 15:59:48.984,1235,748393.56
2025-11-16 15:59:48.984,1236,793012.25
2025-11-16 15:59:48.984,1237,900097.25
2025-11-16 15:59:48.984,1238,900097.25
2025-11-16 15:59:48.984,1239,988899.38
2025-11-16 15:59:48.984,1240,988899.38
2025-11-16 15:59:48.984,1241,988899.38
2025-11-16 15:59:48.984,1242,988899.38
2025-11-16 15:59:48.984,1243,988899.38
2025-11-16 15:59:48.984,1244,241163.34
2025-11-16 15:59:48.984,1245,241163.34
2025-11-16 15:59:48.984,1246,241163.34
2025-11-16 15:59:48.984,1247,241163.34
2025-11-16 15:59:48.984,1248,241163.34
2025-11-16 15:59:48.984,1249,226638.0
2025-11-16 15:59:48.984,1250,216173.34
2025-11-16 15:59:48.984,1251,217430.56
2025-11-16 15:59:48.984,1252,214929.95
2025-11-16 15:59:48.984,1253,197793.8
2025-11-16 15:59:48.984,1254,225277.3
2025-11-16 15:59:48.984,1255,229407.17
2025-11-16 15:59:48.984,1256,229407.17
2025-11-16 15:59:48.984,1257,206594.58
2025-11-16 15:59:48.984,1258,213700.14
2025-11-16 15:59:48.984,1259,223932.14
2025-11-16 15:59:48.984,1260,217430.56
2025-11-16 15:59:48.984,1261,213700.14
2025-11-16 15:59:48.984,1262,233684.53
2025-11-16 15:59:48.984,1263,219987.36
2025-11-16 15:59:48.984,1264,226638.0
2025-11-16 15:59:48.984,1265,206594.58
2025-11-16 15:59:48.984,1266,208912.44
2025-11-16 15:59:48.984,1267,238117.42
2025-11-16 15:59:48.984,1268,229407.17
2025-11-16 15:59:48.984,1269,229407.17
2025-11-16 15:59:48.984,1270,225277.3
2025-11-16 15:59:48.984,1271,213700.14
2025-11-16 15:59:48.984,1272,208912.44
2025-11-16 15:59:48.984,1273,232241.86
2025-11-16 15:59:48.984,1274,218701.81
2025-11-16 15:59:48.984,1275,229407.17
2025-11-16 15:59:48.984,1276,217430.56
2025-11-16 15:59:48.984,1277,229407.17
2025-11-16 15:59:48.984,1278,216173.34
2025-11-16 15:59:48.984,1279,250766.73
2025-11-16 15:59:48.984,1280,369134.25
2025-11-16 15:59:48.984,1281,226638.0
2025-11-16 15:59:48.984,1282,221287.44
2025-11-16 15:59:48.984,1283,241163.34
2025-11-16 15:59:48.984,1284,247485.06
2025-11-16 15:59:48.984,1285,247485.06
2025-11-16 15:59:48.984,1286,250766.73
2025-11-16 15:59:48.984,1287,293282.41
2025-11-16 15:59:48.984,1288,861364.44
2025-11-16 15:59:48.984,1289,601218.31
2025-11-16 15:59:48.984,1290,257587.41
2025-11-16 15:59:48.984,1291,257587.41
2025-11-16 15:59:48.984,1292,362238.63
2025-11-16 15:59:48.984,1293,988899.38
2025-11-16 15:59:48.984,1294,708471.5
2025-11-16 15:59:48.984,1295,708471.5
2025-11-16 15:59:48.984,1296,51009.33
2025-11-16 15:59:48.984,1297,48810.25
2025-11-16 15:59:48.984,1298,50021.84
2025-11-16 15:59:48.984,1299,48895.18
2025-11-16 15:59:48.984,1300,49845.72
2025-11-16 15:59:48.984,1301,49758.04
2025-11-16 15:59:48.984,1302,48980.34
2025-11-16 15:59:48.984,1303,49670.62
2025-11-16 15:59:48.984,1304,48980.34
2025-11-16 15:59:48.984,1305,48810.25
2025-11-16 15:59:48.984,1306,50110.29
2025-11-16 15:59:48.984,1307,48056.82
2025-11-16 15:59:48.984,1308,48980.34
2025-11-16 15:59:48.984,1309,49583.45
2025-11-16 15:59:48.984,1310,51841.71
2025-11-16 15:59:48.984,1311,47646.51
2025-11-16 15:59:48.984,1312,49496.55
2025-11-16 15:59:48.984,1313,48473.0
2025-11-16 15:59:48.984,1314,51654.79
2025-11-16 15:59:48.984,1315,57577.48
2025-11-16 15:59:48.984,1316,54176.42
2025-11-16 15:59:48.984,1317,56803.11
2025-11-16 15:59:48.984,1318,51376.5
2025-11-16 15:59:48.984,1319,47484.0
2025-11-16 15:59:48.984,1320,48810.25
2025-11-16 15:59:48.984,1321,51654.79
2025-11-16 15:59:48.984,1322,52890.38
2025-11-16 15:59:48.984,1323,49670.62
2025-11-16 15:59:48.984,1324,42726.61
2025-11-16 15:59:48.984,1325,52029.78
2025-11-16 15:59:48.984,1326,44707.67
2025-11-16 15:59:48.984,1327,54176.42
2025-11-16 15:59:48.984,1328,78725.33
2025-11-16 15:59:48.984,1329,44707.67
2025-11-16 15:59:48.984,1330,43628.29
2025-11-16 15:59:48.984,1331,50199.01
2025-11-16 15:59:48.984,1332,41788.82
2025-11-16 15:59:48.984,1333,41526.96
2025-11-16 15:59:48.984,1334,40630.89
2025-11-16 15:59:48.984,1335,59416.6
2025-11-16 15:59:48.984,1336,154372.98
2025-11-16 15:59:48.984,1337,145616.44
2025-11-16 15:59:48.984,1338,288853.09
2025-11-16 15:59:48.984,1339,48473.0
2025-11-16 15:59:48.984,1340,67894.05
2025-11-16 15:59:48.984,1341,211280.41
2025-11-16 15:59:48.984,1342,113621.23
2025-11-16 15:59:48.984,1343,113621.23
2025-11-16 15:59:48.984,1344,30671.81
2025-11-16 15:59:48.984,1345,30550.28
2025-11-16 15:59:48.984,1346,29146.33
2025-11-16 15:59:48.984,1347,29297.52
2025-11-16 15:59:48.984,1348,28996.3
2025-11-16 15:59:48.984,1349,29221.78
2025-11-16 15:59:48.984,1350,28810.36
2025-11-16 15:59:48.984,1351,28996.3
2025-11-16 15:59:48.984,1352,29146.33
2025-11-16 15:59:48.984,1353,28480.09
2025-11-16 15:59:48.984,1354,29033.7
2025-11-16 15:59:48.984,1355,28921.71
2025-11-16 15:59:48.984,1356,29184.02
2025-11-16 15:59:48.984,1357,28958.97
2025-11-16 15:59:48.984,1358,30712.49
2025-11-16 15:59:48.984,1359,28921.71
2025-11-16 15:59:48.984,1360,31501.02
2025-11-16 15:59:48.984,1361,30429.46
2025-11-16 15:59:48.984,1362,33036.22
2025-11-16 15:59:48.984,1363,36001.13
2025-11-16 15:59:48.984,1364,34738.09
2025-11-16 15:59:48.984,1365,36579.68
2025-11-16 15:59:48.984,1366,30550.28
2025-11-16 15:59:48.984,1367,31885.26
2025-11-16 15:59:48.984,1368,30150.32
2025-11-16 15:59:48.984,1369,31713.61
2025-11-16 15:59:48.984,1370,34348.4
2025-11-16 15:59:48.984,1371,31290.57
2025-11-16 15:59:48.984,1372,28736.48
2025-11-16 15:59:48.984,1373,32189.05
2025-11-16 15:59:48.984,1374,29071.17
2025-11-16 15:59:48.984,1375,33036.22
2025-11-16 15:59:48.984,1376,53576.4
2025-11-16 15:59:48.984,1377,29146.33
2025-11-16 15:59:48.984,1378,28699.64
2025-11-16 15:59:48.984,1379,32058.32
2025-11-16 15:59:48.984,1380,28553.0
2025-11-16 15:59:48.984,1381,28553.0
2025-11-16 15:59:48.984,1382,29108.72
2025-11-16 15:59:48.984,1383,39644.14
2025-11-16 15:59:48.984,1384,115905.77
2025-11-16 15:59:48.984,1385,94900.64
2025-11-16 15:59:48.984,1386,259348.69
2025-11-16 15:59:48.984,1387,30835.0
2025-11-16 15:59:48.984,1388,45984.59
2025-11-16 15:59:48.984,1389,138820.45
2025-11-16 15:59:48.984,1390,74678.3
2025-11-16 15:59:48.984,1391,74678.3
2025-11-16 15:59:48.984,1392,29146.33
2025-11-16 15:59:48.984,1393,29071.17
2025-11-16 15:59:48.984,1394,28407.46
2025-11-16 15:59:48.984,1395,28263.01
2025-11-16 15:59:48.984,1396,27626.15
2025-11-16 15:59:48.984,1397,27941.91
2025-11-16 15:59:48.984,1398,27695.87
2025-11-16 15:59:48.984,1399,27626.15
2025-11-16 15:59:48.984,1400,28119.63
2025-11-16 15:59:48.984,1401,27418.54
2025-11-16 15:59:48.984,1402,28227.06
2025-11-16 15:59:48.984,1403,27941.91
2025-11-16 15:59:48.984,1404,27800.93
2025-11-16 15:59:48.984,1405,27906.57
2025-11-16 15:59:48.984,1406,29526.5
2025-11-16 15:59:48.984,1407,27906.57
2025-11-16 15:59:48.984,1408,30389.34
2025-11-16 15:59:48.984,1409,28958.97
2025-11-16 15:59:48.984,1410,32320.6
2025-11-16 15:59:48.984,1411,34935.51
2025-11-16 15:59:48.984,1412,34060.55
2025-11-16 15:59:48.984,1413,36105.25
2025-11-16 15:59:48.984,1414,29297.52
2025-11-16 15:59:48.984,1415,31543.36
2025-11-16 15:59:48.984,1416,29680.64
2025-11-16 15:59:48.984,1417,31040.83
2025-11-16 15:59:48.984,1418,34060.55
2025-11-16 15:59:48.984,1419,31040.83
2025-11-16 15:59:48.984,1420,29953.28
2025-11-16 15:59:48.984,1421,32855.06
2025-11-16 15:59:48.984,1422,29526.5
2025-11-16 15:59:48.984,1423,32320.6
2025-11-16 15:59:48.984,1424,54994.24
2025-11-16 15:59:48.984,1425,29603.42
2025-11-16 15:59:48.984,1426,29603.42
2025-11-16 15:59:48.984,1427,32145.38
2025-11-16 15:59:48.984,1428,30229.68
2025-11-16 15:59:48.984,1429,30389.34
2025-11-16 15:59:48.984,1430,32320.6
2025-11-16 15:59:48.984,1431,39887.21
2025-11-16 15:59:48.984,1432,119495.26
2025-11-16 15:59:48.984,1433,91010.8
2025-11-16 15:59:48.984,1434,280371.47
2025-11-16 15:59:48.984,1435,30753.24
2025-11-16 15:59:48.984,1436,45754.95
2025-11-16 15:59:48.984,1437,138820.45
2025-11-16 15:59:48.984,1438,76106.58
2025-11-16 15:59:48.984,1439,76106.58
2025-11-16 15:59:48.984,1440,35335.6
2025-11-16 15:59:48.984,1441,34252.03
2025-11-16 15:59:48.984,1442,34060.55
2025-11-16 15:59:48.984,1443,33310.84
2025-11-16 15:59:48.984,1444,33588.98
2025-11-16 15:59:48.984,1445,33776.39
2025-11-16 15:59:48.984,1446,34156.08
2025-11-16 15:59:48.984,1447,34060.55
2025-11-16 15:59:48.984,1448,33823.5
2025-11-16 15:59:48.984,1449,33682.49
2025-11-16 15:59:48.984,1450,34156.08
2025-11-16 15:59:48.984,1451,34396.74
2025-11-16 15:59:48.984,1452,34060.55
2025-11-16 15:59:48.984,1453,34108.26
2025-11-16 15:59:48.984,1454,35640.36
2025-11-16 15:59:48.984,1455,33776.39
2025-11-16 15:59:48.984,1456,34836.58
2025-11-16 15:59:48.984,1457,33776.39
2025-11-16 15:59:48.984,1458,38463.37
2025-11-16 15:59:48.984,1459,40883.72
2025-11-16 15:59:48.984,1460,39343.6
2025-11-16 15:59:48.984,1461,41920.75
2025-11-16 15:59:48.984,1462,34935.51
2025-11-16 15:59:48.984,1463,34542.39
2025-11-16 15:59:48.984,1464,34935.51
2025-11-16 15:59:48.984,1465,36686.43
2025-11-16 15:59:48.984,1466,39283.93
2025-11-16 15:59:48.984,1467,35742.86
2025-11-16 15:59:48.984,1468,31971.61
2025-11-16 15:59:48.984,1469,37227.6
2025-11-16 15:59:48.984,1470,32276.66
2025-11-16 15:59:48.984,1471,38176.89
2025-11-16 15:59:48.984,1472,56046.25
2025-11-16 15:59:48.984,1473,31756.39
2025-11-16 15:59:48.984,1474,26742.69
2025-11-16 15:59:48.984,1475,36001.13
2025-11-16 15:59:48.984,1476,31458.76
2025-11-16 15:59:48.984,1477,30999.5
2025-11-16 15:59:48.984,1478,26219.28
2025-11-16 15:59:48.984,1479,43557.83
2025-11-16 15:59:48.984,1480,125954.73
2025-11-16 15:59:48.984,1481,105255.28
2025-11-16 15:59:48.984,1482,268514.44
2025-11-16 15:59:48.984,1483,35034.87
2025-11-16 15:59:48.984,1484,49065.75
2025-11-16 15:59:48.984,1485,156379.06
2025-11-16 15:59:48.984,1486,83177.96
2025-11-16 15:59:48.984,1487,83177.96
2025-11-16 15:59:48.984,1488,26090.74
2025-11-16 15:59:48.984,1489,25741.9
2025-11-16 15:59:48.984,1490,25033.8
2025-11-16 15:59:48.984,1491,24675.34
2025-11-16 15:59:48.984,1492,24557.47
2025-11-16 15:59:48.984,1493,25033.8
2025-11-16 15:59:48.984,1494,24823.81
2025-11-16 15:59:48.984,1495,25003.64
2025-11-16 15:59:48.984,1496,25094.26
2025-11-16 15:59:48.984,1497,24764.27
2025-11-16 15:59:48.984,1498,24913.49
2025-11-16 15:59:48.984,1499,25033.8
2025-11-16 15:59:48.984,1500,25094.26
2025-11-16 15:59:48.984,1501,25064.0
2025-11-16 15:59:48.984,1502,26187.06
2025-11-16 15:59:48.984,1503,25033.8
2025-11-16 15:59:48.984,1504,25963.11
2025-11-16 15:59:48.984,1505,24382.16
2025-11-16 15:59:48.984,1506,28699.64
2025-11-16 15:59:48.984,1507,30958.25
2025-11-16 15:59:48.984,1508,30229.68
2025-11-16 15:59:48.984,1509,31885.26
2025-11-16 15:59:48.984,1510,26154.89
2025-11-16 15:59:48.984,1511,26413.8
2025-11-16 15:59:48.984,1512,26154.89
2025-11-16 15:59:48.984,1513,27349.84
2025-11-16 15:59:48.984,1514,30071.27
2025-11-16 15:59:48.984,1515,26809.18
2025-11-16 15:59:48.984,1516,24794.01
2025-11-16 15:59:48.984,1517,28407.46
2025-11-16 15:59:48.984,1518,24266.27
2025-11-16 15:59:48.984,1519,28553.0
2025-11-16 15:59:48.984,1520,44561.25
2025-11-16 15:59:48.984,1521,24266.27
2025-11-16 15:59:48.984,1522,24266.27
2025-11-16 15:59:48.984,1523,27349.84
2025-11-16 15:59:48.984,1524,24324.12
2025-11-16 15:59:48.984,1525,24616.31
2025-11-16 15:59:48.984,1526,25185.35
2025-11-16 15:59:48.984,1527,34396.74
2025-11-16 15:59:48.984,1528,94632.04
2025-11-16 15:59:48.984,1529,86707.14
2025-11-16 15:59:48.984,1530,223932.14
2025-11-16 15:59:48.984,1531,26479.11
2025-11-16 15:59:48.984,1532,37781.43
2025-11-16 15:59:48.984,1533,119086.36
2025-11-16 15:59:48.984,1534,61860.94
2025-11-16 15:59:48.984,1535,61860.94
2025-11-16 15:59:48.984,1536,24973.54
2025-11-16 15:59:48.984,1537,24973.54
2025-11-16 15:59:48.984,1538,24973.54
2025-11-16 15:59:48.984,1539,24973.54
2025-11-16 15:59:48.984,1540,24973.54
2025-11-16 15:59:48.984,1541,24973.54
2025-11-16 15:59:48.984,1542,24973.54
2025-11-16 15:59:48.984,1543,24973.54
2025-11-16 15:59:48.984,1544,24973.54
2025-11-16 15:59:48.984,1545,24973.54
2025-11-16 15:59:48.984,1546,24973.54
2025-11-16 15:59:48.984,1547,24973.54
2025-11-16 15:59:48.984,1548,24973.54
2025-11-16 15:59:48.984,1549,24973.54
2025-11-16 15:59:48.984,1550,24973.54
2025-11-16 15:59:48.984,1551,24973.54
2025-11-16 15:59:48.984,1552,24973.54
2025-11-16 15:59:48.984,1553,24973.54
2025-11-16 15:59:48.984,1554,24973.54
2025-11-16 15:59:48.984,1555,24973.54
2025-11-16 15:59:48.984,1556,24973.54
2025-11-16 15:59:48.984,1557,24973.54
2025-11-16 15:59:48.984,1558,24973.54
2025-11-16 15:59:48.984,1559,24973.54
2025-11-16 15:59:48.984,1560,24973.54
2025-11-16 15:59:48.984,1561,24973.54
2025-11-16 15:59:48.984,1562,24973.54
2025-11-16 15:59:48.984,1563,24973.54
2025-11-16 15:59:48.984,1564,24973.54
2025-11-16 15:59:48.984,1565,24973.54
2025-11-16 15:59:48.984,1566,24973.54
2025-11-16 15:59:48.984,1567,24973.54
2025-11-16 15:59:48.984,1568,24973.54
2025-11-16 15:59:48.984,1569,24973.54
2025-11-16 15:59:48.984,1570,24973.54
2025-11-16 15:59:48.984,1571,24973.54
2025-11-16 15:59:48.984,1572,24973.54
2025-11-16 15:59:48.984,1573,24973.54
2025-11-16 15:59:48.984,1574,24973.54
2025-11-16 15:59:48.984,1575,24973.54
2025-11-16 15:59:48.984,1576,24973.54
2025-11-16 15:59:48.984,1577,24973.54
2025-11-16 15:59:48.984,1578,24973.54
2025-11-16 15:59:48.984,1579,24973.54
2025-11-16 15:59:48.984,1580,24973.54
2025-11-16 15:59:48.984,1581,24973.54
2025-11-16 15:59:48.984,1582,24973.54
2025-11-16 15:59:48.984,1583,24973.54
2025-11-16 15:59:48.984,1584,24973.54
2025-11-16 15:59:48.984,1585,24675.34
2025-11-16 15:59:48.984,1586,23951.54
2025-11-16 15:59:48.984,1587,23311.73
2025-11-16 15:59:48.984,1588,23642.52
2025-11-16 15:59:48.984,1589,23698.29
2025-11-16 15:59:48.984,1590,23670.38
2025-11-16 15:59:48.984,1591,23838.52
2025-11-16 15:59:48.984,1592,23894.93
2025-11-16 15:59:48.984,1593,23670.38
2025-11-16 15:59:48.984,1594,23923.21
2025-11-16 15:59:48.984,1595,24036.8
2025-11-16 15:59:48.984,1596,23866.7
2025-11-16 15:59:48.984,1597,23810.38
2025-11-16 15:59:48.984,1598,25033.8
2025-11-16 15:59:48.984,1599,23202.91
2025-11-16 15:59:48.984,1600,24382.16
2025-11-16 15:59:48.984,1601,23366.42
2025-11-16 15:59:48.984,1602,27695.87
2025-11-16 15:59:48.984,1603,29603.42
2025-11-16 15:59:48.984,1604,28958.97
2025-11-16 15:59:48.984,1605,30999.5
2025-11-16 15:59:48.984,1606,25154.93
2025-11-16 15:59:48.984,1607,25276.9
2025-11-16 15:59:48.984,1608,25461.45
2025-11-16 15:59:48.984,1609,26676.44
2025-11-16 15:59:48.984,1610,28884.52
2025-11-16 15:59:48.984,1611,26058.75
2025-11-16 15:59:48.984,1612,24382.16
2025-11-16 15:59:48.984,1613,27349.84
2025-11-16 15:59:48.984,1614,23810.38
2025-11-16 15:59:48.984,1615,27660.98
2025-11-16 15:59:48.984,1616,44634.36
2025-11-16 15:59:48.984,1617,24586.87
2025-11-16 15:59:48.984,1618,24266.27
2025-11-16 15:59:48.984,1619,27213.2
2025-11-16 15:59:48.984,1620,24498.84
2025-11-16 15:59:48.984,1621,24675.34
2025-11-16 15:59:48.984,1622,26413.8
2025-11-16 15:59:48.984,1623,34252.03
2025-11-16 15:59:48.984,1624,102094.18
2025-11-16 15:59:48.984,1625,84909.8
2025-11-16 15:59:48.984,1626,250766.73
2025-11-16 15:59:48.984,1627,26090.74
2025-11-16 15:59:48.984,1628,37669.63
2025-11-16 15:59:48.984,1629,122862.01
2025-11-16 15:59:48.984,1630,65867.58
2025-11-16 15:59:48.984,1631,65867.58
2025-11-16 15:59:48.984,1632,24498.84
2025-11-16 15:59:48.984,1633,23810.38
2025-11-16 15:59:48.984,1634,23257.23
2025-11-16 15:59:48.984,1635,22987.37
2025-11-16 15:59:48.984,1636,23311.73
2025-11-16 15:59:48.984,1637,23393.82
2025-11-16 15:59:48.984,1638,23586.93
2025-11-16 15:59:48.984,1639,23257.23
2025-11-16 15:59:48.984,1640,23284.46
2025-11-16 15:59:48.984,1641,23148.76
2025-11-16 15:59:48.984,1642,23698.29
2025-11-16 15:59:48.984,1643,23393.82
2025-11-16 15:59:48.984,1644,23202.91
2025-11-16 15:59:48.984,1645,23202.91
2025-11-16 15:59:48.984,1646,24179.86
2025-11-16 15:59:48.984,1647,23257.23
2025-11-16 15:59:48.984,1648,22434.62
2025-11-16 15:59:48.984,1649,21023.29
2025-11-16 15:59:48.984,1650,26643.4
2025-11-16 15:59:48.984,1651,28553.0
2025-11-16 15:59:48.984,1652,27660.98
2025-11-16 15:59:48.984,1653,29221.78
2025-11-16 15:59:48.984,1654,24586.87
2025-11-16 15:59:48.984,1655,24324.12
2025-11-16 15:59:48.984,1656,24151.15
2025-11-16 15:59:48.984,1657,25710.52
2025-11-16 15:59:48.984,1658,26942.87
2025-11-16 15:59:48.984,1659,24557.47
2025-11-16 15:59:48.984,1660,18418.55
2025-11-16 15:59:48.984,1661,25647.93
2025-11-16 15:59:48.984,1662,17272.99
2025-11-16 15:59:48.984,1663,26479.11
2025-11-16 15:59:48.984,1664,38463.37
2025-11-16 15:59:48.984,1665,16875.66
2025-11-16 15:59:48.984,1666,19449.01
2025-11-16 15:59:48.984,1667,24704.93
2025-11-16 15:59:48.984,1668,16681.28
2025-11-16 15:59:48.984,1669,19111.26
2025-11-16 15:59:48.984,1670,22907.26
2025-11-16 15:59:48.984,1671,30229.68
2025-11-16 15:59:48.984,1672,94632.04
2025-11-16 15:59:48.984,1673,79896.98
2025-11-16 15:59:48.984,1674,211280.41
2025-11-16 15:59:48.984,1675,23923.21
2025-11-16 15:59:48.984,1676,34348.4
2025-11-16 15:59:48.984,1677,115134.95
2025-11-16 15:59:48.984,1678,60132.29
2025-11-16 15:59:48.984,1679,60132.29
2025-11-16 15:59:48.984,1680,34836.58
2025-11-16 15:59:48.984,1681,34060.55
2025-11-16 15:59:48.984,1682,33036.22
2025-11-16 15:59:48.984,1683,32145.38
2025-11-16 15:59:48.984,1684,33310.84
2025-11-16 15:59:48.984,1685,33635.68
2025-11-16 15:59:48.984,1686,33403.16
2025-11-16 15:59:48.984,1687,33310.84
2025-11-16 15:59:48.984,1688,33495.87
2025-11-16 15:59:48.984,1689,33173.1
2025-11-16 15:59:48.984,1690,33588.98
2025-11-16 15:59:48.984,1691,33635.68
2025-11-16 15:59:48.984,1692,33036.22
2025-11-16 15:59:48.984,1693,33081.75
2025-11-16 15:59:48.984,1694,34396.74
2025-11-16 15:59:48.984,1695,32320.6
2025-11-16 15:59:48.984,1696,31885.26
2025-11-16 15:59:48.984,1697,29297.52
2025-11-16 15:59:48.984,1698,37009.64
2025-11-16 15:59:48.984,1699,39463.38
2025-11-16 15:59:48.984,1700,38753.28
2025-11-16 15:59:48.984,1701,41397.01
2025-11-16 15:59:48.984,1702,34300.16
2025-11-16 15:59:48.984,1703,33495.87
2025-11-16 15:59:48.984,1704,34640.03
2025-11-16 15:59:48.984,1705,36157.48
2025-11-16 15:59:48.984,1706,38348.37
2025-11-16 15:59:48.984,1707,35742.86
2025-11-16 15:59:48.984,1708,30794.08
2025-11-16 15:59:48.984,1709,36686.43
2025-11-16 15:59:48.984,1710,30031.86
2025-11-16 15:59:48.984,1711,37893.76
2025-11-16 15:59:48.984,1712,50199.01
2025-11-16 15:59:48.984,1713,30309.35
2025-11-16 15:59:48.984,1714,30389.34
2025-11-16 15:59:48.984,1715,36367.62
2025-11-16 15:59:48.984,1716,28443.74
2025-11-16 15:59:48.984,1717,30590.71
2025-11-16 15:59:48.984,1718,33870.7
2025-11-16 15:59:48.984,1719,43840.75
2025-11-16 15:59:48.984,1720,121579.19
2025-11-16 15:59:48.984,1721,103337.61
2025-11-16 15:59:48.984,1722,280371.47
2025-11-16 15:59:48.984,1723,35134.67
2025-11-16 15:59:48.984,1724,47322.41
2025-11-16 15:59:48.984,1725,157058.67
2025-11-16 15:59:48.984,1726,82335.49
2025-11-16 15:59:48.984,1727,82335.49
2025-11-16 15:59:48.984,1728,26709.53
2025-11-16 15:59:48.984,1729,26187.06
2025-11-16 15:59:48.984,1730,25836.37
2025-11-16 15:59:48.984,1731,25585.55
2025-11-16 15:59:48.984,1732,25710.52
2025-11-16 15:59:48.984,1733,26058.75
2025-11-16 15:59:48.984,1734,25773.33
2025-11-16 15:59:48.984,1735,25994.93
2025-11-16 15:59:48.984,1736,26026.81
2025-11-16 15:59:48.984,1737,25647.93
2025-11-16 15:59:48.984,1738,26090.74
2025-11-16 15:59:48.984,1739,25963.11
2025-11-16 15:59:48.984,1740,25836.37
2025-11-16 15:59:48.984,1741,25899.63
2025-11-16 15:59:48.984,1742,26875.9
2025-11-16 15:59:48.984,1743,25963.11
2025-11-16 15:59:48.984,1744,24151.15
2025-11-16 15:59:48.984,1745,22827.54
2025-11-16 15:59:48.984,1746,28443.74
2025-11-16 15:59:48.984,1747,31290.57
2025-11-16 15:59:48.984,1748,30631.22
2025-11-16 15:59:48.984,1749,32408.75
2025-11-16 15:59:48.984,1750,27145.25
2025-11-16 15:59:48.984,1751,26577.51
2025-11-16 15:59:48.984,1752,27043.79
2025-11-16 15:59:48.984,1753,28335.09
2025-11-16 15:59:48.984,1754,30071.27
2025-11-16 15:59:48.984,1755,27626.15
2025-11-16 15:59:48.984,1756,19707.48
2025-11-16 15:59:48.984,1757,28335.09
2025-11-16 15:59:48.984,1758,20579.65
2025-11-16 15:59:48.984,1759,29297.52
2025-11-16 15:59:48.984,1760,41920.75
2025-11-16 15:59:48.984,1761,22203.33
2025-11-16 15:59:48.984,1762,21651.57
2025-11-16 15:59:48.984,1763,27626.15
2025-11-16 15:59:48.984,1764,21406.95
2025-11-16 15:59:48.984,1765,21213.94
2025-11-16 15:59:48.984,1766,25963.11
2025-11-16 15:59:48.984,1767,34300.16
2025-11-16 15:59:48.984,1768,105255.28
2025-11-16 15:59:48.984,1769,90021.7
2025-11-16 15:59:48.984,1770,241163.34
2025-11-16 15:59:48.984,1771,27077.54
2025-11-16 15:59:48.984,1772,37337.34
2025-11-16 15:59:48.984,1773,123295.2
2025-11-16 15:59:48.984,1774,70346.52
2025-11-16 15:59:48.984,1775,70346.52
2025-11-16 15:59:48.984,1776,24557.47
2025-11-16 15:59:48.984,1777,23838.52
2025-11-16 15:59:48.984,1778,23257.23
2025-11-16 15:59:48.984,1779,22512.45
2025-11-16 15:59:48.984,1780,22933.92
2025-11-16 15:59:48.984,1781,23094.79
2025-11-16 15:59:48.984,1782,23014.16
2025-11-16 15:59:48.984,1783,23311.73
2025-11-16 15:59:48.984,1784,22933.92
2025-11-16 15:59:48.984,1785,22933.92
2025-11-16 15:59:48.984,1786,23311.73
2025-11-16 15:59:48.984,1787,23040.99
2025-11-16 15:59:48.984,1788,23040.99
2025-11-16 15:59:48.984,1789,22987.37
2025-11-16 15:59:48.984,1790,24093.88
2025-11-16 15:59:48.984,1791,22933.92
2025-11-16 15:59:48.984,1792,21602.34
2025-11-16 15:59:48.984,1793,20059.23
2025-11-16 15:59:48.984,1794,25741.9
2025-11-16 15:59:48.984,1795,27765.84
2025-11-16 15:59:48.984,1796,27145.25
2025-11-16 15:59:48.984,1797,28810.36
2025-11-16 15:59:48.984,1798,23866.7
2025-11-16 15:59:48.984,1799,22933.92
2025-11-16 15:59:48.984,1800,23810.38
2025-11-16 15:59:48.984,1801,25154.93
2025-11-16 15:59:48.984,1802,26511.85
2025-11-16 15:59:48.984,1803,24586.87
2025-11-16 15:59:48.984,1804,18498.34
2025-11-16 15:59:48.984,1805,25523.39
2025-11-16 15:59:48.984,1806,19174.0
2025-11-16 15:59:48.984,1807,26154.89
2025-11-16 15:59:48.984,1808,38463.37
2025-11-16 15:59:48.984,1809,19363.84
2025-11-16 15:59:48.984,1810,17328.08
2025-11-16 15:59:48.984,1811,24151.15
2025-11-16 15:59:48.984,1812,17795.93
2025-11-16 15:59:48.984,1813,16148.25
2025-11-16 15:59:48.984,1814,22616.81
2025-11-16 15:59:48.984,1815,29680.64
2025-11-16 15:59:48.984,1816,94098.91
2025-11-16 15:59:48.984,1817,79896.98
2025-11-16 15:59:48.984,1818,211280.41
2025-11-16 15:59:48.984,1819,23810.38
2025-11-16 15:59:48.984,1820,33776.39
2025-11-16 15:59:48.984,1821,115519.18
2025-11-16 15:59:48.984,1822,60011.99
2025-11-16 15:59:48.984,1823,60011.99
2025-11-16 15:59:48.984,1824,33127.38
2025-11-16 15:59:48.984,1825,32232.81
2025-11-16 15:59:48.984,1826,30876.0
2025-11-16 15:59:48.984,1827,31458.76
2025-11-16 15:59:48.984,1828,31543.36
2025-11-16 15:59:48.984,1829,31628.31
2025-11-16 15:59:48.984,1830,31670.92
2025-11-16 15:59:48.984,1831,32058.32
2025-11-16 15:59:48.984,1832,31799.26
2025-11-16 15:59:48.984,1833,31543.36
2025-11-16 15:59:48.984,1834,31543.36
2025-11-16 15:59:48.984,1835,31713.61
2025-11-16 15:59:48.984,1836,31585.79
2025-11-16 15:59:48.984,1837,31713.61
2025-11-16 15:59:48.984,1838,33081.75
2025-11-16 15:59:48.984,1839,31885.26
2025-11-16 15:59:48.984,1840,31290.57
2025-11-16 15:59:48.984,1841,28810.36
2025-11-16 15:59:48.984,1842,35742.86
2025-11-16 15:59:48.984,1843,37558.35
2025-11-16 15:59:48.984,1844,37118.37
2025-11-16 15:59:48.984,1845,39463.38
2025-11-16 15:59:48.984,1846,32855.06
2025-11-16 15:59:48.984,1847,33449.47
2025-11-16 15:59:48.984,1848,33127.38
2025-11-16 15:59:48.984,1849,34445.18
2025-11-16 15:59:48.984,1850,36686.43
2025-11-16 15:59:48.984,1851,33495.87
2025-11-16 15:59:48.984,1852,28407.46
2025-11-16 15:59:48.984,1853,34640.03
2025-11-16 15:59:48.984,1854,27349.84
2025-11-16 15:59:48.984,1855,35949.24
2025-11-16 15:59:48.984,1856,49758.04
2025-11-16 15:59:48.984,1857,28516.51
2025-11-16 15:59:48.984,1858,28553.0
2025-11-16 15:59:48.984,1859,34012.93
2025-11-16 15:59:48.984,1860,29071.17
2025-11-16 15:59:48.984,1861,29184.02
2025-11-16 15:59:48.984,1862,32675.42
2025-11-16 15:59:48.984,1863,42053.34
2025-11-16 15:59:48.984,1864,119906.74
2025-11-16 15:59:48.984,1865,104608.9
2025-11-16 15:59:48.984,1866,276308.56
2025-11-16 15:59:48.984,1867,33173.1
2025-11-16 15:59:48.984,1868,43983.32
2025-11-16 15:59:48.984,1869,141018.91
2025-11-16 15:59:48.984,1870,78341.52
2025-11-16 15:59:48.984,1871,78341.52
2025-11-16 15:59:48.984,1872,28191.18
2025-11-16 15:59:48.984,1873,27660.98
2025-11-16 15:59:48.984,1874,27043.79
2025-11-16 15:59:48.984,1875,26643.4
2025-11-16 15:59:48.984,1876,27010.09
2025-11-16 15:59:48.984,1877,27213.2
2025-11-16 15:59:48.984,1878,26909.36
2025-11-16 15:59:48.984,1879,27145.25
2025-11-16 15:59:48.984,1880,27077.54
2025-11-16 15:59:48.984,1881,26842.51
2025-11-16 15:59:48.984,1882,26842.51
2025-11-16 15:59:48.984,1883,27077.54
2025-11-16 15:59:48.984,1884,27077.54
2025-11-16 15:59:48.984,1885,27043.79
2025-11-16 15:59:48.984,1886,28191.18
2025-11-16 15:59:48.984,1887,27077.54
2025-11-16 15:59:48.984,1888,26348.73
2025-11-16 15:59:48.984,1889,24324.12
2025-11-16 15:59:48.984,1890,30794.08
2025-11-16 15:59:48.984,1891,32765.05
2025-11-16 15:59:48.984,1892,32058.32
2025-11-16 15:59:48.984,1893,34204.0
2025-11-16 15:59:48.984,1894,28371.24
2025-11-16 15:59:48.984,1895,27977.33
2025-11-16 15:59:48.984,1896,28553.0
2025-11-16 15:59:48.984,1897,29449.88
2025-11-16 15:59:48.984,1898,31543.36
2025-11-16 15:59:48.984,1899,28847.41
2025-11-16 15:59:48.984,1900,22616.81
2025-11-16 15:59:48.984,1901,30229.68
2025-11-16 15:59:48.984,1902,20671.99
2025-11-16 15:59:48.984,1903,30794.08
2025-11-16 15:59:48.984,1904,44415.61
2025-11-16 15:59:48.984,1905,24036.8
2025-11-16 15:59:48.984,1906,23586.93
2025-11-16 15:59:48.984,1907,29108.72
2025-11-16 15:59:48.984,1908,23866.7
2025-11-16 15:59:48.984,1909,23698.29
2025-11-16 15:59:48.984,1910,26511.85
2025-11-16 15:59:48.984,1911,36053.13
2025-11-16 15:59:48.984,1912,108256.51
2025-11-16 15:59:48.984,1913,93571.2
2025-11-16 15:59:48.984,1914,252439.11
2025-11-16 15:59:48.984,1915,28699.64
2025-11-16 15:59:48.984,1916,40132.67
2025-11-16 15:59:48.984,1917,129670.22
2025-11-16 15:59:48.984,1918,71306.41
2025-11-16 15:59:48.984,1919,71306.41
2025-11-16 15:59:48.984,1920,583498.19
2025-11-16 15:59:48.984,1921,536008.31
2025-11-16 15:59:48.984,1922,536008.31
2025-11-16 15:59:48.984,1923,521823.06
2025-11-16 15:59:48.984,1924,650520.19
2025-11-16 15:59:48.984,1925,536008.31
2025-11-16 15:59:48.984,1926,583498.19
2025-11-16 15:59:48.984,1927,601218.31
2025-11-16 15:59:48.984,1928,536008.31
2025-11-16 15:59:48.984,1929,536008.31
2025-11-16 15:59:48.984,1930,489387.19
2025-11-16 15:59:48.984,1931,550970.88
2025-11-16 15:59:48.984,1932,508356.06
2025-11-16 15:59:48.984,1933,471757.34
2025-11-16 15:59:48.984,1934,508356.06
2025-11-16 15:59:48.984,1935,536008.31
2025-11-16 15:59:48.984,1936,515003.19
2025-11-16 15:59:48.984,1937,543388.5
2025-11-16 15:59:48.984,1938,661350.38
2025-11-16 15:59:48.984,1939,566776.38
2025-11-16 15:59:48.984,1940,536008.31
2025-11-16 15:59:48.984,1941,550970.88
2025-11-16 15:59:48.984,1942,483368.97
2025-11-16 15:59:48.984,1943,536008.31
2025-11-16 15:59:48.984,1944,460679.59
2025-11-16 15:59:48.984,1945,450099.75
2025-11-16 15:59:48.984,1946,508356.06
2025-11-16 15:59:48.984,1947,483368.97
2025-11-16 15:59:48.984,1948,430305.09
2025-11-16 15:59:48.984,1949,483368.97
2025-11-16 15:59:48.984,1950,387544.88
2025-11-16 15:59:48.984,1951,466154.09
2025-11-16 15:59:48.984,1952,521823.06
2025-11-16 15:59:48.984,1953,407834.16
2025-11-16 15:59:48.984,1954,450099.75
2025-11-16 15:59:48.984,1955,477494.09
2025-11-16 15:59:48.984,1956,450099.75
2025-11-16 15:59:48.984,1957,391443.63
2025-11-16 15:59:48.984,1958,439984.91
2025-11-16 15:59:48.984,1959,536008.31
2025-11-16 15:59:48.984,1960,942433.13
2025-11-16 15:59:48.984,1961,942433.13
2025-11-16 15:59:48.984,1962,439984.91
2025-11-16 15:59:48.984,1963,439984.91
2025-11-16 15:59:48.984,1964,365654.84
2025-11-16 15:59:48.984,1965,880309.75
2025-11-16 15:59:48.984,1966,880309.75
2025-11-16 15:59:48.984,1967,880309.75
2025-11-16 15:59:48.984,1968,30958.25
2025-11-16 15:59:48.984,1969,30071.27
2025-11-16 15:59:48.984,1970,29564.92
2025-11-16 15:59:48.984,1971,29146.33
2025-11-16 15:59:48.984,1972,29297.52
2025-11-16 15:59:48.984,1973,29297.52
2025-11-16 15:59:48.984,1974,29449.88
2025-11-16 15:59:48.984,1975,30150.32
2025-11-16 15:59:48.984,1976,29603.42
2025-11-16 15:59:48.984,1977,29449.88
2025-11-16 15:59:48.984,1978,29914.1
2025-11-16 15:59:48.984,1979,29603.42
2025-11-16 15:59:48.984,1980,29603.42
2025-11-16 15:59:48.984,1981,29603.42
2025-11-16 15:59:48.984,1982,30958.25
2025-11-16 15:59:48.984,1983,29914.1
2025-11-16 15:59:48.984,1984,29449.88
2025-11-16 15:59:48.984,1985,27626.15
2025-11-16 15:59:48.984,1986,34012.93
2025-11-16 15:59:48.984,1987,36053.13
2025-11-16 15:59:48.984,1988,35234.91
2025-11-16 15:59:48.984,1989,37118.37
2025-11-16 15:59:48.984,1990,30794.08
2025-11-16 15:59:48.984,1991,30753.24
2025-11-16 15:59:48.984,1992,30794.08
2025-11-16 15:59:48.984,1993,31543.36
2025-11-16 15:59:48.984,1994,34348.4
2025-11-16 15:59:48.984,1995,31543.36
2025-11-16 15:59:48.984,1996,26187.06
2025-11-16 15:59:48.984,1997,32720.19
2025-11-16 15:59:48.984,1998,24208.61
2025-11-16 15:59:48.984,1999,33356.95
2025-11-16 15:59:48.984,2000,46138.74
2025-11-16 15:59:48.984,2001,25647.93
2025-11-16 15:59:48.984,2002,25773.33
2025-11-16 15:59:48.984,2003,31971.61
2025-11-16 15:59:48.984,2004,26809.18
2025-11-16 15:59:48.984,2005,26875.9
2025-11-16 15:59:48.984,2006,30150.32
2025-11-16 15:59:48.984,2007,39403.42
2025-11-16 15:59:48.984,2008,112877.99
2025-11-16 15:59:48.984,2009,94098.91
2025-11-16 15:59:48.984,2010,255849.03
2025-11-16 15:59:48.984,2011,30999.5
2025-11-16 15:59:48.984,2012,41075.0
2025-11-16 15:59:48.984,2013,138280.8
2025-11-16 15:59:48.984,2014,72622.48
2025-11-16 15:59:48.984,2015,72622.48
2025-11-16 15:59:48.984,2016,421032.91
2025-11-16 15:59:48.984,2017,339960.47
2025-11-16 15:59:48.984,2018,395419.56
2025-11-16 15:59:48.984,2019,387544.88
2025-11-16 15:59:48.984,2020,372678.72
2025-11-16 15:59:48.984,2021,387544.88
2025-11-16 15:59:48.984,2022,403612.41
2025-11-16 15:59:48.984,2023,403612.41
2025-11-16 15:59:48.984,2024,399475.0
2025-11-16 15:59:48.984,2025,379970.25
2025-11-16 15:59:48.984,2026,387544.88
2025-11-16 15:59:48.984,2027,395419.56
2025-11-16 15:59:48.984,2028,379970.25
2025-11-16 15:59:48.984,2029,387544.88
2025-11-16 15:59:48.984,2030,403612.41
2025-11-16 15:59:48.984,2031,372678.72
2025-11-16 15:59:48.984,2032,399475.0
2025-11-16 15:59:48.984,2033,395419.56
2025-11-16 15:59:48.984,2034,435092.38
2025-11-16 15:59:48.984,2035,435092.38
2025-11-16 15:59:48.984,2036,455329.53
2025-11-16 15:59:48.984,2037,439984.91
2025-11-16 15:59:48.984,2038,412143.03
2025-11-16 15:59:48.984,2039,391443.63
2025-11-16 15:59:48.984,2040,387544.88
2025-11-16 15:59:48.984,2041,430305.09
2025-11-16 15:59:48.984,2042,444986.13
2025-11-16 15:59:48.984,2043,403612.41
2025-11-16 15:59:48.984,2044,362238.63
2025-11-16 15:59:48.984,2045,403612.41
2025-11-16 15:59:48.984,2046,349173.25
2025-11-16 15:59:48.984,2047,425619.72
2025-11-16 15:59:48.984,2048,297844.91
2025-11-16 15:59:48.984,2049,387544.88
2025-11-16 15:59:48.984,2050,365654.84
2025-11-16 15:59:48.984,2051,425619.72
2025-11-16 15:59:48.984,2052,349173.25
2025-11-16 15:59:48.984,2053,352352.88
2025-11-16 15:59:48.984,2054,379970.25
2025-11-16 15:59:48.984,2055,483368.97
2025-11-16 15:59:48.984,2056,988899.38
2025-11-16 15:59:48.984,2057,900097.25
2025-11-16 15:59:48.984,2058,425619.72
2025-11-16 15:59:48.984,2059,425619.72
2025-11-16 15:59:48.984,2060,223932.14
2025-11-16 15:59:48.984,2061,762705.19
2025-11-16 15:59:48.984,2062,762705.19
2025-11-16 15:59:48.984,2063,762705.19
2025-11-16 15:59:48.984,2064,28191.18
2025-11-16 15:59:48.984,2065,27977.33
2025-11-16 15:59:48.984,2066,27077.54
2025-11-16 15:59:48.984,2067,26219.28
2025-11-16 15:59:48.984,2068,26875.9
2025-11-16 15:59:48.984,2069,26742.69
2025-11-16 15:59:48.984,2070,26942.87
2025-11-16 15:59:48.984,2071,27111.36
2025-11-16 15:59:48.984,2072,27213.2
2025-11-16 15:59:48.984,2073,26809.18
2025-11-16 15:59:48.984,2074,27281.39
2025-11-16 15:59:48.984,2075,26742.69
2025-11-16 15:59:48.984,2076,27111.36
2025-11-16 15:59:48.984,2077,27145.25
2025-11-16 15:59:48.984,2078,27977.33
2025-11-16 15:59:48.984,2079,26909.36
2025-11-16 15:59:48.984,2080,22000.49
2025-11-16 15:59:48.984,2081,20419.37
2025-11-16 15:59:48.984,2082,30958.25
2025-11-16 15:59:48.984,2083,31756.39
2025-11-16 15:59:48.984,2084,32232.81
2025-11-16 15:59:48.984,2085,34493.74
2025-11-16 15:59:48.984,2086,28443.74
2025-11-16 15:59:48.984,2087,27349.84
2025-11-16 15:59:48.984,2088,28191.18
2025-11-16 15:59:48.984,2089,29914.1
2025-11-16 15:59:48.984,2090,32320.6
2025-11-16 15:59:48.984,2091,29297.52
2025-11-16 15:59:48.984,2092,26219.28
2025-11-16 15:59:48.984,2093,30550.28
2025-11-16 15:59:48.984,2094,26479.11
2025-11-16 15:59:48.984,2095,30917.09
2025-11-16 15:59:48.984,2096,48895.18
2025-11-16 15:59:48.984,2097,26875.9
2025-11-16 15:59:48.984,2098,26577.51
2025-11-16 15:59:48.984,2099,30309.35
2025-11-16 15:59:48.984,2100,26381.24
2025-11-16 15:59:48.984,2101,26742.69
2025-11-16 15:59:48.984,2102,29146.33
2025-11-16 15:59:48.984,2103,37118.37
2025-11-16 15:59:48.984,2104,108599.64
2025-11-16 15:59:48.984,2105,87631.56
2025-11-16 15:59:48.984,2106,259348.69
2025-11-16 15:59:48.984,2107,28480.09
2025-11-16 15:59:48.984,2108,40505.41
2025-11-16 15:59:48.984,2109,127324.66
2025-11-16 15:59:48.984,2110,68796.0
2025-11-16 15:59:48.984,2111,68796.0
2025-11-16 15:59:48.984,2112,276308.56
2025-11-16 15:59:48.984,2113,257587.41
2025-11-16 15:59:48.984,2114,266631.75
2025-11-16 15:59:48.984,2115,250766.73
2025-11-16 15:59:48.984,2116,257587.41
2025-11-16 15:59:48.984,2117,268514.44
2025-11-16 15:59:48.984,2118,259348.69
2025-11-16 15:59:48.984,2119,259348.69
2025-11-16 15:59:48.984,2120,261133.28
2025-11-16 15:59:48.984,2121,254133.06
2025-11-16 15:59:48.984,2122,264774.34
2025-11-16 15:59:48.984,2123,259348.69
2025-11-16 15:59:48.984,2124,257587.41
2025-11-16 15:59:48.984,2125,257587.41
2025-11-16 15:59:48.984,2126,264774.34
2025-11-16 15:59:48.984,2127,250766.73
2025-11-16 15:59:48.984,2128,257587.41
2025-11-16 15:59:48.984,2129,249115.52
2025-11-16 15:59:48.984,2130,280371.47
2025-11-16 15:59:48.984,2131,297844.91
2025-11-16 15:59:48.984,2132,284551.28
2025-11-16 15:59:48.984,2133,295546.66
2025-11-16 15:59:48.984,2134,264774.34
2025-11-16 15:59:48.984,2135,241163.34
2025-11-16 15:59:48.984,2136,266631.75
2025-11-16 15:59:48.984,2137,268514.44
2025-11-16 15:59:48.984,2138,280371.47
2025-11-16 15:59:48.984,2139,235144.47
2025-11-16 15:59:48.984,2140,223932.14
2025-11-16 15:59:48.984,2141,257587.41
2025-11-16 15:59:48.984,2142,233684.53
2025-11-16 15:59:48.984,2143,259348.69
2025-11-16 15:59:48.984,2144,175214.38
2025-11-16 15:59:48.984,2145,232241.86
2025-11-16 15:59:48.984,2146,228014.55
2025-11-16 15:59:48.984,2147,247485.06
2025-11-16 15:59:48.984,2148,218701.81
2025-11-16 15:59:48.984,2149,208912.44
2025-11-16 15:59:48.984,2150,241163.34
2025-11-16 15:59:48.984,2151,280371.47
2025-11-16 15:59:48.984,2152,521823.06
2025-11-16 15:59:48.984,2153,640033.69
2025-11-16 15:59:48.984,2154,235144.47
2025-11-16 15:59:48.984,2155,235144.47
2025-11-16 15:59:48.984,2156,115905.77
2025-11-16 15:59:48.984,2157,661350.38
2025-11-16 15:59:48.984,2158,372678.72
2025-11-16 15:59:48.984,2159,372678.72
2025-11-16 15:59:48.984,2160,317555.0
2025-11-16 15:59:48.984,2161,278325.69
2025-11-16 15:59:48.984,2162,297844.91
2025-11-16 15:59:48.984,2163,288853.09
2025-11-16 15:59:48.984,2164,317555.0
2025-11-16 15:59:48.984,2165,336993.63
2025-11-16 15:59:48.984,2166,297844.91
2025-11-16 15:59:48.984,2167,349173.25
2025-11-16 15:59:48.984,2168,325612.69
2025-11-16 15:59:48.984,2169,328387.41
2025-11-16 15:59:48.984,2170,331208.34
2025-11-16 15:59:48.984,2171,339960.47
2025-11-16 15:59:48.984,2172,358884.03
2025-11-16 15:59:48.984,2173,339960.47
2025-11-16 15:59:48.984,2174,372678.72
2025-11-16 15:59:48.984,2175,362238.63
2025-11-16 15:59:48.984,2176,288853.09
2025-11-16 15:59:48.984,2177,325612.69
2025-11-16 15:59:48.984,2178,372678.72
2025-11-16 15:59:48.984,2179,369134.25
2025-11-16 15:59:48.984,2180,383721.19
2025-11-16 15:59:48.984,2181,391443.63
2025-11-16 15:59:48.984,2182,358884.03
2025-11-16 15:59:48.984,2183,342978.47
2025-11-16 15:59:48.984,2184,365654.84
2025-11-16 15:59:48.984,2185,365654.84
2025-11-16 15:59:48.984,2186,387544.88
2025-11-16 15:59:48.984,2187,365654.84
2025-11-16 15:59:48.984,2188,322883.13
2025-11-16 15:59:48.984,2189,358884.03
2025-11-16 15:59:48.984,2190,328387.41
2025-11-16 15:59:48.984,2191,379970.25
2025-11-16 15:59:48.984,2192,235144.47
2025-11-16 15:59:48.984,2193,322883.13
2025-11-16 15:59:48.984,2194,365654.84
2025-11-16 15:59:48.984,2195,379970.25
2025-11-16 15:59:48.984,2196,336993.63
2025-11-16 15:59:48.984,2197,328387.41
2025-11-16 15:59:48.984,2198,355589.28
2025-11-16 15:59:48.984,2199,430305.09
2025-11-16 15:59:48.984,2200,942433.13
2025-11-16 15:59:48.984,2201,900097.25
2025-11-16 15:59:48.984,2202,365654.84
2025-11-16 15:59:48.984,2203,365654.84
2025-11-16 15:59:48.984,2204,144441.03
2025-11-16 15:59:48.984,2205,942433.13
2025-11-16 15:59:48.984,2206,583498.19
2025-11-16 15:59:48.984,2207,583498.19
2025-11-16 15:59:48.984,2208,216173.34
2025-11-16 15:59:48.984,2209,216173.34
2025-11-16 15:59:48.984,2210,216173.34
2025-11-16 15:59:48.984,2211,216173.34
2025-11-16 15:59:48.984,2212,216173.34
2025-11-16 15:59:48.984,2213,216173.34
2025-11-16 15:59:48.984,2214,216173.34
2025-11-16 15:59:48.984,2215,216173.34
2025-11-16 15:59:48.984,2216,216173.34
2025-11-16 15:59:48.984,2217,216173.34
2025-11-16 15:59:48.984,2218,216173.34
2025-11-16 15:59:48.984,2219,216173.34
2025-11-16 15:59:48.984,2220,216173.34
2025-11-16 15:59:48.984,2221,216173.34
2025-11-16 15:59:48.984,2222,216173.34
2025-11-16 15:59:48.984,2223,216173.34
2025-11-16 15:59:48.984,2224,216173.34
2025-11-16 15:59:48.984,2225,216173.34
2025-11-16 15:59:48.984,2226,216173.34
2025-11-16 15:59:48.984,2227,216173.34
2025-11-16 15:59:48.984,2228,216173.34
2025-11-16 15:59:48.984,2229,216173.34
2025-11-16 15:59:48.984,2230,216173.34
2025-11-16 15:59:48.984,2231,216173.34
2025-11-16 15:59:48.984,2232,216173.34
2025-11-16 15:59:48.984,2233,216173.34
2025-11-16 15:59:48.984,2234,216173.34
2025-11-16 15:59:48.984,2235,216173.34
2025-11-16 15:59:48.984,2236,216173.34
2025-11-16 15:59:48.984,2237,216173.34
2025-11-16 15:59:48.984,2238,216173.34
2025-11-16 15:59:48.984,2239,216173.34
2025-11-16 15:59:48.984,2240,216173.34
2025-11-16 15:59:48.984,2241,216173.34
2025-11-16 15:59:48.984,2242,216173.34
2025-11-16 15:59:48.984,2243,216173.34
2025-11-16 15:59:48.984,2244,216173.34
2025-11-16 15:59:48.984,2245,216173.34
2025-11-16 15:59:48.984,2246,216173.34
2025-11-16 15:59:48.984,2247,216173.34
2025-11-16 15:59:48.984,2248,216173.34
2025-11-16 15:59:48.984,2249,216173.34
2025-11-16 15:59:48.984,2250,216173.34
2025-11-16 15:59:48.984,2251,216173.34
2025-11-16 15:59:48.984,2252,216173.34
2025-11-16 15:59:48.984,2253,216173.34
2025-11-16 15:59:48.984,2254,216173.34
2025-11-16 15:59:48.984,2255,216173.34
2025-11-16 15:59:48.984,2256,216173.34
2025-11-16 15:59:48.984,2257,194675.0
2025-11-16 15:59:48.984,2258,198854.59
2025-11-16 15:59:48.984,2259,193656.09
2025-11-16 15:59:48.984,2260,195704.14
2025-11-16 15:59:48.984,2261,208912.44
2025-11-16 15:59:48.984,2262,195704.14
2025-11-16 15:59:48.984,2263,195704.14
2025-11-16 15:59:48.984,2264,204325.27
2025-11-16 15:59:48.984,2265,182175.47
2025-11-16 15:59:48.984,2266,212483.69
2025-11-16 15:59:48.984,2267,208912.44
2025-11-16 15:59:48.984,2268,195704.14
2025-11-16 15:59:48.984,2269,191648.39
2025-11-16 15:59:48.984,2270,206594.58
2025-11-16 15:59:48.984,2271,195704.14
2025-11-16 15:59:48.984,2272,192647.28
2025-11-16 15:59:48.984,2273,178630.77
2025-11-16 15:59:48.984,2274,212483.69
2025-11-16 15:59:48.984,2275,218701.81
2025-11-16 15:59:48.984,2276,212483.69
2025-11-16 15:59:48.984,2277,232241.86
2025-11-16 15:59:48.984,2278,212483.69
2025-11-16 15:59:48.984,2279,179504.63
2025-11-16 15:59:48.984,2280,188709.95
2025-11-16 15:59:48.984,2281,197793.8
2025-11-16 15:59:48.984,2282,212483.69
2025-11-16 15:59:48.984,2283,194675.0
2025-11-16 15:59:48.984,2284,176056.81
2025-11-16 15:59:48.984,2285,195704.14
2025-11-16 15:59:48.984,2286,161255.75
2025-11-16 15:59:48.984,2287,206594.58
2025-11-16 15:59:48.984,2288,109291.9
2025-11-16 15:59:48.984,2289,165668.98
2025-11-16 15:59:48.984,2290,178630.77
2025-11-16 15:59:48.984,2291,195704.14
2025-11-16 15:59:48.984,2292,182175.47
2025-11-16 15:59:48.984,2293,168739.63
2025-11-16 15:59:48.984,2294,169524.13
2025-11-16 15:59:48.984,2295,232241.86
2025-11-16 15:59:48.984,2296,460679.59
2025-11-16 15:59:48.984,2297,471757.34
2025-11-16 15:59:48.984,2298,988899.38
2025-11-16 15:59:48.984,2299,191648.39
2025-11-16 15:59:48.984,2300,56368.51
2025-11-16 15:59:48.984,2301,460679.59
2025-11-16 15:59:48.984,2302,320197.59
2025-11-16 15:59:48.984,2303,320197.59
2025-11-16 15:59:49.217,0,27281.39
2025-11-16 15:59:49.217,1,32855.06
2025-11-16 15:59:49.217,2,34396.74
2025-11-16 15:59:49.217,3,34012.93
2025-11-16 15:59:49.217,4,34060.55
2025-11-16 15:59:49.217,5,34542.39
2025-11-16 15:59:49.217,6,34396.74
2025-11-16 15:59:49.217,7,34985.13
2025-11-16 15:59:49.217,8,34738.09
2025-11-16 15:59:49.217,9,34640.03
2025-11-16 15:59:49.217,10,34689.0
2025-11-16 15:59:49.217,11,34738.09
2025-11-16 15:59:49.217,12,34935.51
2025-11-16 15:59:49.217,13,34591.16
2025-11-16 15:59:49.217,14,36157.48
2025-11-16 15:59:49.217,15,34542.39
2025-11-16 15:59:49.217,16,36632.99
2025-11-16 15:59:49.217,17,37669.63
2025-11-16 15:59:49.217,18,38463.37
2025-11-16 15:59:49.217,19,39644.14
2025-11-16 15:59:49.217,20,41267.73
2025-11-16 15:59:49.217,21,43487.57
2025-11-16 15:59:49.217,22,35335.6
2025-11-16 15:59:49.217,23,39887.21
2025-11-16 15:59:49.217,24,35845.82
2025-11-16 15:59:49.217,25,37009.64
2025-11-16 15:59:49.217,26,40132.67
2025-11-16 15:59:49.217,27,37118.37
2025-11-16 15:59:49.217,28,37009.64
2025-11-16 15:59:49.217,29,38405.8
2025-11-16 15:59:49.217,30,37009.64
2025-11-16 15:59:49.217,31,39165.01
2025-11-16 15:59:49.217,32,65867.58
2025-11-16 15:59:49.217,33,37558.35
2025-11-16 15:59:49.217,34,37337.34
2025-11-16 15:59:49.217,35,39343.6
2025-11-16 15:59:49.217,36,37893.76
2025-11-16 15:59:49.217,37,37950.12
2025-11-16 15:59:49.217,38,41592.18
2025-11-16 15:59:49.217,39,48139.58
2025-11-16 15:59:49.217,40,132592.78
2025-11-16 15:59:49.217,41,110700.96
2025-11-16 15:59:49.217,42,331208.34
2025-11-16 15:59:49.217,43,37392.4
2025-11-16 15:59:49.217,44,46843.01
2025-11-16 15:59:49.217,45,125954.73
2025-11-16 15:59:49.217,46,76471.19
2025-11-16 15:59:49.217,47,76471.19
2025-11-16 15:59:49.217,48,94632.04
2025-11-16 15:59:49.217,49,97664.48
2025-11-16 15:59:49.217,50,95442.0
2025-11-16 15:59:49.217,51,101482.63
2025-11-16 15:59:49.217,52,98522.22
2025-11-16 15:59:49.217,53,105255.28
2025-11-16 15:59:49.217,54,97948.88
2025-11-16 15:59:49.217,55,102094.18
2025-11-16 15:59:49.217,56,99982.53
2025-11-16 15:59:49.217,57,97948.88
2025-11-16 15:59:49.217,58,102712.45
2025-11-16 15:59:49.217,59,101179.34
2025-11-16 15:59:49.217,60,102094.18
2025-11-16 15:59:49.217,61,99687.32
2025-11-16 15:59:49.217,62,103337.61
2025-11-16 15:59:49.217,63,101787.58
2025-11-16 15:59:49.217,64,97948.88
2025-11-16 15:59:49.217,65,103969.71
2025-11-16 15:59:49.217,66,107915.35
2025-11-16 15:59:49.217,67,103969.71
2025-11-16 15:59:49.217,68,115134.95
2025-11-16 15:59:49.217,69,122431.63
2025-11-16 15:59:49.217,70,99687.32
2025-11-16 15:59:49.217,71,110700.96
2025-11-16 15:59:49.217,72,101482.63
2025-11-16 15:59:49.217,73,105255.28
2025-11-16 15:59:49.217,74,114753.04
2025-11-16 15:59:49.217,75,107915.35
2025-11-16 15:59:49.217,76,106570.16
2025-11-16 15:59:49.217,77,106570.16
2025-11-16 15:59:49.217,78,104608.9
2025-11-16 15:59:49.217,79,115134.95
2025-11-16 15:59:49.217,80,167191.02
2025-11-16 15:59:49.217,81,109992.31
2025-11-16 15:59:49.217,82,109641.09
2025-11-16 15:59:49.217,83,112143.66
2025-11-16 15:59:49.217,84,110700.96
2025-11-16 15:59:49.217,85,109291.9
2025-11-16 15:59:49.217,86,119906.74
2025-11-16 15:59:49.217,87,133091.78
2025-11-16 15:59:49.217,88,317555.0
2025-11-16 15:59:49.217,89,264774.34
2025-11-16 15:59:49.217,90,762705.19
2025-11-16 15:59:49.217,91,107238.9
2025-11-16 15:59:49.217,92,89051.75
2025-11-16 15:59:49.217,93,182175.47
2025-11-16 15:59:49.217,94,170315.53
2025-11-16 15:59:49.217,95,170315.53
2025-11-16 15:59:49.217,96,73296.59
2025-11-16 15:59:49.217,97,75565.37
2025-11-16 15:59:49.217,98,77396.36
2025-11-16 15:59:49.217,99,76471.19
2025-11-16 15:59:49.217,100,77583.78
2025-11-16 15:59:49.217,101,76838.91
2025-11-16 15:59:49.217,102,75925.42
2025-11-16 15:59:49.217,103,76654.66
2025-11-16 15:59:49.217,104,79112.48
2025-11-16 15:59:49.217,105,75745.02
2025-11-16 15:59:49.217,106,76654.66
2025-11-16 15:59:49.217,107,78341.52
2025-11-16 15:59:49.217,108,76106.58
2025-11-16 15:59:49.217,109,73981.77
2025-11-16 15:59:49.217,110,78725.33
2025-11-16 15:59:49.217,111,74678.3
2025-11-16 15:59:49.217,112,72789.98
2025-11-16 15:59:49.217,113,78725.33
2025-11-16 15:59:49.217,114,81508.11
2025-11-16 15:59:49.217,115,78341.52
2025-11-16 15:59:49.217,116,87631.56
2025-11-16 15:59:49.217,117,91512.71
2025-11-16 15:59:49.217,118,73981.77
2025-11-16 15:59:49.217,119,84035.92
2025-11-16 15:59:49.217,120,76471.19
2025-11-16 15:59:49.217,121,77772.0
2025-11-16 15:59:49.217,122,81919.95
2025-11-16 15:59:49.217,123,81508.11
2025-11-16 15:59:49.217,124,77961.02
2025-11-16 15:59:49.217,125,78341.52
2025-11-16 15:59:49.217,126,78341.52
2025-11-16 15:59:49.217,127,83604.98
2025-11-16 15:59:49.217,128,130148.98
2025-11-16 15:59:49.217,129,79307.3
2025-11-16 15:59:49.217,130,81713.57
2025-11-16 15:59:49.217,131,85352.86
2025-11-16 15:59:49.217,132,79896.98
2025-11-16 15:59:49.217,133,80494.47
2025-11-16 15:59:49.217,134,87631.56
2025-11-16 15:59:49.217,135,98522.22
2025-11-16 15:59:49.217,136,241163.34
2025-11-16 15:59:49.217,137,204325.27
2025-11-16 15:59:49.217,138,601218.31
2025-11-16 15:59:49.217,139,76106.58
2025-11-16 15:59:49.217,140,84035.92
2025-11-16 15:59:49.217,141,196743.69
2025-11-16 15:59:49.217,142,141578.7
2025-11-16 15:59:49.217,143,141578.7
2025-11-16 15:59:49.217,144,45907.83
2025-11-16 15:59:49.217,145,45754.95
2025-11-16 15:59:49.217,146,45226.35
2025-11-16 15:59:49.217,147,45754.95
2025-11-16 15:59:49.217,148,45002.86
2025-11-16 15:59:49.217,149,46061.56
2025-11-16 15:59:49.217,150,45602.89
2025-11-16 15:59:49.217,151,45226.35
2025-11-16 15:59:49.217,152,45151.65
2025-11-16 15:59:49.217,153,45002.86
2025-11-16 15:59:49.217,154,46061.56
2025-11-16 15:59:49.217,155,45301.25
2025-11-16 15:59:49.217,156,45754.95
2025-11-16 15:59:49.217,157,45077.16
2025-11-16 15:59:49.217,158,46061.56
2025-11-16 15:59:49.217,159,45754.95
2025-11-16 15:59:49.217,160,34738.09
2025-11-16 15:59:49.217,161,44707.67
2025-11-16 15:59:49.217,162,47161.71
2025-11-16 15:59:49.217,163,42253.52
2025-11-16 15:59:49.217,164,52409.35
2025-11-16 15:59:49.217,165,55097.93
2025-11-16 15:59:49.217,166,43911.94
2025-11-16 15:59:49.217,167,51284.3
2025-11-16 15:59:49.217,168,45002.86
2025-11-16 15:59:49.217,169,46922.36
2025-11-16 15:59:49.217,170,48473.0
2025-11-16 15:59:49.217,171,47322.41
2025-11-16 15:59:49.217,172,47161.71
2025-11-16 15:59:49.217,173,47001.92
2025-11-16 15:59:49.217,174,47001.92
2025-11-16 15:59:49.217,175,50918.22
2025-11-16 15:59:49.217,176,81508.11
2025-11-16 15:59:49.217,177,46922.36
2025-11-16 15:59:49.217,178,48222.58
2025-11-16 15:59:49.217,179,50466.71
2025-11-16 15:59:49.217,180,49151.41
2025-11-16 15:59:49.217,181,48139.58
2025-11-16 15:59:49.217,182,52890.38
2025-11-16 15:59:49.217,183,61608.8
2025-11-16 15:59:49.217,184,161255.75
2025-11-16 15:59:49.217,185,133594.3
2025-11-16 15:59:49.217,186,403612.41
2025-11-16 15:59:49.217,187,48305.81
2025-11-16 15:59:49.217,188,55727.09
2025-11-16 15:59:49.217,189,145616.44
2025-11-16 15:59:49.217,190,89534.38
2025-11-16 15:59:49.217,191,89534.38
2025-11-16 15:59:49.217,192,27010.09
2025-11-16 15:59:49.217,193,26809.18
2025-11-16 15:59:49.217,194,26283.89
2025-11-16 15:59:49.217,195,26809.18
2025-11-16 15:59:49.217,196,26154.89
2025-11-16 15:59:49.217,197,26219.28
2025-11-16 15:59:49.217,198,26122.79
2025-11-16 15:59:49.217,199,26577.51
2025-11-16 15:59:49.217,200,26219.28
2025-11-16 15:59:49.217,201,26154.89
2025-11-16 15:59:49.217,202,26219.28
2025-11-16 15:59:49.217,203,26544.65
2025-11-16 15:59:49.217,204,26577.51
2025-11-16 15:59:49.217,205,26283.89
2025-11-16 15:59:49.217,206,27010.09
2025-11-16 15:59:49.217,207,26154.89
2025-11-16 15:59:49.217,208,21310.15
2025-11-16 15:59:49.217,209,26842.51
2025-11-16 15:59:49.217,210,27010.09
2025-11-16 15:59:49.217,211,20260.76
2025-11-16 15:59:49.217,212,30794.08
2025-11-16 15:59:49.217,213,32189.05
2025-11-16 15:59:49.217,214,22000.49
2025-11-16 15:59:49.217,215,30031.86
2025-11-16 15:59:49.217,216,26090.74
2025-11-16 15:59:49.217,217,27695.87
2025-11-16 15:59:49.217,218,29221.78
2025-11-16 15:59:49.217,219,27906.57
2025-11-16 15:59:49.217,220,27977.33
2025-11-16 15:59:49.217,221,27111.36
2025-11-16 15:59:49.217,222,28263.01
2025-11-16 15:59:49.217,223,30631.22
2025-11-16 15:59:49.217,224,52793.59
2025-11-16 15:59:49.217,225,28553.0
2025-11-16 15:59:49.217,226,28699.64
2025-11-16 15:59:49.217,227,30071.27
2025-11-16 15:59:49.217,228,28958.97
2025-11-16 15:59:49.217,229,29071.17
2025-11-16 15:59:49.217,230,32058.32
2025-11-16 15:59:49.217,231,37669.63
2025-11-16 15:59:49.217,232,108944.77
2025-11-16 15:59:49.217,233,85800.06
2025-11-16 15:59:49.217,234,264774.34
2025-11-16 15:59:49.217,235,28263.01
2025-11-16 15:59:49.217,236,38811.68
2025-11-16 15:59:49.217,237,110700.96
2025-11-16 15:59:49.217,238,64077.9
2025-11-16 15:59:49.217,239,64077.9
2025-11-16 15:59:49.217,240,21310.15
2025-11-16 15:59:49.217,241,20975.98
2025-11-16 15:59:49.217,242,20741.61
2025-11-16 15:59:49.217,243,20928.83
2025-11-16 15:59:49.217,244,20556.65
2025-11-16 15:59:49.217,245,20788.21
2025-11-16 15:59:49.217,246,20648.86
2025-11-16 15:59:49.217,247,20741.61
2025-11-16 15:59:49.217,248,20464.99
2025-11-16 15:59:49.217,249,20148.47
2025-11-16 15:59:49.217,250,20648.86
2025-11-16 15:59:49.217,251,20464.99
2025-11-16 15:59:49.217,252,20648.86
2025-11-16 15:59:49.217,253,20579.65
2025-11-16 15:59:49.217,254,21213.94
2025-11-16 15:59:49.217,255,20602.68
2025-11-16 15:59:49.217,256,21676.24
2025-11-16 15:59:49.217,257,22933.92
2025-11-16 15:59:49.217,258,22669.24
2025-11-16 15:59:49.217,259,23014.16
2025-11-16 15:59:49.217,260,25276.9
2025-11-16 15:59:49.217,261,27077.54
2025-11-16 15:59:49.217,262,20648.86
2025-11-16 15:59:49.217,263,24675.34
2025-11-16 15:59:49.217,264,21577.78
2025-11-16 15:59:49.217,265,22616.81
2025-11-16 15:59:49.217,266,24794.01
2025-11-16 15:59:49.217,267,22564.54
2025-11-16 15:59:49.217,268,22616.81
2025-11-16 15:59:49.217,269,22827.54
2025-11-16 15:59:49.217,270,22460.52
2025-11-16 15:59:49.217,271,23670.38
2025-11-16 15:59:49.217,272,43983.32
2025-11-16 15:59:49.217,273,22880.64
2025-11-16 15:59:49.217,274,22774.6
2025-11-16 15:59:49.217,275,23923.21
2025-11-16 15:59:49.217,276,23148.76
2025-11-16 15:59:49.217,277,23366.42
2025-11-16 15:59:49.217,278,26026.81
2025-11-16 15:59:49.217,279,30631.22
2025-11-16 15:59:49.217,280,89534.38
2025-11-16 15:59:49.217,281,71306.41
2025-11-16 15:59:49.217,282,229407.17
2025-11-16 15:59:49.217,283,22512.45
2025-11-16 15:59:49.217,284,33588.98
2025-11-16 15:59:49.217,285,100279.32
2025-11-16 15:59:49.217,286,53182.58
2025-11-16 15:59:49.217,287,53182.58
2025-11-16 15:59:49.217,288,17309.7
2025-11-16 15:59:49.217,289,17127.16
2025-11-16 15:59:49.217,290,16165.12
2025-11-16 15:59:49.217,291,16698.84
2025-11-16 15:59:49.217,292,16081.01
2025-11-16 15:59:49.217,293,16182.0
2025-11-16 15:59:49.217,294,16081.01
2025-11-16 15:59:49.217,295,16114.59
2025-11-16 15:59:49.217,296,16047.52
2025-11-16 15:59:49.217,297,16114.59
2025-11-16 15:59:49.217,298,16097.79
2025-11-16 15:59:49.217,299,16081.01
2025-11-16 15:59:49.217,300,16165.12
2025-11-16 15:59:49.217,301,16081.01
2025-11-16 15:59:49.217,302,17163.47
2025-11-16 15:59:49.217,303,16131.41
2025-11-16 15:59:49.217,304,18679.5
2025-11-16 15:59:49.217,305,18458.39
2025-11-16 15:59:49.217,306,19534.67
2025-11-16 15:59:49.217,307,21118.33
2025-11-16 15:59:49.217,308,20811.56
2025-11-16 15:59:49.217,309,22357.16
2025-11-16 15:59:49.217,310,17199.88
2025-11-16 15:59:49.217,311,19534.67
2025-11-16 15:59:49.217,312,17127.16
2025-11-16 15:59:49.217,313,18181.84
2025-11-16 15:59:49.217,314,20419.37
2025-11-16 15:59:49.217,315,18064.95
2025-11-16 15:59:49.217,316,18339.21
2025-11-16 15:59:49.217,317,18822.0
2025-11-16 15:59:49.217,318,18142.77
2025-11-16 15:59:49.217,319,19194.97
2025-11-16 15:59:49.217,320,36901.41
2025-11-16 15:59:49.217,321,18221.02
2025-11-16 15:59:49.217,322,18339.21
2025-11-16 15:59:49.217,323,19090.4
2025-11-16 15:59:49.217,324,18618.86
2025-11-16 15:59:49.217,325,18781.14
2025-11-16 15:59:49.217,326,20834.94
2025-11-16 15:59:49.217,327,24853.65
2025-11-16 15:59:49.217,328,76838.91
2025-11-16 15:59:49.217,329,61109.78
2025-11-16 15:59:49.217,330,188709.95
2025-11-16 15:59:49.217,331,17834.04
2025-11-16 15:59:49.217,332,28480.09
2025-11-16 15:59:49.217,333,87167.16
2025-11-16 15:59:49.217,334,45451.66
2025-11-16 15:59:49.217,335,45451.66
2025-11-16 15:59:49.217,336,15034.71
2025-11-16 15:59:49.217,337,15127.77
2025-11-16 15:59:49.217,338,14126.04
2025-11-16 15:59:49.217,339,14534.84
2025-11-16 15:59:49.217,340,13954.95
2025-11-16 15:59:49.217,341,14126.04
2025-11-16 15:59:49.217,342,14040.19
2025-11-16 15:59:49.217,343,14068.74
2025-11-16 15:59:49.217,344,14068.74
2025-11-16 15:59:49.217,345,13969.12
2025-11-16 15:59:49.217,346,14126.04
2025-11-16 15:59:49.217,347,14040.19
2025-11-16 15:59:49.217,348,14068.74
2025-11-16 15:59:49.217,349,14083.04
2025-11-16 15:59:49.217,350,14957.67
2025-11-16 15:59:49.217,351,14097.35
2025-11-16 15:59:49.217,352,16352.05
2025-11-16 15:59:49.217,353,16249.76
2025-11-16 15:59:49.217,354,17072.88
2025-11-16 15:59:49.217,355,18862.97
2025-11-16 15:59:49.217,356,18378.83
2025-11-16 15:59:49.217,357,19882.33
2025-11-16 15:59:49.217,358,15143.35
2025-11-16 15:59:49.217,359,17834.04
2025-11-16 15:59:49.217,360,15081.15
2025-11-16 15:59:49.217,361,16114.59
2025-11-16 15:59:49.217,362,18221.02
2025-11-16 15:59:49.217,363,15603.64
2025-11-16 15:59:49.217,364,16114.59
2025-11-16 15:59:49.217,365,16911.3
2025-11-16 15:59:49.217,366,16182.0
2025-11-16 15:59:49.217,367,17054.83
2025-11-16 15:59:49.217,368,34060.55
2025-11-16 15:59:49.217,369,16148.25
2025-11-16 15:59:49.217,370,16249.76
2025-11-16 15:59:49.217,371,16982.88
2025-11-16 15:59:49.217,372,16628.76
2025-11-16 15:59:49.217,373,16734.02
2025-11-16 15:59:49.217,374,18699.77
2025-11-16 15:59:49.217,375,22512.45
2025-11-16 15:59:49.217,376,72123.99
2025-11-16 15:59:49.217,377,56046.25
2025-11-16 15:59:49.217,378,176056.81
2025-11-16 15:59:49.217,379,15571.36
2025-11-16 15:59:49.217,380,26187.06
2025-11-16 15:59:49.217,381,80294.42
2025-11-16 15:59:49.217,382,42320.58
2025-11-16 15:59:49.217,383,42320.58
2025-11-16 15:59:49.217,384,14564.57
2025-11-16 15:59:49.217,385,14534.84
2025-11-16 15:59:49.217,386,13702.81
2025-11-16 15:59:49.217,387,13969.12
2025-11-16 15:59:49.217,388,13469.47
2025-11-16 15:59:49.217,389,13647.49
2025-11-16 15:59:49.217,390,13442.32
2025-11-16 15:59:49.217,391,13496.68
2025-11-16 15:59:49.217,392,13442.32
2025-11-16 15:59:49.217,393,13455.89
2025-11-16 15:59:49.217,394,13592.43
2025-11-16 15:59:49.217,395,13619.93
2025-11-16 15:59:49.217,396,13592.43
2025-11-16 15:59:49.217,397,13606.17
2025-11-16 15:59:49.217,398,14226.96
2025-11-16 15:59:49.217,399,13592.43
2025-11-16 15:59:49.217,400,16047.52
2025-11-16 15:59:49.217,401,15848.37
2025-11-16 15:59:49.217,402,17000.83
2025-11-16 15:59:49.217,403,18162.29
2025-11-16 15:59:49.217,404,18045.56
2025-11-16 15:59:49.217,405,19470.38
2025-11-16 15:59:49.217,406,14850.61
2025-11-16 15:59:49.217,407,17272.99
2025-11-16 15:59:49.217,408,14926.99
2025-11-16 15:59:49.217,409,15587.49
2025-11-16 15:59:49.217,410,17795.93
2025-11-16 15:59:49.217,411,15749.92
2025-11-16 15:59:49.217,412,15815.47
2025-11-16 15:59:49.217,413,16628.76
2025-11-16 15:59:49.217,414,15684.7
2025-11-16 15:59:49.217,415,16420.69
2025-11-16 15:59:49.217,416,33403.16
2025-11-16 15:59:49.217,417,15555.25
2025-11-16 15:59:49.217,418,15684.7
2025-11-16 15:59:49.217,419,16249.76
2025-11-16 15:59:49.217,420,16030.81
2025-11-16 15:59:49.217,421,16014.12
2025-11-16 15:59:49.217,422,18103.81
2025-11-16 15:59:49.217,423,21900.02
2025-11-16 15:59:49.217,424,71306.41
2025-11-16 15:59:49.217,425,54582.74
2025-11-16 15:59:49.217,426,175214.38
2025-11-16 15:59:49.217,427,15237.23
2025-11-16 15:59:49.217,428,25585.55
2025-11-16 15:59:49.217,429,79112.48
2025-11-16 15:59:49.217,430,41592.18
2025-11-16 15:59:49.217,431,41592.18
2025-11-16 15:59:49.217,432,14270.47
2025-11-16 15:59:49.217,433,14154.79
2025-11-16 15:59:49.217,434,13483.07
2025-11-16 15:59:49.217,435,13730.56
2025-11-16 15:59:49.217,436,13187.46
2025-11-16 15:59:49.217,437,13320.91
2025-11-16 15:59:49.217,438,13174.2
2025-11-16 15:59:49.217,439,13240.66
2025-11-16 15:59:49.217,440,13187.46
2025-11-16 15:59:49.217,441,13187.46
2025-11-16 15:59:49.217,442,13214.03
2025-11-16 15:59:49.217,443,12834.64
2025-11-16 15:59:49.217,444,13214.03
2025-11-16 15:59:49.217,445,13160.96
2025-11-16 15:59:49.217,446,14040.19
2025-11-16 15:59:49.217,447,13187.46
2025-11-16 15:59:49.217,448,15427.09
2025-11-16 15:59:49.217,449,15363.49
2025-11-16 15:59:49.217,450,16386.33
2025-11-16 15:59:49.217,451,18026.2
2025-11-16 15:59:49.217,452,17328.08
2025-11-16 15:59:49.217,453,18862.97
2025-11-16 15:59:49.217,454,14328.73
2025-11-16 15:59:49.217,455,16875.66
2025-11-16 15:59:49.217,456,14505.19
2025-11-16 15:59:49.217,457,15237.23
2025-11-16 15:59:49.217,458,16947.04
2025-11-16 15:59:49.217,459,15112.21
2025-11-16 15:59:49.217,460,15268.68
2025-11-16 15:59:49.217,461,16047.52
2025-11-16 15:59:49.217,462,15300.2
2025-11-16 15:59:49.217,463,16047.52
2025-11-16 15:59:49.217,464,32232.81
2025-11-16 15:59:49.217,465,15284.43
2025-11-16 15:59:49.217,466,15315.99
2025-11-16 15:59:49.217,467,15914.42
2025-11-16 15:59:49.217,468,15237.23
2025-11-16 15:59:49.217,469,15619.82
2025-11-16 15:59:49.217,470,17494.69
2025-11-16 15:59:49.217,471,21213.94
2025-11-16 15:59:49.217,472,68192.39
2025-11-16 15:59:49.217,473,52504.97
2025-11-16 15:59:49.217,474,175214.38
2025-11-16 15:59:49.217,475,14416.64
2025-11-16 15:59:49.217,476,24853.65
2025-11-16 15:59:49.217,477,77209.76
2025-11-16 15:59:49.217,478,40132.67
2025-11-16 15:59:49.217,479,40132.67
2025-11-16 15:59:49.217,480,13983.3
2025-11-16 15:59:49.217,481,13842.23
2025-11-16 15:59:49.217,482,13068.66
2025-11-16 15:59:49.217,483,13428.77
2025-11-16 15:59:49.217,484,12938.06
2025-11-16 15:59:49.217,485,13029.33
2025-11-16 15:59:49.217,486,12977.09
2025-11-16 15:59:49.217,487,13003.18
2025-11-16 15:59:49.217,488,12964.06
2025-11-16 15:59:49.217,489,12951.06
2025-11-16 15:59:49.217,490,13029.33
2025-11-16 15:59:49.217,491,12990.12
2025-11-16 15:59:49.217,492,13029.33
2025-11-16 15:59:49.217,493,13016.24
2025-11-16 15:59:49.217,494,13898.46
2025-11-16 15:59:49.217,495,13042.42
2025-11-16 15:59:49.217,496,15491.01
2025-11-16 15:59:49.217,497,15284.43
2025-11-16 15:59:49.217,498,16352.05
2025-11-16 15:59:49.217,499,17757.91
2025-11-16 15:59:49.217,500,17181.67
2025-11-16 15:59:49.217,501,18699.77
2025-11-16 15:59:49.217,502,14183.61
2025-11-16 15:59:49.217,503,16317.87
2025-11-16 15:59:49.217,504,14299.57
2025-11-16 15:59:49.217,505,14926.99
2025-11-16 15:59:49.217,506,17127.16
2025-11-16 15:59:49.217,507,15050.17
2025-11-16 15:59:49.217,508,15143.35
2025-11-16 15:59:49.217,509,15914.42
2025-11-16 15:59:49.217,510,15019.26
2025-11-16 15:59:49.217,511,15897.87
2025-11-16 15:59:49.217,512,32276.66
2025-11-16 15:59:49.217,513,15112.21
2025-11-16 15:59:49.217,514,15096.68
2025-11-16 15:59:49.217,515,15799.05
2025-11-16 15:59:49.217,516,15523.09
2025-11-16 15:59:49.217,517,15619.82
2025-11-16 15:59:49.217,518,17494.69
2025-11-16 15:59:49.217,519,21213.94
2025-11-16 15:59:49.217,520,68493.05
2025-11-16 15:59:49.217,521,52793.59
2025-11-16 15:59:49.217,522,175214.38
2025-11-16 15:59:49.217,523,14759.57
2025-11-16 15:59:49.217,524,24794.01
2025-11-16 15:59:49.217,525,77023.94
2025-11-16 15:59:49.217,526,40132.67
2025-11-16 15:59:49.217,527,40132.67
2025-11-16 15:59:49.217,528,14068.74
2025-11-16 15:59:49.217,529,14054.46
2025-11-16 15:59:49.217,530,13187.46
2025-11-16 15:59:49.217,531,13510.31
2025-11-16 15:59:49.217,532,13029.33
2025-11-16 15:59:49.217,533,13108.13
2025-11-16 15:59:49.217,534,12990.12
2025-11-16 15:59:49.217,535,13081.8
2025-11-16 15:59:49.217,536,13016.24
2025-11-16 15:59:49.217,537,12977.09
2025-11-16 15:59:49.217,538,12873.32
2025-11-16 15:59:49.217,539,13029.33
2025-11-16 15:59:49.217,540,13055.53
2025-11-16 15:59:49.217,541,13003.18
2025-11-16 15:59:49.217,542,13983.3
2025-11-16 15:59:49.217,543,13160.96
2025-11-16 15:59:49.217,544,15555.25
2025-11-16 15:59:49.217,545,15363.49
2025-11-16 15:59:49.217,546,16386.33
2025-11-16 15:59:49.217,547,17853.14
2025-11-16 15:59:49.217,548,17328.08
2025-11-16 15:59:49.217,549,18781.14
2025-11-16 15:59:49.217,550,14212.49
2025-11-16 15:59:49.217,551,16857.87
2025-11-16 15:59:49.217,552,14357.96
2025-11-16 15:59:49.217,553,15003.83
2025-11-16 15:59:49.217,554,17272.99
2025-11-16 15:59:49.217,555,15237.23
2025-11-16 15:59:49.217,556,15127.77
2025-11-16 15:59:49.217,557,16014.12
2025-11-16 15:59:49.217,558,15174.57
2025-11-16 15:59:49.217,559,16014.12
2025-11-16 15:59:49.217,560,32675.42
2025-11-16 15:59:49.217,561,15143.35
2025-11-16 15:59:49.217,562,15268.68
2025-11-16 15:59:49.217,563,15848.37
2025-11-16 15:59:49.217,564,15523.09
2025-11-16 15:59:49.217,565,15603.64
2025-11-16 15:59:49.217,566,17720.0
2025-11-16 15:59:49.217,567,21261.97
2025-11-16 15:59:49.217,568,68493.05
2025-11-16 15:59:49.217,569,52987.48
2025-11-16 15:59:49.217,570,173552.13
2025-11-16 15:59:49.217,571,14744.46
2025-11-16 15:59:49.217,572,24883.55
2025-11-16 15:59:49.217,573,81919.95
2025-11-16 15:59:49.217,574,40568.07
2025-11-16 15:59:49.217,575,40568.07
2025-11-16 15:59:49.217,576,14054.46
2025-11-16 15:59:49.217,577,13983.3
2025-11-16 15:59:49.217,578,13200.74
2025-11-16 15:59:49.217,579,13578.7
2025-11-16 15:59:49.217,580,13108.13
2025-11-16 15:59:49.217,581,12847.52
2025-11-16 15:59:49.217,582,12977.09
2025-11-16 15:59:49.217,583,13029.33
2025-11-16 15:59:49.217,584,13029.33
2025-11-16 15:59:49.217,585,13029.33
2025-11-16 15:59:49.217,586,13016.24
2025-11-16 15:59:49.217,587,13081.8
2025-11-16 15:59:49.217,588,13081.8
2025-11-16 15:59:49.217,589,13042.42
2025-11-16 15:59:49.217,590,14083.04
2025-11-16 15:59:49.217,591,13055.53
2025-11-16 15:59:49.217,592,15411.16
2025-11-16 15:59:49.217,593,15143.35
2025-11-16 15:59:49.217,594,16283.77
2025-11-16 15:59:49.217,595,17757.91
2025-11-16 15:59:49.217,596,17236.39
2025-11-16 15:59:49.217,597,18699.77
2025-11-16 15:59:49.217,598,13926.67
2025-11-16 15:59:49.217,599,16663.75
2025-11-16 15:59:49.217,600,14270.47
2025-11-16 15:59:49.217,601,15112.21
2025-11-16 15:59:49.217,602,17054.83
2025-11-16 15:59:49.217,603,15019.26
2025-11-16 15:59:49.217,604,15019.26
2025-11-16 15:59:49.217,605,15831.91
2025-11-16 15:59:49.217,606,14926.99
2025-11-16 15:59:49.217,607,15491.01
2025-11-16 15:59:49.217,608,32014.92
2025-11-16 15:59:49.217,609,15019.26
2025-11-16 15:59:49.217,610,15096.68
2025-11-16 15:59:49.217,611,15684.7
2025-11-16 15:59:49.217,612,15331.81
2025-11-16 15:59:49.217,613,15555.25
2025-11-16 15:59:49.217,614,17494.69
2025-11-16 15:59:49.217,615,21118.33
2025-11-16 15:59:49.217,616,69101.3
2025-11-16 15:59:49.217,617,52987.48
2025-11-16 15:59:49.217,618,169524.13
2025-11-16 15:59:49.217,619,14579.46
2025-11-16 15:59:49.217,620,24208.61
2025-11-16 15:59:49.217,621,76838.91
2025-11-16 15:59:49.217,622,38578.92
2025-11-16 15:59:49.217,623,38578.92
2025-11-16 15:59:49.217,624,13983.3
2025-11-16 15:59:49.217,625,13954.95
2025-11-16 15:59:49.217,626,13081.8
2025-11-16 15:59:49.217,627,13483.07
2025-11-16 15:59:49.217,628,12951.06
2025-11-16 15:59:49.217,629,13081.8
2025-11-16 15:59:49.217,630,12951.06
2025-11-16 15:59:49.217,631,12977.09
2025-11-16 15:59:49.217,632,12886.24
2025-11-16 15:59:49.217,633,12964.06
2025-11-16 15:59:49.217,634,13029.33
2025-11-16 15:59:49.217,635,12990.12
2025-11-16 15:59:49.217,636,13003.18
2025-11-16 15:59:49.217,637,12977.09
2025-11-16 15:59:49.217,638,13912.56
2025-11-16 15:59:49.217,639,12951.06
2025-11-16 15:59:49.217,640,15363.49
2025-11-16 15:59:49.217,641,15174.57
2025-11-16 15:59:49.217,642,16232.79
2025-11-16 15:59:49.217,643,17795.93
2025-11-16 15:59:49.217,644,17218.13
2025-11-16 15:59:49.217,645,18740.4
2025-11-16 15:59:49.217,646,14183.61
2025-11-16 15:59:49.217,647,16698.84
2025-11-16 15:59:49.217,648,14387.27
2025-11-16 15:59:49.217,649,15174.57
2025-11-16 15:59:49.217,650,17054.83
2025-11-16 15:59:49.217,651,15112.21
2025-11-16 15:59:49.217,652,15050.17
2025-11-16 15:59:49.217,653,15897.87
2025-11-16 15:59:49.217,654,15096.68
2025-11-16 15:59:49.217,655,15782.65
2025-11-16 15:59:49.217,656,32101.8
2025-11-16 15:59:49.217,657,15112.21
2025-11-16 15:59:49.217,658,15143.35
2025-11-16 15:59:49.217,659,15815.47
2025-11-16 15:59:49.217,660,15491.01
2025-11-16 15:59:49.217,661,15587.49
2025-11-16 15:59:49.217,662,17531.99
2025-11-16 15:59:49.217,663,21213.94
2025-11-16 15:59:49.217,664,69101.3
2025-11-16 15:59:49.217,665,52987.48
2025-11-16 15:59:49.217,666,176906.95
2025-11-16 15:59:49.217,667,14684.21
2025-11-16 15:59:49.217,668,24675.34
2025-11-16 15:59:49.217,669,77583.78
2025-11-16 15:59:49.217,670,40194.41
2025-11-16 15:59:49.217,671,40194.41
2025-11-16 15:59:49.217,672,13926.67
2025-11-16 15:59:49.217,673,13898.46
2025-11-16 15:59:49.217,674,13081.8
2025-11-16 15:59:49.217,675,13428.77
2025-11-16 15:59:49.217,676,13029.33
2025-11-16 15:59:49.217,677,13187.46
2025-11-16 15:59:49.217,678,13055.53
2025-11-16 15:59:49.217,679,13108.13
2025-11-16 15:59:49.217,680,13081.8
2025-11-16 15:59:49.217,681,13055.53
2025-11-16 15:59:49.217,682,13187.46
2025-11-16 15:59:49.217,683,13081.8
2025-11-16 15:59:49.217,684,13081.8
2025-11-16 15:59:49.217,685,13055.53
2025-11-16 15:59:49.217,686,14040.19
2025-11-16 15:59:49.217,687,13214.03
2025-11-16 15:59:49.217,688,15523.09
2025-11-16 15:59:49.217,689,15315.99
2025-11-16 15:59:49.217,690,16403.5
2025-11-16 15:59:49.217,691,18026.2
2025-11-16 15:59:49.217,692,17438.93
2025-11-16 15:59:49.217,693,19069.58
2025-11-16 15:59:49.217,694,14314.14
2025-11-16 15:59:49.217,695,16893.47
2025-11-16 15:59:49.217,696,14534.84
2025-11-16 15:59:49.217,697,15268.68
2025-11-16 15:59:49.217,698,17309.7
2025-11-16 15:59:49.217,699,15112.21
2025-11-16 15:59:49.217,700,15237.23
2025-11-16 15:59:49.217,701,16114.59
2025-11-16 15:59:49.217,702,15331.81
2025-11-16 15:59:49.217,703,15947.57
2025-11-16 15:59:49.217,704,32855.06
2025-11-16 15:59:49.217,705,15411.16
2025-11-16 15:59:49.217,706,15347.64
2025-11-16 15:59:49.217,707,15848.37
2025-11-16 15:59:49.217,708,15603.64
2025-11-16 15:59:49.217,709,15881.35
2025-11-16 15:59:49.217,710,17853.14
2025-11-16 15:59:49.217,711,21406.95
2025-11-16 15:59:49.217,712,70031.56
2025-11-16 15:59:49.217,713,53084.88
2025-11-16 15:59:49.217,714,173552.13
2025-11-16 15:59:49.217,715,14805.01
2025-11-16 15:59:49.217,716,24794.01
2025-11-16 15:59:49.217,717,78725.33
2025-11-16 15:59:49.217,718,40883.72
2025-11-16 15:59:49.217,719,40883.72
2025-11-16 15:59:49.217,720,13983.3
2025-11-16 15:59:49.217,721,14040.19
2025-11-16 15:59:49.217,722,13214.03
2025-11-16 15:59:49.217,723,13633.7
2025-11-16 15:59:49.217,724,13121.31
2025-11-16 15:59:49.217,725,13200.74
2025-11-16 15:59:49.217,726,12977.09
2025-11-16 15:59:49.217,727,13055.53
2025-11-16 15:59:49.217,728,13108.13
2025-11-16 15:59:49.217,729,13134.51
2025-11-16 15:59:49.217,730,13187.46
2025-11-16 15:59:49.217,731,13160.96
2025-11-16 15:59:49.217,732,13068.66
2025-11-16 15:59:49.217,733,13174.2
2025-11-16 15:59:49.217,734,14097.35
2025-11-16 15:59:49.217,735,13214.03
2025-11-16 15:59:49.217,736,15347.64
2025-11-16 15:59:49.217,737,15347.64
2025-11-16 15:59:49.217,738,16352.05
2025-11-16 15:59:49.217,739,17949.02
2025-11-16 15:59:49.217,740,17364.93
2025-11-16 15:59:49.217,741,18822.0
2025-11-16 15:59:49.217,742,14314.14
2025-11-16 15:59:49.217,743,16769.29
2025-11-16 15:59:49.217,744,14534.84
2025-11-16 15:59:49.217,745,15268.68
2025-11-16 15:59:49.217,746,17272.99
2025-11-16 15:59:49.217,747,15174.57
2025-11-16 15:59:49.217,748,15268.68
2025-11-16 15:59:49.217,749,16114.59
2025-11-16 15:59:49.217,750,15174.57
2025-11-16 15:59:49.217,751,16014.12
2025-11-16 15:59:49.217,752,32276.66
2025-11-16 15:59:49.217,753,15268.68
2025-11-16 15:59:49.217,754,15300.2
2025-11-16 15:59:49.217,755,15914.42
2025-11-16 15:59:49.217,756,15587.49
2025-11-16 15:59:49.217,757,15749.92
2025-11-16 15:59:49.217,758,17569.39
2025-11-16 15:59:49.217,759,21261.97
2025-11-16 15:59:49.217,760,68644.23
2025-11-16 15:59:49.217,761,52409.35
2025-11-16 15:59:49.217,762,175214.38
2025-11-16 15:59:49.217,763,14865.85
2025-11-16 15:59:49.217,764,24853.65
2025-11-16 15:59:49.217,765,77583.78
2025-11-16 15:59:49.217,766,39644.14
2025-11-16 15:59:49.217,767,39644.14
2025-11-16 15:59:49.217,768,14183.61
2025-11-16 15:59:49.217,769,14241.45
2025-11-16 15:59:49.217,770,13320.91
2025-11-16 15:59:49.217,771,13702.81
2025-11-16 15:59:49.217,772,13214.03
2025-11-16 15:59:49.217,773,13334.34
2025-11-16 15:59:49.217,774,13214.03
2025-11-16 15:59:49.217,775,13214.03
2025-11-16 15:59:49.217,776,13267.35
2025-11-16 15:59:49.217,777,13240.66
2025-11-16 15:59:49.217,778,13320.91
2025-11-16 15:59:49.217,779,13187.46
2025-11-16 15:59:49.217,780,13267.35
2025-11-16 15:59:49.217,781,13187.46
2025-11-16 15:59:49.217,782,14169.19
2025-11-16 15:59:49.217,783,13214.03
2025-11-16 15:59:49.217,784,15587.49
2025-11-16 15:59:49.217,785,15363.49
2025-11-16 15:59:49.217,786,16455.14
2025-11-16 15:59:49.217,787,18006.87
2025-11-16 15:59:49.217,788,17531.99
2025-11-16 15:59:49.217,789,19048.79
2025-11-16 15:59:49.217,790,14372.61
2025-11-16 15:59:49.217,791,16982.88
2025-11-16 15:59:49.217,792,14594.37
2025-11-16 15:59:49.217,793,15523.09
2025-11-16 15:59:49.217,794,17457.49
2025-11-16 15:59:49.217,795,15363.49
2025-11-16 15:59:49.217,796,15331.81
2025-11-16 15:59:49.217,797,16215.84
2025-11-16 15:59:49.217,798,15300.2
2025-11-16 15:59:49.217,799,16131.41
2025-11-16 15:59:49.217,800,32630.74
2025-11-16 15:59:49.217,801,15363.49
2025-11-16 15:59:49.217,802,15539.16
2025-11-16 15:59:49.217,803,16047.52
2025-11-16 15:59:49.217,804,15684.7
2025-11-16 15:59:49.217,805,15848.37
2025-11-16 15:59:49.217,806,17853.14
2025-11-16 15:59:49.217,807,21334.29
2025-11-16 15:59:49.217,808,70663.95
2025-11-16 15:59:49.217,809,53378.87
2025-11-16 15:59:49.217,810,175214.38
2025-11-16 15:59:49.217,811,15034.71
2025-11-16 15:59:49.217,812,25215.81
2025-11-16 15:59:49.217,813,79112.48
2025-11-16 15:59:49.217,814,40883.72
2025-11-16 15:59:49.217,815,40883.72
2025-11-16 15:59:49.217,816,14212.49
2025-11-16 15:59:49.217,817,14212.49
2025-11-16 15:59:49.217,818,13227.34
2025-11-16 15:59:49.217,819,13675.12
2025-11-16 15:59:49.217,820,13108.13
2025-11-16 15:59:49.217,821,13042.42
2025-11-16 15:59:49.217,822,13214.03
2025-11-16 15:59:49.217,823,13254.0
2025-11-16 15:59:49.217,824,13267.35
2025-11-16 15:59:49.217,825,13187.46
2025-11-16 15:59:49.217,826,13320.91
2025-11-16 15:59:49.217,827,13280.71
2025-11-16 15:59:49.217,828,13294.1
2025-11-16 15:59:49.217,829,13214.03
2025-11-16 15:59:49.217,830,14183.61
2025-11-16 15:59:49.217,831,13254.0
2025-11-16 15:59:49.217,832,15749.92
2025-11-16 15:59:49.217,833,15523.09
2025-11-16 15:59:49.217,834,16628.76
2025-11-16 15:59:49.217,835,18103.81
2025-11-16 15:59:49.217,836,17457.49
2025-11-16 15:59:49.217,837,18986.58
2025-11-16 15:59:49.217,838,14270.47
2025-11-16 15:59:49.217,839,16982.88
2025-11-16 15:59:49.217,840,14744.46
2025-11-16 15:59:49.217,841,15395.25
2025-11-16 15:59:49.217,842,17494.69
2025-11-16 15:59:49.217,843,15347.64
2025-11-16 15:59:49.217,844,15411.16
2025-11-16 15:59:49.217,845,16369.18
2025-11-16 15:59:49.217,846,15379.36
2025-11-16 15:59:49.217,847,16182.0
2025-11-16 15:59:49.217,848,33036.22
2025-11-16 15:59:49.217,849,15523.09
2025-11-16 15:59:49.217,850,15395.25
2025-11-16 15:59:49.217,851,16081.01
2025-11-16 15:59:49.217,852,15914.42
2025-11-16 15:59:49.217,853,16030.81
2025-11-16 15:59:49.217,854,18103.81
2025-11-16 15:59:49.217,855,21602.34
2025-11-16 15:59:49.217,856,70663.95
2025-11-16 15:59:49.217,857,54277.52
2025-11-16 15:59:49.217,858,175214.38
2025-11-16 15:59:49.217,859,15081.15
2025-11-16 15:59:49.217,860,25585.55
2025-11-16 15:59:49.217,861,79699.56
2025-11-16 15:59:49.217,862,42186.62
2025-11-16 15:59:49.217,863,42186.62
2025-11-16 15:59:49.217,864,14387.27
2025-11-16 15:59:49.217,865,14357.96
2025-11-16 15:59:49.217,866,13347.78
2025-11-16 15:59:49.217,867,13800.23
2025-11-16 15:59:49.217,868,13240.66
2025-11-16 15:59:49.217,869,13280.71
2025-11-16 15:59:49.217,870,13294.1
2025-11-16 15:59:49.217,871,13320.91
2025-11-16 15:59:49.217,872,13320.91
2025-11-16 15:59:49.217,873,13227.34
2025-11-16 15:59:49.217,874,13320.91
2025-11-16 15:59:49.217,875,13294.1
2025-11-16 15:59:49.217,876,13267.35
2025-11-16 15:59:49.217,877,13267.35
2025-11-16 15:59:49.217,878,14314.14
2025-11-16 15:59:49.217,879,13294.1
2025-11-16 15:59:49.217,880,15799.05
2025-11-16 15:59:49.217,881,15363.49
2025-11-16 15:59:49.217,882,16681.28
2025-11-16 15:59:49.217,883,18084.37
2025-11-16 15:59:49.217,884,17494.69
2025-11-16 15:59:49.217,885,19028.03
2025-11-16 15:59:49.217,886,14416.64
2025-11-16 15:59:49.217,887,16857.87
2025-11-16 15:59:49.217,888,14669.19
2025-11-16 15:59:49.217,889,15300.2
2025-11-16 15:59:49.217,890,17309.7
2025-11-16 15:59:49.217,891,15315.99
2025-11-16 15:59:49.217,892,15363.49
2025-11-16 15:59:49.217,893,16148.25
2025-11-16 15:59:49.217,894,15331.81
2025-11-16 15:59:49.217,895,16182.0
2025-11-16 15:59:49.217,896,32675.42
2025-11-16 15:59:49.217,897,15427.09
2025-11-16 15:59:49.217,898,15363.49
2025-11-16 15:59:49.217,899,16014.12
2025-11-16 15:59:49.217,900,15684.7
2025-11-16 15:59:49.217,901,15881.35
2025-11-16 15:59:49.217,902,17853.14
2025-11-16 15:59:49.217,903,21455.57
2025-11-16 15:59:49.217,904,70983.91
2025-11-16 15:59:49.217,905,53378.87
2025-11-16 15:59:49.217,906,173552.13
2025-11-16 15:59:49.217,907,15034.71
2025-11-16 15:59:49.217,908,25124.57
2025-11-16 15:59:49.217,909,79503.01
2025-11-16 15:59:49.217,910,40380.55
2025-11-16 15:59:49.217,911,40380.55
2025-11-16 15:59:49.217,912,14865.85
2025-11-16 15:59:49.217,913,14850.61
2025-11-16 15:59:49.217,914,13842.23
2025-11-16 15:59:49.217,915,14241.45
2025-11-16 15:59:49.217,916,13702.81
2025-11-16 15:59:49.217,917,13828.22
2025-11-16 15:59:49.217,918,13856.26
2025-11-16 15:59:49.217,919,13730.56
2025-11-16 15:59:49.217,920,13814.22
2025-11-16 15:59:49.217,921,13647.49
2025-11-16 15:59:49.217,922,13758.38
2025-11-16 15:59:49.217,923,13730.56
2025-11-16 15:59:49.217,924,13842.23
2025-11-16 15:59:49.217,925,13688.95
2025-11-16 15:59:49.217,926,14759.57
2025-11-16 15:59:49.217,927,13856.26
2025-11-16 15:59:49.217,928,16215.84
2025-11-16 15:59:49.217,929,15848.37
2025-11-16 15:59:49.217,930,17163.47
2025-11-16 15:59:49.217,931,18538.4
2025-11-16 15:59:49.217,932,18064.95
2025-11-16 15:59:49.217,933,19664.09
2025-11-16 15:59:49.217,934,14774.7
2025-11-16 15:59:49.217,935,17309.7
2025-11-16 15:59:49.217,936,15050.17
2025-11-16 15:59:49.217,937,15848.37
2025-11-16 15:59:49.217,938,17872.27
2025-11-16 15:59:49.217,939,15523.09
2025-11-16 15:59:49.217,940,16081.01
2025-11-16 15:59:49.217,941,16875.66
2025-11-16 15:59:49.217,942,16014.12
2025-11-16 15:59:49.217,943,16769.29
2025-11-16 15:59:49.217,944,33403.16
2025-11-16 15:59:49.217,945,15947.57
2025-11-16 15:59:49.217,946,15930.98
2025-11-16 15:59:49.217,947,16593.85
2025-11-16 15:59:49.217,948,16165.12
2025-11-16 15:59:49.217,949,16593.85
2025-11-16 15:59:49.217,950,18478.35
2025-11-16 15:59:49.217,951,22126.97
2025-11-16 15:59:49.217,952,73296.59
2025-11-16 15:59:49.217,953,54890.87
2025-11-16 15:59:49.217,954,175214.38
2025-11-16 15:59:49.217,955,15587.49
2025-11-16 15:59:49.217,956,26090.74
2025-11-16 15:59:49.217,957,81919.95
2025-11-16 15:59:49.217,958,41657.55
2025-11-16 15:59:49.217,959,41657.55
2025-11-16 15:59:49.217,960,19449.01
2025-11-16 15:59:49.217,961,19406.36
2025-11-16 15:59:49.217,962,18398.68
2025-11-16 15:59:49.217,963,18781.14
2025-11-16 15:59:49.217,964,18221.02
2025-11-16 15:59:49.217,965,18418.55
2025-11-16 15:59:49.217,966,18181.84
2025-11-16 15:59:49.217,967,18260.31
2025-11-16 15:59:49.217,968,18378.83
2025-11-16 15:59:49.217,969,18162.29
2025-11-16 15:59:49.217,970,18359.01
2025-11-16 15:59:49.217,971,18181.84
2025-11-16 15:59:49.217,972,18378.83
2025-11-16 15:59:49.217,973,18142.77
2025-11-16 15:59:49.217,974,19342.63
2025-11-16 15:59:49.217,975,18339.21
2025-11-16 15:59:49.217,976,21118.33
2025-11-16 15:59:49.217,977,20741.61
2025-11-16 15:59:49.217,978,21213.94
2025-11-16 15:59:49.217,979,23586.93
2025-11-16 15:59:49.217,980,22203.33
2025-11-16 15:59:49.217,981,23894.93
2025-11-16 15:59:49.217,982,19406.36
2025-11-16 15:59:49.217,983,21925.08
2025-11-16 15:59:49.217,984,19028.03
2025-11-16 15:59:49.217,985,20238.23
2025-11-16 15:59:49.217,986,21725.7
2025-11-16 15:59:49.217,987,18578.57
2025-11-16 15:59:49.217,988,20741.61
2025-11-16 15:59:49.217,989,21334.29
2025-11-16 15:59:49.217,990,20648.86
2025-11-16 15:59:49.217,991,22000.49
2025-11-16 15:59:49.217,992,41788.82
2025-11-16 15:59:49.217,993,20648.86
2025-11-16 15:59:49.217,994,20788.21
2025-11-16 15:59:49.217,995,20788.21
2025-11-16 15:59:49.217,996,20975.98
2025-11-16 15:59:49.217,997,21261.97
2025-11-16 15:59:49.217,998,23642.52
2025-11-16 15:59:49.217,999,27906.57
2025-11-16 15:59:49.217,1000,87167.16
2025-11-16 15:59:49.217,1001,68493.05
2025-11-16 15:59:49.217,1002,208912.44
2025-11-16 15:59:49.217,1003,20103.78
2025-11-16 15:59:49.217,1004,32675.42
2025-11-16 15:59:49.217,1005,99687.32
2025-11-16 15:59:49.217,1006,52409.35
2025-11-16 15:59:49.217,1007,52409.35
2025-11-16 15:59:49.217,1008,38695.02
2025-11-16 15:59:49.217,1009,38405.8
2025-11-16 15:59:49.217,1010,37009.64
2025-11-16 15:59:49.217,1011,37447.59
2025-11-16 15:59:49.217,1012,36579.68
2025-11-16 15:59:49.217,1013,36579.68
2025-11-16 15:59:49.217,1014,36686.43
2025-11-16 15:59:49.217,1015,36579.68
2025-11-16 15:59:49.217,1016,36157.48
2025-11-16 15:59:49.217,1017,35845.82
2025-11-16 15:59:49.217,1018,36053.13
2025-11-16 15:59:49.217,1019,36473.41
2025-11-16 15:59:49.217,1020,36157.48
2025-11-16 15:59:49.217,1021,35794.29
2025-11-16 15:59:49.217,1022,37669.63
2025-11-16 15:59:49.217,1023,36473.41
2025-11-16 15:59:49.217,1024,40132.67
2025-11-16 15:59:49.217,1025,39403.42
2025-11-16 15:59:49.217,1026,36901.41
2025-11-16 15:59:49.217,1027,42863.36
2025-11-16 15:59:49.217,1028,36473.41
2025-11-16 15:59:49.217,1029,39343.6
2025-11-16 15:59:49.217,1030,37781.43
2025-11-16 15:59:49.217,1031,37118.37
2025-11-16 15:59:49.217,1032,36314.91
2025-11-16 15:59:49.217,1033,38521.08
2025-11-16 15:59:49.217,1034,40009.64
2025-11-16 15:59:49.217,1035,37009.64
2025-11-16 15:59:49.217,1036,38348.37
2025-11-16 15:59:49.217,1037,39826.22
2025-11-16 15:59:49.217,1038,38348.37
2025-11-16 15:59:49.217,1039,40568.07
2025-11-16 15:59:49.217,1040,68493.05
2025-11-16 15:59:49.217,1041,38695.02
2025-11-16 15:59:49.217,1042,37837.53
2025-11-16 15:59:49.217,1043,37725.46
2025-11-16 15:59:49.217,1044,38811.68
2025-11-16 15:59:49.217,1045,38578.92
2025-11-16 15:59:49.217,1046,41854.7
2025-11-16 15:59:49.217,1047,45301.25
2025-11-16 15:59:49.217,1048,128722.46
2025-11-16 15:59:49.217,1049,109291.9
2025-11-16 15:59:49.217,1050,264774.34
2025-11-16 15:59:49.217,1051,37781.43
2025-11-16 15:59:49.217,1052,56693.92
2025-11-16 15:59:49.217,1053,175214.38
2025-11-16 15:59:49.217,1054,87167.16
2025-11-16 15:59:49.217,1055,87167.16
2025-11-16 15:59:49.217,1056,48641.14
2025-11-16 15:59:49.217,1057,48139.58
2025-11-16 15:59:49.217,1058,46606.3
2025-11-16 15:59:49.217,1059,46922.36
2025-11-16 15:59:49.217,1060,46138.74
2025-11-16 15:59:49.217,1061,46527.84
2025-11-16 15:59:49.217,1062,46061.56
2025-11-16 15:59:49.217,1063,46216.13
2025-11-16 15:59:49.217,1064,45301.25
2025-11-16 15:59:49.217,1065,45151.65
2025-11-16 15:59:49.217,1066,45301.25
2025-11-16 15:59:49.217,1067,44928.77
2025-11-16 15:59:49.217,1068,45226.35
2025-11-16 15:59:49.217,1069,45301.25
2025-11-16 15:59:49.217,1070,46449.59
2025-11-16 15:59:49.217,1071,45301.25
2025-11-16 15:59:49.217,1072,48810.25
2025-11-16 15:59:49.217,1073,46843.01
2025-11-16 15:59:49.217,1074,38006.61
2025-11-16 15:59:49.217,1075,51561.75
2025-11-16 15:59:49.217,1076,29449.88
2025-11-16 15:59:49.217,1077,30550.28
2025-11-16 15:59:49.217,1078,45907.83
2025-11-16 15:59:49.217,1079,42455.23
2025-11-16 15:59:49.217,1080,34252.03
2025-11-16 15:59:49.217,1081,43983.32
2025-11-16 15:59:49.217,1082,40256.3
2025-11-16 15:59:49.217,1083,40132.67
2025-11-16 15:59:49.217,1084,44781.16
2025-11-16 15:59:49.217,1085,46216.13
2025-11-16 15:59:49.217,1086,46138.74
2025-11-16 15:59:49.217,1087,51468.98
2025-11-16 15:59:49.217,1088,82335.49
2025-11-16 15:59:49.217,1089,46061.56
2025-11-16 15:59:49.217,1090,47081.7
2025-11-16 15:59:49.217,1091,45602.89
2025-11-16 15:59:49.217,1092,47161.71
2025-11-16 15:59:49.217,1093,46843.01
2025-11-16 15:59:49.217,1094,49845.72
2025-11-16 15:59:49.217,1095,53182.58
2025-11-16 15:59:49.217,1096,164172.88
2025-11-16 15:59:49.217,1097,142142.66
2025-11-16 15:59:49.217,1098,387544.88
2025-11-16 15:59:49.217,1099,44561.25
2025-11-16 15:59:49.217,1100,70663.95
2025-11-16 15:59:49.217,1101,213700.14
2025-11-16 15:59:49.217,1102,108599.64
2025-11-16 15:59:49.217,1103,108599.64
2025-11-16 15:59:49.217,1104,59534.86
2025-11-16 15:59:49.217,1105,59181.26
2025-11-16 15:59:49.217,1106,56368.51
2025-11-16 15:59:49.217,1107,56693.92
2025-11-16 15:59:49.217,1108,55939.52
2025-11-16 15:59:49.217,1109,56585.1
2025-11-16 15:59:49.217,1110,56260.74
2025-11-16 15:59:49.217,1111,56693.92
2025-11-16 15:59:49.217,1112,56260.74
2025-11-16 15:59:49.217,1113,56476.62
2025-11-16 15:59:49.217,1114,56693.92
2025-11-16 15:59:49.217,1115,56912.64
2025-11-16 15:59:49.217,1116,56368.51
2025-11-16 15:59:49.217,1117,56260.74
2025-11-16 15:59:49.217,1118,58028.08
2025-11-16 15:59:49.217,1119,56260.74
2025-11-16 15:59:49.217,1120,59534.86
2025-11-16 15:59:49.217,1121,58255.64
2025-11-16 15:59:49.217,1122,52600.88
2025-11-16 15:59:49.217,1123,64347.73
2025-11-16 15:59:49.217,1124,56260.74
2025-11-16 15:59:49.217,1125,57465.76
2025-11-16 15:59:49.217,1126,57802.03
2025-11-16 15:59:49.217,1127,55833.13
2025-11-16 15:59:49.217,1128,51192.37
2025-11-16 15:59:49.217,1129,56693.92
2025-11-16 15:59:49.217,1130,51009.33
2025-11-16 15:59:49.217,1131,52600.88
2025-11-16 15:59:49.217,1132,51654.79
2025-11-16 15:59:49.217,1133,54582.74
2025-11-16 15:59:49.217,1134,54994.24
2025-11-16 15:59:49.217,1135,62370.57
2025-11-16 15:59:49.217,1136,99687.32
2025-11-16 15:59:49.217,1137,56046.25
2025-11-16 15:59:49.217,1138,55621.39
2025-11-16 15:59:49.217,1139,53477.48
2025-11-16 15:59:49.217,1140,56368.51
2025-11-16 15:59:49.217,1141,56693.92
2025-11-16 15:59:49.217,1142,58484.71
2025-11-16 15:59:49.217,1143,67894.05
2025-11-16 15:59:49.217,1144,193656.09
2025-11-16 15:59:49.217,1145,168739.63
2025-11-16 15:59:49.217,1146,421032.91
2025-11-16 15:59:49.217,1147,55621.39
2025-11-16 15:59:49.217,1148,87631.56
2025-11-16 15:59:49.217,1149,268514.44
2025-11-16 15:59:49.217,1150,137745.05
2025-11-16 15:59:49.217,1151,137745.05
2025-11-16 15:59:49.217,1152,118680.02
2025-11-16 15:59:49.217,1153,115134.95
2025-11-16 15:59:49.217,1154,111418.03
2025-11-16 15:59:49.217,1155,113621.23
2025-11-16 15:59:49.217,1156,106238.64
2025-11-16 15:59:49.217,1157,113248.5
2025-11-16 15:59:49.217,1158,112509.73
2025-11-16 15:59:49.217,1159,119906.74
2025-11-16 15:59:49.217,1160,113996.21
2025-11-16 15:59:49.217,1161,108944.77
2025-11-16 15:59:49.217,1162,110700.96
2025-11-16 15:59:49.217,1163,109992.31
2025-11-16 15:59:49.217,1164,108599.64
2025-11-16 15:59:49.217,1165,108599.64
2025-11-16 15:59:49.217,1166,112877.99
2025-11-16 15:59:49.217,1167,106903.57
2025-11-16 15:59:49.217,1168,115905.77
2025-11-16 15:59:49.217,1169,108256.51
2025-11-16 15:59:49.217,1170,113621.23
2025-11-16 15:59:49.217,1171,126864.97
2025-11-16 15:59:49.217,1172,109291.9
2025-11-16 15:59:49.217,1173,120320.87
2025-11-16 15:59:49.217,1174,120737.61
2025-11-16 15:59:49.217,1175,112877.99
2025-11-16 15:59:49.217,1176,101787.58
2025-11-16 15:59:49.217,1177,112143.66
2025-11-16 15:59:49.217,1178,112509.73
2025-11-16 15:59:49.217,1179,109291.9
2025-11-16 15:59:49.217,1180,97948.88
2025-11-16 15:59:49.217,1181,105255.28
2025-11-16 15:59:49.217,1182,99687.32
2025-11-16 15:59:49.217,1183,118680.02
2025-11-16 15:59:49.217,1184,170315.53
2025-11-16 15:59:49.217,1185,97948.88
2025-11-16 15:59:49.217,1186,96820.16
2025-11-16 15:59:49.217,1187,102712.45
2025-11-16 15:59:49.217,1188,95714.8
2025-11-16 15:59:49.217,1189,91010.8
2025-11-16 15:59:49.217,1190,94632.04
2025-11-16 15:59:49.217,1191,114373.48
2025-11-16 15:59:49.217,1192,322883.13
2025-11-16 15:59:49.217,1193,312394.69
2025-11-16 15:59:49.217,1194,734602.25
2025-11-16 15:59:49.217,1195,89051.75
2025-11-16 15:59:49.217,1196,151134.84
2025-11-16 15:59:49.217,1197,455329.53
2025-11-16 15:59:49.217,1198,239631.09
2025-11-16 15:59:49.217,1199,239631.09
2025-11-16 15:59:49.217,1200,988899.38
2025-11-16 15:59:49.217,1201,988899.38
2025-11-16 15:59:49.217,1202,988899.38
2025-11-16 15:59:49.217,1203,988899.38
2025-11-16 15:59:49.217,1204,920784.13
2025-11-16 15:59:49.217,1205,920784.13
2025-11-16 15:59:49.217,1206,920784.13
2025-11-16 15:59:49.217,1207,920784.13
2025-11-16 15:59:49.217,1208,920784.13
2025-11-16 15:59:49.217,1209,988899.38
2025-11-16 15:59:49.217,1210,988899.38
2025-11-16 15:59:49.217,1211,900097.25
2025-11-16 15:59:49.217,1212,861364.44
2025-11-16 15:59:49.217,1213,734602.25
2025-11-16 15:59:49.217,1214,793012.25
2025-11-16 15:59:49.217,1215,762705.19
2025-11-16 15:59:49.217,1216,880309.75
2025-11-16 15:59:49.217,1217,900097.25
2025-11-16 15:59:49.217,1218,734602.25
2025-11-16 15:59:49.217,1219,793012.25
2025-11-16 15:59:49.217,1220,762705.19
2025-11-16 15:59:49.217,1221,762705.19
2025-11-16 15:59:49.217,1222,861364.44
2025-11-16 15:59:49.217,1223,672541.69
2025-11-16 15:59:49.217,1224,672541.69
2025-11-16 15:59:49.217,1225,942433.13
2025-11-16 15:59:49.217,1226,793012.25
2025-11-16 15:59:49.217,1227,734602.25
2025-11-16 15:59:49.217,1228,762705.19
2025-11-16 15:59:49.217,1229,793012.25
2025-11-16 15:59:49.217,1230,734602.25
2025-11-16 15:59:49.217,1231,900097.25
2025-11-16 15:59:49.217,1232,900097.25
2025-11-16 15:59:49.217,1233,900097.25
2025-11-16 15:59:49.217,1234,793012.25
2025-11-16 15:59:49.217,1235,748393.56
2025-11-16 15:59:49.217,1236,793012.25
2025-11-16 15:59:49.217,1237,900097.25
2025-11-16 15:59:49.217,1238,900097.25
2025-11-16 15:59:49.217,1239,988899.38
2025-11-16 15:59:49.217,1240,988899.38
2025-11-16 15:59:49.217,1241,988899.38
2025-11-16 15:59:49.217,1242,988899.38
2025-11-16 15:59:49.217,1243,988899.38
2025-11-16 15:59:49.217,1244,261133.28
2025-11-16 15:59:49.217,1245,261133.28
2025-11-16 15:59:49.217,1246,261133.28
2025-11-16 15:59:49.217,1247,261133.28
2025-11-16 15:59:49.217,1248,261133.28
2025-11-16 15:59:49.217,1249,250766.73
2025-11-16 15:59:49.217,1250,238117.42
2025-11-16 15:59:49.217,1251,211280.41
2025-11-16 15:59:49.217,1252,235144.47
2025-11-16 15:59:49.217,1253,223932.14
2025-11-16 15:59:49.217,1254,235144.47
2025-11-16 15:59:49.217,1255,223932.14
2025-11-16 15:59:49.217,1256,232241.86
2025-11-16 15:59:49.217,1257,222602.28
2025-11-16 15:59:49.217,1258,218701.81
2025-11-16 15:59:49.217,1259,235144.47
2025-11-16 15:59:49.217,1260,226638.0
2025-11-16 15:59:49.217,1261,228014.55
2025-11-16 15:59:49.217,1262,233684.53
2025-11-16 15:59:49.217,1263,223932.14
2025-11-16 15:59:49.217,1264,235144.47
2025-11-16 15:59:49.217,1265,229407.17
2025-11-16 15:59:49.217,1266,218701.81
2025-11-16 15:59:49.217,1267,255849.03
2025-11-16 15:59:49.217,1268,239631.09
2025-11-16 15:59:49.217,1269,241163.34
2025-11-16 15:59:49.217,1270,238117.42
2025-11-16 15:59:49.217,1271,226638.0
2025-11-16 15:59:49.217,1272,226638.0
2025-11-16 15:59:49.217,1273,229407.17
2025-11-16 15:59:49.217,1274,250766.73
2025-11-16 15:59:49.217,1275,235144.47
2025-11-16 15:59:49.217,1276,238117.42
2025-11-16 15:59:49.217,1277,235144.47
2025-11-16 15:59:49.217,1278,223932.14
2025-11-16 15:59:49.217,1279,247485.06
2025-11-16 15:59:49.217,1280,379970.25
2025-11-16 15:59:49.217,1281,229407.17
2025-11-16 15:59:49.217,1282,223932.14
2025-11-16 15:59:49.217,1283,232241.86
2025-11-16 15:59:49.217,1284,216173.34
2025-11-16 15:59:49.217,1285,241163.34
2025-11-16 15:59:49.217,1286,288853.09
2025-11-16 15:59:49.217,1287,322883.13
2025-11-16 15:59:49.217,1288,762705.19
2025-11-16 15:59:49.217,1289,708471.5
2025-11-16 15:59:49.217,1290,288853.09
2025-11-16 15:59:49.217,1291,288853.09
2025-11-16 15:59:49.217,1292,365654.84
2025-11-16 15:59:49.217,1293,988899.38
2025-11-16 15:59:49.217,1294,672541.69
2025-11-16 15:59:49.217,1295,672541.69
2025-11-16 15:59:49.217,1296,51009.33
2025-11-16 15:59:49.217,1297,48810.25
2025-11-16 15:59:49.217,1298,50021.84
2025-11-16 15:59:49.217,1299,48895.18
2025-11-16 15:59:49.217,1300,49845.72
2025-11-16 15:59:49.217,1301,49758.04
2025-11-16 15:59:49.217,1302,48980.34
2025-11-16 15:59:49.217,1303,49670.62
2025-11-16 15:59:49.217,1304,48980.34
2025-11-16 15:59:49.217,1305,48810.25
2025-11-16 15:59:49.217,1306,50110.29
2025-11-16 15:59:49.217,1307,48056.82
2025-11-16 15:59:49.217,1308,48980.34
2025-11-16 15:59:49.217,1309,49583.45
2025-11-16 15:59:49.217,1310,51841.71
2025-11-16 15:59:49.217,1311,47646.51
2025-11-16 15:59:49.217,1312,49496.55
2025-11-16 15:59:49.217,1313,48473.0
2025-11-16 15:59:49.217,1314,51654.79
2025-11-16 15:59:49.217,1315,57577.48
2025-11-16 15:59:49.217,1316,54176.42
2025-11-16 15:59:49.217,1317,56803.11
2025-11-16 15:59:49.217,1318,51376.5
2025-11-16 15:59:49.217,1319,47484.0
2025-11-16 15:59:49.217,1320,48810.25
2025-11-16 15:59:49.217,1321,51654.79
2025-11-16 15:59:49.217,1322,52890.38
2025-11-16 15:59:49.217,1323,49670.62
2025-11-16 15:59:49.217,1324,42726.61
2025-11-16 15:59:49.217,1325,52029.78
2025-11-16 15:59:49.217,1326,44707.67
2025-11-16 15:59:49.217,1327,54176.42
2025-11-16 15:59:49.217,1328,78725.33
2025-11-16 15:59:49.217,1329,44707.67
2025-11-16 15:59:49.217,1330,43628.29
2025-11-16 15:59:49.217,1331,50199.01
2025-11-16 15:59:49.217,1332,41788.82
2025-11-16 15:59:49.217,1333,41526.96
2025-11-16 15:59:49.217,1334,40630.89
2025-11-16 15:59:49.217,1335,59416.6
2025-11-16 15:59:49.217,1336,154372.98
2025-11-16 15:59:49.217,1337,146809.88
2025-11-16 15:59:49.217,1338,288853.09
2025-11-16 15:59:49.217,1339,48473.0
2025-11-16 15:59:49.217,1340,67894.05
2025-11-16 15:59:49.217,1341,226638.0
2025-11-16 15:59:49.217,1342,113621.23
2025-11-16 15:59:49.217,1343,113621.23
2025-11-16 15:59:49.217,1344,30671.81
2025-11-16 15:59:49.217,1345,30550.28
2025-11-16 15:59:49.217,1346,29146.33
2025-11-16 15:59:49.217,1347,29297.52
2025-11-16 15:59:49.217,1348,28996.3
2025-11-16 15:59:49.217,1349,29221.78
2025-11-16 15:59:49.217,1350,28810.36
2025-11-16 15:59:49.217,1351,28996.3
2025-11-16 15:59:49.217,1352,29146.33
2025-11-16 15:59:49.217,1353,28480.09
2025-11-16 15:59:49.217,1354,29033.7
2025-11-16 15:59:49.217,1355,28921.71
2025-11-16 15:59:49.217,1356,29184.02
2025-11-16 15:59:49.217,1357,28958.97
2025-11-16 15:59:49.217,1358,30712.49
2025-11-16 15:59:49.217,1359,28921.71
2025-11-16 15:59:49.217,1360,31501.02
2025-11-16 15:59:49.217,1361,30429.46
2025-11-16 15:59:49.217,1362,33036.22
2025-11-16 15:59:49.217,1363,36001.13
2025-11-16 15:59:49.217,1364,34738.09
2025-11-16 15:59:49.217,1365,36579.68
2025-11-16 15:59:49.217,1366,30550.28
2025-11-16 15:59:49.217,1367,31885.26
2025-11-16 15:59:49.217,1368,30150.32
2025-11-16 15:59:49.217,1369,31713.61
2025-11-16 15:59:49.217,1370,34348.4
2025-11-16 15:59:49.217,1371,31290.57
2025-11-16 15:59:49.217,1372,28736.48
2025-11-16 15:59:49.217,1373,32189.05
2025-11-16 15:59:49.217,1374,29071.17
2025-11-16 15:59:49.217,1375,33036.22
2025-11-16 15:59:49.217,1376,53576.4
2025-11-16 15:59:49.217,1377,29146.33
2025-11-16 15:59:49.217,1378,28699.64
2025-11-16 15:59:49.217,1379,32058.32
2025-11-16 15:59:49.217,1380,28553.0
2025-11-16 15:59:49.217,1381,28553.0
2025-11-16 15:59:49.217,1382,29108.72
2025-11-16 15:59:49.217,1383,39644.14
2025-11-16 15:59:49.217,1384,109992.31
2025-11-16 15:59:49.217,1385,94900.64
2025-11-16 15:59:49.217,1386,257587.41
2025-11-16 15:59:49.217,1387,30835.0
2025-11-16 15:59:49.217,1388,45984.59
2025-11-16 15:59:49.217,1389,152414.69
2025-11-16 15:59:49.217,1390,74678.3
2025-11-16 15:59:49.217,1391,74678.3
2025-11-16 15:59:49.217,1392,29146.33
2025-11-16 15:59:49.217,1393,29071.17
2025-11-16 15:59:49.217,1394,28407.46
2025-11-16 15:59:49.217,1395,28263.01
2025-11-16 15:59:49.217,1396,27626.15
2025-11-16 15:59:49.217,1397,27941.91
2025-11-16 15:59:49.217,1398,27695.87
2025-11-16 15:59:49.217,1399,27626.15
2025-11-16 15:59:49.217,1400,28119.63
2025-11-16 15:59:49.217,1401,27418.54
2025-11-16 15:59:49.217,1402,28227.06
2025-11-16 15:59:49.217,1403,27941.91
2025-11-16 15:59:49.217,1404,27800.93
2025-11-16 15:59:49.217,1405,27906.57
2025-11-16 15:59:49.217,1406,29526.5
2025-11-16 15:59:49.217,1407,27906.57
2025-11-16 15:59:49.217,1408,30389.34
2025-11-16 15:59:49.217,1409,28958.97
2025-11-16 15:59:49.217,1410,32320.6
2025-11-16 15:59:49.217,1411,34935.51
2025-11-16 15:59:49.217,1412,34060.55
2025-11-16 15:59:49.217,1413,36105.25
2025-11-16 15:59:49.217,1414,29297.52
2025-11-16 15:59:49.217,1415,31543.36
2025-11-16 15:59:49.217,1416,29680.64
2025-11-16 15:59:49.217,1417,31040.83
2025-11-16 15:59:49.217,1418,34060.55
2025-11-16 15:59:49.217,1419,31040.83
2025-11-16 15:59:49.217,1420,29953.28
2025-11-16 15:59:49.217,1421,32855.06
2025-11-16 15:59:49.217,1422,29526.5
2025-11-16 15:59:49.217,1423,32320.6
2025-11-16 15:59:49.217,1424,54994.24
2025-11-16 15:59:49.217,1425,29603.42
2025-11-16 15:59:49.217,1426,29603.42
2025-11-16 15:59:49.217,1427,32145.38
2025-11-16 15:59:49.217,1428,30229.68
2025-11-16 15:59:49.217,1429,30389.34
2025-11-16 15:59:49.217,1430,32320.6
2025-11-16 15:59:49.217,1431,39887.21
2025-11-16 15:59:49.217,1432,109992.31
2025-11-16 15:59:49.217,1433,97664.48
2025-11-16 15:59:49.217,1434,280371.47
2025-11-16 15:59:49.217,1435,30753.24
2025-11-16 15:59:49.217,1436,45754.95
2025-11-16 15:59:49.217,1437,151134.84
2025-11-16 15:59:49.217,1438,76106.58
2025-11-16 15:59:49.217,1439,76106.58
2025-11-16 15:59:49.217,1440,35335.6
2025-11-16 15:59:49.217,1441,34252.03
2025-11-16 15:59:49.217,1442,34060.55
2025-11-16 15:59:49.217,1443,33310.84
2025-11-16 15:59:49.217,1444,33588.98
2025-11-16 15:59:49.217,1445,33776.39
2025-11-16 15:59:49.217,1446,34156.08
2025-11-16 15:59:49.217,1447,34060.55
2025-11-16 15:59:49.217,1448,33823.5
2025-11-16 15:59:49.217,1449,33682.49
2025-11-16 15:59:49.217,1450,34156.08
2025-11-16 15:59:49.217,1451,34396.74
2025-11-16 15:59:49.217,1452,34060.55
2025-11-16 15:59:49.217,1453,34108.26
2025-11-16 15:59:49.217,1454,35640.36
2025-11-16 15:59:49.217,1455,33776.39
2025-11-16 15:59:49.217,1456,34836.58
2025-11-16 15:59:49.217,1457,33776.39
2025-11-16 15:59:49.217,1458,38463.37
2025-11-16 15:59:49.217,1459,40883.72
2025-11-16 15:59:49.217,1460,39343.6
2025-11-16 15:59:49.217,1461,41920.75
2025-11-16 15:59:49.217,1462,34935.51
2025-11-16 15:59:49.217,1463,34542.39
2025-11-16 15:59:49.217,1464,34935.51
2025-11-16 15:59:49.217,1465,36686.43
2025-11-16 15:59:49.217,1466,39283.93
2025-11-16 15:59:49.217,1467,35742.86
2025-11-16 15:59:49.217,1468,31971.61
2025-11-16 15:59:49.217,1469,37227.6
2025-11-16 15:59:49.217,1470,32276.66
2025-11-16 15:59:49.217,1471,38176.89
2025-11-16 15:59:49.217,1472,56046.25
2025-11-16 15:59:49.217,1473,31756.39
2025-11-16 15:59:49.217,1474,26742.69
2025-11-16 15:59:49.217,1475,36001.13
2025-11-16 15:59:49.217,1476,31458.76
2025-11-16 15:59:49.217,1477,30999.5
2025-11-16 15:59:49.217,1478,26219.28
2025-11-16 15:59:49.217,1479,43557.83
2025-11-16 15:59:49.217,1480,118276.26
2025-11-16 15:59:49.217,1481,104608.9
2025-11-16 15:59:49.217,1482,284551.28
2025-11-16 15:59:49.217,1483,35034.87
2025-11-16 15:59:49.217,1484,49065.75
2025-11-16 15:59:49.217,1485,165668.98
2025-11-16 15:59:49.217,1486,83177.96
2025-11-16 15:59:49.217,1487,83177.96
2025-11-16 15:59:49.217,1488,26090.74
2025-11-16 15:59:49.217,1489,25741.9
2025-11-16 15:59:49.217,1490,25033.8
2025-11-16 15:59:49.217,1491,24675.34
2025-11-16 15:59:49.217,1492,24557.47
2025-11-16 15:59:49.217,1493,25033.8
2025-11-16 15:59:49.217,1494,24823.81
2025-11-16 15:59:49.217,1495,25003.64
2025-11-16 15:59:49.217,1496,25094.26
2025-11-16 15:59:49.217,1497,24764.27
2025-11-16 15:59:49.217,1498,24913.49
2025-11-16 15:59:49.217,1499,25033.8
2025-11-16 15:59:49.217,1500,25094.26
2025-11-16 15:59:49.217,1501,25064.0
2025-11-16 15:59:49.217,1502,26187.06
2025-11-16 15:59:49.217,1503,25033.8
2025-11-16 15:59:49.217,1504,25963.11
2025-11-16 15:59:49.217,1505,24382.16
2025-11-16 15:59:49.217,1506,28699.64
2025-11-16 15:59:49.217,1507,30958.25
2025-11-16 15:59:49.217,1508,30229.68
2025-11-16 15:59:49.217,1509,31885.26
2025-11-16 15:59:49.217,1510,26154.89
2025-11-16 15:59:49.217,1511,26413.8
2025-11-16 15:59:49.217,1512,26154.89
2025-11-16 15:59:49.217,1513,27349.84
2025-11-16 15:59:49.217,1514,30071.27
2025-11-16 15:59:49.217,1515,26809.18
2025-11-16 15:59:49.217,1516,24794.01
2025-11-16 15:59:49.217,1517,28407.46
2025-11-16 15:59:49.217,1518,24266.27
2025-11-16 15:59:49.217,1519,28553.0
2025-11-16 15:59:49.217,1520,44561.25
2025-11-16 15:59:49.217,1521,24266.27
2025-11-16 15:59:49.217,1522,24266.27
2025-11-16 15:59:49.217,1523,27349.84
2025-11-16 15:59:49.217,1524,24324.12
2025-11-16 15:59:49.217,1525,24616.31
2025-11-16 15:59:49.217,1526,25185.35
2025-11-16 15:59:49.217,1527,34396.74
2025-11-16 15:59:49.217,1528,101482.63
2025-11-16 15:59:49.217,1529,80494.47
2025-11-16 15:59:49.217,1530,230816.17
2025-11-16 15:59:49.217,1531,26479.11
2025-11-16 15:59:49.217,1532,37781.43
2025-11-16 15:59:49.217,1533,127787.46
2025-11-16 15:59:49.217,1534,61860.94
2025-11-16 15:59:49.217,1535,61860.94
2025-11-16 15:59:49.217,1536,24973.54
2025-11-16 15:59:49.217,1537,24973.54
2025-11-16 15:59:49.217,1538,24973.54
2025-11-16 15:59:49.217,1539,24973.54
2025-11-16 15:59:49.217,1540,24973.54
2025-11-16 15:59:49.217,1541,24973.54
2025-11-16 15:59:49.217,1542,24973.54
2025-11-16 15:59:49.217,1543,24973.54
2025-11-16 15:59:49.217,1544,24973.54
2025-11-16 15:59:49.217,1545,24973.54
2025-11-16 15:59:49.217,1546,24973.54
2025-11-16 15:59:49.217,1547,24973.54
2025-11-16 15:59:49.217,1548,24973.54
2025-11-16 15:59:49.217,1549,24973.54
2025-11-16 15:59:49.217,1550,24973.54
2025-11-16 15:59:49.217,1551,24973.54
2025-11-16 15:59:49.217,1552,24973.54
2025-11-16 15:59:49.217,1553,24973.54
2025-11-16 15:59:49.217,1554,24973.54
2025-11-16 15:59:49.217,1555,24973.54
2025-11-16 15:59:49.217,1556,24973.54
2025-11-16 15:59:49.217,1557,24973.54
2025-11-16 15:59:49.217,1558,24973.54
2025-11-16 15:59:49.217,1559,24973.54
2025-11-16 15:59:49.217,1560,24973.54
2025-11-16 15:59:49.217,1561,24973.54
2025-11-16 15:59:49.217,1562,24973.54
2025-11-16 15:59:49.217,1563,24973.54
2025-11-16 15:59:49.217,1564,24973.54
2025-11-16 15:59:49.217,1565,24973.54
2025-11-16 15:59:49.217,1566,24973.54
2025-11-16 15:59:49.217,1567,24973.54
2025-11-16 15:59:49.217,1568,24973.54
2025-11-16 15:59:49.217,1569,24973.54
2025-11-16 15:59:49.217,1570,24973.54
2025-11-16 15:59:49.217,1571,24973.54
2025-11-16 15:59:49.217,1572,24973.54
2025-11-16 15:59:49.217,1573,24973.54
2025-11-16 15:59:49.217,1574,24973.54
2025-11-16 15:59:49.217,1575,24973.54
2025-11-16 15:59:49.217,1576,24973.54
2025-11-16 15:59:49.217,1577,24973.54
2025-11-16 15:59:49.217,1578,24973.54
2025-11-16 15:59:49.217,1579,24973.54
2025-11-16 15:59:49.217,1580,24973.54
2025-11-16 15:59:49.217,1581,24973.54
2025-11-16 15:59:49.217,1582,24973.54
2025-11-16 15:59:49.217,1583,24973.54
2025-11-16 15:59:49.217,1584,24973.54
2025-11-16 15:59:49.217,1585,24675.34
2025-11-16 15:59:49.217,1586,23951.54
2025-11-16 15:59:49.217,1587,23311.73
2025-11-16 15:59:49.217,1588,23642.52
2025-11-16 15:59:49.217,1589,23698.29
2025-11-16 15:59:49.217,1590,23670.38
2025-11-16 15:59:49.217,1591,23838.52
2025-11-16 15:59:49.217,1592,23894.93
2025-11-16 15:59:49.217,1593,23670.38
2025-11-16 15:59:49.217,1594,23923.21
2025-11-16 15:59:49.217,1595,24036.8
2025-11-16 15:59:49.217,1596,23866.7
2025-11-16 15:59:49.217,1597,23810.38
2025-11-16 15:59:49.217,1598,25033.8
2025-11-16 15:59:49.217,1599,23202.91
2025-11-16 15:59:49.217,1600,24382.16
2025-11-16 15:59:49.217,1601,23366.42
2025-11-16 15:59:49.217,1602,27695.87
2025-11-16 15:59:49.217,1603,29603.42
2025-11-16 15:59:49.217,1604,28958.97
2025-11-16 15:59:49.217,1605,30999.5
2025-11-16 15:59:49.217,1606,25154.93
2025-11-16 15:59:49.217,1607,25276.9
2025-11-16 15:59:49.217,1608,25461.45
2025-11-16 15:59:49.217,1609,26676.44
2025-11-16 15:59:49.217,1610,28884.52
2025-11-16 15:59:49.217,1611,26058.75
2025-11-16 15:59:49.217,1612,24382.16
2025-11-16 15:59:49.217,1613,27349.84
2025-11-16 15:59:49.217,1614,23810.38
2025-11-16 15:59:49.217,1615,27660.98
2025-11-16 15:59:49.217,1616,44634.36
2025-11-16 15:59:49.217,1617,24586.87
2025-11-16 15:59:49.217,1618,24266.27
2025-11-16 15:59:49.217,1619,27213.2
2025-11-16 15:59:49.217,1620,24498.84
2025-11-16 15:59:49.217,1621,24675.34
2025-11-16 15:59:49.217,1622,26413.8
2025-11-16 15:59:49.217,1623,34252.03
2025-11-16 15:59:49.217,1624,96820.16
2025-11-16 15:59:49.217,1625,84909.8
2025-11-16 15:59:49.217,1626,228014.55
2025-11-16 15:59:49.217,1627,26090.74
2025-11-16 15:59:49.217,1628,37669.63
2025-11-16 15:59:49.217,1629,128722.46
2025-11-16 15:59:49.217,1630,65867.58
2025-11-16 15:59:49.217,1631,65867.58
2025-11-16 15:59:49.217,1632,24498.84
2025-11-16 15:59:49.217,1633,23810.38
2025-11-16 15:59:49.217,1634,23257.23
2025-11-16 15:59:49.217,1635,22987.37
2025-11-16 15:59:49.217,1636,23311.73
2025-11-16 15:59:49.217,1637,23393.82
2025-11-16 15:59:49.217,1638,23586.93
2025-11-16 15:59:49.217,1639,23257.23
2025-11-16 15:59:49.217,1640,23284.46
2025-11-16 15:59:49.217,1641,23148.76
2025-11-16 15:59:49.217,1642,23698.29
2025-11-16 15:59:49.217,1643,23393.82
2025-11-16 15:59:49.217,1644,23202.91
2025-11-16 15:59:49.217,1645,23202.91
2025-11-16 15:59:49.217,1646,24179.86
2025-11-16 15:59:49.217,1647,23257.23
2025-11-16 15:59:49.217,1648,22434.62
2025-11-16 15:59:49.217,1649,21023.29
2025-11-16 15:59:49.217,1650,26643.4
2025-11-16 15:59:49.217,1651,28553.0
2025-11-16 15:59:49.217,1652,27660.98
2025-11-16 15:59:49.217,1653,29221.78
2025-11-16 15:59:49.217,1654,24586.87
2025-11-16 15:59:49.217,1655,24324.12
2025-11-16 15:59:49.217,1656,24151.15
2025-11-16 15:59:49.217,1657,25710.52
2025-11-16 15:59:49.217,1658,26942.87
2025-11-16 15:59:49.217,1659,24557.47
2025-11-16 15:59:49.217,1660,18418.55
2025-11-16 15:59:49.217,1661,25647.93
2025-11-16 15:59:49.217,1662,17272.99
2025-11-16 15:59:49.217,1663,26479.11
2025-11-16 15:59:49.217,1664,38463.37
2025-11-16 15:59:49.217,1665,16875.66
2025-11-16 15:59:49.217,1666,19449.01
2025-11-16 15:59:49.217,1667,24704.93
2025-11-16 15:59:49.217,1668,16681.28
2025-11-16 15:59:49.217,1669,19111.26
2025-11-16 15:59:49.217,1670,22907.26
2025-11-16 15:59:49.217,1671,30229.68
2025-11-16 15:59:49.217,1672,94632.04
2025-11-16 15:59:49.217,1673,79896.98
2025-11-16 15:59:49.217,1674,211280.41
2025-11-16 15:59:49.217,1675,23923.21
2025-11-16 15:59:49.217,1676,34348.4
2025-11-16 15:59:49.217,1677,121579.19
2025-11-16 15:59:49.217,1678,60132.29
2025-11-16 15:59:49.217,1679,60132.29
2025-11-16 15:59:49.217,1680,34836.58
2025-11-16 15:59:49.217,1681,34060.55
2025-11-16 15:59:49.217,1682,33036.22
2025-11-16 15:59:49.217,1683,32145.38
2025-11-16 15:59:49.217,1684,33310.84
2025-11-16 15:59:49.217,1685,33635.68
2025-11-16 15:59:49.217,1686,33403.16
2025-11-16 15:59:49.217,1687,33310.84
2025-11-16 15:59:49.217,1688,33495.87
2025-11-16 15:59:49.217,1689,33173.1
2025-11-16 15:59:49.217,1690,33588.98
2025-11-16 15:59:49.217,1691,33635.68
2025-11-16 15:59:49.217,1692,33036.22
2025-11-16 15:59:49.217,1693,33081.75
2025-11-16 15:59:49.217,1694,34396.74
2025-11-16 15:59:49.217,1695,32320.6
2025-11-16 15:59:49.217,1696,31885.26
2025-11-16 15:59:49.217,1697,29297.52
2025-11-16 15:59:49.217,1698,37009.64
2025-11-16 15:59:49.217,1699,39463.38
2025-11-16 15:59:49.217,1700,38753.28
2025-11-16 15:59:49.217,1701,41397.01
2025-11-16 15:59:49.217,1702,34300.16
2025-11-16 15:59:49.217,1703,33495.87
2025-11-16 15:59:49.217,1704,34640.03
2025-11-16 15:59:49.217,1705,36157.48
2025-11-16 15:59:49.217,1706,38348.37
2025-11-16 15:59:49.217,1707,35742.86
2025-11-16 15:59:49.217,1708,30794.08
2025-11-16 15:59:49.217,1709,36686.43
2025-11-16 15:59:49.217,1710,30031.86
2025-11-16 15:59:49.217,1711,37893.76
2025-11-16 15:59:49.217,1712,50199.01
2025-11-16 15:59:49.217,1713,30309.35
2025-11-16 15:59:49.217,1714,30389.34
2025-11-16 15:59:49.217,1715,36367.62
2025-11-16 15:59:49.217,1716,28443.74
2025-11-16 15:59:49.217,1717,30590.71
2025-11-16 15:59:49.217,1718,33870.7
2025-11-16 15:59:49.217,1719,43840.75
2025-11-16 15:59:49.217,1720,119906.74
2025-11-16 15:59:49.217,1721,103024.17
2025-11-16 15:59:49.217,1722,280371.47
2025-11-16 15:59:49.217,1723,35134.67
2025-11-16 15:59:49.217,1724,47322.41
2025-11-16 15:59:49.217,1725,163434.33
2025-11-16 15:59:49.217,1726,82335.49
2025-11-16 15:59:49.217,1727,82335.49
2025-11-16 15:59:49.217,1728,26709.53
2025-11-16 15:59:49.217,1729,26187.06
2025-11-16 15:59:49.217,1730,25836.37
2025-11-16 15:59:49.217,1731,25585.55
2025-11-16 15:59:49.217,1732,25710.52
2025-11-16 15:59:49.217,1733,26058.75
2025-11-16 15:59:49.217,1734,25773.33
2025-11-16 15:59:49.217,1735,25994.93
2025-11-16 15:59:49.217,1736,26026.81
2025-11-16 15:59:49.217,1737,25647.93
2025-11-16 15:59:49.217,1738,26090.74
2025-11-16 15:59:49.217,1739,25963.11
2025-11-16 15:59:49.217,1740,25836.37
2025-11-16 15:59:49.217,1741,25899.63
2025-11-16 15:59:49.217,1742,26875.9
2025-11-16 15:59:49.217,1743,25963.11
2025-11-16 15:59:49.217,1744,24151.15
2025-11-16 15:59:49.217,1745,22827.54
2025-11-16 15:59:49.217,1746,28443.74
2025-11-16 15:59:49.217,1747,31290.57
2025-11-16 15:59:49.217,1748,30631.22
2025-11-16 15:59:49.217,1749,32408.75
2025-11-16 15:59:49.217,1750,27145.25
2025-11-16 15:59:49.217,1751,26577.51
2025-11-16 15:59:49.217,1752,27043.79
2025-11-16 15:59:49.217,1753,28335.09
2025-11-16 15:59:49.217,1754,30071.27
2025-11-16 15:59:49.217,1755,27626.15
2025-11-16 15:59:49.217,1756,19707.48
2025-11-16 15:59:49.217,1757,28335.09
2025-11-16 15:59:49.217,1758,20579.65
2025-11-16 15:59:49.217,1759,29297.52
2025-11-16 15:59:49.217,1760,41920.75
2025-11-16 15:59:49.217,1761,22203.33
2025-11-16 15:59:49.217,1762,21651.57
2025-11-16 15:59:49.217,1763,27626.15
2025-11-16 15:59:49.217,1764,21406.95
2025-11-16 15:59:49.217,1765,21213.94
2025-11-16 15:59:49.217,1766,25963.11
2025-11-16 15:59:49.217,1767,34300.16
2025-11-16 15:59:49.217,1768,99687.32
2025-11-16 15:59:49.217,1769,90021.7
2025-11-16 15:59:49.217,1770,247485.06
2025-11-16 15:59:49.217,1771,27077.54
2025-11-16 15:59:49.217,1772,37337.34
2025-11-16 15:59:49.217,1773,134100.34
2025-11-16 15:59:49.217,1774,70346.52
2025-11-16 15:59:49.217,1775,70346.52
2025-11-16 15:59:49.217,1776,24557.47
2025-11-16 15:59:49.217,1777,23838.52
2025-11-16 15:59:49.217,1778,23257.23
2025-11-16 15:59:49.217,1779,22512.45
2025-11-16 15:59:49.217,1780,22933.92
2025-11-16 15:59:49.217,1781,23094.79
2025-11-16 15:59:49.217,1782,23014.16
2025-11-16 15:59:49.217,1783,23311.73
2025-11-16 15:59:49.217,1784,22933.92
2025-11-16 15:59:49.217,1785,22933.92
2025-11-16 15:59:49.217,1786,23311.73
2025-11-16 15:59:49.217,1787,23040.99
2025-11-16 15:59:49.217,1788,23040.99
2025-11-16 15:59:49.217,1789,22987.37
2025-11-16 15:59:49.217,1790,24093.88
2025-11-16 15:59:49.217,1791,22933.92
2025-11-16 15:59:49.217,1792,21602.34
2025-11-16 15:59:49.217,1793,20059.23
2025-11-16 15:59:49.217,1794,25741.9
2025-11-16 15:59:49.217,1795,27765.84
2025-11-16 15:59:49.217,1796,27145.25
2025-11-16 15:59:49.217,1797,28810.36
2025-11-16 15:59:49.217,1798,23866.7
2025-11-16 15:59:49.217,1799,22933.92
2025-11-16 15:59:49.217,1800,23810.38
2025-11-16 15:59:49.217,1801,25154.93
2025-11-16 15:59:49.217,1802,26511.85
2025-11-16 15:59:49.217,1803,24586.87
2025-11-16 15:59:49.217,1804,18498.34
2025-11-16 15:59:49.217,1805,25523.39
2025-11-16 15:59:49.217,1806,19174.0
2025-11-16 15:59:49.217,1807,26154.89
2025-11-16 15:59:49.217,1808,38463.37
2025-11-16 15:59:49.217,1809,19363.84
2025-11-16 15:59:49.217,1810,17328.08
2025-11-16 15:59:49.217,1811,24151.15
2025-11-16 15:59:49.217,1812,17795.93
2025-11-16 15:59:49.217,1813,16148.25
2025-11-16 15:59:49.217,1814,22616.81
2025-11-16 15:59:49.217,1815,29680.64
2025-11-16 15:59:49.217,1816,94098.91
2025-11-16 15:59:49.217,1817,79896.98
2025-11-16 15:59:49.217,1818,211280.41
2025-11-16 15:59:49.217,1819,23810.38
2025-11-16 15:59:49.217,1820,33776.39
2025-11-16 15:59:49.217,1821,115519.18
2025-11-16 15:59:49.217,1822,60011.99
2025-11-16 15:59:49.217,1823,60011.99
2025-11-16 15:59:49.217,1824,33127.38
2025-11-16 15:59:49.217,1825,32232.81
2025-11-16 15:59:49.217,1826,30876.0
2025-11-16 15:59:49.217,1827,31458.76
2025-11-16 15:59:49.217,1828,31543.36
2025-11-16 15:59:49.217,1829,31628.31
2025-11-16 15:59:49.217,1830,31670.92
2025-11-16 15:59:49.217,1831,32058.32
2025-11-16 15:59:49.217,1832,31799.26
2025-11-16 15:59:49.217,1833,31543.36
2025-11-16 15:59:49.217,1834,31543.36
2025-11-16 15:59:49.217,1835,31713.61
2025-11-16 15:59:49.217,1836,31585.79
2025-11-16 15:59:49.217,1837,31713.61
2025-11-16 15:59:49.217,1838,33081.75
2025-11-16 15:59:49.217,1839,31885.26
2025-11-16 15:59:49.217,1840,31290.57
2025-11-16 15:59:49.217,1841,28810.36
2025-11-16 15:59:49.217,1842,35742.86
2025-11-16 15:59:49.217,1843,37558.35
2025-11-16 15:59:49.217,1844,37118.37
2025-11-16 15:59:49.217,1845,39463.38
2025-11-16 15:59:49.217,1846,32855.06
2025-11-16 15:59:49.217,1847,33449.47
2025-11-16 15:59:49.217,1848,33127.38
2025-11-16 15:59:49.217,1849,34445.18
2025-11-16 15:59:49.217,1850,36686.43
2025-11-16 15:59:49.217,1851,33495.87
2025-11-16 15:59:49.217,1852,28407.46
2025-11-16 15:59:49.217,1853,34640.03
2025-11-16 15:59:49.217,1854,27349.84
2025-11-16 15:59:49.217,1855,35949.24
2025-11-16 15:59:49.217,1856,49758.04
2025-11-16 15:59:49.217,1857,28516.51
2025-11-16 15:59:49.217,1858,28553.0
2025-11-16 15:59:49.217,1859,34012.93
2025-11-16 15:59:49.217,1860,29071.17
2025-11-16 15:59:49.217,1861,29184.02
2025-11-16 15:59:49.217,1862,32675.42
2025-11-16 15:59:49.217,1863,42053.34
2025-11-16 15:59:49.217,1864,119906.74
2025-11-16 15:59:49.217,1865,104608.9
2025-11-16 15:59:49.217,1866,276308.56
2025-11-16 15:59:49.217,1867,33173.1
2025-11-16 15:59:49.217,1868,43983.32
2025-11-16 15:59:49.217,1869,153062.25
2025-11-16 15:59:49.217,1870,78341.52
2025-11-16 15:59:49.217,1871,78341.52
2025-11-16 15:59:49.217,1872,28191.18
2025-11-16 15:59:49.217,1873,27660.98
2025-11-16 15:59:49.217,1874,27043.79
2025-11-16 15:59:49.217,1875,26643.4
2025-11-16 15:59:49.217,1876,27010.09
2025-11-16 15:59:49.217,1877,27213.2
2025-11-16 15:59:49.217,1878,26909.36
2025-11-16 15:59:49.217,1879,27145.25
2025-11-16 15:59:49.217,1880,27077.54
2025-11-16 15:59:49.217,1881,26842.51
2025-11-16 15:59:49.217,1882,26842.51
2025-11-16 15:59:49.217,1883,27077.54
2025-11-16 15:59:49.217,1884,27077.54
2025-11-16 15:59:49.217,1885,27043.79
2025-11-16 15:59:49.217,1886,28191.18
2025-11-16 15:59:49.217,1887,27077.54
2025-11-16 15:59:49.217,1888,26348.73
2025-11-16 15:59:49.217,1889,24324.12
2025-11-16 15:59:49.217,1890,30794.08
2025-11-16 15:59:49.217,1891,32765.05
2025-11-16 15:59:49.217,1892,32058.32
2025-11-16 15:59:49.217,1893,34204.0
2025-11-16 15:59:49.217,1894,28371.24
2025-11-16 15:59:49.217,1895,27977.33
2025-11-16 15:59:49.217,1896,28553.0
2025-11-16 15:59:49.217,1897,29449.88
2025-11-16 15:59:49.217,1898,31543.36
2025-11-16 15:59:49.217,1899,28847.41
2025-11-16 15:59:49.217,1900,22616.81
2025-11-16 15:59:49.217,1901,30229.68
2025-11-16 15:59:49.217,1902,20671.99
2025-11-16 15:59:49.217,1903,30794.08
2025-11-16 15:59:49.217,1904,44415.61
2025-11-16 15:59:49.217,1905,24036.8
2025-11-16 15:59:49.217,1906,23586.93
2025-11-16 15:59:49.217,1907,29108.72
2025-11-16 15:59:49.217,1908,23866.7
2025-11-16 15:59:49.217,1909,23698.29
2025-11-16 15:59:49.217,1910,26511.85
2025-11-16 15:59:49.217,1911,36053.13
2025-11-16 15:59:49.217,1912,103024.17
2025-11-16 15:59:49.217,1913,93571.2
2025-11-16 15:59:49.217,1914,241163.34
2025-11-16 15:59:49.217,1915,28699.64
2025-11-16 15:59:49.217,1916,40132.67
2025-11-16 15:59:49.217,1917,137745.05
2025-11-16 15:59:49.217,1918,71306.41
2025-11-16 15:59:49.217,1919,71306.41
2025-11-16 15:59:49.217,1920,601218.31
2025-11-16 15:59:49.217,1921,508356.06
2025-11-16 15:59:49.217,1922,536008.31
2025-11-16 15:59:49.217,1923,521823.06
2025-11-16 15:59:49.217,1924,508356.06
2025-11-16 15:59:49.217,1925,566776.38
2025-11-16 15:59:49.217,1926,528822.38
2025-11-16 15:59:49.217,1927,536008.31
2025-11-16 15:59:49.217,1928,566776.38
2025-11-16 15:59:49.217,1929,483368.97
2025-11-16 15:59:49.217,1930,536008.31
2025-11-16 15:59:49.217,1931,550970.88
2025-11-16 15:59:49.217,1932,515003.19
2025-11-16 15:59:49.217,1933,575017.88
2025-11-16 15:59:49.217,1934,508356.06
2025-11-16 15:59:49.217,1935,483368.97
2025-11-16 15:59:49.217,1936,536008.31
2025-11-16 15:59:49.217,1937,430305.09
2025-11-16 15:59:49.217,1938,508356.06
2025-11-16 15:59:49.217,1939,592227.94
2025-11-16 15:59:49.217,1940,550970.88
2025-11-16 15:59:49.217,1941,543388.5
2025-11-16 15:59:49.217,1942,450099.75
2025-11-16 15:59:49.217,1943,407834.16
2025-11-16 15:59:49.217,1944,483368.97
2025-11-16 15:59:49.217,1945,536008.31
2025-11-16 15:59:49.217,1946,477494.09
2025-11-16 15:59:49.217,1947,455329.53
2025-11-16 15:59:49.217,1948,387544.88
2025-11-16 15:59:49.217,1949,421032.91
2025-11-16 15:59:49.217,1950,379970.25
2025-11-16 15:59:49.217,1951,489387.19
2025-11-16 15:59:49.217,1952,460679.59
2025-11-16 15:59:49.217,1953,430305.09
2025-11-16 15:59:49.217,1954,435092.38
2025-11-16 15:59:49.217,1955,403612.41
2025-11-16 15:59:49.217,1956,430305.09
2025-11-16 15:59:49.217,1957,444986.13
2025-11-16 15:59:49.217,1958,403612.41
2025-11-16 15:59:49.217,1959,536008.31
2025-11-16 15:59:49.217,1960,942433.13
2025-11-16 15:59:49.217,1961,942433.13
2025-11-16 15:59:49.217,1962,460679.59
2025-11-16 15:59:49.217,1963,460679.59
2025-11-16 15:59:49.217,1964,372678.72
2025-11-16 15:59:49.217,1965,793012.25
2025-11-16 15:59:49.217,1966,793012.25
2025-11-16 15:59:49.217,1967,793012.25
2025-11-16 15:59:49.217,1968,30958.25
2025-11-16 15:59:49.217,1969,30071.27
2025-11-16 15:59:49.217,1970,29564.92
2025-11-16 15:59:49.217,1971,29146.33
2025-11-16 15:59:49.217,1972,29297.52
2025-11-16 15:59:49.217,1973,29297.52
2025-11-16 15:59:49.217,1974,29449.88
2025-11-16 15:59:49.217,1975,30150.32
2025-11-16 15:59:49.217,1976,29603.42
2025-11-16 15:59:49.217,1977,29449.88
2025-11-16 15:59:49.217,1978,29914.1
2025-11-16 15:59:49.217,1979,29603.42
2025-11-16 15:59:49.217,1980,29603.42
2025-11-16 15:59:49.217,1981,29603.42
2025-11-16 15:59:49.217,1982,30958.25
2025-11-16 15:59:49.217,1983,29914.1
2025-11-16 15:59:49.217,1984,29449.88
2025-11-16 15:59:49.217,1985,27626.15
2025-11-16 15:59:49.217,1986,34012.93
2025-11-16 15:59:49.217,1987,36053.13
2025-11-16 15:59:49.217,1988,35234.91
2025-11-16 15:59:49.217,1989,37118.37
2025-11-16 15:59:49.217,1990,30794.08
2025-11-16 15:59:49.217,1991,30753.24
2025-11-16 15:59:49.217,1992,30794.08
2025-11-16 15:59:49.217,1993,31543.36
2025-11-16 15:59:49.217,1994,34348.4
2025-11-16 15:59:49.217,1995,31543.36
2025-11-16 15:59:49.217,1996,26187.06
2025-11-16 15:59:49.217,1997,32720.19
2025-11-16 15:59:49.217,1998,24208.61
2025-11-16 15:59:49.217,1999,33356.95
2025-11-16 15:59:49.217,2000,46138.74
2025-11-16 15:59:49.217,2001,25647.93
2025-11-16 15:59:49.217,2002,25773.33
2025-11-16 15:59:49.217,2003,31971.61
2025-11-16 15:59:49.217,2004,26809.18
2025-11-16 15:59:49.217,2005,26875.9
2025-11-16 15:59:49.217,2006,30150.32
2025-11-16 15:59:49.217,2007,39403.42
2025-11-16 15:59:49.217,2008,112877.99
2025-11-16 15:59:49.217,2009,94098.91
2025-11-16 15:59:49.217,2010,261133.28
2025-11-16 15:59:49.217,2011,30999.5
2025-11-16 15:59:49.217,2012,41075.0
2025-11-16 15:59:49.217,2013,143283.25
2025-11-16 15:59:49.217,2014,72622.48
2025-11-16 15:59:49.217,2015,72622.48
2025-11-16 15:59:49.217,2016,395419.56
2025-11-16 15:59:49.217,2017,342978.47
2025-11-16 15:59:49.217,2018,387544.88
2025-11-16 15:59:49.217,2019,383721.19
2025-11-16 15:59:49.217,2020,325612.69
2025-11-16 15:59:49.217,2021,339960.47
2025-11-16 15:59:49.217,2022,339960.47
2025-11-16 15:59:49.217,2023,403612.41
2025-11-16 15:59:49.217,2024,399475.0
2025-11-16 15:59:49.217,2025,358884.03
2025-11-16 15:59:49.217,2026,383721.19
2025-11-16 15:59:49.217,2027,403612.41
2025-11-16 15:59:49.217,2028,395419.56
2025-11-16 15:59:49.217,2029,421032.91
2025-11-16 15:59:49.217,2030,403612.41
2025-11-16 15:59:49.217,2031,372678.72
2025-11-16 15:59:49.217,2032,407834.16
2025-11-16 15:59:49.217,2033,372678.72
2025-11-16 15:59:49.217,2034,421032.91
2025-11-16 15:59:49.217,2035,450099.75
2025-11-16 15:59:49.217,2036,412143.03
2025-11-16 15:59:49.217,2037,489387.19
2025-11-16 15:59:49.217,2038,395419.56
2025-11-16 15:59:49.217,2039,395419.56
2025-11-16 15:59:49.217,2040,407834.16
2025-11-16 15:59:49.217,2041,403612.41
2025-11-16 15:59:49.217,2042,439984.91
2025-11-16 15:59:49.217,2043,430305.09
2025-11-16 15:59:49.217,2044,346048.91
2025-11-16 15:59:49.217,2045,403612.41
2025-11-16 15:59:49.217,2046,362238.63
2025-11-16 15:59:49.217,2047,407834.16
2025-11-16 15:59:49.217,2048,322883.13
2025-11-16 15:59:49.217,2049,387544.88
2025-11-16 15:59:49.217,2050,372678.72
2025-11-16 15:59:49.217,2051,430305.09
2025-11-16 15:59:49.217,2052,379970.25
2025-11-16 15:59:49.217,2053,379970.25
2025-11-16 15:59:49.217,2054,379970.25
2025-11-16 15:59:49.217,2055,471757.34
2025-11-16 15:59:49.217,2056,988899.38
2025-11-16 15:59:49.217,2057,988899.38
2025-11-16 15:59:49.217,2058,407834.16
2025-11-16 15:59:49.217,2059,407834.16
2025-11-16 15:59:49.217,2060,229407.17
2025-11-16 15:59:49.217,2061,708471.5
2025-11-16 15:59:49.217,2062,708471.5
2025-11-16 15:59:49.217,2063,708471.5
2025-11-16 15:59:49.217,2064,28191.18
2025-11-16 15:59:49.217,2065,27977.33
2025-11-16 15:59:49.217,2066,27077.54
2025-11-16 15:59:49.217,2067,26219.28
2025-11-16 15:59:49.217,2068,26875.9
2025-11-16 15:59:49.217,2069,26742.69
2025-11-16 15:59:49.217,2070,26942.87
2025-11-16 15:59:49.217,2071,27111.36
2025-11-16 15:59:49.217,2072,27213.2
2025-11-16 15:59:49.217,2073,26809.18
2025-11-16 15:59:49.217,2074,27281.39
2025-11-16 15:59:49.217,2075,26742.69
2025-11-16 15:59:49.217,2076,27111.36
2025-11-16 15:59:49.217,2077,27145.25
2025-11-16 15:59:49.217,2078,27977.33
2025-11-16 15:59:49.217,2079,26909.36
2025-11-16 15:59:49.217,2080,22000.49
2025-11-16 15:59:49.217,2081,20419.37
2025-11-16 15:59:49.217,2082,30958.25
2025-11-16 15:59:49.217,2083,31756.39
2025-11-16 15:59:49.217,2084,32232.81
2025-11-16 15:59:49.217,2085,34493.74
2025-11-16 15:59:49.217,2086,28443.74
2025-11-16 15:59:49.217,2087,27349.84
2025-11-16 15:59:49.217,2088,28191.18
2025-11-16 15:59:49.217,2089,29914.1
2025-11-16 15:59:49.217,2090,32320.6
2025-11-16 15:59:49.217,2091,29297.52
2025-11-16 15:59:49.217,2092,26219.28
2025-11-16 15:59:49.217,2093,30550.28
2025-11-16 15:59:49.217,2094,26479.11
2025-11-16 15:59:49.217,2095,30917.09
2025-11-16 15:59:49.217,2096,48895.18
2025-11-16 15:59:49.217,2097,26875.9
2025-11-16 15:59:49.217,2098,26577.51
2025-11-16 15:59:49.217,2099,30309.35
2025-11-16 15:59:49.217,2100,26381.24
2025-11-16 15:59:49.217,2101,26742.69
2025-11-16 15:59:49.217,2102,29146.33
2025-11-16 15:59:49.217,2103,37118.37
2025-11-16 15:59:49.217,2104,108599.64
2025-11-16 15:59:49.217,2105,86936.61
2025-11-16 15:59:49.217,2106,261133.28
2025-11-16 15:59:49.217,2107,28480.09
2025-11-16 15:59:49.217,2108,40505.41
2025-11-16 15:59:49.217,2109,132592.78
2025-11-16 15:59:49.217,2110,68796.0
2025-11-16 15:59:49.217,2111,68796.0
2025-11-16 15:59:49.217,2112,264774.34
2025-11-16 15:59:49.217,2113,242714.52
2025-11-16 15:59:49.217,2114,252439.11
2025-11-16 15:59:49.217,2115,247485.06
2025-11-16 15:59:49.217,2116,241163.34
2025-11-16 15:59:49.217,2117,268514.44
2025-11-16 15:59:49.217,2118,254133.06
2025-11-16 15:59:49.217,2119,257587.41
2025-11-16 15:59:49.217,2120,268514.44
2025-11-16 15:59:49.217,2121,250766.73
2025-11-16 15:59:49.217,2122,259348.69
2025-11-16 15:59:49.217,2123,264774.34
2025-11-16 15:59:49.217,2124,245875.0
2025-11-16 15:59:49.217,2125,254133.06
2025-11-16 15:59:49.217,2126,264774.34
2025-11-16 15:59:49.217,2127,249115.52
2025-11-16 15:59:49.217,2128,247485.06
2025-11-16 15:59:49.217,2129,254133.06
2025-11-16 15:59:49.217,2130,278325.69
2025-11-16 15:59:49.217,2131,293282.41
2025-11-16 15:59:49.217,2132,280371.47
2025-11-16 15:59:49.217,2133,302546.75
2025-11-16 15:59:49.217,2134,268514.44
2025-11-16 15:59:49.217,2135,238117.42
2025-11-16 15:59:49.217,2136,261133.28
2025-11-16 15:59:49.217,2137,268514.44
2025-11-16 15:59:49.217,2138,291051.47
2025-11-16 15:59:49.217,2139,250766.73
2025-11-16 15:59:49.217,2140,206594.58
2025-11-16 15:59:49.217,2141,249115.52
2025-11-16 15:59:49.217,2142,214929.95
2025-11-16 15:59:49.217,2143,259348.69
2025-11-16 15:59:49.217,2144,183998.22
2025-11-16 15:59:49.217,2145,232241.86
2025-11-16 15:59:49.217,2146,222602.28
2025-11-16 15:59:49.217,2147,230816.17
2025-11-16 15:59:49.217,2148,229407.17
2025-11-16 15:59:49.217,2149,216173.34
2025-11-16 15:59:49.217,2150,241163.34
2025-11-16 15:59:49.217,2151,288853.09
2025-11-16 15:59:49.217,2152,640033.69
2025-11-16 15:59:49.217,2153,575017.88
2025-11-16 15:59:49.217,2154,250766.73
2025-11-16 15:59:49.217,2155,250766.73
2025-11-16 15:59:49.217,2156,107915.35
2025-11-16 15:59:49.217,2157,684112.31
2025-11-16 15:59:49.217,2158,395419.56
2025-11-16 15:59:49.217,2159,395419.56
2025-11-16 15:59:49.217,2160,317555.0
2025-11-16 15:59:49.217,2161,297844.91
2025-11-16 15:59:49.217,2162,288853.09
2025-11-16 15:59:49.217,2163,317555.0
2025-11-16 15:59:49.217,2164,328387.41
2025-11-16 15:59:49.217,2165,362238.63
2025-11-16 15:59:49.217,2166,322883.13
2025-11-16 15:59:49.217,2167,334076.69
2025-11-16 15:59:49.217,2168,312394.69
2025-11-16 15:59:49.217,2169,328387.41
2025-11-16 15:59:49.217,2170,291051.47
2025-11-16 15:59:49.217,2171,334076.69
2025-11-16 15:59:49.217,2172,342978.47
2025-11-16 15:59:49.217,2173,331208.34
2025-11-16 15:59:49.217,2174,346048.91
2025-11-16 15:59:49.217,2175,286686.59
2025-11-16 15:59:49.217,2176,328387.41
2025-11-16 15:59:49.217,2177,334076.69
2025-11-16 15:59:49.217,2178,372678.72
2025-11-16 15:59:49.217,2179,342978.47
2025-11-16 15:59:49.217,2180,403612.41
2025-11-16 15:59:49.217,2181,403612.41
2025-11-16 15:59:49.217,2182,369134.25
2025-11-16 15:59:49.217,2183,334076.69
2025-11-16 15:59:49.217,2184,346048.91
2025-11-16 15:59:49.217,2185,358884.03
2025-11-16 15:59:49.217,2186,387544.88
2025-11-16 15:59:49.217,2187,358884.03
2025-11-16 15:59:49.217,2188,336993.63
2025-11-16 15:59:49.217,2189,349173.25
2025-11-16 15:59:49.217,2190,293282.41
2025-11-16 15:59:49.217,2191,376290.09
2025-11-16 15:59:49.217,2192,229407.17
2025-11-16 15:59:49.217,2193,346048.91
2025-11-16 15:59:49.217,2194,334076.69
2025-11-16 15:59:49.217,2195,379970.25
2025-11-16 15:59:49.217,2196,346048.91
2025-11-16 15:59:49.217,2197,328387.41
2025-11-16 15:59:49.217,2198,358884.03
2025-11-16 15:59:49.217,2199,430305.09
2025-11-16 15:59:49.217,2200,793012.25
2025-11-16 15:59:49.217,2201,942433.13
2025-11-16 15:59:49.217,2202,365654.84
2025-11-16 15:59:49.217,2203,365654.84
2025-11-16 15:59:49.217,2204,151772.23
2025-11-16 15:59:49.217,2205,965113.19
2025-11-16 15:59:49.217,2206,575017.88
2025-11-16 15:59:49.217,2207,575017.88
2025-11-16 15:59:49.217,2208,211280.41
2025-11-16 15:59:49.217,2209,211280.41
2025-11-16 15:59:49.217,2210,211280.41
2025-11-16 15:59:49.217,2211,211280.41
2025-11-16 15:59:49.217,2212,211280.41
2025-11-16 15:59:49.217,2213,211280.41
2025-11-16 15:59:49.217,2214,211280.41
2025-11-16 15:59:49.217,2215,211280.41
2025-11-16 15:59:49.217,2216,211280.41
2025-11-16 15:59:49.217,2217,211280.41
2025-11-16 15:59:49.217,2218,211280.41
2025-11-16 15:59:49.217,2219,211280.41
2025-11-16 15:59:49.217,2220,211280.41
2025-11-16 15:59:49.217,2221,211280.41
2025-11-16 15:59:49.217,2222,211280.41
2025-11-16 15:59:49.217,2223,211280.41
2025-11-16 15:59:49.217,2224,211280.41
2025-11-16 15:59:49.217,2225,211280.41
2025-11-16 15:59:49.217,2226,211280.41
2025-11-16 15:59:49.217,2227,211280.41
2025-11-16 15:59:49.217,2228,211280.41
2025-11-16 15:59:49.217,2229,211280.41
2025-11-16 15:59:49.217,2230,211280.41
2025-11-16 15:59:49.217,2231,211280.41
2025-11-16 15:59:49.217,2232,211280.41
2025-11-16 15:59:49.217,2233,211280.41
2025-11-16 15:59:49.217,2234,211280.41
2025-11-16 15:59:49.217,2235,211280.41
2025-11-16 15:59:49.217,2236,211280.41
2025-11-16 15:59:49.217,2237,211280.41
2025-11-16 15:59:49.217,2238,211280.41
2025-11-16 15:59:49.217,2239,211280.41
2025-11-16 15:59:49.217,2240,211280.41
2025-11-16 15:59:49.217,2241,211280.41
2025-11-16 15:59:49.217,2242,211280.41
2025-11-16 15:59:49.217,2243,211280.41
2025-11-16 15:59:49.217,2244,211280.41
2025-11-16 15:59:49.217,2245,211280.41
2025-11-16 15:59:49.217,2246,211280.41
2025-11-16 15:59:49.217,2247,211280.41
2025-11-16 15:59:49.217,2248,211280.41
2025-11-16 15:59:49.217,2249,211280.41
2025-11-16 15:59:49.217,2250,211280.41
2025-11-16 15:59:49.217,2251,211280.41
2025-11-16 15:59:49.217,2252,211280.41
2025-11-16 15:59:49.217,2253,211280.41
2025-11-16 15:59:49.217,2254,211280.41
2025-11-16 15:59:49.217,2255,211280.41
2025-11-16 15:59:49.217,2256,211280.41
2025-11-16 15:59:49.217,2257,188709.95
2025-11-16 15:59:49.217,2258,181276.86
2025-11-16 15:59:49.217,2259,193656.09
2025-11-16 15:59:49.217,2260,195704.14
2025-11-16 15:59:49.217,2261,195704.14
2025-11-16 15:59:49.217,2262,195704.14
2025-11-16 15:59:49.217,2263,212483.69
2025-11-16 15:59:49.217,2264,211280.41
2025-11-16 15:59:49.217,2265,193656.09
2025-11-16 15:59:49.217,2266,204325.27
2025-11-16 15:59:49.217,2267,197793.8
2025-11-16 15:59:49.217,2268,204325.27
2025-11-16 15:59:49.217,2269,196743.69
2025-11-16 15:59:49.217,2270,206594.58
2025-11-16 15:59:49.217,2271,195704.14
2025-11-16 15:59:49.217,2272,210090.06
2025-11-16 15:59:49.217,2273,178630.77
2025-11-16 15:59:49.217,2274,210090.06
2025-11-16 15:59:49.217,2275,213700.14
2025-11-16 15:59:49.217,2276,212483.69
2025-11-16 15:59:49.217,2277,218701.81
2025-11-16 15:59:49.217,2278,188709.95
2025-11-16 15:59:49.217,2279,197793.8
2025-11-16 15:59:49.217,2280,183998.22
2025-11-16 15:59:49.217,2281,211280.41
2025-11-16 15:59:49.217,2282,212483.69
2025-11-16 15:59:49.217,2283,194675.0
2025-11-16 15:59:49.217,2284,176056.81
2025-11-16 15:59:49.217,2285,181276.86
2025-11-16 15:59:49.217,2286,172732.14
2025-11-16 15:59:49.217,2287,195704.14
2025-11-16 15:59:49.217,2288,114373.48
2025-11-16 15:59:49.217,2289,178630.77
2025-11-16 15:59:49.217,2290,178630.77
2025-11-16 15:59:49.217,2291,206594.58
2025-11-16 15:59:49.217,2292,166426.73
2025-11-16 15:59:49.217,2293,168739.63
2025-11-16 15:59:49.217,2294,178630.77
2025-11-16 15:59:49.217,2295,232241.86
2025-11-16 15:59:49.217,2296,471757.34
2025-11-16 15:59:49.217,2297,455329.53
2025-11-16 15:59:49.217,2298,988899.38
2025-11-16 15:59:49.217,2299,191648.39
2025-11-16 15:59:49.217,2300,56368.51
2025-11-16 15:59:49.217,2301,521823.06
2025-11-16 15:59:49.217,2302,328387.41
2025-11-16 15:59:49.217,2303,328387.41
