Timestamp,Sensor_ID,Resistance_Ohms
2025-11-16 15:37:28.561,0,26283.89
2025-11-16 15:37:28.561,1,32720.19
2025-11-16 15:37:28.561,2,39403.42
2025-11-16 15:37:28.561,3,37950.12
2025-11-16 15:37:28.561,4,38578.92
2025-11-16 15:37:28.561,5,39403.42
2025-11-16 15:37:28.561,6,39523.48
2025-11-16 15:37:28.561,7,39887.21
2025-11-16 15:37:28.561,8,39704.69
2025-11-16 15:37:28.561,9,39283.93
2025-11-16 15:37:28.561,10,39826.22
2025-11-16 15:37:28.561,11,39704.69
2025-11-16 15:37:28.561,12,40194.41
2025-11-16 15:37:28.561,13,39343.6
2025-11-16 15:37:28.561,14,41397.01
2025-11-16 15:37:28.561,15,39644.14
2025-11-16 15:37:28.561,16,40505.41
2025-11-16 15:37:28.561,17,42320.58
2025-11-16 15:37:28.561,18,42726.61
2025-11-16 15:37:28.561,19,43347.59
2025-11-16 15:37:28.561,20,44707.67
2025-11-16 15:37:28.561,21,45907.83
2025-11-16 15:37:28.561,22,41267.73
2025-11-16 15:37:28.561,23,44854.87
2025-11-16 15:37:28.561,24,40820.27
2025-11-16 15:37:28.561,25,42186.62
2025-11-16 15:37:28.561,26,48139.58
2025-11-16 15:37:28.561,27,43769.74
2025-11-16 15:37:28.561,28,42726.61
2025-11-16 15:37:28.561,29,41920.75
2025-11-16 15:37:28.561,30,42455.23
2025-11-16 15:37:28.561,31,43840.75
2025-11-16 15:37:28.561,32,86936.61
2025-11-16 15:37:28.561,33,40442.9
2025-11-16 15:37:28.561,34,45226.35
2025-11-16 15:37:28.561,35,44126.66
2025-11-16 15:37:28.561,36,42455.23
2025-11-16 15:37:28.561,37,42863.36
2025-11-16 15:37:28.561,38,47322.41
2025-11-16 15:37:28.561,39,55833.13
2025-11-16 15:37:28.561,40,229407.17
2025-11-16 15:37:28.561,41,56912.64
2025-11-16 15:37:28.561,42,734602.25
2025-11-16 15:37:28.561,43,42186.62
2025-11-16 15:37:28.561,44,64347.73
2025-11-16 15:37:28.561,45,734602.25
2025-11-16 15:37:28.561,46,77023.94
2025-11-16 15:37:28.561,47,77023.94
2025-11-16 15:37:28.561,48,119086.36
2025-11-16 15:37:28.561,49,115905.77
2025-11-16 15:37:28.561,50,127324.66
2025-11-16 15:37:28.561,51,121579.19
2025-11-16 15:37:28.561,52,123295.2
2025-11-16 15:37:28.561,53,133091.78
2025-11-16 15:37:28.561,54,127787.46
2025-11-16 15:37:28.561,55,128253.38
2025-11-16 15:37:28.561,56,129670.22
2025-11-16 15:37:28.561,57,128722.46
2025-11-16 15:37:28.561,58,129670.22
2025-11-16 15:37:28.561,59,125056.52
2025-11-16 15:37:28.561,60,132097.22
2025-11-16 15:37:28.561,61,120737.61
2025-11-16 15:37:28.561,62,127787.46
2025-11-16 15:37:28.561,63,129670.22
2025-11-16 15:37:28.561,64,111418.03
2025-11-16 15:37:28.561,65,135640.13
2025-11-16 15:37:28.561,66,130148.98
2025-11-16 15:37:28.561,67,125954.73
2025-11-16 15:37:28.561,68,136685.03
2025-11-16 15:37:28.561,69,147413.47
2025-11-16 15:37:28.561,70,127787.46
2025-11-16 15:37:28.561,71,135640.13
2025-11-16 15:37:28.561,72,122862.01
2025-11-16 15:37:28.561,73,132592.78
2025-11-16 15:37:28.561,74,150502.45
2025-11-16 15:37:28.561,75,144441.03
2025-11-16 15:37:28.561,76,135640.13
2025-11-16 15:37:28.561,77,137745.05
2025-11-16 15:37:28.561,78,133091.78
2025-11-16 15:37:28.561,79,136685.03
2025-11-16 15:37:28.561,80,229407.17
2025-11-16 15:37:28.561,81,137745.05
2025-11-16 15:37:28.561,82,154372.98
2025-11-16 15:37:28.561,83,142142.66
2025-11-16 15:37:28.561,84,136160.72
2025-11-16 15:37:28.561,85,134609.98
2025-11-16 15:37:28.561,86,151772.23
2025-11-16 15:37:28.561,87,177764.91
2025-11-16 15:37:28.561,88,661350.38
2025-11-16 15:37:28.561,89,135640.13
2025-11-16 15:37:28.561,90,138820.45
2025-11-16 15:37:28.561,91,138820.45
2025-11-16 15:37:28.561,92,112877.99
2025-11-16 15:37:28.561,93,176906.95
2025-11-16 15:37:28.561,94,176906.95
2025-11-16 15:37:28.561,95,176906.95
2025-11-16 15:37:28.561,96,86025.24
2025-11-16 15:37:28.561,97,85352.86
2025-11-16 15:37:28.561,98,92531.65
2025-11-16 15:37:28.561,99,91512.71
2025-11-16 15:37:28.561,100,90513.82
2025-11-16 15:37:28.561,101,93571.2
2025-11-16 15:37:28.561,102,91512.71
2025-11-16 15:37:28.561,103,93048.8
2025-11-16 15:37:28.561,104,91010.8
2025-11-16 15:37:28.561,105,91512.71
2025-11-16 15:37:28.561,106,92789.56
2025-11-16 15:37:28.561,107,99101.66
2025-11-16 15:37:28.561,108,100877.71
2025-11-16 15:37:28.561,109,98811.18
2025-11-16 15:37:28.561,110,102712.45
2025-11-16 15:37:28.561,111,96820.16
2025-11-16 15:37:28.561,112,85352.86
2025-11-16 15:37:28.561,113,103969.71
2025-11-16 15:37:28.561,114,108599.64
2025-11-16 15:37:28.561,115,98811.18
2025-11-16 15:37:28.561,116,105581.22
2025-11-16 15:37:28.561,117,111418.03
2025-11-16 15:37:28.561,118,96820.16
2025-11-16 15:37:28.561,119,104931.19
2025-11-16 15:37:28.561,120,101482.63
2025-11-16 15:37:28.561,121,101482.63
2025-11-16 15:37:28.561,122,108599.64
2025-11-16 15:37:28.561,123,103024.17
2025-11-16 15:37:28.561,124,102094.18
2025-11-16 15:37:28.561,125,101787.58
2025-11-16 15:37:28.561,126,100279.32
2025-11-16 15:37:28.561,127,107238.9
2025-11-16 15:37:28.561,128,208912.44
2025-11-16 15:37:28.561,129,103024.17
2025-11-16 15:37:28.561,130,109992.31
2025-11-16 15:37:28.561,131,104608.9
2025-11-16 15:37:28.561,132,103024.17
2025-11-16 15:37:28.561,133,101482.63
2025-11-16 15:37:28.561,134,115905.77
2025-11-16 15:37:28.561,135,128722.46
2025-11-16 15:37:28.561,136,536008.31
2025-11-16 15:37:28.561,137,106570.16
2025-11-16 15:37:28.561,138,101787.58
2025-11-16 15:37:28.561,139,101787.58
2025-11-16 15:37:28.561,140,134100.34
2025-11-16 15:37:28.561,141,170315.53
2025-11-16 15:37:28.561,142,170315.53
2025-11-16 15:37:28.561,143,170315.53
2025-11-16 15:37:28.561,144,42794.9
2025-11-16 15:37:28.561,145,42455.23
2025-11-16 15:37:28.561,146,42658.5
2025-11-16 15:37:28.561,147,43698.91
2025-11-16 15:37:28.561,148,41986.96
2025-11-16 15:37:28.561,149,42320.58
2025-11-16 15:37:28.561,150,41920.75
2025-11-16 15:37:28.561,151,42320.58
2025-11-16 15:37:28.561,152,41461.9
2025-11-16 15:37:28.561,153,42455.23
2025-11-16 15:37:28.561,154,42387.82
2025-11-16 15:37:28.561,155,42455.23
2025-11-16 15:37:28.561,156,42455.23
2025-11-16 15:37:28.561,157,41986.96
2025-11-16 15:37:28.561,158,42590.57
2025-11-16 15:37:28.561,159,41526.96
2025-11-16 15:37:28.561,160,22987.37
2025-11-16 15:37:28.561,161,41461.9
2025-11-16 15:37:28.561,162,43487.57
2025-11-16 15:37:28.561,163,39224.4
2025-11-16 15:37:28.561,164,46138.74
2025-11-16 15:37:28.561,165,47001.92
2025-11-16 15:37:28.561,166,40505.41
2025-11-16 15:37:28.561,167,45907.83
2025-11-16 15:37:28.561,168,42320.58
2025-11-16 15:37:28.561,169,44343.09
2025-11-16 15:37:28.561,170,47081.7
2025-11-16 15:37:28.561,171,45602.89
2025-11-16 15:37:28.561,172,44561.25
2025-11-16 15:37:28.561,173,43698.91
2025-11-16 15:37:28.561,174,45077.16
2025-11-16 15:37:28.561,175,46606.3
2025-11-16 15:37:28.561,176,94364.8
2025-11-16 15:37:28.561,177,44415.61
2025-11-16 15:37:28.561,178,48980.34
2025-11-16 15:37:28.561,179,48139.58
2025-11-16 15:37:28.561,180,45602.89
2025-11-16 15:37:28.561,181,45301.25
2025-11-16 15:37:28.561,182,52029.78
2025-11-16 15:37:28.561,183,59653.54
2025-11-16 15:37:28.561,184,229407.17
2025-11-16 15:37:28.561,185,53378.87
2025-11-16 15:37:28.561,186,661350.38
2025-11-16 15:37:28.561,187,44561.25
2025-11-16 15:37:28.561,188,61860.94
2025-11-16 15:37:28.561,189,988899.38
2025-11-16 15:37:28.561,190,74328.61
2025-11-16 15:37:28.561,191,74328.61
2025-11-16 15:37:28.561,192,30999.5
2025-11-16 15:37:28.561,193,30389.34
2025-11-16 15:37:28.561,194,29297.52
2025-11-16 15:37:28.561,195,30189.96
2025-11-16 15:37:28.561,196,29184.02
2025-11-16 15:37:28.561,197,29411.68
2025-11-16 15:37:28.561,198,28662.88
2025-11-16 15:37:28.561,199,29449.88
2025-11-16 15:37:28.561,200,29221.78
2025-11-16 15:37:28.561,201,28921.71
2025-11-16 15:37:28.561,202,28921.71
2025-11-16 15:37:28.561,203,28847.41
2025-11-16 15:37:28.561,204,28847.41
2025-11-16 15:37:28.561,205,29146.33
2025-11-16 15:37:28.561,206,30071.27
2025-11-16 15:37:28.561,207,29071.17
2025-11-16 15:37:28.561,208,18221.02
2025-11-16 15:37:28.561,209,29603.42
2025-11-16 15:37:28.561,210,29297.52
2025-11-16 15:37:28.561,211,22933.92
2025-11-16 15:37:28.561,212,32189.05
2025-11-16 15:37:28.561,213,32945.45
2025-11-16 15:37:28.561,214,26122.79
2025-11-16 15:37:28.561,215,31928.39
2025-11-16 15:37:28.561,216,30031.86
2025-11-16 15:37:28.561,217,30835.0
2025-11-16 15:37:28.561,218,33870.7
2025-11-16 15:37:28.561,219,31971.61
2025-11-16 15:37:28.561,220,31206.99
2025-11-16 15:37:28.561,221,30309.35
2025-11-16 15:37:28.561,222,30753.24
2025-11-16 15:37:28.561,223,32541.67
2025-11-16 15:37:28.561,224,68493.05
2025-11-16 15:37:28.561,225,31290.57
2025-11-16 15:37:28.561,226,34689.0
2025-11-16 15:37:28.561,227,33682.49
2025-11-16 15:37:28.561,228,32364.63
2025-11-16 15:37:28.561,229,31971.61
2025-11-16 15:37:28.561,230,36793.67
2025-11-16 15:37:28.561,231,43557.83
2025-11-16 15:37:28.561,232,176906.95
2025-11-16 15:37:28.561,233,40756.99
2025-11-16 15:37:28.561,234,942433.13
2025-11-16 15:37:28.561,235,32014.92
2025-11-16 15:37:28.561,236,51284.3
2025-11-16 15:37:28.561,237,762705.19
2025-11-16 15:37:28.561,238,59653.54
2025-11-16 15:37:28.561,239,59653.54
2025-11-16 15:37:28.561,240,19707.48
2025-11-16 15:37:28.561,241,19449.01
2025-11-16 15:37:28.561,242,19028.03
2025-11-16 15:37:28.561,243,19577.68
2025-11-16 15:37:28.561,244,18378.83
2025-11-16 15:37:28.561,245,18801.55
2025-11-16 15:37:28.561,246,18458.39
2025-11-16 15:37:28.561,247,18518.36
2025-11-16 15:37:28.561,248,18221.02
2025-11-16 15:37:28.561,249,18339.21
2025-11-16 15:37:28.561,250,18418.55
2025-11-16 15:37:28.561,251,18260.31
2025-11-16 15:37:28.561,252,18538.4
2025-11-16 15:37:28.561,253,18458.39
2025-11-16 15:37:28.561,254,19427.67
2025-11-16 15:37:28.561,255,18458.39
2025-11-16 15:37:28.561,256,18699.77
2025-11-16 15:37:28.561,257,20103.78
2025-11-16 15:37:28.561,258,19838.42
2025-11-16 15:37:28.561,259,19090.4
2025-11-16 15:37:28.561,260,21286.04
2025-11-16 15:37:28.561,261,21725.7
2025-11-16 15:37:28.561,262,19174.0
2025-11-16 15:37:28.561,263,21528.79
2025-11-16 15:37:28.561,264,19707.48
2025-11-16 15:37:28.561,265,20373.88
2025-11-16 15:37:28.561,266,23698.29
2025-11-16 15:37:28.561,267,21118.33
2025-11-16 15:37:28.561,268,20834.94
2025-11-16 15:37:28.561,269,20148.47
2025-11-16 15:37:28.561,270,20419.37
2025-11-16 15:37:28.561,271,21118.33
2025-11-16 15:37:28.561,272,48980.34
2025-11-16 15:37:28.561,273,20487.86
2025-11-16 15:37:28.561,274,22880.64
2025-11-16 15:37:28.561,275,22050.96
2025-11-16 15:37:28.561,276,20975.98
2025-11-16 15:37:28.561,277,21023.29
2025-11-16 15:37:28.561,278,24734.57
2025-11-16 15:37:28.561,279,29449.88
2025-11-16 15:37:28.561,280,119906.74
2025-11-16 15:37:28.561,281,29033.7
2025-11-16 15:37:28.561,282,550970.88
2025-11-16 15:37:28.561,283,20648.86
2025-11-16 15:37:28.561,284,37118.37
2025-11-16 15:37:28.561,285,708471.5
2025-11-16 15:37:28.561,286,42863.36
2025-11-16 15:37:28.561,287,42863.36
2025-11-16 15:37:28.561,288,16114.59
2025-11-16 15:37:28.561,289,16047.52
2025-11-16 15:37:28.561,290,15205.86
2025-11-16 15:37:28.561,291,15782.65
2025-11-16 15:37:28.561,292,14744.46
2025-11-16 15:37:28.561,293,14988.43
2025-11-16 15:37:28.561,294,14805.01
2025-11-16 15:37:28.561,295,14759.57
2025-11-16 15:37:28.561,296,14820.19
2025-11-16 15:37:28.561,297,14789.84
2025-11-16 15:37:28.561,298,14805.01
2025-11-16 15:37:28.561,299,14789.84
2025-11-16 15:37:28.561,300,14835.39
2025-11-16 15:37:28.561,301,14835.39
2025-11-16 15:37:28.561,302,15684.7
2025-11-16 15:37:28.561,303,14911.68
2025-11-16 15:37:28.561,304,17018.8
2025-11-16 15:37:28.561,305,16751.64
2025-11-16 15:37:28.561,306,16875.66
2025-11-16 15:37:28.561,307,17420.39
2025-11-16 15:37:28.561,308,17420.39
2025-11-16 15:37:28.561,309,18162.29
2025-11-16 15:37:28.561,310,15947.57
2025-11-16 15:37:28.561,311,17853.14
2025-11-16 15:37:28.561,312,15848.37
2025-11-16 15:37:28.561,313,16663.75
2025-11-16 15:37:28.561,314,19882.33
2025-11-16 15:37:28.561,315,17036.8
2025-11-16 15:37:28.561,316,16964.95
2025-11-16 15:37:28.561,317,16455.14
2025-11-16 15:37:28.561,318,16628.76
2025-11-16 15:37:28.561,319,17036.8
2025-11-16 15:37:28.561,320,41397.01
2025-11-16 15:37:28.561,321,16420.69
2025-11-16 15:37:28.561,322,18498.34
2025-11-16 15:37:28.561,323,17910.59
2025-11-16 15:37:28.561,324,16840.11
2025-11-16 15:37:28.561,325,17199.88
2025-11-16 15:37:28.561,326,20396.61
2025-11-16 15:37:28.561,327,24616.31
2025-11-16 15:37:28.561,328,106570.16
2025-11-16 15:37:28.561,329,25836.37
2025-11-16 15:37:28.561,330,421032.91
2025-11-16 15:37:28.561,331,16716.42
2025-11-16 15:37:28.561,332,32320.6
2025-11-16 15:37:28.561,333,460679.59
2025-11-16 15:37:28.561,334,35897.47
2025-11-16 15:37:28.561,335,35897.47
2025-11-16 15:37:28.561,336,14789.84
2025-11-16 15:37:28.561,337,14639.21
2025-11-16 15:37:28.561,338,13912.56
2025-11-16 15:37:28.561,339,14154.79
2025-11-16 15:37:28.561,340,13483.07
2025-11-16 15:37:28.561,341,13730.56
2025-11-16 15:37:28.561,342,13469.47
2025-11-16 15:37:28.561,343,13510.31
2025-11-16 15:37:28.561,344,13320.91
2025-11-16 15:37:28.561,345,13347.78
2025-11-16 15:37:28.561,346,13592.43
2025-11-16 15:37:28.561,347,13469.47
2025-11-16 15:37:28.561,348,13483.07
2025-11-16 15:37:28.561,349,13469.47
2025-11-16 15:37:28.561,350,14328.73
2025-11-16 15:37:28.561,351,13510.31
2025-11-16 15:37:28.561,352,15815.47
2025-11-16 15:37:28.561,353,15363.49
2025-11-16 15:37:28.561,354,15555.25
2025-11-16 15:37:28.561,355,15914.42
2025-11-16 15:37:28.561,356,15947.57
2025-11-16 15:37:28.561,357,16840.11
2025-11-16 15:37:28.561,358,14654.19
2025-11-16 15:37:28.561,359,16472.4
2025-11-16 15:37:28.561,360,14624.25
2025-11-16 15:37:28.561,361,15174.57
2025-11-16 15:37:28.561,362,18260.31
2025-11-16 15:37:28.561,363,15491.01
2025-11-16 15:37:28.561,364,15587.49
2025-11-16 15:37:28.561,365,14881.11
2025-11-16 15:37:28.561,366,15363.49
2025-11-16 15:37:28.561,367,15766.28
2025-11-16 15:37:28.561,368,39403.42
2025-11-16 15:37:28.561,369,15237.23
2025-11-16 15:37:28.561,370,17163.47
2025-11-16 15:37:28.561,371,16403.5
2025-11-16 15:37:28.561,372,15652.22
2025-11-16 15:37:28.561,373,15930.98
2025-11-16 15:37:28.561,374,18842.47
2025-11-16 15:37:28.561,375,23148.76
2025-11-16 15:37:28.561,376,95170.63
2025-11-16 15:37:28.561,377,24151.15
2025-11-16 15:37:28.561,378,395419.56
2025-11-16 15:37:28.561,379,15347.64
2025-11-16 15:37:28.561,380,30389.34
2025-11-16 15:37:28.561,381,558763.94
2025-11-16 15:37:28.561,382,34542.39
2025-11-16 15:37:28.561,383,34542.39
2025-11-16 15:37:28.561,384,14564.57
2025-11-16 15:37:28.561,385,14416.64
2025-11-16 15:37:28.561,386,13716.68
2025-11-16 15:37:28.561,387,14285.01
2025-11-16 15:37:28.561,388,13227.34
2025-11-16 15:37:28.561,389,13415.23
2025-11-16 15:37:28.561,390,13294.1
2025-11-16 15:37:28.561,391,13294.1
2025-11-16 15:37:28.561,392,13254.0
2025-11-16 15:37:28.561,393,13214.03
2025-11-16 15:37:28.561,394,13294.1
2025-11-16 15:37:28.561,395,13267.35
2025-11-16 15:37:28.561,396,13307.49
2025-11-16 15:37:28.561,397,13267.35
2025-11-16 15:37:28.561,398,14154.79
2025-11-16 15:37:28.561,399,13320.91
2025-11-16 15:37:28.561,400,15523.09
2025-11-16 15:37:28.561,401,15158.95
2025-11-16 15:37:28.561,402,14988.43
2025-11-16 15:37:28.561,403,15749.92
2025-11-16 15:37:28.561,404,15848.37
2025-11-16 15:37:28.561,405,16386.33
2025-11-16 15:37:28.561,406,14684.21
2025-11-16 15:37:28.561,407,16249.76
2025-11-16 15:37:28.561,408,14564.57
2025-11-16 15:37:28.561,409,15096.68
2025-11-16 15:37:28.561,410,18045.56
2025-11-16 15:37:28.561,411,15603.64
2025-11-16 15:37:28.561,412,15347.64
2025-11-16 15:37:28.561,413,14926.99
2025-11-16 15:37:28.561,414,15300.2
2025-11-16 15:37:28.561,415,15555.25
2025-11-16 15:37:28.561,416,38695.02
2025-11-16 15:37:28.561,417,15112.21
2025-11-16 15:37:28.561,418,16947.04
2025-11-16 15:37:28.561,419,16352.05
2025-11-16 15:37:28.561,420,15395.25
2025-11-16 15:37:28.561,421,15815.47
2025-11-16 15:37:28.561,422,18699.77
2025-11-16 15:37:28.561,423,22616.81
2025-11-16 15:37:28.561,424,102094.18
2025-11-16 15:37:28.561,425,23754.24
2025-11-16 15:37:28.561,426,395419.56
2025-11-16 15:37:28.561,427,15174.57
2025-11-16 15:37:28.561,428,30631.22
2025-11-16 15:37:28.561,429,592227.94
2025-11-16 15:37:28.561,430,34542.39
2025-11-16 15:37:28.561,431,34542.39
2025-11-16 15:37:28.561,432,14549.7
2025-11-16 15:37:28.561,433,14328.73
2025-11-16 15:37:28.561,434,13483.07
2025-11-16 15:37:28.561,435,14212.49
2025-11-16 15:37:28.561,436,13254.0
2025-11-16 15:37:28.561,437,13294.1
2025-11-16 15:37:28.561,438,13240.66
2025-11-16 15:37:28.561,439,13214.03
2025-11-16 15:37:28.561,440,13174.2
2025-11-16 15:37:28.561,441,13055.53
2025-11-16 15:37:28.561,442,13240.66
2025-11-16 15:37:28.561,443,13267.35
2025-11-16 15:37:28.561,444,13267.35
2025-11-16 15:37:28.561,445,13174.2
2025-11-16 15:37:28.561,446,13716.68
2025-11-16 15:37:28.561,447,13254.0
2025-11-16 15:37:28.561,448,15587.49
2025-11-16 15:37:28.561,449,15081.15
2025-11-16 15:37:28.561,450,15019.26
2025-11-16 15:37:28.561,451,15587.49
2025-11-16 15:37:28.561,452,15684.7
2025-11-16 15:37:28.561,453,16334.95
2025-11-16 15:37:28.561,454,14328.73
2025-11-16 15:37:28.561,455,16081.01
2025-11-16 15:37:28.561,456,14212.49
2025-11-16 15:37:28.561,457,14835.39
2025-11-16 15:37:28.561,458,17872.27
2025-11-16 15:37:28.561,459,15363.49
2025-11-16 15:37:28.561,460,15268.68
2025-11-16 15:37:28.561,461,14850.61
2025-11-16 15:37:28.561,462,14942.32
2025-11-16 15:37:28.561,463,15284.43
2025-11-16 15:37:28.561,464,38233.91
2025-11-16 15:37:28.561,465,14911.68
2025-11-16 15:37:28.561,466,16681.28
2025-11-16 15:37:28.561,467,16014.12
2025-11-16 15:37:28.561,468,15205.86
2025-11-16 15:37:28.561,469,15555.25
2025-11-16 15:37:28.561,470,18398.68
2025-11-16 15:37:28.561,471,22512.45
2025-11-16 15:37:28.561,472,95442.0
2025-11-16 15:37:28.561,473,23586.93
2025-11-16 15:37:28.561,474,391443.63
2025-11-16 15:37:28.561,475,14911.68
2025-11-16 15:37:28.561,476,29526.5
2025-11-16 15:37:28.561,477,536008.31
2025-11-16 15:37:28.561,478,33776.39
2025-11-16 15:37:28.561,479,33776.39
2025-11-16 15:37:28.561,480,14416.64
2025-11-16 15:37:28.561,481,14169.19
2025-11-16 15:37:28.561,482,13455.89
2025-11-16 15:37:28.561,483,13954.95
2025-11-16 15:37:28.561,484,12964.06
2025-11-16 15:37:28.561,485,13160.96
2025-11-16 15:37:28.561,486,13003.18
2025-11-16 15:37:28.561,487,13055.53
2025-11-16 15:37:28.561,488,13042.42
2025-11-16 15:37:28.561,489,12977.09
2025-11-16 15:37:28.561,490,13094.96
2025-11-16 15:37:28.561,491,13029.33
2025-11-16 15:37:28.561,492,13094.96
2025-11-16 15:37:28.561,493,13055.53
2025-11-16 15:37:28.561,494,13954.95
2025-11-16 15:37:28.561,495,13029.33
2025-11-16 15:37:28.561,496,15205.86
2025-11-16 15:37:28.561,497,14942.32
2025-11-16 15:37:28.561,498,15019.26
2025-11-16 15:37:28.561,499,15363.49
2025-11-16 15:37:28.561,500,15523.09
2025-11-16 15:37:28.561,501,16182.0
2025-11-16 15:37:28.561,502,14183.61
2025-11-16 15:37:28.561,503,15947.57
2025-11-16 15:37:28.561,504,14299.57
2025-11-16 15:37:28.561,505,14744.46
2025-11-16 15:37:28.561,506,17738.95
2025-11-16 15:37:28.561,507,15268.68
2025-11-16 15:37:28.561,508,15112.21
2025-11-16 15:37:28.561,509,14654.19
2025-11-16 15:37:28.561,510,14805.01
2025-11-16 15:37:28.561,511,15112.21
2025-11-16 15:37:28.561,512,37893.76
2025-11-16 15:37:28.561,513,14865.85
2025-11-16 15:37:28.561,514,16663.75
2025-11-16 15:37:28.561,515,15914.42
2025-11-16 15:37:28.561,516,15237.23
2025-11-16 15:37:28.561,517,15411.16
2025-11-16 15:37:28.561,518,18378.83
2025-11-16 15:37:28.561,519,22512.45
2025-11-16 15:37:28.561,520,99101.66
2025-11-16 15:37:28.561,521,23586.93
2025-11-16 15:37:28.561,522,387544.88
2025-11-16 15:37:28.561,523,14744.46
2025-11-16 15:37:28.561,524,29108.72
2025-11-16 15:37:28.561,525,536008.31
2025-11-16 15:37:28.561,526,33635.68
2025-11-16 15:37:28.561,527,33635.68
2025-11-16 15:37:28.561,528,14505.19
2025-11-16 15:37:28.561,529,14328.73
2025-11-16 15:37:28.561,530,13483.07
2025-11-16 15:37:28.561,531,14126.04
2025-11-16 15:37:28.561,532,13108.13
2025-11-16 15:37:28.561,533,13374.71
2025-11-16 15:37:28.561,534,13187.46
2025-11-16 15:37:28.561,535,13160.96
2025-11-16 15:37:28.561,536,13160.96
2025-11-16 15:37:28.561,537,13121.31
2025-11-16 15:37:28.561,538,13227.34
2025-11-16 15:37:28.561,539,13187.46
2025-11-16 15:37:28.561,540,13227.34
2025-11-16 15:37:28.561,541,13121.31
2025-11-16 15:37:28.561,542,14212.49
2025-11-16 15:37:28.561,543,13227.34
2025-11-16 15:37:28.561,544,15363.49
2025-11-16 15:37:28.561,545,15174.57
2025-11-16 15:37:28.561,546,15143.35
2025-11-16 15:37:28.561,547,15603.64
2025-11-16 15:37:28.561,548,15636.01
2025-11-16 15:37:28.561,549,16420.69
2025-11-16 15:37:28.561,550,14372.61
2025-11-16 15:37:28.561,551,16131.41
2025-11-16 15:37:28.561,552,14416.64
2025-11-16 15:37:28.561,553,14988.43
2025-11-16 15:37:28.561,554,17929.79
2025-11-16 15:37:28.561,555,15491.01
2025-11-16 15:37:28.561,556,15300.2
2025-11-16 15:37:28.561,557,14835.39
2025-11-16 15:37:28.561,558,15065.65
2025-11-16 15:37:28.561,559,15395.25
2025-11-16 15:37:28.561,560,38578.92
2025-11-16 15:37:28.561,561,14896.38
2025-11-16 15:37:28.561,562,16698.84
2025-11-16 15:37:28.561,563,16047.52
2025-11-16 15:37:28.561,564,15331.81
2025-11-16 15:37:28.561,565,15668.45
2025-11-16 15:37:28.561,566,18538.4
2025-11-16 15:37:28.561,567,22721.83
2025-11-16 15:37:28.561,568,98522.22
2025-11-16 15:37:28.561,569,23754.24
2025-11-16 15:37:28.561,570,450099.75
2025-11-16 15:37:28.561,571,14926.99
2025-11-16 15:37:28.561,572,30590.71
2025-11-16 15:37:28.561,573,515003.19
2025-11-16 15:37:28.561,574,34689.0
2025-11-16 15:37:28.561,575,34689.0
2025-11-16 15:37:28.561,576,14579.46
2025-11-16 15:37:28.561,577,14343.34
2025-11-16 15:37:28.561,578,13702.81
2025-11-16 15:37:28.561,579,14226.96
2025-11-16 15:37:28.561,580,13187.46
2025-11-16 15:37:28.561,581,13401.71
2025-11-16 15:37:28.561,582,13160.96
2025-11-16 15:37:28.561,583,13200.74
2025-11-16 15:37:28.561,584,13227.34
2025-11-16 15:37:28.561,585,13055.53
2025-11-16 15:37:28.561,586,13240.66
2025-11-16 15:37:28.561,587,13187.46
2025-11-16 15:37:28.561,588,13267.35
2025-11-16 15:37:28.561,589,13200.74
2025-11-16 15:37:28.561,590,14097.35
2025-11-16 15:37:28.561,591,13347.78
2025-11-16 15:37:28.561,592,15427.09
2025-11-16 15:37:28.561,593,15112.21
2025-11-16 15:37:28.561,594,15019.26
2025-11-16 15:37:28.561,595,15507.04
2025-11-16 15:37:28.561,596,15652.22
2025-11-16 15:37:28.561,597,16283.77
2025-11-16 15:37:28.561,598,14328.73
2025-11-16 15:37:28.561,599,16097.79
2025-11-16 15:37:28.561,600,14328.73
2025-11-16 15:37:28.561,601,14835.39
2025-11-16 15:37:28.561,602,17872.27
2025-11-16 15:37:28.561,603,15347.64
2025-11-16 15:37:28.561,604,15112.21
2025-11-16 15:37:28.561,605,14564.57
2025-11-16 15:37:28.561,606,14654.19
2025-11-16 15:37:28.561,607,14759.57
2025-11-16 15:37:28.561,608,37950.12
2025-11-16 15:37:28.561,609,14564.57
2025-11-16 15:37:28.561,610,16751.64
2025-11-16 15:37:28.561,611,15815.47
2025-11-16 15:37:28.561,612,15143.35
2025-11-16 15:37:28.561,613,15411.16
2025-11-16 15:37:28.561,614,18240.65
2025-11-16 15:37:28.561,615,22357.16
2025-11-16 15:37:28.561,616,98234.78
2025-11-16 15:37:28.561,617,23726.24
2025-11-16 15:37:28.561,618,450099.75
2025-11-16 15:37:28.561,619,14805.01
2025-11-16 15:37:28.561,620,29564.92
2025-11-16 15:37:28.561,621,471757.34
2025-11-16 15:37:28.561,622,33870.7
2025-11-16 15:37:28.561,623,33870.7
2025-11-16 15:37:28.561,624,14505.19
2025-11-16 15:37:28.561,625,14357.96
2025-11-16 15:37:28.561,626,13647.49
2025-11-16 15:37:28.561,627,14154.79
2025-11-16 15:37:28.561,628,13187.46
2025-11-16 15:37:28.561,629,13428.77
2025-11-16 15:37:28.561,630,13294.1
2025-11-16 15:37:28.561,631,13240.66
2025-11-16 15:37:28.561,632,13094.96
2025-11-16 15:37:28.561,633,13068.66
2025-11-16 15:37:28.561,634,13108.13
2025-11-16 15:37:28.561,635,13187.46
2025-11-16 15:37:28.561,636,13254.0
2025-11-16 15:37:28.561,637,13214.03
2025-11-16 15:37:28.561,638,14140.4
2025-11-16 15:37:28.561,639,13294.1
2025-11-16 15:37:28.561,640,15491.01
2025-11-16 15:37:28.561,641,15081.15
2025-11-16 15:37:28.561,642,15081.15
2025-11-16 15:37:28.561,643,15571.36
2025-11-16 15:37:28.561,644,15684.7
2025-11-16 15:37:28.561,645,16249.76
2025-11-16 15:37:28.561,646,14549.7
2025-11-16 15:37:28.561,647,16131.41
2025-11-16 15:37:28.561,648,14387.27
2025-11-16 15:37:28.561,649,14835.39
2025-11-16 15:37:28.561,650,17531.99
2025-11-16 15:37:28.561,651,15523.09
2025-11-16 15:37:28.561,652,15112.21
2025-11-16 15:37:28.561,653,14744.46
2025-11-16 15:37:28.561,654,14774.7
2025-11-16 15:37:28.561,655,15190.2
2025-11-16 15:37:28.561,656,37613.93
2025-11-16 15:37:28.561,657,14774.7
2025-11-16 15:37:28.561,658,16628.76
2025-11-16 15:37:28.561,659,15997.45
2025-11-16 15:37:28.561,660,15347.64
2025-11-16 15:37:28.561,661,15523.09
2025-11-16 15:37:28.561,662,18221.02
2025-11-16 15:37:28.561,663,22331.42
2025-11-16 15:37:28.561,664,94632.04
2025-11-16 15:37:28.561,665,23754.24
2025-11-16 15:37:28.561,666,460679.59
2025-11-16 15:37:28.561,667,14744.46
2025-11-16 15:37:28.561,668,29914.1
2025-11-16 15:37:28.561,669,495554.03
2025-11-16 15:37:28.561,670,33682.49
2025-11-16 15:37:28.561,671,33682.49
2025-11-16 15:37:28.561,672,14270.47
2025-11-16 15:37:28.561,673,14270.47
2025-11-16 15:37:28.561,674,13702.81
2025-11-16 15:37:28.561,675,14140.4
2025-11-16 15:37:28.561,676,13294.1
2025-11-16 15:37:28.561,677,13483.07
2025-11-16 15:37:28.561,678,13374.71
2025-11-16 15:37:28.561,679,13401.71
2025-11-16 15:37:28.561,680,13307.49
2025-11-16 15:37:28.561,681,13294.1
2025-11-16 15:37:28.561,682,13374.71
2025-11-16 15:37:28.561,683,13334.34
2025-11-16 15:37:28.561,684,13388.2
2025-11-16 15:37:28.561,685,13320.91
2025-11-16 15:37:28.561,686,14328.73
2025-11-16 15:37:28.561,687,13483.07
2025-11-16 15:37:28.561,688,15619.82
2025-11-16 15:37:28.561,689,15331.81
2025-11-16 15:37:28.561,690,15300.2
2025-11-16 15:37:28.561,691,15815.47
2025-11-16 15:37:28.561,692,15897.87
2025-11-16 15:37:28.561,693,16646.24
2025-11-16 15:37:28.561,694,14684.21
2025-11-16 15:37:28.561,695,16386.33
2025-11-16 15:37:28.561,696,14609.3
2025-11-16 15:37:28.561,697,15019.26
2025-11-16 15:37:28.561,698,18181.84
2025-11-16 15:37:28.561,699,15619.82
2025-11-16 15:37:28.561,700,15491.01
2025-11-16 15:37:28.561,701,15034.71
2025-11-16 15:37:28.561,702,15096.68
2025-11-16 15:37:28.561,703,15555.25
2025-11-16 15:37:28.561,704,38753.28
2025-11-16 15:37:28.561,705,15081.15
2025-11-16 15:37:28.561,706,16947.04
2025-11-16 15:37:28.561,707,16352.05
2025-11-16 15:37:28.561,708,15539.16
2025-11-16 15:37:28.561,709,15782.65
2025-11-16 15:37:28.561,710,18679.5
2025-11-16 15:37:28.561,711,22854.06
2025-11-16 15:37:28.561,712,99101.66
2025-11-16 15:37:28.561,713,24065.32
2025-11-16 15:37:28.561,714,450099.75
2025-11-16 15:37:28.561,715,15300.2
2025-11-16 15:37:28.561,716,30835.0
2025-11-16 15:37:28.561,717,471757.34
2025-11-16 15:37:28.561,718,35335.6
2025-11-16 15:37:28.561,719,35335.6
2025-11-16 15:37:28.561,720,14549.7
2025-11-16 15:37:28.561,721,14357.96
2025-11-16 15:37:28.561,722,13983.3
2025-11-16 15:37:28.561,723,14594.37
2025-11-16 15:37:28.561,724,13647.49
2025-11-16 15:37:28.561,725,13758.38
2025-11-16 15:37:28.561,726,13592.43
2025-11-16 15:37:28.561,727,13661.29
2025-11-16 15:37:28.561,728,13496.68
2025-11-16 15:37:28.561,729,13442.32
2025-11-16 15:37:28.561,730,13592.43
2025-11-16 15:37:28.561,731,13606.17
2025-11-16 15:37:28.561,732,13675.12
2025-11-16 15:37:28.561,733,13496.68
2025-11-16 15:37:28.561,734,14594.37
2025-11-16 15:37:28.561,735,13688.95
2025-11-16 15:37:28.561,736,15749.92
2025-11-16 15:37:28.561,737,15395.25
2025-11-16 15:37:28.561,738,15555.25
2025-11-16 15:37:28.561,739,16014.12
2025-11-16 15:37:28.561,740,16047.52
2025-11-16 15:37:28.561,741,16769.29
2025-11-16 15:37:28.561,742,14850.61
2025-11-16 15:37:28.561,743,16593.85
2025-11-16 15:37:28.561,744,14774.7
2025-11-16 15:37:28.561,745,15268.68
2025-11-16 15:37:28.561,746,18418.55
2025-11-16 15:37:28.561,747,15749.92
2025-11-16 15:37:28.561,748,15700.98
2025-11-16 15:37:28.561,749,15174.57
2025-11-16 15:37:28.561,750,15284.43
2025-11-16 15:37:28.561,751,15636.01
2025-11-16 15:37:28.561,752,38753.28
2025-11-16 15:37:28.561,753,15205.86
2025-11-16 15:37:28.561,754,17054.83
2025-11-16 15:37:28.561,755,16352.05
2025-11-16 15:37:28.561,756,15603.64
2025-11-16 15:37:28.561,757,15848.37
2025-11-16 15:37:28.561,758,18740.4
2025-11-16 15:37:28.561,759,22854.06
2025-11-16 15:37:28.561,760,98811.18
2025-11-16 15:37:28.561,761,24151.15
2025-11-16 15:37:28.561,762,395419.56
2025-11-16 15:37:28.561,763,15363.49
2025-11-16 15:37:28.561,764,30269.48
2025-11-16 15:37:28.561,765,455329.53
2025-11-16 15:37:28.561,766,34640.03
2025-11-16 15:37:28.561,767,34640.03
2025-11-16 15:37:28.561,768,15158.95
2025-11-16 15:37:28.561,769,15050.17
2025-11-16 15:37:28.561,770,14270.47
2025-11-16 15:37:28.561,771,14835.39
2025-11-16 15:37:28.561,772,13716.68
2025-11-16 15:37:28.561,773,13912.56
2025-11-16 15:37:28.561,774,13758.38
2025-11-16 15:37:28.561,775,13842.23
2025-11-16 15:37:28.561,776,13983.3
2025-11-16 15:37:28.561,777,13842.23
2025-11-16 15:37:28.561,778,13912.56
2025-11-16 15:37:28.561,779,13814.22
2025-11-16 15:37:28.561,780,13926.67
2025-11-16 15:37:28.561,781,13814.22
2025-11-16 15:37:28.561,782,14654.19
2025-11-16 15:37:28.561,783,13926.67
2025-11-16 15:37:28.561,784,16081.01
2025-11-16 15:37:28.561,785,15733.59
2025-11-16 15:37:28.561,786,15766.28
2025-11-16 15:37:28.561,787,16283.77
2025-11-16 15:37:28.561,788,16182.0
2025-11-16 15:37:28.561,789,16893.47
2025-11-16 15:37:28.561,790,15112.21
2025-11-16 15:37:28.561,791,16734.02
2025-11-16 15:37:28.561,792,14926.99
2025-11-16 15:37:28.561,793,15331.81
2025-11-16 15:37:28.561,794,18538.4
2025-11-16 15:37:28.561,795,16014.12
2025-11-16 15:37:28.561,796,15684.7
2025-11-16 15:37:28.561,797,15300.2
2025-11-16 15:37:28.561,798,15587.49
2025-11-16 15:37:28.561,799,15914.42
2025-11-16 15:37:28.561,800,38695.02
2025-11-16 15:37:28.561,801,15523.09
2025-11-16 15:37:28.561,802,17236.39
2025-11-16 15:37:28.561,803,16681.28
2025-11-16 15:37:28.561,804,15749.92
2025-11-16 15:37:28.561,805,16047.52
2025-11-16 15:37:28.561,806,19007.29
2025-11-16 15:37:28.561,807,22933.92
2025-11-16 15:37:28.561,808,97381.57
2025-11-16 15:37:28.561,809,24616.31
2025-11-16 15:37:28.561,810,383721.19
2025-11-16 15:37:28.561,811,15603.64
2025-11-16 15:37:28.561,812,30958.25
2025-11-16 15:37:28.561,813,528822.38
2025-11-16 15:37:28.561,814,35134.67
2025-11-16 15:37:28.561,815,35134.67
2025-11-16 15:37:28.561,816,15096.68
2025-11-16 15:37:28.561,817,15081.15
2025-11-16 15:37:28.561,818,14198.04
2025-11-16 15:37:28.561,819,14744.46
2025-11-16 15:37:28.561,820,13772.32
2025-11-16 15:37:28.561,821,13983.3
2025-11-16 15:37:28.561,822,13758.38
2025-11-16 15:37:28.561,823,13744.46
2025-11-16 15:37:28.561,824,13870.31
2025-11-16 15:37:28.561,825,13758.38
2025-11-16 15:37:28.561,826,13884.38
2025-11-16 15:37:28.561,827,13884.38
2025-11-16 15:37:28.561,828,13969.12
2025-11-16 15:37:28.561,829,13786.27
2025-11-16 15:37:28.561,830,14774.7
2025-11-16 15:37:28.561,831,13898.46
2025-11-16 15:37:28.561,832,16081.01
2025-11-16 15:37:28.561,833,15766.28
2025-11-16 15:37:28.561,834,15782.65
2025-11-16 15:37:28.561,835,16249.76
2025-11-16 15:37:28.561,836,16047.52
2025-11-16 15:37:28.561,837,16751.64
2025-11-16 15:37:28.561,838,14911.68
2025-11-16 15:37:28.561,839,16751.64
2025-11-16 15:37:28.561,840,15112.21
2025-11-16 15:37:28.561,841,15587.49
2025-11-16 15:37:28.561,842,18781.14
2025-11-16 15:37:28.561,843,16131.41
2025-11-16 15:37:28.561,844,15930.98
2025-11-16 15:37:28.561,845,15539.16
2025-11-16 15:37:28.561,846,15619.82
2025-11-16 15:37:28.561,847,16064.26
2025-11-16 15:37:28.561,848,39887.21
2025-11-16 15:37:28.561,849,15555.25
2025-11-16 15:37:28.561,850,17569.39
2025-11-16 15:37:28.561,851,16875.66
2025-11-16 15:37:28.561,852,16081.01
2025-11-16 15:37:28.561,853,16215.84
2025-11-16 15:37:28.561,854,19406.36
2025-11-16 15:37:28.561,855,23040.99
2025-11-16 15:37:28.561,856,102712.45
2025-11-16 15:37:28.561,857,24823.81
2025-11-16 15:37:28.561,858,369134.25
2025-11-16 15:37:28.561,859,15799.05
2025-11-16 15:37:28.561,860,31082.24
2025-11-16 15:37:28.561,861,550970.88
2025-11-16 15:37:28.561,862,36209.84
2025-11-16 15:37:28.561,863,36209.84
2025-11-16 15:37:28.561,864,15619.82
2025-11-16 15:37:28.561,865,15555.25
2025-11-16 15:37:28.561,866,14805.01
2025-11-16 15:37:28.561,867,15331.81
2025-11-16 15:37:28.561,868,14357.96
2025-11-16 15:37:28.561,869,14212.49
2025-11-16 15:37:28.561,870,14314.14
2025-11-16 15:37:28.561,871,14270.47
2025-11-16 15:37:28.561,872,14212.49
2025-11-16 15:37:28.561,873,14198.04
2025-11-16 15:37:28.561,874,14387.27
2025-11-16 15:37:28.561,875,14241.45
2025-11-16 15:37:28.561,876,14387.27
2025-11-16 15:37:28.561,877,14549.7
2025-11-16 15:37:28.561,878,15081.15
2025-11-16 15:37:28.561,879,14372.61
2025-11-16 15:37:28.561,880,16681.28
2025-11-16 15:37:28.561,881,16148.25
2025-11-16 15:37:28.561,882,16165.12
2025-11-16 15:37:28.561,883,16698.84
2025-11-16 15:37:28.561,884,15947.57
2025-11-16 15:37:28.561,885,17127.16
2025-11-16 15:37:28.561,886,15363.49
2025-11-16 15:37:28.561,887,17054.83
2025-11-16 15:37:28.561,888,15300.2
2025-11-16 15:37:28.561,889,15684.7
2025-11-16 15:37:28.561,890,19215.97
2025-11-16 15:37:28.561,891,16403.5
2025-11-16 15:37:28.561,892,16403.5
2025-11-16 15:37:28.561,893,15914.42
2025-11-16 15:37:28.561,894,15914.42
2025-11-16 15:37:28.561,895,16472.4
2025-11-16 15:37:28.561,896,40630.89
2025-11-16 15:37:28.561,897,15881.35
2025-11-16 15:37:28.561,898,17834.04
2025-11-16 15:37:28.561,899,17018.8
2025-11-16 15:37:28.561,900,16317.87
2025-11-16 15:37:28.561,901,16646.24
2025-11-16 15:37:28.561,902,19534.67
2025-11-16 15:37:28.561,903,23366.42
2025-11-16 15:37:28.561,904,100279.32
2025-11-16 15:37:28.561,905,25094.26
2025-11-16 15:37:28.561,906,346048.91
2025-11-16 15:37:28.561,907,16047.52
2025-11-16 15:37:28.561,908,31374.49
2025-11-16 15:37:28.561,909,521823.06
2025-11-16 15:37:28.561,910,36157.48
2025-11-16 15:37:28.561,911,36157.48
2025-11-16 15:37:28.561,912,18339.21
2025-11-16 15:37:28.561,913,18181.84
2025-11-16 15:37:28.561,914,17272.99
2025-11-16 15:37:28.561,915,17949.02
2025-11-16 15:37:28.561,916,16947.04
2025-11-16 15:37:28.561,917,17163.47
2025-11-16 15:37:28.561,918,16857.87
2025-11-16 15:37:28.561,919,16911.3
2025-11-16 15:37:28.561,920,16875.66
2025-11-16 15:37:28.561,921,16840.11
2025-11-16 15:37:28.561,922,16982.88
2025-11-16 15:37:28.561,923,16716.42
2025-11-16 15:37:28.561,924,17054.83
2025-11-16 15:37:28.561,925,16964.95
2025-11-16 15:37:28.561,926,17606.89
2025-11-16 15:37:28.561,927,17018.8
2025-11-16 15:37:28.561,928,19007.29
2025-11-16 15:37:28.561,929,18699.77
2025-11-16 15:37:28.561,930,18659.26
2025-11-16 15:37:28.561,931,19111.26
2025-11-16 15:37:28.561,932,18781.14
2025-11-16 15:37:28.561,933,19556.16
2025-11-16 15:37:28.561,934,17834.04
2025-11-16 15:37:28.561,935,18538.4
2025-11-16 15:37:28.561,936,17872.27
2025-11-16 15:37:28.561,937,18458.39
2025-11-16 15:37:28.561,938,22050.96
2025-11-16 15:37:28.561,939,19215.97
2025-11-16 15:37:28.561,940,18986.58
2025-11-16 15:37:28.561,941,18458.39
2025-11-16 15:37:28.561,942,18699.77
2025-11-16 15:37:28.561,943,19111.26
2025-11-16 15:37:28.561,944,45151.65
2025-11-16 15:37:28.561,945,18659.26
2025-11-16 15:37:28.561,946,20510.75
2025-11-16 15:37:28.561,947,19772.81
2025-11-16 15:37:28.561,948,19194.97
2025-11-16 15:37:28.561,949,19449.01
2025-11-16 15:37:28.561,950,22357.16
2025-11-16 15:37:28.561,951,26842.51
2025-11-16 15:37:28.561,952,112877.99
2025-11-16 15:37:28.561,953,28699.64
2025-11-16 15:37:28.561,954,395419.56
2025-11-16 15:37:28.561,955,18986.58
2025-11-16 15:37:28.561,956,35034.87
2025-11-16 15:37:28.561,957,536008.31
2025-11-16 15:37:28.561,958,40442.9
2025-11-16 15:37:28.561,959,40442.9
2025-11-16 15:37:28.561,960,43487.57
2025-11-16 15:37:28.561,961,42253.52
2025-11-16 15:37:28.561,962,40505.41
2025-11-16 15:37:28.561,963,41397.01
2025-11-16 15:37:28.561,964,40380.55
2025-11-16 15:37:28.561,965,40756.99
2025-11-16 15:37:28.561,966,40442.9
2025-11-16 15:37:28.561,967,40505.41
2025-11-16 15:37:28.561,968,40256.3
2025-11-16 15:37:28.561,969,39887.21
2025-11-16 15:37:28.561,970,40630.89
2025-11-16 15:37:28.561,971,40883.72
2025-11-16 15:37:28.561,972,40132.67
2025-11-16 15:37:28.561,973,39887.21
2025-11-16 15:37:28.561,974,41461.9
2025-11-16 15:37:28.561,975,40256.3
2025-11-16 15:37:28.561,976,43628.29
2025-11-16 15:37:28.561,977,40756.99
2025-11-16 15:37:28.561,978,39343.6
2025-11-16 15:37:28.561,979,42522.82
2025-11-16 15:37:28.561,980,40693.86
2025-11-16 15:37:28.561,981,41397.01
2025-11-16 15:37:28.561,982,40256.3
2025-11-16 15:37:28.561,983,38006.61
2025-11-16 15:37:28.561,984,38348.37
2025-11-16 15:37:28.561,985,39887.21
2025-11-16 15:37:28.561,986,43557.83
2025-11-16 15:37:28.561,987,31416.58
2025-11-16 15:37:28.561,988,42053.34
2025-11-16 15:37:28.561,989,41854.7
2025-11-16 15:37:28.561,990,41986.96
2025-11-16 15:37:28.561,991,44707.67
2025-11-16 15:37:28.561,992,91010.8
2025-11-16 15:37:28.561,993,41920.75
2025-11-16 15:37:28.561,994,42726.61
2025-11-16 15:37:28.561,995,40630.89
2025-11-16 15:37:28.561,996,42387.82
2025-11-16 15:37:28.561,997,43208.34
2025-11-16 15:37:28.561,998,47728.11
2025-11-16 15:37:28.561,999,54378.94
2025-11-16 15:37:28.561,1000,235144.47
2025-11-16 15:37:28.561,1001,61358.41
2025-11-16 15:37:28.561,1002,734602.25
2025-11-16 15:37:28.561,1003,41657.55
2025-11-16 15:37:28.561,1004,75386.48
2025-11-16 15:37:28.561,1005,988899.38
2025-11-16 15:37:28.561,1006,84689.81
2025-11-16 15:37:28.561,1007,84689.81
2025-11-16 15:37:28.561,1008,59416.6
2025-11-16 15:37:28.561,1009,57802.03
2025-11-16 15:37:28.561,1010,55833.13
2025-11-16 15:37:28.561,1011,57354.41
2025-11-16 15:37:28.561,1012,54480.68
2025-11-16 15:37:28.561,1013,57022.54
2025-11-16 15:37:28.561,1014,56260.74
2025-11-16 15:37:28.561,1015,56693.92
2025-11-16 15:37:28.561,1016,57465.76
2025-11-16 15:37:28.561,1017,56693.92
2025-11-16 15:37:28.561,1018,56476.62
2025-11-16 15:37:28.561,1019,55833.13
2025-11-16 15:37:28.561,1020,56476.62
2025-11-16 15:37:28.561,1021,56476.62
2025-11-16 15:37:28.561,1022,58255.64
2025-11-16 15:37:28.561,1023,56046.25
2025-11-16 15:37:28.561,1024,61358.41
2025-11-16 15:37:28.561,1025,58484.71
2025-11-16 15:37:28.561,1026,53975.16
2025-11-16 15:37:28.561,1027,58255.64
2025-11-16 15:37:28.561,1028,49845.72
2025-11-16 15:37:28.561,1029,53182.58
2025-11-16 15:37:28.561,1030,55097.93
2025-11-16 15:37:28.561,1031,41526.96
2025-11-16 15:37:28.561,1032,54176.42
2025-11-16 15:37:28.561,1033,54277.52
2025-11-16 15:37:28.561,1034,56585.1
2025-11-16 15:37:28.561,1035,51841.71
2025-11-16 15:37:28.561,1036,56693.92
2025-11-16 15:37:28.561,1037,56912.64
2025-11-16 15:37:28.561,1038,56585.1
2025-11-16 15:37:28.561,1039,60986.11
2025-11-16 15:37:28.561,1040,119086.36
2025-11-16 15:37:28.561,1041,55833.13
2025-11-16 15:37:28.561,1042,52218.99
2025-11-16 15:37:28.561,1043,51468.98
2025-11-16 15:37:28.561,1044,56585.1
2025-11-16 15:37:28.561,1045,55621.39
2025-11-16 15:37:28.561,1046,63411.8
2025-11-16 15:37:28.561,1047,62370.57
2025-11-16 15:37:28.561,1048,295546.66
2025-11-16 15:37:28.561,1049,82544.69
2025-11-16 15:37:28.561,1050,583498.19
2025-11-16 15:37:28.561,1051,54176.42
2025-11-16 15:37:28.561,1052,92019.64
2025-11-16 15:37:28.561,1053,988899.38
2025-11-16 15:37:28.561,1054,105255.28
2025-11-16 15:37:28.561,1055,105255.28
2025-11-16 15:37:28.561,1056,58484.71
2025-11-16 15:37:28.561,1057,57577.48
2025-11-16 15:37:28.561,1058,56046.25
2025-11-16 15:37:28.561,1059,55097.93
2025-11-16 15:37:28.561,1060,54787.84
2025-11-16 15:37:28.561,1061,56046.25
2025-11-16 15:37:28.561,1062,55727.09
2025-11-16 15:37:28.561,1063,54994.24
2025-11-16 15:37:28.561,1064,54890.87
2025-11-16 15:37:28.561,1065,54378.94
2025-11-16 15:37:28.561,1066,54890.87
2025-11-16 15:37:28.561,1067,54994.24
2025-11-16 15:37:28.561,1068,55939.52
2025-11-16 15:37:28.561,1069,54685.13
2025-11-16 15:37:28.561,1070,56476.62
2025-11-16 15:37:28.561,1071,55621.39
2025-11-16 15:37:28.561,1072,58028.08
2025-11-16 15:37:28.561,1073,56046.25
2025-11-16 15:37:28.561,1074,47322.41
2025-11-16 15:37:28.561,1075,56046.25
2025-11-16 15:37:28.561,1076,44854.87
2025-11-16 15:37:28.561,1077,43698.91
2025-11-16 15:37:28.561,1078,53084.88
2025-11-16 15:37:28.561,1079,45151.65
2025-11-16 15:37:28.561,1080,41920.75
2025-11-16 15:37:28.561,1081,48810.25
2025-11-16 15:37:28.561,1082,50918.22
2025-11-16 15:37:28.561,1083,46527.84
2025-11-16 15:37:28.561,1084,52697.09
2025-11-16 15:37:28.561,1085,54685.13
2025-11-16 15:37:28.561,1086,53378.87
2025-11-16 15:37:28.561,1087,58028.08
2025-11-16 15:37:28.561,1088,115519.18
2025-11-16 15:37:28.561,1089,54176.42
2025-11-16 15:37:28.561,1090,56476.62
2025-11-16 15:37:28.561,1091,53477.48
2025-11-16 15:37:28.561,1092,53975.16
2025-11-16 15:37:28.561,1093,54378.94
2025-11-16 15:37:28.561,1094,60374.14
2025-11-16 15:37:28.561,1095,65586.65
2025-11-16 15:37:28.561,1096,322883.13
2025-11-16 15:37:28.561,1097,78918.48
2025-11-16 15:37:28.561,1098,942433.13
2025-11-16 15:37:28.561,1099,53975.16
2025-11-16 15:37:28.561,1100,87631.56
2025-11-16 15:37:28.561,1101,103337.61
2025-11-16 15:37:28.561,1102,103337.61
2025-11-16 15:37:28.561,1103,103337.61
2025-11-16 15:37:28.561,1104,62370.57
2025-11-16 15:37:28.561,1105,63280.01
2025-11-16 15:37:28.561,1106,60617.66
2025-11-16 15:37:28.561,1107,59416.6
2025-11-16 15:37:28.561,1108,62370.57
2025-11-16 15:37:28.561,1109,62370.57
2025-11-16 15:37:28.561,1110,61233.89
2025-11-16 15:37:28.561,1111,61233.89
2025-11-16 15:37:28.561,1112,61483.39
2025-11-16 15:37:28.561,1113,60617.66
2025-11-16 15:37:28.561,1114,61608.8
2025-11-16 15:37:28.561,1115,61860.94
2025-11-16 15:37:28.561,1116,61483.39
2025-11-16 15:37:28.561,1117,60617.66
2025-11-16 15:37:28.561,1118,64756.17
2025-11-16 15:37:28.561,1119,59892.09
2025-11-16 15:37:28.561,1120,65307.78
2025-11-16 15:37:28.561,1121,60011.99
2025-11-16 15:37:28.561,1122,54994.24
2025-11-16 15:37:28.561,1123,58947.51
2025-11-16 15:37:28.561,1124,62114.86
2025-11-16 15:37:28.561,1125,61860.94
2025-11-16 15:37:28.561,1126,60617.66
2025-11-16 15:37:28.561,1127,58255.64
2025-11-16 15:37:28.561,1128,58484.71
2025-11-16 15:37:28.561,1129,59181.26
2025-11-16 15:37:28.561,1130,55833.13
2025-11-16 15:37:28.561,1131,59181.26
2025-11-16 15:37:28.561,1132,59416.6
2025-11-16 15:37:28.561,1133,62757.56
2025-11-16 15:37:28.561,1134,59416.6
2025-11-16 15:37:28.561,1135,67304.12
2025-11-16 15:37:28.561,1136,122431.63
2025-11-16 15:37:28.561,1137,59772.61
2025-11-16 15:37:28.561,1138,57577.48
2025-11-16 15:37:28.561,1139,57689.57
2025-11-16 15:37:28.561,1140,59892.09
2025-11-16 15:37:28.561,1141,58369.98
2025-11-16 15:37:28.561,1142,65307.78
2025-11-16 15:37:28.561,1143,66292.91
2025-11-16 15:37:28.561,1144,352352.88
2025-11-16 15:37:28.561,1145,91010.8
2025-11-16 15:37:28.561,1146,640033.69
2025-11-16 15:37:28.561,1147,61608.8
2025-11-16 15:37:28.561,1148,101482.63
2025-11-16 15:37:28.561,1149,121157.05
2025-11-16 15:37:28.561,1150,121157.05
2025-11-16 15:37:28.561,1151,121157.05
2025-11-16 15:37:28.561,1152,132592.78
2025-11-16 15:37:28.561,1153,133594.3
2025-11-16 15:37:28.561,1154,129194.73
2025-11-16 15:37:28.561,1155,130631.02
2025-11-16 15:37:28.561,1156,128253.38
2025-11-16 15:37:28.561,1157,127787.46
2025-11-16 15:37:28.561,1158,129670.22
2025-11-16 15:37:28.561,1159,127787.46
2025-11-16 15:37:28.561,1160,127787.46
2025-11-16 15:37:28.561,1161,128722.46
2025-11-16 15:37:28.561,1162,120737.61
2025-11-16 15:37:28.561,1163,126864.97
2025-11-16 15:37:28.561,1164,133594.3
2025-11-16 15:37:28.561,1165,125954.73
2025-11-16 15:37:28.561,1166,134100.34
2025-11-16 15:37:28.561,1167,120737.61
2025-11-16 15:37:28.561,1168,142142.66
2025-11-16 15:37:28.561,1169,120737.61
2025-11-16 15:37:28.561,1170,112143.66
2025-11-16 15:37:28.561,1171,130631.02
2025-11-16 15:37:28.561,1172,134609.98
2025-11-16 15:37:28.561,1173,132592.78
2025-11-16 15:37:28.561,1174,133594.3
2025-11-16 15:37:28.561,1175,121579.19
2025-11-16 15:37:28.561,1176,122862.01
2025-11-16 15:37:28.561,1177,120737.61
2025-11-16 15:37:28.561,1178,125954.73
2025-11-16 15:37:28.561,1179,123295.2
2025-11-16 15:37:28.561,1180,112143.66
2025-11-16 15:37:28.561,1181,121579.19
2025-11-16 15:37:28.561,1182,110345.59
2025-11-16 15:37:28.561,1183,130631.02
2025-11-16 15:37:28.561,1184,226638.0
2025-11-16 15:37:28.561,1185,109992.31
2025-11-16 15:37:28.561,1186,113621.23
2025-11-16 15:37:28.561,1187,118680.02
2025-11-16 15:37:28.561,1188,113996.21
2025-11-16 15:37:28.561,1189,103652.78
2025-11-16 15:37:28.561,1190,108599.64
2025-11-16 15:37:28.561,1191,120737.61
2025-11-16 15:37:28.561,1192,601218.31
2025-11-16 15:37:28.561,1193,167961.95
2025-11-16 15:37:28.561,1194,113621.23
2025-11-16 15:37:28.561,1195,113621.23
2025-11-16 15:37:28.561,1196,188709.95
2025-11-16 15:37:28.561,1197,229407.17
2025-11-16 15:37:28.561,1198,229407.17
2025-11-16 15:37:28.561,1199,229407.17
2025-11-16 15:37:28.561,1200,684112.31
2025-11-16 15:37:28.561,1201,583498.19
2025-11-16 15:37:28.561,1202,650520.19
2025-11-16 15:37:28.561,1203,536008.31
2025-11-16 15:37:28.561,1204,558763.94
2025-11-16 15:37:28.561,1205,640033.69
2025-11-16 15:37:28.561,1206,566776.38
2025-11-16 15:37:28.561,1207,550970.88
2025-11-16 15:37:28.561,1208,583498.19
2025-11-16 15:37:28.561,1209,521823.06
2025-11-16 15:37:28.561,1210,566776.38
2025-11-16 15:37:28.561,1211,650520.19
2025-11-16 15:37:28.561,1212,583498.19
2025-11-16 15:37:28.561,1213,536008.31
2025-11-16 15:37:28.561,1214,583498.19
2025-11-16 15:37:28.561,1215,536008.31
2025-11-16 15:37:28.561,1216,583498.19
2025-11-16 15:37:28.561,1217,558763.94
2025-11-16 15:37:28.561,1218,583498.19
2025-11-16 15:37:28.561,1219,601218.31
2025-11-16 15:37:28.561,1220,601218.31
2025-11-16 15:37:28.561,1221,558763.94
2025-11-16 15:37:28.561,1222,601218.31
2025-11-16 15:37:28.561,1223,515003.19
2025-11-16 15:37:28.561,1224,536008.31
2025-11-16 15:37:28.561,1225,515003.19
2025-11-16 15:37:28.561,1226,575017.88
2025-11-16 15:37:28.561,1227,543388.5
2025-11-16 15:37:28.561,1228,471757.34
2025-11-16 15:37:28.561,1229,471757.34
2025-11-16 15:37:28.561,1230,439984.91
2025-11-16 15:37:28.561,1231,536008.31
2025-11-16 15:37:28.561,1232,684112.31
2025-11-16 15:37:28.561,1233,489387.19
2025-11-16 15:37:28.561,1234,477494.09
2025-11-16 15:37:28.561,1235,460679.59
2025-11-16 15:37:28.561,1236,403612.41
2025-11-16 15:37:28.561,1237,450099.75
2025-11-16 15:37:28.561,1238,566776.38
2025-11-16 15:37:28.561,1239,521823.06
2025-11-16 15:37:28.561,1240,708471.5
2025-11-16 15:37:28.561,1241,708471.5
2025-11-16 15:37:28.561,1242,450099.75
2025-11-16 15:37:28.561,1243,450099.75
2025-11-16 15:37:28.561,1244,734602.25
2025-11-16 15:37:28.561,1245,777567.38
2025-11-16 15:37:28.561,1246,777567.38
2025-11-16 15:37:28.561,1247,777567.38
2025-11-16 15:37:28.561,1248,115905.77
2025-11-16 15:37:28.561,1249,125056.52
2025-11-16 15:37:28.561,1250,122431.63
2025-11-16 15:37:28.561,1251,115134.95
2025-11-16 15:37:28.561,1252,114373.48
2025-11-16 15:37:28.561,1253,109291.9
2025-11-16 15:37:28.561,1254,115134.95
2025-11-16 15:37:28.561,1255,121579.19
2025-11-16 15:37:28.561,1256,125056.52
2025-11-16 15:37:28.561,1257,122004.03
2025-11-16 15:37:28.561,1258,122004.03
2025-11-16 15:37:28.561,1259,125504.14
2025-11-16 15:37:28.561,1260,122431.63
2025-11-16 15:37:28.561,1261,118276.26
2025-11-16 15:37:28.561,1262,126864.97
2025-11-16 15:37:28.561,1263,122004.03
2025-11-16 15:37:28.561,1264,126864.97
2025-11-16 15:37:28.561,1265,110700.96
2025-11-16 15:37:28.561,1266,107915.35
2025-11-16 15:37:28.561,1267,94632.04
2025-11-16 15:37:28.561,1268,118276.26
2025-11-16 15:37:28.561,1269,125954.73
2025-11-16 15:37:28.561,1270,125056.52
2025-11-16 15:37:28.561,1271,122862.01
2025-11-16 15:37:28.561,1272,112877.99
2025-11-16 15:37:28.561,1273,115519.18
2025-11-16 15:37:28.561,1274,135640.13
2025-11-16 15:37:28.561,1275,128722.46
2025-11-16 15:37:28.561,1276,121579.19
2025-11-16 15:37:28.561,1277,125954.73
2025-11-16 15:37:28.561,1278,115134.95
2025-11-16 15:37:28.561,1279,127324.66
2025-11-16 15:37:28.561,1280,235144.47
2025-11-16 15:37:28.561,1281,125954.73
2025-11-16 15:37:28.561,1282,136160.72
2025-11-16 15:37:28.561,1283,122431.63
2025-11-16 15:37:28.561,1284,121157.05
2025-11-16 15:37:28.561,1285,120737.61
2025-11-16 15:37:28.561,1286,132097.22
2025-11-16 15:37:28.561,1287,160541.67
2025-11-16 15:37:28.561,1288,650520.19
2025-11-16 15:37:28.561,1289,175214.38
2025-11-16 15:37:28.561,1290,133594.3
2025-11-16 15:37:28.561,1291,133594.3
2025-11-16 15:37:28.561,1292,183082.55
2025-11-16 15:37:28.561,1293,229407.17
2025-11-16 15:37:28.561,1294,229407.17
2025-11-16 15:37:28.561,1295,229407.17
2025-11-16 15:37:28.561,1296,65307.78
2025-11-16 15:37:28.561,1297,65586.65
2025-11-16 15:37:28.561,1298,63148.7
2025-11-16 15:37:28.561,1299,60132.29
2025-11-16 15:37:28.561,1300,61860.94
2025-11-16 15:37:28.561,1301,61987.67
2025-11-16 15:37:28.561,1302,61987.67
2025-11-16 15:37:28.561,1303,62370.57
2025-11-16 15:37:28.561,1304,62370.57
2025-11-16 15:37:28.561,1305,64619.52
2025-11-16 15:37:28.561,1306,64619.52
2025-11-16 15:37:28.561,1307,63676.8
2025-11-16 15:37:28.561,1308,64756.17
2025-11-16 15:37:28.561,1309,63411.8
2025-11-16 15:37:28.561,1310,64756.17
2025-11-16 15:37:28.561,1311,65586.65
2025-11-16 15:37:28.561,1312,69101.3
2025-11-16 15:37:28.561,1313,61734.65
2025-11-16 15:37:28.561,1314,59534.86
2025-11-16 15:37:28.561,1315,63676.8
2025-11-16 15:37:28.561,1316,66150.61
2025-11-16 15:37:28.561,1317,68493.05
2025-11-16 15:37:28.561,1318,61109.78
2025-11-16 15:37:28.561,1319,66150.61
2025-11-16 15:37:28.561,1320,63411.8
2025-11-16 15:37:28.561,1321,52987.48
2025-11-16 15:37:28.561,1322,67012.48
2025-11-16 15:37:28.561,1323,63676.8
2025-11-16 15:37:28.561,1324,59181.26
2025-11-16 15:37:28.561,1325,65307.78
2025-11-16 15:37:28.561,1326,58255.64
2025-11-16 15:37:28.561,1327,68192.39
2025-11-16 15:37:28.561,1328,122862.01
2025-11-16 15:37:28.561,1329,58369.98
2025-11-16 15:37:28.561,1330,66150.61
2025-11-16 15:37:28.561,1331,65586.65
2025-11-16 15:37:28.561,1332,57802.03
2025-11-16 15:37:28.561,1333,55306.31
2025-11-16 15:37:28.561,1334,55939.52
2025-11-16 15:37:28.561,1335,76288.51
2025-11-16 15:37:28.561,1336,339960.47
2025-11-16 15:37:28.561,1337,92531.65
2025-11-16 15:37:28.561,1338,900097.25
2025-11-16 15:37:28.561,1339,65586.65
2025-11-16 15:37:28.561,1340,94364.8
2025-11-16 15:37:28.561,1341,988899.38
2025-11-16 15:37:28.561,1342,115905.77
2025-11-16 15:37:28.561,1343,115905.77
2025-11-16 15:37:28.561,1344,34738.09
2025-11-16 15:37:28.561,1345,34542.39
2025-11-16 15:37:28.561,1346,33495.87
2025-11-16 15:37:28.561,1347,32586.16
2025-11-16 15:37:28.561,1348,32232.81
2025-11-16 15:37:28.561,1349,32855.06
2025-11-16 15:37:28.561,1350,32320.6
2025-11-16 15:37:28.561,1351,32990.79
2025-11-16 15:37:28.561,1352,32945.45
2025-11-16 15:37:28.561,1353,32855.06
2025-11-16 15:37:28.561,1354,33127.38
2025-11-16 15:37:28.561,1355,32765.05
2025-11-16 15:37:28.561,1356,32945.45
2025-11-16 15:37:28.561,1357,32945.45
2025-11-16 15:37:28.561,1358,34060.55
2025-11-16 15:37:28.561,1359,32945.45
2025-11-16 15:37:28.561,1360,36105.25
2025-11-16 15:37:28.561,1361,32276.66
2025-11-16 15:37:28.561,1362,31543.36
2025-11-16 15:37:28.561,1363,33588.98
2025-11-16 15:37:28.561,1364,35640.36
2025-11-16 15:37:28.561,1365,35234.91
2025-11-16 15:37:28.561,1366,33588.98
2025-11-16 15:37:28.561,1367,35640.36
2025-11-16 15:37:28.561,1368,33310.84
2025-11-16 15:37:28.561,1369,28847.41
2025-11-16 15:37:28.561,1370,37893.76
2025-11-16 15:37:28.561,1371,34935.51
2025-11-16 15:37:28.561,1372,32810.01
2025-11-16 15:37:28.561,1373,34300.16
2025-11-16 15:37:28.561,1374,31206.99
2025-11-16 15:37:28.561,1375,36262.32
2025-11-16 15:37:28.561,1376,70983.91
2025-11-16 15:37:28.561,1377,31971.61
2025-11-16 15:37:28.561,1378,36526.48
2025-11-16 15:37:28.561,1379,35640.36
2025-11-16 15:37:28.561,1380,31971.61
2025-11-16 15:37:28.561,1381,31713.61
2025-11-16 15:37:28.561,1382,33449.47
2025-11-16 15:37:28.561,1383,44415.61
2025-11-16 15:37:28.561,1384,182175.47
2025-11-16 15:37:28.561,1385,50021.84
2025-11-16 15:37:28.561,1386,550970.88
2025-11-16 15:37:28.561,1387,35184.73
2025-11-16 15:37:28.561,1388,52029.78
2025-11-16 15:37:28.561,1389,793012.25
2025-11-16 15:37:28.561,1390,65867.58
2025-11-16 15:37:28.561,1391,65867.58
2025-11-16 15:37:28.561,1392,36420.45
2025-11-16 15:37:28.561,1393,36157.48
2025-11-16 15:37:28.561,1394,34640.03
2025-11-16 15:37:28.561,1395,34252.03
2025-11-16 15:37:28.561,1396,34396.74
2025-11-16 15:37:28.561,1397,34252.03
2025-11-16 15:37:28.561,1398,34204.0
2025-11-16 15:37:28.561,1399,35234.91
2025-11-16 15:37:28.561,1400,34445.18
2025-11-16 15:37:28.561,1401,34396.74
2025-11-16 15:37:28.561,1402,34836.58
2025-11-16 15:37:28.561,1403,34542.39
2025-11-16 15:37:28.561,1404,34542.39
2025-11-16 15:37:28.561,1405,34640.03
2025-11-16 15:37:28.561,1406,36262.32
2025-11-16 15:37:28.561,1407,35134.67
2025-11-16 15:37:28.561,1408,37950.12
2025-11-16 15:37:28.561,1409,33495.87
2025-11-16 15:37:28.561,1410,34348.4
2025-11-16 15:37:28.561,1411,36157.48
2025-11-16 15:37:28.561,1412,38811.68
2025-11-16 15:37:28.561,1413,39165.01
2025-11-16 15:37:28.561,1414,36579.68
2025-11-16 15:37:28.561,1415,39283.93
2025-11-16 15:37:28.561,1416,35949.24
2025-11-16 15:37:28.561,1417,34348.4
2025-11-16 15:37:28.561,1418,41332.29
2025-11-16 15:37:28.561,1419,38348.37
2025-11-16 15:37:28.561,1420,36262.32
2025-11-16 15:37:28.561,1421,36739.99
2025-11-16 15:37:28.561,1422,34885.99
2025-11-16 15:37:28.561,1423,39165.01
2025-11-16 15:37:28.561,1424,77772.0
2025-11-16 15:37:28.561,1425,35794.29
2025-11-16 15:37:28.561,1426,40256.3
2025-11-16 15:37:28.561,1427,39523.48
2025-11-16 15:37:28.561,1428,35845.82
2025-11-16 15:37:28.561,1429,34640.03
2025-11-16 15:37:28.561,1430,39403.42
2025-11-16 15:37:28.561,1431,49409.89
2025-11-16 15:37:28.561,1432,210090.06
2025-11-16 15:37:28.561,1433,54176.42
2025-11-16 15:37:28.561,1434,708471.5
2025-11-16 15:37:28.561,1435,37893.76
2025-11-16 15:37:28.561,1436,58715.34
2025-11-16 15:37:28.561,1437,793012.25
2025-11-16 15:37:28.561,1438,73981.77
2025-11-16 15:37:28.561,1439,73981.77
2025-11-16 15:37:28.561,1440,36579.68
2025-11-16 15:37:28.561,1441,36526.48
2025-11-16 15:37:28.561,1442,35034.87
2025-11-16 15:37:28.561,1443,33776.39
2025-11-16 15:37:28.561,1444,34542.39
2025-11-16 15:37:28.561,1445,34640.03
2025-11-16 15:37:28.561,1446,34640.03
2025-11-16 15:37:28.561,1447,34591.16
2025-11-16 15:37:28.561,1448,34985.13
2025-11-16 15:37:28.561,1449,34542.39
2025-11-16 15:37:28.561,1450,34640.03
2025-11-16 15:37:28.561,1451,35034.87
2025-11-16 15:37:28.561,1452,35234.91
2025-11-16 15:37:28.561,1453,35640.36
2025-11-16 15:37:28.561,1454,37009.64
2025-11-16 15:37:28.561,1455,36157.48
2025-11-16 15:37:28.561,1456,38578.92
2025-11-16 15:37:28.561,1457,33870.7
2025-11-16 15:37:28.561,1458,33449.47
2025-11-16 15:37:28.561,1459,36157.48
2025-11-16 15:37:28.561,1460,38463.37
2025-11-16 15:37:28.561,1461,38578.92
2025-11-16 15:37:28.561,1462,36262.32
2025-11-16 15:37:28.561,1463,38636.91
2025-11-16 15:37:28.561,1464,35794.29
2025-11-16 15:37:28.561,1465,29526.5
2025-11-16 15:37:28.561,1466,41267.73
2025-11-16 15:37:28.561,1467,37950.12
2025-11-16 15:37:28.561,1468,34252.03
2025-11-16 15:37:28.561,1469,36579.68
2025-11-16 15:37:28.561,1470,32945.45
2025-11-16 15:37:28.561,1471,39224.4
2025-11-16 15:37:28.561,1472,73296.59
2025-11-16 15:37:28.561,1473,33776.39
2025-11-16 15:37:28.561,1474,38811.68
2025-11-16 15:37:28.561,1475,39644.14
2025-11-16 15:37:28.561,1476,32675.42
2025-11-16 15:37:28.561,1477,32189.05
2025-11-16 15:37:28.561,1478,29297.52
2025-11-16 15:37:28.561,1479,46449.59
2025-11-16 15:37:28.561,1480,213700.14
2025-11-16 15:37:28.561,1481,52987.48
2025-11-16 15:37:28.561,1482,550970.88
2025-11-16 15:37:28.561,1483,37118.37
2025-11-16 15:37:28.561,1484,57354.41
2025-11-16 15:37:28.561,1485,734602.25
2025-11-16 15:37:28.561,1486,72622.48
2025-11-16 15:37:28.561,1487,72622.48
2025-11-16 15:37:28.561,1488,32900.21
2025-11-16 15:37:28.561,1489,32145.38
2025-11-16 15:37:28.561,1490,30958.25
2025-11-16 15:37:28.561,1491,29564.92
2025-11-16 15:37:28.561,1492,30550.28
2025-11-16 15:37:28.561,1493,30071.27
2025-11-16 15:37:28.561,1494,30753.24
2025-11-16 15:37:28.561,1495,30590.71
2025-11-16 15:37:28.561,1496,30876.0
2025-11-16 15:37:28.561,1497,30835.0
2025-11-16 15:37:28.561,1498,30712.49
2025-11-16 15:37:28.561,1499,30876.0
2025-11-16 15:37:28.561,1500,30876.0
2025-11-16 15:37:28.561,1501,30917.09
2025-11-16 15:37:28.561,1502,32014.92
2025-11-16 15:37:28.561,1503,30876.0
2025-11-16 15:37:28.561,1504,33310.84
2025-11-16 15:37:28.561,1505,28996.3
2025-11-16 15:37:28.561,1506,29146.33
2025-11-16 15:37:28.561,1507,31501.02
2025-11-16 15:37:28.561,1508,33729.39
2025-11-16 15:37:28.561,1509,33870.7
2025-11-16 15:37:28.561,1510,31971.61
2025-11-16 15:37:28.561,1511,34252.03
2025-11-16 15:37:28.561,1512,31501.02
2025-11-16 15:37:28.561,1513,29526.5
2025-11-16 15:37:28.561,1514,37009.64
2025-11-16 15:37:28.561,1515,33036.22
2025-11-16 15:37:28.561,1516,31248.74
2025-11-16 15:37:28.561,1517,32232.81
2025-11-16 15:37:28.561,1518,29221.78
2025-11-16 15:37:28.561,1519,34252.03
2025-11-16 15:37:28.561,1520,66150.61
2025-11-16 15:37:28.561,1521,30309.35
2025-11-16 15:37:28.561,1522,35034.87
2025-11-16 15:37:28.561,1523,34348.4
2025-11-16 15:37:28.561,1524,30712.49
2025-11-16 15:37:28.561,1525,30349.31
2025-11-16 15:37:28.561,1526,33036.22
2025-11-16 15:37:28.561,1527,42455.23
2025-11-16 15:37:28.561,1528,176056.81
2025-11-16 15:37:28.561,1529,47484.0
2025-11-16 15:37:28.561,1530,536008.31
2025-11-16 15:37:28.561,1531,32990.79
2025-11-16 15:37:28.561,1532,50287.98
2025-11-16 15:37:28.561,1533,900097.25
2025-11-16 15:37:28.561,1534,63810.02
2025-11-16 15:37:28.561,1535,63810.02
2025-11-16 15:37:28.561,1536,26610.43
2025-11-16 15:37:28.561,1537,26610.43
2025-11-16 15:37:28.561,1538,26610.43
2025-11-16 15:37:28.561,1539,26610.43
2025-11-16 15:37:28.561,1540,26610.43
2025-11-16 15:37:28.561,1541,26610.43
2025-11-16 15:37:28.561,1542,26610.43
2025-11-16 15:37:28.561,1543,26610.43
2025-11-16 15:37:28.561,1544,26610.43
2025-11-16 15:37:28.561,1545,26610.43
2025-11-16 15:37:28.561,1546,26610.43
2025-11-16 15:37:28.561,1547,26610.43
2025-11-16 15:37:28.561,1548,26610.43
2025-11-16 15:37:28.561,1549,26610.43
2025-11-16 15:37:28.561,1550,26610.43
2025-11-16 15:37:28.561,1551,26610.43
2025-11-16 15:37:28.561,1552,26610.43
2025-11-16 15:37:28.561,1553,26610.43
2025-11-16 15:37:28.561,1554,26610.43
2025-11-16 15:37:28.561,1555,26610.43
2025-11-16 15:37:28.561,1556,26610.43
2025-11-16 15:37:28.561,1557,26610.43
2025-11-16 15:37:28.561,1558,26610.43
2025-11-16 15:37:28.561,1559,26610.43
2025-11-16 15:37:28.561,1560,26610.43
2025-11-16 15:37:28.561,1561,26610.43
2025-11-16 15:37:28.561,1562,26610.43
2025-11-16 15:37:28.561,1563,26610.43
2025-11-16 15:37:28.561,1564,26610.43
2025-11-16 15:37:28.561,1565,26610.43
2025-11-16 15:37:28.561,1566,26610.43
2025-11-16 15:37:28.561,1567,26610.43
2025-11-16 15:37:28.561,1568,26610.43
2025-11-16 15:37:28.561,1569,26610.43
2025-11-16 15:37:28.561,1570,26610.43
2025-11-16 15:37:28.561,1571,26610.43
2025-11-16 15:37:28.561,1572,26610.43
2025-11-16 15:37:28.561,1573,26610.43
2025-11-16 15:37:28.561,1574,26610.43
2025-11-16 15:37:28.561,1575,26610.43
2025-11-16 15:37:28.561,1576,26610.43
2025-11-16 15:37:28.561,1577,26610.43
2025-11-16 15:37:28.561,1578,26610.43
2025-11-16 15:37:28.561,1579,26610.43
2025-11-16 15:37:28.561,1580,26610.43
2025-11-16 15:37:28.561,1581,26610.43
2025-11-16 15:37:28.561,1582,26610.43
2025-11-16 15:37:28.561,1583,26610.43
2025-11-16 15:37:28.561,1584,26610.43
2025-11-16 15:37:28.561,1585,26219.28
2025-11-16 15:37:28.561,1586,25523.39
2025-11-16 15:37:28.561,1587,24036.8
2025-11-16 15:37:28.561,1588,24913.49
2025-11-16 15:37:28.561,1589,25064.0
2025-11-16 15:37:28.561,1590,25033.8
2025-11-16 15:37:28.561,1591,25215.81
2025-11-16 15:37:28.561,1592,25246.33
2025-11-16 15:37:28.561,1593,25033.8
2025-11-16 15:37:28.561,1594,25276.9
2025-11-16 15:37:28.561,1595,25246.33
2025-11-16 15:37:28.561,1596,25276.9
2025-11-16 15:37:28.561,1597,25276.9
2025-11-16 15:37:28.561,1598,26316.28
2025-11-16 15:37:28.561,1599,25616.71
2025-11-16 15:37:28.561,1600,27626.15
2025-11-16 15:37:28.561,1601,24208.61
2025-11-16 15:37:28.561,1602,22827.54
2025-11-16 15:37:28.561,1603,25647.93
2025-11-16 15:37:28.561,1604,27765.84
2025-11-16 15:37:28.561,1605,28119.63
2025-11-16 15:37:28.561,1606,26187.06
2025-11-16 15:37:28.561,1607,28155.37
2025-11-16 15:37:28.561,1608,25994.93
2025-11-16 15:37:28.561,1609,24528.13
2025-11-16 15:37:28.561,1610,30753.24
2025-11-16 15:37:28.561,1611,27556.69
2025-11-16 15:37:28.561,1612,25773.33
2025-11-16 15:37:28.561,1613,26676.44
2025-11-16 15:37:28.561,1614,24764.27
2025-11-16 15:37:28.561,1615,27695.87
2025-11-16 15:37:28.561,1616,57243.42
2025-11-16 15:37:28.561,1617,25215.81
2025-11-16 15:37:28.561,1618,29449.88
2025-11-16 15:37:28.561,1619,28773.39
2025-11-16 15:37:28.561,1620,25094.26
2025-11-16 15:37:28.561,1621,25773.33
2025-11-16 15:37:28.561,1622,28263.01
2025-11-16 15:37:28.561,1623,36579.68
2025-11-16 15:37:28.561,1624,155036.28
2025-11-16 15:37:28.561,1625,40693.86
2025-11-16 15:37:28.561,1626,550970.88
2025-11-16 15:37:28.561,1627,28083.96
2025-11-16 15:37:28.561,1628,45754.95
2025-11-16 15:37:28.561,1629,880309.75
2025-11-16 15:37:28.561,1630,57577.48
2025-11-16 15:37:28.561,1631,57577.48
2025-11-16 15:37:28.561,1632,25185.35
2025-11-16 15:37:28.561,1633,25124.57
2025-11-16 15:37:28.561,1634,24237.42
2025-11-16 15:37:28.561,1635,22880.64
2025-11-16 15:37:28.561,1636,23642.52
2025-11-16 15:37:28.561,1637,23586.93
2025-11-16 15:37:28.561,1638,23923.21
2025-11-16 15:37:28.561,1639,24151.15
2025-11-16 15:37:28.561,1640,23923.21
2025-11-16 15:37:28.561,1641,23866.7
2025-11-16 15:37:28.561,1642,24122.49
2025-11-16 15:37:28.561,1643,23923.21
2025-11-16 15:37:28.561,1644,23923.21
2025-11-16 15:37:28.561,1645,24036.8
2025-11-16 15:37:28.561,1646,24853.65
2025-11-16 15:37:28.561,1647,23810.38
2025-11-16 15:37:28.561,1648,25710.52
2025-11-16 15:37:28.561,1649,22460.52
2025-11-16 15:37:28.561,1650,22486.47
2025-11-16 15:37:28.561,1651,24208.61
2025-11-16 15:37:28.561,1652,25963.11
2025-11-16 15:37:28.561,1653,26154.89
2025-11-16 15:37:28.561,1654,24498.84
2025-11-16 15:37:28.561,1655,26610.43
2025-11-16 15:37:28.561,1656,24151.15
2025-11-16 15:37:28.561,1657,22050.96
2025-11-16 15:37:28.561,1658,27977.33
2025-11-16 15:37:28.561,1659,25033.8
2025-11-16 15:37:28.561,1660,19132.14
2025-11-16 15:37:28.561,1661,24208.61
2025-11-16 15:37:28.561,1662,19028.03
2025-11-16 15:37:28.561,1663,26187.06
2025-11-16 15:37:28.561,1664,49845.72
2025-11-16 15:37:28.561,1665,19237.01
2025-11-16 15:37:28.561,1666,26348.73
2025-11-16 15:37:28.561,1667,26154.89
2025-11-16 15:37:28.561,1668,17949.02
2025-11-16 15:37:28.561,1669,20510.75
2025-11-16 15:37:28.561,1670,24973.54
2025-11-16 15:37:28.561,1671,31971.61
2025-11-16 15:37:28.561,1672,146210.88
2025-11-16 15:37:28.561,1673,37172.92
2025-11-16 15:37:28.561,1674,942433.13
2025-11-16 15:37:28.561,1675,25033.8
2025-11-16 15:37:28.561,1676,38811.68
2025-11-16 15:37:28.561,1677,762705.19
2025-11-16 15:37:28.561,1678,51841.71
2025-11-16 15:37:28.561,1679,51841.71
2025-11-16 15:37:28.561,1680,32855.06
2025-11-16 15:37:28.561,1681,32720.19
2025-11-16 15:37:28.561,1682,31628.31
2025-11-16 15:37:28.561,1683,29680.64
2025-11-16 15:37:28.561,1684,30876.0
2025-11-16 15:37:28.561,1685,31290.57
2025-11-16 15:37:28.561,1686,31374.49
2025-11-16 15:37:28.561,1687,31458.76
2025-11-16 15:37:28.561,1688,31501.02
2025-11-16 15:37:28.561,1689,31290.57
2025-11-16 15:37:28.561,1690,31543.36
2025-11-16 15:37:28.561,1691,31543.36
2025-11-16 15:37:28.561,1692,31543.36
2025-11-16 15:37:28.561,1693,31290.57
2025-11-16 15:37:28.561,1694,32675.42
2025-11-16 15:37:28.561,1695,31585.79
2025-11-16 15:37:28.561,1696,33682.49
2025-11-16 15:37:28.561,1697,28263.01
2025-11-16 15:37:28.561,1698,30229.68
2025-11-16 15:37:28.561,1699,30876.0
2025-11-16 15:37:28.561,1700,33310.84
2025-11-16 15:37:28.561,1701,34252.03
2025-11-16 15:37:28.561,1702,31543.36
2025-11-16 15:37:28.561,1703,34060.55
2025-11-16 15:37:28.561,1704,30876.0
2025-11-16 15:37:28.561,1705,29221.78
2025-11-16 15:37:28.561,1706,36157.48
2025-11-16 15:37:28.561,1707,32541.67
2025-11-16 15:37:28.561,1708,29297.52
2025-11-16 15:37:28.561,1709,32408.75
2025-11-16 15:37:28.561,1710,28921.71
2025-11-16 15:37:28.561,1711,34156.08
2025-11-16 15:37:28.561,1712,60132.29
2025-11-16 15:37:28.561,1713,29221.78
2025-11-16 15:37:28.561,1714,35034.87
2025-11-16 15:37:28.561,1715,34542.39
2025-11-16 15:37:28.561,1716,27349.84
2025-11-16 15:37:28.561,1717,29184.02
2025-11-16 15:37:28.561,1718,33588.98
2025-11-16 15:37:28.561,1719,42455.23
2025-11-16 15:37:28.561,1720,183998.22
2025-11-16 15:37:28.561,1721,48725.57
2025-11-16 15:37:28.561,1722,483368.97
2025-11-16 15:37:28.561,1723,33036.22
2025-11-16 15:37:28.561,1724,49496.55
2025-11-16 15:37:28.561,1725,793012.25
2025-11-16 15:37:28.561,1726,65867.58
2025-11-16 15:37:28.561,1727,65867.58
2025-11-16 15:37:28.561,1728,26154.89
2025-11-16 15:37:28.561,1729,25963.11
2025-11-16 15:37:28.561,1730,25094.26
2025-11-16 15:37:28.561,1731,24093.88
2025-11-16 15:37:28.561,1732,24645.8
2025-11-16 15:37:28.561,1733,24704.93
2025-11-16 15:37:28.561,1734,24704.93
2025-11-16 15:37:28.561,1735,24883.55
2025-11-16 15:37:28.561,1736,24823.81
2025-11-16 15:37:28.561,1737,24734.57
2025-11-16 15:37:28.561,1738,24704.93
2025-11-16 15:37:28.561,1739,24734.57
2025-11-16 15:37:28.561,1740,24764.27
2025-11-16 15:37:28.561,1741,24734.57
2025-11-16 15:37:28.561,1742,25246.33
2025-11-16 15:37:28.561,1743,24883.55
2025-11-16 15:37:28.561,1744,26544.65
2025-11-16 15:37:28.561,1745,22357.16
2025-11-16 15:37:28.561,1746,22408.76
2025-11-16 15:37:28.561,1747,24036.8
2025-11-16 15:37:28.561,1748,26842.51
2025-11-16 15:37:28.561,1749,27111.36
2025-11-16 15:37:28.561,1750,25523.39
2025-11-16 15:37:28.561,1751,27281.39
2025-11-16 15:37:28.561,1752,25185.35
2025-11-16 15:37:28.561,1753,22486.47
2025-11-16 15:37:28.561,1754,29184.02
2025-11-16 15:37:28.561,1755,26219.28
2025-11-16 15:37:28.561,1756,21455.57
2025-11-16 15:37:28.561,1757,24616.31
2025-11-16 15:37:28.561,1758,20881.81
2025-11-16 15:37:28.561,1759,27315.59
2025-11-16 15:37:28.561,1760,51841.71
2025-11-16 15:37:28.561,1761,22616.81
2025-11-16 15:37:28.561,1762,27695.87
2025-11-16 15:37:28.561,1763,27349.84
2025-11-16 15:37:28.561,1764,21455.57
2025-11-16 15:37:28.561,1765,21406.95
2025-11-16 15:37:28.561,1766,25773.33
2025-11-16 15:37:28.561,1767,34156.08
2025-11-16 15:37:28.561,1768,157058.67
2025-11-16 15:37:28.561,1769,39403.42
2025-11-16 15:37:28.561,1770,942433.13
2025-11-16 15:37:28.561,1771,26610.43
2025-11-16 15:37:28.561,1772,40883.72
2025-11-16 15:37:28.561,1773,900097.25
2025-11-16 15:37:28.561,1774,55621.39
2025-11-16 15:37:28.561,1775,55621.39
2025-11-16 15:37:28.561,1776,25154.93
2025-11-16 15:37:28.561,1777,25710.52
2025-11-16 15:37:28.561,1778,24498.84
2025-11-16 15:37:28.561,1779,23339.05
2025-11-16 15:37:28.561,1780,23754.24
2025-11-16 15:37:28.561,1781,24036.8
2025-11-16 15:37:28.561,1782,23866.7
2025-11-16 15:37:28.561,1783,24266.27
2025-11-16 15:37:28.561,1784,24036.8
2025-11-16 15:37:28.561,1785,24065.32
2025-11-16 15:37:28.561,1786,24122.49
2025-11-16 15:37:28.561,1787,24151.15
2025-11-16 15:37:28.561,1788,24036.8
2025-11-16 15:37:28.561,1789,24122.49
2025-11-16 15:37:28.561,1790,25523.39
2025-11-16 15:37:28.561,1791,24353.12
2025-11-16 15:37:28.561,1792,26154.89
2025-11-16 15:37:28.561,1793,22305.72
2025-11-16 15:37:28.561,1794,21651.57
2025-11-16 15:37:28.561,1795,23866.7
2025-11-16 15:37:28.561,1796,26090.74
2025-11-16 15:37:28.561,1797,26090.74
2025-11-16 15:37:28.561,1798,24237.42
2025-11-16 15:37:28.561,1799,26219.28
2025-11-16 15:37:28.561,1800,24208.61
2025-11-16 15:37:28.561,1801,21900.02
2025-11-16 15:37:28.561,1802,28480.09
2025-11-16 15:37:28.561,1803,24853.65
2025-11-16 15:37:28.561,1804,21310.15
2025-11-16 15:37:28.561,1805,24616.31
2025-11-16 15:37:28.561,1806,21118.33
2025-11-16 15:37:28.561,1807,26187.06
2025-11-16 15:37:28.561,1808,51841.71
2025-11-16 15:37:28.561,1809,21725.7
2025-11-16 15:37:28.561,1810,26676.44
2025-11-16 15:37:28.561,1811,26479.11
2025-11-16 15:37:28.561,1812,20464.99
2025-11-16 15:37:28.561,1813,19048.79
2025-11-16 15:37:28.561,1814,25523.39
2025-11-16 15:37:28.561,1815,32855.06
2025-11-16 15:37:28.561,1816,147413.47
2025-11-16 15:37:28.561,1817,37781.43
2025-11-16 15:37:28.561,1818,861364.44
2025-11-16 15:37:28.561,1819,25647.93
2025-11-16 15:37:28.561,1820,39765.37
2025-11-16 15:37:28.561,1821,762705.19
2025-11-16 15:37:28.561,1822,52029.78
2025-11-16 15:37:28.561,1823,52029.78
2025-11-16 15:37:28.561,1824,33081.75
2025-11-16 15:37:28.561,1825,33036.22
2025-11-16 15:37:28.561,1826,31543.36
2025-11-16 15:37:28.561,1827,30631.22
2025-11-16 15:37:28.561,1828,31040.83
2025-11-16 15:37:28.561,1829,31501.02
2025-11-16 15:37:28.561,1830,30753.24
2025-11-16 15:37:28.561,1831,31501.02
2025-11-16 15:37:28.561,1832,31374.49
2025-11-16 15:37:28.561,1833,31290.57
2025-11-16 15:37:28.561,1834,31290.57
2025-11-16 15:37:28.561,1835,31501.02
2025-11-16 15:37:28.561,1836,31206.99
2025-11-16 15:37:28.561,1837,31248.74
2025-11-16 15:37:28.561,1838,32586.16
2025-11-16 15:37:28.561,1839,31458.76
2025-11-16 15:37:28.561,1840,33729.39
2025-11-16 15:37:28.561,1841,28699.64
2025-11-16 15:37:28.561,1842,28810.36
2025-11-16 15:37:28.561,1843,31458.76
2025-11-16 15:37:28.561,1844,34156.08
2025-11-16 15:37:28.561,1845,34204.0
2025-11-16 15:37:28.561,1846,32320.6
2025-11-16 15:37:28.561,1847,34348.4
2025-11-16 15:37:28.561,1848,31290.57
2025-11-16 15:37:28.561,1849,28773.39
2025-11-16 15:37:28.561,1850,36473.41
2025-11-16 15:37:28.561,1851,33036.22
2025-11-16 15:37:28.561,1852,29449.88
2025-11-16 15:37:28.561,1853,31885.26
2025-11-16 15:37:28.561,1854,27556.69
2025-11-16 15:37:28.561,1855,34156.08
2025-11-16 15:37:28.561,1856,59892.09
2025-11-16 15:37:28.561,1857,29526.5
2025-11-16 15:37:28.561,1858,34689.0
2025-11-16 15:37:28.561,1859,34252.03
2025-11-16 15:37:28.561,1860,29449.88
2025-11-16 15:37:28.561,1861,29449.88
2025-11-16 15:37:28.561,1862,32990.79
2025-11-16 15:37:28.561,1863,42320.58
2025-11-16 15:37:28.561,1864,181276.86
2025-11-16 15:37:28.561,1865,47565.14
2025-11-16 15:37:28.561,1866,861364.44
2025-11-16 15:37:28.561,1867,33588.98
2025-11-16 15:37:28.561,1868,47001.92
2025-11-16 15:37:28.561,1869,988899.38
2025-11-16 15:37:28.561,1870,65586.65
2025-11-16 15:37:28.561,1871,65586.65
2025-11-16 15:37:28.561,1872,27349.84
2025-11-16 15:37:28.561,1873,27626.15
2025-11-16 15:37:28.561,1874,26709.53
2025-11-16 15:37:28.561,1875,25836.37
2025-11-16 15:37:28.561,1876,26026.81
2025-11-16 15:37:28.561,1877,26283.89
2025-11-16 15:37:28.561,1878,26283.89
2025-11-16 15:37:28.561,1879,26544.65
2025-11-16 15:37:28.561,1880,26577.51
2025-11-16 15:37:28.561,1881,25899.63
2025-11-16 15:37:28.561,1882,26381.24
2025-11-16 15:37:28.561,1883,26348.73
2025-11-16 15:37:28.561,1884,26154.89
2025-11-16 15:37:28.561,1885,26154.89
2025-11-16 15:37:28.561,1886,27349.84
2025-11-16 15:37:28.561,1887,26610.43
2025-11-16 15:37:28.561,1888,28516.51
2025-11-16 15:37:28.561,1889,24179.86
2025-11-16 15:37:28.561,1890,23421.27
2025-11-16 15:37:28.561,1891,26348.73
2025-11-16 15:37:28.561,1892,28699.64
2025-11-16 15:37:28.561,1893,28553.0
2025-11-16 15:37:28.561,1894,27247.26
2025-11-16 15:37:28.561,1895,28662.88
2025-11-16 15:37:28.561,1896,26610.43
2025-11-16 15:37:28.561,1897,22408.76
2025-11-16 15:37:28.561,1898,30958.25
2025-11-16 15:37:28.561,1899,27836.08
2025-11-16 15:37:28.561,1900,23866.7
2025-11-16 15:37:28.561,1901,26742.69
2025-11-16 15:37:28.561,1902,21213.94
2025-11-16 15:37:28.561,1903,28996.3
2025-11-16 15:37:28.561,1904,52697.09
2025-11-16 15:37:28.561,1905,24324.12
2025-11-16 15:37:28.561,1906,29297.52
2025-11-16 15:37:28.561,1907,29221.78
2025-11-16 15:37:28.561,1908,23866.7
2025-11-16 15:37:28.561,1909,23810.38
2025-11-16 15:37:28.561,1910,27145.25
2025-11-16 15:37:28.561,1911,36053.13
2025-11-16 15:37:28.561,1912,158434.67
2025-11-16 15:37:28.561,1913,41267.73
2025-11-16 15:37:28.561,1914,942433.13
2025-11-16 15:37:28.561,1915,28299.01
2025-11-16 15:37:28.561,1916,41986.96
2025-11-16 15:37:28.561,1917,861364.44
2025-11-16 15:37:28.561,1918,56693.92
2025-11-16 15:37:28.561,1919,56693.92
2025-11-16 15:37:28.561,1920,942433.13
2025-11-16 15:37:28.561,1921,942433.13
2025-11-16 15:37:28.561,1922,900097.25
2025-11-16 15:37:28.561,1923,900097.25
2025-11-16 15:37:28.561,1924,900097.25
2025-11-16 15:37:28.561,1925,900097.25
2025-11-16 15:37:28.561,1926,900097.25
2025-11-16 15:37:28.561,1927,900097.25
2025-11-16 15:37:28.561,1928,900097.25
2025-11-16 15:37:28.561,1929,900097.25
2025-11-16 15:37:28.561,1930,900097.25
2025-11-16 15:37:28.561,1931,900097.25
2025-11-16 15:37:28.561,1932,900097.25
2025-11-16 15:37:28.561,1933,900097.25
2025-11-16 15:37:28.561,1934,900097.25
2025-11-16 15:37:28.561,1935,900097.25
2025-11-16 15:37:28.561,1936,900097.25
2025-11-16 15:37:28.561,1937,900097.25
2025-11-16 15:37:28.561,1938,900097.25
2025-11-16 15:37:28.561,1939,900097.25
2025-11-16 15:37:28.561,1940,942433.13
2025-11-16 15:37:28.561,1941,988899.38
2025-11-16 15:37:28.561,1942,988899.38
2025-11-16 15:37:28.561,1943,988899.38
2025-11-16 15:37:28.561,1944,900097.25
2025-11-16 15:37:28.561,1945,861364.44
2025-11-16 15:37:28.561,1946,942433.13
2025-11-16 15:37:28.561,1947,988899.38
2025-11-16 15:37:28.561,1948,762705.19
2025-11-16 15:37:28.561,1949,734602.25
2025-11-16 15:37:28.561,1950,988899.38
2025-11-16 15:37:28.561,1951,988899.38
2025-11-16 15:37:28.561,1952,988899.38
2025-11-16 15:37:28.561,1953,900097.25
2025-11-16 15:37:28.561,1954,861364.44
2025-11-16 15:37:28.561,1955,965113.19
2025-11-16 15:37:28.561,1956,942433.13
2025-11-16 15:37:28.561,1957,942433.13
2025-11-16 15:37:28.561,1958,965113.19
2025-11-16 15:37:28.561,1959,861364.44
2025-11-16 15:37:28.561,1960,942433.13
2025-11-16 15:37:28.561,1961,942433.13
2025-11-16 15:37:28.561,1962,900097.25
2025-11-16 15:37:28.561,1963,900097.25
2025-11-16 15:37:28.561,1964,566776.38
2025-11-16 15:37:28.561,1965,31756.39
2025-11-16 15:37:28.561,1966,31756.39
2025-11-16 15:37:28.561,1967,31756.39
2025-11-16 15:37:28.561,1968,31756.39
2025-11-16 15:37:28.561,1969,32675.42
2025-11-16 15:37:28.561,1970,31501.02
2025-11-16 15:37:28.561,1971,29449.88
2025-11-16 15:37:28.561,1972,31040.83
2025-11-16 15:37:28.561,1973,31040.83
2025-11-16 15:37:28.561,1974,30917.09
2025-11-16 15:37:28.561,1975,31290.57
2025-11-16 15:37:28.561,1976,30958.25
2025-11-16 15:37:28.561,1977,30999.5
2025-11-16 15:37:28.561,1978,31040.83
2025-11-16 15:37:28.561,1979,31290.57
2025-11-16 15:37:28.561,1980,30999.5
2025-11-16 15:37:28.561,1981,31374.49
2025-11-16 15:37:28.561,1982,32541.67
2025-11-16 15:37:28.561,1983,31458.76
2025-11-16 15:37:28.561,1984,33495.87
2025-11-16 15:37:28.561,1985,28773.39
2025-11-16 15:37:28.561,1986,28553.0
2025-11-16 15:37:28.561,1987,31458.76
2025-11-16 15:37:28.561,1988,33635.68
2025-11-16 15:37:28.561,1989,33870.7
2025-11-16 15:37:28.561,1990,31885.26
2025-11-16 15:37:28.561,1991,33870.7
2025-11-16 15:37:28.561,1992,30550.28
2025-11-16 15:37:28.561,1993,28191.18
2025-11-16 15:37:28.561,1994,35845.82
2025-11-16 15:37:28.561,1995,33036.22
2025-11-16 15:37:28.561,1996,29108.72
2025-11-16 15:37:28.561,1997,32014.92
2025-11-16 15:37:28.561,1998,26283.89
2025-11-16 15:37:28.561,1999,33588.98
2025-11-16 15:37:28.561,2000,56368.51
2025-11-16 15:37:28.561,2001,28299.01
2025-11-16 15:37:28.561,2002,34542.39
2025-11-16 15:37:28.561,2003,33870.7
2025-11-16 15:37:28.561,2004,28371.24
2025-11-16 15:37:28.561,2005,27906.57
2025-11-16 15:37:28.561,2006,32586.16
2025-11-16 15:37:28.561,2007,41526.96
2025-11-16 15:37:28.561,2008,178630.77
2025-11-16 15:37:28.561,2009,48139.58
2025-11-16 15:37:28.561,2010,403612.41
2025-11-16 15:37:28.561,2011,33310.84
2025-11-16 15:37:28.561,2012,45754.95
2025-11-16 15:37:28.561,2013,942433.13
2025-11-16 15:37:28.561,2014,62499.11
2025-11-16 15:37:28.561,2015,62499.11
2025-11-16 15:37:28.561,2016,708471.5
2025-11-16 15:37:28.561,2017,734602.25
2025-11-16 15:37:28.561,2018,495554.03
2025-11-16 15:37:28.561,2019,471757.34
2025-11-16 15:37:28.561,2020,495554.03
2025-11-16 15:37:28.561,2021,721303.56
2025-11-16 15:37:28.561,2022,661350.38
2025-11-16 15:37:28.561,2023,793012.25
2025-11-16 15:37:28.561,2024,748393.56
2025-11-16 15:37:28.561,2025,708471.5
2025-11-16 15:37:28.561,2026,748393.56
2025-11-16 15:37:28.561,2027,793012.25
2025-11-16 15:37:28.561,2028,734602.25
2025-11-16 15:37:28.561,2029,793012.25
2025-11-16 15:37:28.561,2030,900097.25
2025-11-16 15:37:28.561,2031,762705.19
2025-11-16 15:37:28.561,2032,900097.25
2025-11-16 15:37:28.561,2033,793012.25
2025-11-16 15:37:28.561,2034,777567.38
2025-11-16 15:37:28.561,2035,734602.25
2025-11-16 15:37:28.561,2036,762705.19
2025-11-16 15:37:28.561,2037,920784.13
2025-11-16 15:37:28.561,2038,777567.38
2025-11-16 15:37:28.561,2039,793012.25
2025-11-16 15:37:28.561,2040,942433.13
2025-11-16 15:37:28.561,2041,793012.25
2025-11-16 15:37:28.561,2042,942433.13
2025-11-16 15:37:28.561,2043,920784.13
2025-11-16 15:37:28.561,2044,762705.19
2025-11-16 15:37:28.561,2045,762705.19
2025-11-16 15:37:28.561,2046,734602.25
2025-11-16 15:37:28.561,2047,900097.25
2025-11-16 15:37:28.561,2048,942433.13
2025-11-16 15:37:28.561,2049,861364.44
2025-11-16 15:37:28.561,2050,880309.75
2025-11-16 15:37:28.561,2051,900097.25
2025-11-16 15:37:28.561,2052,721303.56
2025-11-16 15:37:28.561,2053,684112.31
2025-11-16 15:37:28.561,2054,734602.25
2025-11-16 15:37:28.561,2055,965113.19
2025-11-16 15:37:28.561,2056,988899.38
2025-11-16 15:37:28.561,2057,988899.38
2025-11-16 15:37:28.561,2058,920784.13
2025-11-16 15:37:28.561,2059,920784.13
2025-11-16 15:37:28.561,2060,450099.75
2025-11-16 15:37:28.561,2061,27315.59
2025-11-16 15:37:28.561,2062,27315.59
2025-11-16 15:37:28.561,2063,27315.59
2025-11-16 15:37:28.561,2064,27315.59
2025-11-16 15:37:28.561,2065,27626.15
2025-11-16 15:37:28.561,2066,26316.28
2025-11-16 15:37:28.561,2067,24764.27
2025-11-16 15:37:28.561,2068,25804.82
2025-11-16 15:37:28.561,2069,25963.11
2025-11-16 15:37:28.561,2070,25931.34
2025-11-16 15:37:28.561,2071,26219.28
2025-11-16 15:37:28.561,2072,26154.89
2025-11-16 15:37:28.561,2073,26348.73
2025-11-16 15:37:28.561,2074,26809.18
2025-11-16 15:37:28.561,2075,26544.65
2025-11-16 15:37:28.561,2076,25836.37
2025-11-16 15:37:28.561,2077,26544.65
2025-11-16 15:37:28.561,2078,27213.2
2025-11-16 15:37:28.561,2079,26283.89
2025-11-16 15:37:28.561,2080,27906.57
2025-11-16 15:37:28.561,2081,20533.68
2025-11-16 15:37:28.561,2082,24266.27
2025-11-16 15:37:28.561,2083,24973.54
2025-11-16 15:37:28.561,2084,28884.52
2025-11-16 15:37:28.561,2085,28996.3
2025-11-16 15:37:28.561,2086,27281.39
2025-11-16 15:37:28.561,2087,29221.78
2025-11-16 15:37:28.561,2088,26875.9
2025-11-16 15:37:28.561,2089,25804.82
2025-11-16 15:37:28.561,2090,31756.39
2025-11-16 15:37:28.561,2091,28553.0
2025-11-16 15:37:28.561,2092,26219.28
2025-11-16 15:37:28.561,2093,28119.63
2025-11-16 15:37:28.561,2094,25461.45
2025-11-16 15:37:28.561,2095,29071.17
2025-11-16 15:37:28.561,2096,57802.03
2025-11-16 15:37:28.561,2097,26026.81
2025-11-16 15:37:28.561,2098,30031.86
2025-11-16 15:37:28.561,2099,29449.88
2025-11-16 15:37:28.561,2100,25804.82
2025-11-16 15:37:28.561,2101,26026.81
2025-11-16 15:37:28.561,2102,29449.88
2025-11-16 15:37:28.561,2103,36901.41
2025-11-16 15:37:28.561,2104,155704.97
2025-11-16 15:37:28.561,2105,41267.73
2025-11-16 15:37:28.561,2106,412143.03
2025-11-16 15:37:28.561,2107,28263.01
2025-11-16 15:37:28.561,2108,43983.32
2025-11-16 15:37:28.561,2109,920784.13
2025-11-16 15:37:28.561,2110,57577.48
2025-11-16 15:37:28.561,2111,57577.48
2025-11-16 15:37:28.561,2112,528822.38
2025-11-16 15:37:28.561,2113,430305.09
2025-11-16 15:37:28.561,2114,495554.03
2025-11-16 15:37:28.561,2115,421032.91
2025-11-16 15:37:28.561,2116,477494.09
2025-11-16 15:37:28.561,2117,477494.09
2025-11-16 15:37:28.561,2118,508356.06
2025-11-16 15:37:28.561,2119,521823.06
2025-11-16 15:37:28.561,2120,521823.06
2025-11-16 15:37:28.561,2121,399475.0
2025-11-16 15:37:28.561,2122,460679.59
2025-11-16 15:37:28.561,2123,543388.5
2025-11-16 15:37:28.561,2124,508356.06
2025-11-16 15:37:28.561,2125,489387.19
2025-11-16 15:37:28.561,2126,508356.06
2025-11-16 15:37:28.561,2127,471757.34
2025-11-16 15:37:28.561,2128,550970.88
2025-11-16 15:37:28.561,2129,444986.13
2025-11-16 15:37:28.561,2130,489387.19
2025-11-16 15:37:28.561,2131,515003.19
2025-11-16 15:37:28.561,2132,471757.34
2025-11-16 15:37:28.561,2133,543388.5
2025-11-16 15:37:28.561,2134,483368.97
2025-11-16 15:37:28.561,2135,483368.97
2025-11-16 15:37:28.561,2136,466154.09
2025-11-16 15:37:28.561,2137,483368.97
2025-11-16 15:37:28.561,2138,558763.94
2025-11-16 15:37:28.561,2139,521823.06
2025-11-16 15:37:28.561,2140,455329.53
2025-11-16 15:37:28.561,2141,412143.03
2025-11-16 15:37:28.561,2142,460679.59
2025-11-16 15:37:28.561,2143,521823.06
2025-11-16 15:37:28.561,2144,342978.47
2025-11-16 15:37:28.561,2145,477494.09
2025-11-16 15:37:28.561,2146,521823.06
2025-11-16 15:37:28.561,2147,471757.34
2025-11-16 15:37:28.561,2148,412143.03
2025-11-16 15:37:28.561,2149,395419.56
2025-11-16 15:37:28.561,2150,399475.0
2025-11-16 15:37:28.561,2151,521823.06
2025-11-16 15:37:28.561,2152,550970.88
2025-11-16 15:37:28.561,2153,550970.88
2025-11-16 15:37:28.561,2154,450099.75
2025-11-16 15:37:28.561,2155,450099.75
2025-11-16 15:37:28.561,2156,77396.36
2025-11-16 15:37:28.561,2157,477494.09
2025-11-16 15:37:28.561,2158,477494.09
2025-11-16 15:37:28.561,2159,477494.09
2025-11-16 15:37:28.561,2160,550970.88
2025-11-16 15:37:28.561,2161,550970.88
2025-11-16 15:37:28.561,2162,650520.19
2025-11-16 15:37:28.561,2163,640033.69
2025-11-16 15:37:28.561,2164,483368.97
2025-11-16 15:37:28.561,2165,515003.19
2025-11-16 15:37:28.561,2166,583498.19
2025-11-16 15:37:28.561,2167,640033.69
2025-11-16 15:37:28.561,2168,483368.97
2025-11-16 15:37:28.561,2169,550970.88
2025-11-16 15:37:28.561,2170,650520.19
2025-11-16 15:37:28.561,2171,708471.5
2025-11-16 15:37:28.561,2172,684112.31
2025-11-16 15:37:28.561,2173,672541.69
2025-11-16 15:37:28.561,2174,762705.19
2025-11-16 15:37:28.561,2175,708471.5
2025-11-16 15:37:28.561,2176,762705.19
2025-11-16 15:37:28.561,2177,661350.38
2025-11-16 15:37:28.561,2178,748393.56
2025-11-16 15:37:28.561,2179,793012.25
2025-11-16 15:37:28.561,2180,708471.5
2025-11-16 15:37:28.561,2181,942433.13
2025-11-16 15:37:28.561,2182,721303.56
2025-11-16 15:37:28.561,2183,734602.25
2025-11-16 15:37:28.561,2184,900097.25
2025-11-16 15:37:28.561,2185,762705.19
2025-11-16 15:37:28.561,2186,988899.38
2025-11-16 15:37:28.561,2187,661350.38
2025-11-16 15:37:28.561,2188,734602.25
2025-11-16 15:37:28.561,2189,900097.25
2025-11-16 15:37:28.561,2190,721303.56
2025-11-16 15:37:28.561,2191,684112.31
2025-11-16 15:37:28.561,2192,610481.06
2025-11-16 15:37:28.561,2193,793012.25
2025-11-16 15:37:28.561,2194,843208.31
2025-11-16 15:37:28.561,2195,900097.25
2025-11-16 15:37:28.561,2196,650520.19
2025-11-16 15:37:28.561,2197,583498.19
2025-11-16 15:37:28.561,2198,748393.56
2025-11-16 15:37:28.561,2199,920784.13
2025-11-16 15:37:28.561,2200,988899.38
2025-11-16 15:37:28.561,2201,988899.38
2025-11-16 15:37:28.561,2202,900097.25
2025-11-16 15:37:28.561,2203,900097.25
2025-11-16 15:37:28.561,2204,157058.67
2025-11-16 15:37:28.561,2205,988899.38
2025-11-16 15:37:28.561,2206,988899.38
2025-11-16 15:37:28.561,2207,988899.38
2025-11-16 15:37:28.561,2208,291051.47
2025-11-16 15:37:28.561,2209,291051.47
2025-11-16 15:37:28.561,2210,291051.47
2025-11-16 15:37:28.561,2211,291051.47
2025-11-16 15:37:28.561,2212,291051.47
2025-11-16 15:37:28.561,2213,291051.47
2025-11-16 15:37:28.561,2214,291051.47
2025-11-16 15:37:28.561,2215,291051.47
2025-11-16 15:37:28.561,2216,291051.47
2025-11-16 15:37:28.561,2217,291051.47
2025-11-16 15:37:28.561,2218,291051.47
2025-11-16 15:37:28.561,2219,291051.47
2025-11-16 15:37:28.561,2220,291051.47
2025-11-16 15:37:28.561,2221,291051.47
2025-11-16 15:37:28.561,2222,291051.47
2025-11-16 15:37:28.561,2223,291051.47
2025-11-16 15:37:28.561,2224,291051.47
2025-11-16 15:37:28.561,2225,291051.47
2025-11-16 15:37:28.561,2226,291051.47
2025-11-16 15:37:28.561,2227,291051.47
2025-11-16 15:37:28.561,2228,291051.47
2025-11-16 15:37:28.561,2229,291051.47
2025-11-16 15:37:28.561,2230,291051.47
2025-11-16 15:37:28.561,2231,291051.47
2025-11-16 15:37:28.561,2232,291051.47
2025-11-16 15:37:28.561,2233,291051.47
2025-11-16 15:37:28.561,2234,291051.47
2025-11-16 15:37:28.561,2235,291051.47
2025-11-16 15:37:28.561,2236,291051.47
2025-11-16 15:37:28.561,2237,291051.47
2025-11-16 15:37:28.561,2238,291051.47
2025-11-16 15:37:28.561,2239,291051.47
2025-11-16 15:37:28.561,2240,291051.47
2025-11-16 15:37:28.561,2241,291051.47
2025-11-16 15:37:28.561,2242,291051.47
2025-11-16 15:37:28.561,2243,291051.47
2025-11-16 15:37:28.561,2244,291051.47
2025-11-16 15:37:28.561,2245,291051.47
2025-11-16 15:37:28.561,2246,291051.47
2025-11-16 15:37:28.561,2247,291051.47
2025-11-16 15:37:28.561,2248,291051.47
2025-11-16 15:37:28.561,2249,291051.47
2025-11-16 15:37:28.561,2250,291051.47
2025-11-16 15:37:28.561,2251,291051.47
2025-11-16 15:37:28.561,2252,291051.47
2025-11-16 15:37:28.561,2253,291051.47
2025-11-16 15:37:28.561,2254,291051.47
2025-11-16 15:37:28.561,2255,291051.47
2025-11-16 15:37:28.561,2256,291051.47
2025-11-16 15:37:28.561,2257,276308.56
2025-11-16 15:37:28.561,2258,278325.69
2025-11-16 15:37:28.561,2259,270422.94
2025-11-16 15:37:28.561,2260,322883.13
2025-11-16 15:37:28.561,2261,293282.41
2025-11-16 15:37:28.561,2262,331208.34
2025-11-16 15:37:28.561,2263,317555.0
2025-11-16 15:37:28.561,2264,328387.41
2025-11-16 15:37:28.561,2265,346048.91
2025-11-16 15:37:28.561,2266,282446.44
2025-11-16 15:37:28.561,2267,365654.84
2025-11-16 15:37:28.561,2268,328387.41
2025-11-16 15:37:28.561,2269,297844.91
2025-11-16 15:37:28.561,2270,297844.91
2025-11-16 15:37:28.561,2271,328387.41
2025-11-16 15:37:28.561,2272,334076.69
2025-11-16 15:37:28.561,2273,317555.0
2025-11-16 15:37:28.561,2274,334076.69
2025-11-16 15:37:28.561,2275,346048.91
2025-11-16 15:37:28.561,2276,358884.03
2025-11-16 15:37:28.561,2277,379970.25
2025-11-16 15:37:28.561,2278,395419.56
2025-11-16 15:37:28.561,2279,302546.75
2025-11-16 15:37:28.561,2280,300178.03
2025-11-16 15:37:28.561,2281,342978.47
2025-11-16 15:37:28.561,2282,391443.63
2025-11-16 15:37:28.561,2283,297844.91
2025-11-16 15:37:28.561,2284,288853.09
2025-11-16 15:37:28.561,2285,272357.75
2025-11-16 15:37:28.561,2286,264774.34
2025-11-16 15:37:28.561,2287,334076.69
2025-11-16 15:37:28.561,2288,218701.81
2025-11-16 15:37:28.561,2289,288853.09
2025-11-16 15:37:28.561,2290,331208.34
2025-11-16 15:37:28.561,2291,282446.44
2025-11-16 15:37:28.561,2292,280371.47
2025-11-16 15:37:28.561,2293,293282.41
2025-11-16 15:37:28.561,2294,288853.09
2025-11-16 15:37:28.561,2295,322883.13
2025-11-16 15:37:28.561,2296,988899.38
2025-11-16 15:37:28.561,2297,395419.56
2025-11-16 15:37:28.561,2298,297844.91
2025-11-16 15:37:28.561,2299,297844.91
2025-11-16 15:37:28.561,2300,54685.13
2025-11-16 15:37:28.561,2301,515003.19
2025-11-16 15:37:28.561,2302,515003.19
2025-11-16 15:37:28.561,2303,515003.19
2025-11-16 15:37:28.844,0,26283.89
2025-11-16 15:37:28.844,1,32720.19
2025-11-16 15:37:28.844,2,39403.42
2025-11-16 15:37:28.844,3,37950.12
2025-11-16 15:37:28.844,4,38578.92
2025-11-16 15:37:28.844,5,39403.42
2025-11-16 15:37:28.844,6,39523.48
2025-11-16 15:37:28.844,7,39887.21
2025-11-16 15:37:28.844,8,39704.69
2025-11-16 15:37:28.844,9,39283.93
2025-11-16 15:37:28.844,10,39826.22
2025-11-16 15:37:28.844,11,39704.69
2025-11-16 15:37:28.844,12,40194.41
2025-11-16 15:37:28.844,13,39343.6
2025-11-16 15:37:28.844,14,41397.01
2025-11-16 15:37:28.844,15,39644.14
2025-11-16 15:37:28.844,16,40505.41
2025-11-16 15:37:28.844,17,42320.58
2025-11-16 15:37:28.844,18,42726.61
2025-11-16 15:37:28.844,19,43347.59
2025-11-16 15:37:28.844,20,44707.67
2025-11-16 15:37:28.844,21,45907.83
2025-11-16 15:37:28.844,22,41267.73
2025-11-16 15:37:28.844,23,44854.87
2025-11-16 15:37:28.844,24,40820.27
2025-11-16 15:37:28.844,25,42186.62
2025-11-16 15:37:28.844,26,48139.58
2025-11-16 15:37:28.844,27,43769.74
2025-11-16 15:37:28.844,28,42726.61
2025-11-16 15:37:28.844,29,41920.75
2025-11-16 15:37:28.844,30,42455.23
2025-11-16 15:37:28.844,31,43840.75
2025-11-16 15:37:28.844,32,86936.61
2025-11-16 15:37:28.844,33,40442.9
2025-11-16 15:37:28.844,34,45226.35
2025-11-16 15:37:28.844,35,44126.66
2025-11-16 15:37:28.844,36,42455.23
2025-11-16 15:37:28.844,37,42863.36
2025-11-16 15:37:28.844,38,47322.41
2025-11-16 15:37:28.844,39,55833.13
2025-11-16 15:37:28.844,40,216173.34
2025-11-16 15:37:28.844,41,56912.64
2025-11-16 15:37:28.844,42,734602.25
2025-11-16 15:37:28.844,43,42186.62
2025-11-16 15:37:28.844,44,64347.73
2025-11-16 15:37:28.844,45,734602.25
2025-11-16 15:37:28.844,46,77023.94
2025-11-16 15:37:28.844,47,77023.94
2025-11-16 15:37:28.844,48,113248.5
2025-11-16 15:37:28.844,49,115905.77
2025-11-16 15:37:28.844,50,120737.61
2025-11-16 15:37:28.844,51,121579.19
2025-11-16 15:37:28.844,52,118276.26
2025-11-16 15:37:28.844,53,123295.2
2025-11-16 15:37:28.844,54,127787.46
2025-11-16 15:37:28.844,55,128253.38
2025-11-16 15:37:28.844,56,129670.22
2025-11-16 15:37:28.844,57,128722.46
2025-11-16 15:37:28.844,58,129670.22
2025-11-16 15:37:28.844,59,130148.98
2025-11-16 15:37:28.844,60,132097.22
2025-11-16 15:37:28.844,61,134609.98
2025-11-16 15:37:28.844,62,135123.23
2025-11-16 15:37:28.844,63,129670.22
2025-11-16 15:37:28.844,64,121157.05
2025-11-16 15:37:28.844,65,130148.98
2025-11-16 15:37:28.844,66,136160.72
2025-11-16 15:37:28.844,67,135123.23
2025-11-16 15:37:28.844,68,137213.13
2025-11-16 15:37:28.844,69,147413.47
2025-11-16 15:37:28.844,70,128722.46
2025-11-16 15:37:28.844,71,136685.03
2025-11-16 15:37:28.844,72,133594.3
2025-11-16 15:37:28.844,73,132592.78
2025-11-16 15:37:28.844,74,142142.66
2025-11-16 15:37:28.844,75,142142.66
2025-11-16 15:37:28.844,76,134100.34
2025-11-16 15:37:28.844,77,137745.05
2025-11-16 15:37:28.844,78,133594.3
2025-11-16 15:37:28.844,79,146210.88
2025-11-16 15:37:28.844,80,232241.86
2025-11-16 15:37:28.844,81,137745.05
2025-11-16 15:37:28.844,82,145026.52
2025-11-16 15:37:28.844,83,153715.0
2025-11-16 15:37:28.844,84,135640.13
2025-11-16 15:37:28.844,85,133091.78
2025-11-16 15:37:28.844,86,153715.0
2025-11-16 15:37:28.844,87,177764.91
2025-11-16 15:37:28.844,88,601218.31
2025-11-16 15:37:28.844,89,136160.72
2025-11-16 15:37:28.844,90,144441.03
2025-11-16 15:37:28.844,91,144441.03
2025-11-16 15:37:28.844,92,120737.61
2025-11-16 15:37:28.844,93,182175.47
2025-11-16 15:37:28.844,94,182175.47
2025-11-16 15:37:28.844,95,182175.47
2025-11-16 15:37:28.844,96,86025.24
2025-11-16 15:37:28.844,97,85352.86
2025-11-16 15:37:28.844,98,92531.65
2025-11-16 15:37:28.844,99,96820.16
2025-11-16 15:37:28.844,100,90513.82
2025-11-16 15:37:28.844,101,93571.2
2025-11-16 15:37:28.844,102,91512.71
2025-11-16 15:37:28.844,103,93048.8
2025-11-16 15:37:28.844,104,91010.8
2025-11-16 15:37:28.844,105,91512.71
2025-11-16 15:37:28.844,106,92789.56
2025-11-16 15:37:28.844,107,96820.16
2025-11-16 15:37:28.844,108,102094.18
2025-11-16 15:37:28.844,109,99101.66
2025-11-16 15:37:28.844,110,102712.45
2025-11-16 15:37:28.844,111,103337.61
2025-11-16 15:37:28.844,112,85352.86
2025-11-16 15:37:28.844,113,103969.71
2025-11-16 15:37:28.844,114,102402.48
2025-11-16 15:37:28.844,115,98811.18
2025-11-16 15:37:28.844,116,105581.22
2025-11-16 15:37:28.844,117,119086.36
2025-11-16 15:37:28.844,118,96820.16
2025-11-16 15:37:28.844,119,104931.19
2025-11-16 15:37:28.844,120,94632.04
2025-11-16 15:37:28.844,121,101482.63
2025-11-16 15:37:28.844,122,108599.64
2025-11-16 15:37:28.844,123,103024.17
2025-11-16 15:37:28.844,124,102094.18
2025-11-16 15:37:28.844,125,101787.58
2025-11-16 15:37:28.844,126,100279.32
2025-11-16 15:37:28.844,127,107238.9
2025-11-16 15:37:28.844,128,183998.22
2025-11-16 15:37:28.844,129,103024.17
2025-11-16 15:37:28.844,130,109992.31
2025-11-16 15:37:28.844,131,104608.9
2025-11-16 15:37:28.844,132,103024.17
2025-11-16 15:37:28.844,133,101482.63
2025-11-16 15:37:28.844,134,113621.23
2025-11-16 15:37:28.844,135,128722.46
2025-11-16 15:37:28.844,136,471757.34
2025-11-16 15:37:28.844,137,113996.21
2025-11-16 15:37:28.844,138,101787.58
2025-11-16 15:37:28.844,139,101787.58
2025-11-16 15:37:28.844,140,137745.05
2025-11-16 15:37:28.844,141,170315.53
2025-11-16 15:37:28.844,142,170315.53
2025-11-16 15:37:28.844,143,170315.53
2025-11-16 15:37:28.844,144,42794.9
2025-11-16 15:37:28.844,145,42455.23
2025-11-16 15:37:28.844,146,42658.5
2025-11-16 15:37:28.844,147,43698.91
2025-11-16 15:37:28.844,148,41986.96
2025-11-16 15:37:28.844,149,42320.58
2025-11-16 15:37:28.844,150,41920.75
2025-11-16 15:37:28.844,151,42320.58
2025-11-16 15:37:28.844,152,41461.9
2025-11-16 15:37:28.844,153,42455.23
2025-11-16 15:37:28.844,154,42387.82
2025-11-16 15:37:28.844,155,42455.23
2025-11-16 15:37:28.844,156,42455.23
2025-11-16 15:37:28.844,157,41986.96
2025-11-16 15:37:28.844,158,42590.57
2025-11-16 15:37:28.844,159,41526.96
2025-11-16 15:37:28.844,160,22987.37
2025-11-16 15:37:28.844,161,41461.9
2025-11-16 15:37:28.844,162,43487.57
2025-11-16 15:37:28.844,163,39224.4
2025-11-16 15:37:28.844,164,46138.74
2025-11-16 15:37:28.844,165,47001.92
2025-11-16 15:37:28.844,166,40505.41
2025-11-16 15:37:28.844,167,45907.83
2025-11-16 15:37:28.844,168,42320.58
2025-11-16 15:37:28.844,169,44343.09
2025-11-16 15:37:28.844,170,47081.7
2025-11-16 15:37:28.844,171,45602.89
2025-11-16 15:37:28.844,172,44561.25
2025-11-16 15:37:28.844,173,43698.91
2025-11-16 15:37:28.844,174,45077.16
2025-11-16 15:37:28.844,175,46606.3
2025-11-16 15:37:28.844,176,94364.8
2025-11-16 15:37:28.844,177,44415.61
2025-11-16 15:37:28.844,178,48980.34
2025-11-16 15:37:28.844,179,48139.58
2025-11-16 15:37:28.844,180,45602.89
2025-11-16 15:37:28.844,181,45301.25
2025-11-16 15:37:28.844,182,52029.78
2025-11-16 15:37:28.844,183,59653.54
2025-11-16 15:37:28.844,184,218701.81
2025-11-16 15:37:28.844,185,53378.87
2025-11-16 15:37:28.844,186,661350.38
2025-11-16 15:37:28.844,187,44561.25
2025-11-16 15:37:28.844,188,61860.94
2025-11-16 15:37:28.844,189,988899.38
2025-11-16 15:37:28.844,190,74328.61
2025-11-16 15:37:28.844,191,74328.61
2025-11-16 15:37:28.844,192,30999.5
2025-11-16 15:37:28.844,193,30389.34
2025-11-16 15:37:28.844,194,29297.52
2025-11-16 15:37:28.844,195,30189.96
2025-11-16 15:37:28.844,196,29184.02
2025-11-16 15:37:28.844,197,29411.68
2025-11-16 15:37:28.844,198,28662.88
2025-11-16 15:37:28.844,199,29449.88
2025-11-16 15:37:28.844,200,29221.78
2025-11-16 15:37:28.844,201,28921.71
2025-11-16 15:37:28.844,202,28921.71
2025-11-16 15:37:28.844,203,28847.41
2025-11-16 15:37:28.844,204,28847.41
2025-11-16 15:37:28.844,205,29146.33
2025-11-16 15:37:28.844,206,30071.27
2025-11-16 15:37:28.844,207,29071.17
2025-11-16 15:37:28.844,208,18221.02
2025-11-16 15:37:28.844,209,29603.42
2025-11-16 15:37:28.844,210,29297.52
2025-11-16 15:37:28.844,211,22933.92
2025-11-16 15:37:28.844,212,32189.05
2025-11-16 15:37:28.844,213,32945.45
2025-11-16 15:37:28.844,214,26122.79
2025-11-16 15:37:28.844,215,31928.39
2025-11-16 15:37:28.844,216,30031.86
2025-11-16 15:37:28.844,217,30835.0
2025-11-16 15:37:28.844,218,33870.7
2025-11-16 15:37:28.844,219,31971.61
2025-11-16 15:37:28.844,220,31206.99
2025-11-16 15:37:28.844,221,30309.35
2025-11-16 15:37:28.844,222,30753.24
2025-11-16 15:37:28.844,223,32541.67
2025-11-16 15:37:28.844,224,68493.05
2025-11-16 15:37:28.844,225,31290.57
2025-11-16 15:37:28.844,226,34689.0
2025-11-16 15:37:28.844,227,33682.49
2025-11-16 15:37:28.844,228,32364.63
2025-11-16 15:37:28.844,229,31971.61
2025-11-16 15:37:28.844,230,36793.67
2025-11-16 15:37:28.844,231,43557.83
2025-11-16 15:37:28.844,232,170315.53
2025-11-16 15:37:28.844,233,40756.99
2025-11-16 15:37:28.844,234,942433.13
2025-11-16 15:37:28.844,235,32014.92
2025-11-16 15:37:28.844,236,51284.3
2025-11-16 15:37:28.844,237,762705.19
2025-11-16 15:37:28.844,238,59653.54
2025-11-16 15:37:28.844,239,59653.54
2025-11-16 15:37:28.844,240,19707.48
2025-11-16 15:37:28.844,241,19449.01
2025-11-16 15:37:28.844,242,19028.03
2025-11-16 15:37:28.844,243,19577.68
2025-11-16 15:37:28.844,244,18378.83
2025-11-16 15:37:28.844,245,18801.55
2025-11-16 15:37:28.844,246,18458.39
2025-11-16 15:37:28.844,247,18518.36
2025-11-16 15:37:28.844,248,18221.02
2025-11-16 15:37:28.844,249,18339.21
2025-11-16 15:37:28.844,250,18418.55
2025-11-16 15:37:28.844,251,18260.31
2025-11-16 15:37:28.844,252,18538.4
2025-11-16 15:37:28.844,253,18458.39
2025-11-16 15:37:28.844,254,19427.67
2025-11-16 15:37:28.844,255,18458.39
2025-11-16 15:37:28.844,256,18699.77
2025-11-16 15:37:28.844,257,20103.78
2025-11-16 15:37:28.844,258,19838.42
2025-11-16 15:37:28.844,259,19090.4
2025-11-16 15:37:28.844,260,21286.04
2025-11-16 15:37:28.844,261,21725.7
2025-11-16 15:37:28.844,262,19174.0
2025-11-16 15:37:28.844,263,21528.79
2025-11-16 15:37:28.844,264,19707.48
2025-11-16 15:37:28.844,265,20373.88
2025-11-16 15:37:28.844,266,23698.29
2025-11-16 15:37:28.844,267,21118.33
2025-11-16 15:37:28.844,268,20834.94
2025-11-16 15:37:28.844,269,20148.47
2025-11-16 15:37:28.844,270,20419.37
2025-11-16 15:37:28.844,271,21118.33
2025-11-16 15:37:28.844,272,48980.34
2025-11-16 15:37:28.844,273,20487.86
2025-11-16 15:37:28.844,274,22880.64
2025-11-16 15:37:28.844,275,22050.96
2025-11-16 15:37:28.844,276,20975.98
2025-11-16 15:37:28.844,277,21023.29
2025-11-16 15:37:28.844,278,24734.57
2025-11-16 15:37:28.844,279,29449.88
2025-11-16 15:37:28.844,280,119906.74
2025-11-16 15:37:28.844,281,29033.7
2025-11-16 15:37:28.844,282,550970.88
2025-11-16 15:37:28.844,283,20648.86
2025-11-16 15:37:28.844,284,37118.37
2025-11-16 15:37:28.844,285,793012.25
2025-11-16 15:37:28.844,286,42863.36
2025-11-16 15:37:28.844,287,42863.36
2025-11-16 15:37:28.844,288,16114.59
2025-11-16 15:37:28.844,289,16047.52
2025-11-16 15:37:28.844,290,15205.86
2025-11-16 15:37:28.844,291,15782.65
2025-11-16 15:37:28.844,292,14744.46
2025-11-16 15:37:28.844,293,14988.43
2025-11-16 15:37:28.844,294,14805.01
2025-11-16 15:37:28.844,295,14759.57
2025-11-16 15:37:28.844,296,14820.19
2025-11-16 15:37:28.844,297,14789.84
2025-11-16 15:37:28.844,298,14805.01
2025-11-16 15:37:28.844,299,14789.84
2025-11-16 15:37:28.844,300,14835.39
2025-11-16 15:37:28.844,301,14835.39
2025-11-16 15:37:28.844,302,15684.7
2025-11-16 15:37:28.844,303,14911.68
2025-11-16 15:37:28.844,304,17018.8
2025-11-16 15:37:28.844,305,16751.64
2025-11-16 15:37:28.844,306,16875.66
2025-11-16 15:37:28.844,307,17420.39
2025-11-16 15:37:28.844,308,17420.39
2025-11-16 15:37:28.844,309,18162.29
2025-11-16 15:37:28.844,310,15947.57
2025-11-16 15:37:28.844,311,17853.14
2025-11-16 15:37:28.844,312,15848.37
2025-11-16 15:37:28.844,313,16663.75
2025-11-16 15:37:28.844,314,19882.33
2025-11-16 15:37:28.844,315,17036.8
2025-11-16 15:37:28.844,316,16964.95
2025-11-16 15:37:28.844,317,16455.14
2025-11-16 15:37:28.844,318,16628.76
2025-11-16 15:37:28.844,319,17036.8
2025-11-16 15:37:28.844,320,41397.01
2025-11-16 15:37:28.844,321,16420.69
2025-11-16 15:37:28.844,322,18498.34
2025-11-16 15:37:28.844,323,17910.59
2025-11-16 15:37:28.844,324,16840.11
2025-11-16 15:37:28.844,325,17199.88
2025-11-16 15:37:28.844,326,20396.61
2025-11-16 15:37:28.844,327,24616.31
2025-11-16 15:37:28.844,328,106570.16
2025-11-16 15:37:28.844,329,25836.37
2025-11-16 15:37:28.844,330,421032.91
2025-11-16 15:37:28.844,331,16716.42
2025-11-16 15:37:28.844,332,32320.6
2025-11-16 15:37:28.844,333,566776.38
2025-11-16 15:37:28.844,334,35897.47
2025-11-16 15:37:28.844,335,35897.47
2025-11-16 15:37:28.844,336,14789.84
2025-11-16 15:37:28.844,337,14639.21
2025-11-16 15:37:28.844,338,13912.56
2025-11-16 15:37:28.844,339,14154.79
2025-11-16 15:37:28.844,340,13483.07
2025-11-16 15:37:28.844,341,13730.56
2025-11-16 15:37:28.844,342,13469.47
2025-11-16 15:37:28.844,343,13510.31
2025-11-16 15:37:28.844,344,13320.91
2025-11-16 15:37:28.844,345,13347.78
2025-11-16 15:37:28.844,346,13592.43
2025-11-16 15:37:28.844,347,13469.47
2025-11-16 15:37:28.844,348,13483.07
2025-11-16 15:37:28.844,349,13469.47
2025-11-16 15:37:28.844,350,14328.73
2025-11-16 15:37:28.844,351,13510.31
2025-11-16 15:37:28.844,352,15815.47
2025-11-16 15:37:28.844,353,15363.49
2025-11-16 15:37:28.844,354,15555.25
2025-11-16 15:37:28.844,355,15914.42
2025-11-16 15:37:28.844,356,15947.57
2025-11-16 15:37:28.844,357,16840.11
2025-11-16 15:37:28.844,358,14654.19
2025-11-16 15:37:28.844,359,16472.4
2025-11-16 15:37:28.844,360,14624.25
2025-11-16 15:37:28.844,361,15174.57
2025-11-16 15:37:28.844,362,18260.31
2025-11-16 15:37:28.844,363,15491.01
2025-11-16 15:37:28.844,364,15587.49
2025-11-16 15:37:28.844,365,14881.11
2025-11-16 15:37:28.844,366,15363.49
2025-11-16 15:37:28.844,367,15766.28
2025-11-16 15:37:28.844,368,39403.42
2025-11-16 15:37:28.844,369,15237.23
2025-11-16 15:37:28.844,370,17163.47
2025-11-16 15:37:28.844,371,16403.5
2025-11-16 15:37:28.844,372,15652.22
2025-11-16 15:37:28.844,373,15930.98
2025-11-16 15:37:28.844,374,18842.47
2025-11-16 15:37:28.844,375,23148.76
2025-11-16 15:37:28.844,376,97100.13
2025-11-16 15:37:28.844,377,24151.15
2025-11-16 15:37:28.844,378,395419.56
2025-11-16 15:37:28.844,379,15347.64
2025-11-16 15:37:28.844,380,30389.34
2025-11-16 15:37:28.844,381,566776.38
2025-11-16 15:37:28.844,382,34542.39
2025-11-16 15:37:28.844,383,34542.39
2025-11-16 15:37:28.844,384,14564.57
2025-11-16 15:37:28.844,385,14416.64
2025-11-16 15:37:28.844,386,13716.68
2025-11-16 15:37:28.844,387,14285.01
2025-11-16 15:37:28.844,388,13227.34
2025-11-16 15:37:28.844,389,13415.23
2025-11-16 15:37:28.844,390,13294.1
2025-11-16 15:37:28.844,391,13294.1
2025-11-16 15:37:28.844,392,13254.0
2025-11-16 15:37:28.844,393,13214.03
2025-11-16 15:37:28.844,394,13294.1
2025-11-16 15:37:28.844,395,13267.35
2025-11-16 15:37:28.844,396,13307.49
2025-11-16 15:37:28.844,397,13267.35
2025-11-16 15:37:28.844,398,14154.79
2025-11-16 15:37:28.844,399,13320.91
2025-11-16 15:37:28.844,400,15523.09
2025-11-16 15:37:28.844,401,15158.95
2025-11-16 15:37:28.844,402,14988.43
2025-11-16 15:37:28.844,403,15749.92
2025-11-16 15:37:28.844,404,15848.37
2025-11-16 15:37:28.844,405,16386.33
2025-11-16 15:37:28.844,406,14684.21
2025-11-16 15:37:28.844,407,16249.76
2025-11-16 15:37:28.844,408,14564.57
2025-11-16 15:37:28.844,409,15096.68
2025-11-16 15:37:28.844,410,18045.56
2025-11-16 15:37:28.844,411,15603.64
2025-11-16 15:37:28.844,412,15347.64
2025-11-16 15:37:28.844,413,14926.99
2025-11-16 15:37:28.844,414,15300.2
2025-11-16 15:37:28.844,415,15555.25
2025-11-16 15:37:28.844,416,38695.02
2025-11-16 15:37:28.844,417,15112.21
2025-11-16 15:37:28.844,418,16947.04
2025-11-16 15:37:28.844,419,16352.05
2025-11-16 15:37:28.844,420,15395.25
2025-11-16 15:37:28.844,421,15815.47
2025-11-16 15:37:28.844,422,18699.77
2025-11-16 15:37:28.844,423,22616.81
2025-11-16 15:37:28.844,424,94098.91
2025-11-16 15:37:28.844,425,23754.24
2025-11-16 15:37:28.844,426,395419.56
2025-11-16 15:37:28.844,427,15174.57
2025-11-16 15:37:28.844,428,30631.22
2025-11-16 15:37:28.844,429,550970.88
2025-11-16 15:37:28.844,430,34542.39
2025-11-16 15:37:28.844,431,34542.39
2025-11-16 15:37:28.844,432,14549.7
2025-11-16 15:37:28.844,433,14328.73
2025-11-16 15:37:28.844,434,13483.07
2025-11-16 15:37:28.844,435,14212.49
2025-11-16 15:37:28.844,436,13254.0
2025-11-16 15:37:28.844,437,13294.1
2025-11-16 15:37:28.844,438,13240.66
2025-11-16 15:37:28.844,439,13214.03
2025-11-16 15:37:28.844,440,13174.2
2025-11-16 15:37:28.844,441,13055.53
2025-11-16 15:37:28.844,442,13240.66
2025-11-16 15:37:28.844,443,13267.35
2025-11-16 15:37:28.844,444,13267.35
2025-11-16 15:37:28.844,445,13174.2
2025-11-16 15:37:28.844,446,13716.68
2025-11-16 15:37:28.844,447,13254.0
2025-11-16 15:37:28.844,448,15587.49
2025-11-16 15:37:28.844,449,15081.15
2025-11-16 15:37:28.844,450,15019.26
2025-11-16 15:37:28.844,451,15587.49
2025-11-16 15:37:28.844,452,15684.7
2025-11-16 15:37:28.844,453,16334.95
2025-11-16 15:37:28.844,454,14328.73
2025-11-16 15:37:28.844,455,16081.01
2025-11-16 15:37:28.844,456,14212.49
2025-11-16 15:37:28.844,457,14835.39
2025-11-16 15:37:28.844,458,17872.27
2025-11-16 15:37:28.844,459,15363.49
2025-11-16 15:37:28.844,460,15268.68
2025-11-16 15:37:28.844,461,14850.61
2025-11-16 15:37:28.844,462,14942.32
2025-11-16 15:37:28.844,463,15284.43
2025-11-16 15:37:28.844,464,38233.91
2025-11-16 15:37:28.844,465,14911.68
2025-11-16 15:37:28.844,466,16681.28
2025-11-16 15:37:28.844,467,16014.12
2025-11-16 15:37:28.844,468,15205.86
2025-11-16 15:37:28.844,469,15555.25
2025-11-16 15:37:28.844,470,18398.68
2025-11-16 15:37:28.844,471,22512.45
2025-11-16 15:37:28.844,472,91512.71
2025-11-16 15:37:28.844,473,23586.93
2025-11-16 15:37:28.844,474,391443.63
2025-11-16 15:37:28.844,475,14911.68
2025-11-16 15:37:28.844,476,29526.5
2025-11-16 15:37:28.844,477,536008.31
2025-11-16 15:37:28.844,478,33776.39
2025-11-16 15:37:28.844,479,33776.39
2025-11-16 15:37:28.844,480,14416.64
2025-11-16 15:37:28.844,481,14169.19
2025-11-16 15:37:28.844,482,13455.89
2025-11-16 15:37:28.844,483,13954.95
2025-11-16 15:37:28.844,484,12964.06
2025-11-16 15:37:28.844,485,13160.96
2025-11-16 15:37:28.844,486,13003.18
2025-11-16 15:37:28.844,487,13055.53
2025-11-16 15:37:28.844,488,13042.42
2025-11-16 15:37:28.844,489,12977.09
2025-11-16 15:37:28.844,490,13094.96
2025-11-16 15:37:28.844,491,13029.33
2025-11-16 15:37:28.844,492,13094.96
2025-11-16 15:37:28.844,493,13055.53
2025-11-16 15:37:28.844,494,13954.95
2025-11-16 15:37:28.844,495,13029.33
2025-11-16 15:37:28.844,496,15205.86
2025-11-16 15:37:28.844,497,14942.32
2025-11-16 15:37:28.844,498,15019.26
2025-11-16 15:37:28.844,499,15363.49
2025-11-16 15:37:28.844,500,15523.09
2025-11-16 15:37:28.844,501,16182.0
2025-11-16 15:37:28.844,502,14183.61
2025-11-16 15:37:28.844,503,15947.57
2025-11-16 15:37:28.844,504,14299.57
2025-11-16 15:37:28.844,505,14744.46
2025-11-16 15:37:28.844,506,17738.95
2025-11-16 15:37:28.844,507,15268.68
2025-11-16 15:37:28.844,508,15112.21
2025-11-16 15:37:28.844,509,14654.19
2025-11-16 15:37:28.844,510,14805.01
2025-11-16 15:37:28.844,511,15112.21
2025-11-16 15:37:28.844,512,37893.76
2025-11-16 15:37:28.844,513,14865.85
2025-11-16 15:37:28.844,514,16663.75
2025-11-16 15:37:28.844,515,15914.42
2025-11-16 15:37:28.844,516,15237.23
2025-11-16 15:37:28.844,517,15411.16
2025-11-16 15:37:28.844,518,18378.83
2025-11-16 15:37:28.844,519,22512.45
2025-11-16 15:37:28.844,520,92531.65
2025-11-16 15:37:28.844,521,23586.93
2025-11-16 15:37:28.844,522,387544.88
2025-11-16 15:37:28.844,523,14744.46
2025-11-16 15:37:28.844,524,29108.72
2025-11-16 15:37:28.844,525,536008.31
2025-11-16 15:37:28.844,526,33635.68
2025-11-16 15:37:28.844,527,33635.68
2025-11-16 15:37:28.844,528,14505.19
2025-11-16 15:37:28.844,529,14328.73
2025-11-16 15:37:28.844,530,13483.07
2025-11-16 15:37:28.844,531,14126.04
2025-11-16 15:37:28.844,532,13108.13
2025-11-16 15:37:28.844,533,13374.71
2025-11-16 15:37:28.844,534,13187.46
2025-11-16 15:37:28.844,535,13160.96
2025-11-16 15:37:28.844,536,13160.96
2025-11-16 15:37:28.844,537,13121.31
2025-11-16 15:37:28.844,538,13227.34
2025-11-16 15:37:28.844,539,13187.46
2025-11-16 15:37:28.844,540,13227.34
2025-11-16 15:37:28.844,541,13121.31
2025-11-16 15:37:28.844,542,14212.49
2025-11-16 15:37:28.844,543,13227.34
2025-11-16 15:37:28.844,544,15363.49
2025-11-16 15:37:28.844,545,15174.57
2025-11-16 15:37:28.844,546,15143.35
2025-11-16 15:37:28.844,547,15603.64
2025-11-16 15:37:28.844,548,15636.01
2025-11-16 15:37:28.844,549,16420.69
2025-11-16 15:37:28.844,550,14372.61
2025-11-16 15:37:28.844,551,16131.41
2025-11-16 15:37:28.844,552,14416.64
2025-11-16 15:37:28.844,553,14988.43
2025-11-16 15:37:28.844,554,17929.79
2025-11-16 15:37:28.844,555,15491.01
2025-11-16 15:37:28.844,556,15300.2
2025-11-16 15:37:28.844,557,14835.39
2025-11-16 15:37:28.844,558,15065.65
2025-11-16 15:37:28.844,559,15395.25
2025-11-16 15:37:28.844,560,38578.92
2025-11-16 15:37:28.844,561,14896.38
2025-11-16 15:37:28.844,562,16698.84
2025-11-16 15:37:28.844,563,16047.52
2025-11-16 15:37:28.844,564,15331.81
2025-11-16 15:37:28.844,565,15668.45
2025-11-16 15:37:28.844,566,18538.4
2025-11-16 15:37:28.844,567,22721.83
2025-11-16 15:37:28.844,568,93048.8
2025-11-16 15:37:28.844,569,23754.24
2025-11-16 15:37:28.844,570,450099.75
2025-11-16 15:37:28.844,571,14926.99
2025-11-16 15:37:28.844,572,30590.71
2025-11-16 15:37:28.844,573,566776.38
2025-11-16 15:37:28.844,574,34689.0
2025-11-16 15:37:28.844,575,34689.0
2025-11-16 15:37:28.844,576,14579.46
2025-11-16 15:37:28.844,577,14343.34
2025-11-16 15:37:28.844,578,13702.81
2025-11-16 15:37:28.844,579,14226.96
2025-11-16 15:37:28.844,580,13187.46
2025-11-16 15:37:28.844,581,13401.71
2025-11-16 15:37:28.844,582,13160.96
2025-11-16 15:37:28.844,583,13200.74
2025-11-16 15:37:28.844,584,13227.34
2025-11-16 15:37:28.844,585,13055.53
2025-11-16 15:37:28.844,586,13240.66
2025-11-16 15:37:28.844,587,13187.46
2025-11-16 15:37:28.844,588,13267.35
2025-11-16 15:37:28.844,589,13200.74
2025-11-16 15:37:28.844,590,14097.35
2025-11-16 15:37:28.844,591,13347.78
2025-11-16 15:37:28.844,592,15427.09
2025-11-16 15:37:28.844,593,15112.21
2025-11-16 15:37:28.844,594,15019.26
2025-11-16 15:37:28.844,595,15507.04
2025-11-16 15:37:28.844,596,15652.22
2025-11-16 15:37:28.844,597,16283.77
2025-11-16 15:37:28.844,598,14328.73
2025-11-16 15:37:28.844,599,16097.79
2025-11-16 15:37:28.844,600,14328.73
2025-11-16 15:37:28.844,601,14835.39
2025-11-16 15:37:28.844,602,17872.27
2025-11-16 15:37:28.844,603,15347.64
2025-11-16 15:37:28.844,604,15112.21
2025-11-16 15:37:28.844,605,14564.57
2025-11-16 15:37:28.844,606,14654.19
2025-11-16 15:37:28.844,607,14759.57
2025-11-16 15:37:28.844,608,37950.12
2025-11-16 15:37:28.844,609,14564.57
2025-11-16 15:37:28.844,610,16751.64
2025-11-16 15:37:28.844,611,15815.47
2025-11-16 15:37:28.844,612,15143.35
2025-11-16 15:37:28.844,613,15411.16
2025-11-16 15:37:28.844,614,18240.65
2025-11-16 15:37:28.844,615,22357.16
2025-11-16 15:37:28.844,616,92531.65
2025-11-16 15:37:28.844,617,23726.24
2025-11-16 15:37:28.844,618,450099.75
2025-11-16 15:37:28.844,619,14805.01
2025-11-16 15:37:28.844,620,29564.92
2025-11-16 15:37:28.844,621,536008.31
2025-11-16 15:37:28.844,622,33870.7
2025-11-16 15:37:28.844,623,33870.7
2025-11-16 15:37:28.844,624,14505.19
2025-11-16 15:37:28.844,625,14357.96
2025-11-16 15:37:28.844,626,13647.49
2025-11-16 15:37:28.844,627,14154.79
2025-11-16 15:37:28.844,628,13187.46
2025-11-16 15:37:28.844,629,13428.77
2025-11-16 15:37:28.844,630,13294.1
2025-11-16 15:37:28.844,631,13240.66
2025-11-16 15:37:28.844,632,13094.96
2025-11-16 15:37:28.844,633,13068.66
2025-11-16 15:37:28.844,634,13108.13
2025-11-16 15:37:28.844,635,13187.46
2025-11-16 15:37:28.844,636,13254.0
2025-11-16 15:37:28.844,637,13214.03
2025-11-16 15:37:28.844,638,14140.4
2025-11-16 15:37:28.844,639,13294.1
2025-11-16 15:37:28.844,640,15491.01
2025-11-16 15:37:28.844,641,15081.15
2025-11-16 15:37:28.844,642,15081.15
2025-11-16 15:37:28.844,643,15571.36
2025-11-16 15:37:28.844,644,15684.7
2025-11-16 15:37:28.844,645,16249.76
2025-11-16 15:37:28.844,646,14549.7
2025-11-16 15:37:28.844,647,16131.41
2025-11-16 15:37:28.844,648,14387.27
2025-11-16 15:37:28.844,649,14835.39
2025-11-16 15:37:28.844,650,17531.99
2025-11-16 15:37:28.844,651,15523.09
2025-11-16 15:37:28.844,652,15112.21
2025-11-16 15:37:28.844,653,14744.46
2025-11-16 15:37:28.844,654,14774.7
2025-11-16 15:37:28.844,655,15190.2
2025-11-16 15:37:28.844,656,37613.93
2025-11-16 15:37:28.844,657,14774.7
2025-11-16 15:37:28.844,658,16628.76
2025-11-16 15:37:28.844,659,15997.45
2025-11-16 15:37:28.844,660,15347.64
2025-11-16 15:37:28.844,661,15523.09
2025-11-16 15:37:28.844,662,18221.02
2025-11-16 15:37:28.844,663,22331.42
2025-11-16 15:37:28.844,664,94632.04
2025-11-16 15:37:28.844,665,23754.24
2025-11-16 15:37:28.844,666,460679.59
2025-11-16 15:37:28.844,667,14744.46
2025-11-16 15:37:28.844,668,29914.1
2025-11-16 15:37:28.844,669,550970.88
2025-11-16 15:37:28.844,670,33682.49
2025-11-16 15:37:28.844,671,33682.49
2025-11-16 15:37:28.844,672,14270.47
2025-11-16 15:37:28.844,673,14270.47
2025-11-16 15:37:28.844,674,13702.81
2025-11-16 15:37:28.844,675,14140.4
2025-11-16 15:37:28.844,676,13294.1
2025-11-16 15:37:28.844,677,13483.07
2025-11-16 15:37:28.844,678,13374.71
2025-11-16 15:37:28.844,679,13401.71
2025-11-16 15:37:28.844,680,13307.49
2025-11-16 15:37:28.844,681,13294.1
2025-11-16 15:37:28.844,682,13374.71
2025-11-16 15:37:28.844,683,13334.34
2025-11-16 15:37:28.844,684,13388.2
2025-11-16 15:37:28.844,685,13320.91
2025-11-16 15:37:28.844,686,14328.73
2025-11-16 15:37:28.844,687,13483.07
2025-11-16 15:37:28.844,688,15619.82
2025-11-16 15:37:28.844,689,15331.81
2025-11-16 15:37:28.844,690,15300.2
2025-11-16 15:37:28.844,691,15815.47
2025-11-16 15:37:28.844,692,15897.87
2025-11-16 15:37:28.844,693,16646.24
2025-11-16 15:37:28.844,694,14684.21
2025-11-16 15:37:28.844,695,16386.33
2025-11-16 15:37:28.844,696,14609.3
2025-11-16 15:37:28.844,697,15019.26
2025-11-16 15:37:28.844,698,18181.84
2025-11-16 15:37:28.844,699,15619.82
2025-11-16 15:37:28.844,700,15491.01
2025-11-16 15:37:28.844,701,15034.71
2025-11-16 15:37:28.844,702,15096.68
2025-11-16 15:37:28.844,703,15555.25
2025-11-16 15:37:28.844,704,38753.28
2025-11-16 15:37:28.844,705,15081.15
2025-11-16 15:37:28.844,706,16947.04
2025-11-16 15:37:28.844,707,16352.05
2025-11-16 15:37:28.844,708,15539.16
2025-11-16 15:37:28.844,709,15782.65
2025-11-16 15:37:28.844,710,18679.5
2025-11-16 15:37:28.844,711,22854.06
2025-11-16 15:37:28.844,712,99101.66
2025-11-16 15:37:28.844,713,24065.32
2025-11-16 15:37:28.844,714,450099.75
2025-11-16 15:37:28.844,715,15300.2
2025-11-16 15:37:28.844,716,30835.0
2025-11-16 15:37:28.844,717,566776.38
2025-11-16 15:37:28.844,718,35335.6
2025-11-16 15:37:28.844,719,35335.6
2025-11-16 15:37:28.844,720,14549.7
2025-11-16 15:37:28.844,721,14357.96
2025-11-16 15:37:28.844,722,13983.3
2025-11-16 15:37:28.844,723,14594.37
2025-11-16 15:37:28.844,724,13647.49
2025-11-16 15:37:28.844,725,13758.38
2025-11-16 15:37:28.844,726,13592.43
2025-11-16 15:37:28.844,727,13661.29
2025-11-16 15:37:28.844,728,13496.68
2025-11-16 15:37:28.844,729,13442.32
2025-11-16 15:37:28.844,730,13592.43
2025-11-16 15:37:28.844,731,13606.17
2025-11-16 15:37:28.844,732,13675.12
2025-11-16 15:37:28.844,733,13496.68
2025-11-16 15:37:28.844,734,14594.37
2025-11-16 15:37:28.844,735,13688.95
2025-11-16 15:37:28.844,736,15749.92
2025-11-16 15:37:28.844,737,15395.25
2025-11-16 15:37:28.844,738,15555.25
2025-11-16 15:37:28.844,739,16014.12
2025-11-16 15:37:28.844,740,16047.52
2025-11-16 15:37:28.844,741,16769.29
2025-11-16 15:37:28.844,742,14850.61
2025-11-16 15:37:28.844,743,16593.85
2025-11-16 15:37:28.844,744,14774.7
2025-11-16 15:37:28.844,745,15268.68
2025-11-16 15:37:28.844,746,18418.55
2025-11-16 15:37:28.844,747,15749.92
2025-11-16 15:37:28.844,748,15700.98
2025-11-16 15:37:28.844,749,15174.57
2025-11-16 15:37:28.844,750,15284.43
2025-11-16 15:37:28.844,751,15636.01
2025-11-16 15:37:28.844,752,38753.28
2025-11-16 15:37:28.844,753,15205.86
2025-11-16 15:37:28.844,754,17054.83
2025-11-16 15:37:28.844,755,16352.05
2025-11-16 15:37:28.844,756,15603.64
2025-11-16 15:37:28.844,757,15848.37
2025-11-16 15:37:28.844,758,18740.4
2025-11-16 15:37:28.844,759,22854.06
2025-11-16 15:37:28.844,760,98811.18
2025-11-16 15:37:28.844,761,24151.15
2025-11-16 15:37:28.844,762,395419.56
2025-11-16 15:37:28.844,763,15363.49
2025-11-16 15:37:28.844,764,30269.48
2025-11-16 15:37:28.844,765,592227.94
2025-11-16 15:37:28.844,766,34640.03
2025-11-16 15:37:28.844,767,34640.03
2025-11-16 15:37:28.844,768,15158.95
2025-11-16 15:37:28.844,769,15050.17
2025-11-16 15:37:28.844,770,14270.47
2025-11-16 15:37:28.844,771,14835.39
2025-11-16 15:37:28.844,772,13716.68
2025-11-16 15:37:28.844,773,13912.56
2025-11-16 15:37:28.844,774,13758.38
2025-11-16 15:37:28.844,775,13842.23
2025-11-16 15:37:28.844,776,13983.3
2025-11-16 15:37:28.844,777,13842.23
2025-11-16 15:37:28.844,778,13912.56
2025-11-16 15:37:28.844,779,13814.22
2025-11-16 15:37:28.844,780,13926.67
2025-11-16 15:37:28.844,781,13814.22
2025-11-16 15:37:28.844,782,14654.19
2025-11-16 15:37:28.844,783,13926.67
2025-11-16 15:37:28.844,784,16081.01
2025-11-16 15:37:28.844,785,15733.59
2025-11-16 15:37:28.844,786,15766.28
2025-11-16 15:37:28.844,787,16283.77
2025-11-16 15:37:28.844,788,16182.0
2025-11-16 15:37:28.844,789,16893.47
2025-11-16 15:37:28.844,790,15112.21
2025-11-16 15:37:28.844,791,16734.02
2025-11-16 15:37:28.844,792,14926.99
2025-11-16 15:37:28.844,793,15331.81
2025-11-16 15:37:28.844,794,18538.4
2025-11-16 15:37:28.844,795,16014.12
2025-11-16 15:37:28.844,796,15684.7
2025-11-16 15:37:28.844,797,15300.2
2025-11-16 15:37:28.844,798,15587.49
2025-11-16 15:37:28.844,799,15914.42
2025-11-16 15:37:28.844,800,38695.02
2025-11-16 15:37:28.844,801,15523.09
2025-11-16 15:37:28.844,802,17236.39
2025-11-16 15:37:28.844,803,16681.28
2025-11-16 15:37:28.844,804,15749.92
2025-11-16 15:37:28.844,805,16047.52
2025-11-16 15:37:28.844,806,19007.29
2025-11-16 15:37:28.844,807,22933.92
2025-11-16 15:37:28.844,808,97381.57
2025-11-16 15:37:28.844,809,24616.31
2025-11-16 15:37:28.844,810,383721.19
2025-11-16 15:37:28.844,811,15603.64
2025-11-16 15:37:28.844,812,30958.25
2025-11-16 15:37:28.844,813,661350.38
2025-11-16 15:37:28.844,814,35134.67
2025-11-16 15:37:28.844,815,35134.67
2025-11-16 15:37:28.844,816,15096.68
2025-11-16 15:37:28.844,817,15081.15
2025-11-16 15:37:28.844,818,14198.04
2025-11-16 15:37:28.844,819,14744.46
2025-11-16 15:37:28.844,820,13772.32
2025-11-16 15:37:28.844,821,13983.3
2025-11-16 15:37:28.844,822,13758.38
2025-11-16 15:37:28.844,823,13744.46
2025-11-16 15:37:28.844,824,13870.31
2025-11-16 15:37:28.844,825,13758.38
2025-11-16 15:37:28.844,826,13884.38
2025-11-16 15:37:28.844,827,13884.38
2025-11-16 15:37:28.844,828,13969.12
2025-11-16 15:37:28.844,829,13786.27
2025-11-16 15:37:28.844,830,14774.7
2025-11-16 15:37:28.844,831,13898.46
2025-11-16 15:37:28.844,832,16081.01
2025-11-16 15:37:28.844,833,15766.28
2025-11-16 15:37:28.844,834,15782.65
2025-11-16 15:37:28.844,835,16249.76
2025-11-16 15:37:28.844,836,16047.52
2025-11-16 15:37:28.844,837,16751.64
2025-11-16 15:37:28.844,838,14911.68
2025-11-16 15:37:28.844,839,16751.64
2025-11-16 15:37:28.844,840,15112.21
2025-11-16 15:37:28.844,841,15587.49
2025-11-16 15:37:28.844,842,18781.14
2025-11-16 15:37:28.844,843,16131.41
2025-11-16 15:37:28.844,844,15930.98
2025-11-16 15:37:28.844,845,15539.16
2025-11-16 15:37:28.844,846,15619.82
2025-11-16 15:37:28.844,847,16064.26
2025-11-16 15:37:28.844,848,39887.21
2025-11-16 15:37:28.844,849,15555.25
2025-11-16 15:37:28.844,850,17569.39
2025-11-16 15:37:28.844,851,16875.66
2025-11-16 15:37:28.844,852,16081.01
2025-11-16 15:37:28.844,853,16215.84
2025-11-16 15:37:28.844,854,19406.36
2025-11-16 15:37:28.844,855,23040.99
2025-11-16 15:37:28.844,856,97381.57
2025-11-16 15:37:28.844,857,24823.81
2025-11-16 15:37:28.844,858,369134.25
2025-11-16 15:37:28.844,859,15799.05
2025-11-16 15:37:28.844,860,31082.24
2025-11-16 15:37:28.844,861,661350.38
2025-11-16 15:37:28.844,862,36209.84
2025-11-16 15:37:28.844,863,36209.84
2025-11-16 15:37:28.844,864,15619.82
2025-11-16 15:37:28.844,865,15555.25
2025-11-16 15:37:28.844,866,14805.01
2025-11-16 15:37:28.844,867,15331.81
2025-11-16 15:37:28.844,868,14357.96
2025-11-16 15:37:28.844,869,14212.49
2025-11-16 15:37:28.844,870,14314.14
2025-11-16 15:37:28.844,871,14270.47
2025-11-16 15:37:28.844,872,14212.49
2025-11-16 15:37:28.844,873,14198.04
2025-11-16 15:37:28.844,874,14387.27
2025-11-16 15:37:28.844,875,14241.45
2025-11-16 15:37:28.844,876,14387.27
2025-11-16 15:37:28.844,877,14549.7
2025-11-16 15:37:28.844,878,15081.15
2025-11-16 15:37:28.844,879,14372.61
2025-11-16 15:37:28.844,880,16681.28
2025-11-16 15:37:28.844,881,16148.25
2025-11-16 15:37:28.844,882,16165.12
2025-11-16 15:37:28.844,883,16698.84
2025-11-16 15:37:28.844,884,15947.57
2025-11-16 15:37:28.844,885,17127.16
2025-11-16 15:37:28.844,886,15363.49
2025-11-16 15:37:28.844,887,17054.83
2025-11-16 15:37:28.844,888,15300.2
2025-11-16 15:37:28.844,889,15684.7
2025-11-16 15:37:28.844,890,19215.97
2025-11-16 15:37:28.844,891,16403.5
2025-11-16 15:37:28.844,892,16403.5
2025-11-16 15:37:28.844,893,15914.42
2025-11-16 15:37:28.844,894,15914.42
2025-11-16 15:37:28.844,895,16472.4
2025-11-16 15:37:28.844,896,40630.89
2025-11-16 15:37:28.844,897,15881.35
2025-11-16 15:37:28.844,898,17834.04
2025-11-16 15:37:28.844,899,17018.8
2025-11-16 15:37:28.844,900,16317.87
2025-11-16 15:37:28.844,901,16646.24
2025-11-16 15:37:28.844,902,19534.67
2025-11-16 15:37:28.844,903,23366.42
2025-11-16 15:37:28.844,904,100279.32
2025-11-16 15:37:28.844,905,25094.26
2025-11-16 15:37:28.844,906,346048.91
2025-11-16 15:37:28.844,907,16047.52
2025-11-16 15:37:28.844,908,31374.49
2025-11-16 15:37:28.844,909,650520.19
2025-11-16 15:37:28.844,910,36157.48
2025-11-16 15:37:28.844,911,36157.48
2025-11-16 15:37:28.844,912,18339.21
2025-11-16 15:37:28.844,913,18181.84
2025-11-16 15:37:28.844,914,17272.99
2025-11-16 15:37:28.844,915,17949.02
2025-11-16 15:37:28.844,916,16947.04
2025-11-16 15:37:28.844,917,17163.47
2025-11-16 15:37:28.844,918,16857.87
2025-11-16 15:37:28.844,919,16911.3
2025-11-16 15:37:28.844,920,16875.66
2025-11-16 15:37:28.844,921,16840.11
2025-11-16 15:37:28.844,922,16982.88
2025-11-16 15:37:28.844,923,16716.42
2025-11-16 15:37:28.844,924,17054.83
2025-11-16 15:37:28.844,925,16964.95
2025-11-16 15:37:28.844,926,17606.89
2025-11-16 15:37:28.844,927,17018.8
2025-11-16 15:37:28.844,928,19007.29
2025-11-16 15:37:28.844,929,18699.77
2025-11-16 15:37:28.844,930,18659.26
2025-11-16 15:37:28.844,931,19111.26
2025-11-16 15:37:28.844,932,18781.14
2025-11-16 15:37:28.844,933,19556.16
2025-11-16 15:37:28.844,934,17834.04
2025-11-16 15:37:28.844,935,18538.4
2025-11-16 15:37:28.844,936,17872.27
2025-11-16 15:37:28.844,937,18458.39
2025-11-16 15:37:28.844,938,22050.96
2025-11-16 15:37:28.844,939,19215.97
2025-11-16 15:37:28.844,940,18986.58
2025-11-16 15:37:28.844,941,18458.39
2025-11-16 15:37:28.844,942,18699.77
2025-11-16 15:37:28.844,943,19111.26
2025-11-16 15:37:28.844,944,45151.65
2025-11-16 15:37:28.844,945,18659.26
2025-11-16 15:37:28.844,946,20510.75
2025-11-16 15:37:28.844,947,19772.81
2025-11-16 15:37:28.844,948,19194.97
2025-11-16 15:37:28.844,949,19449.01
2025-11-16 15:37:28.844,950,22357.16
2025-11-16 15:37:28.844,951,26842.51
2025-11-16 15:37:28.844,952,107238.9
2025-11-16 15:37:28.844,953,28699.64
2025-11-16 15:37:28.844,954,395419.56
2025-11-16 15:37:28.844,955,18986.58
2025-11-16 15:37:28.844,956,35034.87
2025-11-16 15:37:28.844,957,734602.25
2025-11-16 15:37:28.844,958,40442.9
2025-11-16 15:37:28.844,959,40442.9
2025-11-16 15:37:28.844,960,43487.57
2025-11-16 15:37:28.844,961,42253.52
2025-11-16 15:37:28.844,962,40505.41
2025-11-16 15:37:28.844,963,41397.01
2025-11-16 15:37:28.844,964,40380.55
2025-11-16 15:37:28.844,965,40756.99
2025-11-16 15:37:28.844,966,40442.9
2025-11-16 15:37:28.844,967,40505.41
2025-11-16 15:37:28.844,968,40256.3
2025-11-16 15:37:28.844,969,39887.21
2025-11-16 15:37:28.844,970,40630.89
2025-11-16 15:37:28.844,971,40883.72
2025-11-16 15:37:28.844,972,40132.67
2025-11-16 15:37:28.844,973,39887.21
2025-11-16 15:37:28.844,974,41461.9
2025-11-16 15:37:28.844,975,40256.3
2025-11-16 15:37:28.844,976,43628.29
2025-11-16 15:37:28.844,977,40756.99
2025-11-16 15:37:28.844,978,39343.6
2025-11-16 15:37:28.844,979,42522.82
2025-11-16 15:37:28.844,980,40693.86
2025-11-16 15:37:28.844,981,41397.01
2025-11-16 15:37:28.844,982,40256.3
2025-11-16 15:37:28.844,983,38006.61
2025-11-16 15:37:28.844,984,38348.37
2025-11-16 15:37:28.844,985,39887.21
2025-11-16 15:37:28.844,986,43557.83
2025-11-16 15:37:28.844,987,31416.58
2025-11-16 15:37:28.844,988,42053.34
2025-11-16 15:37:28.844,989,41854.7
2025-11-16 15:37:28.844,990,41986.96
2025-11-16 15:37:28.844,991,44707.67
2025-11-16 15:37:28.844,992,91010.8
2025-11-16 15:37:28.844,993,41920.75
2025-11-16 15:37:28.844,994,42726.61
2025-11-16 15:37:28.844,995,40630.89
2025-11-16 15:37:28.844,996,42387.82
2025-11-16 15:37:28.844,997,43208.34
2025-11-16 15:37:28.844,998,47728.11
2025-11-16 15:37:28.844,999,54378.94
2025-11-16 15:37:28.844,1000,229407.17
2025-11-16 15:37:28.844,1001,61358.41
2025-11-16 15:37:28.844,1002,734602.25
2025-11-16 15:37:28.844,1003,41657.55
2025-11-16 15:37:28.844,1004,75386.48
2025-11-16 15:37:28.844,1005,988899.38
2025-11-16 15:37:28.844,1006,84689.81
2025-11-16 15:37:28.844,1007,84689.81
2025-11-16 15:37:28.844,1008,59416.6
2025-11-16 15:37:28.844,1009,57802.03
2025-11-16 15:37:28.844,1010,55833.13
2025-11-16 15:37:28.844,1011,57354.41
2025-11-16 15:37:28.844,1012,54480.68
2025-11-16 15:37:28.844,1013,57022.54
2025-11-16 15:37:28.844,1014,56260.74
2025-11-16 15:37:28.844,1015,56693.92
2025-11-16 15:37:28.844,1016,57465.76
2025-11-16 15:37:28.844,1017,56693.92
2025-11-16 15:37:28.844,1018,56476.62
2025-11-16 15:37:28.844,1019,55833.13
2025-11-16 15:37:28.844,1020,56476.62
2025-11-16 15:37:28.844,1021,56476.62
2025-11-16 15:37:28.844,1022,58255.64
2025-11-16 15:37:28.844,1023,56046.25
2025-11-16 15:37:28.844,1024,61358.41
2025-11-16 15:37:28.844,1025,58484.71
2025-11-16 15:37:28.844,1026,53975.16
2025-11-16 15:37:28.844,1027,58255.64
2025-11-16 15:37:28.844,1028,49845.72
2025-11-16 15:37:28.844,1029,53182.58
2025-11-16 15:37:28.844,1030,55097.93
2025-11-16 15:37:28.844,1031,41526.96
2025-11-16 15:37:28.844,1032,54176.42
2025-11-16 15:37:28.844,1033,54277.52
2025-11-16 15:37:28.844,1034,56585.1
2025-11-16 15:37:28.844,1035,51841.71
2025-11-16 15:37:28.844,1036,56693.92
2025-11-16 15:37:28.844,1037,56912.64
2025-11-16 15:37:28.844,1038,56585.1
2025-11-16 15:37:28.844,1039,60986.11
2025-11-16 15:37:28.844,1040,119086.36
2025-11-16 15:37:28.844,1041,55833.13
2025-11-16 15:37:28.844,1042,52218.99
2025-11-16 15:37:28.844,1043,51468.98
2025-11-16 15:37:28.844,1044,56585.1
2025-11-16 15:37:28.844,1045,55621.39
2025-11-16 15:37:28.844,1046,63411.8
2025-11-16 15:37:28.844,1047,62370.57
2025-11-16 15:37:28.844,1048,278325.69
2025-11-16 15:37:28.844,1049,82544.69
2025-11-16 15:37:28.844,1050,583498.19
2025-11-16 15:37:28.844,1051,54176.42
2025-11-16 15:37:28.844,1052,92019.64
2025-11-16 15:37:28.844,1053,988899.38
2025-11-16 15:37:28.844,1054,105255.28
2025-11-16 15:37:28.844,1055,105255.28
2025-11-16 15:37:28.844,1056,58484.71
2025-11-16 15:37:28.844,1057,57577.48
2025-11-16 15:37:28.844,1058,56046.25
2025-11-16 15:37:28.844,1059,55097.93
2025-11-16 15:37:28.844,1060,54787.84
2025-11-16 15:37:28.844,1061,56046.25
2025-11-16 15:37:28.844,1062,55727.09
2025-11-16 15:37:28.844,1063,54994.24
2025-11-16 15:37:28.844,1064,54890.87
2025-11-16 15:37:28.844,1065,54378.94
2025-11-16 15:37:28.844,1066,54890.87
2025-11-16 15:37:28.844,1067,54994.24
2025-11-16 15:37:28.844,1068,55939.52
2025-11-16 15:37:28.844,1069,54685.13
2025-11-16 15:37:28.844,1070,56476.62
2025-11-16 15:37:28.844,1071,55621.39
2025-11-16 15:37:28.844,1072,58028.08
2025-11-16 15:37:28.844,1073,56046.25
2025-11-16 15:37:28.844,1074,47322.41
2025-11-16 15:37:28.844,1075,56046.25
2025-11-16 15:37:28.844,1076,44854.87
2025-11-16 15:37:28.844,1077,43698.91
2025-11-16 15:37:28.844,1078,53084.88
2025-11-16 15:37:28.844,1079,45151.65
2025-11-16 15:37:28.844,1080,41920.75
2025-11-16 15:37:28.844,1081,48810.25
2025-11-16 15:37:28.844,1082,50918.22
2025-11-16 15:37:28.844,1083,46527.84
2025-11-16 15:37:28.844,1084,52697.09
2025-11-16 15:37:28.844,1085,54685.13
2025-11-16 15:37:28.844,1086,53378.87
2025-11-16 15:37:28.844,1087,58028.08
2025-11-16 15:37:28.844,1088,115519.18
2025-11-16 15:37:28.844,1089,54176.42
2025-11-16 15:37:28.844,1090,56476.62
2025-11-16 15:37:28.844,1091,53477.48
2025-11-16 15:37:28.844,1092,53975.16
2025-11-16 15:37:28.844,1093,54378.94
2025-11-16 15:37:28.844,1094,60374.14
2025-11-16 15:37:28.844,1095,65586.65
2025-11-16 15:37:28.844,1096,291051.47
2025-11-16 15:37:28.844,1097,78918.48
2025-11-16 15:37:28.844,1098,942433.13
2025-11-16 15:37:28.844,1099,53975.16
2025-11-16 15:37:28.844,1100,87631.56
2025-11-16 15:37:28.844,1101,103337.61
2025-11-16 15:37:28.844,1102,103337.61
2025-11-16 15:37:28.844,1103,103337.61
2025-11-16 15:37:28.844,1104,62370.57
2025-11-16 15:37:28.844,1105,63280.01
2025-11-16 15:37:28.844,1106,60617.66
2025-11-16 15:37:28.844,1107,59416.6
2025-11-16 15:37:28.844,1108,62370.57
2025-11-16 15:37:28.844,1109,62370.57
2025-11-16 15:37:28.844,1110,61233.89
2025-11-16 15:37:28.844,1111,61233.89
2025-11-16 15:37:28.844,1112,61483.39
2025-11-16 15:37:28.844,1113,60617.66
2025-11-16 15:37:28.844,1114,61608.8
2025-11-16 15:37:28.844,1115,61860.94
2025-11-16 15:37:28.844,1116,61483.39
2025-11-16 15:37:28.844,1117,60617.66
2025-11-16 15:37:28.844,1118,64756.17
2025-11-16 15:37:28.844,1119,59892.09
2025-11-16 15:37:28.844,1120,65307.78
2025-11-16 15:37:28.844,1121,60011.99
2025-11-16 15:37:28.844,1122,54994.24
2025-11-16 15:37:28.844,1123,58947.51
2025-11-16 15:37:28.844,1124,62114.86
2025-11-16 15:37:28.844,1125,61860.94
2025-11-16 15:37:28.844,1126,60617.66
2025-11-16 15:37:28.844,1127,58255.64
2025-11-16 15:37:28.844,1128,58484.71
2025-11-16 15:37:28.844,1129,59181.26
2025-11-16 15:37:28.844,1130,55833.13
2025-11-16 15:37:28.844,1131,59181.26
2025-11-16 15:37:28.844,1132,59416.6
2025-11-16 15:37:28.844,1133,62757.56
2025-11-16 15:37:28.844,1134,59416.6
2025-11-16 15:37:28.844,1135,67304.12
2025-11-16 15:37:28.844,1136,122431.63
2025-11-16 15:37:28.844,1137,59772.61
2025-11-16 15:37:28.844,1138,57577.48
2025-11-16 15:37:28.844,1139,57689.57
2025-11-16 15:37:28.844,1140,59892.09
2025-11-16 15:37:28.844,1141,58369.98
2025-11-16 15:37:28.844,1142,65307.78
2025-11-16 15:37:28.844,1143,66292.91
2025-11-16 15:37:28.844,1144,328387.41
2025-11-16 15:37:28.844,1145,91010.8
2025-11-16 15:37:28.844,1146,640033.69
2025-11-16 15:37:28.844,1147,61608.8
2025-11-16 15:37:28.844,1148,101482.63
2025-11-16 15:37:28.844,1149,121157.05
2025-11-16 15:37:28.844,1150,121157.05
2025-11-16 15:37:28.844,1151,121157.05
2025-11-16 15:37:28.844,1152,133594.3
2025-11-16 15:37:28.844,1153,133594.3
2025-11-16 15:37:28.844,1154,129194.73
2025-11-16 15:37:28.844,1155,130631.02
2025-11-16 15:37:28.844,1156,122862.01
2025-11-16 15:37:28.844,1157,128722.46
2025-11-16 15:37:28.844,1158,129670.22
2025-11-16 15:37:28.844,1159,127787.46
2025-11-16 15:37:28.844,1160,127787.46
2025-11-16 15:37:28.844,1161,133594.3
2025-11-16 15:37:28.844,1162,132592.78
2025-11-16 15:37:28.844,1163,127787.46
2025-11-16 15:37:28.844,1164,126864.97
2025-11-16 15:37:28.844,1165,125954.73
2025-11-16 15:37:28.844,1166,134100.34
2025-11-16 15:37:28.844,1167,120737.61
2025-11-16 15:37:28.844,1168,135640.13
2025-11-16 15:37:28.844,1169,132592.78
2025-11-16 15:37:28.844,1170,125056.52
2025-11-16 15:37:28.844,1171,132097.22
2025-11-16 15:37:28.844,1172,127787.46
2025-11-16 15:37:28.844,1173,141018.91
2025-11-16 15:37:28.844,1174,118680.02
2025-11-16 15:37:28.844,1175,121579.19
2025-11-16 15:37:28.844,1176,122862.01
2025-11-16 15:37:28.844,1177,115519.18
2025-11-16 15:37:28.844,1178,125954.73
2025-11-16 15:37:28.844,1179,123295.2
2025-11-16 15:37:28.844,1180,112143.66
2025-11-16 15:37:28.844,1181,120320.87
2025-11-16 15:37:28.844,1182,110345.59
2025-11-16 15:37:28.844,1183,130631.02
2025-11-16 15:37:28.844,1184,226638.0
2025-11-16 15:37:28.844,1185,109992.31
2025-11-16 15:37:28.844,1186,113621.23
2025-11-16 15:37:28.844,1187,109992.31
2025-11-16 15:37:28.844,1188,113996.21
2025-11-16 15:37:28.844,1189,103652.78
2025-11-16 15:37:28.844,1190,108599.64
2025-11-16 15:37:28.844,1191,120737.61
2025-11-16 15:37:28.844,1192,672541.69
2025-11-16 15:37:28.844,1193,165668.98
2025-11-16 15:37:28.844,1194,124611.84
2025-11-16 15:37:28.844,1195,124611.84
2025-11-16 15:37:28.844,1196,178630.77
2025-11-16 15:37:28.844,1197,218701.81
2025-11-16 15:37:28.844,1198,218701.81
2025-11-16 15:37:28.844,1199,218701.81
2025-11-16 15:37:28.844,1200,583498.19
2025-11-16 15:37:28.844,1201,558763.94
2025-11-16 15:37:28.844,1202,566776.38
2025-11-16 15:37:28.844,1203,566776.38
2025-11-16 15:37:28.844,1204,550970.88
2025-11-16 15:37:28.844,1205,583498.19
2025-11-16 15:37:28.844,1206,489387.19
2025-11-16 15:37:28.844,1207,566776.38
2025-11-16 15:37:28.844,1208,550970.88
2025-11-16 15:37:28.844,1209,528822.38
2025-11-16 15:37:28.844,1210,558763.94
2025-11-16 15:37:28.844,1211,684112.31
2025-11-16 15:37:28.844,1212,550970.88
2025-11-16 15:37:28.844,1213,558763.94
2025-11-16 15:37:28.844,1214,566776.38
2025-11-16 15:37:28.844,1215,515003.19
2025-11-16 15:37:28.844,1216,566776.38
2025-11-16 15:37:28.844,1217,521823.06
2025-11-16 15:37:28.844,1218,543388.5
2025-11-16 15:37:28.844,1219,566776.38
2025-11-16 15:37:28.844,1220,550970.88
2025-11-16 15:37:28.844,1221,566776.38
2025-11-16 15:37:28.844,1222,566776.38
2025-11-16 15:37:28.844,1223,460679.59
2025-11-16 15:37:28.844,1224,550970.88
2025-11-16 15:37:28.844,1225,471757.34
2025-11-16 15:37:28.844,1226,575017.88
2025-11-16 15:37:28.844,1227,521823.06
2025-11-16 15:37:28.844,1228,439984.91
2025-11-16 15:37:28.844,1229,471757.34
2025-11-16 15:37:28.844,1230,536008.31
2025-11-16 15:37:28.844,1231,536008.31
2025-11-16 15:37:28.844,1232,861364.44
2025-11-16 15:37:28.844,1233,508356.06
2025-11-16 15:37:28.844,1234,521823.06
2025-11-16 15:37:28.844,1235,566776.38
2025-11-16 15:37:28.844,1236,460679.59
2025-11-16 15:37:28.844,1237,439984.91
2025-11-16 15:37:28.844,1238,483368.97
2025-11-16 15:37:28.844,1239,515003.19
2025-11-16 15:37:28.844,1240,684112.31
2025-11-16 15:37:28.844,1241,684112.31
2025-11-16 15:37:28.844,1242,471757.34
2025-11-16 15:37:28.844,1243,471757.34
2025-11-16 15:37:28.844,1244,640033.69
2025-11-16 15:37:28.844,1245,762705.19
2025-11-16 15:37:28.844,1246,762705.19
2025-11-16 15:37:28.844,1247,762705.19
2025-11-16 15:37:28.844,1248,119906.74
2025-11-16 15:37:28.844,1249,115905.77
2025-11-16 15:37:28.844,1250,122431.63
2025-11-16 15:37:28.844,1251,115134.95
2025-11-16 15:37:28.844,1252,114373.48
2025-11-16 15:37:28.844,1253,121579.19
2025-11-16 15:37:28.844,1254,121157.05
2025-11-16 15:37:28.844,1255,115134.95
2025-11-16 15:37:28.844,1256,123295.2
2025-11-16 15:37:28.844,1257,122004.03
2025-11-16 15:37:28.844,1258,122004.03
2025-11-16 15:37:28.844,1259,125504.14
2025-11-16 15:37:28.844,1260,122431.63
2025-11-16 15:37:28.844,1261,125056.52
2025-11-16 15:37:28.844,1262,120737.61
2025-11-16 15:37:28.844,1263,122004.03
2025-11-16 15:37:28.844,1264,126864.97
2025-11-16 15:37:28.844,1265,104608.9
2025-11-16 15:37:28.844,1266,107915.35
2025-11-16 15:37:28.844,1267,94632.04
2025-11-16 15:37:28.844,1268,125954.73
2025-11-16 15:37:28.844,1269,125954.73
2025-11-16 15:37:28.844,1270,125056.52
2025-11-16 15:37:28.844,1271,122862.01
2025-11-16 15:37:28.844,1272,125504.14
2025-11-16 15:37:28.844,1273,115519.18
2025-11-16 15:37:28.844,1274,135640.13
2025-11-16 15:37:28.844,1275,128722.46
2025-11-16 15:37:28.844,1276,121579.19
2025-11-16 15:37:28.844,1277,120320.87
2025-11-16 15:37:28.844,1278,110700.96
2025-11-16 15:37:28.844,1279,127324.66
2025-11-16 15:37:28.844,1280,232241.86
2025-11-16 15:37:28.844,1281,125954.73
2025-11-16 15:37:28.844,1282,136160.72
2025-11-16 15:37:28.844,1283,133594.3
2025-11-16 15:37:28.844,1284,115134.95
2025-11-16 15:37:28.844,1285,120737.61
2025-11-16 15:37:28.844,1286,132097.22
2025-11-16 15:37:28.844,1287,154372.98
2025-11-16 15:37:28.844,1288,640033.69
2025-11-16 15:37:28.844,1289,168739.63
2025-11-16 15:37:28.844,1290,126408.34
2025-11-16 15:37:28.844,1291,126408.34
2025-11-16 15:37:28.844,1292,189679.88
2025-11-16 15:37:28.844,1293,229407.17
2025-11-16 15:37:28.844,1294,229407.17
2025-11-16 15:37:28.844,1295,229407.17
2025-11-16 15:37:28.844,1296,65307.78
2025-11-16 15:37:28.844,1297,65586.65
2025-11-16 15:37:28.844,1298,63148.7
2025-11-16 15:37:28.844,1299,60132.29
2025-11-16 15:37:28.844,1300,61860.94
2025-11-16 15:37:28.844,1301,61987.67
2025-11-16 15:37:28.844,1302,61987.67
2025-11-16 15:37:28.844,1303,62370.57
2025-11-16 15:37:28.844,1304,62370.57
2025-11-16 15:37:28.844,1305,64619.52
2025-11-16 15:37:28.844,1306,64619.52
2025-11-16 15:37:28.844,1307,63676.8
2025-11-16 15:37:28.844,1308,64756.17
2025-11-16 15:37:28.844,1309,63411.8
2025-11-16 15:37:28.844,1310,64756.17
2025-11-16 15:37:28.844,1311,65586.65
2025-11-16 15:37:28.844,1312,69101.3
2025-11-16 15:37:28.844,1313,61734.65
2025-11-16 15:37:28.844,1314,59534.86
2025-11-16 15:37:28.844,1315,63676.8
2025-11-16 15:37:28.844,1316,66150.61
2025-11-16 15:37:28.844,1317,68493.05
2025-11-16 15:37:28.844,1318,61109.78
2025-11-16 15:37:28.844,1319,66150.61
2025-11-16 15:37:28.844,1320,63411.8
2025-11-16 15:37:28.844,1321,52987.48
2025-11-16 15:37:28.844,1322,67012.48
2025-11-16 15:37:28.844,1323,63676.8
2025-11-16 15:37:28.844,1324,59181.26
2025-11-16 15:37:28.844,1325,65307.78
2025-11-16 15:37:28.844,1326,58255.64
2025-11-16 15:37:28.844,1327,68192.39
2025-11-16 15:37:28.844,1328,122862.01
2025-11-16 15:37:28.844,1329,58369.98
2025-11-16 15:37:28.844,1330,66150.61
2025-11-16 15:37:28.844,1331,65586.65
2025-11-16 15:37:28.844,1332,57802.03
2025-11-16 15:37:28.844,1333,55306.31
2025-11-16 15:37:28.844,1334,55939.52
2025-11-16 15:37:28.844,1335,76288.51
2025-11-16 15:37:28.844,1336,322883.13
2025-11-16 15:37:28.844,1337,92531.65
2025-11-16 15:37:28.844,1338,900097.25
2025-11-16 15:37:28.844,1339,65586.65
2025-11-16 15:37:28.844,1340,94364.8
2025-11-16 15:37:28.844,1341,988899.38
2025-11-16 15:37:28.844,1342,115905.77
2025-11-16 15:37:28.844,1343,115905.77
2025-11-16 15:37:28.844,1344,34738.09
2025-11-16 15:37:28.844,1345,34542.39
2025-11-16 15:37:28.844,1346,33495.87
2025-11-16 15:37:28.844,1347,32586.16
2025-11-16 15:37:28.844,1348,32232.81
2025-11-16 15:37:28.844,1349,32855.06
2025-11-16 15:37:28.844,1350,32320.6
2025-11-16 15:37:28.844,1351,32990.79
2025-11-16 15:37:28.844,1352,32945.45
2025-11-16 15:37:28.844,1353,32855.06
2025-11-16 15:37:28.844,1354,33127.38
2025-11-16 15:37:28.844,1355,32765.05
2025-11-16 15:37:28.844,1356,32945.45
2025-11-16 15:37:28.844,1357,32945.45
2025-11-16 15:37:28.844,1358,34060.55
2025-11-16 15:37:28.844,1359,32945.45
2025-11-16 15:37:28.844,1360,36105.25
2025-11-16 15:37:28.844,1361,32276.66
2025-11-16 15:37:28.844,1362,31543.36
2025-11-16 15:37:28.844,1363,33588.98
2025-11-16 15:37:28.844,1364,35640.36
2025-11-16 15:37:28.844,1365,35234.91
2025-11-16 15:37:28.844,1366,33588.98
2025-11-16 15:37:28.844,1367,35640.36
2025-11-16 15:37:28.844,1368,33310.84
2025-11-16 15:37:28.844,1369,28847.41
2025-11-16 15:37:28.844,1370,37893.76
2025-11-16 15:37:28.844,1371,34935.51
2025-11-16 15:37:28.844,1372,32810.01
2025-11-16 15:37:28.844,1373,34300.16
2025-11-16 15:37:28.844,1374,31206.99
2025-11-16 15:37:28.844,1375,36262.32
2025-11-16 15:37:28.844,1376,70983.91
2025-11-16 15:37:28.844,1377,31971.61
2025-11-16 15:37:28.844,1378,36526.48
2025-11-16 15:37:28.844,1379,35640.36
2025-11-16 15:37:28.844,1380,31971.61
2025-11-16 15:37:28.844,1381,31713.61
2025-11-16 15:37:28.844,1382,33449.47
2025-11-16 15:37:28.844,1383,44415.61
2025-11-16 15:37:28.844,1384,182175.47
2025-11-16 15:37:28.844,1385,50021.84
2025-11-16 15:37:28.844,1386,550970.88
2025-11-16 15:37:28.844,1387,35184.73
2025-11-16 15:37:28.844,1388,52029.78
2025-11-16 15:37:28.844,1389,793012.25
2025-11-16 15:37:28.844,1390,65867.58
2025-11-16 15:37:28.844,1391,65867.58
2025-11-16 15:37:28.844,1392,36420.45
2025-11-16 15:37:28.844,1393,36157.48
2025-11-16 15:37:28.844,1394,34640.03
2025-11-16 15:37:28.844,1395,34252.03
2025-11-16 15:37:28.844,1396,34396.74
2025-11-16 15:37:28.844,1397,34252.03
2025-11-16 15:37:28.844,1398,34204.0
2025-11-16 15:37:28.844,1399,35234.91
2025-11-16 15:37:28.844,1400,34445.18
2025-11-16 15:37:28.844,1401,34396.74
2025-11-16 15:37:28.844,1402,34836.58
2025-11-16 15:37:28.844,1403,34542.39
2025-11-16 15:37:28.844,1404,34542.39
2025-11-16 15:37:28.844,1405,34640.03
2025-11-16 15:37:28.844,1406,36262.32
2025-11-16 15:37:28.844,1407,35134.67
2025-11-16 15:37:28.844,1408,37950.12
2025-11-16 15:37:28.844,1409,33495.87
2025-11-16 15:37:28.844,1410,34348.4
2025-11-16 15:37:28.844,1411,36157.48
2025-11-16 15:37:28.844,1412,38811.68
2025-11-16 15:37:28.844,1413,39165.01
2025-11-16 15:37:28.844,1414,36579.68
2025-11-16 15:37:28.844,1415,39283.93
2025-11-16 15:37:28.844,1416,35949.24
2025-11-16 15:37:28.844,1417,34348.4
2025-11-16 15:37:28.844,1418,41332.29
2025-11-16 15:37:28.844,1419,38348.37
2025-11-16 15:37:28.844,1420,36262.32
2025-11-16 15:37:28.844,1421,36739.99
2025-11-16 15:37:28.844,1422,34885.99
2025-11-16 15:37:28.844,1423,39165.01
2025-11-16 15:37:28.844,1424,77772.0
2025-11-16 15:37:28.844,1425,35794.29
2025-11-16 15:37:28.844,1426,40256.3
2025-11-16 15:37:28.844,1427,39523.48
2025-11-16 15:37:28.844,1428,35845.82
2025-11-16 15:37:28.844,1429,34640.03
2025-11-16 15:37:28.844,1430,39403.42
2025-11-16 15:37:28.844,1431,49409.89
2025-11-16 15:37:28.844,1432,197793.8
2025-11-16 15:37:28.844,1433,54176.42
2025-11-16 15:37:28.844,1434,708471.5
2025-11-16 15:37:28.844,1435,37893.76
2025-11-16 15:37:28.844,1436,58715.34
2025-11-16 15:37:28.844,1437,793012.25
2025-11-16 15:37:28.844,1438,73981.77
2025-11-16 15:37:28.844,1439,73981.77
2025-11-16 15:37:28.844,1440,36579.68
2025-11-16 15:37:28.844,1441,36526.48
2025-11-16 15:37:28.844,1442,35034.87
2025-11-16 15:37:28.844,1443,33776.39
2025-11-16 15:37:28.844,1444,34542.39
2025-11-16 15:37:28.844,1445,34640.03
2025-11-16 15:37:28.844,1446,34640.03
2025-11-16 15:37:28.844,1447,34591.16
2025-11-16 15:37:28.844,1448,34985.13
2025-11-16 15:37:28.844,1449,34542.39
2025-11-16 15:37:28.844,1450,34640.03
2025-11-16 15:37:28.844,1451,35034.87
2025-11-16 15:37:28.844,1452,35234.91
2025-11-16 15:37:28.844,1453,35640.36
2025-11-16 15:37:28.844,1454,37009.64
2025-11-16 15:37:28.844,1455,36157.48
2025-11-16 15:37:28.844,1456,38578.92
2025-11-16 15:37:28.844,1457,33870.7
2025-11-16 15:37:28.844,1458,33449.47
2025-11-16 15:37:28.844,1459,36157.48
2025-11-16 15:37:28.844,1460,38463.37
2025-11-16 15:37:28.844,1461,38578.92
2025-11-16 15:37:28.844,1462,36262.32
2025-11-16 15:37:28.844,1463,38636.91
2025-11-16 15:37:28.844,1464,35794.29
2025-11-16 15:37:28.844,1465,29526.5
2025-11-16 15:37:28.844,1466,41267.73
2025-11-16 15:37:28.844,1467,37950.12
2025-11-16 15:37:28.844,1468,34252.03
2025-11-16 15:37:28.844,1469,36579.68
2025-11-16 15:37:28.844,1470,32945.45
2025-11-16 15:37:28.844,1471,39224.4
2025-11-16 15:37:28.844,1472,73296.59
2025-11-16 15:37:28.844,1473,33776.39
2025-11-16 15:37:28.844,1474,38811.68
2025-11-16 15:37:28.844,1475,39644.14
2025-11-16 15:37:28.844,1476,32675.42
2025-11-16 15:37:28.844,1477,32189.05
2025-11-16 15:37:28.844,1478,29297.52
2025-11-16 15:37:28.844,1479,46449.59
2025-11-16 15:37:28.844,1480,207747.34
2025-11-16 15:37:28.844,1481,52987.48
2025-11-16 15:37:28.844,1482,550970.88
2025-11-16 15:37:28.844,1483,37118.37
2025-11-16 15:37:28.844,1484,57354.41
2025-11-16 15:37:28.844,1485,734602.25
2025-11-16 15:37:28.844,1486,72622.48
2025-11-16 15:37:28.844,1487,72622.48
2025-11-16 15:37:28.844,1488,32900.21
2025-11-16 15:37:28.844,1489,32145.38
2025-11-16 15:37:28.844,1490,30958.25
2025-11-16 15:37:28.844,1491,29564.92
2025-11-16 15:37:28.844,1492,30550.28
2025-11-16 15:37:28.844,1493,30071.27
2025-11-16 15:37:28.844,1494,30753.24
2025-11-16 15:37:28.844,1495,30590.71
2025-11-16 15:37:28.844,1496,30876.0
2025-11-16 15:37:28.844,1497,30835.0
2025-11-16 15:37:28.844,1498,30712.49
2025-11-16 15:37:28.844,1499,30876.0
2025-11-16 15:37:28.844,1500,30876.0
2025-11-16 15:37:28.844,1501,30917.09
2025-11-16 15:37:28.844,1502,32014.92
2025-11-16 15:37:28.844,1503,30876.0
2025-11-16 15:37:28.844,1504,33310.84
2025-11-16 15:37:28.844,1505,28996.3
2025-11-16 15:37:28.844,1506,29146.33
2025-11-16 15:37:28.844,1507,31501.02
2025-11-16 15:37:28.844,1508,33729.39
2025-11-16 15:37:28.844,1509,33870.7
2025-11-16 15:37:28.844,1510,31971.61
2025-11-16 15:37:28.844,1511,34252.03
2025-11-16 15:37:28.844,1512,31501.02
2025-11-16 15:37:28.844,1513,29526.5
2025-11-16 15:37:28.844,1514,37009.64
2025-11-16 15:37:28.844,1515,33036.22
2025-11-16 15:37:28.844,1516,31248.74
2025-11-16 15:37:28.844,1517,32232.81
2025-11-16 15:37:28.844,1518,29221.78
2025-11-16 15:37:28.844,1519,34252.03
2025-11-16 15:37:28.844,1520,66150.61
2025-11-16 15:37:28.844,1521,30309.35
2025-11-16 15:37:28.844,1522,35034.87
2025-11-16 15:37:28.844,1523,34348.4
2025-11-16 15:37:28.844,1524,30712.49
2025-11-16 15:37:28.844,1525,30349.31
2025-11-16 15:37:28.844,1526,33036.22
2025-11-16 15:37:28.844,1527,42455.23
2025-11-16 15:37:28.844,1528,175214.38
2025-11-16 15:37:28.844,1529,47484.0
2025-11-16 15:37:28.844,1530,536008.31
2025-11-16 15:37:28.844,1531,32990.79
2025-11-16 15:37:28.844,1532,50287.98
2025-11-16 15:37:28.844,1533,965113.19
2025-11-16 15:37:28.844,1534,63810.02
2025-11-16 15:37:28.844,1535,63810.02
2025-11-16 15:37:28.844,1536,26610.43
2025-11-16 15:37:28.844,1537,26610.43
2025-11-16 15:37:28.844,1538,26610.43
2025-11-16 15:37:28.844,1539,26610.43
2025-11-16 15:37:28.844,1540,26610.43
2025-11-16 15:37:28.844,1541,26610.43
2025-11-16 15:37:28.844,1542,26610.43
2025-11-16 15:37:28.844,1543,26610.43
2025-11-16 15:37:28.844,1544,26610.43
2025-11-16 15:37:28.844,1545,26610.43
2025-11-16 15:37:28.844,1546,26610.43
2025-11-16 15:37:28.844,1547,26610.43
2025-11-16 15:37:28.844,1548,26610.43
2025-11-16 15:37:28.844,1549,26610.43
2025-11-16 15:37:28.844,1550,26610.43
2025-11-16 15:37:28.844,1551,26610.43
2025-11-16 15:37:28.844,1552,26610.43
2025-11-16 15:37:28.844,1553,26610.43
2025-11-16 15:37:28.844,1554,26610.43
2025-11-16 15:37:28.844,1555,26610.43
2025-11-16 15:37:28.844,1556,26610.43
2025-11-16 15:37:28.844,1557,26610.43
2025-11-16 15:37:28.844,1558,26610.43
2025-11-16 15:37:28.844,1559,26610.43
2025-11-16 15:37:28.844,1560,26610.43
2025-11-16 15:37:28.844,1561,26610.43
2025-11-16 15:37:28.844,1562,26610.43
2025-11-16 15:37:28.844,1563,26610.43
2025-11-16 15:37:28.844,1564,26610.43
2025-11-16 15:37:28.844,1565,26610.43
2025-11-16 15:37:28.844,1566,26610.43
2025-11-16 15:37:28.844,1567,26610.43
2025-11-16 15:37:28.844,1568,26610.43
2025-11-16 15:37:28.844,1569,26610.43
2025-11-16 15:37:28.844,1570,26610.43
2025-11-16 15:37:28.844,1571,26610.43
2025-11-16 15:37:28.844,1572,26610.43
2025-11-16 15:37:28.844,1573,26610.43
2025-11-16 15:37:28.844,1574,26610.43
2025-11-16 15:37:28.844,1575,26610.43
2025-11-16 15:37:28.844,1576,26610.43
2025-11-16 15:37:28.844,1577,26610.43
2025-11-16 15:37:28.844,1578,26610.43
2025-11-16 15:37:28.844,1579,26610.43
2025-11-16 15:37:28.844,1580,26610.43
2025-11-16 15:37:28.844,1581,26610.43
2025-11-16 15:37:28.844,1582,26610.43
2025-11-16 15:37:28.844,1583,26610.43
2025-11-16 15:37:28.844,1584,26610.43
2025-11-16 15:37:28.844,1585,26219.28
2025-11-16 15:37:28.844,1586,25523.39
2025-11-16 15:37:28.844,1587,24036.8
2025-11-16 15:37:28.844,1588,24913.49
2025-11-16 15:37:28.844,1589,25064.0
2025-11-16 15:37:28.844,1590,25033.8
2025-11-16 15:37:28.844,1591,25215.81
2025-11-16 15:37:28.844,1592,25246.33
2025-11-16 15:37:28.844,1593,25033.8
2025-11-16 15:37:28.844,1594,25276.9
2025-11-16 15:37:28.844,1595,25246.33
2025-11-16 15:37:28.844,1596,25276.9
2025-11-16 15:37:28.844,1597,25276.9
2025-11-16 15:37:28.844,1598,26316.28
2025-11-16 15:37:28.844,1599,25616.71
2025-11-16 15:37:28.844,1600,27626.15
2025-11-16 15:37:28.844,1601,24208.61
2025-11-16 15:37:28.844,1602,22827.54
2025-11-16 15:37:28.844,1603,25647.93
2025-11-16 15:37:28.844,1604,27765.84
2025-11-16 15:37:28.844,1605,28119.63
2025-11-16 15:37:28.844,1606,26187.06
2025-11-16 15:37:28.844,1607,28155.37
2025-11-16 15:37:28.844,1608,25994.93
2025-11-16 15:37:28.844,1609,24528.13
2025-11-16 15:37:28.844,1610,30753.24
2025-11-16 15:37:28.844,1611,27556.69
2025-11-16 15:37:28.844,1612,25773.33
2025-11-16 15:37:28.844,1613,26676.44
2025-11-16 15:37:28.844,1614,24764.27
2025-11-16 15:37:28.844,1615,27695.87
2025-11-16 15:37:28.844,1616,57243.42
2025-11-16 15:37:28.844,1617,25215.81
2025-11-16 15:37:28.844,1618,29449.88
2025-11-16 15:37:28.844,1619,28773.39
2025-11-16 15:37:28.844,1620,25094.26
2025-11-16 15:37:28.844,1621,25773.33
2025-11-16 15:37:28.844,1622,28263.01
2025-11-16 15:37:28.844,1623,36579.68
2025-11-16 15:37:28.844,1624,155036.28
2025-11-16 15:37:28.844,1625,40693.86
2025-11-16 15:37:28.844,1626,550970.88
2025-11-16 15:37:28.844,1627,28083.96
2025-11-16 15:37:28.844,1628,45754.95
2025-11-16 15:37:28.844,1629,880309.75
2025-11-16 15:37:28.844,1630,57577.48
2025-11-16 15:37:28.844,1631,57577.48
2025-11-16 15:37:28.844,1632,25185.35
2025-11-16 15:37:28.844,1633,25124.57
2025-11-16 15:37:28.844,1634,24237.42
2025-11-16 15:37:28.844,1635,22880.64
2025-11-16 15:37:28.844,1636,23642.52
2025-11-16 15:37:28.844,1637,23586.93
2025-11-16 15:37:28.844,1638,23923.21
2025-11-16 15:37:28.844,1639,24151.15
2025-11-16 15:37:28.844,1640,23923.21
2025-11-16 15:37:28.844,1641,23866.7
2025-11-16 15:37:28.844,1642,24122.49
2025-11-16 15:37:28.844,1643,23923.21
2025-11-16 15:37:28.844,1644,23923.21
2025-11-16 15:37:28.844,1645,24036.8
2025-11-16 15:37:28.844,1646,24853.65
2025-11-16 15:37:28.844,1647,23810.38
2025-11-16 15:37:28.844,1648,25710.52
2025-11-16 15:37:28.844,1649,22460.52
2025-11-16 15:37:28.844,1650,22486.47
2025-11-16 15:37:28.844,1651,24208.61
2025-11-16 15:37:28.844,1652,25963.11
2025-11-16 15:37:28.844,1653,26154.89
2025-11-16 15:37:28.844,1654,24498.84
2025-11-16 15:37:28.844,1655,26610.43
2025-11-16 15:37:28.844,1656,24151.15
2025-11-16 15:37:28.844,1657,22050.96
2025-11-16 15:37:28.844,1658,27977.33
2025-11-16 15:37:28.844,1659,25033.8
2025-11-16 15:37:28.844,1660,19132.14
2025-11-16 15:37:28.844,1661,24208.61
2025-11-16 15:37:28.844,1662,19028.03
2025-11-16 15:37:28.844,1663,26187.06
2025-11-16 15:37:28.844,1664,49845.72
2025-11-16 15:37:28.844,1665,19237.01
2025-11-16 15:37:28.844,1666,26348.73
2025-11-16 15:37:28.844,1667,26154.89
2025-11-16 15:37:28.844,1668,17949.02
2025-11-16 15:37:28.844,1669,20510.75
2025-11-16 15:37:28.844,1670,24973.54
2025-11-16 15:37:28.844,1671,31971.61
2025-11-16 15:37:28.844,1672,139911.63
2025-11-16 15:37:28.844,1673,37172.92
2025-11-16 15:37:28.844,1674,942433.13
2025-11-16 15:37:28.844,1675,25033.8
2025-11-16 15:37:28.844,1676,38811.68
2025-11-16 15:37:28.844,1677,965113.19
2025-11-16 15:37:28.844,1678,51841.71
2025-11-16 15:37:28.844,1679,51841.71
2025-11-16 15:37:28.844,1680,32855.06
2025-11-16 15:37:28.844,1681,32720.19
2025-11-16 15:37:28.844,1682,31628.31
2025-11-16 15:37:28.844,1683,29680.64
2025-11-16 15:37:28.844,1684,30876.0
2025-11-16 15:37:28.844,1685,31290.57
2025-11-16 15:37:28.844,1686,31374.49
2025-11-16 15:37:28.844,1687,31458.76
2025-11-16 15:37:28.844,1688,31501.02
2025-11-16 15:37:28.844,1689,31290.57
2025-11-16 15:37:28.844,1690,31543.36
2025-11-16 15:37:28.844,1691,31543.36
2025-11-16 15:37:28.844,1692,31543.36
2025-11-16 15:37:28.844,1693,31290.57
2025-11-16 15:37:28.844,1694,32675.42
2025-11-16 15:37:28.844,1695,31585.79
2025-11-16 15:37:28.844,1696,33682.49
2025-11-16 15:37:28.844,1697,28263.01
2025-11-16 15:37:28.844,1698,30229.68
2025-11-16 15:37:28.844,1699,30876.0
2025-11-16 15:37:28.844,1700,33310.84
2025-11-16 15:37:28.844,1701,34252.03
2025-11-16 15:37:28.844,1702,31543.36
2025-11-16 15:37:28.844,1703,34060.55
2025-11-16 15:37:28.844,1704,30876.0
2025-11-16 15:37:28.844,1705,29221.78
2025-11-16 15:37:28.844,1706,36157.48
2025-11-16 15:37:28.844,1707,32541.67
2025-11-16 15:37:28.844,1708,29297.52
2025-11-16 15:37:28.844,1709,32408.75
2025-11-16 15:37:28.844,1710,28921.71
2025-11-16 15:37:28.844,1711,34156.08
2025-11-16 15:37:28.844,1712,60132.29
2025-11-16 15:37:28.844,1713,29221.78
2025-11-16 15:37:28.844,1714,35034.87
2025-11-16 15:37:28.844,1715,34542.39
2025-11-16 15:37:28.844,1716,27349.84
2025-11-16 15:37:28.844,1717,29184.02
2025-11-16 15:37:28.844,1718,33588.98
2025-11-16 15:37:28.844,1719,42455.23
2025-11-16 15:37:28.844,1720,178630.77
2025-11-16 15:37:28.844,1721,48725.57
2025-11-16 15:37:28.844,1722,483368.97
2025-11-16 15:37:28.844,1723,33036.22
2025-11-16 15:37:28.844,1724,49496.55
2025-11-16 15:37:28.844,1725,793012.25
2025-11-16 15:37:28.844,1726,65867.58
2025-11-16 15:37:28.844,1727,65867.58
2025-11-16 15:37:28.844,1728,26154.89
2025-11-16 15:37:28.844,1729,25963.11
2025-11-16 15:37:28.844,1730,25094.26
2025-11-16 15:37:28.844,1731,24093.88
2025-11-16 15:37:28.844,1732,24645.8
2025-11-16 15:37:28.844,1733,24704.93
2025-11-16 15:37:28.844,1734,24704.93
2025-11-16 15:37:28.844,1735,24883.55
2025-11-16 15:37:28.844,1736,24823.81
2025-11-16 15:37:28.844,1737,24734.57
2025-11-16 15:37:28.844,1738,24704.93
2025-11-16 15:37:28.844,1739,24734.57
2025-11-16 15:37:28.844,1740,24764.27
2025-11-16 15:37:28.844,1741,24734.57
2025-11-16 15:37:28.844,1742,25246.33
2025-11-16 15:37:28.844,1743,24883.55
2025-11-16 15:37:28.844,1744,26544.65
2025-11-16 15:37:28.844,1745,22357.16
2025-11-16 15:37:28.844,1746,22408.76
2025-11-16 15:37:28.844,1747,24036.8
2025-11-16 15:37:28.844,1748,26842.51
2025-11-16 15:37:28.844,1749,27111.36
2025-11-16 15:37:28.844,1750,25523.39
2025-11-16 15:37:28.844,1751,27281.39
2025-11-16 15:37:28.844,1752,25185.35
2025-11-16 15:37:28.844,1753,22486.47
2025-11-16 15:37:28.844,1754,29184.02
2025-11-16 15:37:28.844,1755,26219.28
2025-11-16 15:37:28.844,1756,21455.57
2025-11-16 15:37:28.844,1757,24616.31
2025-11-16 15:37:28.844,1758,20881.81
2025-11-16 15:37:28.844,1759,27315.59
2025-11-16 15:37:28.844,1760,51841.71
2025-11-16 15:37:28.844,1761,22616.81
2025-11-16 15:37:28.844,1762,27695.87
2025-11-16 15:37:28.844,1763,27349.84
2025-11-16 15:37:28.844,1764,21455.57
2025-11-16 15:37:28.844,1765,21406.95
2025-11-16 15:37:28.844,1766,25773.33
2025-11-16 15:37:28.844,1767,34156.08
2025-11-16 15:37:28.844,1768,144441.03
2025-11-16 15:37:28.844,1769,39403.42
2025-11-16 15:37:28.844,1770,942433.13
2025-11-16 15:37:28.844,1771,26610.43
2025-11-16 15:37:28.844,1772,40883.72
2025-11-16 15:37:28.844,1773,900097.25
2025-11-16 15:37:28.844,1774,55621.39
2025-11-16 15:37:28.844,1775,55621.39
2025-11-16 15:37:28.844,1776,25154.93
2025-11-16 15:37:28.844,1777,25710.52
2025-11-16 15:37:28.844,1778,24498.84
2025-11-16 15:37:28.844,1779,23339.05
2025-11-16 15:37:28.844,1780,23754.24
2025-11-16 15:37:28.844,1781,24036.8
2025-11-16 15:37:28.844,1782,23866.7
2025-11-16 15:37:28.844,1783,24266.27
2025-11-16 15:37:28.844,1784,24036.8
2025-11-16 15:37:28.844,1785,24065.32
2025-11-16 15:37:28.844,1786,24122.49
2025-11-16 15:37:28.844,1787,24151.15
2025-11-16 15:37:28.844,1788,24036.8
2025-11-16 15:37:28.844,1789,24122.49
2025-11-16 15:37:28.844,1790,25523.39
2025-11-16 15:37:28.844,1791,24353.12
2025-11-16 15:37:28.844,1792,26154.89
2025-11-16 15:37:28.844,1793,22305.72
2025-11-16 15:37:28.844,1794,21651.57
2025-11-16 15:37:28.844,1795,23866.7
2025-11-16 15:37:28.844,1796,26090.74
2025-11-16 15:37:28.844,1797,26090.74
2025-11-16 15:37:28.844,1798,24237.42
2025-11-16 15:37:28.844,1799,26219.28
2025-11-16 15:37:28.844,1800,24208.61
2025-11-16 15:37:28.844,1801,21900.02
2025-11-16 15:37:28.844,1802,28480.09
2025-11-16 15:37:28.844,1803,24853.65
2025-11-16 15:37:28.844,1804,21310.15
2025-11-16 15:37:28.844,1805,24616.31
2025-11-16 15:37:28.844,1806,21118.33
2025-11-16 15:37:28.844,1807,26187.06
2025-11-16 15:37:28.844,1808,51841.71
2025-11-16 15:37:28.844,1809,21725.7
2025-11-16 15:37:28.844,1810,26676.44
2025-11-16 15:37:28.844,1811,26479.11
2025-11-16 15:37:28.844,1812,20464.99
2025-11-16 15:37:28.844,1813,19048.79
2025-11-16 15:37:28.844,1814,25523.39
2025-11-16 15:37:28.844,1815,32855.06
2025-11-16 15:37:28.844,1816,141578.7
2025-11-16 15:37:28.844,1817,37781.43
2025-11-16 15:37:28.844,1818,861364.44
2025-11-16 15:37:28.844,1819,25647.93
2025-11-16 15:37:28.844,1820,39765.37
2025-11-16 15:37:28.844,1821,942433.13
2025-11-16 15:37:28.844,1822,52029.78
2025-11-16 15:37:28.844,1823,52029.78
2025-11-16 15:37:28.844,1824,33081.75
2025-11-16 15:37:28.844,1825,33036.22
2025-11-16 15:37:28.844,1826,31543.36
2025-11-16 15:37:28.844,1827,30631.22
2025-11-16 15:37:28.844,1828,31040.83
2025-11-16 15:37:28.844,1829,31501.02
2025-11-16 15:37:28.844,1830,30753.24
2025-11-16 15:37:28.844,1831,31501.02
2025-11-16 15:37:28.844,1832,31374.49
2025-11-16 15:37:28.844,1833,31290.57
2025-11-16 15:37:28.844,1834,31290.57
2025-11-16 15:37:28.844,1835,31501.02
2025-11-16 15:37:28.844,1836,31206.99
2025-11-16 15:37:28.844,1837,31248.74
2025-11-16 15:37:28.844,1838,32586.16
2025-11-16 15:37:28.844,1839,31458.76
2025-11-16 15:37:28.844,1840,33729.39
2025-11-16 15:37:28.844,1841,28699.64
2025-11-16 15:37:28.844,1842,28810.36
2025-11-16 15:37:28.844,1843,31458.76
2025-11-16 15:37:28.844,1844,34156.08
2025-11-16 15:37:28.844,1845,34204.0
2025-11-16 15:37:28.844,1846,32320.6
2025-11-16 15:37:28.844,1847,34348.4
2025-11-16 15:37:28.844,1848,31290.57
2025-11-16 15:37:28.844,1849,28773.39
2025-11-16 15:37:28.844,1850,36473.41
2025-11-16 15:37:28.844,1851,33036.22
2025-11-16 15:37:28.844,1852,29449.88
2025-11-16 15:37:28.844,1853,31885.26
2025-11-16 15:37:28.844,1854,27556.69
2025-11-16 15:37:28.844,1855,34156.08
2025-11-16 15:37:28.844,1856,59892.09
2025-11-16 15:37:28.844,1857,29526.5
2025-11-16 15:37:28.844,1858,34689.0
2025-11-16 15:37:28.844,1859,34252.03
2025-11-16 15:37:28.844,1860,29449.88
2025-11-16 15:37:28.844,1861,29449.88
2025-11-16 15:37:28.844,1862,32990.79
2025-11-16 15:37:28.844,1863,42320.58
2025-11-16 15:37:28.844,1864,173552.13
2025-11-16 15:37:28.844,1865,47565.14
2025-11-16 15:37:28.844,1866,861364.44
2025-11-16 15:37:28.844,1867,33588.98
2025-11-16 15:37:28.844,1868,47001.92
2025-11-16 15:37:28.844,1869,988899.38
2025-11-16 15:37:28.844,1870,65586.65
2025-11-16 15:37:28.844,1871,65586.65
2025-11-16 15:37:28.844,1872,27349.84
2025-11-16 15:37:28.844,1873,27626.15
2025-11-16 15:37:28.844,1874,26709.53
2025-11-16 15:37:28.844,1875,25836.37
2025-11-16 15:37:28.844,1876,26026.81
2025-11-16 15:37:28.844,1877,26283.89
2025-11-16 15:37:28.844,1878,26283.89
2025-11-16 15:37:28.844,1879,26544.65
2025-11-16 15:37:28.844,1880,26577.51
2025-11-16 15:37:28.844,1881,25899.63
2025-11-16 15:37:28.844,1882,26381.24
2025-11-16 15:37:28.844,1883,26348.73
2025-11-16 15:37:28.844,1884,26154.89
2025-11-16 15:37:28.844,1885,26154.89
2025-11-16 15:37:28.844,1886,27349.84
2025-11-16 15:37:28.844,1887,26610.43
2025-11-16 15:37:28.844,1888,28516.51
2025-11-16 15:37:28.844,1889,24179.86
2025-11-16 15:37:28.844,1890,23421.27
2025-11-16 15:37:28.844,1891,26348.73
2025-11-16 15:37:28.844,1892,28699.64
2025-11-16 15:37:28.844,1893,28553.0
2025-11-16 15:37:28.844,1894,27247.26
2025-11-16 15:37:28.844,1895,28662.88
2025-11-16 15:37:28.844,1896,26610.43
2025-11-16 15:37:28.844,1897,22408.76
2025-11-16 15:37:28.844,1898,30958.25
2025-11-16 15:37:28.844,1899,27836.08
2025-11-16 15:37:28.844,1900,23866.7
2025-11-16 15:37:28.844,1901,26742.69
2025-11-16 15:37:28.844,1902,21213.94
2025-11-16 15:37:28.844,1903,28996.3
2025-11-16 15:37:28.844,1904,52697.09
2025-11-16 15:37:28.844,1905,24324.12
2025-11-16 15:37:28.844,1906,29297.52
2025-11-16 15:37:28.844,1907,29221.78
2025-11-16 15:37:28.844,1908,23866.7
2025-11-16 15:37:28.844,1909,23810.38
2025-11-16 15:37:28.844,1910,27145.25
2025-11-16 15:37:28.844,1911,36053.13
2025-11-16 15:37:28.844,1912,153062.25
2025-11-16 15:37:28.844,1913,41267.73
2025-11-16 15:37:28.844,1914,942433.13
2025-11-16 15:37:28.844,1915,28299.01
2025-11-16 15:37:28.844,1916,41986.96
2025-11-16 15:37:28.844,1917,861364.44
2025-11-16 15:37:28.844,1918,56693.92
2025-11-16 15:37:28.844,1919,56693.92
2025-11-16 15:37:28.844,1920,942433.13
2025-11-16 15:37:28.844,1921,942433.13
2025-11-16 15:37:28.844,1922,900097.25
2025-11-16 15:37:28.844,1923,900097.25
2025-11-16 15:37:28.844,1924,900097.25
2025-11-16 15:37:28.844,1925,900097.25
2025-11-16 15:37:28.844,1926,900097.25
2025-11-16 15:37:28.844,1927,900097.25
2025-11-16 15:37:28.844,1928,900097.25
2025-11-16 15:37:28.844,1929,900097.25
2025-11-16 15:37:28.844,1930,900097.25
2025-11-16 15:37:28.844,1931,900097.25
2025-11-16 15:37:28.844,1932,900097.25
2025-11-16 15:37:28.844,1933,900097.25
2025-11-16 15:37:28.844,1934,900097.25
2025-11-16 15:37:28.844,1935,900097.25
2025-11-16 15:37:28.844,1936,900097.25
2025-11-16 15:37:28.844,1937,900097.25
2025-11-16 15:37:28.844,1938,900097.25
2025-11-16 15:37:28.844,1939,900097.25
2025-11-16 15:37:28.844,1940,942433.13
2025-11-16 15:37:28.844,1941,988899.38
2025-11-16 15:37:28.844,1942,988899.38
2025-11-16 15:37:28.844,1943,988899.38
2025-11-16 15:37:28.844,1944,861364.44
2025-11-16 15:37:28.844,1945,684112.31
2025-11-16 15:37:28.844,1946,942433.13
2025-11-16 15:37:28.844,1947,988899.38
2025-11-16 15:37:28.844,1948,809075.0
2025-11-16 15:37:28.844,1949,734602.25
2025-11-16 15:37:28.844,1950,762705.19
2025-11-16 15:37:28.844,1951,988899.38
2025-11-16 15:37:28.844,1952,988899.38
2025-11-16 15:37:28.844,1953,721303.56
2025-11-16 15:37:28.844,1954,861364.44
2025-11-16 15:37:28.844,1955,965113.19
2025-11-16 15:37:28.844,1956,861364.44
2025-11-16 15:37:28.844,1957,920784.13
2025-11-16 15:37:28.844,1958,793012.25
2025-11-16 15:37:28.844,1959,861364.44
2025-11-16 15:37:28.844,1960,942433.13
2025-11-16 15:37:28.844,1961,942433.13
2025-11-16 15:37:28.844,1962,900097.25
2025-11-16 15:37:28.844,1963,900097.25
2025-11-16 15:37:28.844,1964,583498.19
2025-11-16 15:37:28.844,1965,31756.39
2025-11-16 15:37:28.844,1966,31756.39
2025-11-16 15:37:28.844,1967,31756.39
2025-11-16 15:37:28.844,1968,31756.39
2025-11-16 15:37:28.844,1969,32675.42
2025-11-16 15:37:28.844,1970,31501.02
2025-11-16 15:37:28.844,1971,29449.88
2025-11-16 15:37:28.844,1972,31040.83
2025-11-16 15:37:28.844,1973,31040.83
2025-11-16 15:37:28.844,1974,30917.09
2025-11-16 15:37:28.844,1975,31290.57
2025-11-16 15:37:28.844,1976,30958.25
2025-11-16 15:37:28.844,1977,30999.5
2025-11-16 15:37:28.844,1978,31040.83
2025-11-16 15:37:28.844,1979,31290.57
2025-11-16 15:37:28.844,1980,30999.5
2025-11-16 15:37:28.844,1981,31374.49
2025-11-16 15:37:28.844,1982,32541.67
2025-11-16 15:37:28.844,1983,31458.76
2025-11-16 15:37:28.844,1984,33495.87
2025-11-16 15:37:28.844,1985,28773.39
2025-11-16 15:37:28.844,1986,28553.0
2025-11-16 15:37:28.844,1987,31458.76
2025-11-16 15:37:28.844,1988,33635.68
2025-11-16 15:37:28.844,1989,33870.7
2025-11-16 15:37:28.844,1990,31885.26
2025-11-16 15:37:28.844,1991,33870.7
2025-11-16 15:37:28.844,1992,30550.28
2025-11-16 15:37:28.844,1993,28191.18
2025-11-16 15:37:28.844,1994,35845.82
2025-11-16 15:37:28.844,1995,33036.22
2025-11-16 15:37:28.844,1996,29108.72
2025-11-16 15:37:28.844,1997,32014.92
2025-11-16 15:37:28.844,1998,26283.89
2025-11-16 15:37:28.844,1999,33588.98
2025-11-16 15:37:28.844,2000,56368.51
2025-11-16 15:37:28.844,2001,28299.01
2025-11-16 15:37:28.844,2002,34542.39
2025-11-16 15:37:28.844,2003,33870.7
2025-11-16 15:37:28.844,2004,28371.24
2025-11-16 15:37:28.844,2005,27906.57
2025-11-16 15:37:28.844,2006,32586.16
2025-11-16 15:37:28.844,2007,41526.96
2025-11-16 15:37:28.844,2008,176906.95
2025-11-16 15:37:28.844,2009,48139.58
2025-11-16 15:37:28.844,2010,403612.41
2025-11-16 15:37:28.844,2011,33310.84
2025-11-16 15:37:28.844,2012,45754.95
2025-11-16 15:37:28.844,2013,942433.13
2025-11-16 15:37:28.844,2014,62499.11
2025-11-16 15:37:28.844,2015,62499.11
2025-11-16 15:37:28.844,2016,708471.5
2025-11-16 15:37:28.844,2017,558763.94
2025-11-16 15:37:28.844,2018,583498.19
2025-11-16 15:37:28.844,2019,583498.19
2025-11-16 15:37:28.844,2020,721303.56
2025-11-16 15:37:28.844,2021,734602.25
2025-11-16 15:37:28.844,2022,734602.25
2025-11-16 15:37:28.844,2023,942433.13
2025-11-16 15:37:28.844,2024,583498.19
2025-11-16 15:37:28.844,2025,861364.44
2025-11-16 15:37:28.844,2026,965113.19
2025-11-16 15:37:28.844,2027,793012.25
2025-11-16 15:37:28.844,2028,793012.25
2025-11-16 15:37:28.844,2029,762705.19
2025-11-16 15:37:28.844,2030,793012.25
2025-11-16 15:37:28.844,2031,942433.13
2025-11-16 15:37:28.844,2032,777567.38
2025-11-16 15:37:28.844,2033,777567.38
2025-11-16 15:37:28.844,2034,748393.56
2025-11-16 15:37:28.844,2035,777567.38
2025-11-16 15:37:28.844,2036,734602.25
2025-11-16 15:37:28.844,2037,942433.13
2025-11-16 15:37:28.844,2038,880309.75
2025-11-16 15:37:28.844,2039,920784.13
2025-11-16 15:37:28.844,2040,734602.25
2025-11-16 15:37:28.844,2041,661350.38
2025-11-16 15:37:28.844,2042,920784.13
2025-11-16 15:37:28.844,2043,793012.25
2025-11-16 15:37:28.844,2044,672541.69
2025-11-16 15:37:28.844,2045,601218.31
2025-11-16 15:37:28.844,2046,721303.56
2025-11-16 15:37:28.844,2047,900097.25
2025-11-16 15:37:28.844,2048,942433.13
2025-11-16 15:37:28.844,2049,661350.38
2025-11-16 15:37:28.844,2050,861364.44
2025-11-16 15:37:28.844,2051,942433.13
2025-11-16 15:37:28.844,2052,861364.44
2025-11-16 15:37:28.844,2053,748393.56
2025-11-16 15:37:28.844,2054,861364.44
2025-11-16 15:37:28.844,2055,965113.19
2025-11-16 15:37:28.844,2056,988899.38
2025-11-16 15:37:28.844,2057,988899.38
2025-11-16 15:37:28.844,2058,942433.13
2025-11-16 15:37:28.844,2059,942433.13
2025-11-16 15:37:28.844,2060,489387.19
2025-11-16 15:37:28.844,2061,27315.59
2025-11-16 15:37:28.844,2062,27315.59
2025-11-16 15:37:28.844,2063,27315.59
2025-11-16 15:37:28.844,2064,27315.59
2025-11-16 15:37:28.844,2065,27626.15
2025-11-16 15:37:28.844,2066,26316.28
2025-11-16 15:37:28.844,2067,24764.27
2025-11-16 15:37:28.844,2068,25804.82
2025-11-16 15:37:28.844,2069,25963.11
2025-11-16 15:37:28.844,2070,25931.34
2025-11-16 15:37:28.844,2071,26219.28
2025-11-16 15:37:28.844,2072,26154.89
2025-11-16 15:37:28.844,2073,26348.73
2025-11-16 15:37:28.844,2074,26809.18
2025-11-16 15:37:28.844,2075,26544.65
2025-11-16 15:37:28.844,2076,25836.37
2025-11-16 15:37:28.844,2077,26544.65
2025-11-16 15:37:28.844,2078,27213.2
2025-11-16 15:37:28.844,2079,26283.89
2025-11-16 15:37:28.844,2080,27906.57
2025-11-16 15:37:28.844,2081,20533.68
2025-11-16 15:37:28.844,2082,24266.27
2025-11-16 15:37:28.844,2083,24973.54
2025-11-16 15:37:28.844,2084,28884.52
2025-11-16 15:37:28.844,2085,28996.3
2025-11-16 15:37:28.844,2086,27281.39
2025-11-16 15:37:28.844,2087,29221.78
2025-11-16 15:37:28.844,2088,26875.9
2025-11-16 15:37:28.844,2089,25804.82
2025-11-16 15:37:28.844,2090,31756.39
2025-11-16 15:37:28.844,2091,28553.0
2025-11-16 15:37:28.844,2092,26219.28
2025-11-16 15:37:28.844,2093,28119.63
2025-11-16 15:37:28.844,2094,25461.45
2025-11-16 15:37:28.844,2095,29071.17
2025-11-16 15:37:28.844,2096,57802.03
2025-11-16 15:37:28.844,2097,26026.81
2025-11-16 15:37:28.844,2098,30031.86
2025-11-16 15:37:28.844,2099,29449.88
2025-11-16 15:37:28.844,2100,25804.82
2025-11-16 15:37:28.844,2101,26026.81
2025-11-16 15:37:28.844,2102,29449.88
2025-11-16 15:37:28.844,2103,36901.41
2025-11-16 15:37:28.844,2104,154372.98
2025-11-16 15:37:28.844,2105,41267.73
2025-11-16 15:37:28.844,2106,412143.03
2025-11-16 15:37:28.844,2107,28263.01
2025-11-16 15:37:28.844,2108,43983.32
2025-11-16 15:37:28.844,2109,920784.13
2025-11-16 15:37:28.844,2110,57577.48
2025-11-16 15:37:28.844,2111,57577.48
2025-11-16 15:37:28.844,2112,455329.53
2025-11-16 15:37:28.844,2113,439984.91
2025-11-16 15:37:28.844,2114,536008.31
2025-11-16 15:37:28.844,2115,455329.53
2025-11-16 15:37:28.844,2116,450099.75
2025-11-16 15:37:28.844,2117,536008.31
2025-11-16 15:37:28.844,2118,495554.03
2025-11-16 15:37:28.844,2119,495554.03
2025-11-16 15:37:28.844,2120,430305.09
2025-11-16 15:37:28.844,2121,403612.41
2025-11-16 15:37:28.844,2122,483368.97
2025-11-16 15:37:28.844,2123,495554.03
2025-11-16 15:37:28.844,2124,483368.97
2025-11-16 15:37:28.844,2125,460679.59
2025-11-16 15:37:28.844,2126,508356.06
2025-11-16 15:37:28.844,2127,460679.59
2025-11-16 15:37:28.844,2128,521823.06
2025-11-16 15:37:28.844,2129,444986.13
2025-11-16 15:37:28.844,2130,477494.09
2025-11-16 15:37:28.844,2131,483368.97
2025-11-16 15:37:28.844,2132,536008.31
2025-11-16 15:37:28.844,2133,471757.34
2025-11-16 15:37:28.844,2134,528822.38
2025-11-16 15:37:28.844,2135,483368.97
2025-11-16 15:37:28.844,2136,483368.97
2025-11-16 15:37:28.844,2137,471757.34
2025-11-16 15:37:28.844,2138,521823.06
2025-11-16 15:37:28.844,2139,495554.03
2025-11-16 15:37:28.844,2140,450099.75
2025-11-16 15:37:28.844,2141,455329.53
2025-11-16 15:37:28.844,2142,471757.34
2025-11-16 15:37:28.844,2143,536008.31
2025-11-16 15:37:28.844,2144,336993.63
2025-11-16 15:37:28.844,2145,483368.97
2025-11-16 15:37:28.844,2146,471757.34
2025-11-16 15:37:28.844,2147,460679.59
2025-11-16 15:37:28.844,2148,362238.63
2025-11-16 15:37:28.844,2149,421032.91
2025-11-16 15:37:28.844,2150,444986.13
2025-11-16 15:37:28.844,2151,521823.06
2025-11-16 15:37:28.844,2152,550970.88
2025-11-16 15:37:28.844,2153,550970.88
2025-11-16 15:37:28.844,2154,379970.25
2025-11-16 15:37:28.844,2155,379970.25
2025-11-16 15:37:28.844,2156,77396.36
2025-11-16 15:37:28.844,2157,489387.19
2025-11-16 15:37:28.844,2158,489387.19
2025-11-16 15:37:28.844,2159,489387.19
2025-11-16 15:37:28.844,2160,708471.5
2025-11-16 15:37:28.844,2161,550970.88
2025-11-16 15:37:28.844,2162,592227.94
2025-11-16 15:37:28.844,2163,583498.19
2025-11-16 15:37:28.844,2164,583498.19
2025-11-16 15:37:28.844,2165,610481.06
2025-11-16 15:37:28.844,2166,536008.31
2025-11-16 15:37:28.844,2167,583498.19
2025-11-16 15:37:28.844,2168,684112.31
2025-11-16 15:37:28.844,2169,583498.19
2025-11-16 15:37:28.844,2170,748393.56
2025-11-16 15:37:28.844,2171,748393.56
2025-11-16 15:37:28.844,2172,762705.19
2025-11-16 15:37:28.844,2173,592227.94
2025-11-16 15:37:28.844,2174,734602.25
2025-11-16 15:37:28.844,2175,640033.69
2025-11-16 15:37:28.844,2176,793012.25
2025-11-16 15:37:28.844,2177,696081.88
2025-11-16 15:37:28.844,2178,721303.56
2025-11-16 15:37:28.844,2179,640033.69
2025-11-16 15:37:28.844,2180,640033.69
2025-11-16 15:37:28.844,2181,721303.56
2025-11-16 15:37:28.844,2182,809075.0
2025-11-16 15:37:28.844,2183,762705.19
2025-11-16 15:37:28.844,2184,583498.19
2025-11-16 15:37:28.844,2185,762705.19
2025-11-16 15:37:28.844,2186,734602.25
2025-11-16 15:37:28.844,2187,809075.0
2025-11-16 15:37:28.844,2188,696081.88
2025-11-16 15:37:28.844,2189,734602.25
2025-11-16 15:37:28.844,2190,762705.19
2025-11-16 15:37:28.844,2191,861364.44
2025-11-16 15:37:28.844,2192,566776.38
2025-11-16 15:37:28.844,2193,777567.38
2025-11-16 15:37:28.844,2194,861364.44
2025-11-16 15:37:28.844,2195,920784.13
2025-11-16 15:37:28.844,2196,793012.25
2025-11-16 15:37:28.844,2197,762705.19
2025-11-16 15:37:28.844,2198,777567.38
2025-11-16 15:37:28.844,2199,793012.25
2025-11-16 15:37:28.844,2200,988899.38
2025-11-16 15:37:28.844,2201,988899.38
2025-11-16 15:37:28.844,2202,880309.75
2025-11-16 15:37:28.844,2203,880309.75
2025-11-16 15:37:28.844,2204,153062.25
2025-11-16 15:37:28.844,2205,988899.38
2025-11-16 15:37:28.844,2206,988899.38
2025-11-16 15:37:28.844,2207,988899.38
2025-11-16 15:37:28.844,2208,291051.47
2025-11-16 15:37:28.844,2209,291051.47
2025-11-16 15:37:28.844,2210,291051.47
2025-11-16 15:37:28.844,2211,291051.47
2025-11-16 15:37:28.844,2212,291051.47
2025-11-16 15:37:28.844,2213,291051.47
2025-11-16 15:37:28.844,2214,291051.47
2025-11-16 15:37:28.844,2215,291051.47
2025-11-16 15:37:28.844,2216,291051.47
2025-11-16 15:37:28.844,2217,291051.47
2025-11-16 15:37:28.844,2218,291051.47
2025-11-16 15:37:28.844,2219,291051.47
2025-11-16 15:37:28.844,2220,291051.47
2025-11-16 15:37:28.844,2221,291051.47
2025-11-16 15:37:28.844,2222,291051.47
2025-11-16 15:37:28.844,2223,291051.47
2025-11-16 15:37:28.844,2224,291051.47
2025-11-16 15:37:28.844,2225,291051.47
2025-11-16 15:37:28.844,2226,291051.47
2025-11-16 15:37:28.844,2227,291051.47
2025-11-16 15:37:28.844,2228,291051.47
2025-11-16 15:37:28.844,2229,291051.47
2025-11-16 15:37:28.844,2230,291051.47
2025-11-16 15:37:28.844,2231,291051.47
2025-11-16 15:37:28.844,2232,291051.47
2025-11-16 15:37:28.844,2233,291051.47
2025-11-16 15:37:28.844,2234,291051.47
2025-11-16 15:37:28.844,2235,291051.47
2025-11-16 15:37:28.844,2236,291051.47
2025-11-16 15:37:28.844,2237,291051.47
2025-11-16 15:37:28.844,2238,291051.47
2025-11-16 15:37:28.844,2239,291051.47
2025-11-16 15:37:28.844,2240,291051.47
2025-11-16 15:37:28.844,2241,291051.47
2025-11-16 15:37:28.844,2242,291051.47
2025-11-16 15:37:28.844,2243,291051.47
2025-11-16 15:37:28.844,2244,291051.47
2025-11-16 15:37:28.844,2245,291051.47
2025-11-16 15:37:28.844,2246,291051.47
2025-11-16 15:37:28.844,2247,291051.47
2025-11-16 15:37:28.844,2248,291051.47
2025-11-16 15:37:28.844,2249,291051.47
2025-11-16 15:37:28.844,2250,291051.47
2025-11-16 15:37:28.844,2251,291051.47
2025-11-16 15:37:28.844,2252,291051.47
2025-11-16 15:37:28.844,2253,291051.47
2025-11-16 15:37:28.844,2254,291051.47
2025-11-16 15:37:28.844,2255,291051.47
2025-11-16 15:37:28.844,2256,291051.47
2025-11-16 15:37:28.844,2257,286686.59
2025-11-16 15:37:28.844,2258,268514.44
2025-11-16 15:37:28.844,2259,314954.38
2025-11-16 15:37:28.844,2260,317555.0
2025-11-16 15:37:28.844,2261,358884.03
2025-11-16 15:37:28.844,2262,325612.69
2025-11-16 15:37:28.844,2263,355589.28
2025-11-16 15:37:28.844,2264,295546.66
2025-11-16 15:37:28.844,2265,328387.41
2025-11-16 15:37:28.844,2266,346048.91
2025-11-16 15:37:28.844,2267,322883.13
2025-11-16 15:37:28.844,2268,328387.41
2025-11-16 15:37:28.844,2269,346048.91
2025-11-16 15:37:28.844,2270,355589.28
2025-11-16 15:37:28.844,2271,328387.41
2025-11-16 15:37:28.844,2272,365654.84
2025-11-16 15:37:28.844,2273,297844.91
2025-11-16 15:37:28.844,2274,297844.91
2025-11-16 15:37:28.844,2275,322883.13
2025-11-16 15:37:28.844,2276,383721.19
2025-11-16 15:37:28.844,2277,379970.25
2025-11-16 15:37:28.844,2278,336993.63
2025-11-16 15:37:28.844,2279,352352.88
2025-11-16 15:37:28.844,2280,328387.41
2025-11-16 15:37:28.844,2281,342978.47
2025-11-16 15:37:28.844,2282,320197.59
2025-11-16 15:37:28.844,2283,291051.47
2025-11-16 15:37:28.844,2284,293282.41
2025-11-16 15:37:28.844,2285,284551.28
2025-11-16 15:37:28.844,2286,270422.94
2025-11-16 15:37:28.844,2287,331208.34
2025-11-16 15:37:28.844,2288,226638.0
2025-11-16 15:37:28.844,2289,282446.44
2025-11-16 15:37:28.844,2290,300178.03
2025-11-16 15:37:28.844,2291,314954.38
2025-11-16 15:37:28.844,2292,242714.52
2025-11-16 15:37:28.844,2293,266631.75
2025-11-16 15:37:28.844,2294,331208.34
2025-11-16 15:37:28.844,2295,383721.19
2025-11-16 15:37:28.844,2296,988899.38
2025-11-16 15:37:28.844,2297,355589.28
2025-11-16 15:37:28.844,2298,312394.69
2025-11-16 15:37:28.844,2299,312394.69
2025-11-16 15:37:28.844,2300,54685.13
2025-11-16 15:37:28.844,2301,455329.53
2025-11-16 15:37:28.844,2302,455329.53
2025-11-16 15:37:28.844,2303,455329.53
2025-11-16 15:37:29.193,0,26283.89
2025-11-16 15:37:29.193,1,32720.19
2025-11-16 15:37:29.193,2,39403.42
2025-11-16 15:37:29.193,3,37950.12
2025-11-16 15:37:29.193,4,38578.92
2025-11-16 15:37:29.193,5,39403.42
2025-11-16 15:37:29.193,6,39523.48
2025-11-16 15:37:29.193,7,39887.21
2025-11-16 15:37:29.193,8,39704.69
2025-11-16 15:37:29.193,9,39283.93
2025-11-16 15:37:29.193,10,39826.22
2025-11-16 15:37:29.193,11,39704.69
2025-11-16 15:37:29.193,12,40194.41
2025-11-16 15:37:29.193,13,39343.6
2025-11-16 15:37:29.193,14,41397.01
2025-11-16 15:37:29.193,15,39644.14
2025-11-16 15:37:29.193,16,40505.41
2025-11-16 15:37:29.193,17,42320.58
2025-11-16 15:37:29.193,18,42726.61
2025-11-16 15:37:29.193,19,43347.59
2025-11-16 15:37:29.193,20,44707.67
2025-11-16 15:37:29.193,21,45907.83
2025-11-16 15:37:29.193,22,41267.73
2025-11-16 15:37:29.193,23,44854.87
2025-11-16 15:37:29.193,24,40820.27
2025-11-16 15:37:29.193,25,42186.62
2025-11-16 15:37:29.193,26,48139.58
2025-11-16 15:37:29.193,27,43769.74
2025-11-16 15:37:29.193,28,42726.61
2025-11-16 15:37:29.193,29,41920.75
2025-11-16 15:37:29.193,30,42455.23
2025-11-16 15:37:29.193,31,43840.75
2025-11-16 15:37:29.193,32,86936.61
2025-11-16 15:37:29.193,33,40442.9
2025-11-16 15:37:29.193,34,45226.35
2025-11-16 15:37:29.193,35,44126.66
2025-11-16 15:37:29.193,36,42455.23
2025-11-16 15:37:29.193,37,42863.36
2025-11-16 15:37:29.193,38,47322.41
2025-11-16 15:37:29.193,39,55833.13
2025-11-16 15:37:29.193,40,211280.41
2025-11-16 15:37:29.193,41,56912.64
2025-11-16 15:37:29.193,42,734602.25
2025-11-16 15:37:29.193,43,42186.62
2025-11-16 15:37:29.193,44,64347.73
2025-11-16 15:37:29.193,45,734602.25
2025-11-16 15:37:29.193,46,77023.94
2025-11-16 15:37:29.193,47,77023.94
2025-11-16 15:37:29.193,48,113621.23
2025-11-16 15:37:29.193,49,115905.77
2025-11-16 15:37:29.193,50,127324.66
2025-11-16 15:37:29.193,51,121579.19
2025-11-16 15:37:29.193,52,123295.2
2025-11-16 15:37:29.193,53,119495.26
2025-11-16 15:37:29.193,54,115134.95
2025-11-16 15:37:29.193,55,128253.38
2025-11-16 15:37:29.193,56,121579.19
2025-11-16 15:37:29.193,57,122431.63
2025-11-16 15:37:29.193,58,129670.22
2025-11-16 15:37:29.193,59,130148.98
2025-11-16 15:37:29.193,60,132097.22
2025-11-16 15:37:29.193,61,128722.46
2025-11-16 15:37:29.193,62,137745.05
2025-11-16 15:37:29.193,63,129670.22
2025-11-16 15:37:29.193,64,114753.04
2025-11-16 15:37:29.193,65,135640.13
2025-11-16 15:37:29.193,66,144441.03
2025-11-16 15:37:29.193,67,135123.23
2025-11-16 15:37:29.193,68,146210.88
2025-11-16 15:37:29.193,69,135640.13
2025-11-16 15:37:29.193,70,128722.46
2025-11-16 15:37:29.193,71,143283.25
2025-11-16 15:37:29.193,72,125056.52
2025-11-16 15:37:29.193,73,132592.78
2025-11-16 15:37:29.193,74,138820.45
2025-11-16 15:37:29.193,75,136685.03
2025-11-16 15:37:29.193,76,133594.3
2025-11-16 15:37:29.193,77,130631.02
2025-11-16 15:37:29.193,78,138820.45
2025-11-16 15:37:29.193,79,146210.88
2025-11-16 15:37:29.193,80,229407.17
2025-11-16 15:37:29.193,81,137745.05
2025-11-16 15:37:29.193,82,146809.88
2025-11-16 15:37:29.193,83,143859.97
2025-11-16 15:37:29.193,84,142142.66
2025-11-16 15:37:29.193,85,136685.03
2025-11-16 15:37:29.193,86,155036.28
2025-11-16 15:37:29.193,87,177764.91
2025-11-16 15:37:29.193,88,601218.31
2025-11-16 15:37:29.193,89,135123.23
2025-11-16 15:37:29.193,90,138820.45
2025-11-16 15:37:29.193,91,138820.45
2025-11-16 15:37:29.193,92,114753.04
2025-11-16 15:37:29.193,93,176906.95
2025-11-16 15:37:29.193,94,176906.95
2025-11-16 15:37:29.193,95,176906.95
2025-11-16 15:37:29.193,96,86025.24
2025-11-16 15:37:29.193,97,85352.86
2025-11-16 15:37:29.193,98,92531.65
2025-11-16 15:37:29.193,99,91512.71
2025-11-16 15:37:29.193,100,90513.82
2025-11-16 15:37:29.193,101,93571.2
2025-11-16 15:37:29.193,102,91512.71
2025-11-16 15:37:29.193,103,93048.8
2025-11-16 15:37:29.193,104,91010.8
2025-11-16 15:37:29.193,105,91512.71
2025-11-16 15:37:29.193,106,98234.78
2025-11-16 15:37:29.193,107,98522.22
2025-11-16 15:37:29.193,108,102094.18
2025-11-16 15:37:29.193,109,98522.22
2025-11-16 15:37:29.193,110,102712.45
2025-11-16 15:37:29.193,111,96820.16
2025-11-16 15:37:29.193,112,85352.86
2025-11-16 15:37:29.193,113,103969.71
2025-11-16 15:37:29.193,114,102402.48
2025-11-16 15:37:29.193,115,104288.4
2025-11-16 15:37:29.193,116,105581.22
2025-11-16 15:37:29.193,117,111418.03
2025-11-16 15:37:29.193,118,96820.16
2025-11-16 15:37:29.193,119,104931.19
2025-11-16 15:37:29.193,120,101482.63
2025-11-16 15:37:29.193,121,101482.63
2025-11-16 15:37:29.193,122,108599.64
2025-11-16 15:37:29.193,123,103024.17
2025-11-16 15:37:29.193,124,102094.18
2025-11-16 15:37:29.193,125,101787.58
2025-11-16 15:37:29.193,126,100279.32
2025-11-16 15:37:29.193,127,107238.9
2025-11-16 15:37:29.193,128,194675.0
2025-11-16 15:37:29.193,129,103024.17
2025-11-16 15:37:29.193,130,109992.31
2025-11-16 15:37:29.193,131,109992.31
2025-11-16 15:37:29.193,132,103024.17
2025-11-16 15:37:29.193,133,101482.63
2025-11-16 15:37:29.193,134,118276.26
2025-11-16 15:37:29.193,135,128722.46
2025-11-16 15:37:29.193,136,455329.53
2025-11-16 15:37:29.193,137,106570.16
2025-11-16 15:37:29.193,138,101787.58
2025-11-16 15:37:29.193,139,101787.58
2025-11-16 15:37:29.193,140,137745.05
2025-11-16 15:37:29.193,141,170315.53
2025-11-16 15:37:29.193,142,170315.53
2025-11-16 15:37:29.193,143,170315.53
2025-11-16 15:37:29.193,144,42794.9
2025-11-16 15:37:29.193,145,42455.23
2025-11-16 15:37:29.193,146,42658.5
2025-11-16 15:37:29.193,147,43698.91
2025-11-16 15:37:29.193,148,41986.96
2025-11-16 15:37:29.193,149,42320.58
2025-11-16 15:37:29.193,150,41920.75
2025-11-16 15:37:29.193,151,42320.58
2025-11-16 15:37:29.193,152,41461.9
2025-11-16 15:37:29.193,153,42455.23
2025-11-16 15:37:29.193,154,42387.82
2025-11-16 15:37:29.193,155,42455.23
2025-11-16 15:37:29.193,156,42455.23
2025-11-16 15:37:29.193,157,41986.96
2025-11-16 15:37:29.193,158,42590.57
2025-11-16 15:37:29.193,159,41526.96
2025-11-16 15:37:29.193,160,22987.37
2025-11-16 15:37:29.193,161,41461.9
2025-11-16 15:37:29.193,162,43487.57
2025-11-16 15:37:29.193,163,39224.4
2025-11-16 15:37:29.193,164,46138.74
2025-11-16 15:37:29.193,165,47001.92
2025-11-16 15:37:29.193,166,40505.41
2025-11-16 15:37:29.193,167,45907.83
2025-11-16 15:37:29.193,168,42320.58
2025-11-16 15:37:29.193,169,44343.09
2025-11-16 15:37:29.193,170,47081.7
2025-11-16 15:37:29.193,171,45602.89
2025-11-16 15:37:29.193,172,44561.25
2025-11-16 15:37:29.193,173,43698.91
2025-11-16 15:37:29.193,174,45077.16
2025-11-16 15:37:29.193,175,46606.3
2025-11-16 15:37:29.193,176,94364.8
2025-11-16 15:37:29.193,177,44415.61
2025-11-16 15:37:29.193,178,48980.34
2025-11-16 15:37:29.193,179,48139.58
2025-11-16 15:37:29.193,180,45602.89
2025-11-16 15:37:29.193,181,45301.25
2025-11-16 15:37:29.193,182,52029.78
2025-11-16 15:37:29.193,183,59653.54
2025-11-16 15:37:29.193,184,213700.14
2025-11-16 15:37:29.193,185,53378.87
2025-11-16 15:37:29.193,186,661350.38
2025-11-16 15:37:29.193,187,44561.25
2025-11-16 15:37:29.193,188,61860.94
2025-11-16 15:37:29.193,189,988899.38
2025-11-16 15:37:29.193,190,74328.61
2025-11-16 15:37:29.193,191,74328.61
2025-11-16 15:37:29.193,192,30999.5
2025-11-16 15:37:29.193,193,30389.34
2025-11-16 15:37:29.193,194,29297.52
2025-11-16 15:37:29.193,195,30189.96
2025-11-16 15:37:29.193,196,29184.02
2025-11-16 15:37:29.193,197,29411.68
2025-11-16 15:37:29.193,198,28662.88
2025-11-16 15:37:29.193,199,29449.88
2025-11-16 15:37:29.193,200,29221.78
2025-11-16 15:37:29.193,201,28921.71
2025-11-16 15:37:29.193,202,28921.71
2025-11-16 15:37:29.193,203,28847.41
2025-11-16 15:37:29.193,204,28847.41
2025-11-16 15:37:29.193,205,29146.33
2025-11-16 15:37:29.193,206,30071.27
2025-11-16 15:37:29.193,207,29071.17
2025-11-16 15:37:29.193,208,18221.02
2025-11-16 15:37:29.193,209,29603.42
2025-11-16 15:37:29.193,210,29297.52
2025-11-16 15:37:29.193,211,22933.92
2025-11-16 15:37:29.193,212,32189.05
2025-11-16 15:37:29.193,213,32945.45
2025-11-16 15:37:29.193,214,26122.79
2025-11-16 15:37:29.193,215,31928.39
2025-11-16 15:37:29.193,216,30031.86
2025-11-16 15:37:29.193,217,30835.0
2025-11-16 15:37:29.193,218,33870.7
2025-11-16 15:37:29.193,219,31971.61
2025-11-16 15:37:29.193,220,31206.99
2025-11-16 15:37:29.193,221,30309.35
2025-11-16 15:37:29.193,222,30753.24
2025-11-16 15:37:29.193,223,32541.67
2025-11-16 15:37:29.193,224,68493.05
2025-11-16 15:37:29.193,225,31290.57
2025-11-16 15:37:29.193,226,34689.0
2025-11-16 15:37:29.193,227,33682.49
2025-11-16 15:37:29.193,228,32364.63
2025-11-16 15:37:29.193,229,31971.61
2025-11-16 15:37:29.193,230,36793.67
2025-11-16 15:37:29.193,231,43557.83
2025-11-16 15:37:29.193,232,164172.88
2025-11-16 15:37:29.193,233,40756.99
2025-11-16 15:37:29.193,234,942433.13
2025-11-16 15:37:29.193,235,32014.92
2025-11-16 15:37:29.193,236,51284.3
2025-11-16 15:37:29.193,237,762705.19
2025-11-16 15:37:29.193,238,59653.54
2025-11-16 15:37:29.193,239,59653.54
2025-11-16 15:37:29.193,240,19707.48
2025-11-16 15:37:29.193,241,19449.01
2025-11-16 15:37:29.193,242,19028.03
2025-11-16 15:37:29.193,243,19577.68
2025-11-16 15:37:29.193,244,18378.83
2025-11-16 15:37:29.193,245,18801.55
2025-11-16 15:37:29.193,246,18458.39
2025-11-16 15:37:29.193,247,18518.36
2025-11-16 15:37:29.193,248,18221.02
2025-11-16 15:37:29.193,249,18339.21
2025-11-16 15:37:29.193,250,18418.55
2025-11-16 15:37:29.193,251,18260.31
2025-11-16 15:37:29.193,252,18538.4
2025-11-16 15:37:29.193,253,18458.39
2025-11-16 15:37:29.193,254,19427.67
2025-11-16 15:37:29.193,255,18458.39
2025-11-16 15:37:29.193,256,18699.77
2025-11-16 15:37:29.193,257,20103.78
2025-11-16 15:37:29.193,258,19838.42
2025-11-16 15:37:29.193,259,19090.4
2025-11-16 15:37:29.193,260,21286.04
2025-11-16 15:37:29.193,261,21725.7
2025-11-16 15:37:29.193,262,19174.0
2025-11-16 15:37:29.193,263,21528.79
2025-11-16 15:37:29.193,264,19707.48
2025-11-16 15:37:29.193,265,20373.88
2025-11-16 15:37:29.193,266,23698.29
2025-11-16 15:37:29.193,267,21118.33
2025-11-16 15:37:29.193,268,20834.94
2025-11-16 15:37:29.193,269,20148.47
2025-11-16 15:37:29.193,270,20419.37
2025-11-16 15:37:29.193,271,21118.33
2025-11-16 15:37:29.193,272,48980.34
2025-11-16 15:37:29.193,273,20487.86
2025-11-16 15:37:29.193,274,22880.64
2025-11-16 15:37:29.193,275,22050.96
2025-11-16 15:37:29.193,276,20975.98
2025-11-16 15:37:29.193,277,21023.29
2025-11-16 15:37:29.193,278,24734.57
2025-11-16 15:37:29.193,279,29449.88
2025-11-16 15:37:29.193,280,114373.48
2025-11-16 15:37:29.193,281,29033.7
2025-11-16 15:37:29.193,282,550970.88
2025-11-16 15:37:29.193,283,20648.86
2025-11-16 15:37:29.193,284,37118.37
2025-11-16 15:37:29.193,285,900097.25
2025-11-16 15:37:29.193,286,42863.36
2025-11-16 15:37:29.193,287,42863.36
2025-11-16 15:37:29.193,288,16114.59
2025-11-16 15:37:29.193,289,16047.52
2025-11-16 15:37:29.193,290,15205.86
2025-11-16 15:37:29.193,291,15782.65
2025-11-16 15:37:29.193,292,14744.46
2025-11-16 15:37:29.193,293,14988.43
2025-11-16 15:37:29.193,294,14805.01
2025-11-16 15:37:29.193,295,14759.57
2025-11-16 15:37:29.193,296,14820.19
2025-11-16 15:37:29.193,297,14789.84
2025-11-16 15:37:29.193,298,14805.01
2025-11-16 15:37:29.193,299,14789.84
2025-11-16 15:37:29.193,300,14835.39
2025-11-16 15:37:29.193,301,14835.39
2025-11-16 15:37:29.193,302,15684.7
2025-11-16 15:37:29.193,303,14911.68
2025-11-16 15:37:29.193,304,17018.8
2025-11-16 15:37:29.193,305,16751.64
2025-11-16 15:37:29.193,306,16875.66
2025-11-16 15:37:29.193,307,17420.39
2025-11-16 15:37:29.193,308,17420.39
2025-11-16 15:37:29.193,309,18162.29
2025-11-16 15:37:29.193,310,15947.57
2025-11-16 15:37:29.193,311,17853.14
2025-11-16 15:37:29.193,312,15848.37
2025-11-16 15:37:29.193,313,16663.75
2025-11-16 15:37:29.193,314,19882.33
2025-11-16 15:37:29.193,315,17036.8
2025-11-16 15:37:29.193,316,16964.95
2025-11-16 15:37:29.193,317,16455.14
2025-11-16 15:37:29.193,318,16628.76
2025-11-16 15:37:29.193,319,17036.8
2025-11-16 15:37:29.193,320,41397.01
2025-11-16 15:37:29.193,321,16420.69
2025-11-16 15:37:29.193,322,18498.34
2025-11-16 15:37:29.193,323,17910.59
2025-11-16 15:37:29.193,324,16840.11
2025-11-16 15:37:29.193,325,17199.88
2025-11-16 15:37:29.193,326,20396.61
2025-11-16 15:37:29.193,327,24616.31
2025-11-16 15:37:29.193,328,97381.57
2025-11-16 15:37:29.193,329,25836.37
2025-11-16 15:37:29.193,330,421032.91
2025-11-16 15:37:29.193,331,16716.42
2025-11-16 15:37:29.193,332,32320.6
2025-11-16 15:37:29.193,333,696081.88
2025-11-16 15:37:29.193,334,35897.47
2025-11-16 15:37:29.193,335,35897.47
2025-11-16 15:37:29.193,336,14789.84
2025-11-16 15:37:29.193,337,14639.21
2025-11-16 15:37:29.193,338,13912.56
2025-11-16 15:37:29.193,339,14154.79
2025-11-16 15:37:29.193,340,13483.07
2025-11-16 15:37:29.193,341,13730.56
2025-11-16 15:37:29.193,342,13469.47
2025-11-16 15:37:29.193,343,13510.31
2025-11-16 15:37:29.193,344,13320.91
2025-11-16 15:37:29.193,345,13347.78
2025-11-16 15:37:29.193,346,13592.43
2025-11-16 15:37:29.193,347,13469.47
2025-11-16 15:37:29.193,348,13483.07
2025-11-16 15:37:29.193,349,13469.47
2025-11-16 15:37:29.193,350,14328.73
2025-11-16 15:37:29.193,351,13510.31
2025-11-16 15:37:29.193,352,15815.47
2025-11-16 15:37:29.193,353,15363.49
2025-11-16 15:37:29.193,354,15555.25
2025-11-16 15:37:29.193,355,15914.42
2025-11-16 15:37:29.193,356,15947.57
2025-11-16 15:37:29.193,357,16840.11
2025-11-16 15:37:29.193,358,14654.19
2025-11-16 15:37:29.193,359,16472.4
2025-11-16 15:37:29.193,360,14624.25
2025-11-16 15:37:29.193,361,15174.57
2025-11-16 15:37:29.193,362,18260.31
2025-11-16 15:37:29.193,363,15491.01
2025-11-16 15:37:29.193,364,15587.49
2025-11-16 15:37:29.193,365,14881.11
2025-11-16 15:37:29.193,366,15363.49
2025-11-16 15:37:29.193,367,15766.28
2025-11-16 15:37:29.193,368,39403.42
2025-11-16 15:37:29.193,369,15237.23
2025-11-16 15:37:29.193,370,17163.47
2025-11-16 15:37:29.193,371,16403.5
2025-11-16 15:37:29.193,372,15652.22
2025-11-16 15:37:29.193,373,15930.98
2025-11-16 15:37:29.193,374,18842.47
2025-11-16 15:37:29.193,375,23148.76
2025-11-16 15:37:29.193,376,93834.39
2025-11-16 15:37:29.193,377,24151.15
2025-11-16 15:37:29.193,378,395419.56
2025-11-16 15:37:29.193,379,15347.64
2025-11-16 15:37:29.193,380,30389.34
2025-11-16 15:37:29.193,381,661350.38
2025-11-16 15:37:29.193,382,34542.39
2025-11-16 15:37:29.193,383,34542.39
2025-11-16 15:37:29.193,384,14564.57
2025-11-16 15:37:29.193,385,14416.64
2025-11-16 15:37:29.193,386,13716.68
2025-11-16 15:37:29.193,387,14285.01
2025-11-16 15:37:29.193,388,13227.34
2025-11-16 15:37:29.193,389,13415.23
2025-11-16 15:37:29.193,390,13294.1
2025-11-16 15:37:29.193,391,13294.1
2025-11-16 15:37:29.193,392,13254.0
2025-11-16 15:37:29.193,393,13214.03
2025-11-16 15:37:29.193,394,13294.1
2025-11-16 15:37:29.193,395,13267.35
2025-11-16 15:37:29.193,396,13307.49
2025-11-16 15:37:29.193,397,13267.35
2025-11-16 15:37:29.193,398,14154.79
2025-11-16 15:37:29.193,399,13320.91
2025-11-16 15:37:29.193,400,15523.09
2025-11-16 15:37:29.193,401,15158.95
2025-11-16 15:37:29.193,402,14988.43
2025-11-16 15:37:29.193,403,15749.92
2025-11-16 15:37:29.193,404,15848.37
2025-11-16 15:37:29.193,405,16386.33
2025-11-16 15:37:29.193,406,14684.21
2025-11-16 15:37:29.193,407,16249.76
2025-11-16 15:37:29.193,408,14564.57
2025-11-16 15:37:29.193,409,15096.68
2025-11-16 15:37:29.193,410,18045.56
2025-11-16 15:37:29.193,411,15603.64
2025-11-16 15:37:29.193,412,15347.64
2025-11-16 15:37:29.193,413,14926.99
2025-11-16 15:37:29.193,414,15300.2
2025-11-16 15:37:29.193,415,15555.25
2025-11-16 15:37:29.193,416,38695.02
2025-11-16 15:37:29.193,417,15112.21
2025-11-16 15:37:29.193,418,16947.04
2025-11-16 15:37:29.193,419,16352.05
2025-11-16 15:37:29.193,420,15395.25
2025-11-16 15:37:29.193,421,15815.47
2025-11-16 15:37:29.193,422,18699.77
2025-11-16 15:37:29.193,423,22616.81
2025-11-16 15:37:29.193,424,92531.65
2025-11-16 15:37:29.193,425,23754.24
2025-11-16 15:37:29.193,426,395419.56
2025-11-16 15:37:29.193,427,15174.57
2025-11-16 15:37:29.193,428,30631.22
2025-11-16 15:37:29.193,429,661350.38
2025-11-16 15:37:29.193,430,34542.39
2025-11-16 15:37:29.193,431,34542.39
2025-11-16 15:37:29.193,432,14549.7
2025-11-16 15:37:29.193,433,14328.73
2025-11-16 15:37:29.193,434,13483.07
2025-11-16 15:37:29.193,435,14212.49
2025-11-16 15:37:29.193,436,13254.0
2025-11-16 15:37:29.193,437,13294.1
2025-11-16 15:37:29.193,438,13240.66
2025-11-16 15:37:29.193,439,13214.03
2025-11-16 15:37:29.193,440,13174.2
2025-11-16 15:37:29.193,441,13055.53
2025-11-16 15:37:29.193,442,13240.66
2025-11-16 15:37:29.193,443,13267.35
2025-11-16 15:37:29.193,444,13267.35
2025-11-16 15:37:29.193,445,13174.2
2025-11-16 15:37:29.193,446,13716.68
2025-11-16 15:37:29.193,447,13254.0
2025-11-16 15:37:29.193,448,15587.49
2025-11-16 15:37:29.193,449,15081.15
2025-11-16 15:37:29.193,450,15019.26
2025-11-16 15:37:29.193,451,15587.49
2025-11-16 15:37:29.193,452,15684.7
2025-11-16 15:37:29.193,453,16334.95
2025-11-16 15:37:29.193,454,14328.73
2025-11-16 15:37:29.193,455,16081.01
2025-11-16 15:37:29.193,456,14212.49
2025-11-16 15:37:29.193,457,14835.39
2025-11-16 15:37:29.193,458,17872.27
2025-11-16 15:37:29.193,459,15363.49
2025-11-16 15:37:29.193,460,15268.68
2025-11-16 15:37:29.193,461,14850.61
2025-11-16 15:37:29.193,462,14942.32
2025-11-16 15:37:29.193,463,15284.43
2025-11-16 15:37:29.193,464,38233.91
2025-11-16 15:37:29.193,465,14911.68
2025-11-16 15:37:29.193,466,16681.28
2025-11-16 15:37:29.193,467,16014.12
2025-11-16 15:37:29.193,468,15205.86
2025-11-16 15:37:29.193,469,15555.25
2025-11-16 15:37:29.193,470,18398.68
2025-11-16 15:37:29.193,471,22512.45
2025-11-16 15:37:29.193,472,90267.15
2025-11-16 15:37:29.193,473,23586.93
2025-11-16 15:37:29.193,474,391443.63
2025-11-16 15:37:29.193,475,14911.68
2025-11-16 15:37:29.193,476,29526.5
2025-11-16 15:37:29.193,477,583498.19
2025-11-16 15:37:29.193,478,33776.39
2025-11-16 15:37:29.193,479,33776.39
2025-11-16 15:37:29.193,480,14416.64
2025-11-16 15:37:29.193,481,14169.19
2025-11-16 15:37:29.193,482,13455.89
2025-11-16 15:37:29.193,483,13954.95
2025-11-16 15:37:29.193,484,12964.06
2025-11-16 15:37:29.193,485,13160.96
2025-11-16 15:37:29.193,486,13003.18
2025-11-16 15:37:29.193,487,13055.53
2025-11-16 15:37:29.193,488,13042.42
2025-11-16 15:37:29.193,489,12977.09
2025-11-16 15:37:29.193,490,13094.96
2025-11-16 15:37:29.193,491,13029.33
2025-11-16 15:37:29.193,492,13094.96
2025-11-16 15:37:29.193,493,13055.53
2025-11-16 15:37:29.193,494,13954.95
2025-11-16 15:37:29.193,495,13029.33
2025-11-16 15:37:29.193,496,15205.86
2025-11-16 15:37:29.193,497,14942.32
2025-11-16 15:37:29.193,498,15019.26
2025-11-16 15:37:29.193,499,15363.49
2025-11-16 15:37:29.193,500,15523.09
2025-11-16 15:37:29.193,501,16182.0
2025-11-16 15:37:29.193,502,14183.61
2025-11-16 15:37:29.193,503,15947.57
2025-11-16 15:37:29.193,504,14299.57
2025-11-16 15:37:29.193,505,14744.46
2025-11-16 15:37:29.193,506,17738.95
2025-11-16 15:37:29.193,507,15268.68
2025-11-16 15:37:29.193,508,15112.21
2025-11-16 15:37:29.193,509,14654.19
2025-11-16 15:37:29.193,510,14805.01
2025-11-16 15:37:29.193,511,15112.21
2025-11-16 15:37:29.193,512,37893.76
2025-11-16 15:37:29.193,513,14865.85
2025-11-16 15:37:29.193,514,16663.75
2025-11-16 15:37:29.193,515,15914.42
2025-11-16 15:37:29.193,516,15237.23
2025-11-16 15:37:29.193,517,15411.16
2025-11-16 15:37:29.193,518,18378.83
2025-11-16 15:37:29.193,519,22512.45
2025-11-16 15:37:29.193,520,90021.7
2025-11-16 15:37:29.193,521,23586.93
2025-11-16 15:37:29.193,522,387544.88
2025-11-16 15:37:29.193,523,14744.46
2025-11-16 15:37:29.193,524,29108.72
2025-11-16 15:37:29.193,525,640033.69
2025-11-16 15:37:29.193,526,33635.68
2025-11-16 15:37:29.193,527,33635.68
2025-11-16 15:37:29.193,528,14505.19
2025-11-16 15:37:29.193,529,14328.73
2025-11-16 15:37:29.193,530,13483.07
2025-11-16 15:37:29.193,531,14126.04
2025-11-16 15:37:29.193,532,13108.13
2025-11-16 15:37:29.193,533,13374.71
2025-11-16 15:37:29.193,534,13187.46
2025-11-16 15:37:29.193,535,13160.96
2025-11-16 15:37:29.193,536,13160.96
2025-11-16 15:37:29.193,537,13121.31
2025-11-16 15:37:29.193,538,13227.34
2025-11-16 15:37:29.193,539,13187.46
2025-11-16 15:37:29.193,540,13227.34
2025-11-16 15:37:29.193,541,13121.31
2025-11-16 15:37:29.193,542,14212.49
2025-11-16 15:37:29.193,543,13227.34
2025-11-16 15:37:29.193,544,15363.49
2025-11-16 15:37:29.193,545,15174.57
2025-11-16 15:37:29.193,546,15143.35
2025-11-16 15:37:29.193,547,15603.64
2025-11-16 15:37:29.193,548,15636.01
2025-11-16 15:37:29.193,549,16420.69
2025-11-16 15:37:29.193,550,14372.61
2025-11-16 15:37:29.193,551,16131.41
2025-11-16 15:37:29.193,552,14416.64
2025-11-16 15:37:29.193,553,14988.43
2025-11-16 15:37:29.193,554,17929.79
2025-11-16 15:37:29.193,555,15491.01
2025-11-16 15:37:29.193,556,15300.2
2025-11-16 15:37:29.193,557,14835.39
2025-11-16 15:37:29.193,558,15065.65
2025-11-16 15:37:29.193,559,15395.25
2025-11-16 15:37:29.193,560,38578.92
2025-11-16 15:37:29.193,561,14896.38
2025-11-16 15:37:29.193,562,16698.84
2025-11-16 15:37:29.193,563,16047.52
2025-11-16 15:37:29.193,564,15331.81
2025-11-16 15:37:29.193,565,15668.45
2025-11-16 15:37:29.193,566,18538.4
2025-11-16 15:37:29.193,567,22721.83
2025-11-16 15:37:29.193,568,98522.22
2025-11-16 15:37:29.193,569,23754.24
2025-11-16 15:37:29.193,570,450099.75
2025-11-16 15:37:29.193,571,14926.99
2025-11-16 15:37:29.193,572,30590.71
2025-11-16 15:37:29.193,573,601218.31
2025-11-16 15:37:29.193,574,34689.0
2025-11-16 15:37:29.193,575,34689.0
2025-11-16 15:37:29.193,576,14579.46
2025-11-16 15:37:29.193,577,14343.34
2025-11-16 15:37:29.193,578,13702.81
2025-11-16 15:37:29.193,579,14226.96
2025-11-16 15:37:29.193,580,13187.46
2025-11-16 15:37:29.193,581,13401.71
2025-11-16 15:37:29.193,582,13160.96
2025-11-16 15:37:29.193,583,13200.74
2025-11-16 15:37:29.193,584,13227.34
2025-11-16 15:37:29.193,585,13055.53
2025-11-16 15:37:29.193,586,13240.66
2025-11-16 15:37:29.193,587,13187.46
2025-11-16 15:37:29.193,588,13267.35
2025-11-16 15:37:29.193,589,13200.74
2025-11-16 15:37:29.193,590,14097.35
2025-11-16 15:37:29.193,591,13347.78
2025-11-16 15:37:29.193,592,15427.09
2025-11-16 15:37:29.193,593,15112.21
2025-11-16 15:37:29.193,594,15019.26
2025-11-16 15:37:29.193,595,15507.04
2025-11-16 15:37:29.193,596,15652.22
2025-11-16 15:37:29.193,597,16283.77
2025-11-16 15:37:29.193,598,14328.73
2025-11-16 15:37:29.193,599,16097.79
2025-11-16 15:37:29.193,600,14328.73
2025-11-16 15:37:29.193,601,14835.39
2025-11-16 15:37:29.193,602,17872.27
2025-11-16 15:37:29.193,603,15347.64
2025-11-16 15:37:29.193,604,15112.21
2025-11-16 15:37:29.193,605,14564.57
2025-11-16 15:37:29.193,606,14654.19
2025-11-16 15:37:29.193,607,14759.57
2025-11-16 15:37:29.193,608,37950.12
2025-11-16 15:37:29.193,609,14564.57
2025-11-16 15:37:29.193,610,16751.64
2025-11-16 15:37:29.193,611,15815.47
2025-11-16 15:37:29.193,612,15143.35
2025-11-16 15:37:29.193,613,15411.16
2025-11-16 15:37:29.193,614,18240.65
2025-11-16 15:37:29.193,615,22357.16
2025-11-16 15:37:29.193,616,89292.48
2025-11-16 15:37:29.193,617,23726.24
2025-11-16 15:37:29.193,618,450099.75
2025-11-16 15:37:29.193,619,14805.01
2025-11-16 15:37:29.193,620,29564.92
2025-11-16 15:37:29.193,621,592227.94
2025-11-16 15:37:29.193,622,33870.7
2025-11-16 15:37:29.193,623,33870.7
2025-11-16 15:37:29.193,624,14505.19
2025-11-16 15:37:29.193,625,14357.96
2025-11-16 15:37:29.193,626,13647.49
2025-11-16 15:37:29.193,627,14154.79
2025-11-16 15:37:29.193,628,13187.46
2025-11-16 15:37:29.193,629,13428.77
2025-11-16 15:37:29.193,630,13294.1
2025-11-16 15:37:29.193,631,13240.66
2025-11-16 15:37:29.193,632,13094.96
2025-11-16 15:37:29.193,633,13068.66
2025-11-16 15:37:29.193,634,13108.13
2025-11-16 15:37:29.193,635,13187.46
2025-11-16 15:37:29.193,636,13254.0
2025-11-16 15:37:29.193,637,13214.03
2025-11-16 15:37:29.193,638,14140.4
2025-11-16 15:37:29.193,639,13294.1
2025-11-16 15:37:29.193,640,15491.01
2025-11-16 15:37:29.193,641,15081.15
2025-11-16 15:37:29.193,642,15081.15
2025-11-16 15:37:29.193,643,15571.36
2025-11-16 15:37:29.193,644,15684.7
2025-11-16 15:37:29.193,645,16249.76
2025-11-16 15:37:29.193,646,14549.7
2025-11-16 15:37:29.193,647,16131.41
2025-11-16 15:37:29.193,648,14387.27
2025-11-16 15:37:29.193,649,14835.39
2025-11-16 15:37:29.193,650,17531.99
2025-11-16 15:37:29.193,651,15523.09
2025-11-16 15:37:29.193,652,15112.21
2025-11-16 15:37:29.193,653,14744.46
2025-11-16 15:37:29.193,654,14774.7
2025-11-16 15:37:29.193,655,15190.2
2025-11-16 15:37:29.193,656,37613.93
2025-11-16 15:37:29.193,657,14774.7
2025-11-16 15:37:29.193,658,16628.76
2025-11-16 15:37:29.193,659,15997.45
2025-11-16 15:37:29.193,660,15347.64
2025-11-16 15:37:29.193,661,15523.09
2025-11-16 15:37:29.193,662,18221.02
2025-11-16 15:37:29.193,663,22331.42
2025-11-16 15:37:29.193,664,94632.04
2025-11-16 15:37:29.193,665,23754.24
2025-11-16 15:37:29.193,666,460679.59
2025-11-16 15:37:29.193,667,14744.46
2025-11-16 15:37:29.193,668,29914.1
2025-11-16 15:37:29.193,669,610481.06
2025-11-16 15:37:29.193,670,33682.49
2025-11-16 15:37:29.193,671,33682.49
2025-11-16 15:37:29.193,672,14270.47
2025-11-16 15:37:29.193,673,14270.47
2025-11-16 15:37:29.193,674,13702.81
2025-11-16 15:37:29.193,675,14140.4
2025-11-16 15:37:29.193,676,13294.1
2025-11-16 15:37:29.193,677,13483.07
2025-11-16 15:37:29.193,678,13374.71
2025-11-16 15:37:29.193,679,13401.71
2025-11-16 15:37:29.193,680,13307.49
2025-11-16 15:37:29.193,681,13294.1
2025-11-16 15:37:29.193,682,13374.71
2025-11-16 15:37:29.193,683,13334.34
2025-11-16 15:37:29.193,684,13388.2
2025-11-16 15:37:29.193,685,13320.91
2025-11-16 15:37:29.193,686,14328.73
2025-11-16 15:37:29.193,687,13483.07
2025-11-16 15:37:29.193,688,15619.82
2025-11-16 15:37:29.193,689,15331.81
2025-11-16 15:37:29.193,690,15300.2
2025-11-16 15:37:29.193,691,15815.47
2025-11-16 15:37:29.193,692,15897.87
2025-11-16 15:37:29.193,693,16646.24
2025-11-16 15:37:29.193,694,14684.21
2025-11-16 15:37:29.193,695,16386.33
2025-11-16 15:37:29.193,696,14609.3
2025-11-16 15:37:29.193,697,15019.26
2025-11-16 15:37:29.193,698,18181.84
2025-11-16 15:37:29.193,699,15619.82
2025-11-16 15:37:29.193,700,15491.01
2025-11-16 15:37:29.193,701,15034.71
2025-11-16 15:37:29.193,702,15096.68
2025-11-16 15:37:29.193,703,15555.25
2025-11-16 15:37:29.193,704,38753.28
2025-11-16 15:37:29.193,705,15081.15
2025-11-16 15:37:29.193,706,16947.04
2025-11-16 15:37:29.193,707,16352.05
2025-11-16 15:37:29.193,708,15539.16
2025-11-16 15:37:29.193,709,15782.65
2025-11-16 15:37:29.193,710,18679.5
2025-11-16 15:37:29.193,711,22854.06
2025-11-16 15:37:29.193,712,99101.66
2025-11-16 15:37:29.193,713,24065.32
2025-11-16 15:37:29.193,714,450099.75
2025-11-16 15:37:29.193,715,15300.2
2025-11-16 15:37:29.193,716,30835.0
2025-11-16 15:37:29.193,717,721303.56
2025-11-16 15:37:29.193,718,35335.6
2025-11-16 15:37:29.193,719,35335.6
2025-11-16 15:37:29.193,720,14549.7
2025-11-16 15:37:29.193,721,14357.96
2025-11-16 15:37:29.193,722,13983.3
2025-11-16 15:37:29.193,723,14594.37
2025-11-16 15:37:29.193,724,13647.49
2025-11-16 15:37:29.193,725,13758.38
2025-11-16 15:37:29.193,726,13592.43
2025-11-16 15:37:29.193,727,13661.29
2025-11-16 15:37:29.193,728,13496.68
2025-11-16 15:37:29.193,729,13442.32
2025-11-16 15:37:29.193,730,13592.43
2025-11-16 15:37:29.193,731,13606.17
2025-11-16 15:37:29.193,732,13675.12
2025-11-16 15:37:29.193,733,13496.68
2025-11-16 15:37:29.193,734,14594.37
2025-11-16 15:37:29.193,735,13688.95
2025-11-16 15:37:29.193,736,15749.92
2025-11-16 15:37:29.193,737,15395.25
2025-11-16 15:37:29.193,738,15555.25
2025-11-16 15:37:29.193,739,16014.12
2025-11-16 15:37:29.193,740,16047.52
2025-11-16 15:37:29.193,741,16769.29
2025-11-16 15:37:29.193,742,14850.61
2025-11-16 15:37:29.193,743,16593.85
2025-11-16 15:37:29.193,744,14774.7
2025-11-16 15:37:29.193,745,15268.68
2025-11-16 15:37:29.193,746,18418.55
2025-11-16 15:37:29.193,747,15749.92
2025-11-16 15:37:29.193,748,15700.98
2025-11-16 15:37:29.193,749,15174.57
2025-11-16 15:37:29.193,750,15284.43
2025-11-16 15:37:29.193,751,15636.01
2025-11-16 15:37:29.193,752,38753.28
2025-11-16 15:37:29.193,753,15205.86
2025-11-16 15:37:29.193,754,17054.83
2025-11-16 15:37:29.193,755,16352.05
2025-11-16 15:37:29.193,756,15603.64
2025-11-16 15:37:29.193,757,15848.37
2025-11-16 15:37:29.193,758,18740.4
2025-11-16 15:37:29.193,759,22854.06
2025-11-16 15:37:29.193,760,93571.2
2025-11-16 15:37:29.193,761,24151.15
2025-11-16 15:37:29.193,762,395419.56
2025-11-16 15:37:29.193,763,15363.49
2025-11-16 15:37:29.193,764,30269.48
2025-11-16 15:37:29.193,765,640033.69
2025-11-16 15:37:29.193,766,34640.03
2025-11-16 15:37:29.193,767,34640.03
2025-11-16 15:37:29.193,768,15158.95
2025-11-16 15:37:29.193,769,15050.17
2025-11-16 15:37:29.193,770,14270.47
2025-11-16 15:37:29.193,771,14835.39
2025-11-16 15:37:29.193,772,13716.68
2025-11-16 15:37:29.193,773,13912.56
2025-11-16 15:37:29.193,774,13758.38
2025-11-16 15:37:29.193,775,13842.23
2025-11-16 15:37:29.193,776,13983.3
2025-11-16 15:37:29.193,777,13842.23
2025-11-16 15:37:29.193,778,13912.56
2025-11-16 15:37:29.193,779,13814.22
2025-11-16 15:37:29.193,780,13926.67
2025-11-16 15:37:29.193,781,13814.22
2025-11-16 15:37:29.193,782,14654.19
2025-11-16 15:37:29.193,783,13926.67
2025-11-16 15:37:29.193,784,16081.01
2025-11-16 15:37:29.193,785,15733.59
2025-11-16 15:37:29.193,786,15766.28
2025-11-16 15:37:29.193,787,16283.77
2025-11-16 15:37:29.193,788,16182.0
2025-11-16 15:37:29.193,789,16893.47
2025-11-16 15:37:29.193,790,15112.21
2025-11-16 15:37:29.193,791,16734.02
2025-11-16 15:37:29.193,792,14926.99
2025-11-16 15:37:29.193,793,15331.81
2025-11-16 15:37:29.193,794,18538.4
2025-11-16 15:37:29.193,795,16014.12
2025-11-16 15:37:29.193,796,15684.7
2025-11-16 15:37:29.193,797,15300.2
2025-11-16 15:37:29.193,798,15587.49
2025-11-16 15:37:29.193,799,15914.42
2025-11-16 15:37:29.193,800,38695.02
2025-11-16 15:37:29.193,801,15523.09
2025-11-16 15:37:29.193,802,17236.39
2025-11-16 15:37:29.193,803,16681.28
2025-11-16 15:37:29.193,804,15749.92
2025-11-16 15:37:29.193,805,16047.52
2025-11-16 15:37:29.193,806,19007.29
2025-11-16 15:37:29.193,807,22933.92
2025-11-16 15:37:29.193,808,97381.57
2025-11-16 15:37:29.193,809,24616.31
2025-11-16 15:37:29.193,810,988899.38
2025-11-16 15:37:29.193,811,15603.64
2025-11-16 15:37:29.193,812,30958.25
2025-11-16 15:37:29.193,813,708471.5
2025-11-16 15:37:29.193,814,35134.67
2025-11-16 15:37:29.193,815,35134.67
2025-11-16 15:37:29.193,816,15096.68
2025-11-16 15:37:29.193,817,15081.15
2025-11-16 15:37:29.193,818,14198.04
2025-11-16 15:37:29.193,819,14744.46
2025-11-16 15:37:29.193,820,13772.32
2025-11-16 15:37:29.193,821,13983.3
2025-11-16 15:37:29.193,822,13758.38
2025-11-16 15:37:29.193,823,13744.46
2025-11-16 15:37:29.193,824,13870.31
2025-11-16 15:37:29.193,825,13758.38
2025-11-16 15:37:29.193,826,13884.38
2025-11-16 15:37:29.193,827,13884.38
2025-11-16 15:37:29.193,828,13969.12
2025-11-16 15:37:29.193,829,13786.27
2025-11-16 15:37:29.193,830,14774.7
2025-11-16 15:37:29.193,831,13898.46
2025-11-16 15:37:29.193,832,16081.01
2025-11-16 15:37:29.193,833,15766.28
2025-11-16 15:37:29.193,834,15782.65
2025-11-16 15:37:29.193,835,16249.76
2025-11-16 15:37:29.193,836,16047.52
2025-11-16 15:37:29.193,837,16751.64
2025-11-16 15:37:29.193,838,14911.68
2025-11-16 15:37:29.193,839,16751.64
2025-11-16 15:37:29.193,840,15112.21
2025-11-16 15:37:29.193,841,15587.49
2025-11-16 15:37:29.193,842,18781.14
2025-11-16 15:37:29.193,843,16131.41
2025-11-16 15:37:29.193,844,15930.98
2025-11-16 15:37:29.193,845,15539.16
2025-11-16 15:37:29.193,846,15619.82
2025-11-16 15:37:29.193,847,16064.26
2025-11-16 15:37:29.193,848,39887.21
2025-11-16 15:37:29.193,849,15555.25
2025-11-16 15:37:29.193,850,17569.39
2025-11-16 15:37:29.193,851,16875.66
2025-11-16 15:37:29.193,852,16081.01
2025-11-16 15:37:29.193,853,16215.84
2025-11-16 15:37:29.193,854,19406.36
2025-11-16 15:37:29.193,855,23040.99
2025-11-16 15:37:29.193,856,102712.45
2025-11-16 15:37:29.193,857,24823.81
2025-11-16 15:37:29.193,858,369134.25
2025-11-16 15:37:29.193,859,15799.05
2025-11-16 15:37:29.193,860,31082.24
2025-11-16 15:37:29.193,861,708471.5
2025-11-16 15:37:29.193,862,36209.84
2025-11-16 15:37:29.193,863,36209.84
2025-11-16 15:37:29.193,864,15619.82
2025-11-16 15:37:29.193,865,15555.25
2025-11-16 15:37:29.193,866,14805.01
2025-11-16 15:37:29.193,867,15331.81
2025-11-16 15:37:29.193,868,14357.96
2025-11-16 15:37:29.193,869,14212.49
2025-11-16 15:37:29.193,870,14314.14
2025-11-16 15:37:29.193,871,14270.47
2025-11-16 15:37:29.193,872,14212.49
2025-11-16 15:37:29.193,873,14198.04
2025-11-16 15:37:29.193,874,14387.27
2025-11-16 15:37:29.193,875,14241.45
2025-11-16 15:37:29.193,876,14387.27
2025-11-16 15:37:29.193,877,14549.7
2025-11-16 15:37:29.193,878,15081.15
2025-11-16 15:37:29.193,879,14372.61
2025-11-16 15:37:29.193,880,16681.28
2025-11-16 15:37:29.193,881,16148.25
2025-11-16 15:37:29.193,882,16165.12
2025-11-16 15:37:29.193,883,16698.84
2025-11-16 15:37:29.193,884,15947.57
2025-11-16 15:37:29.193,885,17127.16
2025-11-16 15:37:29.193,886,15363.49
2025-11-16 15:37:29.193,887,17054.83
2025-11-16 15:37:29.193,888,15300.2
2025-11-16 15:37:29.193,889,15684.7
2025-11-16 15:37:29.193,890,19215.97
2025-11-16 15:37:29.193,891,16403.5
2025-11-16 15:37:29.193,892,16403.5
2025-11-16 15:37:29.193,893,15914.42
2025-11-16 15:37:29.193,894,15914.42
2025-11-16 15:37:29.193,895,16472.4
2025-11-16 15:37:29.193,896,40630.89
2025-11-16 15:37:29.193,897,15881.35
2025-11-16 15:37:29.193,898,17834.04
2025-11-16 15:37:29.193,899,17018.8
2025-11-16 15:37:29.193,900,16317.87
2025-11-16 15:37:29.193,901,16646.24
2025-11-16 15:37:29.193,902,19534.67
2025-11-16 15:37:29.193,903,23366.42
2025-11-16 15:37:29.193,904,100279.32
2025-11-16 15:37:29.193,905,25094.26
2025-11-16 15:37:29.193,906,346048.91
2025-11-16 15:37:29.193,907,16047.52
2025-11-16 15:37:29.193,908,31374.49
2025-11-16 15:37:29.193,909,708471.5
2025-11-16 15:37:29.193,910,36157.48
2025-11-16 15:37:29.193,911,36157.48
2025-11-16 15:37:29.193,912,18339.21
2025-11-16 15:37:29.193,913,18181.84
2025-11-16 15:37:29.193,914,17272.99
2025-11-16 15:37:29.193,915,17949.02
2025-11-16 15:37:29.193,916,16947.04
2025-11-16 15:37:29.193,917,17163.47
2025-11-16 15:37:29.193,918,16857.87
2025-11-16 15:37:29.193,919,16911.3
2025-11-16 15:37:29.193,920,16875.66
2025-11-16 15:37:29.193,921,16840.11
2025-11-16 15:37:29.193,922,16982.88
2025-11-16 15:37:29.193,923,16716.42
2025-11-16 15:37:29.193,924,17054.83
2025-11-16 15:37:29.193,925,16964.95
2025-11-16 15:37:29.193,926,17606.89
2025-11-16 15:37:29.193,927,17018.8
2025-11-16 15:37:29.193,928,19007.29
2025-11-16 15:37:29.193,929,18699.77
2025-11-16 15:37:29.193,930,18659.26
2025-11-16 15:37:29.193,931,19111.26
2025-11-16 15:37:29.193,932,18781.14
2025-11-16 15:37:29.193,933,19556.16
2025-11-16 15:37:29.193,934,17834.04
2025-11-16 15:37:29.193,935,18538.4
2025-11-16 15:37:29.193,936,17872.27
2025-11-16 15:37:29.193,937,18458.39
2025-11-16 15:37:29.193,938,22050.96
2025-11-16 15:37:29.193,939,19215.97
2025-11-16 15:37:29.193,940,18986.58
2025-11-16 15:37:29.193,941,18458.39
2025-11-16 15:37:29.193,942,18699.77
2025-11-16 15:37:29.193,943,19111.26
2025-11-16 15:37:29.193,944,45151.65
2025-11-16 15:37:29.193,945,18659.26
2025-11-16 15:37:29.193,946,20510.75
2025-11-16 15:37:29.193,947,19772.81
2025-11-16 15:37:29.193,948,19194.97
2025-11-16 15:37:29.193,949,19449.01
2025-11-16 15:37:29.193,950,22357.16
2025-11-16 15:37:29.193,951,26842.51
2025-11-16 15:37:29.193,952,112877.99
2025-11-16 15:37:29.193,953,28699.64
2025-11-16 15:37:29.193,954,395419.56
2025-11-16 15:37:29.193,955,18986.58
2025-11-16 15:37:29.193,956,35034.87
2025-11-16 15:37:29.193,957,809075.0
2025-11-16 15:37:29.193,958,40442.9
2025-11-16 15:37:29.193,959,40442.9
2025-11-16 15:37:29.193,960,43487.57
2025-11-16 15:37:29.193,961,42253.52
2025-11-16 15:37:29.193,962,40505.41
2025-11-16 15:37:29.193,963,41397.01
2025-11-16 15:37:29.193,964,40380.55
2025-11-16 15:37:29.193,965,40756.99
2025-11-16 15:37:29.193,966,40442.9
2025-11-16 15:37:29.193,967,40505.41
2025-11-16 15:37:29.193,968,40256.3
2025-11-16 15:37:29.193,969,39887.21
2025-11-16 15:37:29.193,970,40630.89
2025-11-16 15:37:29.193,971,40883.72
2025-11-16 15:37:29.193,972,40132.67
2025-11-16 15:37:29.193,973,39887.21
2025-11-16 15:37:29.193,974,41461.9
2025-11-16 15:37:29.193,975,40256.3
2025-11-16 15:37:29.193,976,43628.29
2025-11-16 15:37:29.193,977,40756.99
2025-11-16 15:37:29.193,978,39343.6
2025-11-16 15:37:29.193,979,42522.82
2025-11-16 15:37:29.193,980,40693.86
2025-11-16 15:37:29.193,981,41397.01
2025-11-16 15:37:29.193,982,40256.3
2025-11-16 15:37:29.193,983,38006.61
2025-11-16 15:37:29.193,984,38348.37
2025-11-16 15:37:29.193,985,39887.21
2025-11-16 15:37:29.193,986,43557.83
2025-11-16 15:37:29.193,987,31416.58
2025-11-16 15:37:29.193,988,42053.34
2025-11-16 15:37:29.193,989,41854.7
2025-11-16 15:37:29.193,990,41986.96
2025-11-16 15:37:29.193,991,44707.67
2025-11-16 15:37:29.193,992,91010.8
2025-11-16 15:37:29.193,993,41920.75
2025-11-16 15:37:29.193,994,42726.61
2025-11-16 15:37:29.193,995,40630.89
2025-11-16 15:37:29.193,996,42387.82
2025-11-16 15:37:29.193,997,43208.34
2025-11-16 15:37:29.193,998,47728.11
2025-11-16 15:37:29.193,999,54378.94
2025-11-16 15:37:29.193,1000,235144.47
2025-11-16 15:37:29.193,1001,61358.41
2025-11-16 15:37:29.193,1002,734602.25
2025-11-16 15:37:29.193,1003,41657.55
2025-11-16 15:37:29.193,1004,75386.48
2025-11-16 15:37:29.193,1005,988899.38
2025-11-16 15:37:29.193,1006,84689.81
2025-11-16 15:37:29.193,1007,84689.81
2025-11-16 15:37:29.193,1008,59416.6
2025-11-16 15:37:29.193,1009,57802.03
2025-11-16 15:37:29.193,1010,55833.13
2025-11-16 15:37:29.193,1011,57354.41
2025-11-16 15:37:29.193,1012,54480.68
2025-11-16 15:37:29.193,1013,57022.54
2025-11-16 15:37:29.193,1014,56260.74
2025-11-16 15:37:29.193,1015,56693.92
2025-11-16 15:37:29.193,1016,57465.76
2025-11-16 15:37:29.193,1017,56693.92
2025-11-16 15:37:29.193,1018,56476.62
2025-11-16 15:37:29.193,1019,55833.13
2025-11-16 15:37:29.193,1020,56476.62
2025-11-16 15:37:29.193,1021,56476.62
2025-11-16 15:37:29.193,1022,58255.64
2025-11-16 15:37:29.193,1023,56046.25
2025-11-16 15:37:29.193,1024,61358.41
2025-11-16 15:37:29.193,1025,58484.71
2025-11-16 15:37:29.193,1026,53975.16
2025-11-16 15:37:29.193,1027,58255.64
2025-11-16 15:37:29.193,1028,49845.72
2025-11-16 15:37:29.193,1029,53182.58
2025-11-16 15:37:29.193,1030,55097.93
2025-11-16 15:37:29.193,1031,41526.96
2025-11-16 15:37:29.193,1032,54176.42
2025-11-16 15:37:29.193,1033,54277.52
2025-11-16 15:37:29.193,1034,56585.1
2025-11-16 15:37:29.193,1035,51841.71
2025-11-16 15:37:29.193,1036,56693.92
2025-11-16 15:37:29.193,1037,56912.64
2025-11-16 15:37:29.193,1038,56585.1
2025-11-16 15:37:29.193,1039,60986.11
2025-11-16 15:37:29.193,1040,119086.36
2025-11-16 15:37:29.193,1041,55833.13
2025-11-16 15:37:29.193,1042,52218.99
2025-11-16 15:37:29.193,1043,51468.98
2025-11-16 15:37:29.193,1044,56585.1
2025-11-16 15:37:29.193,1045,55621.39
2025-11-16 15:37:29.193,1046,63411.8
2025-11-16 15:37:29.193,1047,62370.57
2025-11-16 15:37:29.193,1048,297844.91
2025-11-16 15:37:29.193,1049,82544.69
2025-11-16 15:37:29.193,1050,583498.19
2025-11-16 15:37:29.193,1051,54176.42
2025-11-16 15:37:29.193,1052,92019.64
2025-11-16 15:37:29.193,1053,988899.38
2025-11-16 15:37:29.193,1054,105255.28
2025-11-16 15:37:29.193,1055,105255.28
2025-11-16 15:37:29.193,1056,58484.71
2025-11-16 15:37:29.193,1057,57577.48
2025-11-16 15:37:29.193,1058,56046.25
2025-11-16 15:37:29.193,1059,55097.93
2025-11-16 15:37:29.193,1060,54787.84
2025-11-16 15:37:29.193,1061,56046.25
2025-11-16 15:37:29.193,1062,55727.09
2025-11-16 15:37:29.193,1063,54994.24
2025-11-16 15:37:29.193,1064,54890.87
2025-11-16 15:37:29.193,1065,54378.94
2025-11-16 15:37:29.193,1066,54890.87
2025-11-16 15:37:29.193,1067,54994.24
2025-11-16 15:37:29.193,1068,55939.52
2025-11-16 15:37:29.193,1069,54685.13
2025-11-16 15:37:29.193,1070,56476.62
2025-11-16 15:37:29.193,1071,55621.39
2025-11-16 15:37:29.193,1072,58028.08
2025-11-16 15:37:29.193,1073,56046.25
2025-11-16 15:37:29.193,1074,47322.41
2025-11-16 15:37:29.193,1075,56046.25
2025-11-16 15:37:29.193,1076,44854.87
2025-11-16 15:37:29.193,1077,43698.91
2025-11-16 15:37:29.193,1078,53084.88
2025-11-16 15:37:29.193,1079,45151.65
2025-11-16 15:37:29.193,1080,41920.75
2025-11-16 15:37:29.193,1081,48810.25
2025-11-16 15:37:29.193,1082,50918.22
2025-11-16 15:37:29.193,1083,46527.84
2025-11-16 15:37:29.193,1084,52697.09
2025-11-16 15:37:29.193,1085,54685.13
2025-11-16 15:37:29.193,1086,53378.87
2025-11-16 15:37:29.193,1087,58028.08
2025-11-16 15:37:29.193,1088,110345.59
2025-11-16 15:37:29.193,1089,54176.42
2025-11-16 15:37:29.193,1090,56476.62
2025-11-16 15:37:29.193,1091,53477.48
2025-11-16 15:37:29.193,1092,53975.16
2025-11-16 15:37:29.193,1093,54378.94
2025-11-16 15:37:29.193,1094,60374.14
2025-11-16 15:37:29.193,1095,65586.65
2025-11-16 15:37:29.193,1096,297844.91
2025-11-16 15:37:29.193,1097,78918.48
2025-11-16 15:37:29.193,1098,942433.13
2025-11-16 15:37:29.193,1099,53975.16
2025-11-16 15:37:29.193,1100,87631.56
2025-11-16 15:37:29.193,1101,103337.61
2025-11-16 15:37:29.193,1102,103337.61
2025-11-16 15:37:29.193,1103,103337.61
2025-11-16 15:37:29.193,1104,62370.57
2025-11-16 15:37:29.193,1105,63280.01
2025-11-16 15:37:29.193,1106,60617.66
2025-11-16 15:37:29.193,1107,59416.6
2025-11-16 15:37:29.193,1108,62370.57
2025-11-16 15:37:29.193,1109,62370.57
2025-11-16 15:37:29.193,1110,61233.89
2025-11-16 15:37:29.193,1111,61233.89
2025-11-16 15:37:29.193,1112,61483.39
2025-11-16 15:37:29.193,1113,60617.66
2025-11-16 15:37:29.193,1114,61608.8
2025-11-16 15:37:29.193,1115,61860.94
2025-11-16 15:37:29.193,1116,61483.39
2025-11-16 15:37:29.193,1117,60617.66
2025-11-16 15:37:29.193,1118,64756.17
2025-11-16 15:37:29.193,1119,59892.09
2025-11-16 15:37:29.193,1120,65307.78
2025-11-16 15:37:29.193,1121,60011.99
2025-11-16 15:37:29.193,1122,54994.24
2025-11-16 15:37:29.193,1123,58947.51
2025-11-16 15:37:29.193,1124,62114.86
2025-11-16 15:37:29.193,1125,61860.94
2025-11-16 15:37:29.193,1126,60617.66
2025-11-16 15:37:29.193,1127,58255.64
2025-11-16 15:37:29.193,1128,58484.71
2025-11-16 15:37:29.193,1129,59181.26
2025-11-16 15:37:29.193,1130,55833.13
2025-11-16 15:37:29.193,1131,59181.26
2025-11-16 15:37:29.193,1132,59416.6
2025-11-16 15:37:29.193,1133,62757.56
2025-11-16 15:37:29.193,1134,59416.6
2025-11-16 15:37:29.193,1135,67304.12
2025-11-16 15:37:29.193,1136,128253.38
2025-11-16 15:37:29.193,1137,59772.61
2025-11-16 15:37:29.193,1138,57577.48
2025-11-16 15:37:29.193,1139,57689.57
2025-11-16 15:37:29.193,1140,59892.09
2025-11-16 15:37:29.193,1141,58369.98
2025-11-16 15:37:29.193,1142,65307.78
2025-11-16 15:37:29.193,1143,66292.91
2025-11-16 15:37:29.193,1144,328387.41
2025-11-16 15:37:29.193,1145,91010.8
2025-11-16 15:37:29.193,1146,640033.69
2025-11-16 15:37:29.193,1147,61608.8
2025-11-16 15:37:29.193,1148,101482.63
2025-11-16 15:37:29.193,1149,121157.05
2025-11-16 15:37:29.193,1150,121157.05
2025-11-16 15:37:29.193,1151,121157.05
2025-11-16 15:37:29.193,1152,126864.97
2025-11-16 15:37:29.193,1153,133594.3
2025-11-16 15:37:29.193,1154,129194.73
2025-11-16 15:37:29.193,1155,130631.02
2025-11-16 15:37:29.193,1156,122862.01
2025-11-16 15:37:29.193,1157,121579.19
2025-11-16 15:37:29.193,1158,129670.22
2025-11-16 15:37:29.193,1159,127787.46
2025-11-16 15:37:29.193,1160,127787.46
2025-11-16 15:37:29.193,1161,125954.73
2025-11-16 15:37:29.193,1162,132592.78
2025-11-16 15:37:29.193,1163,132592.78
2025-11-16 15:37:29.193,1164,126864.97
2025-11-16 15:37:29.193,1165,132097.22
2025-11-16 15:37:29.193,1166,134100.34
2025-11-16 15:37:29.193,1167,129670.22
2025-11-16 15:37:29.193,1168,134609.98
2025-11-16 15:37:29.193,1169,125954.73
2025-11-16 15:37:29.193,1170,122862.01
2025-11-16 15:37:29.193,1171,134609.98
2025-11-16 15:37:29.193,1172,127787.46
2025-11-16 15:37:29.193,1173,127324.66
2025-11-16 15:37:29.193,1174,121579.19
2025-11-16 15:37:29.193,1175,121579.19
2025-11-16 15:37:29.193,1176,122862.01
2025-11-16 15:37:29.193,1177,125954.73
2025-11-16 15:37:29.193,1178,125954.73
2025-11-16 15:37:29.193,1179,123295.2
2025-11-16 15:37:29.193,1180,112143.66
2025-11-16 15:37:29.193,1181,121579.19
2025-11-16 15:37:29.193,1182,110345.59
2025-11-16 15:37:29.193,1183,130631.02
2025-11-16 15:37:29.193,1184,216173.34
2025-11-16 15:37:29.193,1185,109992.31
2025-11-16 15:37:29.193,1186,113621.23
2025-11-16 15:37:29.193,1187,115134.95
2025-11-16 15:37:29.193,1188,107915.35
2025-11-16 15:37:29.193,1189,103652.78
2025-11-16 15:37:29.193,1190,108599.64
2025-11-16 15:37:29.193,1191,120737.61
2025-11-16 15:37:29.193,1192,550970.88
2025-11-16 15:37:29.193,1193,171919.44
2025-11-16 15:37:29.193,1194,124611.84
2025-11-16 15:37:29.193,1195,124611.84
2025-11-16 15:37:29.193,1196,180386.63
2025-11-16 15:37:29.193,1197,218701.81
2025-11-16 15:37:29.193,1198,218701.81
2025-11-16 15:37:29.193,1199,218701.81
2025-11-16 15:37:29.193,1200,640033.69
2025-11-16 15:37:29.193,1201,583498.19
2025-11-16 15:37:29.193,1202,650520.19
2025-11-16 15:37:29.193,1203,566776.38
2025-11-16 15:37:29.193,1204,583498.19
2025-11-16 15:37:29.193,1205,629875.0
2025-11-16 15:37:29.193,1206,550970.88
2025-11-16 15:37:29.193,1207,483368.97
2025-11-16 15:37:29.193,1208,640033.69
2025-11-16 15:37:29.193,1209,592227.94
2025-11-16 15:37:29.193,1210,575017.88
2025-11-16 15:37:29.193,1211,550970.88
2025-11-16 15:37:29.193,1212,550970.88
2025-11-16 15:37:29.193,1213,550970.88
2025-11-16 15:37:29.193,1214,592227.94
2025-11-16 15:37:29.193,1215,528822.38
2025-11-16 15:37:29.193,1216,550970.88
2025-11-16 15:37:29.193,1217,583498.19
2025-11-16 15:37:29.193,1218,536008.31
2025-11-16 15:37:29.193,1219,566776.38
2025-11-16 15:37:29.193,1220,558763.94
2025-11-16 15:37:29.193,1221,550970.88
2025-11-16 15:37:29.193,1222,661350.38
2025-11-16 15:37:29.193,1223,543388.5
2025-11-16 15:37:29.193,1224,439984.91
2025-11-16 15:37:29.193,1225,466154.09
2025-11-16 15:37:29.193,1226,483368.97
2025-11-16 15:37:29.193,1227,521823.06
2025-11-16 15:37:29.193,1228,450099.75
2025-11-16 15:37:29.193,1229,455329.53
2025-11-16 15:37:29.193,1230,450099.75
2025-11-16 15:37:29.193,1231,508356.06
2025-11-16 15:37:29.193,1232,793012.25
2025-11-16 15:37:29.193,1233,508356.06
2025-11-16 15:37:29.193,1234,477494.09
2025-11-16 15:37:29.193,1235,430305.09
2025-11-16 15:37:29.193,1236,471757.34
2025-11-16 15:37:29.193,1237,358884.03
2025-11-16 15:37:29.193,1238,460679.59
2025-11-16 15:37:29.193,1239,521823.06
2025-11-16 15:37:29.193,1240,734602.25
2025-11-16 15:37:29.193,1241,734602.25
2025-11-16 15:37:29.193,1242,575017.88
2025-11-16 15:37:29.193,1243,575017.88
2025-11-16 15:37:29.193,1244,528822.38
2025-11-16 15:37:29.193,1245,861364.44
2025-11-16 15:37:29.193,1246,861364.44
2025-11-16 15:37:29.193,1247,861364.44
2025-11-16 15:37:29.193,1248,127787.46
2025-11-16 15:37:29.193,1249,125056.52
2025-11-16 15:37:29.193,1250,122431.63
2025-11-16 15:37:29.193,1251,115134.95
2025-11-16 15:37:29.193,1252,123731.21
2025-11-16 15:37:29.193,1253,121579.19
2025-11-16 15:37:29.193,1254,121157.05
2025-11-16 15:37:29.193,1255,121579.19
2025-11-16 15:37:29.193,1256,128722.46
2025-11-16 15:37:29.193,1257,122004.03
2025-11-16 15:37:29.193,1258,122004.03
2025-11-16 15:37:29.193,1259,125504.14
2025-11-16 15:37:29.193,1260,122431.63
2025-11-16 15:37:29.193,1261,125056.52
2025-11-16 15:37:29.193,1262,126864.97
2025-11-16 15:37:29.193,1263,122004.03
2025-11-16 15:37:29.193,1264,126864.97
2025-11-16 15:37:29.193,1265,110700.96
2025-11-16 15:37:29.193,1266,107915.35
2025-11-16 15:37:29.193,1267,94632.04
2025-11-16 15:37:29.193,1268,119906.74
2025-11-16 15:37:29.193,1269,125954.73
2025-11-16 15:37:29.193,1270,125056.52
2025-11-16 15:37:29.193,1271,122862.01
2025-11-16 15:37:29.193,1272,125504.14
2025-11-16 15:37:29.193,1273,129670.22
2025-11-16 15:37:29.193,1274,135640.13
2025-11-16 15:37:29.193,1275,128722.46
2025-11-16 15:37:29.193,1276,121579.19
2025-11-16 15:37:29.193,1277,125954.73
2025-11-16 15:37:29.193,1278,123295.2
2025-11-16 15:37:29.193,1279,136685.03
2025-11-16 15:37:29.193,1280,238117.42
2025-11-16 15:37:29.193,1281,125954.73
2025-11-16 15:37:29.193,1282,136160.72
2025-11-16 15:37:29.193,1283,133594.3
2025-11-16 15:37:29.193,1284,121157.05
2025-11-16 15:37:29.193,1285,120737.61
2025-11-16 15:37:29.193,1286,132097.22
2025-11-16 15:37:29.193,1287,167191.02
2025-11-16 15:37:29.193,1288,684112.31
2025-11-16 15:37:29.193,1289,175214.38
2025-11-16 15:37:29.193,1290,133594.3
2025-11-16 15:37:29.193,1291,133594.3
2025-11-16 15:37:29.193,1292,197793.8
2025-11-16 15:37:29.193,1293,229407.17
2025-11-16 15:37:29.193,1294,229407.17
2025-11-16 15:37:29.193,1295,229407.17
2025-11-16 15:37:29.193,1296,65307.78
2025-11-16 15:37:29.193,1297,65586.65
2025-11-16 15:37:29.193,1298,63148.7
2025-11-16 15:37:29.193,1299,60132.29
2025-11-16 15:37:29.193,1300,61860.94
2025-11-16 15:37:29.193,1301,61987.67
2025-11-16 15:37:29.193,1302,61987.67
2025-11-16 15:37:29.193,1303,62370.57
2025-11-16 15:37:29.193,1304,62370.57
2025-11-16 15:37:29.193,1305,59416.6
2025-11-16 15:37:29.193,1306,64619.52
2025-11-16 15:37:29.193,1307,63676.8
2025-11-16 15:37:29.193,1308,64756.17
2025-11-16 15:37:29.193,1309,63411.8
2025-11-16 15:37:29.193,1310,64756.17
2025-11-16 15:37:29.193,1311,65586.65
2025-11-16 15:37:29.193,1312,69101.3
2025-11-16 15:37:29.193,1313,61734.65
2025-11-16 15:37:29.193,1314,59534.86
2025-11-16 15:37:29.193,1315,63676.8
2025-11-16 15:37:29.193,1316,66150.61
2025-11-16 15:37:29.193,1317,68493.05
2025-11-16 15:37:29.193,1318,61109.78
2025-11-16 15:37:29.193,1319,66150.61
2025-11-16 15:37:29.193,1320,63411.8
2025-11-16 15:37:29.193,1321,65446.95
2025-11-16 15:37:29.193,1322,67012.48
2025-11-16 15:37:29.193,1323,63676.8
2025-11-16 15:37:29.193,1324,59181.26
2025-11-16 15:37:29.193,1325,65307.78
2025-11-16 15:37:29.193,1326,53182.58
2025-11-16 15:37:29.193,1327,68192.39
2025-11-16 15:37:29.193,1328,122862.01
2025-11-16 15:37:29.193,1329,58369.98
2025-11-16 15:37:29.193,1330,66150.61
2025-11-16 15:37:29.193,1331,65586.65
2025-11-16 15:37:29.193,1332,57802.03
2025-11-16 15:37:29.193,1333,55306.31
2025-11-16 15:37:29.193,1334,55939.52
2025-11-16 15:37:29.193,1335,76288.51
2025-11-16 15:37:29.193,1336,358884.03
2025-11-16 15:37:29.193,1337,92531.65
2025-11-16 15:37:29.193,1338,900097.25
2025-11-16 15:37:29.193,1339,65586.65
2025-11-16 15:37:29.193,1340,94364.8
2025-11-16 15:37:29.193,1341,988899.38
2025-11-16 15:37:29.193,1342,109291.9
2025-11-16 15:37:29.193,1343,109291.9
2025-11-16 15:37:29.193,1344,34738.09
2025-11-16 15:37:29.193,1345,34542.39
2025-11-16 15:37:29.193,1346,33495.87
2025-11-16 15:37:29.193,1347,32586.16
2025-11-16 15:37:29.193,1348,32232.81
2025-11-16 15:37:29.193,1349,32855.06
2025-11-16 15:37:29.193,1350,32320.6
2025-11-16 15:37:29.193,1351,32990.79
2025-11-16 15:37:29.193,1352,32945.45
2025-11-16 15:37:29.193,1353,32855.06
2025-11-16 15:37:29.193,1354,33127.38
2025-11-16 15:37:29.193,1355,32765.05
2025-11-16 15:37:29.193,1356,32945.45
2025-11-16 15:37:29.193,1357,32945.45
2025-11-16 15:37:29.193,1358,34060.55
2025-11-16 15:37:29.193,1359,32945.45
2025-11-16 15:37:29.193,1360,36105.25
2025-11-16 15:37:29.193,1361,32276.66
2025-11-16 15:37:29.193,1362,31543.36
2025-11-16 15:37:29.193,1363,33588.98
2025-11-16 15:37:29.193,1364,35640.36
2025-11-16 15:37:29.193,1365,35234.91
2025-11-16 15:37:29.193,1366,33588.98
2025-11-16 15:37:29.193,1367,35640.36
2025-11-16 15:37:29.193,1368,33310.84
2025-11-16 15:37:29.193,1369,35897.47
2025-11-16 15:37:29.193,1370,37893.76
2025-11-16 15:37:29.193,1371,34935.51
2025-11-16 15:37:29.193,1372,32810.01
2025-11-16 15:37:29.193,1373,34300.16
2025-11-16 15:37:29.193,1374,31206.99
2025-11-16 15:37:29.193,1375,36262.32
2025-11-16 15:37:29.193,1376,70983.91
2025-11-16 15:37:29.193,1377,31971.61
2025-11-16 15:37:29.193,1378,36526.48
2025-11-16 15:37:29.193,1379,35640.36
2025-11-16 15:37:29.193,1380,31971.61
2025-11-16 15:37:29.193,1381,31713.61
2025-11-16 15:37:29.193,1382,33449.47
2025-11-16 15:37:29.193,1383,44415.61
2025-11-16 15:37:29.193,1384,188709.95
2025-11-16 15:37:29.193,1385,50021.84
2025-11-16 15:37:29.193,1386,550970.88
2025-11-16 15:37:29.193,1387,35184.73
2025-11-16 15:37:29.193,1388,52029.78
2025-11-16 15:37:29.193,1389,793012.25
2025-11-16 15:37:29.193,1390,65867.58
2025-11-16 15:37:29.193,1391,65867.58
2025-11-16 15:37:29.193,1392,36420.45
2025-11-16 15:37:29.193,1393,36157.48
2025-11-16 15:37:29.193,1394,34640.03
2025-11-16 15:37:29.193,1395,34252.03
2025-11-16 15:37:29.193,1396,34396.74
2025-11-16 15:37:29.193,1397,34252.03
2025-11-16 15:37:29.193,1398,34204.0
2025-11-16 15:37:29.193,1399,35234.91
2025-11-16 15:37:29.193,1400,34445.18
2025-11-16 15:37:29.193,1401,34396.74
2025-11-16 15:37:29.193,1402,34836.58
2025-11-16 15:37:29.193,1403,34542.39
2025-11-16 15:37:29.193,1404,34542.39
2025-11-16 15:37:29.193,1405,34640.03
2025-11-16 15:37:29.193,1406,36262.32
2025-11-16 15:37:29.193,1407,35134.67
2025-11-16 15:37:29.193,1408,37950.12
2025-11-16 15:37:29.193,1409,33495.87
2025-11-16 15:37:29.193,1410,34348.4
2025-11-16 15:37:29.193,1411,36157.48
2025-11-16 15:37:29.193,1412,38811.68
2025-11-16 15:37:29.193,1413,39165.01
2025-11-16 15:37:29.193,1414,36579.68
2025-11-16 15:37:29.193,1415,39283.93
2025-11-16 15:37:29.193,1416,35949.24
2025-11-16 15:37:29.193,1417,34348.4
2025-11-16 15:37:29.193,1418,41332.29
2025-11-16 15:37:29.193,1419,38348.37
2025-11-16 15:37:29.193,1420,36262.32
2025-11-16 15:37:29.193,1421,36739.99
2025-11-16 15:37:29.193,1422,34885.99
2025-11-16 15:37:29.193,1423,39165.01
2025-11-16 15:37:29.193,1424,77772.0
2025-11-16 15:37:29.193,1425,35794.29
2025-11-16 15:37:29.193,1426,40256.3
2025-11-16 15:37:29.193,1427,39523.48
2025-11-16 15:37:29.193,1428,35845.82
2025-11-16 15:37:29.193,1429,34640.03
2025-11-16 15:37:29.193,1430,39403.42
2025-11-16 15:37:29.193,1431,49409.89
2025-11-16 15:37:29.193,1432,210090.06
2025-11-16 15:37:29.193,1433,54176.42
2025-11-16 15:37:29.193,1434,708471.5
2025-11-16 15:37:29.193,1435,37893.76
2025-11-16 15:37:29.193,1436,58715.34
2025-11-16 15:37:29.193,1437,793012.25
2025-11-16 15:37:29.193,1438,73981.77
2025-11-16 15:37:29.193,1439,73981.77
2025-11-16 15:37:29.193,1440,36579.68
2025-11-16 15:37:29.193,1441,36526.48
2025-11-16 15:37:29.193,1442,35034.87
2025-11-16 15:37:29.193,1443,33776.39
2025-11-16 15:37:29.193,1444,34542.39
2025-11-16 15:37:29.193,1445,34640.03
2025-11-16 15:37:29.193,1446,34640.03
2025-11-16 15:37:29.193,1447,34591.16
2025-11-16 15:37:29.193,1448,34985.13
2025-11-16 15:37:29.193,1449,34542.39
2025-11-16 15:37:29.193,1450,34640.03
2025-11-16 15:37:29.193,1451,35034.87
2025-11-16 15:37:29.193,1452,35234.91
2025-11-16 15:37:29.193,1453,35640.36
2025-11-16 15:37:29.193,1454,37009.64
2025-11-16 15:37:29.193,1455,36157.48
2025-11-16 15:37:29.193,1456,38578.92
2025-11-16 15:37:29.193,1457,33870.7
2025-11-16 15:37:29.193,1458,33449.47
2025-11-16 15:37:29.193,1459,36157.48
2025-11-16 15:37:29.193,1460,38463.37
2025-11-16 15:37:29.193,1461,38578.92
2025-11-16 15:37:29.193,1462,36262.32
2025-11-16 15:37:29.193,1463,38636.91
2025-11-16 15:37:29.193,1464,35794.29
2025-11-16 15:37:29.193,1465,37781.43
2025-11-16 15:37:29.193,1466,41267.73
2025-11-16 15:37:29.193,1467,37950.12
2025-11-16 15:37:29.193,1468,34252.03
2025-11-16 15:37:29.193,1469,36579.68
2025-11-16 15:37:29.193,1470,32945.45
2025-11-16 15:37:29.193,1471,39224.4
2025-11-16 15:37:29.193,1472,73296.59
2025-11-16 15:37:29.193,1473,33776.39
2025-11-16 15:37:29.193,1474,38811.68
2025-11-16 15:37:29.193,1475,39644.14
2025-11-16 15:37:29.193,1476,32675.42
2025-11-16 15:37:29.193,1477,32189.05
2025-11-16 15:37:29.193,1478,29297.52
2025-11-16 15:37:29.193,1479,46449.59
2025-11-16 15:37:29.193,1480,206594.58
2025-11-16 15:37:29.193,1481,52987.48
2025-11-16 15:37:29.193,1482,550970.88
2025-11-16 15:37:29.193,1483,37118.37
2025-11-16 15:37:29.193,1484,57354.41
2025-11-16 15:37:29.193,1485,734602.25
2025-11-16 15:37:29.193,1486,72622.48
2025-11-16 15:37:29.193,1487,72622.48
2025-11-16 15:37:29.193,1488,32900.21
2025-11-16 15:37:29.193,1489,32145.38
2025-11-16 15:37:29.193,1490,30958.25
2025-11-16 15:37:29.193,1491,29564.92
2025-11-16 15:37:29.193,1492,30550.28
2025-11-16 15:37:29.193,1493,30071.27
2025-11-16 15:37:29.193,1494,30753.24
2025-11-16 15:37:29.193,1495,30590.71
2025-11-16 15:37:29.193,1496,30876.0
2025-11-16 15:37:29.193,1497,30835.0
2025-11-16 15:37:29.193,1498,30712.49
2025-11-16 15:37:29.193,1499,30876.0
2025-11-16 15:37:29.193,1500,30876.0
2025-11-16 15:37:29.193,1501,30917.09
2025-11-16 15:37:29.193,1502,32014.92
2025-11-16 15:37:29.193,1503,30876.0
2025-11-16 15:37:29.193,1504,33310.84
2025-11-16 15:37:29.193,1505,28996.3
2025-11-16 15:37:29.193,1506,29146.33
2025-11-16 15:37:29.193,1507,31501.02
2025-11-16 15:37:29.193,1508,33729.39
2025-11-16 15:37:29.193,1509,33870.7
2025-11-16 15:37:29.193,1510,31971.61
2025-11-16 15:37:29.193,1511,34252.03
2025-11-16 15:37:29.193,1512,31501.02
2025-11-16 15:37:29.193,1513,29526.5
2025-11-16 15:37:29.193,1514,37009.64
2025-11-16 15:37:29.193,1515,33036.22
2025-11-16 15:37:29.193,1516,31248.74
2025-11-16 15:37:29.193,1517,32232.81
2025-11-16 15:37:29.193,1518,29221.78
2025-11-16 15:37:29.193,1519,34252.03
2025-11-16 15:37:29.193,1520,66150.61
2025-11-16 15:37:29.193,1521,30309.35
2025-11-16 15:37:29.193,1522,35034.87
2025-11-16 15:37:29.193,1523,34348.4
2025-11-16 15:37:29.193,1524,30712.49
2025-11-16 15:37:29.193,1525,30349.31
2025-11-16 15:37:29.193,1526,33036.22
2025-11-16 15:37:29.193,1527,42455.23
2025-11-16 15:37:29.193,1528,176056.81
2025-11-16 15:37:29.193,1529,47484.0
2025-11-16 15:37:29.193,1530,536008.31
2025-11-16 15:37:29.193,1531,32990.79
2025-11-16 15:37:29.193,1532,50287.98
2025-11-16 15:37:29.193,1533,965113.19
2025-11-16 15:37:29.193,1534,63810.02
2025-11-16 15:37:29.193,1535,63810.02
2025-11-16 15:37:29.193,1536,26610.43
2025-11-16 15:37:29.193,1537,26610.43
2025-11-16 15:37:29.193,1538,26610.43
2025-11-16 15:37:29.193,1539,26610.43
2025-11-16 15:37:29.193,1540,26610.43
2025-11-16 15:37:29.193,1541,26610.43
2025-11-16 15:37:29.193,1542,26610.43
2025-11-16 15:37:29.193,1543,26610.43
2025-11-16 15:37:29.193,1544,26610.43
2025-11-16 15:37:29.193,1545,26610.43
2025-11-16 15:37:29.193,1546,26610.43
2025-11-16 15:37:29.193,1547,26610.43
2025-11-16 15:37:29.193,1548,26610.43
2025-11-16 15:37:29.193,1549,26610.43
2025-11-16 15:37:29.193,1550,26610.43
2025-11-16 15:37:29.193,1551,26610.43
2025-11-16 15:37:29.193,1552,26610.43
2025-11-16 15:37:29.193,1553,26610.43
2025-11-16 15:37:29.193,1554,26610.43
2025-11-16 15:37:29.193,1555,26610.43
2025-11-16 15:37:29.193,1556,26610.43
2025-11-16 15:37:29.193,1557,26610.43
2025-11-16 15:37:29.193,1558,26610.43
2025-11-16 15:37:29.193,1559,26610.43
2025-11-16 15:37:29.193,1560,26610.43
2025-11-16 15:37:29.193,1561,26610.43
2025-11-16 15:37:29.193,1562,26610.43
2025-11-16 15:37:29.193,1563,26610.43
2025-11-16 15:37:29.193,1564,26610.43
2025-11-16 15:37:29.193,1565,26610.43
2025-11-16 15:37:29.193,1566,26610.43
2025-11-16 15:37:29.193,1567,26610.43
2025-11-16 15:37:29.193,1568,26610.43
2025-11-16 15:37:29.193,1569,26610.43
2025-11-16 15:37:29.193,1570,26610.43
2025-11-16 15:37:29.193,1571,26610.43
2025-11-16 15:37:29.193,1572,26610.43
2025-11-16 15:37:29.193,1573,26610.43
2025-11-16 15:37:29.193,1574,26610.43
2025-11-16 15:37:29.193,1575,26610.43
2025-11-16 15:37:29.193,1576,26610.43
2025-11-16 15:37:29.193,1577,26610.43
2025-11-16 15:37:29.193,1578,26610.43
2025-11-16 15:37:29.193,1579,26610.43
2025-11-16 15:37:29.193,1580,26610.43
2025-11-16 15:37:29.193,1581,26610.43
2025-11-16 15:37:29.193,1582,26610.43
2025-11-16 15:37:29.193,1583,26610.43
2025-11-16 15:37:29.193,1584,26610.43
2025-11-16 15:37:29.193,1585,26219.28
2025-11-16 15:37:29.193,1586,25523.39
2025-11-16 15:37:29.193,1587,24036.8
2025-11-16 15:37:29.193,1588,24913.49
2025-11-16 15:37:29.193,1589,25064.0
2025-11-16 15:37:29.193,1590,25033.8
2025-11-16 15:37:29.193,1591,25215.81
2025-11-16 15:37:29.193,1592,25246.33
2025-11-16 15:37:29.193,1593,25033.8
2025-11-16 15:37:29.193,1594,25276.9
2025-11-16 15:37:29.193,1595,25246.33
2025-11-16 15:37:29.193,1596,25276.9
2025-11-16 15:37:29.193,1597,25276.9
2025-11-16 15:37:29.193,1598,26316.28
2025-11-16 15:37:29.193,1599,25616.71
2025-11-16 15:37:29.193,1600,27626.15
2025-11-16 15:37:29.193,1601,24208.61
2025-11-16 15:37:29.193,1602,22827.54
2025-11-16 15:37:29.193,1603,25647.93
2025-11-16 15:37:29.193,1604,27765.84
2025-11-16 15:37:29.193,1605,28119.63
2025-11-16 15:37:29.193,1606,26187.06
2025-11-16 15:37:29.193,1607,28155.37
2025-11-16 15:37:29.193,1608,25994.93
2025-11-16 15:37:29.193,1609,24528.13
2025-11-16 15:37:29.193,1610,30753.24
2025-11-16 15:37:29.193,1611,27556.69
2025-11-16 15:37:29.193,1612,25773.33
2025-11-16 15:37:29.193,1613,26676.44
2025-11-16 15:37:29.193,1614,24764.27
2025-11-16 15:37:29.193,1615,27695.87
2025-11-16 15:37:29.193,1616,57243.42
2025-11-16 15:37:29.193,1617,25215.81
2025-11-16 15:37:29.193,1618,29449.88
2025-11-16 15:37:29.193,1619,28773.39
2025-11-16 15:37:29.193,1620,25094.26
2025-11-16 15:37:29.193,1621,25773.33
2025-11-16 15:37:29.193,1622,28263.01
2025-11-16 15:37:29.193,1623,36579.68
2025-11-16 15:37:29.193,1624,153062.25
2025-11-16 15:37:29.193,1625,40693.86
2025-11-16 15:37:29.193,1626,550970.88
2025-11-16 15:37:29.193,1627,28083.96
2025-11-16 15:37:29.193,1628,45754.95
2025-11-16 15:37:29.193,1629,880309.75
2025-11-16 15:37:29.193,1630,57577.48
2025-11-16 15:37:29.193,1631,57577.48
2025-11-16 15:37:29.193,1632,25185.35
2025-11-16 15:37:29.193,1633,25124.57
2025-11-16 15:37:29.193,1634,24237.42
2025-11-16 15:37:29.193,1635,22880.64
2025-11-16 15:37:29.193,1636,23642.52
2025-11-16 15:37:29.193,1637,23586.93
2025-11-16 15:37:29.193,1638,23923.21
2025-11-16 15:37:29.193,1639,24151.15
2025-11-16 15:37:29.193,1640,23923.21
2025-11-16 15:37:29.193,1641,23866.7
2025-11-16 15:37:29.193,1642,24122.49
2025-11-16 15:37:29.193,1643,23923.21
2025-11-16 15:37:29.193,1644,23923.21
2025-11-16 15:37:29.193,1645,24036.8
2025-11-16 15:37:29.193,1646,24853.65
2025-11-16 15:37:29.193,1647,23810.38
2025-11-16 15:37:29.193,1648,25710.52
2025-11-16 15:37:29.193,1649,22460.52
2025-11-16 15:37:29.193,1650,22486.47
2025-11-16 15:37:29.193,1651,24208.61
2025-11-16 15:37:29.193,1652,25963.11
2025-11-16 15:37:29.193,1653,26154.89
2025-11-16 15:37:29.193,1654,24498.84
2025-11-16 15:37:29.193,1655,26610.43
2025-11-16 15:37:29.193,1656,24151.15
2025-11-16 15:37:29.193,1657,22050.96
2025-11-16 15:37:29.193,1658,27977.33
2025-11-16 15:37:29.193,1659,25033.8
2025-11-16 15:37:29.193,1660,19132.14
2025-11-16 15:37:29.193,1661,24208.61
2025-11-16 15:37:29.193,1662,19028.03
2025-11-16 15:37:29.193,1663,26187.06
2025-11-16 15:37:29.193,1664,49845.72
2025-11-16 15:37:29.193,1665,19237.01
2025-11-16 15:37:29.193,1666,26348.73
2025-11-16 15:37:29.193,1667,26154.89
2025-11-16 15:37:29.193,1668,17949.02
2025-11-16 15:37:29.193,1669,20510.75
2025-11-16 15:37:29.193,1670,24973.54
2025-11-16 15:37:29.193,1671,31971.61
2025-11-16 15:37:29.193,1672,141578.7
2025-11-16 15:37:29.193,1673,37172.92
2025-11-16 15:37:29.193,1674,942433.13
2025-11-16 15:37:29.193,1675,25033.8
2025-11-16 15:37:29.193,1676,38811.68
2025-11-16 15:37:29.193,1677,988899.38
2025-11-16 15:37:29.193,1678,51841.71
2025-11-16 15:37:29.193,1679,51841.71
2025-11-16 15:37:29.193,1680,32855.06
2025-11-16 15:37:29.193,1681,32720.19
2025-11-16 15:37:29.193,1682,31628.31
2025-11-16 15:37:29.193,1683,29680.64
2025-11-16 15:37:29.193,1684,30876.0
2025-11-16 15:37:29.193,1685,31290.57
2025-11-16 15:37:29.193,1686,31374.49
2025-11-16 15:37:29.193,1687,31458.76
2025-11-16 15:37:29.193,1688,31501.02
2025-11-16 15:37:29.193,1689,31290.57
2025-11-16 15:37:29.193,1690,31543.36
2025-11-16 15:37:29.193,1691,31543.36
2025-11-16 15:37:29.193,1692,31543.36
2025-11-16 15:37:29.193,1693,31290.57
2025-11-16 15:37:29.193,1694,32675.42
2025-11-16 15:37:29.193,1695,31585.79
2025-11-16 15:37:29.193,1696,33682.49
2025-11-16 15:37:29.193,1697,28263.01
2025-11-16 15:37:29.193,1698,30229.68
2025-11-16 15:37:29.193,1699,30876.0
2025-11-16 15:37:29.193,1700,33310.84
2025-11-16 15:37:29.193,1701,34252.03
2025-11-16 15:37:29.193,1702,31543.36
2025-11-16 15:37:29.193,1703,34060.55
2025-11-16 15:37:29.193,1704,30876.0
2025-11-16 15:37:29.193,1705,29221.78
2025-11-16 15:37:29.193,1706,36157.48
2025-11-16 15:37:29.193,1707,32541.67
2025-11-16 15:37:29.193,1708,29297.52
2025-11-16 15:37:29.193,1709,32408.75
2025-11-16 15:37:29.193,1710,28921.71
2025-11-16 15:37:29.193,1711,34156.08
2025-11-16 15:37:29.193,1712,60132.29
2025-11-16 15:37:29.193,1713,29221.78
2025-11-16 15:37:29.193,1714,35034.87
2025-11-16 15:37:29.193,1715,34542.39
2025-11-16 15:37:29.193,1716,27349.84
2025-11-16 15:37:29.193,1717,29184.02
2025-11-16 15:37:29.193,1718,33588.98
2025-11-16 15:37:29.193,1719,42455.23
2025-11-16 15:37:29.193,1720,175214.38
2025-11-16 15:37:29.193,1721,48725.57
2025-11-16 15:37:29.193,1722,483368.97
2025-11-16 15:37:29.193,1723,33036.22
2025-11-16 15:37:29.193,1724,49496.55
2025-11-16 15:37:29.193,1725,793012.25
2025-11-16 15:37:29.193,1726,65867.58
2025-11-16 15:37:29.193,1727,65867.58
2025-11-16 15:37:29.193,1728,26154.89
2025-11-16 15:37:29.193,1729,25963.11
2025-11-16 15:37:29.193,1730,25094.26
2025-11-16 15:37:29.193,1731,24093.88
2025-11-16 15:37:29.193,1732,24645.8
2025-11-16 15:37:29.193,1733,24704.93
2025-11-16 15:37:29.193,1734,24704.93
2025-11-16 15:37:29.193,1735,24883.55
2025-11-16 15:37:29.193,1736,24823.81
2025-11-16 15:37:29.193,1737,24734.57
2025-11-16 15:37:29.193,1738,24704.93
2025-11-16 15:37:29.193,1739,24734.57
2025-11-16 15:37:29.193,1740,24764.27
2025-11-16 15:37:29.193,1741,24734.57
2025-11-16 15:37:29.193,1742,25246.33
2025-11-16 15:37:29.193,1743,24883.55
2025-11-16 15:37:29.193,1744,26544.65
2025-11-16 15:37:29.193,1745,22357.16
2025-11-16 15:37:29.193,1746,22408.76
2025-11-16 15:37:29.193,1747,24036.8
2025-11-16 15:37:29.193,1748,26842.51
2025-11-16 15:37:29.193,1749,27111.36
2025-11-16 15:37:29.193,1750,25523.39
2025-11-16 15:37:29.193,1751,27281.39
2025-11-16 15:37:29.193,1752,25185.35
2025-11-16 15:37:29.193,1753,22486.47
2025-11-16 15:37:29.193,1754,29184.02
2025-11-16 15:37:29.193,1755,26219.28
2025-11-16 15:37:29.193,1756,21455.57
2025-11-16 15:37:29.193,1757,24616.31
2025-11-16 15:37:29.193,1758,20881.81
2025-11-16 15:37:29.193,1759,27315.59
2025-11-16 15:37:29.193,1760,51841.71
2025-11-16 15:37:29.193,1761,22616.81
2025-11-16 15:37:29.193,1762,27695.87
2025-11-16 15:37:29.193,1763,27349.84
2025-11-16 15:37:29.193,1764,21455.57
2025-11-16 15:37:29.193,1765,21406.95
2025-11-16 15:37:29.193,1766,25773.33
2025-11-16 15:37:29.193,1767,34156.08
2025-11-16 15:37:29.193,1768,138820.45
2025-11-16 15:37:29.193,1769,39403.42
2025-11-16 15:37:29.193,1770,942433.13
2025-11-16 15:37:29.193,1771,26610.43
2025-11-16 15:37:29.193,1772,40883.72
2025-11-16 15:37:29.193,1773,900097.25
2025-11-16 15:37:29.193,1774,55621.39
2025-11-16 15:37:29.193,1775,55621.39
2025-11-16 15:37:29.193,1776,25154.93
2025-11-16 15:37:29.193,1777,25710.52
2025-11-16 15:37:29.193,1778,24498.84
2025-11-16 15:37:29.193,1779,23339.05
2025-11-16 15:37:29.193,1780,23754.24
2025-11-16 15:37:29.193,1781,24036.8
2025-11-16 15:37:29.193,1782,23866.7
2025-11-16 15:37:29.193,1783,24266.27
2025-11-16 15:37:29.193,1784,24036.8
2025-11-16 15:37:29.193,1785,24065.32
2025-11-16 15:37:29.193,1786,24122.49
2025-11-16 15:37:29.193,1787,24151.15
2025-11-16 15:37:29.193,1788,24036.8
2025-11-16 15:37:29.193,1789,24122.49
2025-11-16 15:37:29.193,1790,25523.39
2025-11-16 15:37:29.193,1791,24353.12
2025-11-16 15:37:29.193,1792,26154.89
2025-11-16 15:37:29.193,1793,22305.72
2025-11-16 15:37:29.193,1794,21651.57
2025-11-16 15:37:29.193,1795,23866.7
2025-11-16 15:37:29.193,1796,26090.74
2025-11-16 15:37:29.193,1797,26090.74
2025-11-16 15:37:29.193,1798,24237.42
2025-11-16 15:37:29.193,1799,26219.28
2025-11-16 15:37:29.193,1800,24208.61
2025-11-16 15:37:29.193,1801,21900.02
2025-11-16 15:37:29.193,1802,28480.09
2025-11-16 15:37:29.193,1803,24853.65
2025-11-16 15:37:29.193,1804,21310.15
2025-11-16 15:37:29.193,1805,24616.31
2025-11-16 15:37:29.193,1806,21118.33
2025-11-16 15:37:29.193,1807,26187.06
2025-11-16 15:37:29.193,1808,51841.71
2025-11-16 15:37:29.193,1809,21725.7
2025-11-16 15:37:29.193,1810,26676.44
2025-11-16 15:37:29.193,1811,26479.11
2025-11-16 15:37:29.193,1812,20464.99
2025-11-16 15:37:29.193,1813,19048.79
2025-11-16 15:37:29.193,1814,25523.39
2025-11-16 15:37:29.193,1815,32855.06
2025-11-16 15:37:29.193,1816,142142.66
2025-11-16 15:37:29.193,1817,37781.43
2025-11-16 15:37:29.193,1818,861364.44
2025-11-16 15:37:29.193,1819,25647.93
2025-11-16 15:37:29.193,1820,39765.37
2025-11-16 15:37:29.193,1821,942433.13
2025-11-16 15:37:29.193,1822,52029.78
2025-11-16 15:37:29.193,1823,52029.78
2025-11-16 15:37:29.193,1824,33081.75
2025-11-16 15:37:29.193,1825,33036.22
2025-11-16 15:37:29.193,1826,31543.36
2025-11-16 15:37:29.193,1827,30631.22
2025-11-16 15:37:29.193,1828,31040.83
2025-11-16 15:37:29.193,1829,31501.02
2025-11-16 15:37:29.193,1830,30753.24
2025-11-16 15:37:29.193,1831,31501.02
2025-11-16 15:37:29.193,1832,31374.49
2025-11-16 15:37:29.193,1833,31290.57
2025-11-16 15:37:29.193,1834,31290.57
2025-11-16 15:37:29.193,1835,31501.02
2025-11-16 15:37:29.193,1836,31206.99
2025-11-16 15:37:29.193,1837,31248.74
2025-11-16 15:37:29.193,1838,32586.16
2025-11-16 15:37:29.193,1839,31458.76
2025-11-16 15:37:29.193,1840,33729.39
2025-11-16 15:37:29.193,1841,28699.64
2025-11-16 15:37:29.193,1842,28810.36
2025-11-16 15:37:29.193,1843,31458.76
2025-11-16 15:37:29.193,1844,34156.08
2025-11-16 15:37:29.193,1845,34204.0
2025-11-16 15:37:29.193,1846,32320.6
2025-11-16 15:37:29.193,1847,34348.4
2025-11-16 15:37:29.193,1848,31290.57
2025-11-16 15:37:29.193,1849,28773.39
2025-11-16 15:37:29.193,1850,36473.41
2025-11-16 15:37:29.193,1851,33036.22
2025-11-16 15:37:29.193,1852,29449.88
2025-11-16 15:37:29.193,1853,31885.26
2025-11-16 15:37:29.193,1854,27556.69
2025-11-16 15:37:29.193,1855,34156.08
2025-11-16 15:37:29.193,1856,59892.09
2025-11-16 15:37:29.193,1857,29526.5
2025-11-16 15:37:29.193,1858,34689.0
2025-11-16 15:37:29.193,1859,34252.03
2025-11-16 15:37:29.193,1860,29449.88
2025-11-16 15:37:29.193,1861,29449.88
2025-11-16 15:37:29.193,1862,32990.79
2025-11-16 15:37:29.193,1863,42320.58
2025-11-16 15:37:29.193,1864,176906.95
2025-11-16 15:37:29.193,1865,47565.14
2025-11-16 15:37:29.193,1866,861364.44
2025-11-16 15:37:29.193,1867,33588.98
2025-11-16 15:37:29.193,1868,47001.92
2025-11-16 15:37:29.193,1869,988899.38
2025-11-16 15:37:29.193,1870,65586.65
2025-11-16 15:37:29.193,1871,65586.65
2025-11-16 15:37:29.193,1872,27349.84
2025-11-16 15:37:29.193,1873,27626.15
2025-11-16 15:37:29.193,1874,26709.53
2025-11-16 15:37:29.193,1875,25836.37
2025-11-16 15:37:29.193,1876,26026.81
2025-11-16 15:37:29.193,1877,26283.89
2025-11-16 15:37:29.193,1878,26283.89
2025-11-16 15:37:29.193,1879,26544.65
2025-11-16 15:37:29.193,1880,26577.51
2025-11-16 15:37:29.193,1881,25899.63
2025-11-16 15:37:29.193,1882,26381.24
2025-11-16 15:37:29.193,1883,26348.73
2025-11-16 15:37:29.193,1884,26154.89
2025-11-16 15:37:29.193,1885,26154.89
2025-11-16 15:37:29.193,1886,27349.84
2025-11-16 15:37:29.193,1887,26610.43
2025-11-16 15:37:29.193,1888,28516.51
2025-11-16 15:37:29.193,1889,24179.86
2025-11-16 15:37:29.193,1890,23421.27
2025-11-16 15:37:29.193,1891,26348.73
2025-11-16 15:37:29.193,1892,28699.64
2025-11-16 15:37:29.193,1893,28553.0
2025-11-16 15:37:29.193,1894,27247.26
2025-11-16 15:37:29.193,1895,28662.88
2025-11-16 15:37:29.193,1896,26610.43
2025-11-16 15:37:29.193,1897,28773.39
2025-11-16 15:37:29.193,1898,30958.25
2025-11-16 15:37:29.193,1899,27836.08
2025-11-16 15:37:29.193,1900,23866.7
2025-11-16 15:37:29.193,1901,26742.69
2025-11-16 15:37:29.193,1902,21213.94
2025-11-16 15:37:29.193,1903,28996.3
2025-11-16 15:37:29.193,1904,52697.09
2025-11-16 15:37:29.193,1905,24324.12
2025-11-16 15:37:29.193,1906,29297.52
2025-11-16 15:37:29.193,1907,29221.78
2025-11-16 15:37:29.193,1908,23866.7
2025-11-16 15:37:29.193,1909,23810.38
2025-11-16 15:37:29.193,1910,27145.25
2025-11-16 15:37:29.193,1911,36053.13
2025-11-16 15:37:29.193,1912,146210.88
2025-11-16 15:37:29.193,1913,41267.73
2025-11-16 15:37:29.193,1914,942433.13
2025-11-16 15:37:29.193,1915,28299.01
2025-11-16 15:37:29.193,1916,41986.96
2025-11-16 15:37:29.193,1917,861364.44
2025-11-16 15:37:29.193,1918,56693.92
2025-11-16 15:37:29.193,1919,56693.92
2025-11-16 15:37:29.193,1920,942433.13
2025-11-16 15:37:29.193,1921,942433.13
2025-11-16 15:37:29.193,1922,900097.25
2025-11-16 15:37:29.193,1923,900097.25
2025-11-16 15:37:29.193,1924,900097.25
2025-11-16 15:37:29.193,1925,900097.25
2025-11-16 15:37:29.193,1926,900097.25
2025-11-16 15:37:29.193,1927,900097.25
2025-11-16 15:37:29.193,1928,900097.25
2025-11-16 15:37:29.193,1929,900097.25
2025-11-16 15:37:29.193,1930,900097.25
2025-11-16 15:37:29.193,1931,900097.25
2025-11-16 15:37:29.193,1932,900097.25
2025-11-16 15:37:29.193,1933,900097.25
2025-11-16 15:37:29.193,1934,900097.25
2025-11-16 15:37:29.193,1935,900097.25
2025-11-16 15:37:29.193,1936,900097.25
2025-11-16 15:37:29.193,1937,900097.25
2025-11-16 15:37:29.193,1938,900097.25
2025-11-16 15:37:29.193,1939,900097.25
2025-11-16 15:37:29.193,1940,942433.13
2025-11-16 15:37:29.193,1941,988899.38
2025-11-16 15:37:29.193,1942,988899.38
2025-11-16 15:37:29.193,1943,988899.38
2025-11-16 15:37:29.193,1944,861364.44
2025-11-16 15:37:29.193,1945,942433.13
2025-11-16 15:37:29.193,1946,942433.13
2025-11-16 15:37:29.193,1947,988899.38
2025-11-16 15:37:29.193,1948,900097.25
2025-11-16 15:37:29.193,1949,721303.56
2025-11-16 15:37:29.193,1950,861364.44
2025-11-16 15:37:29.193,1951,988899.38
2025-11-16 15:37:29.193,1952,988899.38
2025-11-16 15:37:29.193,1953,920784.13
2025-11-16 15:37:29.193,1954,942433.13
2025-11-16 15:37:29.193,1955,965113.19
2025-11-16 15:37:29.193,1956,793012.25
2025-11-16 15:37:29.193,1957,708471.5
2025-11-16 15:37:29.193,1958,793012.25
2025-11-16 15:37:29.193,1959,861364.44
2025-11-16 15:37:29.193,1960,942433.13
2025-11-16 15:37:29.193,1961,942433.13
2025-11-16 15:37:29.193,1962,900097.25
2025-11-16 15:37:29.193,1963,900097.25
2025-11-16 15:37:29.193,1964,592227.94
2025-11-16 15:37:29.193,1965,31756.39
2025-11-16 15:37:29.193,1966,31756.39
2025-11-16 15:37:29.193,1967,31756.39
2025-11-16 15:37:29.193,1968,31756.39
2025-11-16 15:37:29.193,1969,32675.42
2025-11-16 15:37:29.193,1970,31501.02
2025-11-16 15:37:29.193,1971,29449.88
2025-11-16 15:37:29.193,1972,31040.83
2025-11-16 15:37:29.193,1973,31040.83
2025-11-16 15:37:29.193,1974,30917.09
2025-11-16 15:37:29.193,1975,31290.57
2025-11-16 15:37:29.193,1976,30958.25
2025-11-16 15:37:29.193,1977,30999.5
2025-11-16 15:37:29.193,1978,31040.83
2025-11-16 15:37:29.193,1979,31290.57
2025-11-16 15:37:29.193,1980,30999.5
2025-11-16 15:37:29.193,1981,31374.49
2025-11-16 15:37:29.193,1982,32541.67
2025-11-16 15:37:29.193,1983,31458.76
2025-11-16 15:37:29.193,1984,33495.87
2025-11-16 15:37:29.193,1985,28773.39
2025-11-16 15:37:29.193,1986,28553.0
2025-11-16 15:37:29.193,1987,31458.76
2025-11-16 15:37:29.193,1988,33635.68
2025-11-16 15:37:29.193,1989,33870.7
2025-11-16 15:37:29.193,1990,31885.26
2025-11-16 15:37:29.193,1991,33870.7
2025-11-16 15:37:29.193,1992,30550.28
2025-11-16 15:37:29.193,1993,33495.87
2025-11-16 15:37:29.193,1994,35845.82
2025-11-16 15:37:29.193,1995,33036.22
2025-11-16 15:37:29.193,1996,29108.72
2025-11-16 15:37:29.193,1997,32014.92
2025-11-16 15:37:29.193,1998,26283.89
2025-11-16 15:37:29.193,1999,33588.98
2025-11-16 15:37:29.193,2000,56368.51
2025-11-16 15:37:29.193,2001,28299.01
2025-11-16 15:37:29.193,2002,34542.39
2025-11-16 15:37:29.193,2003,33870.7
2025-11-16 15:37:29.193,2004,28371.24
2025-11-16 15:37:29.193,2005,27906.57
2025-11-16 15:37:29.193,2006,32586.16
2025-11-16 15:37:29.193,2007,41526.96
2025-11-16 15:37:29.193,2008,178630.77
2025-11-16 15:37:29.193,2009,48139.58
2025-11-16 15:37:29.193,2010,403612.41
2025-11-16 15:37:29.193,2011,33310.84
2025-11-16 15:37:29.193,2012,45754.95
2025-11-16 15:37:29.193,2013,942433.13
2025-11-16 15:37:29.193,2014,62499.11
2025-11-16 15:37:29.193,2015,62499.11
2025-11-16 15:37:29.193,2016,684112.31
2025-11-16 15:37:29.193,2017,558763.94
2025-11-16 15:37:29.193,2018,696081.88
2025-11-16 15:37:29.193,2019,661350.38
2025-11-16 15:37:29.193,2020,734602.25
2025-11-16 15:37:29.193,2021,672541.69
2025-11-16 15:37:29.193,2022,684112.31
2025-11-16 15:37:29.193,2023,988899.38
2025-11-16 15:37:29.193,2024,748393.56
2025-11-16 15:37:29.193,2025,661350.38
2025-11-16 15:37:29.193,2026,734602.25
2025-11-16 15:37:29.193,2027,734602.25
2025-11-16 15:37:29.193,2028,900097.25
2025-11-16 15:37:29.193,2029,861364.44
2025-11-16 15:37:29.193,2030,734602.25
2025-11-16 15:37:29.193,2031,708471.5
2025-11-16 15:37:29.193,2032,734602.25
2025-11-16 15:37:29.193,2033,900097.25
2025-11-16 15:37:29.193,2034,734602.25
2025-11-16 15:37:29.193,2035,942433.13
2025-11-16 15:37:29.193,2036,861364.44
2025-11-16 15:37:29.193,2037,861364.44
2025-11-16 15:37:29.193,2038,684112.31
2025-11-16 15:37:29.193,2039,920784.13
2025-11-16 15:37:29.193,2040,942433.13
2025-11-16 15:37:29.193,2041,734602.25
2025-11-16 15:37:29.193,2042,900097.25
2025-11-16 15:37:29.193,2043,861364.44
2025-11-16 15:37:29.193,2044,650520.19
2025-11-16 15:37:29.193,2045,708471.5
2025-11-16 15:37:29.193,2046,762705.19
2025-11-16 15:37:29.193,2047,900097.25
2025-11-16 15:37:29.193,2048,900097.25
2025-11-16 15:37:29.193,2049,734602.25
2025-11-16 15:37:29.193,2050,793012.25
2025-11-16 15:37:29.193,2051,900097.25
2025-11-16 15:37:29.193,2052,734602.25
2025-11-16 15:37:29.193,2053,661350.38
2025-11-16 15:37:29.193,2054,721303.56
2025-11-16 15:37:29.193,2055,900097.25
2025-11-16 15:37:29.193,2056,942433.13
2025-11-16 15:37:29.193,2057,942433.13
2025-11-16 15:37:29.193,2058,920784.13
2025-11-16 15:37:29.193,2059,920784.13
2025-11-16 15:37:29.193,2060,435092.38
2025-11-16 15:37:29.193,2061,27315.59
2025-11-16 15:37:29.193,2062,27315.59
2025-11-16 15:37:29.193,2063,27315.59
2025-11-16 15:37:29.193,2064,27315.59
2025-11-16 15:37:29.193,2065,27626.15
2025-11-16 15:37:29.193,2066,26316.28
2025-11-16 15:37:29.193,2067,24764.27
2025-11-16 15:37:29.193,2068,25804.82
2025-11-16 15:37:29.193,2069,25963.11
2025-11-16 15:37:29.193,2070,25931.34
2025-11-16 15:37:29.193,2071,26219.28
2025-11-16 15:37:29.193,2072,26154.89
2025-11-16 15:37:29.193,2073,26348.73
2025-11-16 15:37:29.193,2074,26809.18
2025-11-16 15:37:29.193,2075,26544.65
2025-11-16 15:37:29.193,2076,25836.37
2025-11-16 15:37:29.193,2077,26544.65
2025-11-16 15:37:29.193,2078,27213.2
2025-11-16 15:37:29.193,2079,26283.89
2025-11-16 15:37:29.193,2080,27906.57
2025-11-16 15:37:29.193,2081,20533.68
2025-11-16 15:37:29.193,2082,24266.27
2025-11-16 15:37:29.193,2083,24973.54
2025-11-16 15:37:29.193,2084,28884.52
2025-11-16 15:37:29.193,2085,28996.3
2025-11-16 15:37:29.193,2086,27281.39
2025-11-16 15:37:29.193,2087,29221.78
2025-11-16 15:37:29.193,2088,26875.9
2025-11-16 15:37:29.193,2089,25804.82
2025-11-16 15:37:29.193,2090,31756.39
2025-11-16 15:37:29.193,2091,28553.0
2025-11-16 15:37:29.193,2092,26219.28
2025-11-16 15:37:29.193,2093,28119.63
2025-11-16 15:37:29.193,2094,25461.45
2025-11-16 15:37:29.193,2095,29071.17
2025-11-16 15:37:29.193,2096,57802.03
2025-11-16 15:37:29.193,2097,26026.81
2025-11-16 15:37:29.193,2098,30031.86
2025-11-16 15:37:29.193,2099,29449.88
2025-11-16 15:37:29.193,2100,25804.82
2025-11-16 15:37:29.193,2101,26026.81
2025-11-16 15:37:29.193,2102,29449.88
2025-11-16 15:37:29.193,2103,36901.41
2025-11-16 15:37:29.193,2104,152414.69
2025-11-16 15:37:29.193,2105,41267.73
2025-11-16 15:37:29.193,2106,412143.03
2025-11-16 15:37:29.193,2107,28263.01
2025-11-16 15:37:29.193,2108,43983.32
2025-11-16 15:37:29.193,2109,920784.13
2025-11-16 15:37:29.193,2110,57577.48
2025-11-16 15:37:29.193,2111,57577.48
2025-11-16 15:37:29.193,2112,483368.97
2025-11-16 15:37:29.193,2113,521823.06
2025-11-16 15:37:29.193,2114,412143.03
2025-11-16 15:37:29.193,2115,455329.53
2025-11-16 15:37:29.193,2116,466154.09
2025-11-16 15:37:29.193,2117,495554.03
2025-11-16 15:37:29.193,2118,412143.03
2025-11-16 15:37:29.193,2119,483368.97
2025-11-16 15:37:29.193,2120,466154.09
2025-11-16 15:37:29.193,2121,460679.59
2025-11-16 15:37:29.193,2122,536008.31
2025-11-16 15:37:29.193,2123,483368.97
2025-11-16 15:37:29.193,2124,508356.06
2025-11-16 15:37:29.193,2125,471757.34
2025-11-16 15:37:29.193,2126,495554.03
2025-11-16 15:37:29.193,2127,460679.59
2025-11-16 15:37:29.193,2128,489387.19
2025-11-16 15:37:29.193,2129,455329.53
2025-11-16 15:37:29.193,2130,483368.97
2025-11-16 15:37:29.193,2131,483368.97
2025-11-16 15:37:29.193,2132,495554.03
2025-11-16 15:37:29.193,2133,521823.06
2025-11-16 15:37:29.193,2134,550970.88
2025-11-16 15:37:29.193,2135,477494.09
2025-11-16 15:37:29.193,2136,471757.34
2025-11-16 15:37:29.193,2137,477494.09
2025-11-16 15:37:29.193,2138,536008.31
2025-11-16 15:37:29.193,2139,515003.19
2025-11-16 15:37:29.193,2140,439984.91
2025-11-16 15:37:29.193,2141,466154.09
2025-11-16 15:37:29.193,2142,435092.38
2025-11-16 15:37:29.193,2143,528822.38
2025-11-16 15:37:29.193,2144,322883.13
2025-11-16 15:37:29.193,2145,477494.09
2025-11-16 15:37:29.193,2146,536008.31
2025-11-16 15:37:29.193,2147,439984.91
2025-11-16 15:37:29.193,2148,387544.88
2025-11-16 15:37:29.193,2149,403612.41
2025-11-16 15:37:29.193,2150,483368.97
2025-11-16 15:37:29.193,2151,483368.97
2025-11-16 15:37:29.193,2152,536008.31
2025-11-16 15:37:29.193,2153,536008.31
2025-11-16 15:37:29.193,2154,430305.09
2025-11-16 15:37:29.193,2155,430305.09
2025-11-16 15:37:29.193,2156,77396.36
2025-11-16 15:37:29.193,2157,558763.94
2025-11-16 15:37:29.193,2158,558763.94
2025-11-16 15:37:29.193,2159,558763.94
2025-11-16 15:37:29.193,2160,684112.31
2025-11-16 15:37:29.193,2161,583498.19
2025-11-16 15:37:29.193,2162,483368.97
2025-11-16 15:37:29.193,2163,536008.31
2025-11-16 15:37:29.193,2164,536008.31
2025-11-16 15:37:29.193,2165,684112.31
2025-11-16 15:37:29.193,2166,536008.31
2025-11-16 15:37:29.193,2167,684112.31
2025-11-16 15:37:29.193,2168,629875.0
2025-11-16 15:37:29.193,2169,601218.31
2025-11-16 15:37:29.193,2170,708471.5
2025-11-16 15:37:29.193,2171,536008.31
2025-11-16 15:37:29.193,2172,583498.19
2025-11-16 15:37:29.193,2173,528822.38
2025-11-16 15:37:29.193,2174,696081.88
2025-11-16 15:37:29.193,2175,684112.31
2025-11-16 15:37:29.193,2176,942433.13
2025-11-16 15:37:29.193,2177,861364.44
2025-11-16 15:37:29.193,2178,721303.56
2025-11-16 15:37:29.193,2179,900097.25
2025-11-16 15:37:29.193,2180,793012.25
2025-11-16 15:37:29.193,2181,825793.38
2025-11-16 15:37:29.193,2182,762705.19
2025-11-16 15:37:29.193,2183,942433.13
2025-11-16 15:37:29.193,2184,900097.25
2025-11-16 15:37:29.193,2185,721303.56
2025-11-16 15:37:29.193,2186,988899.38
2025-11-16 15:37:29.193,2187,793012.25
2025-11-16 15:37:29.193,2188,734602.25
2025-11-16 15:37:29.193,2189,734602.25
2025-11-16 15:37:29.193,2190,566776.38
2025-11-16 15:37:29.193,2191,777567.38
2025-11-16 15:37:29.193,2192,550970.88
2025-11-16 15:37:29.193,2193,793012.25
2025-11-16 15:37:29.193,2194,900097.25
2025-11-16 15:37:29.193,2195,900097.25
2025-11-16 15:37:29.193,2196,793012.25
2025-11-16 15:37:29.193,2197,661350.38
2025-11-16 15:37:29.193,2198,793012.25
2025-11-16 15:37:29.193,2199,988899.38
2025-11-16 15:37:29.193,2200,988899.38
2025-11-16 15:37:29.193,2201,988899.38
2025-11-16 15:37:29.193,2202,942433.13
2025-11-16 15:37:29.193,2203,942433.13
2025-11-16 15:37:29.193,2204,152414.69
2025-11-16 15:37:29.193,2205,988899.38
2025-11-16 15:37:29.193,2206,988899.38
2025-11-16 15:37:29.193,2207,988899.38
2025-11-16 15:37:29.193,2208,291051.47
2025-11-16 15:37:29.193,2209,291051.47
2025-11-16 15:37:29.193,2210,291051.47
2025-11-16 15:37:29.193,2211,291051.47
2025-11-16 15:37:29.193,2212,291051.47
2025-11-16 15:37:29.193,2213,291051.47
2025-11-16 15:37:29.193,2214,291051.47
2025-11-16 15:37:29.193,2215,291051.47
2025-11-16 15:37:29.193,2216,291051.47
2025-11-16 15:37:29.193,2217,291051.47
2025-11-16 15:37:29.193,2218,291051.47
2025-11-16 15:37:29.193,2219,291051.47
2025-11-16 15:37:29.193,2220,291051.47
2025-11-16 15:37:29.193,2221,291051.47
2025-11-16 15:37:29.193,2222,291051.47
2025-11-16 15:37:29.193,2223,291051.47
2025-11-16 15:37:29.193,2224,291051.47
2025-11-16 15:37:29.193,2225,291051.47
2025-11-16 15:37:29.193,2226,291051.47
2025-11-16 15:37:29.193,2227,291051.47
2025-11-16 15:37:29.193,2228,291051.47
2025-11-16 15:37:29.193,2229,291051.47
2025-11-16 15:37:29.193,2230,291051.47
2025-11-16 15:37:29.193,2231,291051.47
2025-11-16 15:37:29.193,2232,291051.47
2025-11-16 15:37:29.193,2233,291051.47
2025-11-16 15:37:29.193,2234,291051.47
2025-11-16 15:37:29.193,2235,291051.47
2025-11-16 15:37:29.193,2236,291051.47
2025-11-16 15:37:29.193,2237,291051.47
2025-11-16 15:37:29.193,2238,291051.47
2025-11-16 15:37:29.193,2239,291051.47
2025-11-16 15:37:29.193,2240,291051.47
2025-11-16 15:37:29.193,2241,291051.47
2025-11-16 15:37:29.193,2242,291051.47
2025-11-16 15:37:29.193,2243,291051.47
2025-11-16 15:37:29.193,2244,291051.47
2025-11-16 15:37:29.193,2245,291051.47
2025-11-16 15:37:29.193,2246,291051.47
2025-11-16 15:37:29.193,2247,291051.47
2025-11-16 15:37:29.193,2248,291051.47
2025-11-16 15:37:29.193,2249,291051.47
2025-11-16 15:37:29.193,2250,291051.47
2025-11-16 15:37:29.193,2251,291051.47
2025-11-16 15:37:29.193,2252,291051.47
2025-11-16 15:37:29.193,2253,291051.47
2025-11-16 15:37:29.193,2254,291051.47
2025-11-16 15:37:29.193,2255,291051.47
2025-11-16 15:37:29.193,2256,291051.47
2025-11-16 15:37:29.193,2257,264774.34
2025-11-16 15:37:29.193,2258,284551.28
2025-11-16 15:37:29.193,2259,264774.34
2025-11-16 15:37:29.193,2260,264774.34
2025-11-16 15:37:29.193,2261,346048.91
2025-11-16 15:37:29.193,2262,295546.66
2025-11-16 15:37:29.193,2263,312394.69
2025-11-16 15:37:29.193,2264,320197.59
2025-11-16 15:37:29.193,2265,314954.38
2025-11-16 15:37:29.193,2266,320197.59
2025-11-16 15:37:29.193,2267,317555.0
2025-11-16 15:37:29.193,2268,284551.28
2025-11-16 15:37:29.193,2269,317555.0
2025-11-16 15:37:29.193,2270,339960.47
2025-11-16 15:37:29.193,2271,312394.69
2025-11-16 15:37:29.193,2272,293282.41
2025-11-16 15:37:29.193,2273,291051.47
2025-11-16 15:37:29.193,2274,317555.0
2025-11-16 15:37:29.193,2275,339960.47
2025-11-16 15:37:29.193,2276,369134.25
2025-11-16 15:37:29.193,2277,358884.03
2025-11-16 15:37:29.193,2278,322883.13
2025-11-16 15:37:29.193,2279,328387.41
2025-11-16 15:37:29.193,2280,325612.69
2025-11-16 15:37:29.193,2281,334076.69
2025-11-16 15:37:29.193,2282,349173.25
2025-11-16 15:37:29.193,2283,339960.47
2025-11-16 15:37:29.193,2284,284551.28
2025-11-16 15:37:29.193,2285,284551.28
2025-11-16 15:37:29.193,2286,264774.34
2025-11-16 15:37:29.193,2287,314954.38
2025-11-16 15:37:29.193,2288,233684.53
2025-11-16 15:37:29.193,2289,288853.09
2025-11-16 15:37:29.193,2290,320197.59
2025-11-16 15:37:29.193,2291,334076.69
2025-11-16 15:37:29.193,2292,282446.44
2025-11-16 15:37:29.193,2293,232241.86
2025-11-16 15:37:29.193,2294,312394.69
2025-11-16 15:37:29.193,2295,372678.72
2025-11-16 15:37:29.193,2296,988899.38
2025-11-16 15:37:29.193,2297,372678.72
2025-11-16 15:37:29.193,2298,302546.75
2025-11-16 15:37:29.193,2299,302546.75
2025-11-16 15:37:29.193,2300,54685.13
2025-11-16 15:37:29.193,2301,471757.34
2025-11-16 15:37:29.193,2302,471757.34
2025-11-16 15:37:29.193,2303,471757.34
2025-11-16 15:37:29.475,0,26283.89
2025-11-16 15:37:29.475,1,32720.19
2025-11-16 15:37:29.475,2,39403.42
2025-11-16 15:37:29.475,3,37950.12
2025-11-16 15:37:29.475,4,38578.92
2025-11-16 15:37:29.475,5,39403.42
2025-11-16 15:37:29.475,6,39523.48
2025-11-16 15:37:29.475,7,39887.21
2025-11-16 15:37:29.475,8,39704.69
2025-11-16 15:37:29.475,9,39283.93
2025-11-16 15:37:29.475,10,39826.22
2025-11-16 15:37:29.475,11,39704.69
2025-11-16 15:37:29.475,12,40194.41
2025-11-16 15:37:29.475,13,39343.6
2025-11-16 15:37:29.475,14,41397.01
2025-11-16 15:37:29.475,15,39644.14
2025-11-16 15:37:29.475,16,40505.41
2025-11-16 15:37:29.475,17,42320.58
2025-11-16 15:37:29.475,18,42726.61
2025-11-16 15:37:29.475,19,43347.59
2025-11-16 15:37:29.475,20,44707.67
2025-11-16 15:37:29.475,21,45907.83
2025-11-16 15:37:29.475,22,41267.73
2025-11-16 15:37:29.475,23,44854.87
2025-11-16 15:37:29.475,24,40820.27
2025-11-16 15:37:29.475,25,42186.62
2025-11-16 15:37:29.475,26,48139.58
2025-11-16 15:37:29.475,27,43769.74
2025-11-16 15:37:29.475,28,42726.61
2025-11-16 15:37:29.475,29,41920.75
2025-11-16 15:37:29.475,30,42455.23
2025-11-16 15:37:29.475,31,43840.75
2025-11-16 15:37:29.475,32,86936.61
2025-11-16 15:37:29.475,33,40442.9
2025-11-16 15:37:29.475,34,45226.35
2025-11-16 15:37:29.475,35,44126.66
2025-11-16 15:37:29.475,36,42455.23
2025-11-16 15:37:29.475,37,42863.36
2025-11-16 15:37:29.475,38,47322.41
2025-11-16 15:37:29.475,39,55833.13
2025-11-16 15:37:29.475,40,208912.44
2025-11-16 15:37:29.475,41,56912.64
2025-11-16 15:37:29.475,42,734602.25
2025-11-16 15:37:29.475,43,42186.62
2025-11-16 15:37:29.475,44,64347.73
2025-11-16 15:37:29.475,45,734602.25
2025-11-16 15:37:29.475,46,77023.94
2025-11-16 15:37:29.475,47,77023.94
2025-11-16 15:37:29.475,48,113621.23
2025-11-16 15:37:29.475,49,115905.77
2025-11-16 15:37:29.475,50,127324.66
2025-11-16 15:37:29.475,51,121579.19
2025-11-16 15:37:29.475,52,123295.2
2025-11-16 15:37:29.475,53,119495.26
2025-11-16 15:37:29.475,54,115134.95
2025-11-16 15:37:29.475,55,128253.38
2025-11-16 15:37:29.475,56,121579.19
2025-11-16 15:37:29.475,57,122431.63
2025-11-16 15:37:29.475,58,129670.22
2025-11-16 15:37:29.475,59,130148.98
2025-11-16 15:37:29.475,60,132097.22
2025-11-16 15:37:29.475,61,128722.46
2025-11-16 15:37:29.475,62,137745.05
2025-11-16 15:37:29.475,63,129670.22
2025-11-16 15:37:29.475,64,114753.04
2025-11-16 15:37:29.475,65,135640.13
2025-11-16 15:37:29.475,66,144441.03
2025-11-16 15:37:29.475,67,135123.23
2025-11-16 15:37:29.475,68,146210.88
2025-11-16 15:37:29.475,69,135640.13
2025-11-16 15:37:29.475,70,128722.46
2025-11-16 15:37:29.475,71,143283.25
2025-11-16 15:37:29.475,72,125056.52
2025-11-16 15:37:29.475,73,132592.78
2025-11-16 15:37:29.475,74,138820.45
2025-11-16 15:37:29.475,75,136685.03
2025-11-16 15:37:29.475,76,133594.3
2025-11-16 15:37:29.475,77,130631.02
2025-11-16 15:37:29.475,78,138820.45
2025-11-16 15:37:29.475,79,146210.88
2025-11-16 15:37:29.475,80,229407.17
2025-11-16 15:37:29.475,81,137745.05
2025-11-16 15:37:29.475,82,146809.88
2025-11-16 15:37:29.475,83,143859.97
2025-11-16 15:37:29.475,84,142142.66
2025-11-16 15:37:29.475,85,136685.03
2025-11-16 15:37:29.475,86,155036.28
2025-11-16 15:37:29.475,87,177764.91
2025-11-16 15:37:29.475,88,601218.31
2025-11-16 15:37:29.475,89,135123.23
2025-11-16 15:37:29.475,90,138820.45
2025-11-16 15:37:29.475,91,138820.45
2025-11-16 15:37:29.475,92,114753.04
2025-11-16 15:37:29.475,93,176906.95
2025-11-16 15:37:29.475,94,176906.95
2025-11-16 15:37:29.475,95,176906.95
2025-11-16 15:37:29.475,96,86025.24
2025-11-16 15:37:29.475,97,85352.86
2025-11-16 15:37:29.475,98,92531.65
2025-11-16 15:37:29.475,99,91512.71
2025-11-16 15:37:29.475,100,90513.82
2025-11-16 15:37:29.475,101,93571.2
2025-11-16 15:37:29.475,102,91512.71
2025-11-16 15:37:29.475,103,93048.8
2025-11-16 15:37:29.475,104,91010.8
2025-11-16 15:37:29.475,105,91512.71
2025-11-16 15:37:29.475,106,98234.78
2025-11-16 15:37:29.475,107,98522.22
2025-11-16 15:37:29.475,108,102094.18
2025-11-16 15:37:29.475,109,98522.22
2025-11-16 15:37:29.475,110,102712.45
2025-11-16 15:37:29.475,111,96820.16
2025-11-16 15:37:29.475,112,85352.86
2025-11-16 15:37:29.475,113,103969.71
2025-11-16 15:37:29.475,114,102402.48
2025-11-16 15:37:29.475,115,104288.4
2025-11-16 15:37:29.475,116,105581.22
2025-11-16 15:37:29.475,117,111418.03
2025-11-16 15:37:29.475,118,96820.16
2025-11-16 15:37:29.475,119,104931.19
2025-11-16 15:37:29.475,120,101482.63
2025-11-16 15:37:29.475,121,101482.63
2025-11-16 15:37:29.475,122,108599.64
2025-11-16 15:37:29.475,123,103024.17
2025-11-16 15:37:29.475,124,102094.18
2025-11-16 15:37:29.475,125,101787.58
2025-11-16 15:37:29.475,126,100279.32
2025-11-16 15:37:29.475,127,107238.9
2025-11-16 15:37:29.475,128,194675.0
2025-11-16 15:37:29.475,129,103024.17
2025-11-16 15:37:29.475,130,109992.31
2025-11-16 15:37:29.475,131,109992.31
2025-11-16 15:37:29.475,132,103024.17
2025-11-16 15:37:29.475,133,101482.63
2025-11-16 15:37:29.475,134,118276.26
2025-11-16 15:37:29.475,135,128722.46
2025-11-16 15:37:29.475,136,455329.53
2025-11-16 15:37:29.475,137,106570.16
2025-11-16 15:37:29.475,138,101787.58
2025-11-16 15:37:29.475,139,101787.58
2025-11-16 15:37:29.475,140,137745.05
2025-11-16 15:37:29.475,141,170315.53
2025-11-16 15:37:29.475,142,170315.53
2025-11-16 15:37:29.475,143,170315.53
2025-11-16 15:37:29.475,144,42794.9
2025-11-16 15:37:29.475,145,42455.23
2025-11-16 15:37:29.475,146,42658.5
2025-11-16 15:37:29.475,147,43698.91
2025-11-16 15:37:29.475,148,41986.96
2025-11-16 15:37:29.475,149,42320.58
2025-11-16 15:37:29.475,150,41920.75
2025-11-16 15:37:29.475,151,42320.58
2025-11-16 15:37:29.475,152,41461.9
2025-11-16 15:37:29.475,153,42455.23
2025-11-16 15:37:29.475,154,42387.82
2025-11-16 15:37:29.475,155,42455.23
2025-11-16 15:37:29.475,156,42455.23
2025-11-16 15:37:29.475,157,41986.96
2025-11-16 15:37:29.475,158,42590.57
2025-11-16 15:37:29.475,159,41526.96
2025-11-16 15:37:29.475,160,22987.37
2025-11-16 15:37:29.475,161,41461.9
2025-11-16 15:37:29.475,162,43487.57
2025-11-16 15:37:29.475,163,39224.4
2025-11-16 15:37:29.475,164,46138.74
2025-11-16 15:37:29.475,165,47001.92
2025-11-16 15:37:29.475,166,40505.41
2025-11-16 15:37:29.475,167,45907.83
2025-11-16 15:37:29.475,168,42320.58
2025-11-16 15:37:29.475,169,44343.09
2025-11-16 15:37:29.475,170,47081.7
2025-11-16 15:37:29.475,171,45602.89
2025-11-16 15:37:29.475,172,44561.25
2025-11-16 15:37:29.475,173,43698.91
2025-11-16 15:37:29.475,174,45077.16
2025-11-16 15:37:29.475,175,46606.3
2025-11-16 15:37:29.475,176,94364.8
2025-11-16 15:37:29.475,177,44415.61
2025-11-16 15:37:29.475,178,48980.34
2025-11-16 15:37:29.475,179,48139.58
2025-11-16 15:37:29.475,180,45602.89
2025-11-16 15:37:29.475,181,45301.25
2025-11-16 15:37:29.475,182,52029.78
2025-11-16 15:37:29.475,183,59653.54
2025-11-16 15:37:29.475,184,210090.06
2025-11-16 15:37:29.475,185,53378.87
2025-11-16 15:37:29.475,186,661350.38
2025-11-16 15:37:29.475,187,44561.25
2025-11-16 15:37:29.475,188,61860.94
2025-11-16 15:37:29.475,189,988899.38
2025-11-16 15:37:29.475,190,74328.61
2025-11-16 15:37:29.475,191,74328.61
2025-11-16 15:37:29.475,192,30999.5
2025-11-16 15:37:29.475,193,30389.34
2025-11-16 15:37:29.475,194,29297.52
2025-11-16 15:37:29.475,195,30189.96
2025-11-16 15:37:29.475,196,29184.02
2025-11-16 15:37:29.475,197,29411.68
2025-11-16 15:37:29.475,198,28662.88
2025-11-16 15:37:29.475,199,29449.88
2025-11-16 15:37:29.475,200,29221.78
2025-11-16 15:37:29.475,201,28921.71
2025-11-16 15:37:29.475,202,28921.71
2025-11-16 15:37:29.475,203,28847.41
2025-11-16 15:37:29.475,204,28847.41
2025-11-16 15:37:29.475,205,29146.33
2025-11-16 15:37:29.475,206,30071.27
2025-11-16 15:37:29.475,207,29071.17
2025-11-16 15:37:29.475,208,18221.02
2025-11-16 15:37:29.475,209,29603.42
2025-11-16 15:37:29.475,210,29297.52
2025-11-16 15:37:29.475,211,22933.92
2025-11-16 15:37:29.475,212,32189.05
2025-11-16 15:37:29.475,213,32945.45
2025-11-16 15:37:29.475,214,26122.79
2025-11-16 15:37:29.475,215,31928.39
2025-11-16 15:37:29.475,216,30031.86
2025-11-16 15:37:29.475,217,30835.0
2025-11-16 15:37:29.475,218,33870.7
2025-11-16 15:37:29.475,219,31971.61
2025-11-16 15:37:29.475,220,31206.99
2025-11-16 15:37:29.475,221,30309.35
2025-11-16 15:37:29.475,222,30753.24
2025-11-16 15:37:29.475,223,32541.67
2025-11-16 15:37:29.475,224,68493.05
2025-11-16 15:37:29.475,225,31290.57
2025-11-16 15:37:29.475,226,34689.0
2025-11-16 15:37:29.475,227,33682.49
2025-11-16 15:37:29.475,228,32364.63
2025-11-16 15:37:29.475,229,31971.61
2025-11-16 15:37:29.475,230,36793.67
2025-11-16 15:37:29.475,231,43557.83
2025-11-16 15:37:29.475,232,162702.02
2025-11-16 15:37:29.475,233,40756.99
2025-11-16 15:37:29.475,234,942433.13
2025-11-16 15:37:29.475,235,32014.92
2025-11-16 15:37:29.475,236,51284.3
2025-11-16 15:37:29.475,237,762705.19
2025-11-16 15:37:29.475,238,59653.54
2025-11-16 15:37:29.475,239,59653.54
2025-11-16 15:37:29.475,240,19707.48
2025-11-16 15:37:29.475,241,19449.01
2025-11-16 15:37:29.475,242,19028.03
2025-11-16 15:37:29.475,243,19577.68
2025-11-16 15:37:29.475,244,18378.83
2025-11-16 15:37:29.475,245,18801.55
2025-11-16 15:37:29.475,246,18458.39
2025-11-16 15:37:29.475,247,18518.36
2025-11-16 15:37:29.475,248,18221.02
2025-11-16 15:37:29.475,249,18339.21
2025-11-16 15:37:29.475,250,18418.55
2025-11-16 15:37:29.475,251,18260.31
2025-11-16 15:37:29.475,252,18538.4
2025-11-16 15:37:29.475,253,18458.39
2025-11-16 15:37:29.475,254,19427.67
2025-11-16 15:37:29.475,255,18458.39
2025-11-16 15:37:29.475,256,18699.77
2025-11-16 15:37:29.475,257,20103.78
2025-11-16 15:37:29.475,258,19838.42
2025-11-16 15:37:29.475,259,19090.4
2025-11-16 15:37:29.475,260,21286.04
2025-11-16 15:37:29.475,261,21725.7
2025-11-16 15:37:29.475,262,19174.0
2025-11-16 15:37:29.475,263,21528.79
2025-11-16 15:37:29.475,264,19707.48
2025-11-16 15:37:29.475,265,20373.88
2025-11-16 15:37:29.475,266,23698.29
2025-11-16 15:37:29.475,267,21118.33
2025-11-16 15:37:29.475,268,20834.94
2025-11-16 15:37:29.475,269,20148.47
2025-11-16 15:37:29.475,270,20419.37
2025-11-16 15:37:29.475,271,21118.33
2025-11-16 15:37:29.475,272,48980.34
2025-11-16 15:37:29.475,273,20487.86
2025-11-16 15:37:29.475,274,22880.64
2025-11-16 15:37:29.475,275,22050.96
2025-11-16 15:37:29.475,276,20975.98
2025-11-16 15:37:29.475,277,21023.29
2025-11-16 15:37:29.475,278,24734.57
2025-11-16 15:37:29.475,279,29449.88
2025-11-16 15:37:29.475,280,114373.48
2025-11-16 15:37:29.475,281,29033.7
2025-11-16 15:37:29.475,282,550970.88
2025-11-16 15:37:29.475,283,20648.86
2025-11-16 15:37:29.475,284,37118.37
2025-11-16 15:37:29.475,285,861364.44
2025-11-16 15:37:29.475,286,42863.36
2025-11-16 15:37:29.475,287,42863.36
2025-11-16 15:37:29.475,288,16114.59
2025-11-16 15:37:29.475,289,16047.52
2025-11-16 15:37:29.475,290,15205.86
2025-11-16 15:37:29.475,291,15782.65
2025-11-16 15:37:29.475,292,14744.46
2025-11-16 15:37:29.475,293,14988.43
2025-11-16 15:37:29.475,294,14805.01
2025-11-16 15:37:29.475,295,14759.57
2025-11-16 15:37:29.475,296,14820.19
2025-11-16 15:37:29.475,297,14789.84
2025-11-16 15:37:29.475,298,14805.01
2025-11-16 15:37:29.475,299,14789.84
2025-11-16 15:37:29.475,300,14835.39
2025-11-16 15:37:29.475,301,14835.39
2025-11-16 15:37:29.475,302,15684.7
2025-11-16 15:37:29.475,303,14911.68
2025-11-16 15:37:29.475,304,17018.8
2025-11-16 15:37:29.475,305,16751.64
2025-11-16 15:37:29.475,306,16875.66
2025-11-16 15:37:29.475,307,17420.39
2025-11-16 15:37:29.475,308,17420.39
2025-11-16 15:37:29.475,309,18162.29
2025-11-16 15:37:29.475,310,15947.57
2025-11-16 15:37:29.475,311,17853.14
2025-11-16 15:37:29.475,312,15848.37
2025-11-16 15:37:29.475,313,16663.75
2025-11-16 15:37:29.475,314,19882.33
2025-11-16 15:37:29.475,315,17036.8
2025-11-16 15:37:29.475,316,16964.95
2025-11-16 15:37:29.475,317,16455.14
2025-11-16 15:37:29.475,318,16628.76
2025-11-16 15:37:29.475,319,17036.8
2025-11-16 15:37:29.475,320,41397.01
2025-11-16 15:37:29.475,321,16420.69
2025-11-16 15:37:29.475,322,18498.34
2025-11-16 15:37:29.475,323,17910.59
2025-11-16 15:37:29.475,324,16840.11
2025-11-16 15:37:29.475,325,17199.88
2025-11-16 15:37:29.475,326,20396.61
2025-11-16 15:37:29.475,327,24616.31
2025-11-16 15:37:29.475,328,99687.32
2025-11-16 15:37:29.475,329,25836.37
2025-11-16 15:37:29.475,330,421032.91
2025-11-16 15:37:29.475,331,16716.42
2025-11-16 15:37:29.475,332,32320.6
2025-11-16 15:37:29.475,333,566776.38
2025-11-16 15:37:29.475,334,35897.47
2025-11-16 15:37:29.475,335,35897.47
2025-11-16 15:37:29.475,336,14789.84
2025-11-16 15:37:29.475,337,14639.21
2025-11-16 15:37:29.475,338,13912.56
2025-11-16 15:37:29.475,339,14154.79
2025-11-16 15:37:29.475,340,13483.07
2025-11-16 15:37:29.475,341,13730.56
2025-11-16 15:37:29.475,342,13469.47
2025-11-16 15:37:29.475,343,13510.31
2025-11-16 15:37:29.475,344,13320.91
2025-11-16 15:37:29.475,345,13347.78
2025-11-16 15:37:29.475,346,13592.43
2025-11-16 15:37:29.475,347,13469.47
2025-11-16 15:37:29.475,348,13483.07
2025-11-16 15:37:29.475,349,13469.47
2025-11-16 15:37:29.475,350,14328.73
2025-11-16 15:37:29.475,351,13510.31
2025-11-16 15:37:29.475,352,15815.47
2025-11-16 15:37:29.475,353,15363.49
2025-11-16 15:37:29.475,354,15555.25
2025-11-16 15:37:29.475,355,15914.42
2025-11-16 15:37:29.475,356,15947.57
2025-11-16 15:37:29.475,357,16840.11
2025-11-16 15:37:29.475,358,14654.19
2025-11-16 15:37:29.475,359,16472.4
2025-11-16 15:37:29.475,360,14624.25
2025-11-16 15:37:29.475,361,15174.57
2025-11-16 15:37:29.475,362,18260.31
2025-11-16 15:37:29.475,363,15491.01
2025-11-16 15:37:29.475,364,15587.49
2025-11-16 15:37:29.475,365,14881.11
2025-11-16 15:37:29.475,366,15363.49
2025-11-16 15:37:29.475,367,15766.28
2025-11-16 15:37:29.475,368,39403.42
2025-11-16 15:37:29.475,369,15237.23
2025-11-16 15:37:29.475,370,17163.47
2025-11-16 15:37:29.475,371,16403.5
2025-11-16 15:37:29.475,372,15652.22
2025-11-16 15:37:29.475,373,15930.98
2025-11-16 15:37:29.475,374,18842.47
2025-11-16 15:37:29.475,375,23148.76
2025-11-16 15:37:29.475,376,93571.2
2025-11-16 15:37:29.475,377,24151.15
2025-11-16 15:37:29.475,378,988899.38
2025-11-16 15:37:29.475,379,15347.64
2025-11-16 15:37:29.475,380,30389.34
2025-11-16 15:37:29.475,381,566776.38
2025-11-16 15:37:29.475,382,34542.39
2025-11-16 15:37:29.475,383,34542.39
2025-11-16 15:37:29.475,384,14564.57
2025-11-16 15:37:29.475,385,14416.64
2025-11-16 15:37:29.475,386,13716.68
2025-11-16 15:37:29.475,387,14285.01
2025-11-16 15:37:29.475,388,13227.34
2025-11-16 15:37:29.475,389,13415.23
2025-11-16 15:37:29.475,390,13294.1
2025-11-16 15:37:29.475,391,13294.1
2025-11-16 15:37:29.475,392,13254.0
2025-11-16 15:37:29.475,393,13214.03
2025-11-16 15:37:29.475,394,13294.1
2025-11-16 15:37:29.475,395,13267.35
2025-11-16 15:37:29.475,396,13307.49
2025-11-16 15:37:29.475,397,13267.35
2025-11-16 15:37:29.475,398,14154.79
2025-11-16 15:37:29.475,399,13320.91
2025-11-16 15:37:29.475,400,15523.09
2025-11-16 15:37:29.475,401,15158.95
2025-11-16 15:37:29.475,402,14988.43
2025-11-16 15:37:29.475,403,15749.92
2025-11-16 15:37:29.475,404,15848.37
2025-11-16 15:37:29.475,405,16386.33
2025-11-16 15:37:29.475,406,14684.21
2025-11-16 15:37:29.475,407,16249.76
2025-11-16 15:37:29.475,408,14564.57
2025-11-16 15:37:29.475,409,15096.68
2025-11-16 15:37:29.475,410,18045.56
2025-11-16 15:37:29.475,411,15603.64
2025-11-16 15:37:29.475,412,15347.64
2025-11-16 15:37:29.475,413,14926.99
2025-11-16 15:37:29.475,414,15300.2
2025-11-16 15:37:29.475,415,15555.25
2025-11-16 15:37:29.475,416,38695.02
2025-11-16 15:37:29.475,417,15112.21
2025-11-16 15:37:29.475,418,16947.04
2025-11-16 15:37:29.475,419,16352.05
2025-11-16 15:37:29.475,420,15395.25
2025-11-16 15:37:29.475,421,15815.47
2025-11-16 15:37:29.475,422,18699.77
2025-11-16 15:37:29.475,423,22616.81
2025-11-16 15:37:29.475,424,93309.35
2025-11-16 15:37:29.475,425,23754.24
2025-11-16 15:37:29.475,426,942433.13
2025-11-16 15:37:29.475,427,15174.57
2025-11-16 15:37:29.475,428,30631.22
2025-11-16 15:37:29.475,429,528822.38
2025-11-16 15:37:29.475,430,34542.39
2025-11-16 15:37:29.475,431,34542.39
2025-11-16 15:37:29.475,432,14549.7
2025-11-16 15:37:29.475,433,14328.73
2025-11-16 15:37:29.475,434,13483.07
2025-11-16 15:37:29.475,435,14212.49
2025-11-16 15:37:29.475,436,13254.0
2025-11-16 15:37:29.475,437,13294.1
2025-11-16 15:37:29.475,438,13240.66
2025-11-16 15:37:29.475,439,13214.03
2025-11-16 15:37:29.475,440,13174.2
2025-11-16 15:37:29.475,441,13055.53
2025-11-16 15:37:29.475,442,13240.66
2025-11-16 15:37:29.475,443,13267.35
2025-11-16 15:37:29.475,444,13267.35
2025-11-16 15:37:29.475,445,13174.2
2025-11-16 15:37:29.475,446,13716.68
2025-11-16 15:37:29.475,447,13254.0
2025-11-16 15:37:29.475,448,15587.49
2025-11-16 15:37:29.475,449,15081.15
2025-11-16 15:37:29.475,450,15019.26
2025-11-16 15:37:29.475,451,15587.49
2025-11-16 15:37:29.475,452,15684.7
2025-11-16 15:37:29.475,453,16334.95
2025-11-16 15:37:29.475,454,14328.73
2025-11-16 15:37:29.475,455,16081.01
2025-11-16 15:37:29.475,456,14212.49
2025-11-16 15:37:29.475,457,14835.39
2025-11-16 15:37:29.475,458,17872.27
2025-11-16 15:37:29.475,459,15363.49
2025-11-16 15:37:29.475,460,15268.68
2025-11-16 15:37:29.475,461,14850.61
2025-11-16 15:37:29.475,462,14942.32
2025-11-16 15:37:29.475,463,15284.43
2025-11-16 15:37:29.475,464,38233.91
2025-11-16 15:37:29.475,465,14911.68
2025-11-16 15:37:29.475,466,16681.28
2025-11-16 15:37:29.475,467,16014.12
2025-11-16 15:37:29.475,468,15205.86
2025-11-16 15:37:29.475,469,15555.25
2025-11-16 15:37:29.475,470,18398.68
2025-11-16 15:37:29.475,471,22512.45
2025-11-16 15:37:29.475,472,90513.82
2025-11-16 15:37:29.475,473,23586.93
2025-11-16 15:37:29.475,474,942433.13
2025-11-16 15:37:29.475,475,14911.68
2025-11-16 15:37:29.475,476,29526.5
2025-11-16 15:37:29.475,477,543388.5
2025-11-16 15:37:29.475,478,33776.39
2025-11-16 15:37:29.475,479,33776.39
2025-11-16 15:37:29.475,480,14416.64
2025-11-16 15:37:29.475,481,14169.19
2025-11-16 15:37:29.475,482,13455.89
2025-11-16 15:37:29.475,483,13954.95
2025-11-16 15:37:29.475,484,12964.06
2025-11-16 15:37:29.475,485,13160.96
2025-11-16 15:37:29.475,486,13003.18
2025-11-16 15:37:29.475,487,13055.53
2025-11-16 15:37:29.475,488,13042.42
2025-11-16 15:37:29.475,489,12977.09
2025-11-16 15:37:29.475,490,13094.96
2025-11-16 15:37:29.475,491,13029.33
2025-11-16 15:37:29.475,492,13094.96
2025-11-16 15:37:29.475,493,13055.53
2025-11-16 15:37:29.475,494,13954.95
2025-11-16 15:37:29.475,495,13029.33
2025-11-16 15:37:29.475,496,15205.86
2025-11-16 15:37:29.475,497,14942.32
2025-11-16 15:37:29.475,498,15019.26
2025-11-16 15:37:29.475,499,15363.49
2025-11-16 15:37:29.475,500,15523.09
2025-11-16 15:37:29.475,501,16182.0
2025-11-16 15:37:29.475,502,14183.61
2025-11-16 15:37:29.475,503,15947.57
2025-11-16 15:37:29.475,504,14299.57
2025-11-16 15:37:29.475,505,14744.46
2025-11-16 15:37:29.475,506,17738.95
2025-11-16 15:37:29.475,507,15268.68
2025-11-16 15:37:29.475,508,15112.21
2025-11-16 15:37:29.475,509,14654.19
2025-11-16 15:37:29.475,510,14805.01
2025-11-16 15:37:29.475,511,15112.21
2025-11-16 15:37:29.475,512,37893.76
2025-11-16 15:37:29.475,513,14865.85
2025-11-16 15:37:29.475,514,16663.75
2025-11-16 15:37:29.475,515,15914.42
2025-11-16 15:37:29.475,516,15237.23
2025-11-16 15:37:29.475,517,15411.16
2025-11-16 15:37:29.475,518,18378.83
2025-11-16 15:37:29.475,519,22512.45
2025-11-16 15:37:29.475,520,92531.65
2025-11-16 15:37:29.475,521,23586.93
2025-11-16 15:37:29.475,522,942433.13
2025-11-16 15:37:29.475,523,14744.46
2025-11-16 15:37:29.475,524,29108.72
2025-11-16 15:37:29.475,525,566776.38
2025-11-16 15:37:29.475,526,33635.68
2025-11-16 15:37:29.475,527,33635.68
2025-11-16 15:37:29.475,528,14505.19
2025-11-16 15:37:29.475,529,14328.73
2025-11-16 15:37:29.475,530,13483.07
2025-11-16 15:37:29.475,531,14126.04
2025-11-16 15:37:29.475,532,13108.13
2025-11-16 15:37:29.475,533,13374.71
2025-11-16 15:37:29.475,534,13187.46
2025-11-16 15:37:29.475,535,13160.96
2025-11-16 15:37:29.475,536,13160.96
2025-11-16 15:37:29.475,537,13121.31
2025-11-16 15:37:29.475,538,13227.34
2025-11-16 15:37:29.475,539,13187.46
2025-11-16 15:37:29.475,540,13227.34
2025-11-16 15:37:29.475,541,13121.31
2025-11-16 15:37:29.475,542,14212.49
2025-11-16 15:37:29.475,543,13227.34
2025-11-16 15:37:29.475,544,15363.49
2025-11-16 15:37:29.475,545,15174.57
2025-11-16 15:37:29.475,546,15143.35
2025-11-16 15:37:29.475,547,15603.64
2025-11-16 15:37:29.475,548,15636.01
2025-11-16 15:37:29.475,549,16420.69
2025-11-16 15:37:29.475,550,14372.61
2025-11-16 15:37:29.475,551,16131.41
2025-11-16 15:37:29.475,552,14416.64
2025-11-16 15:37:29.475,553,14988.43
2025-11-16 15:37:29.475,554,17929.79
2025-11-16 15:37:29.475,555,15491.01
2025-11-16 15:37:29.475,556,15300.2
2025-11-16 15:37:29.475,557,14835.39
2025-11-16 15:37:29.475,558,15065.65
2025-11-16 15:37:29.475,559,15395.25
2025-11-16 15:37:29.475,560,38578.92
2025-11-16 15:37:29.475,561,14896.38
2025-11-16 15:37:29.475,562,16698.84
2025-11-16 15:37:29.475,563,16047.52
2025-11-16 15:37:29.475,564,15331.81
2025-11-16 15:37:29.475,565,15668.45
2025-11-16 15:37:29.475,566,18538.4
2025-11-16 15:37:29.475,567,22721.83
2025-11-16 15:37:29.475,568,91010.8
2025-11-16 15:37:29.475,569,23754.24
2025-11-16 15:37:29.475,570,988899.38
2025-11-16 15:37:29.475,571,14926.99
2025-11-16 15:37:29.475,572,30590.71
2025-11-16 15:37:29.475,573,640033.69
2025-11-16 15:37:29.475,574,34689.0
2025-11-16 15:37:29.475,575,34689.0
2025-11-16 15:37:29.475,576,14579.46
2025-11-16 15:37:29.475,577,14343.34
2025-11-16 15:37:29.475,578,13702.81
2025-11-16 15:37:29.475,579,14226.96
2025-11-16 15:37:29.475,580,13187.46
2025-11-16 15:37:29.475,581,13401.71
2025-11-16 15:37:29.475,582,13160.96
2025-11-16 15:37:29.475,583,13200.74
2025-11-16 15:37:29.475,584,13227.34
2025-11-16 15:37:29.475,585,13055.53
2025-11-16 15:37:29.475,586,13240.66
2025-11-16 15:37:29.475,587,13187.46
2025-11-16 15:37:29.475,588,13267.35
2025-11-16 15:37:29.475,589,13200.74
2025-11-16 15:37:29.475,590,14097.35
2025-11-16 15:37:29.475,591,13347.78
2025-11-16 15:37:29.475,592,15427.09
2025-11-16 15:37:29.475,593,15112.21
2025-11-16 15:37:29.475,594,15019.26
2025-11-16 15:37:29.475,595,15507.04
2025-11-16 15:37:29.475,596,15652.22
2025-11-16 15:37:29.475,597,16283.77
2025-11-16 15:37:29.475,598,14328.73
2025-11-16 15:37:29.475,599,16097.79
2025-11-16 15:37:29.475,600,14328.73
2025-11-16 15:37:29.475,601,14835.39
2025-11-16 15:37:29.475,602,17872.27
2025-11-16 15:37:29.475,603,15347.64
2025-11-16 15:37:29.475,604,15112.21
2025-11-16 15:37:29.475,605,14564.57
2025-11-16 15:37:29.475,606,14654.19
2025-11-16 15:37:29.475,607,14759.57
2025-11-16 15:37:29.475,608,37950.12
2025-11-16 15:37:29.475,609,14564.57
2025-11-16 15:37:29.475,610,16751.64
2025-11-16 15:37:29.475,611,15815.47
2025-11-16 15:37:29.475,612,15143.35
2025-11-16 15:37:29.475,613,15411.16
2025-11-16 15:37:29.475,614,18240.65
2025-11-16 15:37:29.475,615,22357.16
2025-11-16 15:37:29.475,616,91010.8
2025-11-16 15:37:29.475,617,23726.24
2025-11-16 15:37:29.475,618,942433.13
2025-11-16 15:37:29.475,619,14805.01
2025-11-16 15:37:29.475,620,29564.92
2025-11-16 15:37:29.475,621,583498.19
2025-11-16 15:37:29.475,622,33870.7
2025-11-16 15:37:29.475,623,33870.7
2025-11-16 15:37:29.475,624,14505.19
2025-11-16 15:37:29.475,625,14357.96
2025-11-16 15:37:29.475,626,13647.49
2025-11-16 15:37:29.475,627,14154.79
2025-11-16 15:37:29.475,628,13187.46
2025-11-16 15:37:29.475,629,13428.77
2025-11-16 15:37:29.475,630,13294.1
2025-11-16 15:37:29.475,631,13240.66
2025-11-16 15:37:29.475,632,13094.96
2025-11-16 15:37:29.475,633,13068.66
2025-11-16 15:37:29.475,634,13108.13
2025-11-16 15:37:29.475,635,13187.46
2025-11-16 15:37:29.475,636,13254.0
2025-11-16 15:37:29.475,637,13214.03
2025-11-16 15:37:29.475,638,14140.4
2025-11-16 15:37:29.475,639,13294.1
2025-11-16 15:37:29.475,640,15491.01
2025-11-16 15:37:29.475,641,15081.15
2025-11-16 15:37:29.475,642,15081.15
2025-11-16 15:37:29.475,643,15571.36
2025-11-16 15:37:29.475,644,15684.7
2025-11-16 15:37:29.475,645,16249.76
2025-11-16 15:37:29.475,646,14549.7
2025-11-16 15:37:29.475,647,16131.41
2025-11-16 15:37:29.475,648,14387.27
2025-11-16 15:37:29.475,649,14835.39
2025-11-16 15:37:29.475,650,17531.99
2025-11-16 15:37:29.475,651,15523.09
2025-11-16 15:37:29.475,652,15112.21
2025-11-16 15:37:29.475,653,14744.46
2025-11-16 15:37:29.475,654,14774.7
2025-11-16 15:37:29.475,655,15190.2
2025-11-16 15:37:29.475,656,37613.93
2025-11-16 15:37:29.475,657,14774.7
2025-11-16 15:37:29.475,658,16628.76
2025-11-16 15:37:29.475,659,15997.45
2025-11-16 15:37:29.475,660,15347.64
2025-11-16 15:37:29.475,661,15523.09
2025-11-16 15:37:29.475,662,18221.02
2025-11-16 15:37:29.475,663,22331.42
2025-11-16 15:37:29.475,664,88573.8
2025-11-16 15:37:29.475,665,23754.24
2025-11-16 15:37:29.475,666,460679.59
2025-11-16 15:37:29.475,667,14744.46
2025-11-16 15:37:29.475,668,29914.1
2025-11-16 15:37:29.475,669,566776.38
2025-11-16 15:37:29.475,670,33682.49
2025-11-16 15:37:29.475,671,33682.49
2025-11-16 15:37:29.475,672,14270.47
2025-11-16 15:37:29.475,673,14270.47
2025-11-16 15:37:29.475,674,13702.81
2025-11-16 15:37:29.475,675,14140.4
2025-11-16 15:37:29.475,676,13294.1
2025-11-16 15:37:29.475,677,13483.07
2025-11-16 15:37:29.475,678,13374.71
2025-11-16 15:37:29.475,679,13401.71
2025-11-16 15:37:29.475,680,13307.49
2025-11-16 15:37:29.475,681,13294.1
2025-11-16 15:37:29.475,682,13374.71
2025-11-16 15:37:29.475,683,13334.34
2025-11-16 15:37:29.475,684,13388.2
2025-11-16 15:37:29.475,685,13320.91
2025-11-16 15:37:29.475,686,14328.73
2025-11-16 15:37:29.475,687,13483.07
2025-11-16 15:37:29.475,688,15619.82
2025-11-16 15:37:29.475,689,15331.81
2025-11-16 15:37:29.475,690,15300.2
2025-11-16 15:37:29.475,691,15815.47
2025-11-16 15:37:29.475,692,15897.87
2025-11-16 15:37:29.475,693,16646.24
2025-11-16 15:37:29.475,694,14684.21
2025-11-16 15:37:29.475,695,16386.33
2025-11-16 15:37:29.475,696,14609.3
2025-11-16 15:37:29.475,697,15019.26
2025-11-16 15:37:29.475,698,18181.84
2025-11-16 15:37:29.475,699,15619.82
2025-11-16 15:37:29.475,700,15491.01
2025-11-16 15:37:29.475,701,15034.71
2025-11-16 15:37:29.475,702,15096.68
2025-11-16 15:37:29.475,703,15555.25
2025-11-16 15:37:29.475,704,38753.28
2025-11-16 15:37:29.475,705,15081.15
2025-11-16 15:37:29.475,706,16947.04
2025-11-16 15:37:29.475,707,16352.05
2025-11-16 15:37:29.475,708,15539.16
2025-11-16 15:37:29.475,709,15782.65
2025-11-16 15:37:29.475,710,18679.5
2025-11-16 15:37:29.475,711,22854.06
2025-11-16 15:37:29.475,712,89534.38
2025-11-16 15:37:29.475,713,24065.32
2025-11-16 15:37:29.475,714,450099.75
2025-11-16 15:37:29.475,715,15300.2
2025-11-16 15:37:29.475,716,30835.0
2025-11-16 15:37:29.475,717,661350.38
2025-11-16 15:37:29.475,718,35335.6
2025-11-16 15:37:29.475,719,35335.6
2025-11-16 15:37:29.475,720,14549.7
2025-11-16 15:37:29.475,721,14357.96
2025-11-16 15:37:29.475,722,13983.3
2025-11-16 15:37:29.475,723,14594.37
2025-11-16 15:37:29.475,724,13647.49
2025-11-16 15:37:29.475,725,13758.38
2025-11-16 15:37:29.475,726,13592.43
2025-11-16 15:37:29.475,727,13661.29
2025-11-16 15:37:29.475,728,13496.68
2025-11-16 15:37:29.475,729,13442.32
2025-11-16 15:37:29.475,730,13592.43
2025-11-16 15:37:29.475,731,13606.17
2025-11-16 15:37:29.475,732,13675.12
2025-11-16 15:37:29.475,733,13496.68
2025-11-16 15:37:29.475,734,14594.37
2025-11-16 15:37:29.475,735,13688.95
2025-11-16 15:37:29.475,736,15749.92
2025-11-16 15:37:29.475,737,15395.25
2025-11-16 15:37:29.475,738,15555.25
2025-11-16 15:37:29.475,739,16014.12
2025-11-16 15:37:29.475,740,16047.52
2025-11-16 15:37:29.475,741,16769.29
2025-11-16 15:37:29.475,742,14850.61
2025-11-16 15:37:29.475,743,16593.85
2025-11-16 15:37:29.475,744,14774.7
2025-11-16 15:37:29.475,745,15268.68
2025-11-16 15:37:29.475,746,18418.55
2025-11-16 15:37:29.475,747,15749.92
2025-11-16 15:37:29.475,748,15700.98
2025-11-16 15:37:29.475,749,15174.57
2025-11-16 15:37:29.475,750,15284.43
2025-11-16 15:37:29.475,751,15636.01
2025-11-16 15:37:29.475,752,38753.28
2025-11-16 15:37:29.475,753,15205.86
2025-11-16 15:37:29.475,754,17054.83
2025-11-16 15:37:29.475,755,16352.05
2025-11-16 15:37:29.475,756,15603.64
2025-11-16 15:37:29.475,757,15848.37
2025-11-16 15:37:29.475,758,18740.4
2025-11-16 15:37:29.475,759,22854.06
2025-11-16 15:37:29.475,760,93048.8
2025-11-16 15:37:29.475,761,24151.15
2025-11-16 15:37:29.475,762,395419.56
2025-11-16 15:37:29.475,763,15363.49
2025-11-16 15:37:29.475,764,30269.48
2025-11-16 15:37:29.475,765,550970.88
2025-11-16 15:37:29.475,766,34640.03
2025-11-16 15:37:29.475,767,34640.03
2025-11-16 15:37:29.475,768,15158.95
2025-11-16 15:37:29.475,769,15050.17
2025-11-16 15:37:29.475,770,14270.47
2025-11-16 15:37:29.475,771,14835.39
2025-11-16 15:37:29.475,772,13716.68
2025-11-16 15:37:29.475,773,13912.56
2025-11-16 15:37:29.475,774,13758.38
2025-11-16 15:37:29.475,775,13842.23
2025-11-16 15:37:29.475,776,13983.3
2025-11-16 15:37:29.475,777,13842.23
2025-11-16 15:37:29.475,778,13912.56
2025-11-16 15:37:29.475,779,13814.22
2025-11-16 15:37:29.475,780,13926.67
2025-11-16 15:37:29.475,781,13814.22
2025-11-16 15:37:29.475,782,14654.19
2025-11-16 15:37:29.475,783,13926.67
2025-11-16 15:37:29.475,784,16081.01
2025-11-16 15:37:29.475,785,15733.59
2025-11-16 15:37:29.475,786,15766.28
2025-11-16 15:37:29.475,787,16283.77
2025-11-16 15:37:29.475,788,16182.0
2025-11-16 15:37:29.475,789,16893.47
2025-11-16 15:37:29.475,790,15112.21
2025-11-16 15:37:29.475,791,16734.02
2025-11-16 15:37:29.475,792,14926.99
2025-11-16 15:37:29.475,793,15331.81
2025-11-16 15:37:29.475,794,18538.4
2025-11-16 15:37:29.475,795,16014.12
2025-11-16 15:37:29.475,796,15684.7
2025-11-16 15:37:29.475,797,15300.2
2025-11-16 15:37:29.475,798,15587.49
2025-11-16 15:37:29.475,799,15914.42
2025-11-16 15:37:29.475,800,38695.02
2025-11-16 15:37:29.475,801,15523.09
2025-11-16 15:37:29.475,802,17236.39
2025-11-16 15:37:29.475,803,16681.28
2025-11-16 15:37:29.475,804,15749.92
2025-11-16 15:37:29.475,805,16047.52
2025-11-16 15:37:29.475,806,19007.29
2025-11-16 15:37:29.475,807,22933.92
2025-11-16 15:37:29.475,808,97381.57
2025-11-16 15:37:29.475,809,24616.31
2025-11-16 15:37:29.475,810,988899.38
2025-11-16 15:37:29.475,811,15603.64
2025-11-16 15:37:29.475,812,30958.25
2025-11-16 15:37:29.475,813,566776.38
2025-11-16 15:37:29.475,814,35134.67
2025-11-16 15:37:29.475,815,35134.67
2025-11-16 15:37:29.475,816,15096.68
2025-11-16 15:37:29.475,817,15081.15
2025-11-16 15:37:29.475,818,14198.04
2025-11-16 15:37:29.475,819,14744.46
2025-11-16 15:37:29.475,820,13772.32
2025-11-16 15:37:29.475,821,13983.3
2025-11-16 15:37:29.475,822,13758.38
2025-11-16 15:37:29.475,823,13744.46
2025-11-16 15:37:29.475,824,13870.31
2025-11-16 15:37:29.475,825,13758.38
2025-11-16 15:37:29.475,826,13884.38
2025-11-16 15:37:29.475,827,13884.38
2025-11-16 15:37:29.475,828,13969.12
2025-11-16 15:37:29.475,829,13786.27
2025-11-16 15:37:29.475,830,14774.7
2025-11-16 15:37:29.475,831,13898.46
2025-11-16 15:37:29.475,832,16081.01
2025-11-16 15:37:29.475,833,15766.28
2025-11-16 15:37:29.475,834,15782.65
2025-11-16 15:37:29.475,835,16249.76
2025-11-16 15:37:29.475,836,16047.52
2025-11-16 15:37:29.475,837,16751.64
2025-11-16 15:37:29.475,838,14911.68
2025-11-16 15:37:29.475,839,16751.64
2025-11-16 15:37:29.475,840,15112.21
2025-11-16 15:37:29.475,841,15587.49
2025-11-16 15:37:29.475,842,18781.14
2025-11-16 15:37:29.475,843,16131.41
2025-11-16 15:37:29.475,844,15930.98
2025-11-16 15:37:29.475,845,15539.16
2025-11-16 15:37:29.475,846,15619.82
2025-11-16 15:37:29.475,847,16064.26
2025-11-16 15:37:29.475,848,39887.21
2025-11-16 15:37:29.475,849,15555.25
2025-11-16 15:37:29.475,850,17569.39
2025-11-16 15:37:29.475,851,16875.66
2025-11-16 15:37:29.475,852,16081.01
2025-11-16 15:37:29.475,853,16215.84
2025-11-16 15:37:29.475,854,19406.36
2025-11-16 15:37:29.475,855,23040.99
2025-11-16 15:37:29.475,856,94098.91
2025-11-16 15:37:29.475,857,24823.81
2025-11-16 15:37:29.475,858,369134.25
2025-11-16 15:37:29.475,859,15799.05
2025-11-16 15:37:29.475,860,31082.24
2025-11-16 15:37:29.475,861,601218.31
2025-11-16 15:37:29.475,862,36209.84
2025-11-16 15:37:29.475,863,36209.84
2025-11-16 15:37:29.475,864,15619.82
2025-11-16 15:37:29.475,865,15555.25
2025-11-16 15:37:29.475,866,14805.01
2025-11-16 15:37:29.475,867,15331.81
2025-11-16 15:37:29.475,868,14357.96
2025-11-16 15:37:29.475,869,14212.49
2025-11-16 15:37:29.475,870,14314.14
2025-11-16 15:37:29.475,871,14270.47
2025-11-16 15:37:29.475,872,14212.49
2025-11-16 15:37:29.475,873,14198.04
2025-11-16 15:37:29.475,874,14387.27
2025-11-16 15:37:29.475,875,14241.45
2025-11-16 15:37:29.475,876,14387.27
2025-11-16 15:37:29.475,877,14549.7
2025-11-16 15:37:29.475,878,15081.15
2025-11-16 15:37:29.475,879,14372.61
2025-11-16 15:37:29.475,880,16681.28
2025-11-16 15:37:29.475,881,16148.25
2025-11-16 15:37:29.475,882,16165.12
2025-11-16 15:37:29.475,883,16698.84
2025-11-16 15:37:29.475,884,15947.57
2025-11-16 15:37:29.475,885,17127.16
2025-11-16 15:37:29.475,886,15363.49
2025-11-16 15:37:29.475,887,17054.83
2025-11-16 15:37:29.475,888,15300.2
2025-11-16 15:37:29.475,889,15684.7
2025-11-16 15:37:29.475,890,19215.97
2025-11-16 15:37:29.475,891,16403.5
2025-11-16 15:37:29.475,892,16403.5
2025-11-16 15:37:29.475,893,15914.42
2025-11-16 15:37:29.475,894,15914.42
2025-11-16 15:37:29.475,895,16472.4
2025-11-16 15:37:29.475,896,40630.89
2025-11-16 15:37:29.475,897,15881.35
2025-11-16 15:37:29.475,898,17834.04
2025-11-16 15:37:29.475,899,17018.8
2025-11-16 15:37:29.475,900,16317.87
2025-11-16 15:37:29.475,901,16646.24
2025-11-16 15:37:29.475,902,19534.67
2025-11-16 15:37:29.475,903,23366.42
2025-11-16 15:37:29.475,904,100279.32
2025-11-16 15:37:29.475,905,25094.26
2025-11-16 15:37:29.475,906,346048.91
2025-11-16 15:37:29.475,907,16047.52
2025-11-16 15:37:29.475,908,31374.49
2025-11-16 15:37:29.475,909,583498.19
2025-11-16 15:37:29.475,910,36157.48
2025-11-16 15:37:29.475,911,36157.48
2025-11-16 15:37:29.475,912,18339.21
2025-11-16 15:37:29.475,913,18181.84
2025-11-16 15:37:29.475,914,17272.99
2025-11-16 15:37:29.475,915,17949.02
2025-11-16 15:37:29.475,916,16947.04
2025-11-16 15:37:29.475,917,17163.47
2025-11-16 15:37:29.475,918,16857.87
2025-11-16 15:37:29.475,919,16911.3
2025-11-16 15:37:29.475,920,16875.66
2025-11-16 15:37:29.475,921,16840.11
2025-11-16 15:37:29.475,922,16982.88
2025-11-16 15:37:29.475,923,16716.42
2025-11-16 15:37:29.475,924,17054.83
2025-11-16 15:37:29.475,925,16964.95
2025-11-16 15:37:29.475,926,17606.89
2025-11-16 15:37:29.475,927,17018.8
2025-11-16 15:37:29.475,928,19007.29
2025-11-16 15:37:29.475,929,18699.77
2025-11-16 15:37:29.475,930,18659.26
2025-11-16 15:37:29.475,931,19111.26
2025-11-16 15:37:29.475,932,18781.14
2025-11-16 15:37:29.475,933,19556.16
2025-11-16 15:37:29.475,934,17834.04
2025-11-16 15:37:29.475,935,18538.4
2025-11-16 15:37:29.475,936,17872.27
2025-11-16 15:37:29.475,937,18458.39
2025-11-16 15:37:29.475,938,22050.96
2025-11-16 15:37:29.475,939,19215.97
2025-11-16 15:37:29.475,940,18986.58
2025-11-16 15:37:29.475,941,18458.39
2025-11-16 15:37:29.475,942,18699.77
2025-11-16 15:37:29.475,943,19111.26
2025-11-16 15:37:29.475,944,45151.65
2025-11-16 15:37:29.475,945,18659.26
2025-11-16 15:37:29.475,946,20510.75
2025-11-16 15:37:29.475,947,19772.81
2025-11-16 15:37:29.475,948,19194.97
2025-11-16 15:37:29.475,949,19449.01
2025-11-16 15:37:29.475,950,22357.16
2025-11-16 15:37:29.475,951,26842.51
2025-11-16 15:37:29.475,952,112877.99
2025-11-16 15:37:29.475,953,28699.64
2025-11-16 15:37:29.475,954,395419.56
2025-11-16 15:37:29.475,955,18986.58
2025-11-16 15:37:29.475,956,35034.87
2025-11-16 15:37:29.475,957,734602.25
2025-11-16 15:37:29.475,958,40442.9
2025-11-16 15:37:29.475,959,40442.9
2025-11-16 15:37:29.475,960,43487.57
2025-11-16 15:37:29.475,961,42253.52
2025-11-16 15:37:29.475,962,40505.41
2025-11-16 15:37:29.475,963,41397.01
2025-11-16 15:37:29.475,964,40380.55
2025-11-16 15:37:29.475,965,40756.99
2025-11-16 15:37:29.475,966,40442.9
2025-11-16 15:37:29.475,967,40505.41
2025-11-16 15:37:29.475,968,40256.3
2025-11-16 15:37:29.475,969,39887.21
2025-11-16 15:37:29.475,970,40630.89
2025-11-16 15:37:29.475,971,40883.72
2025-11-16 15:37:29.475,972,40132.67
2025-11-16 15:37:29.475,973,39887.21
2025-11-16 15:37:29.475,974,41461.9
2025-11-16 15:37:29.475,975,40256.3
2025-11-16 15:37:29.475,976,43628.29
2025-11-16 15:37:29.475,977,40756.99
2025-11-16 15:37:29.475,978,39343.6
2025-11-16 15:37:29.475,979,42522.82
2025-11-16 15:37:29.475,980,40693.86
2025-11-16 15:37:29.475,981,41397.01
2025-11-16 15:37:29.475,982,40256.3
2025-11-16 15:37:29.475,983,38006.61
2025-11-16 15:37:29.475,984,38348.37
2025-11-16 15:37:29.475,985,39887.21
2025-11-16 15:37:29.475,986,43557.83
2025-11-16 15:37:29.475,987,31416.58
2025-11-16 15:37:29.475,988,42053.34
2025-11-16 15:37:29.475,989,41854.7
2025-11-16 15:37:29.475,990,41986.96
2025-11-16 15:37:29.475,991,44707.67
2025-11-16 15:37:29.475,992,91010.8
2025-11-16 15:37:29.475,993,41920.75
2025-11-16 15:37:29.475,994,42726.61
2025-11-16 15:37:29.475,995,40630.89
2025-11-16 15:37:29.475,996,42387.82
2025-11-16 15:37:29.475,997,43208.34
2025-11-16 15:37:29.475,998,47728.11
2025-11-16 15:37:29.475,999,54378.94
2025-11-16 15:37:29.475,1000,226638.0
2025-11-16 15:37:29.475,1001,61358.41
2025-11-16 15:37:29.475,1002,734602.25
2025-11-16 15:37:29.475,1003,41657.55
2025-11-16 15:37:29.475,1004,75386.48
2025-11-16 15:37:29.475,1005,988899.38
2025-11-16 15:37:29.475,1006,84689.81
2025-11-16 15:37:29.475,1007,84689.81
2025-11-16 15:37:29.475,1008,59416.6
2025-11-16 15:37:29.475,1009,57802.03
2025-11-16 15:37:29.475,1010,55833.13
2025-11-16 15:37:29.475,1011,57354.41
2025-11-16 15:37:29.475,1012,54480.68
2025-11-16 15:37:29.475,1013,57022.54
2025-11-16 15:37:29.475,1014,56260.74
2025-11-16 15:37:29.475,1015,56693.92
2025-11-16 15:37:29.475,1016,57465.76
2025-11-16 15:37:29.475,1017,56693.92
2025-11-16 15:37:29.475,1018,56476.62
2025-11-16 15:37:29.475,1019,55833.13
2025-11-16 15:37:29.475,1020,56476.62
2025-11-16 15:37:29.475,1021,56476.62
2025-11-16 15:37:29.475,1022,58255.64
2025-11-16 15:37:29.475,1023,56046.25
2025-11-16 15:37:29.475,1024,61358.41
2025-11-16 15:37:29.475,1025,58484.71
2025-11-16 15:37:29.475,1026,53975.16
2025-11-16 15:37:29.475,1027,58255.64
2025-11-16 15:37:29.475,1028,49845.72
2025-11-16 15:37:29.475,1029,53182.58
2025-11-16 15:37:29.475,1030,55097.93
2025-11-16 15:37:29.475,1031,41526.96
2025-11-16 15:37:29.475,1032,54176.42
2025-11-16 15:37:29.475,1033,54277.52
2025-11-16 15:37:29.475,1034,56585.1
2025-11-16 15:37:29.475,1035,51841.71
2025-11-16 15:37:29.475,1036,56693.92
2025-11-16 15:37:29.475,1037,56912.64
2025-11-16 15:37:29.475,1038,56585.1
2025-11-16 15:37:29.475,1039,60986.11
2025-11-16 15:37:29.475,1040,119086.36
2025-11-16 15:37:29.475,1041,55833.13
2025-11-16 15:37:29.475,1042,52218.99
2025-11-16 15:37:29.475,1043,51468.98
2025-11-16 15:37:29.475,1044,56585.1
2025-11-16 15:37:29.475,1045,55621.39
2025-11-16 15:37:29.475,1046,63411.8
2025-11-16 15:37:29.475,1047,62370.57
2025-11-16 15:37:29.475,1048,291051.47
2025-11-16 15:37:29.475,1049,82544.69
2025-11-16 15:37:29.475,1050,583498.19
2025-11-16 15:37:29.475,1051,54176.42
2025-11-16 15:37:29.475,1052,92019.64
2025-11-16 15:37:29.475,1053,988899.38
2025-11-16 15:37:29.475,1054,105255.28
2025-11-16 15:37:29.475,1055,105255.28
2025-11-16 15:37:29.475,1056,58484.71
2025-11-16 15:37:29.475,1057,57577.48
2025-11-16 15:37:29.475,1058,56046.25
2025-11-16 15:37:29.475,1059,55097.93
2025-11-16 15:37:29.475,1060,54787.84
2025-11-16 15:37:29.475,1061,56046.25
2025-11-16 15:37:29.475,1062,55727.09
2025-11-16 15:37:29.475,1063,54994.24
2025-11-16 15:37:29.475,1064,54890.87
2025-11-16 15:37:29.475,1065,54378.94
2025-11-16 15:37:29.475,1066,54890.87
2025-11-16 15:37:29.475,1067,54994.24
2025-11-16 15:37:29.475,1068,55939.52
2025-11-16 15:37:29.475,1069,54685.13
2025-11-16 15:37:29.475,1070,56476.62
2025-11-16 15:37:29.475,1071,55621.39
2025-11-16 15:37:29.475,1072,58028.08
2025-11-16 15:37:29.475,1073,56046.25
2025-11-16 15:37:29.475,1074,47322.41
2025-11-16 15:37:29.475,1075,56046.25
2025-11-16 15:37:29.475,1076,44854.87
2025-11-16 15:37:29.475,1077,43698.91
2025-11-16 15:37:29.475,1078,53084.88
2025-11-16 15:37:29.475,1079,45151.65
2025-11-16 15:37:29.475,1080,41920.75
2025-11-16 15:37:29.475,1081,48810.25
2025-11-16 15:37:29.475,1082,50918.22
2025-11-16 15:37:29.475,1083,46527.84
2025-11-16 15:37:29.475,1084,52697.09
2025-11-16 15:37:29.475,1085,54685.13
2025-11-16 15:37:29.475,1086,53378.87
2025-11-16 15:37:29.475,1087,58028.08
2025-11-16 15:37:29.475,1088,108944.77
2025-11-16 15:37:29.475,1089,54176.42
2025-11-16 15:37:29.475,1090,56476.62
2025-11-16 15:37:29.475,1091,53477.48
2025-11-16 15:37:29.475,1092,53975.16
2025-11-16 15:37:29.475,1093,54378.94
2025-11-16 15:37:29.475,1094,60374.14
2025-11-16 15:37:29.475,1095,65586.65
2025-11-16 15:37:29.475,1096,266631.75
2025-11-16 15:37:29.475,1097,78918.48
2025-11-16 15:37:29.475,1098,942433.13
2025-11-16 15:37:29.475,1099,53975.16
2025-11-16 15:37:29.475,1100,87631.56
2025-11-16 15:37:29.475,1101,103337.61
2025-11-16 15:37:29.475,1102,103337.61
2025-11-16 15:37:29.475,1103,103337.61
2025-11-16 15:37:29.475,1104,62370.57
2025-11-16 15:37:29.475,1105,63280.01
2025-11-16 15:37:29.475,1106,60617.66
2025-11-16 15:37:29.475,1107,59416.6
2025-11-16 15:37:29.475,1108,62370.57
2025-11-16 15:37:29.475,1109,62370.57
2025-11-16 15:37:29.475,1110,61233.89
2025-11-16 15:37:29.475,1111,61233.89
2025-11-16 15:37:29.475,1112,61483.39
2025-11-16 15:37:29.475,1113,60617.66
2025-11-16 15:37:29.475,1114,61608.8
2025-11-16 15:37:29.475,1115,61860.94
2025-11-16 15:37:29.475,1116,61483.39
2025-11-16 15:37:29.475,1117,60617.66
2025-11-16 15:37:29.475,1118,64756.17
2025-11-16 15:37:29.475,1119,59892.09
2025-11-16 15:37:29.475,1120,65307.78
2025-11-16 15:37:29.475,1121,60011.99
2025-11-16 15:37:29.475,1122,54994.24
2025-11-16 15:37:29.475,1123,58947.51
2025-11-16 15:37:29.475,1124,62114.86
2025-11-16 15:37:29.475,1125,61860.94
2025-11-16 15:37:29.475,1126,60617.66
2025-11-16 15:37:29.475,1127,58255.64
2025-11-16 15:37:29.475,1128,58484.71
2025-11-16 15:37:29.475,1129,59181.26
2025-11-16 15:37:29.475,1130,55833.13
2025-11-16 15:37:29.475,1131,59181.26
2025-11-16 15:37:29.475,1132,59416.6
2025-11-16 15:37:29.475,1133,62757.56
2025-11-16 15:37:29.475,1134,59416.6
2025-11-16 15:37:29.475,1135,67304.12
2025-11-16 15:37:29.475,1136,127787.46
2025-11-16 15:37:29.475,1137,59772.61
2025-11-16 15:37:29.475,1138,57577.48
2025-11-16 15:37:29.475,1139,57689.57
2025-11-16 15:37:29.475,1140,59892.09
2025-11-16 15:37:29.475,1141,58369.98
2025-11-16 15:37:29.475,1142,65307.78
2025-11-16 15:37:29.475,1143,66292.91
2025-11-16 15:37:29.475,1144,328387.41
2025-11-16 15:37:29.475,1145,91010.8
2025-11-16 15:37:29.475,1146,640033.69
2025-11-16 15:37:29.475,1147,61608.8
2025-11-16 15:37:29.475,1148,101482.63
2025-11-16 15:37:29.475,1149,121157.05
2025-11-16 15:37:29.475,1150,121157.05
2025-11-16 15:37:29.475,1151,121157.05
2025-11-16 15:37:29.475,1152,132592.78
2025-11-16 15:37:29.475,1153,133594.3
2025-11-16 15:37:29.475,1154,129194.73
2025-11-16 15:37:29.475,1155,130631.02
2025-11-16 15:37:29.475,1156,122862.01
2025-11-16 15:37:29.475,1157,120737.61
2025-11-16 15:37:29.475,1158,119086.36
2025-11-16 15:37:29.475,1159,125056.52
2025-11-16 15:37:29.475,1160,120737.61
2025-11-16 15:37:29.475,1161,126408.34
2025-11-16 15:37:29.475,1162,132592.78
2025-11-16 15:37:29.475,1163,129670.22
2025-11-16 15:37:29.475,1164,126864.97
2025-11-16 15:37:29.475,1165,125954.73
2025-11-16 15:37:29.475,1166,134100.34
2025-11-16 15:37:29.475,1167,127787.46
2025-11-16 15:37:29.475,1168,142142.66
2025-11-16 15:37:29.475,1169,119906.74
2025-11-16 15:37:29.475,1170,115134.95
2025-11-16 15:37:29.475,1171,123295.2
2025-11-16 15:37:29.475,1172,127787.46
2025-11-16 15:37:29.475,1173,141018.91
2025-11-16 15:37:29.475,1174,125954.73
2025-11-16 15:37:29.475,1175,121579.19
2025-11-16 15:37:29.475,1176,122862.01
2025-11-16 15:37:29.475,1177,128253.38
2025-11-16 15:37:29.475,1178,120737.61
2025-11-16 15:37:29.475,1179,123295.2
2025-11-16 15:37:29.475,1180,112143.66
2025-11-16 15:37:29.475,1181,120737.61
2025-11-16 15:37:29.475,1182,110345.59
2025-11-16 15:37:29.475,1183,130631.02
2025-11-16 15:37:29.475,1184,219987.36
2025-11-16 15:37:29.475,1185,109992.31
2025-11-16 15:37:29.475,1186,113621.23
2025-11-16 15:37:29.475,1187,109992.31
2025-11-16 15:37:29.475,1188,113996.21
2025-11-16 15:37:29.475,1189,103652.78
2025-11-16 15:37:29.475,1190,108599.64
2025-11-16 15:37:29.475,1191,120737.61
2025-11-16 15:37:29.475,1192,601218.31
2025-11-16 15:37:29.475,1193,177764.91
2025-11-16 15:37:29.475,1194,118680.02
2025-11-16 15:37:29.475,1195,118680.02
2025-11-16 15:37:29.475,1196,180386.63
2025-11-16 15:37:29.475,1197,218701.81
2025-11-16 15:37:29.475,1198,218701.81
2025-11-16 15:37:29.475,1199,218701.81
2025-11-16 15:37:29.475,1200,640033.69
2025-11-16 15:37:29.475,1201,661350.38
2025-11-16 15:37:29.475,1202,536008.31
2025-11-16 15:37:29.475,1203,477494.09
2025-11-16 15:37:29.475,1204,543388.5
2025-11-16 15:37:29.475,1205,601218.31
2025-11-16 15:37:29.475,1206,575017.88
2025-11-16 15:37:29.475,1207,601218.31
2025-11-16 15:37:29.475,1208,583498.19
2025-11-16 15:37:29.475,1209,543388.5
2025-11-16 15:37:29.475,1210,558763.94
2025-11-16 15:37:29.475,1211,661350.38
2025-11-16 15:37:29.475,1212,583498.19
2025-11-16 15:37:29.475,1213,550970.88
2025-11-16 15:37:29.475,1214,640033.69
2025-11-16 15:37:29.475,1215,550970.88
2025-11-16 15:37:29.475,1216,734602.25
2025-11-16 15:37:29.475,1217,483368.97
2025-11-16 15:37:29.475,1218,566776.38
2025-11-16 15:37:29.475,1219,583498.19
2025-11-16 15:37:29.475,1220,640033.69
2025-11-16 15:37:29.475,1221,661350.38
2025-11-16 15:37:29.475,1222,566776.38
2025-11-16 15:37:29.475,1223,521823.06
2025-11-16 15:37:29.475,1224,550970.88
2025-11-16 15:37:29.475,1225,536008.31
2025-11-16 15:37:29.475,1226,403612.41
2025-11-16 15:37:29.475,1227,558763.94
2025-11-16 15:37:29.475,1228,450099.75
2025-11-16 15:37:29.475,1229,528822.38
2025-11-16 15:37:29.475,1230,430305.09
2025-11-16 15:37:29.475,1231,466154.09
2025-11-16 15:37:29.475,1232,762705.19
2025-11-16 15:37:29.475,1233,483368.97
2025-11-16 15:37:29.475,1234,483368.97
2025-11-16 15:37:29.475,1235,430305.09
2025-11-16 15:37:29.475,1236,444986.13
2025-11-16 15:37:29.475,1237,403612.41
2025-11-16 15:37:29.475,1238,450099.75
2025-11-16 15:37:29.475,1239,566776.38
2025-11-16 15:37:29.475,1240,684112.31
2025-11-16 15:37:29.475,1241,684112.31
2025-11-16 15:37:29.475,1242,536008.31
2025-11-16 15:37:29.475,1243,536008.31
2025-11-16 15:37:29.475,1244,543388.5
2025-11-16 15:37:29.475,1245,762705.19
2025-11-16 15:37:29.475,1246,762705.19
2025-11-16 15:37:29.475,1247,762705.19
2025-11-16 15:37:29.475,1248,127787.46
2025-11-16 15:37:29.475,1249,125056.52
2025-11-16 15:37:29.475,1250,122431.63
2025-11-16 15:37:29.475,1251,122431.63
2025-11-16 15:37:29.475,1252,122004.03
2025-11-16 15:37:29.475,1253,126864.97
2025-11-16 15:37:29.475,1254,121157.05
2025-11-16 15:37:29.475,1255,121579.19
2025-11-16 15:37:29.475,1256,129670.22
2025-11-16 15:37:29.475,1257,122004.03
2025-11-16 15:37:29.475,1258,127787.46
2025-11-16 15:37:29.475,1259,125504.14
2025-11-16 15:37:29.475,1260,122431.63
2025-11-16 15:37:29.475,1261,125056.52
2025-11-16 15:37:29.475,1262,126864.97
2025-11-16 15:37:29.475,1263,122004.03
2025-11-16 15:37:29.475,1264,126864.97
2025-11-16 15:37:29.475,1265,120737.61
2025-11-16 15:37:29.475,1266,107915.35
2025-11-16 15:37:29.475,1267,94632.04
2025-11-16 15:37:29.475,1268,125954.73
2025-11-16 15:37:29.475,1269,132097.22
2025-11-16 15:37:29.475,1270,125056.52
2025-11-16 15:37:29.475,1271,129194.73
2025-11-16 15:37:29.475,1272,125504.14
2025-11-16 15:37:29.475,1273,131116.38
2025-11-16 15:37:29.475,1274,145026.52
2025-11-16 15:37:29.475,1275,134609.98
2025-11-16 15:37:29.475,1276,127324.66
2025-11-16 15:37:29.475,1277,125954.73
2025-11-16 15:37:29.475,1278,123295.2
2025-11-16 15:37:29.475,1279,133594.3
2025-11-16 15:37:29.475,1280,238117.42
2025-11-16 15:37:29.475,1281,125954.73
2025-11-16 15:37:29.475,1282,136160.72
2025-11-16 15:37:29.475,1283,133594.3
2025-11-16 15:37:29.475,1284,121157.05
2025-11-16 15:37:29.475,1285,120737.61
2025-11-16 15:37:29.475,1286,125056.52
2025-11-16 15:37:29.475,1287,154372.98
2025-11-16 15:37:29.475,1288,640033.69
2025-11-16 15:37:29.475,1289,175214.38
2025-11-16 15:37:29.475,1290,133594.3
2025-11-16 15:37:29.475,1291,133594.3
2025-11-16 15:37:29.475,1292,182175.47
2025-11-16 15:37:29.475,1293,223932.14
2025-11-16 15:37:29.475,1294,223932.14
2025-11-16 15:37:29.475,1295,223932.14
2025-11-16 15:37:29.475,1296,65307.78
2025-11-16 15:37:29.475,1297,65586.65
2025-11-16 15:37:29.475,1298,63148.7
2025-11-16 15:37:29.475,1299,60132.29
2025-11-16 15:37:29.475,1300,61860.94
2025-11-16 15:37:29.475,1301,61987.67
2025-11-16 15:37:29.475,1302,61987.67
2025-11-16 15:37:29.475,1303,62370.57
2025-11-16 15:37:29.475,1304,62370.57
2025-11-16 15:37:29.475,1305,64619.52
2025-11-16 15:37:29.475,1306,64619.52
2025-11-16 15:37:29.475,1307,63676.8
2025-11-16 15:37:29.475,1308,64756.17
2025-11-16 15:37:29.475,1309,63411.8
2025-11-16 15:37:29.475,1310,64756.17
2025-11-16 15:37:29.475,1311,65586.65
2025-11-16 15:37:29.475,1312,69101.3
2025-11-16 15:37:29.475,1313,61734.65
2025-11-16 15:37:29.475,1314,59534.86
2025-11-16 15:37:29.475,1315,63676.8
2025-11-16 15:37:29.475,1316,66150.61
2025-11-16 15:37:29.475,1317,68493.05
2025-11-16 15:37:29.475,1318,61109.78
2025-11-16 15:37:29.475,1319,66150.61
2025-11-16 15:37:29.475,1320,63411.8
2025-11-16 15:37:29.475,1321,65307.78
2025-11-16 15:37:29.475,1322,67012.48
2025-11-16 15:37:29.475,1323,63676.8
2025-11-16 15:37:29.475,1324,59181.26
2025-11-16 15:37:29.475,1325,65307.78
2025-11-16 15:37:29.475,1326,58255.64
2025-11-16 15:37:29.475,1327,68192.39
2025-11-16 15:37:29.475,1328,122862.01
2025-11-16 15:37:29.475,1329,58369.98
2025-11-16 15:37:29.475,1330,66150.61
2025-11-16 15:37:29.475,1331,65586.65
2025-11-16 15:37:29.475,1332,57802.03
2025-11-16 15:37:29.475,1333,55306.31
2025-11-16 15:37:29.475,1334,55939.52
2025-11-16 15:37:29.475,1335,76288.51
2025-11-16 15:37:29.475,1336,328387.41
2025-11-16 15:37:29.475,1337,92531.65
2025-11-16 15:37:29.475,1338,900097.25
2025-11-16 15:37:29.475,1339,65586.65
2025-11-16 15:37:29.475,1340,94364.8
2025-11-16 15:37:29.475,1341,988899.38
2025-11-16 15:37:29.475,1342,107238.9
2025-11-16 15:37:29.475,1343,107238.9
2025-11-16 15:37:29.475,1344,34738.09
2025-11-16 15:37:29.475,1345,34542.39
2025-11-16 15:37:29.475,1346,33495.87
2025-11-16 15:37:29.475,1347,32586.16
2025-11-16 15:37:29.475,1348,32232.81
2025-11-16 15:37:29.475,1349,32855.06
2025-11-16 15:37:29.475,1350,32320.6
2025-11-16 15:37:29.475,1351,32990.79
2025-11-16 15:37:29.475,1352,32945.45
2025-11-16 15:37:29.475,1353,32855.06
2025-11-16 15:37:29.475,1354,33127.38
2025-11-16 15:37:29.475,1355,32765.05
2025-11-16 15:37:29.475,1356,32945.45
2025-11-16 15:37:29.475,1357,32945.45
2025-11-16 15:37:29.475,1358,34060.55
2025-11-16 15:37:29.475,1359,32945.45
2025-11-16 15:37:29.475,1360,36105.25
2025-11-16 15:37:29.475,1361,32276.66
2025-11-16 15:37:29.475,1362,31543.36
2025-11-16 15:37:29.475,1363,33588.98
2025-11-16 15:37:29.475,1364,35640.36
2025-11-16 15:37:29.475,1365,35234.91
2025-11-16 15:37:29.475,1366,33588.98
2025-11-16 15:37:29.475,1367,35640.36
2025-11-16 15:37:29.475,1368,33310.84
2025-11-16 15:37:29.475,1369,35335.6
2025-11-16 15:37:29.475,1370,37893.76
2025-11-16 15:37:29.475,1371,34935.51
2025-11-16 15:37:29.475,1372,32810.01
2025-11-16 15:37:29.475,1373,34300.16
2025-11-16 15:37:29.475,1374,31206.99
2025-11-16 15:37:29.475,1375,36262.32
2025-11-16 15:37:29.475,1376,70983.91
2025-11-16 15:37:29.475,1377,31971.61
2025-11-16 15:37:29.475,1378,36526.48
2025-11-16 15:37:29.475,1379,35640.36
2025-11-16 15:37:29.475,1380,31971.61
2025-11-16 15:37:29.475,1381,31713.61
2025-11-16 15:37:29.475,1382,33449.47
2025-11-16 15:37:29.475,1383,44415.61
2025-11-16 15:37:29.475,1384,189679.88
2025-11-16 15:37:29.475,1385,50021.84
2025-11-16 15:37:29.475,1386,550970.88
2025-11-16 15:37:29.475,1387,35184.73
2025-11-16 15:37:29.475,1388,52029.78
2025-11-16 15:37:29.475,1389,793012.25
2025-11-16 15:37:29.475,1390,65867.58
2025-11-16 15:37:29.475,1391,65867.58
2025-11-16 15:37:29.475,1392,36420.45
2025-11-16 15:37:29.475,1393,36157.48
2025-11-16 15:37:29.475,1394,34640.03
2025-11-16 15:37:29.475,1395,34252.03
2025-11-16 15:37:29.475,1396,34396.74
2025-11-16 15:37:29.475,1397,34252.03
2025-11-16 15:37:29.475,1398,34204.0
2025-11-16 15:37:29.475,1399,35234.91
2025-11-16 15:37:29.475,1400,34445.18
2025-11-16 15:37:29.475,1401,34396.74
2025-11-16 15:37:29.475,1402,34836.58
2025-11-16 15:37:29.475,1403,34542.39
2025-11-16 15:37:29.475,1404,34542.39
2025-11-16 15:37:29.475,1405,34640.03
2025-11-16 15:37:29.475,1406,36262.32
2025-11-16 15:37:29.475,1407,35134.67
2025-11-16 15:37:29.475,1408,37950.12
2025-11-16 15:37:29.475,1409,33495.87
2025-11-16 15:37:29.475,1410,34348.4
2025-11-16 15:37:29.475,1411,36157.48
2025-11-16 15:37:29.475,1412,38811.68
2025-11-16 15:37:29.475,1413,39165.01
2025-11-16 15:37:29.475,1414,36579.68
2025-11-16 15:37:29.475,1415,39283.93
2025-11-16 15:37:29.475,1416,35949.24
2025-11-16 15:37:29.475,1417,34348.4
2025-11-16 15:37:29.475,1418,41332.29
2025-11-16 15:37:29.475,1419,38348.37
2025-11-16 15:37:29.475,1420,36262.32
2025-11-16 15:37:29.475,1421,36739.99
2025-11-16 15:37:29.475,1422,34885.99
2025-11-16 15:37:29.475,1423,39165.01
2025-11-16 15:37:29.475,1424,77772.0
2025-11-16 15:37:29.475,1425,35794.29
2025-11-16 15:37:29.475,1426,40256.3
2025-11-16 15:37:29.475,1427,39523.48
2025-11-16 15:37:29.475,1428,35845.82
2025-11-16 15:37:29.475,1429,34640.03
2025-11-16 15:37:29.475,1430,39403.42
2025-11-16 15:37:29.475,1431,49409.89
2025-11-16 15:37:29.475,1432,194675.0
2025-11-16 15:37:29.475,1433,54176.42
2025-11-16 15:37:29.475,1434,708471.5
2025-11-16 15:37:29.475,1435,37893.76
2025-11-16 15:37:29.475,1436,58715.34
2025-11-16 15:37:29.475,1437,793012.25
2025-11-16 15:37:29.475,1438,73981.77
2025-11-16 15:37:29.475,1439,73981.77
2025-11-16 15:37:29.475,1440,36579.68
2025-11-16 15:37:29.475,1441,36526.48
2025-11-16 15:37:29.475,1442,35034.87
2025-11-16 15:37:29.475,1443,33776.39
2025-11-16 15:37:29.475,1444,34542.39
2025-11-16 15:37:29.475,1445,34640.03
2025-11-16 15:37:29.475,1446,34640.03
2025-11-16 15:37:29.475,1447,34591.16
2025-11-16 15:37:29.475,1448,34985.13
2025-11-16 15:37:29.475,1449,34542.39
2025-11-16 15:37:29.475,1450,34640.03
2025-11-16 15:37:29.475,1451,35034.87
2025-11-16 15:37:29.475,1452,35234.91
2025-11-16 15:37:29.475,1453,35640.36
2025-11-16 15:37:29.475,1454,37009.64
2025-11-16 15:37:29.475,1455,36157.48
2025-11-16 15:37:29.475,1456,38578.92
2025-11-16 15:37:29.475,1457,33870.7
2025-11-16 15:37:29.475,1458,33449.47
2025-11-16 15:37:29.475,1459,36157.48
2025-11-16 15:37:29.475,1460,38463.37
2025-11-16 15:37:29.475,1461,38578.92
2025-11-16 15:37:29.475,1462,36262.32
2025-11-16 15:37:29.475,1463,38636.91
2025-11-16 15:37:29.475,1464,35794.29
2025-11-16 15:37:29.475,1465,38578.92
2025-11-16 15:37:29.475,1466,41267.73
2025-11-16 15:37:29.475,1467,37950.12
2025-11-16 15:37:29.475,1468,34252.03
2025-11-16 15:37:29.475,1469,36579.68
2025-11-16 15:37:29.475,1470,32945.45
2025-11-16 15:37:29.475,1471,39224.4
2025-11-16 15:37:29.475,1472,73296.59
2025-11-16 15:37:29.475,1473,33776.39
2025-11-16 15:37:29.475,1474,38811.68
2025-11-16 15:37:29.475,1475,39644.14
2025-11-16 15:37:29.475,1476,32675.42
2025-11-16 15:37:29.475,1477,32189.05
2025-11-16 15:37:29.475,1478,29297.52
2025-11-16 15:37:29.475,1479,46449.59
2025-11-16 15:37:29.475,1480,196743.69
2025-11-16 15:37:29.475,1481,52987.48
2025-11-16 15:37:29.475,1482,550970.88
2025-11-16 15:37:29.475,1483,37118.37
2025-11-16 15:37:29.475,1484,57354.41
2025-11-16 15:37:29.475,1485,734602.25
2025-11-16 15:37:29.475,1486,72622.48
2025-11-16 15:37:29.475,1487,72622.48
2025-11-16 15:37:29.475,1488,32900.21
2025-11-16 15:37:29.475,1489,32145.38
2025-11-16 15:37:29.475,1490,30958.25
2025-11-16 15:37:29.475,1491,29564.92
2025-11-16 15:37:29.475,1492,30550.28
2025-11-16 15:37:29.475,1493,30071.27
2025-11-16 15:37:29.475,1494,30753.24
2025-11-16 15:37:29.475,1495,30590.71
2025-11-16 15:37:29.475,1496,30876.0
2025-11-16 15:37:29.475,1497,30835.0
2025-11-16 15:37:29.475,1498,30712.49
2025-11-16 15:37:29.475,1499,30876.0
2025-11-16 15:37:29.475,1500,30876.0
2025-11-16 15:37:29.475,1501,30917.09
2025-11-16 15:37:29.475,1502,32014.92
2025-11-16 15:37:29.475,1503,30876.0
2025-11-16 15:37:29.475,1504,33310.84
2025-11-16 15:37:29.475,1505,28996.3
2025-11-16 15:37:29.475,1506,29146.33
2025-11-16 15:37:29.475,1507,31501.02
2025-11-16 15:37:29.475,1508,33729.39
2025-11-16 15:37:29.475,1509,33870.7
2025-11-16 15:37:29.475,1510,31971.61
2025-11-16 15:37:29.475,1511,34252.03
2025-11-16 15:37:29.475,1512,31501.02
2025-11-16 15:37:29.475,1513,29526.5
2025-11-16 15:37:29.475,1514,37009.64
2025-11-16 15:37:29.475,1515,33036.22
2025-11-16 15:37:29.475,1516,31248.74
2025-11-16 15:37:29.475,1517,32232.81
2025-11-16 15:37:29.475,1518,29221.78
2025-11-16 15:37:29.475,1519,34252.03
2025-11-16 15:37:29.475,1520,66150.61
2025-11-16 15:37:29.475,1521,30309.35
2025-11-16 15:37:29.475,1522,35034.87
2025-11-16 15:37:29.475,1523,34348.4
2025-11-16 15:37:29.475,1524,30712.49
2025-11-16 15:37:29.475,1525,30349.31
2025-11-16 15:37:29.475,1526,33036.22
2025-11-16 15:37:29.475,1527,42455.23
2025-11-16 15:37:29.475,1528,171113.94
2025-11-16 15:37:29.475,1529,47484.0
2025-11-16 15:37:29.475,1530,536008.31
2025-11-16 15:37:29.475,1531,32990.79
2025-11-16 15:37:29.475,1532,50287.98
2025-11-16 15:37:29.475,1533,965113.19
2025-11-16 15:37:29.475,1534,63810.02
2025-11-16 15:37:29.475,1535,63810.02
2025-11-16 15:37:29.475,1536,26610.43
2025-11-16 15:37:29.475,1537,26610.43
2025-11-16 15:37:29.475,1538,26610.43
2025-11-16 15:37:29.475,1539,26610.43
2025-11-16 15:37:29.475,1540,26610.43
2025-11-16 15:37:29.475,1541,26610.43
2025-11-16 15:37:29.475,1542,26610.43
2025-11-16 15:37:29.475,1543,26610.43
2025-11-16 15:37:29.475,1544,26610.43
2025-11-16 15:37:29.475,1545,26610.43
2025-11-16 15:37:29.475,1546,26610.43
2025-11-16 15:37:29.475,1547,26610.43
2025-11-16 15:37:29.475,1548,26610.43
2025-11-16 15:37:29.475,1549,26610.43
2025-11-16 15:37:29.475,1550,26610.43
2025-11-16 15:37:29.475,1551,26610.43
2025-11-16 15:37:29.475,1552,26610.43
2025-11-16 15:37:29.475,1553,26610.43
2025-11-16 15:37:29.475,1554,26610.43
2025-11-16 15:37:29.475,1555,26610.43
2025-11-16 15:37:29.475,1556,26610.43
2025-11-16 15:37:29.475,1557,26610.43
2025-11-16 15:37:29.475,1558,26610.43
2025-11-16 15:37:29.475,1559,26610.43
2025-11-16 15:37:29.475,1560,26610.43
2025-11-16 15:37:29.475,1561,26610.43
2025-11-16 15:37:29.475,1562,26610.43
2025-11-16 15:37:29.475,1563,26610.43
2025-11-16 15:37:29.475,1564,26610.43
2025-11-16 15:37:29.475,1565,26610.43
2025-11-16 15:37:29.475,1566,26610.43
2025-11-16 15:37:29.475,1567,26610.43
2025-11-16 15:37:29.475,1568,26610.43
2025-11-16 15:37:29.475,1569,26610.43
2025-11-16 15:37:29.475,1570,26610.43
2025-11-16 15:37:29.475,1571,26610.43
2025-11-16 15:37:29.475,1572,26610.43
2025-11-16 15:37:29.475,1573,26610.43
2025-11-16 15:37:29.475,1574,26610.43
2025-11-16 15:37:29.475,1575,26610.43
2025-11-16 15:37:29.475,1576,26610.43
2025-11-16 15:37:29.475,1577,26610.43
2025-11-16 15:37:29.475,1578,26610.43
2025-11-16 15:37:29.475,1579,26610.43
2025-11-16 15:37:29.475,1580,26610.43
2025-11-16 15:37:29.475,1581,26610.43
2025-11-16 15:37:29.475,1582,26610.43
2025-11-16 15:37:29.475,1583,26610.43
2025-11-16 15:37:29.475,1584,26610.43
2025-11-16 15:37:29.475,1585,26219.28
2025-11-16 15:37:29.475,1586,25523.39
2025-11-16 15:37:29.475,1587,24036.8
2025-11-16 15:37:29.475,1588,24913.49
2025-11-16 15:37:29.475,1589,25064.0
2025-11-16 15:37:29.475,1590,25033.8
2025-11-16 15:37:29.475,1591,25215.81
2025-11-16 15:37:29.475,1592,25246.33
2025-11-16 15:37:29.475,1593,25033.8
2025-11-16 15:37:29.475,1594,25276.9
2025-11-16 15:37:29.475,1595,25246.33
2025-11-16 15:37:29.475,1596,25276.9
2025-11-16 15:37:29.475,1597,25276.9
2025-11-16 15:37:29.475,1598,26316.28
2025-11-16 15:37:29.475,1599,25616.71
2025-11-16 15:37:29.475,1600,27626.15
2025-11-16 15:37:29.475,1601,24208.61
2025-11-16 15:37:29.475,1602,22827.54
2025-11-16 15:37:29.475,1603,25647.93
2025-11-16 15:37:29.475,1604,27765.84
2025-11-16 15:37:29.475,1605,28119.63
2025-11-16 15:37:29.475,1606,26187.06
2025-11-16 15:37:29.475,1607,28155.37
2025-11-16 15:37:29.475,1608,25994.93
2025-11-16 15:37:29.475,1609,24528.13
2025-11-16 15:37:29.475,1610,30753.24
2025-11-16 15:37:29.475,1611,27556.69
2025-11-16 15:37:29.475,1612,25773.33
2025-11-16 15:37:29.475,1613,26676.44
2025-11-16 15:37:29.475,1614,24764.27
2025-11-16 15:37:29.475,1615,27695.87
2025-11-16 15:37:29.475,1616,57243.42
2025-11-16 15:37:29.475,1617,25215.81
2025-11-16 15:37:29.475,1618,29449.88
2025-11-16 15:37:29.475,1619,28773.39
2025-11-16 15:37:29.475,1620,25094.26
2025-11-16 15:37:29.475,1621,25773.33
2025-11-16 15:37:29.475,1622,28263.01
2025-11-16 15:37:29.475,1623,36579.68
2025-11-16 15:37:29.475,1624,153715.0
2025-11-16 15:37:29.475,1625,40693.86
2025-11-16 15:37:29.475,1626,550970.88
2025-11-16 15:37:29.475,1627,28083.96
2025-11-16 15:37:29.475,1628,45754.95
2025-11-16 15:37:29.475,1629,880309.75
2025-11-16 15:37:29.475,1630,57577.48
2025-11-16 15:37:29.475,1631,57577.48
2025-11-16 15:37:29.475,1632,25185.35
2025-11-16 15:37:29.475,1633,25124.57
2025-11-16 15:37:29.475,1634,24237.42
2025-11-16 15:37:29.475,1635,22880.64
2025-11-16 15:37:29.475,1636,23642.52
2025-11-16 15:37:29.475,1637,23586.93
2025-11-16 15:37:29.475,1638,23923.21
2025-11-16 15:37:29.475,1639,24151.15
2025-11-16 15:37:29.475,1640,23923.21
2025-11-16 15:37:29.475,1641,23866.7
2025-11-16 15:37:29.475,1642,24122.49
2025-11-16 15:37:29.475,1643,23923.21
2025-11-16 15:37:29.475,1644,23923.21
2025-11-16 15:37:29.475,1645,24036.8
2025-11-16 15:37:29.475,1646,24853.65
2025-11-16 15:37:29.475,1647,23810.38
2025-11-16 15:37:29.475,1648,25710.52
2025-11-16 15:37:29.475,1649,22460.52
2025-11-16 15:37:29.475,1650,22486.47
2025-11-16 15:37:29.475,1651,24208.61
2025-11-16 15:37:29.475,1652,25963.11
2025-11-16 15:37:29.475,1653,26154.89
2025-11-16 15:37:29.475,1654,24498.84
2025-11-16 15:37:29.475,1655,26610.43
2025-11-16 15:37:29.475,1656,24151.15
2025-11-16 15:37:29.475,1657,22050.96
2025-11-16 15:37:29.475,1658,27977.33
2025-11-16 15:37:29.475,1659,25033.8
2025-11-16 15:37:29.475,1660,19132.14
2025-11-16 15:37:29.475,1661,24208.61
2025-11-16 15:37:29.475,1662,19028.03
2025-11-16 15:37:29.475,1663,26187.06
2025-11-16 15:37:29.475,1664,49845.72
2025-11-16 15:37:29.475,1665,19237.01
2025-11-16 15:37:29.475,1666,26348.73
2025-11-16 15:37:29.475,1667,26154.89
2025-11-16 15:37:29.475,1668,17949.02
2025-11-16 15:37:29.475,1669,20510.75
2025-11-16 15:37:29.475,1670,24973.54
2025-11-16 15:37:29.475,1671,31971.61
2025-11-16 15:37:29.475,1672,135640.13
2025-11-16 15:37:29.475,1673,37172.92
2025-11-16 15:37:29.475,1674,942433.13
2025-11-16 15:37:29.475,1675,25033.8
2025-11-16 15:37:29.475,1676,38811.68
2025-11-16 15:37:29.475,1677,880309.75
2025-11-16 15:37:29.475,1678,51841.71
2025-11-16 15:37:29.475,1679,51841.71
2025-11-16 15:37:29.475,1680,32855.06
2025-11-16 15:37:29.475,1681,32720.19
2025-11-16 15:37:29.475,1682,31628.31
2025-11-16 15:37:29.475,1683,29680.64
2025-11-16 15:37:29.475,1684,30876.0
2025-11-16 15:37:29.475,1685,31290.57
2025-11-16 15:37:29.475,1686,31374.49
2025-11-16 15:37:29.475,1687,31458.76
2025-11-16 15:37:29.475,1688,31501.02
2025-11-16 15:37:29.475,1689,31290.57
2025-11-16 15:37:29.475,1690,31543.36
2025-11-16 15:37:29.475,1691,31543.36
2025-11-16 15:37:29.475,1692,31543.36
2025-11-16 15:37:29.475,1693,31290.57
2025-11-16 15:37:29.475,1694,32675.42
2025-11-16 15:37:29.475,1695,31585.79
2025-11-16 15:37:29.475,1696,33682.49
2025-11-16 15:37:29.475,1697,28263.01
2025-11-16 15:37:29.475,1698,30229.68
2025-11-16 15:37:29.475,1699,30876.0
2025-11-16 15:37:29.475,1700,33310.84
2025-11-16 15:37:29.475,1701,34252.03
2025-11-16 15:37:29.475,1702,31543.36
2025-11-16 15:37:29.475,1703,34060.55
2025-11-16 15:37:29.475,1704,30876.0
2025-11-16 15:37:29.475,1705,29221.78
2025-11-16 15:37:29.475,1706,36157.48
2025-11-16 15:37:29.475,1707,32541.67
2025-11-16 15:37:29.475,1708,29297.52
2025-11-16 15:37:29.475,1709,32408.75
2025-11-16 15:37:29.475,1710,28921.71
2025-11-16 15:37:29.475,1711,34156.08
2025-11-16 15:37:29.475,1712,60132.29
2025-11-16 15:37:29.475,1713,29221.78
2025-11-16 15:37:29.475,1714,35034.87
2025-11-16 15:37:29.475,1715,34542.39
2025-11-16 15:37:29.475,1716,27349.84
2025-11-16 15:37:29.475,1717,29184.02
2025-11-16 15:37:29.475,1718,33588.98
2025-11-16 15:37:29.475,1719,42455.23
2025-11-16 15:37:29.475,1720,171113.94
2025-11-16 15:37:29.475,1721,48725.57
2025-11-16 15:37:29.475,1722,483368.97
2025-11-16 15:37:29.475,1723,33036.22
2025-11-16 15:37:29.475,1724,49496.55
2025-11-16 15:37:29.475,1725,793012.25
2025-11-16 15:37:29.475,1726,65867.58
2025-11-16 15:37:29.475,1727,65867.58
2025-11-16 15:37:29.475,1728,26154.89
2025-11-16 15:37:29.475,1729,25963.11
2025-11-16 15:37:29.475,1730,25094.26
2025-11-16 15:37:29.475,1731,24093.88
2025-11-16 15:37:29.475,1732,24645.8
2025-11-16 15:37:29.475,1733,24704.93
2025-11-16 15:37:29.475,1734,24704.93
2025-11-16 15:37:29.475,1735,24883.55
2025-11-16 15:37:29.475,1736,24823.81
2025-11-16 15:37:29.475,1737,24734.57
2025-11-16 15:37:29.475,1738,24704.93
2025-11-16 15:37:29.475,1739,24734.57
2025-11-16 15:37:29.475,1740,24764.27
2025-11-16 15:37:29.475,1741,24734.57
2025-11-16 15:37:29.475,1742,25246.33
2025-11-16 15:37:29.475,1743,24883.55
2025-11-16 15:37:29.475,1744,26544.65
2025-11-16 15:37:29.475,1745,22357.16
2025-11-16 15:37:29.475,1746,22408.76
2025-11-16 15:37:29.475,1747,24036.8
2025-11-16 15:37:29.475,1748,26842.51
2025-11-16 15:37:29.475,1749,27111.36
2025-11-16 15:37:29.475,1750,25523.39
2025-11-16 15:37:29.475,1751,27281.39
2025-11-16 15:37:29.475,1752,25185.35
2025-11-16 15:37:29.475,1753,22486.47
2025-11-16 15:37:29.475,1754,29184.02
2025-11-16 15:37:29.475,1755,26219.28
2025-11-16 15:37:29.475,1756,21455.57
2025-11-16 15:37:29.475,1757,24616.31
2025-11-16 15:37:29.475,1758,20881.81
2025-11-16 15:37:29.475,1759,27315.59
2025-11-16 15:37:29.475,1760,51841.71
2025-11-16 15:37:29.475,1761,22616.81
2025-11-16 15:37:29.475,1762,27695.87
2025-11-16 15:37:29.475,1763,27349.84
2025-11-16 15:37:29.475,1764,21455.57
2025-11-16 15:37:29.475,1765,21406.95
2025-11-16 15:37:29.475,1766,25773.33
2025-11-16 15:37:29.475,1767,34156.08
2025-11-16 15:37:29.475,1768,143283.25
2025-11-16 15:37:29.475,1769,39403.42
2025-11-16 15:37:29.475,1770,942433.13
2025-11-16 15:37:29.475,1771,26610.43
2025-11-16 15:37:29.475,1772,40883.72
2025-11-16 15:37:29.475,1773,942433.13
2025-11-16 15:37:29.475,1774,55621.39
2025-11-16 15:37:29.475,1775,55621.39
2025-11-16 15:37:29.475,1776,25154.93
2025-11-16 15:37:29.475,1777,25710.52
2025-11-16 15:37:29.475,1778,24498.84
2025-11-16 15:37:29.475,1779,23339.05
2025-11-16 15:37:29.475,1780,23754.24
2025-11-16 15:37:29.475,1781,24036.8
2025-11-16 15:37:29.475,1782,23866.7
2025-11-16 15:37:29.475,1783,24266.27
2025-11-16 15:37:29.475,1784,24036.8
2025-11-16 15:37:29.475,1785,24065.32
2025-11-16 15:37:29.475,1786,24122.49
2025-11-16 15:37:29.475,1787,24151.15
2025-11-16 15:37:29.475,1788,24036.8
2025-11-16 15:37:29.475,1789,24122.49
2025-11-16 15:37:29.475,1790,25523.39
2025-11-16 15:37:29.475,1791,24353.12
2025-11-16 15:37:29.475,1792,26154.89
2025-11-16 15:37:29.475,1793,22305.72
2025-11-16 15:37:29.475,1794,21651.57
2025-11-16 15:37:29.475,1795,23866.7
2025-11-16 15:37:29.475,1796,26090.74
2025-11-16 15:37:29.475,1797,26090.74
2025-11-16 15:37:29.475,1798,24237.42
2025-11-16 15:37:29.475,1799,26219.28
2025-11-16 15:37:29.475,1800,24208.61
2025-11-16 15:37:29.475,1801,21900.02
2025-11-16 15:37:29.475,1802,28480.09
2025-11-16 15:37:29.475,1803,24853.65
2025-11-16 15:37:29.475,1804,21310.15
2025-11-16 15:37:29.475,1805,24616.31
2025-11-16 15:37:29.475,1806,21118.33
2025-11-16 15:37:29.475,1807,26187.06
2025-11-16 15:37:29.475,1808,51841.71
2025-11-16 15:37:29.475,1809,21725.7
2025-11-16 15:37:29.475,1810,26676.44
2025-11-16 15:37:29.475,1811,26479.11
2025-11-16 15:37:29.475,1812,20464.99
2025-11-16 15:37:29.475,1813,19048.79
2025-11-16 15:37:29.475,1814,25523.39
2025-11-16 15:37:29.475,1815,32855.06
2025-11-16 15:37:29.475,1816,141018.91
2025-11-16 15:37:29.475,1817,37781.43
2025-11-16 15:37:29.475,1818,861364.44
2025-11-16 15:37:29.475,1819,25647.93
2025-11-16 15:37:29.475,1820,39765.37
2025-11-16 15:37:29.475,1821,861364.44
2025-11-16 15:37:29.475,1822,52029.78
2025-11-16 15:37:29.475,1823,52029.78
2025-11-16 15:37:29.475,1824,33081.75
2025-11-16 15:37:29.475,1825,33036.22
2025-11-16 15:37:29.475,1826,31543.36
2025-11-16 15:37:29.475,1827,30631.22
2025-11-16 15:37:29.475,1828,31040.83
2025-11-16 15:37:29.475,1829,31501.02
2025-11-16 15:37:29.475,1830,30753.24
2025-11-16 15:37:29.475,1831,31501.02
2025-11-16 15:37:29.475,1832,31374.49
2025-11-16 15:37:29.475,1833,31290.57
2025-11-16 15:37:29.475,1834,31290.57
2025-11-16 15:37:29.475,1835,31501.02
2025-11-16 15:37:29.475,1836,31206.99
2025-11-16 15:37:29.475,1837,31248.74
2025-11-16 15:37:29.475,1838,32586.16
2025-11-16 15:37:29.475,1839,31458.76
2025-11-16 15:37:29.475,1840,33729.39
2025-11-16 15:37:29.475,1841,28699.64
2025-11-16 15:37:29.475,1842,28810.36
2025-11-16 15:37:29.475,1843,31458.76
2025-11-16 15:37:29.475,1844,34156.08
2025-11-16 15:37:29.475,1845,34204.0
2025-11-16 15:37:29.475,1846,32320.6
2025-11-16 15:37:29.475,1847,34348.4
2025-11-16 15:37:29.475,1848,31290.57
2025-11-16 15:37:29.475,1849,28773.39
2025-11-16 15:37:29.475,1850,36473.41
2025-11-16 15:37:29.475,1851,33036.22
2025-11-16 15:37:29.475,1852,29449.88
2025-11-16 15:37:29.475,1853,31885.26
2025-11-16 15:37:29.475,1854,27556.69
2025-11-16 15:37:29.475,1855,34156.08
2025-11-16 15:37:29.475,1856,59892.09
2025-11-16 15:37:29.475,1857,29526.5
2025-11-16 15:37:29.475,1858,34689.0
2025-11-16 15:37:29.475,1859,34252.03
2025-11-16 15:37:29.475,1860,29449.88
2025-11-16 15:37:29.475,1861,29449.88
2025-11-16 15:37:29.475,1862,32990.79
2025-11-16 15:37:29.475,1863,42320.58
2025-11-16 15:37:29.475,1864,177764.91
2025-11-16 15:37:29.475,1865,47565.14
2025-11-16 15:37:29.475,1866,861364.44
2025-11-16 15:37:29.475,1867,33588.98
2025-11-16 15:37:29.475,1868,47001.92
2025-11-16 15:37:29.475,1869,988899.38
2025-11-16 15:37:29.475,1870,65586.65
2025-11-16 15:37:29.475,1871,65586.65
2025-11-16 15:37:29.475,1872,27349.84
2025-11-16 15:37:29.475,1873,27626.15
2025-11-16 15:37:29.475,1874,26709.53
2025-11-16 15:37:29.475,1875,25836.37
2025-11-16 15:37:29.475,1876,26026.81
2025-11-16 15:37:29.475,1877,26283.89
2025-11-16 15:37:29.475,1878,26283.89
2025-11-16 15:37:29.475,1879,26544.65
2025-11-16 15:37:29.475,1880,26577.51
2025-11-16 15:37:29.475,1881,25899.63
2025-11-16 15:37:29.475,1882,26381.24
2025-11-16 15:37:29.475,1883,26348.73
2025-11-16 15:37:29.475,1884,26154.89
2025-11-16 15:37:29.475,1885,26154.89
2025-11-16 15:37:29.475,1886,27349.84
2025-11-16 15:37:29.475,1887,26610.43
2025-11-16 15:37:29.475,1888,28516.51
2025-11-16 15:37:29.475,1889,24179.86
2025-11-16 15:37:29.475,1890,23421.27
2025-11-16 15:37:29.475,1891,26348.73
2025-11-16 15:37:29.475,1892,28699.64
2025-11-16 15:37:29.475,1893,28553.0
2025-11-16 15:37:29.475,1894,27247.26
2025-11-16 15:37:29.475,1895,28662.88
2025-11-16 15:37:29.475,1896,26610.43
2025-11-16 15:37:29.475,1897,28699.64
2025-11-16 15:37:29.475,1898,30958.25
2025-11-16 15:37:29.475,1899,27836.08
2025-11-16 15:37:29.475,1900,23866.7
2025-11-16 15:37:29.475,1901,26742.69
2025-11-16 15:37:29.475,1902,21213.94
2025-11-16 15:37:29.475,1903,28996.3
2025-11-16 15:37:29.475,1904,52697.09
2025-11-16 15:37:29.475,1905,24324.12
2025-11-16 15:37:29.475,1906,29297.52
2025-11-16 15:37:29.475,1907,29221.78
2025-11-16 15:37:29.475,1908,23866.7
2025-11-16 15:37:29.475,1909,23810.38
2025-11-16 15:37:29.475,1910,27145.25
2025-11-16 15:37:29.475,1911,36053.13
2025-11-16 15:37:29.475,1912,155704.97
2025-11-16 15:37:29.475,1913,41267.73
2025-11-16 15:37:29.475,1914,942433.13
2025-11-16 15:37:29.475,1915,28299.01
2025-11-16 15:37:29.475,1916,41986.96
2025-11-16 15:37:29.475,1917,900097.25
2025-11-16 15:37:29.475,1918,56693.92
2025-11-16 15:37:29.475,1919,56693.92
2025-11-16 15:37:29.475,1920,942433.13
2025-11-16 15:37:29.475,1921,942433.13
2025-11-16 15:37:29.475,1922,900097.25
2025-11-16 15:37:29.475,1923,900097.25
2025-11-16 15:37:29.475,1924,900097.25
2025-11-16 15:37:29.475,1925,900097.25
2025-11-16 15:37:29.475,1926,900097.25
2025-11-16 15:37:29.475,1927,900097.25
2025-11-16 15:37:29.475,1928,900097.25
2025-11-16 15:37:29.475,1929,900097.25
2025-11-16 15:37:29.475,1930,900097.25
2025-11-16 15:37:29.475,1931,900097.25
2025-11-16 15:37:29.475,1932,900097.25
2025-11-16 15:37:29.475,1933,900097.25
2025-11-16 15:37:29.475,1934,900097.25
2025-11-16 15:37:29.475,1935,900097.25
2025-11-16 15:37:29.475,1936,900097.25
2025-11-16 15:37:29.475,1937,900097.25
2025-11-16 15:37:29.475,1938,900097.25
2025-11-16 15:37:29.475,1939,900097.25
2025-11-16 15:37:29.475,1940,942433.13
2025-11-16 15:37:29.475,1941,988899.38
2025-11-16 15:37:29.475,1942,988899.38
2025-11-16 15:37:29.475,1943,988899.38
2025-11-16 15:37:29.475,1944,861364.44
2025-11-16 15:37:29.475,1945,942433.13
2025-11-16 15:37:29.475,1946,942433.13
2025-11-16 15:37:29.475,1947,900097.25
2025-11-16 15:37:29.475,1948,900097.25
2025-11-16 15:37:29.475,1949,965113.19
2025-11-16 15:37:29.475,1950,988899.38
2025-11-16 15:37:29.475,1951,988899.38
2025-11-16 15:37:29.475,1952,900097.25
2025-11-16 15:37:29.475,1953,965113.19
2025-11-16 15:37:29.475,1954,942433.13
2025-11-16 15:37:29.475,1955,965113.19
2025-11-16 15:37:29.475,1956,793012.25
2025-11-16 15:37:29.475,1957,900097.25
2025-11-16 15:37:29.475,1958,988899.38
2025-11-16 15:37:29.475,1959,861364.44
2025-11-16 15:37:29.475,1960,942433.13
2025-11-16 15:37:29.475,1961,942433.13
2025-11-16 15:37:29.475,1962,942433.13
2025-11-16 15:37:29.475,1963,942433.13
2025-11-16 15:37:29.475,1964,566776.38
2025-11-16 15:37:29.475,1965,31756.39
2025-11-16 15:37:29.475,1966,31756.39
2025-11-16 15:37:29.475,1967,31756.39
2025-11-16 15:37:29.475,1968,31756.39
2025-11-16 15:37:29.475,1969,32675.42
2025-11-16 15:37:29.475,1970,31501.02
2025-11-16 15:37:29.475,1971,29449.88
2025-11-16 15:37:29.475,1972,31040.83
2025-11-16 15:37:29.475,1973,31040.83
2025-11-16 15:37:29.475,1974,30917.09
2025-11-16 15:37:29.475,1975,31290.57
2025-11-16 15:37:29.475,1976,30958.25
2025-11-16 15:37:29.475,1977,30999.5
2025-11-16 15:37:29.475,1978,31040.83
2025-11-16 15:37:29.475,1979,31290.57
2025-11-16 15:37:29.475,1980,30999.5
2025-11-16 15:37:29.475,1981,31374.49
2025-11-16 15:37:29.475,1982,32541.67
2025-11-16 15:37:29.475,1983,31458.76
2025-11-16 15:37:29.475,1984,33495.87
2025-11-16 15:37:29.475,1985,28773.39
2025-11-16 15:37:29.475,1986,28553.0
2025-11-16 15:37:29.475,1987,31458.76
2025-11-16 15:37:29.475,1988,33635.68
2025-11-16 15:37:29.475,1989,33870.7
2025-11-16 15:37:29.475,1990,31885.26
2025-11-16 15:37:29.475,1991,33870.7
2025-11-16 15:37:29.475,1992,30550.28
2025-11-16 15:37:29.475,1993,33495.87
2025-11-16 15:37:29.475,1994,35845.82
2025-11-16 15:37:29.475,1995,33036.22
2025-11-16 15:37:29.475,1996,29108.72
2025-11-16 15:37:29.475,1997,32014.92
2025-11-16 15:37:29.475,1998,26283.89
2025-11-16 15:37:29.475,1999,33588.98
2025-11-16 15:37:29.475,2000,56368.51
2025-11-16 15:37:29.475,2001,28299.01
2025-11-16 15:37:29.475,2002,34542.39
2025-11-16 15:37:29.475,2003,33870.7
2025-11-16 15:37:29.475,2004,28371.24
2025-11-16 15:37:29.475,2005,27906.57
2025-11-16 15:37:29.475,2006,32586.16
2025-11-16 15:37:29.475,2007,41526.96
2025-11-16 15:37:29.475,2008,173552.13
2025-11-16 15:37:29.475,2009,48139.58
2025-11-16 15:37:29.475,2010,403612.41
2025-11-16 15:37:29.475,2011,33310.84
2025-11-16 15:37:29.475,2012,45754.95
2025-11-16 15:37:29.475,2013,988899.38
2025-11-16 15:37:29.475,2014,62499.11
2025-11-16 15:37:29.475,2015,62499.11
2025-11-16 15:37:29.475,2016,650520.19
2025-11-16 15:37:29.475,2017,536008.31
2025-11-16 15:37:29.475,2018,640033.69
2025-11-16 15:37:29.475,2019,489387.19
2025-11-16 15:37:29.475,2020,558763.94
2025-11-16 15:37:29.475,2021,734602.25
2025-11-16 15:37:29.475,2022,508356.06
2025-11-16 15:37:29.475,2023,583498.19
2025-11-16 15:37:29.475,2024,721303.56
2025-11-16 15:37:29.475,2025,684112.31
2025-11-16 15:37:29.475,2026,708471.5
2025-11-16 15:37:29.475,2027,566776.38
2025-11-16 15:37:29.475,2028,762705.19
2025-11-16 15:37:29.475,2029,708471.5
2025-11-16 15:37:29.475,2030,708471.5
2025-11-16 15:37:29.475,2031,762705.19
2025-11-16 15:37:29.475,2032,734602.25
2025-11-16 15:37:29.475,2033,583498.19
2025-11-16 15:37:29.475,2034,708471.5
2025-11-16 15:37:29.475,2035,661350.38
2025-11-16 15:37:29.475,2036,861364.44
2025-11-16 15:37:29.475,2037,640033.69
2025-11-16 15:37:29.475,2038,734602.25
2025-11-16 15:37:29.475,2039,793012.25
2025-11-16 15:37:29.475,2040,661350.38
2025-11-16 15:37:29.475,2041,575017.88
2025-11-16 15:37:29.475,2042,861364.44
2025-11-16 15:37:29.475,2043,777567.38
2025-11-16 15:37:29.475,2044,721303.56
2025-11-16 15:37:29.475,2045,684112.31
2025-11-16 15:37:29.475,2046,708471.5
2025-11-16 15:37:29.475,2047,900097.25
2025-11-16 15:37:29.475,2048,942433.13
2025-11-16 15:37:29.475,2049,762705.19
2025-11-16 15:37:29.475,2050,861364.44
2025-11-16 15:37:29.475,2051,762705.19
2025-11-16 15:37:29.475,2052,708471.5
2025-11-16 15:37:29.475,2053,708471.5
2025-11-16 15:37:29.475,2054,684112.31
2025-11-16 15:37:29.475,2055,900097.25
2025-11-16 15:37:29.475,2056,988899.38
2025-11-16 15:37:29.475,2057,988899.38
2025-11-16 15:37:29.475,2058,900097.25
2025-11-16 15:37:29.475,2059,900097.25
2025-11-16 15:37:29.475,2060,450099.75
2025-11-16 15:37:29.475,2061,27315.59
2025-11-16 15:37:29.475,2062,27315.59
2025-11-16 15:37:29.475,2063,27315.59
2025-11-16 15:37:29.475,2064,27315.59
2025-11-16 15:37:29.475,2065,27626.15
2025-11-16 15:37:29.475,2066,26316.28
2025-11-16 15:37:29.475,2067,24764.27
2025-11-16 15:37:29.475,2068,25804.82
2025-11-16 15:37:29.475,2069,25963.11
2025-11-16 15:37:29.475,2070,25931.34
2025-11-16 15:37:29.475,2071,26219.28
2025-11-16 15:37:29.475,2072,26154.89
2025-11-16 15:37:29.475,2073,26348.73
2025-11-16 15:37:29.475,2074,26809.18
2025-11-16 15:37:29.475,2075,26544.65
2025-11-16 15:37:29.475,2076,25836.37
2025-11-16 15:37:29.475,2077,26544.65
2025-11-16 15:37:29.475,2078,27213.2
2025-11-16 15:37:29.475,2079,26283.89
2025-11-16 15:37:29.475,2080,27906.57
2025-11-16 15:37:29.475,2081,20533.68
2025-11-16 15:37:29.475,2082,24266.27
2025-11-16 15:37:29.475,2083,24973.54
2025-11-16 15:37:29.475,2084,28884.52
2025-11-16 15:37:29.475,2085,28996.3
2025-11-16 15:37:29.475,2086,27281.39
2025-11-16 15:37:29.475,2087,29221.78
2025-11-16 15:37:29.475,2088,26875.9
2025-11-16 15:37:29.475,2089,25804.82
2025-11-16 15:37:29.475,2090,31756.39
2025-11-16 15:37:29.475,2091,28553.0
2025-11-16 15:37:29.475,2092,26219.28
2025-11-16 15:37:29.475,2093,28119.63
2025-11-16 15:37:29.475,2094,25461.45
2025-11-16 15:37:29.475,2095,29071.17
2025-11-16 15:37:29.475,2096,57802.03
2025-11-16 15:37:29.475,2097,26026.81
2025-11-16 15:37:29.475,2098,30031.86
2025-11-16 15:37:29.475,2099,29449.88
2025-11-16 15:37:29.475,2100,25804.82
2025-11-16 15:37:29.475,2101,26026.81
2025-11-16 15:37:29.475,2102,29449.88
2025-11-16 15:37:29.475,2103,36901.41
2025-11-16 15:37:29.475,2104,146809.88
2025-11-16 15:37:29.475,2105,41267.73
2025-11-16 15:37:29.475,2106,412143.03
2025-11-16 15:37:29.475,2107,28263.01
2025-11-16 15:37:29.475,2108,43983.32
2025-11-16 15:37:29.475,2109,900097.25
2025-11-16 15:37:29.475,2110,57577.48
2025-11-16 15:37:29.475,2111,57577.48
2025-11-16 15:37:29.475,2112,515003.19
2025-11-16 15:37:29.475,2113,430305.09
2025-11-16 15:37:29.475,2114,483368.97
2025-11-16 15:37:29.475,2115,403612.41
2025-11-16 15:37:29.475,2116,495554.03
2025-11-16 15:37:29.475,2117,521823.06
2025-11-16 15:37:29.475,2118,460679.59
2025-11-16 15:37:29.475,2119,430305.09
2025-11-16 15:37:29.475,2120,455329.53
2025-11-16 15:37:29.475,2121,450099.75
2025-11-16 15:37:29.475,2122,483368.97
2025-11-16 15:37:29.475,2123,536008.31
2025-11-16 15:37:29.475,2124,471757.34
2025-11-16 15:37:29.475,2125,483368.97
2025-11-16 15:37:29.475,2126,430305.09
2025-11-16 15:37:29.475,2127,460679.59
2025-11-16 15:37:29.475,2128,528822.38
2025-11-16 15:37:29.475,2129,455329.53
2025-11-16 15:37:29.475,2130,483368.97
2025-11-16 15:37:29.475,2131,471757.34
2025-11-16 15:37:29.475,2132,477494.09
2025-11-16 15:37:29.475,2133,521823.06
2025-11-16 15:37:29.475,2134,536008.31
2025-11-16 15:37:29.475,2135,508356.06
2025-11-16 15:37:29.475,2136,399475.0
2025-11-16 15:37:29.475,2137,515003.19
2025-11-16 15:37:29.475,2138,536008.31
2025-11-16 15:37:29.475,2139,483368.97
2025-11-16 15:37:29.475,2140,455329.53
2025-11-16 15:37:29.475,2141,455329.53
2025-11-16 15:37:29.475,2142,450099.75
2025-11-16 15:37:29.475,2143,495554.03
2025-11-16 15:37:29.475,2144,328387.41
2025-11-16 15:37:29.475,2145,460679.59
2025-11-16 15:37:29.475,2146,450099.75
2025-11-16 15:37:29.475,2147,558763.94
2025-11-16 15:37:29.475,2148,403612.41
2025-11-16 15:37:29.475,2149,387544.88
2025-11-16 15:37:29.475,2150,421032.91
2025-11-16 15:37:29.475,2151,483368.97
2025-11-16 15:37:29.475,2152,508356.06
2025-11-16 15:37:29.475,2153,508356.06
2025-11-16 15:37:29.475,2154,435092.38
2025-11-16 15:37:29.475,2155,435092.38
2025-11-16 15:37:29.475,2156,77396.36
2025-11-16 15:37:29.475,2157,521823.06
2025-11-16 15:37:29.475,2158,521823.06
2025-11-16 15:37:29.475,2159,521823.06
2025-11-16 15:37:29.475,2160,640033.69
2025-11-16 15:37:29.475,2161,550970.88
2025-11-16 15:37:29.475,2162,558763.94
2025-11-16 15:37:29.475,2163,566776.38
2025-11-16 15:37:29.475,2164,684112.31
2025-11-16 15:37:29.475,2165,583498.19
2025-11-16 15:37:29.475,2166,508356.06
2025-11-16 15:37:29.475,2167,583498.19
2025-11-16 15:37:29.475,2168,708471.5
2025-11-16 15:37:29.475,2169,583498.19
2025-11-16 15:37:29.475,2170,601218.31
2025-11-16 15:37:29.475,2171,483368.97
2025-11-16 15:37:29.475,2172,762705.19
2025-11-16 15:37:29.475,2173,661350.38
2025-11-16 15:37:29.475,2174,696081.88
2025-11-16 15:37:29.475,2175,734602.25
2025-11-16 15:37:29.475,2176,793012.25
2025-11-16 15:37:29.475,2177,708471.5
2025-11-16 15:37:29.475,2178,721303.56
2025-11-16 15:37:29.475,2179,880309.75
2025-11-16 15:37:29.475,2180,988899.38
2025-11-16 15:37:29.475,2181,843208.31
2025-11-16 15:37:29.475,2182,708471.5
2025-11-16 15:37:29.475,2183,748393.56
2025-11-16 15:37:29.475,2184,748393.56
2025-11-16 15:37:29.475,2185,793012.25
2025-11-16 15:37:29.475,2186,793012.25
2025-11-16 15:37:29.475,2187,708471.5
2025-11-16 15:37:29.475,2188,721303.56
2025-11-16 15:37:29.475,2189,708471.5
2025-11-16 15:37:29.475,2190,592227.94
2025-11-16 15:37:29.475,2191,900097.25
2025-11-16 15:37:29.475,2192,566776.38
2025-11-16 15:37:29.475,2193,880309.75
2025-11-16 15:37:29.475,2194,762705.19
2025-11-16 15:37:29.475,2195,793012.25
2025-11-16 15:37:29.475,2196,748393.56
2025-11-16 15:37:29.475,2197,734602.25
2025-11-16 15:37:29.475,2198,809075.0
2025-11-16 15:37:29.475,2199,988899.38
2025-11-16 15:37:29.475,2200,988899.38
2025-11-16 15:37:29.475,2201,988899.38
2025-11-16 15:37:29.475,2202,861364.44
2025-11-16 15:37:29.475,2203,861364.44
2025-11-16 15:37:29.475,2204,155036.28
2025-11-16 15:37:29.475,2205,988899.38
2025-11-16 15:37:29.475,2206,988899.38
2025-11-16 15:37:29.475,2207,988899.38
2025-11-16 15:37:29.475,2208,264774.34
2025-11-16 15:37:29.475,2209,264774.34
2025-11-16 15:37:29.475,2210,264774.34
2025-11-16 15:37:29.475,2211,264774.34
2025-11-16 15:37:29.475,2212,264774.34
2025-11-16 15:37:29.475,2213,264774.34
2025-11-16 15:37:29.475,2214,264774.34
2025-11-16 15:37:29.475,2215,264774.34
2025-11-16 15:37:29.475,2216,264774.34
2025-11-16 15:37:29.475,2217,264774.34
2025-11-16 15:37:29.475,2218,264774.34
2025-11-16 15:37:29.475,2219,264774.34
2025-11-16 15:37:29.475,2220,264774.34
2025-11-16 15:37:29.475,2221,264774.34
2025-11-16 15:37:29.475,2222,264774.34
2025-11-16 15:37:29.475,2223,264774.34
2025-11-16 15:37:29.475,2224,264774.34
2025-11-16 15:37:29.475,2225,264774.34
2025-11-16 15:37:29.475,2226,264774.34
2025-11-16 15:37:29.475,2227,264774.34
2025-11-16 15:37:29.475,2228,264774.34
2025-11-16 15:37:29.475,2229,264774.34
2025-11-16 15:37:29.475,2230,264774.34
2025-11-16 15:37:29.475,2231,264774.34
2025-11-16 15:37:29.475,2232,264774.34
2025-11-16 15:37:29.475,2233,264774.34
2025-11-16 15:37:29.475,2234,264774.34
2025-11-16 15:37:29.475,2235,264774.34
2025-11-16 15:37:29.475,2236,264774.34
2025-11-16 15:37:29.475,2237,264774.34
2025-11-16 15:37:29.475,2238,264774.34
2025-11-16 15:37:29.475,2239,264774.34
2025-11-16 15:37:29.475,2240,264774.34
2025-11-16 15:37:29.475,2241,264774.34
2025-11-16 15:37:29.475,2242,264774.34
2025-11-16 15:37:29.475,2243,264774.34
2025-11-16 15:37:29.475,2244,264774.34
2025-11-16 15:37:29.475,2245,264774.34
2025-11-16 15:37:29.475,2246,264774.34
2025-11-16 15:37:29.475,2247,264774.34
2025-11-16 15:37:29.475,2248,264774.34
2025-11-16 15:37:29.475,2249,264774.34
2025-11-16 15:37:29.475,2250,264774.34
2025-11-16 15:37:29.475,2251,264774.34
2025-11-16 15:37:29.475,2252,264774.34
2025-11-16 15:37:29.475,2253,264774.34
2025-11-16 15:37:29.475,2254,264774.34
2025-11-16 15:37:29.475,2255,264774.34
2025-11-16 15:37:29.475,2256,264774.34
2025-11-16 15:37:29.475,2257,276308.56
2025-11-16 15:37:29.475,2258,278325.69
2025-11-16 15:37:29.475,2259,264774.34
2025-11-16 15:37:29.475,2260,293282.41
2025-11-16 15:37:29.475,2261,334076.69
2025-11-16 15:37:29.475,2262,328387.41
2025-11-16 15:37:29.475,2263,331208.34
2025-11-16 15:37:29.475,2264,280371.47
2025-11-16 15:37:29.475,2265,322883.13
2025-11-16 15:37:29.475,2266,358884.03
2025-11-16 15:37:29.475,2267,334076.69
2025-11-16 15:37:29.475,2268,322883.13
2025-11-16 15:37:29.475,2269,334076.69
2025-11-16 15:37:29.475,2270,331208.34
2025-11-16 15:37:29.475,2271,339960.47
2025-11-16 15:37:29.475,2272,339960.47
2025-11-16 15:37:29.475,2273,328387.41
2025-11-16 15:37:29.475,2274,322883.13
2025-11-16 15:37:29.475,2275,312394.69
2025-11-16 15:37:29.475,2276,331208.34
2025-11-16 15:37:29.475,2277,336993.63
2025-11-16 15:37:29.475,2278,346048.91
2025-11-16 15:37:29.475,2279,379970.25
2025-11-16 15:37:29.475,2280,293282.41
2025-11-16 15:37:29.475,2281,297844.91
2025-11-16 15:37:29.475,2282,383721.19
2025-11-16 15:37:29.475,2283,346048.91
2025-11-16 15:37:29.475,2284,276308.56
2025-11-16 15:37:29.475,2285,297844.91
2025-11-16 15:37:29.475,2286,284551.28
2025-11-16 15:37:29.475,2287,322883.13
2025-11-16 15:37:29.475,2288,216173.34
2025-11-16 15:37:29.475,2289,276308.56
2025-11-16 15:37:29.475,2290,331208.34
2025-11-16 15:37:29.475,2291,346048.91
2025-11-16 15:37:29.475,2292,257587.41
2025-11-16 15:37:29.475,2293,272357.75
2025-11-16 15:37:29.475,2294,312394.69
2025-11-16 15:37:29.475,2295,349173.25
2025-11-16 15:37:29.475,2296,988899.38
2025-11-16 15:37:29.475,2297,379970.25
2025-11-16 15:37:29.475,2298,322883.13
2025-11-16 15:37:29.475,2299,322883.13
2025-11-16 15:37:29.475,2300,54685.13
2025-11-16 15:37:29.475,2301,444986.13
2025-11-16 15:37:29.475,2302,444986.13
2025-11-16 15:37:29.475,2303,444986.13
2025-11-16 15:37:29.761,0,26283.89
2025-11-16 15:37:29.761,1,32720.19
2025-11-16 15:37:29.761,2,39403.42
2025-11-16 15:37:29.761,3,37950.12
2025-11-16 15:37:29.761,4,38578.92
2025-11-16 15:37:29.761,5,39403.42
2025-11-16 15:37:29.761,6,39523.48
2025-11-16 15:37:29.761,7,39887.21
2025-11-16 15:37:29.761,8,39704.69
2025-11-16 15:37:29.761,9,39283.93
2025-11-16 15:37:29.761,10,39826.22
2025-11-16 15:37:29.761,11,39704.69
2025-11-16 15:37:29.761,12,40194.41
2025-11-16 15:37:29.761,13,39343.6
2025-11-16 15:37:29.761,14,41397.01
2025-11-16 15:37:29.761,15,39644.14
2025-11-16 15:37:29.761,16,40505.41
2025-11-16 15:37:29.761,17,42320.58
2025-11-16 15:37:29.761,18,42726.61
2025-11-16 15:37:29.761,19,43347.59
2025-11-16 15:37:29.761,20,44707.67
2025-11-16 15:37:29.761,21,45907.83
2025-11-16 15:37:29.761,22,41267.73
2025-11-16 15:37:29.761,23,44854.87
2025-11-16 15:37:29.761,24,40820.27
2025-11-16 15:37:29.761,25,42186.62
2025-11-16 15:37:29.761,26,48139.58
2025-11-16 15:37:29.761,27,43769.74
2025-11-16 15:37:29.761,28,42726.61
2025-11-16 15:37:29.761,29,41920.75
2025-11-16 15:37:29.761,30,42455.23
2025-11-16 15:37:29.761,31,43840.75
2025-11-16 15:37:29.761,32,86936.61
2025-11-16 15:37:29.761,33,40442.9
2025-11-16 15:37:29.761,34,45226.35
2025-11-16 15:37:29.761,35,44126.66
2025-11-16 15:37:29.761,36,42455.23
2025-11-16 15:37:29.761,37,42863.36
2025-11-16 15:37:29.761,38,47322.41
2025-11-16 15:37:29.761,39,55833.13
2025-11-16 15:37:29.761,40,208912.44
2025-11-16 15:37:29.761,41,56912.64
2025-11-16 15:37:29.761,42,734602.25
2025-11-16 15:37:29.761,43,42186.62
2025-11-16 15:37:29.761,44,64347.73
2025-11-16 15:37:29.761,45,734602.25
2025-11-16 15:37:29.761,46,77023.94
2025-11-16 15:37:29.761,47,77023.94
2025-11-16 15:37:29.761,48,119086.36
2025-11-16 15:37:29.761,49,115905.77
2025-11-16 15:37:29.761,50,121157.05
2025-11-16 15:37:29.761,51,121579.19
2025-11-16 15:37:29.761,52,123295.2
2025-11-16 15:37:29.761,53,125056.52
2025-11-16 15:37:29.761,54,127787.46
2025-11-16 15:37:29.761,55,128253.38
2025-11-16 15:37:29.761,56,129670.22
2025-11-16 15:37:29.761,57,122431.63
2025-11-16 15:37:29.761,58,129670.22
2025-11-16 15:37:29.761,59,130148.98
2025-11-16 15:37:29.761,60,132097.22
2025-11-16 15:37:29.761,61,119086.36
2025-11-16 15:37:29.761,62,127787.46
2025-11-16 15:37:29.761,63,129670.22
2025-11-16 15:37:29.761,64,113621.23
2025-11-16 15:37:29.761,65,135640.13
2025-11-16 15:37:29.761,66,129194.73
2025-11-16 15:37:29.761,67,128722.46
2025-11-16 15:37:29.761,68,141018.91
2025-11-16 15:37:29.761,69,147413.47
2025-11-16 15:37:29.761,70,127324.66
2025-11-16 15:37:29.761,71,143283.25
2025-11-16 15:37:29.761,72,126864.97
2025-11-16 15:37:29.761,73,132592.78
2025-11-16 15:37:29.761,74,137745.05
2025-11-16 15:37:29.761,75,127787.46
2025-11-16 15:37:29.761,76,134609.98
2025-11-16 15:37:29.761,77,132592.78
2025-11-16 15:37:29.761,78,125954.73
2025-11-16 15:37:29.761,79,138820.45
2025-11-16 15:37:29.761,80,229407.17
2025-11-16 15:37:29.761,81,137745.05
2025-11-16 15:37:29.761,82,142142.66
2025-11-16 15:37:29.761,83,142142.66
2025-11-16 15:37:29.761,84,142142.66
2025-11-16 15:37:29.761,85,135640.13
2025-11-16 15:37:29.761,86,156379.06
2025-11-16 15:37:29.761,87,168739.63
2025-11-16 15:37:29.761,88,566776.38
2025-11-16 15:37:29.761,89,134609.98
2025-11-16 15:37:29.761,90,139364.05
2025-11-16 15:37:29.761,91,139364.05
2025-11-16 15:37:29.761,92,113996.21
2025-11-16 15:37:29.761,93,165668.98
2025-11-16 15:37:29.761,94,165668.98
2025-11-16 15:37:29.761,95,165668.98
2025-11-16 15:37:29.761,96,86025.24
2025-11-16 15:37:29.761,97,85352.86
2025-11-16 15:37:29.761,98,92531.65
2025-11-16 15:37:29.761,99,91512.71
2025-11-16 15:37:29.761,100,90513.82
2025-11-16 15:37:29.761,101,93571.2
2025-11-16 15:37:29.761,102,91512.71
2025-11-16 15:37:29.761,103,93048.8
2025-11-16 15:37:29.761,104,91010.8
2025-11-16 15:37:29.761,105,91512.71
2025-11-16 15:37:29.761,106,99393.72
2025-11-16 15:37:29.761,107,97948.88
2025-11-16 15:37:29.761,108,101482.63
2025-11-16 15:37:29.761,109,103024.17
2025-11-16 15:37:29.761,110,102712.45
2025-11-16 15:37:29.761,111,96820.16
2025-11-16 15:37:29.761,112,85352.86
2025-11-16 15:37:29.761,113,103969.71
2025-11-16 15:37:29.761,114,107915.35
2025-11-16 15:37:29.761,115,103969.71
2025-11-16 15:37:29.761,116,105581.22
2025-11-16 15:37:29.761,117,111418.03
2025-11-16 15:37:29.761,118,96820.16
2025-11-16 15:37:29.761,119,104931.19
2025-11-16 15:37:29.761,120,101482.63
2025-11-16 15:37:29.761,121,101482.63
2025-11-16 15:37:29.761,122,108599.64
2025-11-16 15:37:29.761,123,110700.96
2025-11-16 15:37:29.761,124,102094.18
2025-11-16 15:37:29.761,125,101787.58
2025-11-16 15:37:29.761,126,100279.32
2025-11-16 15:37:29.761,127,107238.9
2025-11-16 15:37:29.761,128,208912.44
2025-11-16 15:37:29.761,129,103024.17
2025-11-16 15:37:29.761,130,109992.31
2025-11-16 15:37:29.761,131,104608.9
2025-11-16 15:37:29.761,132,103024.17
2025-11-16 15:37:29.761,133,101482.63
2025-11-16 15:37:29.761,134,118680.02
2025-11-16 15:37:29.761,135,128722.46
2025-11-16 15:37:29.761,136,508356.06
2025-11-16 15:37:29.761,137,114373.48
2025-11-16 15:37:29.761,138,101787.58
2025-11-16 15:37:29.761,139,101787.58
2025-11-16 15:37:29.761,140,138820.45
2025-11-16 15:37:29.761,141,170315.53
2025-11-16 15:37:29.761,142,170315.53
2025-11-16 15:37:29.761,143,170315.53
2025-11-16 15:37:29.761,144,42794.9
2025-11-16 15:37:29.761,145,42455.23
2025-11-16 15:37:29.761,146,42658.5
2025-11-16 15:37:29.761,147,43698.91
2025-11-16 15:37:29.761,148,41986.96
2025-11-16 15:37:29.761,149,42320.58
2025-11-16 15:37:29.761,150,41920.75
2025-11-16 15:37:29.761,151,42320.58
2025-11-16 15:37:29.761,152,41461.9
2025-11-16 15:37:29.761,153,42455.23
2025-11-16 15:37:29.761,154,42387.82
2025-11-16 15:37:29.761,155,42455.23
2025-11-16 15:37:29.761,156,42455.23
2025-11-16 15:37:29.761,157,41986.96
2025-11-16 15:37:29.761,158,42590.57
2025-11-16 15:37:29.761,159,41526.96
2025-11-16 15:37:29.761,160,22987.37
2025-11-16 15:37:29.761,161,41461.9
2025-11-16 15:37:29.761,162,43487.57
2025-11-16 15:37:29.761,163,39224.4
2025-11-16 15:37:29.761,164,46138.74
2025-11-16 15:37:29.761,165,47001.92
2025-11-16 15:37:29.761,166,40505.41
2025-11-16 15:37:29.761,167,45907.83
2025-11-16 15:37:29.761,168,42320.58
2025-11-16 15:37:29.761,169,44343.09
2025-11-16 15:37:29.761,170,47081.7
2025-11-16 15:37:29.761,171,45602.89
2025-11-16 15:37:29.761,172,44561.25
2025-11-16 15:37:29.761,173,43698.91
2025-11-16 15:37:29.761,174,45077.16
2025-11-16 15:37:29.761,175,46606.3
2025-11-16 15:37:29.761,176,94364.8
2025-11-16 15:37:29.761,177,44415.61
2025-11-16 15:37:29.761,178,48980.34
2025-11-16 15:37:29.761,179,48139.58
2025-11-16 15:37:29.761,180,45602.89
2025-11-16 15:37:29.761,181,45301.25
2025-11-16 15:37:29.761,182,52029.78
2025-11-16 15:37:29.761,183,59653.54
2025-11-16 15:37:29.761,184,216173.34
2025-11-16 15:37:29.761,185,53378.87
2025-11-16 15:37:29.761,186,661350.38
2025-11-16 15:37:29.761,187,44561.25
2025-11-16 15:37:29.761,188,61860.94
2025-11-16 15:37:29.761,189,988899.38
2025-11-16 15:37:29.761,190,74328.61
2025-11-16 15:37:29.761,191,74328.61
2025-11-16 15:37:29.761,192,30999.5
2025-11-16 15:37:29.761,193,30389.34
2025-11-16 15:37:29.761,194,29297.52
2025-11-16 15:37:29.761,195,30189.96
2025-11-16 15:37:29.761,196,29184.02
2025-11-16 15:37:29.761,197,29411.68
2025-11-16 15:37:29.761,198,28662.88
2025-11-16 15:37:29.761,199,29449.88
2025-11-16 15:37:29.761,200,29221.78
2025-11-16 15:37:29.761,201,28921.71
2025-11-16 15:37:29.761,202,28921.71
2025-11-16 15:37:29.761,203,28847.41
2025-11-16 15:37:29.761,204,28847.41
2025-11-16 15:37:29.761,205,29146.33
2025-11-16 15:37:29.761,206,30071.27
2025-11-16 15:37:29.761,207,29071.17
2025-11-16 15:37:29.761,208,18221.02
2025-11-16 15:37:29.761,209,29603.42
2025-11-16 15:37:29.761,210,29297.52
2025-11-16 15:37:29.761,211,22933.92
2025-11-16 15:37:29.761,212,32189.05
2025-11-16 15:37:29.761,213,32945.45
2025-11-16 15:37:29.761,214,26122.79
2025-11-16 15:37:29.761,215,31928.39
2025-11-16 15:37:29.761,216,30031.86
2025-11-16 15:37:29.761,217,30835.0
2025-11-16 15:37:29.761,218,33870.7
2025-11-16 15:37:29.761,219,31971.61
2025-11-16 15:37:29.761,220,31206.99
2025-11-16 15:37:29.761,221,30309.35
2025-11-16 15:37:29.761,222,30753.24
2025-11-16 15:37:29.761,223,32541.67
2025-11-16 15:37:29.761,224,68493.05
2025-11-16 15:37:29.761,225,31290.57
2025-11-16 15:37:29.761,226,34689.0
2025-11-16 15:37:29.761,227,33682.49
2025-11-16 15:37:29.761,228,32364.63
2025-11-16 15:37:29.761,229,31971.61
2025-11-16 15:37:29.761,230,36793.67
2025-11-16 15:37:29.761,231,43557.83
2025-11-16 15:37:29.761,232,157058.67
2025-11-16 15:37:29.761,233,40756.99
2025-11-16 15:37:29.761,234,942433.13
2025-11-16 15:37:29.761,235,32014.92
2025-11-16 15:37:29.761,236,51284.3
2025-11-16 15:37:29.761,237,762705.19
2025-11-16 15:37:29.761,238,59653.54
2025-11-16 15:37:29.761,239,59653.54
2025-11-16 15:37:29.761,240,19707.48
2025-11-16 15:37:29.761,241,19449.01
2025-11-16 15:37:29.761,242,19028.03
2025-11-16 15:37:29.761,243,19577.68
2025-11-16 15:37:29.761,244,18378.83
2025-11-16 15:37:29.761,245,18801.55
2025-11-16 15:37:29.761,246,18458.39
2025-11-16 15:37:29.761,247,18518.36
2025-11-16 15:37:29.761,248,18221.02
2025-11-16 15:37:29.761,249,18339.21
2025-11-16 15:37:29.761,250,18418.55
2025-11-16 15:37:29.761,251,18260.31
2025-11-16 15:37:29.761,252,18538.4
2025-11-16 15:37:29.761,253,18458.39
2025-11-16 15:37:29.761,254,19427.67
2025-11-16 15:37:29.761,255,18458.39
2025-11-16 15:37:29.761,256,18699.77
2025-11-16 15:37:29.761,257,20103.78
2025-11-16 15:37:29.761,258,19838.42
2025-11-16 15:37:29.761,259,19090.4
2025-11-16 15:37:29.761,260,21286.04
2025-11-16 15:37:29.761,261,21725.7
2025-11-16 15:37:29.761,262,19174.0
2025-11-16 15:37:29.761,263,21528.79
2025-11-16 15:37:29.761,264,19707.48
2025-11-16 15:37:29.761,265,20373.88
2025-11-16 15:37:29.761,266,23698.29
2025-11-16 15:37:29.761,267,21118.33
2025-11-16 15:37:29.761,268,20834.94
2025-11-16 15:37:29.761,269,20148.47
2025-11-16 15:37:29.761,270,20419.37
2025-11-16 15:37:29.761,271,21118.33
2025-11-16 15:37:29.761,272,48980.34
2025-11-16 15:37:29.761,273,20487.86
2025-11-16 15:37:29.761,274,22880.64
2025-11-16 15:37:29.761,275,22050.96
2025-11-16 15:37:29.761,276,20975.98
2025-11-16 15:37:29.761,277,21023.29
2025-11-16 15:37:29.761,278,24734.57
2025-11-16 15:37:29.761,279,29449.88
2025-11-16 15:37:29.761,280,110700.96
2025-11-16 15:37:29.761,281,29033.7
2025-11-16 15:37:29.761,282,550970.88
2025-11-16 15:37:29.761,283,20648.86
2025-11-16 15:37:29.761,284,37118.37
2025-11-16 15:37:29.761,285,721303.56
2025-11-16 15:37:29.761,286,42863.36
2025-11-16 15:37:29.761,287,42863.36
2025-11-16 15:37:29.761,288,16114.59
2025-11-16 15:37:29.761,289,16047.52
2025-11-16 15:37:29.761,290,15205.86
2025-11-16 15:37:29.761,291,15782.65
2025-11-16 15:37:29.761,292,14744.46
2025-11-16 15:37:29.761,293,14988.43
2025-11-16 15:37:29.761,294,14805.01
2025-11-16 15:37:29.761,295,14759.57
2025-11-16 15:37:29.761,296,14820.19
2025-11-16 15:37:29.761,297,14789.84
2025-11-16 15:37:29.761,298,14805.01
2025-11-16 15:37:29.761,299,14789.84
2025-11-16 15:37:29.761,300,14835.39
2025-11-16 15:37:29.761,301,14835.39
2025-11-16 15:37:29.761,302,15684.7
2025-11-16 15:37:29.761,303,14911.68
2025-11-16 15:37:29.761,304,17018.8
2025-11-16 15:37:29.761,305,16751.64
2025-11-16 15:37:29.761,306,16875.66
2025-11-16 15:37:29.761,307,17420.39
2025-11-16 15:37:29.761,308,17420.39
2025-11-16 15:37:29.761,309,18162.29
2025-11-16 15:37:29.761,310,15947.57
2025-11-16 15:37:29.761,311,17853.14
2025-11-16 15:37:29.761,312,15848.37
2025-11-16 15:37:29.761,313,16663.75
2025-11-16 15:37:29.761,314,19882.33
2025-11-16 15:37:29.761,315,17036.8
2025-11-16 15:37:29.761,316,16964.95
2025-11-16 15:37:29.761,317,16455.14
2025-11-16 15:37:29.761,318,16628.76
2025-11-16 15:37:29.761,319,17036.8
2025-11-16 15:37:29.761,320,41397.01
2025-11-16 15:37:29.761,321,16420.69
2025-11-16 15:37:29.761,322,18498.34
2025-11-16 15:37:29.761,323,17910.59
2025-11-16 15:37:29.761,324,16840.11
2025-11-16 15:37:29.761,325,17199.88
2025-11-16 15:37:29.761,326,20396.61
2025-11-16 15:37:29.761,327,24616.31
2025-11-16 15:37:29.761,328,97381.57
2025-11-16 15:37:29.761,329,25836.37
2025-11-16 15:37:29.761,330,421032.91
2025-11-16 15:37:29.761,331,16716.42
2025-11-16 15:37:29.761,332,32320.6
2025-11-16 15:37:29.761,333,583498.19
2025-11-16 15:37:29.761,334,35897.47
2025-11-16 15:37:29.761,335,35897.47
2025-11-16 15:37:29.761,336,14789.84
2025-11-16 15:37:29.761,337,14639.21
2025-11-16 15:37:29.761,338,13912.56
2025-11-16 15:37:29.761,339,14154.79
2025-11-16 15:37:29.761,340,13483.07
2025-11-16 15:37:29.761,341,13730.56
2025-11-16 15:37:29.761,342,13469.47
2025-11-16 15:37:29.761,343,13510.31
2025-11-16 15:37:29.761,344,13320.91
2025-11-16 15:37:29.761,345,13347.78
2025-11-16 15:37:29.761,346,13592.43
2025-11-16 15:37:29.761,347,13469.47
2025-11-16 15:37:29.761,348,13483.07
2025-11-16 15:37:29.761,349,13469.47
2025-11-16 15:37:29.761,350,14328.73
2025-11-16 15:37:29.761,351,13510.31
2025-11-16 15:37:29.761,352,15815.47
2025-11-16 15:37:29.761,353,15363.49
2025-11-16 15:37:29.761,354,15555.25
2025-11-16 15:37:29.761,355,15914.42
2025-11-16 15:37:29.761,356,15947.57
2025-11-16 15:37:29.761,357,16840.11
2025-11-16 15:37:29.761,358,14654.19
2025-11-16 15:37:29.761,359,16472.4
2025-11-16 15:37:29.761,360,14624.25
2025-11-16 15:37:29.761,361,15174.57
2025-11-16 15:37:29.761,362,18260.31
2025-11-16 15:37:29.761,363,15491.01
2025-11-16 15:37:29.761,364,15587.49
2025-11-16 15:37:29.761,365,14881.11
2025-11-16 15:37:29.761,366,15363.49
2025-11-16 15:37:29.761,367,15766.28
2025-11-16 15:37:29.761,368,39403.42
2025-11-16 15:37:29.761,369,15237.23
2025-11-16 15:37:29.761,370,17163.47
2025-11-16 15:37:29.761,371,16403.5
2025-11-16 15:37:29.761,372,15652.22
2025-11-16 15:37:29.761,373,15930.98
2025-11-16 15:37:29.761,374,18842.47
2025-11-16 15:37:29.761,375,23148.76
2025-11-16 15:37:29.761,376,90267.15
2025-11-16 15:37:29.761,377,24151.15
2025-11-16 15:37:29.761,378,988899.38
2025-11-16 15:37:29.761,379,15347.64
2025-11-16 15:37:29.761,380,30389.34
2025-11-16 15:37:29.761,381,536008.31
2025-11-16 15:37:29.761,382,34542.39
2025-11-16 15:37:29.761,383,34542.39
2025-11-16 15:37:29.761,384,14564.57
2025-11-16 15:37:29.761,385,14416.64
2025-11-16 15:37:29.761,386,13716.68
2025-11-16 15:37:29.761,387,14285.01
2025-11-16 15:37:29.761,388,13227.34
2025-11-16 15:37:29.761,389,13415.23
2025-11-16 15:37:29.761,390,13294.1
2025-11-16 15:37:29.761,391,13294.1
2025-11-16 15:37:29.761,392,13254.0
2025-11-16 15:37:29.761,393,13214.03
2025-11-16 15:37:29.761,394,13294.1
2025-11-16 15:37:29.761,395,13267.35
2025-11-16 15:37:29.761,396,13307.49
2025-11-16 15:37:29.761,397,13267.35
2025-11-16 15:37:29.761,398,14154.79
2025-11-16 15:37:29.761,399,13320.91
2025-11-16 15:37:29.761,400,15523.09
2025-11-16 15:37:29.761,401,15158.95
2025-11-16 15:37:29.761,402,14988.43
2025-11-16 15:37:29.761,403,15749.92
2025-11-16 15:37:29.761,404,15848.37
2025-11-16 15:37:29.761,405,16386.33
2025-11-16 15:37:29.761,406,14684.21
2025-11-16 15:37:29.761,407,16249.76
2025-11-16 15:37:29.761,408,14564.57
2025-11-16 15:37:29.761,409,15096.68
2025-11-16 15:37:29.761,410,18045.56
2025-11-16 15:37:29.761,411,15603.64
2025-11-16 15:37:29.761,412,15347.64
2025-11-16 15:37:29.761,413,14926.99
2025-11-16 15:37:29.761,414,15300.2
2025-11-16 15:37:29.761,415,15555.25
2025-11-16 15:37:29.761,416,38695.02
2025-11-16 15:37:29.761,417,15112.21
2025-11-16 15:37:29.761,418,16947.04
2025-11-16 15:37:29.761,419,16352.05
2025-11-16 15:37:29.761,420,15395.25
2025-11-16 15:37:29.761,421,15815.47
2025-11-16 15:37:29.761,422,18699.77
2025-11-16 15:37:29.761,423,22616.81
2025-11-16 15:37:29.761,424,90513.82
2025-11-16 15:37:29.761,425,23754.24
2025-11-16 15:37:29.761,426,942433.13
2025-11-16 15:37:29.761,427,15174.57
2025-11-16 15:37:29.761,428,30631.22
2025-11-16 15:37:29.761,429,558763.94
2025-11-16 15:37:29.761,430,34542.39
2025-11-16 15:37:29.761,431,34542.39
2025-11-16 15:37:29.761,432,14549.7
2025-11-16 15:37:29.761,433,14328.73
2025-11-16 15:37:29.761,434,13483.07
2025-11-16 15:37:29.761,435,14212.49
2025-11-16 15:37:29.761,436,13254.0
2025-11-16 15:37:29.761,437,13294.1
2025-11-16 15:37:29.761,438,13240.66
2025-11-16 15:37:29.761,439,13214.03
2025-11-16 15:37:29.761,440,13174.2
2025-11-16 15:37:29.761,441,13055.53
2025-11-16 15:37:29.761,442,13240.66
2025-11-16 15:37:29.761,443,13267.35
2025-11-16 15:37:29.761,444,13267.35
2025-11-16 15:37:29.761,445,13174.2
2025-11-16 15:37:29.761,446,13716.68
2025-11-16 15:37:29.761,447,13254.0
2025-11-16 15:37:29.761,448,15587.49
2025-11-16 15:37:29.761,449,15081.15
2025-11-16 15:37:29.761,450,15019.26
2025-11-16 15:37:29.761,451,15587.49
2025-11-16 15:37:29.761,452,15684.7
2025-11-16 15:37:29.761,453,16334.95
2025-11-16 15:37:29.761,454,14328.73
2025-11-16 15:37:29.761,455,16081.01
2025-11-16 15:37:29.761,456,14212.49
2025-11-16 15:37:29.761,457,14835.39
2025-11-16 15:37:29.761,458,17872.27
2025-11-16 15:37:29.761,459,15363.49
2025-11-16 15:37:29.761,460,15268.68
2025-11-16 15:37:29.761,461,14850.61
2025-11-16 15:37:29.761,462,14942.32
2025-11-16 15:37:29.761,463,15284.43
2025-11-16 15:37:29.761,464,38233.91
2025-11-16 15:37:29.761,465,14911.68
2025-11-16 15:37:29.761,466,16681.28
2025-11-16 15:37:29.761,467,16014.12
2025-11-16 15:37:29.761,468,15205.86
2025-11-16 15:37:29.761,469,15555.25
2025-11-16 15:37:29.761,470,18398.68
2025-11-16 15:37:29.761,471,22512.45
2025-11-16 15:37:29.761,472,89292.48
2025-11-16 15:37:29.761,473,23586.93
2025-11-16 15:37:29.761,474,942433.13
2025-11-16 15:37:29.761,475,14911.68
2025-11-16 15:37:29.761,476,29526.5
2025-11-16 15:37:29.761,477,515003.19
2025-11-16 15:37:29.761,478,33776.39
2025-11-16 15:37:29.761,479,33776.39
2025-11-16 15:37:29.761,480,14416.64
2025-11-16 15:37:29.761,481,14169.19
2025-11-16 15:37:29.761,482,13455.89
2025-11-16 15:37:29.761,483,13954.95
2025-11-16 15:37:29.761,484,12964.06
2025-11-16 15:37:29.761,485,13160.96
2025-11-16 15:37:29.761,486,13003.18
2025-11-16 15:37:29.761,487,13055.53
2025-11-16 15:37:29.761,488,13042.42
2025-11-16 15:37:29.761,489,12977.09
2025-11-16 15:37:29.761,490,13094.96
2025-11-16 15:37:29.761,491,13029.33
2025-11-16 15:37:29.761,492,13094.96
2025-11-16 15:37:29.761,493,13055.53
2025-11-16 15:37:29.761,494,13954.95
2025-11-16 15:37:29.761,495,13029.33
2025-11-16 15:37:29.761,496,15205.86
2025-11-16 15:37:29.761,497,14942.32
2025-11-16 15:37:29.761,498,15019.26
2025-11-16 15:37:29.761,499,15363.49
2025-11-16 15:37:29.761,500,15523.09
2025-11-16 15:37:29.761,501,16182.0
2025-11-16 15:37:29.761,502,14183.61
2025-11-16 15:37:29.761,503,15947.57
2025-11-16 15:37:29.761,504,14299.57
2025-11-16 15:37:29.761,505,14744.46
2025-11-16 15:37:29.761,506,17738.95
2025-11-16 15:37:29.761,507,15268.68
2025-11-16 15:37:29.761,508,15112.21
2025-11-16 15:37:29.761,509,14654.19
2025-11-16 15:37:29.761,510,14805.01
2025-11-16 15:37:29.761,511,15112.21
2025-11-16 15:37:29.761,512,37893.76
2025-11-16 15:37:29.761,513,14865.85
2025-11-16 15:37:29.761,514,16663.75
2025-11-16 15:37:29.761,515,15914.42
2025-11-16 15:37:29.761,516,15237.23
2025-11-16 15:37:29.761,517,15411.16
2025-11-16 15:37:29.761,518,18378.83
2025-11-16 15:37:29.761,519,22512.45
2025-11-16 15:37:29.761,520,89051.75
2025-11-16 15:37:29.761,521,23586.93
2025-11-16 15:37:29.761,522,942433.13
2025-11-16 15:37:29.761,523,14744.46
2025-11-16 15:37:29.761,524,29108.72
2025-11-16 15:37:29.761,525,536008.31
2025-11-16 15:37:29.761,526,33635.68
2025-11-16 15:37:29.761,527,33635.68
2025-11-16 15:37:29.761,528,14505.19
2025-11-16 15:37:29.761,529,14328.73
2025-11-16 15:37:29.761,530,13483.07
2025-11-16 15:37:29.761,531,14126.04
2025-11-16 15:37:29.761,532,13108.13
2025-11-16 15:37:29.761,533,13374.71
2025-11-16 15:37:29.761,534,13187.46
2025-11-16 15:37:29.761,535,13160.96
2025-11-16 15:37:29.761,536,13160.96
2025-11-16 15:37:29.761,537,13121.31
2025-11-16 15:37:29.761,538,13227.34
2025-11-16 15:37:29.761,539,13187.46
2025-11-16 15:37:29.761,540,13227.34
2025-11-16 15:37:29.761,541,13121.31
2025-11-16 15:37:29.761,542,14212.49
2025-11-16 15:37:29.761,543,13227.34
2025-11-16 15:37:29.761,544,15363.49
2025-11-16 15:37:29.761,545,15174.57
2025-11-16 15:37:29.761,546,15143.35
2025-11-16 15:37:29.761,547,15603.64
2025-11-16 15:37:29.761,548,15636.01
2025-11-16 15:37:29.761,549,16420.69
2025-11-16 15:37:29.761,550,14372.61
2025-11-16 15:37:29.761,551,16131.41
2025-11-16 15:37:29.761,552,14416.64
2025-11-16 15:37:29.761,553,14988.43
2025-11-16 15:37:29.761,554,17929.79
2025-11-16 15:37:29.761,555,15491.01
2025-11-16 15:37:29.761,556,15300.2
2025-11-16 15:37:29.761,557,14835.39
2025-11-16 15:37:29.761,558,15065.65
2025-11-16 15:37:29.761,559,15395.25
2025-11-16 15:37:29.761,560,38578.92
2025-11-16 15:37:29.761,561,14896.38
2025-11-16 15:37:29.761,562,16698.84
2025-11-16 15:37:29.761,563,16047.52
2025-11-16 15:37:29.761,564,15331.81
2025-11-16 15:37:29.761,565,15668.45
2025-11-16 15:37:29.761,566,18538.4
2025-11-16 15:37:29.761,567,22721.83
2025-11-16 15:37:29.761,568,89051.75
2025-11-16 15:37:29.761,569,23754.24
2025-11-16 15:37:29.761,570,988899.38
2025-11-16 15:37:29.761,571,14926.99
2025-11-16 15:37:29.761,572,30590.71
2025-11-16 15:37:29.761,573,550970.88
2025-11-16 15:37:29.761,574,34689.0
2025-11-16 15:37:29.761,575,34689.0
2025-11-16 15:37:29.761,576,14579.46
2025-11-16 15:37:29.761,577,14343.34
2025-11-16 15:37:29.761,578,13702.81
2025-11-16 15:37:29.761,579,14226.96
2025-11-16 15:37:29.761,580,13187.46
2025-11-16 15:37:29.761,581,13401.71
2025-11-16 15:37:29.761,582,13160.96
2025-11-16 15:37:29.761,583,13200.74
2025-11-16 15:37:29.761,584,13227.34
2025-11-16 15:37:29.761,585,13055.53
2025-11-16 15:37:29.761,586,13240.66
2025-11-16 15:37:29.761,587,13187.46
2025-11-16 15:37:29.761,588,13267.35
2025-11-16 15:37:29.761,589,13200.74
2025-11-16 15:37:29.761,590,14097.35
2025-11-16 15:37:29.761,591,13347.78
2025-11-16 15:37:29.761,592,15427.09
2025-11-16 15:37:29.761,593,15112.21
2025-11-16 15:37:29.761,594,15019.26
2025-11-16 15:37:29.761,595,15507.04
2025-11-16 15:37:29.761,596,15652.22
2025-11-16 15:37:29.761,597,16283.77
2025-11-16 15:37:29.761,598,14328.73
2025-11-16 15:37:29.761,599,16097.79
2025-11-16 15:37:29.761,600,14328.73
2025-11-16 15:37:29.761,601,14835.39
2025-11-16 15:37:29.761,602,17872.27
2025-11-16 15:37:29.761,603,15347.64
2025-11-16 15:37:29.761,604,15112.21
2025-11-16 15:37:29.761,605,14564.57
2025-11-16 15:37:29.761,606,14654.19
2025-11-16 15:37:29.761,607,14759.57
2025-11-16 15:37:29.761,608,37950.12
2025-11-16 15:37:29.761,609,14564.57
2025-11-16 15:37:29.761,610,16751.64
2025-11-16 15:37:29.761,611,15815.47
2025-11-16 15:37:29.761,612,15143.35
2025-11-16 15:37:29.761,613,15411.16
2025-11-16 15:37:29.761,614,18240.65
2025-11-16 15:37:29.761,615,22357.16
2025-11-16 15:37:29.761,616,89051.75
2025-11-16 15:37:29.761,617,23726.24
2025-11-16 15:37:29.761,618,942433.13
2025-11-16 15:37:29.761,619,14805.01
2025-11-16 15:37:29.761,620,29564.92
2025-11-16 15:37:29.761,621,536008.31
2025-11-16 15:37:29.761,622,33870.7
2025-11-16 15:37:29.761,623,33870.7
2025-11-16 15:37:29.761,624,14505.19
2025-11-16 15:37:29.761,625,14357.96
2025-11-16 15:37:29.761,626,13647.49
2025-11-16 15:37:29.761,627,14154.79
2025-11-16 15:37:29.761,628,13187.46
2025-11-16 15:37:29.761,629,13428.77
2025-11-16 15:37:29.761,630,13294.1
2025-11-16 15:37:29.761,631,13240.66
2025-11-16 15:37:29.761,632,13094.96
2025-11-16 15:37:29.761,633,13068.66
2025-11-16 15:37:29.761,634,13108.13
2025-11-16 15:37:29.761,635,13187.46
2025-11-16 15:37:29.761,636,13254.0
2025-11-16 15:37:29.761,637,13214.03
2025-11-16 15:37:29.761,638,14140.4
2025-11-16 15:37:29.761,639,13294.1
2025-11-16 15:37:29.761,640,15491.01
2025-11-16 15:37:29.761,641,15081.15
2025-11-16 15:37:29.761,642,15081.15
2025-11-16 15:37:29.761,643,15571.36
2025-11-16 15:37:29.761,644,15684.7
2025-11-16 15:37:29.761,645,16249.76
2025-11-16 15:37:29.761,646,14549.7
2025-11-16 15:37:29.761,647,16131.41
2025-11-16 15:37:29.761,648,14387.27
2025-11-16 15:37:29.761,649,14835.39
2025-11-16 15:37:29.761,650,17531.99
2025-11-16 15:37:29.761,651,15523.09
2025-11-16 15:37:29.761,652,15112.21
2025-11-16 15:37:29.761,653,14744.46
2025-11-16 15:37:29.761,654,14774.7
2025-11-16 15:37:29.761,655,15190.2
2025-11-16 15:37:29.761,656,37613.93
2025-11-16 15:37:29.761,657,14774.7
2025-11-16 15:37:29.761,658,16628.76
2025-11-16 15:37:29.761,659,15997.45
2025-11-16 15:37:29.761,660,15347.64
2025-11-16 15:37:29.761,661,15523.09
2025-11-16 15:37:29.761,662,18221.02
2025-11-16 15:37:29.761,663,22331.42
2025-11-16 15:37:29.761,664,86707.14
2025-11-16 15:37:29.761,665,23754.24
2025-11-16 15:37:29.761,666,460679.59
2025-11-16 15:37:29.761,667,14744.46
2025-11-16 15:37:29.761,668,29914.1
2025-11-16 15:37:29.761,669,508356.06
2025-11-16 15:37:29.761,670,33682.49
2025-11-16 15:37:29.761,671,33682.49
2025-11-16 15:37:29.761,672,14270.47
2025-11-16 15:37:29.761,673,14270.47
2025-11-16 15:37:29.761,674,13702.81
2025-11-16 15:37:29.761,675,14140.4
2025-11-16 15:37:29.761,676,13294.1
2025-11-16 15:37:29.761,677,13483.07
2025-11-16 15:37:29.761,678,13374.71
2025-11-16 15:37:29.761,679,13401.71
2025-11-16 15:37:29.761,680,13307.49
2025-11-16 15:37:29.761,681,13294.1
2025-11-16 15:37:29.761,682,13374.71
2025-11-16 15:37:29.761,683,13334.34
2025-11-16 15:37:29.761,684,13388.2
2025-11-16 15:37:29.761,685,13320.91
2025-11-16 15:37:29.761,686,14328.73
2025-11-16 15:37:29.761,687,13483.07
2025-11-16 15:37:29.761,688,15619.82
2025-11-16 15:37:29.761,689,15331.81
2025-11-16 15:37:29.761,690,15300.2
2025-11-16 15:37:29.761,691,15815.47
2025-11-16 15:37:29.761,692,15897.87
2025-11-16 15:37:29.761,693,16646.24
2025-11-16 15:37:29.761,694,14684.21
2025-11-16 15:37:29.761,695,16386.33
2025-11-16 15:37:29.761,696,14609.3
2025-11-16 15:37:29.761,697,15019.26
2025-11-16 15:37:29.761,698,18181.84
2025-11-16 15:37:29.761,699,15619.82
2025-11-16 15:37:29.761,700,15491.01
2025-11-16 15:37:29.761,701,15034.71
2025-11-16 15:37:29.761,702,15096.68
2025-11-16 15:37:29.761,703,15555.25
2025-11-16 15:37:29.761,704,38753.28
2025-11-16 15:37:29.761,705,15081.15
2025-11-16 15:37:29.761,706,16947.04
2025-11-16 15:37:29.761,707,16352.05
2025-11-16 15:37:29.761,708,15539.16
2025-11-16 15:37:29.761,709,15782.65
2025-11-16 15:37:29.761,710,18679.5
2025-11-16 15:37:29.761,711,22854.06
2025-11-16 15:37:29.761,712,90513.82
2025-11-16 15:37:29.761,713,24065.32
2025-11-16 15:37:29.761,714,450099.75
2025-11-16 15:37:29.761,715,15300.2
2025-11-16 15:37:29.761,716,30835.0
2025-11-16 15:37:29.761,717,528822.38
2025-11-16 15:37:29.761,718,35335.6
2025-11-16 15:37:29.761,719,35335.6
2025-11-16 15:37:29.761,720,14549.7
2025-11-16 15:37:29.761,721,14357.96
2025-11-16 15:37:29.761,722,13983.3
2025-11-16 15:37:29.761,723,14594.37
2025-11-16 15:37:29.761,724,13647.49
2025-11-16 15:37:29.761,725,13758.38
2025-11-16 15:37:29.761,726,13592.43
2025-11-16 15:37:29.761,727,13661.29
2025-11-16 15:37:29.761,728,13496.68
2025-11-16 15:37:29.761,729,13442.32
2025-11-16 15:37:29.761,730,13592.43
2025-11-16 15:37:29.761,731,13606.17
2025-11-16 15:37:29.761,732,13675.12
2025-11-16 15:37:29.761,733,13496.68
2025-11-16 15:37:29.761,734,14594.37
2025-11-16 15:37:29.761,735,13688.95
2025-11-16 15:37:29.761,736,15749.92
2025-11-16 15:37:29.761,737,15395.25
2025-11-16 15:37:29.761,738,15555.25
2025-11-16 15:37:29.761,739,16014.12
2025-11-16 15:37:29.761,740,16047.52
2025-11-16 15:37:29.761,741,16769.29
2025-11-16 15:37:29.761,742,14850.61
2025-11-16 15:37:29.761,743,16593.85
2025-11-16 15:37:29.761,744,14774.7
2025-11-16 15:37:29.761,745,15268.68
2025-11-16 15:37:29.761,746,18418.55
2025-11-16 15:37:29.761,747,15749.92
2025-11-16 15:37:29.761,748,15700.98
2025-11-16 15:37:29.761,749,15174.57
2025-11-16 15:37:29.761,750,15284.43
2025-11-16 15:37:29.761,751,15636.01
2025-11-16 15:37:29.761,752,38753.28
2025-11-16 15:37:29.761,753,15205.86
2025-11-16 15:37:29.761,754,17054.83
2025-11-16 15:37:29.761,755,16352.05
2025-11-16 15:37:29.761,756,15603.64
2025-11-16 15:37:29.761,757,15848.37
2025-11-16 15:37:29.761,758,18740.4
2025-11-16 15:37:29.761,759,22854.06
2025-11-16 15:37:29.761,760,91010.8
2025-11-16 15:37:29.761,761,24151.15
2025-11-16 15:37:29.761,762,395419.56
2025-11-16 15:37:29.761,763,15363.49
2025-11-16 15:37:29.761,764,30269.48
2025-11-16 15:37:29.761,765,508356.06
2025-11-16 15:37:29.761,766,34640.03
2025-11-16 15:37:29.761,767,34640.03
2025-11-16 15:37:29.761,768,15158.95
2025-11-16 15:37:29.761,769,15050.17
2025-11-16 15:37:29.761,770,14270.47
2025-11-16 15:37:29.761,771,14835.39
2025-11-16 15:37:29.761,772,13716.68
2025-11-16 15:37:29.761,773,13912.56
2025-11-16 15:37:29.761,774,13758.38
2025-11-16 15:37:29.761,775,13842.23
2025-11-16 15:37:29.761,776,13983.3
2025-11-16 15:37:29.761,777,13842.23
2025-11-16 15:37:29.761,778,13912.56
2025-11-16 15:37:29.761,779,13814.22
2025-11-16 15:37:29.761,780,13926.67
2025-11-16 15:37:29.761,781,13814.22
2025-11-16 15:37:29.761,782,14654.19
2025-11-16 15:37:29.761,783,13926.67
2025-11-16 15:37:29.761,784,16081.01
2025-11-16 15:37:29.761,785,15733.59
2025-11-16 15:37:29.761,786,15766.28
2025-11-16 15:37:29.761,787,16283.77
2025-11-16 15:37:29.761,788,16182.0
2025-11-16 15:37:29.761,789,16893.47
2025-11-16 15:37:29.761,790,15112.21
2025-11-16 15:37:29.761,791,16734.02
2025-11-16 15:37:29.761,792,14926.99
2025-11-16 15:37:29.761,793,15331.81
2025-11-16 15:37:29.761,794,18538.4
2025-11-16 15:37:29.761,795,16014.12
2025-11-16 15:37:29.761,796,15684.7
2025-11-16 15:37:29.761,797,15300.2
2025-11-16 15:37:29.761,798,15587.49
2025-11-16 15:37:29.761,799,15914.42
2025-11-16 15:37:29.761,800,38695.02
2025-11-16 15:37:29.761,801,15523.09
2025-11-16 15:37:29.761,802,17236.39
2025-11-16 15:37:29.761,803,16681.28
2025-11-16 15:37:29.761,804,15749.92
2025-11-16 15:37:29.761,805,16047.52
2025-11-16 15:37:29.761,806,19007.29
2025-11-16 15:37:29.761,807,22933.92
2025-11-16 15:37:29.761,808,92019.64
2025-11-16 15:37:29.761,809,24616.31
2025-11-16 15:37:29.761,810,988899.38
2025-11-16 15:37:29.761,811,15603.64
2025-11-16 15:37:29.761,812,30958.25
2025-11-16 15:37:29.761,813,515003.19
2025-11-16 15:37:29.761,814,35134.67
2025-11-16 15:37:29.761,815,35134.67
2025-11-16 15:37:29.761,816,15096.68
2025-11-16 15:37:29.761,817,15081.15
2025-11-16 15:37:29.761,818,14198.04
2025-11-16 15:37:29.761,819,14744.46
2025-11-16 15:37:29.761,820,13772.32
2025-11-16 15:37:29.761,821,13983.3
2025-11-16 15:37:29.761,822,13758.38
2025-11-16 15:37:29.761,823,13744.46
2025-11-16 15:37:29.761,824,13870.31
2025-11-16 15:37:29.761,825,13758.38
2025-11-16 15:37:29.761,826,13884.38
2025-11-16 15:37:29.761,827,13884.38
2025-11-16 15:37:29.761,828,13969.12
2025-11-16 15:37:29.761,829,13786.27
2025-11-16 15:37:29.761,830,14774.7
2025-11-16 15:37:29.761,831,13898.46
2025-11-16 15:37:29.761,832,16081.01
2025-11-16 15:37:29.761,833,15766.28
2025-11-16 15:37:29.761,834,15782.65
2025-11-16 15:37:29.761,835,16249.76
2025-11-16 15:37:29.761,836,16047.52
2025-11-16 15:37:29.761,837,16751.64
2025-11-16 15:37:29.761,838,14911.68
2025-11-16 15:37:29.761,839,16751.64
2025-11-16 15:37:29.761,840,15112.21
2025-11-16 15:37:29.761,841,15587.49
2025-11-16 15:37:29.761,842,18781.14
2025-11-16 15:37:29.761,843,16131.41
2025-11-16 15:37:29.761,844,15930.98
2025-11-16 15:37:29.761,845,15539.16
2025-11-16 15:37:29.761,846,15619.82
2025-11-16 15:37:29.761,847,16064.26
2025-11-16 15:37:29.761,848,39887.21
2025-11-16 15:37:29.761,849,15555.25
2025-11-16 15:37:29.761,850,17569.39
2025-11-16 15:37:29.761,851,16875.66
2025-11-16 15:37:29.761,852,16081.01
2025-11-16 15:37:29.761,853,16215.84
2025-11-16 15:37:29.761,854,19406.36
2025-11-16 15:37:29.761,855,23040.99
2025-11-16 15:37:29.761,856,94098.91
2025-11-16 15:37:29.761,857,24823.81
2025-11-16 15:37:29.761,858,369134.25
2025-11-16 15:37:29.761,859,15799.05
2025-11-16 15:37:29.761,860,31082.24
2025-11-16 15:37:29.761,861,550970.88
2025-11-16 15:37:29.761,862,36209.84
2025-11-16 15:37:29.761,863,36209.84
2025-11-16 15:37:29.761,864,15619.82
2025-11-16 15:37:29.761,865,15555.25
2025-11-16 15:37:29.761,866,14805.01
2025-11-16 15:37:29.761,867,15331.81
2025-11-16 15:37:29.761,868,14357.96
2025-11-16 15:37:29.761,869,14212.49
2025-11-16 15:37:29.761,870,14314.14
2025-11-16 15:37:29.761,871,14270.47
2025-11-16 15:37:29.761,872,14212.49
2025-11-16 15:37:29.761,873,14198.04
2025-11-16 15:37:29.761,874,14387.27
2025-11-16 15:37:29.761,875,14241.45
2025-11-16 15:37:29.761,876,14387.27
2025-11-16 15:37:29.761,877,14549.7
2025-11-16 15:37:29.761,878,15081.15
2025-11-16 15:37:29.761,879,14372.61
2025-11-16 15:37:29.761,880,16681.28
2025-11-16 15:37:29.761,881,16148.25
2025-11-16 15:37:29.761,882,16165.12
2025-11-16 15:37:29.761,883,16698.84
2025-11-16 15:37:29.761,884,15947.57
2025-11-16 15:37:29.761,885,17127.16
2025-11-16 15:37:29.761,886,15363.49
2025-11-16 15:37:29.761,887,17054.83
2025-11-16 15:37:29.761,888,15300.2
2025-11-16 15:37:29.761,889,15684.7
2025-11-16 15:37:29.761,890,19215.97
2025-11-16 15:37:29.761,891,16403.5
2025-11-16 15:37:29.761,892,16403.5
2025-11-16 15:37:29.761,893,15914.42
2025-11-16 15:37:29.761,894,15914.42
2025-11-16 15:37:29.761,895,16472.4
2025-11-16 15:37:29.761,896,40630.89
2025-11-16 15:37:29.761,897,15881.35
2025-11-16 15:37:29.761,898,17834.04
2025-11-16 15:37:29.761,899,17018.8
2025-11-16 15:37:29.761,900,16317.87
2025-11-16 15:37:29.761,901,16646.24
2025-11-16 15:37:29.761,902,19534.67
2025-11-16 15:37:29.761,903,23366.42
2025-11-16 15:37:29.761,904,94364.8
2025-11-16 15:37:29.761,905,25094.26
2025-11-16 15:37:29.761,906,346048.91
2025-11-16 15:37:29.761,907,16047.52
2025-11-16 15:37:29.761,908,31374.49
2025-11-16 15:37:29.761,909,521823.06
2025-11-16 15:37:29.761,910,36157.48
2025-11-16 15:37:29.761,911,36157.48
2025-11-16 15:37:29.761,912,18339.21
2025-11-16 15:37:29.761,913,18181.84
2025-11-16 15:37:29.761,914,17272.99
2025-11-16 15:37:29.761,915,17949.02
2025-11-16 15:37:29.761,916,16947.04
2025-11-16 15:37:29.761,917,17163.47
2025-11-16 15:37:29.761,918,16857.87
2025-11-16 15:37:29.761,919,16911.3
2025-11-16 15:37:29.761,920,16875.66
2025-11-16 15:37:29.761,921,16840.11
2025-11-16 15:37:29.761,922,16982.88
2025-11-16 15:37:29.761,923,16716.42
2025-11-16 15:37:29.761,924,17054.83
2025-11-16 15:37:29.761,925,16964.95
2025-11-16 15:37:29.761,926,17606.89
2025-11-16 15:37:29.761,927,17018.8
2025-11-16 15:37:29.761,928,19007.29
2025-11-16 15:37:29.761,929,18699.77
2025-11-16 15:37:29.761,930,18659.26
2025-11-16 15:37:29.761,931,19111.26
2025-11-16 15:37:29.761,932,18781.14
2025-11-16 15:37:29.761,933,19556.16
2025-11-16 15:37:29.761,934,17834.04
2025-11-16 15:37:29.761,935,18538.4
2025-11-16 15:37:29.761,936,17872.27
2025-11-16 15:37:29.761,937,18458.39
2025-11-16 15:37:29.761,938,22050.96
2025-11-16 15:37:29.761,939,19215.97
2025-11-16 15:37:29.761,940,18986.58
2025-11-16 15:37:29.761,941,18458.39
2025-11-16 15:37:29.761,942,18699.77
2025-11-16 15:37:29.761,943,19111.26
2025-11-16 15:37:29.761,944,45151.65
2025-11-16 15:37:29.761,945,18659.26
2025-11-16 15:37:29.761,946,20510.75
2025-11-16 15:37:29.761,947,19772.81
2025-11-16 15:37:29.761,948,19194.97
2025-11-16 15:37:29.761,949,19449.01
2025-11-16 15:37:29.761,950,22357.16
2025-11-16 15:37:29.761,951,26842.51
2025-11-16 15:37:29.761,952,112877.99
2025-11-16 15:37:29.761,953,28699.64
2025-11-16 15:37:29.761,954,395419.56
2025-11-16 15:37:29.761,955,18986.58
2025-11-16 15:37:29.761,956,35034.87
2025-11-16 15:37:29.761,957,661350.38
2025-11-16 15:37:29.761,958,40442.9
2025-11-16 15:37:29.761,959,40442.9
2025-11-16 15:37:29.761,960,43487.57
2025-11-16 15:37:29.761,961,42253.52
2025-11-16 15:37:29.761,962,40505.41
2025-11-16 15:37:29.761,963,41397.01
2025-11-16 15:37:29.761,964,40380.55
2025-11-16 15:37:29.761,965,40756.99
2025-11-16 15:37:29.761,966,40442.9
2025-11-16 15:37:29.761,967,40505.41
2025-11-16 15:37:29.761,968,40256.3
2025-11-16 15:37:29.761,969,39887.21
2025-11-16 15:37:29.761,970,40630.89
2025-11-16 15:37:29.761,971,40883.72
2025-11-16 15:37:29.761,972,40132.67
2025-11-16 15:37:29.761,973,39887.21
2025-11-16 15:37:29.761,974,41461.9
2025-11-16 15:37:29.761,975,40256.3
2025-11-16 15:37:29.761,976,43628.29
2025-11-16 15:37:29.761,977,40756.99
2025-11-16 15:37:29.761,978,39343.6
2025-11-16 15:37:29.761,979,42522.82
2025-11-16 15:37:29.761,980,40693.86
2025-11-16 15:37:29.761,981,41397.01
2025-11-16 15:37:29.761,982,40256.3
2025-11-16 15:37:29.761,983,38006.61
2025-11-16 15:37:29.761,984,38348.37
2025-11-16 15:37:29.761,985,39887.21
2025-11-16 15:37:29.761,986,43557.83
2025-11-16 15:37:29.761,987,31416.58
2025-11-16 15:37:29.761,988,42053.34
2025-11-16 15:37:29.761,989,41854.7
2025-11-16 15:37:29.761,990,41986.96
2025-11-16 15:37:29.761,991,44707.67
2025-11-16 15:37:29.761,992,91010.8
2025-11-16 15:37:29.761,993,41920.75
2025-11-16 15:37:29.761,994,42726.61
2025-11-16 15:37:29.761,995,40630.89
2025-11-16 15:37:29.761,996,42387.82
2025-11-16 15:37:29.761,997,43208.34
2025-11-16 15:37:29.761,998,47728.11
2025-11-16 15:37:29.761,999,54378.94
2025-11-16 15:37:29.761,1000,216173.34
2025-11-16 15:37:29.761,1001,61358.41
2025-11-16 15:37:29.761,1002,734602.25
2025-11-16 15:37:29.761,1003,41657.55
2025-11-16 15:37:29.761,1004,75386.48
2025-11-16 15:37:29.761,1005,988899.38
2025-11-16 15:37:29.761,1006,84689.81
2025-11-16 15:37:29.761,1007,84689.81
2025-11-16 15:37:29.761,1008,59416.6
2025-11-16 15:37:29.761,1009,57802.03
2025-11-16 15:37:29.761,1010,55833.13
2025-11-16 15:37:29.761,1011,57354.41
2025-11-16 15:37:29.761,1012,54480.68
2025-11-16 15:37:29.761,1013,57022.54
2025-11-16 15:37:29.761,1014,56260.74
2025-11-16 15:37:29.761,1015,56693.92
2025-11-16 15:37:29.761,1016,57465.76
2025-11-16 15:37:29.761,1017,56693.92
2025-11-16 15:37:29.761,1018,56476.62
2025-11-16 15:37:29.761,1019,55833.13
2025-11-16 15:37:29.761,1020,56476.62
2025-11-16 15:37:29.761,1021,56476.62
2025-11-16 15:37:29.761,1022,58255.64
2025-11-16 15:37:29.761,1023,56046.25
2025-11-16 15:37:29.761,1024,61358.41
2025-11-16 15:37:29.761,1025,58484.71
2025-11-16 15:37:29.761,1026,53975.16
2025-11-16 15:37:29.761,1027,58255.64
2025-11-16 15:37:29.761,1028,49845.72
2025-11-16 15:37:29.761,1029,53182.58
2025-11-16 15:37:29.761,1030,55097.93
2025-11-16 15:37:29.761,1031,41526.96
2025-11-16 15:37:29.761,1032,54176.42
2025-11-16 15:37:29.761,1033,54277.52
2025-11-16 15:37:29.761,1034,56585.1
2025-11-16 15:37:29.761,1035,51841.71
2025-11-16 15:37:29.761,1036,56693.92
2025-11-16 15:37:29.761,1037,56912.64
2025-11-16 15:37:29.761,1038,56585.1
2025-11-16 15:37:29.761,1039,60986.11
2025-11-16 15:37:29.761,1040,119086.36
2025-11-16 15:37:29.761,1041,55833.13
2025-11-16 15:37:29.761,1042,52218.99
2025-11-16 15:37:29.761,1043,51468.98
2025-11-16 15:37:29.761,1044,56585.1
2025-11-16 15:37:29.761,1045,55621.39
2025-11-16 15:37:29.761,1046,63411.8
2025-11-16 15:37:29.761,1047,62370.57
2025-11-16 15:37:29.761,1048,288853.09
2025-11-16 15:37:29.761,1049,82544.69
2025-11-16 15:37:29.761,1050,583498.19
2025-11-16 15:37:29.761,1051,54176.42
2025-11-16 15:37:29.761,1052,92019.64
2025-11-16 15:37:29.761,1053,988899.38
2025-11-16 15:37:29.761,1054,105255.28
2025-11-16 15:37:29.761,1055,105255.28
2025-11-16 15:37:29.761,1056,58484.71
2025-11-16 15:37:29.761,1057,57577.48
2025-11-16 15:37:29.761,1058,56046.25
2025-11-16 15:37:29.761,1059,55097.93
2025-11-16 15:37:29.761,1060,54787.84
2025-11-16 15:37:29.761,1061,56046.25
2025-11-16 15:37:29.761,1062,55727.09
2025-11-16 15:37:29.761,1063,54994.24
2025-11-16 15:37:29.761,1064,54890.87
2025-11-16 15:37:29.761,1065,54378.94
2025-11-16 15:37:29.761,1066,54890.87
2025-11-16 15:37:29.761,1067,54994.24
2025-11-16 15:37:29.761,1068,55939.52
2025-11-16 15:37:29.761,1069,54685.13
2025-11-16 15:37:29.761,1070,56476.62
2025-11-16 15:37:29.761,1071,55621.39
2025-11-16 15:37:29.761,1072,58028.08
2025-11-16 15:37:29.761,1073,56046.25
2025-11-16 15:37:29.761,1074,47322.41
2025-11-16 15:37:29.761,1075,56046.25
2025-11-16 15:37:29.761,1076,44854.87
2025-11-16 15:37:29.761,1077,43698.91
2025-11-16 15:37:29.761,1078,53084.88
2025-11-16 15:37:29.761,1079,45151.65
2025-11-16 15:37:29.761,1080,41920.75
2025-11-16 15:37:29.761,1081,48810.25
2025-11-16 15:37:29.761,1082,50918.22
2025-11-16 15:37:29.761,1083,46527.84
2025-11-16 15:37:29.761,1084,52697.09
2025-11-16 15:37:29.761,1085,54685.13
2025-11-16 15:37:29.761,1086,53378.87
2025-11-16 15:37:29.761,1087,58028.08
2025-11-16 15:37:29.761,1088,106570.16
2025-11-16 15:37:29.761,1089,54176.42
2025-11-16 15:37:29.761,1090,56476.62
2025-11-16 15:37:29.761,1091,53477.48
2025-11-16 15:37:29.761,1092,53975.16
2025-11-16 15:37:29.761,1093,54378.94
2025-11-16 15:37:29.761,1094,60374.14
2025-11-16 15:37:29.761,1095,65586.65
2025-11-16 15:37:29.761,1096,268514.44
2025-11-16 15:37:29.761,1097,78918.48
2025-11-16 15:37:29.761,1098,942433.13
2025-11-16 15:37:29.761,1099,53975.16
2025-11-16 15:37:29.761,1100,87631.56
2025-11-16 15:37:29.761,1101,103337.61
2025-11-16 15:37:29.761,1102,103337.61
2025-11-16 15:37:29.761,1103,103337.61
2025-11-16 15:37:29.761,1104,62370.57
2025-11-16 15:37:29.761,1105,63280.01
2025-11-16 15:37:29.761,1106,60617.66
2025-11-16 15:37:29.761,1107,59416.6
2025-11-16 15:37:29.761,1108,62370.57
2025-11-16 15:37:29.761,1109,62370.57
2025-11-16 15:37:29.761,1110,61233.89
2025-11-16 15:37:29.761,1111,61233.89
2025-11-16 15:37:29.761,1112,61483.39
2025-11-16 15:37:29.761,1113,60617.66
2025-11-16 15:37:29.761,1114,61608.8
2025-11-16 15:37:29.761,1115,61860.94
2025-11-16 15:37:29.761,1116,61483.39
2025-11-16 15:37:29.761,1117,60617.66
2025-11-16 15:37:29.761,1118,64756.17
2025-11-16 15:37:29.761,1119,59892.09
2025-11-16 15:37:29.761,1120,65307.78
2025-11-16 15:37:29.761,1121,60011.99
2025-11-16 15:37:29.761,1122,54994.24
2025-11-16 15:37:29.761,1123,58947.51
2025-11-16 15:37:29.761,1124,62114.86
2025-11-16 15:37:29.761,1125,61860.94
2025-11-16 15:37:29.761,1126,60617.66
2025-11-16 15:37:29.761,1127,58255.64
2025-11-16 15:37:29.761,1128,58484.71
2025-11-16 15:37:29.761,1129,59181.26
2025-11-16 15:37:29.761,1130,55833.13
2025-11-16 15:37:29.761,1131,59181.26
2025-11-16 15:37:29.761,1132,59416.6
2025-11-16 15:37:29.761,1133,62757.56
2025-11-16 15:37:29.761,1134,59416.6
2025-11-16 15:37:29.761,1135,67304.12
2025-11-16 15:37:29.761,1136,122431.63
2025-11-16 15:37:29.761,1137,59772.61
2025-11-16 15:37:29.761,1138,57577.48
2025-11-16 15:37:29.761,1139,57689.57
2025-11-16 15:37:29.761,1140,59892.09
2025-11-16 15:37:29.761,1141,58369.98
2025-11-16 15:37:29.761,1142,65307.78
2025-11-16 15:37:29.761,1143,66292.91
2025-11-16 15:37:29.761,1144,288853.09
2025-11-16 15:37:29.761,1145,91010.8
2025-11-16 15:37:29.761,1146,640033.69
2025-11-16 15:37:29.761,1147,61608.8
2025-11-16 15:37:29.761,1148,101482.63
2025-11-16 15:37:29.761,1149,121157.05
2025-11-16 15:37:29.761,1150,121157.05
2025-11-16 15:37:29.761,1151,121157.05
2025-11-16 15:37:29.761,1152,136160.72
2025-11-16 15:37:29.761,1153,122431.63
2025-11-16 15:37:29.761,1154,119086.36
2025-11-16 15:37:29.761,1155,123295.2
2025-11-16 15:37:29.761,1156,122862.01
2025-11-16 15:37:29.761,1157,121579.19
2025-11-16 15:37:29.761,1158,120737.61
2025-11-16 15:37:29.761,1159,127787.46
2025-11-16 15:37:29.761,1160,127787.46
2025-11-16 15:37:29.761,1161,127787.46
2025-11-16 15:37:29.761,1162,126408.34
2025-11-16 15:37:29.761,1163,132097.22
2025-11-16 15:37:29.761,1164,126864.97
2025-11-16 15:37:29.761,1165,125954.73
2025-11-16 15:37:29.761,1166,134100.34
2025-11-16 15:37:29.761,1167,120737.61
2025-11-16 15:37:29.761,1168,134609.98
2025-11-16 15:37:29.761,1169,132592.78
2025-11-16 15:37:29.761,1170,122004.03
2025-11-16 15:37:29.761,1171,134100.34
2025-11-16 15:37:29.761,1172,127787.46
2025-11-16 15:37:29.761,1173,141018.91
2025-11-16 15:37:29.761,1174,121579.19
2025-11-16 15:37:29.761,1175,121579.19
2025-11-16 15:37:29.761,1176,122862.01
2025-11-16 15:37:29.761,1177,115134.95
2025-11-16 15:37:29.761,1178,125954.73
2025-11-16 15:37:29.761,1179,123295.2
2025-11-16 15:37:29.761,1180,112143.66
2025-11-16 15:37:29.761,1181,126864.97
2025-11-16 15:37:29.761,1182,110345.59
2025-11-16 15:37:29.761,1183,130631.02
2025-11-16 15:37:29.761,1184,226638.0
2025-11-16 15:37:29.761,1185,109992.31
2025-11-16 15:37:29.761,1186,113621.23
2025-11-16 15:37:29.761,1187,109992.31
2025-11-16 15:37:29.761,1188,106570.16
2025-11-16 15:37:29.761,1189,103652.78
2025-11-16 15:37:29.761,1190,108599.64
2025-11-16 15:37:29.761,1191,120737.61
2025-11-16 15:37:29.761,1192,536008.31
2025-11-16 15:37:29.761,1193,158434.67
2025-11-16 15:37:29.761,1194,124611.84
2025-11-16 15:37:29.761,1195,124611.84
2025-11-16 15:37:29.761,1196,188709.95
2025-11-16 15:37:29.761,1197,218701.81
2025-11-16 15:37:29.761,1198,218701.81
2025-11-16 15:37:29.761,1199,218701.81
2025-11-16 15:37:29.761,1200,583498.19
2025-11-16 15:37:29.761,1201,583498.19
2025-11-16 15:37:29.761,1202,550970.88
2025-11-16 15:37:29.761,1203,566776.38
2025-11-16 15:37:29.761,1204,483368.97
2025-11-16 15:37:29.761,1205,583498.19
2025-11-16 15:37:29.761,1206,672541.69
2025-11-16 15:37:29.761,1207,672541.69
2025-11-16 15:37:29.761,1208,583498.19
2025-11-16 15:37:29.761,1209,536008.31
2025-11-16 15:37:29.761,1210,601218.31
2025-11-16 15:37:29.761,1211,566776.38
2025-11-16 15:37:29.761,1212,592227.94
2025-11-16 15:37:29.761,1213,601218.31
2025-11-16 15:37:29.761,1214,575017.88
2025-11-16 15:37:29.761,1215,566776.38
2025-11-16 15:37:29.761,1216,601218.31
2025-11-16 15:37:29.761,1217,566776.38
2025-11-16 15:37:29.761,1218,592227.94
2025-11-16 15:37:29.761,1219,583498.19
2025-11-16 15:37:29.761,1220,566776.38
2025-11-16 15:37:29.761,1221,640033.69
2025-11-16 15:37:29.761,1222,558763.94
2025-11-16 15:37:29.761,1223,550970.88
2025-11-16 15:37:29.761,1224,521823.06
2025-11-16 15:37:29.761,1225,558763.94
2025-11-16 15:37:29.761,1226,558763.94
2025-11-16 15:37:29.761,1227,483368.97
2025-11-16 15:37:29.761,1228,483368.97
2025-11-16 15:37:29.761,1229,435092.38
2025-11-16 15:37:29.761,1230,483368.97
2025-11-16 15:37:29.761,1231,558763.94
2025-11-16 15:37:29.761,1232,708471.5
2025-11-16 15:37:29.761,1233,477494.09
2025-11-16 15:37:29.761,1234,550970.88
2025-11-16 15:37:29.761,1235,521823.06
2025-11-16 15:37:29.761,1236,550970.88
2025-11-16 15:37:29.761,1237,421032.91
2025-11-16 15:37:29.761,1238,489387.19
2025-11-16 15:37:29.761,1239,521823.06
2025-11-16 15:37:29.761,1240,684112.31
2025-11-16 15:37:29.761,1241,684112.31
2025-11-16 15:37:29.761,1242,508356.06
2025-11-16 15:37:29.761,1243,508356.06
2025-11-16 15:37:29.761,1244,528822.38
2025-11-16 15:37:29.761,1245,734602.25
2025-11-16 15:37:29.761,1246,734602.25
2025-11-16 15:37:29.761,1247,734602.25
2025-11-16 15:37:29.761,1248,127787.46
2025-11-16 15:37:29.761,1249,125056.52
2025-11-16 15:37:29.761,1250,122431.63
2025-11-16 15:37:29.761,1251,122431.63
2025-11-16 15:37:29.761,1252,114373.48
2025-11-16 15:37:29.761,1253,128722.46
2025-11-16 15:37:29.761,1254,121157.05
2025-11-16 15:37:29.761,1255,121579.19
2025-11-16 15:37:29.761,1256,118276.26
2025-11-16 15:37:29.761,1257,115905.77
2025-11-16 15:37:29.761,1258,122004.03
2025-11-16 15:37:29.761,1259,125504.14
2025-11-16 15:37:29.761,1260,122431.63
2025-11-16 15:37:29.761,1261,125056.52
2025-11-16 15:37:29.761,1262,126864.97
2025-11-16 15:37:29.761,1263,122004.03
2025-11-16 15:37:29.761,1264,126864.97
2025-11-16 15:37:29.761,1265,115905.77
2025-11-16 15:37:29.761,1266,107915.35
2025-11-16 15:37:29.761,1267,94632.04
2025-11-16 15:37:29.761,1268,125954.73
2025-11-16 15:37:29.761,1269,125954.73
2025-11-16 15:37:29.761,1270,130631.02
2025-11-16 15:37:29.761,1271,122862.01
2025-11-16 15:37:29.761,1272,125504.14
2025-11-16 15:37:29.761,1273,126408.34
2025-11-16 15:37:29.761,1274,135640.13
2025-11-16 15:37:29.761,1275,135123.23
2025-11-16 15:37:29.761,1276,121579.19
2025-11-16 15:37:29.761,1277,125954.73
2025-11-16 15:37:29.761,1278,123295.2
2025-11-16 15:37:29.761,1279,137745.05
2025-11-16 15:37:29.761,1280,238117.42
2025-11-16 15:37:29.761,1281,125954.73
2025-11-16 15:37:29.761,1282,136160.72
2025-11-16 15:37:29.761,1283,133594.3
2025-11-16 15:37:29.761,1284,121157.05
2025-11-16 15:37:29.761,1285,120737.61
2025-11-16 15:37:29.761,1286,132097.22
2025-11-16 15:37:29.761,1287,160541.67
2025-11-16 15:37:29.761,1288,583498.19
2025-11-16 15:37:29.761,1289,175214.38
2025-11-16 15:37:29.761,1290,133594.3
2025-11-16 15:37:29.761,1291,133594.3
2025-11-16 15:37:29.761,1292,197793.8
2025-11-16 15:37:29.761,1293,229407.17
2025-11-16 15:37:29.761,1294,229407.17
2025-11-16 15:37:29.761,1295,229407.17
2025-11-16 15:37:29.761,1296,65307.78
2025-11-16 15:37:29.761,1297,65586.65
2025-11-16 15:37:29.761,1298,63148.7
2025-11-16 15:37:29.761,1299,60132.29
2025-11-16 15:37:29.761,1300,61860.94
2025-11-16 15:37:29.761,1301,61987.67
2025-11-16 15:37:29.761,1302,61987.67
2025-11-16 15:37:29.761,1303,62370.57
2025-11-16 15:37:29.761,1304,62370.57
2025-11-16 15:37:29.761,1305,64619.52
2025-11-16 15:37:29.761,1306,64619.52
2025-11-16 15:37:29.761,1307,63676.8
2025-11-16 15:37:29.761,1308,64756.17
2025-11-16 15:37:29.761,1309,63411.8
2025-11-16 15:37:29.761,1310,64756.17
2025-11-16 15:37:29.761,1311,65586.65
2025-11-16 15:37:29.761,1312,69101.3
2025-11-16 15:37:29.761,1313,61734.65
2025-11-16 15:37:29.761,1314,59534.86
2025-11-16 15:37:29.761,1315,63676.8
2025-11-16 15:37:29.761,1316,66150.61
2025-11-16 15:37:29.761,1317,68493.05
2025-11-16 15:37:29.761,1318,61109.78
2025-11-16 15:37:29.761,1319,66150.61
2025-11-16 15:37:29.761,1320,63411.8
2025-11-16 15:37:29.761,1321,52987.48
2025-11-16 15:37:29.761,1322,67012.48
2025-11-16 15:37:29.761,1323,63676.8
2025-11-16 15:37:29.761,1324,59181.26
2025-11-16 15:37:29.761,1325,65307.78
2025-11-16 15:37:29.761,1326,58255.64
2025-11-16 15:37:29.761,1327,68192.39
2025-11-16 15:37:29.761,1328,113248.5
2025-11-16 15:37:29.761,1329,58369.98
2025-11-16 15:37:29.761,1330,66150.61
2025-11-16 15:37:29.761,1331,65586.65
2025-11-16 15:37:29.761,1332,57802.03
2025-11-16 15:37:29.761,1333,55306.31
2025-11-16 15:37:29.761,1334,55939.52
2025-11-16 15:37:29.761,1335,76288.51
2025-11-16 15:37:29.761,1336,325612.69
2025-11-16 15:37:29.761,1337,92531.65
2025-11-16 15:37:29.761,1338,900097.25
2025-11-16 15:37:29.761,1339,65586.65
2025-11-16 15:37:29.761,1340,94364.8
2025-11-16 15:37:29.761,1341,988899.38
2025-11-16 15:37:29.761,1342,108944.77
2025-11-16 15:37:29.761,1343,108944.77
2025-11-16 15:37:29.761,1344,34738.09
2025-11-16 15:37:29.761,1345,34542.39
2025-11-16 15:37:29.761,1346,33495.87
2025-11-16 15:37:29.761,1347,32586.16
2025-11-16 15:37:29.761,1348,32232.81
2025-11-16 15:37:29.761,1349,32855.06
2025-11-16 15:37:29.761,1350,32320.6
2025-11-16 15:37:29.761,1351,32990.79
2025-11-16 15:37:29.761,1352,32945.45
2025-11-16 15:37:29.761,1353,32855.06
2025-11-16 15:37:29.761,1354,33127.38
2025-11-16 15:37:29.761,1355,32765.05
2025-11-16 15:37:29.761,1356,32945.45
2025-11-16 15:37:29.761,1357,32945.45
2025-11-16 15:37:29.761,1358,34060.55
2025-11-16 15:37:29.761,1359,32945.45
2025-11-16 15:37:29.761,1360,36105.25
2025-11-16 15:37:29.761,1361,32276.66
2025-11-16 15:37:29.761,1362,31543.36
2025-11-16 15:37:29.761,1363,33588.98
2025-11-16 15:37:29.761,1364,35640.36
2025-11-16 15:37:29.761,1365,35234.91
2025-11-16 15:37:29.761,1366,33588.98
2025-11-16 15:37:29.761,1367,35640.36
2025-11-16 15:37:29.761,1368,33310.84
2025-11-16 15:37:29.761,1369,28847.41
2025-11-16 15:37:29.761,1370,37893.76
2025-11-16 15:37:29.761,1371,34935.51
2025-11-16 15:37:29.761,1372,32810.01
2025-11-16 15:37:29.761,1373,34300.16
2025-11-16 15:37:29.761,1374,31206.99
2025-11-16 15:37:29.761,1375,36262.32
2025-11-16 15:37:29.761,1376,70983.91
2025-11-16 15:37:29.761,1377,31971.61
2025-11-16 15:37:29.761,1378,36526.48
2025-11-16 15:37:29.761,1379,35640.36
2025-11-16 15:37:29.761,1380,31971.61
2025-11-16 15:37:29.761,1381,31713.61
2025-11-16 15:37:29.761,1382,33449.47
2025-11-16 15:37:29.761,1383,44415.61
2025-11-16 15:37:29.761,1384,175214.38
2025-11-16 15:37:29.761,1385,50021.84
2025-11-16 15:37:29.761,1386,550970.88
2025-11-16 15:37:29.761,1387,35184.73
2025-11-16 15:37:29.761,1388,52029.78
2025-11-16 15:37:29.761,1389,965113.19
2025-11-16 15:37:29.761,1390,65867.58
2025-11-16 15:37:29.761,1391,65867.58
2025-11-16 15:37:29.761,1392,36420.45
2025-11-16 15:37:29.761,1393,36157.48
2025-11-16 15:37:29.761,1394,34640.03
2025-11-16 15:37:29.761,1395,34252.03
2025-11-16 15:37:29.761,1396,34396.74
2025-11-16 15:37:29.761,1397,34252.03
2025-11-16 15:37:29.761,1398,34204.0
2025-11-16 15:37:29.761,1399,35234.91
2025-11-16 15:37:29.761,1400,34445.18
2025-11-16 15:37:29.761,1401,34396.74
2025-11-16 15:37:29.761,1402,34836.58
2025-11-16 15:37:29.761,1403,34542.39
2025-11-16 15:37:29.761,1404,34542.39
2025-11-16 15:37:29.761,1405,34640.03
2025-11-16 15:37:29.761,1406,36262.32
2025-11-16 15:37:29.761,1407,35134.67
2025-11-16 15:37:29.761,1408,37950.12
2025-11-16 15:37:29.761,1409,33495.87
2025-11-16 15:37:29.761,1410,34348.4
2025-11-16 15:37:29.761,1411,36157.48
2025-11-16 15:37:29.761,1412,38811.68
2025-11-16 15:37:29.761,1413,39165.01
2025-11-16 15:37:29.761,1414,36579.68
2025-11-16 15:37:29.761,1415,39283.93
2025-11-16 15:37:29.761,1416,35949.24
2025-11-16 15:37:29.761,1417,34348.4
2025-11-16 15:37:29.761,1418,41332.29
2025-11-16 15:37:29.761,1419,38348.37
2025-11-16 15:37:29.761,1420,36262.32
2025-11-16 15:37:29.761,1421,36739.99
2025-11-16 15:37:29.761,1422,34885.99
2025-11-16 15:37:29.761,1423,39165.01
2025-11-16 15:37:29.761,1424,77772.0
2025-11-16 15:37:29.761,1425,35794.29
2025-11-16 15:37:29.761,1426,40256.3
2025-11-16 15:37:29.761,1427,39523.48
2025-11-16 15:37:29.761,1428,35845.82
2025-11-16 15:37:29.761,1429,34640.03
2025-11-16 15:37:29.761,1430,39403.42
2025-11-16 15:37:29.761,1431,49409.89
2025-11-16 15:37:29.761,1432,189679.88
2025-11-16 15:37:29.761,1433,54176.42
2025-11-16 15:37:29.761,1434,708471.5
2025-11-16 15:37:29.761,1435,37893.76
2025-11-16 15:37:29.761,1436,58715.34
2025-11-16 15:37:29.761,1437,793012.25
2025-11-16 15:37:29.761,1438,73981.77
2025-11-16 15:37:29.761,1439,73981.77
2025-11-16 15:37:29.761,1440,36579.68
2025-11-16 15:37:29.761,1441,36526.48
2025-11-16 15:37:29.761,1442,35034.87
2025-11-16 15:37:29.761,1443,33776.39
2025-11-16 15:37:29.761,1444,34542.39
2025-11-16 15:37:29.761,1445,34640.03
2025-11-16 15:37:29.761,1446,34640.03
2025-11-16 15:37:29.761,1447,34591.16
2025-11-16 15:37:29.761,1448,34985.13
2025-11-16 15:37:29.761,1449,34542.39
2025-11-16 15:37:29.761,1450,34640.03
2025-11-16 15:37:29.761,1451,35034.87
2025-11-16 15:37:29.761,1452,35234.91
2025-11-16 15:37:29.761,1453,35640.36
2025-11-16 15:37:29.761,1454,37009.64
2025-11-16 15:37:29.761,1455,36157.48
2025-11-16 15:37:29.761,1456,38578.92
2025-11-16 15:37:29.761,1457,33870.7
2025-11-16 15:37:29.761,1458,33449.47
2025-11-16 15:37:29.761,1459,36157.48
2025-11-16 15:37:29.761,1460,38463.37
2025-11-16 15:37:29.761,1461,38578.92
2025-11-16 15:37:29.761,1462,36262.32
2025-11-16 15:37:29.761,1463,38636.91
2025-11-16 15:37:29.761,1464,35794.29
2025-11-16 15:37:29.761,1465,29526.5
2025-11-16 15:37:29.761,1466,41267.73
2025-11-16 15:37:29.761,1467,37950.12
2025-11-16 15:37:29.761,1468,34252.03
2025-11-16 15:37:29.761,1469,36579.68
2025-11-16 15:37:29.761,1470,32945.45
2025-11-16 15:37:29.761,1471,39224.4
2025-11-16 15:37:29.761,1472,73296.59
2025-11-16 15:37:29.761,1473,33776.39
2025-11-16 15:37:29.761,1474,38811.68
2025-11-16 15:37:29.761,1475,39644.14
2025-11-16 15:37:29.761,1476,32675.42
2025-11-16 15:37:29.761,1477,32189.05
2025-11-16 15:37:29.761,1478,29297.52
2025-11-16 15:37:29.761,1479,46449.59
2025-11-16 15:37:29.761,1480,191648.39
2025-11-16 15:37:29.761,1481,52987.48
2025-11-16 15:37:29.761,1482,550970.88
2025-11-16 15:37:29.761,1483,37118.37
2025-11-16 15:37:29.761,1484,57354.41
2025-11-16 15:37:29.761,1485,734602.25
2025-11-16 15:37:29.761,1486,72622.48
2025-11-16 15:37:29.761,1487,72622.48
2025-11-16 15:37:29.761,1488,32900.21
2025-11-16 15:37:29.761,1489,32145.38
2025-11-16 15:37:29.761,1490,30958.25
2025-11-16 15:37:29.761,1491,29564.92
2025-11-16 15:37:29.761,1492,30550.28
2025-11-16 15:37:29.761,1493,30071.27
2025-11-16 15:37:29.761,1494,30753.24
2025-11-16 15:37:29.761,1495,30590.71
2025-11-16 15:37:29.761,1496,30876.0
2025-11-16 15:37:29.761,1497,30835.0
2025-11-16 15:37:29.761,1498,30712.49
2025-11-16 15:37:29.761,1499,30876.0
2025-11-16 15:37:29.761,1500,30876.0
2025-11-16 15:37:29.761,1501,30917.09
2025-11-16 15:37:29.761,1502,32014.92
2025-11-16 15:37:29.761,1503,30876.0
2025-11-16 15:37:29.761,1504,33310.84
2025-11-16 15:37:29.761,1505,28996.3
2025-11-16 15:37:29.761,1506,29146.33
2025-11-16 15:37:29.761,1507,31501.02
2025-11-16 15:37:29.761,1508,33729.39
2025-11-16 15:37:29.761,1509,33870.7
2025-11-16 15:37:29.761,1510,31971.61
2025-11-16 15:37:29.761,1511,34252.03
2025-11-16 15:37:29.761,1512,31501.02
2025-11-16 15:37:29.761,1513,29526.5
2025-11-16 15:37:29.761,1514,37009.64
2025-11-16 15:37:29.761,1515,33036.22
2025-11-16 15:37:29.761,1516,31248.74
2025-11-16 15:37:29.761,1517,32232.81
2025-11-16 15:37:29.761,1518,29221.78
2025-11-16 15:37:29.761,1519,34252.03
2025-11-16 15:37:29.761,1520,66150.61
2025-11-16 15:37:29.761,1521,30309.35
2025-11-16 15:37:29.761,1522,35034.87
2025-11-16 15:37:29.761,1523,34348.4
2025-11-16 15:37:29.761,1524,30712.49
2025-11-16 15:37:29.761,1525,30349.31
2025-11-16 15:37:29.761,1526,33036.22
2025-11-16 15:37:29.761,1527,42455.23
2025-11-16 15:37:29.761,1528,165668.98
2025-11-16 15:37:29.761,1529,47484.0
2025-11-16 15:37:29.761,1530,536008.31
2025-11-16 15:37:29.761,1531,32990.79
2025-11-16 15:37:29.761,1532,50287.98
2025-11-16 15:37:29.761,1533,988899.38
2025-11-16 15:37:29.761,1534,63810.02
2025-11-16 15:37:29.761,1535,63810.02
2025-11-16 15:37:29.761,1536,26610.43
2025-11-16 15:37:29.761,1537,26610.43
2025-11-16 15:37:29.761,1538,26610.43
2025-11-16 15:37:29.761,1539,26610.43
2025-11-16 15:37:29.761,1540,26610.43
2025-11-16 15:37:29.761,1541,26610.43
2025-11-16 15:37:29.761,1542,26610.43
2025-11-16 15:37:29.761,1543,26610.43
2025-11-16 15:37:29.761,1544,26610.43
2025-11-16 15:37:29.761,1545,26610.43
2025-11-16 15:37:29.761,1546,26610.43
2025-11-16 15:37:29.761,1547,26610.43
2025-11-16 15:37:29.761,1548,26610.43
2025-11-16 15:37:29.761,1549,26610.43
2025-11-16 15:37:29.761,1550,26610.43
2025-11-16 15:37:29.761,1551,26610.43
2025-11-16 15:37:29.761,1552,26610.43
2025-11-16 15:37:29.761,1553,26610.43
2025-11-16 15:37:29.761,1554,26610.43
2025-11-16 15:37:29.761,1555,26610.43
2025-11-16 15:37:29.761,1556,26610.43
2025-11-16 15:37:29.761,1557,26610.43
2025-11-16 15:37:29.761,1558,26610.43
2025-11-16 15:37:29.761,1559,26610.43
2025-11-16 15:37:29.761,1560,26610.43
2025-11-16 15:37:29.761,1561,26610.43
2025-11-16 15:37:29.761,1562,26610.43
2025-11-16 15:37:29.761,1563,26610.43
2025-11-16 15:37:29.761,1564,26610.43
2025-11-16 15:37:29.761,1565,26610.43
2025-11-16 15:37:29.761,1566,26610.43
2025-11-16 15:37:29.761,1567,26610.43
2025-11-16 15:37:29.761,1568,26610.43
2025-11-16 15:37:29.761,1569,26610.43
2025-11-16 15:37:29.761,1570,26610.43
2025-11-16 15:37:29.761,1571,26610.43
2025-11-16 15:37:29.761,1572,26610.43
2025-11-16 15:37:29.761,1573,26610.43
2025-11-16 15:37:29.761,1574,26610.43
2025-11-16 15:37:29.761,1575,26610.43
2025-11-16 15:37:29.761,1576,26610.43
2025-11-16 15:37:29.761,1577,26610.43
2025-11-16 15:37:29.761,1578,26610.43
2025-11-16 15:37:29.761,1579,26610.43
2025-11-16 15:37:29.761,1580,26610.43
2025-11-16 15:37:29.761,1581,26610.43
2025-11-16 15:37:29.761,1582,26610.43
2025-11-16 15:37:29.761,1583,26610.43
2025-11-16 15:37:29.761,1584,26610.43
2025-11-16 15:37:29.761,1585,26219.28
2025-11-16 15:37:29.761,1586,25523.39
2025-11-16 15:37:29.761,1587,24036.8
2025-11-16 15:37:29.761,1588,24913.49
2025-11-16 15:37:29.761,1589,25064.0
2025-11-16 15:37:29.761,1590,25033.8
2025-11-16 15:37:29.761,1591,25215.81
2025-11-16 15:37:29.761,1592,25246.33
2025-11-16 15:37:29.761,1593,25033.8
2025-11-16 15:37:29.761,1594,25276.9
2025-11-16 15:37:29.761,1595,25246.33
2025-11-16 15:37:29.761,1596,25276.9
2025-11-16 15:37:29.761,1597,25276.9
2025-11-16 15:37:29.761,1598,26316.28
2025-11-16 15:37:29.761,1599,25616.71
2025-11-16 15:37:29.761,1600,27626.15
2025-11-16 15:37:29.761,1601,24208.61
2025-11-16 15:37:29.761,1602,22827.54
2025-11-16 15:37:29.761,1603,25647.93
2025-11-16 15:37:29.761,1604,27765.84
2025-11-16 15:37:29.761,1605,28119.63
2025-11-16 15:37:29.761,1606,26187.06
2025-11-16 15:37:29.761,1607,28155.37
2025-11-16 15:37:29.761,1608,25994.93
2025-11-16 15:37:29.761,1609,24528.13
2025-11-16 15:37:29.761,1610,30753.24
2025-11-16 15:37:29.761,1611,27556.69
2025-11-16 15:37:29.761,1612,25773.33
2025-11-16 15:37:29.761,1613,26676.44
2025-11-16 15:37:29.761,1614,24764.27
2025-11-16 15:37:29.761,1615,27695.87
2025-11-16 15:37:29.761,1616,57243.42
2025-11-16 15:37:29.761,1617,25215.81
2025-11-16 15:37:29.761,1618,29449.88
2025-11-16 15:37:29.761,1619,28773.39
2025-11-16 15:37:29.761,1620,25094.26
2025-11-16 15:37:29.761,1621,25773.33
2025-11-16 15:37:29.761,1622,28263.01
2025-11-16 15:37:29.761,1623,36579.68
2025-11-16 15:37:29.761,1624,146809.88
2025-11-16 15:37:29.761,1625,40693.86
2025-11-16 15:37:29.761,1626,550970.88
2025-11-16 15:37:29.761,1627,28083.96
2025-11-16 15:37:29.761,1628,45754.95
2025-11-16 15:37:29.761,1629,920784.13
2025-11-16 15:37:29.761,1630,57577.48
2025-11-16 15:37:29.761,1631,57577.48
2025-11-16 15:37:29.761,1632,25185.35
2025-11-16 15:37:29.761,1633,25124.57
2025-11-16 15:37:29.761,1634,24237.42
2025-11-16 15:37:29.761,1635,22880.64
2025-11-16 15:37:29.761,1636,23642.52
2025-11-16 15:37:29.761,1637,23586.93
2025-11-16 15:37:29.761,1638,23923.21
2025-11-16 15:37:29.761,1639,24151.15
2025-11-16 15:37:29.761,1640,23923.21
2025-11-16 15:37:29.761,1641,23866.7
2025-11-16 15:37:29.761,1642,24122.49
2025-11-16 15:37:29.761,1643,23923.21
2025-11-16 15:37:29.761,1644,23923.21
2025-11-16 15:37:29.761,1645,24036.8
2025-11-16 15:37:29.761,1646,24853.65
2025-11-16 15:37:29.761,1647,23810.38
2025-11-16 15:37:29.761,1648,25710.52
2025-11-16 15:37:29.761,1649,22460.52
2025-11-16 15:37:29.761,1650,22486.47
2025-11-16 15:37:29.761,1651,24208.61
2025-11-16 15:37:29.761,1652,25963.11
2025-11-16 15:37:29.761,1653,26154.89
2025-11-16 15:37:29.761,1654,24498.84
2025-11-16 15:37:29.761,1655,26610.43
2025-11-16 15:37:29.761,1656,24151.15
2025-11-16 15:37:29.761,1657,22050.96
2025-11-16 15:37:29.761,1658,27977.33
2025-11-16 15:37:29.761,1659,25033.8
2025-11-16 15:37:29.761,1660,19132.14
2025-11-16 15:37:29.761,1661,24208.61
2025-11-16 15:37:29.761,1662,19028.03
2025-11-16 15:37:29.761,1663,26187.06
2025-11-16 15:37:29.761,1664,49845.72
2025-11-16 15:37:29.761,1665,19237.01
2025-11-16 15:37:29.761,1666,26348.73
2025-11-16 15:37:29.761,1667,26154.89
2025-11-16 15:37:29.761,1668,17949.02
2025-11-16 15:37:29.761,1669,20510.75
2025-11-16 15:37:29.761,1670,24973.54
2025-11-16 15:37:29.761,1671,31971.61
2025-11-16 15:37:29.761,1672,137745.05
2025-11-16 15:37:29.761,1673,37172.92
2025-11-16 15:37:29.761,1674,942433.13
2025-11-16 15:37:29.761,1675,25033.8
2025-11-16 15:37:29.761,1676,38811.68
2025-11-16 15:37:29.761,1677,777567.38
2025-11-16 15:37:29.761,1678,51841.71
2025-11-16 15:37:29.761,1679,51841.71
2025-11-16 15:37:29.761,1680,32855.06
2025-11-16 15:37:29.761,1681,32720.19
2025-11-16 15:37:29.761,1682,31628.31
2025-11-16 15:37:29.761,1683,29680.64
2025-11-16 15:37:29.761,1684,30876.0
2025-11-16 15:37:29.761,1685,31290.57
2025-11-16 15:37:29.761,1686,31374.49
2025-11-16 15:37:29.761,1687,31458.76
2025-11-16 15:37:29.761,1688,31501.02
2025-11-16 15:37:29.761,1689,31290.57
2025-11-16 15:37:29.761,1690,31543.36
2025-11-16 15:37:29.761,1691,31543.36
2025-11-16 15:37:29.761,1692,31543.36
2025-11-16 15:37:29.761,1693,31290.57
2025-11-16 15:37:29.761,1694,32675.42
2025-11-16 15:37:29.761,1695,31585.79
2025-11-16 15:37:29.761,1696,33682.49
2025-11-16 15:37:29.761,1697,28263.01
2025-11-16 15:37:29.761,1698,30229.68
2025-11-16 15:37:29.761,1699,30876.0
2025-11-16 15:37:29.761,1700,33310.84
2025-11-16 15:37:29.761,1701,34252.03
2025-11-16 15:37:29.761,1702,31543.36
2025-11-16 15:37:29.761,1703,34060.55
2025-11-16 15:37:29.761,1704,30876.0
2025-11-16 15:37:29.761,1705,29221.78
2025-11-16 15:37:29.761,1706,36157.48
2025-11-16 15:37:29.761,1707,32541.67
2025-11-16 15:37:29.761,1708,29297.52
2025-11-16 15:37:29.761,1709,32408.75
2025-11-16 15:37:29.761,1710,28921.71
2025-11-16 15:37:29.761,1711,34156.08
2025-11-16 15:37:29.761,1712,60132.29
2025-11-16 15:37:29.761,1713,29221.78
2025-11-16 15:37:29.761,1714,35034.87
2025-11-16 15:37:29.761,1715,34542.39
2025-11-16 15:37:29.761,1716,27349.84
2025-11-16 15:37:29.761,1717,29184.02
2025-11-16 15:37:29.761,1718,33588.98
2025-11-16 15:37:29.761,1719,42455.23
2025-11-16 15:37:29.761,1720,171919.44
2025-11-16 15:37:29.761,1721,48725.57
2025-11-16 15:37:29.761,1722,483368.97
2025-11-16 15:37:29.761,1723,33036.22
2025-11-16 15:37:29.761,1724,49496.55
2025-11-16 15:37:29.761,1725,793012.25
2025-11-16 15:37:29.761,1726,65867.58
2025-11-16 15:37:29.761,1727,65867.58
2025-11-16 15:37:29.761,1728,26154.89
2025-11-16 15:37:29.761,1729,25963.11
2025-11-16 15:37:29.761,1730,25094.26
2025-11-16 15:37:29.761,1731,24093.88
2025-11-16 15:37:29.761,1732,24645.8
2025-11-16 15:37:29.761,1733,24704.93
2025-11-16 15:37:29.761,1734,24704.93
2025-11-16 15:37:29.761,1735,24883.55
2025-11-16 15:37:29.761,1736,24823.81
2025-11-16 15:37:29.761,1737,24734.57
2025-11-16 15:37:29.761,1738,24704.93
2025-11-16 15:37:29.761,1739,24734.57
2025-11-16 15:37:29.761,1740,24764.27
2025-11-16 15:37:29.761,1741,24734.57
2025-11-16 15:37:29.761,1742,25246.33
2025-11-16 15:37:29.761,1743,24883.55
2025-11-16 15:37:29.761,1744,26544.65
2025-11-16 15:37:29.761,1745,22357.16
2025-11-16 15:37:29.761,1746,22408.76
2025-11-16 15:37:29.761,1747,24036.8
2025-11-16 15:37:29.761,1748,26842.51
2025-11-16 15:37:29.761,1749,27111.36
2025-11-16 15:37:29.761,1750,25523.39
2025-11-16 15:37:29.761,1751,27281.39
2025-11-16 15:37:29.761,1752,25185.35
2025-11-16 15:37:29.761,1753,22486.47
2025-11-16 15:37:29.761,1754,29184.02
2025-11-16 15:37:29.761,1755,26219.28
2025-11-16 15:37:29.761,1756,21455.57
2025-11-16 15:37:29.761,1757,24616.31
2025-11-16 15:37:29.761,1758,20881.81
2025-11-16 15:37:29.761,1759,27315.59
2025-11-16 15:37:29.761,1760,51841.71
2025-11-16 15:37:29.761,1761,22616.81
2025-11-16 15:37:29.761,1762,27695.87
2025-11-16 15:37:29.761,1763,27349.84
2025-11-16 15:37:29.761,1764,21455.57
2025-11-16 15:37:29.761,1765,21406.95
2025-11-16 15:37:29.761,1766,25773.33
2025-11-16 15:37:29.761,1767,34156.08
2025-11-16 15:37:29.761,1768,142142.66
2025-11-16 15:37:29.761,1769,39403.42
2025-11-16 15:37:29.761,1770,942433.13
2025-11-16 15:37:29.761,1771,26610.43
2025-11-16 15:37:29.761,1772,40883.72
2025-11-16 15:37:29.761,1773,988899.38
2025-11-16 15:37:29.761,1774,55621.39
2025-11-16 15:37:29.761,1775,55621.39
2025-11-16 15:37:29.761,1776,25154.93
2025-11-16 15:37:29.761,1777,25710.52
2025-11-16 15:37:29.761,1778,24498.84
2025-11-16 15:37:29.761,1779,23339.05
2025-11-16 15:37:29.761,1780,23754.24
2025-11-16 15:37:29.761,1781,24036.8
2025-11-16 15:37:29.761,1782,23866.7
2025-11-16 15:37:29.761,1783,24266.27
2025-11-16 15:37:29.761,1784,24036.8
2025-11-16 15:37:29.761,1785,24065.32
2025-11-16 15:37:29.761,1786,24122.49
2025-11-16 15:37:29.761,1787,24151.15
2025-11-16 15:37:29.761,1788,24036.8
2025-11-16 15:37:29.761,1789,24122.49
2025-11-16 15:37:29.761,1790,25523.39
2025-11-16 15:37:29.761,1791,24353.12
2025-11-16 15:37:29.761,1792,26154.89
2025-11-16 15:37:29.761,1793,22305.72
2025-11-16 15:37:29.761,1794,21651.57
2025-11-16 15:37:29.761,1795,23866.7
2025-11-16 15:37:29.761,1796,26090.74
2025-11-16 15:37:29.761,1797,26090.74
2025-11-16 15:37:29.761,1798,24237.42
2025-11-16 15:37:29.761,1799,26219.28
2025-11-16 15:37:29.761,1800,24208.61
2025-11-16 15:37:29.761,1801,21900.02
2025-11-16 15:37:29.761,1802,28480.09
2025-11-16 15:37:29.761,1803,24853.65
2025-11-16 15:37:29.761,1804,21310.15
2025-11-16 15:37:29.761,1805,24616.31
2025-11-16 15:37:29.761,1806,21118.33
2025-11-16 15:37:29.761,1807,26187.06
2025-11-16 15:37:29.761,1808,51841.71
2025-11-16 15:37:29.761,1809,21725.7
2025-11-16 15:37:29.761,1810,26676.44
2025-11-16 15:37:29.761,1811,26479.11
2025-11-16 15:37:29.761,1812,20464.99
2025-11-16 15:37:29.761,1813,19048.79
2025-11-16 15:37:29.761,1814,25523.39
2025-11-16 15:37:29.761,1815,32855.06
2025-11-16 15:37:29.761,1816,136685.03
2025-11-16 15:37:29.761,1817,37781.43
2025-11-16 15:37:29.761,1818,861364.44
2025-11-16 15:37:29.761,1819,25647.93
2025-11-16 15:37:29.761,1820,39765.37
2025-11-16 15:37:29.761,1821,793012.25
2025-11-16 15:37:29.761,1822,52029.78
2025-11-16 15:37:29.761,1823,52029.78
2025-11-16 15:37:29.761,1824,33081.75
2025-11-16 15:37:29.761,1825,33036.22
2025-11-16 15:37:29.761,1826,31543.36
2025-11-16 15:37:29.761,1827,30631.22
2025-11-16 15:37:29.761,1828,31040.83
2025-11-16 15:37:29.761,1829,31501.02
2025-11-16 15:37:29.761,1830,30753.24
2025-11-16 15:37:29.761,1831,31501.02
2025-11-16 15:37:29.761,1832,31374.49
2025-11-16 15:37:29.761,1833,31290.57
2025-11-16 15:37:29.761,1834,31290.57
2025-11-16 15:37:29.761,1835,31501.02
2025-11-16 15:37:29.761,1836,31206.99
2025-11-16 15:37:29.761,1837,31248.74
2025-11-16 15:37:29.761,1838,32586.16
2025-11-16 15:37:29.761,1839,31458.76
2025-11-16 15:37:29.761,1840,33729.39
2025-11-16 15:37:29.761,1841,28699.64
2025-11-16 15:37:29.761,1842,28810.36
2025-11-16 15:37:29.761,1843,31458.76
2025-11-16 15:37:29.761,1844,34156.08
2025-11-16 15:37:29.761,1845,34204.0
2025-11-16 15:37:29.761,1846,32320.6
2025-11-16 15:37:29.761,1847,34348.4
2025-11-16 15:37:29.761,1848,31290.57
2025-11-16 15:37:29.761,1849,28773.39
2025-11-16 15:37:29.761,1850,36473.41
2025-11-16 15:37:29.761,1851,33036.22
2025-11-16 15:37:29.761,1852,29449.88
2025-11-16 15:37:29.761,1853,31885.26
2025-11-16 15:37:29.761,1854,27556.69
2025-11-16 15:37:29.761,1855,34156.08
2025-11-16 15:37:29.761,1856,59892.09
2025-11-16 15:37:29.761,1857,29526.5
2025-11-16 15:37:29.761,1858,34689.0
2025-11-16 15:37:29.761,1859,34252.03
2025-11-16 15:37:29.761,1860,29449.88
2025-11-16 15:37:29.761,1861,29449.88
2025-11-16 15:37:29.761,1862,32990.79
2025-11-16 15:37:29.761,1863,42320.58
2025-11-16 15:37:29.761,1864,167961.95
2025-11-16 15:37:29.761,1865,47565.14
2025-11-16 15:37:29.761,1866,861364.44
2025-11-16 15:37:29.761,1867,33588.98
2025-11-16 15:37:29.761,1868,47001.92
2025-11-16 15:37:29.761,1869,988899.38
2025-11-16 15:37:29.761,1870,65586.65
2025-11-16 15:37:29.761,1871,65586.65
2025-11-16 15:37:29.761,1872,27349.84
2025-11-16 15:37:29.761,1873,27626.15
2025-11-16 15:37:29.761,1874,26709.53
2025-11-16 15:37:29.761,1875,25836.37
2025-11-16 15:37:29.761,1876,26026.81
2025-11-16 15:37:29.761,1877,26283.89
2025-11-16 15:37:29.761,1878,26283.89
2025-11-16 15:37:29.761,1879,26544.65
2025-11-16 15:37:29.761,1880,26577.51
2025-11-16 15:37:29.761,1881,25899.63
2025-11-16 15:37:29.761,1882,26381.24
2025-11-16 15:37:29.761,1883,26348.73
2025-11-16 15:37:29.761,1884,26154.89
2025-11-16 15:37:29.761,1885,26154.89
2025-11-16 15:37:29.761,1886,27349.84
2025-11-16 15:37:29.761,1887,26610.43
2025-11-16 15:37:29.761,1888,28516.51
2025-11-16 15:37:29.761,1889,24179.86
2025-11-16 15:37:29.761,1890,23421.27
2025-11-16 15:37:29.761,1891,26348.73
2025-11-16 15:37:29.761,1892,28699.64
2025-11-16 15:37:29.761,1893,28553.0
2025-11-16 15:37:29.761,1894,27247.26
2025-11-16 15:37:29.761,1895,28662.88
2025-11-16 15:37:29.761,1896,26610.43
2025-11-16 15:37:29.761,1897,22408.76
2025-11-16 15:37:29.761,1898,30958.25
2025-11-16 15:37:29.761,1899,27836.08
2025-11-16 15:37:29.761,1900,23866.7
2025-11-16 15:37:29.761,1901,26742.69
2025-11-16 15:37:29.761,1902,21213.94
2025-11-16 15:37:29.761,1903,28996.3
2025-11-16 15:37:29.761,1904,52697.09
2025-11-16 15:37:29.761,1905,24324.12
2025-11-16 15:37:29.761,1906,29297.52
2025-11-16 15:37:29.761,1907,29221.78
2025-11-16 15:37:29.761,1908,23866.7
2025-11-16 15:37:29.761,1909,23810.38
2025-11-16 15:37:29.761,1910,27145.25
2025-11-16 15:37:29.761,1911,36053.13
2025-11-16 15:37:29.761,1912,150502.45
2025-11-16 15:37:29.761,1913,41267.73
2025-11-16 15:37:29.761,1914,942433.13
2025-11-16 15:37:29.761,1915,28299.01
2025-11-16 15:37:29.761,1916,41986.96
2025-11-16 15:37:29.761,1917,942433.13
2025-11-16 15:37:29.761,1918,56693.92
2025-11-16 15:37:29.761,1919,56693.92
2025-11-16 15:37:29.761,1920,942433.13
2025-11-16 15:37:29.761,1921,942433.13
2025-11-16 15:37:29.761,1922,900097.25
2025-11-16 15:37:29.761,1923,900097.25
2025-11-16 15:37:29.761,1924,900097.25
2025-11-16 15:37:29.761,1925,900097.25
2025-11-16 15:37:29.761,1926,900097.25
2025-11-16 15:37:29.761,1927,900097.25
2025-11-16 15:37:29.761,1928,900097.25
2025-11-16 15:37:29.761,1929,900097.25
2025-11-16 15:37:29.761,1930,900097.25
2025-11-16 15:37:29.761,1931,900097.25
2025-11-16 15:37:29.761,1932,900097.25
2025-11-16 15:37:29.761,1933,900097.25
2025-11-16 15:37:29.761,1934,900097.25
2025-11-16 15:37:29.761,1935,900097.25
2025-11-16 15:37:29.761,1936,900097.25
2025-11-16 15:37:29.761,1937,900097.25
2025-11-16 15:37:29.761,1938,900097.25
2025-11-16 15:37:29.761,1939,900097.25
2025-11-16 15:37:29.761,1940,942433.13
2025-11-16 15:37:29.761,1941,988899.38
2025-11-16 15:37:29.761,1942,988899.38
2025-11-16 15:37:29.761,1943,988899.38
2025-11-16 15:37:29.761,1944,861364.44
2025-11-16 15:37:29.761,1945,900097.25
2025-11-16 15:37:29.761,1946,942433.13
2025-11-16 15:37:29.761,1947,988899.38
2025-11-16 15:37:29.761,1948,900097.25
2025-11-16 15:37:29.761,1949,900097.25
2025-11-16 15:37:29.761,1950,861364.44
2025-11-16 15:37:29.761,1951,861364.44
2025-11-16 15:37:29.761,1952,900097.25
2025-11-16 15:37:29.761,1953,965113.19
2025-11-16 15:37:29.761,1954,942433.13
2025-11-16 15:37:29.761,1955,965113.19
2025-11-16 15:37:29.761,1956,942433.13
2025-11-16 15:37:29.761,1957,734602.25
2025-11-16 15:37:29.761,1958,988899.38
2025-11-16 15:37:29.761,1959,861364.44
2025-11-16 15:37:29.761,1960,942433.13
2025-11-16 15:37:29.761,1961,942433.13
2025-11-16 15:37:29.761,1962,942433.13
2025-11-16 15:37:29.761,1963,942433.13
2025-11-16 15:37:29.761,1964,550970.88
2025-11-16 15:37:29.761,1965,31756.39
2025-11-16 15:37:29.761,1966,31756.39
2025-11-16 15:37:29.761,1967,31756.39
2025-11-16 15:37:29.761,1968,31756.39
2025-11-16 15:37:29.761,1969,32675.42
2025-11-16 15:37:29.761,1970,31501.02
2025-11-16 15:37:29.761,1971,29449.88
2025-11-16 15:37:29.761,1972,31040.83
2025-11-16 15:37:29.761,1973,31040.83
2025-11-16 15:37:29.761,1974,30917.09
2025-11-16 15:37:29.761,1975,31290.57
2025-11-16 15:37:29.761,1976,30958.25
2025-11-16 15:37:29.761,1977,30999.5
2025-11-16 15:37:29.761,1978,31040.83
2025-11-16 15:37:29.761,1979,31290.57
2025-11-16 15:37:29.761,1980,30999.5
2025-11-16 15:37:29.761,1981,31374.49
2025-11-16 15:37:29.761,1982,32541.67
2025-11-16 15:37:29.761,1983,31458.76
2025-11-16 15:37:29.761,1984,33495.87
2025-11-16 15:37:29.761,1985,28773.39
2025-11-16 15:37:29.761,1986,28553.0
2025-11-16 15:37:29.761,1987,31458.76
2025-11-16 15:37:29.761,1988,33635.68
2025-11-16 15:37:29.761,1989,33870.7
2025-11-16 15:37:29.761,1990,31885.26
2025-11-16 15:37:29.761,1991,33870.7
2025-11-16 15:37:29.761,1992,30550.28
2025-11-16 15:37:29.761,1993,28191.18
2025-11-16 15:37:29.761,1994,35845.82
2025-11-16 15:37:29.761,1995,33036.22
2025-11-16 15:37:29.761,1996,29108.72
2025-11-16 15:37:29.761,1997,32014.92
2025-11-16 15:37:29.761,1998,26283.89
2025-11-16 15:37:29.761,1999,33588.98
2025-11-16 15:37:29.761,2000,56368.51
2025-11-16 15:37:29.761,2001,28299.01
2025-11-16 15:37:29.761,2002,34542.39
2025-11-16 15:37:29.761,2003,33870.7
2025-11-16 15:37:29.761,2004,28371.24
2025-11-16 15:37:29.761,2005,27906.57
2025-11-16 15:37:29.761,2006,32586.16
2025-11-16 15:37:29.761,2007,41526.96
2025-11-16 15:37:29.761,2008,167961.95
2025-11-16 15:37:29.761,2009,48139.58
2025-11-16 15:37:29.761,2010,403612.41
2025-11-16 15:37:29.761,2011,33310.84
2025-11-16 15:37:29.761,2012,45754.95
2025-11-16 15:37:29.761,2013,965113.19
2025-11-16 15:37:29.761,2014,62499.11
2025-11-16 15:37:29.761,2015,62499.11
2025-11-16 15:37:29.761,2016,650520.19
2025-11-16 15:37:29.761,2017,483368.97
2025-11-16 15:37:29.761,2018,661350.38
2025-11-16 15:37:29.761,2019,650520.19
2025-11-16 15:37:29.761,2020,508356.06
2025-11-16 15:37:29.761,2021,575017.88
2025-11-16 15:37:29.761,2022,601218.31
2025-11-16 15:37:29.761,2023,708471.5
2025-11-16 15:37:29.761,2024,661350.38
2025-11-16 15:37:29.761,2025,550970.88
2025-11-16 15:37:29.761,2026,640033.69
2025-11-16 15:37:29.761,2027,861364.44
2025-11-16 15:37:29.761,2028,762705.19
2025-11-16 15:37:29.761,2029,721303.56
2025-11-16 15:37:29.761,2030,684112.31
2025-11-16 15:37:29.761,2031,708471.5
2025-11-16 15:37:29.761,2032,762705.19
2025-11-16 15:37:29.761,2033,661350.38
2025-11-16 15:37:29.761,2034,734602.25
2025-11-16 15:37:29.761,2035,762705.19
2025-11-16 15:37:29.761,2036,748393.56
2025-11-16 15:37:29.761,2037,965113.19
2025-11-16 15:37:29.761,2038,734602.25
2025-11-16 15:37:29.761,2039,748393.56
2025-11-16 15:37:29.761,2040,592227.94
2025-11-16 15:37:29.761,2041,734602.25
2025-11-16 15:37:29.761,2042,942433.13
2025-11-16 15:37:29.761,2043,777567.38
2025-11-16 15:37:29.761,2044,708471.5
2025-11-16 15:37:29.761,2045,762705.19
2025-11-16 15:37:29.761,2046,734602.25
2025-11-16 15:37:29.761,2047,861364.44
2025-11-16 15:37:29.761,2048,861364.44
2025-11-16 15:37:29.761,2049,708471.5
2025-11-16 15:37:29.761,2050,825793.38
2025-11-16 15:37:29.761,2051,900097.25
2025-11-16 15:37:29.761,2052,672541.69
2025-11-16 15:37:29.761,2053,640033.69
2025-11-16 15:37:29.761,2054,762705.19
2025-11-16 15:37:29.761,2055,988899.38
2025-11-16 15:37:29.761,2056,988899.38
2025-11-16 15:37:29.761,2057,988899.38
2025-11-16 15:37:29.761,2058,809075.0
2025-11-16 15:37:29.761,2059,809075.0
2025-11-16 15:37:29.761,2060,439984.91
2025-11-16 15:37:29.761,2061,27315.59
2025-11-16 15:37:29.761,2062,27315.59
2025-11-16 15:37:29.761,2063,27315.59
2025-11-16 15:37:29.761,2064,27315.59
2025-11-16 15:37:29.761,2065,27626.15
2025-11-16 15:37:29.761,2066,26316.28
2025-11-16 15:37:29.761,2067,24764.27
2025-11-16 15:37:29.761,2068,25804.82
2025-11-16 15:37:29.761,2069,25963.11
2025-11-16 15:37:29.761,2070,25931.34
2025-11-16 15:37:29.761,2071,26219.28
2025-11-16 15:37:29.761,2072,26154.89
2025-11-16 15:37:29.761,2073,26348.73
2025-11-16 15:37:29.761,2074,26809.18
2025-11-16 15:37:29.761,2075,26544.65
2025-11-16 15:37:29.761,2076,25836.37
2025-11-16 15:37:29.761,2077,26544.65
2025-11-16 15:37:29.761,2078,27213.2
2025-11-16 15:37:29.761,2079,26283.89
2025-11-16 15:37:29.761,2080,27906.57
2025-11-16 15:37:29.761,2081,20533.68
2025-11-16 15:37:29.761,2082,24266.27
2025-11-16 15:37:29.761,2083,24973.54
2025-11-16 15:37:29.761,2084,28884.52
2025-11-16 15:37:29.761,2085,28996.3
2025-11-16 15:37:29.761,2086,27281.39
2025-11-16 15:37:29.761,2087,29221.78
2025-11-16 15:37:29.761,2088,26875.9
2025-11-16 15:37:29.761,2089,25804.82
2025-11-16 15:37:29.761,2090,31756.39
2025-11-16 15:37:29.761,2091,28553.0
2025-11-16 15:37:29.761,2092,26219.28
2025-11-16 15:37:29.761,2093,28119.63
2025-11-16 15:37:29.761,2094,25461.45
2025-11-16 15:37:29.761,2095,29071.17
2025-11-16 15:37:29.761,2096,57802.03
2025-11-16 15:37:29.761,2097,26026.81
2025-11-16 15:37:29.761,2098,30031.86
2025-11-16 15:37:29.761,2099,29449.88
2025-11-16 15:37:29.761,2100,25804.82
2025-11-16 15:37:29.761,2101,26026.81
2025-11-16 15:37:29.761,2102,29449.88
2025-11-16 15:37:29.761,2103,36901.41
2025-11-16 15:37:29.761,2104,146809.88
2025-11-16 15:37:29.761,2105,41267.73
2025-11-16 15:37:29.761,2106,412143.03
2025-11-16 15:37:29.761,2107,28263.01
2025-11-16 15:37:29.761,2108,43983.32
2025-11-16 15:37:29.761,2109,920784.13
2025-11-16 15:37:29.761,2110,57577.48
2025-11-16 15:37:29.761,2111,57577.48
2025-11-16 15:37:29.761,2112,495554.03
2025-11-16 15:37:29.761,2113,395419.56
2025-11-16 15:37:29.761,2114,528822.38
2025-11-16 15:37:29.761,2115,483368.97
2025-11-16 15:37:29.761,2116,403612.41
2025-11-16 15:37:29.761,2117,466154.09
2025-11-16 15:37:29.761,2118,450099.75
2025-11-16 15:37:29.761,2119,477494.09
2025-11-16 15:37:29.761,2120,460679.59
2025-11-16 15:37:29.761,2121,455329.53
2025-11-16 15:37:29.761,2122,466154.09
2025-11-16 15:37:29.761,2123,407834.16
2025-11-16 15:37:29.761,2124,466154.09
2025-11-16 15:37:29.761,2125,477494.09
2025-11-16 15:37:29.761,2126,515003.19
2025-11-16 15:37:29.761,2127,450099.75
2025-11-16 15:37:29.761,2128,508356.06
2025-11-16 15:37:29.761,2129,460679.59
2025-11-16 15:37:29.761,2130,483368.97
2025-11-16 15:37:29.761,2131,521823.06
2025-11-16 15:37:29.761,2132,483368.97
2025-11-16 15:37:29.761,2133,521823.06
2025-11-16 15:37:29.761,2134,521823.06
2025-11-16 15:37:29.761,2135,536008.31
2025-11-16 15:37:29.761,2136,460679.59
2025-11-16 15:37:29.761,2137,450099.75
2025-11-16 15:37:29.761,2138,558763.94
2025-11-16 15:37:29.761,2139,508356.06
2025-11-16 15:37:29.761,2140,439984.91
2025-11-16 15:37:29.761,2141,460679.59
2025-11-16 15:37:29.761,2142,421032.91
2025-11-16 15:37:29.761,2143,521823.06
2025-11-16 15:37:29.761,2144,328387.41
2025-11-16 15:37:29.761,2145,430305.09
2025-11-16 15:37:29.761,2146,536008.31
2025-11-16 15:37:29.761,2147,550970.88
2025-11-16 15:37:29.761,2148,395419.56
2025-11-16 15:37:29.761,2149,369134.25
2025-11-16 15:37:29.761,2150,425619.72
2025-11-16 15:37:29.761,2151,471757.34
2025-11-16 15:37:29.761,2152,566776.38
2025-11-16 15:37:29.761,2153,566776.38
2025-11-16 15:37:29.761,2154,455329.53
2025-11-16 15:37:29.761,2155,455329.53
2025-11-16 15:37:29.761,2156,77396.36
2025-11-16 15:37:29.761,2157,550970.88
2025-11-16 15:37:29.761,2158,550970.88
2025-11-16 15:37:29.761,2159,550970.88
2025-11-16 15:37:29.761,2160,528822.38
2025-11-16 15:37:29.761,2161,430305.09
2025-11-16 15:37:29.761,2162,489387.19
2025-11-16 15:37:29.761,2163,460679.59
2025-11-16 15:37:29.761,2164,661350.38
2025-11-16 15:37:29.761,2165,583498.19
2025-11-16 15:37:29.761,2166,550970.88
2025-11-16 15:37:29.761,2167,592227.94
2025-11-16 15:37:29.761,2168,684112.31
2025-11-16 15:37:29.761,2169,550970.88
2025-11-16 15:37:29.761,2170,566776.38
2025-11-16 15:37:29.761,2171,521823.06
2025-11-16 15:37:29.761,2172,672541.69
2025-11-16 15:37:29.761,2173,672541.69
2025-11-16 15:37:29.761,2174,661350.38
2025-11-16 15:37:29.761,2175,672541.69
2025-11-16 15:37:29.761,2176,793012.25
2025-11-16 15:37:29.761,2177,708471.5
2025-11-16 15:37:29.761,2178,762705.19
2025-11-16 15:37:29.761,2179,777567.38
2025-11-16 15:37:29.761,2180,809075.0
2025-11-16 15:37:29.761,2181,672541.69
2025-11-16 15:37:29.761,2182,721303.56
2025-11-16 15:37:29.761,2183,793012.25
2025-11-16 15:37:29.761,2184,543388.5
2025-11-16 15:37:29.761,2185,900097.25
2025-11-16 15:37:29.761,2186,942433.13
2025-11-16 15:37:29.761,2187,942433.13
2025-11-16 15:37:29.761,2188,762705.19
2025-11-16 15:37:29.761,2189,575017.88
2025-11-16 15:37:29.761,2190,661350.38
2025-11-16 15:37:29.761,2191,942433.13
2025-11-16 15:37:29.761,2192,558763.94
2025-11-16 15:37:29.761,2193,777567.38
2025-11-16 15:37:29.761,2194,809075.0
2025-11-16 15:37:29.761,2195,900097.25
2025-11-16 15:37:29.761,2196,721303.56
2025-11-16 15:37:29.761,2197,696081.88
2025-11-16 15:37:29.761,2198,900097.25
2025-11-16 15:37:29.761,2199,988899.38
2025-11-16 15:37:29.761,2200,988899.38
2025-11-16 15:37:29.761,2201,988899.38
2025-11-16 15:37:29.761,2202,900097.25
2025-11-16 15:37:29.761,2203,900097.25
2025-11-16 15:37:29.761,2204,154372.98
2025-11-16 15:37:29.761,2205,988899.38
2025-11-16 15:37:29.761,2206,988899.38
2025-11-16 15:37:29.761,2207,988899.38
2025-11-16 15:37:29.761,2208,291051.47
2025-11-16 15:37:29.761,2209,291051.47
2025-11-16 15:37:29.761,2210,291051.47
2025-11-16 15:37:29.761,2211,291051.47
2025-11-16 15:37:29.761,2212,291051.47
2025-11-16 15:37:29.761,2213,291051.47
2025-11-16 15:37:29.761,2214,291051.47
2025-11-16 15:37:29.761,2215,291051.47
2025-11-16 15:37:29.761,2216,291051.47
2025-11-16 15:37:29.761,2217,291051.47
2025-11-16 15:37:29.761,2218,291051.47
2025-11-16 15:37:29.761,2219,291051.47
2025-11-16 15:37:29.761,2220,291051.47
2025-11-16 15:37:29.761,2221,291051.47
2025-11-16 15:37:29.761,2222,291051.47
2025-11-16 15:37:29.761,2223,291051.47
2025-11-16 15:37:29.761,2224,291051.47
2025-11-16 15:37:29.761,2225,291051.47
2025-11-16 15:37:29.761,2226,291051.47
2025-11-16 15:37:29.761,2227,291051.47
2025-11-16 15:37:29.761,2228,291051.47
2025-11-16 15:37:29.761,2229,291051.47
2025-11-16 15:37:29.761,2230,291051.47
2025-11-16 15:37:29.761,2231,291051.47
2025-11-16 15:37:29.761,2232,291051.47
2025-11-16 15:37:29.761,2233,291051.47
2025-11-16 15:37:29.761,2234,291051.47
2025-11-16 15:37:29.761,2235,291051.47
2025-11-16 15:37:29.761,2236,291051.47
2025-11-16 15:37:29.761,2237,291051.47
2025-11-16 15:37:29.761,2238,291051.47
2025-11-16 15:37:29.761,2239,291051.47
2025-11-16 15:37:29.761,2240,291051.47
2025-11-16 15:37:29.761,2241,291051.47
2025-11-16 15:37:29.761,2242,291051.47
2025-11-16 15:37:29.761,2243,291051.47
2025-11-16 15:37:29.761,2244,291051.47
2025-11-16 15:37:29.761,2245,291051.47
2025-11-16 15:37:29.761,2246,291051.47
2025-11-16 15:37:29.761,2247,291051.47
2025-11-16 15:37:29.761,2248,291051.47
2025-11-16 15:37:29.761,2249,291051.47
2025-11-16 15:37:29.761,2250,291051.47
2025-11-16 15:37:29.761,2251,291051.47
2025-11-16 15:37:29.761,2252,291051.47
2025-11-16 15:37:29.761,2253,291051.47
2025-11-16 15:37:29.761,2254,291051.47
2025-11-16 15:37:29.761,2255,291051.47
2025-11-16 15:37:29.761,2256,291051.47
2025-11-16 15:37:29.761,2257,270422.94
2025-11-16 15:37:29.761,2258,278325.69
2025-11-16 15:37:29.761,2259,264774.34
2025-11-16 15:37:29.761,2260,264774.34
2025-11-16 15:37:29.761,2261,331208.34
2025-11-16 15:37:29.761,2262,302546.75
2025-11-16 15:37:29.761,2263,293282.41
2025-11-16 15:37:29.761,2264,284551.28
2025-11-16 15:37:29.761,2265,262941.66
2025-11-16 15:37:29.761,2266,320197.59
2025-11-16 15:37:29.761,2267,288853.09
2025-11-16 15:37:29.761,2268,369134.25
2025-11-16 15:37:29.761,2269,342978.47
2025-11-16 15:37:29.761,2270,322883.13
2025-11-16 15:37:29.761,2271,317555.0
2025-11-16 15:37:29.761,2272,339960.47
2025-11-16 15:37:29.761,2273,288853.09
2025-11-16 15:37:29.761,2274,334076.69
2025-11-16 15:37:29.761,2275,334076.69
2025-11-16 15:37:29.761,2276,369134.25
2025-11-16 15:37:29.761,2277,331208.34
2025-11-16 15:37:29.761,2278,317555.0
2025-11-16 15:37:29.761,2279,349173.25
2025-11-16 15:37:29.761,2280,322883.13
2025-11-16 15:37:29.761,2281,317555.0
2025-11-16 15:37:29.761,2282,362238.63
2025-11-16 15:37:29.761,2283,320197.59
2025-11-16 15:37:29.761,2284,264774.34
2025-11-16 15:37:29.761,2285,278325.69
2025-11-16 15:37:29.761,2286,254133.06
2025-11-16 15:37:29.761,2287,295546.66
2025-11-16 15:37:29.761,2288,213700.14
2025-11-16 15:37:29.761,2289,322883.13
2025-11-16 15:37:29.761,2290,320197.59
2025-11-16 15:37:29.761,2291,288853.09
2025-11-16 15:37:29.761,2292,254133.06
2025-11-16 15:37:29.761,2293,257587.41
2025-11-16 15:37:29.761,2294,291051.47
2025-11-16 15:37:29.761,2295,365654.84
2025-11-16 15:37:29.761,2296,988899.38
2025-11-16 15:37:29.761,2297,379970.25
2025-11-16 15:37:29.761,2298,312394.69
2025-11-16 15:37:29.761,2299,312394.69
2025-11-16 15:37:29.761,2300,54685.13
2025-11-16 15:37:29.761,2301,460679.59
2025-11-16 15:37:29.761,2302,460679.59
2025-11-16 15:37:29.761,2303,460679.59
