Timestamp,Sensor_ID,Resistance_Ohms
2025-11-16 15:58:11.901,0,30229.68
2025-11-16 15:58:11.901,1,38636.91
2025-11-16 15:58:11.901,2,41920.75
2025-11-16 15:58:11.901,3,41139.08
2025-11-16 15:58:11.901,4,41397.01
2025-11-16 15:58:11.901,5,41526.96
2025-11-16 15:58:11.901,6,42320.58
2025-11-16 15:58:11.901,7,42590.57
2025-11-16 15:58:11.901,8,41788.82
2025-11-16 15:58:11.901,9,41788.82
2025-11-16 15:58:11.901,10,42658.5
2025-11-16 15:58:11.901,11,41267.73
2025-11-16 15:58:11.901,12,42455.23
2025-11-16 15:58:11.901,13,41986.96
2025-11-16 15:58:11.901,14,43698.91
2025-11-16 15:58:11.901,15,42320.58
2025-11-16 15:58:11.901,16,43983.32
2025-11-16 15:58:11.901,17,44126.66
2025-11-16 15:58:11.901,18,44561.25
2025-11-16 15:58:11.901,19,45451.66
2025-11-16 15:58:11.901,20,45754.95
2025-11-16 15:58:11.901,21,46371.55
2025-11-16 15:58:11.901,22,42387.82
2025-11-16 15:58:11.901,23,47161.71
2025-11-16 15:58:11.901,24,43698.91
2025-11-16 15:58:11.901,25,44707.67
2025-11-16 15:58:11.901,26,47565.14
2025-11-16 15:58:11.901,27,45754.95
2025-11-16 15:58:11.901,28,44054.89
2025-11-16 15:58:11.901,29,45907.83
2025-11-16 15:58:11.901,30,45002.86
2025-11-16 15:58:11.901,31,48305.81
2025-11-16 15:58:11.901,32,84035.92
2025-11-16 15:58:11.901,33,43557.83
2025-11-16 15:58:11.901,34,48641.14
2025-11-16 15:58:11.901,35,46527.84
2025-11-16 15:58:11.901,36,45831.29
2025-11-16 15:58:11.901,37,45301.25
2025-11-16 15:58:11.901,38,51284.3
2025-11-16 15:58:11.901,39,64212.57
2025-11-16 15:58:11.901,40,119495.26
2025-11-16 15:58:11.901,41,55939.52
2025-11-16 15:58:11.901,42,44854.87
2025-11-16 15:58:11.901,43,44854.87
2025-11-16 15:58:11.901,44,63810.02
2025-11-16 15:58:11.901,45,109291.9
2025-11-16 15:58:11.901,46,60132.29
2025-11-16 15:58:11.901,47,60132.29
2025-11-16 15:58:11.901,48,125056.52
2025-11-16 15:58:11.901,49,127787.46
2025-11-16 15:58:11.901,50,132592.78
2025-11-16 15:58:11.901,51,129670.22
2025-11-16 15:58:11.901,52,132592.78
2025-11-16 15:58:11.901,53,134609.98
2025-11-16 15:58:11.901,54,135640.13
2025-11-16 15:58:11.901,55,135640.13
2025-11-16 15:58:11.901,56,133594.3
2025-11-16 15:58:11.901,57,128722.46
2025-11-16 15:58:11.901,58,135640.13
2025-11-16 15:58:11.901,59,129670.22
2025-11-16 15:58:11.901,60,129670.22
2025-11-16 15:58:11.901,61,136160.72
2025-11-16 15:58:11.901,62,139364.05
2025-11-16 15:58:11.901,63,133594.3
2025-11-16 15:58:11.901,64,129670.22
2025-11-16 15:58:11.901,65,134609.98
2025-11-16 15:58:11.901,66,143283.25
2025-11-16 15:58:11.901,67,138820.45
2025-11-16 15:58:11.901,68,129670.22
2025-11-16 15:58:11.901,69,143283.25
2025-11-16 15:58:11.901,70,128722.46
2025-11-16 15:58:11.901,71,142142.66
2025-11-16 15:58:11.901,72,121579.19
2025-11-16 15:58:11.901,73,133594.3
2025-11-16 15:58:11.901,74,138820.45
2025-11-16 15:58:11.901,75,132592.78
2025-11-16 15:58:11.901,76,130631.02
2025-11-16 15:58:11.901,77,135640.13
2025-11-16 15:58:11.901,78,125954.73
2025-11-16 15:58:11.901,79,145616.44
2025-11-16 15:58:11.901,80,191648.39
2025-11-16 15:58:11.901,81,130631.02
2025-11-16 15:58:11.901,82,138820.45
2025-11-16 15:58:11.901,83,139364.05
2025-11-16 15:58:11.901,84,136160.72
2025-11-16 15:58:11.901,85,132592.78
2025-11-16 15:58:11.901,86,134100.34
2025-11-16 15:58:11.901,87,183998.22
2025-11-16 15:58:11.901,88,280371.47
2025-11-16 15:58:11.901,89,143283.25
2025-11-16 15:58:11.901,90,143283.25
2025-11-16 15:58:11.901,91,143283.25
2025-11-16 15:58:11.901,92,108256.51
2025-11-16 15:58:11.901,93,136685.03
2025-11-16 15:58:11.901,94,136685.03
2025-11-16 15:58:11.901,95,136685.03
2025-11-16 15:58:11.901,96,72958.16
2025-11-16 15:58:11.901,97,73127.03
2025-11-16 15:58:11.901,98,75745.02
2025-11-16 15:58:11.901,99,77209.76
2025-11-16 15:58:11.901,100,74678.3
2025-11-16 15:58:11.901,101,74678.3
2025-11-16 15:58:11.901,102,74854.26
2025-11-16 15:58:11.901,103,76471.19
2025-11-16 15:58:11.901,104,74854.26
2025-11-16 15:58:11.901,105,75565.37
2025-11-16 15:58:11.901,106,75745.02
2025-11-16 15:58:11.901,107,77961.02
2025-11-16 15:58:11.901,108,76106.58
2025-11-16 15:58:11.901,109,76106.58
2025-11-16 15:58:11.901,110,78533.01
2025-11-16 15:58:11.901,111,75745.02
2025-11-16 15:58:11.901,112,71959.17
2025-11-16 15:58:11.901,113,77772.0
2025-11-16 15:58:11.901,114,77961.02
2025-11-16 15:58:11.901,115,76654.66
2025-11-16 15:58:11.901,116,81508.11
2025-11-16 15:58:11.901,117,83177.96
2025-11-16 15:58:11.901,118,74154.84
2025-11-16 15:58:11.901,119,83604.98
2025-11-16 15:58:11.901,120,76838.91
2025-11-16 15:58:11.901,121,78725.33
2025-11-16 15:58:11.901,122,77583.78
2025-11-16 15:58:11.901,123,81919.95
2025-11-16 15:58:11.901,124,79896.98
2025-11-16 15:58:11.901,125,77583.78
2025-11-16 15:58:11.901,126,78725.33
2025-11-16 15:58:11.901,127,85800.06
2025-11-16 15:58:11.901,128,137745.05
2025-11-16 15:58:11.901,129,82335.49
2025-11-16 15:58:11.901,130,85575.93
2025-11-16 15:58:11.901,131,82754.82
2025-11-16 15:58:11.901,132,79896.98
2025-11-16 15:58:11.901,133,80294.42
2025-11-16 15:58:11.901,134,89051.75
2025-11-16 15:58:11.901,135,106903.57
2025-11-16 15:58:11.901,136,206594.58
2025-11-16 15:58:11.901,137,78725.33
2025-11-16 15:58:11.901,138,81919.95
2025-11-16 15:58:11.901,139,81919.95
2025-11-16 15:58:11.901,140,86251.47
2025-11-16 15:58:11.901,141,141018.91
2025-11-16 15:58:11.901,142,94098.91
2025-11-16 15:58:11.901,143,94098.91
2025-11-16 15:58:11.901,144,46138.74
2025-11-16 15:58:11.901,145,47001.92
2025-11-16 15:58:11.901,146,45907.83
2025-11-16 15:58:11.901,147,46061.56
2025-11-16 15:58:11.901,148,45678.82
2025-11-16 15:58:11.901,149,46216.13
2025-11-16 15:58:11.901,150,44854.87
2025-11-16 15:58:11.901,151,45602.89
2025-11-16 15:58:11.901,152,45984.59
2025-11-16 15:58:11.901,153,45754.95
2025-11-16 15:58:11.901,154,45907.83
2025-11-16 15:58:11.901,155,44854.87
2025-11-16 15:58:11.901,156,45602.89
2025-11-16 15:58:11.901,157,46061.56
2025-11-16 15:58:11.901,158,46216.13
2025-11-16 15:58:11.901,159,44781.16
2025-11-16 15:58:11.901,160,36105.25
2025-11-16 15:58:11.901,161,45151.65
2025-11-16 15:58:11.901,162,46061.56
2025-11-16 15:58:11.901,163,42053.34
2025-11-16 15:58:11.901,164,49151.41
2025-11-16 15:58:11.901,165,48725.57
2025-11-16 15:58:11.901,166,44561.25
2025-11-16 15:58:11.901,167,50377.22
2025-11-16 15:58:11.901,168,45602.89
2025-11-16 15:58:11.901,169,47322.41
2025-11-16 15:58:11.901,170,45754.95
2025-11-16 15:58:11.901,171,48139.58
2025-11-16 15:58:11.901,172,47322.41
2025-11-16 15:58:11.901,173,46371.55
2025-11-16 15:58:11.901,174,48139.58
2025-11-16 15:58:11.901,175,52029.78
2025-11-16 15:58:11.901,176,87631.56
2025-11-16 15:58:11.901,177,48139.58
2025-11-16 15:58:11.901,178,51935.61
2025-11-16 15:58:11.901,179,50377.22
2025-11-16 15:58:11.901,180,47728.11
2025-11-16 15:58:11.901,181,48473.0
2025-11-16 15:58:11.901,182,54378.94
2025-11-16 15:58:11.901,183,65867.58
2025-11-16 15:58:11.901,184,131116.38
2025-11-16 15:58:11.901,185,51192.37
2025-11-16 15:58:11.901,186,48473.0
2025-11-16 15:58:11.901,187,48473.0
2025-11-16 15:58:11.901,188,59416.6
2025-11-16 15:58:11.901,189,97948.88
2025-11-16 15:58:11.901,190,59416.6
2025-11-16 15:58:11.901,191,59416.6
2025-11-16 15:58:11.901,192,30309.35
2025-11-16 15:58:11.901,193,30469.65
2025-11-16 15:58:11.901,194,29488.15
2025-11-16 15:58:11.901,195,29603.42
2025-11-16 15:58:11.901,196,28884.52
2025-11-16 15:58:11.901,197,29641.99
2025-11-16 15:58:11.901,198,29449.88
2025-11-16 15:58:11.901,199,29297.52
2025-11-16 15:58:11.901,200,29071.17
2025-11-16 15:58:11.901,201,28191.18
2025-11-16 15:58:11.901,202,29411.68
2025-11-16 15:58:11.901,203,29221.78
2025-11-16 15:58:11.901,204,29449.88
2025-11-16 15:58:11.901,205,29526.5
2025-11-16 15:58:11.901,206,30229.68
2025-11-16 15:58:11.901,207,29221.78
2025-11-16 15:58:11.901,208,23366.42
2025-11-16 15:58:11.901,209,29146.33
2025-11-16 15:58:11.901,210,28996.3
2025-11-16 15:58:11.901,211,21651.57
2025-11-16 15:58:11.901,212,31416.58
2025-11-16 15:58:11.901,213,32145.38
2025-11-16 15:58:11.901,214,27010.09
2025-11-16 15:58:11.901,215,32586.16
2025-11-16 15:58:11.901,216,29603.42
2025-11-16 15:58:11.901,217,31082.24
2025-11-16 15:58:11.901,218,31928.39
2025-11-16 15:58:11.901,219,31713.61
2025-11-16 15:58:11.901,220,30712.49
2025-11-16 15:58:11.901,221,30509.92
2025-11-16 15:58:11.901,222,30999.5
2025-11-16 15:58:11.901,223,34252.03
2025-11-16 15:58:11.901,224,62114.86
2025-11-16 15:58:11.901,225,30958.25
2025-11-16 15:58:11.901,226,34012.93
2025-11-16 15:58:11.901,227,33127.38
2025-11-16 15:58:11.901,228,31458.76
2025-11-16 15:58:11.901,229,31543.36
2025-11-16 15:58:11.901,230,35949.24
2025-11-16 15:58:11.901,231,44634.36
2025-11-16 15:58:11.901,232,91512.71
2025-11-16 15:58:11.901,233,36793.67
2025-11-16 15:58:11.901,234,31458.76
2025-11-16 15:58:11.901,235,31458.76
2025-11-16 15:58:11.901,236,45301.25
2025-11-16 15:58:11.901,237,83819.96
2025-11-16 15:58:11.901,238,42455.23
2025-11-16 15:58:11.901,239,42455.23
2025-11-16 15:58:11.901,240,19926.36
2025-11-16 15:58:11.901,241,20059.23
2025-11-16 15:58:11.901,242,19153.06
2025-11-16 15:58:11.901,243,19427.67
2025-11-16 15:58:11.901,244,19028.03
2025-11-16 15:58:11.901,245,19321.44
2025-11-16 15:58:11.901,246,19153.06
2025-11-16 15:58:11.901,247,18781.14
2025-11-16 15:58:11.901,248,18862.97
2025-11-16 15:58:11.901,249,19194.97
2025-11-16 15:58:11.901,250,19258.07
2025-11-16 15:58:11.901,251,19111.26
2025-11-16 15:58:11.901,252,19237.01
2025-11-16 15:58:11.901,253,19132.14
2025-11-16 15:58:11.901,254,19882.33
2025-11-16 15:58:11.901,255,19194.97
2025-11-16 15:58:11.901,256,19153.06
2025-11-16 15:58:11.901,257,20533.68
2025-11-16 15:58:11.901,258,19882.33
2025-11-16 15:58:11.901,259,19194.97
2025-11-16 15:58:11.901,260,21310.15
2025-11-16 15:58:11.901,261,21651.57
2025-11-16 15:58:11.901,262,19491.78
2025-11-16 15:58:11.901,263,22357.16
2025-11-16 15:58:11.901,264,20081.49
2025-11-16 15:58:11.901,265,21213.94
2025-11-16 15:58:11.901,266,22512.45
2025-11-16 15:58:11.901,267,21261.97
2025-11-16 15:58:11.901,268,21189.98
2025-11-16 15:58:11.901,269,21406.95
2025-11-16 15:58:11.901,270,21553.27
2025-11-16 15:58:11.901,271,23202.91
2025-11-16 15:58:11.901,272,45301.25
2025-11-16 15:58:11.901,273,21023.29
2025-11-16 15:58:11.901,274,23230.05
2025-11-16 15:58:11.901,275,22460.52
2025-11-16 15:58:11.901,276,21431.24
2025-11-16 15:58:11.901,277,21602.34
2025-11-16 15:58:11.901,278,24853.65
2025-11-16 15:58:11.901,279,31928.39
2025-11-16 15:58:11.901,280,67304.12
2025-11-16 15:58:11.901,281,26875.9
2025-11-16 15:58:11.901,282,21023.29
2025-11-16 15:58:11.901,283,21023.29
2025-11-16 15:58:11.901,284,34640.03
2025-11-16 15:58:11.901,285,67012.48
2025-11-16 15:58:11.901,286,31206.99
2025-11-16 15:58:11.901,287,31206.99
2025-11-16 15:58:11.901,288,16081.01
2025-11-16 15:58:11.901,289,16317.87
2025-11-16 15:58:11.901,290,15143.35
2025-11-16 15:58:11.901,291,15491.01
2025-11-16 15:58:11.901,292,15019.26
2025-11-16 15:58:11.901,293,15112.21
2025-11-16 15:58:11.901,294,15050.17
2025-11-16 15:58:11.901,295,15143.35
2025-11-16 15:58:11.901,296,15065.65
2025-11-16 15:58:11.901,297,14988.43
2025-11-16 15:58:11.901,298,15268.68
2025-11-16 15:58:11.901,299,15237.23
2025-11-16 15:58:11.901,300,15268.68
2025-11-16 15:58:11.901,301,15050.17
2025-11-16 15:58:11.901,302,16352.05
2025-11-16 15:58:11.901,303,15315.99
2025-11-16 15:58:11.901,304,17346.5
2025-11-16 15:58:11.901,305,16964.95
2025-11-16 15:58:11.901,306,17163.47
2025-11-16 15:58:11.901,307,18740.4
2025-11-16 15:58:11.901,308,17438.93
2025-11-16 15:58:11.901,309,18026.2
2025-11-16 15:58:11.901,310,16047.52
2025-11-16 15:58:11.901,311,18221.02
2025-11-16 15:58:11.901,312,16148.25
2025-11-16 15:58:11.901,313,17272.99
2025-11-16 15:58:11.901,314,18801.55
2025-11-16 15:58:11.901,315,17181.67
2025-11-16 15:58:11.901,316,17272.99
2025-11-16 15:58:11.901,317,17550.68
2025-11-16 15:58:11.901,318,17457.49
2025-11-16 15:58:11.901,319,18659.26
2025-11-16 15:58:11.901,320,38578.92
2025-11-16 15:58:11.901,321,17018.8
2025-11-16 15:58:11.901,322,18578.57
2025-11-16 15:58:11.901,323,18026.2
2025-11-16 15:58:11.901,324,17476.08
2025-11-16 15:58:11.901,325,17606.89
2025-11-16 15:58:11.901,326,20193.28
2025-11-16 15:58:11.901,327,26479.11
2025-11-16 15:58:11.901,328,52793.59
2025-11-16 15:58:11.901,329,23421.27
2025-11-16 15:58:11.901,330,16840.11
2025-11-16 15:58:11.901,331,16840.11
2025-11-16 15:58:11.901,332,30349.31
2025-11-16 15:58:11.901,333,60011.99
2025-11-16 15:58:11.901,334,26842.51
2025-11-16 15:58:11.901,335,26842.51
2025-11-16 15:58:11.901,336,14926.99
2025-11-16 15:58:11.901,337,15019.26
2025-11-16 15:58:11.901,338,13870.31
2025-11-16 15:58:11.901,339,14183.61
2025-11-16 15:58:11.901,340,13744.46
2025-11-16 15:58:11.901,341,13842.23
2025-11-16 15:58:11.901,342,13730.56
2025-11-16 15:58:11.901,343,13842.23
2025-11-16 15:58:11.901,344,13730.56
2025-11-16 15:58:11.901,345,13702.81
2025-11-16 15:58:11.901,346,13814.22
2025-11-16 15:58:11.901,347,13828.22
2025-11-16 15:58:11.901,348,13786.27
2025-11-16 15:58:11.901,349,13688.95
2025-11-16 15:58:11.901,350,14805.01
2025-11-16 15:58:11.901,351,13870.31
2025-11-16 15:58:11.901,352,15848.37
2025-11-16 15:58:11.901,353,15347.64
2025-11-16 15:58:11.901,354,15652.22
2025-11-16 15:58:11.901,355,17181.67
2025-11-16 15:58:11.901,356,15848.37
2025-11-16 15:58:11.901,357,16420.69
2025-11-16 15:58:11.901,358,14835.39
2025-11-16 15:58:11.901,359,16769.29
2025-11-16 15:58:11.901,360,14865.85
2025-11-16 15:58:11.901,361,15782.65
2025-11-16 15:58:11.901,362,17272.99
2025-11-16 15:58:11.901,363,15300.2
2025-11-16 15:58:11.901,364,15749.92
2025-11-16 15:58:11.901,365,16148.25
2025-11-16 15:58:11.901,366,15947.57
2025-11-16 15:58:11.901,367,17236.39
2025-11-16 15:58:11.901,368,35742.86
2025-11-16 15:58:11.901,369,15491.01
2025-11-16 15:58:11.901,370,17181.67
2025-11-16 15:58:11.901,371,16334.95
2025-11-16 15:58:11.901,372,15815.47
2025-11-16 15:58:11.901,373,16014.12
2025-11-16 15:58:11.901,374,18618.86
2025-11-16 15:58:11.901,375,24382.16
2025-11-16 15:58:11.901,376,48810.25
2025-11-16 15:58:11.901,377,22000.49
2025-11-16 15:58:11.901,378,15143.35
2025-11-16 15:58:11.901,379,15143.35
2025-11-16 15:58:11.901,380,27765.84
2025-11-16 15:58:11.901,381,56585.1
2025-11-16 15:58:11.901,382,24093.88
2025-11-16 15:58:11.901,383,24093.88
2025-11-16 15:58:11.901,384,14534.84
2025-11-16 15:58:11.901,385,14357.96
2025-11-16 15:58:11.901,386,13307.49
2025-11-16 15:58:11.901,387,13800.23
2025-11-16 15:58:11.901,388,13294.1
2025-11-16 15:58:11.901,389,13442.32
2025-11-16 15:58:11.901,390,13320.91
2025-11-16 15:58:11.901,391,13334.34
2025-11-16 15:58:11.901,392,13374.71
2025-11-16 15:58:11.901,393,13401.71
2025-11-16 15:58:11.901,394,13374.71
2025-11-16 15:58:11.901,395,13374.71
2025-11-16 15:58:11.901,396,13619.93
2025-11-16 15:58:11.901,397,13320.91
2025-11-16 15:58:11.901,398,14416.64
2025-11-16 15:58:11.901,399,13469.47
2025-11-16 15:58:11.901,400,15523.09
2025-11-16 15:58:11.901,401,14957.67
2025-11-16 15:58:11.901,402,15268.68
2025-11-16 15:58:11.901,403,16840.11
2025-11-16 15:58:11.901,404,15555.25
2025-11-16 15:58:11.901,405,16131.41
2025-11-16 15:58:11.901,406,14241.45
2025-11-16 15:58:11.901,407,16352.05
2025-11-16 15:58:11.901,408,14744.46
2025-11-16 15:58:11.901,409,15523.09
2025-11-16 15:58:11.901,410,16947.04
2025-11-16 15:58:11.901,411,15523.09
2025-11-16 15:58:11.901,412,15363.49
2025-11-16 15:58:11.901,413,16081.01
2025-11-16 15:58:11.901,414,15587.49
2025-11-16 15:58:11.901,415,16893.47
2025-11-16 15:58:11.901,416,35845.82
2025-11-16 15:58:11.901,417,15300.2
2025-11-16 15:58:11.901,418,16964.95
2025-11-16 15:58:11.901,419,16064.26
2025-11-16 15:58:11.901,420,15749.92
2025-11-16 15:58:11.901,421,15684.7
2025-11-16 15:58:11.901,422,18378.83
2025-11-16 15:58:11.901,423,24208.61
2025-11-16 15:58:11.901,424,48641.14
2025-11-16 15:58:11.901,425,21651.57
2025-11-16 15:58:11.901,426,15284.43
2025-11-16 15:58:11.901,427,15284.43
2025-11-16 15:58:11.901,428,27695.87
2025-11-16 15:58:11.901,429,56368.51
2025-11-16 15:58:11.901,430,24498.84
2025-11-16 15:58:11.901,431,24498.84
2025-11-16 15:58:11.901,432,14328.73
2025-11-16 15:58:11.901,433,14387.27
2025-11-16 15:58:11.901,434,13401.71
2025-11-16 15:58:11.901,435,13772.32
2025-11-16 15:58:11.901,436,13254.0
2025-11-16 15:58:11.901,437,13374.71
2025-11-16 15:58:11.901,438,13214.03
2025-11-16 15:58:11.901,439,13267.35
2025-11-16 15:58:11.901,440,13267.35
2025-11-16 15:58:11.901,441,13214.03
2025-11-16 15:58:11.901,442,13401.71
2025-11-16 15:58:11.901,443,13347.78
2025-11-16 15:58:11.901,444,13415.23
2025-11-16 15:58:11.901,445,13294.1
2025-11-16 15:58:11.901,446,14372.61
2025-11-16 15:58:11.901,447,13428.77
2025-11-16 15:58:11.901,448,15379.36
2025-11-16 15:58:11.901,449,14774.7
2025-11-16 15:58:11.901,450,15112.21
2025-11-16 15:58:11.901,451,16751.64
2025-11-16 15:58:11.901,452,15395.25
2025-11-16 15:58:11.901,453,16030.81
2025-11-16 15:58:11.901,454,14226.96
2025-11-16 15:58:11.901,455,16182.0
2025-11-16 15:58:11.901,456,14299.57
2025-11-16 15:58:11.901,457,15331.81
2025-11-16 15:58:11.901,458,16982.88
2025-11-16 15:58:11.901,459,15395.25
2025-11-16 15:58:11.901,460,15427.09
2025-11-16 15:58:11.901,461,15782.65
2025-11-16 15:58:11.901,462,15603.64
2025-11-16 15:58:11.901,463,16840.11
2025-11-16 15:58:11.901,464,36053.13
2025-11-16 15:58:11.901,465,15237.23
2025-11-16 15:58:11.901,466,16698.84
2025-11-16 15:58:11.901,467,15897.87
2025-11-16 15:58:11.901,468,15571.36
2025-11-16 15:58:11.901,469,15427.09
2025-11-16 15:58:11.901,470,18339.21
2025-11-16 15:58:11.901,471,23810.38
2025-11-16 15:58:11.901,472,48556.95
2025-11-16 15:58:11.901,473,21358.47
2025-11-16 15:58:11.901,474,14926.99
2025-11-16 15:58:11.901,475,14926.99
2025-11-16 15:58:11.901,476,27836.08
2025-11-16 15:58:11.901,477,55621.39
2025-11-16 15:58:11.901,478,24093.88
2025-11-16 15:58:11.901,479,24093.88
2025-11-16 15:58:11.901,480,14154.79
2025-11-16 15:58:11.901,481,14416.64
2025-11-16 15:58:11.901,482,13200.74
2025-11-16 15:58:11.901,483,13592.43
2025-11-16 15:58:11.901,484,13174.2
2025-11-16 15:58:11.901,485,13174.2
2025-11-16 15:58:11.901,486,13108.13
2025-11-16 15:58:11.901,487,13108.13
2025-11-16 15:58:11.901,488,13121.31
2025-11-16 15:58:11.901,489,13108.13
2025-11-16 15:58:11.901,490,13214.03
2025-11-16 15:58:11.901,491,13187.46
2025-11-16 15:58:11.901,492,13240.66
2025-11-16 15:58:11.901,493,13081.8
2025-11-16 15:58:11.901,494,14183.61
2025-11-16 15:58:11.901,495,13240.66
2025-11-16 15:58:11.901,496,15065.65
2025-11-16 15:58:11.901,497,14789.84
2025-11-16 15:58:11.901,498,14988.43
2025-11-16 15:58:11.901,499,16420.69
2025-11-16 15:58:11.901,500,15237.23
2025-11-16 15:58:11.901,501,15848.37
2025-11-16 15:58:11.901,502,14097.35
2025-11-16 15:58:11.901,503,16097.79
2025-11-16 15:58:11.901,504,14401.95
2025-11-16 15:58:11.901,505,15112.21
2025-11-16 15:58:11.901,506,16840.11
2025-11-16 15:58:11.901,507,15174.57
2025-11-16 15:58:11.901,508,15112.21
2025-11-16 15:58:11.901,509,15619.82
2025-11-16 15:58:11.901,510,15268.68
2025-11-16 15:58:11.901,511,16455.14
2025-11-16 15:58:11.901,512,35134.67
2025-11-16 15:58:11.901,513,14988.43
2025-11-16 15:58:11.901,514,16628.76
2025-11-16 15:58:11.901,515,15831.91
2025-11-16 15:58:11.901,516,15331.81
2025-11-16 15:58:11.901,517,15300.2
2025-11-16 15:58:11.901,518,17910.59
2025-11-16 15:58:11.901,519,23698.29
2025-11-16 15:58:11.901,520,47403.09
2025-11-16 15:58:11.901,521,21213.94
2025-11-16 15:58:11.901,522,14835.39
2025-11-16 15:58:11.901,523,14835.39
2025-11-16 15:58:11.901,524,26809.18
2025-11-16 15:58:11.901,525,54994.24
2025-11-16 15:58:11.901,526,23642.52
2025-11-16 15:58:11.901,527,23642.52
2025-11-16 15:58:11.901,528,14299.57
2025-11-16 15:58:11.901,529,14226.96
2025-11-16 15:58:11.901,530,13187.46
2025-11-16 15:58:11.901,531,13619.93
2025-11-16 15:58:11.901,532,13081.8
2025-11-16 15:58:11.901,533,13134.51
2025-11-16 15:58:11.901,534,13108.13
2025-11-16 15:58:11.901,535,13214.03
2025-11-16 15:58:11.901,536,13094.96
2025-11-16 15:58:11.901,537,13108.13
2025-11-16 15:58:11.901,538,13200.74
2025-11-16 15:58:11.901,539,13081.8
2025-11-16 15:58:11.901,540,13214.03
2025-11-16 15:58:11.901,541,13187.46
2025-11-16 15:58:11.901,542,14154.79
2025-11-16 15:58:11.901,543,13320.91
2025-11-16 15:58:11.901,544,15205.86
2025-11-16 15:58:11.901,545,14654.19
2025-11-16 15:58:11.901,546,14988.43
2025-11-16 15:58:11.901,547,16593.85
2025-11-16 15:58:11.901,548,15331.81
2025-11-16 15:58:11.901,549,15881.35
2025-11-16 15:58:11.901,550,14083.04
2025-11-16 15:58:11.901,551,16114.59
2025-11-16 15:58:11.901,552,14594.37
2025-11-16 15:58:11.901,553,15143.35
2025-11-16 15:58:11.901,554,16857.87
2025-11-16 15:58:11.901,555,15300.2
2025-11-16 15:58:11.901,556,15174.57
2025-11-16 15:58:11.901,557,15523.09
2025-11-16 15:58:11.901,558,15300.2
2025-11-16 15:58:11.901,559,16698.84
2025-11-16 15:58:11.901,560,35640.36
2025-11-16 15:58:11.901,561,15019.26
2025-11-16 15:58:11.901,562,16628.76
2025-11-16 15:58:11.901,563,15782.65
2025-11-16 15:58:11.901,564,15395.25
2025-11-16 15:58:11.901,565,15555.25
2025-11-16 15:58:11.901,566,18339.21
2025-11-16 15:58:11.901,567,24036.8
2025-11-16 15:58:11.901,568,48641.14
2025-11-16 15:58:11.901,569,21358.47
2025-11-16 15:58:11.901,570,14926.99
2025-11-16 15:58:11.901,571,14926.99
2025-11-16 15:58:11.901,572,27384.16
2025-11-16 15:58:11.901,573,55833.13
2025-11-16 15:58:11.901,574,24093.88
2025-11-16 15:58:11.901,575,24093.88
2025-11-16 15:58:11.901,576,14212.49
2025-11-16 15:58:11.901,577,14534.84
2025-11-16 15:58:11.901,578,13294.1
2025-11-16 15:58:11.901,579,13675.12
2025-11-16 15:58:11.901,580,13108.13
2025-11-16 15:58:11.901,581,13280.71
2025-11-16 15:58:11.901,582,13214.03
2025-11-16 15:58:11.901,583,13240.66
2025-11-16 15:58:11.901,584,13174.2
2025-11-16 15:58:11.901,585,13174.2
2025-11-16 15:58:11.901,586,13160.96
2025-11-16 15:58:11.901,587,13214.03
2025-11-16 15:58:11.901,588,13267.35
2025-11-16 15:58:11.901,589,13240.66
2025-11-16 15:58:11.901,590,14183.61
2025-11-16 15:58:11.901,591,13347.78
2025-11-16 15:58:11.901,592,15395.25
2025-11-16 15:58:11.901,593,14896.38
2025-11-16 15:58:11.901,594,15019.26
2025-11-16 15:58:11.901,595,16716.42
2025-11-16 15:58:11.901,596,15347.64
2025-11-16 15:58:11.901,597,15947.57
2025-11-16 15:58:11.901,598,13954.95
2025-11-16 15:58:11.901,599,16182.0
2025-11-16 15:58:11.901,600,14654.19
2025-11-16 15:58:11.901,601,15363.49
2025-11-16 15:58:11.901,602,17000.83
2025-11-16 15:58:11.901,603,15363.49
2025-11-16 15:58:11.901,604,15331.81
2025-11-16 15:58:11.901,605,15684.7
2025-11-16 15:58:11.901,606,15363.49
2025-11-16 15:58:11.901,607,16249.76
2025-11-16 15:58:11.901,608,35335.6
2025-11-16 15:58:11.901,609,15003.83
2025-11-16 15:58:11.901,610,16840.11
2025-11-16 15:58:11.901,611,15815.47
2025-11-16 15:58:11.901,612,15523.09
2025-11-16 15:58:11.901,613,15539.16
2025-11-16 15:58:11.901,614,18260.31
2025-11-16 15:58:11.901,615,23782.29
2025-11-16 15:58:11.901,616,48389.29
2025-11-16 15:58:11.901,617,21406.95
2025-11-16 15:58:11.901,618,14865.85
2025-11-16 15:58:11.901,619,14865.85
2025-11-16 15:58:11.901,620,27349.84
2025-11-16 15:58:11.901,621,56260.74
2025-11-16 15:58:11.901,622,24324.12
2025-11-16 15:58:11.901,623,24324.12
2025-11-16 15:58:11.901,624,14357.96
2025-11-16 15:58:11.901,625,14357.96
2025-11-16 15:58:11.901,626,13320.91
2025-11-16 15:58:11.901,627,13688.95
2025-11-16 15:58:11.901,628,13160.96
2025-11-16 15:58:11.901,629,13320.91
2025-11-16 15:58:11.901,630,13200.74
2025-11-16 15:58:11.901,631,13214.03
2025-11-16 15:58:11.901,632,13214.03
2025-11-16 15:58:11.901,633,13187.46
2025-11-16 15:58:11.901,634,13240.66
2025-11-16 15:58:11.901,635,13267.35
2025-11-16 15:58:11.901,636,13320.91
2025-11-16 15:58:11.901,637,13240.66
2025-11-16 15:58:11.901,638,14198.04
2025-11-16 15:58:11.901,639,13401.71
2025-11-16 15:58:11.901,640,15268.68
2025-11-16 15:58:11.901,641,14881.11
2025-11-16 15:58:11.901,642,14865.85
2025-11-16 15:58:11.901,643,16663.75
2025-11-16 15:58:11.901,644,15268.68
2025-11-16 15:58:11.901,645,15881.35
2025-11-16 15:58:11.901,646,14154.79
2025-11-16 15:58:11.901,647,16182.0
2025-11-16 15:58:11.901,648,14594.37
2025-11-16 15:58:11.901,649,15347.64
2025-11-16 15:58:11.901,650,16911.3
2025-11-16 15:58:11.901,651,15315.99
2025-11-16 15:58:11.901,652,15347.64
2025-11-16 15:58:11.901,653,15684.7
2025-11-16 15:58:11.901,654,15315.99
2025-11-16 15:58:11.901,655,16352.05
2025-11-16 15:58:11.901,656,35234.91
2025-11-16 15:58:11.901,657,15081.15
2025-11-16 15:58:11.901,658,16628.76
2025-11-16 15:58:11.901,659,15815.47
2025-11-16 15:58:11.901,660,15363.49
2025-11-16 15:58:11.901,661,15411.16
2025-11-16 15:58:11.901,662,18142.77
2025-11-16 15:58:11.901,663,23923.21
2025-11-16 15:58:11.901,664,47646.51
2025-11-16 15:58:11.901,665,21334.29
2025-11-16 15:58:11.901,666,14835.39
2025-11-16 15:58:11.901,667,14835.39
2025-11-16 15:58:11.901,668,27010.09
2025-11-16 15:58:11.901,669,54787.84
2025-11-16 15:58:11.901,670,23698.29
2025-11-16 15:58:11.901,671,23698.29
2025-11-16 15:58:11.901,672,14068.74
2025-11-16 15:58:11.901,673,14270.47
2025-11-16 15:58:11.901,674,13187.46
2025-11-16 15:58:11.901,675,13428.77
2025-11-16 15:58:11.901,676,13055.53
2025-11-16 15:58:11.901,677,13267.35
2025-11-16 15:58:11.901,678,13187.46
2025-11-16 15:58:11.901,679,13254.0
2025-11-16 15:58:11.901,680,13094.96
2025-11-16 15:58:11.901,681,13187.46
2025-11-16 15:58:11.901,682,13134.51
2025-11-16 15:58:11.901,683,13240.66
2025-11-16 15:58:11.901,684,13294.1
2025-11-16 15:58:11.901,685,13214.03
2025-11-16 15:58:11.901,686,14154.79
2025-11-16 15:58:11.901,687,13320.91
2025-11-16 15:58:11.901,688,15174.57
2025-11-16 15:58:11.901,689,14820.19
2025-11-16 15:58:11.901,690,15050.17
2025-11-16 15:58:11.901,691,16455.14
2025-11-16 15:58:11.901,692,15331.81
2025-11-16 15:58:11.901,693,15914.42
2025-11-16 15:58:11.901,694,14154.79
2025-11-16 15:58:11.901,695,16182.0
2025-11-16 15:58:11.901,696,14594.37
2025-11-16 15:58:11.901,697,15315.99
2025-11-16 15:58:11.901,698,16911.3
2025-11-16 15:58:11.901,699,15363.49
2025-11-16 15:58:11.901,700,15268.68
2025-11-16 15:58:11.901,701,15652.22
2025-11-16 15:58:11.901,702,15395.25
2025-11-16 15:58:11.901,703,16663.75
2025-11-16 15:58:11.901,704,35234.91
2025-11-16 15:58:11.901,705,15081.15
2025-11-16 15:58:11.901,706,16663.75
2025-11-16 15:58:11.901,707,15848.37
2025-11-16 15:58:11.901,708,15491.01
2025-11-16 15:58:11.901,709,15555.25
2025-11-16 15:58:11.901,710,18221.02
2025-11-16 15:58:11.901,711,23923.21
2025-11-16 15:58:11.901,712,48473.0
2025-11-16 15:58:11.901,713,21504.34
2025-11-16 15:58:11.901,714,15019.26
2025-11-16 15:58:11.901,715,15019.26
2025-11-16 15:58:11.901,716,27626.15
2025-11-16 15:58:11.901,717,54994.24
2025-11-16 15:58:11.901,718,24208.61
2025-11-16 15:58:11.901,719,24208.61
2025-11-16 15:58:11.901,720,14183.61
2025-11-16 15:58:11.901,721,14387.27
2025-11-16 15:58:11.901,722,13388.2
2025-11-16 15:58:11.901,723,13702.81
2025-11-16 15:58:11.901,724,13081.8
2025-11-16 15:58:11.901,725,13320.91
2025-11-16 15:58:11.901,726,13294.1
2025-11-16 15:58:11.901,727,13415.23
2025-11-16 15:58:11.901,728,13401.71
2025-11-16 15:58:11.901,729,13294.1
2025-11-16 15:58:11.901,730,13029.33
2025-11-16 15:58:11.901,731,13347.78
2025-11-16 15:58:11.901,732,13401.71
2025-11-16 15:58:11.901,733,13401.71
2025-11-16 15:58:11.901,734,14416.64
2025-11-16 15:58:11.901,735,13496.68
2025-11-16 15:58:11.901,736,15363.49
2025-11-16 15:58:11.901,737,14926.99
2025-11-16 15:58:11.901,738,15143.35
2025-11-16 15:58:11.901,739,16734.02
2025-11-16 15:58:11.901,740,15427.09
2025-11-16 15:58:11.901,741,16148.25
2025-11-16 15:58:11.901,742,14343.34
2025-11-16 15:58:11.901,743,16386.33
2025-11-16 15:58:11.901,744,14805.01
2025-11-16 15:58:11.901,745,15652.22
2025-11-16 15:58:11.901,746,16982.88
2025-11-16 15:58:11.901,747,15587.49
2025-11-16 15:58:11.901,748,15363.49
2025-11-16 15:58:11.901,749,16014.12
2025-11-16 15:58:11.901,750,15619.82
2025-11-16 15:58:11.901,751,16769.29
2025-11-16 15:58:11.901,752,36001.13
2025-11-16 15:58:11.901,753,15363.49
2025-11-16 15:58:11.901,754,17018.8
2025-11-16 15:58:11.901,755,16182.0
2025-11-16 15:58:11.901,756,15749.92
2025-11-16 15:58:11.901,757,15782.65
2025-11-16 15:58:11.901,758,18458.39
2025-11-16 15:58:11.901,759,24208.61
2025-11-16 15:58:11.901,760,50918.22
2025-11-16 15:58:11.901,761,21700.95
2025-11-16 15:58:11.901,762,15143.35
2025-11-16 15:58:11.901,763,15143.35
2025-11-16 15:58:11.901,764,28119.63
2025-11-16 15:58:11.901,765,56260.74
2025-11-16 15:58:11.901,766,24498.84
2025-11-16 15:58:11.901,767,24498.84
2025-11-16 15:58:11.901,768,14654.19
2025-11-16 15:58:11.901,769,14835.39
2025-11-16 15:58:11.901,770,13496.68
2025-11-16 15:58:11.901,771,13898.46
2025-11-16 15:58:11.901,772,13294.1
2025-11-16 15:58:11.901,773,13510.31
2025-11-16 15:58:11.901,774,13496.68
2025-11-16 15:58:11.901,775,13592.43
2025-11-16 15:58:11.901,776,13619.93
2025-11-16 15:58:11.901,777,13483.07
2025-11-16 15:58:11.901,778,13647.49
2025-11-16 15:58:11.901,779,13592.43
2025-11-16 15:58:11.901,780,13675.12
2025-11-16 15:58:11.901,781,13510.31
2025-11-16 15:58:11.901,782,14624.25
2025-11-16 15:58:11.901,783,13702.81
2025-11-16 15:58:11.901,784,15587.49
2025-11-16 15:58:11.901,785,15143.35
2025-11-16 15:58:11.901,786,15331.81
2025-11-16 15:58:11.901,787,16982.88
2025-11-16 15:58:11.901,788,15555.25
2025-11-16 15:58:11.901,789,16215.84
2025-11-16 15:58:11.901,790,14564.57
2025-11-16 15:58:11.901,791,16593.85
2025-11-16 15:58:11.901,792,14835.39
2025-11-16 15:58:11.901,793,15555.25
2025-11-16 15:58:11.901,794,17236.39
2025-11-16 15:58:11.901,795,15555.25
2025-11-16 15:58:11.901,796,15523.09
2025-11-16 15:58:11.901,797,16014.12
2025-11-16 15:58:11.901,798,15684.7
2025-11-16 15:58:11.901,799,16911.3
2025-11-16 15:58:11.901,800,35845.82
2025-11-16 15:58:11.901,801,15363.49
2025-11-16 15:58:11.901,802,16964.95
2025-11-16 15:58:11.901,803,16182.0
2025-11-16 15:58:11.901,804,15749.92
2025-11-16 15:58:11.901,805,15749.92
2025-11-16 15:58:11.901,806,18498.34
2025-11-16 15:58:11.901,807,24324.12
2025-11-16 15:58:11.901,808,50377.22
2025-11-16 15:58:11.901,809,21925.08
2025-11-16 15:58:11.901,810,15331.81
2025-11-16 15:58:11.901,811,15331.81
2025-11-16 15:58:11.901,812,27871.29
2025-11-16 15:58:11.901,813,56476.62
2025-11-16 15:58:11.901,814,24557.47
2025-11-16 15:58:11.901,815,24557.47
2025-11-16 15:58:11.901,816,14594.37
2025-11-16 15:58:11.901,817,14684.21
2025-11-16 15:58:11.901,818,13374.71
2025-11-16 15:58:11.901,819,13606.17
2025-11-16 15:58:11.901,820,13320.91
2025-11-16 15:58:11.901,821,13428.77
2025-11-16 15:58:11.901,822,13401.71
2025-11-16 15:58:11.901,823,13374.71
2025-11-16 15:58:11.901,824,13442.32
2025-11-16 15:58:11.901,825,13280.71
2025-11-16 15:58:11.901,826,13455.89
2025-11-16 15:58:11.901,827,13280.71
2025-11-16 15:58:11.901,828,13483.07
2025-11-16 15:58:11.901,829,13374.71
2025-11-16 15:58:11.901,830,14328.73
2025-11-16 15:58:11.901,831,13592.43
2025-11-16 15:58:11.901,832,15395.25
2025-11-16 15:58:11.901,833,14881.11
2025-11-16 15:58:11.901,834,15127.77
2025-11-16 15:58:11.901,835,16769.29
2025-11-16 15:58:11.901,836,15395.25
2025-11-16 15:58:11.901,837,15782.65
2025-11-16 15:58:11.901,838,14212.49
2025-11-16 15:58:11.901,839,16352.05
2025-11-16 15:58:11.901,840,14865.85
2025-11-16 15:58:11.901,841,15507.04
2025-11-16 15:58:11.901,842,17163.47
2025-11-16 15:58:11.901,843,15619.82
2025-11-16 15:58:11.901,844,15491.01
2025-11-16 15:58:11.901,845,16014.12
2025-11-16 15:58:11.901,846,15652.22
2025-11-16 15:58:11.901,847,16911.3
2025-11-16 15:58:11.901,848,35640.36
2025-11-16 15:58:11.901,849,15491.01
2025-11-16 15:58:11.901,850,16982.88
2025-11-16 15:58:11.901,851,16182.0
2025-11-16 15:58:11.901,852,15555.25
2025-11-16 15:58:11.901,853,15652.22
2025-11-16 15:58:11.901,854,18418.55
2025-11-16 15:58:11.901,855,24382.16
2025-11-16 15:58:11.901,856,49151.41
2025-11-16 15:58:11.901,857,21700.95
2025-11-16 15:58:11.901,858,15268.68
2025-11-16 15:58:11.901,859,15268.68
2025-11-16 15:58:11.901,860,27800.93
2025-11-16 15:58:11.901,861,56693.92
2025-11-16 15:58:11.901,862,24382.16
2025-11-16 15:58:11.901,863,24382.16
2025-11-16 15:58:11.901,864,14684.21
2025-11-16 15:58:11.901,865,14774.7
2025-11-16 15:58:11.901,866,13647.49
2025-11-16 15:58:11.901,867,14054.46
2025-11-16 15:58:11.901,868,13510.31
2025-11-16 15:58:11.901,869,13633.7
2025-11-16 15:58:11.901,870,13510.31
2025-11-16 15:58:11.901,871,13661.29
2025-11-16 15:58:11.901,872,13702.81
2025-11-16 15:58:11.901,873,13496.68
2025-11-16 15:58:11.901,874,13647.49
2025-11-16 15:58:11.901,875,13647.49
2025-11-16 15:58:11.901,876,13730.56
2025-11-16 15:58:11.901,877,13619.93
2025-11-16 15:58:11.901,878,14594.37
2025-11-16 15:58:11.901,879,13661.29
2025-11-16 15:58:11.901,880,15619.82
2025-11-16 15:58:11.901,881,15143.35
2025-11-16 15:58:11.901,882,15363.49
2025-11-16 15:58:11.901,883,16982.88
2025-11-16 15:58:11.901,884,15347.64
2025-11-16 15:58:11.901,885,16182.0
2025-11-16 15:58:11.901,886,14609.3
2025-11-16 15:58:11.901,887,16249.76
2025-11-16 15:58:11.901,888,14865.85
2025-11-16 15:58:11.901,889,15571.36
2025-11-16 15:58:11.901,890,17199.88
2025-11-16 15:58:11.901,891,15749.92
2025-11-16 15:58:11.901,892,15766.28
2025-11-16 15:58:11.901,893,16148.25
2025-11-16 15:58:11.901,894,15881.35
2025-11-16 15:58:11.901,895,17163.47
2025-11-16 15:58:11.901,896,36579.68
2025-11-16 15:58:11.901,897,15523.09
2025-11-16 15:58:11.901,898,17163.47
2025-11-16 15:58:11.901,899,16369.18
2025-11-16 15:58:11.901,900,16014.12
2025-11-16 15:58:11.901,901,16014.12
2025-11-16 15:58:11.901,902,18740.4
2025-11-16 15:58:11.901,903,24557.47
2025-11-16 15:58:11.901,904,50377.22
2025-11-16 15:58:11.901,905,22101.59
2025-11-16 15:58:11.901,906,15395.25
2025-11-16 15:58:11.901,907,15395.25
2025-11-16 15:58:11.901,908,28263.01
2025-11-16 15:58:11.901,909,56912.64
2025-11-16 15:58:11.901,910,25154.93
2025-11-16 15:58:11.901,911,25154.93
2025-11-16 15:58:11.901,912,15603.64
2025-11-16 15:58:11.901,913,15749.92
2025-11-16 15:58:11.901,914,14431.36
2025-11-16 15:58:11.901,915,14820.19
2025-11-16 15:58:11.901,916,14270.47
2025-11-16 15:58:11.901,917,14343.34
2025-11-16 15:58:11.901,918,14299.57
2025-11-16 15:58:11.901,919,14357.96
2025-11-16 15:58:11.901,920,14357.96
2025-11-16 15:58:11.901,921,14299.57
2025-11-16 15:58:11.901,922,14372.61
2025-11-16 15:58:11.901,923,14285.01
2025-11-16 15:58:11.901,924,14416.64
2025-11-16 15:58:11.901,925,14387.27
2025-11-16 15:58:11.901,926,15395.25
2025-11-16 15:58:11.901,927,14549.7
2025-11-16 15:58:11.901,928,16369.18
2025-11-16 15:58:11.901,929,15914.42
2025-11-16 15:58:11.901,930,16148.25
2025-11-16 15:58:11.901,931,17834.04
2025-11-16 15:58:11.901,932,16352.05
2025-11-16 15:58:11.901,933,17127.16
2025-11-16 15:58:11.901,934,15143.35
2025-11-16 15:58:11.901,935,16947.04
2025-11-16 15:58:11.901,936,15619.82
2025-11-16 15:58:11.901,937,16386.33
2025-11-16 15:58:11.901,938,18162.29
2025-11-16 15:58:11.901,939,16352.05
2025-11-16 15:58:11.901,940,16403.5
2025-11-16 15:58:11.901,941,16857.87
2025-11-16 15:58:11.901,942,16489.69
2025-11-16 15:58:11.901,943,17949.02
2025-11-16 15:58:11.901,944,37337.34
2025-11-16 15:58:11.901,945,16182.0
2025-11-16 15:58:11.901,946,17531.99
2025-11-16 15:58:11.901,947,16929.16
2025-11-16 15:58:11.901,948,16681.28
2025-11-16 15:58:11.901,949,16663.75
2025-11-16 15:58:11.901,950,19406.36
2025-11-16 15:58:11.901,951,25523.39
2025-11-16 15:58:11.901,952,52029.78
2025-11-16 15:58:11.901,953,22987.37
2025-11-16 15:58:11.901,954,16131.41
2025-11-16 15:58:11.901,955,16131.41
2025-11-16 15:58:11.901,956,28996.3
2025-11-16 15:58:11.901,957,58715.34
2025-11-16 15:58:11.901,958,25773.33
2025-11-16 15:58:11.901,959,25773.33
2025-11-16 15:58:11.901,960,29992.53
2025-11-16 15:58:11.901,961,30150.32
2025-11-16 15:58:11.901,962,28263.01
2025-11-16 15:58:11.901,963,28996.3
2025-11-16 15:58:11.901,964,27977.33
2025-11-16 15:58:11.901,965,27977.33
2025-11-16 15:58:11.901,966,27977.33
2025-11-16 15:58:11.901,967,27941.91
2025-11-16 15:58:11.901,968,27836.08
2025-11-16 15:58:11.901,969,27977.33
2025-11-16 15:58:11.901,970,27906.57
2025-11-16 15:58:11.901,971,27556.69
2025-11-16 15:58:11.901,972,27765.84
2025-11-16 15:58:11.901,973,28119.63
2025-11-16 15:58:11.901,974,28921.71
2025-11-16 15:58:11.901,975,27977.33
2025-11-16 15:58:11.901,976,30071.27
2025-11-16 15:58:11.901,977,29411.68
2025-11-16 15:58:11.901,978,27281.39
2025-11-16 15:58:11.901,979,30389.34
2025-11-16 15:58:11.901,980,28480.09
2025-11-16 15:58:11.901,981,29146.33
2025-11-16 15:58:11.901,982,28407.46
2025-11-16 15:58:11.901,983,29184.02
2025-11-16 15:58:11.901,984,27213.2
2025-11-16 15:58:11.901,985,28921.71
2025-11-16 15:58:11.901,986,29449.88
2025-11-16 15:58:11.901,987,24208.61
2025-11-16 15:58:11.901,988,30071.27
2025-11-16 15:58:11.901,989,29526.5
2025-11-16 15:58:11.901,990,30794.08
2025-11-16 15:58:11.901,991,33449.47
2025-11-16 15:58:11.901,992,61358.41
2025-11-16 15:58:11.901,993,29297.52
2025-11-16 15:58:11.901,994,30917.09
2025-11-16 15:58:11.901,995,28699.64
2025-11-16 15:58:11.901,996,30917.09
2025-11-16 15:58:11.901,997,30429.46
2025-11-16 15:58:11.901,998,34640.03
2025-11-16 15:58:11.901,999,42320.58
2025-11-16 15:58:11.901,1000,85352.86
2025-11-16 15:58:11.901,1001,39887.21
2025-11-16 15:58:11.901,1002,29146.33
2025-11-16 15:58:11.901,1003,29146.33
2025-11-16 15:58:11.901,1004,49933.65
2025-11-16 15:58:11.901,1005,93571.2
2025-11-16 15:58:11.901,1006,44928.77
2025-11-16 15:58:11.901,1007,44928.77
2025-11-16 15:58:11.901,1008,54582.74
2025-11-16 15:58:11.901,1009,54787.84
2025-11-16 15:58:11.901,1010,52124.24
2025-11-16 15:58:11.901,1011,52987.48
2025-11-16 15:58:11.901,1012,52600.88
2025-11-16 15:58:11.901,1013,52987.48
2025-11-16 15:58:11.901,1014,52697.09
2025-11-16 15:58:11.901,1015,52890.38
2025-11-16 15:58:11.901,1016,52987.48
2025-11-16 15:58:11.901,1017,52409.35
2025-11-16 15:58:11.901,1018,52600.88
2025-11-16 15:58:11.901,1019,52600.88
2025-11-16 15:58:11.901,1020,53182.58
2025-11-16 15:58:11.901,1021,51561.75
2025-11-16 15:58:11.901,1022,54378.94
2025-11-16 15:58:11.901,1023,52029.78
2025-11-16 15:58:11.901,1024,55833.13
2025-11-16 15:58:11.901,1025,54994.24
2025-11-16 15:58:11.901,1026,48139.58
2025-11-16 15:58:11.901,1027,53477.48
2025-11-16 15:58:11.901,1028,45754.95
2025-11-16 15:58:11.901,1029,47322.41
2025-11-16 15:58:11.901,1030,52124.24
2025-11-16 15:58:11.901,1031,43277.87
2025-11-16 15:58:11.901,1032,49583.45
2025-11-16 15:58:11.901,1033,52793.59
2025-11-16 15:58:11.901,1034,52600.88
2025-11-16 15:58:11.901,1035,49496.55
2025-11-16 15:58:11.901,1036,54176.42
2025-11-16 15:58:11.901,1037,52890.38
2025-11-16 15:58:11.901,1038,56046.25
2025-11-16 15:58:11.901,1039,62242.49
2025-11-16 15:58:11.901,1040,104608.9
2025-11-16 15:58:11.901,1041,56260.74
2025-11-16 15:58:11.901,1042,53182.58
2025-11-16 15:58:11.901,1043,52029.78
2025-11-16 15:58:11.901,1044,56046.25
2025-11-16 15:58:11.901,1045,53378.87
2025-11-16 15:58:11.901,1046,63411.8
2025-11-16 15:58:11.901,1047,57577.48
2025-11-16 15:58:11.901,1048,142142.66
2025-11-16 15:58:11.901,1049,72622.48
2025-11-16 15:58:11.901,1050,53378.87
2025-11-16 15:58:11.901,1051,53378.87
2025-11-16 15:58:11.901,1052,85800.06
2025-11-16 15:58:11.901,1053,164172.88
2025-11-16 15:58:11.901,1054,74678.3
2025-11-16 15:58:11.901,1055,74678.3
2025-11-16 15:58:11.901,1056,45754.95
2025-11-16 15:58:11.901,1057,45754.95
2025-11-16 15:58:11.901,1058,43698.91
2025-11-16 15:58:11.901,1059,43557.83
2025-11-16 15:58:11.901,1060,42726.61
2025-11-16 15:58:11.901,1061,42726.61
2025-11-16 15:58:11.901,1062,42658.5
2025-11-16 15:58:11.901,1063,43557.83
2025-11-16 15:58:11.901,1064,42186.62
2025-11-16 15:58:11.901,1065,41986.96
2025-11-16 15:58:11.901,1066,42387.82
2025-11-16 15:58:11.901,1067,42320.58
2025-11-16 15:58:11.901,1068,42726.61
2025-11-16 15:58:11.901,1069,42455.23
2025-11-16 15:58:11.901,1070,43557.83
2025-11-16 15:58:11.901,1071,42387.82
2025-11-16 15:58:11.901,1072,45002.86
2025-11-16 15:58:11.901,1073,44488.33
2025-11-16 15:58:11.901,1074,38636.91
2025-11-16 15:58:11.901,1075,45602.89
2025-11-16 15:58:11.901,1076,32014.92
2025-11-16 15:58:11.901,1077,32720.19
2025-11-16 15:58:11.901,1078,41920.75
2025-11-16 15:58:11.901,1079,39165.01
2025-11-16 15:58:11.901,1080,32189.05
2025-11-16 15:58:11.901,1081,38811.68
2025-11-16 15:58:11.901,1082,38463.37
2025-11-16 15:58:11.901,1083,35845.82
2025-11-16 15:58:11.901,1084,41267.73
2025-11-16 15:58:11.901,1085,42455.23
2025-11-16 15:58:11.901,1086,44488.33
2025-11-16 15:58:11.901,1087,49496.55
2025-11-16 15:58:11.901,1088,84909.8
2025-11-16 15:58:11.901,1089,42658.5
2025-11-16 15:58:11.901,1090,44343.09
2025-11-16 15:58:11.901,1091,42522.82
2025-11-16 15:58:11.901,1092,43698.91
2025-11-16 15:58:11.901,1093,42455.23
2025-11-16 15:58:11.901,1094,48641.14
2025-11-16 15:58:11.901,1095,54378.94
2025-11-16 15:58:11.901,1096,120737.61
2025-11-16 15:58:11.901,1097,57465.76
2025-11-16 15:58:11.901,1098,41657.55
2025-11-16 15:58:11.901,1099,41657.55
2025-11-16 15:58:11.901,1100,68192.39
2025-11-16 15:58:11.901,1101,132592.78
2025-11-16 15:58:11.901,1102,61860.94
2025-11-16 15:58:11.901,1103,61860.94
2025-11-16 15:58:11.901,1104,54994.24
2025-11-16 15:58:11.901,1105,54378.94
2025-11-16 15:58:11.901,1106,52890.38
2025-11-16 15:58:11.901,1107,54176.42
2025-11-16 15:58:11.901,1108,52409.35
2025-11-16 15:58:11.901,1109,53182.58
2025-11-16 15:58:11.901,1110,52409.35
2025-11-16 15:58:11.901,1111,52793.59
2025-11-16 15:58:11.901,1112,52793.59
2025-11-16 15:58:11.901,1113,52600.88
2025-11-16 15:58:11.901,1114,52793.59
2025-11-16 15:58:11.901,1115,50556.48
2025-11-16 15:58:11.901,1116,51561.75
2025-11-16 15:58:11.901,1117,52504.97
2025-11-16 15:58:11.901,1118,52218.99
2025-11-16 15:58:11.901,1119,51284.3
2025-11-16 15:58:11.901,1120,53084.88
2025-11-16 15:58:11.901,1121,52987.48
2025-11-16 15:58:11.901,1122,47161.71
2025-11-16 15:58:11.901,1123,53084.88
2025-11-16 15:58:11.901,1124,50199.01
2025-11-16 15:58:11.901,1125,51100.71
2025-11-16 15:58:11.901,1126,52600.88
2025-11-16 15:58:11.901,1127,50466.71
2025-11-16 15:58:11.901,1128,44854.87
2025-11-16 15:58:11.901,1129,51100.71
2025-11-16 15:58:11.901,1130,48139.58
2025-11-16 15:58:11.901,1131,47403.09
2025-11-16 15:58:11.901,1132,48139.58
2025-11-16 15:58:11.901,1133,47484.0
2025-11-16 15:58:11.901,1134,51376.5
2025-11-16 15:58:11.901,1135,59181.26
2025-11-16 15:58:11.901,1136,97381.57
2025-11-16 15:58:11.901,1137,50556.48
2025-11-16 15:58:11.901,1138,49151.41
2025-11-16 15:58:11.901,1139,48389.29
2025-11-16 15:58:11.901,1140,51468.98
2025-11-16 15:58:11.901,1141,50556.48
2025-11-16 15:58:11.901,1142,56693.92
2025-11-16 15:58:11.901,1143,67012.48
2025-11-16 15:58:11.901,1144,139911.63
2025-11-16 15:58:11.901,1145,70663.95
2025-11-16 15:58:11.901,1146,49845.72
2025-11-16 15:58:11.901,1147,49845.72
2025-11-16 15:58:11.901,1148,85130.81
2025-11-16 15:58:11.901,1149,155036.28
2025-11-16 15:58:11.901,1150,74678.3
2025-11-16 15:58:11.901,1151,74678.3
2025-11-16 15:58:11.901,1152,101482.63
2025-11-16 15:58:11.901,1153,97948.88
2025-11-16 15:58:11.901,1154,93309.35
2025-11-16 15:58:11.901,1155,88573.8
2025-11-16 15:58:11.901,1156,90021.7
2025-11-16 15:58:11.901,1157,93309.35
2025-11-16 15:58:11.901,1158,94098.91
2025-11-16 15:58:11.901,1159,94098.91
2025-11-16 15:58:11.901,1160,94098.91
2025-11-16 15:58:11.901,1161,90513.82
2025-11-16 15:58:11.901,1162,96541.67
2025-11-16 15:58:11.901,1163,96820.16
2025-11-16 15:58:11.901,1164,94900.64
2025-11-16 15:58:11.901,1165,92019.64
2025-11-16 15:58:11.901,1166,93048.8
2025-11-16 15:58:11.901,1167,94098.91
2025-11-16 15:58:11.901,1168,96820.16
2025-11-16 15:58:11.901,1169,94364.8
2025-11-16 15:58:11.901,1170,93048.8
2025-11-16 15:58:11.901,1171,103969.71
2025-11-16 15:58:11.901,1172,98522.22
2025-11-16 15:58:11.901,1173,98522.22
2025-11-16 15:58:11.901,1174,95170.63
2025-11-16 15:58:11.901,1175,97100.13
2025-11-16 15:58:11.901,1176,91010.8
2025-11-16 15:58:11.901,1177,97948.88
2025-11-16 15:58:11.901,1178,96820.16
2025-11-16 15:58:11.901,1179,96820.16
2025-11-16 15:58:11.901,1180,85800.06
2025-11-16 15:58:11.901,1181,94098.91
2025-11-16 15:58:11.901,1182,88573.8
2025-11-16 15:58:11.901,1183,105255.28
2025-11-16 15:58:11.901,1184,162702.02
2025-11-16 15:58:11.901,1185,84909.8
2025-11-16 15:58:11.901,1186,82965.91
2025-11-16 15:58:11.901,1187,85800.06
2025-11-16 15:58:11.901,1188,83604.98
2025-11-16 15:58:11.901,1189,81508.11
2025-11-16 15:58:11.901,1190,89534.38
2025-11-16 15:58:11.901,1191,108944.77
2025-11-16 15:58:11.901,1192,249115.52
2025-11-16 15:58:11.901,1193,134100.34
2025-11-16 15:58:11.901,1194,81919.95
2025-11-16 15:58:11.901,1195,81919.95
2025-11-16 15:58:11.901,1196,155704.97
2025-11-16 15:58:11.901,1197,286686.59
2025-11-16 15:58:11.901,1198,142142.66
2025-11-16 15:58:11.901,1199,142142.66
2025-11-16 15:58:11.901,1200,942433.13
2025-11-16 15:58:11.901,1201,942433.13
2025-11-16 15:58:11.901,1202,942433.13
2025-11-16 15:58:11.901,1203,942433.13
2025-11-16 15:58:11.901,1204,942433.13
2025-11-16 15:58:11.901,1205,942433.13
2025-11-16 15:58:11.901,1206,942433.13
2025-11-16 15:58:11.901,1207,942433.13
2025-11-16 15:58:11.901,1208,942433.13
2025-11-16 15:58:11.901,1209,942433.13
2025-11-16 15:58:11.901,1210,942433.13
2025-11-16 15:58:11.901,1211,942433.13
2025-11-16 15:58:11.901,1212,942433.13
2025-11-16 15:58:11.901,1213,942433.13
2025-11-16 15:58:11.901,1214,942433.13
2025-11-16 15:58:11.901,1215,942433.13
2025-11-16 15:58:11.901,1216,942433.13
2025-11-16 15:58:11.901,1217,942433.13
2025-11-16 15:58:11.901,1218,942433.13
2025-11-16 15:58:11.901,1219,942433.13
2025-11-16 15:58:11.901,1220,942433.13
2025-11-16 15:58:11.901,1221,942433.13
2025-11-16 15:58:11.901,1222,861364.44
2025-11-16 15:58:11.901,1223,861364.44
2025-11-16 15:58:11.901,1224,988899.38
2025-11-16 15:58:11.901,1225,920784.13
2025-11-16 15:58:11.901,1226,988899.38
2025-11-16 15:58:11.901,1227,988899.38
2025-11-16 15:58:11.901,1228,900097.25
2025-11-16 15:58:11.901,1229,880309.75
2025-11-16 15:58:11.901,1230,920784.13
2025-11-16 15:58:11.901,1231,793012.25
2025-11-16 15:58:11.901,1232,793012.25
2025-11-16 15:58:11.901,1233,793012.25
2025-11-16 15:58:11.901,1234,793012.25
2025-11-16 15:58:11.901,1235,793012.25
2025-11-16 15:58:11.901,1236,793012.25
2025-11-16 15:58:11.901,1237,793012.25
2025-11-16 15:58:11.901,1238,942433.13
2025-11-16 15:58:11.901,1239,177764.91
2025-11-16 15:58:11.901,1240,177764.91
2025-11-16 15:58:11.901,1241,177764.91
2025-11-16 15:58:11.901,1242,177764.91
2025-11-16 15:58:11.901,1243,177764.91
2025-11-16 15:58:11.901,1244,177764.91
2025-11-16 15:58:11.901,1245,177764.91
2025-11-16 15:58:11.901,1246,177764.91
2025-11-16 15:58:11.901,1247,177764.91
2025-11-16 15:58:11.901,1248,177764.91
2025-11-16 15:58:11.901,1249,176056.81
2025-11-16 15:58:11.901,1250,175214.38
2025-11-16 15:58:11.901,1251,165668.98
2025-11-16 15:58:11.901,1252,164172.88
2025-11-16 15:58:11.901,1253,173552.13
2025-11-16 15:58:11.901,1254,170315.53
2025-11-16 15:58:11.901,1255,170315.53
2025-11-16 15:58:11.901,1256,178630.77
2025-11-16 15:58:11.901,1257,162702.02
2025-11-16 15:58:11.901,1258,170315.53
2025-11-16 15:58:11.901,1259,176906.95
2025-11-16 15:58:11.901,1260,166426.73
2025-11-16 15:58:11.901,1261,165668.98
2025-11-16 15:58:11.901,1262,169524.13
2025-11-16 15:58:11.901,1263,164172.88
2025-11-16 15:58:11.901,1264,176056.81
2025-11-16 15:58:11.901,1265,167961.95
2025-11-16 15:58:11.901,1266,164917.73
2025-11-16 15:58:11.901,1267,167191.02
2025-11-16 15:58:11.901,1268,161255.75
2025-11-16 15:58:11.901,1269,156379.06
2025-11-16 15:58:11.901,1270,152414.69
2025-11-16 15:58:11.901,1271,155704.97
2025-11-16 15:58:11.901,1272,157058.67
2025-11-16 15:58:11.901,1273,167961.95
2025-11-16 15:58:11.901,1274,157743.84
2025-11-16 15:58:11.901,1275,165668.98
2025-11-16 15:58:11.901,1276,162702.02
2025-11-16 15:58:11.901,1277,175214.38
2025-11-16 15:58:11.901,1278,164172.88
2025-11-16 15:58:11.901,1279,177764.91
2025-11-16 15:58:11.901,1280,257587.41
2025-11-16 15:58:11.901,1281,170315.53
2025-11-16 15:58:11.901,1282,171919.44
2025-11-16 15:58:11.901,1283,173552.13
2025-11-16 15:58:11.901,1284,159131.2
2025-11-16 15:58:11.901,1285,162702.02
2025-11-16 15:58:11.901,1286,176906.95
2025-11-16 15:58:11.901,1287,216173.34
2025-11-16 15:58:11.901,1288,369134.25
2025-11-16 15:58:11.901,1289,223932.14
2025-11-16 15:58:11.901,1290,174379.52
2025-11-16 15:58:11.901,1291,174379.52
2025-11-16 15:58:11.901,1292,241163.34
2025-11-16 15:58:11.901,1293,439984.91
2025-11-16 15:58:11.901,1294,223932.14
2025-11-16 15:58:11.901,1295,223932.14
2025-11-16 15:58:11.901,1296,52409.35
2025-11-16 15:58:11.901,1297,51284.3
2025-11-16 15:58:11.901,1298,51009.33
2025-11-16 15:58:11.901,1299,50021.84
2025-11-16 15:58:11.901,1300,50021.84
2025-11-16 15:58:11.901,1301,50199.01
2025-11-16 15:58:11.901,1302,50556.48
2025-11-16 15:58:11.901,1303,50199.01
2025-11-16 15:58:11.901,1304,51009.33
2025-11-16 15:58:11.901,1305,50556.48
2025-11-16 15:58:11.901,1306,50918.22
2025-11-16 15:58:11.901,1307,50377.22
2025-11-16 15:58:11.901,1308,50556.48
2025-11-16 15:58:11.901,1309,50646.52
2025-11-16 15:58:11.901,1310,49583.45
2025-11-16 15:58:11.901,1311,51192.37
2025-11-16 15:58:11.901,1312,52124.24
2025-11-16 15:58:11.901,1313,50556.48
2025-11-16 15:58:11.901,1314,49670.62
2025-11-16 15:58:11.901,1315,56476.62
2025-11-16 15:58:11.901,1316,52793.59
2025-11-16 15:58:11.901,1317,54176.42
2025-11-16 15:58:11.901,1318,52124.24
2025-11-16 15:58:11.901,1319,52987.48
2025-11-16 15:58:11.901,1320,49323.48
2025-11-16 15:58:11.901,1321,52600.88
2025-11-16 15:58:11.901,1322,50377.22
2025-11-16 15:58:11.901,1323,51654.79
2025-11-16 15:58:11.901,1324,46061.56
2025-11-16 15:58:11.901,1325,52029.78
2025-11-16 15:58:11.901,1326,47322.41
2025-11-16 15:58:11.901,1327,57354.41
2025-11-16 15:58:11.901,1328,87167.16
2025-11-16 15:58:11.901,1329,47161.71
2025-11-16 15:58:11.901,1330,52504.97
2025-11-16 15:58:11.901,1331,52987.48
2025-11-16 15:58:11.901,1332,45002.86
2025-11-16 15:58:11.901,1333,43698.91
2025-11-16 15:58:11.901,1334,44854.87
2025-11-16 15:58:11.901,1335,68192.39
2025-11-16 15:58:11.901,1336,121579.19
2025-11-16 15:58:11.901,1337,68493.05
2025-11-16 15:58:11.901,1338,51100.71
2025-11-16 15:58:11.901,1339,51100.71
2025-11-16 15:58:11.901,1340,76471.19
2025-11-16 15:58:11.901,1341,150502.45
2025-11-16 15:58:11.901,1342,70663.95
2025-11-16 15:58:11.901,1343,70663.95
2025-11-16 15:58:11.901,1344,31971.61
2025-11-16 15:58:11.901,1345,31670.92
2025-11-16 15:58:11.901,1346,30550.28
2025-11-16 15:58:11.901,1347,30794.08
2025-11-16 15:58:11.901,1348,30229.68
2025-11-16 15:58:11.901,1349,30712.49
2025-11-16 15:58:11.901,1350,30389.34
2025-11-16 15:58:11.901,1351,30071.27
2025-11-16 15:58:11.901,1352,30309.35
2025-11-16 15:58:11.901,1353,30110.76
2025-11-16 15:58:11.901,1354,30671.81
2025-11-16 15:58:11.901,1355,30712.49
2025-11-16 15:58:11.901,1356,30349.31
2025-11-16 15:58:11.901,1357,30712.49
2025-11-16 15:58:11.901,1358,31332.49
2025-11-16 15:58:11.901,1359,30550.28
2025-11-16 15:58:11.901,1360,32810.01
2025-11-16 15:58:11.901,1361,31670.92
2025-11-16 15:58:11.901,1362,31885.26
2025-11-16 15:58:11.901,1363,35034.87
2025-11-16 15:58:11.901,1364,33036.22
2025-11-16 15:58:11.901,1365,34060.55
2025-11-16 15:58:11.901,1366,31585.79
2025-11-16 15:58:11.901,1367,33127.38
2025-11-16 15:58:11.901,1368,31332.49
2025-11-16 15:58:11.901,1369,33081.75
2025-11-16 15:58:11.901,1370,33776.39
2025-11-16 15:58:11.901,1371,32630.74
2025-11-16 15:58:11.901,1372,30631.22
2025-11-16 15:58:11.901,1373,33495.87
2025-11-16 15:58:11.901,1374,30631.22
2025-11-16 15:58:11.901,1375,35134.67
2025-11-16 15:58:11.901,1376,60374.14
2025-11-16 15:58:11.901,1377,29680.64
2025-11-16 15:58:11.901,1378,34156.08
2025-11-16 15:58:11.901,1379,33682.49
2025-11-16 15:58:11.901,1380,30550.28
2025-11-16 15:58:11.901,1381,29526.5
2025-11-16 15:58:11.901,1382,31543.36
2025-11-16 15:58:11.901,1383,44707.67
2025-11-16 15:58:11.901,1384,85130.81
2025-11-16 15:58:11.901,1385,42726.61
2025-11-16 15:58:11.901,1386,32189.05
2025-11-16 15:58:11.901,1387,32189.05
2025-11-16 15:58:11.901,1388,51192.37
2025-11-16 15:58:11.901,1389,99393.72
2025-11-16 15:58:11.901,1390,45602.89
2025-11-16 15:58:11.901,1391,45602.89
2025-11-16 15:58:11.901,1392,32855.06
2025-11-16 15:58:11.901,1393,32765.05
2025-11-16 15:58:11.901,1394,31713.61
2025-11-16 15:58:11.901,1395,31501.02
2025-11-16 15:58:11.901,1396,31374.49
2025-11-16 15:58:11.901,1397,31543.36
2025-11-16 15:58:11.901,1398,31458.76
2025-11-16 15:58:11.901,1399,31543.36
2025-11-16 15:58:11.901,1400,31374.49
2025-11-16 15:58:11.901,1401,30917.09
2025-11-16 15:58:11.901,1402,31458.76
2025-11-16 15:58:11.901,1403,31543.36
2025-11-16 15:58:11.901,1404,31374.49
2025-11-16 15:58:11.901,1405,31585.79
2025-11-16 15:58:11.901,1406,32058.32
2025-11-16 15:58:11.901,1407,31543.36
2025-11-16 15:58:11.901,1408,33310.84
2025-11-16 15:58:11.901,1409,31799.26
2025-11-16 15:58:11.901,1410,32675.42
2025-11-16 15:58:11.901,1411,36157.48
2025-11-16 15:58:11.901,1412,33776.39
2025-11-16 15:58:11.901,1413,34985.13
2025-11-16 15:58:11.901,1414,32855.06
2025-11-16 15:58:11.901,1415,35285.2
2025-11-16 15:58:11.901,1416,32675.42
2025-11-16 15:58:11.901,1417,34348.4
2025-11-16 15:58:11.901,1418,36105.25
2025-11-16 15:58:11.901,1419,34252.03
2025-11-16 15:58:11.901,1420,32189.05
2025-11-16 15:58:11.901,1421,34348.4
2025-11-16 15:58:11.901,1422,32630.74
2025-11-16 15:58:11.901,1423,36579.68
2025-11-16 15:58:11.901,1424,64077.9
2025-11-16 15:58:11.901,1425,31928.39
2025-11-16 15:58:11.901,1426,36473.41
2025-11-16 15:58:11.901,1427,35034.87
2025-11-16 15:58:11.901,1428,32855.06
2025-11-16 15:58:11.901,1429,32014.92
2025-11-16 15:58:11.901,1430,36579.68
2025-11-16 15:58:11.901,1431,47484.0
2025-11-16 15:58:11.901,1432,89292.48
2025-11-16 15:58:11.901,1433,43983.32
2025-11-16 15:58:11.901,1434,33588.98
2025-11-16 15:58:11.901,1435,33588.98
2025-11-16 15:58:11.901,1436,51935.61
2025-11-16 15:58:11.901,1437,103337.61
2025-11-16 15:58:11.901,1438,46216.13
2025-11-16 15:58:11.901,1439,46216.13
2025-11-16 15:58:11.901,1440,39105.77
2025-11-16 15:58:11.901,1441,38695.02
2025-11-16 15:58:11.901,1442,37118.37
2025-11-16 15:58:11.901,1443,37118.37
2025-11-16 15:58:11.901,1444,36955.46
2025-11-16 15:58:11.901,1445,37669.63
2025-11-16 15:58:11.901,1446,36901.41
2025-11-16 15:58:11.901,1447,37558.35
2025-11-16 15:58:11.901,1448,37669.63
2025-11-16 15:58:11.901,1449,37118.37
2025-11-16 15:58:11.901,1450,37447.59
2025-11-16 15:58:11.901,1451,37392.4
2025-11-16 15:58:11.901,1452,37502.91
2025-11-16 15:58:11.901,1453,37558.35
2025-11-16 15:58:11.901,1454,37009.64
2025-11-16 15:58:11.901,1455,37669.63
2025-11-16 15:58:11.901,1456,38695.02
2025-11-16 15:58:11.901,1457,37558.35
2025-11-16 15:58:11.901,1458,37669.63
2025-11-16 15:58:11.901,1459,42387.82
2025-11-16 15:58:11.901,1460,40630.89
2025-11-16 15:58:11.901,1461,41267.73
2025-11-16 15:58:11.901,1462,38811.68
2025-11-16 15:58:11.901,1463,41788.82
2025-11-16 15:58:11.901,1464,38695.02
2025-11-16 15:58:11.901,1465,41075.0
2025-11-16 15:58:11.901,1466,41986.96
2025-11-16 15:58:11.901,1467,40442.9
2025-11-16 15:58:11.901,1468,36053.13
2025-11-16 15:58:11.901,1469,40630.89
2025-11-16 15:58:11.901,1470,37009.64
2025-11-16 15:58:11.901,1471,43698.91
2025-11-16 15:58:11.901,1472,68644.23
2025-11-16 15:58:11.901,1473,36686.43
2025-11-16 15:58:11.901,1474,41788.82
2025-11-16 15:58:11.901,1475,41397.01
2025-11-16 15:58:11.901,1476,35845.82
2025-11-16 15:58:11.901,1477,35742.86
2025-11-16 15:58:11.901,1478,31374.49
2025-11-16 15:58:11.901,1479,54075.63
2025-11-16 15:58:11.901,1480,97948.88
2025-11-16 15:58:11.901,1481,52793.59
2025-11-16 15:58:11.901,1482,38578.92
2025-11-16 15:58:11.901,1483,38578.92
2025-11-16 15:58:11.901,1484,60374.14
2025-11-16 15:58:11.901,1485,115905.77
2025-11-16 15:58:11.901,1486,53182.58
2025-11-16 15:58:11.901,1487,53182.58
2025-11-16 15:58:11.901,1488,27836.08
2025-11-16 15:58:11.901,1489,27213.2
2025-11-16 15:58:11.901,1490,26316.28
2025-11-16 15:58:11.901,1491,26187.06
2025-11-16 15:58:11.901,1492,26544.65
2025-11-16 15:58:11.901,1493,26775.9
2025-11-16 15:58:11.901,1494,26742.69
2025-11-16 15:58:11.901,1495,26676.44
2025-11-16 15:58:11.901,1496,26026.81
2025-11-16 15:58:11.901,1497,26544.65
2025-11-16 15:58:11.901,1498,26942.87
2025-11-16 15:58:11.901,1499,26676.44
2025-11-16 15:58:11.901,1500,26709.53
2025-11-16 15:58:11.901,1501,27213.2
2025-11-16 15:58:11.901,1502,26676.44
2025-11-16 15:58:11.901,1503,26709.53
2025-11-16 15:58:11.901,1504,27384.16
2025-11-16 15:58:11.901,1505,26544.65
2025-11-16 15:58:11.901,1506,26676.44
2025-11-16 15:58:11.901,1507,30389.34
2025-11-16 15:58:11.901,1508,28996.3
2025-11-16 15:58:11.901,1509,29526.5
2025-11-16 15:58:11.901,1510,27836.08
2025-11-16 15:58:11.901,1511,30389.34
2025-11-16 15:58:11.901,1512,27591.39
2025-11-16 15:58:11.901,1513,29221.78
2025-11-16 15:58:11.901,1514,31040.83
2025-11-16 15:58:11.901,1515,29071.17
2025-11-16 15:58:11.901,1516,26775.9
2025-11-16 15:58:11.901,1517,29449.88
2025-11-16 15:58:11.901,1518,26742.69
2025-11-16 15:58:11.901,1519,31040.83
2025-11-16 15:58:11.901,1520,52600.88
2025-11-16 15:58:11.901,1521,26283.89
2025-11-16 15:58:11.901,1522,30590.71
2025-11-16 15:58:11.901,1523,29603.42
2025-11-16 15:58:11.901,1524,26544.65
2025-11-16 15:58:11.901,1525,27010.09
2025-11-16 15:58:11.901,1526,28443.74
2025-11-16 15:58:11.901,1527,40756.99
2025-11-16 15:58:11.901,1528,72622.48
2025-11-16 15:58:11.901,1529,38006.61
2025-11-16 15:58:11.901,1530,28119.63
2025-11-16 15:58:11.901,1531,28119.63
2025-11-16 15:58:11.901,1532,43840.75
2025-11-16 15:58:11.901,1533,88573.8
2025-11-16 15:58:11.901,1534,38348.37
2025-11-16 15:58:11.901,1535,38348.37
2025-11-16 15:58:11.901,1536,25836.37
2025-11-16 15:58:11.901,1537,25836.37
2025-11-16 15:58:11.901,1538,25836.37
2025-11-16 15:58:11.901,1539,25836.37
2025-11-16 15:58:11.901,1540,25836.37
2025-11-16 15:58:11.901,1541,25836.37
2025-11-16 15:58:11.901,1542,25836.37
2025-11-16 15:58:11.901,1543,25836.37
2025-11-16 15:58:11.901,1544,25836.37
2025-11-16 15:58:11.901,1545,25836.37
2025-11-16 15:58:11.901,1546,25836.37
2025-11-16 15:58:11.901,1547,25836.37
2025-11-16 15:58:11.901,1548,25836.37
2025-11-16 15:58:11.901,1549,25836.37
2025-11-16 15:58:11.901,1550,25836.37
2025-11-16 15:58:11.901,1551,25836.37
2025-11-16 15:58:11.901,1552,25836.37
2025-11-16 15:58:11.901,1553,25836.37
2025-11-16 15:58:11.901,1554,25836.37
2025-11-16 15:58:11.901,1555,25836.37
2025-11-16 15:58:11.901,1556,25836.37
2025-11-16 15:58:11.901,1557,25836.37
2025-11-16 15:58:11.901,1558,25836.37
2025-11-16 15:58:11.901,1559,25836.37
2025-11-16 15:58:11.901,1560,25836.37
2025-11-16 15:58:11.901,1561,25836.37
2025-11-16 15:58:11.901,1562,25836.37
2025-11-16 15:58:11.901,1563,25836.37
2025-11-16 15:58:11.901,1564,25836.37
2025-11-16 15:58:11.901,1565,25836.37
2025-11-16 15:58:11.901,1566,25836.37
2025-11-16 15:58:11.901,1567,25836.37
2025-11-16 15:58:11.901,1568,25836.37
2025-11-16 15:58:11.901,1569,25836.37
2025-11-16 15:58:11.901,1570,25836.37
2025-11-16 15:58:11.901,1571,25836.37
2025-11-16 15:58:11.901,1572,25836.37
2025-11-16 15:58:11.901,1573,25836.37
2025-11-16 15:58:11.901,1574,25836.37
2025-11-16 15:58:11.901,1575,25836.37
2025-11-16 15:58:11.901,1576,25836.37
2025-11-16 15:58:11.901,1577,25836.37
2025-11-16 15:58:11.901,1578,25836.37
2025-11-16 15:58:11.901,1579,25836.37
2025-11-16 15:58:11.901,1580,25836.37
2025-11-16 15:58:11.901,1581,25836.37
2025-11-16 15:58:11.901,1582,25836.37
2025-11-16 15:58:11.901,1583,25836.37
2025-11-16 15:58:11.901,1584,25836.37
2025-11-16 15:58:11.901,1585,25185.35
2025-11-16 15:58:11.901,1586,24237.42
2025-11-16 15:58:11.901,1587,24093.88
2025-11-16 15:58:11.901,1588,24353.12
2025-11-16 15:58:11.901,1589,24324.12
2025-11-16 15:58:11.901,1590,24498.84
2025-11-16 15:58:11.901,1591,24382.16
2025-11-16 15:58:11.901,1592,24586.87
2025-11-16 15:58:11.901,1593,24498.84
2025-11-16 15:58:11.901,1594,24382.16
2025-11-16 15:58:11.901,1595,24616.31
2025-11-16 15:58:11.901,1596,24675.34
2025-11-16 15:58:11.901,1597,24498.84
2025-11-16 15:58:11.901,1598,24324.12
2025-11-16 15:58:11.901,1599,24616.31
2025-11-16 15:58:11.901,1600,25492.39
2025-11-16 15:58:11.901,1601,24794.01
2025-11-16 15:58:11.901,1602,24324.12
2025-11-16 15:58:11.901,1603,28191.18
2025-11-16 15:58:11.901,1604,26676.44
2025-11-16 15:58:11.901,1605,26544.65
2025-11-16 15:58:11.901,1606,25276.9
2025-11-16 15:58:11.901,1607,27906.57
2025-11-16 15:58:11.901,1608,25616.71
2025-11-16 15:58:11.901,1609,26742.69
2025-11-16 15:58:11.901,1610,28371.24
2025-11-16 15:58:11.901,1611,26909.36
2025-11-16 15:58:11.901,1612,25033.8
2025-11-16 15:58:11.901,1613,27145.25
2025-11-16 15:58:11.901,1614,24913.49
2025-11-16 15:58:11.901,1615,28699.64
2025-11-16 15:58:11.901,1616,48725.57
2025-11-16 15:58:11.901,1617,25094.26
2025-11-16 15:58:11.901,1618,28227.06
2025-11-16 15:58:11.901,1619,27247.26
2025-11-16 15:58:11.901,1620,25033.8
2025-11-16 15:58:11.901,1621,25585.55
2025-11-16 15:58:11.901,1622,27906.57
2025-11-16 15:58:11.901,1623,38233.91
2025-11-16 15:58:11.901,1624,70663.95
2025-11-16 15:58:11.901,1625,35184.73
2025-11-16 15:58:11.901,1626,26154.89
2025-11-16 15:58:11.901,1627,26154.89
2025-11-16 15:58:11.901,1628,42320.58
2025-11-16 15:58:11.901,1629,84909.8
2025-11-16 15:58:11.901,1630,36632.99
2025-11-16 15:58:11.901,1631,36632.99
2025-11-16 15:58:11.901,1632,23923.21
2025-11-16 15:58:11.901,1633,23586.93
2025-11-16 15:58:11.901,1634,22933.92
2025-11-16 15:58:11.901,1635,22880.64
2025-11-16 15:58:11.901,1636,22987.37
2025-11-16 15:58:11.901,1637,23040.99
2025-11-16 15:58:11.901,1638,23040.99
2025-11-16 15:58:11.901,1639,23202.91
2025-11-16 15:58:11.901,1640,23202.91
2025-11-16 15:58:11.901,1641,22907.26
2025-11-16 15:58:11.901,1642,23586.93
2025-11-16 15:58:11.901,1643,23148.76
2025-11-16 15:58:11.901,1644,22987.37
2025-11-16 15:58:11.901,1645,22987.37
2025-11-16 15:58:11.901,1646,21602.34
2025-11-16 15:58:11.901,1647,23014.16
2025-11-16 15:58:11.901,1648,22643.0
2025-11-16 15:58:11.901,1649,22101.59
2025-11-16 15:58:11.901,1650,22486.47
2025-11-16 15:58:11.901,1651,26090.74
2025-11-16 15:58:11.901,1652,25154.93
2025-11-16 15:58:11.901,1653,25710.52
2025-11-16 15:58:11.901,1654,24093.88
2025-11-16 15:58:11.901,1655,26219.28
2025-11-16 15:58:11.901,1656,23866.7
2025-11-16 15:58:11.901,1657,25461.45
2025-11-16 15:58:11.901,1658,25773.33
2025-11-16 15:58:11.901,1659,24734.57
2025-11-16 15:58:11.901,1660,19153.06
2025-11-16 15:58:11.901,1661,24913.49
2025-11-16 15:58:11.901,1662,17163.47
2025-11-16 15:58:11.901,1663,27077.54
2025-11-16 15:58:11.901,1664,43698.91
2025-11-16 15:58:11.901,1665,17738.95
2025-11-16 15:58:11.901,1666,25033.8
2025-11-16 15:58:11.901,1667,25094.26
2025-11-16 15:58:11.901,1668,17072.88
2025-11-16 15:58:11.901,1669,19664.09
2025-11-16 15:58:11.901,1670,24093.88
2025-11-16 15:58:11.901,1671,33776.39
2025-11-16 15:58:11.901,1672,63411.8
2025-11-16 15:58:11.901,1673,33542.38
2025-11-16 15:58:11.901,1674,24151.15
2025-11-16 15:58:11.901,1675,24151.15
2025-11-16 15:58:11.901,1676,38811.68
2025-11-16 15:58:11.901,1677,80095.27
2025-11-16 15:58:11.901,1678,34252.03
2025-11-16 15:58:11.901,1679,34252.03
2025-11-16 15:58:11.901,1680,35335.6
2025-11-16 15:58:11.901,1681,34591.16
2025-11-16 15:58:11.901,1682,34156.08
2025-11-16 15:58:11.901,1683,32945.45
2025-11-16 15:58:11.901,1684,33682.49
2025-11-16 15:58:11.901,1685,34156.08
2025-11-16 15:58:11.901,1686,34252.03
2025-11-16 15:58:11.901,1687,34156.08
2025-11-16 15:58:11.901,1688,34108.26
2025-11-16 15:58:11.901,1689,33870.7
2025-11-16 15:58:11.901,1690,34445.18
2025-11-16 15:58:11.901,1691,33776.39
2025-11-16 15:58:11.901,1692,34156.08
2025-11-16 15:58:11.901,1693,34300.16
2025-11-16 15:58:11.901,1694,30269.48
2025-11-16 15:58:11.901,1695,33588.98
2025-11-16 15:58:11.901,1696,33310.84
2025-11-16 15:58:11.901,1697,32145.38
2025-11-16 15:58:11.901,1698,34108.26
2025-11-16 15:58:11.901,1699,38120.0
2025-11-16 15:58:11.901,1700,36686.43
2025-11-16 15:58:11.901,1701,37392.4
2025-11-16 15:58:11.901,1702,35184.73
2025-11-16 15:58:11.901,1703,37725.46
2025-11-16 15:58:11.901,1704,34640.03
2025-11-16 15:58:11.901,1705,36739.99
2025-11-16 15:58:11.901,1706,37781.43
2025-11-16 15:58:11.901,1707,36053.13
2025-11-16 15:58:11.901,1708,31458.76
2025-11-16 15:58:11.901,1709,36686.43
2025-11-16 15:58:11.901,1710,31206.99
2025-11-16 15:58:11.901,1711,38811.68
2025-11-16 15:58:11.901,1712,56912.64
2025-11-16 15:58:11.901,1713,31040.83
2025-11-16 15:58:11.901,1714,37502.91
2025-11-16 15:58:11.901,1715,37009.64
2025-11-16 15:58:11.901,1716,29526.5
2025-11-16 15:58:11.901,1717,31885.26
2025-11-16 15:58:11.901,1718,36420.45
2025-11-16 15:58:11.901,1719,49758.04
2025-11-16 15:58:11.901,1720,75565.37
2025-11-16 15:58:11.901,1721,46684.98
2025-11-16 15:58:11.901,1722,35949.24
2025-11-16 15:58:11.901,1723,35949.24
2025-11-16 15:58:11.901,1724,52697.09
2025-11-16 15:58:11.901,1725,106570.16
2025-11-16 15:58:11.901,1726,46371.55
2025-11-16 15:58:11.901,1727,46371.55
2025-11-16 15:58:11.901,1728,25963.11
2025-11-16 15:58:11.901,1729,25185.35
2025-11-16 15:58:11.901,1730,24734.57
2025-11-16 15:58:11.901,1731,24734.57
2025-11-16 15:58:11.901,1732,24616.31
2025-11-16 15:58:11.901,1733,25064.0
2025-11-16 15:58:11.901,1734,24382.16
2025-11-16 15:58:11.901,1735,24794.01
2025-11-16 15:58:11.901,1736,24734.57
2025-11-16 15:58:11.901,1737,24734.57
2025-11-16 15:58:11.901,1738,24734.57
2025-11-16 15:58:11.901,1739,24794.01
2025-11-16 15:58:11.901,1740,24675.34
2025-11-16 15:58:11.901,1741,24794.01
2025-11-16 15:58:11.901,1742,22460.52
2025-11-16 15:58:11.901,1743,24734.57
2025-11-16 15:58:11.901,1744,24498.84
2025-11-16 15:58:11.901,1745,23339.05
2025-11-16 15:58:11.901,1746,23284.46
2025-11-16 15:58:11.901,1747,27836.08
2025-11-16 15:58:11.901,1748,26742.69
2025-11-16 15:58:11.901,1749,27145.25
2025-11-16 15:58:11.901,1750,25710.52
2025-11-16 15:58:11.901,1751,27836.08
2025-11-16 15:58:11.901,1752,25215.81
2025-11-16 15:58:11.901,1753,26381.24
2025-11-16 15:58:11.901,1754,27010.09
2025-11-16 15:58:11.901,1755,26090.74
2025-11-16 15:58:11.901,1756,18986.58
2025-11-16 15:58:11.901,1757,26219.28
2025-11-16 15:58:11.901,1758,20464.99
2025-11-16 15:58:11.901,1759,28480.09
2025-11-16 15:58:11.901,1760,44854.87
2025-11-16 15:58:11.901,1761,22050.96
2025-11-16 15:58:11.901,1762,27281.39
2025-11-16 15:58:11.901,1763,26479.11
2025-11-16 15:58:11.901,1764,21166.06
2025-11-16 15:58:11.901,1765,21166.06
2025-11-16 15:58:11.901,1766,25523.39
2025-11-16 15:58:11.901,1767,36157.48
2025-11-16 15:58:11.901,1768,65867.58
2025-11-16 15:58:11.901,1769,35234.91
2025-11-16 15:58:11.901,1770,25710.52
2025-11-16 15:58:11.901,1771,25710.52
2025-11-16 15:58:11.901,1772,39826.22
2025-11-16 15:58:11.901,1773,82544.69
2025-11-16 15:58:11.901,1774,34156.08
2025-11-16 15:58:11.901,1775,34156.08
2025-11-16 15:58:11.901,1776,23311.73
2025-11-16 15:58:11.901,1777,22564.54
2025-11-16 15:58:11.901,1778,22126.97
2025-11-16 15:58:11.901,1779,22025.71
2025-11-16 15:58:11.901,1780,22050.96
2025-11-16 15:58:11.901,1781,22305.72
2025-11-16 15:58:11.901,1782,22305.72
2025-11-16 15:58:11.901,1783,22331.42
2025-11-16 15:58:11.901,1784,22357.16
2025-11-16 15:58:11.901,1785,22101.59
2025-11-16 15:58:11.901,1786,22305.72
2025-11-16 15:58:11.901,1787,22203.33
2025-11-16 15:58:11.901,1788,22152.38
2025-11-16 15:58:11.901,1789,21700.95
2025-11-16 15:58:11.901,1790,20510.75
2025-11-16 15:58:11.901,1791,22305.72
2025-11-16 15:58:11.901,1792,21406.95
2025-11-16 15:58:11.901,1793,20834.94
2025-11-16 15:58:11.901,1794,20881.81
2025-11-16 15:58:11.901,1795,25064.0
2025-11-16 15:58:11.901,1796,24151.15
2025-11-16 15:58:11.901,1797,24498.84
2025-11-16 15:58:11.901,1798,22987.37
2025-11-16 15:58:11.901,1799,25033.8
2025-11-16 15:58:11.901,1800,22880.64
2025-11-16 15:58:11.901,1801,24324.12
2025-11-16 15:58:11.901,1802,24734.57
2025-11-16 15:58:11.901,1803,23866.7
2025-11-16 15:58:11.901,1804,18538.4
2025-11-16 15:58:11.901,1805,24179.86
2025-11-16 15:58:11.901,1806,19194.97
2025-11-16 15:58:11.901,1807,26090.74
2025-11-16 15:58:11.901,1808,42522.82
2025-11-16 15:58:11.901,1809,19751.0
2025-11-16 15:58:11.901,1810,24382.16
2025-11-16 15:58:11.901,1811,24498.84
2025-11-16 15:58:11.901,1812,18084.37
2025-11-16 15:58:11.901,1813,17018.8
2025-11-16 15:58:11.901,1814,23284.46
2025-11-16 15:58:11.901,1815,33310.84
2025-11-16 15:58:11.901,1816,60495.69
2025-11-16 15:58:11.901,1817,32408.75
2025-11-16 15:58:11.901,1818,23642.52
2025-11-16 15:58:11.901,1819,23642.52
2025-11-16 15:58:11.901,1820,36901.41
2025-11-16 15:58:11.901,1821,77209.76
2025-11-16 15:58:11.901,1822,32101.8
2025-11-16 15:58:11.901,1823,32101.8
2025-11-16 15:58:11.901,1824,32765.05
2025-11-16 15:58:11.901,1825,31713.61
2025-11-16 15:58:11.901,1826,31885.26
2025-11-16 15:58:11.901,1827,31290.57
2025-11-16 15:58:11.901,1828,31374.49
2025-11-16 15:58:11.901,1829,31501.02
2025-11-16 15:58:11.901,1830,31458.76
2025-11-16 15:58:11.901,1831,31501.02
2025-11-16 15:58:11.901,1832,31501.02
2025-11-16 15:58:11.901,1833,31458.76
2025-11-16 15:58:11.901,1834,31885.26
2025-11-16 15:58:11.901,1835,31628.31
2025-11-16 15:58:11.901,1836,31374.49
2025-11-16 15:58:11.901,1837,31971.61
2025-11-16 15:58:11.901,1838,28299.01
2025-11-16 15:58:11.901,1839,31416.58
2025-11-16 15:58:11.901,1840,31543.36
2025-11-16 15:58:11.901,1841,31040.83
2025-11-16 15:58:11.901,1842,30071.27
2025-11-16 15:58:11.901,1843,35285.2
2025-11-16 15:58:11.901,1844,34156.08
2025-11-16 15:58:11.901,1845,34396.74
2025-11-16 15:58:11.901,1846,32189.05
2025-11-16 15:58:11.901,1847,35184.73
2025-11-16 15:58:11.901,1848,32855.06
2025-11-16 15:58:11.901,1849,35034.87
2025-11-16 15:58:11.901,1850,35335.6
2025-11-16 15:58:11.901,1851,33495.87
2025-11-16 15:58:11.901,1852,28847.41
2025-11-16 15:58:11.901,1853,33776.39
2025-11-16 15:58:11.901,1854,27626.15
2025-11-16 15:58:11.901,1855,36420.45
2025-11-16 15:58:11.901,1856,56368.51
2025-11-16 15:58:11.901,1857,29680.64
2025-11-16 15:58:11.901,1858,35034.87
2025-11-16 15:58:11.901,1859,34445.18
2025-11-16 15:58:11.901,1860,29526.5
2025-11-16 15:58:11.901,1861,30071.27
2025-11-16 15:58:11.901,1862,33776.39
2025-11-16 15:58:11.901,1863,47081.7
2025-11-16 15:58:11.901,1864,82965.91
2025-11-16 15:58:11.901,1865,43983.32
2025-11-16 15:58:11.901,1866,32990.79
2025-11-16 15:58:11.901,1867,32990.79
2025-11-16 15:58:11.901,1868,50021.84
2025-11-16 15:58:11.901,1869,100279.32
2025-11-16 15:58:11.901,1870,43277.87
2025-11-16 15:58:11.901,1871,43277.87
2025-11-16 15:58:11.901,1872,27384.16
2025-11-16 15:58:11.901,1873,26676.44
2025-11-16 15:58:11.901,1874,26154.89
2025-11-16 15:58:11.901,1875,26026.81
2025-11-16 15:58:11.901,1876,26187.06
2025-11-16 15:58:11.901,1877,26316.28
2025-11-16 15:58:11.901,1878,26154.89
2025-11-16 15:58:11.901,1879,26251.55
2025-11-16 15:58:11.901,1880,26219.28
2025-11-16 15:58:11.901,1881,25994.93
2025-11-16 15:58:11.901,1882,26283.89
2025-11-16 15:58:11.901,1883,26187.06
2025-11-16 15:58:11.901,1884,26026.81
2025-11-16 15:58:11.901,1885,26187.06
2025-11-16 15:58:11.901,1886,23257.23
2025-11-16 15:58:11.901,1887,26187.06
2025-11-16 15:58:11.901,1888,26283.89
2025-11-16 15:58:11.901,1889,24973.54
2025-11-16 15:58:11.901,1890,24853.65
2025-11-16 15:58:11.901,1891,29221.78
2025-11-16 15:58:11.901,1892,28407.46
2025-11-16 15:58:11.901,1893,28699.64
2025-11-16 15:58:11.901,1894,27145.25
2025-11-16 15:58:11.901,1895,29564.92
2025-11-16 15:58:11.901,1896,27077.54
2025-11-16 15:58:11.901,1897,28480.09
2025-11-16 15:58:11.901,1898,28996.3
2025-11-16 15:58:11.901,1899,28191.18
2025-11-16 15:58:11.901,1900,21775.31
2025-11-16 15:58:11.901,1901,28263.01
2025-11-16 15:58:11.901,1902,20373.88
2025-11-16 15:58:11.901,1903,30071.27
2025-11-16 15:58:11.901,1904,47322.41
2025-11-16 15:58:11.901,1905,23698.29
2025-11-16 15:58:11.901,1906,28810.36
2025-11-16 15:58:11.901,1907,28480.09
2025-11-16 15:58:11.901,1908,23284.46
2025-11-16 15:58:11.901,1909,23339.05
2025-11-16 15:58:11.901,1910,26187.06
2025-11-16 15:58:11.901,1911,39165.01
2025-11-16 15:58:11.901,1912,68192.39
2025-11-16 15:58:11.901,1913,37118.37
2025-11-16 15:58:11.901,1914,26875.9
2025-11-16 15:58:11.901,1915,26875.9
2025-11-16 15:58:11.901,1916,41397.01
2025-11-16 15:58:11.901,1917,86251.47
2025-11-16 15:58:11.901,1918,35949.24
2025-11-16 15:58:11.901,1919,35949.24
2025-11-16 15:58:11.901,1920,495554.03
2025-11-16 15:58:11.901,1921,450099.75
2025-11-16 15:58:11.901,1922,450099.75
2025-11-16 15:58:11.901,1923,407834.16
2025-11-16 15:58:11.901,1924,346048.91
2025-11-16 15:58:11.901,1925,439984.91
2025-11-16 15:58:11.901,1926,450099.75
2025-11-16 15:58:11.901,1927,483368.97
2025-11-16 15:58:11.901,1928,450099.75
2025-11-16 15:58:11.901,1929,439984.91
2025-11-16 15:58:11.901,1930,477494.09
2025-11-16 15:58:11.901,1931,477494.09
2025-11-16 15:58:11.901,1932,471757.34
2025-11-16 15:58:11.901,1933,455329.53
2025-11-16 15:58:11.901,1934,471757.34
2025-11-16 15:58:11.901,1935,471757.34
2025-11-16 15:58:11.901,1936,550970.88
2025-11-16 15:58:11.901,1937,471757.34
2025-11-16 15:58:11.901,1938,466154.09
2025-11-16 15:58:11.901,1939,521823.06
2025-11-16 15:58:11.901,1940,536008.31
2025-11-16 15:58:11.901,1941,450099.75
2025-11-16 15:58:11.901,1942,528822.38
2025-11-16 15:58:11.901,1943,483368.97
2025-11-16 15:58:11.901,1944,471757.34
2025-11-16 15:58:11.901,1945,566776.38
2025-11-16 15:58:11.901,1946,495554.03
2025-11-16 15:58:11.901,1947,566776.38
2025-11-16 15:58:11.901,1948,439984.91
2025-11-16 15:58:11.901,1949,508356.06
2025-11-16 15:58:11.901,1950,439984.91
2025-11-16 15:58:11.901,1951,558763.94
2025-11-16 15:58:11.901,1952,508356.06
2025-11-16 15:58:11.901,1953,508356.06
2025-11-16 15:58:11.901,1954,536008.31
2025-11-16 15:58:11.901,1955,583498.19
2025-11-16 15:58:11.901,1956,521823.06
2025-11-16 15:58:11.901,1957,460679.59
2025-11-16 15:58:11.901,1958,521823.06
2025-11-16 15:58:11.901,1959,661350.38
2025-11-16 15:58:11.901,1960,734602.25
2025-11-16 15:58:11.901,1961,640033.69
2025-11-16 15:58:11.901,1962,550970.88
2025-11-16 15:58:11.901,1963,550970.88
2025-11-16 15:58:11.901,1964,421032.91
2025-11-16 15:58:11.901,1965,965113.19
2025-11-16 15:58:11.901,1966,339960.47
2025-11-16 15:58:11.901,1967,339960.47
2025-11-16 15:58:11.901,1968,30835.0
2025-11-16 15:58:11.901,1969,29603.42
2025-11-16 15:58:11.901,1970,29526.5
2025-11-16 15:58:11.901,1971,29071.17
2025-11-16 15:58:11.901,1972,29564.92
2025-11-16 15:58:11.901,1973,29564.92
2025-11-16 15:58:11.901,1974,29297.52
2025-11-16 15:58:11.901,1975,29992.53
2025-11-16 15:58:11.901,1976,29297.52
2025-11-16 15:58:11.901,1977,29564.92
2025-11-16 15:58:11.901,1978,30229.68
2025-11-16 15:58:11.901,1979,30229.68
2025-11-16 15:58:11.901,1980,29449.88
2025-11-16 15:58:11.901,1981,29992.53
2025-11-16 15:58:11.901,1982,27213.2
2025-11-16 15:58:11.901,1983,29992.53
2025-11-16 15:58:11.901,1984,30110.76
2025-11-16 15:58:11.901,1985,28921.71
2025-11-16 15:58:11.901,1986,29033.7
2025-11-16 15:58:11.901,1987,34060.55
2025-11-16 15:58:11.901,1988,31885.26
2025-11-16 15:58:11.901,1989,33356.95
2025-11-16 15:58:11.901,1990,30876.0
2025-11-16 15:58:11.901,1991,33588.98
2025-11-16 15:58:11.901,1992,30794.08
2025-11-16 15:58:11.901,1993,32945.45
2025-11-16 15:58:11.901,1994,33542.38
2025-11-16 15:58:11.901,1995,32276.66
2025-11-16 15:58:11.901,1996,27077.54
2025-11-16 15:58:11.901,1997,32320.6
2025-11-16 15:58:11.901,1998,24324.12
2025-11-16 15:58:11.901,1999,34738.09
2025-11-16 15:58:11.901,2000,52600.88
2025-11-16 15:58:11.901,2001,26610.43
2025-11-16 15:58:11.901,2002,33495.87
2025-11-16 15:58:11.901,2003,32900.21
2025-11-16 15:58:11.901,2004,27941.91
2025-11-16 15:58:11.901,2005,27836.08
2025-11-16 15:58:11.901,2006,31290.57
2025-11-16 15:58:11.901,2007,44928.77
2025-11-16 15:58:11.901,2008,81713.57
2025-11-16 15:58:11.901,2009,42320.58
2025-11-16 15:58:11.901,2010,31501.02
2025-11-16 15:58:11.901,2011,31501.02
2025-11-16 15:58:11.901,2012,46216.13
2025-11-16 15:58:11.901,2013,95170.63
2025-11-16 15:58:11.901,2014,40318.35
2025-11-16 15:58:11.901,2015,40318.35
2025-11-16 15:58:11.901,2016,387544.88
2025-11-16 15:58:11.901,2017,395419.56
2025-11-16 15:58:11.901,2018,403612.41
2025-11-16 15:58:11.901,2019,421032.91
2025-11-16 15:58:11.901,2020,395419.56
2025-11-16 15:58:11.901,2021,421032.91
2025-11-16 15:58:11.901,2022,387544.88
2025-11-16 15:58:11.901,2023,365654.84
2025-11-16 15:58:11.901,2024,395419.56
2025-11-16 15:58:11.901,2025,395419.56
2025-11-16 15:58:11.901,2026,358884.03
2025-11-16 15:58:11.901,2027,403612.41
2025-11-16 15:58:11.901,2028,372678.72
2025-11-16 15:58:11.901,2029,387544.88
2025-11-16 15:58:11.901,2030,383721.19
2025-11-16 15:58:11.901,2031,383721.19
2025-11-16 15:58:11.901,2032,403612.41
2025-11-16 15:58:11.901,2033,391443.63
2025-11-16 15:58:11.901,2034,430305.09
2025-11-16 15:58:11.901,2035,439984.91
2025-11-16 15:58:11.901,2036,365654.84
2025-11-16 15:58:11.901,2037,403612.41
2025-11-16 15:58:11.901,2038,403612.41
2025-11-16 15:58:11.901,2039,403612.41
2025-11-16 15:58:11.901,2040,383721.19
2025-11-16 15:58:11.901,2041,387544.88
2025-11-16 15:58:11.901,2042,399475.0
2025-11-16 15:58:11.901,2043,379970.25
2025-11-16 15:58:11.901,2044,379970.25
2025-11-16 15:58:11.901,2045,395419.56
2025-11-16 15:58:11.901,2046,358884.03
2025-11-16 15:58:11.901,2047,439984.91
2025-11-16 15:58:11.901,2048,352352.88
2025-11-16 15:58:11.901,2049,399475.0
2025-11-16 15:58:11.901,2050,421032.91
2025-11-16 15:58:11.901,2051,430305.09
2025-11-16 15:58:11.901,2052,365654.84
2025-11-16 15:58:11.901,2053,312394.69
2025-11-16 15:58:11.901,2054,325612.69
2025-11-16 15:58:11.901,2055,439984.91
2025-11-16 15:58:11.901,2056,435092.38
2025-11-16 15:58:11.901,2057,421032.91
2025-11-16 15:58:11.901,2058,358884.03
2025-11-16 15:58:11.901,2059,358884.03
2025-11-16 15:58:11.901,2060,226638.0
2025-11-16 15:58:11.901,2061,684112.31
2025-11-16 15:58:11.901,2062,189679.88
2025-11-16 15:58:11.901,2063,189679.88
2025-11-16 15:58:11.901,2064,27906.57
2025-11-16 15:58:11.901,2065,27349.84
2025-11-16 15:58:11.901,2066,27281.39
2025-11-16 15:58:11.901,2067,25994.93
2025-11-16 15:58:11.901,2068,26709.53
2025-11-16 15:58:11.901,2069,27077.54
2025-11-16 15:58:11.901,2070,26610.43
2025-11-16 15:58:11.901,2071,26809.18
2025-11-16 15:58:11.901,2072,26676.44
2025-11-16 15:58:11.901,2073,26875.9
2025-11-16 15:58:11.901,2074,26875.9
2025-11-16 15:58:11.901,2075,26643.4
2025-11-16 15:58:11.901,2076,26809.18
2025-11-16 15:58:11.901,2077,26809.18
2025-11-16 15:58:11.901,2078,24498.84
2025-11-16 15:58:11.901,2079,26875.9
2025-11-16 15:58:11.901,2080,23202.91
2025-11-16 15:58:11.901,2081,22774.6
2025-11-16 15:58:11.901,2082,25523.39
2025-11-16 15:58:11.901,2083,29488.15
2025-11-16 15:58:11.901,2084,29603.42
2025-11-16 15:58:11.901,2085,30071.27
2025-11-16 15:58:11.901,2086,28119.63
2025-11-16 15:58:11.901,2087,30917.09
2025-11-16 15:58:11.901,2088,28335.09
2025-11-16 15:58:11.901,2089,29603.42
2025-11-16 15:58:11.901,2090,31543.36
2025-11-16 15:58:11.901,2091,29526.5
2025-11-16 15:58:11.901,2092,27418.54
2025-11-16 15:58:11.901,2093,30189.96
2025-11-16 15:58:11.901,2094,27384.16
2025-11-16 15:58:11.901,2095,31928.39
2025-11-16 15:58:11.901,2096,55621.39
2025-11-16 15:58:11.901,2097,27626.15
2025-11-16 15:58:11.901,2098,31374.49
2025-11-16 15:58:11.901,2099,30671.81
2025-11-16 15:58:11.901,2100,27556.69
2025-11-16 15:58:11.901,2101,27800.93
2025-11-16 15:58:11.901,2102,31543.36
2025-11-16 15:58:11.901,2103,43417.48
2025-11-16 15:58:11.901,2104,76106.58
2025-11-16 15:58:11.901,2105,39283.93
2025-11-16 15:58:11.901,2106,29488.15
2025-11-16 15:58:11.901,2107,29488.15
2025-11-16 15:58:11.901,2108,45907.83
2025-11-16 15:58:11.901,2109,91010.8
2025-11-16 15:58:11.901,2110,40756.99
2025-11-16 15:58:11.901,2111,40756.99
2025-11-16 15:58:11.901,2112,297844.91
2025-11-16 15:58:11.901,2113,284551.28
2025-11-16 15:58:11.901,2114,284551.28
2025-11-16 15:58:11.901,2115,288853.09
2025-11-16 15:58:11.901,2116,280371.47
2025-11-16 15:58:11.901,2117,288853.09
2025-11-16 15:58:11.901,2118,288853.09
2025-11-16 15:58:11.901,2119,280371.47
2025-11-16 15:58:11.901,2120,293282.41
2025-11-16 15:58:11.901,2121,280371.47
2025-11-16 15:58:11.901,2122,288853.09
2025-11-16 15:58:11.901,2123,280371.47
2025-11-16 15:58:11.901,2124,291051.47
2025-11-16 15:58:11.901,2125,284551.28
2025-11-16 15:58:11.901,2126,293282.41
2025-11-16 15:58:11.901,2127,293282.41
2025-11-16 15:58:11.901,2128,349173.25
2025-11-16 15:58:11.901,2129,317555.0
2025-11-16 15:58:11.901,2130,328387.41
2025-11-16 15:58:11.901,2131,322883.13
2025-11-16 15:58:11.901,2132,346048.91
2025-11-16 15:58:11.901,2133,358884.03
2025-11-16 15:58:11.901,2134,339960.47
2025-11-16 15:58:11.901,2135,339960.47
2025-11-16 15:58:11.901,2136,322883.13
2025-11-16 15:58:11.901,2137,372678.72
2025-11-16 15:58:11.901,2138,328387.41
2025-11-16 15:58:11.901,2139,339960.47
2025-11-16 15:58:11.901,2140,297844.91
2025-11-16 15:58:11.901,2141,322883.13
2025-11-16 15:58:11.901,2142,312394.69
2025-11-16 15:58:11.901,2143,365654.84
2025-11-16 15:58:11.901,2144,247485.06
2025-11-16 15:58:11.901,2145,358884.03
2025-11-16 15:58:11.901,2146,358884.03
2025-11-16 15:58:11.901,2147,346048.91
2025-11-16 15:58:11.901,2148,328387.41
2025-11-16 15:58:11.901,2149,312394.69
2025-11-16 15:58:11.901,2150,293282.41
2025-11-16 15:58:11.901,2151,391443.63
2025-11-16 15:58:11.901,2152,328387.41
2025-11-16 15:58:11.901,2153,379970.25
2025-11-16 15:58:11.901,2154,322883.13
2025-11-16 15:58:11.901,2155,322883.13
2025-11-16 15:58:11.901,2156,155704.97
2025-11-16 15:58:11.901,2157,508356.06
2025-11-16 15:58:11.901,2158,99101.66
2025-11-16 15:58:11.901,2159,99101.66
2025-11-16 15:58:11.901,2160,455329.53
2025-11-16 15:58:11.901,2161,379970.25
2025-11-16 15:58:11.901,2162,372678.72
2025-11-16 15:58:11.901,2163,342978.47
2025-11-16 15:58:11.901,2164,339960.47
2025-11-16 15:58:11.901,2165,395419.56
2025-11-16 15:58:11.901,2166,372678.72
2025-11-16 15:58:11.901,2167,395419.56
2025-11-16 15:58:11.901,2168,372678.72
2025-11-16 15:58:11.901,2169,372678.72
2025-11-16 15:58:11.901,2170,383721.19
2025-11-16 15:58:11.901,2171,379970.25
2025-11-16 15:58:11.901,2172,365654.84
2025-11-16 15:58:11.901,2173,369134.25
2025-11-16 15:58:11.901,2174,369134.25
2025-11-16 15:58:11.901,2175,372678.72
2025-11-16 15:58:11.901,2176,372678.72
2025-11-16 15:58:11.901,2177,365654.84
2025-11-16 15:58:11.901,2178,379970.25
2025-11-16 15:58:11.901,2179,395419.56
2025-11-16 15:58:11.901,2180,391443.63
2025-11-16 15:58:11.901,2181,395419.56
2025-11-16 15:58:11.901,2182,395419.56
2025-11-16 15:58:11.901,2183,383721.19
2025-11-16 15:58:11.901,2184,372678.72
2025-11-16 15:58:11.901,2185,395419.56
2025-11-16 15:58:11.901,2186,403612.41
2025-11-16 15:58:11.901,2187,421032.91
2025-11-16 15:58:11.901,2188,369134.25
2025-11-16 15:58:11.901,2189,376290.09
2025-11-16 15:58:11.901,2190,358884.03
2025-11-16 15:58:11.901,2191,403612.41
2025-11-16 15:58:11.901,2192,250766.73
2025-11-16 15:58:11.901,2193,391443.63
2025-11-16 15:58:11.901,2194,399475.0
2025-11-16 15:58:11.901,2195,399475.0
2025-11-16 15:58:11.901,2196,372678.72
2025-11-16 15:58:11.901,2197,346048.91
2025-11-16 15:58:11.901,2198,379970.25
2025-11-16 15:58:11.901,2199,536008.31
2025-11-16 15:58:11.901,2200,372678.72
2025-11-16 15:58:11.901,2201,450099.75
2025-11-16 15:58:11.901,2202,312394.69
2025-11-16 15:58:11.901,2203,312394.69
2025-11-16 15:58:11.901,2204,157058.67
2025-11-16 15:58:11.901,2205,528822.38
2025-11-16 15:58:11.901,2206,104608.9
2025-11-16 15:58:11.901,2207,104608.9
2025-11-16 15:58:11.901,2208,206594.58
2025-11-16 15:58:11.901,2209,206594.58
2025-11-16 15:58:11.901,2210,206594.58
2025-11-16 15:58:11.901,2211,206594.58
2025-11-16 15:58:11.901,2212,206594.58
2025-11-16 15:58:11.901,2213,206594.58
2025-11-16 15:58:11.901,2214,206594.58
2025-11-16 15:58:11.901,2215,206594.58
2025-11-16 15:58:11.901,2216,206594.58
2025-11-16 15:58:11.901,2217,206594.58
2025-11-16 15:58:11.901,2218,206594.58
2025-11-16 15:58:11.901,2219,206594.58
2025-11-16 15:58:11.901,2220,206594.58
2025-11-16 15:58:11.901,2221,206594.58
2025-11-16 15:58:11.901,2222,206594.58
2025-11-16 15:58:11.901,2223,206594.58
2025-11-16 15:58:11.901,2224,206594.58
2025-11-16 15:58:11.901,2225,206594.58
2025-11-16 15:58:11.901,2226,206594.58
2025-11-16 15:58:11.901,2227,206594.58
2025-11-16 15:58:11.901,2228,206594.58
2025-11-16 15:58:11.901,2229,206594.58
2025-11-16 15:58:11.901,2230,206594.58
2025-11-16 15:58:11.901,2231,206594.58
2025-11-16 15:58:11.901,2232,206594.58
2025-11-16 15:58:11.901,2233,206594.58
2025-11-16 15:58:11.901,2234,206594.58
2025-11-16 15:58:11.901,2235,206594.58
2025-11-16 15:58:11.901,2236,206594.58
2025-11-16 15:58:11.901,2237,206594.58
2025-11-16 15:58:11.901,2238,206594.58
2025-11-16 15:58:11.901,2239,206594.58
2025-11-16 15:58:11.901,2240,206594.58
2025-11-16 15:58:11.901,2241,206594.58
2025-11-16 15:58:11.901,2242,206594.58
2025-11-16 15:58:11.901,2243,206594.58
2025-11-16 15:58:11.901,2244,206594.58
2025-11-16 15:58:11.901,2245,206594.58
2025-11-16 15:58:11.901,2246,206594.58
2025-11-16 15:58:11.901,2247,206594.58
2025-11-16 15:58:11.901,2248,206594.58
2025-11-16 15:58:11.901,2249,206594.58
2025-11-16 15:58:11.901,2250,206594.58
2025-11-16 15:58:11.901,2251,206594.58
2025-11-16 15:58:11.901,2252,206594.58
2025-11-16 15:58:11.901,2253,206594.58
2025-11-16 15:58:11.901,2254,206594.58
2025-11-16 15:58:11.901,2255,206594.58
2025-11-16 15:58:11.901,2256,206594.58
2025-11-16 15:58:11.901,2257,193656.09
2025-11-16 15:58:11.901,2258,191648.39
2025-11-16 15:58:11.901,2259,193656.09
2025-11-16 15:58:11.901,2260,191648.39
2025-11-16 15:58:11.901,2261,210090.06
2025-11-16 15:58:11.901,2262,193656.09
2025-11-16 15:58:11.901,2263,206594.58
2025-11-16 15:58:11.901,2264,189679.88
2025-11-16 15:58:11.901,2265,187749.41
2025-11-16 15:58:11.901,2266,206594.58
2025-11-16 15:58:11.901,2267,206594.58
2025-11-16 15:58:11.901,2268,204325.27
2025-11-16 15:58:11.901,2269,206594.58
2025-11-16 15:58:11.901,2270,191648.39
2025-11-16 15:58:11.901,2271,204325.27
2025-11-16 15:58:11.901,2272,203208.34
2025-11-16 15:58:11.901,2273,193656.09
2025-11-16 15:58:11.901,2274,206594.58
2025-11-16 15:58:11.901,2275,226638.0
2025-11-16 15:58:11.901,2276,216173.34
2025-11-16 15:58:11.901,2277,225277.3
2025-11-16 15:58:11.901,2278,213700.14
2025-11-16 15:58:11.901,2279,222602.28
2025-11-16 15:58:11.901,2280,206594.58
2025-11-16 15:58:11.901,2281,214929.95
2025-11-16 15:58:11.901,2282,223932.14
2025-11-16 15:58:11.901,2283,214929.95
2025-11-16 15:58:11.901,2284,191648.39
2025-11-16 15:58:11.901,2285,213700.14
2025-11-16 15:58:11.901,2286,187749.41
2025-11-16 15:58:11.901,2287,229407.17
2025-11-16 15:58:11.901,2288,120737.61
2025-11-16 15:58:11.901,2289,206594.58
2025-11-16 15:58:11.901,2290,229407.17
2025-11-16 15:58:11.901,2291,229407.17
2025-11-16 15:58:11.901,2292,197793.8
2025-11-16 15:58:11.901,2293,193656.09
2025-11-16 15:58:11.901,2294,213700.14
2025-11-16 15:58:11.901,2295,284551.28
2025-11-16 15:58:11.901,2296,183998.22
2025-11-16 15:58:11.901,2297,261133.28
2025-11-16 15:58:11.901,2298,235144.47
2025-11-16 15:58:11.901,2299,235144.47
2025-11-16 15:58:11.901,2300,62628.1
2025-11-16 15:58:11.901,2301,339960.47
2025-11-16 15:58:11.901,2302,56803.11
2025-11-16 15:58:11.901,2303,56803.11
2025-11-16 15:58:12.185,0,30229.68
2025-11-16 15:58:12.185,1,38636.91
2025-11-16 15:58:12.185,2,41920.75
2025-11-16 15:58:12.185,3,41139.08
2025-11-16 15:58:12.185,4,41397.01
2025-11-16 15:58:12.185,5,41526.96
2025-11-16 15:58:12.185,6,42320.58
2025-11-16 15:58:12.185,7,42590.57
2025-11-16 15:58:12.185,8,41788.82
2025-11-16 15:58:12.185,9,41788.82
2025-11-16 15:58:12.185,10,42658.5
2025-11-16 15:58:12.185,11,41267.73
2025-11-16 15:58:12.185,12,42455.23
2025-11-16 15:58:12.185,13,41986.96
2025-11-16 15:58:12.185,14,43698.91
2025-11-16 15:58:12.185,15,42320.58
2025-11-16 15:58:12.185,16,43983.32
2025-11-16 15:58:12.185,17,44126.66
2025-11-16 15:58:12.185,18,44561.25
2025-11-16 15:58:12.185,19,45451.66
2025-11-16 15:58:12.185,20,45754.95
2025-11-16 15:58:12.185,21,46371.55
2025-11-16 15:58:12.185,22,42387.82
2025-11-16 15:58:12.185,23,47161.71
2025-11-16 15:58:12.185,24,43698.91
2025-11-16 15:58:12.185,25,44707.67
2025-11-16 15:58:12.185,26,47565.14
2025-11-16 15:58:12.185,27,45754.95
2025-11-16 15:58:12.185,28,44054.89
2025-11-16 15:58:12.185,29,45907.83
2025-11-16 15:58:12.185,30,45002.86
2025-11-16 15:58:12.185,31,48305.81
2025-11-16 15:58:12.185,32,84035.92
2025-11-16 15:58:12.185,33,43557.83
2025-11-16 15:58:12.185,34,48641.14
2025-11-16 15:58:12.185,35,46527.84
2025-11-16 15:58:12.185,36,45831.29
2025-11-16 15:58:12.185,37,45301.25
2025-11-16 15:58:12.185,38,51284.3
2025-11-16 15:58:12.185,39,64212.57
2025-11-16 15:58:12.185,40,112509.73
2025-11-16 15:58:12.185,41,55939.52
2025-11-16 15:58:12.185,42,44854.87
2025-11-16 15:58:12.185,43,44854.87
2025-11-16 15:58:12.185,44,63810.02
2025-11-16 15:58:12.185,45,102712.45
2025-11-16 15:58:12.185,46,60132.29
2025-11-16 15:58:12.185,47,60132.29
2025-11-16 15:58:12.185,48,125056.52
2025-11-16 15:58:12.185,49,133091.78
2025-11-16 15:58:12.185,50,132592.78
2025-11-16 15:58:12.185,51,129670.22
2025-11-16 15:58:12.185,52,132592.78
2025-11-16 15:58:12.185,53,134609.98
2025-11-16 15:58:12.185,54,135640.13
2025-11-16 15:58:12.185,55,135640.13
2025-11-16 15:58:12.185,56,133594.3
2025-11-16 15:58:12.185,57,135640.13
2025-11-16 15:58:12.185,58,135640.13
2025-11-16 15:58:12.185,59,137745.05
2025-11-16 15:58:12.185,60,129670.22
2025-11-16 15:58:12.185,61,136160.72
2025-11-16 15:58:12.185,62,139364.05
2025-11-16 15:58:12.185,63,133594.3
2025-11-16 15:58:12.185,64,129670.22
2025-11-16 15:58:12.185,65,134609.98
2025-11-16 15:58:12.185,66,143283.25
2025-11-16 15:58:12.185,67,138820.45
2025-11-16 15:58:12.185,68,145616.44
2025-11-16 15:58:12.185,69,143283.25
2025-11-16 15:58:12.185,70,128722.46
2025-11-16 15:58:12.185,71,142142.66
2025-11-16 15:58:12.185,72,129670.22
2025-11-16 15:58:12.185,73,133594.3
2025-11-16 15:58:12.185,74,130631.02
2025-11-16 15:58:12.185,75,137745.05
2025-11-16 15:58:12.185,76,136160.72
2025-11-16 15:58:12.185,77,129670.22
2025-11-16 15:58:12.185,78,133091.78
2025-11-16 15:58:12.185,79,143283.25
2025-11-16 15:58:12.185,80,195704.14
2025-11-16 15:58:12.185,81,138280.8
2025-11-16 15:58:12.185,82,145026.52
2025-11-16 15:58:12.185,83,139364.05
2025-11-16 15:58:12.185,84,137745.05
2025-11-16 15:58:12.185,85,142142.66
2025-11-16 15:58:12.185,86,154372.98
2025-11-16 15:58:12.185,87,182175.47
2025-11-16 15:58:12.185,88,268514.44
2025-11-16 15:58:12.185,89,154372.98
2025-11-16 15:58:12.185,90,137745.05
2025-11-16 15:58:12.185,91,137745.05
2025-11-16 15:58:12.185,92,108256.51
2025-11-16 15:58:12.185,93,136160.72
2025-11-16 15:58:12.185,94,143283.25
2025-11-16 15:58:12.185,95,143283.25
2025-11-16 15:58:12.185,96,72958.16
2025-11-16 15:58:12.185,97,73127.03
2025-11-16 15:58:12.185,98,75745.02
2025-11-16 15:58:12.185,99,77209.76
2025-11-16 15:58:12.185,100,74678.3
2025-11-16 15:58:12.185,101,74678.3
2025-11-16 15:58:12.185,102,74854.26
2025-11-16 15:58:12.185,103,76471.19
2025-11-16 15:58:12.185,104,74854.26
2025-11-16 15:58:12.185,105,75565.37
2025-11-16 15:58:12.185,106,75745.02
2025-11-16 15:58:12.185,107,77961.02
2025-11-16 15:58:12.185,108,76106.58
2025-11-16 15:58:12.185,109,76106.58
2025-11-16 15:58:12.185,110,78533.01
2025-11-16 15:58:12.185,111,75745.02
2025-11-16 15:58:12.185,112,71959.17
2025-11-16 15:58:12.185,113,77772.0
2025-11-16 15:58:12.185,114,77961.02
2025-11-16 15:58:12.185,115,76654.66
2025-11-16 15:58:12.185,116,81508.11
2025-11-16 15:58:12.185,117,83177.96
2025-11-16 15:58:12.185,118,74154.84
2025-11-16 15:58:12.185,119,83604.98
2025-11-16 15:58:12.185,120,76838.91
2025-11-16 15:58:12.185,121,78725.33
2025-11-16 15:58:12.185,122,77583.78
2025-11-16 15:58:12.185,123,81919.95
2025-11-16 15:58:12.185,124,79896.98
2025-11-16 15:58:12.185,125,77583.78
2025-11-16 15:58:12.185,126,78725.33
2025-11-16 15:58:12.185,127,85800.06
2025-11-16 15:58:12.185,128,137745.05
2025-11-16 15:58:12.185,129,82335.49
2025-11-16 15:58:12.185,130,85575.93
2025-11-16 15:58:12.185,131,82754.82
2025-11-16 15:58:12.185,132,79896.98
2025-11-16 15:58:12.185,133,80294.42
2025-11-16 15:58:12.185,134,89051.75
2025-11-16 15:58:12.185,135,106903.57
2025-11-16 15:58:12.185,136,189679.88
2025-11-16 15:58:12.185,137,78725.33
2025-11-16 15:58:12.185,138,81919.95
2025-11-16 15:58:12.185,139,81919.95
2025-11-16 15:58:12.185,140,86251.47
2025-11-16 15:58:12.185,141,141018.91
2025-11-16 15:58:12.185,142,94098.91
2025-11-16 15:58:12.185,143,94098.91
2025-11-16 15:58:12.185,144,46138.74
2025-11-16 15:58:12.185,145,47001.92
2025-11-16 15:58:12.185,146,45907.83
2025-11-16 15:58:12.185,147,46061.56
2025-11-16 15:58:12.185,148,45678.82
2025-11-16 15:58:12.185,149,46216.13
2025-11-16 15:58:12.185,150,44854.87
2025-11-16 15:58:12.185,151,45602.89
2025-11-16 15:58:12.185,152,45984.59
2025-11-16 15:58:12.185,153,45754.95
2025-11-16 15:58:12.185,154,45907.83
2025-11-16 15:58:12.185,155,44854.87
2025-11-16 15:58:12.185,156,45602.89
2025-11-16 15:58:12.185,157,46061.56
2025-11-16 15:58:12.185,158,46216.13
2025-11-16 15:58:12.185,159,44781.16
2025-11-16 15:58:12.185,160,36105.25
2025-11-16 15:58:12.185,161,45151.65
2025-11-16 15:58:12.185,162,46061.56
2025-11-16 15:58:12.185,163,42053.34
2025-11-16 15:58:12.185,164,49151.41
2025-11-16 15:58:12.185,165,48725.57
2025-11-16 15:58:12.185,166,44561.25
2025-11-16 15:58:12.185,167,50377.22
2025-11-16 15:58:12.185,168,45602.89
2025-11-16 15:58:12.185,169,47322.41
2025-11-16 15:58:12.185,170,45754.95
2025-11-16 15:58:12.185,171,48139.58
2025-11-16 15:58:12.185,172,47322.41
2025-11-16 15:58:12.185,173,46371.55
2025-11-16 15:58:12.185,174,48139.58
2025-11-16 15:58:12.185,175,52029.78
2025-11-16 15:58:12.185,176,87631.56
2025-11-16 15:58:12.185,177,48139.58
2025-11-16 15:58:12.185,178,51935.61
2025-11-16 15:58:12.185,179,50377.22
2025-11-16 15:58:12.185,180,47728.11
2025-11-16 15:58:12.185,181,48473.0
2025-11-16 15:58:12.185,182,54378.94
2025-11-16 15:58:12.185,183,65867.58
2025-11-16 15:58:12.185,184,115134.95
2025-11-16 15:58:12.185,185,51192.37
2025-11-16 15:58:12.185,186,48473.0
2025-11-16 15:58:12.185,187,48473.0
2025-11-16 15:58:12.185,188,59416.6
2025-11-16 15:58:12.185,189,92531.65
2025-11-16 15:58:12.185,190,59416.6
2025-11-16 15:58:12.185,191,59416.6
2025-11-16 15:58:12.185,192,30309.35
2025-11-16 15:58:12.185,193,30469.65
2025-11-16 15:58:12.185,194,29488.15
2025-11-16 15:58:12.185,195,29603.42
2025-11-16 15:58:12.185,196,28884.52
2025-11-16 15:58:12.185,197,29641.99
2025-11-16 15:58:12.185,198,29449.88
2025-11-16 15:58:12.185,199,29297.52
2025-11-16 15:58:12.185,200,29071.17
2025-11-16 15:58:12.185,201,28191.18
2025-11-16 15:58:12.185,202,29411.68
2025-11-16 15:58:12.185,203,29221.78
2025-11-16 15:58:12.185,204,29449.88
2025-11-16 15:58:12.185,205,29526.5
2025-11-16 15:58:12.185,206,30229.68
2025-11-16 15:58:12.185,207,29221.78
2025-11-16 15:58:12.185,208,23366.42
2025-11-16 15:58:12.185,209,29146.33
2025-11-16 15:58:12.185,210,28996.3
2025-11-16 15:58:12.185,211,21651.57
2025-11-16 15:58:12.185,212,31416.58
2025-11-16 15:58:12.185,213,32145.38
2025-11-16 15:58:12.185,214,27010.09
2025-11-16 15:58:12.185,215,32586.16
2025-11-16 15:58:12.185,216,29603.42
2025-11-16 15:58:12.185,217,31082.24
2025-11-16 15:58:12.185,218,31928.39
2025-11-16 15:58:12.185,219,31713.61
2025-11-16 15:58:12.185,220,30712.49
2025-11-16 15:58:12.185,221,30509.92
2025-11-16 15:58:12.185,222,30999.5
2025-11-16 15:58:12.185,223,34252.03
2025-11-16 15:58:12.185,224,62114.86
2025-11-16 15:58:12.185,225,30958.25
2025-11-16 15:58:12.185,226,34012.93
2025-11-16 15:58:12.185,227,33127.38
2025-11-16 15:58:12.185,228,31458.76
2025-11-16 15:58:12.185,229,31543.36
2025-11-16 15:58:12.185,230,35949.24
2025-11-16 15:58:12.185,231,44634.36
2025-11-16 15:58:12.185,232,82965.91
2025-11-16 15:58:12.185,233,36793.67
2025-11-16 15:58:12.185,234,31458.76
2025-11-16 15:58:12.185,235,31458.76
2025-11-16 15:58:12.185,236,45301.25
2025-11-16 15:58:12.185,237,83819.96
2025-11-16 15:58:12.185,238,42455.23
2025-11-16 15:58:12.185,239,42455.23
2025-11-16 15:58:12.185,240,19926.36
2025-11-16 15:58:12.185,241,20059.23
2025-11-16 15:58:12.185,242,19153.06
2025-11-16 15:58:12.185,243,19427.67
2025-11-16 15:58:12.185,244,19028.03
2025-11-16 15:58:12.185,245,19321.44
2025-11-16 15:58:12.185,246,19153.06
2025-11-16 15:58:12.185,247,18781.14
2025-11-16 15:58:12.185,248,18862.97
2025-11-16 15:58:12.185,249,19194.97
2025-11-16 15:58:12.185,250,19258.07
2025-11-16 15:58:12.185,251,19111.26
2025-11-16 15:58:12.185,252,19237.01
2025-11-16 15:58:12.185,253,19132.14
2025-11-16 15:58:12.185,254,19882.33
2025-11-16 15:58:12.185,255,19194.97
2025-11-16 15:58:12.185,256,19153.06
2025-11-16 15:58:12.185,257,20533.68
2025-11-16 15:58:12.185,258,19882.33
2025-11-16 15:58:12.185,259,19194.97
2025-11-16 15:58:12.185,260,21310.15
2025-11-16 15:58:12.185,261,21651.57
2025-11-16 15:58:12.185,262,19491.78
2025-11-16 15:58:12.185,263,22357.16
2025-11-16 15:58:12.185,264,20081.49
2025-11-16 15:58:12.185,265,21213.94
2025-11-16 15:58:12.185,266,22512.45
2025-11-16 15:58:12.185,267,21261.97
2025-11-16 15:58:12.185,268,21189.98
2025-11-16 15:58:12.185,269,21406.95
2025-11-16 15:58:12.185,270,21553.27
2025-11-16 15:58:12.185,271,23202.91
2025-11-16 15:58:12.185,272,45301.25
2025-11-16 15:58:12.185,273,21023.29
2025-11-16 15:58:12.185,274,23230.05
2025-11-16 15:58:12.185,275,22460.52
2025-11-16 15:58:12.185,276,21431.24
2025-11-16 15:58:12.185,277,21602.34
2025-11-16 15:58:12.185,278,24853.65
2025-11-16 15:58:12.185,279,31928.39
2025-11-16 15:58:12.185,280,61608.8
2025-11-16 15:58:12.185,281,26875.9
2025-11-16 15:58:12.185,282,21023.29
2025-11-16 15:58:12.185,283,21023.29
2025-11-16 15:58:12.185,284,34640.03
2025-11-16 15:58:12.185,285,67012.48
2025-11-16 15:58:12.185,286,31206.99
2025-11-16 15:58:12.185,287,31206.99
2025-11-16 15:58:12.185,288,16081.01
2025-11-16 15:58:12.185,289,16317.87
2025-11-16 15:58:12.185,290,15143.35
2025-11-16 15:58:12.185,291,15491.01
2025-11-16 15:58:12.185,292,15019.26
2025-11-16 15:58:12.185,293,15112.21
2025-11-16 15:58:12.185,294,15050.17
2025-11-16 15:58:12.185,295,15143.35
2025-11-16 15:58:12.185,296,15065.65
2025-11-16 15:58:12.185,297,14988.43
2025-11-16 15:58:12.185,298,15268.68
2025-11-16 15:58:12.185,299,15237.23
2025-11-16 15:58:12.185,300,15268.68
2025-11-16 15:58:12.185,301,15050.17
2025-11-16 15:58:12.185,302,16352.05
2025-11-16 15:58:12.185,303,15315.99
2025-11-16 15:58:12.185,304,17346.5
2025-11-16 15:58:12.185,305,16964.95
2025-11-16 15:58:12.185,306,17163.47
2025-11-16 15:58:12.185,307,18740.4
2025-11-16 15:58:12.185,308,17438.93
2025-11-16 15:58:12.185,309,18026.2
2025-11-16 15:58:12.185,310,16047.52
2025-11-16 15:58:12.185,311,18221.02
2025-11-16 15:58:12.185,312,16148.25
2025-11-16 15:58:12.185,313,17272.99
2025-11-16 15:58:12.185,314,18801.55
2025-11-16 15:58:12.185,315,17181.67
2025-11-16 15:58:12.185,316,17272.99
2025-11-16 15:58:12.185,317,17550.68
2025-11-16 15:58:12.185,318,17457.49
2025-11-16 15:58:12.185,319,18659.26
2025-11-16 15:58:12.185,320,38578.92
2025-11-16 15:58:12.185,321,17018.8
2025-11-16 15:58:12.185,322,18578.57
2025-11-16 15:58:12.185,323,18026.2
2025-11-16 15:58:12.185,324,17476.08
2025-11-16 15:58:12.185,325,17606.89
2025-11-16 15:58:12.185,326,20193.28
2025-11-16 15:58:12.185,327,26479.11
2025-11-16 15:58:12.185,328,52793.59
2025-11-16 15:58:12.185,329,23421.27
2025-11-16 15:58:12.185,330,16840.11
2025-11-16 15:58:12.185,331,16840.11
2025-11-16 15:58:12.185,332,30349.31
2025-11-16 15:58:12.185,333,60011.99
2025-11-16 15:58:12.185,334,26842.51
2025-11-16 15:58:12.185,335,26842.51
2025-11-16 15:58:12.185,336,14926.99
2025-11-16 15:58:12.185,337,15019.26
2025-11-16 15:58:12.185,338,13870.31
2025-11-16 15:58:12.185,339,14183.61
2025-11-16 15:58:12.185,340,13744.46
2025-11-16 15:58:12.185,341,13842.23
2025-11-16 15:58:12.185,342,13730.56
2025-11-16 15:58:12.185,343,13842.23
2025-11-16 15:58:12.185,344,13730.56
2025-11-16 15:58:12.185,345,13702.81
2025-11-16 15:58:12.185,346,13814.22
2025-11-16 15:58:12.185,347,13828.22
2025-11-16 15:58:12.185,348,13786.27
2025-11-16 15:58:12.185,349,13688.95
2025-11-16 15:58:12.185,350,14805.01
2025-11-16 15:58:12.185,351,13870.31
2025-11-16 15:58:12.185,352,15848.37
2025-11-16 15:58:12.185,353,15347.64
2025-11-16 15:58:12.185,354,15652.22
2025-11-16 15:58:12.185,355,17181.67
2025-11-16 15:58:12.185,356,15848.37
2025-11-16 15:58:12.185,357,16420.69
2025-11-16 15:58:12.185,358,14835.39
2025-11-16 15:58:12.185,359,16769.29
2025-11-16 15:58:12.185,360,14865.85
2025-11-16 15:58:12.185,361,15782.65
2025-11-16 15:58:12.185,362,17272.99
2025-11-16 15:58:12.185,363,15300.2
2025-11-16 15:58:12.185,364,15749.92
2025-11-16 15:58:12.185,365,16148.25
2025-11-16 15:58:12.185,366,15947.57
2025-11-16 15:58:12.185,367,17236.39
2025-11-16 15:58:12.185,368,35742.86
2025-11-16 15:58:12.185,369,15491.01
2025-11-16 15:58:12.185,370,17181.67
2025-11-16 15:58:12.185,371,16334.95
2025-11-16 15:58:12.185,372,15815.47
2025-11-16 15:58:12.185,373,16014.12
2025-11-16 15:58:12.185,374,18618.86
2025-11-16 15:58:12.185,375,24382.16
2025-11-16 15:58:12.185,376,48810.25
2025-11-16 15:58:12.185,377,22000.49
2025-11-16 15:58:12.185,378,15143.35
2025-11-16 15:58:12.185,379,15143.35
2025-11-16 15:58:12.185,380,27765.84
2025-11-16 15:58:12.185,381,56585.1
2025-11-16 15:58:12.185,382,24093.88
2025-11-16 15:58:12.185,383,24093.88
2025-11-16 15:58:12.185,384,14534.84
2025-11-16 15:58:12.185,385,14357.96
2025-11-16 15:58:12.185,386,13307.49
2025-11-16 15:58:12.185,387,13800.23
2025-11-16 15:58:12.185,388,13294.1
2025-11-16 15:58:12.185,389,13442.32
2025-11-16 15:58:12.185,390,13320.91
2025-11-16 15:58:12.185,391,13334.34
2025-11-16 15:58:12.185,392,13374.71
2025-11-16 15:58:12.185,393,13401.71
2025-11-16 15:58:12.185,394,13374.71
2025-11-16 15:58:12.185,395,13374.71
2025-11-16 15:58:12.185,396,13619.93
2025-11-16 15:58:12.185,397,13320.91
2025-11-16 15:58:12.185,398,14416.64
2025-11-16 15:58:12.185,399,13469.47
2025-11-16 15:58:12.185,400,15523.09
2025-11-16 15:58:12.185,401,14957.67
2025-11-16 15:58:12.185,402,15268.68
2025-11-16 15:58:12.185,403,16840.11
2025-11-16 15:58:12.185,404,15555.25
2025-11-16 15:58:12.185,405,16131.41
2025-11-16 15:58:12.185,406,14241.45
2025-11-16 15:58:12.185,407,16352.05
2025-11-16 15:58:12.185,408,14744.46
2025-11-16 15:58:12.185,409,15523.09
2025-11-16 15:58:12.185,410,16947.04
2025-11-16 15:58:12.185,411,15523.09
2025-11-16 15:58:12.185,412,15363.49
2025-11-16 15:58:12.185,413,16081.01
2025-11-16 15:58:12.185,414,15587.49
2025-11-16 15:58:12.185,415,16893.47
2025-11-16 15:58:12.185,416,35845.82
2025-11-16 15:58:12.185,417,15300.2
2025-11-16 15:58:12.185,418,16964.95
2025-11-16 15:58:12.185,419,16064.26
2025-11-16 15:58:12.185,420,15749.92
2025-11-16 15:58:12.185,421,15684.7
2025-11-16 15:58:12.185,422,18378.83
2025-11-16 15:58:12.185,423,24208.61
2025-11-16 15:58:12.185,424,48641.14
2025-11-16 15:58:12.185,425,21651.57
2025-11-16 15:58:12.185,426,15284.43
2025-11-16 15:58:12.185,427,15284.43
2025-11-16 15:58:12.185,428,27695.87
2025-11-16 15:58:12.185,429,56368.51
2025-11-16 15:58:12.185,430,24498.84
2025-11-16 15:58:12.185,431,24498.84
2025-11-16 15:58:12.185,432,14328.73
2025-11-16 15:58:12.185,433,14387.27
2025-11-16 15:58:12.185,434,13401.71
2025-11-16 15:58:12.185,435,13772.32
2025-11-16 15:58:12.185,436,13254.0
2025-11-16 15:58:12.185,437,13374.71
2025-11-16 15:58:12.185,438,13214.03
2025-11-16 15:58:12.185,439,13267.35
2025-11-16 15:58:12.185,440,13267.35
2025-11-16 15:58:12.185,441,13214.03
2025-11-16 15:58:12.185,442,13401.71
2025-11-16 15:58:12.185,443,13347.78
2025-11-16 15:58:12.185,444,13415.23
2025-11-16 15:58:12.185,445,13294.1
2025-11-16 15:58:12.185,446,14372.61
2025-11-16 15:58:12.185,447,13428.77
2025-11-16 15:58:12.185,448,15379.36
2025-11-16 15:58:12.185,449,14774.7
2025-11-16 15:58:12.185,450,15112.21
2025-11-16 15:58:12.185,451,16751.64
2025-11-16 15:58:12.185,452,15395.25
2025-11-16 15:58:12.185,453,16030.81
2025-11-16 15:58:12.185,454,14226.96
2025-11-16 15:58:12.185,455,16182.0
2025-11-16 15:58:12.185,456,14299.57
2025-11-16 15:58:12.185,457,15331.81
2025-11-16 15:58:12.185,458,16982.88
2025-11-16 15:58:12.185,459,15395.25
2025-11-16 15:58:12.185,460,15427.09
2025-11-16 15:58:12.185,461,15782.65
2025-11-16 15:58:12.185,462,15603.64
2025-11-16 15:58:12.185,463,16840.11
2025-11-16 15:58:12.185,464,36053.13
2025-11-16 15:58:12.185,465,15237.23
2025-11-16 15:58:12.185,466,16698.84
2025-11-16 15:58:12.185,467,15897.87
2025-11-16 15:58:12.185,468,15571.36
2025-11-16 15:58:12.185,469,15427.09
2025-11-16 15:58:12.185,470,18339.21
2025-11-16 15:58:12.185,471,23810.38
2025-11-16 15:58:12.185,472,48556.95
2025-11-16 15:58:12.185,473,21358.47
2025-11-16 15:58:12.185,474,14926.99
2025-11-16 15:58:12.185,475,14926.99
2025-11-16 15:58:12.185,476,27836.08
2025-11-16 15:58:12.185,477,55621.39
2025-11-16 15:58:12.185,478,24093.88
2025-11-16 15:58:12.185,479,24093.88
2025-11-16 15:58:12.185,480,14154.79
2025-11-16 15:58:12.185,481,14416.64
2025-11-16 15:58:12.185,482,13200.74
2025-11-16 15:58:12.185,483,13592.43
2025-11-16 15:58:12.185,484,13174.2
2025-11-16 15:58:12.185,485,13174.2
2025-11-16 15:58:12.185,486,13108.13
2025-11-16 15:58:12.185,487,13108.13
2025-11-16 15:58:12.185,488,13121.31
2025-11-16 15:58:12.185,489,13108.13
2025-11-16 15:58:12.185,490,13214.03
2025-11-16 15:58:12.185,491,13187.46
2025-11-16 15:58:12.185,492,13240.66
2025-11-16 15:58:12.185,493,13081.8
2025-11-16 15:58:12.185,494,14183.61
2025-11-16 15:58:12.185,495,13240.66
2025-11-16 15:58:12.185,496,15065.65
2025-11-16 15:58:12.185,497,14789.84
2025-11-16 15:58:12.185,498,14988.43
2025-11-16 15:58:12.185,499,16420.69
2025-11-16 15:58:12.185,500,15237.23
2025-11-16 15:58:12.185,501,15848.37
2025-11-16 15:58:12.185,502,14097.35
2025-11-16 15:58:12.185,503,16097.79
2025-11-16 15:58:12.185,504,14401.95
2025-11-16 15:58:12.185,505,15112.21
2025-11-16 15:58:12.185,506,16840.11
2025-11-16 15:58:12.185,507,15174.57
2025-11-16 15:58:12.185,508,15112.21
2025-11-16 15:58:12.185,509,15619.82
2025-11-16 15:58:12.185,510,15268.68
2025-11-16 15:58:12.185,511,16455.14
2025-11-16 15:58:12.185,512,35134.67
2025-11-16 15:58:12.185,513,14988.43
2025-11-16 15:58:12.185,514,16628.76
2025-11-16 15:58:12.185,515,15831.91
2025-11-16 15:58:12.185,516,15331.81
2025-11-16 15:58:12.185,517,15300.2
2025-11-16 15:58:12.185,518,17910.59
2025-11-16 15:58:12.185,519,23698.29
2025-11-16 15:58:12.185,520,47403.09
2025-11-16 15:58:12.185,521,21213.94
2025-11-16 15:58:12.185,522,14835.39
2025-11-16 15:58:12.185,523,14835.39
2025-11-16 15:58:12.185,524,26809.18
2025-11-16 15:58:12.185,525,54994.24
2025-11-16 15:58:12.185,526,23642.52
2025-11-16 15:58:12.185,527,23642.52
2025-11-16 15:58:12.185,528,14299.57
2025-11-16 15:58:12.185,529,14226.96
2025-11-16 15:58:12.185,530,13187.46
2025-11-16 15:58:12.185,531,13619.93
2025-11-16 15:58:12.185,532,13081.8
2025-11-16 15:58:12.185,533,13134.51
2025-11-16 15:58:12.185,534,13108.13
2025-11-16 15:58:12.185,535,13214.03
2025-11-16 15:58:12.185,536,13094.96
2025-11-16 15:58:12.185,537,13108.13
2025-11-16 15:58:12.185,538,13200.74
2025-11-16 15:58:12.185,539,13081.8
2025-11-16 15:58:12.185,540,13214.03
2025-11-16 15:58:12.185,541,13187.46
2025-11-16 15:58:12.185,542,14154.79
2025-11-16 15:58:12.185,543,13320.91
2025-11-16 15:58:12.185,544,15205.86
2025-11-16 15:58:12.185,545,14654.19
2025-11-16 15:58:12.185,546,14988.43
2025-11-16 15:58:12.185,547,16593.85
2025-11-16 15:58:12.185,548,15331.81
2025-11-16 15:58:12.185,549,15881.35
2025-11-16 15:58:12.185,550,14083.04
2025-11-16 15:58:12.185,551,16114.59
2025-11-16 15:58:12.185,552,14594.37
2025-11-16 15:58:12.185,553,15143.35
2025-11-16 15:58:12.185,554,16857.87
2025-11-16 15:58:12.185,555,15300.2
2025-11-16 15:58:12.185,556,15174.57
2025-11-16 15:58:12.185,557,15523.09
2025-11-16 15:58:12.185,558,15300.2
2025-11-16 15:58:12.185,559,16698.84
2025-11-16 15:58:12.185,560,35640.36
2025-11-16 15:58:12.185,561,15019.26
2025-11-16 15:58:12.185,562,16628.76
2025-11-16 15:58:12.185,563,15782.65
2025-11-16 15:58:12.185,564,15395.25
2025-11-16 15:58:12.185,565,15555.25
2025-11-16 15:58:12.185,566,18339.21
2025-11-16 15:58:12.185,567,24036.8
2025-11-16 15:58:12.185,568,48641.14
2025-11-16 15:58:12.185,569,21358.47
2025-11-16 15:58:12.185,570,14926.99
2025-11-16 15:58:12.185,571,14926.99
2025-11-16 15:58:12.185,572,27384.16
2025-11-16 15:58:12.185,573,55833.13
2025-11-16 15:58:12.185,574,24093.88
2025-11-16 15:58:12.185,575,24093.88
2025-11-16 15:58:12.185,576,14212.49
2025-11-16 15:58:12.185,577,14534.84
2025-11-16 15:58:12.185,578,13294.1
2025-11-16 15:58:12.185,579,13675.12
2025-11-16 15:58:12.185,580,13108.13
2025-11-16 15:58:12.185,581,13280.71
2025-11-16 15:58:12.185,582,13214.03
2025-11-16 15:58:12.185,583,13240.66
2025-11-16 15:58:12.185,584,13174.2
2025-11-16 15:58:12.185,585,13174.2
2025-11-16 15:58:12.185,586,13160.96
2025-11-16 15:58:12.185,587,13214.03
2025-11-16 15:58:12.185,588,13267.35
2025-11-16 15:58:12.185,589,13240.66
2025-11-16 15:58:12.185,590,14183.61
2025-11-16 15:58:12.185,591,13347.78
2025-11-16 15:58:12.185,592,15395.25
2025-11-16 15:58:12.185,593,14896.38
2025-11-16 15:58:12.185,594,15019.26
2025-11-16 15:58:12.185,595,16716.42
2025-11-16 15:58:12.185,596,15347.64
2025-11-16 15:58:12.185,597,15947.57
2025-11-16 15:58:12.185,598,13954.95
2025-11-16 15:58:12.185,599,16182.0
2025-11-16 15:58:12.185,600,14654.19
2025-11-16 15:58:12.185,601,15363.49
2025-11-16 15:58:12.185,602,17000.83
2025-11-16 15:58:12.185,603,15363.49
2025-11-16 15:58:12.185,604,15331.81
2025-11-16 15:58:12.185,605,15684.7
2025-11-16 15:58:12.185,606,15363.49
2025-11-16 15:58:12.185,607,16249.76
2025-11-16 15:58:12.185,608,35335.6
2025-11-16 15:58:12.185,609,15003.83
2025-11-16 15:58:12.185,610,16840.11
2025-11-16 15:58:12.185,611,15815.47
2025-11-16 15:58:12.185,612,15523.09
2025-11-16 15:58:12.185,613,15539.16
2025-11-16 15:58:12.185,614,18260.31
2025-11-16 15:58:12.185,615,23782.29
2025-11-16 15:58:12.185,616,48389.29
2025-11-16 15:58:12.185,617,21406.95
2025-11-16 15:58:12.185,618,14865.85
2025-11-16 15:58:12.185,619,14865.85
2025-11-16 15:58:12.185,620,27349.84
2025-11-16 15:58:12.185,621,56260.74
2025-11-16 15:58:12.185,622,24324.12
2025-11-16 15:58:12.185,623,24324.12
2025-11-16 15:58:12.185,624,14357.96
2025-11-16 15:58:12.185,625,14357.96
2025-11-16 15:58:12.185,626,13320.91
2025-11-16 15:58:12.185,627,13688.95
2025-11-16 15:58:12.185,628,13160.96
2025-11-16 15:58:12.185,629,13320.91
2025-11-16 15:58:12.185,630,13200.74
2025-11-16 15:58:12.185,631,13214.03
2025-11-16 15:58:12.185,632,13214.03
2025-11-16 15:58:12.185,633,13187.46
2025-11-16 15:58:12.185,634,13240.66
2025-11-16 15:58:12.185,635,13267.35
2025-11-16 15:58:12.185,636,13320.91
2025-11-16 15:58:12.185,637,13240.66
2025-11-16 15:58:12.185,638,14198.04
2025-11-16 15:58:12.185,639,13401.71
2025-11-16 15:58:12.185,640,15268.68
2025-11-16 15:58:12.185,641,14881.11
2025-11-16 15:58:12.185,642,14865.85
2025-11-16 15:58:12.185,643,16663.75
2025-11-16 15:58:12.185,644,15268.68
2025-11-16 15:58:12.185,645,15881.35
2025-11-16 15:58:12.185,646,14154.79
2025-11-16 15:58:12.185,647,16182.0
2025-11-16 15:58:12.185,648,14594.37
2025-11-16 15:58:12.185,649,15347.64
2025-11-16 15:58:12.185,650,16911.3
2025-11-16 15:58:12.185,651,15315.99
2025-11-16 15:58:12.185,652,15347.64
2025-11-16 15:58:12.185,653,15684.7
2025-11-16 15:58:12.185,654,15315.99
2025-11-16 15:58:12.185,655,16352.05
2025-11-16 15:58:12.185,656,35234.91
2025-11-16 15:58:12.185,657,15081.15
2025-11-16 15:58:12.185,658,16628.76
2025-11-16 15:58:12.185,659,15815.47
2025-11-16 15:58:12.185,660,15363.49
2025-11-16 15:58:12.185,661,15411.16
2025-11-16 15:58:12.185,662,18142.77
2025-11-16 15:58:12.185,663,23923.21
2025-11-16 15:58:12.185,664,47646.51
2025-11-16 15:58:12.185,665,21334.29
2025-11-16 15:58:12.185,666,14835.39
2025-11-16 15:58:12.185,667,14835.39
2025-11-16 15:58:12.185,668,27010.09
2025-11-16 15:58:12.185,669,54787.84
2025-11-16 15:58:12.185,670,23698.29
2025-11-16 15:58:12.185,671,23698.29
2025-11-16 15:58:12.185,672,14068.74
2025-11-16 15:58:12.185,673,14270.47
2025-11-16 15:58:12.185,674,13187.46
2025-11-16 15:58:12.185,675,13428.77
2025-11-16 15:58:12.185,676,13055.53
2025-11-16 15:58:12.185,677,13267.35
2025-11-16 15:58:12.185,678,13187.46
2025-11-16 15:58:12.185,679,13254.0
2025-11-16 15:58:12.185,680,13094.96
2025-11-16 15:58:12.185,681,13187.46
2025-11-16 15:58:12.185,682,13134.51
2025-11-16 15:58:12.185,683,13240.66
2025-11-16 15:58:12.185,684,13294.1
2025-11-16 15:58:12.185,685,13214.03
2025-11-16 15:58:12.185,686,14154.79
2025-11-16 15:58:12.185,687,13320.91
2025-11-16 15:58:12.185,688,15174.57
2025-11-16 15:58:12.185,689,14820.19
2025-11-16 15:58:12.185,690,15050.17
2025-11-16 15:58:12.185,691,16455.14
2025-11-16 15:58:12.185,692,15331.81
2025-11-16 15:58:12.185,693,15914.42
2025-11-16 15:58:12.185,694,14154.79
2025-11-16 15:58:12.185,695,16182.0
2025-11-16 15:58:12.185,696,14594.37
2025-11-16 15:58:12.185,697,15315.99
2025-11-16 15:58:12.185,698,16911.3
2025-11-16 15:58:12.185,699,15363.49
2025-11-16 15:58:12.185,700,15268.68
2025-11-16 15:58:12.185,701,15652.22
2025-11-16 15:58:12.185,702,15395.25
2025-11-16 15:58:12.185,703,16663.75
2025-11-16 15:58:12.185,704,35234.91
2025-11-16 15:58:12.185,705,15081.15
2025-11-16 15:58:12.185,706,16663.75
2025-11-16 15:58:12.185,707,15848.37
2025-11-16 15:58:12.185,708,15491.01
2025-11-16 15:58:12.185,709,15555.25
2025-11-16 15:58:12.185,710,18221.02
2025-11-16 15:58:12.185,711,23923.21
2025-11-16 15:58:12.185,712,48473.0
2025-11-16 15:58:12.185,713,21504.34
2025-11-16 15:58:12.185,714,15019.26
2025-11-16 15:58:12.185,715,15019.26
2025-11-16 15:58:12.185,716,27626.15
2025-11-16 15:58:12.185,717,54994.24
2025-11-16 15:58:12.185,718,24208.61
2025-11-16 15:58:12.185,719,24208.61
2025-11-16 15:58:12.185,720,14183.61
2025-11-16 15:58:12.185,721,14387.27
2025-11-16 15:58:12.185,722,13388.2
2025-11-16 15:58:12.185,723,13702.81
2025-11-16 15:58:12.185,724,13081.8
2025-11-16 15:58:12.185,725,13320.91
2025-11-16 15:58:12.185,726,13294.1
2025-11-16 15:58:12.185,727,13415.23
2025-11-16 15:58:12.185,728,13401.71
2025-11-16 15:58:12.185,729,13294.1
2025-11-16 15:58:12.185,730,13029.33
2025-11-16 15:58:12.185,731,13347.78
2025-11-16 15:58:12.185,732,13401.71
2025-11-16 15:58:12.185,733,13401.71
2025-11-16 15:58:12.185,734,14416.64
2025-11-16 15:58:12.185,735,13496.68
2025-11-16 15:58:12.185,736,15363.49
2025-11-16 15:58:12.185,737,14926.99
2025-11-16 15:58:12.185,738,15143.35
2025-11-16 15:58:12.185,739,16734.02
2025-11-16 15:58:12.185,740,15427.09
2025-11-16 15:58:12.185,741,16148.25
2025-11-16 15:58:12.185,742,14343.34
2025-11-16 15:58:12.185,743,16386.33
2025-11-16 15:58:12.185,744,14805.01
2025-11-16 15:58:12.185,745,15652.22
2025-11-16 15:58:12.185,746,16982.88
2025-11-16 15:58:12.185,747,15587.49
2025-11-16 15:58:12.185,748,15363.49
2025-11-16 15:58:12.185,749,16014.12
2025-11-16 15:58:12.185,750,15619.82
2025-11-16 15:58:12.185,751,16769.29
2025-11-16 15:58:12.185,752,36001.13
2025-11-16 15:58:12.185,753,15363.49
2025-11-16 15:58:12.185,754,17018.8
2025-11-16 15:58:12.185,755,16182.0
2025-11-16 15:58:12.185,756,15749.92
2025-11-16 15:58:12.185,757,15782.65
2025-11-16 15:58:12.185,758,18458.39
2025-11-16 15:58:12.185,759,24208.61
2025-11-16 15:58:12.185,760,50918.22
2025-11-16 15:58:12.185,761,21700.95
2025-11-16 15:58:12.185,762,15143.35
2025-11-16 15:58:12.185,763,15143.35
2025-11-16 15:58:12.185,764,28119.63
2025-11-16 15:58:12.185,765,56260.74
2025-11-16 15:58:12.185,766,24498.84
2025-11-16 15:58:12.185,767,24498.84
2025-11-16 15:58:12.185,768,14654.19
2025-11-16 15:58:12.185,769,14835.39
2025-11-16 15:58:12.185,770,13496.68
2025-11-16 15:58:12.185,771,13898.46
2025-11-16 15:58:12.185,772,13294.1
2025-11-16 15:58:12.185,773,13510.31
2025-11-16 15:58:12.185,774,13496.68
2025-11-16 15:58:12.185,775,13592.43
2025-11-16 15:58:12.185,776,13619.93
2025-11-16 15:58:12.185,777,13483.07
2025-11-16 15:58:12.185,778,13647.49
2025-11-16 15:58:12.185,779,13592.43
2025-11-16 15:58:12.185,780,13675.12
2025-11-16 15:58:12.185,781,13510.31
2025-11-16 15:58:12.185,782,14624.25
2025-11-16 15:58:12.185,783,13702.81
2025-11-16 15:58:12.185,784,15587.49
2025-11-16 15:58:12.185,785,15143.35
2025-11-16 15:58:12.185,786,15331.81
2025-11-16 15:58:12.185,787,16982.88
2025-11-16 15:58:12.185,788,15555.25
2025-11-16 15:58:12.185,789,16215.84
2025-11-16 15:58:12.185,790,14564.57
2025-11-16 15:58:12.185,791,16593.85
2025-11-16 15:58:12.185,792,14835.39
2025-11-16 15:58:12.185,793,15555.25
2025-11-16 15:58:12.185,794,17236.39
2025-11-16 15:58:12.185,795,15555.25
2025-11-16 15:58:12.185,796,15523.09
2025-11-16 15:58:12.185,797,16014.12
2025-11-16 15:58:12.185,798,15684.7
2025-11-16 15:58:12.185,799,16911.3
2025-11-16 15:58:12.185,800,35845.82
2025-11-16 15:58:12.185,801,15363.49
2025-11-16 15:58:12.185,802,16964.95
2025-11-16 15:58:12.185,803,16182.0
2025-11-16 15:58:12.185,804,15749.92
2025-11-16 15:58:12.185,805,15749.92
2025-11-16 15:58:12.185,806,18498.34
2025-11-16 15:58:12.185,807,24324.12
2025-11-16 15:58:12.185,808,50377.22
2025-11-16 15:58:12.185,809,21925.08
2025-11-16 15:58:12.185,810,15331.81
2025-11-16 15:58:12.185,811,15331.81
2025-11-16 15:58:12.185,812,27871.29
2025-11-16 15:58:12.185,813,56476.62
2025-11-16 15:58:12.185,814,24557.47
2025-11-16 15:58:12.185,815,24557.47
2025-11-16 15:58:12.185,816,14594.37
2025-11-16 15:58:12.185,817,14684.21
2025-11-16 15:58:12.185,818,13374.71
2025-11-16 15:58:12.185,819,13606.17
2025-11-16 15:58:12.185,820,13320.91
2025-11-16 15:58:12.185,821,13428.77
2025-11-16 15:58:12.185,822,13401.71
2025-11-16 15:58:12.185,823,13374.71
2025-11-16 15:58:12.185,824,13442.32
2025-11-16 15:58:12.185,825,13280.71
2025-11-16 15:58:12.185,826,13455.89
2025-11-16 15:58:12.185,827,13280.71
2025-11-16 15:58:12.185,828,13483.07
2025-11-16 15:58:12.185,829,13374.71
2025-11-16 15:58:12.185,830,14328.73
2025-11-16 15:58:12.185,831,13592.43
2025-11-16 15:58:12.185,832,15395.25
2025-11-16 15:58:12.185,833,14881.11
2025-11-16 15:58:12.185,834,15127.77
2025-11-16 15:58:12.185,835,16769.29
2025-11-16 15:58:12.185,836,15395.25
2025-11-16 15:58:12.185,837,15782.65
2025-11-16 15:58:12.185,838,14212.49
2025-11-16 15:58:12.185,839,16352.05
2025-11-16 15:58:12.185,840,14865.85
2025-11-16 15:58:12.185,841,15507.04
2025-11-16 15:58:12.185,842,17163.47
2025-11-16 15:58:12.185,843,15619.82
2025-11-16 15:58:12.185,844,15491.01
2025-11-16 15:58:12.185,845,16014.12
2025-11-16 15:58:12.185,846,15652.22
2025-11-16 15:58:12.185,847,16911.3
2025-11-16 15:58:12.185,848,35640.36
2025-11-16 15:58:12.185,849,15491.01
2025-11-16 15:58:12.185,850,16982.88
2025-11-16 15:58:12.185,851,16182.0
2025-11-16 15:58:12.185,852,15555.25
2025-11-16 15:58:12.185,853,15652.22
2025-11-16 15:58:12.185,854,18418.55
2025-11-16 15:58:12.185,855,24382.16
2025-11-16 15:58:12.185,856,49151.41
2025-11-16 15:58:12.185,857,21700.95
2025-11-16 15:58:12.185,858,15268.68
2025-11-16 15:58:12.185,859,15268.68
2025-11-16 15:58:12.185,860,27800.93
2025-11-16 15:58:12.185,861,56693.92
2025-11-16 15:58:12.185,862,24382.16
2025-11-16 15:58:12.185,863,24382.16
2025-11-16 15:58:12.185,864,14684.21
2025-11-16 15:58:12.185,865,14774.7
2025-11-16 15:58:12.185,866,13647.49
2025-11-16 15:58:12.185,867,14054.46
2025-11-16 15:58:12.185,868,13510.31
2025-11-16 15:58:12.185,869,13633.7
2025-11-16 15:58:12.185,870,13510.31
2025-11-16 15:58:12.185,871,13661.29
2025-11-16 15:58:12.185,872,13702.81
2025-11-16 15:58:12.185,873,13496.68
2025-11-16 15:58:12.185,874,13647.49
2025-11-16 15:58:12.185,875,13647.49
2025-11-16 15:58:12.185,876,13730.56
2025-11-16 15:58:12.185,877,13619.93
2025-11-16 15:58:12.185,878,14594.37
2025-11-16 15:58:12.185,879,13661.29
2025-11-16 15:58:12.185,880,15619.82
2025-11-16 15:58:12.185,881,15143.35
2025-11-16 15:58:12.185,882,15363.49
2025-11-16 15:58:12.185,883,16982.88
2025-11-16 15:58:12.185,884,15347.64
2025-11-16 15:58:12.185,885,16182.0
2025-11-16 15:58:12.185,886,14609.3
2025-11-16 15:58:12.185,887,16249.76
2025-11-16 15:58:12.185,888,14865.85
2025-11-16 15:58:12.185,889,15571.36
2025-11-16 15:58:12.185,890,17199.88
2025-11-16 15:58:12.185,891,15749.92
2025-11-16 15:58:12.185,892,15766.28
2025-11-16 15:58:12.185,893,16148.25
2025-11-16 15:58:12.185,894,15881.35
2025-11-16 15:58:12.185,895,17163.47
2025-11-16 15:58:12.185,896,36579.68
2025-11-16 15:58:12.185,897,15523.09
2025-11-16 15:58:12.185,898,17163.47
2025-11-16 15:58:12.185,899,16369.18
2025-11-16 15:58:12.185,900,16014.12
2025-11-16 15:58:12.185,901,16014.12
2025-11-16 15:58:12.185,902,18740.4
2025-11-16 15:58:12.185,903,24557.47
2025-11-16 15:58:12.185,904,50377.22
2025-11-16 15:58:12.185,905,22101.59
2025-11-16 15:58:12.185,906,15395.25
2025-11-16 15:58:12.185,907,15395.25
2025-11-16 15:58:12.185,908,28263.01
2025-11-16 15:58:12.185,909,56912.64
2025-11-16 15:58:12.185,910,25154.93
2025-11-16 15:58:12.185,911,25154.93
2025-11-16 15:58:12.185,912,15603.64
2025-11-16 15:58:12.185,913,15749.92
2025-11-16 15:58:12.185,914,14431.36
2025-11-16 15:58:12.185,915,14820.19
2025-11-16 15:58:12.185,916,14270.47
2025-11-16 15:58:12.185,917,14343.34
2025-11-16 15:58:12.185,918,14299.57
2025-11-16 15:58:12.185,919,14357.96
2025-11-16 15:58:12.185,920,14357.96
2025-11-16 15:58:12.185,921,14299.57
2025-11-16 15:58:12.185,922,14372.61
2025-11-16 15:58:12.185,923,14285.01
2025-11-16 15:58:12.185,924,14416.64
2025-11-16 15:58:12.185,925,14387.27
2025-11-16 15:58:12.185,926,15395.25
2025-11-16 15:58:12.185,927,14549.7
2025-11-16 15:58:12.185,928,16369.18
2025-11-16 15:58:12.185,929,15914.42
2025-11-16 15:58:12.185,930,16148.25
2025-11-16 15:58:12.185,931,17834.04
2025-11-16 15:58:12.185,932,16352.05
2025-11-16 15:58:12.185,933,17127.16
2025-11-16 15:58:12.185,934,15143.35
2025-11-16 15:58:12.185,935,16947.04
2025-11-16 15:58:12.185,936,15619.82
2025-11-16 15:58:12.185,937,16386.33
2025-11-16 15:58:12.185,938,18162.29
2025-11-16 15:58:12.185,939,16352.05
2025-11-16 15:58:12.185,940,16403.5
2025-11-16 15:58:12.185,941,16857.87
2025-11-16 15:58:12.185,942,16489.69
2025-11-16 15:58:12.185,943,17949.02
2025-11-16 15:58:12.185,944,37337.34
2025-11-16 15:58:12.185,945,16182.0
2025-11-16 15:58:12.185,946,17531.99
2025-11-16 15:58:12.185,947,16929.16
2025-11-16 15:58:12.185,948,16681.28
2025-11-16 15:58:12.185,949,16663.75
2025-11-16 15:58:12.185,950,19406.36
2025-11-16 15:58:12.185,951,25523.39
2025-11-16 15:58:12.185,952,52029.78
2025-11-16 15:58:12.185,953,22987.37
2025-11-16 15:58:12.185,954,16131.41
2025-11-16 15:58:12.185,955,16131.41
2025-11-16 15:58:12.185,956,28996.3
2025-11-16 15:58:12.185,957,58715.34
2025-11-16 15:58:12.185,958,25773.33
2025-11-16 15:58:12.185,959,25773.33
2025-11-16 15:58:12.185,960,29992.53
2025-11-16 15:58:12.185,961,30150.32
2025-11-16 15:58:12.185,962,28263.01
2025-11-16 15:58:12.185,963,28996.3
2025-11-16 15:58:12.185,964,27977.33
2025-11-16 15:58:12.185,965,27977.33
2025-11-16 15:58:12.185,966,27977.33
2025-11-16 15:58:12.185,967,27941.91
2025-11-16 15:58:12.185,968,27836.08
2025-11-16 15:58:12.185,969,27977.33
2025-11-16 15:58:12.185,970,27906.57
2025-11-16 15:58:12.185,971,27556.69
2025-11-16 15:58:12.185,972,27765.84
2025-11-16 15:58:12.185,973,28119.63
2025-11-16 15:58:12.185,974,28921.71
2025-11-16 15:58:12.185,975,27977.33
2025-11-16 15:58:12.185,976,30071.27
2025-11-16 15:58:12.185,977,29411.68
2025-11-16 15:58:12.185,978,27281.39
2025-11-16 15:58:12.185,979,30389.34
2025-11-16 15:58:12.185,980,28480.09
2025-11-16 15:58:12.185,981,29146.33
2025-11-16 15:58:12.185,982,28407.46
2025-11-16 15:58:12.185,983,29184.02
2025-11-16 15:58:12.185,984,27213.2
2025-11-16 15:58:12.185,985,28921.71
2025-11-16 15:58:12.185,986,29449.88
2025-11-16 15:58:12.185,987,24208.61
2025-11-16 15:58:12.185,988,30071.27
2025-11-16 15:58:12.185,989,29526.5
2025-11-16 15:58:12.185,990,30794.08
2025-11-16 15:58:12.185,991,33449.47
2025-11-16 15:58:12.185,992,61358.41
2025-11-16 15:58:12.185,993,29297.52
2025-11-16 15:58:12.185,994,30917.09
2025-11-16 15:58:12.185,995,28699.64
2025-11-16 15:58:12.185,996,30917.09
2025-11-16 15:58:12.185,997,30429.46
2025-11-16 15:58:12.185,998,34640.03
2025-11-16 15:58:12.185,999,42320.58
2025-11-16 15:58:12.185,1000,85352.86
2025-11-16 15:58:12.185,1001,39887.21
2025-11-16 15:58:12.185,1002,29146.33
2025-11-16 15:58:12.185,1003,29146.33
2025-11-16 15:58:12.185,1004,49933.65
2025-11-16 15:58:12.185,1005,93571.2
2025-11-16 15:58:12.185,1006,44928.77
2025-11-16 15:58:12.185,1007,44928.77
2025-11-16 15:58:12.185,1008,54582.74
2025-11-16 15:58:12.185,1009,54787.84
2025-11-16 15:58:12.185,1010,52124.24
2025-11-16 15:58:12.185,1011,52987.48
2025-11-16 15:58:12.185,1012,52600.88
2025-11-16 15:58:12.185,1013,52987.48
2025-11-16 15:58:12.185,1014,52697.09
2025-11-16 15:58:12.185,1015,52890.38
2025-11-16 15:58:12.185,1016,52987.48
2025-11-16 15:58:12.185,1017,52409.35
2025-11-16 15:58:12.185,1018,52600.88
2025-11-16 15:58:12.185,1019,52600.88
2025-11-16 15:58:12.185,1020,53182.58
2025-11-16 15:58:12.185,1021,51561.75
2025-11-16 15:58:12.185,1022,54378.94
2025-11-16 15:58:12.185,1023,52029.78
2025-11-16 15:58:12.185,1024,55833.13
2025-11-16 15:58:12.185,1025,54994.24
2025-11-16 15:58:12.185,1026,48139.58
2025-11-16 15:58:12.185,1027,53477.48
2025-11-16 15:58:12.185,1028,45754.95
2025-11-16 15:58:12.185,1029,47322.41
2025-11-16 15:58:12.185,1030,52124.24
2025-11-16 15:58:12.185,1031,43277.87
2025-11-16 15:58:12.185,1032,49583.45
2025-11-16 15:58:12.185,1033,52793.59
2025-11-16 15:58:12.185,1034,52600.88
2025-11-16 15:58:12.185,1035,49496.55
2025-11-16 15:58:12.185,1036,54176.42
2025-11-16 15:58:12.185,1037,52890.38
2025-11-16 15:58:12.185,1038,56046.25
2025-11-16 15:58:12.185,1039,62242.49
2025-11-16 15:58:12.185,1040,104608.9
2025-11-16 15:58:12.185,1041,56260.74
2025-11-16 15:58:12.185,1042,53182.58
2025-11-16 15:58:12.185,1043,52029.78
2025-11-16 15:58:12.185,1044,56046.25
2025-11-16 15:58:12.185,1045,53378.87
2025-11-16 15:58:12.185,1046,63411.8
2025-11-16 15:58:12.185,1047,57577.48
2025-11-16 15:58:12.185,1048,142142.66
2025-11-16 15:58:12.185,1049,72622.48
2025-11-16 15:58:12.185,1050,53378.87
2025-11-16 15:58:12.185,1051,53378.87
2025-11-16 15:58:12.185,1052,85800.06
2025-11-16 15:58:12.185,1053,155704.97
2025-11-16 15:58:12.185,1054,74678.3
2025-11-16 15:58:12.185,1055,74678.3
2025-11-16 15:58:12.185,1056,45754.95
2025-11-16 15:58:12.185,1057,45754.95
2025-11-16 15:58:12.185,1058,43698.91
2025-11-16 15:58:12.185,1059,43557.83
2025-11-16 15:58:12.185,1060,42726.61
2025-11-16 15:58:12.185,1061,42726.61
2025-11-16 15:58:12.185,1062,42658.5
2025-11-16 15:58:12.185,1063,43557.83
2025-11-16 15:58:12.185,1064,42186.62
2025-11-16 15:58:12.185,1065,41986.96
2025-11-16 15:58:12.185,1066,42387.82
2025-11-16 15:58:12.185,1067,42320.58
2025-11-16 15:58:12.185,1068,42726.61
2025-11-16 15:58:12.185,1069,42455.23
2025-11-16 15:58:12.185,1070,43557.83
2025-11-16 15:58:12.185,1071,42387.82
2025-11-16 15:58:12.185,1072,45002.86
2025-11-16 15:58:12.185,1073,44488.33
2025-11-16 15:58:12.185,1074,38636.91
2025-11-16 15:58:12.185,1075,45602.89
2025-11-16 15:58:12.185,1076,32014.92
2025-11-16 15:58:12.185,1077,32720.19
2025-11-16 15:58:12.185,1078,41920.75
2025-11-16 15:58:12.185,1079,39165.01
2025-11-16 15:58:12.185,1080,32189.05
2025-11-16 15:58:12.185,1081,38811.68
2025-11-16 15:58:12.185,1082,38463.37
2025-11-16 15:58:12.185,1083,35845.82
2025-11-16 15:58:12.185,1084,41267.73
2025-11-16 15:58:12.185,1085,42455.23
2025-11-16 15:58:12.185,1086,44488.33
2025-11-16 15:58:12.185,1087,49496.55
2025-11-16 15:58:12.185,1088,84909.8
2025-11-16 15:58:12.185,1089,42658.5
2025-11-16 15:58:12.185,1090,44343.09
2025-11-16 15:58:12.185,1091,42522.82
2025-11-16 15:58:12.185,1092,43698.91
2025-11-16 15:58:12.185,1093,42455.23
2025-11-16 15:58:12.185,1094,48641.14
2025-11-16 15:58:12.185,1095,54378.94
2025-11-16 15:58:12.185,1096,112877.99
2025-11-16 15:58:12.185,1097,57465.76
2025-11-16 15:58:12.185,1098,41657.55
2025-11-16 15:58:12.185,1099,41657.55
2025-11-16 15:58:12.185,1100,68192.39
2025-11-16 15:58:12.185,1101,132592.78
2025-11-16 15:58:12.185,1102,61860.94
2025-11-16 15:58:12.185,1103,61860.94
2025-11-16 15:58:12.185,1104,54994.24
2025-11-16 15:58:12.185,1105,54378.94
2025-11-16 15:58:12.185,1106,52890.38
2025-11-16 15:58:12.185,1107,54176.42
2025-11-16 15:58:12.185,1108,52409.35
2025-11-16 15:58:12.185,1109,53182.58
2025-11-16 15:58:12.185,1110,52409.35
2025-11-16 15:58:12.185,1111,52793.59
2025-11-16 15:58:12.185,1112,52793.59
2025-11-16 15:58:12.185,1113,52600.88
2025-11-16 15:58:12.185,1114,52793.59
2025-11-16 15:58:12.185,1115,50556.48
2025-11-16 15:58:12.185,1116,51561.75
2025-11-16 15:58:12.185,1117,52504.97
2025-11-16 15:58:12.185,1118,52218.99
2025-11-16 15:58:12.185,1119,51284.3
2025-11-16 15:58:12.185,1120,53084.88
2025-11-16 15:58:12.185,1121,52987.48
2025-11-16 15:58:12.185,1122,47161.71
2025-11-16 15:58:12.185,1123,53084.88
2025-11-16 15:58:12.185,1124,50199.01
2025-11-16 15:58:12.185,1125,51100.71
2025-11-16 15:58:12.185,1126,52600.88
2025-11-16 15:58:12.185,1127,50466.71
2025-11-16 15:58:12.185,1128,44854.87
2025-11-16 15:58:12.185,1129,51100.71
2025-11-16 15:58:12.185,1130,48139.58
2025-11-16 15:58:12.185,1131,47403.09
2025-11-16 15:58:12.185,1132,48139.58
2025-11-16 15:58:12.185,1133,47484.0
2025-11-16 15:58:12.185,1134,51376.5
2025-11-16 15:58:12.185,1135,59181.26
2025-11-16 15:58:12.185,1136,97381.57
2025-11-16 15:58:12.185,1137,50556.48
2025-11-16 15:58:12.185,1138,49151.41
2025-11-16 15:58:12.185,1139,48389.29
2025-11-16 15:58:12.185,1140,51468.98
2025-11-16 15:58:12.185,1141,50556.48
2025-11-16 15:58:12.185,1142,56693.92
2025-11-16 15:58:12.185,1143,67012.48
2025-11-16 15:58:12.185,1144,132097.22
2025-11-16 15:58:12.185,1145,70663.95
2025-11-16 15:58:12.185,1146,49845.72
2025-11-16 15:58:12.185,1147,49845.72
2025-11-16 15:58:12.185,1148,85130.81
2025-11-16 15:58:12.185,1149,155704.97
2025-11-16 15:58:12.185,1150,74678.3
2025-11-16 15:58:12.185,1151,74678.3
2025-11-16 15:58:12.185,1152,94632.04
2025-11-16 15:58:12.185,1153,97948.88
2025-11-16 15:58:12.185,1154,93309.35
2025-11-16 15:58:12.185,1155,88573.8
2025-11-16 15:58:12.185,1156,90021.7
2025-11-16 15:58:12.185,1157,93309.35
2025-11-16 15:58:12.185,1158,94098.91
2025-11-16 15:58:12.185,1159,94098.91
2025-11-16 15:58:12.185,1160,94098.91
2025-11-16 15:58:12.185,1161,90513.82
2025-11-16 15:58:12.185,1162,96541.67
2025-11-16 15:58:12.185,1163,96820.16
2025-11-16 15:58:12.185,1164,94900.64
2025-11-16 15:58:12.185,1165,92019.64
2025-11-16 15:58:12.185,1166,93048.8
2025-11-16 15:58:12.185,1167,94098.91
2025-11-16 15:58:12.185,1168,96820.16
2025-11-16 15:58:12.185,1169,94364.8
2025-11-16 15:58:12.185,1170,93048.8
2025-11-16 15:58:12.185,1171,103969.71
2025-11-16 15:58:12.185,1172,98522.22
2025-11-16 15:58:12.185,1173,98522.22
2025-11-16 15:58:12.185,1174,95170.63
2025-11-16 15:58:12.185,1175,97100.13
2025-11-16 15:58:12.185,1176,91010.8
2025-11-16 15:58:12.185,1177,97948.88
2025-11-16 15:58:12.185,1178,96820.16
2025-11-16 15:58:12.185,1179,96820.16
2025-11-16 15:58:12.185,1180,85800.06
2025-11-16 15:58:12.185,1181,94098.91
2025-11-16 15:58:12.185,1182,88573.8
2025-11-16 15:58:12.185,1183,105255.28
2025-11-16 15:58:12.185,1184,167961.95
2025-11-16 15:58:12.185,1185,84909.8
2025-11-16 15:58:12.185,1186,82965.91
2025-11-16 15:58:12.185,1187,85800.06
2025-11-16 15:58:12.185,1188,83604.98
2025-11-16 15:58:12.185,1189,81508.11
2025-11-16 15:58:12.185,1190,89534.38
2025-11-16 15:58:12.185,1191,103652.78
2025-11-16 15:58:12.185,1192,226638.0
2025-11-16 15:58:12.185,1193,128722.46
2025-11-16 15:58:12.185,1194,81919.95
2025-11-16 15:58:12.185,1195,81919.95
2025-11-16 15:58:12.185,1196,155704.97
2025-11-16 15:58:12.185,1197,278325.69
2025-11-16 15:58:12.185,1198,144441.03
2025-11-16 15:58:12.185,1199,144441.03
2025-11-16 15:58:12.185,1200,942433.13
2025-11-16 15:58:12.185,1201,942433.13
2025-11-16 15:58:12.185,1202,942433.13
2025-11-16 15:58:12.185,1203,942433.13
2025-11-16 15:58:12.185,1204,942433.13
2025-11-16 15:58:12.185,1205,942433.13
2025-11-16 15:58:12.185,1206,942433.13
2025-11-16 15:58:12.185,1207,942433.13
2025-11-16 15:58:12.185,1208,942433.13
2025-11-16 15:58:12.185,1209,942433.13
2025-11-16 15:58:12.185,1210,942433.13
2025-11-16 15:58:12.185,1211,942433.13
2025-11-16 15:58:12.185,1212,942433.13
2025-11-16 15:58:12.185,1213,942433.13
2025-11-16 15:58:12.185,1214,942433.13
2025-11-16 15:58:12.185,1215,942433.13
2025-11-16 15:58:12.185,1216,942433.13
2025-11-16 15:58:12.185,1217,942433.13
2025-11-16 15:58:12.185,1218,942433.13
2025-11-16 15:58:12.185,1219,942433.13
2025-11-16 15:58:12.185,1220,942433.13
2025-11-16 15:58:12.185,1221,942433.13
2025-11-16 15:58:12.185,1222,988899.38
2025-11-16 15:58:12.185,1223,988899.38
2025-11-16 15:58:12.185,1224,988899.38
2025-11-16 15:58:12.185,1225,920784.13
2025-11-16 15:58:12.185,1226,988899.38
2025-11-16 15:58:12.185,1227,988899.38
2025-11-16 15:58:12.185,1228,900097.25
2025-11-16 15:58:12.185,1229,880309.75
2025-11-16 15:58:12.185,1230,920784.13
2025-11-16 15:58:12.185,1231,793012.25
2025-11-16 15:58:12.185,1232,793012.25
2025-11-16 15:58:12.185,1233,793012.25
2025-11-16 15:58:12.185,1234,793012.25
2025-11-16 15:58:12.185,1235,793012.25
2025-11-16 15:58:12.185,1236,793012.25
2025-11-16 15:58:12.185,1237,793012.25
2025-11-16 15:58:12.185,1238,942433.13
2025-11-16 15:58:12.185,1239,171919.44
2025-11-16 15:58:12.185,1240,171919.44
2025-11-16 15:58:12.185,1241,171919.44
2025-11-16 15:58:12.185,1242,171919.44
2025-11-16 15:58:12.185,1243,171919.44
2025-11-16 15:58:12.185,1244,171919.44
2025-11-16 15:58:12.185,1245,171919.44
2025-11-16 15:58:12.185,1246,171919.44
2025-11-16 15:58:12.185,1247,171919.44
2025-11-16 15:58:12.185,1248,171919.44
2025-11-16 15:58:12.185,1249,174379.52
2025-11-16 15:58:12.185,1250,167191.02
2025-11-16 15:58:12.185,1251,165668.98
2025-11-16 15:58:12.185,1252,164172.88
2025-11-16 15:58:12.185,1253,167191.02
2025-11-16 15:58:12.185,1254,168739.63
2025-11-16 15:58:12.185,1255,170315.53
2025-11-16 15:58:12.185,1256,174379.52
2025-11-16 15:58:12.185,1257,162702.02
2025-11-16 15:58:12.185,1258,170315.53
2025-11-16 15:58:12.185,1259,167191.02
2025-11-16 15:58:12.185,1260,166426.73
2025-11-16 15:58:12.185,1261,166426.73
2025-11-16 15:58:12.185,1262,169524.13
2025-11-16 15:58:12.185,1263,164172.88
2025-11-16 15:58:12.185,1264,177764.91
2025-11-16 15:58:12.185,1265,154372.98
2025-11-16 15:58:12.185,1266,161975.84
2025-11-16 15:58:12.185,1267,178630.77
2025-11-16 15:58:12.185,1268,172732.14
2025-11-16 15:58:12.185,1269,165668.98
2025-11-16 15:58:12.185,1270,168739.63
2025-11-16 15:58:12.185,1271,161255.75
2025-11-16 15:58:12.185,1272,157058.67
2025-11-16 15:58:12.185,1273,167191.02
2025-11-16 15:58:12.185,1274,167961.95
2025-11-16 15:58:12.185,1275,165668.98
2025-11-16 15:58:12.185,1276,155704.97
2025-11-16 15:58:12.185,1277,172732.14
2025-11-16 15:58:12.185,1278,168739.63
2025-11-16 15:58:12.185,1279,177764.91
2025-11-16 15:58:12.185,1280,249115.52
2025-11-16 15:58:12.185,1281,161975.84
2025-11-16 15:58:12.185,1282,168739.63
2025-11-16 15:58:12.185,1283,173552.13
2025-11-16 15:58:12.185,1284,167191.02
2025-11-16 15:58:12.185,1285,154372.98
2025-11-16 15:58:12.185,1286,176906.95
2025-11-16 15:58:12.185,1287,217430.56
2025-11-16 15:58:12.185,1288,349173.25
2025-11-16 15:58:12.185,1289,211280.41
2025-11-16 15:58:12.185,1290,167191.02
2025-11-16 15:58:12.185,1291,167191.02
2025-11-16 15:58:12.185,1292,232241.86
2025-11-16 15:58:12.185,1293,379970.25
2025-11-16 15:58:12.185,1294,225277.3
2025-11-16 15:58:12.185,1295,225277.3
2025-11-16 15:58:12.185,1296,52409.35
2025-11-16 15:58:12.185,1297,51284.3
2025-11-16 15:58:12.185,1298,51009.33
2025-11-16 15:58:12.185,1299,50021.84
2025-11-16 15:58:12.185,1300,50021.84
2025-11-16 15:58:12.185,1301,50199.01
2025-11-16 15:58:12.185,1302,50556.48
2025-11-16 15:58:12.185,1303,50199.01
2025-11-16 15:58:12.185,1304,51009.33
2025-11-16 15:58:12.185,1305,50556.48
2025-11-16 15:58:12.185,1306,50918.22
2025-11-16 15:58:12.185,1307,50377.22
2025-11-16 15:58:12.185,1308,50556.48
2025-11-16 15:58:12.185,1309,50646.52
2025-11-16 15:58:12.185,1310,49583.45
2025-11-16 15:58:12.185,1311,51192.37
2025-11-16 15:58:12.185,1312,52124.24
2025-11-16 15:58:12.185,1313,50556.48
2025-11-16 15:58:12.185,1314,49670.62
2025-11-16 15:58:12.185,1315,56476.62
2025-11-16 15:58:12.185,1316,52793.59
2025-11-16 15:58:12.185,1317,54176.42
2025-11-16 15:58:12.185,1318,52124.24
2025-11-16 15:58:12.185,1319,52987.48
2025-11-16 15:58:12.185,1320,49323.48
2025-11-16 15:58:12.185,1321,52600.88
2025-11-16 15:58:12.185,1322,50377.22
2025-11-16 15:58:12.185,1323,51654.79
2025-11-16 15:58:12.185,1324,46061.56
2025-11-16 15:58:12.185,1325,52029.78
2025-11-16 15:58:12.185,1326,47322.41
2025-11-16 15:58:12.185,1327,57354.41
2025-11-16 15:58:12.185,1328,87167.16
2025-11-16 15:58:12.185,1329,47161.71
2025-11-16 15:58:12.185,1330,52504.97
2025-11-16 15:58:12.185,1331,52987.48
2025-11-16 15:58:12.185,1332,45002.86
2025-11-16 15:58:12.185,1333,43698.91
2025-11-16 15:58:12.185,1334,44854.87
2025-11-16 15:58:12.185,1335,68192.39
2025-11-16 15:58:12.185,1336,121579.19
2025-11-16 15:58:12.185,1337,68493.05
2025-11-16 15:58:12.185,1338,51100.71
2025-11-16 15:58:12.185,1339,51100.71
2025-11-16 15:58:12.185,1340,76471.19
2025-11-16 15:58:12.185,1341,145616.44
2025-11-16 15:58:12.185,1342,70663.95
2025-11-16 15:58:12.185,1343,70663.95
2025-11-16 15:58:12.185,1344,31971.61
2025-11-16 15:58:12.185,1345,31670.92
2025-11-16 15:58:12.185,1346,30550.28
2025-11-16 15:58:12.185,1347,30794.08
2025-11-16 15:58:12.185,1348,30229.68
2025-11-16 15:58:12.185,1349,30712.49
2025-11-16 15:58:12.185,1350,30389.34
2025-11-16 15:58:12.185,1351,30071.27
2025-11-16 15:58:12.185,1352,30309.35
2025-11-16 15:58:12.185,1353,30110.76
2025-11-16 15:58:12.185,1354,30671.81
2025-11-16 15:58:12.185,1355,30712.49
2025-11-16 15:58:12.185,1356,30349.31
2025-11-16 15:58:12.185,1357,30712.49
2025-11-16 15:58:12.185,1358,31332.49
2025-11-16 15:58:12.185,1359,30550.28
2025-11-16 15:58:12.185,1360,32810.01
2025-11-16 15:58:12.185,1361,31670.92
2025-11-16 15:58:12.185,1362,31885.26
2025-11-16 15:58:12.185,1363,35034.87
2025-11-16 15:58:12.185,1364,33036.22
2025-11-16 15:58:12.185,1365,34060.55
2025-11-16 15:58:12.185,1366,31585.79
2025-11-16 15:58:12.185,1367,33127.38
2025-11-16 15:58:12.185,1368,31332.49
2025-11-16 15:58:12.185,1369,33081.75
2025-11-16 15:58:12.185,1370,33776.39
2025-11-16 15:58:12.185,1371,32630.74
2025-11-16 15:58:12.185,1372,30631.22
2025-11-16 15:58:12.185,1373,33495.87
2025-11-16 15:58:12.185,1374,30631.22
2025-11-16 15:58:12.185,1375,35134.67
2025-11-16 15:58:12.185,1376,60374.14
2025-11-16 15:58:12.185,1377,29680.64
2025-11-16 15:58:12.185,1378,34156.08
2025-11-16 15:58:12.185,1379,33682.49
2025-11-16 15:58:12.185,1380,30550.28
2025-11-16 15:58:12.185,1381,29526.5
2025-11-16 15:58:12.185,1382,31543.36
2025-11-16 15:58:12.185,1383,44707.67
2025-11-16 15:58:12.185,1384,85130.81
2025-11-16 15:58:12.185,1385,42726.61
2025-11-16 15:58:12.185,1386,32189.05
2025-11-16 15:58:12.185,1387,32189.05
2025-11-16 15:58:12.185,1388,51192.37
2025-11-16 15:58:12.185,1389,99393.72
2025-11-16 15:58:12.185,1390,45602.89
2025-11-16 15:58:12.185,1391,45602.89
2025-11-16 15:58:12.185,1392,32855.06
2025-11-16 15:58:12.185,1393,32765.05
2025-11-16 15:58:12.185,1394,31713.61
2025-11-16 15:58:12.185,1395,31501.02
2025-11-16 15:58:12.185,1396,31374.49
2025-11-16 15:58:12.185,1397,31543.36
2025-11-16 15:58:12.185,1398,31458.76
2025-11-16 15:58:12.185,1399,31543.36
2025-11-16 15:58:12.185,1400,31374.49
2025-11-16 15:58:12.185,1401,30917.09
2025-11-16 15:58:12.185,1402,31458.76
2025-11-16 15:58:12.185,1403,31543.36
2025-11-16 15:58:12.185,1404,31374.49
2025-11-16 15:58:12.185,1405,31585.79
2025-11-16 15:58:12.185,1406,32058.32
2025-11-16 15:58:12.185,1407,31543.36
2025-11-16 15:58:12.185,1408,33310.84
2025-11-16 15:58:12.185,1409,31799.26
2025-11-16 15:58:12.185,1410,32675.42
2025-11-16 15:58:12.185,1411,36157.48
2025-11-16 15:58:12.185,1412,33776.39
2025-11-16 15:58:12.185,1413,34985.13
2025-11-16 15:58:12.185,1414,32855.06
2025-11-16 15:58:12.185,1415,35285.2
2025-11-16 15:58:12.185,1416,32675.42
2025-11-16 15:58:12.185,1417,34348.4
2025-11-16 15:58:12.185,1418,36105.25
2025-11-16 15:58:12.185,1419,34252.03
2025-11-16 15:58:12.185,1420,32189.05
2025-11-16 15:58:12.185,1421,34348.4
2025-11-16 15:58:12.185,1422,32630.74
2025-11-16 15:58:12.185,1423,36579.68
2025-11-16 15:58:12.185,1424,64077.9
2025-11-16 15:58:12.185,1425,31928.39
2025-11-16 15:58:12.185,1426,36473.41
2025-11-16 15:58:12.185,1427,35034.87
2025-11-16 15:58:12.185,1428,32855.06
2025-11-16 15:58:12.185,1429,32014.92
2025-11-16 15:58:12.185,1430,36579.68
2025-11-16 15:58:12.185,1431,47484.0
2025-11-16 15:58:12.185,1432,89292.48
2025-11-16 15:58:12.185,1433,43983.32
2025-11-16 15:58:12.185,1434,33588.98
2025-11-16 15:58:12.185,1435,33588.98
2025-11-16 15:58:12.185,1436,51935.61
2025-11-16 15:58:12.185,1437,103337.61
2025-11-16 15:58:12.185,1438,46216.13
2025-11-16 15:58:12.185,1439,46216.13
2025-11-16 15:58:12.185,1440,39105.77
2025-11-16 15:58:12.185,1441,38695.02
2025-11-16 15:58:12.185,1442,37118.37
2025-11-16 15:58:12.185,1443,37118.37
2025-11-16 15:58:12.185,1444,36955.46
2025-11-16 15:58:12.185,1445,37669.63
2025-11-16 15:58:12.185,1446,36901.41
2025-11-16 15:58:12.185,1447,37558.35
2025-11-16 15:58:12.185,1448,37669.63
2025-11-16 15:58:12.185,1449,37118.37
2025-11-16 15:58:12.185,1450,37447.59
2025-11-16 15:58:12.185,1451,37392.4
2025-11-16 15:58:12.185,1452,37502.91
2025-11-16 15:58:12.185,1453,37558.35
2025-11-16 15:58:12.185,1454,37009.64
2025-11-16 15:58:12.185,1455,37669.63
2025-11-16 15:58:12.185,1456,38695.02
2025-11-16 15:58:12.185,1457,37558.35
2025-11-16 15:58:12.185,1458,37669.63
2025-11-16 15:58:12.185,1459,42387.82
2025-11-16 15:58:12.185,1460,40630.89
2025-11-16 15:58:12.185,1461,41267.73
2025-11-16 15:58:12.185,1462,38811.68
2025-11-16 15:58:12.185,1463,41788.82
2025-11-16 15:58:12.185,1464,38695.02
2025-11-16 15:58:12.185,1465,41075.0
2025-11-16 15:58:12.185,1466,41986.96
2025-11-16 15:58:12.185,1467,40442.9
2025-11-16 15:58:12.185,1468,36053.13
2025-11-16 15:58:12.185,1469,40630.89
2025-11-16 15:58:12.185,1470,37009.64
2025-11-16 15:58:12.185,1471,43698.91
2025-11-16 15:58:12.185,1472,68644.23
2025-11-16 15:58:12.185,1473,36686.43
2025-11-16 15:58:12.185,1474,41788.82
2025-11-16 15:58:12.185,1475,41397.01
2025-11-16 15:58:12.185,1476,35845.82
2025-11-16 15:58:12.185,1477,35742.86
2025-11-16 15:58:12.185,1478,31374.49
2025-11-16 15:58:12.185,1479,54075.63
2025-11-16 15:58:12.185,1480,97948.88
2025-11-16 15:58:12.185,1481,52793.59
2025-11-16 15:58:12.185,1482,38578.92
2025-11-16 15:58:12.185,1483,38578.92
2025-11-16 15:58:12.185,1484,60374.14
2025-11-16 15:58:12.185,1485,114753.04
2025-11-16 15:58:12.185,1486,53182.58
2025-11-16 15:58:12.185,1487,53182.58
2025-11-16 15:58:12.185,1488,27836.08
2025-11-16 15:58:12.185,1489,27213.2
2025-11-16 15:58:12.185,1490,26316.28
2025-11-16 15:58:12.185,1491,26187.06
2025-11-16 15:58:12.185,1492,26544.65
2025-11-16 15:58:12.185,1493,26775.9
2025-11-16 15:58:12.185,1494,26742.69
2025-11-16 15:58:12.185,1495,26676.44
2025-11-16 15:58:12.185,1496,26026.81
2025-11-16 15:58:12.185,1497,26544.65
2025-11-16 15:58:12.185,1498,26942.87
2025-11-16 15:58:12.185,1499,26676.44
2025-11-16 15:58:12.185,1500,26709.53
2025-11-16 15:58:12.185,1501,27213.2
2025-11-16 15:58:12.185,1502,26676.44
2025-11-16 15:58:12.185,1503,26709.53
2025-11-16 15:58:12.185,1504,27384.16
2025-11-16 15:58:12.185,1505,26544.65
2025-11-16 15:58:12.185,1506,26676.44
2025-11-16 15:58:12.185,1507,30389.34
2025-11-16 15:58:12.185,1508,28996.3
2025-11-16 15:58:12.185,1509,29526.5
2025-11-16 15:58:12.185,1510,27836.08
2025-11-16 15:58:12.185,1511,30389.34
2025-11-16 15:58:12.185,1512,27591.39
2025-11-16 15:58:12.185,1513,29221.78
2025-11-16 15:58:12.185,1514,31040.83
2025-11-16 15:58:12.185,1515,29071.17
2025-11-16 15:58:12.185,1516,26775.9
2025-11-16 15:58:12.185,1517,29449.88
2025-11-16 15:58:12.185,1518,26742.69
2025-11-16 15:58:12.185,1519,31040.83
2025-11-16 15:58:12.185,1520,52600.88
2025-11-16 15:58:12.185,1521,26283.89
2025-11-16 15:58:12.185,1522,30590.71
2025-11-16 15:58:12.185,1523,29603.42
2025-11-16 15:58:12.185,1524,26544.65
2025-11-16 15:58:12.185,1525,27010.09
2025-11-16 15:58:12.185,1526,28443.74
2025-11-16 15:58:12.185,1527,40756.99
2025-11-16 15:58:12.185,1528,72622.48
2025-11-16 15:58:12.185,1529,38006.61
2025-11-16 15:58:12.185,1530,28119.63
2025-11-16 15:58:12.185,1531,28119.63
2025-11-16 15:58:12.185,1532,43840.75
2025-11-16 15:58:12.185,1533,88573.8
2025-11-16 15:58:12.185,1534,38348.37
2025-11-16 15:58:12.185,1535,38348.37
2025-11-16 15:58:12.185,1536,25836.37
2025-11-16 15:58:12.185,1537,25836.37
2025-11-16 15:58:12.185,1538,25836.37
2025-11-16 15:58:12.185,1539,25836.37
2025-11-16 15:58:12.185,1540,25836.37
2025-11-16 15:58:12.185,1541,25836.37
2025-11-16 15:58:12.185,1542,25836.37
2025-11-16 15:58:12.185,1543,25836.37
2025-11-16 15:58:12.185,1544,25836.37
2025-11-16 15:58:12.185,1545,25836.37
2025-11-16 15:58:12.185,1546,25836.37
2025-11-16 15:58:12.185,1547,25836.37
2025-11-16 15:58:12.185,1548,25836.37
2025-11-16 15:58:12.185,1549,25836.37
2025-11-16 15:58:12.185,1550,25836.37
2025-11-16 15:58:12.185,1551,25836.37
2025-11-16 15:58:12.185,1552,25836.37
2025-11-16 15:58:12.185,1553,25836.37
2025-11-16 15:58:12.185,1554,25836.37
2025-11-16 15:58:12.185,1555,25836.37
2025-11-16 15:58:12.185,1556,25836.37
2025-11-16 15:58:12.185,1557,25836.37
2025-11-16 15:58:12.185,1558,25836.37
2025-11-16 15:58:12.185,1559,25836.37
2025-11-16 15:58:12.185,1560,25836.37
2025-11-16 15:58:12.185,1561,25836.37
2025-11-16 15:58:12.185,1562,25836.37
2025-11-16 15:58:12.185,1563,25836.37
2025-11-16 15:58:12.185,1564,25836.37
2025-11-16 15:58:12.185,1565,25836.37
2025-11-16 15:58:12.185,1566,25836.37
2025-11-16 15:58:12.185,1567,25836.37
2025-11-16 15:58:12.185,1568,25836.37
2025-11-16 15:58:12.185,1569,25836.37
2025-11-16 15:58:12.185,1570,25836.37
2025-11-16 15:58:12.185,1571,25836.37
2025-11-16 15:58:12.185,1572,25836.37
2025-11-16 15:58:12.185,1573,25836.37
2025-11-16 15:58:12.185,1574,25836.37
2025-11-16 15:58:12.185,1575,25836.37
2025-11-16 15:58:12.185,1576,25836.37
2025-11-16 15:58:12.185,1577,25836.37
2025-11-16 15:58:12.185,1578,25836.37
2025-11-16 15:58:12.185,1579,25836.37
2025-11-16 15:58:12.185,1580,25836.37
2025-11-16 15:58:12.185,1581,25836.37
2025-11-16 15:58:12.185,1582,25836.37
2025-11-16 15:58:12.185,1583,25836.37
2025-11-16 15:58:12.185,1584,25836.37
2025-11-16 15:58:12.185,1585,25185.35
2025-11-16 15:58:12.185,1586,24237.42
2025-11-16 15:58:12.185,1587,24093.88
2025-11-16 15:58:12.185,1588,24353.12
2025-11-16 15:58:12.185,1589,24324.12
2025-11-16 15:58:12.185,1590,24498.84
2025-11-16 15:58:12.185,1591,24382.16
2025-11-16 15:58:12.185,1592,24586.87
2025-11-16 15:58:12.185,1593,24498.84
2025-11-16 15:58:12.185,1594,24382.16
2025-11-16 15:58:12.185,1595,24616.31
2025-11-16 15:58:12.185,1596,24675.34
2025-11-16 15:58:12.185,1597,24498.84
2025-11-16 15:58:12.185,1598,24324.12
2025-11-16 15:58:12.185,1599,24616.31
2025-11-16 15:58:12.185,1600,25492.39
2025-11-16 15:58:12.185,1601,24794.01
2025-11-16 15:58:12.185,1602,24324.12
2025-11-16 15:58:12.185,1603,28191.18
2025-11-16 15:58:12.185,1604,26676.44
2025-11-16 15:58:12.185,1605,26544.65
2025-11-16 15:58:12.185,1606,25276.9
2025-11-16 15:58:12.185,1607,27906.57
2025-11-16 15:58:12.185,1608,25616.71
2025-11-16 15:58:12.185,1609,26742.69
2025-11-16 15:58:12.185,1610,28371.24
2025-11-16 15:58:12.185,1611,26909.36
2025-11-16 15:58:12.185,1612,25033.8
2025-11-16 15:58:12.185,1613,27145.25
2025-11-16 15:58:12.185,1614,24913.49
2025-11-16 15:58:12.185,1615,28699.64
2025-11-16 15:58:12.185,1616,48725.57
2025-11-16 15:58:12.185,1617,25094.26
2025-11-16 15:58:12.185,1618,28227.06
2025-11-16 15:58:12.185,1619,27247.26
2025-11-16 15:58:12.185,1620,25033.8
2025-11-16 15:58:12.185,1621,25585.55
2025-11-16 15:58:12.185,1622,27906.57
2025-11-16 15:58:12.185,1623,38233.91
2025-11-16 15:58:12.185,1624,70663.95
2025-11-16 15:58:12.185,1625,35184.73
2025-11-16 15:58:12.185,1626,26154.89
2025-11-16 15:58:12.185,1627,26154.89
2025-11-16 15:58:12.185,1628,42320.58
2025-11-16 15:58:12.185,1629,84909.8
2025-11-16 15:58:12.185,1630,36632.99
2025-11-16 15:58:12.185,1631,36632.99
2025-11-16 15:58:12.185,1632,23923.21
2025-11-16 15:58:12.185,1633,23586.93
2025-11-16 15:58:12.185,1634,22933.92
2025-11-16 15:58:12.185,1635,22880.64
2025-11-16 15:58:12.185,1636,22987.37
2025-11-16 15:58:12.185,1637,23040.99
2025-11-16 15:58:12.185,1638,23040.99
2025-11-16 15:58:12.185,1639,23202.91
2025-11-16 15:58:12.185,1640,23202.91
2025-11-16 15:58:12.185,1641,22907.26
2025-11-16 15:58:12.185,1642,23586.93
2025-11-16 15:58:12.185,1643,23148.76
2025-11-16 15:58:12.185,1644,22987.37
2025-11-16 15:58:12.185,1645,22987.37
2025-11-16 15:58:12.185,1646,21602.34
2025-11-16 15:58:12.185,1647,23014.16
2025-11-16 15:58:12.185,1648,22643.0
2025-11-16 15:58:12.185,1649,22101.59
2025-11-16 15:58:12.185,1650,22486.47
2025-11-16 15:58:12.185,1651,26090.74
2025-11-16 15:58:12.185,1652,25154.93
2025-11-16 15:58:12.185,1653,25710.52
2025-11-16 15:58:12.185,1654,24093.88
2025-11-16 15:58:12.185,1655,26219.28
2025-11-16 15:58:12.185,1656,23866.7
2025-11-16 15:58:12.185,1657,25461.45
2025-11-16 15:58:12.185,1658,25773.33
2025-11-16 15:58:12.185,1659,24734.57
2025-11-16 15:58:12.185,1660,19153.06
2025-11-16 15:58:12.185,1661,24913.49
2025-11-16 15:58:12.185,1662,17163.47
2025-11-16 15:58:12.185,1663,27077.54
2025-11-16 15:58:12.185,1664,43698.91
2025-11-16 15:58:12.185,1665,17738.95
2025-11-16 15:58:12.185,1666,25033.8
2025-11-16 15:58:12.185,1667,25094.26
2025-11-16 15:58:12.185,1668,17072.88
2025-11-16 15:58:12.185,1669,19664.09
2025-11-16 15:58:12.185,1670,24093.88
2025-11-16 15:58:12.185,1671,33776.39
2025-11-16 15:58:12.185,1672,63411.8
2025-11-16 15:58:12.185,1673,33542.38
2025-11-16 15:58:12.185,1674,24151.15
2025-11-16 15:58:12.185,1675,24151.15
2025-11-16 15:58:12.185,1676,38811.68
2025-11-16 15:58:12.185,1677,80095.27
2025-11-16 15:58:12.185,1678,34252.03
2025-11-16 15:58:12.185,1679,34252.03
2025-11-16 15:58:12.185,1680,35335.6
2025-11-16 15:58:12.185,1681,34591.16
2025-11-16 15:58:12.185,1682,34156.08
2025-11-16 15:58:12.185,1683,32945.45
2025-11-16 15:58:12.185,1684,33682.49
2025-11-16 15:58:12.185,1685,34156.08
2025-11-16 15:58:12.185,1686,34252.03
2025-11-16 15:58:12.185,1687,34156.08
2025-11-16 15:58:12.185,1688,34108.26
2025-11-16 15:58:12.185,1689,33870.7
2025-11-16 15:58:12.185,1690,34445.18
2025-11-16 15:58:12.185,1691,33776.39
2025-11-16 15:58:12.185,1692,34156.08
2025-11-16 15:58:12.185,1693,34300.16
2025-11-16 15:58:12.185,1694,30269.48
2025-11-16 15:58:12.185,1695,33588.98
2025-11-16 15:58:12.185,1696,33310.84
2025-11-16 15:58:12.185,1697,32145.38
2025-11-16 15:58:12.185,1698,34108.26
2025-11-16 15:58:12.185,1699,38120.0
2025-11-16 15:58:12.185,1700,36686.43
2025-11-16 15:58:12.185,1701,37392.4
2025-11-16 15:58:12.185,1702,35184.73
2025-11-16 15:58:12.185,1703,37725.46
2025-11-16 15:58:12.185,1704,34640.03
2025-11-16 15:58:12.185,1705,36739.99
2025-11-16 15:58:12.185,1706,37781.43
2025-11-16 15:58:12.185,1707,36053.13
2025-11-16 15:58:12.185,1708,31458.76
2025-11-16 15:58:12.185,1709,36686.43
2025-11-16 15:58:12.185,1710,31206.99
2025-11-16 15:58:12.185,1711,38811.68
2025-11-16 15:58:12.185,1712,56912.64
2025-11-16 15:58:12.185,1713,31040.83
2025-11-16 15:58:12.185,1714,37502.91
2025-11-16 15:58:12.185,1715,37009.64
2025-11-16 15:58:12.185,1716,29526.5
2025-11-16 15:58:12.185,1717,31885.26
2025-11-16 15:58:12.185,1718,36420.45
2025-11-16 15:58:12.185,1719,49758.04
2025-11-16 15:58:12.185,1720,75565.37
2025-11-16 15:58:12.185,1721,46684.98
2025-11-16 15:58:12.185,1722,35949.24
2025-11-16 15:58:12.185,1723,35949.24
2025-11-16 15:58:12.185,1724,52697.09
2025-11-16 15:58:12.185,1725,106570.16
2025-11-16 15:58:12.185,1726,46371.55
2025-11-16 15:58:12.185,1727,46371.55
2025-11-16 15:58:12.185,1728,25963.11
2025-11-16 15:58:12.185,1729,25185.35
2025-11-16 15:58:12.185,1730,24734.57
2025-11-16 15:58:12.185,1731,24734.57
2025-11-16 15:58:12.185,1732,24616.31
2025-11-16 15:58:12.185,1733,25064.0
2025-11-16 15:58:12.185,1734,24382.16
2025-11-16 15:58:12.185,1735,24794.01
2025-11-16 15:58:12.185,1736,24734.57
2025-11-16 15:58:12.185,1737,24734.57
2025-11-16 15:58:12.185,1738,24734.57
2025-11-16 15:58:12.185,1739,24794.01
2025-11-16 15:58:12.185,1740,24675.34
2025-11-16 15:58:12.185,1741,24794.01
2025-11-16 15:58:12.185,1742,22460.52
2025-11-16 15:58:12.185,1743,24734.57
2025-11-16 15:58:12.185,1744,24498.84
2025-11-16 15:58:12.185,1745,23339.05
2025-11-16 15:58:12.185,1746,23284.46
2025-11-16 15:58:12.185,1747,27836.08
2025-11-16 15:58:12.185,1748,26742.69
2025-11-16 15:58:12.185,1749,27145.25
2025-11-16 15:58:12.185,1750,25710.52
2025-11-16 15:58:12.185,1751,27836.08
2025-11-16 15:58:12.185,1752,25215.81
2025-11-16 15:58:12.185,1753,26381.24
2025-11-16 15:58:12.185,1754,27010.09
2025-11-16 15:58:12.185,1755,26090.74
2025-11-16 15:58:12.185,1756,18986.58
2025-11-16 15:58:12.185,1757,26219.28
2025-11-16 15:58:12.185,1758,20464.99
2025-11-16 15:58:12.185,1759,28480.09
2025-11-16 15:58:12.185,1760,44854.87
2025-11-16 15:58:12.185,1761,22050.96
2025-11-16 15:58:12.185,1762,27281.39
2025-11-16 15:58:12.185,1763,26479.11
2025-11-16 15:58:12.185,1764,21166.06
2025-11-16 15:58:12.185,1765,21166.06
2025-11-16 15:58:12.185,1766,25523.39
2025-11-16 15:58:12.185,1767,36157.48
2025-11-16 15:58:12.185,1768,65867.58
2025-11-16 15:58:12.185,1769,35234.91
2025-11-16 15:58:12.185,1770,25710.52
2025-11-16 15:58:12.185,1771,25710.52
2025-11-16 15:58:12.185,1772,39826.22
2025-11-16 15:58:12.185,1773,82544.69
2025-11-16 15:58:12.185,1774,34156.08
2025-11-16 15:58:12.185,1775,34156.08
2025-11-16 15:58:12.185,1776,23311.73
2025-11-16 15:58:12.185,1777,22564.54
2025-11-16 15:58:12.185,1778,22126.97
2025-11-16 15:58:12.185,1779,22025.71
2025-11-16 15:58:12.185,1780,22050.96
2025-11-16 15:58:12.185,1781,22305.72
2025-11-16 15:58:12.185,1782,22305.72
2025-11-16 15:58:12.185,1783,22331.42
2025-11-16 15:58:12.185,1784,22357.16
2025-11-16 15:58:12.185,1785,22101.59
2025-11-16 15:58:12.185,1786,22305.72
2025-11-16 15:58:12.185,1787,22203.33
2025-11-16 15:58:12.185,1788,22152.38
2025-11-16 15:58:12.185,1789,21700.95
2025-11-16 15:58:12.185,1790,20510.75
2025-11-16 15:58:12.185,1791,22305.72
2025-11-16 15:58:12.185,1792,21406.95
2025-11-16 15:58:12.185,1793,20834.94
2025-11-16 15:58:12.185,1794,20881.81
2025-11-16 15:58:12.185,1795,25064.0
2025-11-16 15:58:12.185,1796,24151.15
2025-11-16 15:58:12.185,1797,24498.84
2025-11-16 15:58:12.185,1798,22987.37
2025-11-16 15:58:12.185,1799,25033.8
2025-11-16 15:58:12.185,1800,22880.64
2025-11-16 15:58:12.185,1801,24324.12
2025-11-16 15:58:12.185,1802,24734.57
2025-11-16 15:58:12.185,1803,23866.7
2025-11-16 15:58:12.185,1804,18538.4
2025-11-16 15:58:12.185,1805,24179.86
2025-11-16 15:58:12.185,1806,19194.97
2025-11-16 15:58:12.185,1807,26090.74
2025-11-16 15:58:12.185,1808,42522.82
2025-11-16 15:58:12.185,1809,19751.0
2025-11-16 15:58:12.185,1810,24382.16
2025-11-16 15:58:12.185,1811,24498.84
2025-11-16 15:58:12.185,1812,18084.37
2025-11-16 15:58:12.185,1813,17018.8
2025-11-16 15:58:12.185,1814,23284.46
2025-11-16 15:58:12.185,1815,33310.84
2025-11-16 15:58:12.185,1816,60495.69
2025-11-16 15:58:12.185,1817,32408.75
2025-11-16 15:58:12.185,1818,23642.52
2025-11-16 15:58:12.185,1819,23642.52
2025-11-16 15:58:12.185,1820,36901.41
2025-11-16 15:58:12.185,1821,77209.76
2025-11-16 15:58:12.185,1822,32101.8
2025-11-16 15:58:12.185,1823,32101.8
2025-11-16 15:58:12.185,1824,32765.05
2025-11-16 15:58:12.185,1825,31713.61
2025-11-16 15:58:12.185,1826,31885.26
2025-11-16 15:58:12.185,1827,31290.57
2025-11-16 15:58:12.185,1828,31374.49
2025-11-16 15:58:12.185,1829,31501.02
2025-11-16 15:58:12.185,1830,31458.76
2025-11-16 15:58:12.185,1831,31501.02
2025-11-16 15:58:12.185,1832,31501.02
2025-11-16 15:58:12.185,1833,31458.76
2025-11-16 15:58:12.185,1834,31885.26
2025-11-16 15:58:12.185,1835,31628.31
2025-11-16 15:58:12.185,1836,31374.49
2025-11-16 15:58:12.185,1837,31971.61
2025-11-16 15:58:12.185,1838,28299.01
2025-11-16 15:58:12.185,1839,31416.58
2025-11-16 15:58:12.185,1840,31543.36
2025-11-16 15:58:12.185,1841,31040.83
2025-11-16 15:58:12.185,1842,30071.27
2025-11-16 15:58:12.185,1843,35285.2
2025-11-16 15:58:12.185,1844,34156.08
2025-11-16 15:58:12.185,1845,34396.74
2025-11-16 15:58:12.185,1846,32189.05
2025-11-16 15:58:12.185,1847,35184.73
2025-11-16 15:58:12.185,1848,32855.06
2025-11-16 15:58:12.185,1849,35034.87
2025-11-16 15:58:12.185,1850,35335.6
2025-11-16 15:58:12.185,1851,33495.87
2025-11-16 15:58:12.185,1852,28847.41
2025-11-16 15:58:12.185,1853,33776.39
2025-11-16 15:58:12.185,1854,27626.15
2025-11-16 15:58:12.185,1855,36420.45
2025-11-16 15:58:12.185,1856,56368.51
2025-11-16 15:58:12.185,1857,29680.64
2025-11-16 15:58:12.185,1858,35034.87
2025-11-16 15:58:12.185,1859,34445.18
2025-11-16 15:58:12.185,1860,29526.5
2025-11-16 15:58:12.185,1861,30071.27
2025-11-16 15:58:12.185,1862,33776.39
2025-11-16 15:58:12.185,1863,47081.7
2025-11-16 15:58:12.185,1864,82965.91
2025-11-16 15:58:12.185,1865,43983.32
2025-11-16 15:58:12.185,1866,32990.79
2025-11-16 15:58:12.185,1867,32990.79
2025-11-16 15:58:12.185,1868,50021.84
2025-11-16 15:58:12.185,1869,95170.63
2025-11-16 15:58:12.185,1870,43277.87
2025-11-16 15:58:12.185,1871,43277.87
2025-11-16 15:58:12.185,1872,27384.16
2025-11-16 15:58:12.185,1873,26676.44
2025-11-16 15:58:12.185,1874,26154.89
2025-11-16 15:58:12.185,1875,26026.81
2025-11-16 15:58:12.185,1876,26187.06
2025-11-16 15:58:12.185,1877,26316.28
2025-11-16 15:58:12.185,1878,26154.89
2025-11-16 15:58:12.185,1879,26251.55
2025-11-16 15:58:12.185,1880,26219.28
2025-11-16 15:58:12.185,1881,25994.93
2025-11-16 15:58:12.185,1882,26283.89
2025-11-16 15:58:12.185,1883,26187.06
2025-11-16 15:58:12.185,1884,26026.81
2025-11-16 15:58:12.185,1885,26187.06
2025-11-16 15:58:12.185,1886,23257.23
2025-11-16 15:58:12.185,1887,26187.06
2025-11-16 15:58:12.185,1888,26283.89
2025-11-16 15:58:12.185,1889,24973.54
2025-11-16 15:58:12.185,1890,24853.65
2025-11-16 15:58:12.185,1891,29221.78
2025-11-16 15:58:12.185,1892,28407.46
2025-11-16 15:58:12.185,1893,28699.64
2025-11-16 15:58:12.185,1894,27145.25
2025-11-16 15:58:12.185,1895,29564.92
2025-11-16 15:58:12.185,1896,27077.54
2025-11-16 15:58:12.185,1897,28480.09
2025-11-16 15:58:12.185,1898,28996.3
2025-11-16 15:58:12.185,1899,28191.18
2025-11-16 15:58:12.185,1900,21775.31
2025-11-16 15:58:12.185,1901,28263.01
2025-11-16 15:58:12.185,1902,20373.88
2025-11-16 15:58:12.185,1903,30071.27
2025-11-16 15:58:12.185,1904,47322.41
2025-11-16 15:58:12.185,1905,23698.29
2025-11-16 15:58:12.185,1906,28810.36
2025-11-16 15:58:12.185,1907,28480.09
2025-11-16 15:58:12.185,1908,23284.46
2025-11-16 15:58:12.185,1909,23339.05
2025-11-16 15:58:12.185,1910,26187.06
2025-11-16 15:58:12.185,1911,39165.01
2025-11-16 15:58:12.185,1912,68192.39
2025-11-16 15:58:12.185,1913,37118.37
2025-11-16 15:58:12.185,1914,26875.9
2025-11-16 15:58:12.185,1915,26875.9
2025-11-16 15:58:12.185,1916,41397.01
2025-11-16 15:58:12.185,1917,86251.47
2025-11-16 15:58:12.185,1918,35949.24
2025-11-16 15:58:12.185,1919,35949.24
2025-11-16 15:58:12.185,1920,483368.97
2025-11-16 15:58:12.185,1921,435092.38
2025-11-16 15:58:12.185,1922,439984.91
2025-11-16 15:58:12.185,1923,387544.88
2025-11-16 15:58:12.185,1924,379970.25
2025-11-16 15:58:12.185,1925,466154.09
2025-11-16 15:58:12.185,1926,403612.41
2025-11-16 15:58:12.185,1927,460679.59
2025-11-16 15:58:12.185,1928,471757.34
2025-11-16 15:58:12.185,1929,403612.41
2025-11-16 15:58:12.185,1930,460679.59
2025-11-16 15:58:12.185,1931,477494.09
2025-11-16 15:58:12.185,1932,483368.97
2025-11-16 15:58:12.185,1933,407834.16
2025-11-16 15:58:12.185,1934,379970.25
2025-11-16 15:58:12.185,1935,495554.03
2025-11-16 15:58:12.185,1936,483368.97
2025-11-16 15:58:12.185,1937,483368.97
2025-11-16 15:58:12.185,1938,450099.75
2025-11-16 15:58:12.185,1939,460679.59
2025-11-16 15:58:12.185,1940,521823.06
2025-11-16 15:58:12.185,1941,521823.06
2025-11-16 15:58:12.185,1942,450099.75
2025-11-16 15:58:12.185,1943,439984.91
2025-11-16 15:58:12.185,1944,399475.0
2025-11-16 15:58:12.185,1945,489387.19
2025-11-16 15:58:12.185,1946,508356.06
2025-11-16 15:58:12.185,1947,521823.06
2025-11-16 15:58:12.185,1948,471757.34
2025-11-16 15:58:12.185,1949,471757.34
2025-11-16 15:58:12.185,1950,439984.91
2025-11-16 15:58:12.185,1951,521823.06
2025-11-16 15:58:12.185,1952,536008.31
2025-11-16 15:58:12.185,1953,477494.09
2025-11-16 15:58:12.185,1954,508356.06
2025-11-16 15:58:12.185,1955,521823.06
2025-11-16 15:58:12.185,1956,430305.09
2025-11-16 15:58:12.185,1957,495554.03
2025-11-16 15:58:12.185,1958,489387.19
2025-11-16 15:58:12.185,1959,672541.69
2025-11-16 15:58:12.185,1960,672541.69
2025-11-16 15:58:12.185,1961,583498.19
2025-11-16 15:58:12.185,1962,521823.06
2025-11-16 15:58:12.185,1963,521823.06
2025-11-16 15:58:12.185,1964,403612.41
2025-11-16 15:58:12.185,1965,965113.19
2025-11-16 15:58:12.185,1966,339960.47
2025-11-16 15:58:12.185,1967,339960.47
2025-11-16 15:58:12.185,1968,30835.0
2025-11-16 15:58:12.185,1969,29603.42
2025-11-16 15:58:12.185,1970,29526.5
2025-11-16 15:58:12.185,1971,29071.17
2025-11-16 15:58:12.185,1972,29564.92
2025-11-16 15:58:12.185,1973,29564.92
2025-11-16 15:58:12.185,1974,29297.52
2025-11-16 15:58:12.185,1975,29992.53
2025-11-16 15:58:12.185,1976,29297.52
2025-11-16 15:58:12.185,1977,29564.92
2025-11-16 15:58:12.185,1978,30229.68
2025-11-16 15:58:12.185,1979,30229.68
2025-11-16 15:58:12.185,1980,29449.88
2025-11-16 15:58:12.185,1981,29992.53
2025-11-16 15:58:12.185,1982,27213.2
2025-11-16 15:58:12.185,1983,29992.53
2025-11-16 15:58:12.185,1984,30110.76
2025-11-16 15:58:12.185,1985,28921.71
2025-11-16 15:58:12.185,1986,29033.7
2025-11-16 15:58:12.185,1987,34060.55
2025-11-16 15:58:12.185,1988,31885.26
2025-11-16 15:58:12.185,1989,33356.95
2025-11-16 15:58:12.185,1990,30876.0
2025-11-16 15:58:12.185,1991,33588.98
2025-11-16 15:58:12.185,1992,30794.08
2025-11-16 15:58:12.185,1993,32945.45
2025-11-16 15:58:12.185,1994,33542.38
2025-11-16 15:58:12.185,1995,32276.66
2025-11-16 15:58:12.185,1996,27077.54
2025-11-16 15:58:12.185,1997,32320.6
2025-11-16 15:58:12.185,1998,24324.12
2025-11-16 15:58:12.185,1999,34738.09
2025-11-16 15:58:12.185,2000,52600.88
2025-11-16 15:58:12.185,2001,26610.43
2025-11-16 15:58:12.185,2002,33495.87
2025-11-16 15:58:12.185,2003,32900.21
2025-11-16 15:58:12.185,2004,27941.91
2025-11-16 15:58:12.185,2005,27836.08
2025-11-16 15:58:12.185,2006,31290.57
2025-11-16 15:58:12.185,2007,44928.77
2025-11-16 15:58:12.185,2008,75745.02
2025-11-16 15:58:12.185,2009,42320.58
2025-11-16 15:58:12.185,2010,31501.02
2025-11-16 15:58:12.185,2011,31501.02
2025-11-16 15:58:12.185,2012,46216.13
2025-11-16 15:58:12.185,2013,95170.63
2025-11-16 15:58:12.185,2014,40318.35
2025-11-16 15:58:12.185,2015,40318.35
2025-11-16 15:58:12.185,2016,387544.88
2025-11-16 15:58:12.185,2017,372678.72
2025-11-16 15:58:12.185,2018,407834.16
2025-11-16 15:58:12.185,2019,346048.91
2025-11-16 15:58:12.185,2020,430305.09
2025-11-16 15:58:12.185,2021,466154.09
2025-11-16 15:58:12.185,2022,358884.03
2025-11-16 15:58:12.185,2023,403612.41
2025-11-16 15:58:12.185,2024,450099.75
2025-11-16 15:58:12.185,2025,362238.63
2025-11-16 15:58:12.185,2026,391443.63
2025-11-16 15:58:12.185,2027,430305.09
2025-11-16 15:58:12.185,2028,379970.25
2025-11-16 15:58:12.185,2029,387544.88
2025-11-16 15:58:12.185,2030,383721.19
2025-11-16 15:58:12.185,2031,383721.19
2025-11-16 15:58:12.185,2032,421032.91
2025-11-16 15:58:12.185,2033,372678.72
2025-11-16 15:58:12.185,2034,379970.25
2025-11-16 15:58:12.185,2035,395419.56
2025-11-16 15:58:12.185,2036,399475.0
2025-11-16 15:58:12.185,2037,460679.59
2025-11-16 15:58:12.185,2038,395419.56
2025-11-16 15:58:12.185,2039,383721.19
2025-11-16 15:58:12.185,2040,391443.63
2025-11-16 15:58:12.185,2041,403612.41
2025-11-16 15:58:12.185,2042,412143.03
2025-11-16 15:58:12.185,2043,403612.41
2025-11-16 15:58:12.185,2044,372678.72
2025-11-16 15:58:12.185,2045,379970.25
2025-11-16 15:58:12.185,2046,339960.47
2025-11-16 15:58:12.185,2047,439984.91
2025-11-16 15:58:12.185,2048,358884.03
2025-11-16 15:58:12.185,2049,379970.25
2025-11-16 15:58:12.185,2050,430305.09
2025-11-16 15:58:12.185,2051,412143.03
2025-11-16 15:58:12.185,2052,376290.09
2025-11-16 15:58:12.185,2053,328387.41
2025-11-16 15:58:12.185,2054,336993.63
2025-11-16 15:58:12.185,2055,450099.75
2025-11-16 15:58:12.185,2056,421032.91
2025-11-16 15:58:12.185,2057,383721.19
2025-11-16 15:58:12.185,2058,365654.84
2025-11-16 15:58:12.185,2059,365654.84
2025-11-16 15:58:12.185,2060,236622.0
2025-11-16 15:58:12.185,2061,748393.56
2025-11-16 15:58:12.185,2062,189679.88
2025-11-16 15:58:12.185,2063,189679.88
2025-11-16 15:58:12.185,2064,27906.57
2025-11-16 15:58:12.185,2065,27349.84
2025-11-16 15:58:12.185,2066,27281.39
2025-11-16 15:58:12.185,2067,25994.93
2025-11-16 15:58:12.185,2068,26709.53
2025-11-16 15:58:12.185,2069,27077.54
2025-11-16 15:58:12.185,2070,26610.43
2025-11-16 15:58:12.185,2071,26809.18
2025-11-16 15:58:12.185,2072,26676.44
2025-11-16 15:58:12.185,2073,26875.9
2025-11-16 15:58:12.185,2074,26875.9
2025-11-16 15:58:12.185,2075,26643.4
2025-11-16 15:58:12.185,2076,26809.18
2025-11-16 15:58:12.185,2077,26809.18
2025-11-16 15:58:12.185,2078,24498.84
2025-11-16 15:58:12.185,2079,26875.9
2025-11-16 15:58:12.185,2080,23202.91
2025-11-16 15:58:12.185,2081,22774.6
2025-11-16 15:58:12.185,2082,25523.39
2025-11-16 15:58:12.185,2083,29488.15
2025-11-16 15:58:12.185,2084,29603.42
2025-11-16 15:58:12.185,2085,30071.27
2025-11-16 15:58:12.185,2086,28119.63
2025-11-16 15:58:12.185,2087,30917.09
2025-11-16 15:58:12.185,2088,28335.09
2025-11-16 15:58:12.185,2089,29603.42
2025-11-16 15:58:12.185,2090,31543.36
2025-11-16 15:58:12.185,2091,29526.5
2025-11-16 15:58:12.185,2092,27418.54
2025-11-16 15:58:12.185,2093,30189.96
2025-11-16 15:58:12.185,2094,27384.16
2025-11-16 15:58:12.185,2095,31928.39
2025-11-16 15:58:12.185,2096,55621.39
2025-11-16 15:58:12.185,2097,27626.15
2025-11-16 15:58:12.185,2098,31374.49
2025-11-16 15:58:12.185,2099,30671.81
2025-11-16 15:58:12.185,2100,27556.69
2025-11-16 15:58:12.185,2101,27800.93
2025-11-16 15:58:12.185,2102,31543.36
2025-11-16 15:58:12.185,2103,43417.48
2025-11-16 15:58:12.185,2104,71144.84
2025-11-16 15:58:12.185,2105,39283.93
2025-11-16 15:58:12.185,2106,29488.15
2025-11-16 15:58:12.185,2107,29488.15
2025-11-16 15:58:12.185,2108,45907.83
2025-11-16 15:58:12.185,2109,85800.06
2025-11-16 15:58:12.185,2110,40756.99
2025-11-16 15:58:12.185,2111,40756.99
2025-11-16 15:58:12.185,2112,291051.47
2025-11-16 15:58:12.185,2113,272357.75
2025-11-16 15:58:12.185,2114,284551.28
2025-11-16 15:58:12.185,2115,284551.28
2025-11-16 15:58:12.185,2116,284551.28
2025-11-16 15:58:12.185,2117,288853.09
2025-11-16 15:58:12.185,2118,291051.47
2025-11-16 15:58:12.185,2119,280371.47
2025-11-16 15:58:12.185,2120,276308.56
2025-11-16 15:58:12.185,2121,280371.47
2025-11-16 15:58:12.185,2122,288853.09
2025-11-16 15:58:12.185,2123,288853.09
2025-11-16 15:58:12.185,2124,297844.91
2025-11-16 15:58:12.185,2125,268514.44
2025-11-16 15:58:12.185,2126,268514.44
2025-11-16 15:58:12.185,2127,288853.09
2025-11-16 15:58:12.185,2128,328387.41
2025-11-16 15:58:12.185,2129,309875.0
2025-11-16 15:58:12.185,2130,317555.0
2025-11-16 15:58:12.185,2131,362238.63
2025-11-16 15:58:12.185,2132,336993.63
2025-11-16 15:58:12.185,2133,336993.63
2025-11-16 15:58:12.185,2134,312394.69
2025-11-16 15:58:12.185,2135,339960.47
2025-11-16 15:58:12.185,2136,322883.13
2025-11-16 15:58:12.185,2137,362238.63
2025-11-16 15:58:12.185,2138,322883.13
2025-11-16 15:58:12.185,2139,358884.03
2025-11-16 15:58:12.185,2140,293282.41
2025-11-16 15:58:12.185,2141,291051.47
2025-11-16 15:58:12.185,2142,297844.91
2025-11-16 15:58:12.185,2143,379970.25
2025-11-16 15:58:12.185,2144,241163.34
2025-11-16 15:58:12.185,2145,339960.47
2025-11-16 15:58:12.185,2146,358884.03
2025-11-16 15:58:12.185,2147,322883.13
2025-11-16 15:58:12.185,2148,312394.69
2025-11-16 15:58:12.185,2149,314954.38
2025-11-16 15:58:12.185,2150,346048.91
2025-11-16 15:58:12.185,2151,430305.09
2025-11-16 15:58:12.185,2152,325612.69
2025-11-16 15:58:12.185,2153,372678.72
2025-11-16 15:58:12.185,2154,312394.69
2025-11-16 15:58:12.185,2155,312394.69
2025-11-16 15:58:12.185,2156,155704.97
2025-11-16 15:58:12.185,2157,521823.06
2025-11-16 15:58:12.185,2158,99101.66
2025-11-16 15:58:12.185,2159,99101.66
2025-11-16 15:58:12.185,2160,439984.91
2025-11-16 15:58:12.185,2161,387544.88
2025-11-16 15:58:12.185,2162,372678.72
2025-11-16 15:58:12.185,2163,421032.91
2025-11-16 15:58:12.185,2164,372678.72
2025-11-16 15:58:12.185,2165,379970.25
2025-11-16 15:58:12.185,2166,362238.63
2025-11-16 15:58:12.185,2167,421032.91
2025-11-16 15:58:12.185,2168,387544.88
2025-11-16 15:58:12.185,2169,376290.09
2025-11-16 15:58:12.185,2170,376290.09
2025-11-16 15:58:12.185,2171,395419.56
2025-11-16 15:58:12.185,2172,379970.25
2025-11-16 15:58:12.185,2173,379970.25
2025-11-16 15:58:12.185,2174,362238.63
2025-11-16 15:58:12.185,2175,372678.72
2025-11-16 15:58:12.185,2176,391443.63
2025-11-16 15:58:12.185,2177,358884.03
2025-11-16 15:58:12.185,2178,379970.25
2025-11-16 15:58:12.185,2179,450099.75
2025-11-16 15:58:12.185,2180,430305.09
2025-11-16 15:58:12.185,2181,403612.41
2025-11-16 15:58:12.185,2182,379970.25
2025-11-16 15:58:12.185,2183,407834.16
2025-11-16 15:58:12.185,2184,387544.88
2025-11-16 15:58:12.185,2185,395419.56
2025-11-16 15:58:12.185,2186,439984.91
2025-11-16 15:58:12.185,2187,403612.41
2025-11-16 15:58:12.185,2188,362238.63
2025-11-16 15:58:12.185,2189,376290.09
2025-11-16 15:58:12.185,2190,342978.47
2025-11-16 15:58:12.185,2191,430305.09
2025-11-16 15:58:12.185,2192,250766.73
2025-11-16 15:58:12.185,2193,379970.25
2025-11-16 15:58:12.185,2194,399475.0
2025-11-16 15:58:12.185,2195,425619.72
2025-11-16 15:58:12.185,2196,372678.72
2025-11-16 15:58:12.185,2197,355589.28
2025-11-16 15:58:12.185,2198,387544.88
2025-11-16 15:58:12.185,2199,536008.31
2025-11-16 15:58:12.185,2200,346048.91
2025-11-16 15:58:12.185,2201,460679.59
2025-11-16 15:58:12.185,2202,387544.88
2025-11-16 15:58:12.185,2203,387544.88
2025-11-16 15:58:12.185,2204,153062.25
2025-11-16 15:58:12.185,2205,550970.88
2025-11-16 15:58:12.185,2206,104608.9
2025-11-16 15:58:12.185,2207,104608.9
2025-11-16 15:58:12.185,2208,214929.95
2025-11-16 15:58:12.185,2209,214929.95
2025-11-16 15:58:12.185,2210,214929.95
2025-11-16 15:58:12.185,2211,214929.95
2025-11-16 15:58:12.185,2212,214929.95
2025-11-16 15:58:12.185,2213,214929.95
2025-11-16 15:58:12.185,2214,214929.95
2025-11-16 15:58:12.185,2215,214929.95
2025-11-16 15:58:12.185,2216,214929.95
2025-11-16 15:58:12.185,2217,214929.95
2025-11-16 15:58:12.185,2218,214929.95
2025-11-16 15:58:12.185,2219,214929.95
2025-11-16 15:58:12.185,2220,214929.95
2025-11-16 15:58:12.185,2221,214929.95
2025-11-16 15:58:12.185,2222,214929.95
2025-11-16 15:58:12.185,2223,214929.95
2025-11-16 15:58:12.185,2224,214929.95
2025-11-16 15:58:12.185,2225,214929.95
2025-11-16 15:58:12.185,2226,214929.95
2025-11-16 15:58:12.185,2227,214929.95
2025-11-16 15:58:12.185,2228,214929.95
2025-11-16 15:58:12.185,2229,214929.95
2025-11-16 15:58:12.185,2230,214929.95
2025-11-16 15:58:12.185,2231,214929.95
2025-11-16 15:58:12.185,2232,214929.95
2025-11-16 15:58:12.185,2233,214929.95
2025-11-16 15:58:12.185,2234,214929.95
2025-11-16 15:58:12.185,2235,214929.95
2025-11-16 15:58:12.185,2236,214929.95
2025-11-16 15:58:12.185,2237,214929.95
2025-11-16 15:58:12.185,2238,214929.95
2025-11-16 15:58:12.185,2239,214929.95
2025-11-16 15:58:12.185,2240,214929.95
2025-11-16 15:58:12.185,2241,214929.95
2025-11-16 15:58:12.185,2242,214929.95
2025-11-16 15:58:12.185,2243,214929.95
2025-11-16 15:58:12.185,2244,214929.95
2025-11-16 15:58:12.185,2245,214929.95
2025-11-16 15:58:12.185,2246,214929.95
2025-11-16 15:58:12.185,2247,214929.95
2025-11-16 15:58:12.185,2248,214929.95
2025-11-16 15:58:12.185,2249,214929.95
2025-11-16 15:58:12.185,2250,214929.95
2025-11-16 15:58:12.185,2251,214929.95
2025-11-16 15:58:12.185,2252,214929.95
2025-11-16 15:58:12.185,2253,214929.95
2025-11-16 15:58:12.185,2254,214929.95
2025-11-16 15:58:12.185,2255,214929.95
2025-11-16 15:58:12.185,2256,214929.95
2025-11-16 15:58:12.185,2257,193656.09
2025-11-16 15:58:12.185,2258,191648.39
2025-11-16 15:58:12.185,2259,205453.95
2025-11-16 15:58:12.185,2260,196743.69
2025-11-16 15:58:12.185,2261,210090.06
2025-11-16 15:58:12.185,2262,197793.8
2025-11-16 15:58:12.185,2263,213700.14
2025-11-16 15:58:12.185,2264,204325.27
2025-11-16 15:58:12.185,2265,183998.22
2025-11-16 15:58:12.185,2266,207747.34
2025-11-16 15:58:12.185,2267,208912.44
2025-11-16 15:58:12.185,2268,208912.44
2025-11-16 15:58:12.185,2269,210090.06
2025-11-16 15:58:12.185,2270,183082.55
2025-11-16 15:58:12.185,2271,193656.09
2025-11-16 15:58:12.185,2272,217430.56
2025-11-16 15:58:12.185,2273,206594.58
2025-11-16 15:58:12.185,2274,192647.28
2025-11-16 15:58:12.185,2275,226638.0
2025-11-16 15:58:12.185,2276,223932.14
2025-11-16 15:58:12.185,2277,225277.3
2025-11-16 15:58:12.185,2278,211280.41
2025-11-16 15:58:12.185,2279,226638.0
2025-11-16 15:58:12.185,2280,206594.58
2025-11-16 15:58:12.185,2281,226638.0
2025-11-16 15:58:12.185,2282,223932.14
2025-11-16 15:58:12.185,2283,214929.95
2025-11-16 15:58:12.185,2284,204325.27
2025-11-16 15:58:12.185,2285,213700.14
2025-11-16 15:58:12.185,2286,193656.09
2025-11-16 15:58:12.185,2287,229407.17
2025-11-16 15:58:12.185,2288,120737.61
2025-11-16 15:58:12.185,2289,198854.59
2025-11-16 15:58:12.185,2290,225277.3
2025-11-16 15:58:12.185,2291,223932.14
2025-11-16 15:58:12.185,2292,204325.27
2025-11-16 15:58:12.185,2293,193656.09
2025-11-16 15:58:12.185,2294,213700.14
2025-11-16 15:58:12.185,2295,284551.28
2025-11-16 15:58:12.185,2296,183998.22
2025-11-16 15:58:12.185,2297,276308.56
2025-11-16 15:58:12.185,2298,241163.34
2025-11-16 15:58:12.185,2299,241163.34
2025-11-16 15:58:12.185,2300,62628.1
2025-11-16 15:58:12.185,2301,325612.69
2025-11-16 15:58:12.185,2302,56803.11
2025-11-16 15:58:12.185,2303,56803.11
