Timestamp,Sensor_ID,Resistance_Ohms
2025-11-16 16:01:33.634,0,23311.73
2025-11-16 16:01:33.634,1,30229.68
2025-11-16 16:01:33.634,2,32058.32
2025-11-16 16:01:33.634,3,31458.76
2025-11-16 16:01:33.634,4,31416.58
2025-11-16 16:01:33.634,5,32058.32
2025-11-16 16:01:33.634,6,32014.92
2025-11-16 16:01:33.634,7,31971.61
2025-11-16 16:01:33.634,8,32058.32
2025-11-16 16:01:33.634,9,31713.61
2025-11-16 16:01:33.634,10,32276.66
2025-11-16 16:01:33.634,11,32014.92
2025-11-16 16:01:33.634,12,32320.6
2025-11-16 16:01:33.634,13,32145.38
2025-11-16 16:01:33.634,14,34204.0
2025-11-16 16:01:33.634,15,32765.05
2025-11-16 16:01:33.634,16,37893.76
2025-11-16 16:01:33.634,17,35845.82
2025-11-16 16:01:33.634,18,35640.36
2025-11-16 16:01:33.634,19,40505.41
2025-11-16 16:01:33.634,20,36473.41
2025-11-16 16:01:33.634,21,36473.41
2025-11-16 16:01:33.634,22,33495.87
2025-11-16 16:01:33.634,23,36793.67
2025-11-16 16:01:33.634,24,34445.18
2025-11-16 16:01:33.634,25,35234.91
2025-11-16 16:01:33.634,26,39765.37
2025-11-16 16:01:33.634,27,36901.41
2025-11-16 16:01:33.634,28,36157.48
2025-11-16 16:01:33.634,29,37669.63
2025-11-16 16:01:33.634,30,36262.32
2025-11-16 16:01:33.634,31,37447.59
2025-11-16 16:01:33.634,32,61109.78
2025-11-16 16:01:33.634,33,35949.24
2025-11-16 16:01:33.634,34,36526.48
2025-11-16 16:01:33.634,35,38006.61
2025-11-16 16:01:33.634,36,36686.43
2025-11-16 16:01:33.634,37,36793.67
2025-11-16 16:01:33.634,38,39283.93
2025-11-16 16:01:33.634,39,48139.58
2025-11-16 16:01:33.634,40,77209.76
2025-11-16 16:01:33.634,41,61860.94
2025-11-16 16:01:33.634,42,35335.6
2025-11-16 16:01:33.634,43,35335.6
2025-11-16 16:01:33.634,44,46216.13
2025-11-16 16:01:33.634,45,79307.3
2025-11-16 16:01:33.634,46,49758.04
2025-11-16 16:01:33.634,47,49758.04
2025-11-16 16:01:33.634,48,99101.66
2025-11-16 16:01:33.634,49,99982.53
2025-11-16 16:01:33.634,50,104608.9
2025-11-16 16:01:33.634,51,102712.45
2025-11-16 16:01:33.634,52,103969.71
2025-11-16 16:01:33.634,53,108599.64
2025-11-16 16:01:33.634,54,110700.96
2025-11-16 16:01:33.634,55,110700.96
2025-11-16 16:01:33.634,56,107576.14
2025-11-16 16:01:33.634,57,108944.77
2025-11-16 16:01:33.634,58,107238.9
2025-11-16 16:01:33.634,59,107915.35
2025-11-16 16:01:33.634,60,108599.64
2025-11-16 16:01:33.634,61,106903.57
2025-11-16 16:01:33.634,62,110345.59
2025-11-16 16:01:33.634,63,105255.28
2025-11-16 16:01:33.634,64,122004.03
2025-11-16 16:01:33.634,65,119906.74
2025-11-16 16:01:33.634,66,113248.5
2025-11-16 16:01:33.634,67,126864.97
2025-11-16 16:01:33.634,68,121579.19
2025-11-16 16:01:33.634,69,114753.04
2025-11-16 16:01:33.634,70,110700.96
2025-11-16 16:01:33.634,71,118276.26
2025-11-16 16:01:33.634,72,116294.76
2025-11-16 16:01:33.634,73,110345.59
2025-11-16 16:01:33.634,74,119086.36
2025-11-16 16:01:33.634,75,119086.36
2025-11-16 16:01:33.634,76,119086.36
2025-11-16 16:01:33.634,77,118276.26
2025-11-16 16:01:33.634,78,114373.48
2025-11-16 16:01:33.634,79,119086.36
2025-11-16 16:01:33.634,80,164172.88
2025-11-16 16:01:33.634,81,118276.26
2025-11-16 16:01:33.634,82,118276.26
2025-11-16 16:01:33.634,83,121157.05
2025-11-16 16:01:33.634,84,118680.02
2025-11-16 16:01:33.634,85,118680.02
2025-11-16 16:01:33.634,86,113621.23
2025-11-16 16:01:33.634,87,148021.72
2025-11-16 16:01:33.634,88,223932.14
2025-11-16 16:01:33.634,89,161975.84
2025-11-16 16:01:33.634,90,109291.9
2025-11-16 16:01:33.634,91,109291.9
2025-11-16 16:01:33.634,92,96820.16
2025-11-16 16:01:33.634,93,127787.46
2025-11-16 16:01:33.634,94,107238.9
2025-11-16 16:01:33.634,95,107238.9
2025-11-16 16:01:33.634,96,63676.8
2025-11-16 16:01:33.634,97,65307.78
2025-11-16 16:01:33.634,98,67012.48
2025-11-16 16:01:33.634,99,66435.75
2025-11-16 16:01:33.634,100,65586.65
2025-11-16 16:01:33.634,101,67894.05
2025-11-16 16:01:33.634,102,65307.78
2025-11-16 16:01:33.634,103,66292.91
2025-11-16 16:01:33.634,104,66150.61
2025-11-16 16:01:33.634,105,66292.91
2025-11-16 16:01:33.634,106,68192.39
2025-11-16 16:01:33.634,107,67012.48
2025-11-16 16:01:33.634,108,66723.02
2025-11-16 16:01:33.634,109,68342.44
2025-11-16 16:01:33.634,110,70663.95
2025-11-16 16:01:33.634,111,66292.91
2025-11-16 16:01:33.634,112,77772.0
2025-11-16 16:01:33.634,113,75745.02
2025-11-16 16:01:33.634,114,71959.17
2025-11-16 16:01:33.634,115,82335.49
2025-11-16 16:01:33.634,116,72622.48
2025-11-16 16:01:33.634,117,71468.63
2025-11-16 16:01:33.634,118,72958.16
2025-11-16 16:01:33.634,119,75386.48
2025-11-16 16:01:33.634,120,71959.17
2025-11-16 16:01:33.634,121,73296.59
2025-11-16 16:01:33.634,122,77961.02
2025-11-16 16:01:33.634,123,76654.66
2025-11-16 16:01:33.634,124,76654.66
2025-11-16 16:01:33.634,125,78533.01
2025-11-16 16:01:33.634,126,76106.58
2025-11-16 16:01:33.634,127,72958.16
2025-11-16 16:01:33.634,128,112143.66
2025-11-16 16:01:33.634,129,76654.66
2025-11-16 16:01:33.634,130,76471.19
2025-11-16 16:01:33.634,131,80294.42
2025-11-16 16:01:33.634,132,78341.52
2025-11-16 16:01:33.634,133,78341.52
2025-11-16 16:01:33.634,134,80294.42
2025-11-16 16:01:33.634,135,94098.91
2025-11-16 16:01:33.634,136,142142.66
2025-11-16 16:01:33.634,137,107915.35
2025-11-16 16:01:33.634,138,76471.19
2025-11-16 16:01:33.634,139,76471.19
2025-11-16 16:01:33.634,140,84689.81
2025-11-16 16:01:33.634,141,141018.91
2025-11-16 16:01:33.634,142,86707.14
2025-11-16 16:01:33.634,143,86707.14
2025-11-16 16:01:33.634,144,51561.75
2025-11-16 16:01:33.634,145,52697.09
2025-11-16 16:01:33.634,146,50646.52
2025-11-16 16:01:33.634,147,50918.22
2025-11-16 16:01:33.634,148,50918.22
2025-11-16 16:01:33.634,149,51100.71
2025-11-16 16:01:33.634,150,51284.3
2025-11-16 16:01:33.634,151,51561.75
2025-11-16 16:01:33.634,152,50377.22
2025-11-16 16:01:33.634,153,50466.71
2025-11-16 16:01:33.634,154,51748.12
2025-11-16 16:01:33.634,155,51284.3
2025-11-16 16:01:33.634,156,51468.98
2025-11-16 16:01:33.634,157,51654.79
2025-11-16 16:01:33.634,158,53378.87
2025-11-16 16:01:33.634,159,50918.22
2025-11-16 16:01:33.634,160,57914.87
2025-11-16 16:01:33.634,161,54890.87
2025-11-16 16:01:33.634,162,54994.24
2025-11-16 16:01:33.634,163,63148.7
2025-11-16 16:01:33.634,164,56260.74
2025-11-16 16:01:33.634,165,58028.08
2025-11-16 16:01:33.634,166,55201.96
2025-11-16 16:01:33.634,167,57132.8
2025-11-16 16:01:33.634,168,54787.84
2025-11-16 16:01:33.634,169,56153.31
2025-11-16 16:01:33.634,170,61608.8
2025-11-16 16:01:33.634,171,57802.03
2025-11-16 16:01:33.634,172,56912.64
2025-11-16 16:01:33.634,173,59892.09
2025-11-16 16:01:33.634,174,57802.03
2025-11-16 16:01:33.634,175,58255.64
2025-11-16 16:01:33.634,176,87167.16
2025-11-16 16:01:33.634,177,58484.71
2025-11-16 16:01:33.634,178,58484.71
2025-11-16 16:01:33.634,179,60374.14
2025-11-16 16:01:33.634,180,59892.09
2025-11-16 16:01:33.634,181,60132.29
2025-11-16 16:01:33.634,182,63017.86
2025-11-16 16:01:33.634,183,74678.3
2025-11-16 16:01:33.634,184,113621.23
2025-11-16 16:01:33.634,185,87167.16
2025-11-16 16:01:33.634,186,58141.67
2025-11-16 16:01:33.634,187,58141.67
2025-11-16 16:01:33.634,188,65867.58
2025-11-16 16:01:33.634,189,115905.77
2025-11-16 16:01:33.634,190,67158.02
2025-11-16 16:01:33.634,191,67158.02
2025-11-16 16:01:33.634,192,36526.48
2025-11-16 16:01:33.634,193,31290.57
2025-11-16 16:01:33.634,194,30150.32
2025-11-16 16:01:33.634,195,30753.24
2025-11-16 16:01:33.634,196,29992.53
2025-11-16 16:01:33.634,197,30150.32
2025-11-16 16:01:33.634,198,30189.96
2025-11-16 16:01:33.634,199,30031.86
2025-11-16 16:01:33.634,200,29564.92
2025-11-16 16:01:33.634,201,29603.42
2025-11-16 16:01:33.634,202,29992.53
2025-11-16 16:01:33.634,203,30031.86
2025-11-16 16:01:33.634,204,30150.32
2025-11-16 16:01:33.634,205,30309.35
2025-11-16 16:01:33.634,206,31543.36
2025-11-16 16:01:33.634,207,29603.42
2025-11-16 16:01:33.634,208,34935.51
2025-11-16 16:01:33.634,209,33036.22
2025-11-16 16:01:33.634,210,32586.16
2025-11-16 16:01:33.634,211,36955.46
2025-11-16 16:01:33.634,212,33310.84
2025-11-16 16:01:33.634,213,33403.16
2025-11-16 16:01:33.634,214,31040.83
2025-11-16 16:01:33.634,215,32945.45
2025-11-16 16:01:33.634,216,31501.02
2025-11-16 16:01:33.634,217,32014.92
2025-11-16 16:01:33.634,218,36001.13
2025-11-16 16:01:33.634,219,33449.47
2025-11-16 16:01:33.634,220,32945.45
2025-11-16 16:01:33.634,221,34348.4
2025-11-16 16:01:33.634,222,33127.38
2025-11-16 16:01:33.634,223,33403.16
2025-11-16 16:01:33.634,224,56260.74
2025-11-16 16:01:33.634,225,32675.42
2025-11-16 16:01:33.634,226,33403.16
2025-11-16 16:01:33.634,227,34445.18
2025-11-16 16:01:33.634,228,33682.49
2025-11-16 16:01:33.634,229,33776.39
2025-11-16 16:01:33.634,230,36262.32
2025-11-16 16:01:33.634,231,44854.87
2025-11-16 16:01:33.634,232,71306.41
2025-11-16 16:01:33.634,233,55727.09
2025-11-16 16:01:33.634,234,33036.22
2025-11-16 16:01:33.634,235,33036.22
2025-11-16 16:01:33.634,236,50377.22
2025-11-16 16:01:33.634,237,86707.14
2025-11-16 16:01:33.634,238,49583.45
2025-11-16 16:01:33.634,239,49583.45
2025-11-16 16:01:33.634,240,16751.64
2025-11-16 16:01:33.634,241,16911.3
2025-11-16 16:01:33.634,242,15668.45
2025-11-16 16:01:33.634,243,15914.42
2025-11-16 16:01:33.634,244,15523.09
2025-11-16 16:01:33.634,245,15652.22
2025-11-16 16:01:33.634,246,15555.25
2025-11-16 16:01:33.634,247,15619.82
2025-11-16 16:01:33.634,248,15523.09
2025-11-16 16:01:33.634,249,15395.25
2025-11-16 16:01:33.634,250,15523.09
2025-11-16 16:01:33.634,251,15587.49
2025-11-16 16:01:33.634,252,15749.92
2025-11-16 16:01:33.634,253,15619.82
2025-11-16 16:01:33.634,254,16769.29
2025-11-16 16:01:33.634,255,15749.92
2025-11-16 16:01:33.634,256,19069.58
2025-11-16 16:01:33.634,257,17606.89
2025-11-16 16:01:33.634,258,17853.14
2025-11-16 16:01:33.634,259,20952.39
2025-11-16 16:01:33.634,260,18201.42
2025-11-16 16:01:33.634,261,18740.4
2025-11-16 16:01:33.634,262,16611.29
2025-11-16 16:01:33.634,263,18458.39
2025-11-16 16:01:33.634,264,16947.04
2025-11-16 16:01:33.634,265,17420.39
2025-11-16 16:01:33.634,266,20928.83
2025-11-16 16:01:33.634,267,18221.02
2025-11-16 16:01:33.634,268,18123.28
2025-11-16 16:01:33.634,269,19449.01
2025-11-16 16:01:33.634,270,18201.42
2025-11-16 16:01:33.634,271,18438.46
2025-11-16 16:01:33.634,272,33729.39
2025-11-16 16:01:33.634,273,17872.27
2025-11-16 16:01:33.634,274,18240.65
2025-11-16 16:01:33.634,275,19279.16
2025-11-16 16:01:33.634,276,18659.26
2025-11-16 16:01:33.634,277,18740.4
2025-11-16 16:01:33.634,278,20193.28
2025-11-16 16:01:33.634,279,26026.81
2025-11-16 16:01:33.634,280,43840.75
2025-11-16 16:01:33.634,281,35335.6
2025-11-16 16:01:33.634,282,18045.56
2025-11-16 16:01:33.634,283,18045.56
2025-11-16 16:01:33.634,284,32855.06
2025-11-16 16:01:33.634,285,61358.41
2025-11-16 16:01:33.634,286,31628.31
2025-11-16 16:01:33.634,287,31628.31
2025-11-16 16:01:33.634,288,14896.38
2025-11-16 16:01:33.634,289,15034.71
2025-11-16 16:01:33.634,290,13758.38
2025-11-16 16:01:33.634,291,14154.79
2025-11-16 16:01:33.634,292,13647.49
2025-11-16 16:01:33.634,293,13814.22
2025-11-16 16:01:33.634,294,13688.95
2025-11-16 16:01:33.634,295,13814.22
2025-11-16 16:01:33.634,296,13758.38
2025-11-16 16:01:33.634,297,13702.81
2025-11-16 16:01:33.634,298,13842.23
2025-11-16 16:01:33.634,299,13730.56
2025-11-16 16:01:33.634,300,13856.26
2025-11-16 16:01:33.634,301,13730.56
2025-11-16 16:01:33.634,302,14835.39
2025-11-16 16:01:33.634,303,13926.67
2025-11-16 16:01:33.634,304,17163.47
2025-11-16 16:01:33.634,305,15815.47
2025-11-16 16:01:33.634,306,16014.12
2025-11-16 16:01:33.634,307,18740.4
2025-11-16 16:01:33.634,308,16386.33
2025-11-16 16:01:33.634,309,16893.47
2025-11-16 16:01:33.634,310,14805.01
2025-11-16 16:01:33.634,311,16593.85
2025-11-16 16:01:33.634,312,15127.77
2025-11-16 16:01:33.634,313,15619.82
2025-11-16 16:01:33.634,314,18986.58
2025-11-16 16:01:33.634,315,16420.69
2025-11-16 16:01:33.634,316,16232.79
2025-11-16 16:01:33.634,317,17588.13
2025-11-16 16:01:33.634,318,16131.41
2025-11-16 16:01:33.634,319,16455.14
2025-11-16 16:01:33.634,320,31885.26
2025-11-16 16:01:33.634,321,15881.35
2025-11-16 16:01:33.634,322,16403.5
2025-11-16 16:01:33.634,323,17054.83
2025-11-16 16:01:33.634,324,16628.76
2025-11-16 16:01:33.634,325,16875.66
2025-11-16 16:01:33.634,326,18221.02
2025-11-16 16:01:33.634,327,23642.52
2025-11-16 16:01:33.634,328,41526.96
2025-11-16 16:01:33.634,329,32586.16
2025-11-16 16:01:33.634,330,16131.41
2025-11-16 16:01:33.634,331,16131.41
2025-11-16 16:01:33.634,332,28119.63
2025-11-16 16:01:33.634,333,56046.25
2025-11-16 16:01:33.634,334,29449.88
2025-11-16 16:01:33.634,335,29449.88
2025-11-16 16:01:33.634,336,14372.61
2025-11-16 16:01:33.634,337,14729.37
2025-11-16 16:01:33.634,338,13307.49
2025-11-16 16:01:33.634,339,13702.81
2025-11-16 16:01:33.634,340,13227.34
2025-11-16 16:01:33.634,341,13401.71
2025-11-16 16:01:33.634,342,13240.66
2025-11-16 16:01:33.634,343,13240.66
2025-11-16 16:01:33.634,344,13240.66
2025-11-16 16:01:33.634,345,13227.34
2025-11-16 16:01:33.634,346,13294.1
2025-11-16 16:01:33.634,347,13267.35
2025-11-16 16:01:33.634,348,13187.46
2025-11-16 16:01:33.634,349,13214.03
2025-11-16 16:01:33.634,350,14270.47
2025-11-16 16:01:33.634,351,13267.35
2025-11-16 16:01:33.634,352,16698.84
2025-11-16 16:01:33.634,353,15268.68
2025-11-16 16:01:33.634,354,15491.01
2025-11-16 16:01:33.634,355,18181.84
2025-11-16 16:01:33.634,356,15947.57
2025-11-16 16:01:33.634,357,16182.0
2025-11-16 16:01:33.634,358,14183.61
2025-11-16 16:01:33.634,359,16014.12
2025-11-16 16:01:33.634,360,14328.73
2025-11-16 16:01:33.634,361,14865.85
2025-11-16 16:01:33.634,362,18221.02
2025-11-16 16:01:33.634,363,15603.64
2025-11-16 16:01:33.634,364,15603.64
2025-11-16 16:01:33.634,365,16734.02
2025-11-16 16:01:33.634,366,15636.01
2025-11-16 16:01:33.634,367,15815.47
2025-11-16 16:01:33.634,368,30550.28
2025-11-16 16:01:33.634,369,15300.2
2025-11-16 16:01:33.634,370,15749.92
2025-11-16 16:01:33.634,371,16352.05
2025-11-16 16:01:33.634,372,15947.57
2025-11-16 16:01:33.634,373,16114.59
2025-11-16 16:01:33.634,374,17346.5
2025-11-16 16:01:33.634,375,22643.0
2025-11-16 16:01:33.634,376,40256.3
2025-11-16 16:01:33.634,377,31458.76
2025-11-16 16:01:33.634,378,15363.49
2025-11-16 16:01:33.634,379,15363.49
2025-11-16 16:01:33.634,380,26219.28
2025-11-16 16:01:33.634,381,53378.87
2025-11-16 16:01:33.634,382,27836.08
2025-11-16 16:01:33.634,383,27836.08
2025-11-16 16:01:33.634,384,14226.96
2025-11-16 16:01:33.634,385,14387.27
2025-11-16 16:01:33.634,386,13055.53
2025-11-16 16:01:33.634,387,13415.23
2025-11-16 16:01:33.634,388,13016.24
2025-11-16 16:01:33.634,389,13055.53
2025-11-16 16:01:33.634,390,13055.53
2025-11-16 16:01:33.634,391,13187.46
2025-11-16 16:01:33.634,392,13055.53
2025-11-16 16:01:33.634,393,13029.33
2025-11-16 16:01:33.634,394,13174.2
2025-11-16 16:01:33.634,395,13042.42
2025-11-16 16:01:33.634,396,13200.74
2025-11-16 16:01:33.634,397,13081.8
2025-11-16 16:01:33.634,398,14212.49
2025-11-16 16:01:33.634,399,13214.03
2025-11-16 16:01:33.634,400,16249.76
2025-11-16 16:01:33.634,401,15081.15
2025-11-16 16:01:33.634,402,15395.25
2025-11-16 16:01:33.634,403,17910.59
2025-11-16 16:01:33.634,404,16014.12
2025-11-16 16:01:33.634,405,16369.18
2025-11-16 16:01:33.634,406,14212.49
2025-11-16 16:01:33.634,407,15947.57
2025-11-16 16:01:33.634,408,14564.57
2025-11-16 16:01:33.634,409,15158.95
2025-11-16 16:01:33.634,410,18418.55
2025-11-16 16:01:33.634,411,15749.92
2025-11-16 16:01:33.634,412,15555.25
2025-11-16 16:01:33.634,413,16786.96
2025-11-16 16:01:33.634,414,15491.01
2025-11-16 16:01:33.634,415,15619.82
2025-11-16 16:01:33.634,416,30469.65
2025-11-16 16:01:33.634,417,15268.68
2025-11-16 16:01:33.634,418,15684.7
2025-11-16 16:01:33.634,419,16455.14
2025-11-16 16:01:33.634,420,15897.87
2025-11-16 16:01:33.634,421,16047.52
2025-11-16 16:01:33.634,422,17438.93
2025-11-16 16:01:33.634,423,23040.99
2025-11-16 16:01:33.634,424,41397.01
2025-11-16 16:01:33.634,425,34542.39
2025-11-16 16:01:33.634,426,15315.99
2025-11-16 16:01:33.634,427,15315.99
2025-11-16 16:01:33.634,428,25804.82
2025-11-16 16:01:33.634,429,48810.25
2025-11-16 16:01:33.634,430,28407.46
2025-11-16 16:01:33.634,431,28407.46
2025-11-16 16:01:33.634,432,14054.46
2025-11-16 16:01:33.634,433,14140.4
2025-11-16 16:01:33.634,434,13029.33
2025-11-16 16:01:33.634,435,13374.71
2025-11-16 16:01:33.634,436,13042.42
2025-11-16 16:01:33.634,437,13081.8
2025-11-16 16:01:33.634,438,13029.33
2025-11-16 16:01:33.634,439,13081.8
2025-11-16 16:01:33.634,440,13029.33
2025-11-16 16:01:33.634,441,12977.09
2025-11-16 16:01:33.634,442,13081.8
2025-11-16 16:01:33.634,443,13055.53
2025-11-16 16:01:33.634,444,13121.31
2025-11-16 16:01:33.634,445,13108.13
2025-11-16 16:01:33.634,446,14270.47
2025-11-16 16:01:33.634,447,13401.71
2025-11-16 16:01:33.634,448,16420.69
2025-11-16 16:01:33.634,449,15112.21
2025-11-16 16:01:33.634,450,15331.81
2025-11-16 16:01:33.634,451,18045.56
2025-11-16 16:01:33.634,452,16097.79
2025-11-16 16:01:33.634,453,16386.33
2025-11-16 16:01:33.634,454,14097.35
2025-11-16 16:01:33.634,455,16014.12
2025-11-16 16:01:33.634,456,14505.19
2025-11-16 16:01:33.634,457,15174.57
2025-11-16 16:01:33.634,458,18458.39
2025-11-16 16:01:33.634,459,15799.05
2025-11-16 16:01:33.634,460,15587.49
2025-11-16 16:01:33.634,461,16840.11
2025-11-16 16:01:33.634,462,15587.49
2025-11-16 16:01:33.634,463,15652.22
2025-11-16 16:01:33.634,464,30794.08
2025-11-16 16:01:33.634,465,15143.35
2025-11-16 16:01:33.634,466,15684.7
2025-11-16 16:01:33.634,467,16386.33
2025-11-16 16:01:33.634,468,15864.85
2025-11-16 16:01:33.634,469,16014.12
2025-11-16 16:01:33.634,470,17328.08
2025-11-16 16:01:33.634,471,22933.92
2025-11-16 16:01:33.634,472,40318.35
2025-11-16 16:01:33.634,473,34348.4
2025-11-16 16:01:33.634,474,15174.57
2025-11-16 16:01:33.634,475,15174.57
2025-11-16 16:01:33.634,476,25804.82
2025-11-16 16:01:33.634,477,52890.38
2025-11-16 16:01:33.634,478,28810.36
2025-11-16 16:01:33.634,479,28810.36
2025-11-16 16:01:33.634,480,14097.35
2025-11-16 16:01:33.634,481,14183.61
2025-11-16 16:01:33.634,482,12951.06
2025-11-16 16:01:33.634,483,13320.91
2025-11-16 16:01:33.634,484,13029.33
2025-11-16 16:01:33.634,485,13068.66
2025-11-16 16:01:33.634,486,12990.12
2025-11-16 16:01:33.634,487,13055.53
2025-11-16 16:01:33.634,488,13003.18
2025-11-16 16:01:33.634,489,13029.33
2025-11-16 16:01:33.634,490,13003.18
2025-11-16 16:01:33.634,491,13081.8
2025-11-16 16:01:33.634,492,13160.96
2025-11-16 16:01:33.634,493,13003.18
2025-11-16 16:01:33.634,494,14126.04
2025-11-16 16:01:33.634,495,13094.96
2025-11-16 16:01:33.634,496,16198.91
2025-11-16 16:01:33.634,497,15003.83
2025-11-16 16:01:33.634,498,15252.94
2025-11-16 16:01:33.634,499,17795.93
2025-11-16 16:01:33.634,500,15881.35
2025-11-16 16:01:33.634,501,16182.0
2025-11-16 16:01:33.634,502,13983.3
2025-11-16 16:01:33.634,503,15831.91
2025-11-16 16:01:33.634,504,14357.96
2025-11-16 16:01:33.634,505,14988.43
2025-11-16 16:01:33.634,506,18339.21
2025-11-16 16:01:33.634,507,15766.28
2025-11-16 16:01:33.634,508,15331.81
2025-11-16 16:01:33.634,509,16611.29
2025-11-16 16:01:33.634,510,15300.2
2025-11-16 16:01:33.634,511,15491.01
2025-11-16 16:01:33.634,512,30389.34
2025-11-16 16:01:33.634,513,15143.35
2025-11-16 16:01:33.634,514,15507.04
2025-11-16 16:01:33.634,515,16249.76
2025-11-16 16:01:33.634,516,15782.65
2025-11-16 16:01:33.634,517,15848.37
2025-11-16 16:01:33.634,518,17272.99
2025-11-16 16:01:33.634,519,22616.81
2025-11-16 16:01:33.634,520,39523.48
2025-11-16 16:01:33.634,521,34060.55
2025-11-16 16:01:33.634,522,15143.35
2025-11-16 16:01:33.634,523,15143.35
2025-11-16 16:01:33.634,524,25124.57
2025-11-16 16:01:33.634,525,51284.3
2025-11-16 16:01:33.634,526,27800.93
2025-11-16 16:01:33.634,527,27800.93
2025-11-16 16:01:33.634,528,13926.67
2025-11-16 16:01:33.634,529,13954.95
2025-11-16 16:01:33.634,530,13003.18
2025-11-16 16:01:33.634,531,13294.1
2025-11-16 16:01:33.634,532,12834.64
2025-11-16 16:01:33.634,533,13081.8
2025-11-16 16:01:33.634,534,12951.06
2025-11-16 16:01:33.634,535,12899.17
2025-11-16 16:01:33.634,536,13003.18
2025-11-16 16:01:33.634,537,12977.09
2025-11-16 16:01:33.634,538,12990.12
2025-11-16 16:01:33.634,539,12951.06
2025-11-16 16:01:33.634,540,13160.96
2025-11-16 16:01:33.634,541,13042.42
2025-11-16 16:01:33.634,542,14126.04
2025-11-16 16:01:33.634,543,13094.96
2025-11-16 16:01:33.634,544,16215.84
2025-11-16 16:01:33.634,545,15081.15
2025-11-16 16:01:33.634,546,15300.2
2025-11-16 16:01:33.634,547,17834.04
2025-11-16 16:01:33.634,548,15684.7
2025-11-16 16:01:33.634,549,16215.84
2025-11-16 16:01:33.634,550,14068.74
2025-11-16 16:01:33.634,551,15914.42
2025-11-16 16:01:33.634,552,14416.64
2025-11-16 16:01:33.634,553,15050.17
2025-11-16 16:01:33.634,554,18201.42
2025-11-16 16:01:33.634,555,15684.7
2025-11-16 16:01:33.634,556,15427.09
2025-11-16 16:01:33.634,557,16769.29
2025-11-16 16:01:33.634,558,15363.49
2025-11-16 16:01:33.634,559,15571.36
2025-11-16 16:01:33.634,560,30550.28
2025-11-16 16:01:33.634,561,15190.2
2025-11-16 16:01:33.634,562,15491.01
2025-11-16 16:01:33.634,563,16249.76
2025-11-16 16:01:33.634,564,15881.35
2025-11-16 16:01:33.634,565,15914.42
2025-11-16 16:01:33.634,566,17457.49
2025-11-16 16:01:33.634,567,22827.54
2025-11-16 16:01:33.634,568,40442.9
2025-11-16 16:01:33.634,569,34348.4
2025-11-16 16:01:33.634,570,15331.81
2025-11-16 16:01:33.634,571,15331.81
2025-11-16 16:01:33.634,572,25523.39
2025-11-16 16:01:33.634,573,52029.78
2025-11-16 16:01:33.634,574,28335.09
2025-11-16 16:01:33.634,575,28335.09
2025-11-16 16:01:33.634,576,14126.04
2025-11-16 16:01:33.634,577,14299.57
2025-11-16 16:01:33.634,578,13187.46
2025-11-16 16:01:33.634,579,13510.31
2025-11-16 16:01:33.634,580,13055.53
2025-11-16 16:01:33.634,581,13240.66
2025-11-16 16:01:33.634,582,13094.96
2025-11-16 16:01:33.634,583,13160.96
2025-11-16 16:01:33.634,584,13055.53
2025-11-16 16:01:33.634,585,13081.8
2025-11-16 16:01:33.634,586,13200.74
2025-11-16 16:01:33.634,587,13055.53
2025-11-16 16:01:33.634,588,13214.03
2025-11-16 16:01:33.634,589,13081.8
2025-11-16 16:01:33.634,590,14285.01
2025-11-16 16:01:33.634,591,13294.1
2025-11-16 16:01:33.634,592,16249.76
2025-11-16 16:01:33.634,593,15158.95
2025-11-16 16:01:33.634,594,15347.64
2025-11-16 16:01:33.634,595,18026.2
2025-11-16 16:01:33.634,596,15881.35
2025-11-16 16:01:33.634,597,16420.69
2025-11-16 16:01:33.634,598,14025.94
2025-11-16 16:01:33.634,599,15897.87
2025-11-16 16:01:33.634,600,14534.84
2025-11-16 16:01:33.634,601,15174.57
2025-11-16 16:01:33.634,602,18260.31
2025-11-16 16:01:33.634,603,15930.98
2025-11-16 16:01:33.634,604,15603.64
2025-11-16 16:01:33.634,605,16716.42
2025-11-16 16:01:33.634,606,15363.49
2025-11-16 16:01:33.634,607,15523.09
2025-11-16 16:01:33.634,608,31206.99
2025-11-16 16:01:33.634,609,15158.95
2025-11-16 16:01:33.634,610,15395.25
2025-11-16 16:01:33.634,611,16386.33
2025-11-16 16:01:33.634,612,16114.59
2025-11-16 16:01:33.634,613,16114.59
2025-11-16 16:01:33.634,614,17494.69
2025-11-16 16:01:33.634,615,22774.6
2025-11-16 16:01:33.634,616,40883.72
2025-11-16 16:01:33.634,617,34935.51
2025-11-16 16:01:33.634,618,15379.36
2025-11-16 16:01:33.634,619,15379.36
2025-11-16 16:01:33.634,620,26154.89
2025-11-16 16:01:33.634,621,51841.71
2025-11-16 16:01:33.634,622,28699.64
2025-11-16 16:01:33.634,623,28699.64
2025-11-16 16:01:33.634,624,14183.61
2025-11-16 16:01:33.634,625,14416.64
2025-11-16 16:01:33.634,626,13214.03
2025-11-16 16:01:33.634,627,13592.43
2025-11-16 16:01:33.634,628,13081.8
2025-11-16 16:01:33.634,629,13267.35
2025-11-16 16:01:33.634,630,13094.96
2025-11-16 16:01:33.634,631,13200.74
2025-11-16 16:01:33.634,632,13200.74
2025-11-16 16:01:33.634,633,13174.2
2025-11-16 16:01:33.634,634,13294.1
2025-11-16 16:01:33.634,635,13055.53
2025-11-16 16:01:33.634,636,13280.71
2025-11-16 16:01:33.634,637,13214.03
2025-11-16 16:01:33.634,638,14328.73
2025-11-16 16:01:33.634,639,13108.13
2025-11-16 16:01:33.634,640,16455.14
2025-11-16 16:01:33.634,641,15268.68
2025-11-16 16:01:33.634,642,15411.16
2025-11-16 16:01:33.634,643,18181.84
2025-11-16 16:01:33.634,644,16114.59
2025-11-16 16:01:33.634,645,16437.9
2025-11-16 16:01:33.634,646,14154.79
2025-11-16 16:01:33.634,647,16014.12
2025-11-16 16:01:33.634,648,14609.3
2025-11-16 16:01:33.634,649,15174.57
2025-11-16 16:01:33.634,650,18378.83
2025-11-16 16:01:33.634,651,15914.42
2025-11-16 16:01:33.634,652,15619.82
2025-11-16 16:01:33.634,653,16911.3
2025-11-16 16:01:33.634,654,15523.09
2025-11-16 16:01:33.634,655,15848.37
2025-11-16 16:01:33.634,656,30631.22
2025-11-16 16:01:33.634,657,15331.81
2025-11-16 16:01:33.634,658,15652.22
2025-11-16 16:01:33.634,659,16663.75
2025-11-16 16:01:33.634,660,16064.26
2025-11-16 16:01:33.634,661,16148.25
2025-11-16 16:01:33.634,662,17531.99
2025-11-16 16:01:33.634,663,22987.37
2025-11-16 16:01:33.634,664,40505.41
2025-11-16 16:01:33.634,665,35234.91
2025-11-16 16:01:33.634,666,965113.19
2025-11-16 16:01:33.634,667,15427.09
2025-11-16 16:01:33.634,668,25836.37
2025-11-16 16:01:33.634,669,52218.99
2025-11-16 16:01:33.634,670,28699.64
2025-11-16 16:01:33.634,671,28699.64
2025-11-16 16:01:33.634,672,14040.19
2025-11-16 16:01:33.634,673,14154.79
2025-11-16 16:01:33.634,674,13108.13
2025-11-16 16:01:33.634,675,13334.34
2025-11-16 16:01:33.634,676,13081.8
2025-11-16 16:01:33.634,677,13108.13
2025-11-16 16:01:33.634,678,13055.53
2025-11-16 16:01:33.634,679,13240.66
2025-11-16 16:01:33.634,680,13081.8
2025-11-16 16:01:33.634,681,13094.96
2025-11-16 16:01:33.634,682,13240.66
2025-11-16 16:01:33.634,683,13214.03
2025-11-16 16:01:33.634,684,13280.71
2025-11-16 16:01:33.634,685,13108.13
2025-11-16 16:01:33.634,686,14314.14
2025-11-16 16:01:33.634,687,13294.1
2025-11-16 16:01:33.634,688,16283.77
2025-11-16 16:01:33.634,689,15019.26
2025-11-16 16:01:33.634,690,15411.16
2025-11-16 16:01:33.634,691,17910.59
2025-11-16 16:01:33.634,692,16047.52
2025-11-16 16:01:33.634,693,16386.33
2025-11-16 16:01:33.634,694,14140.4
2025-11-16 16:01:33.634,695,16047.52
2025-11-16 16:01:33.634,696,14564.57
2025-11-16 16:01:33.634,697,15300.2
2025-11-16 16:01:33.634,698,18518.36
2025-11-16 16:01:33.634,699,15881.35
2025-11-16 16:01:33.634,700,15603.64
2025-11-16 16:01:33.634,701,16875.66
2025-11-16 16:01:33.634,702,15603.64
2025-11-16 16:01:33.634,703,15684.7
2025-11-16 16:01:33.634,704,30712.49
2025-11-16 16:01:33.634,705,15491.01
2025-11-16 16:01:33.634,706,15749.92
2025-11-16 16:01:33.634,707,16628.76
2025-11-16 16:01:33.634,708,15930.98
2025-11-16 16:01:33.634,709,16182.0
2025-11-16 16:01:33.634,710,17346.5
2025-11-16 16:01:33.634,711,23094.79
2025-11-16 16:01:33.634,712,41592.18
2025-11-16 16:01:33.634,713,36473.41
2025-11-16 16:01:33.634,714,15507.04
2025-11-16 16:01:33.634,715,15507.04
2025-11-16 16:01:33.634,716,25963.11
2025-11-16 16:01:33.634,717,55621.39
2025-11-16 16:01:33.634,718,28736.48
2025-11-16 16:01:33.634,719,28736.48
2025-11-16 16:01:33.634,720,14126.04
2025-11-16 16:01:33.634,721,14387.27
2025-11-16 16:01:33.634,722,13280.71
2025-11-16 16:01:33.634,723,13675.12
2025-11-16 16:01:33.634,724,13254.0
2025-11-16 16:01:33.634,725,13388.2
2025-11-16 16:01:33.634,726,13294.1
2025-11-16 16:01:33.634,727,13347.78
2025-11-16 16:01:33.634,728,13347.78
2025-11-16 16:01:33.634,729,13294.1
2025-11-16 16:01:33.634,730,13320.91
2025-11-16 16:01:33.634,731,13374.71
2025-11-16 16:01:33.634,732,13483.07
2025-11-16 16:01:33.634,733,13347.78
2025-11-16 16:01:33.634,734,14564.57
2025-11-16 16:01:33.634,735,13510.31
2025-11-16 16:01:33.634,736,16628.76
2025-11-16 16:01:33.634,737,15331.81
2025-11-16 16:01:33.634,738,15619.82
2025-11-16 16:01:33.634,739,18339.21
2025-11-16 16:01:33.634,740,16232.79
2025-11-16 16:01:33.634,741,16734.02
2025-11-16 16:01:33.634,742,14299.57
2025-11-16 16:01:33.634,743,16131.41
2025-11-16 16:01:33.634,744,14881.11
2025-11-16 16:01:33.634,745,15395.25
2025-11-16 16:01:33.634,746,19069.58
2025-11-16 16:01:33.634,747,16182.0
2025-11-16 16:01:33.634,748,15881.35
2025-11-16 16:01:33.634,749,17127.16
2025-11-16 16:01:33.634,750,15881.35
2025-11-16 16:01:33.634,751,16047.52
2025-11-16 16:01:33.634,752,31290.57
2025-11-16 16:01:33.634,753,15652.22
2025-11-16 16:01:33.634,754,16064.26
2025-11-16 16:01:33.634,755,16911.3
2025-11-16 16:01:33.634,756,16334.95
2025-11-16 16:01:33.634,757,16352.05
2025-11-16 16:01:33.634,758,17853.14
2025-11-16 16:01:33.634,759,23421.27
2025-11-16 16:01:33.634,760,42794.9
2025-11-16 16:01:33.634,761,31713.61
2025-11-16 16:01:33.634,762,15700.98
2025-11-16 16:01:33.634,763,15700.98
2025-11-16 16:01:33.634,764,26676.44
2025-11-16 16:01:33.634,765,56046.25
2025-11-16 16:01:33.634,766,29146.33
2025-11-16 16:01:33.634,767,29146.33
2025-11-16 16:01:33.634,768,14654.19
2025-11-16 16:01:33.634,769,14926.99
2025-11-16 16:01:33.634,770,13702.81
2025-11-16 16:01:33.634,771,14183.61
2025-11-16 16:01:33.634,772,13455.89
2025-11-16 16:01:33.634,773,13675.12
2025-11-16 16:01:33.634,774,13688.95
2025-11-16 16:01:33.634,775,13758.38
2025-11-16 16:01:33.634,776,13730.56
2025-11-16 16:01:33.634,777,13606.17
2025-11-16 16:01:33.634,778,13702.81
2025-11-16 16:01:33.634,779,13730.56
2025-11-16 16:01:33.634,780,13842.23
2025-11-16 16:01:33.634,781,13592.43
2025-11-16 16:01:33.634,782,14759.57
2025-11-16 16:01:33.634,783,13842.23
2025-11-16 16:01:33.634,784,16893.47
2025-11-16 16:01:33.634,785,15749.92
2025-11-16 16:01:33.634,786,16014.12
2025-11-16 16:01:33.634,787,18438.46
2025-11-16 16:01:33.634,788,16663.75
2025-11-16 16:01:33.634,789,17018.8
2025-11-16 16:01:33.634,790,14624.25
2025-11-16 16:01:33.634,791,16663.75
2025-11-16 16:01:33.634,792,14896.38
2025-11-16 16:01:33.634,793,15619.82
2025-11-16 16:01:33.634,794,18822.0
2025-11-16 16:01:33.634,795,16352.05
2025-11-16 16:01:33.634,796,16014.12
2025-11-16 16:01:33.634,797,17272.99
2025-11-16 16:01:33.634,798,16047.52
2025-11-16 16:01:33.634,799,16131.41
2025-11-16 16:01:33.634,800,31458.76
2025-11-16 16:01:33.634,801,15782.65
2025-11-16 16:01:33.634,802,16131.41
2025-11-16 16:01:33.634,803,17163.47
2025-11-16 16:01:33.634,804,16352.05
2025-11-16 16:01:33.634,805,16182.0
2025-11-16 16:01:33.634,806,17853.14
2025-11-16 16:01:33.634,807,23393.82
2025-11-16 16:01:33.634,808,43557.83
2025-11-16 16:01:33.634,809,37118.37
2025-11-16 16:01:33.634,810,16014.12
2025-11-16 16:01:33.634,811,16014.12
2025-11-16 16:01:33.634,812,26610.43
2025-11-16 16:01:33.634,813,50466.71
2025-11-16 16:01:33.634,814,29526.5
2025-11-16 16:01:33.634,815,29526.5
2025-11-16 16:01:33.634,816,14654.19
2025-11-16 16:01:33.634,817,14896.38
2025-11-16 16:01:33.634,818,13675.12
2025-11-16 16:01:33.634,819,13926.67
2025-11-16 16:01:33.634,820,13606.17
2025-11-16 16:01:33.634,821,13702.81
2025-11-16 16:01:33.634,822,13619.93
2025-11-16 16:01:33.634,823,13428.77
2025-11-16 16:01:33.634,824,13606.17
2025-11-16 16:01:33.634,825,13483.07
2025-11-16 16:01:33.634,826,13647.49
2025-11-16 16:01:33.634,827,13675.12
2025-11-16 16:01:33.634,828,13828.22
2025-11-16 16:01:33.634,829,13483.07
2025-11-16 16:01:33.634,830,14624.25
2025-11-16 16:01:33.634,831,13702.81
2025-11-16 16:01:33.634,832,16875.66
2025-11-16 16:01:33.634,833,15555.25
2025-11-16 16:01:33.634,834,15652.22
2025-11-16 16:01:33.634,835,18498.34
2025-11-16 16:01:33.634,836,16352.05
2025-11-16 16:01:33.634,837,16593.85
2025-11-16 16:01:33.634,838,14328.73
2025-11-16 16:01:33.634,839,16317.87
2025-11-16 16:01:33.634,840,15019.26
2025-11-16 16:01:33.634,841,15523.09
2025-11-16 16:01:33.634,842,19069.58
2025-11-16 16:01:33.634,843,16352.05
2025-11-16 16:01:33.634,844,16014.12
2025-11-16 16:01:33.634,845,17272.99
2025-11-16 16:01:33.634,846,15947.57
2025-11-16 16:01:33.634,847,16148.25
2025-11-16 16:01:33.634,848,31501.02
2025-11-16 16:01:33.634,849,15799.05
2025-11-16 16:01:33.634,850,16215.84
2025-11-16 16:01:33.634,851,17163.47
2025-11-16 16:01:33.634,852,16628.76
2025-11-16 16:01:33.634,853,16611.29
2025-11-16 16:01:33.634,854,17834.04
2025-11-16 16:01:33.634,855,23923.21
2025-11-16 16:01:33.634,856,43347.59
2025-11-16 16:01:33.634,857,37118.37
2025-11-16 16:01:33.634,858,15914.42
2025-11-16 16:01:33.634,859,15914.42
2025-11-16 16:01:33.634,860,26544.65
2025-11-16 16:01:33.634,861,58255.64
2025-11-16 16:01:33.634,862,29641.99
2025-11-16 16:01:33.634,863,29641.99
2025-11-16 16:01:33.634,864,15003.83
2025-11-16 16:01:33.634,865,15268.68
2025-11-16 16:01:33.634,866,14040.19
2025-11-16 16:01:33.634,867,14357.96
2025-11-16 16:01:33.634,868,14040.19
2025-11-16 16:01:33.634,869,14068.74
2025-11-16 16:01:33.634,870,13912.56
2025-11-16 16:01:33.634,871,14068.74
2025-11-16 16:01:33.634,872,13969.12
2025-11-16 16:01:33.634,873,13926.67
2025-11-16 16:01:33.634,874,14097.35
2025-11-16 16:01:33.634,875,14040.19
2025-11-16 16:01:33.634,876,14198.04
2025-11-16 16:01:33.634,877,13969.12
2025-11-16 16:01:33.634,878,15096.68
2025-11-16 16:01:33.634,879,14126.04
2025-11-16 16:01:33.634,880,17272.99
2025-11-16 16:01:33.634,881,15947.57
2025-11-16 16:01:33.634,882,16455.14
2025-11-16 16:01:33.634,883,19111.26
2025-11-16 16:01:33.634,884,16455.14
2025-11-16 16:01:33.634,885,17309.7
2025-11-16 16:01:33.634,886,15050.17
2025-11-16 16:01:33.634,887,17090.95
2025-11-16 16:01:33.634,888,15395.25
2025-11-16 16:01:33.634,889,16114.59
2025-11-16 16:01:33.634,890,19556.16
2025-11-16 16:01:33.634,891,16964.95
2025-11-16 16:01:33.634,892,16628.76
2025-11-16 16:01:33.634,893,17795.93
2025-11-16 16:01:33.634,894,16611.29
2025-11-16 16:01:33.634,895,16681.28
2025-11-16 16:01:33.634,896,32232.81
2025-11-16 16:01:33.634,897,16352.05
2025-11-16 16:01:33.634,898,16964.95
2025-11-16 16:01:33.634,899,17757.91
2025-11-16 16:01:33.634,900,17218.13
2025-11-16 16:01:33.634,901,17383.4
2025-11-16 16:01:33.634,902,18699.77
2025-11-16 16:01:33.634,903,24704.93
2025-11-16 16:01:33.634,904,44415.61
2025-11-16 16:01:33.634,905,38291.07
2025-11-16 16:01:33.634,906,16628.76
2025-11-16 16:01:33.634,907,16628.76
2025-11-16 16:01:33.634,908,27591.39
2025-11-16 16:01:33.634,909,59181.26
2025-11-16 16:01:33.634,910,31206.99
2025-11-16 16:01:33.634,911,31206.99
2025-11-16 16:01:33.634,912,16769.29
2025-11-16 16:01:33.634,913,17199.88
2025-11-16 16:01:33.634,914,15782.65
2025-11-16 16:01:33.634,915,16097.79
2025-11-16 16:01:33.634,916,15619.82
2025-11-16 16:01:33.634,917,15717.27
2025-11-16 16:01:33.634,918,15636.01
2025-11-16 16:01:33.634,919,15668.45
2025-11-16 16:01:33.634,920,15684.7
2025-11-16 16:01:33.634,921,15636.01
2025-11-16 16:01:33.634,922,15652.22
2025-11-16 16:01:33.634,923,15684.7
2025-11-16 16:01:33.634,924,15815.47
2025-11-16 16:01:33.634,925,15555.25
2025-11-16 16:01:33.634,926,16593.85
2025-11-16 16:01:33.634,927,15749.92
2025-11-16 16:01:33.634,928,18801.55
2025-11-16 16:01:33.634,929,17720.0
2025-11-16 16:01:33.634,930,17929.79
2025-11-16 16:01:33.634,931,20788.21
2025-11-16 16:01:33.634,932,18260.31
2025-11-16 16:01:33.634,933,19069.58
2025-11-16 16:01:33.634,934,16455.14
2025-11-16 16:01:33.634,935,17872.27
2025-11-16 16:01:33.634,936,17018.8
2025-11-16 16:01:33.634,937,17531.99
2025-11-16 16:01:33.634,938,21310.15
2025-11-16 16:01:33.634,939,18498.34
2025-11-16 16:01:33.634,940,18181.84
2025-11-16 16:01:33.634,941,19406.36
2025-11-16 16:01:33.634,942,18181.84
2025-11-16 16:01:33.634,943,18260.31
2025-11-16 16:01:33.634,944,34348.4
2025-11-16 16:01:33.634,945,17872.27
2025-11-16 16:01:33.634,946,18142.77
2025-11-16 16:01:33.634,947,18781.14
2025-11-16 16:01:33.634,948,18598.7
2025-11-16 16:01:33.634,949,18760.76
2025-11-16 16:01:33.634,950,20170.86
2025-11-16 16:01:33.634,951,26742.69
2025-11-16 16:01:33.634,952,47001.92
2025-11-16 16:01:33.634,953,40505.41
2025-11-16 16:01:33.634,954,18064.95
2025-11-16 16:01:33.634,955,18064.95
2025-11-16 16:01:33.634,956,29146.33
2025-11-16 16:01:33.634,957,64077.9
2025-11-16 16:01:33.634,958,32586.16
2025-11-16 16:01:33.634,959,32586.16
2025-11-16 16:01:33.634,960,42455.23
2025-11-16 16:01:33.634,961,42320.58
2025-11-16 16:01:33.634,962,40630.89
2025-11-16 16:01:33.634,963,41139.08
2025-11-16 16:01:33.634,964,40132.67
2025-11-16 16:01:33.634,965,40380.55
2025-11-16 16:01:33.634,966,40380.55
2025-11-16 16:01:33.634,967,40505.41
2025-11-16 16:01:33.634,968,40132.67
2025-11-16 16:01:33.634,969,40256.3
2025-11-16 16:01:33.634,970,40693.86
2025-11-16 16:01:33.634,971,39704.69
2025-11-16 16:01:33.634,972,38521.08
2025-11-16 16:01:33.634,973,39644.14
2025-11-16 16:01:33.634,974,40132.67
2025-11-16 16:01:33.634,975,39463.38
2025-11-16 16:01:33.634,976,41397.01
2025-11-16 16:01:33.634,977,39704.69
2025-11-16 16:01:33.634,978,37447.59
2025-11-16 16:01:33.634,979,40442.9
2025-11-16 16:01:33.634,980,38695.02
2025-11-16 16:01:33.634,981,38006.61
2025-11-16 16:01:33.634,982,39403.42
2025-11-16 16:01:33.634,983,40194.41
2025-11-16 16:01:33.634,984,37337.34
2025-11-16 16:01:33.634,985,38291.07
2025-11-16 16:01:33.634,986,45754.95
2025-11-16 16:01:33.634,987,35742.86
2025-11-16 16:01:33.634,988,41332.29
2025-11-16 16:01:33.634,989,44561.25
2025-11-16 16:01:33.634,990,42590.57
2025-11-16 16:01:33.634,991,42726.61
2025-11-16 16:01:33.634,992,70663.95
2025-11-16 16:01:33.634,993,41657.55
2025-11-16 16:01:33.634,994,42320.58
2025-11-16 16:01:33.634,995,38233.91
2025-11-16 16:01:33.634,996,42863.36
2025-11-16 16:01:33.634,997,42863.36
2025-11-16 16:01:33.634,998,45301.25
2025-11-16 16:01:33.634,999,56476.62
2025-11-16 16:01:33.634,1000,92019.64
2025-11-16 16:01:33.634,1001,77209.76
2025-11-16 16:01:33.634,1002,41139.08
2025-11-16 16:01:33.634,1003,41139.08
2025-11-16 16:01:33.634,1004,62499.11
2025-11-16 16:01:33.634,1005,128253.38
2025-11-16 16:01:33.634,1006,66292.91
2025-11-16 16:01:33.634,1007,66292.91
2025-11-16 16:01:33.634,1008,60617.66
2025-11-16 16:01:33.634,1009,61608.8
2025-11-16 16:01:33.634,1010,58484.71
2025-11-16 16:01:33.634,1011,58028.08
2025-11-16 16:01:33.634,1012,58484.71
2025-11-16 16:01:33.634,1013,58715.34
2025-11-16 16:01:33.634,1014,55727.09
2025-11-16 16:01:33.634,1015,58484.71
2025-11-16 16:01:33.634,1016,57914.87
2025-11-16 16:01:33.634,1017,58028.08
2025-11-16 16:01:33.634,1018,58484.71
2025-11-16 16:01:33.634,1019,57354.41
2025-11-16 16:01:33.634,1020,58141.67
2025-11-16 16:01:33.634,1021,58141.67
2025-11-16 16:01:33.634,1022,59892.09
2025-11-16 16:01:33.634,1023,57802.03
2025-11-16 16:01:33.634,1024,61483.39
2025-11-16 16:01:33.634,1025,59181.26
2025-11-16 16:01:33.634,1026,52124.24
2025-11-16 16:01:33.634,1027,58484.71
2025-11-16 16:01:33.634,1028,47322.41
2025-11-16 16:01:33.634,1029,50556.48
2025-11-16 16:01:33.634,1030,56912.64
2025-11-16 16:01:33.634,1031,48810.25
2025-11-16 16:01:33.634,1032,53084.88
2025-11-16 16:01:33.634,1033,55097.93
2025-11-16 16:01:33.634,1034,63148.7
2025-11-16 16:01:33.634,1035,54378.94
2025-11-16 16:01:33.634,1036,58484.71
2025-11-16 16:01:33.634,1037,62499.11
2025-11-16 16:01:33.634,1038,59534.86
2025-11-16 16:01:33.634,1039,60132.29
2025-11-16 16:01:33.634,1040,94098.91
2025-11-16 16:01:33.634,1041,58255.64
2025-11-16 16:01:33.634,1042,57577.48
2025-11-16 16:01:33.634,1043,54787.84
2025-11-16 16:01:33.634,1044,58715.34
2025-11-16 16:01:33.634,1045,58141.67
2025-11-16 16:01:33.634,1046,62242.49
2025-11-16 16:01:33.634,1047,68644.23
2025-11-16 16:01:33.634,1048,125954.73
2025-11-16 16:01:33.634,1049,105255.28
2025-11-16 16:01:33.634,1050,58484.71
2025-11-16 16:01:33.634,1051,58484.71
2025-11-16 16:01:33.634,1052,91765.55
2025-11-16 16:01:33.634,1053,175214.38
2025-11-16 16:01:33.634,1054,87631.56
2025-11-16 16:01:33.634,1055,87631.56
2025-11-16 16:01:33.634,1056,47161.71
2025-11-16 16:01:33.634,1057,47322.41
2025-11-16 16:01:33.634,1058,46138.74
2025-11-16 16:01:33.634,1059,46371.55
2025-11-16 16:01:33.634,1060,44415.61
2025-11-16 16:01:33.634,1061,45754.95
2025-11-16 16:01:33.634,1062,45907.83
2025-11-16 16:01:33.634,1063,45602.89
2025-11-16 16:01:33.634,1064,45002.86
2025-11-16 16:01:33.634,1065,45151.65
2025-11-16 16:01:33.634,1066,46371.55
2025-11-16 16:01:33.634,1067,46216.13
2025-11-16 16:01:33.634,1068,45678.82
2025-11-16 16:01:33.634,1069,45754.95
2025-11-16 16:01:33.634,1070,47161.71
2025-11-16 16:01:33.634,1071,45151.65
2025-11-16 16:01:33.634,1072,47728.11
2025-11-16 16:01:33.634,1073,46449.59
2025-11-16 16:01:33.634,1074,40256.3
2025-11-16 16:01:33.634,1075,49670.62
2025-11-16 16:01:33.634,1076,30071.27
2025-11-16 16:01:33.634,1077,33036.22
2025-11-16 16:01:33.634,1078,44561.25
2025-11-16 16:01:33.634,1079,41526.96
2025-11-16 16:01:33.634,1080,33264.83
2025-11-16 16:01:33.634,1081,39403.42
2025-11-16 16:01:33.634,1082,48725.57
2025-11-16 16:01:33.634,1083,41075.0
2025-11-16 16:01:33.634,1084,45376.36
2025-11-16 16:01:33.634,1085,47484.0
2025-11-16 16:01:33.634,1086,46371.55
2025-11-16 16:01:33.634,1087,47322.41
2025-11-16 16:01:33.634,1088,82754.82
2025-11-16 16:01:33.634,1089,44928.77
2025-11-16 16:01:33.634,1090,45226.35
2025-11-16 16:01:33.634,1091,43983.32
2025-11-16 16:01:33.634,1092,45907.83
2025-11-16 16:01:33.634,1093,45002.86
2025-11-16 16:01:33.634,1094,48139.58
2025-11-16 16:01:33.634,1095,57577.48
2025-11-16 16:01:33.634,1096,103652.78
2025-11-16 16:01:33.634,1097,85800.06
2025-11-16 16:01:33.634,1098,43347.59
2025-11-16 16:01:33.634,1099,43347.59
2025-11-16 16:01:33.634,1100,68493.05
2025-11-16 16:01:33.634,1101,144441.03
2025-11-16 16:01:33.634,1102,75745.02
2025-11-16 16:01:33.634,1103,75745.02
2025-11-16 16:01:33.634,1104,64212.57
2025-11-16 16:01:33.634,1105,60617.66
2025-11-16 16:01:33.634,1106,59892.09
2025-11-16 16:01:33.634,1107,60495.69
2025-11-16 16:01:33.634,1108,61483.39
2025-11-16 16:01:33.634,1109,60617.66
2025-11-16 16:01:33.634,1110,59892.09
2025-11-16 16:01:33.634,1111,61860.94
2025-11-16 16:01:33.634,1112,60374.14
2025-11-16 16:01:33.634,1113,59892.09
2025-11-16 16:01:33.634,1114,60374.14
2025-11-16 16:01:33.634,1115,61358.41
2025-11-16 16:01:33.634,1116,60374.14
2025-11-16 16:01:33.634,1117,60374.14
2025-11-16 16:01:33.634,1118,62242.49
2025-11-16 16:01:33.634,1119,61109.78
2025-11-16 16:01:33.634,1120,63810.02
2025-11-16 16:01:33.634,1121,61109.78
2025-11-16 16:01:33.634,1122,51654.79
2025-11-16 16:01:33.634,1123,56046.25
2025-11-16 16:01:33.634,1124,56803.11
2025-11-16 16:01:33.634,1125,56046.25
2025-11-16 16:01:33.634,1126,59892.09
2025-11-16 16:01:33.634,1127,59181.26
2025-11-16 16:01:33.634,1128,51654.79
2025-11-16 16:01:33.634,1129,61109.78
2025-11-16 16:01:33.634,1130,61358.41
2025-11-16 16:01:33.634,1131,56046.25
2025-11-16 16:01:33.634,1132,56046.25
2025-11-16 16:01:33.634,1133,59534.86
2025-11-16 16:01:33.634,1134,59534.86
2025-11-16 16:01:33.634,1135,58484.71
2025-11-16 16:01:33.634,1136,103337.61
2025-11-16 16:01:33.634,1137,56912.64
2025-11-16 16:01:33.634,1138,56693.92
2025-11-16 16:01:33.634,1139,54378.94
2025-11-16 16:01:33.634,1140,57689.57
2025-11-16 16:01:33.634,1141,56585.1
2025-11-16 16:01:33.634,1142,59653.54
2025-11-16 16:01:33.634,1143,74854.26
2025-11-16 16:01:33.634,1144,125954.73
2025-11-16 16:01:33.634,1145,112509.73
2025-11-16 16:01:33.634,1146,56260.74
2025-11-16 16:01:33.634,1147,56260.74
2025-11-16 16:01:33.634,1148,87631.56
2025-11-16 16:01:33.634,1149,170315.53
2025-11-16 16:01:33.634,1150,93571.2
2025-11-16 16:01:33.634,1151,93571.2
2025-11-16 16:01:33.634,1152,103969.71
2025-11-16 16:01:33.634,1153,95170.63
2025-11-16 16:01:33.634,1154,101482.63
2025-11-16 16:01:33.634,1155,102094.18
2025-11-16 16:01:33.634,1156,96820.16
2025-11-16 16:01:33.634,1157,104288.4
2025-11-16 16:01:33.634,1158,97664.48
2025-11-16 16:01:33.634,1159,102402.48
2025-11-16 16:01:33.634,1160,98522.22
2025-11-16 16:01:33.634,1161,102402.48
2025-11-16 16:01:33.634,1162,99687.32
2025-11-16 16:01:33.634,1163,102402.48
2025-11-16 16:01:33.634,1164,102712.45
2025-11-16 16:01:33.634,1165,103024.17
2025-11-16 16:01:33.634,1166,105581.22
2025-11-16 16:01:33.634,1167,103337.61
2025-11-16 16:01:33.634,1168,107915.35
2025-11-16 16:01:33.634,1169,103337.61
2025-11-16 16:01:33.634,1170,102094.18
2025-11-16 16:01:33.634,1171,110700.96
2025-11-16 16:01:33.634,1172,105255.28
2025-11-16 16:01:33.634,1173,107238.9
2025-11-16 16:01:33.634,1174,104288.4
2025-11-16 16:01:33.634,1175,107915.35
2025-11-16 16:01:33.634,1176,99687.32
2025-11-16 16:01:33.634,1177,104608.9
2025-11-16 16:01:33.634,1178,111418.03
2025-11-16 16:01:33.634,1179,104288.4
2025-11-16 16:01:33.634,1180,91010.8
2025-11-16 16:01:33.634,1181,108599.64
2025-11-16 16:01:33.634,1182,98522.22
2025-11-16 16:01:33.634,1183,99101.66
2025-11-16 16:01:33.634,1184,155036.28
2025-11-16 16:01:33.634,1185,90021.7
2025-11-16 16:01:33.634,1186,91765.55
2025-11-16 16:01:33.634,1187,91010.8
2025-11-16 16:01:33.634,1188,90021.7
2025-11-16 16:01:33.634,1189,84909.8
2025-11-16 16:01:33.634,1190,90021.7
2025-11-16 16:01:33.634,1191,120320.87
2025-11-16 16:01:33.634,1192,208912.44
2025-11-16 16:01:33.634,1193,182175.47
2025-11-16 16:01:33.634,1194,79112.48
2025-11-16 16:01:33.634,1195,79112.48
2025-11-16 16:01:33.634,1196,144441.03
2025-11-16 16:01:33.634,1197,293282.41
2025-11-16 16:01:33.634,1198,157743.84
2025-11-16 16:01:33.634,1199,157743.84
2025-11-16 16:01:33.634,1200,988899.38
2025-11-16 16:01:33.634,1201,988899.38
2025-11-16 16:01:33.634,1202,942433.13
2025-11-16 16:01:33.634,1203,825793.38
2025-11-16 16:01:33.634,1204,825793.38
2025-11-16 16:01:33.634,1205,825793.38
2025-11-16 16:01:33.634,1206,825793.38
2025-11-16 16:01:33.634,1207,825793.38
2025-11-16 16:01:33.634,1208,825793.38
2025-11-16 16:01:33.634,1209,880309.75
2025-11-16 16:01:33.634,1210,988899.38
2025-11-16 16:01:33.634,1211,988899.38
2025-11-16 16:01:33.634,1212,988899.38
2025-11-16 16:01:33.634,1213,942433.13
2025-11-16 16:01:33.634,1214,942433.13
2025-11-16 16:01:33.634,1215,942433.13
2025-11-16 16:01:33.634,1216,965113.19
2025-11-16 16:01:33.634,1217,965113.19
2025-11-16 16:01:33.634,1218,988899.38
2025-11-16 16:01:33.634,1219,988899.38
2025-11-16 16:01:33.634,1220,988899.38
2025-11-16 16:01:33.634,1221,900097.25
2025-11-16 16:01:33.634,1222,900097.25
2025-11-16 16:01:33.634,1223,793012.25
2025-11-16 16:01:33.634,1224,762705.19
2025-11-16 16:01:33.634,1225,920784.13
2025-11-16 16:01:33.634,1226,920784.13
2025-11-16 16:01:33.634,1227,988899.38
2025-11-16 16:01:33.634,1228,920784.13
2025-11-16 16:01:33.634,1229,942433.13
2025-11-16 16:01:33.634,1230,942433.13
2025-11-16 16:01:33.634,1231,734602.25
2025-11-16 16:01:33.634,1232,721303.56
2025-11-16 16:01:33.634,1233,721303.56
2025-11-16 16:01:33.634,1234,900097.25
2025-11-16 16:01:33.634,1235,920784.13
2025-11-16 16:01:33.634,1236,861364.44
2025-11-16 16:01:33.634,1237,988899.38
2025-11-16 16:01:33.634,1238,965113.19
2025-11-16 16:01:33.634,1239,793012.25
2025-11-16 16:01:33.634,1240,861364.44
2025-11-16 16:01:33.634,1241,861364.44
2025-11-16 16:01:33.634,1242,861364.44
2025-11-16 16:01:33.634,1243,861364.44
2025-11-16 16:01:33.634,1244,276308.56
2025-11-16 16:01:33.634,1245,276308.56
2025-11-16 16:01:33.634,1246,276308.56
2025-11-16 16:01:33.634,1247,276308.56
2025-11-16 16:01:33.634,1248,276308.56
2025-11-16 16:01:33.634,1249,245875.0
2025-11-16 16:01:33.634,1250,238117.42
2025-11-16 16:01:33.634,1251,250766.73
2025-11-16 16:01:33.634,1252,238117.42
2025-11-16 16:01:33.634,1253,268514.44
2025-11-16 16:01:33.634,1254,264774.34
2025-11-16 16:01:33.634,1255,257587.41
2025-11-16 16:01:33.634,1256,247485.06
2025-11-16 16:01:33.634,1257,250766.73
2025-11-16 16:01:33.634,1258,211280.41
2025-11-16 16:01:33.634,1259,216173.34
2025-11-16 16:01:33.634,1260,218701.81
2025-11-16 16:01:33.634,1261,218701.81
2025-11-16 16:01:33.634,1262,211280.41
2025-11-16 16:01:33.634,1263,216173.34
2025-11-16 16:01:33.634,1264,203208.34
2025-11-16 16:01:33.634,1265,193656.09
2025-11-16 16:01:33.634,1266,183082.55
2025-11-16 16:01:33.634,1267,204325.27
2025-11-16 16:01:33.634,1268,214929.95
2025-11-16 16:01:33.634,1269,204325.27
2025-11-16 16:01:33.634,1270,213700.14
2025-11-16 16:01:33.634,1271,208912.44
2025-11-16 16:01:33.634,1272,205453.95
2025-11-16 16:01:33.634,1273,206594.58
2025-11-16 16:01:33.634,1274,230816.17
2025-11-16 16:01:33.634,1275,223932.14
2025-11-16 16:01:33.634,1276,206594.58
2025-11-16 16:01:33.634,1277,229407.17
2025-11-16 16:01:33.634,1278,207747.34
2025-11-16 16:01:33.634,1279,211280.41
2025-11-16 16:01:33.634,1280,322883.13
2025-11-16 16:01:33.634,1281,208912.44
2025-11-16 16:01:33.634,1282,211280.41
2025-11-16 16:01:33.634,1283,219987.36
2025-11-16 16:01:33.634,1284,211280.41
2025-11-16 16:01:33.634,1285,208912.44
2025-11-16 16:01:33.634,1286,218701.81
2025-11-16 16:01:33.634,1287,278325.69
2025-11-16 16:01:33.634,1288,391443.63
2025-11-16 16:01:33.634,1289,372678.72
2025-11-16 16:01:33.634,1290,223932.14
2025-11-16 16:01:33.634,1291,223932.14
2025-11-16 16:01:33.634,1292,288853.09
2025-11-16 16:01:33.634,1293,515003.19
2025-11-16 16:01:33.634,1294,320197.59
2025-11-16 16:01:33.634,1295,320197.59
2025-11-16 16:01:33.634,1296,54378.94
2025-11-16 16:01:33.634,1297,53182.58
2025-11-16 16:01:33.634,1298,52504.97
2025-11-16 16:01:33.634,1299,52600.88
2025-11-16 16:01:33.634,1300,51841.71
2025-11-16 16:01:33.634,1301,52890.38
2025-11-16 16:01:33.634,1302,52890.38
2025-11-16 16:01:33.634,1303,53975.16
2025-11-16 16:01:33.634,1304,52697.09
2025-11-16 16:01:33.634,1305,51935.61
2025-11-16 16:01:33.634,1306,52987.48
2025-11-16 16:01:33.634,1307,53182.58
2025-11-16 16:01:33.634,1308,52504.97
2025-11-16 16:01:33.634,1309,52987.48
2025-11-16 16:01:33.634,1310,54378.94
2025-11-16 16:01:33.634,1311,53378.87
2025-11-16 16:01:33.634,1312,55201.96
2025-11-16 16:01:33.634,1313,52218.99
2025-11-16 16:01:33.634,1314,51841.71
2025-11-16 16:01:33.634,1315,57802.03
2025-11-16 16:01:33.634,1316,56260.74
2025-11-16 16:01:33.634,1317,56476.62
2025-11-16 16:01:33.634,1318,54890.87
2025-11-16 16:01:33.634,1319,55939.52
2025-11-16 16:01:33.634,1320,52793.59
2025-11-16 16:01:33.634,1321,56046.25
2025-11-16 16:01:33.634,1322,54994.24
2025-11-16 16:01:33.634,1323,56046.25
2025-11-16 16:01:33.634,1324,48473.0
2025-11-16 16:01:33.634,1325,57914.87
2025-11-16 16:01:33.634,1326,50556.48
2025-11-16 16:01:33.634,1327,47484.0
2025-11-16 16:01:33.634,1328,80294.42
2025-11-16 16:01:33.634,1329,48641.14
2025-11-16 16:01:33.634,1330,48473.0
2025-11-16 16:01:33.634,1331,54582.74
2025-11-16 16:01:33.634,1332,47565.14
2025-11-16 16:01:33.634,1333,44854.87
2025-11-16 16:01:33.634,1334,42253.52
2025-11-16 16:01:33.634,1335,67894.05
2025-11-16 16:01:33.634,1336,105255.28
2025-11-16 16:01:33.634,1337,103337.61
2025-11-16 16:01:33.634,1338,48641.14
2025-11-16 16:01:33.634,1339,48641.14
2025-11-16 16:01:33.634,1340,75745.02
2025-11-16 16:01:33.634,1341,162702.02
2025-11-16 16:01:33.634,1342,82754.82
2025-11-16 16:01:33.634,1343,82754.82
2025-11-16 16:01:33.634,1344,32855.06
2025-11-16 16:01:33.634,1345,32145.38
2025-11-16 16:01:33.634,1346,31040.83
2025-11-16 16:01:33.634,1347,31290.57
2025-11-16 16:01:33.634,1348,31290.57
2025-11-16 16:01:33.634,1349,31628.31
2025-11-16 16:01:33.634,1350,31543.36
2025-11-16 16:01:33.634,1351,31040.83
2025-11-16 16:01:33.634,1352,31799.26
2025-11-16 16:01:33.634,1353,30958.25
2025-11-16 16:01:33.634,1354,31332.49
2025-11-16 16:01:33.634,1355,30917.09
2025-11-16 16:01:33.634,1356,31374.49
2025-11-16 16:01:33.634,1357,31713.61
2025-11-16 16:01:33.634,1358,33081.75
2025-11-16 16:01:33.634,1359,31713.61
2025-11-16 16:01:33.634,1360,34396.74
2025-11-16 16:01:33.634,1361,32675.42
2025-11-16 16:01:33.634,1362,32320.6
2025-11-16 16:01:33.634,1363,36901.41
2025-11-16 16:01:33.634,1364,35386.11
2025-11-16 16:01:33.634,1365,34348.4
2025-11-16 16:01:33.634,1366,32765.05
2025-11-16 16:01:33.634,1367,35134.67
2025-11-16 16:01:33.634,1368,32586.16
2025-11-16 16:01:33.634,1369,34060.55
2025-11-16 16:01:33.634,1370,37669.63
2025-11-16 16:01:33.634,1371,35084.71
2025-11-16 16:01:33.634,1372,31713.61
2025-11-16 16:01:33.634,1373,35845.82
2025-11-16 16:01:33.634,1374,31543.36
2025-11-16 16:01:33.634,1375,31885.26
2025-11-16 16:01:33.634,1376,54075.63
2025-11-16 16:01:33.634,1377,30835.0
2025-11-16 16:01:33.634,1378,30071.27
2025-11-16 16:01:33.634,1379,34445.18
2025-11-16 16:01:33.634,1380,31374.49
2025-11-16 16:01:33.634,1381,30150.32
2025-11-16 16:01:33.634,1382,29564.92
2025-11-16 16:01:33.634,1383,44634.36
2025-11-16 16:01:33.634,1384,68493.05
2025-11-16 16:01:33.634,1385,64212.57
2025-11-16 16:01:33.634,1386,31123.74
2025-11-16 16:01:33.634,1387,31123.74
2025-11-16 16:01:33.634,1388,48725.57
2025-11-16 16:01:33.634,1389,104608.9
2025-11-16 16:01:33.634,1390,55201.96
2025-11-16 16:01:33.634,1391,55201.96
2025-11-16 16:01:33.634,1392,33870.7
2025-11-16 16:01:33.634,1393,33310.84
2025-11-16 16:01:33.634,1394,32232.81
2025-11-16 16:01:33.634,1395,32189.05
2025-11-16 16:01:33.634,1396,32145.38
2025-11-16 16:01:33.634,1397,32145.38
2025-11-16 16:01:33.634,1398,32320.6
2025-11-16 16:01:33.634,1399,32765.05
2025-11-16 16:01:33.634,1400,31543.36
2025-11-16 16:01:33.634,1401,31628.31
2025-11-16 16:01:33.634,1402,32586.16
2025-11-16 16:01:33.634,1403,32320.6
2025-11-16 16:01:33.634,1404,32586.16
2025-11-16 16:01:33.634,1405,32675.42
2025-11-16 16:01:33.634,1406,33682.49
2025-11-16 16:01:33.634,1407,32232.81
2025-11-16 16:01:33.634,1408,34300.16
2025-11-16 16:01:33.634,1409,32058.32
2025-11-16 16:01:33.634,1410,32586.16
2025-11-16 16:01:33.634,1411,36157.48
2025-11-16 16:01:33.634,1412,36105.25
2025-11-16 16:01:33.634,1413,36262.32
2025-11-16 16:01:33.634,1414,33495.87
2025-11-16 16:01:33.634,1415,36105.25
2025-11-16 16:01:33.634,1416,34012.93
2025-11-16 16:01:33.634,1417,34885.99
2025-11-16 16:01:33.634,1418,39523.48
2025-11-16 16:01:33.634,1419,36209.84
2025-11-16 16:01:33.634,1420,33870.7
2025-11-16 16:01:33.634,1421,37337.34
2025-11-16 16:01:33.634,1422,33682.49
2025-11-16 16:01:33.634,1423,33036.22
2025-11-16 16:01:33.634,1424,55621.39
2025-11-16 16:01:33.634,1425,33403.16
2025-11-16 16:01:33.634,1426,32320.6
2025-11-16 16:01:33.634,1427,36053.13
2025-11-16 16:01:33.634,1428,32855.06
2025-11-16 16:01:33.634,1429,33173.1
2025-11-16 16:01:33.634,1430,34252.03
2025-11-16 16:01:33.634,1431,46843.01
2025-11-16 16:01:33.634,1432,73981.77
2025-11-16 16:01:33.634,1433,66723.02
2025-11-16 16:01:33.634,1434,33588.98
2025-11-16 16:01:33.634,1435,33588.98
2025-11-16 16:01:33.634,1436,50199.01
2025-11-16 16:01:33.634,1437,107915.35
2025-11-16 16:01:33.634,1438,56693.92
2025-11-16 16:01:33.634,1439,56693.92
2025-11-16 16:01:33.634,1440,35285.2
2025-11-16 16:01:33.634,1441,33776.39
2025-11-16 16:01:33.634,1442,33588.98
2025-11-16 16:01:33.634,1443,33264.83
2025-11-16 16:01:33.634,1444,33542.38
2025-11-16 16:01:33.634,1445,33682.49
2025-11-16 16:01:33.634,1446,33776.39
2025-11-16 16:01:33.634,1447,34445.18
2025-11-16 16:01:33.634,1448,34060.55
2025-11-16 16:01:33.634,1449,33495.87
2025-11-16 16:01:33.634,1450,34348.4
2025-11-16 16:01:33.634,1451,34300.16
2025-11-16 16:01:33.634,1452,34396.74
2025-11-16 16:01:33.634,1453,34060.55
2025-11-16 16:01:33.634,1454,35742.86
2025-11-16 16:01:33.634,1455,34348.4
2025-11-16 16:01:33.634,1456,34985.13
2025-11-16 16:01:33.634,1457,34156.08
2025-11-16 16:01:33.634,1458,33495.87
2025-11-16 16:01:33.634,1459,37009.64
2025-11-16 16:01:33.634,1460,37447.59
2025-11-16 16:01:33.634,1461,37337.34
2025-11-16 16:01:33.634,1462,35234.91
2025-11-16 16:01:33.634,1463,37950.12
2025-11-16 16:01:33.634,1464,35134.67
2025-11-16 16:01:33.634,1465,37009.64
2025-11-16 16:01:33.634,1466,40256.3
2025-11-16 16:01:33.634,1467,37781.43
2025-11-16 16:01:33.634,1468,33449.47
2025-11-16 16:01:33.634,1469,39224.4
2025-11-16 16:01:33.634,1470,33403.16
2025-11-16 16:01:33.634,1471,33542.38
2025-11-16 16:01:33.634,1472,54582.74
2025-11-16 16:01:33.634,1473,33127.38
2025-11-16 16:01:33.634,1474,25804.82
2025-11-16 16:01:33.634,1475,35949.24
2025-11-16 16:01:33.634,1476,31458.76
2025-11-16 16:01:33.634,1477,30835.0
2025-11-16 16:01:33.634,1478,23642.52
2025-11-16 16:01:33.634,1479,45754.95
2025-11-16 16:01:33.634,1480,70663.95
2025-11-16 16:01:33.634,1481,65030.96
2025-11-16 16:01:33.634,1482,33682.49
2025-11-16 16:01:33.634,1483,33682.49
2025-11-16 16:01:33.634,1484,51284.3
2025-11-16 16:01:33.634,1485,109291.9
2025-11-16 16:01:33.634,1486,60132.29
2025-11-16 16:01:33.634,1487,60132.29
2025-11-16 16:01:33.634,1488,27418.54
2025-11-16 16:01:33.634,1489,27077.54
2025-11-16 16:01:33.634,1490,26348.73
2025-11-16 16:01:33.634,1491,25963.11
2025-11-16 16:01:33.634,1492,26090.74
2025-11-16 16:01:33.634,1493,26219.28
2025-11-16 16:01:33.634,1494,26090.74
2025-11-16 16:01:33.634,1495,26187.06
2025-11-16 16:01:33.634,1496,26219.28
2025-11-16 16:01:33.634,1497,25963.11
2025-11-16 16:01:33.634,1498,26348.73
2025-11-16 16:01:33.634,1499,26544.65
2025-11-16 16:01:33.634,1500,26544.65
2025-11-16 16:01:33.634,1501,26479.11
2025-11-16 16:01:33.634,1502,28119.63
2025-11-16 16:01:33.634,1503,26643.4
2025-11-16 16:01:33.634,1504,27077.54
2025-11-16 16:01:33.634,1505,25963.11
2025-11-16 16:01:33.634,1506,25963.11
2025-11-16 16:01:33.634,1507,29449.88
2025-11-16 16:01:33.634,1508,29526.5
2025-11-16 16:01:33.634,1509,29449.88
2025-11-16 16:01:33.634,1510,27384.16
2025-11-16 16:01:33.634,1511,30071.27
2025-11-16 16:01:33.634,1512,28191.18
2025-11-16 16:01:33.634,1513,28553.0
2025-11-16 16:01:33.634,1514,32720.19
2025-11-16 16:01:33.634,1515,29449.88
2025-11-16 16:01:33.634,1516,26875.9
2025-11-16 16:01:33.634,1517,30876.0
2025-11-16 16:01:33.634,1518,26709.53
2025-11-16 16:01:33.634,1519,26875.9
2025-11-16 16:01:33.634,1520,45002.86
2025-11-16 16:01:33.634,1521,26316.28
2025-11-16 16:01:33.634,1522,25276.9
2025-11-16 16:01:33.634,1523,29297.52
2025-11-16 16:01:33.634,1524,26348.73
2025-11-16 16:01:33.634,1525,26187.06
2025-11-16 16:01:33.634,1526,26187.06
2025-11-16 16:01:33.634,1527,38348.37
2025-11-16 16:01:33.634,1528,57465.76
2025-11-16 16:01:33.634,1529,54582.74
2025-11-16 16:01:33.634,1530,26742.69
2025-11-16 16:01:33.634,1531,26742.69
2025-11-16 16:01:33.634,1532,40380.55
2025-11-16 16:01:33.634,1533,94098.91
2025-11-16 16:01:33.634,1534,48305.81
2025-11-16 16:01:33.634,1535,48305.81
2025-11-16 16:01:33.634,1536,26154.89
2025-11-16 16:01:33.634,1537,26154.89
2025-11-16 16:01:33.634,1538,26154.89
2025-11-16 16:01:33.634,1539,26154.89
2025-11-16 16:01:33.634,1540,26154.89
2025-11-16 16:01:33.634,1541,26154.89
2025-11-16 16:01:33.634,1542,26154.89
2025-11-16 16:01:33.634,1543,26154.89
2025-11-16 16:01:33.634,1544,26154.89
2025-11-16 16:01:33.634,1545,26154.89
2025-11-16 16:01:33.634,1546,26154.89
2025-11-16 16:01:33.634,1547,26154.89
2025-11-16 16:01:33.634,1548,26154.89
2025-11-16 16:01:33.634,1549,26154.89
2025-11-16 16:01:33.634,1550,26154.89
2025-11-16 16:01:33.634,1551,26154.89
2025-11-16 16:01:33.634,1552,26154.89
2025-11-16 16:01:33.634,1553,26154.89
2025-11-16 16:01:33.634,1554,26154.89
2025-11-16 16:01:33.634,1555,26154.89
2025-11-16 16:01:33.634,1556,26154.89
2025-11-16 16:01:33.634,1557,26154.89
2025-11-16 16:01:33.634,1558,26154.89
2025-11-16 16:01:33.634,1559,26154.89
2025-11-16 16:01:33.634,1560,26154.89
2025-11-16 16:01:33.634,1561,26154.89
2025-11-16 16:01:33.634,1562,26154.89
2025-11-16 16:01:33.634,1563,26154.89
2025-11-16 16:01:33.634,1564,26154.89
2025-11-16 16:01:33.634,1565,26154.89
2025-11-16 16:01:33.634,1566,26154.89
2025-11-16 16:01:33.634,1567,26154.89
2025-11-16 16:01:33.634,1568,26154.89
2025-11-16 16:01:33.634,1569,26154.89
2025-11-16 16:01:33.634,1570,26154.89
2025-11-16 16:01:33.634,1571,26154.89
2025-11-16 16:01:33.634,1572,26154.89
2025-11-16 16:01:33.634,1573,26154.89
2025-11-16 16:01:33.634,1574,26154.89
2025-11-16 16:01:33.634,1575,26154.89
2025-11-16 16:01:33.634,1576,26154.89
2025-11-16 16:01:33.634,1577,26154.89
2025-11-16 16:01:33.634,1578,26154.89
2025-11-16 16:01:33.634,1579,26154.89
2025-11-16 16:01:33.634,1580,26154.89
2025-11-16 16:01:33.634,1581,26154.89
2025-11-16 16:01:33.634,1582,26154.89
2025-11-16 16:01:33.634,1583,26154.89
2025-11-16 16:01:33.634,1584,26154.89
2025-11-16 16:01:33.634,1585,25585.55
2025-11-16 16:01:33.634,1586,24675.34
2025-11-16 16:01:33.634,1587,24208.61
2025-11-16 16:01:33.634,1588,24675.34
2025-11-16 16:01:33.634,1589,24675.34
2025-11-16 16:01:33.634,1590,24704.93
2025-11-16 16:01:33.634,1591,24853.65
2025-11-16 16:01:33.634,1592,24734.57
2025-11-16 16:01:33.634,1593,24557.47
2025-11-16 16:01:33.634,1594,24645.8
2025-11-16 16:01:33.634,1595,24734.57
2025-11-16 16:01:33.634,1596,24764.27
2025-11-16 16:01:33.634,1597,24734.57
2025-11-16 16:01:33.634,1598,25931.34
2025-11-16 16:01:33.634,1599,24913.49
2025-11-16 16:01:33.634,1600,24853.65
2025-11-16 16:01:33.634,1601,24353.12
2025-11-16 16:01:33.634,1602,23866.7
2025-11-16 16:01:33.634,1603,27556.69
2025-11-16 16:01:33.634,1604,27695.87
2025-11-16 16:01:33.634,1605,27626.15
2025-11-16 16:01:33.634,1606,25963.11
2025-11-16 16:01:33.634,1607,27977.33
2025-11-16 16:01:33.634,1608,26187.06
2025-11-16 16:01:33.634,1609,26875.9
2025-11-16 16:01:33.634,1610,30835.0
2025-11-16 16:01:33.634,1611,27077.54
2025-11-16 16:01:33.634,1612,24973.54
2025-11-16 16:01:33.634,1613,28736.48
2025-11-16 16:01:33.634,1614,25033.8
2025-11-16 16:01:33.634,1615,25094.26
2025-11-16 16:01:33.634,1616,41920.75
2025-11-16 16:01:33.634,1617,24794.01
2025-11-16 16:01:33.634,1618,24208.61
2025-11-16 16:01:33.634,1619,27730.82
2025-11-16 16:01:33.634,1620,24823.81
2025-11-16 16:01:33.634,1621,25094.26
2025-11-16 16:01:33.634,1622,26219.28
2025-11-16 16:01:33.634,1623,36157.48
2025-11-16 16:01:33.634,1624,52987.48
2025-11-16 16:01:33.634,1625,50377.22
2025-11-16 16:01:33.634,1626,25679.2
2025-11-16 16:01:33.634,1627,25679.2
2025-11-16 16:01:33.634,1628,38348.37
2025-11-16 16:01:33.634,1629,91010.8
2025-11-16 16:01:33.634,1630,44126.66
2025-11-16 16:01:33.634,1631,44126.66
2025-11-16 16:01:33.634,1632,24151.15
2025-11-16 16:01:33.634,1633,23202.91
2025-11-16 16:01:33.634,1634,22854.06
2025-11-16 16:01:33.634,1635,22460.52
2025-11-16 16:01:33.634,1636,22774.6
2025-11-16 16:01:33.634,1637,22987.37
2025-11-16 16:01:33.634,1638,22933.92
2025-11-16 16:01:33.634,1639,23040.99
2025-11-16 16:01:33.634,1640,22987.37
2025-11-16 16:01:33.634,1641,22460.52
2025-11-16 16:01:33.634,1642,23230.05
2025-11-16 16:01:33.634,1643,22512.45
2025-11-16 16:01:33.634,1644,22960.62
2025-11-16 16:01:33.634,1645,23040.99
2025-11-16 16:01:33.634,1646,23979.91
2025-11-16 16:01:33.634,1647,23040.99
2025-11-16 16:01:33.634,1648,22408.76
2025-11-16 16:01:33.634,1649,21700.95
2025-11-16 16:01:33.634,1650,22357.16
2025-11-16 16:01:33.634,1651,24794.01
2025-11-16 16:01:33.634,1652,25276.9
2025-11-16 16:01:33.634,1653,25585.55
2025-11-16 16:01:33.634,1654,24093.88
2025-11-16 16:01:33.634,1655,25523.39
2025-11-16 16:01:33.634,1656,23866.7
2025-11-16 16:01:33.634,1657,24675.34
2025-11-16 16:01:33.634,1658,27077.54
2025-11-16 16:01:33.634,1659,25523.39
2025-11-16 16:01:33.634,1660,19449.01
2025-11-16 16:01:33.634,1661,26283.89
2025-11-16 16:01:33.634,1662,17757.91
2025-11-16 16:01:33.634,1663,19491.78
2025-11-16 16:01:33.634,1664,36262.32
2025-11-16 16:01:33.634,1665,17872.27
2025-11-16 16:01:33.634,1666,19194.97
2025-11-16 16:01:33.634,1667,24036.8
2025-11-16 16:01:33.634,1668,17000.83
2025-11-16 16:01:33.634,1669,19534.67
2025-11-16 16:01:33.634,1670,22960.62
2025-11-16 16:01:33.634,1671,31713.61
2025-11-16 16:01:33.634,1672,47646.51
2025-11-16 16:01:33.634,1673,48222.58
2025-11-16 16:01:33.634,1674,20193.28
2025-11-16 16:01:33.634,1675,20193.28
2025-11-16 16:01:33.634,1676,35034.87
2025-11-16 16:01:33.634,1677,84035.92
2025-11-16 16:01:33.634,1678,42186.62
2025-11-16 16:01:33.634,1679,42186.62
2025-11-16 16:01:33.634,1680,34348.4
2025-11-16 16:01:33.634,1681,33635.68
2025-11-16 16:01:33.634,1682,32900.21
2025-11-16 16:01:33.634,1683,31971.61
2025-11-16 16:01:33.634,1684,33403.16
2025-11-16 16:01:33.634,1685,32945.45
2025-11-16 16:01:33.634,1686,33495.87
2025-11-16 16:01:33.634,1687,33127.38
2025-11-16 16:01:33.634,1688,33588.98
2025-11-16 16:01:33.634,1689,33310.84
2025-11-16 16:01:33.634,1690,33403.16
2025-11-16 16:01:33.634,1691,33682.49
2025-11-16 16:01:33.634,1692,33495.87
2025-11-16 16:01:33.634,1693,33542.38
2025-11-16 16:01:33.634,1694,34493.74
2025-11-16 16:01:33.634,1695,33588.98
2025-11-16 16:01:33.634,1696,31628.31
2025-11-16 16:01:33.634,1697,30031.86
2025-11-16 16:01:33.634,1698,32586.16
2025-11-16 16:01:33.634,1699,35335.6
2025-11-16 16:01:33.634,1700,36901.41
2025-11-16 16:01:33.634,1701,37118.37
2025-11-16 16:01:33.634,1702,35084.71
2025-11-16 16:01:33.634,1703,37118.37
2025-11-16 16:01:33.634,1704,34348.4
2025-11-16 16:01:33.634,1705,36053.13
2025-11-16 16:01:33.634,1706,39887.21
2025-11-16 16:01:33.634,1707,37227.6
2025-11-16 16:01:33.634,1708,30794.08
2025-11-16 16:01:33.634,1709,38120.0
2025-11-16 16:01:33.634,1710,31040.83
2025-11-16 16:01:33.634,1711,30876.0
2025-11-16 16:01:33.634,1712,45151.65
2025-11-16 16:01:33.634,1713,30631.22
2025-11-16 16:01:33.634,1714,30189.96
2025-11-16 16:01:33.634,1715,35742.86
2025-11-16 16:01:33.634,1716,27349.84
2025-11-16 16:01:33.634,1717,30631.22
2025-11-16 16:01:33.634,1718,33682.49
2025-11-16 16:01:33.634,1719,45151.65
2025-11-16 16:01:33.634,1720,66292.91
2025-11-16 16:01:33.634,1721,65586.65
2025-11-16 16:01:33.634,1722,32058.32
2025-11-16 16:01:33.634,1723,32058.32
2025-11-16 16:01:33.634,1724,47322.41
2025-11-16 16:01:33.634,1725,122431.63
2025-11-16 16:01:33.634,1726,57354.41
2025-11-16 16:01:33.634,1727,57354.41
2025-11-16 16:01:33.634,1728,26511.85
2025-11-16 16:01:33.634,1729,25461.45
2025-11-16 16:01:33.634,1730,24853.65
2025-11-16 16:01:33.634,1731,24853.65
2025-11-16 16:01:33.634,1732,24853.65
2025-11-16 16:01:33.634,1733,25033.8
2025-11-16 16:01:33.634,1734,25154.93
2025-11-16 16:01:33.634,1735,24883.55
2025-11-16 16:01:33.634,1736,24973.54
2025-11-16 16:01:33.634,1737,24794.01
2025-11-16 16:01:33.634,1738,24883.55
2025-11-16 16:01:33.634,1739,25064.0
2025-11-16 16:01:33.634,1740,24764.27
2025-11-16 16:01:33.634,1741,24973.54
2025-11-16 16:01:33.634,1742,26154.89
2025-11-16 16:01:33.634,1743,25033.8
2025-11-16 16:01:33.634,1744,23754.24
2025-11-16 16:01:33.634,1745,23202.91
2025-11-16 16:01:33.634,1746,22987.37
2025-11-16 16:01:33.634,1747,24794.01
2025-11-16 16:01:33.634,1748,27418.54
2025-11-16 16:01:33.634,1749,27145.25
2025-11-16 16:01:33.634,1750,25994.93
2025-11-16 16:01:33.634,1751,27836.08
2025-11-16 16:01:33.634,1752,26026.81
2025-11-16 16:01:33.634,1753,26742.69
2025-11-16 16:01:33.634,1754,28773.39
2025-11-16 16:01:33.634,1755,27556.69
2025-11-16 16:01:33.634,1756,19406.36
2025-11-16 16:01:33.634,1757,28335.09
2025-11-16 16:01:33.634,1758,21310.15
2025-11-16 16:01:33.634,1759,18142.77
2025-11-16 16:01:33.634,1760,40505.41
2025-11-16 16:01:33.634,1761,22305.72
2025-11-16 16:01:33.634,1762,20419.37
2025-11-16 16:01:33.634,1763,26479.11
2025-11-16 16:01:33.634,1764,22177.84
2025-11-16 16:01:33.634,1765,21750.49
2025-11-16 16:01:33.634,1766,25461.45
2025-11-16 16:01:33.634,1767,35184.73
2025-11-16 16:01:33.634,1768,52793.59
2025-11-16 16:01:33.634,1769,51192.37
2025-11-16 16:01:33.634,1770,23586.93
2025-11-16 16:01:33.634,1771,23586.93
2025-11-16 16:01:33.634,1772,36367.62
2025-11-16 16:01:33.634,1773,85130.81
2025-11-16 16:01:33.634,1774,43698.91
2025-11-16 16:01:33.634,1775,43698.91
2025-11-16 16:01:33.634,1776,22564.54
2025-11-16 16:01:33.634,1777,21750.49
2025-11-16 16:01:33.634,1778,21406.95
2025-11-16 16:01:33.634,1779,21261.97
2025-11-16 16:01:33.634,1780,21213.94
2025-11-16 16:01:33.634,1781,21431.24
2025-11-16 16:01:33.634,1782,21213.94
2025-11-16 16:01:33.634,1783,21237.94
2025-11-16 16:01:33.634,1784,21455.57
2025-11-16 16:01:33.634,1785,21310.15
2025-11-16 16:01:33.634,1786,21358.47
2025-11-16 16:01:33.634,1787,21406.95
2025-11-16 16:01:33.634,1788,21406.95
2025-11-16 16:01:33.634,1789,21602.34
2025-11-16 16:01:33.634,1790,22460.52
2025-11-16 16:01:33.634,1791,21553.27
2025-11-16 16:01:33.634,1792,20193.28
2025-11-16 16:01:33.634,1793,19577.68
2025-11-16 16:01:33.634,1794,20037.0
2025-11-16 16:01:33.634,1795,22101.59
2025-11-16 16:01:33.634,1796,23698.29
2025-11-16 16:01:33.634,1797,23670.38
2025-11-16 16:01:33.634,1798,22486.47
2025-11-16 16:01:33.634,1799,24179.86
2025-11-16 16:01:33.634,1800,22382.94
2025-11-16 16:01:33.634,1801,23366.42
2025-11-16 16:01:33.634,1802,25492.39
2025-11-16 16:01:33.634,1803,23951.54
2025-11-16 16:01:33.634,1804,18103.81
2025-11-16 16:01:33.634,1805,24853.65
2025-11-16 16:01:33.634,1806,19237.01
2025-11-16 16:01:33.634,1807,18986.58
2025-11-16 16:01:33.634,1808,36053.13
2025-11-16 16:01:33.634,1809,19069.58
2025-11-16 16:01:33.634,1810,16317.87
2025-11-16 16:01:33.634,1811,22721.83
2025-11-16 16:01:33.634,1812,18064.95
2025-11-16 16:01:33.634,1813,16751.64
2025-11-16 16:01:33.634,1814,21750.49
2025-11-16 16:01:33.634,1815,30309.35
2025-11-16 16:01:33.634,1816,47646.51
2025-11-16 16:01:33.634,1817,45831.29
2025-11-16 16:01:33.634,1818,20170.86
2025-11-16 16:01:33.634,1819,20170.86
2025-11-16 16:01:33.634,1820,32630.74
2025-11-16 16:01:33.634,1821,77023.94
2025-11-16 16:01:33.634,1822,39644.14
2025-11-16 16:01:33.634,1823,39644.14
2025-11-16 16:01:33.634,1824,32855.06
2025-11-16 16:01:33.634,1825,31628.31
2025-11-16 16:01:33.634,1826,31040.83
2025-11-16 16:01:33.634,1827,30958.25
2025-11-16 16:01:33.634,1828,30958.25
2025-11-16 16:01:33.634,1829,31374.49
2025-11-16 16:01:33.634,1830,30876.0
2025-11-16 16:01:33.634,1831,31123.74
2025-11-16 16:01:33.634,1832,31248.74
2025-11-16 16:01:33.634,1833,31290.57
2025-11-16 16:01:33.634,1834,31248.74
2025-11-16 16:01:33.634,1835,31458.76
2025-11-16 16:01:33.634,1836,30835.0
2025-11-16 16:01:33.634,1837,31585.79
2025-11-16 16:01:33.634,1838,32855.06
2025-11-16 16:01:33.634,1839,31885.26
2025-11-16 16:01:33.634,1840,31628.31
2025-11-16 16:01:33.634,1841,30150.32
2025-11-16 16:01:33.634,1842,29297.52
2025-11-16 16:01:33.634,1843,33495.87
2025-11-16 16:01:33.634,1844,34348.4
2025-11-16 16:01:33.634,1845,34252.03
2025-11-16 16:01:33.634,1846,33081.75
2025-11-16 16:01:33.634,1847,35034.87
2025-11-16 16:01:33.634,1848,32765.05
2025-11-16 16:01:33.634,1849,34204.0
2025-11-16 16:01:33.634,1850,37392.4
2025-11-16 16:01:33.634,1851,35034.87
2025-11-16 16:01:33.634,1852,29221.78
2025-11-16 16:01:33.634,1853,36473.41
2025-11-16 16:01:33.634,1854,28553.0
2025-11-16 16:01:33.634,1855,28847.41
2025-11-16 16:01:33.634,1856,50556.48
2025-11-16 16:01:33.634,1857,30590.71
2025-11-16 16:01:33.634,1858,29449.88
2025-11-16 16:01:33.634,1859,34445.18
2025-11-16 16:01:33.634,1860,31206.99
2025-11-16 16:01:33.634,1861,30429.46
2025-11-16 16:01:33.634,1862,33495.87
2025-11-16 16:01:33.634,1863,43769.74
2025-11-16 16:01:33.634,1864,65586.65
2025-11-16 16:01:33.634,1865,63676.8
2025-11-16 16:01:33.634,1866,31290.57
2025-11-16 16:01:33.634,1867,31290.57
2025-11-16 16:01:33.634,1868,45151.65
2025-11-16 16:01:33.634,1869,103969.71
2025-11-16 16:01:33.634,1870,54787.84
2025-11-16 16:01:33.634,1871,54787.84
2025-11-16 16:01:33.634,1872,27977.33
2025-11-16 16:01:33.634,1873,26842.51
2025-11-16 16:01:33.634,1874,26709.53
2025-11-16 16:01:33.634,1875,26511.85
2025-11-16 16:01:33.634,1876,26511.85
2025-11-16 16:01:33.634,1877,26875.9
2025-11-16 16:01:33.634,1878,26610.43
2025-11-16 16:01:33.634,1879,26842.51
2025-11-16 16:01:33.634,1880,26809.18
2025-11-16 16:01:33.634,1881,26511.85
2025-11-16 16:01:33.634,1882,26809.18
2025-11-16 16:01:33.634,1883,26610.43
2025-11-16 16:01:33.634,1884,26610.43
2025-11-16 16:01:33.634,1885,26809.18
2025-11-16 16:01:33.634,1886,27765.84
2025-11-16 16:01:33.634,1887,26809.18
2025-11-16 16:01:33.634,1888,26219.28
2025-11-16 16:01:33.634,1889,24794.01
2025-11-16 16:01:33.634,1890,25154.93
2025-11-16 16:01:33.634,1891,27871.29
2025-11-16 16:01:33.634,1892,29146.33
2025-11-16 16:01:33.634,1893,28921.71
2025-11-16 16:01:33.634,1894,27836.08
2025-11-16 16:01:33.634,1895,29449.88
2025-11-16 16:01:33.634,1896,27626.15
2025-11-16 16:01:33.634,1897,28699.64
2025-11-16 16:01:33.634,1898,30712.49
2025-11-16 16:01:33.634,1899,29297.52
2025-11-16 16:01:33.634,1900,22000.49
2025-11-16 16:01:33.634,1901,30389.34
2025-11-16 16:01:33.634,1902,22000.49
2025-11-16 16:01:33.634,1903,21700.95
2025-11-16 16:01:33.634,1904,43487.57
2025-11-16 16:01:33.634,1905,24734.57
2025-11-16 16:01:33.634,1906,23040.99
2025-11-16 16:01:33.634,1907,28736.48
2025-11-16 16:01:33.634,1908,24794.01
2025-11-16 16:01:33.634,1909,24616.31
2025-11-16 16:01:33.634,1910,27281.39
2025-11-16 16:01:33.634,1911,37613.93
2025-11-16 16:01:33.634,1912,56368.51
2025-11-16 16:01:33.634,1913,53975.16
2025-11-16 16:01:33.634,1914,25523.39
2025-11-16 16:01:33.634,1915,25523.39
2025-11-16 16:01:33.634,1916,38348.37
2025-11-16 16:01:33.634,1917,87398.81
2025-11-16 16:01:33.634,1918,45907.83
2025-11-16 16:01:33.634,1919,45907.83
2025-11-16 16:01:33.634,1920,793012.25
2025-11-16 16:01:33.634,1921,734602.25
2025-11-16 16:01:33.634,1922,734602.25
2025-11-16 16:01:33.634,1923,696081.88
2025-11-16 16:01:33.634,1924,696081.88
2025-11-16 16:01:33.634,1925,900097.25
2025-11-16 16:01:33.634,1926,708471.5
2025-11-16 16:01:33.634,1927,734602.25
2025-11-16 16:01:33.634,1928,762705.19
2025-11-16 16:01:33.634,1929,684112.31
2025-11-16 16:01:33.634,1930,708471.5
2025-11-16 16:01:33.634,1931,592227.94
2025-11-16 16:01:33.634,1932,696081.88
2025-11-16 16:01:33.634,1933,684112.31
2025-11-16 16:01:33.634,1934,721303.56
2025-11-16 16:01:33.634,1935,708471.5
2025-11-16 16:01:33.634,1936,592227.94
2025-11-16 16:01:33.634,1937,684112.31
2025-11-16 16:01:33.634,1938,734602.25
2025-11-16 16:01:33.634,1939,748393.56
2025-11-16 16:01:33.634,1940,684112.31
2025-11-16 16:01:33.634,1941,861364.44
2025-11-16 16:01:33.634,1942,661350.38
2025-11-16 16:01:33.634,1943,550970.88
2025-11-16 16:01:33.634,1944,460679.59
2025-11-16 16:01:33.634,1945,583498.19
2025-11-16 16:01:33.634,1946,575017.88
2025-11-16 16:01:33.634,1947,543388.5
2025-11-16 16:01:33.634,1948,528822.38
2025-11-16 16:01:33.634,1949,592227.94
2025-11-16 16:01:33.634,1950,450099.75
2025-11-16 16:01:33.634,1951,566776.38
2025-11-16 16:01:33.634,1952,708471.5
2025-11-16 16:01:33.634,1953,550970.88
2025-11-16 16:01:33.634,1954,536008.31
2025-11-16 16:01:33.634,1955,566776.38
2025-11-16 16:01:33.634,1956,521823.06
2025-11-16 16:01:33.634,1957,583498.19
2025-11-16 16:01:33.634,1958,515003.19
2025-11-16 16:01:33.634,1959,640033.69
2025-11-16 16:01:33.634,1960,708471.5
2025-11-16 16:01:33.634,1961,942433.13
2025-11-16 16:01:33.634,1962,583498.19
2025-11-16 16:01:33.634,1963,583498.19
2025-11-16 16:01:33.634,1964,661350.38
2025-11-16 16:01:33.634,1965,942433.13
2025-11-16 16:01:33.634,1966,942433.13
2025-11-16 16:01:33.634,1967,942433.13
2025-11-16 16:01:33.634,1968,30835.0
2025-11-16 16:01:33.634,1969,29146.33
2025-11-16 16:01:33.634,1970,29411.68
2025-11-16 16:01:33.634,1971,28996.3
2025-11-16 16:01:33.634,1972,29449.88
2025-11-16 16:01:33.634,1973,29449.88
2025-11-16 16:01:33.634,1974,29411.68
2025-11-16 16:01:33.634,1975,29221.78
2025-11-16 16:01:33.634,1976,29449.88
2025-11-16 16:01:33.634,1977,29108.72
2025-11-16 16:01:33.634,1978,29297.52
2025-11-16 16:01:33.634,1979,28847.41
2025-11-16 16:01:33.634,1980,29033.7
2025-11-16 16:01:33.634,1981,29641.99
2025-11-16 16:01:33.634,1982,30794.08
2025-11-16 16:01:33.634,1983,29297.52
2025-11-16 16:01:33.634,1984,29297.52
2025-11-16 16:01:33.634,1985,27765.84
2025-11-16 16:01:33.634,1986,27836.08
2025-11-16 16:01:33.634,1987,31040.83
2025-11-16 16:01:33.634,1988,32900.21
2025-11-16 16:01:33.634,1989,32720.19
2025-11-16 16:01:33.634,1990,30876.0
2025-11-16 16:01:33.634,1991,33403.16
2025-11-16 16:01:33.634,1992,30794.08
2025-11-16 16:01:33.634,1993,32145.38
2025-11-16 16:01:33.634,1994,34985.13
2025-11-16 16:01:33.634,1995,32990.79
2025-11-16 16:01:33.634,1996,27145.25
2025-11-16 16:01:33.634,1997,34348.4
2025-11-16 16:01:33.634,1998,25461.45
2025-11-16 16:01:33.634,1999,26742.69
2025-11-16 16:01:33.634,2000,45984.59
2025-11-16 16:01:33.634,2001,27730.82
2025-11-16 16:01:33.634,2002,27349.84
2025-11-16 16:01:33.634,2003,32189.05
2025-11-16 16:01:33.634,2004,28480.09
2025-11-16 16:01:33.634,2005,28996.3
2025-11-16 16:01:33.634,2006,31416.58
2025-11-16 16:01:33.634,2007,41526.96
2025-11-16 16:01:33.634,2008,61358.41
2025-11-16 16:01:33.634,2009,59416.6
2025-11-16 16:01:33.634,2010,29449.88
2025-11-16 16:01:33.634,2011,29449.88
2025-11-16 16:01:33.634,2012,43277.87
2025-11-16 16:01:33.634,2013,101179.34
2025-11-16 16:01:33.634,2014,51748.12
2025-11-16 16:01:33.634,2015,51748.12
2025-11-16 16:01:33.634,2016,575017.88
2025-11-16 16:01:33.634,2017,566776.38
2025-11-16 16:01:33.634,2018,601218.31
2025-11-16 16:01:33.634,2019,566776.38
2025-11-16 16:01:33.634,2020,721303.56
2025-11-16 16:01:33.634,2021,861364.44
2025-11-16 16:01:33.634,2022,640033.69
2025-11-16 16:01:33.634,2023,672541.69
2025-11-16 16:01:33.634,2024,640033.69
2025-11-16 16:01:33.634,2025,672541.69
2025-11-16 16:01:33.634,2026,696081.88
2025-11-16 16:01:33.634,2027,684112.31
2025-11-16 16:01:33.634,2028,734602.25
2025-11-16 16:01:33.634,2029,672541.69
2025-11-16 16:01:33.634,2030,684112.31
2025-11-16 16:01:33.634,2031,650520.19
2025-11-16 16:01:33.634,2032,708471.5
2025-11-16 16:01:33.634,2033,543388.5
2025-11-16 16:01:33.634,2034,640033.69
2025-11-16 16:01:33.634,2035,721303.56
2025-11-16 16:01:33.634,2036,734602.25
2025-11-16 16:01:33.634,2037,762705.19
2025-11-16 16:01:33.634,2038,566776.38
2025-11-16 16:01:33.634,2039,543388.5
2025-11-16 16:01:33.634,2040,640033.69
2025-11-16 16:01:33.634,2041,708471.5
2025-11-16 16:01:33.634,2042,536008.31
2025-11-16 16:01:33.634,2043,521823.06
2025-11-16 16:01:33.634,2044,450099.75
2025-11-16 16:01:33.634,2045,515003.19
2025-11-16 16:01:33.634,2046,450099.75
2025-11-16 16:01:33.634,2047,495554.03
2025-11-16 16:01:33.634,2048,477494.09
2025-11-16 16:01:33.634,2049,430305.09
2025-11-16 16:01:33.634,2050,477494.09
2025-11-16 16:01:33.634,2051,543388.5
2025-11-16 16:01:33.634,2052,521823.06
2025-11-16 16:01:33.634,2053,471757.34
2025-11-16 16:01:33.634,2054,471757.34
2025-11-16 16:01:33.634,2055,640033.69
2025-11-16 16:01:33.634,2056,528822.38
2025-11-16 16:01:33.634,2057,748393.56
2025-11-16 16:01:33.634,2058,521823.06
2025-11-16 16:01:33.634,2059,521823.06
2025-11-16 16:01:33.634,2060,358884.03
2025-11-16 16:01:33.634,2061,900097.25
2025-11-16 16:01:33.634,2062,601218.31
2025-11-16 16:01:33.634,2063,601218.31
2025-11-16 16:01:33.634,2064,27384.16
2025-11-16 16:01:33.634,2065,26348.73
2025-11-16 16:01:33.634,2066,25836.37
2025-11-16 16:01:33.634,2067,25492.39
2025-11-16 16:01:33.634,2068,26026.81
2025-11-16 16:01:33.634,2069,25773.33
2025-11-16 16:01:33.634,2070,25963.11
2025-11-16 16:01:33.634,2071,25773.33
2025-11-16 16:01:33.634,2072,25773.33
2025-11-16 16:01:33.634,2073,25994.93
2025-11-16 16:01:33.634,2074,25836.37
2025-11-16 16:01:33.634,2075,26090.74
2025-11-16 16:01:33.634,2076,25710.52
2025-11-16 16:01:33.634,2077,25836.37
2025-11-16 16:01:33.634,2078,26577.51
2025-11-16 16:01:33.634,2079,25836.37
2025-11-16 16:01:33.634,2080,20081.49
2025-11-16 16:01:33.634,2081,20788.21
2025-11-16 16:01:33.634,2082,24324.12
2025-11-16 16:01:33.634,2083,25773.33
2025-11-16 16:01:33.634,2084,28335.09
2025-11-16 16:01:33.634,2085,28119.63
2025-11-16 16:01:33.634,2086,26676.44
2025-11-16 16:01:33.634,2087,28921.71
2025-11-16 16:01:33.634,2088,26942.87
2025-11-16 16:01:33.634,2089,28119.63
2025-11-16 16:01:33.634,2090,31543.36
2025-11-16 16:01:33.634,2091,29071.17
2025-11-16 16:01:33.634,2092,25836.37
2025-11-16 16:01:33.634,2093,30229.68
2025-11-16 16:01:33.634,2094,25963.11
2025-11-16 16:01:33.634,2095,26090.74
2025-11-16 16:01:33.634,2096,42658.5
2025-11-16 16:01:33.634,2097,26090.74
2025-11-16 16:01:33.634,2098,25276.9
2025-11-16 16:01:33.634,2099,28847.41
2025-11-16 16:01:33.634,2100,25679.2
2025-11-16 16:01:33.634,2101,26090.74
2025-11-16 16:01:33.634,2102,28119.63
2025-11-16 16:01:33.634,2103,37669.63
2025-11-16 16:01:33.634,2104,56260.74
2025-11-16 16:01:33.634,2105,53084.88
2025-11-16 16:01:33.634,2106,26643.4
2025-11-16 16:01:33.634,2107,26643.4
2025-11-16 16:01:33.634,2108,39887.21
2025-11-16 16:01:33.634,2109,90021.7
2025-11-16 16:01:33.634,2110,46527.84
2025-11-16 16:01:33.634,2111,46527.84
2025-11-16 16:01:33.634,2112,284551.28
2025-11-16 16:01:33.634,2113,250766.73
2025-11-16 16:01:33.634,2114,247485.06
2025-11-16 16:01:33.634,2115,264774.34
2025-11-16 16:01:33.634,2116,261133.28
2025-11-16 16:01:33.634,2117,278325.69
2025-11-16 16:01:33.634,2118,257587.41
2025-11-16 16:01:33.634,2119,268514.44
2025-11-16 16:01:33.634,2120,264774.34
2025-11-16 16:01:33.634,2121,276308.56
2025-11-16 16:01:33.634,2122,286686.59
2025-11-16 16:01:33.634,2123,280371.47
2025-11-16 16:01:33.634,2124,288853.09
2025-11-16 16:01:33.634,2125,284551.28
2025-11-16 16:01:33.634,2126,291051.47
2025-11-16 16:01:33.634,2127,291051.47
2025-11-16 16:01:33.634,2128,286686.59
2025-11-16 16:01:33.634,2129,300178.03
2025-11-16 16:01:33.634,2130,280371.47
2025-11-16 16:01:33.634,2131,280371.47
2025-11-16 16:01:33.634,2132,270422.94
2025-11-16 16:01:33.634,2133,297844.91
2025-11-16 16:01:33.634,2134,288853.09
2025-11-16 16:01:33.634,2135,297844.91
2025-11-16 16:01:33.634,2136,278325.69
2025-11-16 16:01:33.634,2137,293282.41
2025-11-16 16:01:33.634,2138,291051.47
2025-11-16 16:01:33.634,2139,317555.0
2025-11-16 16:01:33.634,2140,270422.94
2025-11-16 16:01:33.634,2141,322883.13
2025-11-16 16:01:33.634,2142,266631.75
2025-11-16 16:01:33.634,2143,278325.69
2025-11-16 16:01:33.634,2144,223932.14
2025-11-16 16:01:33.634,2145,293282.41
2025-11-16 16:01:33.634,2146,282446.44
2025-11-16 16:01:33.634,2147,312394.69
2025-11-16 16:01:33.634,2148,282446.44
2025-11-16 16:01:33.634,2149,270422.94
2025-11-16 16:01:33.634,2150,312394.69
2025-11-16 16:01:33.634,2151,395419.56
2025-11-16 16:01:33.634,2152,216173.34
2025-11-16 16:01:33.634,2153,450099.75
2025-11-16 16:01:33.634,2154,297844.91
2025-11-16 16:01:33.634,2155,297844.91
2025-11-16 16:01:33.634,2156,128722.46
2025-11-16 16:01:33.634,2157,536008.31
2025-11-16 16:01:33.634,2158,376290.09
2025-11-16 16:01:33.634,2159,376290.09
2025-11-16 16:01:33.634,2160,403612.41
2025-11-16 16:01:33.634,2161,403612.41
2025-11-16 16:01:33.634,2162,403612.41
2025-11-16 16:01:33.634,2163,391443.63
2025-11-16 16:01:33.634,2164,395419.56
2025-11-16 16:01:33.634,2165,444986.13
2025-11-16 16:01:33.634,2166,403612.41
2025-11-16 16:01:33.634,2167,403612.41
2025-11-16 16:01:33.634,2168,450099.75
2025-11-16 16:01:33.634,2169,444986.13
2025-11-16 16:01:33.634,2170,583498.19
2025-11-16 16:01:33.634,2171,521823.06
2025-11-16 16:01:33.634,2172,455329.53
2025-11-16 16:01:33.634,2173,477494.09
2025-11-16 16:01:33.634,2174,536008.31
2025-11-16 16:01:33.634,2175,379970.25
2025-11-16 16:01:33.634,2176,483368.97
2025-11-16 16:01:33.634,2177,466154.09
2025-11-16 16:01:33.634,2178,471757.34
2025-11-16 16:01:33.634,2179,444986.13
2025-11-16 16:01:33.634,2180,471757.34
2025-11-16 16:01:33.634,2181,592227.94
2025-11-16 16:01:33.634,2182,543388.5
2025-11-16 16:01:33.634,2183,495554.03
2025-11-16 16:01:33.634,2184,387544.88
2025-11-16 16:01:33.634,2185,521823.06
2025-11-16 16:01:33.634,2186,495554.03
2025-11-16 16:01:33.634,2187,508356.06
2025-11-16 16:01:33.634,2188,450099.75
2025-11-16 16:01:33.634,2189,466154.09
2025-11-16 16:01:33.634,2190,372678.72
2025-11-16 16:01:33.634,2191,450099.75
2025-11-16 16:01:33.634,2192,288853.09
2025-11-16 16:01:33.634,2193,391443.63
2025-11-16 16:01:33.634,2194,439984.91
2025-11-16 16:01:33.634,2195,439984.91
2025-11-16 16:01:33.634,2196,372678.72
2025-11-16 16:01:33.634,2197,372678.72
2025-11-16 16:01:33.634,2198,365654.84
2025-11-16 16:01:33.634,2199,536008.31
2025-11-16 16:01:33.634,2200,239631.09
2025-11-16 16:01:33.634,2201,734602.25
2025-11-16 16:01:33.634,2202,450099.75
2025-11-16 16:01:33.634,2203,450099.75
2025-11-16 16:01:33.634,2204,158434.67
2025-11-16 16:01:33.634,2205,684112.31
2025-11-16 16:01:33.634,2206,483368.97
2025-11-16 16:01:33.634,2207,483368.97
2025-11-16 16:01:33.634,2208,182175.47
2025-11-16 16:01:33.634,2209,182175.47
2025-11-16 16:01:33.634,2210,182175.47
2025-11-16 16:01:33.634,2211,182175.47
2025-11-16 16:01:33.634,2212,182175.47
2025-11-16 16:01:33.634,2213,182175.47
2025-11-16 16:01:33.634,2214,182175.47
2025-11-16 16:01:33.634,2215,182175.47
2025-11-16 16:01:33.634,2216,182175.47
2025-11-16 16:01:33.634,2217,182175.47
2025-11-16 16:01:33.634,2218,182175.47
2025-11-16 16:01:33.634,2219,182175.47
2025-11-16 16:01:33.634,2220,182175.47
2025-11-16 16:01:33.634,2221,182175.47
2025-11-16 16:01:33.634,2222,182175.47
2025-11-16 16:01:33.634,2223,182175.47
2025-11-16 16:01:33.634,2224,182175.47
2025-11-16 16:01:33.634,2225,182175.47
2025-11-16 16:01:33.634,2226,182175.47
2025-11-16 16:01:33.634,2227,182175.47
2025-11-16 16:01:33.634,2228,182175.47
2025-11-16 16:01:33.634,2229,182175.47
2025-11-16 16:01:33.634,2230,182175.47
2025-11-16 16:01:33.634,2231,182175.47
2025-11-16 16:01:33.634,2232,182175.47
2025-11-16 16:01:33.634,2233,182175.47
2025-11-16 16:01:33.634,2234,182175.47
2025-11-16 16:01:33.634,2235,182175.47
2025-11-16 16:01:33.634,2236,182175.47
2025-11-16 16:01:33.634,2237,182175.47
2025-11-16 16:01:33.634,2238,182175.47
2025-11-16 16:01:33.634,2239,182175.47
2025-11-16 16:01:33.634,2240,182175.47
2025-11-16 16:01:33.634,2241,182175.47
2025-11-16 16:01:33.634,2242,182175.47
2025-11-16 16:01:33.634,2243,182175.47
2025-11-16 16:01:33.634,2244,182175.47
2025-11-16 16:01:33.634,2245,182175.47
2025-11-16 16:01:33.634,2246,182175.47
2025-11-16 16:01:33.634,2247,182175.47
2025-11-16 16:01:33.634,2248,182175.47
2025-11-16 16:01:33.634,2249,182175.47
2025-11-16 16:01:33.634,2250,182175.47
2025-11-16 16:01:33.634,2251,182175.47
2025-11-16 16:01:33.634,2252,182175.47
2025-11-16 16:01:33.634,2253,182175.47
2025-11-16 16:01:33.634,2254,182175.47
2025-11-16 16:01:33.634,2255,182175.47
2025-11-16 16:01:33.634,2256,182175.47
2025-11-16 16:01:33.634,2257,168739.63
2025-11-16 16:01:33.634,2258,175214.38
2025-11-16 16:01:33.634,2259,164172.88
2025-11-16 16:01:33.634,2260,168739.63
2025-11-16 16:01:33.634,2261,176056.81
2025-11-16 16:01:33.634,2262,170315.53
2025-11-16 16:01:33.634,2263,176056.81
2025-11-16 16:01:33.634,2264,176056.81
2025-11-16 16:01:33.634,2265,177764.91
2025-11-16 16:01:33.634,2266,175214.38
2025-11-16 16:01:33.634,2267,176906.95
2025-11-16 16:01:33.634,2268,176906.95
2025-11-16 16:01:33.634,2269,170315.53
2025-11-16 16:01:33.634,2270,179504.63
2025-11-16 16:01:33.634,2271,176056.81
2025-11-16 16:01:33.634,2272,170315.53
2025-11-16 16:01:33.634,2273,166426.73
2025-11-16 16:01:33.634,2274,176906.95
2025-11-16 16:01:33.634,2275,178630.77
2025-11-16 16:01:33.634,2276,183082.55
2025-11-16 16:01:33.634,2277,176056.81
2025-11-16 16:01:33.634,2278,173552.13
2025-11-16 16:01:33.634,2279,183998.22
2025-11-16 16:01:33.634,2280,164917.73
2025-11-16 16:01:33.634,2281,165668.98
2025-11-16 16:01:33.634,2282,180386.63
2025-11-16 16:01:33.634,2283,184922.63
2025-11-16 16:01:33.634,2284,155704.97
2025-11-16 16:01:33.634,2285,180386.63
2025-11-16 16:01:33.634,2286,158434.67
2025-11-16 16:01:33.634,2287,157058.67
2025-11-16 16:01:33.634,2288,107238.9
2025-11-16 16:01:33.634,2289,166426.73
2025-11-16 16:01:33.634,2290,163434.33
2025-11-16 16:01:33.634,2291,175214.38
2025-11-16 16:01:33.634,2292,157058.67
2025-11-16 16:01:33.634,2293,161255.75
2025-11-16 16:01:33.634,2294,176906.95
2025-11-16 16:01:33.634,2295,206594.58
2025-11-16 16:01:33.634,2296,106903.57
2025-11-16 16:01:33.634,2297,261133.28
2025-11-16 16:01:33.634,2298,165668.98
2025-11-16 16:01:33.634,2299,165668.98
2025-11-16 16:01:33.634,2300,46371.55
2025-11-16 16:01:33.634,2301,268514.44
2025-11-16 16:01:33.634,2302,180386.63
2025-11-16 16:01:33.634,2303,180386.63
2025-11-16 16:01:33.965,0,23311.73
2025-11-16 16:01:33.965,1,30229.68
2025-11-16 16:01:33.965,2,32058.32
2025-11-16 16:01:33.965,3,31458.76
2025-11-16 16:01:33.965,4,31416.58
2025-11-16 16:01:33.965,5,32058.32
2025-11-16 16:01:33.965,6,32014.92
2025-11-16 16:01:33.965,7,31971.61
2025-11-16 16:01:33.965,8,32058.32
2025-11-16 16:01:33.965,9,31713.61
2025-11-16 16:01:33.965,10,32276.66
2025-11-16 16:01:33.965,11,32014.92
2025-11-16 16:01:33.965,12,32320.6
2025-11-16 16:01:33.965,13,32145.38
2025-11-16 16:01:33.965,14,34204.0
2025-11-16 16:01:33.965,15,32765.05
2025-11-16 16:01:33.965,16,37893.76
2025-11-16 16:01:33.965,17,35845.82
2025-11-16 16:01:33.965,18,35640.36
2025-11-16 16:01:33.965,19,40505.41
2025-11-16 16:01:33.965,20,36473.41
2025-11-16 16:01:33.965,21,36473.41
2025-11-16 16:01:33.965,22,33495.87
2025-11-16 16:01:33.965,23,36793.67
2025-11-16 16:01:33.965,24,34445.18
2025-11-16 16:01:33.965,25,35234.91
2025-11-16 16:01:33.965,26,39765.37
2025-11-16 16:01:33.965,27,36901.41
2025-11-16 16:01:33.965,28,36157.48
2025-11-16 16:01:33.965,29,37669.63
2025-11-16 16:01:33.965,30,36262.32
2025-11-16 16:01:33.965,31,37447.59
2025-11-16 16:01:33.965,32,61109.78
2025-11-16 16:01:33.965,33,35949.24
2025-11-16 16:01:33.965,34,36526.48
2025-11-16 16:01:33.965,35,38006.61
2025-11-16 16:01:33.965,36,36686.43
2025-11-16 16:01:33.965,37,36793.67
2025-11-16 16:01:33.965,38,39283.93
2025-11-16 16:01:33.965,39,48139.58
2025-11-16 16:01:33.965,40,77209.76
2025-11-16 16:01:33.965,41,61860.94
2025-11-16 16:01:33.965,42,35335.6
2025-11-16 16:01:33.965,43,35335.6
2025-11-16 16:01:33.965,44,46216.13
2025-11-16 16:01:33.965,45,79307.3
2025-11-16 16:01:33.965,46,49758.04
2025-11-16 16:01:33.965,47,49758.04
2025-11-16 16:01:33.965,48,91261.14
2025-11-16 16:01:33.965,49,99982.53
2025-11-16 16:01:33.965,50,104608.9
2025-11-16 16:01:33.965,51,97664.48
2025-11-16 16:01:33.965,52,98522.22
2025-11-16 16:01:33.965,53,100279.32
2025-11-16 16:01:33.965,54,104931.19
2025-11-16 16:01:33.965,55,97948.88
2025-11-16 16:01:33.965,56,97381.57
2025-11-16 16:01:33.965,57,101482.63
2025-11-16 16:01:33.965,58,100279.32
2025-11-16 16:01:33.965,59,99101.66
2025-11-16 16:01:33.965,60,99687.32
2025-11-16 16:01:33.965,61,98522.22
2025-11-16 16:01:33.965,62,102712.45
2025-11-16 16:01:33.965,63,99101.66
2025-11-16 16:01:33.965,64,110700.96
2025-11-16 16:01:33.965,65,105255.28
2025-11-16 16:01:33.965,66,104931.19
2025-11-16 16:01:33.965,67,115905.77
2025-11-16 16:01:33.965,68,107915.35
2025-11-16 16:01:33.965,69,106570.16
2025-11-16 16:01:33.965,70,105255.28
2025-11-16 16:01:33.965,71,107238.9
2025-11-16 16:01:33.965,72,103652.78
2025-11-16 16:01:33.965,73,110345.59
2025-11-16 16:01:33.965,74,109992.31
2025-11-16 16:01:33.965,75,109992.31
2025-11-16 16:01:33.965,76,106570.16
2025-11-16 16:01:33.965,77,109992.31
2025-11-16 16:01:33.965,78,107238.9
2025-11-16 16:01:33.965,79,112143.66
2025-11-16 16:01:33.965,80,164172.88
2025-11-16 16:01:33.965,81,112143.66
2025-11-16 16:01:33.965,82,118276.26
2025-11-16 16:01:33.965,83,115134.95
2025-11-16 16:01:33.965,84,118680.02
2025-11-16 16:01:33.965,85,118680.02
2025-11-16 16:01:33.965,86,125504.14
2025-11-16 16:01:33.965,87,142142.66
2025-11-16 16:01:33.965,88,204325.27
2025-11-16 16:01:33.965,89,168739.63
2025-11-16 16:01:33.965,90,109291.9
2025-11-16 16:01:33.965,91,109291.9
2025-11-16 16:01:33.965,92,99101.66
2025-11-16 16:01:33.965,93,127787.46
2025-11-16 16:01:33.965,94,114753.04
2025-11-16 16:01:33.965,95,114753.04
2025-11-16 16:01:33.965,96,63676.8
2025-11-16 16:01:33.965,97,70823.62
2025-11-16 16:01:33.965,98,67012.48
2025-11-16 16:01:33.965,99,66435.75
2025-11-16 16:01:33.965,100,70663.95
2025-11-16 16:01:33.965,101,72958.16
2025-11-16 16:01:33.965,102,71631.49
2025-11-16 16:01:33.965,103,71306.41
2025-11-16 16:01:33.965,104,66150.61
2025-11-16 16:01:33.965,105,66292.91
2025-11-16 16:01:33.965,106,68192.39
2025-11-16 16:01:33.965,107,67012.48
2025-11-16 16:01:33.965,108,66723.02
2025-11-16 16:01:33.965,109,68342.44
2025-11-16 16:01:33.965,110,70663.95
2025-11-16 16:01:33.965,111,66292.91
2025-11-16 16:01:33.965,112,77772.0
2025-11-16 16:01:33.965,113,75745.02
2025-11-16 16:01:33.965,114,71959.17
2025-11-16 16:01:33.965,115,82335.49
2025-11-16 16:01:33.965,116,72622.48
2025-11-16 16:01:33.965,117,71468.63
2025-11-16 16:01:33.965,118,72958.16
2025-11-16 16:01:33.965,119,75386.48
2025-11-16 16:01:33.965,120,71959.17
2025-11-16 16:01:33.965,121,73296.59
2025-11-16 16:01:33.965,122,77961.02
2025-11-16 16:01:33.965,123,76654.66
2025-11-16 16:01:33.965,124,76654.66
2025-11-16 16:01:33.965,125,78533.01
2025-11-16 16:01:33.965,126,76106.58
2025-11-16 16:01:33.965,127,78341.52
2025-11-16 16:01:33.965,128,119086.36
2025-11-16 16:01:33.965,129,76654.66
2025-11-16 16:01:33.965,130,76471.19
2025-11-16 16:01:33.965,131,80294.42
2025-11-16 16:01:33.965,132,78341.52
2025-11-16 16:01:33.965,133,78341.52
2025-11-16 16:01:33.965,134,80294.42
2025-11-16 16:01:33.965,135,99687.32
2025-11-16 16:01:33.965,136,145026.52
2025-11-16 16:01:33.965,137,113621.23
2025-11-16 16:01:33.965,138,76471.19
2025-11-16 16:01:33.965,139,76471.19
2025-11-16 16:01:33.965,140,84689.81
2025-11-16 16:01:33.965,141,141018.91
2025-11-16 16:01:33.965,142,93048.8
2025-11-16 16:01:33.965,143,93048.8
2025-11-16 16:01:33.965,144,51561.75
2025-11-16 16:01:33.965,145,52697.09
2025-11-16 16:01:33.965,146,50646.52
2025-11-16 16:01:33.965,147,50918.22
2025-11-16 16:01:33.965,148,50918.22
2025-11-16 16:01:33.965,149,51100.71
2025-11-16 16:01:33.965,150,51284.3
2025-11-16 16:01:33.965,151,51561.75
2025-11-16 16:01:33.965,152,50377.22
2025-11-16 16:01:33.965,153,50466.71
2025-11-16 16:01:33.965,154,51748.12
2025-11-16 16:01:33.965,155,51284.3
2025-11-16 16:01:33.965,156,51468.98
2025-11-16 16:01:33.965,157,51654.79
2025-11-16 16:01:33.965,158,53378.87
2025-11-16 16:01:33.965,159,50918.22
2025-11-16 16:01:33.965,160,57914.87
2025-11-16 16:01:33.965,161,54890.87
2025-11-16 16:01:33.965,162,54994.24
2025-11-16 16:01:33.965,163,56260.74
2025-11-16 16:01:33.965,164,56260.74
2025-11-16 16:01:33.965,165,52409.35
2025-11-16 16:01:33.965,166,49933.65
2025-11-16 16:01:33.965,167,57132.8
2025-11-16 16:01:33.965,168,54787.84
2025-11-16 16:01:33.965,169,50377.22
2025-11-16 16:01:33.965,170,56046.25
2025-11-16 16:01:33.965,171,57802.03
2025-11-16 16:01:33.965,172,56912.64
2025-11-16 16:01:33.965,173,52890.38
2025-11-16 16:01:33.965,174,51748.12
2025-11-16 16:01:33.965,175,53182.58
2025-11-16 16:01:33.965,176,84035.92
2025-11-16 16:01:33.965,177,51935.61
2025-11-16 16:01:33.965,178,53182.58
2025-11-16 16:01:33.965,179,54787.84
2025-11-16 16:01:33.965,180,53378.87
2025-11-16 16:01:33.965,181,60132.29
2025-11-16 16:01:33.965,182,57802.03
2025-11-16 16:01:33.965,183,74678.3
2025-11-16 16:01:33.965,184,110700.96
2025-11-16 16:01:33.965,185,92531.65
2025-11-16 16:01:33.965,186,53084.88
2025-11-16 16:01:33.965,187,53084.88
2025-11-16 16:01:33.965,188,64756.17
2025-11-16 16:01:33.965,189,114373.48
2025-11-16 16:01:33.965,190,67012.48
2025-11-16 16:01:33.965,191,67012.48
2025-11-16 16:01:33.965,192,30999.5
2025-11-16 16:01:33.965,193,31290.57
2025-11-16 16:01:33.965,194,30150.32
2025-11-16 16:01:33.965,195,30753.24
2025-11-16 16:01:33.965,196,29992.53
2025-11-16 16:01:33.965,197,30150.32
2025-11-16 16:01:33.965,198,30189.96
2025-11-16 16:01:33.965,199,30031.86
2025-11-16 16:01:33.965,200,29564.92
2025-11-16 16:01:33.965,201,29603.42
2025-11-16 16:01:33.965,202,29992.53
2025-11-16 16:01:33.965,203,30031.86
2025-11-16 16:01:33.965,204,30150.32
2025-11-16 16:01:33.965,205,30309.35
2025-11-16 16:01:33.965,206,31543.36
2025-11-16 16:01:33.965,207,29603.42
2025-11-16 16:01:33.965,208,34935.51
2025-11-16 16:01:33.965,209,33036.22
2025-11-16 16:01:33.965,210,32586.16
2025-11-16 16:01:33.965,211,36955.46
2025-11-16 16:01:33.965,212,33310.84
2025-11-16 16:01:33.965,213,33403.16
2025-11-16 16:01:33.965,214,31040.83
2025-11-16 16:01:33.965,215,32945.45
2025-11-16 16:01:33.965,216,31501.02
2025-11-16 16:01:33.965,217,32014.92
2025-11-16 16:01:33.965,218,36001.13
2025-11-16 16:01:33.965,219,33449.47
2025-11-16 16:01:33.965,220,32945.45
2025-11-16 16:01:33.965,221,34348.4
2025-11-16 16:01:33.965,222,33127.38
2025-11-16 16:01:33.965,223,33403.16
2025-11-16 16:01:33.965,224,61860.94
2025-11-16 16:01:33.965,225,32675.42
2025-11-16 16:01:33.965,226,33403.16
2025-11-16 16:01:33.965,227,34445.18
2025-11-16 16:01:33.965,228,33682.49
2025-11-16 16:01:33.965,229,33776.39
2025-11-16 16:01:33.965,230,36262.32
2025-11-16 16:01:33.965,231,44854.87
2025-11-16 16:01:33.965,232,78918.48
2025-11-16 16:01:33.965,233,55727.09
2025-11-16 16:01:33.965,234,33036.22
2025-11-16 16:01:33.965,235,33036.22
2025-11-16 16:01:33.965,236,50377.22
2025-11-16 16:01:33.965,237,96820.16
2025-11-16 16:01:33.965,238,49583.45
2025-11-16 16:01:33.965,239,49583.45
2025-11-16 16:01:33.965,240,16751.64
2025-11-16 16:01:33.965,241,16911.3
2025-11-16 16:01:33.965,242,15668.45
2025-11-16 16:01:33.965,243,15914.42
2025-11-16 16:01:33.965,244,15523.09
2025-11-16 16:01:33.965,245,15652.22
2025-11-16 16:01:33.965,246,15555.25
2025-11-16 16:01:33.965,247,15619.82
2025-11-16 16:01:33.965,248,15523.09
2025-11-16 16:01:33.965,249,15395.25
2025-11-16 16:01:33.965,250,15523.09
2025-11-16 16:01:33.965,251,15587.49
2025-11-16 16:01:33.965,252,15749.92
2025-11-16 16:01:33.965,253,15619.82
2025-11-16 16:01:33.965,254,16769.29
2025-11-16 16:01:33.965,255,15749.92
2025-11-16 16:01:33.965,256,19069.58
2025-11-16 16:01:33.965,257,17606.89
2025-11-16 16:01:33.965,258,17853.14
2025-11-16 16:01:33.965,259,20952.39
2025-11-16 16:01:33.965,260,18201.42
2025-11-16 16:01:33.965,261,18740.4
2025-11-16 16:01:33.965,262,16611.29
2025-11-16 16:01:33.965,263,18458.39
2025-11-16 16:01:33.965,264,16947.04
2025-11-16 16:01:33.965,265,17420.39
2025-11-16 16:01:33.965,266,20928.83
2025-11-16 16:01:33.965,267,18221.02
2025-11-16 16:01:33.965,268,18123.28
2025-11-16 16:01:33.965,269,19449.01
2025-11-16 16:01:33.965,270,18201.42
2025-11-16 16:01:33.965,271,18438.46
2025-11-16 16:01:33.965,272,33729.39
2025-11-16 16:01:33.965,273,17872.27
2025-11-16 16:01:33.965,274,18240.65
2025-11-16 16:01:33.965,275,19279.16
2025-11-16 16:01:33.965,276,18659.26
2025-11-16 16:01:33.965,277,18740.4
2025-11-16 16:01:33.965,278,20193.28
2025-11-16 16:01:33.965,279,26026.81
2025-11-16 16:01:33.965,280,43840.75
2025-11-16 16:01:33.965,281,35335.6
2025-11-16 16:01:33.965,282,18045.56
2025-11-16 16:01:33.965,283,18045.56
2025-11-16 16:01:33.965,284,27836.08
2025-11-16 16:01:33.965,285,61358.41
2025-11-16 16:01:33.965,286,31628.31
2025-11-16 16:01:33.965,287,31628.31
2025-11-16 16:01:33.965,288,14896.38
2025-11-16 16:01:33.965,289,15034.71
2025-11-16 16:01:33.965,290,13758.38
2025-11-16 16:01:33.965,291,14154.79
2025-11-16 16:01:33.965,292,13647.49
2025-11-16 16:01:33.965,293,13814.22
2025-11-16 16:01:33.965,294,13688.95
2025-11-16 16:01:33.965,295,13814.22
2025-11-16 16:01:33.965,296,13758.38
2025-11-16 16:01:33.965,297,13702.81
2025-11-16 16:01:33.965,298,13842.23
2025-11-16 16:01:33.965,299,13730.56
2025-11-16 16:01:33.965,300,13856.26
2025-11-16 16:01:33.965,301,13730.56
2025-11-16 16:01:33.965,302,14835.39
2025-11-16 16:01:33.965,303,13926.67
2025-11-16 16:01:33.965,304,17163.47
2025-11-16 16:01:33.965,305,15815.47
2025-11-16 16:01:33.965,306,16014.12
2025-11-16 16:01:33.965,307,18740.4
2025-11-16 16:01:33.965,308,16386.33
2025-11-16 16:01:33.965,309,16893.47
2025-11-16 16:01:33.965,310,14805.01
2025-11-16 16:01:33.965,311,16593.85
2025-11-16 16:01:33.965,312,15127.77
2025-11-16 16:01:33.965,313,15619.82
2025-11-16 16:01:33.965,314,18986.58
2025-11-16 16:01:33.965,315,16420.69
2025-11-16 16:01:33.965,316,16232.79
2025-11-16 16:01:33.965,317,17588.13
2025-11-16 16:01:33.965,318,16131.41
2025-11-16 16:01:33.965,319,16455.14
2025-11-16 16:01:33.965,320,31885.26
2025-11-16 16:01:33.965,321,15881.35
2025-11-16 16:01:33.965,322,16403.5
2025-11-16 16:01:33.965,323,17054.83
2025-11-16 16:01:33.965,324,16628.76
2025-11-16 16:01:33.965,325,16875.66
2025-11-16 16:01:33.965,326,18221.02
2025-11-16 16:01:33.965,327,23642.52
2025-11-16 16:01:33.965,328,41526.96
2025-11-16 16:01:33.965,329,32586.16
2025-11-16 16:01:33.965,330,16131.41
2025-11-16 16:01:33.965,331,16131.41
2025-11-16 16:01:33.965,332,28119.63
2025-11-16 16:01:33.965,333,56046.25
2025-11-16 16:01:33.965,334,29449.88
2025-11-16 16:01:33.965,335,29449.88
2025-11-16 16:01:33.965,336,14372.61
2025-11-16 16:01:33.965,337,14729.37
2025-11-16 16:01:33.965,338,13307.49
2025-11-16 16:01:33.965,339,13702.81
2025-11-16 16:01:33.965,340,13227.34
2025-11-16 16:01:33.965,341,13401.71
2025-11-16 16:01:33.965,342,13240.66
2025-11-16 16:01:33.965,343,13240.66
2025-11-16 16:01:33.965,344,13240.66
2025-11-16 16:01:33.965,345,13227.34
2025-11-16 16:01:33.965,346,13294.1
2025-11-16 16:01:33.965,347,13267.35
2025-11-16 16:01:33.965,348,13187.46
2025-11-16 16:01:33.965,349,13214.03
2025-11-16 16:01:33.965,350,14270.47
2025-11-16 16:01:33.965,351,13267.35
2025-11-16 16:01:33.965,352,16698.84
2025-11-16 16:01:33.965,353,15268.68
2025-11-16 16:01:33.965,354,15491.01
2025-11-16 16:01:33.965,355,18181.84
2025-11-16 16:01:33.965,356,15947.57
2025-11-16 16:01:33.965,357,16182.0
2025-11-16 16:01:33.965,358,14183.61
2025-11-16 16:01:33.965,359,16014.12
2025-11-16 16:01:33.965,360,14328.73
2025-11-16 16:01:33.965,361,14865.85
2025-11-16 16:01:33.965,362,18221.02
2025-11-16 16:01:33.965,363,15603.64
2025-11-16 16:01:33.965,364,15603.64
2025-11-16 16:01:33.965,365,16734.02
2025-11-16 16:01:33.965,366,15636.01
2025-11-16 16:01:33.965,367,15815.47
2025-11-16 16:01:33.965,368,30550.28
2025-11-16 16:01:33.965,369,15300.2
2025-11-16 16:01:33.965,370,15749.92
2025-11-16 16:01:33.965,371,16352.05
2025-11-16 16:01:33.965,372,15947.57
2025-11-16 16:01:33.965,373,16114.59
2025-11-16 16:01:33.965,374,17346.5
2025-11-16 16:01:33.965,375,22643.0
2025-11-16 16:01:33.965,376,40256.3
2025-11-16 16:01:33.965,377,31458.76
2025-11-16 16:01:33.965,378,15363.49
2025-11-16 16:01:33.965,379,15363.49
2025-11-16 16:01:33.965,380,26219.28
2025-11-16 16:01:33.965,381,53378.87
2025-11-16 16:01:33.965,382,27836.08
2025-11-16 16:01:33.965,383,27836.08
2025-11-16 16:01:33.965,384,14226.96
2025-11-16 16:01:33.965,385,14387.27
2025-11-16 16:01:33.965,386,13055.53
2025-11-16 16:01:33.965,387,13415.23
2025-11-16 16:01:33.965,388,13016.24
2025-11-16 16:01:33.965,389,13055.53
2025-11-16 16:01:33.965,390,13055.53
2025-11-16 16:01:33.965,391,13187.46
2025-11-16 16:01:33.965,392,13055.53
2025-11-16 16:01:33.965,393,13029.33
2025-11-16 16:01:33.965,394,13174.2
2025-11-16 16:01:33.965,395,13042.42
2025-11-16 16:01:33.965,396,13200.74
2025-11-16 16:01:33.965,397,13081.8
2025-11-16 16:01:33.965,398,14212.49
2025-11-16 16:01:33.965,399,13214.03
2025-11-16 16:01:33.965,400,16249.76
2025-11-16 16:01:33.965,401,15081.15
2025-11-16 16:01:33.965,402,15395.25
2025-11-16 16:01:33.965,403,17910.59
2025-11-16 16:01:33.965,404,16014.12
2025-11-16 16:01:33.965,405,16369.18
2025-11-16 16:01:33.965,406,14212.49
2025-11-16 16:01:33.965,407,15947.57
2025-11-16 16:01:33.965,408,14564.57
2025-11-16 16:01:33.965,409,15158.95
2025-11-16 16:01:33.965,410,18418.55
2025-11-16 16:01:33.965,411,15749.92
2025-11-16 16:01:33.965,412,15555.25
2025-11-16 16:01:33.965,413,16786.96
2025-11-16 16:01:33.965,414,15491.01
2025-11-16 16:01:33.965,415,15619.82
2025-11-16 16:01:33.965,416,30469.65
2025-11-16 16:01:33.965,417,15268.68
2025-11-16 16:01:33.965,418,15684.7
2025-11-16 16:01:33.965,419,16455.14
2025-11-16 16:01:33.965,420,15897.87
2025-11-16 16:01:33.965,421,16047.52
2025-11-16 16:01:33.965,422,17438.93
2025-11-16 16:01:33.965,423,23040.99
2025-11-16 16:01:33.965,424,41397.01
2025-11-16 16:01:33.965,425,34542.39
2025-11-16 16:01:33.965,426,15315.99
2025-11-16 16:01:33.965,427,15315.99
2025-11-16 16:01:33.965,428,25804.82
2025-11-16 16:01:33.965,429,53975.16
2025-11-16 16:01:33.965,430,28407.46
2025-11-16 16:01:33.965,431,28407.46
2025-11-16 16:01:33.965,432,14054.46
2025-11-16 16:01:33.965,433,14140.4
2025-11-16 16:01:33.965,434,13029.33
2025-11-16 16:01:33.965,435,13374.71
2025-11-16 16:01:33.965,436,13042.42
2025-11-16 16:01:33.965,437,13081.8
2025-11-16 16:01:33.965,438,13029.33
2025-11-16 16:01:33.965,439,13081.8
2025-11-16 16:01:33.965,440,13029.33
2025-11-16 16:01:33.965,441,12977.09
2025-11-16 16:01:33.965,442,13081.8
2025-11-16 16:01:33.965,443,13055.53
2025-11-16 16:01:33.965,444,13121.31
2025-11-16 16:01:33.965,445,13108.13
2025-11-16 16:01:33.965,446,14270.47
2025-11-16 16:01:33.965,447,13401.71
2025-11-16 16:01:33.965,448,16420.69
2025-11-16 16:01:33.965,449,15112.21
2025-11-16 16:01:33.965,450,15331.81
2025-11-16 16:01:33.965,451,18045.56
2025-11-16 16:01:33.965,452,16097.79
2025-11-16 16:01:33.965,453,16386.33
2025-11-16 16:01:33.965,454,14097.35
2025-11-16 16:01:33.965,455,16014.12
2025-11-16 16:01:33.965,456,14505.19
2025-11-16 16:01:33.965,457,15174.57
2025-11-16 16:01:33.965,458,18458.39
2025-11-16 16:01:33.965,459,15799.05
2025-11-16 16:01:33.965,460,15587.49
2025-11-16 16:01:33.965,461,16840.11
2025-11-16 16:01:33.965,462,15587.49
2025-11-16 16:01:33.965,463,15652.22
2025-11-16 16:01:33.965,464,30794.08
2025-11-16 16:01:33.965,465,15143.35
2025-11-16 16:01:33.965,466,15684.7
2025-11-16 16:01:33.965,467,16386.33
2025-11-16 16:01:33.965,468,15864.85
2025-11-16 16:01:33.965,469,16014.12
2025-11-16 16:01:33.965,470,17328.08
2025-11-16 16:01:33.965,471,22933.92
2025-11-16 16:01:33.965,472,40318.35
2025-11-16 16:01:33.965,473,34348.4
2025-11-16 16:01:33.965,474,15174.57
2025-11-16 16:01:33.965,475,15174.57
2025-11-16 16:01:33.965,476,25804.82
2025-11-16 16:01:33.965,477,54378.94
2025-11-16 16:01:33.965,478,28810.36
2025-11-16 16:01:33.965,479,28810.36
2025-11-16 16:01:33.965,480,14097.35
2025-11-16 16:01:33.965,481,14183.61
2025-11-16 16:01:33.965,482,12951.06
2025-11-16 16:01:33.965,483,13320.91
2025-11-16 16:01:33.965,484,13029.33
2025-11-16 16:01:33.965,485,13068.66
2025-11-16 16:01:33.965,486,12990.12
2025-11-16 16:01:33.965,487,13055.53
2025-11-16 16:01:33.965,488,13003.18
2025-11-16 16:01:33.965,489,13029.33
2025-11-16 16:01:33.965,490,13003.18
2025-11-16 16:01:33.965,491,13081.8
2025-11-16 16:01:33.965,492,13160.96
2025-11-16 16:01:33.965,493,13003.18
2025-11-16 16:01:33.965,494,14126.04
2025-11-16 16:01:33.965,495,13094.96
2025-11-16 16:01:33.965,496,16198.91
2025-11-16 16:01:33.965,497,15003.83
2025-11-16 16:01:33.965,498,15252.94
2025-11-16 16:01:33.965,499,17795.93
2025-11-16 16:01:33.965,500,15881.35
2025-11-16 16:01:33.965,501,16182.0
2025-11-16 16:01:33.965,502,13983.3
2025-11-16 16:01:33.965,503,15831.91
2025-11-16 16:01:33.965,504,14357.96
2025-11-16 16:01:33.965,505,14988.43
2025-11-16 16:01:33.965,506,18339.21
2025-11-16 16:01:33.965,507,15766.28
2025-11-16 16:01:33.965,508,15331.81
2025-11-16 16:01:33.965,509,16611.29
2025-11-16 16:01:33.965,510,15300.2
2025-11-16 16:01:33.965,511,15491.01
2025-11-16 16:01:33.965,512,30389.34
2025-11-16 16:01:33.965,513,15143.35
2025-11-16 16:01:33.965,514,15507.04
2025-11-16 16:01:33.965,515,16249.76
2025-11-16 16:01:33.965,516,15782.65
2025-11-16 16:01:33.965,517,15848.37
2025-11-16 16:01:33.965,518,17272.99
2025-11-16 16:01:33.965,519,22616.81
2025-11-16 16:01:33.965,520,39523.48
2025-11-16 16:01:33.965,521,34060.55
2025-11-16 16:01:33.965,522,15143.35
2025-11-16 16:01:33.965,523,15143.35
2025-11-16 16:01:33.965,524,25124.57
2025-11-16 16:01:33.965,525,54378.94
2025-11-16 16:01:33.965,526,27800.93
2025-11-16 16:01:33.965,527,27800.93
2025-11-16 16:01:33.965,528,13926.67
2025-11-16 16:01:33.965,529,13954.95
2025-11-16 16:01:33.965,530,13003.18
2025-11-16 16:01:33.965,531,13294.1
2025-11-16 16:01:33.965,532,12834.64
2025-11-16 16:01:33.965,533,13081.8
2025-11-16 16:01:33.965,534,12951.06
2025-11-16 16:01:33.965,535,12899.17
2025-11-16 16:01:33.965,536,13003.18
2025-11-16 16:01:33.965,537,12977.09
2025-11-16 16:01:33.965,538,12990.12
2025-11-16 16:01:33.965,539,12951.06
2025-11-16 16:01:33.965,540,13160.96
2025-11-16 16:01:33.965,541,13042.42
2025-11-16 16:01:33.965,542,14126.04
2025-11-16 16:01:33.965,543,13094.96
2025-11-16 16:01:33.965,544,16215.84
2025-11-16 16:01:33.965,545,15081.15
2025-11-16 16:01:33.965,546,15300.2
2025-11-16 16:01:33.965,547,17834.04
2025-11-16 16:01:33.965,548,15684.7
2025-11-16 16:01:33.965,549,16215.84
2025-11-16 16:01:33.965,550,14068.74
2025-11-16 16:01:33.965,551,15914.42
2025-11-16 16:01:33.965,552,14416.64
2025-11-16 16:01:33.965,553,15050.17
2025-11-16 16:01:33.965,554,18201.42
2025-11-16 16:01:33.965,555,15684.7
2025-11-16 16:01:33.965,556,15427.09
2025-11-16 16:01:33.965,557,16769.29
2025-11-16 16:01:33.965,558,15363.49
2025-11-16 16:01:33.965,559,15571.36
2025-11-16 16:01:33.965,560,30550.28
2025-11-16 16:01:33.965,561,15190.2
2025-11-16 16:01:33.965,562,15491.01
2025-11-16 16:01:33.965,563,16249.76
2025-11-16 16:01:33.965,564,15881.35
2025-11-16 16:01:33.965,565,15914.42
2025-11-16 16:01:33.965,566,17457.49
2025-11-16 16:01:33.965,567,22827.54
2025-11-16 16:01:33.965,568,40442.9
2025-11-16 16:01:33.965,569,34348.4
2025-11-16 16:01:33.965,570,15331.81
2025-11-16 16:01:33.965,571,15331.81
2025-11-16 16:01:33.965,572,25523.39
2025-11-16 16:01:33.965,573,54378.94
2025-11-16 16:01:33.965,574,28335.09
2025-11-16 16:01:33.965,575,28335.09
2025-11-16 16:01:33.965,576,14126.04
2025-11-16 16:01:33.965,577,14299.57
2025-11-16 16:01:33.965,578,13187.46
2025-11-16 16:01:33.965,579,13510.31
2025-11-16 16:01:33.965,580,13055.53
2025-11-16 16:01:33.965,581,13240.66
2025-11-16 16:01:33.965,582,13094.96
2025-11-16 16:01:33.965,583,13160.96
2025-11-16 16:01:33.965,584,13055.53
2025-11-16 16:01:33.965,585,13081.8
2025-11-16 16:01:33.965,586,13200.74
2025-11-16 16:01:33.965,587,13055.53
2025-11-16 16:01:33.965,588,13214.03
2025-11-16 16:01:33.965,589,13081.8
2025-11-16 16:01:33.965,590,14285.01
2025-11-16 16:01:33.965,591,13294.1
2025-11-16 16:01:33.965,592,16249.76
2025-11-16 16:01:33.965,593,15158.95
2025-11-16 16:01:33.965,594,15347.64
2025-11-16 16:01:33.965,595,18026.2
2025-11-16 16:01:33.965,596,15881.35
2025-11-16 16:01:33.965,597,16420.69
2025-11-16 16:01:33.965,598,14025.94
2025-11-16 16:01:33.965,599,15897.87
2025-11-16 16:01:33.965,600,14534.84
2025-11-16 16:01:33.965,601,15174.57
2025-11-16 16:01:33.965,602,18260.31
2025-11-16 16:01:33.965,603,15930.98
2025-11-16 16:01:33.965,604,15603.64
2025-11-16 16:01:33.965,605,16716.42
2025-11-16 16:01:33.965,606,15363.49
2025-11-16 16:01:33.965,607,15523.09
2025-11-16 16:01:33.965,608,31206.99
2025-11-16 16:01:33.965,609,15158.95
2025-11-16 16:01:33.965,610,15395.25
2025-11-16 16:01:33.965,611,16386.33
2025-11-16 16:01:33.965,612,16114.59
2025-11-16 16:01:33.965,613,16114.59
2025-11-16 16:01:33.965,614,17494.69
2025-11-16 16:01:33.965,615,22774.6
2025-11-16 16:01:33.965,616,40883.72
2025-11-16 16:01:33.965,617,34935.51
2025-11-16 16:01:33.965,618,15379.36
2025-11-16 16:01:33.965,619,15379.36
2025-11-16 16:01:33.965,620,26154.89
2025-11-16 16:01:33.965,621,54176.42
2025-11-16 16:01:33.965,622,28699.64
2025-11-16 16:01:33.965,623,28699.64
2025-11-16 16:01:33.965,624,14183.61
2025-11-16 16:01:33.965,625,14416.64
2025-11-16 16:01:33.965,626,13214.03
2025-11-16 16:01:33.965,627,13592.43
2025-11-16 16:01:33.965,628,13081.8
2025-11-16 16:01:33.965,629,13267.35
2025-11-16 16:01:33.965,630,13094.96
2025-11-16 16:01:33.965,631,13200.74
2025-11-16 16:01:33.965,632,13200.74
2025-11-16 16:01:33.965,633,13174.2
2025-11-16 16:01:33.965,634,13294.1
2025-11-16 16:01:33.965,635,13055.53
2025-11-16 16:01:33.965,636,13280.71
2025-11-16 16:01:33.965,637,13214.03
2025-11-16 16:01:33.965,638,14328.73
2025-11-16 16:01:33.965,639,13108.13
2025-11-16 16:01:33.965,640,16455.14
2025-11-16 16:01:33.965,641,15268.68
2025-11-16 16:01:33.965,642,15411.16
2025-11-16 16:01:33.965,643,18181.84
2025-11-16 16:01:33.965,644,16114.59
2025-11-16 16:01:33.965,645,16437.9
2025-11-16 16:01:33.965,646,14154.79
2025-11-16 16:01:33.965,647,16014.12
2025-11-16 16:01:33.965,648,14609.3
2025-11-16 16:01:33.965,649,15174.57
2025-11-16 16:01:33.965,650,18378.83
2025-11-16 16:01:33.965,651,15914.42
2025-11-16 16:01:33.965,652,15619.82
2025-11-16 16:01:33.965,653,16911.3
2025-11-16 16:01:33.965,654,15523.09
2025-11-16 16:01:33.965,655,15848.37
2025-11-16 16:01:33.965,656,30631.22
2025-11-16 16:01:33.965,657,15331.81
2025-11-16 16:01:33.965,658,15652.22
2025-11-16 16:01:33.965,659,16663.75
2025-11-16 16:01:33.965,660,16064.26
2025-11-16 16:01:33.965,661,16148.25
2025-11-16 16:01:33.965,662,17531.99
2025-11-16 16:01:33.965,663,22987.37
2025-11-16 16:01:33.965,664,40505.41
2025-11-16 16:01:33.965,665,35234.91
2025-11-16 16:01:33.965,666,965113.19
2025-11-16 16:01:33.965,667,15427.09
2025-11-16 16:01:33.965,668,25836.37
2025-11-16 16:01:33.965,669,54582.74
2025-11-16 16:01:33.965,670,28699.64
2025-11-16 16:01:33.965,671,28699.64
2025-11-16 16:01:33.965,672,14040.19
2025-11-16 16:01:33.965,673,14154.79
2025-11-16 16:01:33.965,674,13108.13
2025-11-16 16:01:33.965,675,13334.34
2025-11-16 16:01:33.965,676,13081.8
2025-11-16 16:01:33.965,677,13108.13
2025-11-16 16:01:33.965,678,13055.53
2025-11-16 16:01:33.965,679,13240.66
2025-11-16 16:01:33.965,680,13081.8
2025-11-16 16:01:33.965,681,13094.96
2025-11-16 16:01:33.965,682,13240.66
2025-11-16 16:01:33.965,683,13214.03
2025-11-16 16:01:33.965,684,13280.71
2025-11-16 16:01:33.965,685,13108.13
2025-11-16 16:01:33.965,686,14314.14
2025-11-16 16:01:33.965,687,13294.1
2025-11-16 16:01:33.965,688,16283.77
2025-11-16 16:01:33.965,689,15019.26
2025-11-16 16:01:33.965,690,15411.16
2025-11-16 16:01:33.965,691,17910.59
2025-11-16 16:01:33.965,692,16047.52
2025-11-16 16:01:33.965,693,16386.33
2025-11-16 16:01:33.965,694,14140.4
2025-11-16 16:01:33.965,695,16047.52
2025-11-16 16:01:33.965,696,14564.57
2025-11-16 16:01:33.965,697,15300.2
2025-11-16 16:01:33.965,698,18518.36
2025-11-16 16:01:33.965,699,15881.35
2025-11-16 16:01:33.965,700,15603.64
2025-11-16 16:01:33.965,701,16875.66
2025-11-16 16:01:33.965,702,15603.64
2025-11-16 16:01:33.965,703,15684.7
2025-11-16 16:01:33.965,704,30712.49
2025-11-16 16:01:33.965,705,15491.01
2025-11-16 16:01:33.965,706,15749.92
2025-11-16 16:01:33.965,707,16628.76
2025-11-16 16:01:33.965,708,15930.98
2025-11-16 16:01:33.965,709,16182.0
2025-11-16 16:01:33.965,710,17346.5
2025-11-16 16:01:33.965,711,23094.79
2025-11-16 16:01:33.965,712,41592.18
2025-11-16 16:01:33.965,713,36473.41
2025-11-16 16:01:33.965,714,15507.04
2025-11-16 16:01:33.965,715,15507.04
2025-11-16 16:01:33.965,716,25963.11
2025-11-16 16:01:33.965,717,54378.94
2025-11-16 16:01:33.965,718,28736.48
2025-11-16 16:01:33.965,719,28736.48
2025-11-16 16:01:33.965,720,14126.04
2025-11-16 16:01:33.965,721,14387.27
2025-11-16 16:01:33.965,722,13280.71
2025-11-16 16:01:33.965,723,13675.12
2025-11-16 16:01:33.965,724,13254.0
2025-11-16 16:01:33.965,725,13388.2
2025-11-16 16:01:33.965,726,13294.1
2025-11-16 16:01:33.965,727,13347.78
2025-11-16 16:01:33.965,728,13347.78
2025-11-16 16:01:33.965,729,13294.1
2025-11-16 16:01:33.965,730,13320.91
2025-11-16 16:01:33.965,731,13374.71
2025-11-16 16:01:33.965,732,13483.07
2025-11-16 16:01:33.965,733,13347.78
2025-11-16 16:01:33.965,734,14564.57
2025-11-16 16:01:33.965,735,13510.31
2025-11-16 16:01:33.965,736,16628.76
2025-11-16 16:01:33.965,737,15331.81
2025-11-16 16:01:33.965,738,15619.82
2025-11-16 16:01:33.965,739,18339.21
2025-11-16 16:01:33.965,740,16232.79
2025-11-16 16:01:33.965,741,16734.02
2025-11-16 16:01:33.965,742,14299.57
2025-11-16 16:01:33.965,743,16131.41
2025-11-16 16:01:33.965,744,14881.11
2025-11-16 16:01:33.965,745,15395.25
2025-11-16 16:01:33.965,746,19069.58
2025-11-16 16:01:33.965,747,16182.0
2025-11-16 16:01:33.965,748,15881.35
2025-11-16 16:01:33.965,749,17127.16
2025-11-16 16:01:33.965,750,15881.35
2025-11-16 16:01:33.965,751,16047.52
2025-11-16 16:01:33.965,752,31290.57
2025-11-16 16:01:33.965,753,15652.22
2025-11-16 16:01:33.965,754,16064.26
2025-11-16 16:01:33.965,755,16911.3
2025-11-16 16:01:33.965,756,16334.95
2025-11-16 16:01:33.965,757,16352.05
2025-11-16 16:01:33.965,758,17853.14
2025-11-16 16:01:33.965,759,23421.27
2025-11-16 16:01:33.965,760,42794.9
2025-11-16 16:01:33.965,761,31799.26
2025-11-16 16:01:33.965,762,15700.98
2025-11-16 16:01:33.965,763,15700.98
2025-11-16 16:01:33.965,764,26676.44
2025-11-16 16:01:33.965,765,54994.24
2025-11-16 16:01:33.965,766,29146.33
2025-11-16 16:01:33.965,767,29146.33
2025-11-16 16:01:33.965,768,14654.19
2025-11-16 16:01:33.965,769,14926.99
2025-11-16 16:01:33.965,770,13702.81
2025-11-16 16:01:33.965,771,14183.61
2025-11-16 16:01:33.965,772,13455.89
2025-11-16 16:01:33.965,773,13675.12
2025-11-16 16:01:33.965,774,13688.95
2025-11-16 16:01:33.965,775,13758.38
2025-11-16 16:01:33.965,776,13730.56
2025-11-16 16:01:33.965,777,13606.17
2025-11-16 16:01:33.965,778,13702.81
2025-11-16 16:01:33.965,779,13730.56
2025-11-16 16:01:33.965,780,13842.23
2025-11-16 16:01:33.965,781,13592.43
2025-11-16 16:01:33.965,782,14759.57
2025-11-16 16:01:33.965,783,13842.23
2025-11-16 16:01:33.965,784,16893.47
2025-11-16 16:01:33.965,785,15749.92
2025-11-16 16:01:33.965,786,16014.12
2025-11-16 16:01:33.965,787,18438.46
2025-11-16 16:01:33.965,788,16663.75
2025-11-16 16:01:33.965,789,17018.8
2025-11-16 16:01:33.965,790,14624.25
2025-11-16 16:01:33.965,791,16663.75
2025-11-16 16:01:33.965,792,14896.38
2025-11-16 16:01:33.965,793,15619.82
2025-11-16 16:01:33.965,794,18822.0
2025-11-16 16:01:33.965,795,16352.05
2025-11-16 16:01:33.965,796,16014.12
2025-11-16 16:01:33.965,797,17272.99
2025-11-16 16:01:33.965,798,16047.52
2025-11-16 16:01:33.965,799,16131.41
2025-11-16 16:01:33.965,800,31458.76
2025-11-16 16:01:33.965,801,15782.65
2025-11-16 16:01:33.965,802,16131.41
2025-11-16 16:01:33.965,803,17163.47
2025-11-16 16:01:33.965,804,16352.05
2025-11-16 16:01:33.965,805,16182.0
2025-11-16 16:01:33.965,806,17853.14
2025-11-16 16:01:33.965,807,23393.82
2025-11-16 16:01:33.965,808,43557.83
2025-11-16 16:01:33.965,809,37118.37
2025-11-16 16:01:33.965,810,16014.12
2025-11-16 16:01:33.965,811,16014.12
2025-11-16 16:01:33.965,812,26610.43
2025-11-16 16:01:33.965,813,56476.62
2025-11-16 16:01:33.965,814,29526.5
2025-11-16 16:01:33.965,815,29526.5
2025-11-16 16:01:33.965,816,14654.19
2025-11-16 16:01:33.965,817,14896.38
2025-11-16 16:01:33.965,818,13675.12
2025-11-16 16:01:33.965,819,13926.67
2025-11-16 16:01:33.965,820,13606.17
2025-11-16 16:01:33.965,821,13702.81
2025-11-16 16:01:33.965,822,13619.93
2025-11-16 16:01:33.965,823,13428.77
2025-11-16 16:01:33.965,824,13606.17
2025-11-16 16:01:33.965,825,13483.07
2025-11-16 16:01:33.965,826,13647.49
2025-11-16 16:01:33.965,827,13675.12
2025-11-16 16:01:33.965,828,13828.22
2025-11-16 16:01:33.965,829,13483.07
2025-11-16 16:01:33.965,830,14624.25
2025-11-16 16:01:33.965,831,13702.81
2025-11-16 16:01:33.965,832,16875.66
2025-11-16 16:01:33.965,833,15555.25
2025-11-16 16:01:33.965,834,15652.22
2025-11-16 16:01:33.965,835,18498.34
2025-11-16 16:01:33.965,836,16352.05
2025-11-16 16:01:33.965,837,16593.85
2025-11-16 16:01:33.965,838,14328.73
2025-11-16 16:01:33.965,839,16317.87
2025-11-16 16:01:33.965,840,15019.26
2025-11-16 16:01:33.965,841,15523.09
2025-11-16 16:01:33.965,842,19069.58
2025-11-16 16:01:33.965,843,16352.05
2025-11-16 16:01:33.965,844,16014.12
2025-11-16 16:01:33.965,845,17272.99
2025-11-16 16:01:33.965,846,15947.57
2025-11-16 16:01:33.965,847,16148.25
2025-11-16 16:01:33.965,848,31501.02
2025-11-16 16:01:33.965,849,15799.05
2025-11-16 16:01:33.965,850,16215.84
2025-11-16 16:01:33.965,851,17163.47
2025-11-16 16:01:33.965,852,16628.76
2025-11-16 16:01:33.965,853,16611.29
2025-11-16 16:01:33.965,854,17834.04
2025-11-16 16:01:33.965,855,23923.21
2025-11-16 16:01:33.965,856,43347.59
2025-11-16 16:01:33.965,857,37118.37
2025-11-16 16:01:33.965,858,15914.42
2025-11-16 16:01:33.965,859,15914.42
2025-11-16 16:01:33.965,860,26544.65
2025-11-16 16:01:33.965,861,56693.92
2025-11-16 16:01:33.965,862,29641.99
2025-11-16 16:01:33.965,863,29641.99
2025-11-16 16:01:33.965,864,15003.83
2025-11-16 16:01:33.965,865,15268.68
2025-11-16 16:01:33.965,866,14040.19
2025-11-16 16:01:33.965,867,14357.96
2025-11-16 16:01:33.965,868,14040.19
2025-11-16 16:01:33.965,869,14068.74
2025-11-16 16:01:33.965,870,13912.56
2025-11-16 16:01:33.965,871,14068.74
2025-11-16 16:01:33.965,872,13969.12
2025-11-16 16:01:33.965,873,13926.67
2025-11-16 16:01:33.965,874,14097.35
2025-11-16 16:01:33.965,875,14040.19
2025-11-16 16:01:33.965,876,14198.04
2025-11-16 16:01:33.965,877,13969.12
2025-11-16 16:01:33.965,878,15096.68
2025-11-16 16:01:33.965,879,14126.04
2025-11-16 16:01:33.965,880,17272.99
2025-11-16 16:01:33.965,881,15947.57
2025-11-16 16:01:33.965,882,16455.14
2025-11-16 16:01:33.965,883,19111.26
2025-11-16 16:01:33.965,884,16455.14
2025-11-16 16:01:33.965,885,17309.7
2025-11-16 16:01:33.965,886,15050.17
2025-11-16 16:01:33.965,887,17090.95
2025-11-16 16:01:33.965,888,15395.25
2025-11-16 16:01:33.965,889,16114.59
2025-11-16 16:01:33.965,890,19556.16
2025-11-16 16:01:33.965,891,16964.95
2025-11-16 16:01:33.965,892,16628.76
2025-11-16 16:01:33.965,893,17795.93
2025-11-16 16:01:33.965,894,16611.29
2025-11-16 16:01:33.965,895,16681.28
2025-11-16 16:01:33.965,896,32232.81
2025-11-16 16:01:33.965,897,16352.05
2025-11-16 16:01:33.965,898,16964.95
2025-11-16 16:01:33.965,899,17757.91
2025-11-16 16:01:33.965,900,17218.13
2025-11-16 16:01:33.965,901,17383.4
2025-11-16 16:01:33.965,902,18699.77
2025-11-16 16:01:33.965,903,24704.93
2025-11-16 16:01:33.965,904,44415.61
2025-11-16 16:01:33.965,905,33127.38
2025-11-16 16:01:33.965,906,16628.76
2025-11-16 16:01:33.965,907,16628.76
2025-11-16 16:01:33.965,908,27591.39
2025-11-16 16:01:33.965,909,56912.64
2025-11-16 16:01:33.965,910,31206.99
2025-11-16 16:01:33.965,911,31206.99
2025-11-16 16:01:33.965,912,16769.29
2025-11-16 16:01:33.965,913,17199.88
2025-11-16 16:01:33.965,914,15782.65
2025-11-16 16:01:33.965,915,16097.79
2025-11-16 16:01:33.965,916,15619.82
2025-11-16 16:01:33.965,917,15717.27
2025-11-16 16:01:33.965,918,15636.01
2025-11-16 16:01:33.965,919,15668.45
2025-11-16 16:01:33.965,920,15684.7
2025-11-16 16:01:33.965,921,15636.01
2025-11-16 16:01:33.965,922,15652.22
2025-11-16 16:01:33.965,923,15684.7
2025-11-16 16:01:33.965,924,15815.47
2025-11-16 16:01:33.965,925,15555.25
2025-11-16 16:01:33.965,926,16593.85
2025-11-16 16:01:33.965,927,15749.92
2025-11-16 16:01:33.965,928,18801.55
2025-11-16 16:01:33.965,929,17720.0
2025-11-16 16:01:33.965,930,17929.79
2025-11-16 16:01:33.965,931,20788.21
2025-11-16 16:01:33.965,932,18260.31
2025-11-16 16:01:33.965,933,19069.58
2025-11-16 16:01:33.965,934,16455.14
2025-11-16 16:01:33.965,935,17872.27
2025-11-16 16:01:33.965,936,17018.8
2025-11-16 16:01:33.965,937,17531.99
2025-11-16 16:01:33.965,938,21310.15
2025-11-16 16:01:33.965,939,18498.34
2025-11-16 16:01:33.965,940,18181.84
2025-11-16 16:01:33.965,941,19406.36
2025-11-16 16:01:33.965,942,18181.84
2025-11-16 16:01:33.965,943,18260.31
2025-11-16 16:01:33.965,944,34348.4
2025-11-16 16:01:33.965,945,17872.27
2025-11-16 16:01:33.965,946,18142.77
2025-11-16 16:01:33.965,947,18781.14
2025-11-16 16:01:33.965,948,18598.7
2025-11-16 16:01:33.965,949,18760.76
2025-11-16 16:01:33.965,950,20170.86
2025-11-16 16:01:33.965,951,26742.69
2025-11-16 16:01:33.965,952,47001.92
2025-11-16 16:01:33.965,953,40505.41
2025-11-16 16:01:33.965,954,18064.95
2025-11-16 16:01:33.965,955,18064.95
2025-11-16 16:01:33.965,956,29146.33
2025-11-16 16:01:33.965,957,61608.8
2025-11-16 16:01:33.965,958,32586.16
2025-11-16 16:01:33.965,959,32586.16
2025-11-16 16:01:33.965,960,42455.23
2025-11-16 16:01:33.965,961,42320.58
2025-11-16 16:01:33.965,962,40630.89
2025-11-16 16:01:33.965,963,41139.08
2025-11-16 16:01:33.965,964,40132.67
2025-11-16 16:01:33.965,965,40380.55
2025-11-16 16:01:33.965,966,40380.55
2025-11-16 16:01:33.965,967,40505.41
2025-11-16 16:01:33.965,968,40132.67
2025-11-16 16:01:33.965,969,40256.3
2025-11-16 16:01:33.965,970,40693.86
2025-11-16 16:01:33.965,971,39704.69
2025-11-16 16:01:33.965,972,38521.08
2025-11-16 16:01:33.965,973,39644.14
2025-11-16 16:01:33.965,974,40132.67
2025-11-16 16:01:33.965,975,39463.38
2025-11-16 16:01:33.965,976,41397.01
2025-11-16 16:01:33.965,977,39704.69
2025-11-16 16:01:33.965,978,37447.59
2025-11-16 16:01:33.965,979,40442.9
2025-11-16 16:01:33.965,980,38695.02
2025-11-16 16:01:33.965,981,38006.61
2025-11-16 16:01:33.965,982,39403.42
2025-11-16 16:01:33.965,983,40194.41
2025-11-16 16:01:33.965,984,37337.34
2025-11-16 16:01:33.965,985,38291.07
2025-11-16 16:01:33.965,986,45754.95
2025-11-16 16:01:33.965,987,35742.86
2025-11-16 16:01:33.965,988,41332.29
2025-11-16 16:01:33.965,989,44561.25
2025-11-16 16:01:33.965,990,42590.57
2025-11-16 16:01:33.965,991,42726.61
2025-11-16 16:01:33.965,992,65307.78
2025-11-16 16:01:33.965,993,41657.55
2025-11-16 16:01:33.965,994,42320.58
2025-11-16 16:01:33.965,995,38233.91
2025-11-16 16:01:33.965,996,42863.36
2025-11-16 16:01:33.965,997,42863.36
2025-11-16 16:01:33.965,998,45301.25
2025-11-16 16:01:33.965,999,56476.62
2025-11-16 16:01:33.965,1000,86251.47
2025-11-16 16:01:33.965,1001,74328.61
2025-11-16 16:01:33.965,1002,41139.08
2025-11-16 16:01:33.965,1003,41139.08
2025-11-16 16:01:33.965,1004,62499.11
2025-11-16 16:01:33.965,1005,113996.21
2025-11-16 16:01:33.965,1006,61233.89
2025-11-16 16:01:33.965,1007,61233.89
2025-11-16 16:01:33.965,1008,60617.66
2025-11-16 16:01:33.965,1009,54582.74
2025-11-16 16:01:33.965,1010,52409.35
2025-11-16 16:01:33.965,1011,52600.88
2025-11-16 16:01:33.965,1012,51841.71
2025-11-16 16:01:33.965,1013,52600.88
2025-11-16 16:01:33.965,1014,55727.09
2025-11-16 16:01:33.965,1015,53182.58
2025-11-16 16:01:33.965,1016,52029.78
2025-11-16 16:01:33.965,1017,51468.98
2025-11-16 16:01:33.965,1018,52409.35
2025-11-16 16:01:33.965,1019,57354.41
2025-11-16 16:01:33.965,1020,52600.88
2025-11-16 16:01:33.965,1021,51654.79
2025-11-16 16:01:33.965,1022,54075.63
2025-11-16 16:01:33.965,1023,52600.88
2025-11-16 16:01:33.965,1024,54994.24
2025-11-16 16:01:33.965,1025,53975.16
2025-11-16 16:01:33.965,1026,52124.24
2025-11-16 16:01:33.965,1027,53378.87
2025-11-16 16:01:33.965,1028,47322.41
2025-11-16 16:01:33.965,1029,50556.48
2025-11-16 16:01:33.965,1030,51841.71
2025-11-16 16:01:33.965,1031,48810.25
2025-11-16 16:01:33.965,1032,53084.88
2025-11-16 16:01:33.965,1033,55097.93
2025-11-16 16:01:33.965,1034,57577.48
2025-11-16 16:01:33.965,1035,54378.94
2025-11-16 16:01:33.965,1036,52793.59
2025-11-16 16:01:33.965,1037,56260.74
2025-11-16 16:01:33.965,1038,59534.86
2025-11-16 16:01:33.965,1039,54378.94
2025-11-16 16:01:33.965,1040,85800.06
2025-11-16 16:01:33.965,1041,52409.35
2025-11-16 16:01:33.965,1042,51654.79
2025-11-16 16:01:33.965,1043,54787.84
2025-11-16 16:01:33.965,1044,52504.97
2025-11-16 16:01:33.965,1045,51654.79
2025-11-16 16:01:33.965,1046,54787.84
2025-11-16 16:01:33.965,1047,60011.99
2025-11-16 16:01:33.965,1048,109641.09
2025-11-16 16:01:33.965,1049,96820.16
2025-11-16 16:01:33.965,1050,51284.3
2025-11-16 16:01:33.965,1051,51284.3
2025-11-16 16:01:33.965,1052,78725.33
2025-11-16 16:01:33.965,1053,143283.25
2025-11-16 16:01:33.965,1054,76288.51
2025-11-16 16:01:33.965,1055,76288.51
2025-11-16 16:01:33.965,1056,47161.71
2025-11-16 16:01:33.965,1057,47322.41
2025-11-16 16:01:33.965,1058,46138.74
2025-11-16 16:01:33.965,1059,46371.55
2025-11-16 16:01:33.965,1060,44415.61
2025-11-16 16:01:33.965,1061,45754.95
2025-11-16 16:01:33.965,1062,45907.83
2025-11-16 16:01:33.965,1063,45602.89
2025-11-16 16:01:33.965,1064,45002.86
2025-11-16 16:01:33.965,1065,45151.65
2025-11-16 16:01:33.965,1066,46371.55
2025-11-16 16:01:33.965,1067,46216.13
2025-11-16 16:01:33.965,1068,45678.82
2025-11-16 16:01:33.965,1069,45754.95
2025-11-16 16:01:33.965,1070,47161.71
2025-11-16 16:01:33.965,1071,45151.65
2025-11-16 16:01:33.965,1072,47728.11
2025-11-16 16:01:33.965,1073,46449.59
2025-11-16 16:01:33.965,1074,40256.3
2025-11-16 16:01:33.965,1075,49670.62
2025-11-16 16:01:33.965,1076,30071.27
2025-11-16 16:01:33.965,1077,33036.22
2025-11-16 16:01:33.965,1078,44561.25
2025-11-16 16:01:33.965,1079,41526.96
2025-11-16 16:01:33.965,1080,33264.83
2025-11-16 16:01:33.965,1081,39403.42
2025-11-16 16:01:33.965,1082,48725.57
2025-11-16 16:01:33.965,1083,41075.0
2025-11-16 16:01:33.965,1084,45376.36
2025-11-16 16:01:33.965,1085,47484.0
2025-11-16 16:01:33.965,1086,46371.55
2025-11-16 16:01:33.965,1087,47322.41
2025-11-16 16:01:33.965,1088,77396.36
2025-11-16 16:01:33.965,1089,44928.77
2025-11-16 16:01:33.965,1090,45226.35
2025-11-16 16:01:33.965,1091,43983.32
2025-11-16 16:01:33.965,1092,45907.83
2025-11-16 16:01:33.965,1093,45002.86
2025-11-16 16:01:33.965,1094,48139.58
2025-11-16 16:01:33.965,1095,57577.48
2025-11-16 16:01:33.965,1096,96820.16
2025-11-16 16:01:33.965,1097,83604.98
2025-11-16 16:01:33.965,1098,43347.59
2025-11-16 16:01:33.965,1099,43347.59
2025-11-16 16:01:33.965,1100,68493.05
2025-11-16 16:01:33.965,1101,134609.98
2025-11-16 16:01:33.965,1102,75745.02
2025-11-16 16:01:33.965,1103,75745.02
2025-11-16 16:01:33.965,1104,64212.57
2025-11-16 16:01:33.965,1105,60617.66
2025-11-16 16:01:33.965,1106,59892.09
2025-11-16 16:01:33.965,1107,60495.69
2025-11-16 16:01:33.965,1108,61483.39
2025-11-16 16:01:33.965,1109,60617.66
2025-11-16 16:01:33.965,1110,59892.09
2025-11-16 16:01:33.965,1111,61860.94
2025-11-16 16:01:33.965,1112,60374.14
2025-11-16 16:01:33.965,1113,59892.09
2025-11-16 16:01:33.965,1114,60374.14
2025-11-16 16:01:33.965,1115,61358.41
2025-11-16 16:01:33.965,1116,60374.14
2025-11-16 16:01:33.965,1117,60374.14
2025-11-16 16:01:33.965,1118,62242.49
2025-11-16 16:01:33.965,1119,61109.78
2025-11-16 16:01:33.965,1120,63810.02
2025-11-16 16:01:33.965,1121,61109.78
2025-11-16 16:01:33.965,1122,51654.79
2025-11-16 16:01:33.965,1123,56046.25
2025-11-16 16:01:33.965,1124,56803.11
2025-11-16 16:01:33.965,1125,56046.25
2025-11-16 16:01:33.965,1126,59892.09
2025-11-16 16:01:33.965,1127,59181.26
2025-11-16 16:01:33.965,1128,51654.79
2025-11-16 16:01:33.965,1129,56046.25
2025-11-16 16:01:33.965,1130,61358.41
2025-11-16 16:01:33.965,1131,56046.25
2025-11-16 16:01:33.965,1132,56046.25
2025-11-16 16:01:33.965,1133,59534.86
2025-11-16 16:01:33.965,1134,59534.86
2025-11-16 16:01:33.965,1135,58484.71
2025-11-16 16:01:33.965,1136,102712.45
2025-11-16 16:01:33.965,1137,56912.64
2025-11-16 16:01:33.965,1138,56693.92
2025-11-16 16:01:33.965,1139,54378.94
2025-11-16 16:01:33.965,1140,57689.57
2025-11-16 16:01:33.965,1141,56585.1
2025-11-16 16:01:33.965,1142,59653.54
2025-11-16 16:01:33.965,1143,74854.26
2025-11-16 16:01:33.965,1144,125954.73
2025-11-16 16:01:33.965,1145,112877.99
2025-11-16 16:01:33.965,1146,56260.74
2025-11-16 16:01:33.965,1147,56260.74
2025-11-16 16:01:33.965,1148,87631.56
2025-11-16 16:01:33.965,1149,175214.38
2025-11-16 16:01:33.965,1150,93571.2
2025-11-16 16:01:33.965,1151,93571.2
2025-11-16 16:01:33.965,1152,103969.71
2025-11-16 16:01:33.965,1153,105255.28
2025-11-16 16:01:33.965,1154,101482.63
2025-11-16 16:01:33.965,1155,102094.18
2025-11-16 16:01:33.965,1156,103337.61
2025-11-16 16:01:33.965,1157,104288.4
2025-11-16 16:01:33.965,1158,97664.48
2025-11-16 16:01:33.965,1159,102402.48
2025-11-16 16:01:33.965,1160,100279.32
2025-11-16 16:01:33.965,1161,102402.48
2025-11-16 16:01:33.965,1162,99687.32
2025-11-16 16:01:33.965,1163,102402.48
2025-11-16 16:01:33.965,1164,102712.45
2025-11-16 16:01:33.965,1165,103024.17
2025-11-16 16:01:33.965,1166,105581.22
2025-11-16 16:01:33.965,1167,103337.61
2025-11-16 16:01:33.965,1168,107915.35
2025-11-16 16:01:33.965,1169,103337.61
2025-11-16 16:01:33.965,1170,102094.18
2025-11-16 16:01:33.965,1171,110700.96
2025-11-16 16:01:33.965,1172,105255.28
2025-11-16 16:01:33.965,1173,107238.9
2025-11-16 16:01:33.965,1174,104288.4
2025-11-16 16:01:33.965,1175,102094.18
2025-11-16 16:01:33.965,1176,99687.32
2025-11-16 16:01:33.965,1177,104608.9
2025-11-16 16:01:33.965,1178,111418.03
2025-11-16 16:01:33.965,1179,104288.4
2025-11-16 16:01:33.965,1180,91010.8
2025-11-16 16:01:33.965,1181,108599.64
2025-11-16 16:01:33.965,1182,98522.22
2025-11-16 16:01:33.965,1183,99101.66
2025-11-16 16:01:33.965,1184,155036.28
2025-11-16 16:01:33.965,1185,82965.91
2025-11-16 16:01:33.965,1186,91765.55
2025-11-16 16:01:33.965,1187,84909.8
2025-11-16 16:01:33.965,1188,84909.8
2025-11-16 16:01:33.965,1189,84909.8
2025-11-16 16:01:33.965,1190,90021.7
2025-11-16 16:01:33.965,1191,108599.64
2025-11-16 16:01:33.965,1192,183998.22
2025-11-16 16:01:33.965,1193,176906.95
2025-11-16 16:01:33.965,1194,79112.48
2025-11-16 16:01:33.965,1195,79112.48
2025-11-16 16:01:33.965,1196,136685.03
2025-11-16 16:01:33.965,1197,252439.11
2025-11-16 16:01:33.965,1198,137745.05
2025-11-16 16:01:33.965,1199,137745.05
2025-11-16 16:01:33.965,1200,988899.38
2025-11-16 16:01:33.965,1201,942433.13
2025-11-16 16:01:33.965,1202,661350.38
2025-11-16 16:01:33.965,1203,708471.5
2025-11-16 16:01:33.965,1204,861364.44
2025-11-16 16:01:33.965,1205,793012.25
2025-11-16 16:01:33.965,1206,734602.25
2025-11-16 16:01:33.965,1207,825793.38
2025-11-16 16:01:33.965,1208,825793.38
2025-11-16 16:01:33.965,1209,762705.19
2025-11-16 16:01:33.965,1210,942433.13
2025-11-16 16:01:33.965,1211,988899.38
2025-11-16 16:01:33.965,1212,988899.38
2025-11-16 16:01:33.965,1213,920784.13
2025-11-16 16:01:33.965,1214,942433.13
2025-11-16 16:01:33.965,1215,942433.13
2025-11-16 16:01:33.965,1216,965113.19
2025-11-16 16:01:33.965,1217,965113.19
2025-11-16 16:01:33.965,1218,988899.38
2025-11-16 16:01:33.965,1219,988899.38
2025-11-16 16:01:33.965,1220,988899.38
2025-11-16 16:01:33.965,1221,900097.25
2025-11-16 16:01:33.965,1222,900097.25
2025-11-16 16:01:33.965,1223,793012.25
2025-11-16 16:01:33.965,1224,762705.19
2025-11-16 16:01:33.965,1225,920784.13
2025-11-16 16:01:33.965,1226,920784.13
2025-11-16 16:01:33.965,1227,988899.38
2025-11-16 16:01:33.965,1228,861364.44
2025-11-16 16:01:33.965,1229,942433.13
2025-11-16 16:01:33.965,1230,942433.13
2025-11-16 16:01:33.965,1231,734602.25
2025-11-16 16:01:33.965,1232,721303.56
2025-11-16 16:01:33.965,1233,721303.56
2025-11-16 16:01:33.965,1234,900097.25
2025-11-16 16:01:33.965,1235,920784.13
2025-11-16 16:01:33.965,1236,861364.44
2025-11-16 16:01:33.965,1237,988899.38
2025-11-16 16:01:33.965,1238,965113.19
2025-11-16 16:01:33.965,1239,793012.25
2025-11-16 16:01:33.965,1240,861364.44
2025-11-16 16:01:33.965,1241,861364.44
2025-11-16 16:01:33.965,1242,861364.44
2025-11-16 16:01:33.965,1243,861364.44
2025-11-16 16:01:33.965,1244,232241.86
2025-11-16 16:01:33.965,1245,232241.86
2025-11-16 16:01:33.965,1246,232241.86
2025-11-16 16:01:33.965,1247,232241.86
2025-11-16 16:01:33.965,1248,232241.86
2025-11-16 16:01:33.965,1249,218701.81
2025-11-16 16:01:33.965,1250,223932.14
2025-11-16 16:01:33.965,1251,206594.58
2025-11-16 16:01:33.965,1252,204325.27
2025-11-16 16:01:33.965,1253,217430.56
2025-11-16 16:01:33.965,1254,204325.27
2025-11-16 16:01:33.965,1255,208912.44
2025-11-16 16:01:33.965,1256,206594.58
2025-11-16 16:01:33.965,1257,195704.14
2025-11-16 16:01:33.965,1258,204325.27
2025-11-16 16:01:33.965,1259,206594.58
2025-11-16 16:01:33.965,1260,195704.14
2025-11-16 16:01:33.965,1261,229407.17
2025-11-16 16:01:33.965,1262,238117.42
2025-11-16 16:01:33.965,1263,213700.14
2025-11-16 16:01:33.965,1264,208912.44
2025-11-16 16:01:33.965,1265,214929.95
2025-11-16 16:01:33.965,1266,188709.95
2025-11-16 16:01:33.965,1267,223932.14
2025-11-16 16:01:33.965,1268,207747.34
2025-11-16 16:01:33.965,1269,223932.14
2025-11-16 16:01:33.965,1270,213700.14
2025-11-16 16:01:33.965,1271,223932.14
2025-11-16 16:01:33.965,1272,241163.34
2025-11-16 16:01:33.965,1273,229407.17
2025-11-16 16:01:33.965,1274,250766.73
2025-11-16 16:01:33.965,1275,233684.53
2025-11-16 16:01:33.965,1276,232241.86
2025-11-16 16:01:33.965,1277,261133.28
2025-11-16 16:01:33.965,1278,218701.81
2025-11-16 16:01:33.965,1279,225277.3
2025-11-16 16:01:33.965,1280,346048.91
2025-11-16 16:01:33.965,1281,230816.17
2025-11-16 16:01:33.965,1282,195704.14
2025-11-16 16:01:33.965,1283,229407.17
2025-11-16 16:01:33.965,1284,223932.14
2025-11-16 16:01:33.965,1285,195704.14
2025-11-16 16:01:33.965,1286,218701.81
2025-11-16 16:01:33.965,1287,262941.66
2025-11-16 16:01:33.965,1288,372678.72
2025-11-16 16:01:33.965,1289,346048.91
2025-11-16 16:01:33.965,1290,183082.55
2025-11-16 16:01:33.965,1291,183082.55
2025-11-16 16:01:33.965,1292,286686.59
2025-11-16 16:01:33.965,1293,489387.19
2025-11-16 16:01:33.965,1294,322883.13
2025-11-16 16:01:33.965,1295,322883.13
2025-11-16 16:01:33.965,1296,54378.94
2025-11-16 16:01:33.965,1297,53182.58
2025-11-16 16:01:33.965,1298,52504.97
2025-11-16 16:01:33.965,1299,52600.88
2025-11-16 16:01:33.965,1300,51841.71
2025-11-16 16:01:33.965,1301,52890.38
2025-11-16 16:01:33.965,1302,52890.38
2025-11-16 16:01:33.965,1303,53975.16
2025-11-16 16:01:33.965,1304,52697.09
2025-11-16 16:01:33.965,1305,51935.61
2025-11-16 16:01:33.965,1306,52987.48
2025-11-16 16:01:33.965,1307,53182.58
2025-11-16 16:01:33.965,1308,52504.97
2025-11-16 16:01:33.965,1309,52987.48
2025-11-16 16:01:33.965,1310,54378.94
2025-11-16 16:01:33.965,1311,53378.87
2025-11-16 16:01:33.965,1312,55201.96
2025-11-16 16:01:33.965,1313,52218.99
2025-11-16 16:01:33.965,1314,51841.71
2025-11-16 16:01:33.965,1315,57802.03
2025-11-16 16:01:33.965,1316,56260.74
2025-11-16 16:01:33.965,1317,56476.62
2025-11-16 16:01:33.965,1318,54890.87
2025-11-16 16:01:33.965,1319,55939.52
2025-11-16 16:01:33.965,1320,52793.59
2025-11-16 16:01:33.965,1321,56046.25
2025-11-16 16:01:33.965,1322,54994.24
2025-11-16 16:01:33.965,1323,56046.25
2025-11-16 16:01:33.965,1324,48473.0
2025-11-16 16:01:33.965,1325,57914.87
2025-11-16 16:01:33.965,1326,50556.48
2025-11-16 16:01:33.965,1327,47484.0
2025-11-16 16:01:33.965,1328,80294.42
2025-11-16 16:01:33.965,1329,48641.14
2025-11-16 16:01:33.965,1330,48473.0
2025-11-16 16:01:33.965,1331,54582.74
2025-11-16 16:01:33.965,1332,47565.14
2025-11-16 16:01:33.965,1333,44854.87
2025-11-16 16:01:33.965,1334,42253.52
2025-11-16 16:01:33.965,1335,67894.05
2025-11-16 16:01:33.965,1336,99687.32
2025-11-16 16:01:33.965,1337,96820.16
2025-11-16 16:01:33.965,1338,48641.14
2025-11-16 16:01:33.965,1339,48641.14
2025-11-16 16:01:33.965,1340,75745.02
2025-11-16 16:01:33.965,1341,154372.98
2025-11-16 16:01:33.965,1342,76654.66
2025-11-16 16:01:33.965,1343,76654.66
2025-11-16 16:01:33.965,1344,32855.06
2025-11-16 16:01:33.965,1345,32145.38
2025-11-16 16:01:33.965,1346,31040.83
2025-11-16 16:01:33.965,1347,31290.57
2025-11-16 16:01:33.965,1348,31290.57
2025-11-16 16:01:33.965,1349,31628.31
2025-11-16 16:01:33.965,1350,31543.36
2025-11-16 16:01:33.965,1351,31040.83
2025-11-16 16:01:33.965,1352,31799.26
2025-11-16 16:01:33.965,1353,30958.25
2025-11-16 16:01:33.965,1354,31332.49
2025-11-16 16:01:33.965,1355,30917.09
2025-11-16 16:01:33.965,1356,31374.49
2025-11-16 16:01:33.965,1357,31713.61
2025-11-16 16:01:33.965,1358,33081.75
2025-11-16 16:01:33.965,1359,31713.61
2025-11-16 16:01:33.965,1360,34396.74
2025-11-16 16:01:33.965,1361,32675.42
2025-11-16 16:01:33.965,1362,32320.6
2025-11-16 16:01:33.965,1363,36901.41
2025-11-16 16:01:33.965,1364,35386.11
2025-11-16 16:01:33.965,1365,34348.4
2025-11-16 16:01:33.965,1366,32765.05
2025-11-16 16:01:33.965,1367,35134.67
2025-11-16 16:01:33.965,1368,32586.16
2025-11-16 16:01:33.965,1369,34060.55
2025-11-16 16:01:33.965,1370,37669.63
2025-11-16 16:01:33.965,1371,35084.71
2025-11-16 16:01:33.965,1372,31713.61
2025-11-16 16:01:33.965,1373,35845.82
2025-11-16 16:01:33.965,1374,31543.36
2025-11-16 16:01:33.965,1375,31885.26
2025-11-16 16:01:33.965,1376,54075.63
2025-11-16 16:01:33.965,1377,30835.0
2025-11-16 16:01:33.965,1378,30071.27
2025-11-16 16:01:33.965,1379,34445.18
2025-11-16 16:01:33.965,1380,31374.49
2025-11-16 16:01:33.965,1381,30150.32
2025-11-16 16:01:33.965,1382,29564.92
2025-11-16 16:01:33.965,1383,44634.36
2025-11-16 16:01:33.965,1384,68493.05
2025-11-16 16:01:33.965,1385,64212.57
2025-11-16 16:01:33.965,1386,31123.74
2025-11-16 16:01:33.965,1387,31123.74
2025-11-16 16:01:33.965,1388,48725.57
2025-11-16 16:01:33.965,1389,104608.9
2025-11-16 16:01:33.965,1390,55201.96
2025-11-16 16:01:33.965,1391,55201.96
2025-11-16 16:01:33.965,1392,33870.7
2025-11-16 16:01:33.965,1393,33310.84
2025-11-16 16:01:33.965,1394,32232.81
2025-11-16 16:01:33.965,1395,32189.05
2025-11-16 16:01:33.965,1396,32145.38
2025-11-16 16:01:33.965,1397,32145.38
2025-11-16 16:01:33.965,1398,32320.6
2025-11-16 16:01:33.965,1399,32765.05
2025-11-16 16:01:33.965,1400,31543.36
2025-11-16 16:01:33.965,1401,31628.31
2025-11-16 16:01:33.965,1402,32586.16
2025-11-16 16:01:33.965,1403,32320.6
2025-11-16 16:01:33.965,1404,32586.16
2025-11-16 16:01:33.965,1405,32675.42
2025-11-16 16:01:33.965,1406,33682.49
2025-11-16 16:01:33.965,1407,32232.81
2025-11-16 16:01:33.965,1408,34300.16
2025-11-16 16:01:33.965,1409,32058.32
2025-11-16 16:01:33.965,1410,32586.16
2025-11-16 16:01:33.965,1411,36157.48
2025-11-16 16:01:33.965,1412,36105.25
2025-11-16 16:01:33.965,1413,36262.32
2025-11-16 16:01:33.965,1414,33495.87
2025-11-16 16:01:33.965,1415,36105.25
2025-11-16 16:01:33.965,1416,34012.93
2025-11-16 16:01:33.965,1417,34885.99
2025-11-16 16:01:33.965,1418,39523.48
2025-11-16 16:01:33.965,1419,36209.84
2025-11-16 16:01:33.965,1420,33870.7
2025-11-16 16:01:33.965,1421,37337.34
2025-11-16 16:01:33.965,1422,33682.49
2025-11-16 16:01:33.965,1423,33036.22
2025-11-16 16:01:33.965,1424,55621.39
2025-11-16 16:01:33.965,1425,33403.16
2025-11-16 16:01:33.965,1426,32320.6
2025-11-16 16:01:33.965,1427,36053.13
2025-11-16 16:01:33.965,1428,32855.06
2025-11-16 16:01:33.965,1429,33173.1
2025-11-16 16:01:33.965,1430,34252.03
2025-11-16 16:01:33.965,1431,46843.01
2025-11-16 16:01:33.965,1432,73981.77
2025-11-16 16:01:33.965,1433,66723.02
2025-11-16 16:01:33.965,1434,33588.98
2025-11-16 16:01:33.965,1435,33588.98
2025-11-16 16:01:33.965,1436,50199.01
2025-11-16 16:01:33.965,1437,102094.18
2025-11-16 16:01:33.965,1438,56693.92
2025-11-16 16:01:33.965,1439,56693.92
2025-11-16 16:01:33.965,1440,35285.2
2025-11-16 16:01:33.965,1441,33776.39
2025-11-16 16:01:33.965,1442,33588.98
2025-11-16 16:01:33.965,1443,33264.83
2025-11-16 16:01:33.965,1444,33542.38
2025-11-16 16:01:33.965,1445,33682.49
2025-11-16 16:01:33.965,1446,33776.39
2025-11-16 16:01:33.965,1447,34445.18
2025-11-16 16:01:33.965,1448,34060.55
2025-11-16 16:01:33.965,1449,33495.87
2025-11-16 16:01:33.965,1450,34348.4
2025-11-16 16:01:33.965,1451,34300.16
2025-11-16 16:01:33.965,1452,34396.74
2025-11-16 16:01:33.965,1453,34060.55
2025-11-16 16:01:33.965,1454,35742.86
2025-11-16 16:01:33.965,1455,34348.4
2025-11-16 16:01:33.965,1456,34985.13
2025-11-16 16:01:33.965,1457,34156.08
2025-11-16 16:01:33.965,1458,33495.87
2025-11-16 16:01:33.965,1459,37009.64
2025-11-16 16:01:33.965,1460,37447.59
2025-11-16 16:01:33.965,1461,37337.34
2025-11-16 16:01:33.965,1462,35234.91
2025-11-16 16:01:33.965,1463,37950.12
2025-11-16 16:01:33.965,1464,35134.67
2025-11-16 16:01:33.965,1465,37009.64
2025-11-16 16:01:33.965,1466,40256.3
2025-11-16 16:01:33.965,1467,37781.43
2025-11-16 16:01:33.965,1468,33449.47
2025-11-16 16:01:33.965,1469,39224.4
2025-11-16 16:01:33.965,1470,33403.16
2025-11-16 16:01:33.965,1471,33542.38
2025-11-16 16:01:33.965,1472,54582.74
2025-11-16 16:01:33.965,1473,33127.38
2025-11-16 16:01:33.965,1474,25804.82
2025-11-16 16:01:33.965,1475,35949.24
2025-11-16 16:01:33.965,1476,31458.76
2025-11-16 16:01:33.965,1477,30835.0
2025-11-16 16:01:33.965,1478,23642.52
2025-11-16 16:01:33.965,1479,45754.95
2025-11-16 16:01:33.965,1480,70663.95
2025-11-16 16:01:33.965,1481,66435.75
2025-11-16 16:01:33.965,1482,33682.49
2025-11-16 16:01:33.965,1483,33682.49
2025-11-16 16:01:33.965,1484,51284.3
2025-11-16 16:01:33.965,1485,108256.51
2025-11-16 16:01:33.965,1486,54787.84
2025-11-16 16:01:33.965,1487,54787.84
2025-11-16 16:01:33.965,1488,27418.54
2025-11-16 16:01:33.965,1489,27077.54
2025-11-16 16:01:33.965,1490,26348.73
2025-11-16 16:01:33.965,1491,25963.11
2025-11-16 16:01:33.965,1492,26090.74
2025-11-16 16:01:33.965,1493,26219.28
2025-11-16 16:01:33.965,1494,26090.74
2025-11-16 16:01:33.965,1495,26187.06
2025-11-16 16:01:33.965,1496,26219.28
2025-11-16 16:01:33.965,1497,25963.11
2025-11-16 16:01:33.965,1498,26348.73
2025-11-16 16:01:33.965,1499,26544.65
2025-11-16 16:01:33.965,1500,26544.65
2025-11-16 16:01:33.965,1501,26479.11
2025-11-16 16:01:33.965,1502,28119.63
2025-11-16 16:01:33.965,1503,26643.4
2025-11-16 16:01:33.965,1504,27077.54
2025-11-16 16:01:33.965,1505,25963.11
2025-11-16 16:01:33.965,1506,25963.11
2025-11-16 16:01:33.965,1507,29449.88
2025-11-16 16:01:33.965,1508,29526.5
2025-11-16 16:01:33.965,1509,29449.88
2025-11-16 16:01:33.965,1510,27384.16
2025-11-16 16:01:33.965,1511,30071.27
2025-11-16 16:01:33.965,1512,28191.18
2025-11-16 16:01:33.965,1513,28553.0
2025-11-16 16:01:33.965,1514,32720.19
2025-11-16 16:01:33.965,1515,29449.88
2025-11-16 16:01:33.965,1516,26875.9
2025-11-16 16:01:33.965,1517,30876.0
2025-11-16 16:01:33.965,1518,26709.53
2025-11-16 16:01:33.965,1519,26875.9
2025-11-16 16:01:33.965,1520,45002.86
2025-11-16 16:01:33.965,1521,26316.28
2025-11-16 16:01:33.965,1522,25276.9
2025-11-16 16:01:33.965,1523,29297.52
2025-11-16 16:01:33.965,1524,26348.73
2025-11-16 16:01:33.965,1525,26187.06
2025-11-16 16:01:33.965,1526,26187.06
2025-11-16 16:01:33.965,1527,38348.37
2025-11-16 16:01:33.965,1528,57465.76
2025-11-16 16:01:33.965,1529,54582.74
2025-11-16 16:01:33.965,1530,26742.69
2025-11-16 16:01:33.965,1531,26742.69
2025-11-16 16:01:33.965,1532,40380.55
2025-11-16 16:01:33.965,1533,87167.16
2025-11-16 16:01:33.965,1534,48305.81
2025-11-16 16:01:33.965,1535,48305.81
2025-11-16 16:01:33.965,1536,26154.89
2025-11-16 16:01:33.965,1537,26154.89
2025-11-16 16:01:33.965,1538,26154.89
2025-11-16 16:01:33.965,1539,26154.89
2025-11-16 16:01:33.965,1540,26154.89
2025-11-16 16:01:33.965,1541,26154.89
2025-11-16 16:01:33.965,1542,26154.89
2025-11-16 16:01:33.965,1543,26154.89
2025-11-16 16:01:33.965,1544,26154.89
2025-11-16 16:01:33.965,1545,26154.89
2025-11-16 16:01:33.965,1546,26154.89
2025-11-16 16:01:33.965,1547,26154.89
2025-11-16 16:01:33.965,1548,26154.89
2025-11-16 16:01:33.965,1549,26154.89
2025-11-16 16:01:33.965,1550,26154.89
2025-11-16 16:01:33.965,1551,26154.89
2025-11-16 16:01:33.965,1552,26154.89
2025-11-16 16:01:33.965,1553,26154.89
2025-11-16 16:01:33.965,1554,26154.89
2025-11-16 16:01:33.965,1555,26154.89
2025-11-16 16:01:33.965,1556,26154.89
2025-11-16 16:01:33.965,1557,26154.89
2025-11-16 16:01:33.965,1558,26154.89
2025-11-16 16:01:33.965,1559,26154.89
2025-11-16 16:01:33.965,1560,26154.89
2025-11-16 16:01:33.965,1561,26154.89
2025-11-16 16:01:33.965,1562,26154.89
2025-11-16 16:01:33.965,1563,26154.89
2025-11-16 16:01:33.965,1564,26154.89
2025-11-16 16:01:33.965,1565,26154.89
2025-11-16 16:01:33.965,1566,26154.89
2025-11-16 16:01:33.965,1567,26154.89
2025-11-16 16:01:33.965,1568,26154.89
2025-11-16 16:01:33.965,1569,26154.89
2025-11-16 16:01:33.965,1570,26154.89
2025-11-16 16:01:33.965,1571,26154.89
2025-11-16 16:01:33.965,1572,26154.89
2025-11-16 16:01:33.965,1573,26154.89
2025-11-16 16:01:33.965,1574,26154.89
2025-11-16 16:01:33.965,1575,26154.89
2025-11-16 16:01:33.965,1576,26154.89
2025-11-16 16:01:33.965,1577,26154.89
2025-11-16 16:01:33.965,1578,26154.89
2025-11-16 16:01:33.965,1579,26154.89
2025-11-16 16:01:33.965,1580,26154.89
2025-11-16 16:01:33.965,1581,26154.89
2025-11-16 16:01:33.965,1582,26154.89
2025-11-16 16:01:33.965,1583,26154.89
2025-11-16 16:01:33.965,1584,26154.89
2025-11-16 16:01:33.965,1585,25585.55
2025-11-16 16:01:33.965,1586,24675.34
2025-11-16 16:01:33.965,1587,24208.61
2025-11-16 16:01:33.965,1588,24675.34
2025-11-16 16:01:33.965,1589,24675.34
2025-11-16 16:01:33.965,1590,24704.93
2025-11-16 16:01:33.965,1591,24853.65
2025-11-16 16:01:33.965,1592,24734.57
2025-11-16 16:01:33.965,1593,24557.47
2025-11-16 16:01:33.965,1594,24645.8
2025-11-16 16:01:33.965,1595,24734.57
2025-11-16 16:01:33.965,1596,24764.27
2025-11-16 16:01:33.965,1597,24734.57
2025-11-16 16:01:33.965,1598,25931.34
2025-11-16 16:01:33.965,1599,24913.49
2025-11-16 16:01:33.965,1600,24853.65
2025-11-16 16:01:33.965,1601,24353.12
2025-11-16 16:01:33.965,1602,23866.7
2025-11-16 16:01:33.965,1603,27556.69
2025-11-16 16:01:33.965,1604,27695.87
2025-11-16 16:01:33.965,1605,27626.15
2025-11-16 16:01:33.965,1606,25963.11
2025-11-16 16:01:33.965,1607,27977.33
2025-11-16 16:01:33.965,1608,26187.06
2025-11-16 16:01:33.965,1609,26875.9
2025-11-16 16:01:33.965,1610,30835.0
2025-11-16 16:01:33.965,1611,27077.54
2025-11-16 16:01:33.965,1612,24973.54
2025-11-16 16:01:33.965,1613,28736.48
2025-11-16 16:01:33.965,1614,25033.8
2025-11-16 16:01:33.965,1615,25094.26
2025-11-16 16:01:33.965,1616,41920.75
2025-11-16 16:01:33.965,1617,24794.01
2025-11-16 16:01:33.965,1618,24208.61
2025-11-16 16:01:33.965,1619,27730.82
2025-11-16 16:01:33.965,1620,24823.81
2025-11-16 16:01:33.965,1621,25094.26
2025-11-16 16:01:33.965,1622,26219.28
2025-11-16 16:01:33.965,1623,36157.48
2025-11-16 16:01:33.965,1624,52987.48
2025-11-16 16:01:33.965,1625,50377.22
2025-11-16 16:01:33.965,1626,25679.2
2025-11-16 16:01:33.965,1627,25679.2
2025-11-16 16:01:33.965,1628,38348.37
2025-11-16 16:01:33.965,1629,85352.86
2025-11-16 16:01:33.965,1630,44126.66
2025-11-16 16:01:33.965,1631,44126.66
2025-11-16 16:01:33.965,1632,24151.15
2025-11-16 16:01:33.965,1633,23202.91
2025-11-16 16:01:33.965,1634,22854.06
2025-11-16 16:01:33.965,1635,22460.52
2025-11-16 16:01:33.965,1636,22774.6
2025-11-16 16:01:33.965,1637,22987.37
2025-11-16 16:01:33.965,1638,22933.92
2025-11-16 16:01:33.965,1639,23040.99
2025-11-16 16:01:33.965,1640,22987.37
2025-11-16 16:01:33.965,1641,22460.52
2025-11-16 16:01:33.965,1642,23230.05
2025-11-16 16:01:33.965,1643,22512.45
2025-11-16 16:01:33.965,1644,22960.62
2025-11-16 16:01:33.965,1645,23040.99
2025-11-16 16:01:33.965,1646,23979.91
2025-11-16 16:01:33.965,1647,23040.99
2025-11-16 16:01:33.965,1648,22408.76
2025-11-16 16:01:33.965,1649,21700.95
2025-11-16 16:01:33.965,1650,22357.16
2025-11-16 16:01:33.965,1651,24794.01
2025-11-16 16:01:33.965,1652,25276.9
2025-11-16 16:01:33.965,1653,25585.55
2025-11-16 16:01:33.965,1654,24093.88
2025-11-16 16:01:33.965,1655,25523.39
2025-11-16 16:01:33.965,1656,23866.7
2025-11-16 16:01:33.965,1657,24675.34
2025-11-16 16:01:33.965,1658,27077.54
2025-11-16 16:01:33.965,1659,25523.39
2025-11-16 16:01:33.965,1660,19449.01
2025-11-16 16:01:33.965,1661,26283.89
2025-11-16 16:01:33.965,1662,17757.91
2025-11-16 16:01:33.965,1663,19491.78
2025-11-16 16:01:33.965,1664,36262.32
2025-11-16 16:01:33.965,1665,17872.27
2025-11-16 16:01:33.965,1666,19194.97
2025-11-16 16:01:33.965,1667,24036.8
2025-11-16 16:01:33.965,1668,17000.83
2025-11-16 16:01:33.965,1669,19534.67
2025-11-16 16:01:33.965,1670,22960.62
2025-11-16 16:01:33.965,1671,31713.61
2025-11-16 16:01:33.965,1672,47646.51
2025-11-16 16:01:33.965,1673,48222.58
2025-11-16 16:01:33.965,1674,20193.28
2025-11-16 16:01:33.965,1675,20193.28
2025-11-16 16:01:33.965,1676,35034.87
2025-11-16 16:01:33.965,1677,78725.33
2025-11-16 16:01:33.965,1678,42186.62
2025-11-16 16:01:33.965,1679,42186.62
2025-11-16 16:01:33.965,1680,34348.4
2025-11-16 16:01:33.965,1681,33635.68
2025-11-16 16:01:33.965,1682,32900.21
2025-11-16 16:01:33.965,1683,31971.61
2025-11-16 16:01:33.965,1684,33403.16
2025-11-16 16:01:33.965,1685,32945.45
2025-11-16 16:01:33.965,1686,33495.87
2025-11-16 16:01:33.965,1687,33127.38
2025-11-16 16:01:33.965,1688,33588.98
2025-11-16 16:01:33.965,1689,33310.84
2025-11-16 16:01:33.965,1690,33403.16
2025-11-16 16:01:33.965,1691,33682.49
2025-11-16 16:01:33.965,1692,33495.87
2025-11-16 16:01:33.965,1693,33542.38
2025-11-16 16:01:33.965,1694,34493.74
2025-11-16 16:01:33.965,1695,33588.98
2025-11-16 16:01:33.965,1696,31628.31
2025-11-16 16:01:33.965,1697,30031.86
2025-11-16 16:01:33.965,1698,32586.16
2025-11-16 16:01:33.965,1699,35335.6
2025-11-16 16:01:33.965,1700,36901.41
2025-11-16 16:01:33.965,1701,37118.37
2025-11-16 16:01:33.965,1702,35084.71
2025-11-16 16:01:33.965,1703,37118.37
2025-11-16 16:01:33.965,1704,34348.4
2025-11-16 16:01:33.965,1705,36053.13
2025-11-16 16:01:33.965,1706,39887.21
2025-11-16 16:01:33.965,1707,37227.6
2025-11-16 16:01:33.965,1708,30794.08
2025-11-16 16:01:33.965,1709,38120.0
2025-11-16 16:01:33.965,1710,31040.83
2025-11-16 16:01:33.965,1711,30876.0
2025-11-16 16:01:33.965,1712,45151.65
2025-11-16 16:01:33.965,1713,30631.22
2025-11-16 16:01:33.965,1714,30189.96
2025-11-16 16:01:33.965,1715,35742.86
2025-11-16 16:01:33.965,1716,27349.84
2025-11-16 16:01:33.965,1717,30631.22
2025-11-16 16:01:33.965,1718,33682.49
2025-11-16 16:01:33.965,1719,45151.65
2025-11-16 16:01:33.965,1720,64347.73
2025-11-16 16:01:33.965,1721,71959.17
2025-11-16 16:01:33.965,1722,32058.32
2025-11-16 16:01:33.965,1723,32058.32
2025-11-16 16:01:33.965,1724,66723.02
2025-11-16 16:01:33.965,1725,112509.73
2025-11-16 16:01:33.965,1726,57354.41
2025-11-16 16:01:33.965,1727,57354.41
2025-11-16 16:01:33.965,1728,26511.85
2025-11-16 16:01:33.965,1729,25461.45
2025-11-16 16:01:33.965,1730,24853.65
2025-11-16 16:01:33.965,1731,24853.65
2025-11-16 16:01:33.965,1732,24853.65
2025-11-16 16:01:33.965,1733,25033.8
2025-11-16 16:01:33.965,1734,25154.93
2025-11-16 16:01:33.965,1735,24883.55
2025-11-16 16:01:33.965,1736,24973.54
2025-11-16 16:01:33.965,1737,24794.01
2025-11-16 16:01:33.965,1738,24883.55
2025-11-16 16:01:33.965,1739,25064.0
2025-11-16 16:01:33.965,1740,24764.27
2025-11-16 16:01:33.965,1741,24973.54
2025-11-16 16:01:33.965,1742,26154.89
2025-11-16 16:01:33.965,1743,25033.8
2025-11-16 16:01:33.965,1744,23754.24
2025-11-16 16:01:33.965,1745,23202.91
2025-11-16 16:01:33.965,1746,22987.37
2025-11-16 16:01:33.965,1747,24794.01
2025-11-16 16:01:33.965,1748,27418.54
2025-11-16 16:01:33.965,1749,27145.25
2025-11-16 16:01:33.965,1750,25994.93
2025-11-16 16:01:33.965,1751,27836.08
2025-11-16 16:01:33.965,1752,26026.81
2025-11-16 16:01:33.965,1753,26742.69
2025-11-16 16:01:33.965,1754,28773.39
2025-11-16 16:01:33.965,1755,27556.69
2025-11-16 16:01:33.965,1756,19406.36
2025-11-16 16:01:33.965,1757,28335.09
2025-11-16 16:01:33.965,1758,21310.15
2025-11-16 16:01:33.965,1759,18142.77
2025-11-16 16:01:33.965,1760,40505.41
2025-11-16 16:01:33.965,1761,22305.72
2025-11-16 16:01:33.965,1762,20419.37
2025-11-16 16:01:33.965,1763,26479.11
2025-11-16 16:01:33.965,1764,22177.84
2025-11-16 16:01:33.965,1765,21750.49
2025-11-16 16:01:33.965,1766,25461.45
2025-11-16 16:01:33.965,1767,35184.73
2025-11-16 16:01:33.965,1768,52793.59
2025-11-16 16:01:33.965,1769,51192.37
2025-11-16 16:01:33.965,1770,23586.93
2025-11-16 16:01:33.965,1771,23586.93
2025-11-16 16:01:33.965,1772,49670.62
2025-11-16 16:01:33.965,1773,85130.81
2025-11-16 16:01:33.965,1774,43698.91
2025-11-16 16:01:33.965,1775,43698.91
2025-11-16 16:01:33.965,1776,22564.54
2025-11-16 16:01:33.965,1777,21750.49
2025-11-16 16:01:33.965,1778,21406.95
2025-11-16 16:01:33.965,1779,21261.97
2025-11-16 16:01:33.965,1780,21213.94
2025-11-16 16:01:33.965,1781,21431.24
2025-11-16 16:01:33.965,1782,21213.94
2025-11-16 16:01:33.965,1783,21237.94
2025-11-16 16:01:33.965,1784,21455.57
2025-11-16 16:01:33.965,1785,21310.15
2025-11-16 16:01:33.965,1786,21358.47
2025-11-16 16:01:33.965,1787,21406.95
2025-11-16 16:01:33.965,1788,21406.95
2025-11-16 16:01:33.965,1789,21602.34
2025-11-16 16:01:33.965,1790,22460.52
2025-11-16 16:01:33.965,1791,21553.27
2025-11-16 16:01:33.965,1792,20193.28
2025-11-16 16:01:33.965,1793,19577.68
2025-11-16 16:01:33.965,1794,20037.0
2025-11-16 16:01:33.965,1795,22101.59
2025-11-16 16:01:33.965,1796,23698.29
2025-11-16 16:01:33.965,1797,23670.38
2025-11-16 16:01:33.965,1798,22486.47
2025-11-16 16:01:33.965,1799,24179.86
2025-11-16 16:01:33.965,1800,22382.94
2025-11-16 16:01:33.965,1801,23366.42
2025-11-16 16:01:33.965,1802,25492.39
2025-11-16 16:01:33.965,1803,23951.54
2025-11-16 16:01:33.965,1804,18103.81
2025-11-16 16:01:33.965,1805,24853.65
2025-11-16 16:01:33.965,1806,19237.01
2025-11-16 16:01:33.965,1807,18986.58
2025-11-16 16:01:33.965,1808,36053.13
2025-11-16 16:01:33.965,1809,19069.58
2025-11-16 16:01:33.965,1810,16317.87
2025-11-16 16:01:33.965,1811,22721.83
2025-11-16 16:01:33.965,1812,18064.95
2025-11-16 16:01:33.965,1813,16751.64
2025-11-16 16:01:33.965,1814,21750.49
2025-11-16 16:01:33.965,1815,30309.35
2025-11-16 16:01:33.965,1816,47646.51
2025-11-16 16:01:33.965,1817,45831.29
2025-11-16 16:01:33.965,1818,20170.86
2025-11-16 16:01:33.965,1819,20170.86
2025-11-16 16:01:33.965,1820,40630.89
2025-11-16 16:01:33.965,1821,77023.94
2025-11-16 16:01:33.965,1822,39644.14
2025-11-16 16:01:33.965,1823,39644.14
2025-11-16 16:01:33.965,1824,32855.06
2025-11-16 16:01:33.965,1825,31628.31
2025-11-16 16:01:33.965,1826,31040.83
2025-11-16 16:01:33.965,1827,30958.25
2025-11-16 16:01:33.965,1828,30958.25
2025-11-16 16:01:33.965,1829,31374.49
2025-11-16 16:01:33.965,1830,30876.0
2025-11-16 16:01:33.965,1831,31123.74
2025-11-16 16:01:33.965,1832,31248.74
2025-11-16 16:01:33.965,1833,31290.57
2025-11-16 16:01:33.965,1834,31248.74
2025-11-16 16:01:33.965,1835,31458.76
2025-11-16 16:01:33.965,1836,30835.0
2025-11-16 16:01:33.965,1837,31585.79
2025-11-16 16:01:33.965,1838,32855.06
2025-11-16 16:01:33.965,1839,31885.26
2025-11-16 16:01:33.965,1840,31628.31
2025-11-16 16:01:33.965,1841,30150.32
2025-11-16 16:01:33.965,1842,29297.52
2025-11-16 16:01:33.965,1843,33495.87
2025-11-16 16:01:33.965,1844,34348.4
2025-11-16 16:01:33.965,1845,34252.03
2025-11-16 16:01:33.965,1846,33081.75
2025-11-16 16:01:33.965,1847,35034.87
2025-11-16 16:01:33.965,1848,32765.05
2025-11-16 16:01:33.965,1849,34204.0
2025-11-16 16:01:33.965,1850,37392.4
2025-11-16 16:01:33.965,1851,35034.87
2025-11-16 16:01:33.965,1852,29221.78
2025-11-16 16:01:33.965,1853,36473.41
2025-11-16 16:01:33.965,1854,28553.0
2025-11-16 16:01:33.965,1855,28847.41
2025-11-16 16:01:33.965,1856,50556.48
2025-11-16 16:01:33.965,1857,30590.71
2025-11-16 16:01:33.965,1858,29449.88
2025-11-16 16:01:33.965,1859,34445.18
2025-11-16 16:01:33.965,1860,31206.99
2025-11-16 16:01:33.965,1861,30429.46
2025-11-16 16:01:33.965,1862,33495.87
2025-11-16 16:01:33.965,1863,43769.74
2025-11-16 16:01:33.965,1864,65586.65
2025-11-16 16:01:33.965,1865,63676.8
2025-11-16 16:01:33.965,1866,31290.57
2025-11-16 16:01:33.965,1867,31290.57
2025-11-16 16:01:33.965,1868,55833.13
2025-11-16 16:01:33.965,1869,103969.71
2025-11-16 16:01:33.965,1870,54787.84
2025-11-16 16:01:33.965,1871,54787.84
2025-11-16 16:01:33.965,1872,27977.33
2025-11-16 16:01:33.965,1873,26842.51
2025-11-16 16:01:33.965,1874,26709.53
2025-11-16 16:01:33.965,1875,26511.85
2025-11-16 16:01:33.965,1876,26511.85
2025-11-16 16:01:33.965,1877,26875.9
2025-11-16 16:01:33.965,1878,26610.43
2025-11-16 16:01:33.965,1879,26842.51
2025-11-16 16:01:33.965,1880,26809.18
2025-11-16 16:01:33.965,1881,26511.85
2025-11-16 16:01:33.965,1882,26809.18
2025-11-16 16:01:33.965,1883,26610.43
2025-11-16 16:01:33.965,1884,26610.43
2025-11-16 16:01:33.965,1885,26809.18
2025-11-16 16:01:33.965,1886,27765.84
2025-11-16 16:01:33.965,1887,26809.18
2025-11-16 16:01:33.965,1888,26219.28
2025-11-16 16:01:33.965,1889,24794.01
2025-11-16 16:01:33.965,1890,25154.93
2025-11-16 16:01:33.965,1891,27871.29
2025-11-16 16:01:33.965,1892,29146.33
2025-11-16 16:01:33.965,1893,28921.71
2025-11-16 16:01:33.965,1894,27836.08
2025-11-16 16:01:33.965,1895,29449.88
2025-11-16 16:01:33.965,1896,27626.15
2025-11-16 16:01:33.965,1897,28699.64
2025-11-16 16:01:33.965,1898,30712.49
2025-11-16 16:01:33.965,1899,29297.52
2025-11-16 16:01:33.965,1900,22000.49
2025-11-16 16:01:33.965,1901,30389.34
2025-11-16 16:01:33.965,1902,22000.49
2025-11-16 16:01:33.965,1903,21700.95
2025-11-16 16:01:33.965,1904,43487.57
2025-11-16 16:01:33.965,1905,24734.57
2025-11-16 16:01:33.965,1906,23040.99
2025-11-16 16:01:33.965,1907,28736.48
2025-11-16 16:01:33.965,1908,24794.01
2025-11-16 16:01:33.965,1909,24616.31
2025-11-16 16:01:33.965,1910,27281.39
2025-11-16 16:01:33.965,1911,37613.93
2025-11-16 16:01:33.965,1912,56368.51
2025-11-16 16:01:33.965,1913,53975.16
2025-11-16 16:01:33.965,1914,25523.39
2025-11-16 16:01:33.965,1915,25523.39
2025-11-16 16:01:33.965,1916,43840.75
2025-11-16 16:01:33.965,1917,87398.81
2025-11-16 16:01:33.965,1918,45907.83
2025-11-16 16:01:33.965,1919,45907.83
2025-11-16 16:01:33.965,1920,793012.25
2025-11-16 16:01:33.965,1921,708471.5
2025-11-16 16:01:33.965,1922,920784.13
2025-11-16 16:01:33.965,1923,900097.25
2025-11-16 16:01:33.965,1924,777567.38
2025-11-16 16:01:33.965,1925,793012.25
2025-11-16 16:01:33.965,1926,988899.38
2025-11-16 16:01:33.965,1927,762705.19
2025-11-16 16:01:33.965,1928,965113.19
2025-11-16 16:01:33.965,1929,684112.31
2025-11-16 16:01:33.965,1930,734602.25
2025-11-16 16:01:33.965,1931,965113.19
2025-11-16 16:01:33.965,1932,734602.25
2025-11-16 16:01:33.965,1933,734602.25
2025-11-16 16:01:33.965,1934,777567.38
2025-11-16 16:01:33.965,1935,684112.31
2025-11-16 16:01:33.965,1936,793012.25
2025-11-16 16:01:33.965,1937,762705.19
2025-11-16 16:01:33.965,1938,777567.38
2025-11-16 16:01:33.965,1939,861364.44
2025-11-16 16:01:33.965,1940,734602.25
2025-11-16 16:01:33.965,1941,762705.19
2025-11-16 16:01:33.965,1942,762705.19
2025-11-16 16:01:33.965,1943,762705.19
2025-11-16 16:01:33.965,1944,721303.56
2025-11-16 16:01:33.965,1945,734602.25
2025-11-16 16:01:33.965,1946,762705.19
2025-11-16 16:01:33.965,1947,640033.69
2025-11-16 16:01:33.965,1948,661350.38
2025-11-16 16:01:33.965,1949,734602.25
2025-11-16 16:01:33.965,1950,650520.19
2025-11-16 16:01:33.965,1951,684112.31
2025-11-16 16:01:33.965,1952,861364.44
2025-11-16 16:01:33.965,1953,708471.5
2025-11-16 16:01:33.965,1954,566776.38
2025-11-16 16:01:33.965,1955,777567.38
2025-11-16 16:01:33.965,1956,650520.19
2025-11-16 16:01:33.965,1957,661350.38
2025-11-16 16:01:33.965,1958,721303.56
2025-11-16 16:01:33.965,1959,900097.25
2025-11-16 16:01:33.965,1960,942433.13
2025-11-16 16:01:33.965,1961,942433.13
2025-11-16 16:01:33.965,1962,762705.19
2025-11-16 16:01:33.965,1963,762705.19
2025-11-16 16:01:33.965,1964,661350.38
2025-11-16 16:01:33.965,1965,942433.13
2025-11-16 16:01:33.965,1966,942433.13
2025-11-16 16:01:33.965,1967,942433.13
2025-11-16 16:01:33.965,1968,30835.0
2025-11-16 16:01:33.965,1969,29146.33
2025-11-16 16:01:33.965,1970,29411.68
2025-11-16 16:01:33.965,1971,28996.3
2025-11-16 16:01:33.965,1972,29449.88
2025-11-16 16:01:33.965,1973,29449.88
2025-11-16 16:01:33.965,1974,29411.68
2025-11-16 16:01:33.965,1975,29221.78
2025-11-16 16:01:33.965,1976,29449.88
2025-11-16 16:01:33.965,1977,29108.72
2025-11-16 16:01:33.965,1978,29297.52
2025-11-16 16:01:33.965,1979,28847.41
2025-11-16 16:01:33.965,1980,29033.7
2025-11-16 16:01:33.965,1981,29641.99
2025-11-16 16:01:33.965,1982,30794.08
2025-11-16 16:01:33.965,1983,29297.52
2025-11-16 16:01:33.965,1984,29297.52
2025-11-16 16:01:33.965,1985,27765.84
2025-11-16 16:01:33.965,1986,27836.08
2025-11-16 16:01:33.965,1987,31040.83
2025-11-16 16:01:33.965,1988,32900.21
2025-11-16 16:01:33.965,1989,32720.19
2025-11-16 16:01:33.965,1990,30876.0
2025-11-16 16:01:33.965,1991,33403.16
2025-11-16 16:01:33.965,1992,30794.08
2025-11-16 16:01:33.965,1993,32145.38
2025-11-16 16:01:33.965,1994,34985.13
2025-11-16 16:01:33.965,1995,32990.79
2025-11-16 16:01:33.965,1996,27145.25
2025-11-16 16:01:33.965,1997,34348.4
2025-11-16 16:01:33.965,1998,25461.45
2025-11-16 16:01:33.965,1999,26742.69
2025-11-16 16:01:33.965,2000,45984.59
2025-11-16 16:01:33.965,2001,27730.82
2025-11-16 16:01:33.965,2002,27349.84
2025-11-16 16:01:33.965,2003,32189.05
2025-11-16 16:01:33.965,2004,28480.09
2025-11-16 16:01:33.965,2005,28996.3
2025-11-16 16:01:33.965,2006,31416.58
2025-11-16 16:01:33.965,2007,41526.96
2025-11-16 16:01:33.965,2008,56260.74
2025-11-16 16:01:33.965,2009,59416.6
2025-11-16 16:01:33.965,2010,29449.88
2025-11-16 16:01:33.965,2011,29449.88
2025-11-16 16:01:33.965,2012,57577.48
2025-11-16 16:01:33.965,2013,101179.34
2025-11-16 16:01:33.965,2014,51748.12
2025-11-16 16:01:33.965,2015,51748.12
2025-11-16 16:01:33.965,2016,566776.38
2025-11-16 16:01:33.965,2017,489387.19
2025-11-16 16:01:33.965,2018,550970.88
2025-11-16 16:01:33.965,2019,450099.75
2025-11-16 16:01:33.965,2020,521823.06
2025-11-16 16:01:33.965,2021,536008.31
2025-11-16 16:01:33.965,2022,508356.06
2025-11-16 16:01:33.965,2023,558763.94
2025-11-16 16:01:33.965,2024,508356.06
2025-11-16 16:01:33.965,2025,471757.34
2025-11-16 16:01:33.965,2026,536008.31
2025-11-16 16:01:33.965,2027,521823.06
2025-11-16 16:01:33.965,2028,521823.06
2025-11-16 16:01:33.965,2029,536008.31
2025-11-16 16:01:33.965,2030,521823.06
2025-11-16 16:01:33.965,2031,536008.31
2025-11-16 16:01:33.965,2032,521823.06
2025-11-16 16:01:33.965,2033,508356.06
2025-11-16 16:01:33.965,2034,521823.06
2025-11-16 16:01:33.965,2035,521823.06
2025-11-16 16:01:33.965,2036,521823.06
2025-11-16 16:01:33.965,2037,477494.09
2025-11-16 16:01:33.965,2038,515003.19
2025-11-16 16:01:33.965,2039,543388.5
2025-11-16 16:01:33.965,2040,483368.97
2025-11-16 16:01:33.965,2041,508356.06
2025-11-16 16:01:33.965,2042,521823.06
2025-11-16 16:01:33.965,2043,521823.06
2025-11-16 16:01:33.965,2044,460679.59
2025-11-16 16:01:33.965,2045,521823.06
2025-11-16 16:01:33.965,2046,592227.94
2025-11-16 16:01:33.965,2047,566776.38
2025-11-16 16:01:33.965,2048,471757.34
2025-11-16 16:01:33.965,2049,601218.31
2025-11-16 16:01:33.965,2050,601218.31
2025-11-16 16:01:33.965,2051,650520.19
2025-11-16 16:01:33.965,2052,583498.19
2025-11-16 16:01:33.965,2053,566776.38
2025-11-16 16:01:33.965,2054,566776.38
2025-11-16 16:01:33.965,2055,900097.25
2025-11-16 16:01:33.965,2056,521823.06
2025-11-16 16:01:33.965,2057,748393.56
2025-11-16 16:01:33.965,2058,650520.19
2025-11-16 16:01:33.965,2059,650520.19
2025-11-16 16:01:33.965,2060,358884.03
2025-11-16 16:01:33.965,2061,900097.25
2025-11-16 16:01:33.965,2062,988899.38
2025-11-16 16:01:33.965,2063,988899.38
2025-11-16 16:01:33.965,2064,27384.16
2025-11-16 16:01:33.965,2065,26348.73
2025-11-16 16:01:33.965,2066,25836.37
2025-11-16 16:01:33.965,2067,25492.39
2025-11-16 16:01:33.965,2068,26026.81
2025-11-16 16:01:33.965,2069,25773.33
2025-11-16 16:01:33.965,2070,25963.11
2025-11-16 16:01:33.965,2071,25773.33
2025-11-16 16:01:33.965,2072,25773.33
2025-11-16 16:01:33.965,2073,25994.93
2025-11-16 16:01:33.965,2074,25836.37
2025-11-16 16:01:33.965,2075,26090.74
2025-11-16 16:01:33.965,2076,25710.52
2025-11-16 16:01:33.965,2077,25836.37
2025-11-16 16:01:33.965,2078,26577.51
2025-11-16 16:01:33.965,2079,25836.37
2025-11-16 16:01:33.965,2080,20081.49
2025-11-16 16:01:33.965,2081,20788.21
2025-11-16 16:01:33.965,2082,24324.12
2025-11-16 16:01:33.965,2083,25773.33
2025-11-16 16:01:33.965,2084,28335.09
2025-11-16 16:01:33.965,2085,28119.63
2025-11-16 16:01:33.965,2086,26676.44
2025-11-16 16:01:33.965,2087,28921.71
2025-11-16 16:01:33.965,2088,26942.87
2025-11-16 16:01:33.965,2089,28119.63
2025-11-16 16:01:33.965,2090,31543.36
2025-11-16 16:01:33.965,2091,29071.17
2025-11-16 16:01:33.965,2092,25836.37
2025-11-16 16:01:33.965,2093,30229.68
2025-11-16 16:01:33.965,2094,25963.11
2025-11-16 16:01:33.965,2095,26090.74
2025-11-16 16:01:33.965,2096,42658.5
2025-11-16 16:01:33.965,2097,26090.74
2025-11-16 16:01:33.965,2098,25276.9
2025-11-16 16:01:33.965,2099,28847.41
2025-11-16 16:01:33.965,2100,25679.2
2025-11-16 16:01:33.965,2101,26090.74
2025-11-16 16:01:33.965,2102,28119.63
2025-11-16 16:01:33.965,2103,37669.63
2025-11-16 16:01:33.965,2104,56260.74
2025-11-16 16:01:33.965,2105,53084.88
2025-11-16 16:01:33.965,2106,26643.4
2025-11-16 16:01:33.965,2107,26643.4
2025-11-16 16:01:33.965,2108,51561.75
2025-11-16 16:01:33.965,2109,90021.7
2025-11-16 16:01:33.965,2110,46527.84
2025-11-16 16:01:33.965,2111,46527.84
2025-11-16 16:01:33.965,2112,297844.91
2025-11-16 16:01:33.965,2113,268514.44
2025-11-16 16:01:33.965,2114,284551.28
2025-11-16 16:01:33.965,2115,278325.69
2025-11-16 16:01:33.965,2116,280371.47
2025-11-16 16:01:33.965,2117,286686.59
2025-11-16 16:01:33.965,2118,278325.69
2025-11-16 16:01:33.965,2119,284551.28
2025-11-16 16:01:33.965,2120,278325.69
2025-11-16 16:01:33.965,2121,268514.44
2025-11-16 16:01:33.965,2122,264774.34
2025-11-16 16:01:33.965,2123,233684.53
2025-11-16 16:01:33.965,2124,254133.06
2025-11-16 16:01:33.965,2125,261133.28
2025-11-16 16:01:33.965,2126,268514.44
2025-11-16 16:01:33.965,2127,247485.06
2025-11-16 16:01:33.965,2128,226638.0
2025-11-16 16:01:33.965,2129,250766.73
2025-11-16 16:01:33.965,2130,232241.86
2025-11-16 16:01:33.965,2131,257587.41
2025-11-16 16:01:33.965,2132,259348.69
2025-11-16 16:01:33.965,2133,280371.47
2025-11-16 16:01:33.965,2134,268514.44
2025-11-16 16:01:33.965,2135,257587.41
2025-11-16 16:01:33.965,2136,247485.06
2025-11-16 16:01:33.965,2137,262941.66
2025-11-16 16:01:33.965,2138,264774.34
2025-11-16 16:01:33.965,2139,250766.73
2025-11-16 16:01:33.965,2140,238117.42
2025-11-16 16:01:33.965,2141,266631.75
2025-11-16 16:01:33.965,2142,241163.34
2025-11-16 16:01:33.965,2143,252439.11
2025-11-16 16:01:33.965,2144,183998.22
2025-11-16 16:01:33.965,2145,264774.34
2025-11-16 16:01:33.965,2146,254133.06
2025-11-16 16:01:33.965,2147,282446.44
2025-11-16 16:01:33.965,2148,264774.34
2025-11-16 16:01:33.965,2149,264774.34
2025-11-16 16:01:33.965,2150,293282.41
2025-11-16 16:01:33.965,2151,346048.91
2025-11-16 16:01:33.965,2152,178630.77
2025-11-16 16:01:33.965,2153,455329.53
2025-11-16 16:01:33.965,2154,284551.28
2025-11-16 16:01:33.965,2155,284551.28
2025-11-16 16:01:33.965,2156,471757.34
2025-11-16 16:01:33.965,2157,762705.19
2025-11-16 16:01:33.965,2158,421032.91
2025-11-16 16:01:33.965,2159,421032.91
2025-11-16 16:01:33.965,2160,450099.75
2025-11-16 16:01:33.965,2161,383721.19
2025-11-16 16:01:33.965,2162,339960.47
2025-11-16 16:01:33.965,2163,339960.47
2025-11-16 16:01:33.965,2164,391443.63
2025-11-16 16:01:33.965,2165,403612.41
2025-11-16 16:01:33.965,2166,391443.63
2025-11-16 16:01:33.965,2167,391443.63
2025-11-16 16:01:33.965,2168,383721.19
2025-11-16 16:01:33.965,2169,372678.72
2025-11-16 16:01:33.965,2170,395419.56
2025-11-16 16:01:33.965,2171,403612.41
2025-11-16 16:01:33.965,2172,403612.41
2025-11-16 16:01:33.965,2173,407834.16
2025-11-16 16:01:33.965,2174,421032.91
2025-11-16 16:01:33.965,2175,403612.41
2025-11-16 16:01:33.965,2176,379970.25
2025-11-16 16:01:33.965,2177,383721.19
2025-11-16 16:01:33.965,2178,387544.88
2025-11-16 16:01:33.965,2179,387544.88
2025-11-16 16:01:33.965,2180,369134.25
2025-11-16 16:01:33.965,2181,450099.75
2025-11-16 16:01:33.965,2182,421032.91
2025-11-16 16:01:33.965,2183,395419.56
2025-11-16 16:01:33.965,2184,395419.56
2025-11-16 16:01:33.965,2185,421032.91
2025-11-16 16:01:33.965,2186,435092.38
2025-11-16 16:01:33.965,2187,425619.72
2025-11-16 16:01:33.965,2188,372678.72
2025-11-16 16:01:33.965,2189,403612.41
2025-11-16 16:01:33.965,2190,358884.03
2025-11-16 16:01:33.965,2191,372678.72
2025-11-16 16:01:33.965,2192,218701.81
2025-11-16 16:01:33.965,2193,391443.63
2025-11-16 16:01:33.965,2194,395419.56
2025-11-16 16:01:33.965,2195,430305.09
2025-11-16 16:01:33.965,2196,421032.91
2025-11-16 16:01:33.965,2197,387544.88
2025-11-16 16:01:33.965,2198,471757.34
2025-11-16 16:01:33.965,2199,640033.69
2025-11-16 16:01:33.965,2200,241163.34
2025-11-16 16:01:33.965,2201,708471.5
2025-11-16 16:01:33.965,2202,495554.03
2025-11-16 16:01:33.965,2203,495554.03
2025-11-16 16:01:33.965,2204,708471.5
2025-11-16 16:01:33.965,2205,684112.31
2025-11-16 16:01:33.965,2206,708471.5
2025-11-16 16:01:33.965,2207,708471.5
2025-11-16 16:01:33.965,2208,195704.14
2025-11-16 16:01:33.965,2209,195704.14
2025-11-16 16:01:33.965,2210,195704.14
2025-11-16 16:01:33.965,2211,195704.14
2025-11-16 16:01:33.965,2212,195704.14
2025-11-16 16:01:33.965,2213,195704.14
2025-11-16 16:01:33.965,2214,195704.14
2025-11-16 16:01:33.965,2215,195704.14
2025-11-16 16:01:33.965,2216,195704.14
2025-11-16 16:01:33.965,2217,195704.14
2025-11-16 16:01:33.965,2218,195704.14
2025-11-16 16:01:33.965,2219,195704.14
2025-11-16 16:01:33.965,2220,195704.14
2025-11-16 16:01:33.965,2221,195704.14
2025-11-16 16:01:33.965,2222,195704.14
2025-11-16 16:01:33.965,2223,195704.14
2025-11-16 16:01:33.965,2224,195704.14
2025-11-16 16:01:33.965,2225,195704.14
2025-11-16 16:01:33.965,2226,195704.14
2025-11-16 16:01:33.965,2227,195704.14
2025-11-16 16:01:33.965,2228,195704.14
2025-11-16 16:01:33.965,2229,195704.14
2025-11-16 16:01:33.965,2230,195704.14
2025-11-16 16:01:33.965,2231,195704.14
2025-11-16 16:01:33.965,2232,195704.14
2025-11-16 16:01:33.965,2233,195704.14
2025-11-16 16:01:33.965,2234,195704.14
2025-11-16 16:01:33.965,2235,195704.14
2025-11-16 16:01:33.965,2236,195704.14
2025-11-16 16:01:33.965,2237,195704.14
2025-11-16 16:01:33.965,2238,195704.14
2025-11-16 16:01:33.965,2239,195704.14
2025-11-16 16:01:33.965,2240,195704.14
2025-11-16 16:01:33.965,2241,195704.14
2025-11-16 16:01:33.965,2242,195704.14
2025-11-16 16:01:33.965,2243,195704.14
2025-11-16 16:01:33.965,2244,195704.14
2025-11-16 16:01:33.965,2245,195704.14
2025-11-16 16:01:33.965,2246,195704.14
2025-11-16 16:01:33.965,2247,195704.14
2025-11-16 16:01:33.965,2248,195704.14
2025-11-16 16:01:33.965,2249,195704.14
2025-11-16 16:01:33.965,2250,195704.14
2025-11-16 16:01:33.965,2251,195704.14
2025-11-16 16:01:33.965,2252,195704.14
2025-11-16 16:01:33.965,2253,195704.14
2025-11-16 16:01:33.965,2254,195704.14
2025-11-16 16:01:33.965,2255,195704.14
2025-11-16 16:01:33.965,2256,195704.14
2025-11-16 16:01:33.965,2257,168739.63
2025-11-16 16:01:33.965,2258,182175.47
2025-11-16 16:01:33.965,2259,183998.22
2025-11-16 16:01:33.965,2260,183082.55
2025-11-16 16:01:33.965,2261,180386.63
2025-11-16 16:01:33.965,2262,176056.81
2025-11-16 16:01:33.965,2263,183998.22
2025-11-16 16:01:33.965,2264,180386.63
2025-11-16 16:01:33.965,2265,176906.95
2025-11-16 16:01:33.965,2266,175214.38
2025-11-16 16:01:33.965,2267,176906.95
2025-11-16 16:01:33.965,2268,177764.91
2025-11-16 16:01:33.965,2269,176056.81
2025-11-16 16:01:33.965,2270,179504.63
2025-11-16 16:01:33.965,2271,176056.81
2025-11-16 16:01:33.965,2272,183082.55
2025-11-16 16:01:33.965,2273,166426.73
2025-11-16 16:01:33.965,2274,176906.95
2025-11-16 16:01:33.965,2275,178630.77
2025-11-16 16:01:33.965,2276,197793.8
2025-11-16 16:01:33.965,2277,187749.41
2025-11-16 16:01:33.965,2278,178630.77
2025-11-16 16:01:33.965,2279,189679.88
2025-11-16 16:01:33.965,2280,171919.44
2025-11-16 16:01:33.965,2281,178630.77
2025-11-16 16:01:33.965,2282,193656.09
2025-11-16 16:01:33.965,2283,184922.63
2025-11-16 16:01:33.965,2284,167191.02
2025-11-16 16:01:33.965,2285,187749.41
2025-11-16 16:01:33.965,2286,165668.98
2025-11-16 16:01:33.965,2287,167961.95
2025-11-16 16:01:33.965,2288,112877.99
2025-11-16 16:01:33.965,2289,167191.02
2025-11-16 16:01:33.965,2290,174379.52
2025-11-16 16:01:33.965,2291,189679.88
2025-11-16 16:01:33.965,2292,168739.63
2025-11-16 16:01:33.965,2293,171113.94
2025-11-16 16:01:33.965,2294,176906.95
2025-11-16 16:01:33.965,2295,211280.41
2025-11-16 16:01:33.965,2296,106903.57
2025-11-16 16:01:33.965,2297,284551.28
2025-11-16 16:01:33.965,2298,178630.77
2025-11-16 16:01:33.965,2299,178630.77
2025-11-16 16:01:33.965,2300,46371.55
2025-11-16 16:01:33.965,2301,282446.44
2025-11-16 16:01:33.965,2302,197793.8
2025-11-16 16:01:33.965,2303,197793.8
2025-11-16 16:01:34.232,0,23311.73
2025-11-16 16:01:34.232,1,30229.68
2025-11-16 16:01:34.232,2,32058.32
2025-11-16 16:01:34.232,3,31458.76
2025-11-16 16:01:34.232,4,31416.58
2025-11-16 16:01:34.232,5,32058.32
2025-11-16 16:01:34.232,6,32014.92
2025-11-16 16:01:34.232,7,31971.61
2025-11-16 16:01:34.232,8,32058.32
2025-11-16 16:01:34.232,9,31713.61
2025-11-16 16:01:34.232,10,32276.66
2025-11-16 16:01:34.232,11,32014.92
2025-11-16 16:01:34.232,12,32320.6
2025-11-16 16:01:34.232,13,32145.38
2025-11-16 16:01:34.232,14,34204.0
2025-11-16 16:01:34.232,15,32765.05
2025-11-16 16:01:34.232,16,37893.76
2025-11-16 16:01:34.232,17,35845.82
2025-11-16 16:01:34.232,18,35640.36
2025-11-16 16:01:34.232,19,40505.41
2025-11-16 16:01:34.232,20,36473.41
2025-11-16 16:01:34.232,21,36473.41
2025-11-16 16:01:34.232,22,33495.87
2025-11-16 16:01:34.232,23,36793.67
2025-11-16 16:01:34.232,24,34445.18
2025-11-16 16:01:34.232,25,35234.91
2025-11-16 16:01:34.232,26,39765.37
2025-11-16 16:01:34.232,27,36901.41
2025-11-16 16:01:34.232,28,36157.48
2025-11-16 16:01:34.232,29,37669.63
2025-11-16 16:01:34.232,30,36262.32
2025-11-16 16:01:34.232,31,37447.59
2025-11-16 16:01:34.232,32,61109.78
2025-11-16 16:01:34.232,33,35949.24
2025-11-16 16:01:34.232,34,36526.48
2025-11-16 16:01:34.232,35,38006.61
2025-11-16 16:01:34.232,36,36686.43
2025-11-16 16:01:34.232,37,36793.67
2025-11-16 16:01:34.232,38,39283.93
2025-11-16 16:01:34.232,39,48139.58
2025-11-16 16:01:34.232,40,77209.76
2025-11-16 16:01:34.232,41,61860.94
2025-11-16 16:01:34.232,42,35335.6
2025-11-16 16:01:34.232,43,35335.6
2025-11-16 16:01:34.232,44,46216.13
2025-11-16 16:01:34.232,45,79307.3
2025-11-16 16:01:34.232,46,49758.04
2025-11-16 16:01:34.232,47,49758.04
2025-11-16 16:01:34.232,48,99101.66
2025-11-16 16:01:34.232,49,99982.53
2025-11-16 16:01:34.232,50,99101.66
2025-11-16 16:01:34.232,51,102712.45
2025-11-16 16:01:34.232,52,103969.71
2025-11-16 16:01:34.232,53,102712.45
2025-11-16 16:01:34.232,54,104931.19
2025-11-16 16:01:34.232,55,103337.61
2025-11-16 16:01:34.232,56,101482.63
2025-11-16 16:01:34.232,57,101482.63
2025-11-16 16:01:34.232,58,107238.9
2025-11-16 16:01:34.232,59,102094.18
2025-11-16 16:01:34.232,60,103024.17
2025-11-16 16:01:34.232,61,106903.57
2025-11-16 16:01:34.232,62,110345.59
2025-11-16 16:01:34.232,63,105255.28
2025-11-16 16:01:34.232,64,115519.18
2025-11-16 16:01:34.232,65,108599.64
2025-11-16 16:01:34.232,66,113248.5
2025-11-16 16:01:34.232,67,126864.97
2025-11-16 16:01:34.232,68,114373.48
2025-11-16 16:01:34.232,69,114753.04
2025-11-16 16:01:34.232,70,110700.96
2025-11-16 16:01:34.232,71,112877.99
2025-11-16 16:01:34.232,72,109291.9
2025-11-16 16:01:34.232,73,110345.59
2025-11-16 16:01:34.232,74,119086.36
2025-11-16 16:01:34.232,75,119086.36
2025-11-16 16:01:34.232,76,113621.23
2025-11-16 16:01:34.232,77,118276.26
2025-11-16 16:01:34.232,78,114373.48
2025-11-16 16:01:34.232,79,119086.36
2025-11-16 16:01:34.232,80,164172.88
2025-11-16 16:01:34.232,81,111418.03
2025-11-16 16:01:34.232,82,110700.96
2025-11-16 16:01:34.232,83,114753.04
2025-11-16 16:01:34.232,84,118680.02
2025-11-16 16:01:34.232,85,110345.59
2025-11-16 16:01:34.232,86,114753.04
2025-11-16 16:01:34.232,87,136685.03
2025-11-16 16:01:34.232,88,196743.69
2025-11-16 16:01:34.232,89,176906.95
2025-11-16 16:01:34.232,90,109291.9
2025-11-16 16:01:34.232,91,109291.9
2025-11-16 16:01:34.232,92,97664.48
2025-11-16 16:01:34.232,93,127787.46
2025-11-16 16:01:34.232,94,115134.95
2025-11-16 16:01:34.232,95,115134.95
2025-11-16 16:01:34.232,96,63676.8
2025-11-16 16:01:34.232,97,71306.41
2025-11-16 16:01:34.232,98,67012.48
2025-11-16 16:01:34.232,99,66435.75
2025-11-16 16:01:34.232,100,65586.65
2025-11-16 16:01:34.232,101,67894.05
2025-11-16 16:01:34.232,102,70663.95
2025-11-16 16:01:34.232,103,66292.91
2025-11-16 16:01:34.232,104,71631.49
2025-11-16 16:01:34.232,105,66292.91
2025-11-16 16:01:34.232,106,68192.39
2025-11-16 16:01:34.232,107,67012.48
2025-11-16 16:01:34.232,108,66723.02
2025-11-16 16:01:34.232,109,68342.44
2025-11-16 16:01:34.232,110,70663.95
2025-11-16 16:01:34.232,111,66292.91
2025-11-16 16:01:34.232,112,77772.0
2025-11-16 16:01:34.232,113,75745.02
2025-11-16 16:01:34.232,114,71959.17
2025-11-16 16:01:34.232,115,82335.49
2025-11-16 16:01:34.232,116,72622.48
2025-11-16 16:01:34.232,117,71468.63
2025-11-16 16:01:34.232,118,72958.16
2025-11-16 16:01:34.232,119,75386.48
2025-11-16 16:01:34.232,120,71959.17
2025-11-16 16:01:34.232,121,73296.59
2025-11-16 16:01:34.232,122,77961.02
2025-11-16 16:01:34.232,123,76654.66
2025-11-16 16:01:34.232,124,76654.66
2025-11-16 16:01:34.232,125,78533.01
2025-11-16 16:01:34.232,126,76106.58
2025-11-16 16:01:34.232,127,78341.52
2025-11-16 16:01:34.232,128,119086.36
2025-11-16 16:01:34.232,129,76654.66
2025-11-16 16:01:34.232,130,76471.19
2025-11-16 16:01:34.232,131,80294.42
2025-11-16 16:01:34.232,132,78341.52
2025-11-16 16:01:34.232,133,78341.52
2025-11-16 16:01:34.232,134,80294.42
2025-11-16 16:01:34.232,135,94632.04
2025-11-16 16:01:34.232,136,143283.25
2025-11-16 16:01:34.232,137,113621.23
2025-11-16 16:01:34.232,138,76471.19
2025-11-16 16:01:34.232,139,76471.19
2025-11-16 16:01:34.232,140,84689.81
2025-11-16 16:01:34.232,141,128722.46
2025-11-16 16:01:34.232,142,93048.8
2025-11-16 16:01:34.232,143,93048.8
2025-11-16 16:01:34.232,144,51561.75
2025-11-16 16:01:34.232,145,52697.09
2025-11-16 16:01:34.232,146,50646.52
2025-11-16 16:01:34.232,147,50918.22
2025-11-16 16:01:34.232,148,50918.22
2025-11-16 16:01:34.232,149,51100.71
2025-11-16 16:01:34.232,150,51284.3
2025-11-16 16:01:34.232,151,51561.75
2025-11-16 16:01:34.232,152,50377.22
2025-11-16 16:01:34.232,153,50466.71
2025-11-16 16:01:34.232,154,51748.12
2025-11-16 16:01:34.232,155,51284.3
2025-11-16 16:01:34.232,156,51468.98
2025-11-16 16:01:34.232,157,51654.79
2025-11-16 16:01:34.232,158,53378.87
2025-11-16 16:01:34.232,159,50918.22
2025-11-16 16:01:34.232,160,57914.87
2025-11-16 16:01:34.232,161,54890.87
2025-11-16 16:01:34.232,162,54994.24
2025-11-16 16:01:34.232,163,63148.7
2025-11-16 16:01:34.232,164,56260.74
2025-11-16 16:01:34.232,165,58028.08
2025-11-16 16:01:34.232,166,55201.96
2025-11-16 16:01:34.232,167,57132.8
2025-11-16 16:01:34.232,168,54787.84
2025-11-16 16:01:34.232,169,56153.31
2025-11-16 16:01:34.232,170,61608.8
2025-11-16 16:01:34.232,171,57802.03
2025-11-16 16:01:34.232,172,56912.64
2025-11-16 16:01:34.232,173,59892.09
2025-11-16 16:01:34.232,174,57802.03
2025-11-16 16:01:34.232,175,58255.64
2025-11-16 16:01:34.232,176,86707.14
2025-11-16 16:01:34.232,177,58484.71
2025-11-16 16:01:34.232,178,58484.71
2025-11-16 16:01:34.232,179,60374.14
2025-11-16 16:01:34.232,180,59892.09
2025-11-16 16:01:34.232,181,60132.29
2025-11-16 16:01:34.232,182,63017.86
2025-11-16 16:01:34.232,183,74678.3
2025-11-16 16:01:34.232,184,106570.16
2025-11-16 16:01:34.232,185,92531.65
2025-11-16 16:01:34.232,186,58141.67
2025-11-16 16:01:34.232,187,58141.67
2025-11-16 16:01:34.232,188,66435.75
2025-11-16 16:01:34.232,189,111058.42
2025-11-16 16:01:34.232,190,75745.02
2025-11-16 16:01:34.232,191,75745.02
2025-11-16 16:01:34.232,192,30999.5
2025-11-16 16:01:34.232,193,31290.57
2025-11-16 16:01:34.232,194,30150.32
2025-11-16 16:01:34.232,195,30753.24
2025-11-16 16:01:34.232,196,29992.53
2025-11-16 16:01:34.232,197,30150.32
2025-11-16 16:01:34.232,198,30189.96
2025-11-16 16:01:34.232,199,30031.86
2025-11-16 16:01:34.232,200,29564.92
2025-11-16 16:01:34.232,201,29603.42
2025-11-16 16:01:34.232,202,29992.53
2025-11-16 16:01:34.232,203,30031.86
2025-11-16 16:01:34.232,204,30150.32
2025-11-16 16:01:34.232,205,30309.35
2025-11-16 16:01:34.232,206,36579.68
2025-11-16 16:01:34.232,207,29603.42
2025-11-16 16:01:34.232,208,34935.51
2025-11-16 16:01:34.232,209,33036.22
2025-11-16 16:01:34.232,210,32586.16
2025-11-16 16:01:34.232,211,42320.58
2025-11-16 16:01:34.232,212,33310.84
2025-11-16 16:01:34.232,213,38463.37
2025-11-16 16:01:34.232,214,31040.83
2025-11-16 16:01:34.232,215,32945.45
2025-11-16 16:01:34.232,216,31501.02
2025-11-16 16:01:34.232,217,32014.92
2025-11-16 16:01:34.232,218,41139.08
2025-11-16 16:01:34.232,219,38636.91
2025-11-16 16:01:34.232,220,32945.45
2025-11-16 16:01:34.232,221,39583.74
2025-11-16 16:01:34.232,222,33127.38
2025-11-16 16:01:34.232,223,38463.37
2025-11-16 16:01:34.232,224,63676.8
2025-11-16 16:01:34.232,225,32675.42
2025-11-16 16:01:34.232,226,33403.16
2025-11-16 16:01:34.232,227,39826.22
2025-11-16 16:01:34.232,228,39165.01
2025-11-16 16:01:34.232,229,33776.39
2025-11-16 16:01:34.232,230,41526.96
2025-11-16 16:01:34.232,231,50110.29
2025-11-16 16:01:34.232,232,82335.49
2025-11-16 16:01:34.232,233,64077.9
2025-11-16 16:01:34.232,234,33036.22
2025-11-16 16:01:34.232,235,33036.22
2025-11-16 16:01:34.232,236,50377.22
2025-11-16 16:01:34.232,237,86707.14
2025-11-16 16:01:34.232,238,55727.09
2025-11-16 16:01:34.232,239,55727.09
2025-11-16 16:01:34.232,240,16751.64
2025-11-16 16:01:34.232,241,16911.3
2025-11-16 16:01:34.232,242,15668.45
2025-11-16 16:01:34.232,243,15914.42
2025-11-16 16:01:34.232,244,15523.09
2025-11-16 16:01:34.232,245,15652.22
2025-11-16 16:01:34.232,246,15555.25
2025-11-16 16:01:34.232,247,15619.82
2025-11-16 16:01:34.232,248,15523.09
2025-11-16 16:01:34.232,249,15395.25
2025-11-16 16:01:34.232,250,15523.09
2025-11-16 16:01:34.232,251,15587.49
2025-11-16 16:01:34.232,252,15749.92
2025-11-16 16:01:34.232,253,15619.82
2025-11-16 16:01:34.232,254,16769.29
2025-11-16 16:01:34.232,255,15749.92
2025-11-16 16:01:34.232,256,19069.58
2025-11-16 16:01:34.232,257,17606.89
2025-11-16 16:01:34.232,258,17853.14
2025-11-16 16:01:34.232,259,20952.39
2025-11-16 16:01:34.232,260,18201.42
2025-11-16 16:01:34.232,261,18740.4
2025-11-16 16:01:34.232,262,16611.29
2025-11-16 16:01:34.232,263,18458.39
2025-11-16 16:01:34.232,264,16947.04
2025-11-16 16:01:34.232,265,17420.39
2025-11-16 16:01:34.232,266,20928.83
2025-11-16 16:01:34.232,267,18221.02
2025-11-16 16:01:34.232,268,18123.28
2025-11-16 16:01:34.232,269,19449.01
2025-11-16 16:01:34.232,270,18201.42
2025-11-16 16:01:34.232,271,18438.46
2025-11-16 16:01:34.232,272,33729.39
2025-11-16 16:01:34.232,273,17872.27
2025-11-16 16:01:34.232,274,18240.65
2025-11-16 16:01:34.232,275,19279.16
2025-11-16 16:01:34.232,276,18659.26
2025-11-16 16:01:34.232,277,18740.4
2025-11-16 16:01:34.232,278,20193.28
2025-11-16 16:01:34.232,279,26026.81
2025-11-16 16:01:34.232,280,43840.75
2025-11-16 16:01:34.232,281,35335.6
2025-11-16 16:01:34.232,282,18045.56
2025-11-16 16:01:34.232,283,18045.56
2025-11-16 16:01:34.232,284,32855.06
2025-11-16 16:01:34.232,285,55621.39
2025-11-16 16:01:34.232,286,31628.31
2025-11-16 16:01:34.232,287,31628.31
2025-11-16 16:01:34.232,288,14896.38
2025-11-16 16:01:34.232,289,15034.71
2025-11-16 16:01:34.232,290,13758.38
2025-11-16 16:01:34.232,291,14154.79
2025-11-16 16:01:34.232,292,13647.49
2025-11-16 16:01:34.232,293,13814.22
2025-11-16 16:01:34.232,294,13688.95
2025-11-16 16:01:34.232,295,13814.22
2025-11-16 16:01:34.232,296,13758.38
2025-11-16 16:01:34.232,297,13702.81
2025-11-16 16:01:34.232,298,13842.23
2025-11-16 16:01:34.232,299,13730.56
2025-11-16 16:01:34.232,300,13856.26
2025-11-16 16:01:34.232,301,13730.56
2025-11-16 16:01:34.232,302,14835.39
2025-11-16 16:01:34.232,303,13926.67
2025-11-16 16:01:34.232,304,17163.47
2025-11-16 16:01:34.232,305,15815.47
2025-11-16 16:01:34.232,306,16014.12
2025-11-16 16:01:34.232,307,18740.4
2025-11-16 16:01:34.232,308,16386.33
2025-11-16 16:01:34.232,309,16893.47
2025-11-16 16:01:34.232,310,14805.01
2025-11-16 16:01:34.232,311,16593.85
2025-11-16 16:01:34.232,312,15127.77
2025-11-16 16:01:34.232,313,15619.82
2025-11-16 16:01:34.232,314,18986.58
2025-11-16 16:01:34.232,315,16420.69
2025-11-16 16:01:34.232,316,16232.79
2025-11-16 16:01:34.232,317,17588.13
2025-11-16 16:01:34.232,318,16131.41
2025-11-16 16:01:34.232,319,16455.14
2025-11-16 16:01:34.232,320,31885.26
2025-11-16 16:01:34.232,321,15881.35
2025-11-16 16:01:34.232,322,16403.5
2025-11-16 16:01:34.232,323,17054.83
2025-11-16 16:01:34.232,324,16628.76
2025-11-16 16:01:34.232,325,16875.66
2025-11-16 16:01:34.232,326,18221.02
2025-11-16 16:01:34.232,327,23642.52
2025-11-16 16:01:34.232,328,41526.96
2025-11-16 16:01:34.232,329,32586.16
2025-11-16 16:01:34.232,330,16131.41
2025-11-16 16:01:34.232,331,16131.41
2025-11-16 16:01:34.232,332,28119.63
2025-11-16 16:01:34.232,333,56046.25
2025-11-16 16:01:34.232,334,29449.88
2025-11-16 16:01:34.232,335,29449.88
2025-11-16 16:01:34.232,336,14372.61
2025-11-16 16:01:34.232,337,14729.37
2025-11-16 16:01:34.232,338,13307.49
2025-11-16 16:01:34.232,339,13702.81
2025-11-16 16:01:34.232,340,13227.34
2025-11-16 16:01:34.232,341,13401.71
2025-11-16 16:01:34.232,342,13240.66
2025-11-16 16:01:34.232,343,13240.66
2025-11-16 16:01:34.232,344,13240.66
2025-11-16 16:01:34.232,345,13227.34
2025-11-16 16:01:34.232,346,13294.1
2025-11-16 16:01:34.232,347,13267.35
2025-11-16 16:01:34.232,348,13187.46
2025-11-16 16:01:34.232,349,13214.03
2025-11-16 16:01:34.232,350,14270.47
2025-11-16 16:01:34.232,351,13267.35
2025-11-16 16:01:34.232,352,16698.84
2025-11-16 16:01:34.232,353,15268.68
2025-11-16 16:01:34.232,354,15491.01
2025-11-16 16:01:34.232,355,18181.84
2025-11-16 16:01:34.232,356,15947.57
2025-11-16 16:01:34.232,357,16182.0
2025-11-16 16:01:34.232,358,14183.61
2025-11-16 16:01:34.232,359,16014.12
2025-11-16 16:01:34.232,360,14328.73
2025-11-16 16:01:34.232,361,14865.85
2025-11-16 16:01:34.232,362,18221.02
2025-11-16 16:01:34.232,363,15603.64
2025-11-16 16:01:34.232,364,15603.64
2025-11-16 16:01:34.232,365,16734.02
2025-11-16 16:01:34.232,366,15636.01
2025-11-16 16:01:34.232,367,15815.47
2025-11-16 16:01:34.232,368,30550.28
2025-11-16 16:01:34.232,369,15300.2
2025-11-16 16:01:34.232,370,15749.92
2025-11-16 16:01:34.232,371,16352.05
2025-11-16 16:01:34.232,372,15947.57
2025-11-16 16:01:34.232,373,16114.59
2025-11-16 16:01:34.232,374,17346.5
2025-11-16 16:01:34.232,375,22643.0
2025-11-16 16:01:34.232,376,40256.3
2025-11-16 16:01:34.232,377,31458.76
2025-11-16 16:01:34.232,378,15363.49
2025-11-16 16:01:34.232,379,15363.49
2025-11-16 16:01:34.232,380,26219.28
2025-11-16 16:01:34.232,381,53378.87
2025-11-16 16:01:34.232,382,27836.08
2025-11-16 16:01:34.232,383,27836.08
2025-11-16 16:01:34.232,384,14226.96
2025-11-16 16:01:34.232,385,14387.27
2025-11-16 16:01:34.232,386,13055.53
2025-11-16 16:01:34.232,387,13415.23
2025-11-16 16:01:34.232,388,13016.24
2025-11-16 16:01:34.232,389,13055.53
2025-11-16 16:01:34.232,390,13055.53
2025-11-16 16:01:34.232,391,13187.46
2025-11-16 16:01:34.232,392,13055.53
2025-11-16 16:01:34.232,393,13029.33
2025-11-16 16:01:34.232,394,13174.2
2025-11-16 16:01:34.232,395,13042.42
2025-11-16 16:01:34.232,396,13200.74
2025-11-16 16:01:34.232,397,13081.8
2025-11-16 16:01:34.232,398,14212.49
2025-11-16 16:01:34.232,399,13214.03
2025-11-16 16:01:34.232,400,16249.76
2025-11-16 16:01:34.232,401,15081.15
2025-11-16 16:01:34.232,402,15395.25
2025-11-16 16:01:34.232,403,17910.59
2025-11-16 16:01:34.232,404,16014.12
2025-11-16 16:01:34.232,405,16369.18
2025-11-16 16:01:34.232,406,14212.49
2025-11-16 16:01:34.232,407,15947.57
2025-11-16 16:01:34.232,408,14564.57
2025-11-16 16:01:34.232,409,15158.95
2025-11-16 16:01:34.232,410,18418.55
2025-11-16 16:01:34.232,411,15749.92
2025-11-16 16:01:34.232,412,15555.25
2025-11-16 16:01:34.232,413,16786.96
2025-11-16 16:01:34.232,414,15491.01
2025-11-16 16:01:34.232,415,15619.82
2025-11-16 16:01:34.232,416,30469.65
2025-11-16 16:01:34.232,417,15268.68
2025-11-16 16:01:34.232,418,15684.7
2025-11-16 16:01:34.232,419,16455.14
2025-11-16 16:01:34.232,420,15897.87
2025-11-16 16:01:34.232,421,16047.52
2025-11-16 16:01:34.232,422,17438.93
2025-11-16 16:01:34.232,423,23040.99
2025-11-16 16:01:34.232,424,41397.01
2025-11-16 16:01:34.232,425,34542.39
2025-11-16 16:01:34.232,426,15315.99
2025-11-16 16:01:34.232,427,15315.99
2025-11-16 16:01:34.232,428,25804.82
2025-11-16 16:01:34.232,429,54176.42
2025-11-16 16:01:34.232,430,28407.46
2025-11-16 16:01:34.232,431,28407.46
2025-11-16 16:01:34.232,432,14054.46
2025-11-16 16:01:34.232,433,14140.4
2025-11-16 16:01:34.232,434,13029.33
2025-11-16 16:01:34.232,435,13374.71
2025-11-16 16:01:34.232,436,13042.42
2025-11-16 16:01:34.232,437,13081.8
2025-11-16 16:01:34.232,438,13029.33
2025-11-16 16:01:34.232,439,13081.8
2025-11-16 16:01:34.232,440,13029.33
2025-11-16 16:01:34.232,441,12977.09
2025-11-16 16:01:34.232,442,13081.8
2025-11-16 16:01:34.232,443,13055.53
2025-11-16 16:01:34.232,444,13121.31
2025-11-16 16:01:34.232,445,13108.13
2025-11-16 16:01:34.232,446,14270.47
2025-11-16 16:01:34.232,447,13401.71
2025-11-16 16:01:34.232,448,16420.69
2025-11-16 16:01:34.232,449,15112.21
2025-11-16 16:01:34.232,450,15331.81
2025-11-16 16:01:34.232,451,18045.56
2025-11-16 16:01:34.232,452,16097.79
2025-11-16 16:01:34.232,453,16386.33
2025-11-16 16:01:34.232,454,14097.35
2025-11-16 16:01:34.232,455,16014.12
2025-11-16 16:01:34.232,456,14505.19
2025-11-16 16:01:34.232,457,15174.57
2025-11-16 16:01:34.232,458,18458.39
2025-11-16 16:01:34.232,459,15799.05
2025-11-16 16:01:34.232,460,15587.49
2025-11-16 16:01:34.232,461,16840.11
2025-11-16 16:01:34.232,462,15587.49
2025-11-16 16:01:34.232,463,15652.22
2025-11-16 16:01:34.232,464,30794.08
2025-11-16 16:01:34.232,465,15143.35
2025-11-16 16:01:34.232,466,15684.7
2025-11-16 16:01:34.232,467,16386.33
2025-11-16 16:01:34.232,468,15864.85
2025-11-16 16:01:34.232,469,16014.12
2025-11-16 16:01:34.232,470,17328.08
2025-11-16 16:01:34.232,471,22933.92
2025-11-16 16:01:34.232,472,40318.35
2025-11-16 16:01:34.232,473,34348.4
2025-11-16 16:01:34.232,474,15174.57
2025-11-16 16:01:34.232,475,15174.57
2025-11-16 16:01:34.232,476,25804.82
2025-11-16 16:01:34.232,477,53280.57
2025-11-16 16:01:34.232,478,28810.36
2025-11-16 16:01:34.232,479,28810.36
2025-11-16 16:01:34.232,480,14097.35
2025-11-16 16:01:34.232,481,14183.61
2025-11-16 16:01:34.232,482,12951.06
2025-11-16 16:01:34.232,483,13320.91
2025-11-16 16:01:34.232,484,13029.33
2025-11-16 16:01:34.232,485,13068.66
2025-11-16 16:01:34.232,486,12990.12
2025-11-16 16:01:34.232,487,13055.53
2025-11-16 16:01:34.232,488,13003.18
2025-11-16 16:01:34.232,489,13029.33
2025-11-16 16:01:34.232,490,13003.18
2025-11-16 16:01:34.232,491,13081.8
2025-11-16 16:01:34.232,492,13160.96
2025-11-16 16:01:34.232,493,13003.18
2025-11-16 16:01:34.232,494,14126.04
2025-11-16 16:01:34.232,495,13094.96
2025-11-16 16:01:34.232,496,16198.91
2025-11-16 16:01:34.232,497,15003.83
2025-11-16 16:01:34.232,498,15252.94
2025-11-16 16:01:34.232,499,17795.93
2025-11-16 16:01:34.232,500,15881.35
2025-11-16 16:01:34.232,501,16182.0
2025-11-16 16:01:34.232,502,13983.3
2025-11-16 16:01:34.232,503,15831.91
2025-11-16 16:01:34.232,504,14357.96
2025-11-16 16:01:34.232,505,14988.43
2025-11-16 16:01:34.232,506,18339.21
2025-11-16 16:01:34.232,507,15766.28
2025-11-16 16:01:34.232,508,15331.81
2025-11-16 16:01:34.232,509,16611.29
2025-11-16 16:01:34.232,510,15300.2
2025-11-16 16:01:34.232,511,15491.01
2025-11-16 16:01:34.232,512,30389.34
2025-11-16 16:01:34.232,513,15143.35
2025-11-16 16:01:34.232,514,15507.04
2025-11-16 16:01:34.232,515,16249.76
2025-11-16 16:01:34.232,516,15782.65
2025-11-16 16:01:34.232,517,15848.37
2025-11-16 16:01:34.232,518,17272.99
2025-11-16 16:01:34.232,519,22616.81
2025-11-16 16:01:34.232,520,39523.48
2025-11-16 16:01:34.232,521,34060.55
2025-11-16 16:01:34.232,522,15143.35
2025-11-16 16:01:34.232,523,15143.35
2025-11-16 16:01:34.232,524,25124.57
2025-11-16 16:01:34.232,525,53280.57
2025-11-16 16:01:34.232,526,27800.93
2025-11-16 16:01:34.232,527,27800.93
2025-11-16 16:01:34.232,528,13926.67
2025-11-16 16:01:34.232,529,13954.95
2025-11-16 16:01:34.232,530,13003.18
2025-11-16 16:01:34.232,531,13294.1
2025-11-16 16:01:34.232,532,12834.64
2025-11-16 16:01:34.232,533,13081.8
2025-11-16 16:01:34.232,534,12951.06
2025-11-16 16:01:34.232,535,12899.17
2025-11-16 16:01:34.232,536,13003.18
2025-11-16 16:01:34.232,537,12977.09
2025-11-16 16:01:34.232,538,12990.12
2025-11-16 16:01:34.232,539,12951.06
2025-11-16 16:01:34.232,540,13160.96
2025-11-16 16:01:34.232,541,13042.42
2025-11-16 16:01:34.232,542,14126.04
2025-11-16 16:01:34.232,543,13094.96
2025-11-16 16:01:34.232,544,16215.84
2025-11-16 16:01:34.232,545,15081.15
2025-11-16 16:01:34.232,546,15300.2
2025-11-16 16:01:34.232,547,17834.04
2025-11-16 16:01:34.232,548,15684.7
2025-11-16 16:01:34.232,549,16215.84
2025-11-16 16:01:34.232,550,14068.74
2025-11-16 16:01:34.232,551,15914.42
2025-11-16 16:01:34.232,552,14416.64
2025-11-16 16:01:34.232,553,15050.17
2025-11-16 16:01:34.232,554,18201.42
2025-11-16 16:01:34.232,555,15684.7
2025-11-16 16:01:34.232,556,15427.09
2025-11-16 16:01:34.232,557,16769.29
2025-11-16 16:01:34.232,558,15363.49
2025-11-16 16:01:34.232,559,15571.36
2025-11-16 16:01:34.232,560,30550.28
2025-11-16 16:01:34.232,561,15190.2
2025-11-16 16:01:34.232,562,15491.01
2025-11-16 16:01:34.232,563,16249.76
2025-11-16 16:01:34.232,564,15881.35
2025-11-16 16:01:34.232,565,15914.42
2025-11-16 16:01:34.232,566,17457.49
2025-11-16 16:01:34.232,567,22827.54
2025-11-16 16:01:34.232,568,40442.9
2025-11-16 16:01:34.232,569,34348.4
2025-11-16 16:01:34.232,570,15331.81
2025-11-16 16:01:34.232,571,15331.81
2025-11-16 16:01:34.232,572,25523.39
2025-11-16 16:01:34.232,573,53378.87
2025-11-16 16:01:34.232,574,28335.09
2025-11-16 16:01:34.232,575,28335.09
2025-11-16 16:01:34.232,576,14126.04
2025-11-16 16:01:34.232,577,14299.57
2025-11-16 16:01:34.232,578,13187.46
2025-11-16 16:01:34.232,579,13510.31
2025-11-16 16:01:34.232,580,13055.53
2025-11-16 16:01:34.232,581,13240.66
2025-11-16 16:01:34.232,582,13094.96
2025-11-16 16:01:34.232,583,13160.96
2025-11-16 16:01:34.232,584,13055.53
2025-11-16 16:01:34.232,585,13081.8
2025-11-16 16:01:34.232,586,13200.74
2025-11-16 16:01:34.232,587,13055.53
2025-11-16 16:01:34.232,588,13214.03
2025-11-16 16:01:34.232,589,13081.8
2025-11-16 16:01:34.232,590,14285.01
2025-11-16 16:01:34.232,591,13294.1
2025-11-16 16:01:34.232,592,16249.76
2025-11-16 16:01:34.232,593,15158.95
2025-11-16 16:01:34.232,594,15347.64
2025-11-16 16:01:34.232,595,18026.2
2025-11-16 16:01:34.232,596,15881.35
2025-11-16 16:01:34.232,597,16420.69
2025-11-16 16:01:34.232,598,14025.94
2025-11-16 16:01:34.232,599,15897.87
2025-11-16 16:01:34.232,600,14534.84
2025-11-16 16:01:34.232,601,15174.57
2025-11-16 16:01:34.232,602,18260.31
2025-11-16 16:01:34.232,603,15930.98
2025-11-16 16:01:34.232,604,15603.64
2025-11-16 16:01:34.232,605,16716.42
2025-11-16 16:01:34.232,606,15363.49
2025-11-16 16:01:34.232,607,15523.09
2025-11-16 16:01:34.232,608,31206.99
2025-11-16 16:01:34.232,609,15158.95
2025-11-16 16:01:34.232,610,15395.25
2025-11-16 16:01:34.232,611,16386.33
2025-11-16 16:01:34.232,612,16114.59
2025-11-16 16:01:34.232,613,16114.59
2025-11-16 16:01:34.232,614,17494.69
2025-11-16 16:01:34.232,615,22774.6
2025-11-16 16:01:34.232,616,40883.72
2025-11-16 16:01:34.232,617,34935.51
2025-11-16 16:01:34.232,618,15379.36
2025-11-16 16:01:34.232,619,15379.36
2025-11-16 16:01:34.232,620,26154.89
2025-11-16 16:01:34.232,621,52987.48
2025-11-16 16:01:34.232,622,28699.64
2025-11-16 16:01:34.232,623,28699.64
2025-11-16 16:01:34.232,624,14183.61
2025-11-16 16:01:34.232,625,14416.64
2025-11-16 16:01:34.232,626,13214.03
2025-11-16 16:01:34.232,627,13592.43
2025-11-16 16:01:34.232,628,13081.8
2025-11-16 16:01:34.232,629,13267.35
2025-11-16 16:01:34.232,630,13094.96
2025-11-16 16:01:34.232,631,13200.74
2025-11-16 16:01:34.232,632,13200.74
2025-11-16 16:01:34.232,633,13174.2
2025-11-16 16:01:34.232,634,13294.1
2025-11-16 16:01:34.232,635,13055.53
2025-11-16 16:01:34.232,636,13280.71
2025-11-16 16:01:34.232,637,13214.03
2025-11-16 16:01:34.232,638,14328.73
2025-11-16 16:01:34.232,639,13108.13
2025-11-16 16:01:34.232,640,16455.14
2025-11-16 16:01:34.232,641,15268.68
2025-11-16 16:01:34.232,642,15411.16
2025-11-16 16:01:34.232,643,18181.84
2025-11-16 16:01:34.232,644,16114.59
2025-11-16 16:01:34.232,645,16437.9
2025-11-16 16:01:34.232,646,14154.79
2025-11-16 16:01:34.232,647,16014.12
2025-11-16 16:01:34.232,648,14609.3
2025-11-16 16:01:34.232,649,15174.57
2025-11-16 16:01:34.232,650,18378.83
2025-11-16 16:01:34.232,651,15914.42
2025-11-16 16:01:34.232,652,15619.82
2025-11-16 16:01:34.232,653,16911.3
2025-11-16 16:01:34.232,654,15523.09
2025-11-16 16:01:34.232,655,15848.37
2025-11-16 16:01:34.232,656,30631.22
2025-11-16 16:01:34.232,657,15331.81
2025-11-16 16:01:34.232,658,15652.22
2025-11-16 16:01:34.232,659,16663.75
2025-11-16 16:01:34.232,660,16064.26
2025-11-16 16:01:34.232,661,16148.25
2025-11-16 16:01:34.232,662,17531.99
2025-11-16 16:01:34.232,663,22987.37
2025-11-16 16:01:34.232,664,40505.41
2025-11-16 16:01:34.232,665,35234.91
2025-11-16 16:01:34.232,666,965113.19
2025-11-16 16:01:34.232,667,15427.09
2025-11-16 16:01:34.232,668,25836.37
2025-11-16 16:01:34.232,669,53182.58
2025-11-16 16:01:34.232,670,28699.64
2025-11-16 16:01:34.232,671,28699.64
2025-11-16 16:01:34.232,672,14040.19
2025-11-16 16:01:34.232,673,14154.79
2025-11-16 16:01:34.232,674,13108.13
2025-11-16 16:01:34.232,675,13334.34
2025-11-16 16:01:34.232,676,13081.8
2025-11-16 16:01:34.232,677,13108.13
2025-11-16 16:01:34.232,678,13055.53
2025-11-16 16:01:34.232,679,13240.66
2025-11-16 16:01:34.232,680,13081.8
2025-11-16 16:01:34.232,681,13094.96
2025-11-16 16:01:34.232,682,13240.66
2025-11-16 16:01:34.232,683,13214.03
2025-11-16 16:01:34.232,684,13280.71
2025-11-16 16:01:34.232,685,13108.13
2025-11-16 16:01:34.232,686,14314.14
2025-11-16 16:01:34.232,687,13294.1
2025-11-16 16:01:34.232,688,16283.77
2025-11-16 16:01:34.232,689,15019.26
2025-11-16 16:01:34.232,690,15411.16
2025-11-16 16:01:34.232,691,17910.59
2025-11-16 16:01:34.232,692,16047.52
2025-11-16 16:01:34.232,693,16386.33
2025-11-16 16:01:34.232,694,14140.4
2025-11-16 16:01:34.232,695,16047.52
2025-11-16 16:01:34.232,696,14564.57
2025-11-16 16:01:34.232,697,15300.2
2025-11-16 16:01:34.232,698,18518.36
2025-11-16 16:01:34.232,699,15881.35
2025-11-16 16:01:34.232,700,15603.64
2025-11-16 16:01:34.232,701,16875.66
2025-11-16 16:01:34.232,702,15603.64
2025-11-16 16:01:34.232,703,15684.7
2025-11-16 16:01:34.232,704,30712.49
2025-11-16 16:01:34.232,705,15491.01
2025-11-16 16:01:34.232,706,15749.92
2025-11-16 16:01:34.232,707,16628.76
2025-11-16 16:01:34.232,708,15930.98
2025-11-16 16:01:34.232,709,16182.0
2025-11-16 16:01:34.232,710,17346.5
2025-11-16 16:01:34.232,711,23094.79
2025-11-16 16:01:34.232,712,41592.18
2025-11-16 16:01:34.232,713,36473.41
2025-11-16 16:01:34.232,714,15507.04
2025-11-16 16:01:34.232,715,15507.04
2025-11-16 16:01:34.232,716,25963.11
2025-11-16 16:01:34.232,717,53975.16
2025-11-16 16:01:34.232,718,28736.48
2025-11-16 16:01:34.232,719,28736.48
2025-11-16 16:01:34.232,720,14126.04
2025-11-16 16:01:34.232,721,14387.27
2025-11-16 16:01:34.232,722,13280.71
2025-11-16 16:01:34.232,723,13675.12
2025-11-16 16:01:34.232,724,13254.0
2025-11-16 16:01:34.232,725,13388.2
2025-11-16 16:01:34.232,726,13294.1
2025-11-16 16:01:34.232,727,13347.78
2025-11-16 16:01:34.232,728,13347.78
2025-11-16 16:01:34.232,729,13294.1
2025-11-16 16:01:34.232,730,13320.91
2025-11-16 16:01:34.232,731,13374.71
2025-11-16 16:01:34.232,732,13483.07
2025-11-16 16:01:34.232,733,13347.78
2025-11-16 16:01:34.232,734,14564.57
2025-11-16 16:01:34.232,735,13510.31
2025-11-16 16:01:34.232,736,16628.76
2025-11-16 16:01:34.232,737,15331.81
2025-11-16 16:01:34.232,738,15619.82
2025-11-16 16:01:34.232,739,18339.21
2025-11-16 16:01:34.232,740,16232.79
2025-11-16 16:01:34.232,741,16734.02
2025-11-16 16:01:34.232,742,14299.57
2025-11-16 16:01:34.232,743,16131.41
2025-11-16 16:01:34.232,744,14881.11
2025-11-16 16:01:34.232,745,15395.25
2025-11-16 16:01:34.232,746,19069.58
2025-11-16 16:01:34.232,747,16182.0
2025-11-16 16:01:34.232,748,15881.35
2025-11-16 16:01:34.232,749,17127.16
2025-11-16 16:01:34.232,750,15881.35
2025-11-16 16:01:34.232,751,16047.52
2025-11-16 16:01:34.232,752,31290.57
2025-11-16 16:01:34.232,753,15652.22
2025-11-16 16:01:34.232,754,16064.26
2025-11-16 16:01:34.232,755,16911.3
2025-11-16 16:01:34.232,756,16334.95
2025-11-16 16:01:34.232,757,16352.05
2025-11-16 16:01:34.232,758,17853.14
2025-11-16 16:01:34.232,759,23421.27
2025-11-16 16:01:34.232,760,42794.9
2025-11-16 16:01:34.232,761,37009.64
2025-11-16 16:01:34.232,762,15700.98
2025-11-16 16:01:34.232,763,15700.98
2025-11-16 16:01:34.232,764,26676.44
2025-11-16 16:01:34.232,765,48810.25
2025-11-16 16:01:34.232,766,29146.33
2025-11-16 16:01:34.232,767,29146.33
2025-11-16 16:01:34.232,768,14654.19
2025-11-16 16:01:34.232,769,14926.99
2025-11-16 16:01:34.232,770,13702.81
2025-11-16 16:01:34.232,771,14183.61
2025-11-16 16:01:34.232,772,13455.89
2025-11-16 16:01:34.232,773,13675.12
2025-11-16 16:01:34.232,774,13688.95
2025-11-16 16:01:34.232,775,13758.38
2025-11-16 16:01:34.232,776,13730.56
2025-11-16 16:01:34.232,777,13606.17
2025-11-16 16:01:34.232,778,13702.81
2025-11-16 16:01:34.232,779,13730.56
2025-11-16 16:01:34.232,780,13842.23
2025-11-16 16:01:34.232,781,13592.43
2025-11-16 16:01:34.232,782,14759.57
2025-11-16 16:01:34.232,783,13842.23
2025-11-16 16:01:34.232,784,16893.47
2025-11-16 16:01:34.232,785,15749.92
2025-11-16 16:01:34.232,786,16014.12
2025-11-16 16:01:34.232,787,18438.46
2025-11-16 16:01:34.232,788,16663.75
2025-11-16 16:01:34.232,789,17018.8
2025-11-16 16:01:34.232,790,14624.25
2025-11-16 16:01:34.232,791,16663.75
2025-11-16 16:01:34.232,792,14896.38
2025-11-16 16:01:34.232,793,15619.82
2025-11-16 16:01:34.232,794,18822.0
2025-11-16 16:01:34.232,795,16352.05
2025-11-16 16:01:34.232,796,16014.12
2025-11-16 16:01:34.232,797,17272.99
2025-11-16 16:01:34.232,798,16047.52
2025-11-16 16:01:34.232,799,16131.41
2025-11-16 16:01:34.232,800,31458.76
2025-11-16 16:01:34.232,801,15782.65
2025-11-16 16:01:34.232,802,16131.41
2025-11-16 16:01:34.232,803,17163.47
2025-11-16 16:01:34.232,804,16352.05
2025-11-16 16:01:34.232,805,16182.0
2025-11-16 16:01:34.232,806,17853.14
2025-11-16 16:01:34.232,807,23393.82
2025-11-16 16:01:34.232,808,43557.83
2025-11-16 16:01:34.232,809,37118.37
2025-11-16 16:01:34.232,810,16014.12
2025-11-16 16:01:34.232,811,16014.12
2025-11-16 16:01:34.232,812,26610.43
2025-11-16 16:01:34.232,813,50466.71
2025-11-16 16:01:34.232,814,29526.5
2025-11-16 16:01:34.232,815,29526.5
2025-11-16 16:01:34.232,816,14654.19
2025-11-16 16:01:34.232,817,14896.38
2025-11-16 16:01:34.232,818,13675.12
2025-11-16 16:01:34.232,819,13926.67
2025-11-16 16:01:34.232,820,13606.17
2025-11-16 16:01:34.232,821,13702.81
2025-11-16 16:01:34.232,822,13619.93
2025-11-16 16:01:34.232,823,13428.77
2025-11-16 16:01:34.232,824,13606.17
2025-11-16 16:01:34.232,825,13483.07
2025-11-16 16:01:34.232,826,13647.49
2025-11-16 16:01:34.232,827,13675.12
2025-11-16 16:01:34.232,828,13828.22
2025-11-16 16:01:34.232,829,13483.07
2025-11-16 16:01:34.232,830,14624.25
2025-11-16 16:01:34.232,831,13702.81
2025-11-16 16:01:34.232,832,16875.66
2025-11-16 16:01:34.232,833,15555.25
2025-11-16 16:01:34.232,834,15652.22
2025-11-16 16:01:34.232,835,18498.34
2025-11-16 16:01:34.232,836,16352.05
2025-11-16 16:01:34.232,837,16593.85
2025-11-16 16:01:34.232,838,14328.73
2025-11-16 16:01:34.232,839,16317.87
2025-11-16 16:01:34.232,840,15019.26
2025-11-16 16:01:34.232,841,15523.09
2025-11-16 16:01:34.232,842,19069.58
2025-11-16 16:01:34.232,843,16352.05
2025-11-16 16:01:34.232,844,16014.12
2025-11-16 16:01:34.232,845,17272.99
2025-11-16 16:01:34.232,846,15947.57
2025-11-16 16:01:34.232,847,16148.25
2025-11-16 16:01:34.232,848,31501.02
2025-11-16 16:01:34.232,849,15799.05
2025-11-16 16:01:34.232,850,16215.84
2025-11-16 16:01:34.232,851,17163.47
2025-11-16 16:01:34.232,852,16628.76
2025-11-16 16:01:34.232,853,16611.29
2025-11-16 16:01:34.232,854,17834.04
2025-11-16 16:01:34.232,855,23923.21
2025-11-16 16:01:34.232,856,43347.59
2025-11-16 16:01:34.232,857,37118.37
2025-11-16 16:01:34.232,858,15914.42
2025-11-16 16:01:34.232,859,15914.42
2025-11-16 16:01:34.232,860,26544.65
2025-11-16 16:01:34.232,861,50466.71
2025-11-16 16:01:34.232,862,29641.99
2025-11-16 16:01:34.232,863,29641.99
2025-11-16 16:01:34.232,864,15003.83
2025-11-16 16:01:34.232,865,15268.68
2025-11-16 16:01:34.232,866,14040.19
2025-11-16 16:01:34.232,867,14357.96
2025-11-16 16:01:34.232,868,14040.19
2025-11-16 16:01:34.232,869,14068.74
2025-11-16 16:01:34.232,870,13912.56
2025-11-16 16:01:34.232,871,14068.74
2025-11-16 16:01:34.232,872,13969.12
2025-11-16 16:01:34.232,873,13926.67
2025-11-16 16:01:34.232,874,14097.35
2025-11-16 16:01:34.232,875,14040.19
2025-11-16 16:01:34.232,876,14198.04
2025-11-16 16:01:34.232,877,13969.12
2025-11-16 16:01:34.232,878,15096.68
2025-11-16 16:01:34.232,879,14126.04
2025-11-16 16:01:34.232,880,17272.99
2025-11-16 16:01:34.232,881,15947.57
2025-11-16 16:01:34.232,882,16455.14
2025-11-16 16:01:34.232,883,19111.26
2025-11-16 16:01:34.232,884,16455.14
2025-11-16 16:01:34.232,885,17309.7
2025-11-16 16:01:34.232,886,15050.17
2025-11-16 16:01:34.232,887,17090.95
2025-11-16 16:01:34.232,888,15395.25
2025-11-16 16:01:34.232,889,16114.59
2025-11-16 16:01:34.232,890,19556.16
2025-11-16 16:01:34.232,891,16964.95
2025-11-16 16:01:34.232,892,16628.76
2025-11-16 16:01:34.232,893,17795.93
2025-11-16 16:01:34.232,894,16611.29
2025-11-16 16:01:34.232,895,16681.28
2025-11-16 16:01:34.232,896,32232.81
2025-11-16 16:01:34.232,897,16352.05
2025-11-16 16:01:34.232,898,16964.95
2025-11-16 16:01:34.232,899,17757.91
2025-11-16 16:01:34.232,900,17218.13
2025-11-16 16:01:34.232,901,17383.4
2025-11-16 16:01:34.232,902,18699.77
2025-11-16 16:01:34.232,903,24704.93
2025-11-16 16:01:34.232,904,44415.61
2025-11-16 16:01:34.232,905,32765.05
2025-11-16 16:01:34.232,906,16628.76
2025-11-16 16:01:34.232,907,16628.76
2025-11-16 16:01:34.232,908,27591.39
2025-11-16 16:01:34.232,909,51654.79
2025-11-16 16:01:34.232,910,31206.99
2025-11-16 16:01:34.232,911,31206.99
2025-11-16 16:01:34.232,912,16769.29
2025-11-16 16:01:34.232,913,17199.88
2025-11-16 16:01:34.232,914,15782.65
2025-11-16 16:01:34.232,915,16097.79
2025-11-16 16:01:34.232,916,15619.82
2025-11-16 16:01:34.232,917,15717.27
2025-11-16 16:01:34.232,918,15636.01
2025-11-16 16:01:34.232,919,15668.45
2025-11-16 16:01:34.232,920,15684.7
2025-11-16 16:01:34.232,921,15636.01
2025-11-16 16:01:34.232,922,15652.22
2025-11-16 16:01:34.232,923,15684.7
2025-11-16 16:01:34.232,924,15815.47
2025-11-16 16:01:34.232,925,15555.25
2025-11-16 16:01:34.232,926,16593.85
2025-11-16 16:01:34.232,927,15749.92
2025-11-16 16:01:34.232,928,18801.55
2025-11-16 16:01:34.232,929,17720.0
2025-11-16 16:01:34.232,930,17929.79
2025-11-16 16:01:34.232,931,20788.21
2025-11-16 16:01:34.232,932,18260.31
2025-11-16 16:01:34.232,933,19069.58
2025-11-16 16:01:34.232,934,16455.14
2025-11-16 16:01:34.232,935,17872.27
2025-11-16 16:01:34.232,936,17018.8
2025-11-16 16:01:34.232,937,17531.99
2025-11-16 16:01:34.232,938,21310.15
2025-11-16 16:01:34.232,939,18498.34
2025-11-16 16:01:34.232,940,18181.84
2025-11-16 16:01:34.232,941,19406.36
2025-11-16 16:01:34.232,942,18181.84
2025-11-16 16:01:34.232,943,18260.31
2025-11-16 16:01:34.232,944,34348.4
2025-11-16 16:01:34.232,945,17872.27
2025-11-16 16:01:34.232,946,18142.77
2025-11-16 16:01:34.232,947,18781.14
2025-11-16 16:01:34.232,948,18598.7
2025-11-16 16:01:34.232,949,18760.76
2025-11-16 16:01:34.232,950,20170.86
2025-11-16 16:01:34.232,951,26742.69
2025-11-16 16:01:34.232,952,47001.92
2025-11-16 16:01:34.232,953,40505.41
2025-11-16 16:01:34.232,954,18064.95
2025-11-16 16:01:34.232,955,18064.95
2025-11-16 16:01:34.232,956,29146.33
2025-11-16 16:01:34.232,957,55201.96
2025-11-16 16:01:34.232,958,32586.16
2025-11-16 16:01:34.232,959,32586.16
2025-11-16 16:01:34.232,960,42455.23
2025-11-16 16:01:34.232,961,42320.58
2025-11-16 16:01:34.232,962,40630.89
2025-11-16 16:01:34.232,963,41139.08
2025-11-16 16:01:34.232,964,40132.67
2025-11-16 16:01:34.232,965,40380.55
2025-11-16 16:01:34.232,966,40380.55
2025-11-16 16:01:34.232,967,40505.41
2025-11-16 16:01:34.232,968,40132.67
2025-11-16 16:01:34.232,969,40256.3
2025-11-16 16:01:34.232,970,40693.86
2025-11-16 16:01:34.232,971,39704.69
2025-11-16 16:01:34.232,972,38521.08
2025-11-16 16:01:34.232,973,39644.14
2025-11-16 16:01:34.232,974,40132.67
2025-11-16 16:01:34.232,975,39463.38
2025-11-16 16:01:34.232,976,41397.01
2025-11-16 16:01:34.232,977,39704.69
2025-11-16 16:01:34.232,978,37447.59
2025-11-16 16:01:34.232,979,40442.9
2025-11-16 16:01:34.232,980,38695.02
2025-11-16 16:01:34.232,981,38006.61
2025-11-16 16:01:34.232,982,39403.42
2025-11-16 16:01:34.232,983,40194.41
2025-11-16 16:01:34.232,984,37337.34
2025-11-16 16:01:34.232,985,38291.07
2025-11-16 16:01:34.232,986,45754.95
2025-11-16 16:01:34.232,987,35742.86
2025-11-16 16:01:34.232,988,41332.29
2025-11-16 16:01:34.232,989,44561.25
2025-11-16 16:01:34.232,990,42590.57
2025-11-16 16:01:34.232,991,42726.61
2025-11-16 16:01:34.232,992,70663.95
2025-11-16 16:01:34.232,993,41657.55
2025-11-16 16:01:34.232,994,42320.58
2025-11-16 16:01:34.232,995,38233.91
2025-11-16 16:01:34.232,996,42863.36
2025-11-16 16:01:34.232,997,42863.36
2025-11-16 16:01:34.232,998,45301.25
2025-11-16 16:01:34.232,999,56476.62
2025-11-16 16:01:34.232,1000,92019.64
2025-11-16 16:01:34.232,1001,76838.91
2025-11-16 16:01:34.232,1002,41139.08
2025-11-16 16:01:34.232,1003,41139.08
2025-11-16 16:01:34.232,1004,62499.11
2025-11-16 16:01:34.232,1005,121157.05
2025-11-16 16:01:34.232,1006,66292.91
2025-11-16 16:01:34.232,1007,66292.91
2025-11-16 16:01:34.232,1008,60617.66
2025-11-16 16:01:34.232,1009,61608.8
2025-11-16 16:01:34.232,1010,58484.71
2025-11-16 16:01:34.232,1011,58028.08
2025-11-16 16:01:34.232,1012,58484.71
2025-11-16 16:01:34.232,1013,58715.34
2025-11-16 16:01:34.232,1014,55727.09
2025-11-16 16:01:34.232,1015,58484.71
2025-11-16 16:01:34.232,1016,57914.87
2025-11-16 16:01:34.232,1017,58028.08
2025-11-16 16:01:34.232,1018,58484.71
2025-11-16 16:01:34.232,1019,57354.41
2025-11-16 16:01:34.232,1020,58141.67
2025-11-16 16:01:34.232,1021,58141.67
2025-11-16 16:01:34.232,1022,59892.09
2025-11-16 16:01:34.232,1023,57802.03
2025-11-16 16:01:34.232,1024,61483.39
2025-11-16 16:01:34.232,1025,59181.26
2025-11-16 16:01:34.232,1026,52124.24
2025-11-16 16:01:34.232,1027,58484.71
2025-11-16 16:01:34.232,1028,47322.41
2025-11-16 16:01:34.232,1029,50556.48
2025-11-16 16:01:34.232,1030,56912.64
2025-11-16 16:01:34.232,1031,48810.25
2025-11-16 16:01:34.232,1032,53084.88
2025-11-16 16:01:34.232,1033,55097.93
2025-11-16 16:01:34.232,1034,63148.7
2025-11-16 16:01:34.232,1035,54378.94
2025-11-16 16:01:34.232,1036,58484.71
2025-11-16 16:01:34.232,1037,62499.11
2025-11-16 16:01:34.232,1038,59534.86
2025-11-16 16:01:34.232,1039,60132.29
2025-11-16 16:01:34.232,1040,94098.91
2025-11-16 16:01:34.232,1041,58255.64
2025-11-16 16:01:34.232,1042,57577.48
2025-11-16 16:01:34.232,1043,54787.84
2025-11-16 16:01:34.232,1044,58715.34
2025-11-16 16:01:34.232,1045,52987.48
2025-11-16 16:01:34.232,1046,62242.49
2025-11-16 16:01:34.232,1047,60011.99
2025-11-16 16:01:34.232,1048,119906.74
2025-11-16 16:01:34.232,1049,102094.18
2025-11-16 16:01:34.232,1050,53084.88
2025-11-16 16:01:34.232,1051,53084.88
2025-11-16 16:01:34.232,1052,78725.33
2025-11-16 16:01:34.232,1053,146210.88
2025-11-16 16:01:34.232,1054,79699.56
2025-11-16 16:01:34.232,1055,79699.56
2025-11-16 16:01:34.232,1056,47161.71
2025-11-16 16:01:34.232,1057,47322.41
2025-11-16 16:01:34.232,1058,46138.74
2025-11-16 16:01:34.232,1059,46371.55
2025-11-16 16:01:34.232,1060,44415.61
2025-11-16 16:01:34.232,1061,45754.95
2025-11-16 16:01:34.232,1062,45907.83
2025-11-16 16:01:34.232,1063,45602.89
2025-11-16 16:01:34.232,1064,45002.86
2025-11-16 16:01:34.232,1065,45151.65
2025-11-16 16:01:34.232,1066,46371.55
2025-11-16 16:01:34.232,1067,46216.13
2025-11-16 16:01:34.232,1068,45678.82
2025-11-16 16:01:34.232,1069,45754.95
2025-11-16 16:01:34.232,1070,47161.71
2025-11-16 16:01:34.232,1071,45151.65
2025-11-16 16:01:34.232,1072,47728.11
2025-11-16 16:01:34.232,1073,46449.59
2025-11-16 16:01:34.232,1074,40256.3
2025-11-16 16:01:34.232,1075,49670.62
2025-11-16 16:01:34.232,1076,30071.27
2025-11-16 16:01:34.232,1077,33036.22
2025-11-16 16:01:34.232,1078,44561.25
2025-11-16 16:01:34.232,1079,41526.96
2025-11-16 16:01:34.232,1080,33264.83
2025-11-16 16:01:34.232,1081,39403.42
2025-11-16 16:01:34.232,1082,48725.57
2025-11-16 16:01:34.232,1083,41075.0
2025-11-16 16:01:34.232,1084,45376.36
2025-11-16 16:01:34.232,1085,47484.0
2025-11-16 16:01:34.232,1086,46371.55
2025-11-16 16:01:34.232,1087,47322.41
2025-11-16 16:01:34.232,1088,77396.36
2025-11-16 16:01:34.232,1089,44928.77
2025-11-16 16:01:34.232,1090,45226.35
2025-11-16 16:01:34.232,1091,43983.32
2025-11-16 16:01:34.232,1092,45907.83
2025-11-16 16:01:34.232,1093,45002.86
2025-11-16 16:01:34.232,1094,48139.58
2025-11-16 16:01:34.232,1095,57577.48
2025-11-16 16:01:34.232,1096,96820.16
2025-11-16 16:01:34.232,1097,82754.82
2025-11-16 16:01:34.232,1098,43347.59
2025-11-16 16:01:34.232,1099,43347.59
2025-11-16 16:01:34.232,1100,68493.05
2025-11-16 16:01:34.232,1101,130148.98
2025-11-16 16:01:34.232,1102,75745.02
2025-11-16 16:01:34.232,1103,75745.02
2025-11-16 16:01:34.232,1104,64212.57
2025-11-16 16:01:34.232,1105,60617.66
2025-11-16 16:01:34.232,1106,59892.09
2025-11-16 16:01:34.232,1107,60495.69
2025-11-16 16:01:34.232,1108,61483.39
2025-11-16 16:01:34.232,1109,60617.66
2025-11-16 16:01:34.232,1110,59892.09
2025-11-16 16:01:34.232,1111,61860.94
2025-11-16 16:01:34.232,1112,60374.14
2025-11-16 16:01:34.232,1113,59892.09
2025-11-16 16:01:34.232,1114,60374.14
2025-11-16 16:01:34.232,1115,61358.41
2025-11-16 16:01:34.232,1116,60374.14
2025-11-16 16:01:34.232,1117,60374.14
2025-11-16 16:01:34.232,1118,62242.49
2025-11-16 16:01:34.232,1119,61109.78
2025-11-16 16:01:34.232,1120,63810.02
2025-11-16 16:01:34.232,1121,61109.78
2025-11-16 16:01:34.232,1122,51654.79
2025-11-16 16:01:34.232,1123,56046.25
2025-11-16 16:01:34.232,1124,56803.11
2025-11-16 16:01:34.232,1125,56046.25
2025-11-16 16:01:34.232,1126,59892.09
2025-11-16 16:01:34.232,1127,59181.26
2025-11-16 16:01:34.232,1128,51654.79
2025-11-16 16:01:34.232,1129,56046.25
2025-11-16 16:01:34.232,1130,61358.41
2025-11-16 16:01:34.232,1131,56046.25
2025-11-16 16:01:34.232,1132,56046.25
2025-11-16 16:01:34.232,1133,59534.86
2025-11-16 16:01:34.232,1134,59534.86
2025-11-16 16:01:34.232,1135,58484.71
2025-11-16 16:01:34.232,1136,103024.17
2025-11-16 16:01:34.232,1137,56912.64
2025-11-16 16:01:34.232,1138,56693.92
2025-11-16 16:01:34.232,1139,54378.94
2025-11-16 16:01:34.232,1140,57689.57
2025-11-16 16:01:34.232,1141,56585.1
2025-11-16 16:01:34.232,1142,59653.54
2025-11-16 16:01:34.232,1143,74854.26
2025-11-16 16:01:34.232,1144,125954.73
2025-11-16 16:01:34.232,1145,112877.99
2025-11-16 16:01:34.232,1146,56260.74
2025-11-16 16:01:34.232,1147,56260.74
2025-11-16 16:01:34.232,1148,87631.56
2025-11-16 16:01:34.232,1149,170315.53
2025-11-16 16:01:34.232,1150,93571.2
2025-11-16 16:01:34.232,1151,93571.2
2025-11-16 16:01:34.232,1152,103969.71
2025-11-16 16:01:34.232,1153,105255.28
2025-11-16 16:01:34.232,1154,101482.63
2025-11-16 16:01:34.232,1155,102094.18
2025-11-16 16:01:34.232,1156,103337.61
2025-11-16 16:01:34.232,1157,104288.4
2025-11-16 16:01:34.232,1158,97664.48
2025-11-16 16:01:34.232,1159,102402.48
2025-11-16 16:01:34.232,1160,101482.63
2025-11-16 16:01:34.232,1161,102402.48
2025-11-16 16:01:34.232,1162,99687.32
2025-11-16 16:01:34.232,1163,102402.48
2025-11-16 16:01:34.232,1164,102712.45
2025-11-16 16:01:34.232,1165,103024.17
2025-11-16 16:01:34.232,1166,105581.22
2025-11-16 16:01:34.232,1167,97664.48
2025-11-16 16:01:34.232,1168,107915.35
2025-11-16 16:01:34.232,1169,103337.61
2025-11-16 16:01:34.232,1170,102094.18
2025-11-16 16:01:34.232,1171,110700.96
2025-11-16 16:01:34.232,1172,105255.28
2025-11-16 16:01:34.232,1173,107238.9
2025-11-16 16:01:34.232,1174,104288.4
2025-11-16 16:01:34.232,1175,107915.35
2025-11-16 16:01:34.232,1176,99687.32
2025-11-16 16:01:34.232,1177,104608.9
2025-11-16 16:01:34.232,1178,111418.03
2025-11-16 16:01:34.232,1179,104288.4
2025-11-16 16:01:34.232,1180,91010.8
2025-11-16 16:01:34.232,1181,108599.64
2025-11-16 16:01:34.232,1182,98522.22
2025-11-16 16:01:34.232,1183,99101.66
2025-11-16 16:01:34.232,1184,155036.28
2025-11-16 16:01:34.232,1185,90021.7
2025-11-16 16:01:34.232,1186,91765.55
2025-11-16 16:01:34.232,1187,91010.8
2025-11-16 16:01:34.232,1188,90021.7
2025-11-16 16:01:34.232,1189,84909.8
2025-11-16 16:01:34.232,1190,90021.7
2025-11-16 16:01:34.232,1191,109992.31
2025-11-16 16:01:34.232,1192,191648.39
2025-11-16 16:01:34.232,1193,180386.63
2025-11-16 16:01:34.232,1194,79112.48
2025-11-16 16:01:34.232,1195,79112.48
2025-11-16 16:01:34.232,1196,144441.03
2025-11-16 16:01:34.232,1197,272357.75
2025-11-16 16:01:34.232,1198,157058.67
2025-11-16 16:01:34.232,1199,157058.67
2025-11-16 16:01:34.232,1200,988899.38
2025-11-16 16:01:34.232,1201,988899.38
2025-11-16 16:01:34.232,1202,721303.56
2025-11-16 16:01:34.232,1203,734602.25
2025-11-16 16:01:34.232,1204,793012.25
2025-11-16 16:01:34.232,1205,942433.13
2025-11-16 16:01:34.232,1206,734602.25
2025-11-16 16:01:34.232,1207,920784.13
2025-11-16 16:01:34.232,1208,793012.25
2025-11-16 16:01:34.232,1209,900097.25
2025-11-16 16:01:34.232,1210,942433.13
2025-11-16 16:01:34.232,1211,861364.44
2025-11-16 16:01:34.232,1212,900097.25
2025-11-16 16:01:34.232,1213,942433.13
2025-11-16 16:01:34.232,1214,900097.25
2025-11-16 16:01:34.232,1215,762705.19
2025-11-16 16:01:34.232,1216,942433.13
2025-11-16 16:01:34.232,1217,942433.13
2025-11-16 16:01:34.232,1218,900097.25
2025-11-16 16:01:34.232,1219,900097.25
2025-11-16 16:01:34.232,1220,988899.38
2025-11-16 16:01:34.232,1221,965113.19
2025-11-16 16:01:34.232,1222,988899.38
2025-11-16 16:01:34.232,1223,988899.38
2025-11-16 16:01:34.232,1224,988899.38
2025-11-16 16:01:34.232,1225,920784.13
2025-11-16 16:01:34.232,1226,920784.13
2025-11-16 16:01:34.232,1227,988899.38
2025-11-16 16:01:34.232,1228,861364.44
2025-11-16 16:01:34.232,1229,942433.13
2025-11-16 16:01:34.232,1230,942433.13
2025-11-16 16:01:34.232,1231,734602.25
2025-11-16 16:01:34.232,1232,721303.56
2025-11-16 16:01:34.232,1233,721303.56
2025-11-16 16:01:34.232,1234,942433.13
2025-11-16 16:01:34.232,1235,920784.13
2025-11-16 16:01:34.232,1236,861364.44
2025-11-16 16:01:34.232,1237,988899.38
2025-11-16 16:01:34.232,1238,965113.19
2025-11-16 16:01:34.232,1239,793012.25
2025-11-16 16:01:34.232,1240,861364.44
2025-11-16 16:01:34.232,1241,861364.44
2025-11-16 16:01:34.232,1242,861364.44
2025-11-16 16:01:34.232,1243,861364.44
2025-11-16 16:01:34.232,1244,232241.86
2025-11-16 16:01:34.232,1245,232241.86
2025-11-16 16:01:34.232,1246,232241.86
2025-11-16 16:01:34.232,1247,232241.86
2025-11-16 16:01:34.232,1248,232241.86
2025-11-16 16:01:34.232,1249,210090.06
2025-11-16 16:01:34.232,1250,218701.81
2025-11-16 16:01:34.232,1251,213700.14
2025-11-16 16:01:34.232,1252,216173.34
2025-11-16 16:01:34.232,1253,223932.14
2025-11-16 16:01:34.232,1254,225277.3
2025-11-16 16:01:34.232,1255,216173.34
2025-11-16 16:01:34.232,1256,226638.0
2025-11-16 16:01:34.232,1257,218701.81
2025-11-16 16:01:34.232,1258,242714.52
2025-11-16 16:01:34.232,1259,226638.0
2025-11-16 16:01:34.232,1260,226638.0
2025-11-16 16:01:34.232,1261,226638.0
2025-11-16 16:01:34.232,1262,226638.0
2025-11-16 16:01:34.232,1263,216173.34
2025-11-16 16:01:34.232,1264,232241.86
2025-11-16 16:01:34.232,1265,211280.41
2025-11-16 16:01:34.232,1266,197793.8
2025-11-16 16:01:34.232,1267,212483.69
2025-11-16 16:01:34.232,1268,223932.14
2025-11-16 16:01:34.232,1269,230816.17
2025-11-16 16:01:34.232,1270,218701.81
2025-11-16 16:01:34.232,1271,223932.14
2025-11-16 16:01:34.232,1272,213700.14
2025-11-16 16:01:34.232,1273,226638.0
2025-11-16 16:01:34.232,1274,238117.42
2025-11-16 16:01:34.232,1275,261133.28
2025-11-16 16:01:34.232,1276,238117.42
2025-11-16 16:01:34.232,1277,261133.28
2025-11-16 16:01:34.232,1278,250766.73
2025-11-16 16:01:34.232,1279,233684.53
2025-11-16 16:01:34.232,1280,322883.13
2025-11-16 16:01:34.232,1281,226638.0
2025-11-16 16:01:34.232,1282,206594.58
2025-11-16 16:01:34.232,1283,233684.53
2025-11-16 16:01:34.232,1284,197793.8
2025-11-16 16:01:34.232,1285,214929.95
2025-11-16 16:01:34.232,1286,239631.09
2025-11-16 16:01:34.232,1287,280371.47
2025-11-16 16:01:34.232,1288,439984.91
2025-11-16 16:01:34.232,1289,387544.88
2025-11-16 16:01:34.232,1290,223932.14
2025-11-16 16:01:34.232,1291,223932.14
2025-11-16 16:01:34.232,1292,328387.41
2025-11-16 16:01:34.232,1293,601218.31
2025-11-16 16:01:34.232,1294,334076.69
2025-11-16 16:01:34.232,1295,334076.69
2025-11-16 16:01:34.232,1296,54378.94
2025-11-16 16:01:34.232,1297,53182.58
2025-11-16 16:01:34.232,1298,52504.97
2025-11-16 16:01:34.232,1299,52600.88
2025-11-16 16:01:34.232,1300,51841.71
2025-11-16 16:01:34.232,1301,52890.38
2025-11-16 16:01:34.232,1302,52890.38
2025-11-16 16:01:34.232,1303,53975.16
2025-11-16 16:01:34.232,1304,52697.09
2025-11-16 16:01:34.232,1305,51935.61
2025-11-16 16:01:34.232,1306,52987.48
2025-11-16 16:01:34.232,1307,53182.58
2025-11-16 16:01:34.232,1308,52504.97
2025-11-16 16:01:34.232,1309,52987.48
2025-11-16 16:01:34.232,1310,54378.94
2025-11-16 16:01:34.232,1311,53378.87
2025-11-16 16:01:34.232,1312,55201.96
2025-11-16 16:01:34.232,1313,52218.99
2025-11-16 16:01:34.232,1314,51841.71
2025-11-16 16:01:34.232,1315,57802.03
2025-11-16 16:01:34.232,1316,56260.74
2025-11-16 16:01:34.232,1317,56476.62
2025-11-16 16:01:34.232,1318,54890.87
2025-11-16 16:01:34.232,1319,55939.52
2025-11-16 16:01:34.232,1320,52793.59
2025-11-16 16:01:34.232,1321,56046.25
2025-11-16 16:01:34.232,1322,54994.24
2025-11-16 16:01:34.232,1323,56046.25
2025-11-16 16:01:34.232,1324,48473.0
2025-11-16 16:01:34.232,1325,57914.87
2025-11-16 16:01:34.232,1326,50556.48
2025-11-16 16:01:34.232,1327,47484.0
2025-11-16 16:01:34.232,1328,80294.42
2025-11-16 16:01:34.232,1329,48641.14
2025-11-16 16:01:34.232,1330,48473.0
2025-11-16 16:01:34.232,1331,54582.74
2025-11-16 16:01:34.232,1332,47565.14
2025-11-16 16:01:34.232,1333,44854.87
2025-11-16 16:01:34.232,1334,42253.52
2025-11-16 16:01:34.232,1335,67894.05
2025-11-16 16:01:34.232,1336,99687.32
2025-11-16 16:01:34.232,1337,103337.61
2025-11-16 16:01:34.232,1338,48641.14
2025-11-16 16:01:34.232,1339,48641.14
2025-11-16 16:01:34.232,1340,75745.02
2025-11-16 16:01:34.232,1341,155704.97
2025-11-16 16:01:34.232,1342,82754.82
2025-11-16 16:01:34.232,1343,82754.82
2025-11-16 16:01:34.232,1344,32855.06
2025-11-16 16:01:34.232,1345,32145.38
2025-11-16 16:01:34.232,1346,31040.83
2025-11-16 16:01:34.232,1347,31290.57
2025-11-16 16:01:34.232,1348,31290.57
2025-11-16 16:01:34.232,1349,31628.31
2025-11-16 16:01:34.232,1350,31543.36
2025-11-16 16:01:34.232,1351,31040.83
2025-11-16 16:01:34.232,1352,31799.26
2025-11-16 16:01:34.232,1353,30958.25
2025-11-16 16:01:34.232,1354,31332.49
2025-11-16 16:01:34.232,1355,30917.09
2025-11-16 16:01:34.232,1356,31374.49
2025-11-16 16:01:34.232,1357,31713.61
2025-11-16 16:01:34.232,1358,33081.75
2025-11-16 16:01:34.232,1359,31713.61
2025-11-16 16:01:34.232,1360,34396.74
2025-11-16 16:01:34.232,1361,32675.42
2025-11-16 16:01:34.232,1362,32320.6
2025-11-16 16:01:34.232,1363,36901.41
2025-11-16 16:01:34.232,1364,35386.11
2025-11-16 16:01:34.232,1365,34348.4
2025-11-16 16:01:34.232,1366,32765.05
2025-11-16 16:01:34.232,1367,35134.67
2025-11-16 16:01:34.232,1368,32586.16
2025-11-16 16:01:34.232,1369,34060.55
2025-11-16 16:01:34.232,1370,37669.63
2025-11-16 16:01:34.232,1371,35084.71
2025-11-16 16:01:34.232,1372,31713.61
2025-11-16 16:01:34.232,1373,35845.82
2025-11-16 16:01:34.232,1374,31543.36
2025-11-16 16:01:34.232,1375,31885.26
2025-11-16 16:01:34.232,1376,54075.63
2025-11-16 16:01:34.232,1377,30835.0
2025-11-16 16:01:34.232,1378,30071.27
2025-11-16 16:01:34.232,1379,34445.18
2025-11-16 16:01:34.232,1380,31374.49
2025-11-16 16:01:34.232,1381,30150.32
2025-11-16 16:01:34.232,1382,29564.92
2025-11-16 16:01:34.232,1383,44634.36
2025-11-16 16:01:34.232,1384,68493.05
2025-11-16 16:01:34.232,1385,64212.57
2025-11-16 16:01:34.232,1386,31123.74
2025-11-16 16:01:34.232,1387,31123.74
2025-11-16 16:01:34.232,1388,48725.57
2025-11-16 16:01:34.232,1389,97948.88
2025-11-16 16:01:34.232,1390,55201.96
2025-11-16 16:01:34.232,1391,55201.96
2025-11-16 16:01:34.232,1392,33870.7
2025-11-16 16:01:34.232,1393,33310.84
2025-11-16 16:01:34.232,1394,32232.81
2025-11-16 16:01:34.232,1395,32189.05
2025-11-16 16:01:34.232,1396,32145.38
2025-11-16 16:01:34.232,1397,32145.38
2025-11-16 16:01:34.232,1398,32320.6
2025-11-16 16:01:34.232,1399,32765.05
2025-11-16 16:01:34.232,1400,31543.36
2025-11-16 16:01:34.232,1401,31628.31
2025-11-16 16:01:34.232,1402,32586.16
2025-11-16 16:01:34.232,1403,32320.6
2025-11-16 16:01:34.232,1404,32586.16
2025-11-16 16:01:34.232,1405,32675.42
2025-11-16 16:01:34.232,1406,33682.49
2025-11-16 16:01:34.232,1407,32232.81
2025-11-16 16:01:34.232,1408,34300.16
2025-11-16 16:01:34.232,1409,32058.32
2025-11-16 16:01:34.232,1410,32586.16
2025-11-16 16:01:34.232,1411,36157.48
2025-11-16 16:01:34.232,1412,36105.25
2025-11-16 16:01:34.232,1413,36262.32
2025-11-16 16:01:34.232,1414,33495.87
2025-11-16 16:01:34.232,1415,36105.25
2025-11-16 16:01:34.232,1416,34012.93
2025-11-16 16:01:34.232,1417,34885.99
2025-11-16 16:01:34.232,1418,39523.48
2025-11-16 16:01:34.232,1419,36209.84
2025-11-16 16:01:34.232,1420,33870.7
2025-11-16 16:01:34.232,1421,37337.34
2025-11-16 16:01:34.232,1422,33682.49
2025-11-16 16:01:34.232,1423,33036.22
2025-11-16 16:01:34.232,1424,55621.39
2025-11-16 16:01:34.232,1425,33403.16
2025-11-16 16:01:34.232,1426,32320.6
2025-11-16 16:01:34.232,1427,36053.13
2025-11-16 16:01:34.232,1428,32855.06
2025-11-16 16:01:34.232,1429,33173.1
2025-11-16 16:01:34.232,1430,34252.03
2025-11-16 16:01:34.232,1431,46843.01
2025-11-16 16:01:34.232,1432,73981.77
2025-11-16 16:01:34.232,1433,66723.02
2025-11-16 16:01:34.232,1434,33588.98
2025-11-16 16:01:34.232,1435,33588.98
2025-11-16 16:01:34.232,1436,50199.01
2025-11-16 16:01:34.232,1437,98522.22
2025-11-16 16:01:34.232,1438,56693.92
2025-11-16 16:01:34.232,1439,56693.92
2025-11-16 16:01:34.232,1440,35285.2
2025-11-16 16:01:34.232,1441,33776.39
2025-11-16 16:01:34.232,1442,33588.98
2025-11-16 16:01:34.232,1443,33264.83
2025-11-16 16:01:34.232,1444,33542.38
2025-11-16 16:01:34.232,1445,33682.49
2025-11-16 16:01:34.232,1446,33776.39
2025-11-16 16:01:34.232,1447,34445.18
2025-11-16 16:01:34.232,1448,34060.55
2025-11-16 16:01:34.232,1449,33495.87
2025-11-16 16:01:34.232,1450,34348.4
2025-11-16 16:01:34.232,1451,34300.16
2025-11-16 16:01:34.232,1452,34396.74
2025-11-16 16:01:34.232,1453,34060.55
2025-11-16 16:01:34.232,1454,35742.86
2025-11-16 16:01:34.232,1455,34348.4
2025-11-16 16:01:34.232,1456,34985.13
2025-11-16 16:01:34.232,1457,34156.08
2025-11-16 16:01:34.232,1458,33495.87
2025-11-16 16:01:34.232,1459,37009.64
2025-11-16 16:01:34.232,1460,37447.59
2025-11-16 16:01:34.232,1461,37337.34
2025-11-16 16:01:34.232,1462,35234.91
2025-11-16 16:01:34.232,1463,37950.12
2025-11-16 16:01:34.232,1464,35134.67
2025-11-16 16:01:34.232,1465,37009.64
2025-11-16 16:01:34.232,1466,40256.3
2025-11-16 16:01:34.232,1467,37781.43
2025-11-16 16:01:34.232,1468,33449.47
2025-11-16 16:01:34.232,1469,39224.4
2025-11-16 16:01:34.232,1470,33403.16
2025-11-16 16:01:34.232,1471,33542.38
2025-11-16 16:01:34.232,1472,54582.74
2025-11-16 16:01:34.232,1473,33127.38
2025-11-16 16:01:34.232,1474,25804.82
2025-11-16 16:01:34.232,1475,35949.24
2025-11-16 16:01:34.232,1476,31458.76
2025-11-16 16:01:34.232,1477,30835.0
2025-11-16 16:01:34.232,1478,23642.52
2025-11-16 16:01:34.232,1479,45754.95
2025-11-16 16:01:34.232,1480,70663.95
2025-11-16 16:01:34.232,1481,66150.61
2025-11-16 16:01:34.232,1482,33682.49
2025-11-16 16:01:34.232,1483,33682.49
2025-11-16 16:01:34.232,1484,51284.3
2025-11-16 16:01:34.232,1485,103652.78
2025-11-16 16:01:34.232,1486,60132.29
2025-11-16 16:01:34.232,1487,60132.29
2025-11-16 16:01:34.232,1488,27418.54
2025-11-16 16:01:34.232,1489,27077.54
2025-11-16 16:01:34.232,1490,26348.73
2025-11-16 16:01:34.232,1491,25963.11
2025-11-16 16:01:34.232,1492,26090.74
2025-11-16 16:01:34.232,1493,26219.28
2025-11-16 16:01:34.232,1494,26090.74
2025-11-16 16:01:34.232,1495,26187.06
2025-11-16 16:01:34.232,1496,26219.28
2025-11-16 16:01:34.232,1497,25963.11
2025-11-16 16:01:34.232,1498,26348.73
2025-11-16 16:01:34.232,1499,26544.65
2025-11-16 16:01:34.232,1500,26544.65
2025-11-16 16:01:34.232,1501,26479.11
2025-11-16 16:01:34.232,1502,28119.63
2025-11-16 16:01:34.232,1503,26643.4
2025-11-16 16:01:34.232,1504,27077.54
2025-11-16 16:01:34.232,1505,25963.11
2025-11-16 16:01:34.232,1506,25963.11
2025-11-16 16:01:34.232,1507,29449.88
2025-11-16 16:01:34.232,1508,29526.5
2025-11-16 16:01:34.232,1509,29449.88
2025-11-16 16:01:34.232,1510,27384.16
2025-11-16 16:01:34.232,1511,30071.27
2025-11-16 16:01:34.232,1512,28191.18
2025-11-16 16:01:34.232,1513,28553.0
2025-11-16 16:01:34.232,1514,32720.19
2025-11-16 16:01:34.232,1515,29449.88
2025-11-16 16:01:34.232,1516,26875.9
2025-11-16 16:01:34.232,1517,30876.0
2025-11-16 16:01:34.232,1518,26709.53
2025-11-16 16:01:34.232,1519,26875.9
2025-11-16 16:01:34.232,1520,45002.86
2025-11-16 16:01:34.232,1521,26316.28
2025-11-16 16:01:34.232,1522,25276.9
2025-11-16 16:01:34.232,1523,29297.52
2025-11-16 16:01:34.232,1524,26348.73
2025-11-16 16:01:34.232,1525,26187.06
2025-11-16 16:01:34.232,1526,26187.06
2025-11-16 16:01:34.232,1527,38348.37
2025-11-16 16:01:34.232,1528,57465.76
2025-11-16 16:01:34.232,1529,54582.74
2025-11-16 16:01:34.232,1530,26742.69
2025-11-16 16:01:34.232,1531,26742.69
2025-11-16 16:01:34.232,1532,40380.55
2025-11-16 16:01:34.232,1533,81919.95
2025-11-16 16:01:34.232,1534,48305.81
2025-11-16 16:01:34.232,1535,48305.81
2025-11-16 16:01:34.232,1536,26154.89
2025-11-16 16:01:34.232,1537,26154.89
2025-11-16 16:01:34.232,1538,26154.89
2025-11-16 16:01:34.232,1539,26154.89
2025-11-16 16:01:34.232,1540,26154.89
2025-11-16 16:01:34.232,1541,26154.89
2025-11-16 16:01:34.232,1542,26154.89
2025-11-16 16:01:34.232,1543,26154.89
2025-11-16 16:01:34.232,1544,26154.89
2025-11-16 16:01:34.232,1545,26154.89
2025-11-16 16:01:34.232,1546,26154.89
2025-11-16 16:01:34.232,1547,26154.89
2025-11-16 16:01:34.232,1548,26154.89
2025-11-16 16:01:34.232,1549,26154.89
2025-11-16 16:01:34.232,1550,26154.89
2025-11-16 16:01:34.232,1551,26154.89
2025-11-16 16:01:34.232,1552,26154.89
2025-11-16 16:01:34.232,1553,26154.89
2025-11-16 16:01:34.232,1554,26154.89
2025-11-16 16:01:34.232,1555,26154.89
2025-11-16 16:01:34.232,1556,26154.89
2025-11-16 16:01:34.232,1557,26154.89
2025-11-16 16:01:34.232,1558,26154.89
2025-11-16 16:01:34.232,1559,26154.89
2025-11-16 16:01:34.232,1560,26154.89
2025-11-16 16:01:34.232,1561,26154.89
2025-11-16 16:01:34.232,1562,26154.89
2025-11-16 16:01:34.232,1563,26154.89
2025-11-16 16:01:34.232,1564,26154.89
2025-11-16 16:01:34.232,1565,26154.89
2025-11-16 16:01:34.232,1566,26154.89
2025-11-16 16:01:34.232,1567,26154.89
2025-11-16 16:01:34.232,1568,26154.89
2025-11-16 16:01:34.232,1569,26154.89
2025-11-16 16:01:34.232,1570,26154.89
2025-11-16 16:01:34.232,1571,26154.89
2025-11-16 16:01:34.232,1572,26154.89
2025-11-16 16:01:34.232,1573,26154.89
2025-11-16 16:01:34.232,1574,26154.89
2025-11-16 16:01:34.232,1575,26154.89
2025-11-16 16:01:34.232,1576,26154.89
2025-11-16 16:01:34.232,1577,26154.89
2025-11-16 16:01:34.232,1578,26154.89
2025-11-16 16:01:34.232,1579,26154.89
2025-11-16 16:01:34.232,1580,26154.89
2025-11-16 16:01:34.232,1581,26154.89
2025-11-16 16:01:34.232,1582,26154.89
2025-11-16 16:01:34.232,1583,26154.89
2025-11-16 16:01:34.232,1584,26154.89
2025-11-16 16:01:34.232,1585,25585.55
2025-11-16 16:01:34.232,1586,24675.34
2025-11-16 16:01:34.232,1587,24208.61
2025-11-16 16:01:34.232,1588,24675.34
2025-11-16 16:01:34.232,1589,24675.34
2025-11-16 16:01:34.232,1590,24704.93
2025-11-16 16:01:34.232,1591,24853.65
2025-11-16 16:01:34.232,1592,24734.57
2025-11-16 16:01:34.232,1593,24557.47
2025-11-16 16:01:34.232,1594,24645.8
2025-11-16 16:01:34.232,1595,24734.57
2025-11-16 16:01:34.232,1596,24764.27
2025-11-16 16:01:34.232,1597,24734.57
2025-11-16 16:01:34.232,1598,25931.34
2025-11-16 16:01:34.232,1599,24913.49
2025-11-16 16:01:34.232,1600,24853.65
2025-11-16 16:01:34.232,1601,24353.12
2025-11-16 16:01:34.232,1602,23866.7
2025-11-16 16:01:34.232,1603,27556.69
2025-11-16 16:01:34.232,1604,27695.87
2025-11-16 16:01:34.232,1605,27626.15
2025-11-16 16:01:34.232,1606,25963.11
2025-11-16 16:01:34.232,1607,27977.33
2025-11-16 16:01:34.232,1608,26187.06
2025-11-16 16:01:34.232,1609,26875.9
2025-11-16 16:01:34.232,1610,30835.0
2025-11-16 16:01:34.232,1611,27077.54
2025-11-16 16:01:34.232,1612,24973.54
2025-11-16 16:01:34.232,1613,28736.48
2025-11-16 16:01:34.232,1614,25033.8
2025-11-16 16:01:34.232,1615,25094.26
2025-11-16 16:01:34.232,1616,41920.75
2025-11-16 16:01:34.232,1617,24794.01
2025-11-16 16:01:34.232,1618,24208.61
2025-11-16 16:01:34.232,1619,27730.82
2025-11-16 16:01:34.232,1620,24823.81
2025-11-16 16:01:34.232,1621,25094.26
2025-11-16 16:01:34.232,1622,26219.28
2025-11-16 16:01:34.232,1623,36157.48
2025-11-16 16:01:34.232,1624,52987.48
2025-11-16 16:01:34.232,1625,50377.22
2025-11-16 16:01:34.232,1626,25679.2
2025-11-16 16:01:34.232,1627,25679.2
2025-11-16 16:01:34.232,1628,38348.37
2025-11-16 16:01:34.232,1629,80294.42
2025-11-16 16:01:34.232,1630,44126.66
2025-11-16 16:01:34.232,1631,44126.66
2025-11-16 16:01:34.232,1632,24151.15
2025-11-16 16:01:34.232,1633,23202.91
2025-11-16 16:01:34.232,1634,22854.06
2025-11-16 16:01:34.232,1635,22460.52
2025-11-16 16:01:34.232,1636,22774.6
2025-11-16 16:01:34.232,1637,22987.37
2025-11-16 16:01:34.232,1638,22933.92
2025-11-16 16:01:34.232,1639,23040.99
2025-11-16 16:01:34.232,1640,22987.37
2025-11-16 16:01:34.232,1641,22460.52
2025-11-16 16:01:34.232,1642,23230.05
2025-11-16 16:01:34.232,1643,22512.45
2025-11-16 16:01:34.232,1644,22960.62
2025-11-16 16:01:34.232,1645,23040.99
2025-11-16 16:01:34.232,1646,23979.91
2025-11-16 16:01:34.232,1647,23040.99
2025-11-16 16:01:34.232,1648,22408.76
2025-11-16 16:01:34.232,1649,21700.95
2025-11-16 16:01:34.232,1650,22357.16
2025-11-16 16:01:34.232,1651,24794.01
2025-11-16 16:01:34.232,1652,25276.9
2025-11-16 16:01:34.232,1653,25585.55
2025-11-16 16:01:34.232,1654,24093.88
2025-11-16 16:01:34.232,1655,25523.39
2025-11-16 16:01:34.232,1656,23866.7
2025-11-16 16:01:34.232,1657,24675.34
2025-11-16 16:01:34.232,1658,27077.54
2025-11-16 16:01:34.232,1659,25523.39
2025-11-16 16:01:34.232,1660,19449.01
2025-11-16 16:01:34.232,1661,26283.89
2025-11-16 16:01:34.232,1662,17757.91
2025-11-16 16:01:34.232,1663,19491.78
2025-11-16 16:01:34.232,1664,36262.32
2025-11-16 16:01:34.232,1665,17872.27
2025-11-16 16:01:34.232,1666,19194.97
2025-11-16 16:01:34.232,1667,24036.8
2025-11-16 16:01:34.232,1668,17000.83
2025-11-16 16:01:34.232,1669,19534.67
2025-11-16 16:01:34.232,1670,22960.62
2025-11-16 16:01:34.232,1671,31713.61
2025-11-16 16:01:34.232,1672,47646.51
2025-11-16 16:01:34.232,1673,48222.58
2025-11-16 16:01:34.232,1674,20193.28
2025-11-16 16:01:34.232,1675,20193.28
2025-11-16 16:01:34.232,1676,35034.87
2025-11-16 16:01:34.232,1677,74854.26
2025-11-16 16:01:34.232,1678,42186.62
2025-11-16 16:01:34.232,1679,42186.62
2025-11-16 16:01:34.232,1680,34348.4
2025-11-16 16:01:34.232,1681,33635.68
2025-11-16 16:01:34.232,1682,32900.21
2025-11-16 16:01:34.232,1683,31971.61
2025-11-16 16:01:34.232,1684,33403.16
2025-11-16 16:01:34.232,1685,32945.45
2025-11-16 16:01:34.232,1686,33495.87
2025-11-16 16:01:34.232,1687,33127.38
2025-11-16 16:01:34.232,1688,33588.98
2025-11-16 16:01:34.232,1689,33310.84
2025-11-16 16:01:34.232,1690,33403.16
2025-11-16 16:01:34.232,1691,33682.49
2025-11-16 16:01:34.232,1692,33495.87
2025-11-16 16:01:34.232,1693,33542.38
2025-11-16 16:01:34.232,1694,34493.74
2025-11-16 16:01:34.232,1695,33588.98
2025-11-16 16:01:34.232,1696,31628.31
2025-11-16 16:01:34.232,1697,30031.86
2025-11-16 16:01:34.232,1698,32586.16
2025-11-16 16:01:34.232,1699,35335.6
2025-11-16 16:01:34.232,1700,36901.41
2025-11-16 16:01:34.232,1701,37118.37
2025-11-16 16:01:34.232,1702,35084.71
2025-11-16 16:01:34.232,1703,37118.37
2025-11-16 16:01:34.232,1704,34348.4
2025-11-16 16:01:34.232,1705,36053.13
2025-11-16 16:01:34.232,1706,39887.21
2025-11-16 16:01:34.232,1707,37227.6
2025-11-16 16:01:34.232,1708,30794.08
2025-11-16 16:01:34.232,1709,38120.0
2025-11-16 16:01:34.232,1710,31040.83
2025-11-16 16:01:34.232,1711,30876.0
2025-11-16 16:01:34.232,1712,45151.65
2025-11-16 16:01:34.232,1713,30631.22
2025-11-16 16:01:34.232,1714,30189.96
2025-11-16 16:01:34.232,1715,35742.86
2025-11-16 16:01:34.232,1716,27349.84
2025-11-16 16:01:34.232,1717,30631.22
2025-11-16 16:01:34.232,1718,33682.49
2025-11-16 16:01:34.232,1719,45151.65
2025-11-16 16:01:34.232,1720,66723.02
2025-11-16 16:01:34.232,1721,65586.65
2025-11-16 16:01:34.232,1722,32058.32
2025-11-16 16:01:34.232,1723,32058.32
2025-11-16 16:01:34.232,1724,47322.41
2025-11-16 16:01:34.232,1725,102094.18
2025-11-16 16:01:34.232,1726,57354.41
2025-11-16 16:01:34.232,1727,57354.41
2025-11-16 16:01:34.232,1728,26511.85
2025-11-16 16:01:34.232,1729,25461.45
2025-11-16 16:01:34.232,1730,24853.65
2025-11-16 16:01:34.232,1731,24853.65
2025-11-16 16:01:34.232,1732,24853.65
2025-11-16 16:01:34.232,1733,25033.8
2025-11-16 16:01:34.232,1734,25154.93
2025-11-16 16:01:34.232,1735,24883.55
2025-11-16 16:01:34.232,1736,24973.54
2025-11-16 16:01:34.232,1737,24794.01
2025-11-16 16:01:34.232,1738,24883.55
2025-11-16 16:01:34.232,1739,25064.0
2025-11-16 16:01:34.232,1740,24764.27
2025-11-16 16:01:34.232,1741,24973.54
2025-11-16 16:01:34.232,1742,26154.89
2025-11-16 16:01:34.232,1743,25033.8
2025-11-16 16:01:34.232,1744,23754.24
2025-11-16 16:01:34.232,1745,23202.91
2025-11-16 16:01:34.232,1746,22987.37
2025-11-16 16:01:34.232,1747,24794.01
2025-11-16 16:01:34.232,1748,27418.54
2025-11-16 16:01:34.232,1749,27145.25
2025-11-16 16:01:34.232,1750,25994.93
2025-11-16 16:01:34.232,1751,27836.08
2025-11-16 16:01:34.232,1752,26026.81
2025-11-16 16:01:34.232,1753,26742.69
2025-11-16 16:01:34.232,1754,28773.39
2025-11-16 16:01:34.232,1755,27556.69
2025-11-16 16:01:34.232,1756,19406.36
2025-11-16 16:01:34.232,1757,28335.09
2025-11-16 16:01:34.232,1758,21310.15
2025-11-16 16:01:34.232,1759,18142.77
2025-11-16 16:01:34.232,1760,40505.41
2025-11-16 16:01:34.232,1761,22305.72
2025-11-16 16:01:34.232,1762,20419.37
2025-11-16 16:01:34.232,1763,26479.11
2025-11-16 16:01:34.232,1764,22177.84
2025-11-16 16:01:34.232,1765,21750.49
2025-11-16 16:01:34.232,1766,25461.45
2025-11-16 16:01:34.232,1767,35184.73
2025-11-16 16:01:34.232,1768,52793.59
2025-11-16 16:01:34.232,1769,51192.37
2025-11-16 16:01:34.232,1770,23586.93
2025-11-16 16:01:34.232,1771,23586.93
2025-11-16 16:01:34.232,1772,36367.62
2025-11-16 16:01:34.232,1773,85130.81
2025-11-16 16:01:34.232,1774,43698.91
2025-11-16 16:01:34.232,1775,43698.91
2025-11-16 16:01:34.232,1776,22564.54
2025-11-16 16:01:34.232,1777,21750.49
2025-11-16 16:01:34.232,1778,21406.95
2025-11-16 16:01:34.232,1779,21261.97
2025-11-16 16:01:34.232,1780,21213.94
2025-11-16 16:01:34.232,1781,21431.24
2025-11-16 16:01:34.232,1782,21213.94
2025-11-16 16:01:34.232,1783,21237.94
2025-11-16 16:01:34.232,1784,21455.57
2025-11-16 16:01:34.232,1785,21310.15
2025-11-16 16:01:34.232,1786,21358.47
2025-11-16 16:01:34.232,1787,21406.95
2025-11-16 16:01:34.232,1788,21406.95
2025-11-16 16:01:34.232,1789,21602.34
2025-11-16 16:01:34.232,1790,22460.52
2025-11-16 16:01:34.232,1791,21553.27
2025-11-16 16:01:34.232,1792,20193.28
2025-11-16 16:01:34.232,1793,19577.68
2025-11-16 16:01:34.232,1794,20037.0
2025-11-16 16:01:34.232,1795,22101.59
2025-11-16 16:01:34.232,1796,23698.29
2025-11-16 16:01:34.232,1797,23670.38
2025-11-16 16:01:34.232,1798,22486.47
2025-11-16 16:01:34.232,1799,24179.86
2025-11-16 16:01:34.232,1800,22382.94
2025-11-16 16:01:34.232,1801,23366.42
2025-11-16 16:01:34.232,1802,25492.39
2025-11-16 16:01:34.232,1803,23951.54
2025-11-16 16:01:34.232,1804,18103.81
2025-11-16 16:01:34.232,1805,24853.65
2025-11-16 16:01:34.232,1806,19237.01
2025-11-16 16:01:34.232,1807,18986.58
2025-11-16 16:01:34.232,1808,36053.13
2025-11-16 16:01:34.232,1809,19069.58
2025-11-16 16:01:34.232,1810,16317.87
2025-11-16 16:01:34.232,1811,22721.83
2025-11-16 16:01:34.232,1812,18064.95
2025-11-16 16:01:34.232,1813,16751.64
2025-11-16 16:01:34.232,1814,21750.49
2025-11-16 16:01:34.232,1815,30309.35
2025-11-16 16:01:34.232,1816,47646.51
2025-11-16 16:01:34.232,1817,45831.29
2025-11-16 16:01:34.232,1818,20170.86
2025-11-16 16:01:34.232,1819,20170.86
2025-11-16 16:01:34.232,1820,32630.74
2025-11-16 16:01:34.232,1821,70663.95
2025-11-16 16:01:34.232,1822,39644.14
2025-11-16 16:01:34.232,1823,39644.14
2025-11-16 16:01:34.232,1824,32855.06
2025-11-16 16:01:34.232,1825,31628.31
2025-11-16 16:01:34.232,1826,31040.83
2025-11-16 16:01:34.232,1827,30958.25
2025-11-16 16:01:34.232,1828,30958.25
2025-11-16 16:01:34.232,1829,31374.49
2025-11-16 16:01:34.232,1830,30876.0
2025-11-16 16:01:34.232,1831,31123.74
2025-11-16 16:01:34.232,1832,31248.74
2025-11-16 16:01:34.232,1833,31290.57
2025-11-16 16:01:34.232,1834,31248.74
2025-11-16 16:01:34.232,1835,31458.76
2025-11-16 16:01:34.232,1836,30835.0
2025-11-16 16:01:34.232,1837,31585.79
2025-11-16 16:01:34.232,1838,32855.06
2025-11-16 16:01:34.232,1839,31885.26
2025-11-16 16:01:34.232,1840,31628.31
2025-11-16 16:01:34.232,1841,30150.32
2025-11-16 16:01:34.232,1842,29297.52
2025-11-16 16:01:34.232,1843,33495.87
2025-11-16 16:01:34.232,1844,34348.4
2025-11-16 16:01:34.232,1845,34252.03
2025-11-16 16:01:34.232,1846,33081.75
2025-11-16 16:01:34.232,1847,35034.87
2025-11-16 16:01:34.232,1848,32765.05
2025-11-16 16:01:34.232,1849,34204.0
2025-11-16 16:01:34.232,1850,37392.4
2025-11-16 16:01:34.232,1851,35034.87
2025-11-16 16:01:34.232,1852,29221.78
2025-11-16 16:01:34.232,1853,36473.41
2025-11-16 16:01:34.232,1854,28553.0
2025-11-16 16:01:34.232,1855,28847.41
2025-11-16 16:01:34.232,1856,50556.48
2025-11-16 16:01:34.232,1857,30590.71
2025-11-16 16:01:34.232,1858,29449.88
2025-11-16 16:01:34.232,1859,34445.18
2025-11-16 16:01:34.232,1860,31206.99
2025-11-16 16:01:34.232,1861,30429.46
2025-11-16 16:01:34.232,1862,33495.87
2025-11-16 16:01:34.232,1863,43769.74
2025-11-16 16:01:34.232,1864,65586.65
2025-11-16 16:01:34.232,1865,63676.8
2025-11-16 16:01:34.232,1866,31290.57
2025-11-16 16:01:34.232,1867,31290.57
2025-11-16 16:01:34.232,1868,45151.65
2025-11-16 16:01:34.232,1869,90513.82
2025-11-16 16:01:34.232,1870,54787.84
2025-11-16 16:01:34.232,1871,54787.84
2025-11-16 16:01:34.232,1872,27977.33
2025-11-16 16:01:34.232,1873,26842.51
2025-11-16 16:01:34.232,1874,26709.53
2025-11-16 16:01:34.232,1875,26511.85
2025-11-16 16:01:34.232,1876,26511.85
2025-11-16 16:01:34.232,1877,26875.9
2025-11-16 16:01:34.232,1878,26610.43
2025-11-16 16:01:34.232,1879,26842.51
2025-11-16 16:01:34.232,1880,26809.18
2025-11-16 16:01:34.232,1881,26511.85
2025-11-16 16:01:34.232,1882,26809.18
2025-11-16 16:01:34.232,1883,26610.43
2025-11-16 16:01:34.232,1884,26610.43
2025-11-16 16:01:34.232,1885,26809.18
2025-11-16 16:01:34.232,1886,27765.84
2025-11-16 16:01:34.232,1887,26809.18
2025-11-16 16:01:34.232,1888,26219.28
2025-11-16 16:01:34.232,1889,24794.01
2025-11-16 16:01:34.232,1890,25154.93
2025-11-16 16:01:34.232,1891,27871.29
2025-11-16 16:01:34.232,1892,29146.33
2025-11-16 16:01:34.232,1893,28921.71
2025-11-16 16:01:34.232,1894,27836.08
2025-11-16 16:01:34.232,1895,29449.88
2025-11-16 16:01:34.232,1896,27626.15
2025-11-16 16:01:34.232,1897,28699.64
2025-11-16 16:01:34.232,1898,30712.49
2025-11-16 16:01:34.232,1899,29297.52
2025-11-16 16:01:34.232,1900,22000.49
2025-11-16 16:01:34.232,1901,30389.34
2025-11-16 16:01:34.232,1902,22000.49
2025-11-16 16:01:34.232,1903,21700.95
2025-11-16 16:01:34.232,1904,43487.57
2025-11-16 16:01:34.232,1905,24734.57
2025-11-16 16:01:34.232,1906,23040.99
2025-11-16 16:01:34.232,1907,28736.48
2025-11-16 16:01:34.232,1908,24794.01
2025-11-16 16:01:34.232,1909,24616.31
2025-11-16 16:01:34.232,1910,27281.39
2025-11-16 16:01:34.232,1911,37613.93
2025-11-16 16:01:34.232,1912,56368.51
2025-11-16 16:01:34.232,1913,53975.16
2025-11-16 16:01:34.232,1914,25523.39
2025-11-16 16:01:34.232,1915,25523.39
2025-11-16 16:01:34.232,1916,38348.37
2025-11-16 16:01:34.232,1917,87398.81
2025-11-16 16:01:34.232,1918,45907.83
2025-11-16 16:01:34.232,1919,45907.83
2025-11-16 16:01:34.232,1920,793012.25
2025-11-16 16:01:34.232,1921,708471.5
2025-11-16 16:01:34.232,1922,920784.13
2025-11-16 16:01:34.232,1923,900097.25
2025-11-16 16:01:34.232,1924,777567.38
2025-11-16 16:01:34.232,1925,988899.38
2025-11-16 16:01:34.232,1926,988899.38
2025-11-16 16:01:34.232,1927,762705.19
2025-11-16 16:01:34.232,1928,965113.19
2025-11-16 16:01:34.232,1929,988899.38
2025-11-16 16:01:34.232,1930,861364.44
2025-11-16 16:01:34.232,1931,861364.44
2025-11-16 16:01:34.232,1932,900097.25
2025-11-16 16:01:34.232,1933,762705.19
2025-11-16 16:01:34.232,1934,942433.13
2025-11-16 16:01:34.232,1935,708471.5
2025-11-16 16:01:34.232,1936,793012.25
2025-11-16 16:01:34.232,1937,684112.31
2025-11-16 16:01:34.232,1938,942433.13
2025-11-16 16:01:34.232,1939,793012.25
2025-11-16 16:01:34.232,1940,988899.38
2025-11-16 16:01:34.232,1941,650520.19
2025-11-16 16:01:34.232,1942,762705.19
2025-11-16 16:01:34.232,1943,793012.25
2025-11-16 16:01:34.232,1944,843208.31
2025-11-16 16:01:34.232,1945,762705.19
2025-11-16 16:01:34.232,1946,793012.25
2025-11-16 16:01:34.232,1947,575017.88
2025-11-16 16:01:34.232,1948,640033.69
2025-11-16 16:01:34.232,1949,900097.25
2025-11-16 16:01:34.232,1950,661350.38
2025-11-16 16:01:34.232,1951,762705.19
2025-11-16 16:01:34.232,1952,942433.13
2025-11-16 16:01:34.232,1953,734602.25
2025-11-16 16:01:34.232,1954,684112.31
2025-11-16 16:01:34.232,1955,734602.25
2025-11-16 16:01:34.232,1956,734602.25
2025-11-16 16:01:34.232,1957,672541.69
2025-11-16 16:01:34.232,1958,721303.56
2025-11-16 16:01:34.232,1959,762705.19
2025-11-16 16:01:34.232,1960,988899.38
2025-11-16 16:01:34.232,1961,942433.13
2025-11-16 16:01:34.232,1962,734602.25
2025-11-16 16:01:34.232,1963,734602.25
2025-11-16 16:01:34.232,1964,942433.13
2025-11-16 16:01:34.232,1965,942433.13
2025-11-16 16:01:34.232,1966,942433.13
2025-11-16 16:01:34.232,1967,942433.13
2025-11-16 16:01:34.232,1968,30835.0
2025-11-16 16:01:34.232,1969,29146.33
2025-11-16 16:01:34.232,1970,29411.68
2025-11-16 16:01:34.232,1971,28996.3
2025-11-16 16:01:34.232,1972,29449.88
2025-11-16 16:01:34.232,1973,29449.88
2025-11-16 16:01:34.232,1974,29411.68
2025-11-16 16:01:34.232,1975,29221.78
2025-11-16 16:01:34.232,1976,29449.88
2025-11-16 16:01:34.232,1977,29108.72
2025-11-16 16:01:34.232,1978,29297.52
2025-11-16 16:01:34.232,1979,28847.41
2025-11-16 16:01:34.232,1980,29033.7
2025-11-16 16:01:34.232,1981,29641.99
2025-11-16 16:01:34.232,1982,30794.08
2025-11-16 16:01:34.232,1983,29297.52
2025-11-16 16:01:34.232,1984,29297.52
2025-11-16 16:01:34.232,1985,27765.84
2025-11-16 16:01:34.232,1986,27836.08
2025-11-16 16:01:34.232,1987,31040.83
2025-11-16 16:01:34.232,1988,32900.21
2025-11-16 16:01:34.232,1989,32720.19
2025-11-16 16:01:34.232,1990,30876.0
2025-11-16 16:01:34.232,1991,33403.16
2025-11-16 16:01:34.232,1992,30794.08
2025-11-16 16:01:34.232,1993,32145.38
2025-11-16 16:01:34.232,1994,34985.13
2025-11-16 16:01:34.232,1995,32990.79
2025-11-16 16:01:34.232,1996,27145.25
2025-11-16 16:01:34.232,1997,34348.4
2025-11-16 16:01:34.232,1998,25461.45
2025-11-16 16:01:34.232,1999,26742.69
2025-11-16 16:01:34.232,2000,45984.59
2025-11-16 16:01:34.232,2001,27730.82
2025-11-16 16:01:34.232,2002,27349.84
2025-11-16 16:01:34.232,2003,32189.05
2025-11-16 16:01:34.232,2004,28480.09
2025-11-16 16:01:34.232,2005,28996.3
2025-11-16 16:01:34.232,2006,31416.58
2025-11-16 16:01:34.232,2007,41526.96
2025-11-16 16:01:34.232,2008,61358.41
2025-11-16 16:01:34.232,2009,59416.6
2025-11-16 16:01:34.232,2010,29449.88
2025-11-16 16:01:34.232,2011,29449.88
2025-11-16 16:01:34.232,2012,43277.87
2025-11-16 16:01:34.232,2013,91765.55
2025-11-16 16:01:34.232,2014,51748.12
2025-11-16 16:01:34.232,2015,51748.12
2025-11-16 16:01:34.232,2016,521823.06
2025-11-16 16:01:34.232,2017,460679.59
2025-11-16 16:01:34.232,2018,460679.59
2025-11-16 16:01:34.232,2019,430305.09
2025-11-16 16:01:34.232,2020,455329.53
2025-11-16 16:01:34.232,2021,471757.34
2025-11-16 16:01:34.232,2022,403612.41
2025-11-16 16:01:34.232,2023,483368.97
2025-11-16 16:01:34.232,2024,477494.09
2025-11-16 16:01:34.232,2025,536008.31
2025-11-16 16:01:34.232,2026,508356.06
2025-11-16 16:01:34.232,2027,508356.06
2025-11-16 16:01:34.232,2028,495554.03
2025-11-16 16:01:34.232,2029,439984.91
2025-11-16 16:01:34.232,2030,495554.03
2025-11-16 16:01:34.232,2031,508356.06
2025-11-16 16:01:34.232,2032,489387.19
2025-11-16 16:01:34.232,2033,466154.09
2025-11-16 16:01:34.232,2034,508356.06
2025-11-16 16:01:34.232,2035,508356.06
2025-11-16 16:01:34.232,2036,521823.06
2025-11-16 16:01:34.232,2037,521823.06
2025-11-16 16:01:34.232,2038,521823.06
2025-11-16 16:01:34.232,2039,495554.03
2025-11-16 16:01:34.232,2040,521823.06
2025-11-16 16:01:34.232,2041,515003.19
2025-11-16 16:01:34.232,2042,521823.06
2025-11-16 16:01:34.232,2043,508356.06
2025-11-16 16:01:34.232,2044,483368.97
2025-11-16 16:01:34.232,2045,536008.31
2025-11-16 16:01:34.232,2046,471757.34
2025-11-16 16:01:34.232,2047,466154.09
2025-11-16 16:01:34.232,2048,521823.06
2025-11-16 16:01:34.232,2049,439984.91
2025-11-16 16:01:34.232,2050,483368.97
2025-11-16 16:01:34.232,2051,483368.97
2025-11-16 16:01:34.232,2052,521823.06
2025-11-16 16:01:34.232,2053,460679.59
2025-11-16 16:01:34.232,2054,508356.06
2025-11-16 16:01:34.232,2055,592227.94
2025-11-16 16:01:34.232,2056,640033.69
2025-11-16 16:01:34.232,2057,748393.56
2025-11-16 16:01:34.232,2058,650520.19
2025-11-16 16:01:34.232,2059,650520.19
2025-11-16 16:01:34.232,2060,477494.09
2025-11-16 16:01:34.232,2061,900097.25
2025-11-16 16:01:34.232,2062,988899.38
2025-11-16 16:01:34.232,2063,988899.38
2025-11-16 16:01:34.232,2064,27384.16
2025-11-16 16:01:34.232,2065,26348.73
2025-11-16 16:01:34.232,2066,25836.37
2025-11-16 16:01:34.232,2067,25492.39
2025-11-16 16:01:34.232,2068,26026.81
2025-11-16 16:01:34.232,2069,25773.33
2025-11-16 16:01:34.232,2070,25963.11
2025-11-16 16:01:34.232,2071,25773.33
2025-11-16 16:01:34.232,2072,25773.33
2025-11-16 16:01:34.232,2073,25994.93
2025-11-16 16:01:34.232,2074,25836.37
2025-11-16 16:01:34.232,2075,26090.74
2025-11-16 16:01:34.232,2076,25710.52
2025-11-16 16:01:34.232,2077,25836.37
2025-11-16 16:01:34.232,2078,26577.51
2025-11-16 16:01:34.232,2079,25836.37
2025-11-16 16:01:34.232,2080,20081.49
2025-11-16 16:01:34.232,2081,20788.21
2025-11-16 16:01:34.232,2082,24324.12
2025-11-16 16:01:34.232,2083,25773.33
2025-11-16 16:01:34.232,2084,28335.09
2025-11-16 16:01:34.232,2085,28119.63
2025-11-16 16:01:34.232,2086,26676.44
2025-11-16 16:01:34.232,2087,28921.71
2025-11-16 16:01:34.232,2088,26942.87
2025-11-16 16:01:34.232,2089,28119.63
2025-11-16 16:01:34.232,2090,31543.36
2025-11-16 16:01:34.232,2091,29071.17
2025-11-16 16:01:34.232,2092,25836.37
2025-11-16 16:01:34.232,2093,30229.68
2025-11-16 16:01:34.232,2094,25963.11
2025-11-16 16:01:34.232,2095,26090.74
2025-11-16 16:01:34.232,2096,42658.5
2025-11-16 16:01:34.232,2097,26090.74
2025-11-16 16:01:34.232,2098,25276.9
2025-11-16 16:01:34.232,2099,28847.41
2025-11-16 16:01:34.232,2100,25679.2
2025-11-16 16:01:34.232,2101,26090.74
2025-11-16 16:01:34.232,2102,28119.63
2025-11-16 16:01:34.232,2103,37669.63
2025-11-16 16:01:34.232,2104,56260.74
2025-11-16 16:01:34.232,2105,53084.88
2025-11-16 16:01:34.232,2106,26643.4
2025-11-16 16:01:34.232,2107,26643.4
2025-11-16 16:01:34.232,2108,39887.21
2025-11-16 16:01:34.232,2109,83819.96
2025-11-16 16:01:34.232,2110,46527.84
2025-11-16 16:01:34.232,2111,46527.84
2025-11-16 16:01:34.232,2112,288853.09
2025-11-16 16:01:34.232,2113,261133.28
2025-11-16 16:01:34.232,2114,274319.47
2025-11-16 16:01:34.232,2115,280371.47
2025-11-16 16:01:34.232,2116,270422.94
2025-11-16 16:01:34.232,2117,288853.09
2025-11-16 16:01:34.232,2118,268514.44
2025-11-16 16:01:34.232,2119,280371.47
2025-11-16 16:01:34.232,2120,284551.28
2025-11-16 16:01:34.232,2121,276308.56
2025-11-16 16:01:34.232,2122,280371.47
2025-11-16 16:01:34.232,2123,280371.47
2025-11-16 16:01:34.232,2124,280371.47
2025-11-16 16:01:34.232,2125,278325.69
2025-11-16 16:01:34.232,2126,293282.41
2025-11-16 16:01:34.232,2127,268514.44
2025-11-16 16:01:34.232,2128,286686.59
2025-11-16 16:01:34.232,2129,276308.56
2025-11-16 16:01:34.232,2130,272357.75
2025-11-16 16:01:34.232,2131,280371.47
2025-11-16 16:01:34.232,2132,280371.47
2025-11-16 16:01:34.232,2133,314954.38
2025-11-16 16:01:34.232,2134,268514.44
2025-11-16 16:01:34.232,2135,264774.34
2025-11-16 16:01:34.232,2136,259348.69
2025-11-16 16:01:34.232,2137,250766.73
2025-11-16 16:01:34.232,2138,276308.56
2025-11-16 16:01:34.232,2139,257587.41
2025-11-16 16:01:34.232,2140,241163.34
2025-11-16 16:01:34.232,2141,250766.73
2025-11-16 16:01:34.232,2142,229407.17
2025-11-16 16:01:34.232,2143,257587.41
2025-11-16 16:01:34.232,2144,217430.56
2025-11-16 16:01:34.232,2145,241163.34
2025-11-16 16:01:34.232,2146,229407.17
2025-11-16 16:01:34.232,2147,288853.09
2025-11-16 16:01:34.232,2148,242714.52
2025-11-16 16:01:34.232,2149,239631.09
2025-11-16 16:01:34.232,2150,257587.41
2025-11-16 16:01:34.232,2151,362238.63
2025-11-16 16:01:34.232,2152,204325.27
2025-11-16 16:01:34.232,2153,430305.09
2025-11-16 16:01:34.232,2154,280371.47
2025-11-16 16:01:34.232,2155,280371.47
2025-11-16 16:01:34.232,2156,128722.46
2025-11-16 16:01:34.232,2157,430305.09
2025-11-16 16:01:34.232,2158,336993.63
2025-11-16 16:01:34.232,2159,336993.63
2025-11-16 16:01:34.232,2160,355589.28
2025-11-16 16:01:34.232,2161,395419.56
2025-11-16 16:01:34.232,2162,395419.56
2025-11-16 16:01:34.232,2163,379970.25
2025-11-16 16:01:34.232,2164,365654.84
2025-11-16 16:01:34.232,2165,358884.03
2025-11-16 16:01:34.232,2166,336993.63
2025-11-16 16:01:34.232,2167,403612.41
2025-11-16 16:01:34.232,2168,403612.41
2025-11-16 16:01:34.232,2169,365654.84
2025-11-16 16:01:34.232,2170,379970.25
2025-11-16 16:01:34.232,2171,383721.19
2025-11-16 16:01:34.232,2172,421032.91
2025-11-16 16:01:34.232,2173,425619.72
2025-11-16 16:01:34.232,2174,395419.56
2025-11-16 16:01:34.232,2175,372678.72
2025-11-16 16:01:34.232,2176,412143.03
2025-11-16 16:01:34.232,2177,379970.25
2025-11-16 16:01:34.232,2178,403612.41
2025-11-16 16:01:34.232,2179,387544.88
2025-11-16 16:01:34.232,2180,407834.16
2025-11-16 16:01:34.232,2181,439984.91
2025-11-16 16:01:34.232,2182,395419.56
2025-11-16 16:01:34.232,2183,407834.16
2025-11-16 16:01:34.232,2184,421032.91
2025-11-16 16:01:34.232,2185,395419.56
2025-11-16 16:01:34.232,2186,421032.91
2025-11-16 16:01:34.232,2187,425619.72
2025-11-16 16:01:34.232,2188,372678.72
2025-11-16 16:01:34.232,2189,425619.72
2025-11-16 16:01:34.232,2190,358884.03
2025-11-16 16:01:34.232,2191,379970.25
2025-11-16 16:01:34.232,2192,284551.28
2025-11-16 16:01:34.232,2193,407834.16
2025-11-16 16:01:34.232,2194,383721.19
2025-11-16 16:01:34.232,2195,439984.91
2025-11-16 16:01:34.232,2196,383721.19
2025-11-16 16:01:34.232,2197,365654.84
2025-11-16 16:01:34.232,2198,430305.09
2025-11-16 16:01:34.232,2199,444986.13
2025-11-16 16:01:34.232,2200,250766.73
2025-11-16 16:01:34.232,2201,640033.69
2025-11-16 16:01:34.232,2202,395419.56
2025-11-16 16:01:34.232,2203,395419.56
2025-11-16 16:01:34.232,2204,165668.98
2025-11-16 16:01:34.232,2205,721303.56
2025-11-16 16:01:34.232,2206,550970.88
2025-11-16 16:01:34.232,2207,550970.88
2025-11-16 16:01:34.232,2208,182175.47
2025-11-16 16:01:34.232,2209,182175.47
2025-11-16 16:01:34.232,2210,182175.47
2025-11-16 16:01:34.232,2211,182175.47
2025-11-16 16:01:34.232,2212,182175.47
2025-11-16 16:01:34.232,2213,182175.47
2025-11-16 16:01:34.232,2214,182175.47
2025-11-16 16:01:34.232,2215,182175.47
2025-11-16 16:01:34.232,2216,182175.47
2025-11-16 16:01:34.232,2217,182175.47
2025-11-16 16:01:34.232,2218,182175.47
2025-11-16 16:01:34.232,2219,182175.47
2025-11-16 16:01:34.232,2220,182175.47
2025-11-16 16:01:34.232,2221,182175.47
2025-11-16 16:01:34.232,2222,182175.47
2025-11-16 16:01:34.232,2223,182175.47
2025-11-16 16:01:34.232,2224,182175.47
2025-11-16 16:01:34.232,2225,182175.47
2025-11-16 16:01:34.232,2226,182175.47
2025-11-16 16:01:34.232,2227,182175.47
2025-11-16 16:01:34.232,2228,182175.47
2025-11-16 16:01:34.232,2229,182175.47
2025-11-16 16:01:34.232,2230,182175.47
2025-11-16 16:01:34.232,2231,182175.47
2025-11-16 16:01:34.232,2232,182175.47
2025-11-16 16:01:34.232,2233,182175.47
2025-11-16 16:01:34.232,2234,182175.47
2025-11-16 16:01:34.232,2235,182175.47
2025-11-16 16:01:34.232,2236,182175.47
2025-11-16 16:01:34.232,2237,182175.47
2025-11-16 16:01:34.232,2238,182175.47
2025-11-16 16:01:34.232,2239,182175.47
2025-11-16 16:01:34.232,2240,182175.47
2025-11-16 16:01:34.232,2241,182175.47
2025-11-16 16:01:34.232,2242,182175.47
2025-11-16 16:01:34.232,2243,182175.47
2025-11-16 16:01:34.232,2244,182175.47
2025-11-16 16:01:34.232,2245,182175.47
2025-11-16 16:01:34.232,2246,182175.47
2025-11-16 16:01:34.232,2247,182175.47
2025-11-16 16:01:34.232,2248,182175.47
2025-11-16 16:01:34.232,2249,182175.47
2025-11-16 16:01:34.232,2250,182175.47
2025-11-16 16:01:34.232,2251,182175.47
2025-11-16 16:01:34.232,2252,182175.47
2025-11-16 16:01:34.232,2253,182175.47
2025-11-16 16:01:34.232,2254,182175.47
2025-11-16 16:01:34.232,2255,182175.47
2025-11-16 16:01:34.232,2256,182175.47
2025-11-16 16:01:34.232,2257,182175.47
2025-11-16 16:01:34.232,2258,189679.88
2025-11-16 16:01:34.232,2259,188709.95
2025-11-16 16:01:34.232,2260,187749.41
2025-11-16 16:01:34.232,2261,182175.47
2025-11-16 16:01:34.232,2262,182175.47
2025-11-16 16:01:34.232,2263,195704.14
2025-11-16 16:01:34.232,2264,189679.88
2025-11-16 16:01:34.232,2265,181276.86
2025-11-16 16:01:34.232,2266,182175.47
2025-11-16 16:01:34.232,2267,183998.22
2025-11-16 16:01:34.232,2268,190659.31
2025-11-16 16:01:34.232,2269,178630.77
2025-11-16 16:01:34.232,2270,188709.95
2025-11-16 16:01:34.232,2271,176056.81
2025-11-16 16:01:34.232,2272,175214.38
2025-11-16 16:01:34.232,2273,166426.73
2025-11-16 16:01:34.232,2274,170315.53
2025-11-16 16:01:34.232,2275,178630.77
2025-11-16 16:01:34.232,2276,183082.55
2025-11-16 16:01:34.232,2277,178630.77
2025-11-16 16:01:34.232,2278,178630.77
2025-11-16 16:01:34.232,2279,189679.88
2025-11-16 16:01:34.232,2280,183082.55
2025-11-16 16:01:34.232,2281,183998.22
2025-11-16 16:01:34.232,2282,211280.41
2025-11-16 16:01:34.232,2283,184922.63
2025-11-16 16:01:34.232,2284,167191.02
2025-11-16 16:01:34.232,2285,187749.41
2025-11-16 16:01:34.232,2286,165668.98
2025-11-16 16:01:34.232,2287,171919.44
2025-11-16 16:01:34.232,2288,112509.73
2025-11-16 16:01:34.232,2289,176906.95
2025-11-16 16:01:34.232,2290,174379.52
2025-11-16 16:01:34.232,2291,189679.88
2025-11-16 16:01:34.232,2292,168739.63
2025-11-16 16:01:34.232,2293,171113.94
2025-11-16 16:01:34.232,2294,176906.95
2025-11-16 16:01:34.232,2295,229407.17
2025-11-16 16:01:34.232,2296,106903.57
2025-11-16 16:01:34.232,2297,280371.47
2025-11-16 16:01:34.232,2298,178630.77
2025-11-16 16:01:34.232,2299,178630.77
2025-11-16 16:01:34.232,2300,46371.55
2025-11-16 16:01:34.232,2301,284551.28
2025-11-16 16:01:34.232,2302,204325.27
2025-11-16 16:01:34.232,2303,204325.27
2025-11-16 16:01:34.595,0,23311.73
2025-11-16 16:01:34.595,1,30229.68
2025-11-16 16:01:34.595,2,32058.32
2025-11-16 16:01:34.595,3,31458.76
2025-11-16 16:01:34.595,4,31416.58
2025-11-16 16:01:34.595,5,32058.32
2025-11-16 16:01:34.595,6,32014.92
2025-11-16 16:01:34.595,7,31971.61
2025-11-16 16:01:34.595,8,32058.32
2025-11-16 16:01:34.595,9,31713.61
2025-11-16 16:01:34.595,10,32276.66
2025-11-16 16:01:34.595,11,32014.92
2025-11-16 16:01:34.595,12,32320.6
2025-11-16 16:01:34.595,13,32145.38
2025-11-16 16:01:34.595,14,34204.0
2025-11-16 16:01:34.595,15,32765.05
2025-11-16 16:01:34.595,16,37893.76
2025-11-16 16:01:34.595,17,35845.82
2025-11-16 16:01:34.595,18,35640.36
2025-11-16 16:01:34.595,19,40505.41
2025-11-16 16:01:34.595,20,36473.41
2025-11-16 16:01:34.595,21,36473.41
2025-11-16 16:01:34.595,22,33495.87
2025-11-16 16:01:34.595,23,36793.67
2025-11-16 16:01:34.595,24,34445.18
2025-11-16 16:01:34.595,25,35234.91
2025-11-16 16:01:34.595,26,39765.37
2025-11-16 16:01:34.595,27,36901.41
2025-11-16 16:01:34.595,28,36157.48
2025-11-16 16:01:34.595,29,37669.63
2025-11-16 16:01:34.595,30,36262.32
2025-11-16 16:01:34.595,31,37447.59
2025-11-16 16:01:34.595,32,61109.78
2025-11-16 16:01:34.595,33,35949.24
2025-11-16 16:01:34.595,34,36526.48
2025-11-16 16:01:34.595,35,38006.61
2025-11-16 16:01:34.595,36,36686.43
2025-11-16 16:01:34.595,37,36793.67
2025-11-16 16:01:34.595,38,39283.93
2025-11-16 16:01:34.595,39,48139.58
2025-11-16 16:01:34.595,40,77209.76
2025-11-16 16:01:34.595,41,61860.94
2025-11-16 16:01:34.595,42,35335.6
2025-11-16 16:01:34.595,43,35335.6
2025-11-16 16:01:34.595,44,46216.13
2025-11-16 16:01:34.595,45,86025.24
2025-11-16 16:01:34.595,46,49758.04
2025-11-16 16:01:34.595,47,49758.04
2025-11-16 16:01:34.595,48,93048.8
2025-11-16 16:01:34.595,49,99982.53
2025-11-16 16:01:34.595,50,99101.66
2025-11-16 16:01:34.595,51,94632.04
2025-11-16 16:01:34.595,52,103969.71
2025-11-16 16:01:34.595,53,102712.45
2025-11-16 16:01:34.595,54,104931.19
2025-11-16 16:01:34.595,55,102712.45
2025-11-16 16:01:34.595,56,102094.18
2025-11-16 16:01:34.595,57,101482.63
2025-11-16 16:01:34.595,58,100279.32
2025-11-16 16:01:34.595,59,101482.63
2025-11-16 16:01:34.595,60,103337.61
2025-11-16 16:01:34.595,61,101482.63
2025-11-16 16:01:34.595,62,110345.59
2025-11-16 16:01:34.595,63,105255.28
2025-11-16 16:01:34.595,64,113996.21
2025-11-16 16:01:34.595,65,103652.78
2025-11-16 16:01:34.595,66,113248.5
2025-11-16 16:01:34.595,67,126864.97
2025-11-16 16:01:34.595,68,107238.9
2025-11-16 16:01:34.595,69,108599.64
2025-11-16 16:01:34.595,70,105255.28
2025-11-16 16:01:34.595,71,109992.31
2025-11-16 16:01:34.595,72,103969.71
2025-11-16 16:01:34.595,73,110345.59
2025-11-16 16:01:34.595,74,112877.99
2025-11-16 16:01:34.595,75,110700.96
2025-11-16 16:01:34.595,76,107915.35
2025-11-16 16:01:34.595,77,112143.66
2025-11-16 16:01:34.595,78,108256.51
2025-11-16 16:01:34.595,79,109641.09
2025-11-16 16:01:34.595,80,164172.88
2025-11-16 16:01:34.595,81,109641.09
2025-11-16 16:01:34.595,82,112877.99
2025-11-16 16:01:34.595,83,115134.95
2025-11-16 16:01:34.595,84,113621.23
2025-11-16 16:01:34.595,85,111418.03
2025-11-16 16:01:34.595,86,119906.74
2025-11-16 16:01:34.595,87,142142.66
2025-11-16 16:01:34.595,88,223932.14
2025-11-16 16:01:34.595,89,170315.53
2025-11-16 16:01:34.595,90,109291.9
2025-11-16 16:01:34.595,91,109291.9
2025-11-16 16:01:34.595,92,92531.65
2025-11-16 16:01:34.595,93,127787.46
2025-11-16 16:01:34.595,94,107238.9
2025-11-16 16:01:34.595,95,107238.9
2025-11-16 16:01:34.595,96,63676.8
2025-11-16 16:01:34.595,97,65307.78
2025-11-16 16:01:34.595,98,67012.48
2025-11-16 16:01:34.595,99,66435.75
2025-11-16 16:01:34.595,100,65586.65
2025-11-16 16:01:34.595,101,67894.05
2025-11-16 16:01:34.595,102,70663.95
2025-11-16 16:01:34.595,103,66292.91
2025-11-16 16:01:34.595,104,66150.61
2025-11-16 16:01:34.595,105,66292.91
2025-11-16 16:01:34.595,106,68192.39
2025-11-16 16:01:34.595,107,67012.48
2025-11-16 16:01:34.595,108,66723.02
2025-11-16 16:01:34.595,109,68342.44
2025-11-16 16:01:34.595,110,70663.95
2025-11-16 16:01:34.595,111,66292.91
2025-11-16 16:01:34.595,112,77772.0
2025-11-16 16:01:34.595,113,75745.02
2025-11-16 16:01:34.595,114,71959.17
2025-11-16 16:01:34.595,115,82335.49
2025-11-16 16:01:34.595,116,72622.48
2025-11-16 16:01:34.595,117,71468.63
2025-11-16 16:01:34.595,118,72958.16
2025-11-16 16:01:34.595,119,75386.48
2025-11-16 16:01:34.595,120,71959.17
2025-11-16 16:01:34.595,121,73296.59
2025-11-16 16:01:34.595,122,77961.02
2025-11-16 16:01:34.595,123,76654.66
2025-11-16 16:01:34.595,124,76654.66
2025-11-16 16:01:34.595,125,78533.01
2025-11-16 16:01:34.595,126,76106.58
2025-11-16 16:01:34.595,127,78341.52
2025-11-16 16:01:34.595,128,112877.99
2025-11-16 16:01:34.595,129,71631.49
2025-11-16 16:01:34.595,130,76471.19
2025-11-16 16:01:34.595,131,80294.42
2025-11-16 16:01:34.595,132,78341.52
2025-11-16 16:01:34.595,133,78341.52
2025-11-16 16:01:34.595,134,80294.42
2025-11-16 16:01:34.595,135,94098.91
2025-11-16 16:01:34.595,136,151134.84
2025-11-16 16:01:34.595,137,113621.23
2025-11-16 16:01:34.595,138,76471.19
2025-11-16 16:01:34.595,139,76471.19
2025-11-16 16:01:34.595,140,84689.81
2025-11-16 16:01:34.595,141,141018.91
2025-11-16 16:01:34.595,142,93048.8
2025-11-16 16:01:34.595,143,93048.8
2025-11-16 16:01:34.595,144,51561.75
2025-11-16 16:01:34.595,145,52697.09
2025-11-16 16:01:34.595,146,50646.52
2025-11-16 16:01:34.595,147,50918.22
2025-11-16 16:01:34.595,148,50918.22
2025-11-16 16:01:34.595,149,51100.71
2025-11-16 16:01:34.595,150,51284.3
2025-11-16 16:01:34.595,151,51561.75
2025-11-16 16:01:34.595,152,50377.22
2025-11-16 16:01:34.595,153,50466.71
2025-11-16 16:01:34.595,154,51748.12
2025-11-16 16:01:34.595,155,51284.3
2025-11-16 16:01:34.595,156,51468.98
2025-11-16 16:01:34.595,157,51654.79
2025-11-16 16:01:34.595,158,53378.87
2025-11-16 16:01:34.595,159,50918.22
2025-11-16 16:01:34.595,160,57914.87
2025-11-16 16:01:34.595,161,54890.87
2025-11-16 16:01:34.595,162,54994.24
2025-11-16 16:01:34.595,163,63148.7
2025-11-16 16:01:34.595,164,56260.74
2025-11-16 16:01:34.595,165,58028.08
2025-11-16 16:01:34.595,166,55201.96
2025-11-16 16:01:34.595,167,57132.8
2025-11-16 16:01:34.595,168,54787.84
2025-11-16 16:01:34.595,169,56153.31
2025-11-16 16:01:34.595,170,61608.8
2025-11-16 16:01:34.595,171,57802.03
2025-11-16 16:01:34.595,172,56912.64
2025-11-16 16:01:34.595,173,59892.09
2025-11-16 16:01:34.595,174,57802.03
2025-11-16 16:01:34.595,175,58255.64
2025-11-16 16:01:34.595,176,89051.75
2025-11-16 16:01:34.595,177,58484.71
2025-11-16 16:01:34.595,178,58484.71
2025-11-16 16:01:34.595,179,60374.14
2025-11-16 16:01:34.595,180,59892.09
2025-11-16 16:01:34.595,181,60132.29
2025-11-16 16:01:34.595,182,63017.86
2025-11-16 16:01:34.595,183,74678.3
2025-11-16 16:01:34.595,184,121579.19
2025-11-16 16:01:34.595,185,92531.65
2025-11-16 16:01:34.595,186,58141.67
2025-11-16 16:01:34.595,187,58141.67
2025-11-16 16:01:34.595,188,74328.61
2025-11-16 16:01:34.595,189,111058.42
2025-11-16 16:01:34.595,190,75745.02
2025-11-16 16:01:34.595,191,75745.02
2025-11-16 16:01:34.595,192,36053.13
2025-11-16 16:01:34.595,193,31290.57
2025-11-16 16:01:34.595,194,35335.6
2025-11-16 16:01:34.595,195,30753.24
2025-11-16 16:01:34.595,196,35234.91
2025-11-16 16:01:34.595,197,35742.86
2025-11-16 16:01:34.595,198,35234.91
2025-11-16 16:01:34.595,199,35134.67
2025-11-16 16:01:34.595,200,35742.86
2025-11-16 16:01:34.595,201,35084.71
2025-11-16 16:01:34.595,202,35742.86
2025-11-16 16:01:34.595,203,35845.82
2025-11-16 16:01:34.595,204,36001.13
2025-11-16 16:01:34.595,205,35386.11
2025-11-16 16:01:34.595,206,37893.76
2025-11-16 16:01:34.595,207,35640.36
2025-11-16 16:01:34.595,208,41332.29
2025-11-16 16:01:34.595,209,39224.4
2025-11-16 16:01:34.595,210,38811.68
2025-11-16 16:01:34.595,211,44707.67
2025-11-16 16:01:34.595,212,39523.48
2025-11-16 16:01:34.595,213,40132.67
2025-11-16 16:01:34.595,214,37337.34
2025-11-16 16:01:34.595,215,39583.74
2025-11-16 16:01:34.595,216,37392.4
2025-11-16 16:01:34.595,217,38120.0
2025-11-16 16:01:34.595,218,42590.57
2025-11-16 16:01:34.595,219,39887.21
2025-11-16 16:01:34.595,220,39283.93
2025-11-16 16:01:34.595,221,41139.08
2025-11-16 16:01:34.595,222,39887.21
2025-11-16 16:01:34.595,223,40442.9
2025-11-16 16:01:34.595,224,65586.65
2025-11-16 16:01:34.595,225,39283.93
2025-11-16 16:01:34.595,226,39765.37
2025-11-16 16:01:34.595,227,41657.55
2025-11-16 16:01:34.595,228,40568.07
2025-11-16 16:01:34.595,229,40194.41
2025-11-16 16:01:34.595,230,42590.57
2025-11-16 16:01:34.595,231,51841.71
2025-11-16 16:01:34.595,232,85800.06
2025-11-16 16:01:34.595,233,66723.02
2025-11-16 16:01:34.595,234,39283.93
2025-11-16 16:01:34.595,235,39283.93
2025-11-16 16:01:34.595,236,58028.08
2025-11-16 16:01:34.595,237,97664.48
2025-11-16 16:01:34.595,238,58028.08
2025-11-16 16:01:34.595,239,58028.08
2025-11-16 16:01:34.595,240,16751.64
2025-11-16 16:01:34.595,241,16911.3
2025-11-16 16:01:34.595,242,15668.45
2025-11-16 16:01:34.595,243,15914.42
2025-11-16 16:01:34.595,244,15523.09
2025-11-16 16:01:34.595,245,15652.22
2025-11-16 16:01:34.595,246,15555.25
2025-11-16 16:01:34.595,247,15619.82
2025-11-16 16:01:34.595,248,15523.09
2025-11-16 16:01:34.595,249,15395.25
2025-11-16 16:01:34.595,250,15523.09
2025-11-16 16:01:34.595,251,15587.49
2025-11-16 16:01:34.595,252,15749.92
2025-11-16 16:01:34.595,253,15619.82
2025-11-16 16:01:34.595,254,16769.29
2025-11-16 16:01:34.595,255,15749.92
2025-11-16 16:01:34.595,256,19069.58
2025-11-16 16:01:34.595,257,17606.89
2025-11-16 16:01:34.595,258,17853.14
2025-11-16 16:01:34.595,259,20952.39
2025-11-16 16:01:34.595,260,18201.42
2025-11-16 16:01:34.595,261,18740.4
2025-11-16 16:01:34.595,262,16611.29
2025-11-16 16:01:34.595,263,18458.39
2025-11-16 16:01:34.595,264,16947.04
2025-11-16 16:01:34.595,265,17420.39
2025-11-16 16:01:34.595,266,20928.83
2025-11-16 16:01:34.595,267,18221.02
2025-11-16 16:01:34.595,268,18123.28
2025-11-16 16:01:34.595,269,19449.01
2025-11-16 16:01:34.595,270,18201.42
2025-11-16 16:01:34.595,271,18438.46
2025-11-16 16:01:34.595,272,33729.39
2025-11-16 16:01:34.595,273,17872.27
2025-11-16 16:01:34.595,274,18240.65
2025-11-16 16:01:34.595,275,19279.16
2025-11-16 16:01:34.595,276,18659.26
2025-11-16 16:01:34.595,277,18740.4
2025-11-16 16:01:34.595,278,20193.28
2025-11-16 16:01:34.595,279,26026.81
2025-11-16 16:01:34.595,280,43840.75
2025-11-16 16:01:34.595,281,35335.6
2025-11-16 16:01:34.595,282,18045.56
2025-11-16 16:01:34.595,283,18045.56
2025-11-16 16:01:34.595,284,32855.06
2025-11-16 16:01:34.595,285,61358.41
2025-11-16 16:01:34.595,286,31628.31
2025-11-16 16:01:34.595,287,31628.31
2025-11-16 16:01:34.595,288,14896.38
2025-11-16 16:01:34.595,289,15034.71
2025-11-16 16:01:34.595,290,13758.38
2025-11-16 16:01:34.595,291,14154.79
2025-11-16 16:01:34.595,292,13647.49
2025-11-16 16:01:34.595,293,13814.22
2025-11-16 16:01:34.595,294,13688.95
2025-11-16 16:01:34.595,295,13814.22
2025-11-16 16:01:34.595,296,13758.38
2025-11-16 16:01:34.595,297,13702.81
2025-11-16 16:01:34.595,298,13842.23
2025-11-16 16:01:34.595,299,13730.56
2025-11-16 16:01:34.595,300,13856.26
2025-11-16 16:01:34.595,301,13730.56
2025-11-16 16:01:34.595,302,14835.39
2025-11-16 16:01:34.595,303,13926.67
2025-11-16 16:01:34.595,304,17163.47
2025-11-16 16:01:34.595,305,15815.47
2025-11-16 16:01:34.595,306,16014.12
2025-11-16 16:01:34.595,307,18740.4
2025-11-16 16:01:34.595,308,16386.33
2025-11-16 16:01:34.595,309,16893.47
2025-11-16 16:01:34.595,310,14805.01
2025-11-16 16:01:34.595,311,16593.85
2025-11-16 16:01:34.595,312,15127.77
2025-11-16 16:01:34.595,313,15619.82
2025-11-16 16:01:34.595,314,18986.58
2025-11-16 16:01:34.595,315,16420.69
2025-11-16 16:01:34.595,316,16232.79
2025-11-16 16:01:34.595,317,17588.13
2025-11-16 16:01:34.595,318,16131.41
2025-11-16 16:01:34.595,319,16455.14
2025-11-16 16:01:34.595,320,31885.26
2025-11-16 16:01:34.595,321,15881.35
2025-11-16 16:01:34.595,322,16403.5
2025-11-16 16:01:34.595,323,17054.83
2025-11-16 16:01:34.595,324,16628.76
2025-11-16 16:01:34.595,325,16875.66
2025-11-16 16:01:34.595,326,18221.02
2025-11-16 16:01:34.595,327,23642.52
2025-11-16 16:01:34.595,328,41526.96
2025-11-16 16:01:34.595,329,32586.16
2025-11-16 16:01:34.595,330,16131.41
2025-11-16 16:01:34.595,331,16131.41
2025-11-16 16:01:34.595,332,28119.63
2025-11-16 16:01:34.595,333,56046.25
2025-11-16 16:01:34.595,334,29449.88
2025-11-16 16:01:34.595,335,29449.88
2025-11-16 16:01:34.595,336,14372.61
2025-11-16 16:01:34.595,337,14729.37
2025-11-16 16:01:34.595,338,13307.49
2025-11-16 16:01:34.595,339,13702.81
2025-11-16 16:01:34.595,340,13227.34
2025-11-16 16:01:34.595,341,13401.71
2025-11-16 16:01:34.595,342,13240.66
2025-11-16 16:01:34.595,343,13240.66
2025-11-16 16:01:34.595,344,13240.66
2025-11-16 16:01:34.595,345,13227.34
2025-11-16 16:01:34.595,346,13294.1
2025-11-16 16:01:34.595,347,13267.35
2025-11-16 16:01:34.595,348,13187.46
2025-11-16 16:01:34.595,349,13214.03
2025-11-16 16:01:34.595,350,14270.47
2025-11-16 16:01:34.595,351,13267.35
2025-11-16 16:01:34.595,352,16698.84
2025-11-16 16:01:34.595,353,15268.68
2025-11-16 16:01:34.595,354,15491.01
2025-11-16 16:01:34.595,355,18181.84
2025-11-16 16:01:34.595,356,15947.57
2025-11-16 16:01:34.595,357,16182.0
2025-11-16 16:01:34.595,358,14183.61
2025-11-16 16:01:34.595,359,16014.12
2025-11-16 16:01:34.595,360,14328.73
2025-11-16 16:01:34.595,361,14865.85
2025-11-16 16:01:34.595,362,18221.02
2025-11-16 16:01:34.595,363,15603.64
2025-11-16 16:01:34.595,364,15603.64
2025-11-16 16:01:34.595,365,16734.02
2025-11-16 16:01:34.595,366,15636.01
2025-11-16 16:01:34.595,367,15815.47
2025-11-16 16:01:34.595,368,30550.28
2025-11-16 16:01:34.595,369,15300.2
2025-11-16 16:01:34.595,370,15749.92
2025-11-16 16:01:34.595,371,16352.05
2025-11-16 16:01:34.595,372,15947.57
2025-11-16 16:01:34.595,373,16114.59
2025-11-16 16:01:34.595,374,17346.5
2025-11-16 16:01:34.595,375,22643.0
2025-11-16 16:01:34.595,376,40256.3
2025-11-16 16:01:34.595,377,31458.76
2025-11-16 16:01:34.595,378,15363.49
2025-11-16 16:01:34.595,379,15363.49
2025-11-16 16:01:34.595,380,26219.28
2025-11-16 16:01:34.595,381,47322.41
2025-11-16 16:01:34.595,382,27836.08
2025-11-16 16:01:34.595,383,27836.08
2025-11-16 16:01:34.595,384,14226.96
2025-11-16 16:01:34.595,385,14387.27
2025-11-16 16:01:34.595,386,13055.53
2025-11-16 16:01:34.595,387,13415.23
2025-11-16 16:01:34.595,388,13016.24
2025-11-16 16:01:34.595,389,13055.53
2025-11-16 16:01:34.595,390,13055.53
2025-11-16 16:01:34.595,391,13187.46
2025-11-16 16:01:34.595,392,13055.53
2025-11-16 16:01:34.595,393,13029.33
2025-11-16 16:01:34.595,394,13174.2
2025-11-16 16:01:34.595,395,13042.42
2025-11-16 16:01:34.595,396,13200.74
2025-11-16 16:01:34.595,397,13081.8
2025-11-16 16:01:34.595,398,14212.49
2025-11-16 16:01:34.595,399,13214.03
2025-11-16 16:01:34.595,400,16249.76
2025-11-16 16:01:34.595,401,15081.15
2025-11-16 16:01:34.595,402,15395.25
2025-11-16 16:01:34.595,403,17910.59
2025-11-16 16:01:34.595,404,16014.12
2025-11-16 16:01:34.595,405,16369.18
2025-11-16 16:01:34.595,406,14212.49
2025-11-16 16:01:34.595,407,15947.57
2025-11-16 16:01:34.595,408,14564.57
2025-11-16 16:01:34.595,409,15158.95
2025-11-16 16:01:34.595,410,18418.55
2025-11-16 16:01:34.595,411,15749.92
2025-11-16 16:01:34.595,412,15555.25
2025-11-16 16:01:34.595,413,16786.96
2025-11-16 16:01:34.595,414,15491.01
2025-11-16 16:01:34.595,415,15619.82
2025-11-16 16:01:34.595,416,30469.65
2025-11-16 16:01:34.595,417,15268.68
2025-11-16 16:01:34.595,418,15684.7
2025-11-16 16:01:34.595,419,16455.14
2025-11-16 16:01:34.595,420,15897.87
2025-11-16 16:01:34.595,421,16047.52
2025-11-16 16:01:34.595,422,17438.93
2025-11-16 16:01:34.595,423,23040.99
2025-11-16 16:01:34.595,424,41397.01
2025-11-16 16:01:34.595,425,34542.39
2025-11-16 16:01:34.595,426,15315.99
2025-11-16 16:01:34.595,427,15315.99
2025-11-16 16:01:34.595,428,25804.82
2025-11-16 16:01:34.595,429,48810.25
2025-11-16 16:01:34.595,430,28407.46
2025-11-16 16:01:34.595,431,28407.46
2025-11-16 16:01:34.595,432,14054.46
2025-11-16 16:01:34.595,433,14140.4
2025-11-16 16:01:34.595,434,13029.33
2025-11-16 16:01:34.595,435,13374.71
2025-11-16 16:01:34.595,436,13042.42
2025-11-16 16:01:34.595,437,13081.8
2025-11-16 16:01:34.595,438,13029.33
2025-11-16 16:01:34.595,439,13081.8
2025-11-16 16:01:34.595,440,13029.33
2025-11-16 16:01:34.595,441,12977.09
2025-11-16 16:01:34.595,442,13081.8
2025-11-16 16:01:34.595,443,13055.53
2025-11-16 16:01:34.595,444,13121.31
2025-11-16 16:01:34.595,445,13108.13
2025-11-16 16:01:34.595,446,14270.47
2025-11-16 16:01:34.595,447,13401.71
2025-11-16 16:01:34.595,448,16420.69
2025-11-16 16:01:34.595,449,15112.21
2025-11-16 16:01:34.595,450,15331.81
2025-11-16 16:01:34.595,451,18045.56
2025-11-16 16:01:34.595,452,16097.79
2025-11-16 16:01:34.595,453,16386.33
2025-11-16 16:01:34.595,454,14097.35
2025-11-16 16:01:34.595,455,16014.12
2025-11-16 16:01:34.595,456,14505.19
2025-11-16 16:01:34.595,457,15174.57
2025-11-16 16:01:34.595,458,18458.39
2025-11-16 16:01:34.595,459,15799.05
2025-11-16 16:01:34.595,460,15587.49
2025-11-16 16:01:34.595,461,16840.11
2025-11-16 16:01:34.595,462,15587.49
2025-11-16 16:01:34.595,463,15652.22
2025-11-16 16:01:34.595,464,30794.08
2025-11-16 16:01:34.595,465,15143.35
2025-11-16 16:01:34.595,466,15684.7
2025-11-16 16:01:34.595,467,16386.33
2025-11-16 16:01:34.595,468,15864.85
2025-11-16 16:01:34.595,469,16014.12
2025-11-16 16:01:34.595,470,17328.08
2025-11-16 16:01:34.595,471,22933.92
2025-11-16 16:01:34.595,472,40318.35
2025-11-16 16:01:34.595,473,34348.4
2025-11-16 16:01:34.595,474,15174.57
2025-11-16 16:01:34.595,475,15174.57
2025-11-16 16:01:34.595,476,25804.82
2025-11-16 16:01:34.595,477,45151.65
2025-11-16 16:01:34.595,478,28810.36
2025-11-16 16:01:34.595,479,28810.36
2025-11-16 16:01:34.595,480,14097.35
2025-11-16 16:01:34.595,481,14183.61
2025-11-16 16:01:34.595,482,12951.06
2025-11-16 16:01:34.595,483,13320.91
2025-11-16 16:01:34.595,484,13029.33
2025-11-16 16:01:34.595,485,13068.66
2025-11-16 16:01:34.595,486,12990.12
2025-11-16 16:01:34.595,487,13055.53
2025-11-16 16:01:34.595,488,13003.18
2025-11-16 16:01:34.595,489,13029.33
2025-11-16 16:01:34.595,490,13003.18
2025-11-16 16:01:34.595,491,13081.8
2025-11-16 16:01:34.595,492,13160.96
2025-11-16 16:01:34.595,493,13003.18
2025-11-16 16:01:34.595,494,14126.04
2025-11-16 16:01:34.595,495,13094.96
2025-11-16 16:01:34.595,496,16198.91
2025-11-16 16:01:34.595,497,15003.83
2025-11-16 16:01:34.595,498,15252.94
2025-11-16 16:01:34.595,499,17795.93
2025-11-16 16:01:34.595,500,15881.35
2025-11-16 16:01:34.595,501,16182.0
2025-11-16 16:01:34.595,502,13983.3
2025-11-16 16:01:34.595,503,15831.91
2025-11-16 16:01:34.595,504,14357.96
2025-11-16 16:01:34.595,505,14988.43
2025-11-16 16:01:34.595,506,18339.21
2025-11-16 16:01:34.595,507,15766.28
2025-11-16 16:01:34.595,508,15331.81
2025-11-16 16:01:34.595,509,16611.29
2025-11-16 16:01:34.595,510,15300.2
2025-11-16 16:01:34.595,511,15491.01
2025-11-16 16:01:34.595,512,30389.34
2025-11-16 16:01:34.595,513,15143.35
2025-11-16 16:01:34.595,514,15507.04
2025-11-16 16:01:34.595,515,16249.76
2025-11-16 16:01:34.595,516,15782.65
2025-11-16 16:01:34.595,517,15848.37
2025-11-16 16:01:34.595,518,17272.99
2025-11-16 16:01:34.595,519,22616.81
2025-11-16 16:01:34.595,520,39523.48
2025-11-16 16:01:34.595,521,34060.55
2025-11-16 16:01:34.595,522,15143.35
2025-11-16 16:01:34.595,523,15143.35
2025-11-16 16:01:34.595,524,25124.57
2025-11-16 16:01:34.595,525,44854.87
2025-11-16 16:01:34.595,526,27800.93
2025-11-16 16:01:34.595,527,27800.93
2025-11-16 16:01:34.595,528,13926.67
2025-11-16 16:01:34.595,529,13954.95
2025-11-16 16:01:34.595,530,13003.18
2025-11-16 16:01:34.595,531,13294.1
2025-11-16 16:01:34.595,532,12834.64
2025-11-16 16:01:34.595,533,13081.8
2025-11-16 16:01:34.595,534,12951.06
2025-11-16 16:01:34.595,535,12899.17
2025-11-16 16:01:34.595,536,13003.18
2025-11-16 16:01:34.595,537,12977.09
2025-11-16 16:01:34.595,538,12990.12
2025-11-16 16:01:34.595,539,12951.06
2025-11-16 16:01:34.595,540,13160.96
2025-11-16 16:01:34.595,541,13042.42
2025-11-16 16:01:34.595,542,14126.04
2025-11-16 16:01:34.595,543,13094.96
2025-11-16 16:01:34.595,544,16215.84
2025-11-16 16:01:34.595,545,15081.15
2025-11-16 16:01:34.595,546,15300.2
2025-11-16 16:01:34.595,547,17834.04
2025-11-16 16:01:34.595,548,15684.7
2025-11-16 16:01:34.595,549,16215.84
2025-11-16 16:01:34.595,550,14068.74
2025-11-16 16:01:34.595,551,15914.42
2025-11-16 16:01:34.595,552,14416.64
2025-11-16 16:01:34.595,553,15050.17
2025-11-16 16:01:34.595,554,18201.42
2025-11-16 16:01:34.595,555,15684.7
2025-11-16 16:01:34.595,556,15427.09
2025-11-16 16:01:34.595,557,16769.29
2025-11-16 16:01:34.595,558,15363.49
2025-11-16 16:01:34.595,559,15571.36
2025-11-16 16:01:34.595,560,30550.28
2025-11-16 16:01:34.595,561,15190.2
2025-11-16 16:01:34.595,562,15491.01
2025-11-16 16:01:34.595,563,16249.76
2025-11-16 16:01:34.595,564,15881.35
2025-11-16 16:01:34.595,565,15914.42
2025-11-16 16:01:34.595,566,17457.49
2025-11-16 16:01:34.595,567,22827.54
2025-11-16 16:01:34.595,568,40442.9
2025-11-16 16:01:34.595,569,34348.4
2025-11-16 16:01:34.595,570,15331.81
2025-11-16 16:01:34.595,571,15331.81
2025-11-16 16:01:34.595,572,25523.39
2025-11-16 16:01:34.595,573,45602.89
2025-11-16 16:01:34.595,574,28335.09
2025-11-16 16:01:34.595,575,28335.09
2025-11-16 16:01:34.595,576,14126.04
2025-11-16 16:01:34.595,577,14299.57
2025-11-16 16:01:34.595,578,13187.46
2025-11-16 16:01:34.595,579,13510.31
2025-11-16 16:01:34.595,580,13055.53
2025-11-16 16:01:34.595,581,13240.66
2025-11-16 16:01:34.595,582,13094.96
2025-11-16 16:01:34.595,583,13160.96
2025-11-16 16:01:34.595,584,13055.53
2025-11-16 16:01:34.595,585,13081.8
2025-11-16 16:01:34.595,586,13200.74
2025-11-16 16:01:34.595,587,13055.53
2025-11-16 16:01:34.595,588,13214.03
2025-11-16 16:01:34.595,589,13081.8
2025-11-16 16:01:34.595,590,14285.01
2025-11-16 16:01:34.595,591,13294.1
2025-11-16 16:01:34.595,592,16249.76
2025-11-16 16:01:34.595,593,15158.95
2025-11-16 16:01:34.595,594,15347.64
2025-11-16 16:01:34.595,595,18026.2
2025-11-16 16:01:34.595,596,15881.35
2025-11-16 16:01:34.595,597,16420.69
2025-11-16 16:01:34.595,598,14025.94
2025-11-16 16:01:34.595,599,15897.87
2025-11-16 16:01:34.595,600,14534.84
2025-11-16 16:01:34.595,601,15174.57
2025-11-16 16:01:34.595,602,18260.31
2025-11-16 16:01:34.595,603,15930.98
2025-11-16 16:01:34.595,604,15603.64
2025-11-16 16:01:34.595,605,16716.42
2025-11-16 16:01:34.595,606,15363.49
2025-11-16 16:01:34.595,607,15523.09
2025-11-16 16:01:34.595,608,31206.99
2025-11-16 16:01:34.595,609,15158.95
2025-11-16 16:01:34.595,610,15395.25
2025-11-16 16:01:34.595,611,16386.33
2025-11-16 16:01:34.595,612,16114.59
2025-11-16 16:01:34.595,613,16114.59
2025-11-16 16:01:34.595,614,17494.69
2025-11-16 16:01:34.595,615,22774.6
2025-11-16 16:01:34.595,616,40883.72
2025-11-16 16:01:34.595,617,34935.51
2025-11-16 16:01:34.595,618,15379.36
2025-11-16 16:01:34.595,619,15379.36
2025-11-16 16:01:34.595,620,26154.89
2025-11-16 16:01:34.595,621,45301.25
2025-11-16 16:01:34.595,622,28699.64
2025-11-16 16:01:34.595,623,28699.64
2025-11-16 16:01:34.595,624,14183.61
2025-11-16 16:01:34.595,625,14416.64
2025-11-16 16:01:34.595,626,13214.03
2025-11-16 16:01:34.595,627,13592.43
2025-11-16 16:01:34.595,628,13081.8
2025-11-16 16:01:34.595,629,13267.35
2025-11-16 16:01:34.595,630,13094.96
2025-11-16 16:01:34.595,631,13200.74
2025-11-16 16:01:34.595,632,13200.74
2025-11-16 16:01:34.595,633,13174.2
2025-11-16 16:01:34.595,634,13294.1
2025-11-16 16:01:34.595,635,13055.53
2025-11-16 16:01:34.595,636,13280.71
2025-11-16 16:01:34.595,637,13214.03
2025-11-16 16:01:34.595,638,14328.73
2025-11-16 16:01:34.595,639,13108.13
2025-11-16 16:01:34.595,640,16455.14
2025-11-16 16:01:34.595,641,15268.68
2025-11-16 16:01:34.595,642,15411.16
2025-11-16 16:01:34.595,643,18181.84
2025-11-16 16:01:34.595,644,16114.59
2025-11-16 16:01:34.595,645,16437.9
2025-11-16 16:01:34.595,646,14154.79
2025-11-16 16:01:34.595,647,16014.12
2025-11-16 16:01:34.595,648,14609.3
2025-11-16 16:01:34.595,649,15174.57
2025-11-16 16:01:34.595,650,18378.83
2025-11-16 16:01:34.595,651,15914.42
2025-11-16 16:01:34.595,652,15619.82
2025-11-16 16:01:34.595,653,16911.3
2025-11-16 16:01:34.595,654,15523.09
2025-11-16 16:01:34.595,655,15848.37
2025-11-16 16:01:34.595,656,30631.22
2025-11-16 16:01:34.595,657,15331.81
2025-11-16 16:01:34.595,658,15652.22
2025-11-16 16:01:34.595,659,16663.75
2025-11-16 16:01:34.595,660,16064.26
2025-11-16 16:01:34.595,661,16148.25
2025-11-16 16:01:34.595,662,17531.99
2025-11-16 16:01:34.595,663,22987.37
2025-11-16 16:01:34.595,664,40505.41
2025-11-16 16:01:34.595,665,35234.91
2025-11-16 16:01:34.595,666,965113.19
2025-11-16 16:01:34.595,667,15427.09
2025-11-16 16:01:34.595,668,25836.37
2025-11-16 16:01:34.595,669,46922.36
2025-11-16 16:01:34.595,670,28699.64
2025-11-16 16:01:34.595,671,28699.64
2025-11-16 16:01:34.595,672,14040.19
2025-11-16 16:01:34.595,673,14154.79
2025-11-16 16:01:34.595,674,13108.13
2025-11-16 16:01:34.595,675,13334.34
2025-11-16 16:01:34.595,676,13081.8
2025-11-16 16:01:34.595,677,13108.13
2025-11-16 16:01:34.595,678,13055.53
2025-11-16 16:01:34.595,679,13240.66
2025-11-16 16:01:34.595,680,13081.8
2025-11-16 16:01:34.595,681,13094.96
2025-11-16 16:01:34.595,682,13240.66
2025-11-16 16:01:34.595,683,13214.03
2025-11-16 16:01:34.595,684,13280.71
2025-11-16 16:01:34.595,685,13108.13
2025-11-16 16:01:34.595,686,14314.14
2025-11-16 16:01:34.595,687,13294.1
2025-11-16 16:01:34.595,688,16283.77
2025-11-16 16:01:34.595,689,15019.26
2025-11-16 16:01:34.595,690,15411.16
2025-11-16 16:01:34.595,691,17910.59
2025-11-16 16:01:34.595,692,16047.52
2025-11-16 16:01:34.595,693,16386.33
2025-11-16 16:01:34.595,694,14140.4
2025-11-16 16:01:34.595,695,16047.52
2025-11-16 16:01:34.595,696,14564.57
2025-11-16 16:01:34.595,697,15300.2
2025-11-16 16:01:34.595,698,18518.36
2025-11-16 16:01:34.595,699,15881.35
2025-11-16 16:01:34.595,700,15603.64
2025-11-16 16:01:34.595,701,16875.66
2025-11-16 16:01:34.595,702,15603.64
2025-11-16 16:01:34.595,703,15684.7
2025-11-16 16:01:34.595,704,30712.49
2025-11-16 16:01:34.595,705,15491.01
2025-11-16 16:01:34.595,706,15749.92
2025-11-16 16:01:34.595,707,16628.76
2025-11-16 16:01:34.595,708,15930.98
2025-11-16 16:01:34.595,709,16182.0
2025-11-16 16:01:34.595,710,17346.5
2025-11-16 16:01:34.595,711,23094.79
2025-11-16 16:01:34.595,712,41592.18
2025-11-16 16:01:34.595,713,36473.41
2025-11-16 16:01:34.595,714,15507.04
2025-11-16 16:01:34.595,715,15507.04
2025-11-16 16:01:34.595,716,25963.11
2025-11-16 16:01:34.595,717,45907.83
2025-11-16 16:01:34.595,718,28736.48
2025-11-16 16:01:34.595,719,28736.48
2025-11-16 16:01:34.595,720,14126.04
2025-11-16 16:01:34.595,721,14387.27
2025-11-16 16:01:34.595,722,13280.71
2025-11-16 16:01:34.595,723,13675.12
2025-11-16 16:01:34.595,724,13254.0
2025-11-16 16:01:34.595,725,13388.2
2025-11-16 16:01:34.595,726,13294.1
2025-11-16 16:01:34.595,727,13347.78
2025-11-16 16:01:34.595,728,13347.78
2025-11-16 16:01:34.595,729,13294.1
2025-11-16 16:01:34.595,730,13320.91
2025-11-16 16:01:34.595,731,13374.71
2025-11-16 16:01:34.595,732,13483.07
2025-11-16 16:01:34.595,733,13347.78
2025-11-16 16:01:34.595,734,14564.57
2025-11-16 16:01:34.595,735,13510.31
2025-11-16 16:01:34.595,736,16628.76
2025-11-16 16:01:34.595,737,15331.81
2025-11-16 16:01:34.595,738,15619.82
2025-11-16 16:01:34.595,739,18339.21
2025-11-16 16:01:34.595,740,16232.79
2025-11-16 16:01:34.595,741,16734.02
2025-11-16 16:01:34.595,742,14299.57
2025-11-16 16:01:34.595,743,16131.41
2025-11-16 16:01:34.595,744,14881.11
2025-11-16 16:01:34.595,745,15395.25
2025-11-16 16:01:34.595,746,19069.58
2025-11-16 16:01:34.595,747,16182.0
2025-11-16 16:01:34.595,748,15881.35
2025-11-16 16:01:34.595,749,17127.16
2025-11-16 16:01:34.595,750,15881.35
2025-11-16 16:01:34.595,751,16047.52
2025-11-16 16:01:34.595,752,31290.57
2025-11-16 16:01:34.595,753,15652.22
2025-11-16 16:01:34.595,754,16064.26
2025-11-16 16:01:34.595,755,16911.3
2025-11-16 16:01:34.595,756,16334.95
2025-11-16 16:01:34.595,757,16352.05
2025-11-16 16:01:34.595,758,17853.14
2025-11-16 16:01:34.595,759,23421.27
2025-11-16 16:01:34.595,760,42794.9
2025-11-16 16:01:34.595,761,31971.61
2025-11-16 16:01:34.595,762,15700.98
2025-11-16 16:01:34.595,763,15700.98
2025-11-16 16:01:34.595,764,26676.44
2025-11-16 16:01:34.595,765,48810.25
2025-11-16 16:01:34.595,766,29146.33
2025-11-16 16:01:34.595,767,29146.33
2025-11-16 16:01:34.595,768,14654.19
2025-11-16 16:01:34.595,769,14926.99
2025-11-16 16:01:34.595,770,13702.81
2025-11-16 16:01:34.595,771,14183.61
2025-11-16 16:01:34.595,772,13455.89
2025-11-16 16:01:34.595,773,13675.12
2025-11-16 16:01:34.595,774,13688.95
2025-11-16 16:01:34.595,775,13758.38
2025-11-16 16:01:34.595,776,13730.56
2025-11-16 16:01:34.595,777,13606.17
2025-11-16 16:01:34.595,778,13702.81
2025-11-16 16:01:34.595,779,13730.56
2025-11-16 16:01:34.595,780,13842.23
2025-11-16 16:01:34.595,781,13592.43
2025-11-16 16:01:34.595,782,14759.57
2025-11-16 16:01:34.595,783,13842.23
2025-11-16 16:01:34.595,784,16893.47
2025-11-16 16:01:34.595,785,15749.92
2025-11-16 16:01:34.595,786,16014.12
2025-11-16 16:01:34.595,787,18438.46
2025-11-16 16:01:34.595,788,16663.75
2025-11-16 16:01:34.595,789,17018.8
2025-11-16 16:01:34.595,790,14624.25
2025-11-16 16:01:34.595,791,16663.75
2025-11-16 16:01:34.595,792,14896.38
2025-11-16 16:01:34.595,793,15619.82
2025-11-16 16:01:34.595,794,18822.0
2025-11-16 16:01:34.595,795,16352.05
2025-11-16 16:01:34.595,796,16014.12
2025-11-16 16:01:34.595,797,17272.99
2025-11-16 16:01:34.595,798,16047.52
2025-11-16 16:01:34.595,799,16131.41
2025-11-16 16:01:34.595,800,31458.76
2025-11-16 16:01:34.595,801,15782.65
2025-11-16 16:01:34.595,802,16131.41
2025-11-16 16:01:34.595,803,17163.47
2025-11-16 16:01:34.595,804,16352.05
2025-11-16 16:01:34.595,805,16182.0
2025-11-16 16:01:34.595,806,17853.14
2025-11-16 16:01:34.595,807,23393.82
2025-11-16 16:01:34.595,808,43557.83
2025-11-16 16:01:34.595,809,37118.37
2025-11-16 16:01:34.595,810,16014.12
2025-11-16 16:01:34.595,811,16014.12
2025-11-16 16:01:34.595,812,26610.43
2025-11-16 16:01:34.595,813,50466.71
2025-11-16 16:01:34.595,814,29526.5
2025-11-16 16:01:34.595,815,29526.5
2025-11-16 16:01:34.595,816,14654.19
2025-11-16 16:01:34.595,817,14896.38
2025-11-16 16:01:34.595,818,13675.12
2025-11-16 16:01:34.595,819,13926.67
2025-11-16 16:01:34.595,820,13606.17
2025-11-16 16:01:34.595,821,13702.81
2025-11-16 16:01:34.595,822,13619.93
2025-11-16 16:01:34.595,823,13428.77
2025-11-16 16:01:34.595,824,13606.17
2025-11-16 16:01:34.595,825,13483.07
2025-11-16 16:01:34.595,826,13647.49
2025-11-16 16:01:34.595,827,13675.12
2025-11-16 16:01:34.595,828,13828.22
2025-11-16 16:01:34.595,829,13483.07
2025-11-16 16:01:34.595,830,14624.25
2025-11-16 16:01:34.595,831,13702.81
2025-11-16 16:01:34.595,832,16875.66
2025-11-16 16:01:34.595,833,15555.25
2025-11-16 16:01:34.595,834,15652.22
2025-11-16 16:01:34.595,835,18498.34
2025-11-16 16:01:34.595,836,16352.05
2025-11-16 16:01:34.595,837,16593.85
2025-11-16 16:01:34.595,838,14328.73
2025-11-16 16:01:34.595,839,16317.87
2025-11-16 16:01:34.595,840,15019.26
2025-11-16 16:01:34.595,841,15523.09
2025-11-16 16:01:34.595,842,19069.58
2025-11-16 16:01:34.595,843,16352.05
2025-11-16 16:01:34.595,844,16014.12
2025-11-16 16:01:34.595,845,17272.99
2025-11-16 16:01:34.595,846,15947.57
2025-11-16 16:01:34.595,847,16148.25
2025-11-16 16:01:34.595,848,31501.02
2025-11-16 16:01:34.595,849,15799.05
2025-11-16 16:01:34.595,850,16215.84
2025-11-16 16:01:34.595,851,17163.47
2025-11-16 16:01:34.595,852,16628.76
2025-11-16 16:01:34.595,853,16611.29
2025-11-16 16:01:34.595,854,17834.04
2025-11-16 16:01:34.595,855,23923.21
2025-11-16 16:01:34.595,856,43347.59
2025-11-16 16:01:34.595,857,37118.37
2025-11-16 16:01:34.595,858,15914.42
2025-11-16 16:01:34.595,859,15914.42
2025-11-16 16:01:34.595,860,26544.65
2025-11-16 16:01:34.595,861,50466.71
2025-11-16 16:01:34.595,862,29641.99
2025-11-16 16:01:34.595,863,29641.99
2025-11-16 16:01:34.595,864,15003.83
2025-11-16 16:01:34.595,865,15268.68
2025-11-16 16:01:34.595,866,14040.19
2025-11-16 16:01:34.595,867,14357.96
2025-11-16 16:01:34.595,868,14040.19
2025-11-16 16:01:34.595,869,14068.74
2025-11-16 16:01:34.595,870,13912.56
2025-11-16 16:01:34.595,871,14068.74
2025-11-16 16:01:34.595,872,13969.12
2025-11-16 16:01:34.595,873,13926.67
2025-11-16 16:01:34.595,874,14097.35
2025-11-16 16:01:34.595,875,14040.19
2025-11-16 16:01:34.595,876,14198.04
2025-11-16 16:01:34.595,877,13969.12
2025-11-16 16:01:34.595,878,15096.68
2025-11-16 16:01:34.595,879,14126.04
2025-11-16 16:01:34.595,880,17272.99
2025-11-16 16:01:34.595,881,15947.57
2025-11-16 16:01:34.595,882,16455.14
2025-11-16 16:01:34.595,883,19111.26
2025-11-16 16:01:34.595,884,16455.14
2025-11-16 16:01:34.595,885,17309.7
2025-11-16 16:01:34.595,886,15050.17
2025-11-16 16:01:34.595,887,17090.95
2025-11-16 16:01:34.595,888,15395.25
2025-11-16 16:01:34.595,889,16114.59
2025-11-16 16:01:34.595,890,19556.16
2025-11-16 16:01:34.595,891,16964.95
2025-11-16 16:01:34.595,892,16628.76
2025-11-16 16:01:34.595,893,17795.93
2025-11-16 16:01:34.595,894,16611.29
2025-11-16 16:01:34.595,895,16681.28
2025-11-16 16:01:34.595,896,32232.81
2025-11-16 16:01:34.595,897,16352.05
2025-11-16 16:01:34.595,898,16964.95
2025-11-16 16:01:34.595,899,17757.91
2025-11-16 16:01:34.595,900,17218.13
2025-11-16 16:01:34.595,901,17383.4
2025-11-16 16:01:34.595,902,18699.77
2025-11-16 16:01:34.595,903,24704.93
2025-11-16 16:01:34.595,904,44415.61
2025-11-16 16:01:34.595,905,33127.38
2025-11-16 16:01:34.595,906,16628.76
2025-11-16 16:01:34.595,907,16628.76
2025-11-16 16:01:34.595,908,27591.39
2025-11-16 16:01:34.595,909,51654.79
2025-11-16 16:01:34.595,910,31206.99
2025-11-16 16:01:34.595,911,31206.99
2025-11-16 16:01:34.595,912,16769.29
2025-11-16 16:01:34.595,913,17199.88
2025-11-16 16:01:34.595,914,15782.65
2025-11-16 16:01:34.595,915,16097.79
2025-11-16 16:01:34.595,916,15619.82
2025-11-16 16:01:34.595,917,15717.27
2025-11-16 16:01:34.595,918,15636.01
2025-11-16 16:01:34.595,919,15668.45
2025-11-16 16:01:34.595,920,15684.7
2025-11-16 16:01:34.595,921,15636.01
2025-11-16 16:01:34.595,922,15652.22
2025-11-16 16:01:34.595,923,15684.7
2025-11-16 16:01:34.595,924,15815.47
2025-11-16 16:01:34.595,925,15555.25
2025-11-16 16:01:34.595,926,16593.85
2025-11-16 16:01:34.595,927,15749.92
2025-11-16 16:01:34.595,928,18801.55
2025-11-16 16:01:34.595,929,17720.0
2025-11-16 16:01:34.595,930,17929.79
2025-11-16 16:01:34.595,931,20788.21
2025-11-16 16:01:34.595,932,18260.31
2025-11-16 16:01:34.595,933,19069.58
2025-11-16 16:01:34.595,934,16455.14
2025-11-16 16:01:34.595,935,17872.27
2025-11-16 16:01:34.595,936,17018.8
2025-11-16 16:01:34.595,937,17531.99
2025-11-16 16:01:34.595,938,21310.15
2025-11-16 16:01:34.595,939,18498.34
2025-11-16 16:01:34.595,940,18181.84
2025-11-16 16:01:34.595,941,19406.36
2025-11-16 16:01:34.595,942,18181.84
2025-11-16 16:01:34.595,943,18260.31
2025-11-16 16:01:34.595,944,34348.4
2025-11-16 16:01:34.595,945,17872.27
2025-11-16 16:01:34.595,946,18142.77
2025-11-16 16:01:34.595,947,18781.14
2025-11-16 16:01:34.595,948,18598.7
2025-11-16 16:01:34.595,949,18760.76
2025-11-16 16:01:34.595,950,20170.86
2025-11-16 16:01:34.595,951,26742.69
2025-11-16 16:01:34.595,952,47001.92
2025-11-16 16:01:34.595,953,35134.67
2025-11-16 16:01:34.595,954,18064.95
2025-11-16 16:01:34.595,955,18064.95
2025-11-16 16:01:34.595,956,29146.33
2025-11-16 16:01:34.595,957,55201.96
2025-11-16 16:01:34.595,958,32586.16
2025-11-16 16:01:34.595,959,32586.16
2025-11-16 16:01:34.595,960,42455.23
2025-11-16 16:01:34.595,961,42320.58
2025-11-16 16:01:34.595,962,40630.89
2025-11-16 16:01:34.595,963,41139.08
2025-11-16 16:01:34.595,964,40132.67
2025-11-16 16:01:34.595,965,40380.55
2025-11-16 16:01:34.595,966,40380.55
2025-11-16 16:01:34.595,967,40505.41
2025-11-16 16:01:34.595,968,40132.67
2025-11-16 16:01:34.595,969,40256.3
2025-11-16 16:01:34.595,970,40693.86
2025-11-16 16:01:34.595,971,39704.69
2025-11-16 16:01:34.595,972,38521.08
2025-11-16 16:01:34.595,973,39644.14
2025-11-16 16:01:34.595,974,40132.67
2025-11-16 16:01:34.595,975,39463.38
2025-11-16 16:01:34.595,976,41397.01
2025-11-16 16:01:34.595,977,39704.69
2025-11-16 16:01:34.595,978,37447.59
2025-11-16 16:01:34.595,979,40442.9
2025-11-16 16:01:34.595,980,38695.02
2025-11-16 16:01:34.595,981,38006.61
2025-11-16 16:01:34.595,982,39403.42
2025-11-16 16:01:34.595,983,40194.41
2025-11-16 16:01:34.595,984,37337.34
2025-11-16 16:01:34.595,985,38291.07
2025-11-16 16:01:34.595,986,45754.95
2025-11-16 16:01:34.595,987,35742.86
2025-11-16 16:01:34.595,988,41332.29
2025-11-16 16:01:34.595,989,44561.25
2025-11-16 16:01:34.595,990,42590.57
2025-11-16 16:01:34.595,991,42726.61
2025-11-16 16:01:34.595,992,70663.95
2025-11-16 16:01:34.595,993,41657.55
2025-11-16 16:01:34.595,994,42320.58
2025-11-16 16:01:34.595,995,38233.91
2025-11-16 16:01:34.595,996,42863.36
2025-11-16 16:01:34.595,997,42863.36
2025-11-16 16:01:34.595,998,45301.25
2025-11-16 16:01:34.595,999,50556.48
2025-11-16 16:01:34.595,1000,86025.24
2025-11-16 16:01:34.595,1001,73809.42
2025-11-16 16:01:34.595,1002,41139.08
2025-11-16 16:01:34.595,1003,41139.08
2025-11-16 16:01:34.595,1004,62499.11
2025-11-16 16:01:34.595,1005,102712.45
2025-11-16 16:01:34.595,1006,66292.91
2025-11-16 16:01:34.595,1007,66292.91
2025-11-16 16:01:34.595,1008,54075.63
2025-11-16 16:01:34.595,1009,54176.42
2025-11-16 16:01:34.595,1010,52504.97
2025-11-16 16:01:34.595,1011,51284.3
2025-11-16 16:01:34.595,1012,51284.3
2025-11-16 16:01:34.595,1013,51009.33
2025-11-16 16:01:34.595,1014,55727.09
2025-11-16 16:01:34.595,1015,52029.78
2025-11-16 16:01:34.595,1016,51468.98
2025-11-16 16:01:34.595,1017,51468.98
2025-11-16 16:01:34.595,1018,52987.48
2025-11-16 16:01:34.595,1019,52218.99
2025-11-16 16:01:34.595,1020,51561.75
2025-11-16 16:01:34.595,1021,51009.33
2025-11-16 16:01:34.595,1022,53182.58
2025-11-16 16:01:34.595,1023,52029.78
2025-11-16 16:01:34.595,1024,54994.24
2025-11-16 16:01:34.595,1025,54075.63
2025-11-16 16:01:34.595,1026,52124.24
2025-11-16 16:01:34.595,1027,52793.59
2025-11-16 16:01:34.595,1028,47322.41
2025-11-16 16:01:34.595,1029,50556.48
2025-11-16 16:01:34.595,1030,50466.71
2025-11-16 16:01:34.595,1031,48810.25
2025-11-16 16:01:34.595,1032,53084.88
2025-11-16 16:01:34.595,1033,55097.93
2025-11-16 16:01:34.595,1034,56693.92
2025-11-16 16:01:34.595,1035,54378.94
2025-11-16 16:01:34.595,1036,53378.87
2025-11-16 16:01:34.595,1037,56693.92
2025-11-16 16:01:34.595,1038,54176.42
2025-11-16 16:01:34.595,1039,54582.74
2025-11-16 16:01:34.595,1040,85800.06
2025-11-16 16:01:34.595,1041,52600.88
2025-11-16 16:01:34.595,1042,50646.52
2025-11-16 16:01:34.595,1043,54787.84
2025-11-16 16:01:34.595,1044,52987.48
2025-11-16 16:01:34.595,1045,51841.71
2025-11-16 16:01:34.595,1046,56476.62
2025-11-16 16:01:34.595,1047,56260.74
2025-11-16 16:01:34.595,1048,109992.31
2025-11-16 16:01:34.595,1049,96820.16
2025-11-16 16:01:34.595,1050,51284.3
2025-11-16 16:01:34.595,1051,51284.3
2025-11-16 16:01:34.595,1052,78341.52
2025-11-16 16:01:34.595,1053,130631.02
2025-11-16 16:01:34.595,1054,79699.56
2025-11-16 16:01:34.595,1055,79699.56
2025-11-16 16:01:34.595,1056,47161.71
2025-11-16 16:01:34.595,1057,47322.41
2025-11-16 16:01:34.595,1058,46138.74
2025-11-16 16:01:34.595,1059,46371.55
2025-11-16 16:01:34.595,1060,44415.61
2025-11-16 16:01:34.595,1061,45754.95
2025-11-16 16:01:34.595,1062,45907.83
2025-11-16 16:01:34.595,1063,45602.89
2025-11-16 16:01:34.595,1064,45002.86
2025-11-16 16:01:34.595,1065,45151.65
2025-11-16 16:01:34.595,1066,46371.55
2025-11-16 16:01:34.595,1067,46216.13
2025-11-16 16:01:34.595,1068,45678.82
2025-11-16 16:01:34.595,1069,45754.95
2025-11-16 16:01:34.595,1070,47161.71
2025-11-16 16:01:34.595,1071,45151.65
2025-11-16 16:01:34.595,1072,47728.11
2025-11-16 16:01:34.595,1073,46449.59
2025-11-16 16:01:34.595,1074,40256.3
2025-11-16 16:01:34.595,1075,49670.62
2025-11-16 16:01:34.595,1076,30071.27
2025-11-16 16:01:34.595,1077,33036.22
2025-11-16 16:01:34.595,1078,44561.25
2025-11-16 16:01:34.595,1079,41526.96
2025-11-16 16:01:34.595,1080,33264.83
2025-11-16 16:01:34.595,1081,39403.42
2025-11-16 16:01:34.595,1082,48725.57
2025-11-16 16:01:34.595,1083,41075.0
2025-11-16 16:01:34.595,1084,45376.36
2025-11-16 16:01:34.595,1085,47484.0
2025-11-16 16:01:34.595,1086,46371.55
2025-11-16 16:01:34.595,1087,47322.41
2025-11-16 16:01:34.595,1088,77396.36
2025-11-16 16:01:34.595,1089,44928.77
2025-11-16 16:01:34.595,1090,45226.35
2025-11-16 16:01:34.595,1091,43983.32
2025-11-16 16:01:34.595,1092,45907.83
2025-11-16 16:01:34.595,1093,45002.86
2025-11-16 16:01:34.595,1094,48139.58
2025-11-16 16:01:34.595,1095,57577.48
2025-11-16 16:01:34.595,1096,103652.78
2025-11-16 16:01:34.595,1097,86707.14
2025-11-16 16:01:34.595,1098,43347.59
2025-11-16 16:01:34.595,1099,43347.59
2025-11-16 16:01:34.595,1100,68493.05
2025-11-16 16:01:34.595,1101,122862.01
2025-11-16 16:01:34.595,1102,75745.02
2025-11-16 16:01:34.595,1103,75745.02
2025-11-16 16:01:34.595,1104,64212.57
2025-11-16 16:01:34.595,1105,60617.66
2025-11-16 16:01:34.595,1106,59892.09
2025-11-16 16:01:34.595,1107,60495.69
2025-11-16 16:01:34.595,1108,61483.39
2025-11-16 16:01:34.595,1109,60617.66
2025-11-16 16:01:34.595,1110,59892.09
2025-11-16 16:01:34.595,1111,61860.94
2025-11-16 16:01:34.595,1112,60374.14
2025-11-16 16:01:34.595,1113,59892.09
2025-11-16 16:01:34.595,1114,60374.14
2025-11-16 16:01:34.595,1115,61358.41
2025-11-16 16:01:34.595,1116,60374.14
2025-11-16 16:01:34.595,1117,60374.14
2025-11-16 16:01:34.595,1118,62242.49
2025-11-16 16:01:34.595,1119,61109.78
2025-11-16 16:01:34.595,1120,63810.02
2025-11-16 16:01:34.595,1121,61109.78
2025-11-16 16:01:34.595,1122,51654.79
2025-11-16 16:01:34.595,1123,56046.25
2025-11-16 16:01:34.595,1124,56803.11
2025-11-16 16:01:34.595,1125,56046.25
2025-11-16 16:01:34.595,1126,59892.09
2025-11-16 16:01:34.595,1127,59181.26
2025-11-16 16:01:34.595,1128,51654.79
2025-11-16 16:01:34.595,1129,56046.25
2025-11-16 16:01:34.595,1130,61358.41
2025-11-16 16:01:34.595,1131,56046.25
2025-11-16 16:01:34.595,1132,56046.25
2025-11-16 16:01:34.595,1133,59534.86
2025-11-16 16:01:34.595,1134,59534.86
2025-11-16 16:01:34.595,1135,58484.71
2025-11-16 16:01:34.595,1136,100279.32
2025-11-16 16:01:34.595,1137,56912.64
2025-11-16 16:01:34.595,1138,56693.92
2025-11-16 16:01:34.595,1139,54378.94
2025-11-16 16:01:34.595,1140,57689.57
2025-11-16 16:01:34.595,1141,56585.1
2025-11-16 16:01:34.595,1142,59653.54
2025-11-16 16:01:34.595,1143,74854.26
2025-11-16 16:01:34.595,1144,135123.23
2025-11-16 16:01:34.595,1145,119086.36
2025-11-16 16:01:34.595,1146,56260.74
2025-11-16 16:01:34.595,1147,56260.74
2025-11-16 16:01:34.595,1148,87631.56
2025-11-16 16:01:34.595,1149,161255.75
2025-11-16 16:01:34.595,1150,99687.32
2025-11-16 16:01:34.595,1151,99687.32
2025-11-16 16:01:34.595,1152,103969.71
2025-11-16 16:01:34.595,1153,105255.28
2025-11-16 16:01:34.595,1154,101482.63
2025-11-16 16:01:34.595,1155,102094.18
2025-11-16 16:01:34.595,1156,103337.61
2025-11-16 16:01:34.595,1157,109992.31
2025-11-16 16:01:34.595,1158,107238.9
2025-11-16 16:01:34.595,1159,102402.48
2025-11-16 16:01:34.595,1160,100279.32
2025-11-16 16:01:34.595,1161,102402.48
2025-11-16 16:01:34.595,1162,99687.32
2025-11-16 16:01:34.595,1163,102402.48
2025-11-16 16:01:34.595,1164,102712.45
2025-11-16 16:01:34.595,1165,103024.17
2025-11-16 16:01:34.595,1166,105581.22
2025-11-16 16:01:34.595,1167,103337.61
2025-11-16 16:01:34.595,1168,107915.35
2025-11-16 16:01:34.595,1169,103337.61
2025-11-16 16:01:34.595,1170,102094.18
2025-11-16 16:01:34.595,1171,110700.96
2025-11-16 16:01:34.595,1172,105255.28
2025-11-16 16:01:34.595,1173,99687.32
2025-11-16 16:01:34.595,1174,104288.4
2025-11-16 16:01:34.595,1175,107915.35
2025-11-16 16:01:34.595,1176,99687.32
2025-11-16 16:01:34.595,1177,104608.9
2025-11-16 16:01:34.595,1178,111418.03
2025-11-16 16:01:34.595,1179,104288.4
2025-11-16 16:01:34.595,1180,91010.8
2025-11-16 16:01:34.595,1181,108599.64
2025-11-16 16:01:34.595,1182,98522.22
2025-11-16 16:01:34.595,1183,99101.66
2025-11-16 16:01:34.595,1184,155036.28
2025-11-16 16:01:34.595,1185,90021.7
2025-11-16 16:01:34.595,1186,91765.55
2025-11-16 16:01:34.595,1187,91010.8
2025-11-16 16:01:34.595,1188,90021.7
2025-11-16 16:01:34.595,1189,84909.8
2025-11-16 16:01:34.595,1190,90021.7
2025-11-16 16:01:34.595,1191,108944.77
2025-11-16 16:01:34.595,1192,193656.09
2025-11-16 16:01:34.595,1193,178630.77
2025-11-16 16:01:34.595,1194,79112.48
2025-11-16 16:01:34.595,1195,79112.48
2025-11-16 16:01:34.595,1196,145616.44
2025-11-16 16:01:34.595,1197,238117.42
2025-11-16 16:01:34.595,1198,153062.25
2025-11-16 16:01:34.595,1199,153062.25
2025-11-16 16:01:34.595,1200,988899.38
2025-11-16 16:01:34.595,1201,988899.38
2025-11-16 16:01:34.595,1202,900097.25
2025-11-16 16:01:34.595,1203,880309.75
2025-11-16 16:01:34.595,1204,793012.25
2025-11-16 16:01:34.595,1205,988899.38
2025-11-16 16:01:34.595,1206,942433.13
2025-11-16 16:01:34.595,1207,965113.19
2025-11-16 16:01:34.595,1208,942433.13
2025-11-16 16:01:34.595,1209,861364.44
2025-11-16 16:01:34.595,1210,942433.13
2025-11-16 16:01:34.595,1211,988899.38
2025-11-16 16:01:34.595,1212,988899.38
2025-11-16 16:01:34.595,1213,601218.31
2025-11-16 16:01:34.595,1214,762705.19
2025-11-16 16:01:34.595,1215,793012.25
2025-11-16 16:01:34.595,1216,721303.56
2025-11-16 16:01:34.595,1217,762705.19
2025-11-16 16:01:34.595,1218,684112.31
2025-11-16 16:01:34.595,1219,777567.38
2025-11-16 16:01:34.595,1220,793012.25
2025-11-16 16:01:34.595,1221,708471.5
2025-11-16 16:01:34.595,1222,640033.69
2025-11-16 16:01:34.595,1223,661350.38
2025-11-16 16:01:34.595,1224,684112.31
2025-11-16 16:01:34.595,1225,684112.31
2025-11-16 16:01:34.595,1226,672541.69
2025-11-16 16:01:34.595,1227,708471.5
2025-11-16 16:01:34.595,1228,721303.56
2025-11-16 16:01:34.595,1229,672541.69
2025-11-16 16:01:34.595,1230,684112.31
2025-11-16 16:01:34.595,1231,777567.38
2025-11-16 16:01:34.595,1232,920784.13
2025-11-16 16:01:34.595,1233,640033.69
2025-11-16 16:01:34.595,1234,708471.5
2025-11-16 16:01:34.595,1235,900097.25
2025-11-16 16:01:34.595,1236,793012.25
2025-11-16 16:01:34.595,1237,734602.25
2025-11-16 16:01:34.595,1238,900097.25
2025-11-16 16:01:34.595,1239,793012.25
2025-11-16 16:01:34.595,1240,861364.44
2025-11-16 16:01:34.595,1241,861364.44
2025-11-16 16:01:34.595,1242,861364.44
2025-11-16 16:01:34.595,1243,861364.44
2025-11-16 16:01:34.595,1244,247485.06
2025-11-16 16:01:34.595,1245,247485.06
2025-11-16 16:01:34.595,1246,247485.06
2025-11-16 16:01:34.595,1247,247485.06
2025-11-16 16:01:34.595,1248,247485.06
2025-11-16 16:01:34.595,1249,229407.17
2025-11-16 16:01:34.595,1250,211280.41
2025-11-16 16:01:34.595,1251,241163.34
2025-11-16 16:01:34.595,1252,226638.0
2025-11-16 16:01:34.595,1253,241163.34
2025-11-16 16:01:34.595,1254,233684.53
2025-11-16 16:01:34.595,1255,232241.86
2025-11-16 16:01:34.595,1256,233684.53
2025-11-16 16:01:34.595,1257,230816.17
2025-11-16 16:01:34.595,1258,235144.47
2025-11-16 16:01:34.595,1259,230816.17
2025-11-16 16:01:34.595,1260,233684.53
2025-11-16 16:01:34.595,1261,229407.17
2025-11-16 16:01:34.595,1262,245875.0
2025-11-16 16:01:34.595,1263,235144.47
2025-11-16 16:01:34.595,1264,239631.09
2025-11-16 16:01:34.595,1265,205453.95
2025-11-16 16:01:34.595,1266,217430.56
2025-11-16 16:01:34.595,1267,228014.55
2025-11-16 16:01:34.595,1268,247485.06
2025-11-16 16:01:34.595,1269,235144.47
2025-11-16 16:01:34.595,1270,247485.06
2025-11-16 16:01:34.595,1271,250766.73
2025-11-16 16:01:34.595,1272,226638.0
2025-11-16 16:01:34.595,1273,235144.47
2025-11-16 16:01:34.595,1274,268514.44
2025-11-16 16:01:34.595,1275,238117.42
2025-11-16 16:01:34.595,1276,235144.47
2025-11-16 16:01:34.595,1277,245875.0
2025-11-16 16:01:34.595,1278,233684.53
2025-11-16 16:01:34.595,1279,241163.34
2025-11-16 16:01:34.595,1280,339960.47
2025-11-16 16:01:34.595,1281,247485.06
2025-11-16 16:01:34.595,1282,242714.52
2025-11-16 16:01:34.595,1283,247485.06
2025-11-16 16:01:34.595,1284,235144.47
2025-11-16 16:01:34.595,1285,232241.86
2025-11-16 16:01:34.595,1286,257587.41
2025-11-16 16:01:34.595,1287,339960.47
2025-11-16 16:01:34.595,1288,521823.06
2025-11-16 16:01:34.595,1289,483368.97
2025-11-16 16:01:34.595,1290,261133.28
2025-11-16 16:01:34.595,1291,261133.28
2025-11-16 16:01:34.595,1292,483368.97
2025-11-16 16:01:34.595,1293,601218.31
2025-11-16 16:01:34.595,1294,407834.16
2025-11-16 16:01:34.595,1295,407834.16
2025-11-16 16:01:34.595,1296,54378.94
2025-11-16 16:01:34.595,1297,53182.58
2025-11-16 16:01:34.595,1298,52504.97
2025-11-16 16:01:34.595,1299,52600.88
2025-11-16 16:01:34.595,1300,51841.71
2025-11-16 16:01:34.595,1301,52890.38
2025-11-16 16:01:34.595,1302,52890.38
2025-11-16 16:01:34.595,1303,53975.16
2025-11-16 16:01:34.595,1304,52697.09
2025-11-16 16:01:34.595,1305,51935.61
2025-11-16 16:01:34.595,1306,52987.48
2025-11-16 16:01:34.595,1307,53182.58
2025-11-16 16:01:34.595,1308,52504.97
2025-11-16 16:01:34.595,1309,52987.48
2025-11-16 16:01:34.595,1310,54378.94
2025-11-16 16:01:34.595,1311,53378.87
2025-11-16 16:01:34.595,1312,55201.96
2025-11-16 16:01:34.595,1313,52218.99
2025-11-16 16:01:34.595,1314,51841.71
2025-11-16 16:01:34.595,1315,57802.03
2025-11-16 16:01:34.595,1316,56260.74
2025-11-16 16:01:34.595,1317,56476.62
2025-11-16 16:01:34.595,1318,54890.87
2025-11-16 16:01:34.595,1319,55939.52
2025-11-16 16:01:34.595,1320,52793.59
2025-11-16 16:01:34.595,1321,56046.25
2025-11-16 16:01:34.595,1322,54994.24
2025-11-16 16:01:34.595,1323,56046.25
2025-11-16 16:01:34.595,1324,48473.0
2025-11-16 16:01:34.595,1325,57914.87
2025-11-16 16:01:34.595,1326,50556.48
2025-11-16 16:01:34.595,1327,47484.0
2025-11-16 16:01:34.595,1328,80294.42
2025-11-16 16:01:34.595,1329,48641.14
2025-11-16 16:01:34.595,1330,48473.0
2025-11-16 16:01:34.595,1331,54582.74
2025-11-16 16:01:34.595,1332,47565.14
2025-11-16 16:01:34.595,1333,44854.87
2025-11-16 16:01:34.595,1334,42253.52
2025-11-16 16:01:34.595,1335,67894.05
2025-11-16 16:01:34.595,1336,99687.32
2025-11-16 16:01:34.595,1337,103337.61
2025-11-16 16:01:34.595,1338,48641.14
2025-11-16 16:01:34.595,1339,48641.14
2025-11-16 16:01:34.595,1340,98522.22
2025-11-16 16:01:34.595,1341,146809.88
2025-11-16 16:01:34.595,1342,82754.82
2025-11-16 16:01:34.595,1343,82754.82
2025-11-16 16:01:34.595,1344,32855.06
2025-11-16 16:01:34.595,1345,32145.38
2025-11-16 16:01:34.595,1346,31040.83
2025-11-16 16:01:34.595,1347,31290.57
2025-11-16 16:01:34.595,1348,31290.57
2025-11-16 16:01:34.595,1349,31628.31
2025-11-16 16:01:34.595,1350,31543.36
2025-11-16 16:01:34.595,1351,31040.83
2025-11-16 16:01:34.595,1352,31799.26
2025-11-16 16:01:34.595,1353,30958.25
2025-11-16 16:01:34.595,1354,31332.49
2025-11-16 16:01:34.595,1355,30917.09
2025-11-16 16:01:34.595,1356,31374.49
2025-11-16 16:01:34.595,1357,31713.61
2025-11-16 16:01:34.595,1358,33081.75
2025-11-16 16:01:34.595,1359,31713.61
2025-11-16 16:01:34.595,1360,34396.74
2025-11-16 16:01:34.595,1361,32675.42
2025-11-16 16:01:34.595,1362,32320.6
2025-11-16 16:01:34.595,1363,36901.41
2025-11-16 16:01:34.595,1364,35386.11
2025-11-16 16:01:34.595,1365,34348.4
2025-11-16 16:01:34.595,1366,32765.05
2025-11-16 16:01:34.595,1367,35134.67
2025-11-16 16:01:34.595,1368,32586.16
2025-11-16 16:01:34.595,1369,34060.55
2025-11-16 16:01:34.595,1370,37669.63
2025-11-16 16:01:34.595,1371,35084.71
2025-11-16 16:01:34.595,1372,31713.61
2025-11-16 16:01:34.595,1373,35845.82
2025-11-16 16:01:34.595,1374,31543.36
2025-11-16 16:01:34.595,1375,31885.26
2025-11-16 16:01:34.595,1376,54075.63
2025-11-16 16:01:34.595,1377,30835.0
2025-11-16 16:01:34.595,1378,30071.27
2025-11-16 16:01:34.595,1379,34445.18
2025-11-16 16:01:34.595,1380,31374.49
2025-11-16 16:01:34.595,1381,30150.32
2025-11-16 16:01:34.595,1382,29564.92
2025-11-16 16:01:34.595,1383,44634.36
2025-11-16 16:01:34.595,1384,63148.7
2025-11-16 16:01:34.595,1385,64212.57
2025-11-16 16:01:34.595,1386,31123.74
2025-11-16 16:01:34.595,1387,31123.74
2025-11-16 16:01:34.595,1388,61860.94
2025-11-16 16:01:34.595,1389,92531.65
2025-11-16 16:01:34.595,1390,55201.96
2025-11-16 16:01:34.595,1391,55201.96
2025-11-16 16:01:34.595,1392,33870.7
2025-11-16 16:01:34.595,1393,33310.84
2025-11-16 16:01:34.595,1394,32232.81
2025-11-16 16:01:34.595,1395,32189.05
2025-11-16 16:01:34.595,1396,32145.38
2025-11-16 16:01:34.595,1397,32145.38
2025-11-16 16:01:34.595,1398,32320.6
2025-11-16 16:01:34.595,1399,32765.05
2025-11-16 16:01:34.595,1400,31543.36
2025-11-16 16:01:34.595,1401,31628.31
2025-11-16 16:01:34.595,1402,32586.16
2025-11-16 16:01:34.595,1403,32320.6
2025-11-16 16:01:34.595,1404,32586.16
2025-11-16 16:01:34.595,1405,32675.42
2025-11-16 16:01:34.595,1406,33682.49
2025-11-16 16:01:34.595,1407,32232.81
2025-11-16 16:01:34.595,1408,34300.16
2025-11-16 16:01:34.595,1409,32058.32
2025-11-16 16:01:34.595,1410,32586.16
2025-11-16 16:01:34.595,1411,36157.48
2025-11-16 16:01:34.595,1412,36105.25
2025-11-16 16:01:34.595,1413,36262.32
2025-11-16 16:01:34.595,1414,33495.87
2025-11-16 16:01:34.595,1415,36105.25
2025-11-16 16:01:34.595,1416,34012.93
2025-11-16 16:01:34.595,1417,34885.99
2025-11-16 16:01:34.595,1418,39523.48
2025-11-16 16:01:34.595,1419,36209.84
2025-11-16 16:01:34.595,1420,33870.7
2025-11-16 16:01:34.595,1421,37337.34
2025-11-16 16:01:34.595,1422,33682.49
2025-11-16 16:01:34.595,1423,33036.22
2025-11-16 16:01:34.595,1424,55621.39
2025-11-16 16:01:34.595,1425,33403.16
2025-11-16 16:01:34.595,1426,32320.6
2025-11-16 16:01:34.595,1427,36053.13
2025-11-16 16:01:34.595,1428,32855.06
2025-11-16 16:01:34.595,1429,33173.1
2025-11-16 16:01:34.595,1430,34252.03
2025-11-16 16:01:34.595,1431,46843.01
2025-11-16 16:01:34.595,1432,68644.23
2025-11-16 16:01:34.595,1433,66723.02
2025-11-16 16:01:34.595,1434,33588.98
2025-11-16 16:01:34.595,1435,33588.98
2025-11-16 16:01:34.595,1436,62499.11
2025-11-16 16:01:34.595,1437,98522.22
2025-11-16 16:01:34.595,1438,56693.92
2025-11-16 16:01:34.595,1439,56693.92
2025-11-16 16:01:34.595,1440,35285.2
2025-11-16 16:01:34.595,1441,33776.39
2025-11-16 16:01:34.595,1442,33588.98
2025-11-16 16:01:34.595,1443,33264.83
2025-11-16 16:01:34.595,1444,33542.38
2025-11-16 16:01:34.595,1445,33682.49
2025-11-16 16:01:34.595,1446,33776.39
2025-11-16 16:01:34.595,1447,34445.18
2025-11-16 16:01:34.595,1448,34060.55
2025-11-16 16:01:34.595,1449,33495.87
2025-11-16 16:01:34.595,1450,34348.4
2025-11-16 16:01:34.595,1451,34300.16
2025-11-16 16:01:34.595,1452,34396.74
2025-11-16 16:01:34.595,1453,34060.55
2025-11-16 16:01:34.595,1454,35742.86
2025-11-16 16:01:34.595,1455,34348.4
2025-11-16 16:01:34.595,1456,34985.13
2025-11-16 16:01:34.595,1457,34156.08
2025-11-16 16:01:34.595,1458,33495.87
2025-11-16 16:01:34.595,1459,37009.64
2025-11-16 16:01:34.595,1460,37447.59
2025-11-16 16:01:34.595,1461,37337.34
2025-11-16 16:01:34.595,1462,35234.91
2025-11-16 16:01:34.595,1463,37950.12
2025-11-16 16:01:34.595,1464,35134.67
2025-11-16 16:01:34.595,1465,37009.64
2025-11-16 16:01:34.595,1466,40256.3
2025-11-16 16:01:34.595,1467,37781.43
2025-11-16 16:01:34.595,1468,33449.47
2025-11-16 16:01:34.595,1469,39224.4
2025-11-16 16:01:34.595,1470,33403.16
2025-11-16 16:01:34.595,1471,33542.38
2025-11-16 16:01:34.595,1472,54582.74
2025-11-16 16:01:34.595,1473,33127.38
2025-11-16 16:01:34.595,1474,25804.82
2025-11-16 16:01:34.595,1475,35949.24
2025-11-16 16:01:34.595,1476,31458.76
2025-11-16 16:01:34.595,1477,30835.0
2025-11-16 16:01:34.595,1478,23642.52
2025-11-16 16:01:34.595,1479,45754.95
2025-11-16 16:01:34.595,1480,70663.95
2025-11-16 16:01:34.595,1481,67012.48
2025-11-16 16:01:34.595,1482,33682.49
2025-11-16 16:01:34.595,1483,33682.49
2025-11-16 16:01:34.595,1484,66435.75
2025-11-16 16:01:34.595,1485,99982.53
2025-11-16 16:01:34.595,1486,60132.29
2025-11-16 16:01:34.595,1487,60132.29
2025-11-16 16:01:34.595,1488,27418.54
2025-11-16 16:01:34.595,1489,27077.54
2025-11-16 16:01:34.595,1490,26348.73
2025-11-16 16:01:34.595,1491,25963.11
2025-11-16 16:01:34.595,1492,26090.74
2025-11-16 16:01:34.595,1493,26219.28
2025-11-16 16:01:34.595,1494,26090.74
2025-11-16 16:01:34.595,1495,26187.06
2025-11-16 16:01:34.595,1496,26219.28
2025-11-16 16:01:34.595,1497,25963.11
2025-11-16 16:01:34.595,1498,26348.73
2025-11-16 16:01:34.595,1499,26544.65
2025-11-16 16:01:34.595,1500,26544.65
2025-11-16 16:01:34.595,1501,26479.11
2025-11-16 16:01:34.595,1502,28119.63
2025-11-16 16:01:34.595,1503,26643.4
2025-11-16 16:01:34.595,1504,27077.54
2025-11-16 16:01:34.595,1505,25963.11
2025-11-16 16:01:34.595,1506,25963.11
2025-11-16 16:01:34.595,1507,29449.88
2025-11-16 16:01:34.595,1508,29526.5
2025-11-16 16:01:34.595,1509,29449.88
2025-11-16 16:01:34.595,1510,27384.16
2025-11-16 16:01:34.595,1511,30071.27
2025-11-16 16:01:34.595,1512,28191.18
2025-11-16 16:01:34.595,1513,28553.0
2025-11-16 16:01:34.595,1514,32720.19
2025-11-16 16:01:34.595,1515,29449.88
2025-11-16 16:01:34.595,1516,26875.9
2025-11-16 16:01:34.595,1517,30876.0
2025-11-16 16:01:34.595,1518,26709.53
2025-11-16 16:01:34.595,1519,26875.9
2025-11-16 16:01:34.595,1520,45002.86
2025-11-16 16:01:34.595,1521,26316.28
2025-11-16 16:01:34.595,1522,25276.9
2025-11-16 16:01:34.595,1523,29297.52
2025-11-16 16:01:34.595,1524,26348.73
2025-11-16 16:01:34.595,1525,26187.06
2025-11-16 16:01:34.595,1526,26187.06
2025-11-16 16:01:34.595,1527,38348.37
2025-11-16 16:01:34.595,1528,57465.76
2025-11-16 16:01:34.595,1529,54582.74
2025-11-16 16:01:34.595,1530,26742.69
2025-11-16 16:01:34.595,1531,26742.69
2025-11-16 16:01:34.595,1532,51935.61
2025-11-16 16:01:34.595,1533,82965.91
2025-11-16 16:01:34.595,1534,48305.81
2025-11-16 16:01:34.595,1535,48305.81
2025-11-16 16:01:34.595,1536,26154.89
2025-11-16 16:01:34.595,1537,26154.89
2025-11-16 16:01:34.595,1538,26154.89
2025-11-16 16:01:34.595,1539,26154.89
2025-11-16 16:01:34.595,1540,26154.89
2025-11-16 16:01:34.595,1541,26154.89
2025-11-16 16:01:34.595,1542,26154.89
2025-11-16 16:01:34.595,1543,26154.89
2025-11-16 16:01:34.595,1544,26154.89
2025-11-16 16:01:34.595,1545,26154.89
2025-11-16 16:01:34.595,1546,26154.89
2025-11-16 16:01:34.595,1547,26154.89
2025-11-16 16:01:34.595,1548,26154.89
2025-11-16 16:01:34.595,1549,26154.89
2025-11-16 16:01:34.595,1550,26154.89
2025-11-16 16:01:34.595,1551,26154.89
2025-11-16 16:01:34.595,1552,26154.89
2025-11-16 16:01:34.595,1553,26154.89
2025-11-16 16:01:34.595,1554,26154.89
2025-11-16 16:01:34.595,1555,26154.89
2025-11-16 16:01:34.595,1556,26154.89
2025-11-16 16:01:34.595,1557,26154.89
2025-11-16 16:01:34.595,1558,26154.89
2025-11-16 16:01:34.595,1559,26154.89
2025-11-16 16:01:34.595,1560,26154.89
2025-11-16 16:01:34.595,1561,26154.89
2025-11-16 16:01:34.595,1562,26154.89
2025-11-16 16:01:34.595,1563,26154.89
2025-11-16 16:01:34.595,1564,26154.89
2025-11-16 16:01:34.595,1565,26154.89
2025-11-16 16:01:34.595,1566,26154.89
2025-11-16 16:01:34.595,1567,26154.89
2025-11-16 16:01:34.595,1568,26154.89
2025-11-16 16:01:34.595,1569,26154.89
2025-11-16 16:01:34.595,1570,26154.89
2025-11-16 16:01:34.595,1571,26154.89
2025-11-16 16:01:34.595,1572,26154.89
2025-11-16 16:01:34.595,1573,26154.89
2025-11-16 16:01:34.595,1574,26154.89
2025-11-16 16:01:34.595,1575,26154.89
2025-11-16 16:01:34.595,1576,26154.89
2025-11-16 16:01:34.595,1577,26154.89
2025-11-16 16:01:34.595,1578,26154.89
2025-11-16 16:01:34.595,1579,26154.89
2025-11-16 16:01:34.595,1580,26154.89
2025-11-16 16:01:34.595,1581,26154.89
2025-11-16 16:01:34.595,1582,26154.89
2025-11-16 16:01:34.595,1583,26154.89
2025-11-16 16:01:34.595,1584,26154.89
2025-11-16 16:01:34.595,1585,25585.55
2025-11-16 16:01:34.595,1586,24675.34
2025-11-16 16:01:34.595,1587,24208.61
2025-11-16 16:01:34.595,1588,24675.34
2025-11-16 16:01:34.595,1589,24675.34
2025-11-16 16:01:34.595,1590,24704.93
2025-11-16 16:01:34.595,1591,24853.65
2025-11-16 16:01:34.595,1592,24734.57
2025-11-16 16:01:34.595,1593,24557.47
2025-11-16 16:01:34.595,1594,24645.8
2025-11-16 16:01:34.595,1595,24734.57
2025-11-16 16:01:34.595,1596,24764.27
2025-11-16 16:01:34.595,1597,24734.57
2025-11-16 16:01:34.595,1598,25931.34
2025-11-16 16:01:34.595,1599,24913.49
2025-11-16 16:01:34.595,1600,24853.65
2025-11-16 16:01:34.595,1601,24353.12
2025-11-16 16:01:34.595,1602,23866.7
2025-11-16 16:01:34.595,1603,27556.69
2025-11-16 16:01:34.595,1604,27695.87
2025-11-16 16:01:34.595,1605,27626.15
2025-11-16 16:01:34.595,1606,25963.11
2025-11-16 16:01:34.595,1607,27977.33
2025-11-16 16:01:34.595,1608,26187.06
2025-11-16 16:01:34.595,1609,26875.9
2025-11-16 16:01:34.595,1610,30835.0
2025-11-16 16:01:34.595,1611,27077.54
2025-11-16 16:01:34.595,1612,24973.54
2025-11-16 16:01:34.595,1613,28736.48
2025-11-16 16:01:34.595,1614,25033.8
2025-11-16 16:01:34.595,1615,25094.26
2025-11-16 16:01:34.595,1616,41920.75
2025-11-16 16:01:34.595,1617,24794.01
2025-11-16 16:01:34.595,1618,24208.61
2025-11-16 16:01:34.595,1619,27730.82
2025-11-16 16:01:34.595,1620,24823.81
2025-11-16 16:01:34.595,1621,25094.26
2025-11-16 16:01:34.595,1622,26219.28
2025-11-16 16:01:34.595,1623,36157.48
2025-11-16 16:01:34.595,1624,52987.48
2025-11-16 16:01:34.595,1625,50377.22
2025-11-16 16:01:34.595,1626,25679.2
2025-11-16 16:01:34.595,1627,25679.2
2025-11-16 16:01:34.595,1628,51654.79
2025-11-16 16:01:34.595,1629,85352.86
2025-11-16 16:01:34.595,1630,44126.66
2025-11-16 16:01:34.595,1631,44126.66
2025-11-16 16:01:34.595,1632,24151.15
2025-11-16 16:01:34.595,1633,23202.91
2025-11-16 16:01:34.595,1634,22854.06
2025-11-16 16:01:34.595,1635,22460.52
2025-11-16 16:01:34.595,1636,22774.6
2025-11-16 16:01:34.595,1637,22987.37
2025-11-16 16:01:34.595,1638,22933.92
2025-11-16 16:01:34.595,1639,23040.99
2025-11-16 16:01:34.595,1640,22987.37
2025-11-16 16:01:34.595,1641,22460.52
2025-11-16 16:01:34.595,1642,23230.05
2025-11-16 16:01:34.595,1643,22512.45
2025-11-16 16:01:34.595,1644,22960.62
2025-11-16 16:01:34.595,1645,23040.99
2025-11-16 16:01:34.595,1646,23979.91
2025-11-16 16:01:34.595,1647,23040.99
2025-11-16 16:01:34.595,1648,22408.76
2025-11-16 16:01:34.595,1649,21700.95
2025-11-16 16:01:34.595,1650,22357.16
2025-11-16 16:01:34.595,1651,24794.01
2025-11-16 16:01:34.595,1652,25276.9
2025-11-16 16:01:34.595,1653,25585.55
2025-11-16 16:01:34.595,1654,24093.88
2025-11-16 16:01:34.595,1655,25523.39
2025-11-16 16:01:34.595,1656,23866.7
2025-11-16 16:01:34.595,1657,24675.34
2025-11-16 16:01:34.595,1658,27077.54
2025-11-16 16:01:34.595,1659,25523.39
2025-11-16 16:01:34.595,1660,19449.01
2025-11-16 16:01:34.595,1661,26283.89
2025-11-16 16:01:34.595,1662,17757.91
2025-11-16 16:01:34.595,1663,19491.78
2025-11-16 16:01:34.595,1664,36262.32
2025-11-16 16:01:34.595,1665,17872.27
2025-11-16 16:01:34.595,1666,19194.97
2025-11-16 16:01:34.595,1667,24036.8
2025-11-16 16:01:34.595,1668,17000.83
2025-11-16 16:01:34.595,1669,19534.67
2025-11-16 16:01:34.595,1670,22960.62
2025-11-16 16:01:34.595,1671,31713.61
2025-11-16 16:01:34.595,1672,47646.51
2025-11-16 16:01:34.595,1673,48222.58
2025-11-16 16:01:34.595,1674,20193.28
2025-11-16 16:01:34.595,1675,20193.28
2025-11-16 16:01:34.595,1676,49065.75
2025-11-16 16:01:34.595,1677,71959.17
2025-11-16 16:01:34.595,1678,42186.62
2025-11-16 16:01:34.595,1679,42186.62
2025-11-16 16:01:34.595,1680,34348.4
2025-11-16 16:01:34.595,1681,33635.68
2025-11-16 16:01:34.595,1682,32900.21
2025-11-16 16:01:34.595,1683,31971.61
2025-11-16 16:01:34.595,1684,33403.16
2025-11-16 16:01:34.595,1685,32945.45
2025-11-16 16:01:34.595,1686,33495.87
2025-11-16 16:01:34.595,1687,33127.38
2025-11-16 16:01:34.595,1688,33588.98
2025-11-16 16:01:34.595,1689,33310.84
2025-11-16 16:01:34.595,1690,33403.16
2025-11-16 16:01:34.595,1691,33682.49
2025-11-16 16:01:34.595,1692,33495.87
2025-11-16 16:01:34.595,1693,33542.38
2025-11-16 16:01:34.595,1694,34493.74
2025-11-16 16:01:34.595,1695,33588.98
2025-11-16 16:01:34.595,1696,31628.31
2025-11-16 16:01:34.595,1697,30031.86
2025-11-16 16:01:34.595,1698,32586.16
2025-11-16 16:01:34.595,1699,35335.6
2025-11-16 16:01:34.595,1700,36901.41
2025-11-16 16:01:34.595,1701,37118.37
2025-11-16 16:01:34.595,1702,35084.71
2025-11-16 16:01:34.595,1703,37118.37
2025-11-16 16:01:34.595,1704,34348.4
2025-11-16 16:01:34.595,1705,36053.13
2025-11-16 16:01:34.595,1706,39887.21
2025-11-16 16:01:34.595,1707,37227.6
2025-11-16 16:01:34.595,1708,30794.08
2025-11-16 16:01:34.595,1709,38120.0
2025-11-16 16:01:34.595,1710,31040.83
2025-11-16 16:01:34.595,1711,30876.0
2025-11-16 16:01:34.595,1712,45151.65
2025-11-16 16:01:34.595,1713,30631.22
2025-11-16 16:01:34.595,1714,30189.96
2025-11-16 16:01:34.595,1715,35742.86
2025-11-16 16:01:34.595,1716,27349.84
2025-11-16 16:01:34.595,1717,30631.22
2025-11-16 16:01:34.595,1718,33682.49
2025-11-16 16:01:34.595,1719,45151.65
2025-11-16 16:01:34.595,1720,58255.64
2025-11-16 16:01:34.595,1721,65586.65
2025-11-16 16:01:34.595,1722,32058.32
2025-11-16 16:01:34.595,1723,32058.32
2025-11-16 16:01:34.595,1724,64212.57
2025-11-16 16:01:34.595,1725,94900.64
2025-11-16 16:01:34.595,1726,57354.41
2025-11-16 16:01:34.595,1727,57354.41
2025-11-16 16:01:34.595,1728,26511.85
2025-11-16 16:01:34.595,1729,25461.45
2025-11-16 16:01:34.595,1730,24853.65
2025-11-16 16:01:34.595,1731,24853.65
2025-11-16 16:01:34.595,1732,24853.65
2025-11-16 16:01:34.595,1733,25033.8
2025-11-16 16:01:34.595,1734,25154.93
2025-11-16 16:01:34.595,1735,24883.55
2025-11-16 16:01:34.595,1736,24973.54
2025-11-16 16:01:34.595,1737,24794.01
2025-11-16 16:01:34.595,1738,24883.55
2025-11-16 16:01:34.595,1739,25064.0
2025-11-16 16:01:34.595,1740,24764.27
2025-11-16 16:01:34.595,1741,24973.54
2025-11-16 16:01:34.595,1742,26154.89
2025-11-16 16:01:34.595,1743,25033.8
2025-11-16 16:01:34.595,1744,23754.24
2025-11-16 16:01:34.595,1745,23202.91
2025-11-16 16:01:34.595,1746,22987.37
2025-11-16 16:01:34.595,1747,24794.01
2025-11-16 16:01:34.595,1748,27418.54
2025-11-16 16:01:34.595,1749,27145.25
2025-11-16 16:01:34.595,1750,25994.93
2025-11-16 16:01:34.595,1751,27836.08
2025-11-16 16:01:34.595,1752,26026.81
2025-11-16 16:01:34.595,1753,26742.69
2025-11-16 16:01:34.595,1754,28773.39
2025-11-16 16:01:34.595,1755,27556.69
2025-11-16 16:01:34.595,1756,19406.36
2025-11-16 16:01:34.595,1757,28335.09
2025-11-16 16:01:34.595,1758,21310.15
2025-11-16 16:01:34.595,1759,18142.77
2025-11-16 16:01:34.595,1760,40505.41
2025-11-16 16:01:34.595,1761,22305.72
2025-11-16 16:01:34.595,1762,20419.37
2025-11-16 16:01:34.595,1763,26479.11
2025-11-16 16:01:34.595,1764,22177.84
2025-11-16 16:01:34.595,1765,21750.49
2025-11-16 16:01:34.595,1766,25461.45
2025-11-16 16:01:34.595,1767,35184.73
2025-11-16 16:01:34.595,1768,52793.59
2025-11-16 16:01:34.595,1769,51192.37
2025-11-16 16:01:34.595,1770,23586.93
2025-11-16 16:01:34.595,1771,23586.93
2025-11-16 16:01:34.595,1772,52987.48
2025-11-16 16:01:34.595,1773,78725.33
2025-11-16 16:01:34.595,1774,43698.91
2025-11-16 16:01:34.595,1775,43698.91
2025-11-16 16:01:34.595,1776,22564.54
2025-11-16 16:01:34.595,1777,21750.49
2025-11-16 16:01:34.595,1778,21406.95
2025-11-16 16:01:34.595,1779,21261.97
2025-11-16 16:01:34.595,1780,21213.94
2025-11-16 16:01:34.595,1781,21431.24
2025-11-16 16:01:34.595,1782,21213.94
2025-11-16 16:01:34.595,1783,21237.94
2025-11-16 16:01:34.595,1784,21455.57
2025-11-16 16:01:34.595,1785,21310.15
2025-11-16 16:01:34.595,1786,21358.47
2025-11-16 16:01:34.595,1787,21406.95
2025-11-16 16:01:34.595,1788,21406.95
2025-11-16 16:01:34.595,1789,21602.34
2025-11-16 16:01:34.595,1790,22460.52
2025-11-16 16:01:34.595,1791,21553.27
2025-11-16 16:01:34.595,1792,20193.28
2025-11-16 16:01:34.595,1793,19577.68
2025-11-16 16:01:34.595,1794,20037.0
2025-11-16 16:01:34.595,1795,22101.59
2025-11-16 16:01:34.595,1796,23698.29
2025-11-16 16:01:34.595,1797,23670.38
2025-11-16 16:01:34.595,1798,22486.47
2025-11-16 16:01:34.595,1799,24179.86
2025-11-16 16:01:34.595,1800,22382.94
2025-11-16 16:01:34.595,1801,23366.42
2025-11-16 16:01:34.595,1802,25492.39
2025-11-16 16:01:34.595,1803,23951.54
2025-11-16 16:01:34.595,1804,18103.81
2025-11-16 16:01:34.595,1805,24853.65
2025-11-16 16:01:34.595,1806,19237.01
2025-11-16 16:01:34.595,1807,18986.58
2025-11-16 16:01:34.595,1808,36053.13
2025-11-16 16:01:34.595,1809,19069.58
2025-11-16 16:01:34.595,1810,16317.87
2025-11-16 16:01:34.595,1811,22721.83
2025-11-16 16:01:34.595,1812,18064.95
2025-11-16 16:01:34.595,1813,16751.64
2025-11-16 16:01:34.595,1814,21750.49
2025-11-16 16:01:34.595,1815,30309.35
2025-11-16 16:01:34.595,1816,47646.51
2025-11-16 16:01:34.595,1817,45831.29
2025-11-16 16:01:34.595,1818,20170.86
2025-11-16 16:01:34.595,1819,20170.86
2025-11-16 16:01:34.595,1820,46843.01
2025-11-16 16:01:34.595,1821,67012.48
2025-11-16 16:01:34.595,1822,39644.14
2025-11-16 16:01:34.595,1823,39644.14
2025-11-16 16:01:34.595,1824,32855.06
2025-11-16 16:01:34.595,1825,31628.31
2025-11-16 16:01:34.595,1826,31040.83
2025-11-16 16:01:34.595,1827,30958.25
2025-11-16 16:01:34.595,1828,30958.25
2025-11-16 16:01:34.595,1829,31374.49
2025-11-16 16:01:34.595,1830,30876.0
2025-11-16 16:01:34.595,1831,31123.74
2025-11-16 16:01:34.595,1832,31248.74
2025-11-16 16:01:34.595,1833,31290.57
2025-11-16 16:01:34.595,1834,31248.74
2025-11-16 16:01:34.595,1835,31458.76
2025-11-16 16:01:34.595,1836,30835.0
2025-11-16 16:01:34.595,1837,31585.79
2025-11-16 16:01:34.595,1838,32855.06
2025-11-16 16:01:34.595,1839,31885.26
2025-11-16 16:01:34.595,1840,31628.31
2025-11-16 16:01:34.595,1841,30150.32
2025-11-16 16:01:34.595,1842,29297.52
2025-11-16 16:01:34.595,1843,33495.87
2025-11-16 16:01:34.595,1844,34348.4
2025-11-16 16:01:34.595,1845,34252.03
2025-11-16 16:01:34.595,1846,33081.75
2025-11-16 16:01:34.595,1847,35034.87
2025-11-16 16:01:34.595,1848,32765.05
2025-11-16 16:01:34.595,1849,34204.0
2025-11-16 16:01:34.595,1850,37392.4
2025-11-16 16:01:34.595,1851,35034.87
2025-11-16 16:01:34.595,1852,29221.78
2025-11-16 16:01:34.595,1853,36473.41
2025-11-16 16:01:34.595,1854,28553.0
2025-11-16 16:01:34.595,1855,28847.41
2025-11-16 16:01:34.595,1856,50556.48
2025-11-16 16:01:34.595,1857,30590.71
2025-11-16 16:01:34.595,1858,29449.88
2025-11-16 16:01:34.595,1859,34445.18
2025-11-16 16:01:34.595,1860,31206.99
2025-11-16 16:01:34.595,1861,30429.46
2025-11-16 16:01:34.595,1862,33495.87
2025-11-16 16:01:34.595,1863,43769.74
2025-11-16 16:01:34.595,1864,65586.65
2025-11-16 16:01:34.595,1865,63676.8
2025-11-16 16:01:34.595,1866,31290.57
2025-11-16 16:01:34.595,1867,31290.57
2025-11-16 16:01:34.595,1868,63411.8
2025-11-16 16:01:34.595,1869,95170.63
2025-11-16 16:01:34.595,1870,54787.84
2025-11-16 16:01:34.595,1871,54787.84
2025-11-16 16:01:34.595,1872,27977.33
2025-11-16 16:01:34.595,1873,26842.51
2025-11-16 16:01:34.595,1874,26709.53
2025-11-16 16:01:34.595,1875,26511.85
2025-11-16 16:01:34.595,1876,26511.85
2025-11-16 16:01:34.595,1877,26875.9
2025-11-16 16:01:34.595,1878,26610.43
2025-11-16 16:01:34.595,1879,26842.51
2025-11-16 16:01:34.595,1880,26809.18
2025-11-16 16:01:34.595,1881,26511.85
2025-11-16 16:01:34.595,1882,26809.18
2025-11-16 16:01:34.595,1883,26610.43
2025-11-16 16:01:34.595,1884,26610.43
2025-11-16 16:01:34.595,1885,26809.18
2025-11-16 16:01:34.595,1886,27765.84
2025-11-16 16:01:34.595,1887,26809.18
2025-11-16 16:01:34.595,1888,26219.28
2025-11-16 16:01:34.595,1889,24794.01
2025-11-16 16:01:34.595,1890,25154.93
2025-11-16 16:01:34.595,1891,27871.29
2025-11-16 16:01:34.595,1892,29146.33
2025-11-16 16:01:34.595,1893,28921.71
2025-11-16 16:01:34.595,1894,27836.08
2025-11-16 16:01:34.595,1895,29449.88
2025-11-16 16:01:34.595,1896,27626.15
2025-11-16 16:01:34.595,1897,28699.64
2025-11-16 16:01:34.595,1898,30712.49
2025-11-16 16:01:34.595,1899,29297.52
2025-11-16 16:01:34.595,1900,22000.49
2025-11-16 16:01:34.595,1901,30389.34
2025-11-16 16:01:34.595,1902,22000.49
2025-11-16 16:01:34.595,1903,21700.95
2025-11-16 16:01:34.595,1904,43487.57
2025-11-16 16:01:34.595,1905,24734.57
2025-11-16 16:01:34.595,1906,23040.99
2025-11-16 16:01:34.595,1907,28736.48
2025-11-16 16:01:34.595,1908,24794.01
2025-11-16 16:01:34.595,1909,24616.31
2025-11-16 16:01:34.595,1910,27281.39
2025-11-16 16:01:34.595,1911,37613.93
2025-11-16 16:01:34.595,1912,56368.51
2025-11-16 16:01:34.595,1913,53975.16
2025-11-16 16:01:34.595,1914,25523.39
2025-11-16 16:01:34.595,1915,25523.39
2025-11-16 16:01:34.595,1916,56803.11
2025-11-16 16:01:34.595,1917,87398.81
2025-11-16 16:01:34.595,1918,45907.83
2025-11-16 16:01:34.595,1919,45907.83
2025-11-16 16:01:34.595,1920,793012.25
2025-11-16 16:01:34.595,1921,708471.5
2025-11-16 16:01:34.595,1922,762705.19
2025-11-16 16:01:34.595,1923,965113.19
2025-11-16 16:01:34.595,1924,777567.38
2025-11-16 16:01:34.595,1925,988899.38
2025-11-16 16:01:34.595,1926,988899.38
2025-11-16 16:01:34.595,1927,920784.13
2025-11-16 16:01:34.595,1928,942433.13
2025-11-16 16:01:34.595,1929,988899.38
2025-11-16 16:01:34.595,1930,861364.44
2025-11-16 16:01:34.595,1931,861364.44
2025-11-16 16:01:34.595,1932,900097.25
2025-11-16 16:01:34.595,1933,762705.19
2025-11-16 16:01:34.595,1934,942433.13
2025-11-16 16:01:34.595,1935,708471.5
2025-11-16 16:01:34.595,1936,793012.25
2025-11-16 16:01:34.595,1937,988899.38
2025-11-16 16:01:34.595,1938,880309.75
2025-11-16 16:01:34.595,1939,793012.25
2025-11-16 16:01:34.595,1940,988899.38
2025-11-16 16:01:34.595,1941,650520.19
2025-11-16 16:01:34.595,1942,793012.25
2025-11-16 16:01:34.595,1943,762705.19
2025-11-16 16:01:34.595,1944,793012.25
2025-11-16 16:01:34.595,1945,942433.13
2025-11-16 16:01:34.595,1946,762705.19
2025-11-16 16:01:34.595,1947,734602.25
2025-11-16 16:01:34.595,1948,762705.19
2025-11-16 16:01:34.595,1949,793012.25
2025-11-16 16:01:34.595,1950,762705.19
2025-11-16 16:01:34.595,1951,861364.44
2025-11-16 16:01:34.595,1952,942433.13
2025-11-16 16:01:34.595,1953,762705.19
2025-11-16 16:01:34.595,1954,793012.25
2025-11-16 16:01:34.595,1955,793012.25
2025-11-16 16:01:34.595,1956,843208.31
2025-11-16 16:01:34.595,1957,708471.5
2025-11-16 16:01:34.595,1958,793012.25
2025-11-16 16:01:34.595,1959,942433.13
2025-11-16 16:01:34.595,1960,988899.38
2025-11-16 16:01:34.595,1961,942433.13
2025-11-16 16:01:34.595,1962,793012.25
2025-11-16 16:01:34.595,1963,793012.25
2025-11-16 16:01:34.595,1964,942433.13
2025-11-16 16:01:34.595,1965,942433.13
2025-11-16 16:01:34.595,1966,942433.13
2025-11-16 16:01:34.595,1967,942433.13
2025-11-16 16:01:34.595,1968,30835.0
2025-11-16 16:01:34.595,1969,29146.33
2025-11-16 16:01:34.595,1970,29411.68
2025-11-16 16:01:34.595,1971,28996.3
2025-11-16 16:01:34.595,1972,29449.88
2025-11-16 16:01:34.595,1973,29449.88
2025-11-16 16:01:34.595,1974,29411.68
2025-11-16 16:01:34.595,1975,29221.78
2025-11-16 16:01:34.595,1976,29449.88
2025-11-16 16:01:34.595,1977,29108.72
2025-11-16 16:01:34.595,1978,29297.52
2025-11-16 16:01:34.595,1979,28847.41
2025-11-16 16:01:34.595,1980,29033.7
2025-11-16 16:01:34.595,1981,29641.99
2025-11-16 16:01:34.595,1982,30794.08
2025-11-16 16:01:34.595,1983,29297.52
2025-11-16 16:01:34.595,1984,29297.52
2025-11-16 16:01:34.595,1985,27765.84
2025-11-16 16:01:34.595,1986,27836.08
2025-11-16 16:01:34.595,1987,31040.83
2025-11-16 16:01:34.595,1988,32900.21
2025-11-16 16:01:34.595,1989,32720.19
2025-11-16 16:01:34.595,1990,30876.0
2025-11-16 16:01:34.595,1991,33403.16
2025-11-16 16:01:34.595,1992,30794.08
2025-11-16 16:01:34.595,1993,32145.38
2025-11-16 16:01:34.595,1994,34985.13
2025-11-16 16:01:34.595,1995,32990.79
2025-11-16 16:01:34.595,1996,27145.25
2025-11-16 16:01:34.595,1997,34348.4
2025-11-16 16:01:34.595,1998,25461.45
2025-11-16 16:01:34.595,1999,26742.69
2025-11-16 16:01:34.595,2000,45984.59
2025-11-16 16:01:34.595,2001,27730.82
2025-11-16 16:01:34.595,2002,27349.84
2025-11-16 16:01:34.595,2003,32189.05
2025-11-16 16:01:34.595,2004,28480.09
2025-11-16 16:01:34.595,2005,28996.3
2025-11-16 16:01:34.595,2006,31416.58
2025-11-16 16:01:34.595,2007,41526.96
2025-11-16 16:01:34.595,2008,61358.41
2025-11-16 16:01:34.595,2009,59416.6
2025-11-16 16:01:34.595,2010,29449.88
2025-11-16 16:01:34.595,2011,29449.88
2025-11-16 16:01:34.595,2012,58141.67
2025-11-16 16:01:34.595,2013,91512.71
2025-11-16 16:01:34.595,2014,51748.12
2025-11-16 16:01:34.595,2015,51748.12
2025-11-16 16:01:34.595,2016,536008.31
2025-11-16 16:01:34.595,2017,455329.53
2025-11-16 16:01:34.595,2018,421032.91
2025-11-16 16:01:34.595,2019,439984.91
2025-11-16 16:01:34.595,2020,460679.59
2025-11-16 16:01:34.595,2021,489387.19
2025-11-16 16:01:34.595,2022,450099.75
2025-11-16 16:01:34.595,2023,466154.09
2025-11-16 16:01:34.595,2024,495554.03
2025-11-16 16:01:34.595,2025,483368.97
2025-11-16 16:01:34.595,2026,471757.34
2025-11-16 16:01:34.595,2027,483368.97
2025-11-16 16:01:34.595,2028,460679.59
2025-11-16 16:01:34.595,2029,455329.53
2025-11-16 16:01:34.595,2030,439984.91
2025-11-16 16:01:34.595,2031,455329.53
2025-11-16 16:01:34.595,2032,471757.34
2025-11-16 16:01:34.595,2033,466154.09
2025-11-16 16:01:34.595,2034,495554.03
2025-11-16 16:01:34.595,2035,521823.06
2025-11-16 16:01:34.595,2036,489387.19
2025-11-16 16:01:34.595,2037,528822.38
2025-11-16 16:01:34.595,2038,483368.97
2025-11-16 16:01:34.595,2039,536008.31
2025-11-16 16:01:34.595,2040,508356.06
2025-11-16 16:01:34.595,2041,483368.97
2025-11-16 16:01:34.595,2042,508356.06
2025-11-16 16:01:34.595,2043,489387.19
2025-11-16 16:01:34.595,2044,450099.75
2025-11-16 16:01:34.595,2045,515003.19
2025-11-16 16:01:34.595,2046,439984.91
2025-11-16 16:01:34.595,2047,489387.19
2025-11-16 16:01:34.595,2048,439984.91
2025-11-16 16:01:34.595,2049,460679.59
2025-11-16 16:01:34.595,2050,460679.59
2025-11-16 16:01:34.595,2051,521823.06
2025-11-16 16:01:34.595,2052,460679.59
2025-11-16 16:01:34.595,2053,430305.09
2025-11-16 16:01:34.595,2054,466154.09
2025-11-16 16:01:34.595,2055,566776.38
2025-11-16 16:01:34.595,2056,425619.72
2025-11-16 16:01:34.595,2057,762705.19
2025-11-16 16:01:34.595,2058,471757.34
2025-11-16 16:01:34.595,2059,471757.34
2025-11-16 16:01:34.595,2060,734602.25
2025-11-16 16:01:34.595,2061,900097.25
2025-11-16 16:01:34.595,2062,696081.88
2025-11-16 16:01:34.595,2063,696081.88
2025-11-16 16:01:34.595,2064,27384.16
2025-11-16 16:01:34.595,2065,26348.73
2025-11-16 16:01:34.595,2066,25836.37
2025-11-16 16:01:34.595,2067,25492.39
2025-11-16 16:01:34.595,2068,26026.81
2025-11-16 16:01:34.595,2069,25773.33
2025-11-16 16:01:34.595,2070,25963.11
2025-11-16 16:01:34.595,2071,25773.33
2025-11-16 16:01:34.595,2072,25773.33
2025-11-16 16:01:34.595,2073,25994.93
2025-11-16 16:01:34.595,2074,25836.37
2025-11-16 16:01:34.595,2075,26090.74
2025-11-16 16:01:34.595,2076,25710.52
2025-11-16 16:01:34.595,2077,25836.37
2025-11-16 16:01:34.595,2078,26577.51
2025-11-16 16:01:34.595,2079,25836.37
2025-11-16 16:01:34.595,2080,20081.49
2025-11-16 16:01:34.595,2081,20788.21
2025-11-16 16:01:34.595,2082,24324.12
2025-11-16 16:01:34.595,2083,25773.33
2025-11-16 16:01:34.595,2084,28335.09
2025-11-16 16:01:34.595,2085,28119.63
2025-11-16 16:01:34.595,2086,26676.44
2025-11-16 16:01:34.595,2087,28921.71
2025-11-16 16:01:34.595,2088,26942.87
2025-11-16 16:01:34.595,2089,28119.63
2025-11-16 16:01:34.595,2090,31543.36
2025-11-16 16:01:34.595,2091,29071.17
2025-11-16 16:01:34.595,2092,25836.37
2025-11-16 16:01:34.595,2093,30229.68
2025-11-16 16:01:34.595,2094,25963.11
2025-11-16 16:01:34.595,2095,26090.74
2025-11-16 16:01:34.595,2096,42658.5
2025-11-16 16:01:34.595,2097,26090.74
2025-11-16 16:01:34.595,2098,25276.9
2025-11-16 16:01:34.595,2099,28847.41
2025-11-16 16:01:34.595,2100,25679.2
2025-11-16 16:01:34.595,2101,26090.74
2025-11-16 16:01:34.595,2102,28119.63
2025-11-16 16:01:34.595,2103,37669.63
2025-11-16 16:01:34.595,2104,56260.74
2025-11-16 16:01:34.595,2105,53084.88
2025-11-16 16:01:34.595,2106,26643.4
2025-11-16 16:01:34.595,2107,26643.4
2025-11-16 16:01:34.595,2108,53280.57
2025-11-16 16:01:34.595,2109,90021.7
2025-11-16 16:01:34.595,2110,46527.84
2025-11-16 16:01:34.595,2111,46527.84
2025-11-16 16:01:34.595,2112,312394.69
2025-11-16 16:01:34.595,2113,284551.28
2025-11-16 16:01:34.595,2114,268514.44
2025-11-16 16:01:34.595,2115,268514.44
2025-11-16 16:01:34.595,2116,268514.44
2025-11-16 16:01:34.595,2117,286686.59
2025-11-16 16:01:34.595,2118,268514.44
2025-11-16 16:01:34.595,2119,280371.47
2025-11-16 16:01:34.595,2120,284551.28
2025-11-16 16:01:34.595,2121,261133.28
2025-11-16 16:01:34.595,2122,297844.91
2025-11-16 16:01:34.595,2123,284551.28
2025-11-16 16:01:34.595,2124,278325.69
2025-11-16 16:01:34.595,2125,280371.47
2025-11-16 16:01:34.595,2126,268514.44
2025-11-16 16:01:34.595,2127,268514.44
2025-11-16 16:01:34.595,2128,268514.44
2025-11-16 16:01:34.595,2129,268514.44
2025-11-16 16:01:34.595,2130,266631.75
2025-11-16 16:01:34.595,2131,286686.59
2025-11-16 16:01:34.595,2132,295546.66
2025-11-16 16:01:34.595,2133,293282.41
2025-11-16 16:01:34.595,2134,280371.47
2025-11-16 16:01:34.595,2135,291051.47
2025-11-16 16:01:34.595,2136,268514.44
2025-11-16 16:01:34.595,2137,293282.41
2025-11-16 16:01:34.595,2138,291051.47
2025-11-16 16:01:34.595,2139,284551.28
2025-11-16 16:01:34.595,2140,261133.28
2025-11-16 16:01:34.595,2141,262941.66
2025-11-16 16:01:34.595,2142,245875.0
2025-11-16 16:01:34.595,2143,261133.28
2025-11-16 16:01:34.595,2144,176906.95
2025-11-16 16:01:34.595,2145,229407.17
2025-11-16 16:01:34.595,2146,257587.41
2025-11-16 16:01:34.595,2147,261133.28
2025-11-16 16:01:34.595,2148,250766.73
2025-11-16 16:01:34.595,2149,232241.86
2025-11-16 16:01:34.595,2150,250766.73
2025-11-16 16:01:34.595,2151,291051.47
2025-11-16 16:01:34.595,2152,157058.67
2025-11-16 16:01:34.595,2153,430305.09
2025-11-16 16:01:34.595,2154,250766.73
2025-11-16 16:01:34.595,2155,250766.73
2025-11-16 16:01:34.595,2156,391443.63
2025-11-16 16:01:34.595,2157,684112.31
2025-11-16 16:01:34.595,2158,358884.03
2025-11-16 16:01:34.595,2159,358884.03
2025-11-16 16:01:34.595,2160,379970.25
2025-11-16 16:01:34.595,2161,336993.63
2025-11-16 16:01:34.595,2162,358884.03
2025-11-16 16:01:34.595,2163,293282.41
2025-11-16 16:01:34.595,2164,352352.88
2025-11-16 16:01:34.595,2165,365654.84
2025-11-16 16:01:34.595,2166,372678.72
2025-11-16 16:01:34.595,2167,317555.0
2025-11-16 16:01:34.595,2168,379970.25
2025-11-16 16:01:34.595,2169,387544.88
2025-11-16 16:01:34.595,2170,376290.09
2025-11-16 16:01:34.595,2171,383721.19
2025-11-16 16:01:34.595,2172,387544.88
2025-11-16 16:01:34.595,2173,395419.56
2025-11-16 16:01:34.595,2174,403612.41
2025-11-16 16:01:34.595,2175,342978.47
2025-11-16 16:01:34.595,2176,376290.09
2025-11-16 16:01:34.595,2177,365654.84
2025-11-16 16:01:34.595,2178,387544.88
2025-11-16 16:01:34.595,2179,450099.75
2025-11-16 16:01:34.595,2180,395419.56
2025-11-16 16:01:34.595,2181,421032.91
2025-11-16 16:01:34.595,2182,403612.41
2025-11-16 16:01:34.595,2183,435092.38
2025-11-16 16:01:34.595,2184,387544.88
2025-11-16 16:01:34.595,2185,395419.56
2025-11-16 16:01:34.595,2186,421032.91
2025-11-16 16:01:34.595,2187,399475.0
2025-11-16 16:01:34.595,2188,372678.72
2025-11-16 16:01:34.595,2189,430305.09
2025-11-16 16:01:34.595,2190,372678.72
2025-11-16 16:01:34.595,2191,372678.72
2025-11-16 16:01:34.595,2192,235144.47
2025-11-16 16:01:34.595,2193,383721.19
2025-11-16 16:01:34.595,2194,387544.88
2025-11-16 16:01:34.595,2195,435092.38
2025-11-16 16:01:34.595,2196,383721.19
2025-11-16 16:01:34.595,2197,395419.56
2025-11-16 16:01:34.595,2198,399475.0
2025-11-16 16:01:34.595,2199,439984.91
2025-11-16 16:01:34.595,2200,216173.34
2025-11-16 16:01:34.595,2201,708471.5
2025-11-16 16:01:34.595,2202,421032.91
2025-11-16 16:01:34.595,2203,421032.91
2025-11-16 16:01:34.595,2204,661350.38
2025-11-16 16:01:34.595,2205,988899.38
2025-11-16 16:01:34.595,2206,592227.94
2025-11-16 16:01:34.595,2207,592227.94
2025-11-16 16:01:34.595,2208,211280.41
2025-11-16 16:01:34.595,2209,211280.41
2025-11-16 16:01:34.595,2210,211280.41
2025-11-16 16:01:34.595,2211,211280.41
2025-11-16 16:01:34.595,2212,211280.41
2025-11-16 16:01:34.595,2213,211280.41
2025-11-16 16:01:34.595,2214,211280.41
2025-11-16 16:01:34.595,2215,211280.41
2025-11-16 16:01:34.595,2216,211280.41
2025-11-16 16:01:34.595,2217,211280.41
2025-11-16 16:01:34.595,2218,211280.41
2025-11-16 16:01:34.595,2219,211280.41
2025-11-16 16:01:34.595,2220,211280.41
2025-11-16 16:01:34.595,2221,211280.41
2025-11-16 16:01:34.595,2222,211280.41
2025-11-16 16:01:34.595,2223,211280.41
2025-11-16 16:01:34.595,2224,211280.41
2025-11-16 16:01:34.595,2225,211280.41
2025-11-16 16:01:34.595,2226,211280.41
2025-11-16 16:01:34.595,2227,211280.41
2025-11-16 16:01:34.595,2228,211280.41
2025-11-16 16:01:34.595,2229,211280.41
2025-11-16 16:01:34.595,2230,211280.41
2025-11-16 16:01:34.595,2231,211280.41
2025-11-16 16:01:34.595,2232,211280.41
2025-11-16 16:01:34.595,2233,211280.41
2025-11-16 16:01:34.595,2234,211280.41
2025-11-16 16:01:34.595,2235,211280.41
2025-11-16 16:01:34.595,2236,211280.41
2025-11-16 16:01:34.595,2237,211280.41
2025-11-16 16:01:34.595,2238,211280.41
2025-11-16 16:01:34.595,2239,211280.41
2025-11-16 16:01:34.595,2240,211280.41
2025-11-16 16:01:34.595,2241,211280.41
2025-11-16 16:01:34.595,2242,211280.41
2025-11-16 16:01:34.595,2243,211280.41
2025-11-16 16:01:34.595,2244,211280.41
2025-11-16 16:01:34.595,2245,211280.41
2025-11-16 16:01:34.595,2246,211280.41
2025-11-16 16:01:34.595,2247,211280.41
2025-11-16 16:01:34.595,2248,211280.41
2025-11-16 16:01:34.595,2249,211280.41
2025-11-16 16:01:34.595,2250,211280.41
2025-11-16 16:01:34.595,2251,211280.41
2025-11-16 16:01:34.595,2252,211280.41
2025-11-16 16:01:34.595,2253,211280.41
2025-11-16 16:01:34.595,2254,211280.41
2025-11-16 16:01:34.595,2255,211280.41
2025-11-16 16:01:34.595,2256,211280.41
2025-11-16 16:01:34.595,2257,190659.31
2025-11-16 16:01:34.595,2258,191648.39
2025-11-16 16:01:34.595,2259,182175.47
2025-11-16 16:01:34.595,2260,175214.38
2025-11-16 16:01:34.595,2261,193656.09
2025-11-16 16:01:34.595,2262,191648.39
2025-11-16 16:01:34.595,2263,189679.88
2025-11-16 16:01:34.595,2264,204325.27
2025-11-16 16:01:34.595,2265,183998.22
2025-11-16 16:01:34.595,2266,193656.09
2025-11-16 16:01:34.595,2267,193656.09
2025-11-16 16:01:34.595,2268,187749.41
2025-11-16 16:01:34.595,2269,193656.09
2025-11-16 16:01:34.595,2270,204325.27
2025-11-16 16:01:34.595,2271,192647.28
2025-11-16 16:01:34.595,2272,183998.22
2025-11-16 16:01:34.595,2273,176906.95
2025-11-16 16:01:34.595,2274,189679.88
2025-11-16 16:01:34.595,2275,178630.77
2025-11-16 16:01:34.595,2276,206594.58
2025-11-16 16:01:34.595,2277,206594.58
2025-11-16 16:01:34.595,2278,193656.09
2025-11-16 16:01:34.595,2279,189679.88
2025-11-16 16:01:34.595,2280,171919.44
2025-11-16 16:01:34.595,2281,189679.88
2025-11-16 16:01:34.595,2282,193656.09
2025-11-16 16:01:34.595,2283,197793.8
2025-11-16 16:01:34.595,2284,173552.13
2025-11-16 16:01:34.595,2285,197793.8
2025-11-16 16:01:34.595,2286,165668.98
2025-11-16 16:01:34.595,2287,177764.91
2025-11-16 16:01:34.595,2288,107238.9
2025-11-16 16:01:34.595,2289,187749.41
2025-11-16 16:01:34.595,2290,174379.52
2025-11-16 16:01:34.595,2291,195704.14
2025-11-16 16:01:34.595,2292,176056.81
2025-11-16 16:01:34.595,2293,165668.98
2025-11-16 16:01:34.595,2294,176906.95
2025-11-16 16:01:34.595,2295,229407.17
2025-11-16 16:01:34.595,2296,99101.66
2025-11-16 16:01:34.595,2297,293282.41
2025-11-16 16:01:34.595,2298,178630.77
2025-11-16 16:01:34.595,2299,178630.77
2025-11-16 16:01:34.595,2300,76471.19
2025-11-16 16:01:34.595,2301,365654.84
2025-11-16 16:01:34.595,2302,226638.0
2025-11-16 16:01:34.595,2303,226638.0
2025-11-16 16:01:34.861,0,23311.73
2025-11-16 16:01:34.861,1,30229.68
2025-11-16 16:01:34.861,2,32058.32
2025-11-16 16:01:34.861,3,31458.76
2025-11-16 16:01:34.861,4,31416.58
2025-11-16 16:01:34.861,5,32058.32
2025-11-16 16:01:34.861,6,32014.92
2025-11-16 16:01:34.861,7,31971.61
2025-11-16 16:01:34.861,8,32058.32
2025-11-16 16:01:34.861,9,31713.61
2025-11-16 16:01:34.861,10,32276.66
2025-11-16 16:01:34.861,11,32014.92
2025-11-16 16:01:34.861,12,32320.6
2025-11-16 16:01:34.861,13,32145.38
2025-11-16 16:01:34.861,14,34204.0
2025-11-16 16:01:34.861,15,32765.05
2025-11-16 16:01:34.861,16,37893.76
2025-11-16 16:01:34.861,17,35845.82
2025-11-16 16:01:34.861,18,35640.36
2025-11-16 16:01:34.861,19,40505.41
2025-11-16 16:01:34.861,20,36473.41
2025-11-16 16:01:34.861,21,36473.41
2025-11-16 16:01:34.861,22,33495.87
2025-11-16 16:01:34.861,23,36793.67
2025-11-16 16:01:34.861,24,34445.18
2025-11-16 16:01:34.861,25,35234.91
2025-11-16 16:01:34.861,26,39765.37
2025-11-16 16:01:34.861,27,36901.41
2025-11-16 16:01:34.861,28,36157.48
2025-11-16 16:01:34.861,29,37669.63
2025-11-16 16:01:34.861,30,36262.32
2025-11-16 16:01:34.861,31,37447.59
2025-11-16 16:01:34.861,32,55833.13
2025-11-16 16:01:34.861,33,35949.24
2025-11-16 16:01:34.861,34,36526.48
2025-11-16 16:01:34.861,35,38006.61
2025-11-16 16:01:34.861,36,36686.43
2025-11-16 16:01:34.861,37,36793.67
2025-11-16 16:01:34.861,38,39283.93
2025-11-16 16:01:34.861,39,48139.58
2025-11-16 16:01:34.861,40,77209.76
2025-11-16 16:01:34.861,41,61860.94
2025-11-16 16:01:34.861,42,35335.6
2025-11-16 16:01:34.861,43,35335.6
2025-11-16 16:01:34.861,44,46216.13
2025-11-16 16:01:34.861,45,72622.48
2025-11-16 16:01:34.861,46,49758.04
2025-11-16 16:01:34.861,47,49758.04
2025-11-16 16:01:34.861,48,88336.55
2025-11-16 16:01:34.861,49,91010.8
2025-11-16 16:01:34.861,50,97381.57
2025-11-16 16:01:34.861,51,102712.45
2025-11-16 16:01:34.861,52,96820.16
2025-11-16 16:01:34.861,53,97948.88
2025-11-16 16:01:34.861,54,99687.32
2025-11-16 16:01:34.861,55,98522.22
2025-11-16 16:01:34.861,56,100577.7
2025-11-16 16:01:34.861,57,101482.63
2025-11-16 16:01:34.861,58,100577.7
2025-11-16 16:01:34.861,59,107915.35
2025-11-16 16:01:34.861,60,100279.32
2025-11-16 16:01:34.861,61,96541.67
2025-11-16 16:01:34.861,62,99393.72
2025-11-16 16:01:34.861,63,98811.18
2025-11-16 16:01:34.861,64,104288.4
2025-11-16 16:01:34.861,65,103969.71
2025-11-16 16:01:34.861,66,105581.22
2025-11-16 16:01:34.861,67,115519.18
2025-11-16 16:01:34.861,68,107576.14
2025-11-16 16:01:34.861,69,107238.9
2025-11-16 16:01:34.861,70,110700.96
2025-11-16 16:01:34.861,71,104608.9
2025-11-16 16:01:34.861,72,103024.17
2025-11-16 16:01:34.861,73,103337.61
2025-11-16 16:01:34.861,74,113248.5
2025-11-16 16:01:34.861,75,108944.77
2025-11-16 16:01:34.861,76,107238.9
2025-11-16 16:01:34.861,77,108944.77
2025-11-16 16:01:34.861,78,108256.51
2025-11-16 16:01:34.861,79,111418.03
2025-11-16 16:01:34.861,80,164172.88
2025-11-16 16:01:34.861,81,108944.77
2025-11-16 16:01:34.861,82,108944.77
2025-11-16 16:01:34.861,83,115134.95
2025-11-16 16:01:34.861,84,105255.28
2025-11-16 16:01:34.861,85,108599.64
2025-11-16 16:01:34.861,86,113621.23
2025-11-16 16:01:34.861,87,138820.45
2025-11-16 16:01:34.861,88,206594.58
2025-11-16 16:01:34.861,89,171113.94
2025-11-16 16:01:34.861,90,109291.9
2025-11-16 16:01:34.861,91,109291.9
2025-11-16 16:01:34.861,92,92531.65
2025-11-16 16:01:34.861,93,127787.46
2025-11-16 16:01:34.861,94,107238.9
2025-11-16 16:01:34.861,95,107238.9
2025-11-16 16:01:34.861,96,63676.8
2025-11-16 16:01:34.861,97,65307.78
2025-11-16 16:01:34.861,98,67012.48
2025-11-16 16:01:34.861,99,66435.75
2025-11-16 16:01:34.861,100,65586.65
2025-11-16 16:01:34.861,101,67894.05
2025-11-16 16:01:34.861,102,70663.95
2025-11-16 16:01:34.861,103,66292.91
2025-11-16 16:01:34.861,104,66150.61
2025-11-16 16:01:34.861,105,66292.91
2025-11-16 16:01:34.861,106,68192.39
2025-11-16 16:01:34.861,107,67012.48
2025-11-16 16:01:34.861,108,66723.02
2025-11-16 16:01:34.861,109,68342.44
2025-11-16 16:01:34.861,110,70663.95
2025-11-16 16:01:34.861,111,66292.91
2025-11-16 16:01:34.861,112,77772.0
2025-11-16 16:01:34.861,113,75745.02
2025-11-16 16:01:34.861,114,71959.17
2025-11-16 16:01:34.861,115,82335.49
2025-11-16 16:01:34.861,116,72622.48
2025-11-16 16:01:34.861,117,71468.63
2025-11-16 16:01:34.861,118,72958.16
2025-11-16 16:01:34.861,119,75386.48
2025-11-16 16:01:34.861,120,71959.17
2025-11-16 16:01:34.861,121,73296.59
2025-11-16 16:01:34.861,122,77961.02
2025-11-16 16:01:34.861,123,76654.66
2025-11-16 16:01:34.861,124,76654.66
2025-11-16 16:01:34.861,125,78533.01
2025-11-16 16:01:34.861,126,76106.58
2025-11-16 16:01:34.861,127,78341.52
2025-11-16 16:01:34.861,128,112877.99
2025-11-16 16:01:34.861,129,71631.49
2025-11-16 16:01:34.861,130,76471.19
2025-11-16 16:01:34.861,131,80294.42
2025-11-16 16:01:34.861,132,78341.52
2025-11-16 16:01:34.861,133,78341.52
2025-11-16 16:01:34.861,134,80294.42
2025-11-16 16:01:34.861,135,94098.91
2025-11-16 16:01:34.861,136,151134.84
2025-11-16 16:01:34.861,137,113621.23
2025-11-16 16:01:34.861,138,76471.19
2025-11-16 16:01:34.861,139,76471.19
2025-11-16 16:01:34.861,140,84689.81
2025-11-16 16:01:34.861,141,141018.91
2025-11-16 16:01:34.861,142,93048.8
2025-11-16 16:01:34.861,143,93048.8
2025-11-16 16:01:34.861,144,51561.75
2025-11-16 16:01:34.861,145,52697.09
2025-11-16 16:01:34.861,146,50646.52
2025-11-16 16:01:34.861,147,50918.22
2025-11-16 16:01:34.861,148,50918.22
2025-11-16 16:01:34.861,149,51100.71
2025-11-16 16:01:34.861,150,51284.3
2025-11-16 16:01:34.861,151,51561.75
2025-11-16 16:01:34.861,152,50377.22
2025-11-16 16:01:34.861,153,50466.71
2025-11-16 16:01:34.861,154,51748.12
2025-11-16 16:01:34.861,155,51284.3
2025-11-16 16:01:34.861,156,51468.98
2025-11-16 16:01:34.861,157,51654.79
2025-11-16 16:01:34.861,158,53378.87
2025-11-16 16:01:34.861,159,50918.22
2025-11-16 16:01:34.861,160,57914.87
2025-11-16 16:01:34.861,161,54890.87
2025-11-16 16:01:34.861,162,54994.24
2025-11-16 16:01:34.861,163,63148.7
2025-11-16 16:01:34.861,164,56260.74
2025-11-16 16:01:34.861,165,58028.08
2025-11-16 16:01:34.861,166,55201.96
2025-11-16 16:01:34.861,167,57132.8
2025-11-16 16:01:34.861,168,54787.84
2025-11-16 16:01:34.861,169,56153.31
2025-11-16 16:01:34.861,170,61608.8
2025-11-16 16:01:34.861,171,57802.03
2025-11-16 16:01:34.861,172,56912.64
2025-11-16 16:01:34.861,173,59892.09
2025-11-16 16:01:34.861,174,57802.03
2025-11-16 16:01:34.861,175,58255.64
2025-11-16 16:01:34.861,176,89051.75
2025-11-16 16:01:34.861,177,58484.71
2025-11-16 16:01:34.861,178,58484.71
2025-11-16 16:01:34.861,179,60374.14
2025-11-16 16:01:34.861,180,59892.09
2025-11-16 16:01:34.861,181,60132.29
2025-11-16 16:01:34.861,182,63017.86
2025-11-16 16:01:34.861,183,74678.3
2025-11-16 16:01:34.861,184,121579.19
2025-11-16 16:01:34.861,185,92531.65
2025-11-16 16:01:34.861,186,58141.67
2025-11-16 16:01:34.861,187,58141.67
2025-11-16 16:01:34.861,188,74328.61
2025-11-16 16:01:34.861,189,111058.42
2025-11-16 16:01:34.861,190,75745.02
2025-11-16 16:01:34.861,191,75745.02
2025-11-16 16:01:34.861,192,36053.13
2025-11-16 16:01:34.861,193,31290.57
2025-11-16 16:01:34.861,194,35335.6
2025-11-16 16:01:34.861,195,30753.24
2025-11-16 16:01:34.861,196,35234.91
2025-11-16 16:01:34.861,197,35742.86
2025-11-16 16:01:34.861,198,35234.91
2025-11-16 16:01:34.861,199,35134.67
2025-11-16 16:01:34.861,200,35742.86
2025-11-16 16:01:34.861,201,35084.71
2025-11-16 16:01:34.861,202,35742.86
2025-11-16 16:01:34.861,203,35845.82
2025-11-16 16:01:34.861,204,36001.13
2025-11-16 16:01:34.861,205,35386.11
2025-11-16 16:01:34.861,206,37893.76
2025-11-16 16:01:34.861,207,35640.36
2025-11-16 16:01:34.861,208,41332.29
2025-11-16 16:01:34.861,209,39224.4
2025-11-16 16:01:34.861,210,38811.68
2025-11-16 16:01:34.861,211,44707.67
2025-11-16 16:01:34.861,212,39523.48
2025-11-16 16:01:34.861,213,40132.67
2025-11-16 16:01:34.861,214,37337.34
2025-11-16 16:01:34.861,215,39583.74
2025-11-16 16:01:34.861,216,37392.4
2025-11-16 16:01:34.861,217,38120.0
2025-11-16 16:01:34.861,218,42590.57
2025-11-16 16:01:34.861,219,39887.21
2025-11-16 16:01:34.861,220,39283.93
2025-11-16 16:01:34.861,221,41139.08
2025-11-16 16:01:34.861,222,39887.21
2025-11-16 16:01:34.861,223,40442.9
2025-11-16 16:01:34.861,224,65586.65
2025-11-16 16:01:34.861,225,39283.93
2025-11-16 16:01:34.861,226,39765.37
2025-11-16 16:01:34.861,227,41657.55
2025-11-16 16:01:34.861,228,40568.07
2025-11-16 16:01:34.861,229,40194.41
2025-11-16 16:01:34.861,230,42590.57
2025-11-16 16:01:34.861,231,51841.71
2025-11-16 16:01:34.861,232,85800.06
2025-11-16 16:01:34.861,233,66723.02
2025-11-16 16:01:34.861,234,39283.93
2025-11-16 16:01:34.861,235,39283.93
2025-11-16 16:01:34.861,236,58028.08
2025-11-16 16:01:34.861,237,97664.48
2025-11-16 16:01:34.861,238,58028.08
2025-11-16 16:01:34.861,239,58028.08
2025-11-16 16:01:34.861,240,16751.64
2025-11-16 16:01:34.861,241,16911.3
2025-11-16 16:01:34.861,242,15668.45
2025-11-16 16:01:34.861,243,15914.42
2025-11-16 16:01:34.861,244,15523.09
2025-11-16 16:01:34.861,245,15652.22
2025-11-16 16:01:34.861,246,15555.25
2025-11-16 16:01:34.861,247,15619.82
2025-11-16 16:01:34.861,248,15523.09
2025-11-16 16:01:34.861,249,15395.25
2025-11-16 16:01:34.861,250,15523.09
2025-11-16 16:01:34.861,251,15587.49
2025-11-16 16:01:34.861,252,15749.92
2025-11-16 16:01:34.861,253,15619.82
2025-11-16 16:01:34.861,254,16769.29
2025-11-16 16:01:34.861,255,15749.92
2025-11-16 16:01:34.861,256,19069.58
2025-11-16 16:01:34.861,257,17606.89
2025-11-16 16:01:34.861,258,17853.14
2025-11-16 16:01:34.861,259,20952.39
2025-11-16 16:01:34.861,260,18201.42
2025-11-16 16:01:34.861,261,18740.4
2025-11-16 16:01:34.861,262,16611.29
2025-11-16 16:01:34.861,263,18458.39
2025-11-16 16:01:34.861,264,16947.04
2025-11-16 16:01:34.861,265,17420.39
2025-11-16 16:01:34.861,266,20928.83
2025-11-16 16:01:34.861,267,18221.02
2025-11-16 16:01:34.861,268,18123.28
2025-11-16 16:01:34.861,269,19449.01
2025-11-16 16:01:34.861,270,18201.42
2025-11-16 16:01:34.861,271,18438.46
2025-11-16 16:01:34.861,272,33729.39
2025-11-16 16:01:34.861,273,17872.27
2025-11-16 16:01:34.861,274,18240.65
2025-11-16 16:01:34.861,275,19279.16
2025-11-16 16:01:34.861,276,18659.26
2025-11-16 16:01:34.861,277,18740.4
2025-11-16 16:01:34.861,278,20193.28
2025-11-16 16:01:34.861,279,26026.81
2025-11-16 16:01:34.861,280,43840.75
2025-11-16 16:01:34.861,281,35335.6
2025-11-16 16:01:34.861,282,18045.56
2025-11-16 16:01:34.861,283,18045.56
2025-11-16 16:01:34.861,284,32855.06
2025-11-16 16:01:34.861,285,61358.41
2025-11-16 16:01:34.861,286,31628.31
2025-11-16 16:01:34.861,287,31628.31
2025-11-16 16:01:34.861,288,14896.38
2025-11-16 16:01:34.861,289,15034.71
2025-11-16 16:01:34.861,290,13758.38
2025-11-16 16:01:34.861,291,14154.79
2025-11-16 16:01:34.861,292,13647.49
2025-11-16 16:01:34.861,293,13814.22
2025-11-16 16:01:34.861,294,13688.95
2025-11-16 16:01:34.861,295,13814.22
2025-11-16 16:01:34.861,296,13758.38
2025-11-16 16:01:34.861,297,13702.81
2025-11-16 16:01:34.861,298,13842.23
2025-11-16 16:01:34.861,299,13730.56
2025-11-16 16:01:34.861,300,13856.26
2025-11-16 16:01:34.861,301,13730.56
2025-11-16 16:01:34.861,302,14835.39
2025-11-16 16:01:34.861,303,13926.67
2025-11-16 16:01:34.861,304,17163.47
2025-11-16 16:01:34.861,305,15815.47
2025-11-16 16:01:34.861,306,16014.12
2025-11-16 16:01:34.861,307,18740.4
2025-11-16 16:01:34.861,308,16386.33
2025-11-16 16:01:34.861,309,16893.47
2025-11-16 16:01:34.861,310,14805.01
2025-11-16 16:01:34.861,311,16593.85
2025-11-16 16:01:34.861,312,15127.77
2025-11-16 16:01:34.861,313,15619.82
2025-11-16 16:01:34.861,314,18986.58
2025-11-16 16:01:34.861,315,16420.69
2025-11-16 16:01:34.861,316,16232.79
2025-11-16 16:01:34.861,317,17588.13
2025-11-16 16:01:34.861,318,16131.41
2025-11-16 16:01:34.861,319,16455.14
2025-11-16 16:01:34.861,320,31885.26
2025-11-16 16:01:34.861,321,15881.35
2025-11-16 16:01:34.861,322,16403.5
2025-11-16 16:01:34.861,323,17054.83
2025-11-16 16:01:34.861,324,16628.76
2025-11-16 16:01:34.861,325,16875.66
2025-11-16 16:01:34.861,326,18221.02
2025-11-16 16:01:34.861,327,23642.52
2025-11-16 16:01:34.861,328,41526.96
2025-11-16 16:01:34.861,329,32586.16
2025-11-16 16:01:34.861,330,16131.41
2025-11-16 16:01:34.861,331,16131.41
2025-11-16 16:01:34.861,332,28119.63
2025-11-16 16:01:34.861,333,56046.25
2025-11-16 16:01:34.861,334,29449.88
2025-11-16 16:01:34.861,335,29449.88
2025-11-16 16:01:34.861,336,14372.61
2025-11-16 16:01:34.861,337,14729.37
2025-11-16 16:01:34.861,338,13307.49
2025-11-16 16:01:34.861,339,13702.81
2025-11-16 16:01:34.861,340,13227.34
2025-11-16 16:01:34.861,341,13401.71
2025-11-16 16:01:34.861,342,13240.66
2025-11-16 16:01:34.861,343,13240.66
2025-11-16 16:01:34.861,344,13240.66
2025-11-16 16:01:34.861,345,13227.34
2025-11-16 16:01:34.861,346,13294.1
2025-11-16 16:01:34.861,347,13267.35
2025-11-16 16:01:34.861,348,13187.46
2025-11-16 16:01:34.861,349,13214.03
2025-11-16 16:01:34.861,350,14270.47
2025-11-16 16:01:34.861,351,13267.35
2025-11-16 16:01:34.861,352,16698.84
2025-11-16 16:01:34.861,353,15268.68
2025-11-16 16:01:34.861,354,15491.01
2025-11-16 16:01:34.861,355,18181.84
2025-11-16 16:01:34.861,356,15947.57
2025-11-16 16:01:34.861,357,16182.0
2025-11-16 16:01:34.861,358,14183.61
2025-11-16 16:01:34.861,359,16014.12
2025-11-16 16:01:34.861,360,14328.73
2025-11-16 16:01:34.861,361,14865.85
2025-11-16 16:01:34.861,362,18221.02
2025-11-16 16:01:34.861,363,15603.64
2025-11-16 16:01:34.861,364,15603.64
2025-11-16 16:01:34.861,365,16734.02
2025-11-16 16:01:34.861,366,15636.01
2025-11-16 16:01:34.861,367,15815.47
2025-11-16 16:01:34.861,368,30550.28
2025-11-16 16:01:34.861,369,15300.2
2025-11-16 16:01:34.861,370,15749.92
2025-11-16 16:01:34.861,371,16352.05
2025-11-16 16:01:34.861,372,15947.57
2025-11-16 16:01:34.861,373,16114.59
2025-11-16 16:01:34.861,374,17346.5
2025-11-16 16:01:34.861,375,22643.0
2025-11-16 16:01:34.861,376,40256.3
2025-11-16 16:01:34.861,377,31458.76
2025-11-16 16:01:34.861,378,15363.49
2025-11-16 16:01:34.861,379,15363.49
2025-11-16 16:01:34.861,380,31628.31
2025-11-16 16:01:34.861,381,53378.87
2025-11-16 16:01:34.861,382,27836.08
2025-11-16 16:01:34.861,383,27836.08
2025-11-16 16:01:34.861,384,14226.96
2025-11-16 16:01:34.861,385,14387.27
2025-11-16 16:01:34.861,386,13055.53
2025-11-16 16:01:34.861,387,13415.23
2025-11-16 16:01:34.861,388,13016.24
2025-11-16 16:01:34.861,389,13055.53
2025-11-16 16:01:34.861,390,13055.53
2025-11-16 16:01:34.861,391,13187.46
2025-11-16 16:01:34.861,392,13055.53
2025-11-16 16:01:34.861,393,13029.33
2025-11-16 16:01:34.861,394,13174.2
2025-11-16 16:01:34.861,395,13042.42
2025-11-16 16:01:34.861,396,13200.74
2025-11-16 16:01:34.861,397,13081.8
2025-11-16 16:01:34.861,398,14212.49
2025-11-16 16:01:34.861,399,13214.03
2025-11-16 16:01:34.861,400,16249.76
2025-11-16 16:01:34.861,401,15081.15
2025-11-16 16:01:34.861,402,15395.25
2025-11-16 16:01:34.861,403,17910.59
2025-11-16 16:01:34.861,404,16014.12
2025-11-16 16:01:34.861,405,16369.18
2025-11-16 16:01:34.861,406,14212.49
2025-11-16 16:01:34.861,407,15947.57
2025-11-16 16:01:34.861,408,14564.57
2025-11-16 16:01:34.861,409,15158.95
2025-11-16 16:01:34.861,410,18418.55
2025-11-16 16:01:34.861,411,15749.92
2025-11-16 16:01:34.861,412,15555.25
2025-11-16 16:01:34.861,413,16786.96
2025-11-16 16:01:34.861,414,15491.01
2025-11-16 16:01:34.861,415,15619.82
2025-11-16 16:01:34.861,416,30469.65
2025-11-16 16:01:34.861,417,15268.68
2025-11-16 16:01:34.861,418,15684.7
2025-11-16 16:01:34.861,419,16455.14
2025-11-16 16:01:34.861,420,15897.87
2025-11-16 16:01:34.861,421,16047.52
2025-11-16 16:01:34.861,422,17438.93
2025-11-16 16:01:34.861,423,23040.99
2025-11-16 16:01:34.861,424,41397.01
2025-11-16 16:01:34.861,425,34542.39
2025-11-16 16:01:34.861,426,15315.99
2025-11-16 16:01:34.861,427,15315.99
2025-11-16 16:01:34.861,428,32320.6
2025-11-16 16:01:34.861,429,54890.87
2025-11-16 16:01:34.861,430,28407.46
2025-11-16 16:01:34.861,431,28407.46
2025-11-16 16:01:34.861,432,14054.46
2025-11-16 16:01:34.861,433,14140.4
2025-11-16 16:01:34.861,434,13029.33
2025-11-16 16:01:34.861,435,13374.71
2025-11-16 16:01:34.861,436,13042.42
2025-11-16 16:01:34.861,437,13081.8
2025-11-16 16:01:34.861,438,13029.33
2025-11-16 16:01:34.861,439,13081.8
2025-11-16 16:01:34.861,440,13029.33
2025-11-16 16:01:34.861,441,12977.09
2025-11-16 16:01:34.861,442,13081.8
2025-11-16 16:01:34.861,443,13055.53
2025-11-16 16:01:34.861,444,13121.31
2025-11-16 16:01:34.861,445,13108.13
2025-11-16 16:01:34.861,446,14270.47
2025-11-16 16:01:34.861,447,13401.71
2025-11-16 16:01:34.861,448,16420.69
2025-11-16 16:01:34.861,449,15112.21
2025-11-16 16:01:34.861,450,15331.81
2025-11-16 16:01:34.861,451,18045.56
2025-11-16 16:01:34.861,452,16097.79
2025-11-16 16:01:34.861,453,16386.33
2025-11-16 16:01:34.861,454,14097.35
2025-11-16 16:01:34.861,455,16014.12
2025-11-16 16:01:34.861,456,14505.19
2025-11-16 16:01:34.861,457,15174.57
2025-11-16 16:01:34.861,458,18458.39
2025-11-16 16:01:34.861,459,15799.05
2025-11-16 16:01:34.861,460,15587.49
2025-11-16 16:01:34.861,461,16840.11
2025-11-16 16:01:34.861,462,15587.49
2025-11-16 16:01:34.861,463,15652.22
2025-11-16 16:01:34.861,464,30794.08
2025-11-16 16:01:34.861,465,15143.35
2025-11-16 16:01:34.861,466,15684.7
2025-11-16 16:01:34.861,467,16386.33
2025-11-16 16:01:34.861,468,15864.85
2025-11-16 16:01:34.861,469,16014.12
2025-11-16 16:01:34.861,470,17328.08
2025-11-16 16:01:34.861,471,22933.92
2025-11-16 16:01:34.861,472,40318.35
2025-11-16 16:01:34.861,473,34348.4
2025-11-16 16:01:34.861,474,15174.57
2025-11-16 16:01:34.861,475,15174.57
2025-11-16 16:01:34.861,476,31040.83
2025-11-16 16:01:34.861,477,52987.48
2025-11-16 16:01:34.861,478,28810.36
2025-11-16 16:01:34.861,479,28810.36
2025-11-16 16:01:34.861,480,14097.35
2025-11-16 16:01:34.861,481,14183.61
2025-11-16 16:01:34.861,482,12951.06
2025-11-16 16:01:34.861,483,13320.91
2025-11-16 16:01:34.861,484,13029.33
2025-11-16 16:01:34.861,485,13068.66
2025-11-16 16:01:34.861,486,12990.12
2025-11-16 16:01:34.861,487,13055.53
2025-11-16 16:01:34.861,488,13003.18
2025-11-16 16:01:34.861,489,13029.33
2025-11-16 16:01:34.861,490,13003.18
2025-11-16 16:01:34.861,491,13081.8
2025-11-16 16:01:34.861,492,13160.96
2025-11-16 16:01:34.861,493,13003.18
2025-11-16 16:01:34.861,494,14126.04
2025-11-16 16:01:34.861,495,13094.96
2025-11-16 16:01:34.861,496,16198.91
2025-11-16 16:01:34.861,497,15003.83
2025-11-16 16:01:34.861,498,15252.94
2025-11-16 16:01:34.861,499,17795.93
2025-11-16 16:01:34.861,500,15881.35
2025-11-16 16:01:34.861,501,16182.0
2025-11-16 16:01:34.861,502,13983.3
2025-11-16 16:01:34.861,503,15831.91
2025-11-16 16:01:34.861,504,14357.96
2025-11-16 16:01:34.861,505,14988.43
2025-11-16 16:01:34.861,506,18339.21
2025-11-16 16:01:34.861,507,15766.28
2025-11-16 16:01:34.861,508,15331.81
2025-11-16 16:01:34.861,509,16611.29
2025-11-16 16:01:34.861,510,15300.2
2025-11-16 16:01:34.861,511,15491.01
2025-11-16 16:01:34.861,512,30389.34
2025-11-16 16:01:34.861,513,15143.35
2025-11-16 16:01:34.861,514,15507.04
2025-11-16 16:01:34.861,515,16249.76
2025-11-16 16:01:34.861,516,15782.65
2025-11-16 16:01:34.861,517,15848.37
2025-11-16 16:01:34.861,518,17272.99
2025-11-16 16:01:34.861,519,22616.81
2025-11-16 16:01:34.861,520,39523.48
2025-11-16 16:01:34.861,521,34060.55
2025-11-16 16:01:34.861,522,15143.35
2025-11-16 16:01:34.861,523,15143.35
2025-11-16 16:01:34.861,524,32189.05
2025-11-16 16:01:34.861,525,54176.42
2025-11-16 16:01:34.861,526,27800.93
2025-11-16 16:01:34.861,527,27800.93
2025-11-16 16:01:34.861,528,13926.67
2025-11-16 16:01:34.861,529,13954.95
2025-11-16 16:01:34.861,530,13003.18
2025-11-16 16:01:34.861,531,13294.1
2025-11-16 16:01:34.861,532,12834.64
2025-11-16 16:01:34.861,533,13081.8
2025-11-16 16:01:34.861,534,12951.06
2025-11-16 16:01:34.861,535,12899.17
2025-11-16 16:01:34.861,536,13003.18
2025-11-16 16:01:34.861,537,12977.09
2025-11-16 16:01:34.861,538,12990.12
2025-11-16 16:01:34.861,539,12951.06
2025-11-16 16:01:34.861,540,13160.96
2025-11-16 16:01:34.861,541,13042.42
2025-11-16 16:01:34.861,542,14126.04
2025-11-16 16:01:34.861,543,13094.96
2025-11-16 16:01:34.861,544,16215.84
2025-11-16 16:01:34.861,545,15081.15
2025-11-16 16:01:34.861,546,15300.2
2025-11-16 16:01:34.861,547,17834.04
2025-11-16 16:01:34.861,548,15684.7
2025-11-16 16:01:34.861,549,16215.84
2025-11-16 16:01:34.861,550,14068.74
2025-11-16 16:01:34.861,551,15914.42
2025-11-16 16:01:34.861,552,14416.64
2025-11-16 16:01:34.861,553,15050.17
2025-11-16 16:01:34.861,554,18201.42
2025-11-16 16:01:34.861,555,15684.7
2025-11-16 16:01:34.861,556,15427.09
2025-11-16 16:01:34.861,557,16769.29
2025-11-16 16:01:34.861,558,15363.49
2025-11-16 16:01:34.861,559,15571.36
2025-11-16 16:01:34.861,560,30550.28
2025-11-16 16:01:34.861,561,15190.2
2025-11-16 16:01:34.861,562,15491.01
2025-11-16 16:01:34.861,563,16249.76
2025-11-16 16:01:34.861,564,15881.35
2025-11-16 16:01:34.861,565,15914.42
2025-11-16 16:01:34.861,566,17457.49
2025-11-16 16:01:34.861,567,22827.54
2025-11-16 16:01:34.861,568,40442.9
2025-11-16 16:01:34.861,569,34348.4
2025-11-16 16:01:34.861,570,15331.81
2025-11-16 16:01:34.861,571,15331.81
2025-11-16 16:01:34.861,572,32189.05
2025-11-16 16:01:34.861,573,54277.52
2025-11-16 16:01:34.861,574,28335.09
2025-11-16 16:01:34.861,575,28335.09
2025-11-16 16:01:34.861,576,14126.04
2025-11-16 16:01:34.861,577,14299.57
2025-11-16 16:01:34.861,578,13187.46
2025-11-16 16:01:34.861,579,13510.31
2025-11-16 16:01:34.861,580,13055.53
2025-11-16 16:01:34.861,581,13240.66
2025-11-16 16:01:34.861,582,13094.96
2025-11-16 16:01:34.861,583,13160.96
2025-11-16 16:01:34.861,584,13055.53
2025-11-16 16:01:34.861,585,13081.8
2025-11-16 16:01:34.861,586,13200.74
2025-11-16 16:01:34.861,587,13055.53
2025-11-16 16:01:34.861,588,13214.03
2025-11-16 16:01:34.861,589,13081.8
2025-11-16 16:01:34.861,590,14285.01
2025-11-16 16:01:34.861,591,13294.1
2025-11-16 16:01:34.861,592,16249.76
2025-11-16 16:01:34.861,593,15158.95
2025-11-16 16:01:34.861,594,15347.64
2025-11-16 16:01:34.861,595,18026.2
2025-11-16 16:01:34.861,596,15881.35
2025-11-16 16:01:34.861,597,16420.69
2025-11-16 16:01:34.861,598,14025.94
2025-11-16 16:01:34.861,599,15897.87
2025-11-16 16:01:34.861,600,14534.84
2025-11-16 16:01:34.861,601,15174.57
2025-11-16 16:01:34.861,602,18260.31
2025-11-16 16:01:34.861,603,15930.98
2025-11-16 16:01:34.861,604,15603.64
2025-11-16 16:01:34.861,605,16716.42
2025-11-16 16:01:34.861,606,15363.49
2025-11-16 16:01:34.861,607,15523.09
2025-11-16 16:01:34.861,608,31206.99
2025-11-16 16:01:34.861,609,15158.95
2025-11-16 16:01:34.861,610,15395.25
2025-11-16 16:01:34.861,611,16386.33
2025-11-16 16:01:34.861,612,16114.59
2025-11-16 16:01:34.861,613,16114.59
2025-11-16 16:01:34.861,614,17494.69
2025-11-16 16:01:34.861,615,22774.6
2025-11-16 16:01:34.861,616,40883.72
2025-11-16 16:01:34.861,617,34935.51
2025-11-16 16:01:34.861,618,15379.36
2025-11-16 16:01:34.861,619,15379.36
2025-11-16 16:01:34.861,620,32058.32
2025-11-16 16:01:34.861,621,53280.57
2025-11-16 16:01:34.861,622,28699.64
2025-11-16 16:01:34.861,623,28699.64
2025-11-16 16:01:34.861,624,14183.61
2025-11-16 16:01:34.861,625,14416.64
2025-11-16 16:01:34.861,626,13214.03
2025-11-16 16:01:34.861,627,13592.43
2025-11-16 16:01:34.861,628,13081.8
2025-11-16 16:01:34.861,629,13267.35
2025-11-16 16:01:34.861,630,13094.96
2025-11-16 16:01:34.861,631,13200.74
2025-11-16 16:01:34.861,632,13200.74
2025-11-16 16:01:34.861,633,13174.2
2025-11-16 16:01:34.861,634,13294.1
2025-11-16 16:01:34.861,635,13055.53
2025-11-16 16:01:34.861,636,13280.71
2025-11-16 16:01:34.861,637,13214.03
2025-11-16 16:01:34.861,638,14328.73
2025-11-16 16:01:34.861,639,13108.13
2025-11-16 16:01:34.861,640,16455.14
2025-11-16 16:01:34.861,641,15268.68
2025-11-16 16:01:34.861,642,15411.16
2025-11-16 16:01:34.861,643,18181.84
2025-11-16 16:01:34.861,644,16114.59
2025-11-16 16:01:34.861,645,16437.9
2025-11-16 16:01:34.861,646,14154.79
2025-11-16 16:01:34.861,647,16014.12
2025-11-16 16:01:34.861,648,14609.3
2025-11-16 16:01:34.861,649,15174.57
2025-11-16 16:01:34.861,650,18378.83
2025-11-16 16:01:34.861,651,15914.42
2025-11-16 16:01:34.861,652,15619.82
2025-11-16 16:01:34.861,653,16911.3
2025-11-16 16:01:34.861,654,15523.09
2025-11-16 16:01:34.861,655,15848.37
2025-11-16 16:01:34.861,656,30631.22
2025-11-16 16:01:34.861,657,15331.81
2025-11-16 16:01:34.861,658,15652.22
2025-11-16 16:01:34.861,659,16663.75
2025-11-16 16:01:34.861,660,16064.26
2025-11-16 16:01:34.861,661,16148.25
2025-11-16 16:01:34.861,662,17531.99
2025-11-16 16:01:34.861,663,22987.37
2025-11-16 16:01:34.861,664,40505.41
2025-11-16 16:01:34.861,665,35234.91
2025-11-16 16:01:34.861,666,965113.19
2025-11-16 16:01:34.861,667,15427.09
2025-11-16 16:01:34.861,668,32675.42
2025-11-16 16:01:34.861,669,53576.4
2025-11-16 16:01:34.861,670,28699.64
2025-11-16 16:01:34.861,671,28699.64
2025-11-16 16:01:34.861,672,14040.19
2025-11-16 16:01:34.861,673,14154.79
2025-11-16 16:01:34.861,674,13108.13
2025-11-16 16:01:34.861,675,13334.34
2025-11-16 16:01:34.861,676,13081.8
2025-11-16 16:01:34.861,677,13108.13
2025-11-16 16:01:34.861,678,13055.53
2025-11-16 16:01:34.861,679,13240.66
2025-11-16 16:01:34.861,680,13081.8
2025-11-16 16:01:34.861,681,13094.96
2025-11-16 16:01:34.861,682,13240.66
2025-11-16 16:01:34.861,683,13214.03
2025-11-16 16:01:34.861,684,13280.71
2025-11-16 16:01:34.861,685,13108.13
2025-11-16 16:01:34.861,686,14314.14
2025-11-16 16:01:34.861,687,13294.1
2025-11-16 16:01:34.861,688,16283.77
2025-11-16 16:01:34.861,689,15019.26
2025-11-16 16:01:34.861,690,15411.16
2025-11-16 16:01:34.861,691,17910.59
2025-11-16 16:01:34.861,692,16047.52
2025-11-16 16:01:34.861,693,16386.33
2025-11-16 16:01:34.861,694,14140.4
2025-11-16 16:01:34.861,695,16047.52
2025-11-16 16:01:34.861,696,14564.57
2025-11-16 16:01:34.861,697,15300.2
2025-11-16 16:01:34.861,698,18518.36
2025-11-16 16:01:34.861,699,15881.35
2025-11-16 16:01:34.861,700,15603.64
2025-11-16 16:01:34.861,701,16875.66
2025-11-16 16:01:34.861,702,15603.64
2025-11-16 16:01:34.861,703,15684.7
2025-11-16 16:01:34.861,704,30712.49
2025-11-16 16:01:34.861,705,15491.01
2025-11-16 16:01:34.861,706,15749.92
2025-11-16 16:01:34.861,707,16628.76
2025-11-16 16:01:34.861,708,15930.98
2025-11-16 16:01:34.861,709,16182.0
2025-11-16 16:01:34.861,710,17346.5
2025-11-16 16:01:34.861,711,23094.79
2025-11-16 16:01:34.861,712,41592.18
2025-11-16 16:01:34.861,713,36473.41
2025-11-16 16:01:34.861,714,15507.04
2025-11-16 16:01:34.861,715,15507.04
2025-11-16 16:01:34.861,716,33036.22
2025-11-16 16:01:34.861,717,54378.94
2025-11-16 16:01:34.861,718,28736.48
2025-11-16 16:01:34.861,719,28736.48
2025-11-16 16:01:34.861,720,14126.04
2025-11-16 16:01:34.861,721,14387.27
2025-11-16 16:01:34.861,722,13280.71
2025-11-16 16:01:34.861,723,13675.12
2025-11-16 16:01:34.861,724,13254.0
2025-11-16 16:01:34.861,725,13388.2
2025-11-16 16:01:34.861,726,13294.1
2025-11-16 16:01:34.861,727,13347.78
2025-11-16 16:01:34.861,728,13347.78
2025-11-16 16:01:34.861,729,13294.1
2025-11-16 16:01:34.861,730,13320.91
2025-11-16 16:01:34.861,731,13374.71
2025-11-16 16:01:34.861,732,13483.07
2025-11-16 16:01:34.861,733,13347.78
2025-11-16 16:01:34.861,734,14564.57
2025-11-16 16:01:34.861,735,13510.31
2025-11-16 16:01:34.861,736,16628.76
2025-11-16 16:01:34.861,737,15331.81
2025-11-16 16:01:34.861,738,15619.82
2025-11-16 16:01:34.861,739,18339.21
2025-11-16 16:01:34.861,740,16232.79
2025-11-16 16:01:34.861,741,16734.02
2025-11-16 16:01:34.861,742,14299.57
2025-11-16 16:01:34.861,743,16131.41
2025-11-16 16:01:34.861,744,14881.11
2025-11-16 16:01:34.861,745,15395.25
2025-11-16 16:01:34.861,746,19069.58
2025-11-16 16:01:34.861,747,16182.0
2025-11-16 16:01:34.861,748,15881.35
2025-11-16 16:01:34.861,749,17127.16
2025-11-16 16:01:34.861,750,15881.35
2025-11-16 16:01:34.861,751,16047.52
2025-11-16 16:01:34.861,752,31290.57
2025-11-16 16:01:34.861,753,15652.22
2025-11-16 16:01:34.861,754,16064.26
2025-11-16 16:01:34.861,755,16911.3
2025-11-16 16:01:34.861,756,16334.95
2025-11-16 16:01:34.861,757,16352.05
2025-11-16 16:01:34.861,758,17853.14
2025-11-16 16:01:34.861,759,23421.27
2025-11-16 16:01:34.861,760,42794.9
2025-11-16 16:01:34.861,761,37009.64
2025-11-16 16:01:34.861,762,15700.98
2025-11-16 16:01:34.861,763,15700.98
2025-11-16 16:01:34.861,764,32675.42
2025-11-16 16:01:34.861,765,48810.25
2025-11-16 16:01:34.861,766,29146.33
2025-11-16 16:01:34.861,767,29146.33
2025-11-16 16:01:34.861,768,14654.19
2025-11-16 16:01:34.861,769,14926.99
2025-11-16 16:01:34.861,770,13702.81
2025-11-16 16:01:34.861,771,14183.61
2025-11-16 16:01:34.861,772,13455.89
2025-11-16 16:01:34.861,773,13675.12
2025-11-16 16:01:34.861,774,13688.95
2025-11-16 16:01:34.861,775,13758.38
2025-11-16 16:01:34.861,776,13730.56
2025-11-16 16:01:34.861,777,13606.17
2025-11-16 16:01:34.861,778,13702.81
2025-11-16 16:01:34.861,779,13730.56
2025-11-16 16:01:34.861,780,13842.23
2025-11-16 16:01:34.861,781,13592.43
2025-11-16 16:01:34.861,782,14759.57
2025-11-16 16:01:34.861,783,13842.23
2025-11-16 16:01:34.861,784,16893.47
2025-11-16 16:01:34.861,785,15749.92
2025-11-16 16:01:34.861,786,16014.12
2025-11-16 16:01:34.861,787,18438.46
2025-11-16 16:01:34.861,788,16663.75
2025-11-16 16:01:34.861,789,17018.8
2025-11-16 16:01:34.861,790,14624.25
2025-11-16 16:01:34.861,791,16663.75
2025-11-16 16:01:34.861,792,14896.38
2025-11-16 16:01:34.861,793,15619.82
2025-11-16 16:01:34.861,794,18822.0
2025-11-16 16:01:34.861,795,16352.05
2025-11-16 16:01:34.861,796,16014.12
2025-11-16 16:01:34.861,797,17272.99
2025-11-16 16:01:34.861,798,16047.52
2025-11-16 16:01:34.861,799,16131.41
2025-11-16 16:01:34.861,800,31458.76
2025-11-16 16:01:34.861,801,15782.65
2025-11-16 16:01:34.861,802,16131.41
2025-11-16 16:01:34.861,803,17163.47
2025-11-16 16:01:34.861,804,16352.05
2025-11-16 16:01:34.861,805,16182.0
2025-11-16 16:01:34.861,806,17853.14
2025-11-16 16:01:34.861,807,23393.82
2025-11-16 16:01:34.861,808,43557.83
2025-11-16 16:01:34.861,809,37118.37
2025-11-16 16:01:34.861,810,16014.12
2025-11-16 16:01:34.861,811,16014.12
2025-11-16 16:01:34.861,812,33127.38
2025-11-16 16:01:34.861,813,50466.71
2025-11-16 16:01:34.861,814,29526.5
2025-11-16 16:01:34.861,815,29526.5
2025-11-16 16:01:34.861,816,14654.19
2025-11-16 16:01:34.861,817,14896.38
2025-11-16 16:01:34.861,818,13675.12
2025-11-16 16:01:34.861,819,13926.67
2025-11-16 16:01:34.861,820,13606.17
2025-11-16 16:01:34.861,821,13702.81
2025-11-16 16:01:34.861,822,13619.93
2025-11-16 16:01:34.861,823,13428.77
2025-11-16 16:01:34.861,824,13606.17
2025-11-16 16:01:34.861,825,13483.07
2025-11-16 16:01:34.861,826,13647.49
2025-11-16 16:01:34.861,827,13675.12
2025-11-16 16:01:34.861,828,13828.22
2025-11-16 16:01:34.861,829,13483.07
2025-11-16 16:01:34.861,830,14624.25
2025-11-16 16:01:34.861,831,13702.81
2025-11-16 16:01:34.861,832,16875.66
2025-11-16 16:01:34.861,833,15555.25
2025-11-16 16:01:34.861,834,15652.22
2025-11-16 16:01:34.861,835,18498.34
2025-11-16 16:01:34.861,836,16352.05
2025-11-16 16:01:34.861,837,16593.85
2025-11-16 16:01:34.861,838,14328.73
2025-11-16 16:01:34.861,839,16317.87
2025-11-16 16:01:34.861,840,15019.26
2025-11-16 16:01:34.861,841,15523.09
2025-11-16 16:01:34.861,842,19069.58
2025-11-16 16:01:34.861,843,16352.05
2025-11-16 16:01:34.861,844,16014.12
2025-11-16 16:01:34.861,845,17272.99
2025-11-16 16:01:34.861,846,15947.57
2025-11-16 16:01:34.861,847,16148.25
2025-11-16 16:01:34.861,848,31501.02
2025-11-16 16:01:34.861,849,15799.05
2025-11-16 16:01:34.861,850,16215.84
2025-11-16 16:01:34.861,851,17163.47
2025-11-16 16:01:34.861,852,16628.76
2025-11-16 16:01:34.861,853,16611.29
2025-11-16 16:01:34.861,854,17834.04
2025-11-16 16:01:34.861,855,23923.21
2025-11-16 16:01:34.861,856,43347.59
2025-11-16 16:01:34.861,857,37118.37
2025-11-16 16:01:34.861,858,15914.42
2025-11-16 16:01:34.861,859,15914.42
2025-11-16 16:01:34.861,860,33356.95
2025-11-16 16:01:34.861,861,55621.39
2025-11-16 16:01:34.861,862,29641.99
2025-11-16 16:01:34.861,863,29641.99
2025-11-16 16:01:34.861,864,15003.83
2025-11-16 16:01:34.861,865,15268.68
2025-11-16 16:01:34.861,866,14040.19
2025-11-16 16:01:34.861,867,14357.96
2025-11-16 16:01:34.861,868,14040.19
2025-11-16 16:01:34.861,869,14068.74
2025-11-16 16:01:34.861,870,13912.56
2025-11-16 16:01:34.861,871,14068.74
2025-11-16 16:01:34.861,872,13969.12
2025-11-16 16:01:34.861,873,13926.67
2025-11-16 16:01:34.861,874,14097.35
2025-11-16 16:01:34.861,875,14040.19
2025-11-16 16:01:34.861,876,14198.04
2025-11-16 16:01:34.861,877,13969.12
2025-11-16 16:01:34.861,878,15096.68
2025-11-16 16:01:34.861,879,14126.04
2025-11-16 16:01:34.861,880,17272.99
2025-11-16 16:01:34.861,881,15947.57
2025-11-16 16:01:34.861,882,16455.14
2025-11-16 16:01:34.861,883,19111.26
2025-11-16 16:01:34.861,884,16455.14
2025-11-16 16:01:34.861,885,17309.7
2025-11-16 16:01:34.861,886,15050.17
2025-11-16 16:01:34.861,887,17090.95
2025-11-16 16:01:34.861,888,15395.25
2025-11-16 16:01:34.861,889,16114.59
2025-11-16 16:01:34.861,890,19556.16
2025-11-16 16:01:34.861,891,16964.95
2025-11-16 16:01:34.861,892,16628.76
2025-11-16 16:01:34.861,893,17795.93
2025-11-16 16:01:34.861,894,16611.29
2025-11-16 16:01:34.861,895,16681.28
2025-11-16 16:01:34.861,896,32232.81
2025-11-16 16:01:34.861,897,16352.05
2025-11-16 16:01:34.861,898,16964.95
2025-11-16 16:01:34.861,899,17757.91
2025-11-16 16:01:34.861,900,17218.13
2025-11-16 16:01:34.861,901,17383.4
2025-11-16 16:01:34.861,902,18699.77
2025-11-16 16:01:34.861,903,24704.93
2025-11-16 16:01:34.861,904,44415.61
2025-11-16 16:01:34.861,905,38291.07
2025-11-16 16:01:34.861,906,16628.76
2025-11-16 16:01:34.861,907,16628.76
2025-11-16 16:01:34.861,908,33356.95
2025-11-16 16:01:34.861,909,51654.79
2025-11-16 16:01:34.861,910,31206.99
2025-11-16 16:01:34.861,911,31206.99
2025-11-16 16:01:34.861,912,16769.29
2025-11-16 16:01:34.861,913,17199.88
2025-11-16 16:01:34.861,914,15782.65
2025-11-16 16:01:34.861,915,16097.79
2025-11-16 16:01:34.861,916,15619.82
2025-11-16 16:01:34.861,917,15717.27
2025-11-16 16:01:34.861,918,15636.01
2025-11-16 16:01:34.861,919,15668.45
2025-11-16 16:01:34.861,920,15684.7
2025-11-16 16:01:34.861,921,15636.01
2025-11-16 16:01:34.861,922,15652.22
2025-11-16 16:01:34.861,923,15684.7
2025-11-16 16:01:34.861,924,15815.47
2025-11-16 16:01:34.861,925,15555.25
2025-11-16 16:01:34.861,926,16593.85
2025-11-16 16:01:34.861,927,15749.92
2025-11-16 16:01:34.861,928,18801.55
2025-11-16 16:01:34.861,929,17720.0
2025-11-16 16:01:34.861,930,17929.79
2025-11-16 16:01:34.861,931,20788.21
2025-11-16 16:01:34.861,932,18260.31
2025-11-16 16:01:34.861,933,19069.58
2025-11-16 16:01:34.861,934,16455.14
2025-11-16 16:01:34.861,935,17872.27
2025-11-16 16:01:34.861,936,17018.8
2025-11-16 16:01:34.861,937,17531.99
2025-11-16 16:01:34.861,938,21310.15
2025-11-16 16:01:34.861,939,18498.34
2025-11-16 16:01:34.861,940,18181.84
2025-11-16 16:01:34.861,941,19406.36
2025-11-16 16:01:34.861,942,18181.84
2025-11-16 16:01:34.861,943,18260.31
2025-11-16 16:01:34.861,944,34348.4
2025-11-16 16:01:34.861,945,17872.27
2025-11-16 16:01:34.861,946,18142.77
2025-11-16 16:01:34.861,947,18781.14
2025-11-16 16:01:34.861,948,18598.7
2025-11-16 16:01:34.861,949,18760.76
2025-11-16 16:01:34.861,950,20170.86
2025-11-16 16:01:34.861,951,26742.69
2025-11-16 16:01:34.861,952,47001.92
2025-11-16 16:01:34.861,953,40505.41
2025-11-16 16:01:34.861,954,18064.95
2025-11-16 16:01:34.861,955,18064.95
2025-11-16 16:01:34.861,956,34836.58
2025-11-16 16:01:34.861,957,55201.96
2025-11-16 16:01:34.861,958,32586.16
2025-11-16 16:01:34.861,959,32586.16
2025-11-16 16:01:34.861,960,42455.23
2025-11-16 16:01:34.861,961,42320.58
2025-11-16 16:01:34.861,962,40630.89
2025-11-16 16:01:34.861,963,41139.08
2025-11-16 16:01:34.861,964,40132.67
2025-11-16 16:01:34.861,965,40380.55
2025-11-16 16:01:34.861,966,40380.55
2025-11-16 16:01:34.861,967,40505.41
2025-11-16 16:01:34.861,968,40132.67
2025-11-16 16:01:34.861,969,40256.3
2025-11-16 16:01:34.861,970,40693.86
2025-11-16 16:01:34.861,971,39704.69
2025-11-16 16:01:34.861,972,38521.08
2025-11-16 16:01:34.861,973,39644.14
2025-11-16 16:01:34.861,974,40132.67
2025-11-16 16:01:34.861,975,39463.38
2025-11-16 16:01:34.861,976,41397.01
2025-11-16 16:01:34.861,977,39704.69
2025-11-16 16:01:34.861,978,37447.59
2025-11-16 16:01:34.861,979,40442.9
2025-11-16 16:01:34.861,980,38695.02
2025-11-16 16:01:34.861,981,38006.61
2025-11-16 16:01:34.861,982,39403.42
2025-11-16 16:01:34.861,983,40194.41
2025-11-16 16:01:34.861,984,37337.34
2025-11-16 16:01:34.861,985,38291.07
2025-11-16 16:01:34.861,986,45754.95
2025-11-16 16:01:34.861,987,35742.86
2025-11-16 16:01:34.861,988,41332.29
2025-11-16 16:01:34.861,989,44561.25
2025-11-16 16:01:34.861,990,42590.57
2025-11-16 16:01:34.861,991,42726.61
2025-11-16 16:01:34.861,992,65307.78
2025-11-16 16:01:34.861,993,41657.55
2025-11-16 16:01:34.861,994,42320.58
2025-11-16 16:01:34.861,995,38233.91
2025-11-16 16:01:34.861,996,42863.36
2025-11-16 16:01:34.861,997,42863.36
2025-11-16 16:01:34.861,998,45301.25
2025-11-16 16:01:34.861,999,51192.37
2025-11-16 16:01:34.861,1000,92019.64
2025-11-16 16:01:34.861,1001,76838.91
2025-11-16 16:01:34.861,1002,41139.08
2025-11-16 16:01:34.861,1003,41139.08
2025-11-16 16:01:34.861,1004,72622.48
2025-11-16 16:01:34.861,1005,111418.03
2025-11-16 16:01:34.861,1006,66292.91
2025-11-16 16:01:34.861,1007,66292.91
2025-11-16 16:01:34.861,1008,60617.66
2025-11-16 16:01:34.861,1009,56476.62
2025-11-16 16:01:34.861,1010,58484.71
2025-11-16 16:01:34.861,1011,58028.08
2025-11-16 16:01:34.861,1012,58484.71
2025-11-16 16:01:34.861,1013,58715.34
2025-11-16 16:01:34.861,1014,55727.09
2025-11-16 16:01:34.861,1015,58484.71
2025-11-16 16:01:34.861,1016,57914.87
2025-11-16 16:01:34.861,1017,58028.08
2025-11-16 16:01:34.861,1018,58484.71
2025-11-16 16:01:34.861,1019,57354.41
2025-11-16 16:01:34.861,1020,58141.67
2025-11-16 16:01:34.861,1021,58141.67
2025-11-16 16:01:34.861,1022,54890.87
2025-11-16 16:01:34.861,1023,57802.03
2025-11-16 16:01:34.861,1024,61483.39
2025-11-16 16:01:34.861,1025,59181.26
2025-11-16 16:01:34.861,1026,52124.24
2025-11-16 16:01:34.861,1027,58484.71
2025-11-16 16:01:34.861,1028,47322.41
2025-11-16 16:01:34.861,1029,50556.48
2025-11-16 16:01:34.861,1030,56912.64
2025-11-16 16:01:34.861,1031,48810.25
2025-11-16 16:01:34.861,1032,53084.88
2025-11-16 16:01:34.861,1033,55097.93
2025-11-16 16:01:34.861,1034,63148.7
2025-11-16 16:01:34.861,1035,54378.94
2025-11-16 16:01:34.861,1036,58484.71
2025-11-16 16:01:34.861,1037,62499.11
2025-11-16 16:01:34.861,1038,59534.86
2025-11-16 16:01:34.861,1039,60132.29
2025-11-16 16:01:34.861,1040,86707.14
2025-11-16 16:01:34.861,1041,58255.64
2025-11-16 16:01:34.861,1042,57577.48
2025-11-16 16:01:34.861,1043,54787.84
2025-11-16 16:01:34.861,1044,58715.34
2025-11-16 16:01:34.861,1045,58141.67
2025-11-16 16:01:34.861,1046,62242.49
2025-11-16 16:01:34.861,1047,59298.73
2025-11-16 16:01:34.861,1048,114373.48
2025-11-16 16:01:34.861,1049,102094.18
2025-11-16 16:01:34.861,1050,53182.58
2025-11-16 16:01:34.861,1051,53182.58
2025-11-16 16:01:34.861,1052,98522.22
2025-11-16 16:01:34.861,1053,143283.25
2025-11-16 16:01:34.861,1054,82754.82
2025-11-16 16:01:34.861,1055,82754.82
2025-11-16 16:01:34.861,1056,47161.71
2025-11-16 16:01:34.861,1057,47322.41
2025-11-16 16:01:34.861,1058,46138.74
2025-11-16 16:01:34.861,1059,46371.55
2025-11-16 16:01:34.861,1060,44415.61
2025-11-16 16:01:34.861,1061,45754.95
2025-11-16 16:01:34.861,1062,45907.83
2025-11-16 16:01:34.861,1063,45602.89
2025-11-16 16:01:34.861,1064,45002.86
2025-11-16 16:01:34.861,1065,45151.65
2025-11-16 16:01:34.861,1066,46371.55
2025-11-16 16:01:34.861,1067,46216.13
2025-11-16 16:01:34.861,1068,45678.82
2025-11-16 16:01:34.861,1069,45754.95
2025-11-16 16:01:34.861,1070,47161.71
2025-11-16 16:01:34.861,1071,45151.65
2025-11-16 16:01:34.861,1072,47728.11
2025-11-16 16:01:34.861,1073,46449.59
2025-11-16 16:01:34.861,1074,40256.3
2025-11-16 16:01:34.861,1075,49670.62
2025-11-16 16:01:34.861,1076,30071.27
2025-11-16 16:01:34.861,1077,33036.22
2025-11-16 16:01:34.861,1078,44561.25
2025-11-16 16:01:34.861,1079,41526.96
2025-11-16 16:01:34.861,1080,33264.83
2025-11-16 16:01:34.861,1081,39403.42
2025-11-16 16:01:34.861,1082,48725.57
2025-11-16 16:01:34.861,1083,41075.0
2025-11-16 16:01:34.861,1084,45376.36
2025-11-16 16:01:34.861,1085,47484.0
2025-11-16 16:01:34.861,1086,46371.55
2025-11-16 16:01:34.861,1087,47322.41
2025-11-16 16:01:34.861,1088,77396.36
2025-11-16 16:01:34.861,1089,44928.77
2025-11-16 16:01:34.861,1090,45226.35
2025-11-16 16:01:34.861,1091,43983.32
2025-11-16 16:01:34.861,1092,45907.83
2025-11-16 16:01:34.861,1093,45002.86
2025-11-16 16:01:34.861,1094,48139.58
2025-11-16 16:01:34.861,1095,57577.48
2025-11-16 16:01:34.861,1096,97381.57
2025-11-16 16:01:34.861,1097,85800.06
2025-11-16 16:01:34.861,1098,43347.59
2025-11-16 16:01:34.861,1099,43347.59
2025-11-16 16:01:34.861,1100,80695.41
2025-11-16 16:01:34.861,1101,126408.34
2025-11-16 16:01:34.861,1102,75745.02
2025-11-16 16:01:34.861,1103,75745.02
2025-11-16 16:01:34.861,1104,64212.57
2025-11-16 16:01:34.861,1105,60617.66
2025-11-16 16:01:34.861,1106,59892.09
2025-11-16 16:01:34.861,1107,60495.69
2025-11-16 16:01:34.861,1108,61483.39
2025-11-16 16:01:34.861,1109,60617.66
2025-11-16 16:01:34.861,1110,59892.09
2025-11-16 16:01:34.861,1111,61860.94
2025-11-16 16:01:34.861,1112,60374.14
2025-11-16 16:01:34.861,1113,59892.09
2025-11-16 16:01:34.861,1114,60374.14
2025-11-16 16:01:34.861,1115,61358.41
2025-11-16 16:01:34.861,1116,60374.14
2025-11-16 16:01:34.861,1117,60374.14
2025-11-16 16:01:34.861,1118,62242.49
2025-11-16 16:01:34.861,1119,61109.78
2025-11-16 16:01:34.861,1120,63810.02
2025-11-16 16:01:34.861,1121,61109.78
2025-11-16 16:01:34.861,1122,51654.79
2025-11-16 16:01:34.861,1123,56046.25
2025-11-16 16:01:34.861,1124,56803.11
2025-11-16 16:01:34.861,1125,56046.25
2025-11-16 16:01:34.861,1126,59892.09
2025-11-16 16:01:34.861,1127,59181.26
2025-11-16 16:01:34.861,1128,51654.79
2025-11-16 16:01:34.861,1129,56046.25
2025-11-16 16:01:34.861,1130,61358.41
2025-11-16 16:01:34.861,1131,56046.25
2025-11-16 16:01:34.861,1132,56046.25
2025-11-16 16:01:34.861,1133,59534.86
2025-11-16 16:01:34.861,1134,59534.86
2025-11-16 16:01:34.861,1135,58484.71
2025-11-16 16:01:34.861,1136,95170.63
2025-11-16 16:01:34.861,1137,56912.64
2025-11-16 16:01:34.861,1138,56693.92
2025-11-16 16:01:34.861,1139,54378.94
2025-11-16 16:01:34.861,1140,57689.57
2025-11-16 16:01:34.861,1141,56585.1
2025-11-16 16:01:34.861,1142,59653.54
2025-11-16 16:01:34.861,1143,74854.26
2025-11-16 16:01:34.861,1144,133594.3
2025-11-16 16:01:34.861,1145,119086.36
2025-11-16 16:01:34.861,1146,56260.74
2025-11-16 16:01:34.861,1147,56260.74
2025-11-16 16:01:34.861,1148,113621.23
2025-11-16 16:01:34.861,1149,168739.63
2025-11-16 16:01:34.861,1150,99101.66
2025-11-16 16:01:34.861,1151,99101.66
2025-11-16 16:01:34.861,1152,103969.71
2025-11-16 16:01:34.861,1153,105255.28
2025-11-16 16:01:34.861,1154,101482.63
2025-11-16 16:01:34.861,1155,102094.18
2025-11-16 16:01:34.861,1156,103337.61
2025-11-16 16:01:34.861,1157,104288.4
2025-11-16 16:01:34.861,1158,97664.48
2025-11-16 16:01:34.861,1159,102402.48
2025-11-16 16:01:34.861,1160,107238.9
2025-11-16 16:01:34.861,1161,102402.48
2025-11-16 16:01:34.861,1162,99687.32
2025-11-16 16:01:34.861,1163,102402.48
2025-11-16 16:01:34.861,1164,102712.45
2025-11-16 16:01:34.861,1165,103024.17
2025-11-16 16:01:34.861,1166,105581.22
2025-11-16 16:01:34.861,1167,103337.61
2025-11-16 16:01:34.861,1168,107915.35
2025-11-16 16:01:34.861,1169,97948.88
2025-11-16 16:01:34.861,1170,102094.18
2025-11-16 16:01:34.861,1171,103969.71
2025-11-16 16:01:34.861,1172,105255.28
2025-11-16 16:01:34.861,1173,107238.9
2025-11-16 16:01:34.861,1174,104288.4
2025-11-16 16:01:34.861,1175,99687.32
2025-11-16 16:01:34.861,1176,94364.8
2025-11-16 16:01:34.861,1177,104608.9
2025-11-16 16:01:34.861,1178,111418.03
2025-11-16 16:01:34.861,1179,104288.4
2025-11-16 16:01:34.861,1180,91010.8
2025-11-16 16:01:34.861,1181,103337.61
2025-11-16 16:01:34.861,1182,98522.22
2025-11-16 16:01:34.861,1183,99101.66
2025-11-16 16:01:34.861,1184,142710.81
2025-11-16 16:01:34.861,1185,81508.11
2025-11-16 16:01:34.861,1186,91765.55
2025-11-16 16:01:34.861,1187,84909.8
2025-11-16 16:01:34.861,1188,90021.7
2025-11-16 16:01:34.861,1189,84909.8
2025-11-16 16:01:34.861,1190,90021.7
2025-11-16 16:01:34.861,1191,107576.14
2025-11-16 16:01:34.861,1192,183998.22
2025-11-16 16:01:34.861,1193,179504.63
2025-11-16 16:01:34.861,1194,79112.48
2025-11-16 16:01:34.861,1195,79112.48
2025-11-16 16:01:34.861,1196,173552.13
2025-11-16 16:01:34.861,1197,247485.06
2025-11-16 16:01:34.861,1198,153062.25
2025-11-16 16:01:34.861,1199,153062.25
2025-11-16 16:01:34.861,1200,988899.38
2025-11-16 16:01:34.861,1201,988899.38
2025-11-16 16:01:34.861,1202,793012.25
2025-11-16 16:01:34.861,1203,942433.13
2025-11-16 16:01:34.861,1204,965113.19
2025-11-16 16:01:34.861,1205,988899.38
2025-11-16 16:01:34.861,1206,920784.13
2025-11-16 16:01:34.861,1207,920784.13
2025-11-16 16:01:34.861,1208,942433.13
2025-11-16 16:01:34.861,1209,988899.38
2025-11-16 16:01:34.861,1210,942433.13
2025-11-16 16:01:34.861,1211,988899.38
2025-11-16 16:01:34.861,1212,988899.38
2025-11-16 16:01:34.861,1213,942433.13
2025-11-16 16:01:34.861,1214,988899.38
2025-11-16 16:01:34.861,1215,942433.13
2025-11-16 16:01:34.861,1216,721303.56
2025-11-16 16:01:34.861,1217,762705.19
2025-11-16 16:01:34.861,1218,748393.56
2025-11-16 16:01:34.861,1219,650520.19
2025-11-16 16:01:34.861,1220,708471.5
2025-11-16 16:01:34.861,1221,762705.19
2025-11-16 16:01:34.861,1222,861364.44
2025-11-16 16:01:34.861,1223,566776.38
2025-11-16 16:01:34.861,1224,708471.5
2025-11-16 16:01:34.861,1225,566776.38
2025-11-16 16:01:34.861,1226,777567.38
2025-11-16 16:01:34.861,1227,793012.25
2025-11-16 16:01:34.861,1228,684112.31
2025-11-16 16:01:34.861,1229,942433.13
2025-11-16 16:01:34.861,1230,721303.56
2025-11-16 16:01:34.861,1231,861364.44
2025-11-16 16:01:34.861,1232,942433.13
2025-11-16 16:01:34.861,1233,762705.19
2025-11-16 16:01:34.861,1234,734602.25
2025-11-16 16:01:34.861,1235,762705.19
2025-11-16 16:01:34.861,1236,809075.0
2025-11-16 16:01:34.861,1237,734602.25
2025-11-16 16:01:34.861,1238,880309.75
2025-11-16 16:01:34.861,1239,965113.19
2025-11-16 16:01:34.861,1240,900097.25
2025-11-16 16:01:34.861,1241,900097.25
2025-11-16 16:01:34.861,1242,900097.25
2025-11-16 16:01:34.861,1243,900097.25
2025-11-16 16:01:34.861,1244,276308.56
2025-11-16 16:01:34.861,1245,276308.56
2025-11-16 16:01:34.861,1246,276308.56
2025-11-16 16:01:34.861,1247,276308.56
2025-11-16 16:01:34.861,1248,276308.56
2025-11-16 16:01:34.861,1249,261133.28
2025-11-16 16:01:34.861,1250,238117.42
2025-11-16 16:01:34.861,1251,235144.47
2025-11-16 16:01:34.861,1252,235144.47
2025-11-16 16:01:34.861,1253,241163.34
2025-11-16 16:01:34.861,1254,233684.53
2025-11-16 16:01:34.861,1255,239631.09
2025-11-16 16:01:34.861,1256,241163.34
2025-11-16 16:01:34.861,1257,226638.0
2025-11-16 16:01:34.861,1258,235144.47
2025-11-16 16:01:34.861,1259,254133.06
2025-11-16 16:01:34.861,1260,259348.69
2025-11-16 16:01:34.861,1261,239631.09
2025-11-16 16:01:34.861,1262,249115.52
2025-11-16 16:01:34.861,1263,247485.06
2025-11-16 16:01:34.861,1264,250766.73
2025-11-16 16:01:34.861,1265,235144.47
2025-11-16 16:01:34.861,1266,216173.34
2025-11-16 16:01:34.861,1267,241163.34
2025-11-16 16:01:34.861,1268,226638.0
2025-11-16 16:01:34.861,1269,235144.47
2025-11-16 16:01:34.861,1270,250766.73
2025-11-16 16:01:34.861,1271,247485.06
2025-11-16 16:01:34.861,1272,238117.42
2025-11-16 16:01:34.861,1273,264774.34
2025-11-16 16:01:34.861,1274,276308.56
2025-11-16 16:01:34.861,1275,254133.06
2025-11-16 16:01:34.861,1276,235144.47
2025-11-16 16:01:34.861,1277,247485.06
2025-11-16 16:01:34.861,1278,230816.17
2025-11-16 16:01:34.861,1279,225277.3
2025-11-16 16:01:34.861,1280,372678.72
2025-11-16 16:01:34.861,1281,241163.34
2025-11-16 16:01:34.861,1282,235144.47
2025-11-16 16:01:34.861,1283,254133.06
2025-11-16 16:01:34.861,1284,241163.34
2025-11-16 16:01:34.861,1285,233684.53
2025-11-16 16:01:34.861,1286,257587.41
2025-11-16 16:01:34.861,1287,297844.91
2025-11-16 16:01:34.861,1288,450099.75
2025-11-16 16:01:34.861,1289,435092.38
2025-11-16 16:01:34.861,1290,239631.09
2025-11-16 16:01:34.861,1291,239631.09
2025-11-16 16:01:34.861,1292,395419.56
2025-11-16 16:01:34.861,1293,672541.69
2025-11-16 16:01:34.861,1294,430305.09
2025-11-16 16:01:34.861,1295,430305.09
2025-11-16 16:01:34.861,1296,54378.94
2025-11-16 16:01:34.861,1297,53182.58
2025-11-16 16:01:34.861,1298,52504.97
2025-11-16 16:01:34.861,1299,52600.88
2025-11-16 16:01:34.861,1300,51841.71
2025-11-16 16:01:34.861,1301,52890.38
2025-11-16 16:01:34.861,1302,52890.38
2025-11-16 16:01:34.861,1303,53975.16
2025-11-16 16:01:34.861,1304,52697.09
2025-11-16 16:01:34.861,1305,51935.61
2025-11-16 16:01:34.861,1306,52987.48
2025-11-16 16:01:34.861,1307,53182.58
2025-11-16 16:01:34.861,1308,52504.97
2025-11-16 16:01:34.861,1309,52987.48
2025-11-16 16:01:34.861,1310,54378.94
2025-11-16 16:01:34.861,1311,53378.87
2025-11-16 16:01:34.861,1312,55201.96
2025-11-16 16:01:34.861,1313,52218.99
2025-11-16 16:01:34.861,1314,51841.71
2025-11-16 16:01:34.861,1315,57802.03
2025-11-16 16:01:34.861,1316,56260.74
2025-11-16 16:01:34.861,1317,56476.62
2025-11-16 16:01:34.861,1318,54890.87
2025-11-16 16:01:34.861,1319,55939.52
2025-11-16 16:01:34.861,1320,52793.59
2025-11-16 16:01:34.861,1321,56046.25
2025-11-16 16:01:34.861,1322,54994.24
2025-11-16 16:01:34.861,1323,56046.25
2025-11-16 16:01:34.861,1324,48473.0
2025-11-16 16:01:34.861,1325,57914.87
2025-11-16 16:01:34.861,1326,50556.48
2025-11-16 16:01:34.861,1327,47484.0
2025-11-16 16:01:34.861,1328,80294.42
2025-11-16 16:01:34.861,1329,48641.14
2025-11-16 16:01:34.861,1330,48473.0
2025-11-16 16:01:34.861,1331,54582.74
2025-11-16 16:01:34.861,1332,47565.14
2025-11-16 16:01:34.861,1333,44854.87
2025-11-16 16:01:34.861,1334,42253.52
2025-11-16 16:01:34.861,1335,67894.05
2025-11-16 16:01:34.861,1336,99687.32
2025-11-16 16:01:34.861,1337,103337.61
2025-11-16 16:01:34.861,1338,48641.14
2025-11-16 16:01:34.861,1339,48641.14
2025-11-16 16:01:34.861,1340,99982.53
2025-11-16 16:01:34.861,1341,144441.03
2025-11-16 16:01:34.861,1342,82754.82
2025-11-16 16:01:34.861,1343,82754.82
2025-11-16 16:01:34.861,1344,32855.06
2025-11-16 16:01:34.861,1345,32145.38
2025-11-16 16:01:34.861,1346,31040.83
2025-11-16 16:01:34.861,1347,31290.57
2025-11-16 16:01:34.861,1348,31290.57
2025-11-16 16:01:34.861,1349,31628.31
2025-11-16 16:01:34.861,1350,31543.36
2025-11-16 16:01:34.861,1351,31040.83
2025-11-16 16:01:34.861,1352,31799.26
2025-11-16 16:01:34.861,1353,30958.25
2025-11-16 16:01:34.861,1354,31332.49
2025-11-16 16:01:34.861,1355,30917.09
2025-11-16 16:01:34.861,1356,31374.49
2025-11-16 16:01:34.861,1357,31713.61
2025-11-16 16:01:34.861,1358,33081.75
2025-11-16 16:01:34.861,1359,31713.61
2025-11-16 16:01:34.861,1360,34396.74
2025-11-16 16:01:34.861,1361,32675.42
2025-11-16 16:01:34.861,1362,32320.6
2025-11-16 16:01:34.861,1363,36901.41
2025-11-16 16:01:34.861,1364,35386.11
2025-11-16 16:01:34.861,1365,34348.4
2025-11-16 16:01:34.861,1366,32765.05
2025-11-16 16:01:34.861,1367,35134.67
2025-11-16 16:01:34.861,1368,32586.16
2025-11-16 16:01:34.861,1369,34060.55
2025-11-16 16:01:34.861,1370,37669.63
2025-11-16 16:01:34.861,1371,35084.71
2025-11-16 16:01:34.861,1372,31713.61
2025-11-16 16:01:34.861,1373,35845.82
2025-11-16 16:01:34.861,1374,31543.36
2025-11-16 16:01:34.861,1375,31885.26
2025-11-16 16:01:34.861,1376,54075.63
2025-11-16 16:01:34.861,1377,30835.0
2025-11-16 16:01:34.861,1378,30071.27
2025-11-16 16:01:34.861,1379,34445.18
2025-11-16 16:01:34.861,1380,31374.49
2025-11-16 16:01:34.861,1381,30150.32
2025-11-16 16:01:34.861,1382,29564.92
2025-11-16 16:01:34.861,1383,44634.36
2025-11-16 16:01:34.861,1384,68493.05
2025-11-16 16:01:34.861,1385,64212.57
2025-11-16 16:01:34.861,1386,31123.74
2025-11-16 16:01:34.861,1387,31123.74
2025-11-16 16:01:34.861,1388,58028.08
2025-11-16 16:01:34.861,1389,90021.7
2025-11-16 16:01:34.861,1390,55201.96
2025-11-16 16:01:34.861,1391,55201.96
2025-11-16 16:01:34.861,1392,33870.7
2025-11-16 16:01:34.861,1393,33310.84
2025-11-16 16:01:34.861,1394,32232.81
2025-11-16 16:01:34.861,1395,32189.05
2025-11-16 16:01:34.861,1396,32145.38
2025-11-16 16:01:34.861,1397,32145.38
2025-11-16 16:01:34.861,1398,32320.6
2025-11-16 16:01:34.861,1399,32765.05
2025-11-16 16:01:34.861,1400,31543.36
2025-11-16 16:01:34.861,1401,31628.31
2025-11-16 16:01:34.861,1402,32586.16
2025-11-16 16:01:34.861,1403,32320.6
2025-11-16 16:01:34.861,1404,32586.16
2025-11-16 16:01:34.861,1405,32675.42
2025-11-16 16:01:34.861,1406,33682.49
2025-11-16 16:01:34.861,1407,32232.81
2025-11-16 16:01:34.861,1408,34300.16
2025-11-16 16:01:34.861,1409,32058.32
2025-11-16 16:01:34.861,1410,32586.16
2025-11-16 16:01:34.861,1411,36157.48
2025-11-16 16:01:34.861,1412,36105.25
2025-11-16 16:01:34.861,1413,36262.32
2025-11-16 16:01:34.861,1414,33495.87
2025-11-16 16:01:34.861,1415,36105.25
2025-11-16 16:01:34.861,1416,34012.93
2025-11-16 16:01:34.861,1417,34885.99
2025-11-16 16:01:34.861,1418,39523.48
2025-11-16 16:01:34.861,1419,36209.84
2025-11-16 16:01:34.861,1420,33870.7
2025-11-16 16:01:34.861,1421,37337.34
2025-11-16 16:01:34.861,1422,33682.49
2025-11-16 16:01:34.861,1423,33036.22
2025-11-16 16:01:34.861,1424,55621.39
2025-11-16 16:01:34.861,1425,33403.16
2025-11-16 16:01:34.861,1426,32320.6
2025-11-16 16:01:34.861,1427,36053.13
2025-11-16 16:01:34.861,1428,32855.06
2025-11-16 16:01:34.861,1429,33173.1
2025-11-16 16:01:34.861,1430,34252.03
2025-11-16 16:01:34.861,1431,46843.01
2025-11-16 16:01:34.861,1432,73981.77
2025-11-16 16:01:34.861,1433,66723.02
2025-11-16 16:01:34.861,1434,33588.98
2025-11-16 16:01:34.861,1435,33588.98
2025-11-16 16:01:34.861,1436,59181.26
2025-11-16 16:01:34.861,1437,93571.2
2025-11-16 16:01:34.861,1438,56693.92
2025-11-16 16:01:34.861,1439,56693.92
2025-11-16 16:01:34.861,1440,35285.2
2025-11-16 16:01:34.861,1441,33776.39
2025-11-16 16:01:34.861,1442,33588.98
2025-11-16 16:01:34.861,1443,33264.83
2025-11-16 16:01:34.861,1444,33542.38
2025-11-16 16:01:34.861,1445,33682.49
2025-11-16 16:01:34.861,1446,33776.39
2025-11-16 16:01:34.861,1447,34445.18
2025-11-16 16:01:34.861,1448,34060.55
2025-11-16 16:01:34.861,1449,33495.87
2025-11-16 16:01:34.861,1450,34348.4
2025-11-16 16:01:34.861,1451,34300.16
2025-11-16 16:01:34.861,1452,34396.74
2025-11-16 16:01:34.861,1453,34060.55
2025-11-16 16:01:34.861,1454,35742.86
2025-11-16 16:01:34.861,1455,34348.4
2025-11-16 16:01:34.861,1456,34985.13
2025-11-16 16:01:34.861,1457,34156.08
2025-11-16 16:01:34.861,1458,33495.87
2025-11-16 16:01:34.861,1459,37009.64
2025-11-16 16:01:34.861,1460,37447.59
2025-11-16 16:01:34.861,1461,37337.34
2025-11-16 16:01:34.861,1462,35234.91
2025-11-16 16:01:34.861,1463,37950.12
2025-11-16 16:01:34.861,1464,35134.67
2025-11-16 16:01:34.861,1465,37009.64
2025-11-16 16:01:34.861,1466,40256.3
2025-11-16 16:01:34.861,1467,37781.43
2025-11-16 16:01:34.861,1468,33449.47
2025-11-16 16:01:34.861,1469,39224.4
2025-11-16 16:01:34.861,1470,33403.16
2025-11-16 16:01:34.861,1471,33542.38
2025-11-16 16:01:34.861,1472,54582.74
2025-11-16 16:01:34.861,1473,33127.38
2025-11-16 16:01:34.861,1474,25804.82
2025-11-16 16:01:34.861,1475,35949.24
2025-11-16 16:01:34.861,1476,31458.76
2025-11-16 16:01:34.861,1477,30835.0
2025-11-16 16:01:34.861,1478,23642.52
2025-11-16 16:01:34.861,1479,45754.95
2025-11-16 16:01:34.861,1480,70663.95
2025-11-16 16:01:34.861,1481,72455.65
2025-11-16 16:01:34.861,1482,33682.49
2025-11-16 16:01:34.861,1483,33682.49
2025-11-16 16:01:34.861,1484,63676.8
2025-11-16 16:01:34.861,1485,96820.16
2025-11-16 16:01:34.861,1486,60132.29
2025-11-16 16:01:34.861,1487,60132.29
2025-11-16 16:01:34.861,1488,27418.54
2025-11-16 16:01:34.861,1489,27077.54
2025-11-16 16:01:34.861,1490,26348.73
2025-11-16 16:01:34.861,1491,25963.11
2025-11-16 16:01:34.861,1492,26090.74
2025-11-16 16:01:34.861,1493,26219.28
2025-11-16 16:01:34.861,1494,26090.74
2025-11-16 16:01:34.861,1495,26187.06
2025-11-16 16:01:34.861,1496,26219.28
2025-11-16 16:01:34.861,1497,25963.11
2025-11-16 16:01:34.861,1498,26348.73
2025-11-16 16:01:34.861,1499,26544.65
2025-11-16 16:01:34.861,1500,26544.65
2025-11-16 16:01:34.861,1501,26479.11
2025-11-16 16:01:34.861,1502,28119.63
2025-11-16 16:01:34.861,1503,26643.4
2025-11-16 16:01:34.861,1504,27077.54
2025-11-16 16:01:34.861,1505,25963.11
2025-11-16 16:01:34.861,1506,25963.11
2025-11-16 16:01:34.861,1507,29449.88
2025-11-16 16:01:34.861,1508,29526.5
2025-11-16 16:01:34.861,1509,29449.88
2025-11-16 16:01:34.861,1510,27384.16
2025-11-16 16:01:34.861,1511,30071.27
2025-11-16 16:01:34.861,1512,28191.18
2025-11-16 16:01:34.861,1513,28553.0
2025-11-16 16:01:34.861,1514,32720.19
2025-11-16 16:01:34.861,1515,29449.88
2025-11-16 16:01:34.861,1516,26875.9
2025-11-16 16:01:34.861,1517,30876.0
2025-11-16 16:01:34.861,1518,26709.53
2025-11-16 16:01:34.861,1519,26875.9
2025-11-16 16:01:34.861,1520,45002.86
2025-11-16 16:01:34.861,1521,26316.28
2025-11-16 16:01:34.861,1522,25276.9
2025-11-16 16:01:34.861,1523,29297.52
2025-11-16 16:01:34.861,1524,26348.73
2025-11-16 16:01:34.861,1525,26187.06
2025-11-16 16:01:34.861,1526,26187.06
2025-11-16 16:01:34.861,1527,38348.37
2025-11-16 16:01:34.861,1528,57465.76
2025-11-16 16:01:34.861,1529,54582.74
2025-11-16 16:01:34.861,1530,26742.69
2025-11-16 16:01:34.861,1531,26742.69
2025-11-16 16:01:34.861,1532,46293.73
2025-11-16 16:01:34.861,1533,78341.52
2025-11-16 16:01:34.861,1534,48305.81
2025-11-16 16:01:34.861,1535,48305.81
2025-11-16 16:01:34.861,1536,26154.89
2025-11-16 16:01:34.861,1537,26154.89
2025-11-16 16:01:34.861,1538,26154.89
2025-11-16 16:01:34.861,1539,26154.89
2025-11-16 16:01:34.861,1540,26154.89
2025-11-16 16:01:34.861,1541,26154.89
2025-11-16 16:01:34.861,1542,26154.89
2025-11-16 16:01:34.861,1543,26154.89
2025-11-16 16:01:34.861,1544,26154.89
2025-11-16 16:01:34.861,1545,26154.89
2025-11-16 16:01:34.861,1546,26154.89
2025-11-16 16:01:34.861,1547,26154.89
2025-11-16 16:01:34.861,1548,26154.89
2025-11-16 16:01:34.861,1549,26154.89
2025-11-16 16:01:34.861,1550,26154.89
2025-11-16 16:01:34.861,1551,26154.89
2025-11-16 16:01:34.861,1552,26154.89
2025-11-16 16:01:34.861,1553,26154.89
2025-11-16 16:01:34.861,1554,26154.89
2025-11-16 16:01:34.861,1555,26154.89
2025-11-16 16:01:34.861,1556,26154.89
2025-11-16 16:01:34.861,1557,26154.89
2025-11-16 16:01:34.861,1558,26154.89
2025-11-16 16:01:34.861,1559,26154.89
2025-11-16 16:01:34.861,1560,26154.89
2025-11-16 16:01:34.861,1561,26154.89
2025-11-16 16:01:34.861,1562,26154.89
2025-11-16 16:01:34.861,1563,26154.89
2025-11-16 16:01:34.861,1564,26154.89
2025-11-16 16:01:34.861,1565,26154.89
2025-11-16 16:01:34.861,1566,26154.89
2025-11-16 16:01:34.861,1567,26154.89
2025-11-16 16:01:34.861,1568,26154.89
2025-11-16 16:01:34.861,1569,26154.89
2025-11-16 16:01:34.861,1570,26154.89
2025-11-16 16:01:34.861,1571,26154.89
2025-11-16 16:01:34.861,1572,26154.89
2025-11-16 16:01:34.861,1573,26154.89
2025-11-16 16:01:34.861,1574,26154.89
2025-11-16 16:01:34.861,1575,26154.89
2025-11-16 16:01:34.861,1576,26154.89
2025-11-16 16:01:34.861,1577,26154.89
2025-11-16 16:01:34.861,1578,26154.89
2025-11-16 16:01:34.861,1579,26154.89
2025-11-16 16:01:34.861,1580,26154.89
2025-11-16 16:01:34.861,1581,26154.89
2025-11-16 16:01:34.861,1582,26154.89
2025-11-16 16:01:34.861,1583,26154.89
2025-11-16 16:01:34.861,1584,26154.89
2025-11-16 16:01:34.861,1585,25585.55
2025-11-16 16:01:34.861,1586,24675.34
2025-11-16 16:01:34.861,1587,24208.61
2025-11-16 16:01:34.861,1588,24675.34
2025-11-16 16:01:34.861,1589,24675.34
2025-11-16 16:01:34.861,1590,24704.93
2025-11-16 16:01:34.861,1591,24853.65
2025-11-16 16:01:34.861,1592,24734.57
2025-11-16 16:01:34.861,1593,24557.47
2025-11-16 16:01:34.861,1594,24645.8
2025-11-16 16:01:34.861,1595,24734.57
2025-11-16 16:01:34.861,1596,24764.27
2025-11-16 16:01:34.861,1597,24734.57
2025-11-16 16:01:34.861,1598,25931.34
2025-11-16 16:01:34.861,1599,24913.49
2025-11-16 16:01:34.861,1600,24853.65
2025-11-16 16:01:34.861,1601,24353.12
2025-11-16 16:01:34.861,1602,23866.7
2025-11-16 16:01:34.861,1603,27556.69
2025-11-16 16:01:34.861,1604,27695.87
2025-11-16 16:01:34.861,1605,27626.15
2025-11-16 16:01:34.861,1606,25963.11
2025-11-16 16:01:34.861,1607,27977.33
2025-11-16 16:01:34.861,1608,26187.06
2025-11-16 16:01:34.861,1609,26875.9
2025-11-16 16:01:34.861,1610,30835.0
2025-11-16 16:01:34.861,1611,27077.54
2025-11-16 16:01:34.861,1612,24973.54
2025-11-16 16:01:34.861,1613,28736.48
2025-11-16 16:01:34.861,1614,25033.8
2025-11-16 16:01:34.861,1615,25094.26
2025-11-16 16:01:34.861,1616,41920.75
2025-11-16 16:01:34.861,1617,24794.01
2025-11-16 16:01:34.861,1618,24208.61
2025-11-16 16:01:34.861,1619,27730.82
2025-11-16 16:01:34.861,1620,24823.81
2025-11-16 16:01:34.861,1621,25094.26
2025-11-16 16:01:34.861,1622,26219.28
2025-11-16 16:01:34.861,1623,36157.48
2025-11-16 16:01:34.861,1624,52987.48
2025-11-16 16:01:34.861,1625,50377.22
2025-11-16 16:01:34.861,1626,25679.2
2025-11-16 16:01:34.861,1627,25679.2
2025-11-16 16:01:34.861,1628,45754.95
2025-11-16 16:01:34.861,1629,77583.78
2025-11-16 16:01:34.861,1630,44126.66
2025-11-16 16:01:34.861,1631,44126.66
2025-11-16 16:01:34.861,1632,24151.15
2025-11-16 16:01:34.861,1633,23202.91
2025-11-16 16:01:34.861,1634,22854.06
2025-11-16 16:01:34.861,1635,22460.52
2025-11-16 16:01:34.861,1636,22774.6
2025-11-16 16:01:34.861,1637,22987.37
2025-11-16 16:01:34.861,1638,22933.92
2025-11-16 16:01:34.861,1639,23040.99
2025-11-16 16:01:34.861,1640,22987.37
2025-11-16 16:01:34.861,1641,22460.52
2025-11-16 16:01:34.861,1642,23230.05
2025-11-16 16:01:34.861,1643,22512.45
2025-11-16 16:01:34.861,1644,22960.62
2025-11-16 16:01:34.861,1645,23040.99
2025-11-16 16:01:34.861,1646,23979.91
2025-11-16 16:01:34.861,1647,23040.99
2025-11-16 16:01:34.861,1648,22408.76
2025-11-16 16:01:34.861,1649,21700.95
2025-11-16 16:01:34.861,1650,22357.16
2025-11-16 16:01:34.861,1651,24794.01
2025-11-16 16:01:34.861,1652,25276.9
2025-11-16 16:01:34.861,1653,25585.55
2025-11-16 16:01:34.861,1654,24093.88
2025-11-16 16:01:34.861,1655,25523.39
2025-11-16 16:01:34.861,1656,23866.7
2025-11-16 16:01:34.861,1657,24675.34
2025-11-16 16:01:34.861,1658,27077.54
2025-11-16 16:01:34.861,1659,25523.39
2025-11-16 16:01:34.861,1660,19449.01
2025-11-16 16:01:34.861,1661,26283.89
2025-11-16 16:01:34.861,1662,17757.91
2025-11-16 16:01:34.861,1663,19491.78
2025-11-16 16:01:34.861,1664,36262.32
2025-11-16 16:01:34.861,1665,17872.27
2025-11-16 16:01:34.861,1666,19194.97
2025-11-16 16:01:34.861,1667,24036.8
2025-11-16 16:01:34.861,1668,17000.83
2025-11-16 16:01:34.861,1669,19534.67
2025-11-16 16:01:34.861,1670,22960.62
2025-11-16 16:01:34.861,1671,31713.61
2025-11-16 16:01:34.861,1672,47646.51
2025-11-16 16:01:34.861,1673,48222.58
2025-11-16 16:01:34.861,1674,20193.28
2025-11-16 16:01:34.861,1675,20193.28
2025-11-16 16:01:34.861,1676,35034.87
2025-11-16 16:01:34.861,1677,72622.48
2025-11-16 16:01:34.861,1678,42186.62
2025-11-16 16:01:34.861,1679,42186.62
2025-11-16 16:01:34.861,1680,34348.4
2025-11-16 16:01:34.861,1681,33635.68
2025-11-16 16:01:34.861,1682,32900.21
2025-11-16 16:01:34.861,1683,31971.61
2025-11-16 16:01:34.861,1684,33403.16
2025-11-16 16:01:34.861,1685,32945.45
2025-11-16 16:01:34.861,1686,33495.87
2025-11-16 16:01:34.861,1687,33127.38
2025-11-16 16:01:34.861,1688,33588.98
2025-11-16 16:01:34.861,1689,33310.84
2025-11-16 16:01:34.861,1690,33403.16
2025-11-16 16:01:34.861,1691,33682.49
2025-11-16 16:01:34.861,1692,33495.87
2025-11-16 16:01:34.861,1693,33542.38
2025-11-16 16:01:34.861,1694,34493.74
2025-11-16 16:01:34.861,1695,33588.98
2025-11-16 16:01:34.861,1696,31628.31
2025-11-16 16:01:34.861,1697,30031.86
2025-11-16 16:01:34.861,1698,32586.16
2025-11-16 16:01:34.861,1699,35335.6
2025-11-16 16:01:34.861,1700,36901.41
2025-11-16 16:01:34.861,1701,37118.37
2025-11-16 16:01:34.861,1702,35084.71
2025-11-16 16:01:34.861,1703,37118.37
2025-11-16 16:01:34.861,1704,34348.4
2025-11-16 16:01:34.861,1705,36053.13
2025-11-16 16:01:34.861,1706,39887.21
2025-11-16 16:01:34.861,1707,37227.6
2025-11-16 16:01:34.861,1708,30794.08
2025-11-16 16:01:34.861,1709,38120.0
2025-11-16 16:01:34.861,1710,31040.83
2025-11-16 16:01:34.861,1711,30876.0
2025-11-16 16:01:34.861,1712,45151.65
2025-11-16 16:01:34.861,1713,30631.22
2025-11-16 16:01:34.861,1714,30189.96
2025-11-16 16:01:34.861,1715,35742.86
2025-11-16 16:01:34.861,1716,27349.84
2025-11-16 16:01:34.861,1717,30631.22
2025-11-16 16:01:34.861,1718,33682.49
2025-11-16 16:01:34.861,1719,45151.65
2025-11-16 16:01:34.861,1720,58255.64
2025-11-16 16:01:34.861,1721,65586.65
2025-11-16 16:01:34.861,1722,32058.32
2025-11-16 16:01:34.861,1723,32058.32
2025-11-16 16:01:34.861,1724,47322.41
2025-11-16 16:01:34.861,1725,93571.2
2025-11-16 16:01:34.861,1726,57354.41
2025-11-16 16:01:34.861,1727,57354.41
2025-11-16 16:01:34.861,1728,26511.85
2025-11-16 16:01:34.861,1729,25461.45
2025-11-16 16:01:34.861,1730,24853.65
2025-11-16 16:01:34.861,1731,24853.65
2025-11-16 16:01:34.861,1732,24853.65
2025-11-16 16:01:34.861,1733,25033.8
2025-11-16 16:01:34.861,1734,25154.93
2025-11-16 16:01:34.861,1735,24883.55
2025-11-16 16:01:34.861,1736,24973.54
2025-11-16 16:01:34.861,1737,24794.01
2025-11-16 16:01:34.861,1738,24883.55
2025-11-16 16:01:34.861,1739,25064.0
2025-11-16 16:01:34.861,1740,24764.27
2025-11-16 16:01:34.861,1741,24973.54
2025-11-16 16:01:34.861,1742,26154.89
2025-11-16 16:01:34.861,1743,25033.8
2025-11-16 16:01:34.861,1744,23754.24
2025-11-16 16:01:34.861,1745,23202.91
2025-11-16 16:01:34.861,1746,22987.37
2025-11-16 16:01:34.861,1747,24794.01
2025-11-16 16:01:34.861,1748,27418.54
2025-11-16 16:01:34.861,1749,27145.25
2025-11-16 16:01:34.861,1750,25994.93
2025-11-16 16:01:34.861,1751,27836.08
2025-11-16 16:01:34.861,1752,26026.81
2025-11-16 16:01:34.861,1753,26742.69
2025-11-16 16:01:34.861,1754,28773.39
2025-11-16 16:01:34.861,1755,27556.69
2025-11-16 16:01:34.861,1756,19406.36
2025-11-16 16:01:34.861,1757,28335.09
2025-11-16 16:01:34.861,1758,21310.15
2025-11-16 16:01:34.861,1759,18142.77
2025-11-16 16:01:34.861,1760,40505.41
2025-11-16 16:01:34.861,1761,22305.72
2025-11-16 16:01:34.861,1762,20419.37
2025-11-16 16:01:34.861,1763,26479.11
2025-11-16 16:01:34.861,1764,22177.84
2025-11-16 16:01:34.861,1765,21750.49
2025-11-16 16:01:34.861,1766,25461.45
2025-11-16 16:01:34.861,1767,35184.73
2025-11-16 16:01:34.861,1768,52793.59
2025-11-16 16:01:34.861,1769,51192.37
2025-11-16 16:01:34.861,1770,23586.93
2025-11-16 16:01:34.861,1771,23586.93
2025-11-16 16:01:34.861,1772,36367.62
2025-11-16 16:01:34.861,1773,77583.78
2025-11-16 16:01:34.861,1774,43698.91
2025-11-16 16:01:34.861,1775,43698.91
2025-11-16 16:01:34.861,1776,22564.54
2025-11-16 16:01:34.861,1777,21750.49
2025-11-16 16:01:34.861,1778,21406.95
2025-11-16 16:01:34.861,1779,21261.97
2025-11-16 16:01:34.861,1780,21213.94
2025-11-16 16:01:34.861,1781,21431.24
2025-11-16 16:01:34.861,1782,21213.94
2025-11-16 16:01:34.861,1783,21237.94
2025-11-16 16:01:34.861,1784,21455.57
2025-11-16 16:01:34.861,1785,21310.15
2025-11-16 16:01:34.861,1786,21358.47
2025-11-16 16:01:34.861,1787,21406.95
2025-11-16 16:01:34.861,1788,21406.95
2025-11-16 16:01:34.861,1789,21602.34
2025-11-16 16:01:34.861,1790,22460.52
2025-11-16 16:01:34.861,1791,21553.27
2025-11-16 16:01:34.861,1792,20193.28
2025-11-16 16:01:34.861,1793,19577.68
2025-11-16 16:01:34.861,1794,20037.0
2025-11-16 16:01:34.861,1795,22101.59
2025-11-16 16:01:34.861,1796,23698.29
2025-11-16 16:01:34.861,1797,23670.38
2025-11-16 16:01:34.861,1798,22486.47
2025-11-16 16:01:34.861,1799,24179.86
2025-11-16 16:01:34.861,1800,22382.94
2025-11-16 16:01:34.861,1801,23366.42
2025-11-16 16:01:34.861,1802,25492.39
2025-11-16 16:01:34.861,1803,23951.54
2025-11-16 16:01:34.861,1804,18103.81
2025-11-16 16:01:34.861,1805,24853.65
2025-11-16 16:01:34.861,1806,19237.01
2025-11-16 16:01:34.861,1807,18986.58
2025-11-16 16:01:34.861,1808,36053.13
2025-11-16 16:01:34.861,1809,19069.58
2025-11-16 16:01:34.861,1810,16317.87
2025-11-16 16:01:34.861,1811,22721.83
2025-11-16 16:01:34.861,1812,18064.95
2025-11-16 16:01:34.861,1813,16751.64
2025-11-16 16:01:34.861,1814,21750.49
2025-11-16 16:01:34.861,1815,30309.35
2025-11-16 16:01:34.861,1816,47646.51
2025-11-16 16:01:34.861,1817,45831.29
2025-11-16 16:01:34.861,1818,20170.86
2025-11-16 16:01:34.861,1819,20170.86
2025-11-16 16:01:34.861,1820,32630.74
2025-11-16 16:01:34.861,1821,68192.39
2025-11-16 16:01:34.861,1822,39644.14
2025-11-16 16:01:34.861,1823,39644.14
2025-11-16 16:01:34.861,1824,32855.06
2025-11-16 16:01:34.861,1825,31628.31
2025-11-16 16:01:34.861,1826,31040.83
2025-11-16 16:01:34.861,1827,30958.25
2025-11-16 16:01:34.861,1828,30958.25
2025-11-16 16:01:34.861,1829,31374.49
2025-11-16 16:01:34.861,1830,30876.0
2025-11-16 16:01:34.861,1831,31123.74
2025-11-16 16:01:34.861,1832,31248.74
2025-11-16 16:01:34.861,1833,31290.57
2025-11-16 16:01:34.861,1834,31248.74
2025-11-16 16:01:34.861,1835,31458.76
2025-11-16 16:01:34.861,1836,30835.0
2025-11-16 16:01:34.861,1837,31585.79
2025-11-16 16:01:34.861,1838,32855.06
2025-11-16 16:01:34.861,1839,31885.26
2025-11-16 16:01:34.861,1840,31628.31
2025-11-16 16:01:34.861,1841,30150.32
2025-11-16 16:01:34.861,1842,29297.52
2025-11-16 16:01:34.861,1843,33495.87
2025-11-16 16:01:34.861,1844,34348.4
2025-11-16 16:01:34.861,1845,34252.03
2025-11-16 16:01:34.861,1846,33081.75
2025-11-16 16:01:34.861,1847,35034.87
2025-11-16 16:01:34.861,1848,32765.05
2025-11-16 16:01:34.861,1849,34204.0
2025-11-16 16:01:34.861,1850,37392.4
2025-11-16 16:01:34.861,1851,35034.87
2025-11-16 16:01:34.861,1852,29221.78
2025-11-16 16:01:34.861,1853,36473.41
2025-11-16 16:01:34.861,1854,28553.0
2025-11-16 16:01:34.861,1855,28847.41
2025-11-16 16:01:34.861,1856,50556.48
2025-11-16 16:01:34.861,1857,30590.71
2025-11-16 16:01:34.861,1858,29449.88
2025-11-16 16:01:34.861,1859,34445.18
2025-11-16 16:01:34.861,1860,31206.99
2025-11-16 16:01:34.861,1861,30429.46
2025-11-16 16:01:34.861,1862,33495.87
2025-11-16 16:01:34.861,1863,43769.74
2025-11-16 16:01:34.861,1864,65586.65
2025-11-16 16:01:34.861,1865,63676.8
2025-11-16 16:01:34.861,1866,31290.57
2025-11-16 16:01:34.861,1867,31290.57
2025-11-16 16:01:34.861,1868,45151.65
2025-11-16 16:01:34.861,1869,90021.7
2025-11-16 16:01:34.861,1870,54787.84
2025-11-16 16:01:34.861,1871,54787.84
2025-11-16 16:01:34.861,1872,27977.33
2025-11-16 16:01:34.861,1873,26842.51
2025-11-16 16:01:34.861,1874,26709.53
2025-11-16 16:01:34.861,1875,26511.85
2025-11-16 16:01:34.861,1876,26511.85
2025-11-16 16:01:34.861,1877,26875.9
2025-11-16 16:01:34.861,1878,26610.43
2025-11-16 16:01:34.861,1879,26842.51
2025-11-16 16:01:34.861,1880,26809.18
2025-11-16 16:01:34.861,1881,26511.85
2025-11-16 16:01:34.861,1882,26809.18
2025-11-16 16:01:34.861,1883,26610.43
2025-11-16 16:01:34.861,1884,26610.43
2025-11-16 16:01:34.861,1885,26809.18
2025-11-16 16:01:34.861,1886,27765.84
2025-11-16 16:01:34.861,1887,26809.18
2025-11-16 16:01:34.861,1888,26219.28
2025-11-16 16:01:34.861,1889,24794.01
2025-11-16 16:01:34.861,1890,25154.93
2025-11-16 16:01:34.861,1891,27871.29
2025-11-16 16:01:34.861,1892,29146.33
2025-11-16 16:01:34.861,1893,28921.71
2025-11-16 16:01:34.861,1894,27836.08
2025-11-16 16:01:34.861,1895,29449.88
2025-11-16 16:01:34.861,1896,27626.15
2025-11-16 16:01:34.861,1897,28699.64
2025-11-16 16:01:34.861,1898,30712.49
2025-11-16 16:01:34.861,1899,29297.52
2025-11-16 16:01:34.861,1900,22000.49
2025-11-16 16:01:34.861,1901,30389.34
2025-11-16 16:01:34.861,1902,22000.49
2025-11-16 16:01:34.861,1903,21700.95
2025-11-16 16:01:34.861,1904,43487.57
2025-11-16 16:01:34.861,1905,24734.57
2025-11-16 16:01:34.861,1906,23040.99
2025-11-16 16:01:34.861,1907,28736.48
2025-11-16 16:01:34.861,1908,24794.01
2025-11-16 16:01:34.861,1909,24616.31
2025-11-16 16:01:34.861,1910,27281.39
2025-11-16 16:01:34.861,1911,37613.93
2025-11-16 16:01:34.861,1912,56368.51
2025-11-16 16:01:34.861,1913,53975.16
2025-11-16 16:01:34.861,1914,25523.39
2025-11-16 16:01:34.861,1915,25523.39
2025-11-16 16:01:34.861,1916,38348.37
2025-11-16 16:01:34.861,1917,81303.56
2025-11-16 16:01:34.861,1918,45907.83
2025-11-16 16:01:34.861,1919,45907.83
2025-11-16 16:01:34.861,1920,793012.25
2025-11-16 16:01:34.861,1921,708471.5
2025-11-16 16:01:34.861,1922,762705.19
2025-11-16 16:01:34.861,1923,965113.19
2025-11-16 16:01:34.861,1924,777567.38
2025-11-16 16:01:34.861,1925,988899.38
2025-11-16 16:01:34.861,1926,988899.38
2025-11-16 16:01:34.861,1927,920784.13
2025-11-16 16:01:34.861,1928,942433.13
2025-11-16 16:01:34.861,1929,900097.25
2025-11-16 16:01:34.861,1930,861364.44
2025-11-16 16:01:34.861,1931,861364.44
2025-11-16 16:01:34.861,1932,900097.25
2025-11-16 16:01:34.861,1933,762705.19
2025-11-16 16:01:34.861,1934,942433.13
2025-11-16 16:01:34.861,1935,920784.13
2025-11-16 16:01:34.861,1936,793012.25
2025-11-16 16:01:34.861,1937,988899.38
2025-11-16 16:01:34.861,1938,880309.75
2025-11-16 16:01:34.861,1939,793012.25
2025-11-16 16:01:34.861,1940,942433.13
2025-11-16 16:01:34.861,1941,650520.19
2025-11-16 16:01:34.861,1942,988899.38
2025-11-16 16:01:34.861,1943,762705.19
2025-11-16 16:01:34.861,1944,793012.25
2025-11-16 16:01:34.861,1945,861364.44
2025-11-16 16:01:34.861,1946,684112.31
2025-11-16 16:01:34.861,1947,762705.19
2025-11-16 16:01:34.861,1948,640033.69
2025-11-16 16:01:34.861,1949,942433.13
2025-11-16 16:01:34.861,1950,721303.56
2025-11-16 16:01:34.861,1951,721303.56
2025-11-16 16:01:34.861,1952,920784.13
2025-11-16 16:01:34.861,1953,880309.75
2025-11-16 16:01:34.861,1954,734602.25
2025-11-16 16:01:34.861,1955,900097.25
2025-11-16 16:01:34.861,1956,721303.56
2025-11-16 16:01:34.861,1957,708471.5
2025-11-16 16:01:34.861,1958,640033.69
2025-11-16 16:01:34.861,1959,861364.44
2025-11-16 16:01:34.861,1960,988899.38
2025-11-16 16:01:34.861,1961,942433.13
2025-11-16 16:01:34.861,1962,880309.75
2025-11-16 16:01:34.861,1963,880309.75
2025-11-16 16:01:34.861,1964,900097.25
2025-11-16 16:01:34.861,1965,942433.13
2025-11-16 16:01:34.861,1966,942433.13
2025-11-16 16:01:34.861,1967,942433.13
2025-11-16 16:01:34.861,1968,30835.0
2025-11-16 16:01:34.861,1969,29146.33
2025-11-16 16:01:34.861,1970,29411.68
2025-11-16 16:01:34.861,1971,28996.3
2025-11-16 16:01:34.861,1972,29449.88
2025-11-16 16:01:34.861,1973,29449.88
2025-11-16 16:01:34.861,1974,29411.68
2025-11-16 16:01:34.861,1975,29221.78
2025-11-16 16:01:34.861,1976,29449.88
2025-11-16 16:01:34.861,1977,29108.72
2025-11-16 16:01:34.861,1978,29297.52
2025-11-16 16:01:34.861,1979,28847.41
2025-11-16 16:01:34.861,1980,29033.7
2025-11-16 16:01:34.861,1981,29641.99
2025-11-16 16:01:34.861,1982,30794.08
2025-11-16 16:01:34.861,1983,29297.52
2025-11-16 16:01:34.861,1984,29297.52
2025-11-16 16:01:34.861,1985,27765.84
2025-11-16 16:01:34.861,1986,27836.08
2025-11-16 16:01:34.861,1987,31040.83
2025-11-16 16:01:34.861,1988,32900.21
2025-11-16 16:01:34.861,1989,32720.19
2025-11-16 16:01:34.861,1990,30876.0
2025-11-16 16:01:34.861,1991,33403.16
2025-11-16 16:01:34.861,1992,30794.08
2025-11-16 16:01:34.861,1993,32145.38
2025-11-16 16:01:34.861,1994,34985.13
2025-11-16 16:01:34.861,1995,32990.79
2025-11-16 16:01:34.861,1996,27145.25
2025-11-16 16:01:34.861,1997,34348.4
2025-11-16 16:01:34.861,1998,25461.45
2025-11-16 16:01:34.861,1999,26742.69
2025-11-16 16:01:34.861,2000,45984.59
2025-11-16 16:01:34.861,2001,27730.82
2025-11-16 16:01:34.861,2002,27349.84
2025-11-16 16:01:34.861,2003,32189.05
2025-11-16 16:01:34.861,2004,28480.09
2025-11-16 16:01:34.861,2005,28996.3
2025-11-16 16:01:34.861,2006,31416.58
2025-11-16 16:01:34.861,2007,41526.96
2025-11-16 16:01:34.861,2008,61358.41
2025-11-16 16:01:34.861,2009,59416.6
2025-11-16 16:01:34.861,2010,29449.88
2025-11-16 16:01:34.861,2011,29449.88
2025-11-16 16:01:34.861,2012,43277.87
2025-11-16 16:01:34.861,2013,83819.96
2025-11-16 16:01:34.861,2014,51748.12
2025-11-16 16:01:34.861,2015,51748.12
2025-11-16 16:01:34.861,2016,439984.91
2025-11-16 16:01:34.861,2017,391443.63
2025-11-16 16:01:34.861,2018,439984.91
2025-11-16 16:01:34.861,2019,403612.41
2025-11-16 16:01:34.861,2020,450099.75
2025-11-16 16:01:34.861,2021,521823.06
2025-11-16 16:01:34.861,2022,430305.09
2025-11-16 16:01:34.861,2023,450099.75
2025-11-16 16:01:34.861,2024,455329.53
2025-11-16 16:01:34.861,2025,412143.03
2025-11-16 16:01:34.861,2026,483368.97
2025-11-16 16:01:34.861,2027,387544.88
2025-11-16 16:01:34.861,2028,450099.75
2025-11-16 16:01:34.861,2029,450099.75
2025-11-16 16:01:34.861,2030,471757.34
2025-11-16 16:01:34.861,2031,430305.09
2025-11-16 16:01:34.861,2032,460679.59
2025-11-16 16:01:34.861,2033,460679.59
2025-11-16 16:01:34.861,2034,515003.19
2025-11-16 16:01:34.861,2035,471757.34
2025-11-16 16:01:34.861,2036,471757.34
2025-11-16 16:01:34.861,2037,508356.06
2025-11-16 16:01:34.861,2038,403612.41
2025-11-16 16:01:34.861,2039,521823.06
2025-11-16 16:01:34.861,2040,395419.56
2025-11-16 16:01:34.861,2041,483368.97
2025-11-16 16:01:34.861,2042,483368.97
2025-11-16 16:01:34.861,2043,483368.97
2025-11-16 16:01:34.861,2044,383721.19
2025-11-16 16:01:34.861,2045,466154.09
2025-11-16 16:01:34.861,2046,460679.59
2025-11-16 16:01:34.861,2047,450099.75
2025-11-16 16:01:34.861,2048,439984.91
2025-11-16 16:01:34.861,2049,439984.91
2025-11-16 16:01:34.861,2050,395419.56
2025-11-16 16:01:34.861,2051,508356.06
2025-11-16 16:01:34.861,2052,455329.53
2025-11-16 16:01:34.861,2053,450099.75
2025-11-16 16:01:34.861,2054,450099.75
2025-11-16 16:01:34.861,2055,575017.88
2025-11-16 16:01:34.861,2056,460679.59
2025-11-16 16:01:34.861,2057,825793.38
2025-11-16 16:01:34.861,2058,521823.06
2025-11-16 16:01:34.861,2059,521823.06
2025-11-16 16:01:34.861,2060,387544.88
2025-11-16 16:01:34.861,2061,965113.19
2025-11-16 16:01:34.861,2062,684112.31
2025-11-16 16:01:34.861,2063,684112.31
2025-11-16 16:01:34.861,2064,27384.16
2025-11-16 16:01:34.861,2065,26348.73
2025-11-16 16:01:34.861,2066,25836.37
2025-11-16 16:01:34.861,2067,25492.39
2025-11-16 16:01:34.861,2068,26026.81
2025-11-16 16:01:34.861,2069,25773.33
2025-11-16 16:01:34.861,2070,25963.11
2025-11-16 16:01:34.861,2071,25773.33
2025-11-16 16:01:34.861,2072,25773.33
2025-11-16 16:01:34.861,2073,25994.93
2025-11-16 16:01:34.861,2074,25836.37
2025-11-16 16:01:34.861,2075,26090.74
2025-11-16 16:01:34.861,2076,25710.52
2025-11-16 16:01:34.861,2077,25836.37
2025-11-16 16:01:34.861,2078,26577.51
2025-11-16 16:01:34.861,2079,25836.37
2025-11-16 16:01:34.861,2080,20081.49
2025-11-16 16:01:34.861,2081,20788.21
2025-11-16 16:01:34.861,2082,24324.12
2025-11-16 16:01:34.861,2083,25773.33
2025-11-16 16:01:34.861,2084,28335.09
2025-11-16 16:01:34.861,2085,28119.63
2025-11-16 16:01:34.861,2086,26676.44
2025-11-16 16:01:34.861,2087,28921.71
2025-11-16 16:01:34.861,2088,26942.87
2025-11-16 16:01:34.861,2089,28119.63
2025-11-16 16:01:34.861,2090,31543.36
2025-11-16 16:01:34.861,2091,29071.17
2025-11-16 16:01:34.861,2092,25836.37
2025-11-16 16:01:34.861,2093,30229.68
2025-11-16 16:01:34.861,2094,25963.11
2025-11-16 16:01:34.861,2095,26090.74
2025-11-16 16:01:34.861,2096,42658.5
2025-11-16 16:01:34.861,2097,26090.74
2025-11-16 16:01:34.861,2098,25276.9
2025-11-16 16:01:34.861,2099,28847.41
2025-11-16 16:01:34.861,2100,25679.2
2025-11-16 16:01:34.861,2101,26090.74
2025-11-16 16:01:34.861,2102,28119.63
2025-11-16 16:01:34.861,2103,37669.63
2025-11-16 16:01:34.861,2104,56260.74
2025-11-16 16:01:34.861,2105,53084.88
2025-11-16 16:01:34.861,2106,26643.4
2025-11-16 16:01:34.861,2107,26643.4
2025-11-16 16:01:34.861,2108,39887.21
2025-11-16 16:01:34.861,2109,77583.78
2025-11-16 16:01:34.861,2110,46527.84
2025-11-16 16:01:34.861,2111,46527.84
2025-11-16 16:01:34.861,2112,291051.47
2025-11-16 16:01:34.861,2113,266631.75
2025-11-16 16:01:34.861,2114,264774.34
2025-11-16 16:01:34.861,2115,276308.56
2025-11-16 16:01:34.861,2116,280371.47
2025-11-16 16:01:34.861,2117,284551.28
2025-11-16 16:01:34.861,2118,284551.28
2025-11-16 16:01:34.861,2119,284551.28
2025-11-16 16:01:34.861,2120,264774.34
2025-11-16 16:01:34.861,2121,278325.69
2025-11-16 16:01:34.861,2122,280371.47
2025-11-16 16:01:34.861,2123,291051.47
2025-11-16 16:01:34.861,2124,280371.47
2025-11-16 16:01:34.861,2125,282446.44
2025-11-16 16:01:34.861,2126,288853.09
2025-11-16 16:01:34.861,2127,276308.56
2025-11-16 16:01:34.861,2128,270422.94
2025-11-16 16:01:34.861,2129,276308.56
2025-11-16 16:01:34.861,2130,280371.47
2025-11-16 16:01:34.861,2131,276308.56
2025-11-16 16:01:34.861,2132,291051.47
2025-11-16 16:01:34.861,2133,297844.91
2025-11-16 16:01:34.861,2134,280371.47
2025-11-16 16:01:34.861,2135,291051.47
2025-11-16 16:01:34.861,2136,278325.69
2025-11-16 16:01:34.861,2137,259348.69
2025-11-16 16:01:34.861,2138,291051.47
2025-11-16 16:01:34.861,2139,282446.44
2025-11-16 16:01:34.861,2140,264774.34
2025-11-16 16:01:34.861,2141,302546.75
2025-11-16 16:01:34.861,2142,261133.28
2025-11-16 16:01:34.861,2143,276308.56
2025-11-16 16:01:34.861,2144,213700.14
2025-11-16 16:01:34.861,2145,257587.41
2025-11-16 16:01:34.861,2146,238117.42
2025-11-16 16:01:34.861,2147,268514.44
2025-11-16 16:01:34.861,2148,242714.52
2025-11-16 16:01:34.861,2149,241163.34
2025-11-16 16:01:34.861,2150,264774.34
2025-11-16 16:01:34.861,2151,320197.59
2025-11-16 16:01:34.861,2152,184922.63
2025-11-16 16:01:34.861,2153,455329.53
2025-11-16 16:01:34.861,2154,247485.06
2025-11-16 16:01:34.861,2155,247485.06
2025-11-16 16:01:34.861,2156,134609.98
2025-11-16 16:01:34.861,2157,455329.53
2025-11-16 16:01:34.861,2158,276308.56
2025-11-16 16:01:34.861,2159,276308.56
2025-11-16 16:01:34.861,2160,369134.25
2025-11-16 16:01:34.861,2161,334076.69
2025-11-16 16:01:34.861,2162,339960.47
2025-11-16 16:01:34.861,2163,328387.41
2025-11-16 16:01:34.861,2164,328387.41
2025-11-16 16:01:34.861,2165,352352.88
2025-11-16 16:01:34.861,2166,362238.63
2025-11-16 16:01:34.861,2167,372678.72
2025-11-16 16:01:34.861,2168,349173.25
2025-11-16 16:01:34.861,2169,365654.84
2025-11-16 16:01:34.861,2170,379970.25
2025-11-16 16:01:34.861,2171,430305.09
2025-11-16 16:01:34.861,2172,395419.56
2025-11-16 16:01:34.861,2173,383721.19
2025-11-16 16:01:34.861,2174,391443.63
2025-11-16 16:01:34.861,2175,412143.03
2025-11-16 16:01:34.861,2176,425619.72
2025-11-16 16:01:34.861,2177,369134.25
2025-11-16 16:01:34.861,2178,376290.09
2025-11-16 16:01:34.861,2179,331208.34
2025-11-16 16:01:34.861,2180,387544.88
2025-11-16 16:01:34.861,2181,439984.91
2025-11-16 16:01:34.861,2182,430305.09
2025-11-16 16:01:34.861,2183,425619.72
2025-11-16 16:01:34.861,2184,387544.88
2025-11-16 16:01:34.861,2185,395419.56
2025-11-16 16:01:34.861,2186,439984.91
2025-11-16 16:01:34.861,2187,425619.72
2025-11-16 16:01:34.861,2188,372678.72
2025-11-16 16:01:34.861,2189,387544.88
2025-11-16 16:01:34.861,2190,365654.84
2025-11-16 16:01:34.861,2191,395419.56
2025-11-16 16:01:34.861,2192,259348.69
2025-11-16 16:01:34.861,2193,435092.38
2025-11-16 16:01:34.861,2194,391443.63
2025-11-16 16:01:34.861,2195,444986.13
2025-11-16 16:01:34.861,2196,403612.41
2025-11-16 16:01:34.861,2197,372678.72
2025-11-16 16:01:34.861,2198,430305.09
2025-11-16 16:01:34.861,2199,477494.09
2025-11-16 16:01:34.861,2200,257587.41
2025-11-16 16:01:34.861,2201,672541.69
2025-11-16 16:01:34.861,2202,399475.0
2025-11-16 16:01:34.861,2203,399475.0
2025-11-16 16:01:34.861,2204,192647.28
2025-11-16 16:01:34.861,2205,640033.69
2025-11-16 16:01:34.861,2206,508356.06
2025-11-16 16:01:34.861,2207,508356.06
2025-11-16 16:01:34.861,2208,182175.47
2025-11-16 16:01:34.861,2209,182175.47
2025-11-16 16:01:34.861,2210,182175.47
2025-11-16 16:01:34.861,2211,182175.47
2025-11-16 16:01:34.861,2212,182175.47
2025-11-16 16:01:34.861,2213,182175.47
2025-11-16 16:01:34.861,2214,182175.47
2025-11-16 16:01:34.861,2215,182175.47
2025-11-16 16:01:34.861,2216,182175.47
2025-11-16 16:01:34.861,2217,182175.47
2025-11-16 16:01:34.861,2218,182175.47
2025-11-16 16:01:34.861,2219,182175.47
2025-11-16 16:01:34.861,2220,182175.47
2025-11-16 16:01:34.861,2221,182175.47
2025-11-16 16:01:34.861,2222,182175.47
2025-11-16 16:01:34.861,2223,182175.47
2025-11-16 16:01:34.861,2224,182175.47
2025-11-16 16:01:34.861,2225,182175.47
2025-11-16 16:01:34.861,2226,182175.47
2025-11-16 16:01:34.861,2227,182175.47
2025-11-16 16:01:34.861,2228,182175.47
2025-11-16 16:01:34.861,2229,182175.47
2025-11-16 16:01:34.861,2230,182175.47
2025-11-16 16:01:34.861,2231,182175.47
2025-11-16 16:01:34.861,2232,182175.47
2025-11-16 16:01:34.861,2233,182175.47
2025-11-16 16:01:34.861,2234,182175.47
2025-11-16 16:01:34.861,2235,182175.47
2025-11-16 16:01:34.861,2236,182175.47
2025-11-16 16:01:34.861,2237,182175.47
2025-11-16 16:01:34.861,2238,182175.47
2025-11-16 16:01:34.861,2239,182175.47
2025-11-16 16:01:34.861,2240,182175.47
2025-11-16 16:01:34.861,2241,182175.47
2025-11-16 16:01:34.861,2242,182175.47
2025-11-16 16:01:34.861,2243,182175.47
2025-11-16 16:01:34.861,2244,182175.47
2025-11-16 16:01:34.861,2245,182175.47
2025-11-16 16:01:34.861,2246,182175.47
2025-11-16 16:01:34.861,2247,182175.47
2025-11-16 16:01:34.861,2248,182175.47
2025-11-16 16:01:34.861,2249,182175.47
2025-11-16 16:01:34.861,2250,182175.47
2025-11-16 16:01:34.861,2251,182175.47
2025-11-16 16:01:34.861,2252,182175.47
2025-11-16 16:01:34.861,2253,182175.47
2025-11-16 16:01:34.861,2254,182175.47
2025-11-16 16:01:34.861,2255,182175.47
2025-11-16 16:01:34.861,2256,182175.47
2025-11-16 16:01:34.861,2257,182175.47
2025-11-16 16:01:34.861,2258,192647.28
2025-11-16 16:01:34.861,2259,192647.28
2025-11-16 16:01:34.861,2260,188709.95
2025-11-16 16:01:34.861,2261,208912.44
2025-11-16 16:01:34.861,2262,185855.86
2025-11-16 16:01:34.861,2263,182175.47
2025-11-16 16:01:34.861,2264,193656.09
2025-11-16 16:01:34.861,2265,180386.63
2025-11-16 16:01:34.861,2266,189679.88
2025-11-16 16:01:34.861,2267,196743.69
2025-11-16 16:01:34.861,2268,189679.88
2025-11-16 16:01:34.861,2269,193656.09
2025-11-16 16:01:34.861,2270,206594.58
2025-11-16 16:01:34.861,2271,176056.81
2025-11-16 16:01:34.861,2272,187749.41
2025-11-16 16:01:34.861,2273,182175.47
2025-11-16 16:01:34.861,2274,191648.39
2025-11-16 16:01:34.861,2275,189679.88
2025-11-16 16:01:34.861,2276,206594.58
2025-11-16 16:01:34.861,2277,204325.27
2025-11-16 16:01:34.861,2278,190659.31
2025-11-16 16:01:34.861,2279,189679.88
2025-11-16 16:01:34.861,2280,171919.44
2025-11-16 16:01:34.861,2281,191648.39
2025-11-16 16:01:34.861,2282,193656.09
2025-11-16 16:01:34.861,2283,184922.63
2025-11-16 16:01:34.861,2284,167191.02
2025-11-16 16:01:34.861,2285,187749.41
2025-11-16 16:01:34.861,2286,165668.98
2025-11-16 16:01:34.861,2287,177764.91
2025-11-16 16:01:34.861,2288,113621.23
2025-11-16 16:01:34.861,2289,163434.33
2025-11-16 16:01:34.861,2290,166426.73
2025-11-16 16:01:34.861,2291,189679.88
2025-11-16 16:01:34.861,2292,168739.63
2025-11-16 16:01:34.861,2293,171113.94
2025-11-16 16:01:34.861,2294,176906.95
2025-11-16 16:01:34.861,2295,229407.17
2025-11-16 16:01:34.861,2296,106903.57
2025-11-16 16:01:34.861,2297,297844.91
2025-11-16 16:01:34.861,2298,178630.77
2025-11-16 16:01:34.861,2299,178630.77
2025-11-16 16:01:34.861,2300,57802.03
2025-11-16 16:01:34.861,2301,282446.44
2025-11-16 16:01:34.861,2302,210090.06
2025-11-16 16:01:34.861,2303,210090.06
