Timestamp,Sensor_ID,Resistance_Ohms
2025-11-16 15:27:58.164,0,25461.45
2025-11-16 15:27:58.164,1,32855.06
2025-11-16 15:27:58.164,2,37172.92
2025-11-16 15:27:58.164,3,35949.24
2025-11-16 15:27:58.164,4,36686.43
2025-11-16 15:27:58.164,5,37725.46
2025-11-16 15:27:58.164,6,37447.59
2025-11-16 15:27:58.164,7,37558.35
2025-11-16 15:27:58.164,8,37447.59
2025-11-16 15:27:58.164,9,37558.35
2025-11-16 15:27:58.164,10,38233.91
2025-11-16 15:27:58.164,11,37781.43
2025-11-16 15:27:58.164,12,39403.42
2025-11-16 15:27:58.164,13,39644.14
2025-11-16 15:27:58.164,14,39403.42
2025-11-16 15:27:58.164,15,37893.76
2025-11-16 15:27:58.164,16,37172.92
2025-11-16 15:27:58.164,17,38405.8
2025-11-16 15:27:58.164,18,39765.37
2025-11-16 15:27:58.164,19,39644.14
2025-11-16 15:27:58.164,20,39644.14
2025-11-16 15:27:58.164,21,40568.07
2025-11-16 15:27:58.164,22,37893.76
2025-11-16 15:27:58.164,23,41461.9
2025-11-16 15:27:58.164,24,38695.02
2025-11-16 15:27:58.164,25,39343.6
2025-11-16 15:27:58.164,26,42253.52
2025-11-16 15:27:58.164,27,41139.08
2025-11-16 15:27:58.164,28,40132.67
2025-11-16 15:27:58.164,29,39283.93
2025-11-16 15:27:58.164,30,40256.3
2025-11-16 15:27:58.164,31,40756.99
2025-11-16 15:27:58.164,32,94098.91
2025-11-16 15:27:58.164,33,40380.55
2025-11-16 15:27:58.164,34,43277.87
2025-11-16 15:27:58.164,35,40820.27
2025-11-16 15:27:58.164,36,42320.58
2025-11-16 15:27:58.164,37,47081.7
2025-11-16 15:27:58.164,38,57577.48
2025-11-16 15:27:58.164,39,55833.13
2025-11-16 15:27:58.164,40,900097.25
2025-11-16 15:27:58.164,41,61987.67
2025-11-16 15:27:58.164,42,90513.82
2025-11-16 15:27:58.164,43,41397.01
2025-11-16 15:27:58.164,44,89051.75
2025-11-16 15:27:58.164,45,235144.47
2025-11-16 15:27:58.164,46,104608.9
2025-11-16 15:27:58.164,47,104608.9
2025-11-16 15:27:58.164,48,138280.8
2025-11-16 15:27:58.164,49,135640.13
2025-11-16 15:27:58.164,50,145616.44
2025-11-16 15:27:58.164,51,151772.23
2025-11-16 15:27:58.164,52,145616.44
2025-11-16 15:27:58.164,53,153062.25
2025-11-16 15:27:58.164,54,143283.25
2025-11-16 15:27:58.164,55,145616.44
2025-11-16 15:27:58.164,56,138820.45
2025-11-16 15:27:58.164,57,154372.98
2025-11-16 15:27:58.164,58,154372.98
2025-11-16 15:27:58.164,59,150502.45
2025-11-16 15:27:58.164,60,154372.98
2025-11-16 15:27:58.164,61,158434.67
2025-11-16 15:27:58.164,62,157058.67
2025-11-16 15:27:58.164,63,151134.84
2025-11-16 15:27:58.164,64,134609.98
2025-11-16 15:27:58.164,65,150502.45
2025-11-16 15:27:58.164,66,155036.28
2025-11-16 15:27:58.164,67,156379.06
2025-11-16 15:27:58.164,68,158434.67
2025-11-16 15:27:58.164,69,161255.75
2025-11-16 15:27:58.164,70,156379.06
2025-11-16 15:27:58.164,71,162702.02
2025-11-16 15:27:58.164,72,154372.98
2025-11-16 15:27:58.164,73,161255.75
2025-11-16 15:27:58.164,74,161975.84
2025-11-16 15:27:58.164,75,163434.33
2025-11-16 15:27:58.164,76,154372.98
2025-11-16 15:27:58.164,77,153062.25
2025-11-16 15:27:58.164,78,161255.75
2025-11-16 15:27:58.164,79,162702.02
2025-11-16 15:27:58.164,80,288853.09
2025-11-16 15:27:58.164,81,162702.02
2025-11-16 15:27:58.164,82,164917.73
2025-11-16 15:27:58.164,83,161255.75
2025-11-16 15:27:58.164,84,158434.67
2025-11-16 15:27:58.164,85,176906.95
2025-11-16 15:27:58.164,86,213700.14
2025-11-16 15:27:58.164,87,208912.44
2025-11-16 15:27:58.164,88,809075.0
2025-11-16 15:27:58.164,89,184922.63
2025-11-16 15:27:58.164,90,257587.41
2025-11-16 15:27:58.164,91,182175.47
2025-11-16 15:27:58.164,92,153062.25
2025-11-16 15:27:58.164,93,734602.25
2025-11-16 15:27:58.164,94,346048.91
2025-11-16 15:27:58.164,95,346048.91
2025-11-16 15:27:58.164,96,76838.91
2025-11-16 15:27:58.164,97,76471.19
2025-11-16 15:27:58.164,98,83177.96
2025-11-16 15:27:58.164,99,81919.95
2025-11-16 15:27:58.164,100,83819.96
2025-11-16 15:27:58.164,101,84035.92
2025-11-16 15:27:58.164,102,85352.86
2025-11-16 15:27:58.164,103,84035.92
2025-11-16 15:27:58.164,104,83604.98
2025-11-16 15:27:58.164,105,84035.92
2025-11-16 15:27:58.164,106,82965.91
2025-11-16 15:27:58.164,107,84909.8
2025-11-16 15:27:58.164,108,88812.2
2025-11-16 15:27:58.164,109,87167.16
2025-11-16 15:27:58.164,110,87167.16
2025-11-16 15:27:58.164,111,87167.16
2025-11-16 15:27:58.164,112,73296.59
2025-11-16 15:27:58.164,113,83177.96
2025-11-16 15:27:58.164,114,83604.98
2025-11-16 15:27:58.164,115,80294.42
2025-11-16 15:27:58.164,116,87398.81
2025-11-16 15:27:58.164,117,89534.38
2025-11-16 15:27:58.164,118,81919.95
2025-11-16 15:27:58.164,119,89051.75
2025-11-16 15:27:58.164,120,82335.49
2025-11-16 15:27:58.164,121,86707.14
2025-11-16 15:27:58.164,122,86707.14
2025-11-16 15:27:58.164,123,87631.56
2025-11-16 15:27:58.164,124,85800.06
2025-11-16 15:27:58.164,125,86707.14
2025-11-16 15:27:58.164,126,85800.06
2025-11-16 15:27:58.164,127,85800.06
2025-11-16 15:27:58.164,128,183082.55
2025-11-16 15:27:58.164,129,88573.8
2025-11-16 15:27:58.164,130,91512.71
2025-11-16 15:27:58.164,131,90021.7
2025-11-16 15:27:58.164,132,87167.16
2025-11-16 15:27:58.164,133,97948.88
2025-11-16 15:27:58.164,134,120320.87
2025-11-16 15:27:58.164,135,115134.95
2025-11-16 15:27:58.164,136,988899.38
2025-11-16 15:27:58.164,137,102712.45
2025-11-16 15:27:58.164,138,175214.38
2025-11-16 15:27:58.164,139,87167.16
2025-11-16 15:27:58.164,140,135640.13
2025-11-16 15:27:58.164,141,425619.72
2025-11-16 15:27:58.164,142,189679.88
2025-11-16 15:27:58.164,143,189679.88
2025-11-16 15:27:58.164,144,42053.34
2025-11-16 15:27:58.164,145,41986.96
2025-11-16 15:27:58.164,146,42522.82
2025-11-16 15:27:58.164,147,41920.75
2025-11-16 15:27:58.164,148,41788.82
2025-11-16 15:27:58.164,149,42590.57
2025-11-16 15:27:58.164,150,42455.23
2025-11-16 15:27:58.164,151,42455.23
2025-11-16 15:27:58.164,152,41920.75
2025-11-16 15:27:58.164,153,42053.34
2025-11-16 15:27:58.164,154,42455.23
2025-11-16 15:27:58.164,155,41139.08
2025-11-16 15:27:58.164,156,44561.25
2025-11-16 15:27:58.164,157,43769.74
2025-11-16 15:27:58.164,158,43277.87
2025-11-16 15:27:58.164,159,42863.36
2025-11-16 15:27:58.164,160,28191.18
2025-11-16 15:27:58.164,161,41657.55
2025-11-16 15:27:58.164,162,42590.57
2025-11-16 15:27:58.164,163,40318.35
2025-11-16 15:27:58.164,164,43983.32
2025-11-16 15:27:58.164,165,44634.36
2025-11-16 15:27:58.164,166,41139.08
2025-11-16 15:27:58.164,167,45907.83
2025-11-16 15:27:58.164,168,42863.36
2025-11-16 15:27:58.164,169,43840.75
2025-11-16 15:27:58.164,170,43840.75
2025-11-16 15:27:58.164,171,45984.59
2025-11-16 15:27:58.164,172,44126.66
2025-11-16 15:27:58.164,173,43557.83
2025-11-16 15:27:58.164,174,44707.67
2025-11-16 15:27:58.164,175,44488.33
2025-11-16 15:27:58.164,176,103969.71
2025-11-16 15:27:58.164,177,46216.13
2025-11-16 15:27:58.164,178,47322.41
2025-11-16 15:27:58.164,179,45002.86
2025-11-16 15:27:58.164,180,44415.61
2025-11-16 15:27:58.164,181,51468.98
2025-11-16 15:27:58.164,182,63280.01
2025-11-16 15:27:58.164,183,62114.86
2025-11-16 15:27:58.164,184,900097.25
2025-11-16 15:27:58.164,185,61109.78
2025-11-16 15:27:58.164,186,95170.63
2025-11-16 15:27:58.164,187,45226.35
2025-11-16 15:27:58.164,188,90513.82
2025-11-16 15:27:58.164,189,259348.69
2025-11-16 15:27:58.164,190,111058.42
2025-11-16 15:27:58.164,191,111058.42
2025-11-16 15:27:58.164,192,28773.39
2025-11-16 15:27:58.164,193,28083.96
2025-11-16 15:27:58.164,194,28119.63
2025-11-16 15:27:58.164,195,28371.24
2025-11-16 15:27:58.164,196,27695.87
2025-11-16 15:27:58.164,197,27977.33
2025-11-16 15:27:58.164,198,27906.57
2025-11-16 15:27:58.164,199,28191.18
2025-11-16 15:27:58.164,200,27695.87
2025-11-16 15:27:58.164,201,27836.08
2025-11-16 15:27:58.164,202,27626.15
2025-11-16 15:27:58.164,203,27145.25
2025-11-16 15:27:58.164,204,28921.71
2025-11-16 15:27:58.164,205,28480.09
2025-11-16 15:27:58.164,206,28662.88
2025-11-16 15:27:58.164,207,28699.64
2025-11-16 15:27:58.164,208,20464.99
2025-11-16 15:27:58.164,209,27906.57
2025-11-16 15:27:58.164,210,27660.98
2025-11-16 15:27:58.164,211,23614.7
2025-11-16 15:27:58.164,212,29411.68
2025-11-16 15:27:58.164,213,29914.1
2025-11-16 15:27:58.164,214,25585.55
2025-11-16 15:27:58.164,215,30550.28
2025-11-16 15:27:58.164,216,28263.01
2025-11-16 15:27:58.164,217,29526.5
2025-11-16 15:27:58.164,218,30712.49
2025-11-16 15:27:58.164,219,30389.34
2025-11-16 15:27:58.164,220,30071.27
2025-11-16 15:27:58.164,221,29146.33
2025-11-16 15:27:58.164,222,30150.32
2025-11-16 15:27:58.164,223,30917.09
2025-11-16 15:27:58.164,224,77209.76
2025-11-16 15:27:58.164,225,30712.49
2025-11-16 15:27:58.164,226,32675.42
2025-11-16 15:27:58.164,227,30958.25
2025-11-16 15:27:58.164,228,30917.09
2025-11-16 15:27:58.164,229,35640.36
2025-11-16 15:27:58.164,230,44126.66
2025-11-16 15:27:58.164,231,42726.61
2025-11-16 15:27:58.164,232,672541.69
2025-11-16 15:27:58.164,233,43698.91
2025-11-16 15:27:58.164,234,72958.16
2025-11-16 15:27:58.164,235,30794.08
2025-11-16 15:27:58.164,236,72789.98
2025-11-16 15:27:58.164,237,189679.88
2025-11-16 15:27:58.164,238,85800.06
2025-11-16 15:27:58.164,239,85800.06
2025-11-16 15:27:58.164,240,20741.61
2025-11-16 15:27:58.164,241,19794.65
2025-11-16 15:27:58.164,242,20103.78
2025-11-16 15:27:58.164,243,20238.23
2025-11-16 15:27:58.164,244,20037.0
2025-11-16 15:27:58.164,245,19970.52
2025-11-16 15:27:58.164,246,19816.52
2025-11-16 15:27:58.164,247,19816.52
2025-11-16 15:27:58.164,248,19194.97
2025-11-16 15:27:58.164,249,19707.48
2025-11-16 15:27:58.164,250,18760.76
2025-11-16 15:27:58.164,251,18862.97
2025-11-16 15:27:58.164,252,20928.83
2025-11-16 15:27:58.164,253,20533.68
2025-11-16 15:27:58.164,254,20881.81
2025-11-16 15:27:58.164,255,20464.99
2025-11-16 15:27:58.164,256,18781.14
2025-11-16 15:27:58.164,257,20741.61
2025-11-16 15:27:58.164,258,19882.33
2025-11-16 15:27:58.164,259,19237.01
2025-11-16 15:27:58.164,260,21577.78
2025-11-16 15:27:58.164,261,21261.97
2025-11-16 15:27:58.164,262,20238.23
2025-11-16 15:27:58.164,263,22564.54
2025-11-16 15:27:58.164,264,20952.39
2025-11-16 15:27:58.164,265,21431.24
2025-11-16 15:27:58.164,266,23754.24
2025-11-16 15:27:58.164,267,22126.97
2025-11-16 15:27:58.164,268,22000.49
2025-11-16 15:27:58.164,269,21261.97
2025-11-16 15:27:58.164,270,22152.38
2025-11-16 15:27:58.164,271,22152.38
2025-11-16 15:27:58.164,272,59298.73
2025-11-16 15:27:58.164,273,22280.06
2025-11-16 15:27:58.164,274,23698.29
2025-11-16 15:27:58.164,275,22408.76
2025-11-16 15:27:58.164,276,22590.65
2025-11-16 15:27:58.164,277,26544.65
2025-11-16 15:27:58.164,278,33403.16
2025-11-16 15:27:58.164,279,32232.81
2025-11-16 15:27:58.164,280,425619.72
2025-11-16 15:27:58.164,281,35034.87
2025-11-16 15:27:58.164,282,56260.74
2025-11-16 15:27:58.164,283,21553.27
2025-11-16 15:27:58.164,284,59181.26
2025-11-16 15:27:58.164,285,153715.0
2025-11-16 15:27:58.164,286,64212.57
2025-11-16 15:27:58.164,287,64212.57
2025-11-16 15:27:58.164,288,17236.39
2025-11-16 15:27:58.164,289,17018.8
2025-11-16 15:27:58.164,290,16249.76
2025-11-16 15:27:58.164,291,16840.11
2025-11-16 15:27:58.164,292,16064.26
2025-11-16 15:27:58.164,293,16114.59
2025-11-16 15:27:58.164,294,15914.42
2025-11-16 15:27:58.164,295,16097.79
2025-11-16 15:27:58.164,296,15799.05
2025-11-16 15:27:58.164,297,15947.57
2025-11-16 15:27:58.164,298,16646.24
2025-11-16 15:27:58.164,299,16334.95
2025-11-16 15:27:58.164,300,17738.95
2025-11-16 15:27:58.164,301,17438.93
2025-11-16 15:27:58.164,302,17588.13
2025-11-16 15:27:58.164,303,17163.47
2025-11-16 15:27:58.164,304,18103.81
2025-11-16 15:27:58.164,305,17457.49
2025-11-16 15:27:58.164,306,18418.55
2025-11-16 15:27:58.164,307,18659.26
2025-11-16 15:27:58.164,308,18084.37
2025-11-16 15:27:58.164,309,18781.14
2025-11-16 15:27:58.164,310,17272.99
2025-11-16 15:27:58.164,311,19363.84
2025-11-16 15:27:58.164,312,17606.89
2025-11-16 15:27:58.164,313,18064.95
2025-11-16 15:27:58.164,314,20238.23
2025-11-16 15:27:58.164,315,18538.4
2025-11-16 15:27:58.164,316,18498.34
2025-11-16 15:27:58.164,317,18026.2
2025-11-16 15:27:58.164,318,18398.68
2025-11-16 15:27:58.164,319,18498.34
2025-11-16 15:27:58.164,320,50021.84
2025-11-16 15:27:58.164,321,18538.4
2025-11-16 15:27:58.164,322,19882.33
2025-11-16 15:27:58.164,323,18760.76
2025-11-16 15:27:58.164,324,18699.77
2025-11-16 15:27:58.164,325,22152.38
2025-11-16 15:27:58.164,326,28480.09
2025-11-16 15:27:58.164,327,27111.36
2025-11-16 15:27:58.164,328,369134.25
2025-11-16 15:27:58.164,329,31713.61
2025-11-16 15:27:58.164,330,48810.25
2025-11-16 15:27:58.164,331,18418.55
2025-11-16 15:27:58.164,332,52697.09
2025-11-16 15:27:58.164,333,134100.34
2025-11-16 15:27:58.164,334,54787.84
2025-11-16 15:27:58.164,335,54787.84
2025-11-16 15:27:58.164,336,15555.25
2025-11-16 15:27:58.164,337,15619.82
2025-11-16 15:27:58.164,338,14835.39
2025-11-16 15:27:58.164,339,15019.26
2025-11-16 15:27:58.164,340,14534.84
2025-11-16 15:27:58.164,341,14684.21
2025-11-16 15:27:58.164,342,14624.25
2025-11-16 15:27:58.164,343,14684.21
2025-11-16 15:27:58.164,344,14624.25
2025-11-16 15:27:58.164,345,14744.46
2025-11-16 15:27:58.164,346,15395.25
2025-11-16 15:27:58.164,347,15065.65
2025-11-16 15:27:58.164,348,15864.85
2025-11-16 15:27:58.164,349,15881.35
2025-11-16 15:27:58.164,350,15652.22
2025-11-16 15:27:58.164,351,15300.2
2025-11-16 15:27:58.164,352,16698.84
2025-11-16 15:27:58.164,353,15815.47
2025-11-16 15:27:58.164,354,16947.04
2025-11-16 15:27:58.164,355,17145.3
2025-11-16 15:27:58.164,356,16698.84
2025-11-16 15:27:58.164,357,17199.88
2025-11-16 15:27:58.164,358,15914.42
2025-11-16 15:27:58.164,359,17757.91
2025-11-16 15:27:58.164,360,15587.49
2025-11-16 15:27:58.164,361,16403.5
2025-11-16 15:27:58.164,362,18699.77
2025-11-16 15:27:58.164,363,16283.77
2025-11-16 15:27:58.164,364,16947.04
2025-11-16 15:27:58.164,365,16663.75
2025-11-16 15:27:58.164,366,16982.88
2025-11-16 15:27:58.164,367,17018.8
2025-11-16 15:27:58.164,368,47484.0
2025-11-16 15:27:58.164,369,17199.88
2025-11-16 15:27:58.164,370,18221.02
2025-11-16 15:27:58.164,371,17199.88
2025-11-16 15:27:58.164,372,17236.39
2025-11-16 15:27:58.164,373,19882.33
2025-11-16 15:27:58.164,374,26610.43
2025-11-16 15:27:58.164,375,25185.35
2025-11-16 15:27:58.164,376,346048.91
2025-11-16 15:27:58.164,377,29914.1
2025-11-16 15:27:58.164,378,46371.55
2025-11-16 15:27:58.164,379,16734.02
2025-11-16 15:27:58.164,380,50827.38
2025-11-16 15:27:58.164,381,127787.46
2025-11-16 15:27:58.164,382,53975.16
2025-11-16 15:27:58.164,383,53975.16
2025-11-16 15:27:58.164,384,15700.98
2025-11-16 15:27:58.164,385,15619.82
2025-11-16 15:27:58.164,386,14896.38
2025-11-16 15:27:58.164,387,15174.57
2025-11-16 15:27:58.164,388,14684.21
2025-11-16 15:27:58.164,389,14774.7
2025-11-16 15:27:58.164,390,14639.21
2025-11-16 15:27:58.164,391,14684.21
2025-11-16 15:27:58.164,392,14820.19
2025-11-16 15:27:58.164,393,14624.25
2025-11-16 15:27:58.164,394,15539.16
2025-11-16 15:27:58.164,395,15112.21
2025-11-16 15:27:58.164,396,16148.25
2025-11-16 15:27:58.164,397,16148.25
2025-11-16 15:27:58.164,398,16014.12
2025-11-16 15:27:58.164,399,15523.09
2025-11-16 15:27:58.164,400,16875.66
2025-11-16 15:27:58.164,401,15881.35
2025-11-16 15:27:58.164,402,17199.88
2025-11-16 15:27:58.164,403,17420.39
2025-11-16 15:27:58.164,404,16734.02
2025-11-16 15:27:58.164,405,17309.7
2025-11-16 15:27:58.164,406,16014.12
2025-11-16 15:27:58.164,407,18103.81
2025-11-16 15:27:58.164,408,16386.33
2025-11-16 15:27:58.164,409,16698.84
2025-11-16 15:27:58.164,410,18822.0
2025-11-16 15:27:58.164,411,17272.99
2025-11-16 15:27:58.164,412,17127.16
2025-11-16 15:27:58.164,413,16911.3
2025-11-16 15:27:58.164,414,16947.04
2025-11-16 15:27:58.164,415,16947.04
2025-11-16 15:27:58.164,416,41592.18
2025-11-16 15:27:58.164,417,17254.68
2025-11-16 15:27:58.164,418,18498.34
2025-11-16 15:27:58.164,419,17309.7
2025-11-16 15:27:58.164,420,17346.5
2025-11-16 15:27:58.164,421,20788.21
2025-11-16 15:27:58.164,422,26709.53
2025-11-16 15:27:58.164,423,25679.2
2025-11-16 15:27:58.164,424,358884.03
2025-11-16 15:27:58.164,425,30349.31
2025-11-16 15:27:58.164,426,47081.7
2025-11-16 15:27:58.164,427,17199.88
2025-11-16 15:27:58.164,428,51654.79
2025-11-16 15:27:58.164,429,125954.73
2025-11-16 15:27:58.164,430,54994.24
2025-11-16 15:27:58.164,431,54994.24
2025-11-16 15:27:58.164,432,15395.25
2025-11-16 15:27:58.164,433,15331.81
2025-11-16 15:27:58.164,434,14609.3
2025-11-16 15:27:58.164,435,14835.39
2025-11-16 15:27:58.164,436,14328.73
2025-11-16 15:27:58.164,437,14431.36
2025-11-16 15:27:58.164,438,14299.57
2025-11-16 15:27:58.164,439,14401.95
2025-11-16 15:27:58.164,440,14299.57
2025-11-16 15:27:58.164,441,14416.64
2025-11-16 15:27:58.164,442,15143.35
2025-11-16 15:27:58.164,443,14684.21
2025-11-16 15:27:58.164,444,15914.42
2025-11-16 15:27:58.164,445,15848.37
2025-11-16 15:27:58.164,446,15749.92
2025-11-16 15:27:58.164,447,15363.49
2025-11-16 15:27:58.164,448,16215.84
2025-11-16 15:27:58.164,449,15491.01
2025-11-16 15:27:58.164,450,16681.28
2025-11-16 15:27:58.164,451,16875.66
2025-11-16 15:27:58.164,452,16300.81
2025-11-16 15:27:58.164,453,17018.8
2025-11-16 15:27:58.164,454,15587.49
2025-11-16 15:27:58.164,455,17476.08
2025-11-16 15:27:58.164,456,15237.23
2025-11-16 15:27:58.164,457,16131.41
2025-11-16 15:27:58.164,458,18418.55
2025-11-16 15:27:58.164,459,17000.83
2025-11-16 15:27:58.164,460,16769.29
2025-11-16 15:27:58.164,461,16249.76
2025-11-16 15:27:58.164,462,16437.9
2025-11-16 15:27:58.164,463,16663.75
2025-11-16 15:27:58.164,464,40132.67
2025-11-16 15:27:58.164,465,16681.28
2025-11-16 15:27:58.164,466,17757.91
2025-11-16 15:27:58.164,467,16734.02
2025-11-16 15:27:58.164,468,16751.64
2025-11-16 15:27:58.164,469,19491.78
2025-11-16 15:27:58.164,470,25963.11
2025-11-16 15:27:58.164,471,24734.57
2025-11-16 15:27:58.164,472,266631.75
2025-11-16 15:27:58.164,473,29603.42
2025-11-16 15:27:58.164,474,44928.77
2025-11-16 15:27:58.164,475,16215.84
2025-11-16 15:27:58.164,476,49845.72
2025-11-16 15:27:58.164,477,125056.52
2025-11-16 15:27:58.164,478,51284.3
2025-11-16 15:27:58.164,479,51284.3
2025-11-16 15:27:58.164,480,14865.85
2025-11-16 15:27:58.164,481,14805.01
2025-11-16 15:27:58.164,482,13814.22
2025-11-16 15:27:58.164,483,14169.19
2025-11-16 15:27:58.164,484,13744.46
2025-11-16 15:27:58.164,485,13814.22
2025-11-16 15:27:58.164,486,13856.26
2025-11-16 15:27:58.164,487,13856.26
2025-11-16 15:27:58.164,488,13856.26
2025-11-16 15:27:58.164,489,13870.31
2025-11-16 15:27:58.164,490,14328.73
2025-11-16 15:27:58.164,491,13912.56
2025-11-16 15:27:58.164,492,15284.43
2025-11-16 15:27:58.164,493,15174.57
2025-11-16 15:27:58.164,494,15300.2
2025-11-16 15:27:58.164,495,14684.21
2025-11-16 15:27:58.164,496,15749.92
2025-11-16 15:27:58.164,497,15065.65
2025-11-16 15:27:58.164,498,16097.79
2025-11-16 15:27:58.164,499,16317.87
2025-11-16 15:27:58.164,500,15684.7
2025-11-16 15:27:58.164,501,16352.05
2025-11-16 15:27:58.164,502,14926.99
2025-11-16 15:27:58.164,503,16982.88
2025-11-16 15:27:58.164,504,15395.25
2025-11-16 15:27:58.164,505,15782.65
2025-11-16 15:27:58.164,506,18103.81
2025-11-16 15:27:58.164,507,16386.33
2025-11-16 15:27:58.164,508,16249.76
2025-11-16 15:27:58.164,509,15799.05
2025-11-16 15:27:58.164,510,16114.59
2025-11-16 15:27:58.164,511,16081.01
2025-11-16 15:27:58.164,512,39644.14
2025-11-16 15:27:58.164,513,16249.76
2025-11-16 15:27:58.164,514,17531.99
2025-11-16 15:27:58.164,515,16386.33
2025-11-16 15:27:58.164,516,16437.9
2025-11-16 15:27:58.164,517,19577.68
2025-11-16 15:27:58.164,518,25710.52
2025-11-16 15:27:58.164,519,24469.6
2025-11-16 15:27:58.164,520,257587.41
2025-11-16 15:27:58.164,521,29071.17
2025-11-16 15:27:58.164,522,45002.86
2025-11-16 15:27:58.164,523,16131.41
2025-11-16 15:27:58.164,524,49670.62
2025-11-16 15:27:58.164,525,123295.2
2025-11-16 15:27:58.164,526,51841.71
2025-11-16 15:27:58.164,527,51841.71
2025-11-16 15:27:58.164,528,15096.68
2025-11-16 15:27:58.164,529,15019.26
2025-11-16 15:27:58.164,530,14040.19
2025-11-16 15:27:58.164,531,14387.27
2025-11-16 15:27:58.164,532,13926.67
2025-11-16 15:27:58.164,533,14068.74
2025-11-16 15:27:58.164,534,14097.35
2025-11-16 15:27:58.164,535,14183.61
2025-11-16 15:27:58.164,536,14083.04
2025-11-16 15:27:58.164,537,14068.74
2025-11-16 15:27:58.164,538,14774.7
2025-11-16 15:27:58.164,539,14183.61
2025-11-16 15:27:58.164,540,15636.01
2025-11-16 15:27:58.164,541,15603.64
2025-11-16 15:27:58.164,542,15587.49
2025-11-16 15:27:58.164,543,15143.35
2025-11-16 15:27:58.164,544,16131.41
2025-11-16 15:27:58.164,545,15268.68
2025-11-16 15:27:58.164,546,16403.5
2025-11-16 15:27:58.164,547,16734.02
2025-11-16 15:27:58.164,548,15947.57
2025-11-16 15:27:58.164,549,16698.84
2025-11-16 15:27:58.164,550,15237.23
2025-11-16 15:27:58.164,551,17309.7
2025-11-16 15:27:58.164,552,15782.65
2025-11-16 15:27:58.164,553,16014.12
2025-11-16 15:27:58.164,554,18458.39
2025-11-16 15:27:58.164,555,16875.66
2025-11-16 15:27:58.164,556,16369.18
2025-11-16 15:27:58.164,557,16182.0
2025-11-16 15:27:58.164,558,16437.9
2025-11-16 15:27:58.164,559,16215.84
2025-11-16 15:27:58.164,560,39887.21
2025-11-16 15:27:58.164,561,16317.87
2025-11-16 15:27:58.164,562,17757.91
2025-11-16 15:27:58.164,563,16455.14
2025-11-16 15:27:58.164,564,16663.75
2025-11-16 15:27:58.164,565,19926.36
2025-11-16 15:27:58.164,566,25994.93
2025-11-16 15:27:58.164,567,24557.47
2025-11-16 15:27:58.164,568,257587.41
2025-11-16 15:27:58.164,569,29297.52
2025-11-16 15:27:58.164,570,45831.29
2025-11-16 15:27:58.164,571,16317.87
2025-11-16 15:27:58.164,572,49496.55
2025-11-16 15:27:58.164,573,123295.2
2025-11-16 15:27:58.164,574,52600.88
2025-11-16 15:27:58.164,575,52600.88
2025-11-16 15:27:58.164,576,15081.15
2025-11-16 15:27:58.164,577,15019.26
2025-11-16 15:27:58.164,578,14270.47
2025-11-16 15:27:58.164,579,14654.19
2025-11-16 15:27:58.164,580,13912.56
2025-11-16 15:27:58.164,581,14140.4
2025-11-16 15:27:58.164,582,13954.95
2025-11-16 15:27:58.164,583,13954.95
2025-11-16 15:27:58.164,584,14025.94
2025-11-16 15:27:58.164,585,13870.31
2025-11-16 15:27:58.164,586,14624.25
2025-11-16 15:27:58.164,587,14068.74
2025-11-16 15:27:58.164,588,15331.81
2025-11-16 15:27:58.164,589,15237.23
2025-11-16 15:27:58.164,590,15491.01
2025-11-16 15:27:58.164,591,15003.83
2025-11-16 15:27:58.164,592,15947.57
2025-11-16 15:27:58.164,593,15174.57
2025-11-16 15:27:58.164,594,16148.25
2025-11-16 15:27:58.164,595,16249.76
2025-11-16 15:27:58.164,596,15848.37
2025-11-16 15:27:58.164,597,16403.5
2025-11-16 15:27:58.164,598,14505.19
2025-11-16 15:27:58.164,599,16875.66
2025-11-16 15:27:58.164,600,15363.49
2025-11-16 15:27:58.164,601,15507.04
2025-11-16 15:27:58.164,602,17853.14
2025-11-16 15:27:58.164,603,16317.87
2025-11-16 15:27:58.164,604,15782.65
2025-11-16 15:27:58.164,605,15268.68
2025-11-16 15:27:58.164,606,15507.04
2025-11-16 15:27:58.164,607,14270.47
2025-11-16 15:27:58.164,608,39523.48
2025-11-16 15:27:58.164,609,15636.01
2025-11-16 15:27:58.164,610,17072.88
2025-11-16 15:27:58.164,611,15749.92
2025-11-16 15:27:58.164,612,16165.12
2025-11-16 15:27:58.164,613,19449.01
2025-11-16 15:27:58.164,614,25033.8
2025-11-16 15:27:58.164,615,23894.93
2025-11-16 15:27:58.164,616,254133.06
2025-11-16 15:27:58.164,617,28480.09
2025-11-16 15:27:58.164,618,43417.48
2025-11-16 15:27:58.164,619,15619.82
2025-11-16 15:27:58.164,620,48305.81
2025-11-16 15:27:58.164,621,119086.36
2025-11-16 15:27:58.164,622,50021.84
2025-11-16 15:27:58.164,623,50021.84
2025-11-16 15:27:58.164,624,15034.71
2025-11-16 15:27:58.164,625,15019.26
2025-11-16 15:27:58.164,626,14097.35
2025-11-16 15:27:58.164,627,14505.19
2025-11-16 15:27:58.164,628,13842.23
2025-11-16 15:27:58.164,629,13983.3
2025-11-16 15:27:58.164,630,14040.19
2025-11-16 15:27:58.164,631,14040.19
2025-11-16 15:27:58.164,632,14068.74
2025-11-16 15:27:58.164,633,14040.19
2025-11-16 15:27:58.164,634,14416.64
2025-11-16 15:27:58.164,635,14126.04
2025-11-16 15:27:58.164,636,15491.01
2025-11-16 15:27:58.164,637,15395.25
2025-11-16 15:27:58.164,638,15491.01
2025-11-16 15:27:58.164,639,15096.68
2025-11-16 15:27:58.164,640,16114.59
2025-11-16 15:27:58.164,641,15268.68
2025-11-16 15:27:58.164,642,16386.33
2025-11-16 15:27:58.164,643,16628.76
2025-11-16 15:27:58.164,644,15848.37
2025-11-16 15:27:58.164,645,16663.75
2025-11-16 15:27:58.164,646,15268.68
2025-11-16 15:27:58.164,647,17163.47
2025-11-16 15:27:58.164,648,15864.85
2025-11-16 15:27:58.164,649,16047.52
2025-11-16 15:27:58.164,650,18398.68
2025-11-16 15:27:58.164,651,16698.84
2025-11-16 15:27:58.164,652,16663.75
2025-11-16 15:27:58.164,653,16148.25
2025-11-16 15:27:58.164,654,16352.05
2025-11-16 15:27:58.164,655,16249.76
2025-11-16 15:27:58.164,656,40380.55
2025-11-16 15:27:58.164,657,16369.18
2025-11-16 15:27:58.164,658,17720.0
2025-11-16 15:27:58.164,659,16734.02
2025-11-16 15:27:58.164,660,16911.3
2025-11-16 15:27:58.164,661,19904.33
2025-11-16 15:27:58.164,662,25836.37
2025-11-16 15:27:58.164,663,24704.93
2025-11-16 15:27:58.164,664,282446.44
2025-11-16 15:27:58.164,665,29184.02
2025-11-16 15:27:58.164,666,45301.25
2025-11-16 15:27:58.164,667,16064.26
2025-11-16 15:27:58.164,668,48641.14
2025-11-16 15:27:58.164,669,123295.2
2025-11-16 15:27:58.164,670,52409.35
2025-11-16 15:27:58.164,671,52409.35
2025-11-16 15:27:58.164,672,14416.64
2025-11-16 15:27:58.164,673,14416.64
2025-11-16 15:27:58.164,674,14097.35
2025-11-16 15:27:58.164,675,13926.67
2025-11-16 15:27:58.164,676,14198.04
2025-11-16 15:27:58.164,677,14183.61
2025-11-16 15:27:58.164,678,14328.73
2025-11-16 15:27:58.164,679,14314.14
2025-11-16 15:27:58.164,680,14416.64
2025-11-16 15:27:58.164,681,14299.57
2025-11-16 15:27:58.164,682,14896.38
2025-11-16 15:27:58.164,683,14789.84
2025-11-16 15:27:58.164,684,15848.37
2025-11-16 15:27:58.164,685,15782.65
2025-11-16 15:27:58.164,686,15881.35
2025-11-16 15:27:58.164,687,15395.25
2025-11-16 15:27:58.164,688,16663.75
2025-11-16 15:27:58.164,689,15848.37
2025-11-16 15:27:58.164,690,16875.66
2025-11-16 15:27:58.164,691,17036.8
2025-11-16 15:27:58.164,692,16283.77
2025-11-16 15:27:58.164,693,17036.8
2025-11-16 15:27:58.164,694,15815.47
2025-11-16 15:27:58.164,695,17701.08
2025-11-16 15:27:58.164,696,16165.12
2025-11-16 15:27:58.164,697,16420.69
2025-11-16 15:27:58.164,698,19028.03
2025-11-16 15:27:58.164,699,17272.99
2025-11-16 15:27:58.164,700,16911.3
2025-11-16 15:27:58.164,701,16663.75
2025-11-16 15:27:58.164,702,16964.95
2025-11-16 15:27:58.164,703,16769.29
2025-11-16 15:27:58.164,704,41657.55
2025-11-16 15:27:58.164,705,16929.16
2025-11-16 15:27:58.164,706,18221.02
2025-11-16 15:27:58.164,707,16982.88
2025-11-16 15:27:58.164,708,17291.33
2025-11-16 15:27:58.164,709,20373.88
2025-11-16 15:27:58.164,710,26219.28
2025-11-16 15:27:58.164,711,25033.8
2025-11-16 15:27:58.164,712,261133.28
2025-11-16 15:27:58.164,713,29680.64
2025-11-16 15:27:58.164,714,47322.41
2025-11-16 15:27:58.164,715,16840.11
2025-11-16 15:27:58.164,716,49758.04
2025-11-16 15:27:58.164,717,127787.46
2025-11-16 15:27:58.164,718,54378.94
2025-11-16 15:27:58.164,719,54378.94
2025-11-16 15:27:58.164,720,14820.19
2025-11-16 15:27:58.164,721,14774.7
2025-11-16 15:27:58.164,722,14744.46
2025-11-16 15:27:58.164,723,14835.39
2025-11-16 15:27:58.164,724,14357.96
2025-11-16 15:27:58.164,725,14624.25
2025-11-16 15:27:58.164,726,14534.84
2025-11-16 15:27:58.164,727,14564.57
2025-11-16 15:27:58.164,728,14805.01
2025-11-16 15:27:58.164,729,14534.84
2025-11-16 15:27:58.164,730,15252.94
2025-11-16 15:27:58.164,731,14881.11
2025-11-16 15:27:58.164,732,15864.85
2025-11-16 15:27:58.164,733,16047.52
2025-11-16 15:27:58.164,734,15782.65
2025-11-16 15:27:58.164,735,15379.36
2025-11-16 15:27:58.164,736,16698.84
2025-11-16 15:27:58.164,737,15831.91
2025-11-16 15:27:58.164,738,16875.66
2025-11-16 15:27:58.164,739,17054.83
2025-11-16 15:27:58.164,740,16182.0
2025-11-16 15:27:58.164,741,17018.8
2025-11-16 15:27:58.164,742,15799.05
2025-11-16 15:27:58.164,743,17457.49
2025-11-16 15:27:58.164,744,16081.01
2025-11-16 15:27:58.164,745,16369.18
2025-11-16 15:27:58.164,746,18822.0
2025-11-16 15:27:58.164,747,17127.16
2025-11-16 15:27:58.164,748,17054.83
2025-11-16 15:27:58.164,749,16681.28
2025-11-16 15:27:58.164,750,16929.16
2025-11-16 15:27:58.164,751,16875.66
2025-11-16 15:27:58.164,752,41139.08
2025-11-16 15:27:58.164,753,17072.88
2025-11-16 15:27:58.164,754,18181.84
2025-11-16 15:27:58.164,755,17163.47
2025-11-16 15:27:58.164,756,17272.99
2025-11-16 15:27:58.164,757,20238.23
2025-11-16 15:27:58.164,758,25899.63
2025-11-16 15:27:58.164,759,24557.47
2025-11-16 15:27:58.164,760,280371.47
2025-11-16 15:27:58.164,761,29992.53
2025-11-16 15:27:58.164,762,46449.59
2025-11-16 15:27:58.164,763,16840.11
2025-11-16 15:27:58.164,764,48473.0
2025-11-16 15:27:58.164,765,125954.73
2025-11-16 15:27:58.164,766,51841.71
2025-11-16 15:27:58.164,767,51841.71
2025-11-16 15:27:58.164,768,16182.0
2025-11-16 15:27:58.164,769,16014.12
2025-11-16 15:27:58.164,770,15205.86
2025-11-16 15:27:58.164,771,15523.09
2025-11-16 15:27:58.164,772,14926.99
2025-11-16 15:27:58.164,773,15019.26
2025-11-16 15:27:58.164,774,15003.83
2025-11-16 15:27:58.164,775,15050.17
2025-11-16 15:27:58.164,776,15237.23
2025-11-16 15:27:58.164,777,15096.68
2025-11-16 15:27:58.164,778,15587.49
2025-11-16 15:27:58.164,779,15363.49
2025-11-16 15:27:58.164,780,16593.85
2025-11-16 15:27:58.164,781,16403.5
2025-11-16 15:27:58.164,782,16215.84
2025-11-16 15:27:58.164,783,15947.57
2025-11-16 15:27:58.164,784,17163.47
2025-11-16 15:27:58.164,785,16215.84
2025-11-16 15:27:58.164,786,17199.88
2025-11-16 15:27:58.164,787,17757.91
2025-11-16 15:27:58.164,788,16334.95
2025-11-16 15:27:58.164,789,17163.47
2025-11-16 15:27:58.164,790,16352.05
2025-11-16 15:27:58.164,791,18181.84
2025-11-16 15:27:58.164,792,16698.84
2025-11-16 15:27:58.164,793,16698.84
2025-11-16 15:27:58.164,794,19449.01
2025-11-16 15:27:58.164,795,17569.39
2025-11-16 15:27:58.164,796,17606.89
2025-11-16 15:27:58.164,797,17163.47
2025-11-16 15:27:58.164,798,17531.99
2025-11-16 15:27:58.164,799,17494.69
2025-11-16 15:27:58.164,800,41920.75
2025-11-16 15:27:58.164,801,17795.93
2025-11-16 15:27:58.164,802,18965.91
2025-11-16 15:27:58.164,803,17910.59
2025-11-16 15:27:58.164,804,17929.79
2025-11-16 15:27:58.164,805,21261.97
2025-11-16 15:27:58.164,806,26809.18
2025-11-16 15:27:58.164,807,25710.52
2025-11-16 15:27:58.164,808,293282.41
2025-11-16 15:27:58.164,809,31248.74
2025-11-16 15:27:58.164,810,48980.34
2025-11-16 15:27:58.164,811,17588.13
2025-11-16 15:27:58.164,812,51468.98
2025-11-16 15:27:58.164,813,130148.98
2025-11-16 15:27:58.164,814,55621.39
2025-11-16 15:27:58.164,815,55621.39
2025-11-16 15:27:58.164,816,16769.29
2025-11-16 15:27:58.164,817,16786.96
2025-11-16 15:27:58.164,818,15766.28
2025-11-16 15:27:58.164,819,16114.59
2025-11-16 15:27:58.164,820,15587.49
2025-11-16 15:27:58.164,821,15619.82
2025-11-16 15:27:58.164,822,15587.49
2025-11-16 15:27:58.164,823,15749.92
2025-11-16 15:27:58.164,824,15848.37
2025-11-16 15:27:58.164,825,15603.64
2025-11-16 15:27:58.164,826,16081.01
2025-11-16 15:27:58.164,827,16030.81
2025-11-16 15:27:58.164,828,17000.83
2025-11-16 15:27:58.164,829,16769.29
2025-11-16 15:27:58.164,830,16334.95
2025-11-16 15:27:58.164,831,16334.95
2025-11-16 15:27:58.164,832,17720.0
2025-11-16 15:27:58.164,833,16663.75
2025-11-16 15:27:58.164,834,17457.49
2025-11-16 15:27:58.164,835,18064.95
2025-11-16 15:27:58.164,836,16698.84
2025-11-16 15:27:58.164,837,16857.87
2025-11-16 15:27:58.164,838,16663.75
2025-11-16 15:27:58.164,839,18538.4
2025-11-16 15:27:58.164,840,17438.93
2025-11-16 15:27:58.164,841,17814.97
2025-11-16 15:27:58.164,842,20148.47
2025-11-16 15:27:58.164,843,18538.4
2025-11-16 15:27:58.164,844,18418.55
2025-11-16 15:27:58.164,845,18026.2
2025-11-16 15:27:58.164,846,18181.84
2025-11-16 15:27:58.164,847,18240.65
2025-11-16 15:27:58.164,848,44054.89
2025-11-16 15:27:58.164,849,18084.37
2025-11-16 15:27:58.164,850,19577.68
2025-11-16 15:27:58.164,851,18598.7
2025-11-16 15:27:58.164,852,18578.57
2025-11-16 15:27:58.164,853,22203.33
2025-11-16 15:27:58.164,854,28119.63
2025-11-16 15:27:58.164,855,26809.18
2025-11-16 15:27:58.164,856,322883.13
2025-11-16 15:27:58.164,857,32058.32
2025-11-16 15:27:58.164,858,50110.29
2025-11-16 15:27:58.164,859,18221.02
2025-11-16 15:27:58.164,860,52987.48
2025-11-16 15:27:58.164,861,133091.78
2025-11-16 15:27:58.164,862,57577.48
2025-11-16 15:27:58.164,863,57577.48
2025-11-16 15:27:58.164,864,18240.65
2025-11-16 15:27:58.164,865,18123.28
2025-11-16 15:27:58.164,866,17236.39
2025-11-16 15:27:58.164,867,17346.5
2025-11-16 15:27:58.164,868,17036.8
2025-11-16 15:27:58.164,869,17236.39
2025-11-16 15:27:58.164,870,17054.83
2025-11-16 15:27:58.164,871,16964.95
2025-11-16 15:27:58.164,872,17236.39
2025-11-16 15:27:58.164,873,17054.83
2025-11-16 15:27:58.164,874,17346.5
2025-11-16 15:27:58.164,875,17346.5
2025-11-16 15:27:58.164,876,18026.2
2025-11-16 15:27:58.164,877,18026.2
2025-11-16 15:27:58.164,878,17720.0
2025-11-16 15:27:58.164,879,17163.47
2025-11-16 15:27:58.164,880,18781.14
2025-11-16 15:27:58.164,881,17457.49
2025-11-16 15:27:58.164,882,18842.47
2025-11-16 15:27:58.164,883,19449.01
2025-11-16 15:27:58.164,884,17309.7
2025-11-16 15:27:58.164,885,18659.26
2025-11-16 15:27:58.164,886,18142.77
2025-11-16 15:27:58.164,887,19577.68
2025-11-16 15:27:58.164,888,18142.77
2025-11-16 15:27:58.164,889,18201.42
2025-11-16 15:27:58.164,890,21310.15
2025-11-16 15:27:58.164,891,19427.67
2025-11-16 15:27:58.164,892,19449.01
2025-11-16 15:27:58.164,893,19069.58
2025-11-16 15:27:58.164,894,19258.07
2025-11-16 15:27:58.164,895,19577.68
2025-11-16 15:27:58.164,896,45301.25
2025-11-16 15:27:58.164,897,19751.0
2025-11-16 15:27:58.164,898,20556.65
2025-11-16 15:27:58.164,899,19491.78
2025-11-16 15:27:58.164,900,19707.48
2025-11-16 15:27:58.164,901,23175.81
2025-11-16 15:27:58.164,902,29071.17
2025-11-16 15:27:58.164,903,27906.57
2025-11-16 15:27:58.164,904,339960.47
2025-11-16 15:27:58.164,905,33870.7
2025-11-16 15:27:58.164,906,51009.33
2025-11-16 15:27:58.164,907,19470.38
2025-11-16 15:27:58.164,908,54480.68
2025-11-16 15:27:58.164,909,133594.3
2025-11-16 15:27:58.164,910,58141.67
2025-11-16 15:27:58.164,911,58141.67
2025-11-16 15:27:58.164,912,24179.86
2025-11-16 15:27:58.164,913,24093.88
2025-11-16 15:27:58.164,914,22827.54
2025-11-16 15:27:58.164,915,23040.99
2025-11-16 15:27:58.164,916,22880.64
2025-11-16 15:27:58.164,917,22880.64
2025-11-16 15:27:58.164,918,22880.64
2025-11-16 15:27:58.164,919,22880.64
2025-11-16 15:27:58.164,920,23094.79
2025-11-16 15:27:58.164,921,22774.6
2025-11-16 15:27:58.164,922,23670.38
2025-11-16 15:27:58.164,923,23311.73
2025-11-16 15:27:58.164,924,23698.29
2025-11-16 15:27:58.164,925,23951.54
2025-11-16 15:27:58.164,926,21750.49
2025-11-16 15:27:58.164,927,22854.06
2025-11-16 15:27:58.164,928,23586.93
2025-11-16 15:27:58.164,929,23366.42
2025-11-16 15:27:58.164,930,24645.8
2025-11-16 15:27:58.164,931,25276.9
2025-11-16 15:27:58.164,932,24093.88
2025-11-16 15:27:58.164,933,25154.93
2025-11-16 15:27:58.164,934,23866.7
2025-11-16 15:27:58.164,935,24093.88
2025-11-16 15:27:58.164,936,24065.32
2025-11-16 15:27:58.164,937,24616.31
2025-11-16 15:27:58.164,938,27349.84
2025-11-16 15:27:58.164,939,25461.45
2025-11-16 15:27:58.164,940,25710.52
2025-11-16 15:27:58.164,941,25185.35
2025-11-16 15:27:58.164,942,25523.39
2025-11-16 15:27:58.164,943,26090.74
2025-11-16 15:27:58.164,944,55727.09
2025-11-16 15:27:58.164,945,25963.11
2025-11-16 15:27:58.164,946,25994.93
2025-11-16 15:27:58.164,947,25585.55
2025-11-16 15:27:58.164,948,26026.81
2025-11-16 15:27:58.164,949,29992.53
2025-11-16 15:27:58.164,950,36686.43
2025-11-16 15:27:58.164,951,35134.67
2025-11-16 15:27:58.164,952,471757.34
2025-11-16 15:27:58.164,953,43277.87
2025-11-16 15:27:58.164,954,64077.9
2025-11-16 15:27:58.164,955,25741.9
2025-11-16 15:27:58.164,956,68493.05
2025-11-16 15:27:58.164,957,167191.02
2025-11-16 15:27:58.164,958,73637.78
2025-11-16 15:27:58.164,959,73637.78
2025-11-16 15:27:58.164,960,41723.1
2025-11-16 15:27:58.164,961,40756.99
2025-11-16 15:27:58.164,962,40132.67
2025-11-16 15:27:58.164,963,40630.89
2025-11-16 15:27:58.164,964,39343.6
2025-11-16 15:27:58.164,965,40380.55
2025-11-16 15:27:58.164,966,39765.37
2025-11-16 15:27:58.164,967,39887.21
2025-11-16 15:27:58.164,968,39887.21
2025-11-16 15:27:58.164,969,38578.92
2025-11-16 15:27:58.164,970,40505.41
2025-11-16 15:27:58.164,971,40380.55
2025-11-16 15:27:58.164,972,35742.86
2025-11-16 15:27:58.164,973,37669.63
2025-11-16 15:27:58.164,974,38233.91
2025-11-16 15:27:58.164,975,37725.46
2025-11-16 15:27:58.164,976,40256.3
2025-11-16 15:27:58.164,977,37781.43
2025-11-16 15:27:58.164,978,37669.63
2025-11-16 15:27:58.164,979,40009.64
2025-11-16 15:27:58.164,980,40256.3
2025-11-16 15:27:58.164,981,39887.21
2025-11-16 15:27:58.164,982,40256.3
2025-11-16 15:27:58.164,983,38405.8
2025-11-16 15:27:58.164,984,38405.8
2025-11-16 15:27:58.164,985,39403.42
2025-11-16 15:27:58.164,986,39403.42
2025-11-16 15:27:58.164,987,34156.08
2025-11-16 15:27:58.164,988,41139.08
2025-11-16 15:27:58.164,989,40630.89
2025-11-16 15:27:58.164,990,41788.82
2025-11-16 15:27:58.164,991,44634.36
2025-11-16 15:27:58.164,992,87398.81
2025-11-16 15:27:58.164,993,41920.75
2025-11-16 15:27:58.164,994,42186.62
2025-11-16 15:27:58.164,995,40071.08
2025-11-16 15:27:58.164,996,42455.23
2025-11-16 15:27:58.164,997,48980.34
2025-11-16 15:27:58.164,998,54277.52
2025-11-16 15:27:58.164,999,54378.94
2025-11-16 15:27:58.164,1000,942433.13
2025-11-16 15:27:58.164,1001,70663.95
2025-11-16 15:27:58.164,1002,99101.66
2025-11-16 15:27:58.164,1003,40380.55
2025-11-16 15:27:58.164,1004,99101.66
2025-11-16 15:27:58.164,1005,235144.47
2025-11-16 15:27:58.164,1006,107915.35
2025-11-16 15:27:58.164,1007,107915.35
2025-11-16 15:27:58.164,1008,59181.26
2025-11-16 15:27:58.164,1009,58255.64
2025-11-16 15:27:58.164,1010,56912.64
2025-11-16 15:27:58.164,1011,57577.48
2025-11-16 15:27:58.164,1012,56476.62
2025-11-16 15:27:58.164,1013,56912.64
2025-11-16 15:27:58.164,1014,56693.92
2025-11-16 15:27:58.164,1015,56912.64
2025-11-16 15:27:58.164,1016,58255.64
2025-11-16 15:27:58.164,1017,56476.62
2025-11-16 15:27:58.164,1018,58028.08
2025-11-16 15:27:58.164,1019,57802.03
2025-11-16 15:27:58.164,1020,54685.13
2025-11-16 15:27:58.164,1021,54994.24
2025-11-16 15:27:58.164,1022,56476.62
2025-11-16 15:27:58.164,1023,56368.51
2025-11-16 15:27:58.164,1024,57802.03
2025-11-16 15:27:58.164,1025,56260.74
2025-11-16 15:27:58.164,1026,48473.0
2025-11-16 15:27:58.164,1027,55833.13
2025-11-16 15:27:58.164,1028,51284.3
2025-11-16 15:27:58.164,1029,52218.99
2025-11-16 15:27:58.164,1030,55621.39
2025-11-16 15:27:58.164,1031,42455.23
2025-11-16 15:27:58.164,1032,54176.42
2025-11-16 15:27:58.164,1033,55621.39
2025-11-16 15:27:58.164,1034,52218.99
2025-11-16 15:27:58.164,1035,54378.94
2025-11-16 15:27:58.164,1036,56693.92
2025-11-16 15:27:58.164,1037,56693.92
2025-11-16 15:27:58.164,1038,56912.64
2025-11-16 15:27:58.164,1039,61358.41
2025-11-16 15:27:58.164,1040,115134.95
2025-11-16 15:27:58.164,1041,56803.11
2025-11-16 15:27:58.164,1042,52409.35
2025-11-16 15:27:58.164,1043,53975.16
2025-11-16 15:27:58.164,1044,56693.92
2025-11-16 15:27:58.164,1045,62370.57
2025-11-16 15:27:58.164,1046,65867.58
2025-11-16 15:27:58.164,1047,64483.38
2025-11-16 15:27:58.164,1048,920784.13
2025-11-16 15:27:58.164,1049,93571.2
2025-11-16 15:27:58.164,1050,125954.73
2025-11-16 15:27:58.164,1051,55727.09
2025-11-16 15:27:58.164,1052,141018.91
2025-11-16 15:27:58.164,1053,291051.47
2025-11-16 15:27:58.164,1054,143283.25
2025-11-16 15:27:58.164,1055,143283.25
2025-11-16 15:27:58.164,1056,47322.41
2025-11-16 15:27:58.164,1057,48556.95
2025-11-16 15:27:58.164,1058,46216.13
2025-11-16 15:27:58.164,1059,46606.3
2025-11-16 15:27:58.164,1060,46527.84
2025-11-16 15:27:58.164,1061,47081.7
2025-11-16 15:27:58.164,1062,46527.84
2025-11-16 15:27:58.164,1063,46293.73
2025-11-16 15:27:58.164,1064,46371.55
2025-11-16 15:27:58.164,1065,45754.95
2025-11-16 15:27:58.164,1066,47161.71
2025-11-16 15:27:58.164,1067,46843.01
2025-11-16 15:27:58.164,1068,45907.83
2025-11-16 15:27:58.164,1069,46843.01
2025-11-16 15:27:58.164,1070,47565.14
2025-11-16 15:27:58.164,1071,48139.58
2025-11-16 15:27:58.164,1072,47161.71
2025-11-16 15:27:58.164,1073,45151.65
2025-11-16 15:27:58.164,1074,37893.76
2025-11-16 15:27:58.164,1075,45602.89
2025-11-16 15:27:58.164,1076,41267.73
2025-11-16 15:27:58.164,1077,39403.42
2025-11-16 15:27:58.164,1078,46449.59
2025-11-16 15:27:58.164,1079,40756.99
2025-11-16 15:27:58.164,1080,39887.21
2025-11-16 15:27:58.164,1081,44928.77
2025-11-16 15:27:58.164,1082,39583.74
2025-11-16 15:27:58.164,1083,42863.36
2025-11-16 15:27:58.164,1084,47001.92
2025-11-16 15:27:58.164,1085,46684.98
2025-11-16 15:27:58.164,1086,47322.41
2025-11-16 15:27:58.164,1087,51468.98
2025-11-16 15:27:58.164,1088,97948.88
2025-11-16 15:27:58.164,1089,47322.41
2025-11-16 15:27:58.164,1090,46216.13
2025-11-16 15:27:58.164,1091,45754.95
2025-11-16 15:27:58.164,1092,47322.41
2025-11-16 15:27:58.164,1093,55411.0
2025-11-16 15:27:58.164,1094,53378.87
2025-11-16 15:27:58.164,1095,54378.94
2025-11-16 15:27:58.164,1096,793012.25
2025-11-16 15:27:58.164,1097,79503.01
2025-11-16 15:27:58.164,1098,104608.9
2025-11-16 15:27:58.164,1099,47322.41
2025-11-16 15:27:58.164,1100,122431.63
2025-11-16 15:27:58.164,1101,284551.28
2025-11-16 15:27:58.164,1102,128722.46
2025-11-16 15:27:58.164,1103,128722.46
2025-11-16 15:27:58.164,1104,67158.02
2025-11-16 15:27:58.164,1105,65867.58
2025-11-16 15:27:58.164,1106,63676.8
2025-11-16 15:27:58.164,1107,65867.58
2025-11-16 15:27:58.164,1108,64212.57
2025-11-16 15:27:58.164,1109,63943.71
2025-11-16 15:27:58.164,1110,63943.71
2025-11-16 15:27:58.164,1111,64483.38
2025-11-16 15:27:58.164,1112,65586.65
2025-11-16 15:27:58.164,1113,63943.71
2025-11-16 15:27:58.164,1114,66292.91
2025-11-16 15:27:58.164,1115,64483.38
2025-11-16 15:27:58.164,1116,64212.57
2025-11-16 15:27:58.164,1117,66150.61
2025-11-16 15:27:58.164,1118,65867.58
2025-11-16 15:27:58.164,1119,65446.95
2025-11-16 15:27:58.164,1120,65867.58
2025-11-16 15:27:58.164,1121,63411.8
2025-11-16 15:27:58.164,1122,52697.09
2025-11-16 15:27:58.164,1123,61860.94
2025-11-16 15:27:58.164,1124,62370.57
2025-11-16 15:27:58.164,1125,60495.69
2025-11-16 15:27:58.164,1126,64756.17
2025-11-16 15:27:58.164,1127,59892.09
2025-11-16 15:27:58.164,1128,58484.71
2025-11-16 15:27:58.164,1129,64212.57
2025-11-16 15:27:58.164,1130,57689.57
2025-11-16 15:27:58.164,1131,63676.8
2025-11-16 15:27:58.164,1132,62370.57
2025-11-16 15:27:58.164,1133,65307.78
2025-11-16 15:27:58.164,1134,65307.78
2025-11-16 15:27:58.164,1135,73466.84
2025-11-16 15:27:58.164,1136,132592.78
2025-11-16 15:27:58.164,1137,63411.8
2025-11-16 15:27:58.164,1138,61987.67
2025-11-16 15:27:58.164,1139,61358.41
2025-11-16 15:27:58.164,1140,65446.95
2025-11-16 15:27:58.164,1141,75925.42
2025-11-16 15:27:58.164,1142,73466.84
2025-11-16 15:27:58.164,1143,78341.52
2025-11-16 15:27:58.164,1144,942433.13
2025-11-16 15:27:58.164,1145,107576.14
2025-11-16 15:27:58.164,1146,153062.25
2025-11-16 15:27:58.164,1147,64756.17
2025-11-16 15:27:58.164,1148,176906.95
2025-11-16 15:27:58.164,1149,383721.19
2025-11-16 15:27:58.164,1150,180386.63
2025-11-16 15:27:58.164,1151,180386.63
2025-11-16 15:27:58.164,1152,97381.57
2025-11-16 15:27:58.164,1153,97948.88
2025-11-16 15:27:58.164,1154,91512.71
2025-11-16 15:27:58.164,1155,94632.04
2025-11-16 15:27:58.164,1156,92531.65
2025-11-16 15:27:58.164,1157,93309.35
2025-11-16 15:27:58.164,1158,91010.8
2025-11-16 15:27:58.164,1159,91512.71
2025-11-16 15:27:58.164,1160,93048.8
2025-11-16 15:27:58.164,1161,90021.7
2025-11-16 15:27:58.164,1162,91512.71
2025-11-16 15:27:58.164,1163,92531.65
2025-11-16 15:27:58.164,1164,90761.7
2025-11-16 15:27:58.164,1165,94098.91
2025-11-16 15:27:58.164,1166,97948.88
2025-11-16 15:27:58.164,1167,91010.8
2025-11-16 15:27:58.164,1168,95442.0
2025-11-16 15:27:58.164,1169,92531.65
2025-11-16 15:27:58.164,1170,90513.82
2025-11-16 15:27:58.164,1171,92531.65
2025-11-16 15:27:58.164,1172,91512.71
2025-11-16 15:27:58.164,1173,94364.8
2025-11-16 15:27:58.164,1174,92019.64
2025-11-16 15:27:58.164,1175,92019.64
2025-11-16 15:27:58.164,1176,87631.56
2025-11-16 15:27:58.164,1177,86478.77
2025-11-16 15:27:58.164,1178,91512.71
2025-11-16 15:27:58.164,1179,92531.65
2025-11-16 15:27:58.164,1180,79503.01
2025-11-16 15:27:58.164,1181,90513.82
2025-11-16 15:27:58.164,1182,81713.57
2025-11-16 15:27:58.164,1183,96541.67
2025-11-16 15:27:58.164,1184,158434.67
2025-11-16 15:27:58.164,1185,77396.36
2025-11-16 15:27:58.164,1186,81508.11
2025-11-16 15:27:58.164,1187,76471.19
2025-11-16 15:27:58.164,1188,78341.52
2025-11-16 15:27:58.164,1189,101482.63
2025-11-16 15:27:58.164,1190,75386.48
2025-11-16 15:27:58.164,1191,85800.06
2025-11-16 15:27:58.164,1192,508356.06
2025-11-16 15:27:58.164,1193,145616.44
2025-11-16 15:27:58.164,1194,176906.95
2025-11-16 15:27:58.164,1195,81919.95
2025-11-16 15:27:58.164,1196,228014.55
2025-11-16 15:27:58.164,1197,450099.75
2025-11-16 15:27:58.164,1198,229407.17
2025-11-16 15:27:58.164,1199,229407.17
2025-11-16 15:27:58.164,1200,528822.38
2025-11-16 15:27:58.164,1201,536008.31
2025-11-16 15:27:58.164,1202,536008.31
2025-11-16 15:27:58.164,1203,466154.09
2025-11-16 15:27:58.164,1204,444986.13
2025-11-16 15:27:58.164,1205,466154.09
2025-11-16 15:27:58.164,1206,387544.88
2025-11-16 15:27:58.164,1207,435092.38
2025-11-16 15:27:58.164,1208,372678.72
2025-11-16 15:27:58.164,1209,365654.84
2025-11-16 15:27:58.164,1210,430305.09
2025-11-16 15:27:58.164,1211,391443.63
2025-11-16 15:27:58.164,1212,383721.19
2025-11-16 15:27:58.164,1213,391443.63
2025-11-16 15:27:58.164,1214,399475.0
2025-11-16 15:27:58.164,1215,387544.88
2025-11-16 15:27:58.164,1216,379970.25
2025-11-16 15:27:58.164,1217,383721.19
2025-11-16 15:27:58.164,1218,444986.13
2025-11-16 15:27:58.164,1219,403612.41
2025-11-16 15:27:58.164,1220,395419.56
2025-11-16 15:27:58.164,1221,403612.41
2025-11-16 15:27:58.164,1222,421032.91
2025-11-16 15:27:58.164,1223,331208.34
2025-11-16 15:27:58.164,1224,346048.91
2025-11-16 15:27:58.164,1225,358884.03
2025-11-16 15:27:58.164,1226,439984.91
2025-11-16 15:27:58.164,1227,460679.59
2025-11-16 15:27:58.164,1228,342978.47
2025-11-16 15:27:58.164,1229,395419.56
2025-11-16 15:27:58.164,1230,339960.47
2025-11-16 15:27:58.164,1231,450099.75
2025-11-16 15:27:58.164,1232,734602.25
2025-11-16 15:27:58.164,1233,471757.34
2025-11-16 15:27:58.164,1234,444986.13
2025-11-16 15:27:58.164,1235,399475.0
2025-11-16 15:27:58.164,1236,483368.97
2025-11-16 15:27:58.164,1237,521823.06
2025-11-16 15:27:58.164,1238,477494.09
2025-11-16 15:27:58.164,1239,566776.38
2025-11-16 15:27:58.164,1240,696081.88
2025-11-16 15:27:58.164,1241,696081.88
2025-11-16 15:27:58.164,1242,793012.25
2025-11-16 15:27:58.164,1243,543388.5
2025-11-16 15:27:58.164,1244,988899.38
2025-11-16 15:27:58.164,1245,861364.44
2025-11-16 15:27:58.164,1246,861364.44
2025-11-16 15:27:58.164,1247,861364.44
2025-11-16 15:27:58.164,1248,104288.4
2025-11-16 15:27:58.164,1249,103337.61
2025-11-16 15:27:58.164,1250,102402.48
2025-11-16 15:27:58.164,1251,103337.61
2025-11-16 15:27:58.164,1252,99687.32
2025-11-16 15:27:58.164,1253,103652.78
2025-11-16 15:27:58.164,1254,99101.66
2025-11-16 15:27:58.164,1255,102094.18
2025-11-16 15:27:58.164,1256,97381.57
2025-11-16 15:27:58.164,1257,97381.57
2025-11-16 15:27:58.164,1258,102712.45
2025-11-16 15:27:58.164,1259,96820.16
2025-11-16 15:27:58.164,1260,99101.66
2025-11-16 15:27:58.164,1261,102094.18
2025-11-16 15:27:58.164,1262,103337.61
2025-11-16 15:27:58.164,1263,103337.61
2025-11-16 15:27:58.164,1264,100279.32
2025-11-16 15:27:58.164,1265,94900.64
2025-11-16 15:27:58.164,1266,91261.14
2025-11-16 15:27:58.164,1267,72789.98
2025-11-16 15:27:58.164,1268,101482.63
2025-11-16 15:27:58.164,1269,102712.45
2025-11-16 15:27:58.164,1270,104288.4
2025-11-16 15:27:58.164,1271,101482.63
2025-11-16 15:27:58.164,1272,101482.63
2025-11-16 15:27:58.164,1273,97100.13
2025-11-16 15:27:58.164,1274,108944.77
2025-11-16 15:27:58.164,1275,103652.78
2025-11-16 15:27:58.164,1276,99687.32
2025-11-16 15:27:58.164,1277,107915.35
2025-11-16 15:27:58.164,1278,98522.22
2025-11-16 15:27:58.164,1279,113621.23
2025-11-16 15:27:58.164,1280,183082.55
2025-11-16 15:27:58.164,1281,104608.9
2025-11-16 15:27:58.164,1282,118680.02
2025-11-16 15:27:58.164,1283,102402.48
2025-11-16 15:27:58.164,1284,103337.61
2025-11-16 15:27:58.164,1285,123295.2
2025-11-16 15:27:58.164,1286,135123.23
2025-11-16 15:27:58.164,1287,143283.25
2025-11-16 15:27:58.164,1288,575017.88
2025-11-16 15:27:58.164,1289,176906.95
2025-11-16 15:27:58.164,1290,225277.3
2025-11-16 15:27:58.164,1291,112509.73
2025-11-16 15:27:58.164,1292,272357.75
2025-11-16 15:27:58.164,1293,536008.31
2025-11-16 15:27:58.164,1294,288853.09
2025-11-16 15:27:58.164,1295,288853.09
2025-11-16 15:27:58.164,1296,58028.08
2025-11-16 15:27:58.164,1297,56476.62
2025-11-16 15:27:58.164,1298,55201.96
2025-11-16 15:27:58.164,1299,56693.92
2025-11-16 15:27:58.164,1300,53084.88
2025-11-16 15:27:58.164,1301,53477.48
2025-11-16 15:27:58.164,1302,53378.87
2025-11-16 15:27:58.164,1303,54176.42
2025-11-16 15:27:58.164,1304,54582.74
2025-11-16 15:27:58.164,1305,52600.88
2025-11-16 15:27:58.164,1306,54787.84
2025-11-16 15:27:58.164,1307,54582.74
2025-11-16 15:27:58.164,1308,54075.63
2025-11-16 15:27:58.164,1309,55621.39
2025-11-16 15:27:58.164,1310,54685.13
2025-11-16 15:27:58.164,1311,55201.96
2025-11-16 15:27:58.164,1312,56476.62
2025-11-16 15:27:58.164,1313,52793.59
2025-11-16 15:27:58.164,1314,55201.96
2025-11-16 15:27:58.164,1315,52793.59
2025-11-16 15:27:58.164,1316,56153.31
2025-11-16 15:27:58.164,1317,56260.74
2025-11-16 15:27:58.164,1318,52987.48
2025-11-16 15:27:58.164,1319,56260.74
2025-11-16 15:27:58.164,1320,53182.58
2025-11-16 15:27:58.164,1321,46527.84
2025-11-16 15:27:58.164,1322,55833.13
2025-11-16 15:27:58.164,1323,55201.96
2025-11-16 15:27:58.164,1324,50110.29
2025-11-16 15:27:58.164,1325,54994.24
2025-11-16 15:27:58.164,1326,47646.51
2025-11-16 15:27:58.164,1327,57802.03
2025-11-16 15:27:58.164,1328,98522.22
2025-11-16 15:27:58.164,1329,46527.84
2025-11-16 15:27:58.164,1330,55201.96
2025-11-16 15:27:58.164,1331,48305.81
2025-11-16 15:27:58.164,1332,47484.0
2025-11-16 15:27:58.164,1333,62757.56
2025-11-16 15:27:58.164,1334,66008.82
2025-11-16 15:27:58.164,1335,67894.05
2025-11-16 15:27:58.164,1336,900097.25
2025-11-16 15:27:58.164,1337,88573.8
2025-11-16 15:27:58.164,1338,104931.19
2025-11-16 15:27:58.164,1339,54176.42
2025-11-16 15:27:58.164,1340,136160.72
2025-11-16 15:27:58.164,1341,276308.56
2025-11-16 15:27:58.164,1342,128253.38
2025-11-16 15:27:58.164,1343,128253.38
2025-11-16 15:27:58.164,1344,30794.08
2025-11-16 15:27:58.164,1345,30389.34
2025-11-16 15:27:58.164,1346,29373.55
2025-11-16 15:27:58.164,1347,29680.64
2025-11-16 15:27:58.164,1348,28921.71
2025-11-16 15:27:58.164,1349,28810.36
2025-11-16 15:27:58.164,1350,28699.64
2025-11-16 15:27:58.164,1351,29071.17
2025-11-16 15:27:58.164,1352,28810.36
2025-11-16 15:27:58.164,1353,27556.69
2025-11-16 15:27:58.164,1354,29992.53
2025-11-16 15:27:58.164,1355,29108.72
2025-11-16 15:27:58.164,1356,29526.5
2025-11-16 15:27:58.164,1357,30631.22
2025-11-16 15:27:58.164,1358,30349.31
2025-11-16 15:27:58.164,1359,29992.53
2025-11-16 15:27:58.164,1360,31290.57
2025-11-16 15:27:58.164,1361,29449.88
2025-11-16 15:27:58.164,1362,31040.83
2025-11-16 15:27:58.164,1363,30309.35
2025-11-16 15:27:58.164,1364,30876.0
2025-11-16 15:27:58.164,1365,31928.39
2025-11-16 15:27:58.164,1366,30110.76
2025-11-16 15:27:58.164,1367,31971.61
2025-11-16 15:27:58.164,1368,30150.32
2025-11-16 15:27:58.164,1369,27213.2
2025-11-16 15:27:58.164,1370,33403.16
2025-11-16 15:27:58.164,1371,31040.83
2025-11-16 15:27:58.164,1372,29411.68
2025-11-16 15:27:58.164,1373,30876.0
2025-11-16 15:27:58.164,1374,28847.41
2025-11-16 15:27:58.164,1375,31971.61
2025-11-16 15:27:58.164,1376,62370.57
2025-11-16 15:27:58.164,1377,29297.52
2025-11-16 15:27:58.164,1378,32675.42
2025-11-16 15:27:58.164,1379,30150.32
2025-11-16 15:27:58.164,1380,29564.92
2025-11-16 15:27:58.164,1381,37063.94
2025-11-16 15:27:58.164,1382,43277.87
2025-11-16 15:27:58.164,1383,43417.48
2025-11-16 15:27:58.164,1384,762705.19
2025-11-16 15:27:58.164,1385,51748.12
2025-11-16 15:27:58.164,1386,73466.84
2025-11-16 15:27:58.164,1387,31799.26
2025-11-16 15:27:58.164,1388,83177.96
2025-11-16 15:27:58.164,1389,193656.09
2025-11-16 15:27:58.164,1390,85800.06
2025-11-16 15:27:58.164,1391,85800.06
2025-11-16 15:27:58.164,1392,34640.03
2025-11-16 15:27:58.164,1393,34012.93
2025-11-16 15:27:58.164,1394,33588.98
2025-11-16 15:27:58.164,1395,34300.16
2025-11-16 15:27:58.164,1396,33310.84
2025-11-16 15:27:58.164,1397,33776.39
2025-11-16 15:27:58.164,1398,32720.19
2025-11-16 15:27:58.164,1399,33403.16
2025-11-16 15:27:58.164,1400,34012.93
2025-11-16 15:27:58.164,1401,32675.42
2025-11-16 15:27:58.164,1402,34252.03
2025-11-16 15:27:58.164,1403,33776.39
2025-11-16 15:27:58.164,1404,34060.55
2025-11-16 15:27:58.164,1405,35134.67
2025-11-16 15:27:58.164,1406,35134.67
2025-11-16 15:27:58.164,1407,34252.03
2025-11-16 15:27:58.164,1408,35949.24
2025-11-16 15:27:58.164,1409,33635.68
2025-11-16 15:27:58.164,1410,35640.36
2025-11-16 15:27:58.164,1411,34885.99
2025-11-16 15:27:58.164,1412,35845.82
2025-11-16 15:27:58.164,1413,37172.92
2025-11-16 15:27:58.164,1414,34542.39
2025-11-16 15:27:58.164,1415,37337.34
2025-11-16 15:27:58.164,1416,35335.6
2025-11-16 15:27:58.164,1417,33495.87
2025-11-16 15:27:58.164,1418,39283.93
2025-11-16 15:27:58.164,1419,36632.99
2025-11-16 15:27:58.164,1420,34542.39
2025-11-16 15:27:58.164,1421,35949.24
2025-11-16 15:27:58.164,1422,34156.08
2025-11-16 15:27:58.164,1423,36686.43
2025-11-16 15:27:58.164,1424,72958.16
2025-11-16 15:27:58.164,1425,34836.58
2025-11-16 15:27:58.164,1426,38348.37
2025-11-16 15:27:58.164,1427,35742.86
2025-11-16 15:27:58.164,1428,35234.91
2025-11-16 15:27:58.164,1429,43277.87
2025-11-16 15:27:58.164,1430,51468.98
2025-11-16 15:27:58.164,1431,50377.22
2025-11-16 15:27:58.164,1432,942433.13
2025-11-16 15:27:58.164,1433,59892.09
2025-11-16 15:27:58.164,1434,85352.86
2025-11-16 15:27:58.164,1435,37502.91
2025-11-16 15:27:58.164,1436,97100.13
2025-11-16 15:27:58.164,1437,228014.55
2025-11-16 15:27:58.164,1438,104931.19
2025-11-16 15:27:58.164,1439,104931.19
2025-11-16 15:27:58.164,1440,39165.01
2025-11-16 15:27:58.164,1441,39224.4
2025-11-16 15:27:58.164,1442,38578.92
2025-11-16 15:27:58.164,1443,38695.02
2025-11-16 15:27:58.164,1444,37227.6
2025-11-16 15:27:58.164,1445,37118.37
2025-11-16 15:27:58.164,1446,36739.99
2025-11-16 15:27:58.164,1447,38006.61
2025-11-16 15:27:58.164,1448,38006.61
2025-11-16 15:27:58.164,1449,36686.43
2025-11-16 15:27:58.164,1450,38463.37
2025-11-16 15:27:58.164,1451,37558.35
2025-11-16 15:27:58.164,1452,37118.37
2025-11-16 15:27:58.164,1453,38695.02
2025-11-16 15:27:58.164,1454,38811.68
2025-11-16 15:27:58.164,1455,38348.37
2025-11-16 15:27:58.164,1456,39765.37
2025-11-16 15:27:58.164,1457,36847.48
2025-11-16 15:27:58.164,1458,38521.08
2025-11-16 15:27:58.164,1459,37837.53
2025-11-16 15:27:58.164,1460,39583.74
2025-11-16 15:27:58.164,1461,40505.41
2025-11-16 15:27:58.164,1462,37447.59
2025-11-16 15:27:58.164,1463,40132.67
2025-11-16 15:27:58.164,1464,38120.0
2025-11-16 15:27:58.164,1465,32364.63
2025-11-16 15:27:58.164,1466,41920.75
2025-11-16 15:27:58.164,1467,39583.74
2025-11-16 15:27:58.164,1468,35640.36
2025-11-16 15:27:58.164,1469,38695.02
2025-11-16 15:27:58.164,1470,34252.03
2025-11-16 15:27:58.164,1471,40630.89
2025-11-16 15:27:58.164,1472,68192.39
2025-11-16 15:27:58.164,1473,34396.74
2025-11-16 15:27:58.164,1474,39583.74
2025-11-16 15:27:58.164,1475,34156.08
2025-11-16 15:27:58.164,1476,33495.87
2025-11-16 15:27:58.164,1477,45602.89
2025-11-16 15:27:58.164,1478,51935.61
2025-11-16 15:27:58.164,1479,51654.79
2025-11-16 15:27:58.164,1480,566776.38
2025-11-16 15:27:58.164,1481,64483.38
2025-11-16 15:27:58.164,1482,79503.01
2025-11-16 15:27:58.164,1483,39283.93
2025-11-16 15:27:58.164,1484,102402.48
2025-11-16 15:27:58.164,1485,226638.0
2025-11-16 15:27:58.164,1486,103969.71
2025-11-16 15:27:58.164,1487,103969.71
2025-11-16 15:27:58.164,1488,30958.25
2025-11-16 15:27:58.164,1489,30309.35
2025-11-16 15:27:58.164,1490,29184.02
2025-11-16 15:27:58.164,1491,29526.5
2025-11-16 15:27:58.164,1492,28553.0
2025-11-16 15:27:58.164,1493,29071.17
2025-11-16 15:27:58.164,1494,28773.39
2025-11-16 15:27:58.164,1495,28958.97
2025-11-16 15:27:58.164,1496,28996.3
2025-11-16 15:27:58.164,1497,28335.09
2025-11-16 15:27:58.164,1498,29992.53
2025-11-16 15:27:58.164,1499,29071.17
2025-11-16 15:27:58.164,1500,28263.01
2025-11-16 15:27:58.164,1501,29914.1
2025-11-16 15:27:58.164,1502,29992.53
2025-11-16 15:27:58.164,1503,29184.02
2025-11-16 15:27:58.164,1504,30550.28
2025-11-16 15:27:58.164,1505,27556.69
2025-11-16 15:27:58.164,1506,30389.34
2025-11-16 15:27:58.164,1507,28736.48
2025-11-16 15:27:58.164,1508,30712.49
2025-11-16 15:27:58.164,1509,31290.57
2025-11-16 15:27:58.164,1510,29221.78
2025-11-16 15:27:58.164,1511,31713.61
2025-11-16 15:27:58.164,1512,29603.42
2025-11-16 15:27:58.164,1513,26875.9
2025-11-16 15:27:58.164,1514,32320.6
2025-11-16 15:27:58.164,1515,31040.83
2025-11-16 15:27:58.164,1516,27111.36
2025-11-16 15:27:58.164,1517,30229.68
2025-11-16 15:27:58.164,1518,25710.52
2025-11-16 15:27:58.164,1519,31374.49
2025-11-16 15:27:58.164,1520,54176.42
2025-11-16 15:27:58.164,1521,26610.43
2025-11-16 15:27:58.164,1522,31458.76
2025-11-16 15:27:58.164,1523,27418.54
2025-11-16 15:27:58.164,1524,26348.73
2025-11-16 15:27:58.164,1525,36053.13
2025-11-16 15:27:58.164,1526,42186.62
2025-11-16 15:27:58.164,1527,41657.55
2025-11-16 15:27:58.164,1528,708471.5
2025-11-16 15:27:58.164,1529,50377.22
2025-11-16 15:27:58.164,1530,63280.01
2025-11-16 15:27:58.164,1531,30917.09
2025-11-16 15:27:58.164,1532,82335.49
2025-11-16 15:27:58.164,1533,183082.55
2025-11-16 15:27:58.164,1534,83604.98
2025-11-16 15:27:58.164,1535,83604.98
2025-11-16 15:27:58.164,1536,27556.69
2025-11-16 15:27:58.164,1537,27556.69
2025-11-16 15:27:58.164,1538,27556.69
2025-11-16 15:27:58.164,1539,27556.69
2025-11-16 15:27:58.164,1540,27556.69
2025-11-16 15:27:58.164,1541,27556.69
2025-11-16 15:27:58.164,1542,27556.69
2025-11-16 15:27:58.164,1543,27556.69
2025-11-16 15:27:58.164,1544,27556.69
2025-11-16 15:27:58.164,1545,27556.69
2025-11-16 15:27:58.164,1546,27556.69
2025-11-16 15:27:58.164,1547,27556.69
2025-11-16 15:27:58.164,1548,27556.69
2025-11-16 15:27:58.164,1549,27556.69
2025-11-16 15:27:58.164,1550,27556.69
2025-11-16 15:27:58.164,1551,27556.69
2025-11-16 15:27:58.164,1552,27556.69
2025-11-16 15:27:58.164,1553,27556.69
2025-11-16 15:27:58.164,1554,27556.69
2025-11-16 15:27:58.164,1555,27556.69
2025-11-16 15:27:58.164,1556,27556.69
2025-11-16 15:27:58.164,1557,27556.69
2025-11-16 15:27:58.164,1558,27556.69
2025-11-16 15:27:58.164,1559,27556.69
2025-11-16 15:27:58.164,1560,27556.69
2025-11-16 15:27:58.164,1561,27556.69
2025-11-16 15:27:58.164,1562,27556.69
2025-11-16 15:27:58.164,1563,27556.69
2025-11-16 15:27:58.164,1564,27556.69
2025-11-16 15:27:58.164,1565,27556.69
2025-11-16 15:27:58.164,1566,27556.69
2025-11-16 15:27:58.164,1567,27556.69
2025-11-16 15:27:58.164,1568,27556.69
2025-11-16 15:27:58.164,1569,27556.69
2025-11-16 15:27:58.164,1570,27556.69
2025-11-16 15:27:58.164,1571,27556.69
2025-11-16 15:27:58.164,1572,27556.69
2025-11-16 15:27:58.164,1573,27556.69
2025-11-16 15:27:58.164,1574,27556.69
2025-11-16 15:27:58.164,1575,27556.69
2025-11-16 15:27:58.164,1576,27556.69
2025-11-16 15:27:58.164,1577,27556.69
2025-11-16 15:27:58.164,1578,27556.69
2025-11-16 15:27:58.164,1579,27556.69
2025-11-16 15:27:58.164,1580,27556.69
2025-11-16 15:27:58.164,1581,27556.69
2025-11-16 15:27:58.164,1582,27556.69
2025-11-16 15:27:58.164,1583,27556.69
2025-11-16 15:27:58.164,1584,27556.69
2025-11-16 15:27:58.164,1585,27315.59
2025-11-16 15:27:58.164,1586,26381.24
2025-11-16 15:27:58.164,1587,26875.9
2025-11-16 15:27:58.164,1588,25836.37
2025-11-16 15:27:58.164,1589,26283.89
2025-11-16 15:27:58.164,1590,25963.11
2025-11-16 15:27:58.164,1591,26283.89
2025-11-16 15:27:58.164,1592,26316.28
2025-11-16 15:27:58.164,1593,25963.11
2025-11-16 15:27:58.164,1594,26809.18
2025-11-16 15:27:58.164,1595,26676.44
2025-11-16 15:27:58.164,1596,25679.2
2025-11-16 15:27:58.164,1597,27349.84
2025-11-16 15:27:58.164,1598,27281.39
2025-11-16 15:27:58.164,1599,26875.9
2025-11-16 15:27:58.164,1600,27836.08
2025-11-16 15:27:58.164,1601,25461.45
2025-11-16 15:27:58.164,1602,28119.63
2025-11-16 15:27:58.164,1603,25867.97
2025-11-16 15:27:58.164,1604,28119.63
2025-11-16 15:27:58.164,1605,28996.3
2025-11-16 15:27:58.164,1606,27010.09
2025-11-16 15:27:58.164,1607,28773.39
2025-11-16 15:27:58.164,1608,27660.98
2025-11-16 15:27:58.164,1609,24764.27
2025-11-16 15:27:58.164,1610,30876.0
2025-11-16 15:27:58.164,1611,28699.64
2025-11-16 15:27:58.164,1612,26058.75
2025-11-16 15:27:58.164,1613,28407.46
2025-11-16 15:27:58.164,1614,24913.49
2025-11-16 15:27:58.164,1615,29449.88
2025-11-16 15:27:58.164,1616,53378.87
2025-11-16 15:27:58.164,1617,25523.39
2025-11-16 15:27:58.164,1618,29603.42
2025-11-16 15:27:58.164,1619,25679.2
2025-11-16 15:27:58.164,1620,25124.57
2025-11-16 15:27:58.164,1621,33588.98
2025-11-16 15:27:58.164,1622,39765.37
2025-11-16 15:27:58.164,1623,39283.93
2025-11-16 15:27:58.164,1624,640033.69
2025-11-16 15:27:58.164,1625,48222.58
2025-11-16 15:27:58.164,1626,62628.1
2025-11-16 15:27:58.164,1627,28553.0
2025-11-16 15:27:58.164,1628,79503.01
2025-11-16 15:27:58.164,1629,182175.47
2025-11-16 15:27:58.164,1630,83177.96
2025-11-16 15:27:58.164,1631,83177.96
2025-11-16 15:27:58.164,1632,25804.82
2025-11-16 15:27:58.164,1633,24913.49
2025-11-16 15:27:58.164,1634,24324.12
2025-11-16 15:27:58.164,1635,25154.93
2025-11-16 15:27:58.164,1636,23782.29
2025-11-16 15:27:58.164,1637,24237.42
2025-11-16 15:27:58.164,1638,23923.21
2025-11-16 15:27:58.164,1639,24093.88
2025-11-16 15:27:58.164,1640,24266.27
2025-11-16 15:27:58.164,1641,23670.38
2025-11-16 15:27:58.164,1642,24734.57
2025-11-16 15:27:58.164,1643,24557.47
2025-11-16 15:27:58.164,1644,23421.27
2025-11-16 15:27:58.164,1645,25094.26
2025-11-16 15:27:58.164,1646,25215.81
2025-11-16 15:27:58.164,1647,24704.93
2025-11-16 15:27:58.164,1648,25585.55
2025-11-16 15:27:58.164,1649,23014.16
2025-11-16 15:27:58.164,1650,25246.33
2025-11-16 15:27:58.164,1651,23642.52
2025-11-16 15:27:58.164,1652,25647.93
2025-11-16 15:27:58.164,1653,26610.43
2025-11-16 15:27:58.164,1654,24616.31
2025-11-16 15:27:58.164,1655,26348.73
2025-11-16 15:27:58.164,1656,24557.47
2025-11-16 15:27:58.164,1657,21602.34
2025-11-16 15:27:58.164,1658,27010.09
2025-11-16 15:27:58.164,1659,25033.8
2025-11-16 15:27:58.164,1660,18260.31
2025-11-16 15:27:58.164,1661,24734.57
2025-11-16 15:27:58.164,1662,17757.91
2025-11-16 15:27:58.164,1663,25741.9
2025-11-16 15:27:58.164,1664,43277.87
2025-11-16 15:27:58.164,1665,17494.69
2025-11-16 15:27:58.164,1666,25246.33
2025-11-16 15:27:58.164,1667,19816.52
2025-11-16 15:27:58.164,1668,16716.42
2025-11-16 15:27:58.164,1669,28958.97
2025-11-16 15:27:58.164,1670,33356.95
2025-11-16 15:27:58.164,1671,33403.16
2025-11-16 15:27:58.164,1672,528822.38
2025-11-16 15:27:58.164,1673,43277.87
2025-11-16 15:27:58.164,1674,50918.22
2025-11-16 15:27:58.164,1675,24557.47
2025-11-16 15:27:58.164,1676,70663.95
2025-11-16 15:27:58.164,1677,153062.25
2025-11-16 15:27:58.164,1678,72958.16
2025-11-16 15:27:58.164,1679,72958.16
2025-11-16 15:27:58.164,1680,36053.13
2025-11-16 15:27:58.164,1681,35691.55
2025-11-16 15:27:58.164,1682,34542.39
2025-11-16 15:27:58.164,1683,34935.51
2025-11-16 15:27:58.164,1684,33729.39
2025-11-16 15:27:58.164,1685,34738.09
2025-11-16 15:27:58.164,1686,33127.38
2025-11-16 15:27:58.164,1687,34445.18
2025-11-16 15:27:58.164,1688,33588.98
2025-11-16 15:27:58.164,1689,33776.39
2025-11-16 15:27:58.164,1690,34445.18
2025-11-16 15:27:58.164,1691,33495.87
2025-11-16 15:27:58.164,1692,32855.06
2025-11-16 15:27:58.164,1693,34935.51
2025-11-16 15:27:58.164,1694,35034.87
2025-11-16 15:27:58.164,1695,34542.39
2025-11-16 15:27:58.164,1696,35949.24
2025-11-16 15:27:58.164,1697,31416.58
2025-11-16 15:27:58.164,1698,35234.91
2025-11-16 15:27:58.164,1699,32675.42
2025-11-16 15:27:58.164,1700,35897.47
2025-11-16 15:27:58.164,1701,36686.43
2025-11-16 15:27:58.164,1702,34396.74
2025-11-16 15:27:58.164,1703,36901.41
2025-11-16 15:27:58.164,1704,34738.09
2025-11-16 15:27:58.164,1705,31040.83
2025-11-16 15:27:58.164,1706,38348.37
2025-11-16 15:27:58.164,1707,35949.24
2025-11-16 15:27:58.164,1708,30794.08
2025-11-16 15:27:58.164,1709,35845.82
2025-11-16 15:27:58.164,1710,30071.27
2025-11-16 15:27:58.164,1711,36793.67
2025-11-16 15:27:58.164,1712,55201.96
2025-11-16 15:27:58.164,1713,30590.71
2025-11-16 15:27:58.164,1714,37009.64
2025-11-16 15:27:58.164,1715,30958.25
2025-11-16 15:27:58.164,1716,28263.01
2025-11-16 15:27:58.164,1717,41526.96
2025-11-16 15:27:58.164,1718,48305.81
2025-11-16 15:27:58.164,1719,47484.0
2025-11-16 15:27:58.164,1720,900097.25
2025-11-16 15:27:58.164,1721,59416.6
2025-11-16 15:27:58.164,1722,67012.48
2025-11-16 15:27:58.164,1723,35949.24
2025-11-16 15:27:58.164,1724,92019.64
2025-11-16 15:27:58.164,1725,212483.69
2025-11-16 15:27:58.164,1726,92019.64
2025-11-16 15:27:58.164,1727,92019.64
2025-11-16 15:27:58.164,1728,27213.2
2025-11-16 15:27:58.164,1729,27077.54
2025-11-16 15:27:58.164,1730,26154.89
2025-11-16 15:27:58.164,1731,26381.24
2025-11-16 15:27:58.164,1732,25741.9
2025-11-16 15:27:58.164,1733,26090.74
2025-11-16 15:27:58.164,1734,25773.33
2025-11-16 15:27:58.164,1735,25963.11
2025-11-16 15:27:58.164,1736,26187.06
2025-11-16 15:27:58.164,1737,25647.93
2025-11-16 15:27:58.164,1738,26676.44
2025-11-16 15:27:58.164,1739,26316.28
2025-11-16 15:27:58.164,1740,24675.34
2025-11-16 15:27:58.164,1741,27010.09
2025-11-16 15:27:58.164,1742,26942.87
2025-11-16 15:27:58.164,1743,26348.73
2025-11-16 15:27:58.164,1744,27213.2
2025-11-16 15:27:58.164,1745,24498.84
2025-11-16 15:27:58.164,1746,27315.59
2025-11-16 15:27:58.164,1747,23923.21
2025-11-16 15:27:58.164,1748,27695.87
2025-11-16 15:27:58.164,1749,28371.24
2025-11-16 15:27:58.164,1750,26283.89
2025-11-16 15:27:58.164,1751,28299.01
2025-11-16 15:27:58.164,1752,26577.51
2025-11-16 15:27:58.164,1753,22564.54
2025-11-16 15:27:58.164,1754,28921.71
2025-11-16 15:27:58.164,1755,27077.54
2025-11-16 15:27:58.164,1756,20741.61
2025-11-16 15:27:58.164,1757,26809.18
2025-11-16 15:27:58.164,1758,20602.68
2025-11-16 15:27:58.164,1759,28335.09
2025-11-16 15:27:58.164,1760,47565.14
2025-11-16 15:27:58.164,1761,22000.49
2025-11-16 15:27:58.164,1762,27556.69
2025-11-16 15:27:58.164,1763,20834.94
2025-11-16 15:27:58.164,1764,20419.37
2025-11-16 15:27:58.164,1765,31885.26
2025-11-16 15:27:58.164,1766,36579.68
2025-11-16 15:27:58.164,1767,36262.32
2025-11-16 15:27:58.164,1768,601218.31
2025-11-16 15:27:58.164,1769,46843.01
2025-11-16 15:27:58.164,1770,55621.39
2025-11-16 15:27:58.164,1771,26809.18
2025-11-16 15:27:58.164,1772,76838.91
2025-11-16 15:27:58.164,1773,168739.63
2025-11-16 15:27:58.164,1774,81508.11
2025-11-16 15:27:58.164,1775,81508.11
2025-11-16 15:27:58.164,1776,24557.47
2025-11-16 15:27:58.164,1777,24557.47
2025-11-16 15:27:58.164,1778,23586.93
2025-11-16 15:27:58.164,1779,23866.7
2025-11-16 15:27:58.164,1780,23040.99
2025-11-16 15:27:58.164,1781,23586.93
2025-11-16 15:27:58.164,1782,23040.99
2025-11-16 15:27:58.164,1783,23366.42
2025-11-16 15:27:58.164,1784,22827.54
2025-11-16 15:27:58.164,1785,22748.2
2025-11-16 15:27:58.164,1786,23586.93
2025-11-16 15:27:58.164,1787,23339.05
2025-11-16 15:27:58.164,1788,21975.31
2025-11-16 15:27:58.164,1789,23923.21
2025-11-16 15:27:58.164,1790,23866.7
2025-11-16 15:27:58.164,1791,23810.38
2025-11-16 15:27:58.164,1792,24324.12
2025-11-16 15:27:58.164,1793,21626.94
2025-11-16 15:27:58.164,1794,24237.42
2025-11-16 15:27:58.164,1795,22152.38
2025-11-16 15:27:58.164,1796,24324.12
2025-11-16 15:27:58.164,1797,25276.9
2025-11-16 15:27:58.164,1798,23202.91
2025-11-16 15:27:58.164,1799,24853.65
2025-11-16 15:27:58.164,1800,23366.42
2025-11-16 15:27:58.164,1801,19904.33
2025-11-16 15:27:58.164,1802,25836.37
2025-11-16 15:27:58.164,1803,24208.61
2025-11-16 15:27:58.164,1804,18822.0
2025-11-16 15:27:58.164,1805,23894.93
2025-11-16 15:27:58.164,1806,18558.47
2025-11-16 15:27:58.164,1807,24734.57
2025-11-16 15:27:58.164,1808,42863.36
2025-11-16 15:27:58.164,1809,18578.57
2025-11-16 15:27:58.164,1810,23810.38
2025-11-16 15:27:58.164,1811,17181.67
2025-11-16 15:27:58.164,1812,16947.04
2025-11-16 15:27:58.164,1813,27977.33
2025-11-16 15:27:58.164,1814,32145.38
2025-11-16 15:27:58.164,1815,32145.38
2025-11-16 15:27:58.164,1816,521823.06
2025-11-16 15:27:58.164,1817,41397.01
2025-11-16 15:27:58.164,1818,49845.72
2025-11-16 15:27:58.164,1819,23421.27
2025-11-16 15:27:58.164,1820,67304.12
2025-11-16 15:27:58.164,1821,151134.84
2025-11-16 15:27:58.164,1822,68796.0
2025-11-16 15:27:58.164,1823,68796.0
2025-11-16 15:27:58.164,1824,34204.0
2025-11-16 15:27:58.164,1825,33776.39
2025-11-16 15:27:58.164,1826,32675.42
2025-11-16 15:27:58.164,1827,33264.83
2025-11-16 15:27:58.164,1828,32058.32
2025-11-16 15:27:58.164,1829,32765.05
2025-11-16 15:27:58.164,1830,32145.38
2025-11-16 15:27:58.164,1831,32675.42
2025-11-16 15:27:58.164,1832,32720.19
2025-11-16 15:27:58.164,1833,32189.05
2025-11-16 15:27:58.164,1834,32945.45
2025-11-16 15:27:58.164,1835,32630.74
2025-11-16 15:27:58.164,1836,27977.33
2025-11-16 15:27:58.164,1837,32855.06
2025-11-16 15:27:58.164,1838,33495.87
2025-11-16 15:27:58.164,1839,32586.16
2025-11-16 15:27:58.164,1840,33495.87
2025-11-16 15:27:58.164,1841,30189.96
2025-11-16 15:27:58.164,1842,33588.98
2025-11-16 15:27:58.164,1843,30671.81
2025-11-16 15:27:58.164,1844,33173.1
2025-11-16 15:27:58.164,1845,34935.51
2025-11-16 15:27:58.164,1846,32232.81
2025-11-16 15:27:58.164,1847,34445.18
2025-11-16 15:27:58.164,1848,32855.06
2025-11-16 15:27:58.164,1849,28335.09
2025-11-16 15:27:58.164,1850,35234.91
2025-11-16 15:27:58.164,1851,33495.87
2025-11-16 15:27:58.164,1852,28480.09
2025-11-16 15:27:58.164,1853,33264.83
2025-11-16 15:27:58.164,1854,26479.11
2025-11-16 15:27:58.164,1855,34348.4
2025-11-16 15:27:58.164,1856,53477.48
2025-11-16 15:27:58.164,1857,28884.52
2025-11-16 15:27:58.164,1858,34348.4
2025-11-16 15:27:58.164,1859,28191.18
2025-11-16 15:27:58.164,1860,27906.57
2025-11-16 15:27:58.164,1861,39948.35
2025-11-16 15:27:58.164,1862,45907.83
2025-11-16 15:27:58.164,1863,45151.65
2025-11-16 15:27:58.164,1864,861364.44
2025-11-16 15:27:58.164,1865,56803.11
2025-11-16 15:27:58.164,1866,61483.39
2025-11-16 15:27:58.164,1867,33870.7
2025-11-16 15:27:58.164,1868,91010.8
2025-11-16 15:27:58.164,1869,195704.14
2025-11-16 15:27:58.164,1870,91010.8
2025-11-16 15:27:58.164,1871,91010.8
2025-11-16 15:27:58.164,1872,28335.09
2025-11-16 15:27:58.164,1873,28335.09
2025-11-16 15:27:58.164,1874,27145.25
2025-11-16 15:27:58.164,1875,27906.57
2025-11-16 15:27:58.164,1876,26875.9
2025-11-16 15:27:58.164,1877,27111.36
2025-11-16 15:27:58.164,1878,26742.69
2025-11-16 15:27:58.164,1879,27145.25
2025-11-16 15:27:58.164,1880,27077.54
2025-11-16 15:27:58.164,1881,26709.53
2025-11-16 15:27:58.164,1882,27695.87
2025-11-16 15:27:58.164,1883,27281.39
2025-11-16 15:27:58.164,1884,25124.57
2025-11-16 15:27:58.164,1885,27906.57
2025-11-16 15:27:58.164,1886,28155.37
2025-11-16 15:27:58.164,1887,27418.54
2025-11-16 15:27:58.164,1888,28407.46
2025-11-16 15:27:58.164,1889,25307.53
2025-11-16 15:27:58.164,1890,28299.01
2025-11-16 15:27:58.164,1891,25931.34
2025-11-16 15:27:58.164,1892,28480.09
2025-11-16 15:27:58.164,1893,29526.5
2025-11-16 15:27:58.164,1894,27349.84
2025-11-16 15:27:58.164,1895,29449.88
2025-11-16 15:27:58.164,1896,27349.84
2025-11-16 15:27:58.164,1897,22050.96
2025-11-16 15:27:58.164,1898,30229.68
2025-11-16 15:27:58.164,1899,27977.33
2025-11-16 15:27:58.164,1900,22357.16
2025-11-16 15:27:58.164,1901,27977.33
2025-11-16 15:27:58.164,1902,20396.61
2025-11-16 15:27:58.164,1903,29146.33
2025-11-16 15:27:58.164,1904,47322.41
2025-11-16 15:27:58.164,1905,23366.42
2025-11-16 15:27:58.164,1906,28736.48
2025-11-16 15:27:58.164,1907,22933.92
2025-11-16 15:27:58.164,1908,22854.06
2025-11-16 15:27:58.164,1909,33449.47
2025-11-16 15:27:58.164,1910,38463.37
2025-11-16 15:27:58.164,1911,38006.61
2025-11-16 15:27:58.164,1912,696081.88
2025-11-16 15:27:58.164,1913,48389.29
2025-11-16 15:27:58.164,1914,56368.51
2025-11-16 15:27:58.164,1915,28263.01
2025-11-16 15:27:58.164,1916,80095.27
2025-11-16 15:27:58.164,1917,175214.38
2025-11-16 15:27:58.164,1918,82965.91
2025-11-16 15:27:58.164,1919,82965.91
2025-11-16 15:27:58.164,1920,920784.13
2025-11-16 15:27:58.164,1921,777567.38
2025-11-16 15:27:58.164,1922,640033.69
2025-11-16 15:27:58.164,1923,762705.19
2025-11-16 15:27:58.164,1924,762705.19
2025-11-16 15:27:58.164,1925,734602.25
2025-11-16 15:27:58.164,1926,708471.5
2025-11-16 15:27:58.164,1927,684112.31
2025-11-16 15:27:58.164,1928,734602.25
2025-11-16 15:27:58.164,1929,708471.5
2025-11-16 15:27:58.164,1930,793012.25
2025-11-16 15:27:58.164,1931,661350.38
2025-11-16 15:27:58.164,1932,734602.25
2025-11-16 15:27:58.164,1933,762705.19
2025-11-16 15:27:58.164,1934,734602.25
2025-11-16 15:27:58.164,1935,521823.06
2025-11-16 15:27:58.164,1936,734602.25
2025-11-16 15:27:58.164,1937,558763.94
2025-11-16 15:27:58.164,1938,661350.38
2025-11-16 15:27:58.164,1939,601218.31
2025-11-16 15:27:58.164,1940,640033.69
2025-11-16 15:27:58.164,1941,575017.88
2025-11-16 15:27:58.164,1942,684112.31
2025-11-16 15:27:58.164,1943,592227.94
2025-11-16 15:27:58.164,1944,483368.97
2025-11-16 15:27:58.164,1945,483368.97
2025-11-16 15:27:58.164,1946,601218.31
2025-11-16 15:27:58.164,1947,592227.94
2025-11-16 15:27:58.164,1948,521823.06
2025-11-16 15:27:58.164,1949,583498.19
2025-11-16 15:27:58.164,1950,460679.59
2025-11-16 15:27:58.164,1951,521823.06
2025-11-16 15:27:58.164,1952,536008.31
2025-11-16 15:27:58.164,1953,521823.06
2025-11-16 15:27:58.164,1954,550970.88
2025-11-16 15:27:58.164,1955,550970.88
2025-11-16 15:27:58.164,1956,543388.5
2025-11-16 15:27:58.164,1957,583498.19
2025-11-16 15:27:58.164,1958,650520.19
2025-11-16 15:27:58.164,1959,708471.5
2025-11-16 15:27:58.164,1960,762705.19
2025-11-16 15:27:58.164,1961,762705.19
2025-11-16 15:27:58.164,1962,372678.72
2025-11-16 15:27:58.164,1963,508356.06
2025-11-16 15:27:58.164,1964,942433.13
2025-11-16 15:27:58.164,1965,988899.38
2025-11-16 15:27:58.164,1966,988899.38
2025-11-16 15:27:58.164,1967,988899.38
2025-11-16 15:27:58.164,1968,33870.7
2025-11-16 15:27:58.164,1969,33588.98
2025-11-16 15:27:58.164,1970,32586.16
2025-11-16 15:27:58.164,1971,33036.22
2025-11-16 15:27:58.164,1972,31971.61
2025-11-16 15:27:58.164,1973,32586.16
2025-11-16 15:27:58.164,1974,32101.8
2025-11-16 15:27:58.164,1975,32189.05
2025-11-16 15:27:58.164,1976,32810.01
2025-11-16 15:27:58.164,1977,31799.26
2025-11-16 15:27:58.164,1978,32945.45
2025-11-16 15:27:58.164,1979,32765.05
2025-11-16 15:27:58.164,1980,29953.28
2025-11-16 15:27:58.164,1981,33310.84
2025-11-16 15:27:58.164,1982,33264.83
2025-11-16 15:27:58.164,1983,33036.22
2025-11-16 15:27:58.164,1984,33403.16
2025-11-16 15:27:58.164,1985,30150.32
2025-11-16 15:27:58.164,1986,33635.68
2025-11-16 15:27:58.164,1987,30876.0
2025-11-16 15:27:58.164,1988,33588.98
2025-11-16 15:27:58.164,1989,34348.4
2025-11-16 15:27:58.164,1990,32900.21
2025-11-16 15:27:58.164,1991,34252.03
2025-11-16 15:27:58.164,1992,32586.16
2025-11-16 15:27:58.164,1993,27765.84
2025-11-16 15:27:58.164,1994,36157.48
2025-11-16 15:27:58.164,1995,32675.42
2025-11-16 15:27:58.164,1996,28263.01
2025-11-16 15:27:58.164,1997,33127.38
2025-11-16 15:27:58.164,1998,26154.89
2025-11-16 15:27:58.164,1999,34396.74
2025-11-16 15:27:58.164,2000,56693.92
2025-11-16 15:27:58.164,2001,27213.2
2025-11-16 15:27:58.164,2002,34060.55
2025-11-16 15:27:58.164,2003,27695.87
2025-11-16 15:27:58.164,2004,27695.87
2025-11-16 15:27:58.164,2005,38870.21
2025-11-16 15:27:58.164,2006,44561.25
2025-11-16 15:27:58.164,2007,45077.16
2025-11-16 15:27:58.164,2008,734602.25
2025-11-16 15:27:58.164,2009,56476.62
2025-11-16 15:27:58.164,2010,59892.09
2025-11-16 15:27:58.164,2011,33127.38
2025-11-16 15:27:58.164,2012,84035.92
2025-11-16 15:27:58.164,2013,194675.0
2025-11-16 15:27:58.164,2014,91512.71
2025-11-16 15:27:58.164,2015,91512.71
2025-11-16 15:27:58.164,2016,900097.25
2025-11-16 15:27:58.164,2017,793012.25
2025-11-16 15:27:58.164,2018,601218.31
2025-11-16 15:27:58.164,2019,684112.31
2025-11-16 15:27:58.164,2020,661350.38
2025-11-16 15:27:58.164,2021,661350.38
2025-11-16 15:27:58.164,2022,640033.69
2025-11-16 15:27:58.164,2023,734602.25
2025-11-16 15:27:58.164,2024,684112.31
2025-11-16 15:27:58.164,2025,640033.69
2025-11-16 15:27:58.164,2026,734602.25
2025-11-16 15:27:58.164,2027,661350.38
2025-11-16 15:27:58.164,2028,684112.31
2025-11-16 15:27:58.164,2029,708471.5
2025-11-16 15:27:58.164,2030,708471.5
2025-11-16 15:27:58.164,2031,734602.25
2025-11-16 15:27:58.164,2032,696081.88
2025-11-16 15:27:58.164,2033,696081.88
2025-11-16 15:27:58.164,2034,734602.25
2025-11-16 15:27:58.164,2035,708471.5
2025-11-16 15:27:58.164,2036,684112.31
2025-11-16 15:27:58.164,2037,762705.19
2025-11-16 15:27:58.164,2038,843208.31
2025-11-16 15:27:58.164,2039,762705.19
2025-11-16 15:27:58.164,2040,661350.38
2025-11-16 15:27:58.164,2041,640033.69
2025-11-16 15:27:58.164,2042,734602.25
2025-11-16 15:27:58.164,2043,708471.5
2025-11-16 15:27:58.164,2044,640033.69
2025-11-16 15:27:58.164,2045,696081.88
2025-11-16 15:27:58.164,2046,601218.31
2025-11-16 15:27:58.164,2047,762705.19
2025-11-16 15:27:58.164,2048,748393.56
2025-11-16 15:27:58.164,2049,684112.31
2025-11-16 15:27:58.164,2050,721303.56
2025-11-16 15:27:58.164,2051,684112.31
2025-11-16 15:27:58.164,2052,661350.38
2025-11-16 15:27:58.164,2053,734602.25
2025-11-16 15:27:58.164,2054,880309.75
2025-11-16 15:27:58.164,2055,793012.25
2025-11-16 15:27:58.164,2056,583498.19
2025-11-16 15:27:58.164,2057,583498.19
2025-11-16 15:27:58.164,2058,583498.19
2025-11-16 15:27:58.164,2059,762705.19
2025-11-16 15:27:58.164,2060,29071.17
2025-11-16 15:27:58.164,2061,29071.17
2025-11-16 15:27:58.164,2062,29071.17
2025-11-16 15:27:58.164,2063,29071.17
2025-11-16 15:27:58.164,2064,29071.17
2025-11-16 15:27:58.164,2065,28773.39
2025-11-16 15:27:58.164,2066,27977.33
2025-11-16 15:27:58.164,2067,28699.64
2025-11-16 15:27:58.164,2068,27730.82
2025-11-16 15:27:58.164,2069,27660.98
2025-11-16 15:27:58.164,2070,27836.08
2025-11-16 15:27:58.164,2071,27977.33
2025-11-16 15:27:58.164,2072,28119.63
2025-11-16 15:27:58.164,2073,27384.16
2025-11-16 15:27:58.164,2074,28773.39
2025-11-16 15:27:58.164,2075,28263.01
2025-11-16 15:27:58.164,2076,26577.51
2025-11-16 15:27:58.164,2077,28996.3
2025-11-16 15:27:58.164,2078,28480.09
2025-11-16 15:27:58.164,2079,28371.24
2025-11-16 15:27:58.164,2080,28662.88
2025-11-16 15:27:58.164,2081,23642.52
2025-11-16 15:27:58.164,2082,29146.33
2025-11-16 15:27:58.164,2083,25064.0
2025-11-16 15:27:58.164,2084,29449.88
2025-11-16 15:27:58.164,2085,30309.35
2025-11-16 15:27:58.164,2086,28553.0
2025-11-16 15:27:58.164,2087,30349.31
2025-11-16 15:27:58.164,2088,28699.64
2025-11-16 15:27:58.164,2089,26154.89
2025-11-16 15:27:58.164,2090,31971.61
2025-11-16 15:27:58.164,2091,29603.42
2025-11-16 15:27:58.164,2092,26154.89
2025-11-16 15:27:58.164,2093,29221.78
2025-11-16 15:27:58.164,2094,25679.2
2025-11-16 15:27:58.164,2095,30429.46
2025-11-16 15:27:58.164,2096,54378.94
2025-11-16 15:27:58.164,2097,26544.65
2025-11-16 15:27:58.164,2098,30631.22
2025-11-16 15:27:58.164,2099,26251.55
2025-11-16 15:27:58.164,2100,25710.52
2025-11-16 15:27:58.164,2101,34348.4
2025-11-16 15:27:58.164,2102,40756.99
2025-11-16 15:27:58.164,2103,40132.67
2025-11-16 15:27:58.164,2104,708471.5
2025-11-16 15:27:58.164,2105,48473.0
2025-11-16 15:27:58.164,2106,61608.8
2025-11-16 15:27:58.164,2107,29373.55
2025-11-16 15:27:58.164,2108,81508.11
2025-11-16 15:27:58.164,2109,183998.22
2025-11-16 15:27:58.164,2110,83177.96
2025-11-16 15:27:58.164,2111,83177.96
2025-11-16 15:27:58.164,2112,403612.41
2025-11-16 15:27:58.164,2113,395419.56
2025-11-16 15:27:58.164,2114,395419.56
2025-11-16 15:27:58.164,2115,391443.63
2025-11-16 15:27:58.164,2116,387544.88
2025-11-16 15:27:58.164,2117,403612.41
2025-11-16 15:27:58.164,2118,387544.88
2025-11-16 15:27:58.164,2119,403612.41
2025-11-16 15:27:58.164,2120,425619.72
2025-11-16 15:27:58.164,2121,379970.25
2025-11-16 15:27:58.164,2122,403612.41
2025-11-16 15:27:58.164,2123,399475.0
2025-11-16 15:27:58.164,2124,358884.03
2025-11-16 15:27:58.164,2125,395419.56
2025-11-16 15:27:58.164,2126,421032.91
2025-11-16 15:27:58.164,2127,387544.88
2025-11-16 15:27:58.164,2128,412143.03
2025-11-16 15:27:58.164,2129,372678.72
2025-11-16 15:27:58.164,2130,399475.0
2025-11-16 15:27:58.164,2131,421032.91
2025-11-16 15:27:58.164,2132,425619.72
2025-11-16 15:27:58.164,2133,430305.09
2025-11-16 15:27:58.164,2134,403612.41
2025-11-16 15:27:58.164,2135,403612.41
2025-11-16 15:27:58.164,2136,293282.41
2025-11-16 15:27:58.164,2137,339960.47
2025-11-16 15:27:58.164,2138,379970.25
2025-11-16 15:27:58.164,2139,336993.63
2025-11-16 15:27:58.164,2140,328387.41
2025-11-16 15:27:58.164,2141,372678.72
2025-11-16 15:27:58.164,2142,317555.0
2025-11-16 15:27:58.164,2143,372678.72
2025-11-16 15:27:58.164,2144,250766.73
2025-11-16 15:27:58.164,2145,328387.41
2025-11-16 15:27:58.164,2146,387544.88
2025-11-16 15:27:58.164,2147,322883.13
2025-11-16 15:27:58.164,2148,322883.13
2025-11-16 15:27:58.164,2149,387544.88
2025-11-16 15:27:58.164,2150,421032.91
2025-11-16 15:27:58.164,2151,430305.09
2025-11-16 15:27:58.164,2152,477494.09
2025-11-16 15:27:58.164,2153,477494.09
2025-11-16 15:27:58.164,2154,125504.14
2025-11-16 15:27:58.164,2155,365654.84
2025-11-16 15:27:58.164,2156,450099.75
2025-11-16 15:27:58.164,2157,988899.38
2025-11-16 15:27:58.164,2158,403612.41
2025-11-16 15:27:58.164,2159,403612.41
2025-11-16 15:27:58.164,2160,430305.09
2025-11-16 15:27:58.164,2161,508356.06
2025-11-16 15:27:58.164,2162,450099.75
2025-11-16 15:27:58.164,2163,483368.97
2025-11-16 15:27:58.164,2164,399475.0
2025-11-16 15:27:58.164,2165,550970.88
2025-11-16 15:27:58.164,2166,439984.91
2025-11-16 15:27:58.164,2167,550970.88
2025-11-16 15:27:58.164,2168,495554.03
2025-11-16 15:27:58.164,2169,466154.09
2025-11-16 15:27:58.164,2170,483368.97
2025-11-16 15:27:58.164,2171,435092.38
2025-11-16 15:27:58.164,2172,471757.34
2025-11-16 15:27:58.164,2173,521823.06
2025-11-16 15:27:58.164,2174,495554.03
2025-11-16 15:27:58.164,2175,471757.34
2025-11-16 15:27:58.164,2176,460679.59
2025-11-16 15:27:58.164,2177,536008.31
2025-11-16 15:27:58.164,2178,566776.38
2025-11-16 15:27:58.164,2179,495554.03
2025-11-16 15:27:58.164,2180,508356.06
2025-11-16 15:27:58.164,2181,558763.94
2025-11-16 15:27:58.164,2182,543388.5
2025-11-16 15:27:58.164,2183,460679.59
2025-11-16 15:27:58.164,2184,521823.06
2025-11-16 15:27:58.164,2185,450099.75
2025-11-16 15:27:58.164,2186,550970.88
2025-11-16 15:27:58.164,2187,515003.19
2025-11-16 15:27:58.164,2188,460679.59
2025-11-16 15:27:58.164,2189,536008.31
2025-11-16 15:27:58.164,2190,435092.38
2025-11-16 15:27:58.164,2191,550970.88
2025-11-16 15:27:58.164,2192,362238.63
2025-11-16 15:27:58.164,2193,471757.34
2025-11-16 15:27:58.164,2194,543388.5
2025-11-16 15:27:58.164,2195,495554.03
2025-11-16 15:27:58.164,2196,460679.59
2025-11-16 15:27:58.164,2197,566776.38
2025-11-16 15:27:58.164,2198,550970.88
2025-11-16 15:27:58.164,2199,684112.31
2025-11-16 15:27:58.164,2200,696081.88
2025-11-16 15:27:58.164,2201,696081.88
2025-11-16 15:27:58.164,2202,181276.86
2025-11-16 15:27:58.164,2203,508356.06
2025-11-16 15:27:58.164,2204,708471.5
2025-11-16 15:27:58.164,2205,566776.38
2025-11-16 15:27:58.164,2206,566776.38
2025-11-16 15:27:58.164,2207,566776.38
2025-11-16 15:27:58.164,2208,284551.28
2025-11-16 15:27:58.164,2209,284551.28
2025-11-16 15:27:58.164,2210,284551.28
2025-11-16 15:27:58.164,2211,284551.28
2025-11-16 15:27:58.164,2212,284551.28
2025-11-16 15:27:58.164,2213,284551.28
2025-11-16 15:27:58.164,2214,284551.28
2025-11-16 15:27:58.164,2215,284551.28
2025-11-16 15:27:58.164,2216,284551.28
2025-11-16 15:27:58.164,2217,284551.28
2025-11-16 15:27:58.164,2218,284551.28
2025-11-16 15:27:58.164,2219,284551.28
2025-11-16 15:27:58.164,2220,284551.28
2025-11-16 15:27:58.164,2221,284551.28
2025-11-16 15:27:58.164,2222,284551.28
2025-11-16 15:27:58.164,2223,284551.28
2025-11-16 15:27:58.164,2224,284551.28
2025-11-16 15:27:58.164,2225,284551.28
2025-11-16 15:27:58.164,2226,284551.28
2025-11-16 15:27:58.164,2227,284551.28
2025-11-16 15:27:58.164,2228,284551.28
2025-11-16 15:27:58.164,2229,284551.28
2025-11-16 15:27:58.164,2230,284551.28
2025-11-16 15:27:58.164,2231,284551.28
2025-11-16 15:27:58.164,2232,284551.28
2025-11-16 15:27:58.164,2233,284551.28
2025-11-16 15:27:58.164,2234,284551.28
2025-11-16 15:27:58.164,2235,284551.28
2025-11-16 15:27:58.164,2236,284551.28
2025-11-16 15:27:58.164,2237,284551.28
2025-11-16 15:27:58.164,2238,284551.28
2025-11-16 15:27:58.164,2239,284551.28
2025-11-16 15:27:58.164,2240,284551.28
2025-11-16 15:27:58.164,2241,284551.28
2025-11-16 15:27:58.164,2242,284551.28
2025-11-16 15:27:58.164,2243,284551.28
2025-11-16 15:27:58.164,2244,284551.28
2025-11-16 15:27:58.164,2245,284551.28
2025-11-16 15:27:58.164,2246,284551.28
2025-11-16 15:27:58.164,2247,284551.28
2025-11-16 15:27:58.164,2248,284551.28
2025-11-16 15:27:58.164,2249,284551.28
2025-11-16 15:27:58.164,2250,284551.28
2025-11-16 15:27:58.164,2251,284551.28
2025-11-16 15:27:58.164,2252,284551.28
2025-11-16 15:27:58.164,2253,284551.28
2025-11-16 15:27:58.164,2254,284551.28
2025-11-16 15:27:58.164,2255,284551.28
2025-11-16 15:27:58.164,2256,284551.28
2025-11-16 15:27:58.164,2257,268514.44
2025-11-16 15:27:58.164,2258,264774.34
2025-11-16 15:27:58.164,2259,268514.44
2025-11-16 15:27:58.164,2260,250766.73
2025-11-16 15:27:58.164,2261,254133.06
2025-11-16 15:27:58.164,2262,259348.69
2025-11-16 15:27:58.164,2263,241163.34
2025-11-16 15:27:58.164,2264,262941.66
2025-11-16 15:27:58.164,2265,238117.42
2025-11-16 15:27:58.164,2266,261133.28
2025-11-16 15:27:58.164,2267,264774.34
2025-11-16 15:27:58.164,2268,238117.42
2025-11-16 15:27:58.164,2269,259348.69
2025-11-16 15:27:58.164,2270,261133.28
2025-11-16 15:27:58.164,2271,259348.69
2025-11-16 15:27:58.164,2272,257587.41
2025-11-16 15:27:58.164,2273,232241.86
2025-11-16 15:27:58.164,2274,250766.73
2025-11-16 15:27:58.164,2275,235144.47
2025-11-16 15:27:58.164,2276,238117.42
2025-11-16 15:27:58.164,2277,259348.69
2025-11-16 15:27:58.164,2278,247485.06
2025-11-16 15:27:58.164,2279,238117.42
2025-11-16 15:27:58.164,2280,259348.69
2025-11-16 15:27:58.164,2281,226638.0
2025-11-16 15:27:58.164,2282,261133.28
2025-11-16 15:27:58.164,2283,230816.17
2025-11-16 15:27:58.164,2284,223932.14
2025-11-16 15:27:58.164,2285,252439.11
2025-11-16 15:27:58.164,2286,230816.17
2025-11-16 15:27:58.164,2287,255849.03
2025-11-16 15:27:58.164,2288,165668.98
2025-11-16 15:27:58.164,2289,232241.86
2025-11-16 15:27:58.164,2290,254133.06
2025-11-16 15:27:58.164,2291,233684.53
2025-11-16 15:27:58.164,2292,213700.14
2025-11-16 15:27:58.164,2293,270422.94
2025-11-16 15:27:58.164,2294,314954.38
2025-11-16 15:27:58.164,2295,288853.09
2025-11-16 15:27:58.164,2296,339960.47
2025-11-16 15:27:58.164,2297,339960.47
2025-11-16 15:27:58.164,2298,71306.41
2025-11-16 15:27:58.164,2299,236622.0
2025-11-16 15:27:58.164,2300,383721.19
2025-11-16 15:27:58.164,2301,734602.25
2025-11-16 15:27:58.164,2302,372678.72
2025-11-16 15:27:58.164,2303,372678.72
2025-11-16 15:27:58.399,0,25461.45
2025-11-16 15:27:58.399,1,32855.06
2025-11-16 15:27:58.399,2,37172.92
2025-11-16 15:27:58.399,3,35949.24
2025-11-16 15:27:58.399,4,36686.43
2025-11-16 15:27:58.399,5,37725.46
2025-11-16 15:27:58.399,6,37447.59
2025-11-16 15:27:58.399,7,37558.35
2025-11-16 15:27:58.399,8,37447.59
2025-11-16 15:27:58.399,9,37558.35
2025-11-16 15:27:58.399,10,38233.91
2025-11-16 15:27:58.399,11,37781.43
2025-11-16 15:27:58.399,12,39403.42
2025-11-16 15:27:58.399,13,39644.14
2025-11-16 15:27:58.399,14,39403.42
2025-11-16 15:27:58.399,15,37893.76
2025-11-16 15:27:58.399,16,37172.92
2025-11-16 15:27:58.399,17,38405.8
2025-11-16 15:27:58.399,18,39765.37
2025-11-16 15:27:58.399,19,39644.14
2025-11-16 15:27:58.399,20,39644.14
2025-11-16 15:27:58.399,21,40568.07
2025-11-16 15:27:58.399,22,37893.76
2025-11-16 15:27:58.399,23,41461.9
2025-11-16 15:27:58.399,24,38695.02
2025-11-16 15:27:58.399,25,39343.6
2025-11-16 15:27:58.399,26,42253.52
2025-11-16 15:27:58.399,27,41139.08
2025-11-16 15:27:58.399,28,40132.67
2025-11-16 15:27:58.399,29,39283.93
2025-11-16 15:27:58.399,30,40256.3
2025-11-16 15:27:58.399,31,40756.99
2025-11-16 15:27:58.399,32,83390.98
2025-11-16 15:27:58.399,33,40380.55
2025-11-16 15:27:58.399,34,43277.87
2025-11-16 15:27:58.399,35,40820.27
2025-11-16 15:27:58.399,36,42320.58
2025-11-16 15:27:58.399,37,47081.7
2025-11-16 15:27:58.399,38,57577.48
2025-11-16 15:27:58.399,39,55833.13
2025-11-16 15:27:58.399,40,900097.25
2025-11-16 15:27:58.399,41,61987.67
2025-11-16 15:27:58.399,42,90513.82
2025-11-16 15:27:58.399,43,41397.01
2025-11-16 15:27:58.399,44,89051.75
2025-11-16 15:27:58.399,45,232241.86
2025-11-16 15:27:58.399,46,104608.9
2025-11-16 15:27:58.399,47,104608.9
2025-11-16 15:27:58.399,48,131116.38
2025-11-16 15:27:58.399,49,138820.45
2025-11-16 15:27:58.399,50,152414.69
2025-11-16 15:27:58.399,51,144441.03
2025-11-16 15:27:58.399,52,138820.45
2025-11-16 15:27:58.399,53,153062.25
2025-11-16 15:27:58.399,54,150502.45
2025-11-16 15:27:58.399,55,153062.25
2025-11-16 15:27:58.399,56,152414.69
2025-11-16 15:27:58.399,57,144441.03
2025-11-16 15:27:58.399,58,154372.98
2025-11-16 15:27:58.399,59,155704.97
2025-11-16 15:27:58.399,60,154372.98
2025-11-16 15:27:58.399,61,158434.67
2025-11-16 15:27:58.399,62,157058.67
2025-11-16 15:27:58.399,63,145026.52
2025-11-16 15:27:58.399,64,134609.98
2025-11-16 15:27:58.399,65,141578.7
2025-11-16 15:27:58.399,66,160541.67
2025-11-16 15:27:58.399,67,156379.06
2025-11-16 15:27:58.399,68,158434.67
2025-11-16 15:27:58.399,69,161255.75
2025-11-16 15:27:58.399,70,157058.67
2025-11-16 15:27:58.399,71,162702.02
2025-11-16 15:27:58.399,72,154372.98
2025-11-16 15:27:58.399,73,161255.75
2025-11-16 15:27:58.399,74,161975.84
2025-11-16 15:27:58.399,75,163434.33
2025-11-16 15:27:58.399,76,154372.98
2025-11-16 15:27:58.399,77,153062.25
2025-11-16 15:27:58.399,78,161255.75
2025-11-16 15:27:58.399,79,162702.02
2025-11-16 15:27:58.399,80,288853.09
2025-11-16 15:27:58.399,81,162702.02
2025-11-16 15:27:58.399,82,164917.73
2025-11-16 15:27:58.399,83,161255.75
2025-11-16 15:27:58.399,84,158434.67
2025-11-16 15:27:58.399,85,176906.95
2025-11-16 15:27:58.399,86,213700.14
2025-11-16 15:27:58.399,87,208912.44
2025-11-16 15:27:58.399,88,809075.0
2025-11-16 15:27:58.399,89,184922.63
2025-11-16 15:27:58.399,90,257587.41
2025-11-16 15:27:58.399,91,182175.47
2025-11-16 15:27:58.399,92,153062.25
2025-11-16 15:27:58.399,93,734602.25
2025-11-16 15:27:58.399,94,346048.91
2025-11-16 15:27:58.399,95,346048.91
2025-11-16 15:27:58.399,96,76838.91
2025-11-16 15:27:58.399,97,76471.19
2025-11-16 15:27:58.399,98,83177.96
2025-11-16 15:27:58.399,99,81919.95
2025-11-16 15:27:58.399,100,83819.96
2025-11-16 15:27:58.399,101,84035.92
2025-11-16 15:27:58.399,102,85352.86
2025-11-16 15:27:58.399,103,84035.92
2025-11-16 15:27:58.399,104,83604.98
2025-11-16 15:27:58.399,105,84035.92
2025-11-16 15:27:58.399,106,82965.91
2025-11-16 15:27:58.399,107,84909.8
2025-11-16 15:27:58.399,108,88812.2
2025-11-16 15:27:58.399,109,87167.16
2025-11-16 15:27:58.399,110,87167.16
2025-11-16 15:27:58.399,111,87167.16
2025-11-16 15:27:58.399,112,73296.59
2025-11-16 15:27:58.399,113,83177.96
2025-11-16 15:27:58.399,114,83604.98
2025-11-16 15:27:58.399,115,80294.42
2025-11-16 15:27:58.399,116,87398.81
2025-11-16 15:27:58.399,117,89534.38
2025-11-16 15:27:58.399,118,81919.95
2025-11-16 15:27:58.399,119,89051.75
2025-11-16 15:27:58.399,120,82335.49
2025-11-16 15:27:58.399,121,86707.14
2025-11-16 15:27:58.399,122,86707.14
2025-11-16 15:27:58.399,123,87631.56
2025-11-16 15:27:58.399,124,85800.06
2025-11-16 15:27:58.399,125,86707.14
2025-11-16 15:27:58.399,126,85800.06
2025-11-16 15:27:58.399,127,85800.06
2025-11-16 15:27:58.399,128,183082.55
2025-11-16 15:27:58.399,129,88573.8
2025-11-16 15:27:58.399,130,91512.71
2025-11-16 15:27:58.399,131,90021.7
2025-11-16 15:27:58.399,132,87167.16
2025-11-16 15:27:58.399,133,97948.88
2025-11-16 15:27:58.399,134,120320.87
2025-11-16 15:27:58.399,135,115134.95
2025-11-16 15:27:58.399,136,988899.38
2025-11-16 15:27:58.399,137,102712.45
2025-11-16 15:27:58.399,138,175214.38
2025-11-16 15:27:58.399,139,87167.16
2025-11-16 15:27:58.399,140,135640.13
2025-11-16 15:27:58.399,141,425619.72
2025-11-16 15:27:58.399,142,189679.88
2025-11-16 15:27:58.399,143,189679.88
2025-11-16 15:27:58.399,144,42053.34
2025-11-16 15:27:58.399,145,41986.96
2025-11-16 15:27:58.399,146,42522.82
2025-11-16 15:27:58.399,147,41920.75
2025-11-16 15:27:58.399,148,41788.82
2025-11-16 15:27:58.399,149,42590.57
2025-11-16 15:27:58.399,150,42455.23
2025-11-16 15:27:58.399,151,42455.23
2025-11-16 15:27:58.399,152,41920.75
2025-11-16 15:27:58.399,153,42053.34
2025-11-16 15:27:58.399,154,42455.23
2025-11-16 15:27:58.399,155,41139.08
2025-11-16 15:27:58.399,156,44561.25
2025-11-16 15:27:58.399,157,43769.74
2025-11-16 15:27:58.399,158,43277.87
2025-11-16 15:27:58.399,159,42863.36
2025-11-16 15:27:58.399,160,28191.18
2025-11-16 15:27:58.399,161,41657.55
2025-11-16 15:27:58.399,162,42590.57
2025-11-16 15:27:58.399,163,40318.35
2025-11-16 15:27:58.399,164,43983.32
2025-11-16 15:27:58.399,165,44634.36
2025-11-16 15:27:58.399,166,41139.08
2025-11-16 15:27:58.399,167,45907.83
2025-11-16 15:27:58.399,168,42863.36
2025-11-16 15:27:58.399,169,43840.75
2025-11-16 15:27:58.399,170,43840.75
2025-11-16 15:27:58.399,171,45984.59
2025-11-16 15:27:58.399,172,44126.66
2025-11-16 15:27:58.399,173,43557.83
2025-11-16 15:27:58.399,174,44707.67
2025-11-16 15:27:58.399,175,44488.33
2025-11-16 15:27:58.399,176,103969.71
2025-11-16 15:27:58.399,177,46216.13
2025-11-16 15:27:58.399,178,47322.41
2025-11-16 15:27:58.399,179,45002.86
2025-11-16 15:27:58.399,180,44415.61
2025-11-16 15:27:58.399,181,51468.98
2025-11-16 15:27:58.399,182,63280.01
2025-11-16 15:27:58.399,183,62114.86
2025-11-16 15:27:58.399,184,900097.25
2025-11-16 15:27:58.399,185,61109.78
2025-11-16 15:27:58.399,186,95170.63
2025-11-16 15:27:58.399,187,45226.35
2025-11-16 15:27:58.399,188,90513.82
2025-11-16 15:27:58.399,189,259348.69
2025-11-16 15:27:58.399,190,111058.42
2025-11-16 15:27:58.399,191,111058.42
2025-11-16 15:27:58.399,192,28773.39
2025-11-16 15:27:58.399,193,28083.96
2025-11-16 15:27:58.399,194,28119.63
2025-11-16 15:27:58.399,195,28371.24
2025-11-16 15:27:58.399,196,27695.87
2025-11-16 15:27:58.399,197,27977.33
2025-11-16 15:27:58.399,198,27906.57
2025-11-16 15:27:58.399,199,28191.18
2025-11-16 15:27:58.399,200,27695.87
2025-11-16 15:27:58.399,201,27836.08
2025-11-16 15:27:58.399,202,27626.15
2025-11-16 15:27:58.399,203,27145.25
2025-11-16 15:27:58.399,204,28921.71
2025-11-16 15:27:58.399,205,28480.09
2025-11-16 15:27:58.399,206,28662.88
2025-11-16 15:27:58.399,207,28699.64
2025-11-16 15:27:58.399,208,20464.99
2025-11-16 15:27:58.399,209,27906.57
2025-11-16 15:27:58.399,210,27660.98
2025-11-16 15:27:58.399,211,23614.7
2025-11-16 15:27:58.399,212,29411.68
2025-11-16 15:27:58.399,213,29914.1
2025-11-16 15:27:58.399,214,25585.55
2025-11-16 15:27:58.399,215,30550.28
2025-11-16 15:27:58.399,216,28263.01
2025-11-16 15:27:58.399,217,29526.5
2025-11-16 15:27:58.399,218,30712.49
2025-11-16 15:27:58.399,219,30389.34
2025-11-16 15:27:58.399,220,30071.27
2025-11-16 15:27:58.399,221,29146.33
2025-11-16 15:27:58.399,222,30150.32
2025-11-16 15:27:58.399,223,30917.09
2025-11-16 15:27:58.399,224,77209.76
2025-11-16 15:27:58.399,225,30712.49
2025-11-16 15:27:58.399,226,32675.42
2025-11-16 15:27:58.399,227,30958.25
2025-11-16 15:27:58.399,228,30917.09
2025-11-16 15:27:58.399,229,35640.36
2025-11-16 15:27:58.399,230,44126.66
2025-11-16 15:27:58.399,231,42726.61
2025-11-16 15:27:58.399,232,672541.69
2025-11-16 15:27:58.399,233,43698.91
2025-11-16 15:27:58.399,234,72958.16
2025-11-16 15:27:58.399,235,30794.08
2025-11-16 15:27:58.399,236,72789.98
2025-11-16 15:27:58.399,237,189679.88
2025-11-16 15:27:58.399,238,85800.06
2025-11-16 15:27:58.399,239,85800.06
2025-11-16 15:27:58.399,240,20741.61
2025-11-16 15:27:58.399,241,19794.65
2025-11-16 15:27:58.399,242,20103.78
2025-11-16 15:27:58.399,243,20238.23
2025-11-16 15:27:58.399,244,20037.0
2025-11-16 15:27:58.399,245,19970.52
2025-11-16 15:27:58.399,246,19816.52
2025-11-16 15:27:58.399,247,19816.52
2025-11-16 15:27:58.399,248,19194.97
2025-11-16 15:27:58.399,249,19707.48
2025-11-16 15:27:58.399,250,18760.76
2025-11-16 15:27:58.399,251,18862.97
2025-11-16 15:27:58.399,252,20928.83
2025-11-16 15:27:58.399,253,20533.68
2025-11-16 15:27:58.399,254,20881.81
2025-11-16 15:27:58.399,255,20464.99
2025-11-16 15:27:58.399,256,18781.14
2025-11-16 15:27:58.399,257,20741.61
2025-11-16 15:27:58.399,258,19882.33
2025-11-16 15:27:58.399,259,19237.01
2025-11-16 15:27:58.399,260,21577.78
2025-11-16 15:27:58.399,261,21261.97
2025-11-16 15:27:58.399,262,20238.23
2025-11-16 15:27:58.399,263,22564.54
2025-11-16 15:27:58.399,264,20952.39
2025-11-16 15:27:58.399,265,21431.24
2025-11-16 15:27:58.399,266,23754.24
2025-11-16 15:27:58.399,267,22126.97
2025-11-16 15:27:58.399,268,22000.49
2025-11-16 15:27:58.399,269,21261.97
2025-11-16 15:27:58.399,270,22152.38
2025-11-16 15:27:58.399,271,22152.38
2025-11-16 15:27:58.399,272,59298.73
2025-11-16 15:27:58.399,273,22280.06
2025-11-16 15:27:58.399,274,23698.29
2025-11-16 15:27:58.399,275,22408.76
2025-11-16 15:27:58.399,276,22590.65
2025-11-16 15:27:58.399,277,26544.65
2025-11-16 15:27:58.399,278,33403.16
2025-11-16 15:27:58.399,279,32232.81
2025-11-16 15:27:58.399,280,425619.72
2025-11-16 15:27:58.399,281,35034.87
2025-11-16 15:27:58.399,282,56260.74
2025-11-16 15:27:58.399,283,21553.27
2025-11-16 15:27:58.399,284,59181.26
2025-11-16 15:27:58.399,285,153715.0
2025-11-16 15:27:58.399,286,64212.57
2025-11-16 15:27:58.399,287,64212.57
2025-11-16 15:27:58.399,288,17236.39
2025-11-16 15:27:58.399,289,17018.8
2025-11-16 15:27:58.399,290,16249.76
2025-11-16 15:27:58.399,291,16840.11
2025-11-16 15:27:58.399,292,16064.26
2025-11-16 15:27:58.399,293,16114.59
2025-11-16 15:27:58.399,294,15914.42
2025-11-16 15:27:58.399,295,16097.79
2025-11-16 15:27:58.399,296,15799.05
2025-11-16 15:27:58.399,297,15947.57
2025-11-16 15:27:58.399,298,16646.24
2025-11-16 15:27:58.399,299,16334.95
2025-11-16 15:27:58.399,300,17738.95
2025-11-16 15:27:58.399,301,17438.93
2025-11-16 15:27:58.399,302,17588.13
2025-11-16 15:27:58.399,303,17163.47
2025-11-16 15:27:58.399,304,18103.81
2025-11-16 15:27:58.399,305,17457.49
2025-11-16 15:27:58.399,306,18418.55
2025-11-16 15:27:58.399,307,18659.26
2025-11-16 15:27:58.399,308,18084.37
2025-11-16 15:27:58.399,309,18781.14
2025-11-16 15:27:58.399,310,17272.99
2025-11-16 15:27:58.399,311,19363.84
2025-11-16 15:27:58.399,312,17606.89
2025-11-16 15:27:58.399,313,18064.95
2025-11-16 15:27:58.399,314,20238.23
2025-11-16 15:27:58.399,315,18538.4
2025-11-16 15:27:58.399,316,18498.34
2025-11-16 15:27:58.399,317,18026.2
2025-11-16 15:27:58.399,318,18398.68
2025-11-16 15:27:58.399,319,18498.34
2025-11-16 15:27:58.399,320,50021.84
2025-11-16 15:27:58.399,321,18538.4
2025-11-16 15:27:58.399,322,19882.33
2025-11-16 15:27:58.399,323,18760.76
2025-11-16 15:27:58.399,324,18699.77
2025-11-16 15:27:58.399,325,22152.38
2025-11-16 15:27:58.399,326,28480.09
2025-11-16 15:27:58.399,327,27111.36
2025-11-16 15:27:58.399,328,369134.25
2025-11-16 15:27:58.399,329,31713.61
2025-11-16 15:27:58.399,330,48810.25
2025-11-16 15:27:58.399,331,18418.55
2025-11-16 15:27:58.399,332,52697.09
2025-11-16 15:27:58.399,333,134100.34
2025-11-16 15:27:58.399,334,54787.84
2025-11-16 15:27:58.399,335,54787.84
2025-11-16 15:27:58.399,336,15555.25
2025-11-16 15:27:58.399,337,15619.82
2025-11-16 15:27:58.399,338,14835.39
2025-11-16 15:27:58.399,339,15019.26
2025-11-16 15:27:58.399,340,14534.84
2025-11-16 15:27:58.399,341,14684.21
2025-11-16 15:27:58.399,342,14624.25
2025-11-16 15:27:58.399,343,14684.21
2025-11-16 15:27:58.399,344,14624.25
2025-11-16 15:27:58.399,345,14744.46
2025-11-16 15:27:58.399,346,15395.25
2025-11-16 15:27:58.399,347,15065.65
2025-11-16 15:27:58.399,348,15864.85
2025-11-16 15:27:58.399,349,15881.35
2025-11-16 15:27:58.399,350,15652.22
2025-11-16 15:27:58.399,351,15300.2
2025-11-16 15:27:58.399,352,16698.84
2025-11-16 15:27:58.399,353,15815.47
2025-11-16 15:27:58.399,354,16947.04
2025-11-16 15:27:58.399,355,17145.3
2025-11-16 15:27:58.399,356,16698.84
2025-11-16 15:27:58.399,357,17199.88
2025-11-16 15:27:58.399,358,15914.42
2025-11-16 15:27:58.399,359,17757.91
2025-11-16 15:27:58.399,360,15587.49
2025-11-16 15:27:58.399,361,16403.5
2025-11-16 15:27:58.399,362,18699.77
2025-11-16 15:27:58.399,363,16283.77
2025-11-16 15:27:58.399,364,16947.04
2025-11-16 15:27:58.399,365,16663.75
2025-11-16 15:27:58.399,366,16982.88
2025-11-16 15:27:58.399,367,17018.8
2025-11-16 15:27:58.399,368,47484.0
2025-11-16 15:27:58.399,369,17199.88
2025-11-16 15:27:58.399,370,18221.02
2025-11-16 15:27:58.399,371,17199.88
2025-11-16 15:27:58.399,372,17236.39
2025-11-16 15:27:58.399,373,19882.33
2025-11-16 15:27:58.399,374,26610.43
2025-11-16 15:27:58.399,375,25185.35
2025-11-16 15:27:58.399,376,346048.91
2025-11-16 15:27:58.399,377,29914.1
2025-11-16 15:27:58.399,378,46371.55
2025-11-16 15:27:58.399,379,16734.02
2025-11-16 15:27:58.399,380,50827.38
2025-11-16 15:27:58.399,381,127787.46
2025-11-16 15:27:58.399,382,53975.16
2025-11-16 15:27:58.399,383,53975.16
2025-11-16 15:27:58.399,384,15700.98
2025-11-16 15:27:58.399,385,15619.82
2025-11-16 15:27:58.399,386,14896.38
2025-11-16 15:27:58.399,387,15174.57
2025-11-16 15:27:58.399,388,14684.21
2025-11-16 15:27:58.399,389,14774.7
2025-11-16 15:27:58.399,390,14639.21
2025-11-16 15:27:58.399,391,14684.21
2025-11-16 15:27:58.399,392,14820.19
2025-11-16 15:27:58.399,393,14624.25
2025-11-16 15:27:58.399,394,15539.16
2025-11-16 15:27:58.399,395,15112.21
2025-11-16 15:27:58.399,396,16148.25
2025-11-16 15:27:58.399,397,16148.25
2025-11-16 15:27:58.399,398,16014.12
2025-11-16 15:27:58.399,399,15523.09
2025-11-16 15:27:58.399,400,16875.66
2025-11-16 15:27:58.399,401,15881.35
2025-11-16 15:27:58.399,402,17199.88
2025-11-16 15:27:58.399,403,17420.39
2025-11-16 15:27:58.399,404,16734.02
2025-11-16 15:27:58.399,405,17309.7
2025-11-16 15:27:58.399,406,16014.12
2025-11-16 15:27:58.399,407,18103.81
2025-11-16 15:27:58.399,408,16386.33
2025-11-16 15:27:58.399,409,16698.84
2025-11-16 15:27:58.399,410,18822.0
2025-11-16 15:27:58.399,411,17272.99
2025-11-16 15:27:58.399,412,17127.16
2025-11-16 15:27:58.399,413,16911.3
2025-11-16 15:27:58.399,414,16947.04
2025-11-16 15:27:58.399,415,16947.04
2025-11-16 15:27:58.399,416,41592.18
2025-11-16 15:27:58.399,417,17254.68
2025-11-16 15:27:58.399,418,18498.34
2025-11-16 15:27:58.399,419,17309.7
2025-11-16 15:27:58.399,420,17346.5
2025-11-16 15:27:58.399,421,20788.21
2025-11-16 15:27:58.399,422,26709.53
2025-11-16 15:27:58.399,423,25679.2
2025-11-16 15:27:58.399,424,358884.03
2025-11-16 15:27:58.399,425,30349.31
2025-11-16 15:27:58.399,426,47081.7
2025-11-16 15:27:58.399,427,17199.88
2025-11-16 15:27:58.399,428,51654.79
2025-11-16 15:27:58.399,429,125954.73
2025-11-16 15:27:58.399,430,54994.24
2025-11-16 15:27:58.399,431,54994.24
2025-11-16 15:27:58.399,432,15395.25
2025-11-16 15:27:58.399,433,15331.81
2025-11-16 15:27:58.399,434,14609.3
2025-11-16 15:27:58.399,435,14835.39
2025-11-16 15:27:58.399,436,14328.73
2025-11-16 15:27:58.399,437,14431.36
2025-11-16 15:27:58.399,438,14299.57
2025-11-16 15:27:58.399,439,14401.95
2025-11-16 15:27:58.399,440,14299.57
2025-11-16 15:27:58.399,441,14416.64
2025-11-16 15:27:58.399,442,15143.35
2025-11-16 15:27:58.399,443,14684.21
2025-11-16 15:27:58.399,444,15914.42
2025-11-16 15:27:58.399,445,15848.37
2025-11-16 15:27:58.399,446,15749.92
2025-11-16 15:27:58.399,447,15363.49
2025-11-16 15:27:58.399,448,16215.84
2025-11-16 15:27:58.399,449,15491.01
2025-11-16 15:27:58.399,450,16681.28
2025-11-16 15:27:58.399,451,16875.66
2025-11-16 15:27:58.399,452,16300.81
2025-11-16 15:27:58.399,453,17018.8
2025-11-16 15:27:58.399,454,15587.49
2025-11-16 15:27:58.399,455,17476.08
2025-11-16 15:27:58.399,456,15237.23
2025-11-16 15:27:58.399,457,16131.41
2025-11-16 15:27:58.399,458,18418.55
2025-11-16 15:27:58.399,459,17000.83
2025-11-16 15:27:58.399,460,16769.29
2025-11-16 15:27:58.399,461,16249.76
2025-11-16 15:27:58.399,462,16437.9
2025-11-16 15:27:58.399,463,16663.75
2025-11-16 15:27:58.399,464,40132.67
2025-11-16 15:27:58.399,465,16681.28
2025-11-16 15:27:58.399,466,17757.91
2025-11-16 15:27:58.399,467,16734.02
2025-11-16 15:27:58.399,468,16751.64
2025-11-16 15:27:58.399,469,19491.78
2025-11-16 15:27:58.399,470,25963.11
2025-11-16 15:27:58.399,471,24734.57
2025-11-16 15:27:58.399,472,334076.69
2025-11-16 15:27:58.399,473,29603.42
2025-11-16 15:27:58.399,474,44928.77
2025-11-16 15:27:58.399,475,16215.84
2025-11-16 15:27:58.399,476,49845.72
2025-11-16 15:27:58.399,477,125056.52
2025-11-16 15:27:58.399,478,51284.3
2025-11-16 15:27:58.399,479,51284.3
2025-11-16 15:27:58.399,480,14865.85
2025-11-16 15:27:58.399,481,14805.01
2025-11-16 15:27:58.399,482,13814.22
2025-11-16 15:27:58.399,483,14169.19
2025-11-16 15:27:58.399,484,13744.46
2025-11-16 15:27:58.399,485,13814.22
2025-11-16 15:27:58.399,486,13856.26
2025-11-16 15:27:58.399,487,13856.26
2025-11-16 15:27:58.399,488,13856.26
2025-11-16 15:27:58.399,489,13870.31
2025-11-16 15:27:58.399,490,14328.73
2025-11-16 15:27:58.399,491,13912.56
2025-11-16 15:27:58.399,492,15284.43
2025-11-16 15:27:58.399,493,15174.57
2025-11-16 15:27:58.399,494,15300.2
2025-11-16 15:27:58.399,495,14684.21
2025-11-16 15:27:58.399,496,15749.92
2025-11-16 15:27:58.399,497,15065.65
2025-11-16 15:27:58.399,498,16097.79
2025-11-16 15:27:58.399,499,16317.87
2025-11-16 15:27:58.399,500,15684.7
2025-11-16 15:27:58.399,501,16352.05
2025-11-16 15:27:58.399,502,14926.99
2025-11-16 15:27:58.399,503,16982.88
2025-11-16 15:27:58.399,504,15395.25
2025-11-16 15:27:58.399,505,15782.65
2025-11-16 15:27:58.399,506,18103.81
2025-11-16 15:27:58.399,507,16386.33
2025-11-16 15:27:58.399,508,16249.76
2025-11-16 15:27:58.399,509,15799.05
2025-11-16 15:27:58.399,510,16114.59
2025-11-16 15:27:58.399,511,16081.01
2025-11-16 15:27:58.399,512,39644.14
2025-11-16 15:27:58.399,513,16249.76
2025-11-16 15:27:58.399,514,17531.99
2025-11-16 15:27:58.399,515,16386.33
2025-11-16 15:27:58.399,516,16437.9
2025-11-16 15:27:58.399,517,19577.68
2025-11-16 15:27:58.399,518,25710.52
2025-11-16 15:27:58.399,519,24469.6
2025-11-16 15:27:58.399,520,288853.09
2025-11-16 15:27:58.399,521,29071.17
2025-11-16 15:27:58.399,522,45002.86
2025-11-16 15:27:58.399,523,16131.41
2025-11-16 15:27:58.399,524,49670.62
2025-11-16 15:27:58.399,525,123295.2
2025-11-16 15:27:58.399,526,51841.71
2025-11-16 15:27:58.399,527,51841.71
2025-11-16 15:27:58.399,528,15096.68
2025-11-16 15:27:58.399,529,15019.26
2025-11-16 15:27:58.399,530,14040.19
2025-11-16 15:27:58.399,531,14387.27
2025-11-16 15:27:58.399,532,13926.67
2025-11-16 15:27:58.399,533,14068.74
2025-11-16 15:27:58.399,534,14097.35
2025-11-16 15:27:58.399,535,14183.61
2025-11-16 15:27:58.399,536,14083.04
2025-11-16 15:27:58.399,537,14068.74
2025-11-16 15:27:58.399,538,14774.7
2025-11-16 15:27:58.399,539,14183.61
2025-11-16 15:27:58.399,540,15636.01
2025-11-16 15:27:58.399,541,15603.64
2025-11-16 15:27:58.399,542,15587.49
2025-11-16 15:27:58.399,543,15143.35
2025-11-16 15:27:58.399,544,16131.41
2025-11-16 15:27:58.399,545,15268.68
2025-11-16 15:27:58.399,546,16403.5
2025-11-16 15:27:58.399,547,16734.02
2025-11-16 15:27:58.399,548,15947.57
2025-11-16 15:27:58.399,549,16698.84
2025-11-16 15:27:58.399,550,15237.23
2025-11-16 15:27:58.399,551,17309.7
2025-11-16 15:27:58.399,552,15782.65
2025-11-16 15:27:58.399,553,16014.12
2025-11-16 15:27:58.399,554,18458.39
2025-11-16 15:27:58.399,555,16875.66
2025-11-16 15:27:58.399,556,16369.18
2025-11-16 15:27:58.399,557,16182.0
2025-11-16 15:27:58.399,558,16437.9
2025-11-16 15:27:58.399,559,16215.84
2025-11-16 15:27:58.399,560,39887.21
2025-11-16 15:27:58.399,561,16317.87
2025-11-16 15:27:58.399,562,17757.91
2025-11-16 15:27:58.399,563,16455.14
2025-11-16 15:27:58.399,564,16663.75
2025-11-16 15:27:58.399,565,19926.36
2025-11-16 15:27:58.399,566,25994.93
2025-11-16 15:27:58.399,567,24557.47
2025-11-16 15:27:58.399,568,339960.47
2025-11-16 15:27:58.399,569,29297.52
2025-11-16 15:27:58.399,570,45831.29
2025-11-16 15:27:58.399,571,16317.87
2025-11-16 15:27:58.399,572,49496.55
2025-11-16 15:27:58.399,573,123295.2
2025-11-16 15:27:58.399,574,52600.88
2025-11-16 15:27:58.399,575,52600.88
2025-11-16 15:27:58.399,576,15081.15
2025-11-16 15:27:58.399,577,15019.26
2025-11-16 15:27:58.399,578,14270.47
2025-11-16 15:27:58.399,579,14654.19
2025-11-16 15:27:58.399,580,13912.56
2025-11-16 15:27:58.399,581,14140.4
2025-11-16 15:27:58.399,582,13954.95
2025-11-16 15:27:58.399,583,13954.95
2025-11-16 15:27:58.399,584,14025.94
2025-11-16 15:27:58.399,585,13870.31
2025-11-16 15:27:58.399,586,14624.25
2025-11-16 15:27:58.399,587,14068.74
2025-11-16 15:27:58.399,588,15331.81
2025-11-16 15:27:58.399,589,15237.23
2025-11-16 15:27:58.399,590,15491.01
2025-11-16 15:27:58.399,591,15003.83
2025-11-16 15:27:58.399,592,15947.57
2025-11-16 15:27:58.399,593,15174.57
2025-11-16 15:27:58.399,594,16148.25
2025-11-16 15:27:58.399,595,16249.76
2025-11-16 15:27:58.399,596,15848.37
2025-11-16 15:27:58.399,597,16403.5
2025-11-16 15:27:58.399,598,14505.19
2025-11-16 15:27:58.399,599,16875.66
2025-11-16 15:27:58.399,600,15363.49
2025-11-16 15:27:58.399,601,15507.04
2025-11-16 15:27:58.399,602,17853.14
2025-11-16 15:27:58.399,603,16317.87
2025-11-16 15:27:58.399,604,15782.65
2025-11-16 15:27:58.399,605,15268.68
2025-11-16 15:27:58.399,606,15507.04
2025-11-16 15:27:58.399,607,14270.47
2025-11-16 15:27:58.399,608,39523.48
2025-11-16 15:27:58.399,609,15636.01
2025-11-16 15:27:58.399,610,17072.88
2025-11-16 15:27:58.399,611,15749.92
2025-11-16 15:27:58.399,612,16165.12
2025-11-16 15:27:58.399,613,19449.01
2025-11-16 15:27:58.399,614,25033.8
2025-11-16 15:27:58.399,615,23894.93
2025-11-16 15:27:58.399,616,297844.91
2025-11-16 15:27:58.399,617,28480.09
2025-11-16 15:27:58.399,618,43417.48
2025-11-16 15:27:58.399,619,15619.82
2025-11-16 15:27:58.399,620,48305.81
2025-11-16 15:27:58.399,621,119086.36
2025-11-16 15:27:58.399,622,50021.84
2025-11-16 15:27:58.399,623,50021.84
2025-11-16 15:27:58.399,624,15034.71
2025-11-16 15:27:58.399,625,15019.26
2025-11-16 15:27:58.399,626,14097.35
2025-11-16 15:27:58.399,627,14505.19
2025-11-16 15:27:58.399,628,13842.23
2025-11-16 15:27:58.399,629,13983.3
2025-11-16 15:27:58.399,630,14040.19
2025-11-16 15:27:58.399,631,14040.19
2025-11-16 15:27:58.399,632,14068.74
2025-11-16 15:27:58.399,633,14040.19
2025-11-16 15:27:58.399,634,14416.64
2025-11-16 15:27:58.399,635,14126.04
2025-11-16 15:27:58.399,636,15491.01
2025-11-16 15:27:58.399,637,15395.25
2025-11-16 15:27:58.399,638,15491.01
2025-11-16 15:27:58.399,639,15096.68
2025-11-16 15:27:58.399,640,16114.59
2025-11-16 15:27:58.399,641,15268.68
2025-11-16 15:27:58.399,642,16386.33
2025-11-16 15:27:58.399,643,16628.76
2025-11-16 15:27:58.399,644,15848.37
2025-11-16 15:27:58.399,645,16663.75
2025-11-16 15:27:58.399,646,15268.68
2025-11-16 15:27:58.399,647,17163.47
2025-11-16 15:27:58.399,648,15864.85
2025-11-16 15:27:58.399,649,16047.52
2025-11-16 15:27:58.399,650,18398.68
2025-11-16 15:27:58.399,651,16698.84
2025-11-16 15:27:58.399,652,16663.75
2025-11-16 15:27:58.399,653,16148.25
2025-11-16 15:27:58.399,654,16352.05
2025-11-16 15:27:58.399,655,16249.76
2025-11-16 15:27:58.399,656,40380.55
2025-11-16 15:27:58.399,657,16369.18
2025-11-16 15:27:58.399,658,17720.0
2025-11-16 15:27:58.399,659,16734.02
2025-11-16 15:27:58.399,660,16911.3
2025-11-16 15:27:58.399,661,19904.33
2025-11-16 15:27:58.399,662,25836.37
2025-11-16 15:27:58.399,663,24704.93
2025-11-16 15:27:58.399,664,328387.41
2025-11-16 15:27:58.399,665,29184.02
2025-11-16 15:27:58.399,666,45301.25
2025-11-16 15:27:58.399,667,16064.26
2025-11-16 15:27:58.399,668,48641.14
2025-11-16 15:27:58.399,669,123295.2
2025-11-16 15:27:58.399,670,52409.35
2025-11-16 15:27:58.399,671,52409.35
2025-11-16 15:27:58.399,672,14416.64
2025-11-16 15:27:58.399,673,14416.64
2025-11-16 15:27:58.399,674,14097.35
2025-11-16 15:27:58.399,675,13926.67
2025-11-16 15:27:58.399,676,14198.04
2025-11-16 15:27:58.399,677,14183.61
2025-11-16 15:27:58.399,678,14328.73
2025-11-16 15:27:58.399,679,14314.14
2025-11-16 15:27:58.399,680,14416.64
2025-11-16 15:27:58.399,681,14299.57
2025-11-16 15:27:58.399,682,14896.38
2025-11-16 15:27:58.399,683,14789.84
2025-11-16 15:27:58.399,684,15848.37
2025-11-16 15:27:58.399,685,15782.65
2025-11-16 15:27:58.399,686,15881.35
2025-11-16 15:27:58.399,687,15395.25
2025-11-16 15:27:58.399,688,16663.75
2025-11-16 15:27:58.399,689,15848.37
2025-11-16 15:27:58.399,690,16875.66
2025-11-16 15:27:58.399,691,17036.8
2025-11-16 15:27:58.399,692,16283.77
2025-11-16 15:27:58.399,693,17036.8
2025-11-16 15:27:58.399,694,15815.47
2025-11-16 15:27:58.399,695,17701.08
2025-11-16 15:27:58.399,696,16165.12
2025-11-16 15:27:58.399,697,16420.69
2025-11-16 15:27:58.399,698,19028.03
2025-11-16 15:27:58.399,699,17272.99
2025-11-16 15:27:58.399,700,16911.3
2025-11-16 15:27:58.399,701,16663.75
2025-11-16 15:27:58.399,702,16964.95
2025-11-16 15:27:58.399,703,16769.29
2025-11-16 15:27:58.399,704,41657.55
2025-11-16 15:27:58.399,705,16929.16
2025-11-16 15:27:58.399,706,18221.02
2025-11-16 15:27:58.399,707,16982.88
2025-11-16 15:27:58.399,708,17291.33
2025-11-16 15:27:58.399,709,20373.88
2025-11-16 15:27:58.399,710,26219.28
2025-11-16 15:27:58.399,711,25033.8
2025-11-16 15:27:58.399,712,372678.72
2025-11-16 15:27:58.399,713,29680.64
2025-11-16 15:27:58.399,714,47322.41
2025-11-16 15:27:58.399,715,16840.11
2025-11-16 15:27:58.399,716,49758.04
2025-11-16 15:27:58.399,717,127787.46
2025-11-16 15:27:58.399,718,54378.94
2025-11-16 15:27:58.399,719,54378.94
2025-11-16 15:27:58.399,720,14820.19
2025-11-16 15:27:58.399,721,14774.7
2025-11-16 15:27:58.399,722,14744.46
2025-11-16 15:27:58.399,723,14835.39
2025-11-16 15:27:58.399,724,14357.96
2025-11-16 15:27:58.399,725,14624.25
2025-11-16 15:27:58.399,726,14534.84
2025-11-16 15:27:58.399,727,14564.57
2025-11-16 15:27:58.399,728,14805.01
2025-11-16 15:27:58.399,729,14534.84
2025-11-16 15:27:58.399,730,15252.94
2025-11-16 15:27:58.399,731,14881.11
2025-11-16 15:27:58.399,732,15864.85
2025-11-16 15:27:58.399,733,16047.52
2025-11-16 15:27:58.399,734,15782.65
2025-11-16 15:27:58.399,735,15379.36
2025-11-16 15:27:58.399,736,16698.84
2025-11-16 15:27:58.399,737,15831.91
2025-11-16 15:27:58.399,738,16875.66
2025-11-16 15:27:58.399,739,17054.83
2025-11-16 15:27:58.399,740,16182.0
2025-11-16 15:27:58.399,741,17018.8
2025-11-16 15:27:58.399,742,15799.05
2025-11-16 15:27:58.399,743,17457.49
2025-11-16 15:27:58.399,744,16081.01
2025-11-16 15:27:58.399,745,16369.18
2025-11-16 15:27:58.399,746,18822.0
2025-11-16 15:27:58.399,747,17127.16
2025-11-16 15:27:58.399,748,17054.83
2025-11-16 15:27:58.399,749,16681.28
2025-11-16 15:27:58.399,750,16929.16
2025-11-16 15:27:58.399,751,16875.66
2025-11-16 15:27:58.399,752,41139.08
2025-11-16 15:27:58.399,753,17072.88
2025-11-16 15:27:58.399,754,18181.84
2025-11-16 15:27:58.399,755,17163.47
2025-11-16 15:27:58.399,756,17272.99
2025-11-16 15:27:58.399,757,20238.23
2025-11-16 15:27:58.399,758,25899.63
2025-11-16 15:27:58.399,759,24557.47
2025-11-16 15:27:58.399,760,369134.25
2025-11-16 15:27:58.399,761,29992.53
2025-11-16 15:27:58.399,762,46449.59
2025-11-16 15:27:58.399,763,16840.11
2025-11-16 15:27:58.399,764,48473.0
2025-11-16 15:27:58.399,765,120737.61
2025-11-16 15:27:58.399,766,51841.71
2025-11-16 15:27:58.399,767,51841.71
2025-11-16 15:27:58.399,768,16182.0
2025-11-16 15:27:58.399,769,16014.12
2025-11-16 15:27:58.399,770,15205.86
2025-11-16 15:27:58.399,771,15523.09
2025-11-16 15:27:58.399,772,14926.99
2025-11-16 15:27:58.399,773,15019.26
2025-11-16 15:27:58.399,774,15003.83
2025-11-16 15:27:58.399,775,15050.17
2025-11-16 15:27:58.399,776,15237.23
2025-11-16 15:27:58.399,777,15096.68
2025-11-16 15:27:58.399,778,15587.49
2025-11-16 15:27:58.399,779,15363.49
2025-11-16 15:27:58.399,780,16593.85
2025-11-16 15:27:58.399,781,16403.5
2025-11-16 15:27:58.399,782,16215.84
2025-11-16 15:27:58.399,783,15947.57
2025-11-16 15:27:58.399,784,17163.47
2025-11-16 15:27:58.399,785,16215.84
2025-11-16 15:27:58.399,786,17199.88
2025-11-16 15:27:58.399,787,17757.91
2025-11-16 15:27:58.399,788,16334.95
2025-11-16 15:27:58.399,789,17163.47
2025-11-16 15:27:58.399,790,16352.05
2025-11-16 15:27:58.399,791,18181.84
2025-11-16 15:27:58.399,792,16698.84
2025-11-16 15:27:58.399,793,16698.84
2025-11-16 15:27:58.399,794,19449.01
2025-11-16 15:27:58.399,795,17569.39
2025-11-16 15:27:58.399,796,17606.89
2025-11-16 15:27:58.399,797,17163.47
2025-11-16 15:27:58.399,798,17531.99
2025-11-16 15:27:58.399,799,17494.69
2025-11-16 15:27:58.399,800,41920.75
2025-11-16 15:27:58.399,801,17795.93
2025-11-16 15:27:58.399,802,18965.91
2025-11-16 15:27:58.399,803,17910.59
2025-11-16 15:27:58.399,804,17929.79
2025-11-16 15:27:58.399,805,21261.97
2025-11-16 15:27:58.399,806,26809.18
2025-11-16 15:27:58.399,807,25710.52
2025-11-16 15:27:58.399,808,362238.63
2025-11-16 15:27:58.399,809,31248.74
2025-11-16 15:27:58.399,810,48980.34
2025-11-16 15:27:58.399,811,17588.13
2025-11-16 15:27:58.399,812,51468.98
2025-11-16 15:27:58.399,813,130148.98
2025-11-16 15:27:58.399,814,55621.39
2025-11-16 15:27:58.399,815,55621.39
2025-11-16 15:27:58.399,816,16769.29
2025-11-16 15:27:58.399,817,16786.96
2025-11-16 15:27:58.399,818,15766.28
2025-11-16 15:27:58.399,819,16114.59
2025-11-16 15:27:58.399,820,15587.49
2025-11-16 15:27:58.399,821,15619.82
2025-11-16 15:27:58.399,822,15587.49
2025-11-16 15:27:58.399,823,15749.92
2025-11-16 15:27:58.399,824,15848.37
2025-11-16 15:27:58.399,825,15603.64
2025-11-16 15:27:58.399,826,16081.01
2025-11-16 15:27:58.399,827,16030.81
2025-11-16 15:27:58.399,828,17000.83
2025-11-16 15:27:58.399,829,16769.29
2025-11-16 15:27:58.399,830,16334.95
2025-11-16 15:27:58.399,831,16334.95
2025-11-16 15:27:58.399,832,17720.0
2025-11-16 15:27:58.399,833,16663.75
2025-11-16 15:27:58.399,834,17457.49
2025-11-16 15:27:58.399,835,18064.95
2025-11-16 15:27:58.399,836,16698.84
2025-11-16 15:27:58.399,837,16857.87
2025-11-16 15:27:58.399,838,16663.75
2025-11-16 15:27:58.399,839,18538.4
2025-11-16 15:27:58.399,840,17438.93
2025-11-16 15:27:58.399,841,17814.97
2025-11-16 15:27:58.399,842,20148.47
2025-11-16 15:27:58.399,843,18538.4
2025-11-16 15:27:58.399,844,18418.55
2025-11-16 15:27:58.399,845,18026.2
2025-11-16 15:27:58.399,846,18181.84
2025-11-16 15:27:58.399,847,18240.65
2025-11-16 15:27:58.399,848,44054.89
2025-11-16 15:27:58.399,849,18084.37
2025-11-16 15:27:58.399,850,19577.68
2025-11-16 15:27:58.399,851,18598.7
2025-11-16 15:27:58.399,852,18578.57
2025-11-16 15:27:58.399,853,22203.33
2025-11-16 15:27:58.399,854,28119.63
2025-11-16 15:27:58.399,855,26809.18
2025-11-16 15:27:58.399,856,383721.19
2025-11-16 15:27:58.399,857,32058.32
2025-11-16 15:27:58.399,858,50110.29
2025-11-16 15:27:58.399,859,18221.02
2025-11-16 15:27:58.399,860,52987.48
2025-11-16 15:27:58.399,861,133091.78
2025-11-16 15:27:58.399,862,57577.48
2025-11-16 15:27:58.399,863,57577.48
2025-11-16 15:27:58.399,864,18240.65
2025-11-16 15:27:58.399,865,18123.28
2025-11-16 15:27:58.399,866,17236.39
2025-11-16 15:27:58.399,867,17346.5
2025-11-16 15:27:58.399,868,17036.8
2025-11-16 15:27:58.399,869,17236.39
2025-11-16 15:27:58.399,870,17054.83
2025-11-16 15:27:58.399,871,16964.95
2025-11-16 15:27:58.399,872,17236.39
2025-11-16 15:27:58.399,873,17054.83
2025-11-16 15:27:58.399,874,17346.5
2025-11-16 15:27:58.399,875,17346.5
2025-11-16 15:27:58.399,876,18026.2
2025-11-16 15:27:58.399,877,18026.2
2025-11-16 15:27:58.399,878,17720.0
2025-11-16 15:27:58.399,879,17163.47
2025-11-16 15:27:58.399,880,18781.14
2025-11-16 15:27:58.399,881,17457.49
2025-11-16 15:27:58.399,882,18842.47
2025-11-16 15:27:58.399,883,19449.01
2025-11-16 15:27:58.399,884,17309.7
2025-11-16 15:27:58.399,885,18659.26
2025-11-16 15:27:58.399,886,18142.77
2025-11-16 15:27:58.399,887,19577.68
2025-11-16 15:27:58.399,888,18142.77
2025-11-16 15:27:58.399,889,18201.42
2025-11-16 15:27:58.399,890,21310.15
2025-11-16 15:27:58.399,891,19427.67
2025-11-16 15:27:58.399,892,19449.01
2025-11-16 15:27:58.399,893,19069.58
2025-11-16 15:27:58.399,894,19258.07
2025-11-16 15:27:58.399,895,19577.68
2025-11-16 15:27:58.399,896,45301.25
2025-11-16 15:27:58.399,897,19751.0
2025-11-16 15:27:58.399,898,20556.65
2025-11-16 15:27:58.399,899,19491.78
2025-11-16 15:27:58.399,900,19707.48
2025-11-16 15:27:58.399,901,23175.81
2025-11-16 15:27:58.399,902,29071.17
2025-11-16 15:27:58.399,903,27906.57
2025-11-16 15:27:58.399,904,460679.59
2025-11-16 15:27:58.399,905,33870.7
2025-11-16 15:27:58.399,906,51009.33
2025-11-16 15:27:58.399,907,19470.38
2025-11-16 15:27:58.399,908,54480.68
2025-11-16 15:27:58.399,909,133594.3
2025-11-16 15:27:58.399,910,58141.67
2025-11-16 15:27:58.399,911,58141.67
2025-11-16 15:27:58.399,912,24179.86
2025-11-16 15:27:58.399,913,24093.88
2025-11-16 15:27:58.399,914,22827.54
2025-11-16 15:27:58.399,915,23040.99
2025-11-16 15:27:58.399,916,22880.64
2025-11-16 15:27:58.399,917,22880.64
2025-11-16 15:27:58.399,918,22880.64
2025-11-16 15:27:58.399,919,22880.64
2025-11-16 15:27:58.399,920,23094.79
2025-11-16 15:27:58.399,921,22774.6
2025-11-16 15:27:58.399,922,23670.38
2025-11-16 15:27:58.399,923,23311.73
2025-11-16 15:27:58.399,924,23698.29
2025-11-16 15:27:58.399,925,23951.54
2025-11-16 15:27:58.399,926,21750.49
2025-11-16 15:27:58.399,927,22854.06
2025-11-16 15:27:58.399,928,23586.93
2025-11-16 15:27:58.399,929,23366.42
2025-11-16 15:27:58.399,930,24645.8
2025-11-16 15:27:58.399,931,25276.9
2025-11-16 15:27:58.399,932,24093.88
2025-11-16 15:27:58.399,933,25154.93
2025-11-16 15:27:58.399,934,23866.7
2025-11-16 15:27:58.399,935,24093.88
2025-11-16 15:27:58.399,936,24065.32
2025-11-16 15:27:58.399,937,24616.31
2025-11-16 15:27:58.399,938,27349.84
2025-11-16 15:27:58.399,939,25461.45
2025-11-16 15:27:58.399,940,25710.52
2025-11-16 15:27:58.399,941,25185.35
2025-11-16 15:27:58.399,942,25523.39
2025-11-16 15:27:58.399,943,26090.74
2025-11-16 15:27:58.399,944,55727.09
2025-11-16 15:27:58.399,945,25963.11
2025-11-16 15:27:58.399,946,25994.93
2025-11-16 15:27:58.399,947,25585.55
2025-11-16 15:27:58.399,948,26026.81
2025-11-16 15:27:58.399,949,29992.53
2025-11-16 15:27:58.399,950,36686.43
2025-11-16 15:27:58.399,951,35134.67
2025-11-16 15:27:58.399,952,592227.94
2025-11-16 15:27:58.399,953,43277.87
2025-11-16 15:27:58.399,954,64077.9
2025-11-16 15:27:58.399,955,25741.9
2025-11-16 15:27:58.399,956,68493.05
2025-11-16 15:27:58.399,957,167191.02
2025-11-16 15:27:58.399,958,73637.78
2025-11-16 15:27:58.399,959,73637.78
2025-11-16 15:27:58.399,960,41723.1
2025-11-16 15:27:58.399,961,40756.99
2025-11-16 15:27:58.399,962,40132.67
2025-11-16 15:27:58.399,963,40630.89
2025-11-16 15:27:58.399,964,39343.6
2025-11-16 15:27:58.399,965,40380.55
2025-11-16 15:27:58.399,966,39765.37
2025-11-16 15:27:58.399,967,39887.21
2025-11-16 15:27:58.399,968,39887.21
2025-11-16 15:27:58.399,969,38578.92
2025-11-16 15:27:58.399,970,40505.41
2025-11-16 15:27:58.399,971,40380.55
2025-11-16 15:27:58.399,972,35742.86
2025-11-16 15:27:58.399,973,37669.63
2025-11-16 15:27:58.399,974,38233.91
2025-11-16 15:27:58.399,975,37725.46
2025-11-16 15:27:58.399,976,40256.3
2025-11-16 15:27:58.399,977,37781.43
2025-11-16 15:27:58.399,978,37669.63
2025-11-16 15:27:58.399,979,40009.64
2025-11-16 15:27:58.399,980,40256.3
2025-11-16 15:27:58.399,981,39887.21
2025-11-16 15:27:58.399,982,40256.3
2025-11-16 15:27:58.399,983,38405.8
2025-11-16 15:27:58.399,984,38405.8
2025-11-16 15:27:58.399,985,39403.42
2025-11-16 15:27:58.399,986,39403.42
2025-11-16 15:27:58.399,987,34156.08
2025-11-16 15:27:58.399,988,41139.08
2025-11-16 15:27:58.399,989,40630.89
2025-11-16 15:27:58.399,990,41788.82
2025-11-16 15:27:58.399,991,44634.36
2025-11-16 15:27:58.399,992,87398.81
2025-11-16 15:27:58.399,993,41920.75
2025-11-16 15:27:58.399,994,42186.62
2025-11-16 15:27:58.399,995,40071.08
2025-11-16 15:27:58.399,996,42455.23
2025-11-16 15:27:58.399,997,48980.34
2025-11-16 15:27:58.399,998,54277.52
2025-11-16 15:27:58.399,999,54378.94
2025-11-16 15:27:58.399,1000,942433.13
2025-11-16 15:27:58.399,1001,70663.95
2025-11-16 15:27:58.399,1002,99101.66
2025-11-16 15:27:58.399,1003,40380.55
2025-11-16 15:27:58.399,1004,99101.66
2025-11-16 15:27:58.399,1005,235144.47
2025-11-16 15:27:58.399,1006,113248.5
2025-11-16 15:27:58.399,1007,113248.5
2025-11-16 15:27:58.399,1008,59181.26
2025-11-16 15:27:58.399,1009,58255.64
2025-11-16 15:27:58.399,1010,56912.64
2025-11-16 15:27:58.399,1011,57577.48
2025-11-16 15:27:58.399,1012,56476.62
2025-11-16 15:27:58.399,1013,56912.64
2025-11-16 15:27:58.399,1014,56693.92
2025-11-16 15:27:58.399,1015,56912.64
2025-11-16 15:27:58.399,1016,58255.64
2025-11-16 15:27:58.399,1017,56476.62
2025-11-16 15:27:58.399,1018,58028.08
2025-11-16 15:27:58.399,1019,57802.03
2025-11-16 15:27:58.399,1020,54685.13
2025-11-16 15:27:58.399,1021,54994.24
2025-11-16 15:27:58.399,1022,56476.62
2025-11-16 15:27:58.399,1023,56368.51
2025-11-16 15:27:58.399,1024,57802.03
2025-11-16 15:27:58.399,1025,56260.74
2025-11-16 15:27:58.399,1026,48473.0
2025-11-16 15:27:58.399,1027,55833.13
2025-11-16 15:27:58.399,1028,51284.3
2025-11-16 15:27:58.399,1029,52218.99
2025-11-16 15:27:58.399,1030,55621.39
2025-11-16 15:27:58.399,1031,42455.23
2025-11-16 15:27:58.399,1032,54176.42
2025-11-16 15:27:58.399,1033,55621.39
2025-11-16 15:27:58.399,1034,52218.99
2025-11-16 15:27:58.399,1035,54378.94
2025-11-16 15:27:58.399,1036,56693.92
2025-11-16 15:27:58.399,1037,56693.92
2025-11-16 15:27:58.399,1038,56912.64
2025-11-16 15:27:58.399,1039,61358.41
2025-11-16 15:27:58.399,1040,115134.95
2025-11-16 15:27:58.399,1041,56803.11
2025-11-16 15:27:58.399,1042,52409.35
2025-11-16 15:27:58.399,1043,53975.16
2025-11-16 15:27:58.399,1044,56693.92
2025-11-16 15:27:58.399,1045,62370.57
2025-11-16 15:27:58.399,1046,65867.58
2025-11-16 15:27:58.399,1047,64483.38
2025-11-16 15:27:58.399,1048,920784.13
2025-11-16 15:27:58.399,1049,93571.2
2025-11-16 15:27:58.399,1050,125954.73
2025-11-16 15:27:58.399,1051,55727.09
2025-11-16 15:27:58.399,1052,141018.91
2025-11-16 15:27:58.399,1053,297844.91
2025-11-16 15:27:58.399,1054,143283.25
2025-11-16 15:27:58.399,1055,143283.25
2025-11-16 15:27:58.399,1056,47322.41
2025-11-16 15:27:58.399,1057,48556.95
2025-11-16 15:27:58.399,1058,46216.13
2025-11-16 15:27:58.399,1059,46606.3
2025-11-16 15:27:58.399,1060,46527.84
2025-11-16 15:27:58.399,1061,47081.7
2025-11-16 15:27:58.399,1062,46527.84
2025-11-16 15:27:58.399,1063,46293.73
2025-11-16 15:27:58.399,1064,46371.55
2025-11-16 15:27:58.399,1065,45754.95
2025-11-16 15:27:58.399,1066,47161.71
2025-11-16 15:27:58.399,1067,46843.01
2025-11-16 15:27:58.399,1068,45907.83
2025-11-16 15:27:58.399,1069,46843.01
2025-11-16 15:27:58.399,1070,47565.14
2025-11-16 15:27:58.399,1071,48139.58
2025-11-16 15:27:58.399,1072,47161.71
2025-11-16 15:27:58.399,1073,45151.65
2025-11-16 15:27:58.399,1074,37893.76
2025-11-16 15:27:58.399,1075,45602.89
2025-11-16 15:27:58.399,1076,41267.73
2025-11-16 15:27:58.399,1077,39403.42
2025-11-16 15:27:58.399,1078,46449.59
2025-11-16 15:27:58.399,1079,40756.99
2025-11-16 15:27:58.399,1080,39887.21
2025-11-16 15:27:58.399,1081,44928.77
2025-11-16 15:27:58.399,1082,39583.74
2025-11-16 15:27:58.399,1083,42863.36
2025-11-16 15:27:58.399,1084,47001.92
2025-11-16 15:27:58.399,1085,46684.98
2025-11-16 15:27:58.399,1086,47322.41
2025-11-16 15:27:58.399,1087,51468.98
2025-11-16 15:27:58.399,1088,97948.88
2025-11-16 15:27:58.399,1089,47322.41
2025-11-16 15:27:58.399,1090,46216.13
2025-11-16 15:27:58.399,1091,45754.95
2025-11-16 15:27:58.399,1092,47322.41
2025-11-16 15:27:58.399,1093,55411.0
2025-11-16 15:27:58.399,1094,53378.87
2025-11-16 15:27:58.399,1095,54378.94
2025-11-16 15:27:58.399,1096,793012.25
2025-11-16 15:27:58.399,1097,79503.01
2025-11-16 15:27:58.399,1098,104608.9
2025-11-16 15:27:58.399,1099,47322.41
2025-11-16 15:27:58.399,1100,122431.63
2025-11-16 15:27:58.399,1101,268514.44
2025-11-16 15:27:58.399,1102,128722.46
2025-11-16 15:27:58.399,1103,128722.46
2025-11-16 15:27:58.399,1104,67158.02
2025-11-16 15:27:58.399,1105,65867.58
2025-11-16 15:27:58.399,1106,63676.8
2025-11-16 15:27:58.399,1107,65867.58
2025-11-16 15:27:58.399,1108,64212.57
2025-11-16 15:27:58.399,1109,63943.71
2025-11-16 15:27:58.399,1110,63943.71
2025-11-16 15:27:58.399,1111,64483.38
2025-11-16 15:27:58.399,1112,65586.65
2025-11-16 15:27:58.399,1113,63943.71
2025-11-16 15:27:58.399,1114,66292.91
2025-11-16 15:27:58.399,1115,64483.38
2025-11-16 15:27:58.399,1116,64212.57
2025-11-16 15:27:58.399,1117,66150.61
2025-11-16 15:27:58.399,1118,65867.58
2025-11-16 15:27:58.399,1119,65446.95
2025-11-16 15:27:58.399,1120,65867.58
2025-11-16 15:27:58.399,1121,63411.8
2025-11-16 15:27:58.399,1122,52697.09
2025-11-16 15:27:58.399,1123,61860.94
2025-11-16 15:27:58.399,1124,62370.57
2025-11-16 15:27:58.399,1125,60495.69
2025-11-16 15:27:58.399,1126,64756.17
2025-11-16 15:27:58.399,1127,59892.09
2025-11-16 15:27:58.399,1128,58484.71
2025-11-16 15:27:58.399,1129,64212.57
2025-11-16 15:27:58.399,1130,57689.57
2025-11-16 15:27:58.399,1131,63676.8
2025-11-16 15:27:58.399,1132,62370.57
2025-11-16 15:27:58.399,1133,65307.78
2025-11-16 15:27:58.399,1134,65307.78
2025-11-16 15:27:58.399,1135,73466.84
2025-11-16 15:27:58.399,1136,132592.78
2025-11-16 15:27:58.399,1137,63411.8
2025-11-16 15:27:58.399,1138,61987.67
2025-11-16 15:27:58.399,1139,61358.41
2025-11-16 15:27:58.399,1140,65446.95
2025-11-16 15:27:58.399,1141,75925.42
2025-11-16 15:27:58.399,1142,73466.84
2025-11-16 15:27:58.399,1143,78341.52
2025-11-16 15:27:58.399,1144,942433.13
2025-11-16 15:27:58.399,1145,107576.14
2025-11-16 15:27:58.399,1146,153062.25
2025-11-16 15:27:58.399,1147,64756.17
2025-11-16 15:27:58.399,1148,176906.95
2025-11-16 15:27:58.399,1149,342978.47
2025-11-16 15:27:58.399,1150,188709.95
2025-11-16 15:27:58.399,1151,188709.95
2025-11-16 15:27:58.399,1152,97381.57
2025-11-16 15:27:58.399,1153,97948.88
2025-11-16 15:27:58.399,1154,91512.71
2025-11-16 15:27:58.399,1155,94632.04
2025-11-16 15:27:58.399,1156,92531.65
2025-11-16 15:27:58.399,1157,93309.35
2025-11-16 15:27:58.399,1158,91010.8
2025-11-16 15:27:58.399,1159,91512.71
2025-11-16 15:27:58.399,1160,93048.8
2025-11-16 15:27:58.399,1161,90021.7
2025-11-16 15:27:58.399,1162,91512.71
2025-11-16 15:27:58.399,1163,92531.65
2025-11-16 15:27:58.399,1164,90761.7
2025-11-16 15:27:58.399,1165,94098.91
2025-11-16 15:27:58.399,1166,97948.88
2025-11-16 15:27:58.399,1167,91010.8
2025-11-16 15:27:58.399,1168,95442.0
2025-11-16 15:27:58.399,1169,86707.14
2025-11-16 15:27:58.399,1170,90513.82
2025-11-16 15:27:58.399,1171,92531.65
2025-11-16 15:27:58.399,1172,96820.16
2025-11-16 15:27:58.399,1173,94364.8
2025-11-16 15:27:58.399,1174,92019.64
2025-11-16 15:27:58.399,1175,92019.64
2025-11-16 15:27:58.399,1176,87631.56
2025-11-16 15:27:58.399,1177,86478.77
2025-11-16 15:27:58.399,1178,91512.71
2025-11-16 15:27:58.399,1179,92531.65
2025-11-16 15:27:58.399,1180,79503.01
2025-11-16 15:27:58.399,1181,90513.82
2025-11-16 15:27:58.399,1182,81713.57
2025-11-16 15:27:58.399,1183,96541.67
2025-11-16 15:27:58.399,1184,158434.67
2025-11-16 15:27:58.399,1185,77396.36
2025-11-16 15:27:58.399,1186,81508.11
2025-11-16 15:27:58.399,1187,76471.19
2025-11-16 15:27:58.399,1188,78341.52
2025-11-16 15:27:58.399,1189,101482.63
2025-11-16 15:27:58.399,1190,75386.48
2025-11-16 15:27:58.399,1191,85800.06
2025-11-16 15:27:58.399,1192,508356.06
2025-11-16 15:27:58.399,1193,145616.44
2025-11-16 15:27:58.399,1194,176906.95
2025-11-16 15:27:58.399,1195,81919.95
2025-11-16 15:27:58.399,1196,217430.56
2025-11-16 15:27:58.399,1197,439984.91
2025-11-16 15:27:58.399,1198,226638.0
2025-11-16 15:27:58.399,1199,226638.0
2025-11-16 15:27:58.399,1200,566776.38
2025-11-16 15:27:58.399,1201,455329.53
2025-11-16 15:27:58.399,1202,483368.97
2025-11-16 15:27:58.399,1203,444986.13
2025-11-16 15:27:58.399,1204,395419.56
2025-11-16 15:27:58.399,1205,471757.34
2025-11-16 15:27:58.399,1206,450099.75
2025-11-16 15:27:58.399,1207,460679.59
2025-11-16 15:27:58.399,1208,521823.06
2025-11-16 15:27:58.399,1209,450099.75
2025-11-16 15:27:58.399,1210,455329.53
2025-11-16 15:27:58.399,1211,387544.88
2025-11-16 15:27:58.399,1212,383721.19
2025-11-16 15:27:58.399,1213,430305.09
2025-11-16 15:27:58.399,1214,346048.91
2025-11-16 15:27:58.399,1215,379970.25
2025-11-16 15:27:58.399,1216,358884.03
2025-11-16 15:27:58.399,1217,346048.91
2025-11-16 15:27:58.399,1218,450099.75
2025-11-16 15:27:58.399,1219,383721.19
2025-11-16 15:27:58.399,1220,403612.41
2025-11-16 15:27:58.399,1221,425619.72
2025-11-16 15:27:58.399,1222,430305.09
2025-11-16 15:27:58.399,1223,358884.03
2025-11-16 15:27:58.399,1224,416541.69
2025-11-16 15:27:58.399,1225,328387.41
2025-11-16 15:27:58.399,1226,421032.91
2025-11-16 15:27:58.399,1227,412143.03
2025-11-16 15:27:58.399,1228,403612.41
2025-11-16 15:27:58.399,1229,439984.91
2025-11-16 15:27:58.399,1230,328387.41
2025-11-16 15:27:58.399,1231,460679.59
2025-11-16 15:27:58.399,1232,708471.5
2025-11-16 15:27:58.399,1233,430305.09
2025-11-16 15:27:58.399,1234,450099.75
2025-11-16 15:27:58.399,1235,430305.09
2025-11-16 15:27:58.399,1236,450099.75
2025-11-16 15:27:58.399,1237,566776.38
2025-11-16 15:27:58.399,1238,566776.38
2025-11-16 15:27:58.399,1239,536008.31
2025-11-16 15:27:58.399,1240,721303.56
2025-11-16 15:27:58.399,1241,721303.56
2025-11-16 15:27:58.399,1242,942433.13
2025-11-16 15:27:58.399,1243,489387.19
2025-11-16 15:27:58.399,1244,965113.19
2025-11-16 15:27:58.399,1245,988899.38
2025-11-16 15:27:58.399,1246,988899.38
2025-11-16 15:27:58.399,1247,988899.38
2025-11-16 15:27:58.399,1248,104288.4
2025-11-16 15:27:58.399,1249,103337.61
2025-11-16 15:27:58.399,1250,102402.48
2025-11-16 15:27:58.399,1251,103337.61
2025-11-16 15:27:58.399,1252,99687.32
2025-11-16 15:27:58.399,1253,103652.78
2025-11-16 15:27:58.399,1254,99101.66
2025-11-16 15:27:58.399,1255,102094.18
2025-11-16 15:27:58.399,1256,102402.48
2025-11-16 15:27:58.399,1257,97381.57
2025-11-16 15:27:58.399,1258,102712.45
2025-11-16 15:27:58.399,1259,102712.45
2025-11-16 15:27:58.399,1260,99101.66
2025-11-16 15:27:58.399,1261,102094.18
2025-11-16 15:27:58.399,1262,103337.61
2025-11-16 15:27:58.399,1263,103337.61
2025-11-16 15:27:58.399,1264,100279.32
2025-11-16 15:27:58.399,1265,94900.64
2025-11-16 15:27:58.399,1266,91261.14
2025-11-16 15:27:58.399,1267,72789.98
2025-11-16 15:27:58.399,1268,101482.63
2025-11-16 15:27:58.399,1269,102712.45
2025-11-16 15:27:58.399,1270,104288.4
2025-11-16 15:27:58.399,1271,101482.63
2025-11-16 15:27:58.399,1272,101482.63
2025-11-16 15:27:58.399,1273,97100.13
2025-11-16 15:27:58.399,1274,108944.77
2025-11-16 15:27:58.399,1275,103652.78
2025-11-16 15:27:58.399,1276,99687.32
2025-11-16 15:27:58.399,1277,107915.35
2025-11-16 15:27:58.399,1278,98522.22
2025-11-16 15:27:58.399,1279,113621.23
2025-11-16 15:27:58.399,1280,191648.39
2025-11-16 15:27:58.399,1281,104608.9
2025-11-16 15:27:58.399,1282,109291.9
2025-11-16 15:27:58.399,1283,97381.57
2025-11-16 15:27:58.399,1284,103337.61
2025-11-16 15:27:58.399,1285,123295.2
2025-11-16 15:27:58.399,1286,144441.03
2025-11-16 15:27:58.399,1287,143283.25
2025-11-16 15:27:58.399,1288,575017.88
2025-11-16 15:27:58.399,1289,176906.95
2025-11-16 15:27:58.399,1290,213700.14
2025-11-16 15:27:58.399,1291,112509.73
2025-11-16 15:27:58.399,1292,280371.47
2025-11-16 15:27:58.399,1293,629875.0
2025-11-16 15:27:58.399,1294,295546.66
2025-11-16 15:27:58.399,1295,295546.66
2025-11-16 15:27:58.399,1296,58028.08
2025-11-16 15:27:58.399,1297,56476.62
2025-11-16 15:27:58.399,1298,55201.96
2025-11-16 15:27:58.399,1299,56693.92
2025-11-16 15:27:58.399,1300,53084.88
2025-11-16 15:27:58.399,1301,53477.48
2025-11-16 15:27:58.399,1302,53378.87
2025-11-16 15:27:58.399,1303,54176.42
2025-11-16 15:27:58.399,1304,54582.74
2025-11-16 15:27:58.399,1305,52600.88
2025-11-16 15:27:58.399,1306,54787.84
2025-11-16 15:27:58.399,1307,54582.74
2025-11-16 15:27:58.399,1308,54075.63
2025-11-16 15:27:58.399,1309,55621.39
2025-11-16 15:27:58.399,1310,54685.13
2025-11-16 15:27:58.399,1311,55201.96
2025-11-16 15:27:58.399,1312,56476.62
2025-11-16 15:27:58.399,1313,52793.59
2025-11-16 15:27:58.399,1314,55201.96
2025-11-16 15:27:58.399,1315,52793.59
2025-11-16 15:27:58.399,1316,56153.31
2025-11-16 15:27:58.399,1317,56260.74
2025-11-16 15:27:58.399,1318,52987.48
2025-11-16 15:27:58.399,1319,56260.74
2025-11-16 15:27:58.399,1320,53182.58
2025-11-16 15:27:58.399,1321,46527.84
2025-11-16 15:27:58.399,1322,55833.13
2025-11-16 15:27:58.399,1323,55201.96
2025-11-16 15:27:58.399,1324,50110.29
2025-11-16 15:27:58.399,1325,54994.24
2025-11-16 15:27:58.399,1326,47646.51
2025-11-16 15:27:58.399,1327,57802.03
2025-11-16 15:27:58.399,1328,99101.66
2025-11-16 15:27:58.399,1329,46527.84
2025-11-16 15:27:58.399,1330,55201.96
2025-11-16 15:27:58.399,1331,48305.81
2025-11-16 15:27:58.399,1332,47484.0
2025-11-16 15:27:58.399,1333,62757.56
2025-11-16 15:27:58.399,1334,66008.82
2025-11-16 15:27:58.399,1335,67894.05
2025-11-16 15:27:58.399,1336,900097.25
2025-11-16 15:27:58.399,1337,88573.8
2025-11-16 15:27:58.399,1338,104931.19
2025-11-16 15:27:58.399,1339,54176.42
2025-11-16 15:27:58.399,1340,136160.72
2025-11-16 15:27:58.399,1341,257587.41
2025-11-16 15:27:58.399,1342,128253.38
2025-11-16 15:27:58.399,1343,128253.38
2025-11-16 15:27:58.399,1344,30794.08
2025-11-16 15:27:58.399,1345,30389.34
2025-11-16 15:27:58.399,1346,29373.55
2025-11-16 15:27:58.399,1347,29680.64
2025-11-16 15:27:58.399,1348,28921.71
2025-11-16 15:27:58.399,1349,28810.36
2025-11-16 15:27:58.399,1350,28699.64
2025-11-16 15:27:58.399,1351,29071.17
2025-11-16 15:27:58.399,1352,28810.36
2025-11-16 15:27:58.399,1353,27556.69
2025-11-16 15:27:58.399,1354,29992.53
2025-11-16 15:27:58.399,1355,29108.72
2025-11-16 15:27:58.399,1356,29526.5
2025-11-16 15:27:58.399,1357,30631.22
2025-11-16 15:27:58.399,1358,30349.31
2025-11-16 15:27:58.399,1359,29992.53
2025-11-16 15:27:58.399,1360,31290.57
2025-11-16 15:27:58.399,1361,29449.88
2025-11-16 15:27:58.399,1362,31040.83
2025-11-16 15:27:58.399,1363,30309.35
2025-11-16 15:27:58.399,1364,30876.0
2025-11-16 15:27:58.399,1365,31928.39
2025-11-16 15:27:58.399,1366,30110.76
2025-11-16 15:27:58.399,1367,31971.61
2025-11-16 15:27:58.399,1368,30150.32
2025-11-16 15:27:58.399,1369,27213.2
2025-11-16 15:27:58.399,1370,33403.16
2025-11-16 15:27:58.399,1371,31040.83
2025-11-16 15:27:58.399,1372,29411.68
2025-11-16 15:27:58.399,1373,30876.0
2025-11-16 15:27:58.399,1374,28847.41
2025-11-16 15:27:58.399,1375,31971.61
2025-11-16 15:27:58.399,1376,62370.57
2025-11-16 15:27:58.399,1377,29297.52
2025-11-16 15:27:58.399,1378,32675.42
2025-11-16 15:27:58.399,1379,30150.32
2025-11-16 15:27:58.399,1380,29564.92
2025-11-16 15:27:58.399,1381,37063.94
2025-11-16 15:27:58.399,1382,43277.87
2025-11-16 15:27:58.399,1383,43417.48
2025-11-16 15:27:58.399,1384,942433.13
2025-11-16 15:27:58.399,1385,51748.12
2025-11-16 15:27:58.399,1386,73466.84
2025-11-16 15:27:58.399,1387,31799.26
2025-11-16 15:27:58.399,1388,83177.96
2025-11-16 15:27:58.399,1389,190659.31
2025-11-16 15:27:58.399,1390,85800.06
2025-11-16 15:27:58.399,1391,85800.06
2025-11-16 15:27:58.399,1392,34640.03
2025-11-16 15:27:58.399,1393,34012.93
2025-11-16 15:27:58.399,1394,33588.98
2025-11-16 15:27:58.399,1395,34300.16
2025-11-16 15:27:58.399,1396,33310.84
2025-11-16 15:27:58.399,1397,33776.39
2025-11-16 15:27:58.399,1398,32720.19
2025-11-16 15:27:58.399,1399,33403.16
2025-11-16 15:27:58.399,1400,34012.93
2025-11-16 15:27:58.399,1401,32675.42
2025-11-16 15:27:58.399,1402,34252.03
2025-11-16 15:27:58.399,1403,33776.39
2025-11-16 15:27:58.399,1404,34060.55
2025-11-16 15:27:58.399,1405,35134.67
2025-11-16 15:27:58.399,1406,35134.67
2025-11-16 15:27:58.399,1407,34252.03
2025-11-16 15:27:58.399,1408,35949.24
2025-11-16 15:27:58.399,1409,33635.68
2025-11-16 15:27:58.399,1410,35640.36
2025-11-16 15:27:58.399,1411,34885.99
2025-11-16 15:27:58.399,1412,35845.82
2025-11-16 15:27:58.399,1413,37172.92
2025-11-16 15:27:58.399,1414,34542.39
2025-11-16 15:27:58.399,1415,37337.34
2025-11-16 15:27:58.399,1416,35335.6
2025-11-16 15:27:58.399,1417,33495.87
2025-11-16 15:27:58.399,1418,39283.93
2025-11-16 15:27:58.399,1419,36632.99
2025-11-16 15:27:58.399,1420,34542.39
2025-11-16 15:27:58.399,1421,35949.24
2025-11-16 15:27:58.399,1422,34156.08
2025-11-16 15:27:58.399,1423,36686.43
2025-11-16 15:27:58.399,1424,72958.16
2025-11-16 15:27:58.399,1425,34836.58
2025-11-16 15:27:58.399,1426,38348.37
2025-11-16 15:27:58.399,1427,35742.86
2025-11-16 15:27:58.399,1428,35234.91
2025-11-16 15:27:58.399,1429,43277.87
2025-11-16 15:27:58.399,1430,51468.98
2025-11-16 15:27:58.399,1431,50377.22
2025-11-16 15:27:58.399,1432,942433.13
2025-11-16 15:27:58.399,1433,59892.09
2025-11-16 15:27:58.399,1434,85352.86
2025-11-16 15:27:58.399,1435,37502.91
2025-11-16 15:27:58.399,1436,97100.13
2025-11-16 15:27:58.399,1437,222602.28
2025-11-16 15:27:58.399,1438,104931.19
2025-11-16 15:27:58.399,1439,104931.19
2025-11-16 15:27:58.399,1440,39165.01
2025-11-16 15:27:58.399,1441,39224.4
2025-11-16 15:27:58.399,1442,38578.92
2025-11-16 15:27:58.399,1443,38695.02
2025-11-16 15:27:58.399,1444,37227.6
2025-11-16 15:27:58.399,1445,37118.37
2025-11-16 15:27:58.399,1446,36739.99
2025-11-16 15:27:58.399,1447,38006.61
2025-11-16 15:27:58.399,1448,38006.61
2025-11-16 15:27:58.399,1449,36686.43
2025-11-16 15:27:58.399,1450,38463.37
2025-11-16 15:27:58.399,1451,37558.35
2025-11-16 15:27:58.399,1452,37118.37
2025-11-16 15:27:58.399,1453,38695.02
2025-11-16 15:27:58.399,1454,38811.68
2025-11-16 15:27:58.399,1455,38348.37
2025-11-16 15:27:58.399,1456,39765.37
2025-11-16 15:27:58.399,1457,36847.48
2025-11-16 15:27:58.399,1458,38521.08
2025-11-16 15:27:58.399,1459,37837.53
2025-11-16 15:27:58.399,1460,39583.74
2025-11-16 15:27:58.399,1461,40505.41
2025-11-16 15:27:58.399,1462,37447.59
2025-11-16 15:27:58.399,1463,40132.67
2025-11-16 15:27:58.399,1464,38120.0
2025-11-16 15:27:58.399,1465,32364.63
2025-11-16 15:27:58.399,1466,41920.75
2025-11-16 15:27:58.399,1467,39583.74
2025-11-16 15:27:58.399,1468,35640.36
2025-11-16 15:27:58.399,1469,38695.02
2025-11-16 15:27:58.399,1470,34252.03
2025-11-16 15:27:58.399,1471,40630.89
2025-11-16 15:27:58.399,1472,68192.39
2025-11-16 15:27:58.399,1473,34396.74
2025-11-16 15:27:58.399,1474,39583.74
2025-11-16 15:27:58.399,1475,34156.08
2025-11-16 15:27:58.399,1476,33495.87
2025-11-16 15:27:58.399,1477,45602.89
2025-11-16 15:27:58.399,1478,51935.61
2025-11-16 15:27:58.399,1479,51654.79
2025-11-16 15:27:58.399,1480,566776.38
2025-11-16 15:27:58.399,1481,64483.38
2025-11-16 15:27:58.399,1482,79503.01
2025-11-16 15:27:58.399,1483,39283.93
2025-11-16 15:27:58.399,1484,102402.48
2025-11-16 15:27:58.399,1485,218701.81
2025-11-16 15:27:58.399,1486,103969.71
2025-11-16 15:27:58.399,1487,103969.71
2025-11-16 15:27:58.399,1488,30958.25
2025-11-16 15:27:58.399,1489,30309.35
2025-11-16 15:27:58.399,1490,29184.02
2025-11-16 15:27:58.399,1491,29526.5
2025-11-16 15:27:58.399,1492,28553.0
2025-11-16 15:27:58.399,1493,29071.17
2025-11-16 15:27:58.399,1494,28773.39
2025-11-16 15:27:58.399,1495,28958.97
2025-11-16 15:27:58.399,1496,28996.3
2025-11-16 15:27:58.399,1497,28335.09
2025-11-16 15:27:58.399,1498,29992.53
2025-11-16 15:27:58.399,1499,29071.17
2025-11-16 15:27:58.399,1500,28263.01
2025-11-16 15:27:58.399,1501,29914.1
2025-11-16 15:27:58.399,1502,29992.53
2025-11-16 15:27:58.399,1503,29184.02
2025-11-16 15:27:58.399,1504,30550.28
2025-11-16 15:27:58.399,1505,27556.69
2025-11-16 15:27:58.399,1506,30389.34
2025-11-16 15:27:58.399,1507,28736.48
2025-11-16 15:27:58.399,1508,30712.49
2025-11-16 15:27:58.399,1509,31290.57
2025-11-16 15:27:58.399,1510,29221.78
2025-11-16 15:27:58.399,1511,31713.61
2025-11-16 15:27:58.399,1512,29603.42
2025-11-16 15:27:58.399,1513,26875.9
2025-11-16 15:27:58.399,1514,32320.6
2025-11-16 15:27:58.399,1515,31040.83
2025-11-16 15:27:58.399,1516,27111.36
2025-11-16 15:27:58.399,1517,30229.68
2025-11-16 15:27:58.399,1518,25710.52
2025-11-16 15:27:58.399,1519,31374.49
2025-11-16 15:27:58.399,1520,54176.42
2025-11-16 15:27:58.399,1521,26610.43
2025-11-16 15:27:58.399,1522,31458.76
2025-11-16 15:27:58.399,1523,27418.54
2025-11-16 15:27:58.399,1524,26348.73
2025-11-16 15:27:58.399,1525,36053.13
2025-11-16 15:27:58.399,1526,42186.62
2025-11-16 15:27:58.399,1527,41657.55
2025-11-16 15:27:58.399,1528,777567.38
2025-11-16 15:27:58.399,1529,50377.22
2025-11-16 15:27:58.399,1530,63280.01
2025-11-16 15:27:58.399,1531,30917.09
2025-11-16 15:27:58.399,1532,82335.49
2025-11-16 15:27:58.399,1533,177764.91
2025-11-16 15:27:58.399,1534,83604.98
2025-11-16 15:27:58.399,1535,83604.98
2025-11-16 15:27:58.399,1536,27556.69
2025-11-16 15:27:58.399,1537,27556.69
2025-11-16 15:27:58.399,1538,27556.69
2025-11-16 15:27:58.399,1539,27556.69
2025-11-16 15:27:58.399,1540,27556.69
2025-11-16 15:27:58.399,1541,27556.69
2025-11-16 15:27:58.399,1542,27556.69
2025-11-16 15:27:58.399,1543,27556.69
2025-11-16 15:27:58.399,1544,27556.69
2025-11-16 15:27:58.399,1545,27556.69
2025-11-16 15:27:58.399,1546,27556.69
2025-11-16 15:27:58.399,1547,27556.69
2025-11-16 15:27:58.399,1548,27556.69
2025-11-16 15:27:58.399,1549,27556.69
2025-11-16 15:27:58.399,1550,27556.69
2025-11-16 15:27:58.399,1551,27556.69
2025-11-16 15:27:58.399,1552,27556.69
2025-11-16 15:27:58.399,1553,27556.69
2025-11-16 15:27:58.399,1554,27556.69
2025-11-16 15:27:58.399,1555,27556.69
2025-11-16 15:27:58.399,1556,27556.69
2025-11-16 15:27:58.399,1557,27556.69
2025-11-16 15:27:58.399,1558,27556.69
2025-11-16 15:27:58.399,1559,27556.69
2025-11-16 15:27:58.399,1560,27556.69
2025-11-16 15:27:58.399,1561,27556.69
2025-11-16 15:27:58.399,1562,27556.69
2025-11-16 15:27:58.399,1563,27556.69
2025-11-16 15:27:58.399,1564,27556.69
2025-11-16 15:27:58.399,1565,27556.69
2025-11-16 15:27:58.399,1566,27556.69
2025-11-16 15:27:58.399,1567,27556.69
2025-11-16 15:27:58.399,1568,27556.69
2025-11-16 15:27:58.399,1569,27556.69
2025-11-16 15:27:58.399,1570,27556.69
2025-11-16 15:27:58.399,1571,27556.69
2025-11-16 15:27:58.399,1572,27556.69
2025-11-16 15:27:58.399,1573,27556.69
2025-11-16 15:27:58.399,1574,27556.69
2025-11-16 15:27:58.399,1575,27556.69
2025-11-16 15:27:58.399,1576,27556.69
2025-11-16 15:27:58.399,1577,27556.69
2025-11-16 15:27:58.399,1578,27556.69
2025-11-16 15:27:58.399,1579,27556.69
2025-11-16 15:27:58.399,1580,27556.69
2025-11-16 15:27:58.399,1581,27556.69
2025-11-16 15:27:58.399,1582,27556.69
2025-11-16 15:27:58.399,1583,27556.69
2025-11-16 15:27:58.399,1584,27556.69
2025-11-16 15:27:58.399,1585,27315.59
2025-11-16 15:27:58.399,1586,26381.24
2025-11-16 15:27:58.399,1587,26875.9
2025-11-16 15:27:58.399,1588,25836.37
2025-11-16 15:27:58.399,1589,26283.89
2025-11-16 15:27:58.399,1590,25963.11
2025-11-16 15:27:58.399,1591,26283.89
2025-11-16 15:27:58.399,1592,26316.28
2025-11-16 15:27:58.399,1593,25963.11
2025-11-16 15:27:58.399,1594,26809.18
2025-11-16 15:27:58.399,1595,26676.44
2025-11-16 15:27:58.399,1596,25679.2
2025-11-16 15:27:58.399,1597,27349.84
2025-11-16 15:27:58.399,1598,27281.39
2025-11-16 15:27:58.399,1599,26875.9
2025-11-16 15:27:58.399,1600,27836.08
2025-11-16 15:27:58.399,1601,25461.45
2025-11-16 15:27:58.399,1602,28119.63
2025-11-16 15:27:58.399,1603,25867.97
2025-11-16 15:27:58.399,1604,28119.63
2025-11-16 15:27:58.399,1605,28996.3
2025-11-16 15:27:58.399,1606,27010.09
2025-11-16 15:27:58.399,1607,28773.39
2025-11-16 15:27:58.399,1608,27660.98
2025-11-16 15:27:58.399,1609,24764.27
2025-11-16 15:27:58.399,1610,30876.0
2025-11-16 15:27:58.399,1611,28699.64
2025-11-16 15:27:58.399,1612,26058.75
2025-11-16 15:27:58.399,1613,28407.46
2025-11-16 15:27:58.399,1614,24913.49
2025-11-16 15:27:58.399,1615,29449.88
2025-11-16 15:27:58.399,1616,53378.87
2025-11-16 15:27:58.399,1617,25523.39
2025-11-16 15:27:58.399,1618,29603.42
2025-11-16 15:27:58.399,1619,25679.2
2025-11-16 15:27:58.399,1620,25124.57
2025-11-16 15:27:58.399,1621,33588.98
2025-11-16 15:27:58.399,1622,39765.37
2025-11-16 15:27:58.399,1623,39283.93
2025-11-16 15:27:58.399,1624,777567.38
2025-11-16 15:27:58.399,1625,48222.58
2025-11-16 15:27:58.399,1626,62628.1
2025-11-16 15:27:58.399,1627,28553.0
2025-11-16 15:27:58.399,1628,79503.01
2025-11-16 15:27:58.399,1629,182175.47
2025-11-16 15:27:58.399,1630,83177.96
2025-11-16 15:27:58.399,1631,83177.96
2025-11-16 15:27:58.399,1632,25804.82
2025-11-16 15:27:58.399,1633,24913.49
2025-11-16 15:27:58.399,1634,24324.12
2025-11-16 15:27:58.399,1635,25154.93
2025-11-16 15:27:58.399,1636,23782.29
2025-11-16 15:27:58.399,1637,24237.42
2025-11-16 15:27:58.399,1638,23923.21
2025-11-16 15:27:58.399,1639,24093.88
2025-11-16 15:27:58.399,1640,24266.27
2025-11-16 15:27:58.399,1641,23670.38
2025-11-16 15:27:58.399,1642,24734.57
2025-11-16 15:27:58.399,1643,24557.47
2025-11-16 15:27:58.399,1644,23421.27
2025-11-16 15:27:58.399,1645,25094.26
2025-11-16 15:27:58.399,1646,25215.81
2025-11-16 15:27:58.399,1647,24704.93
2025-11-16 15:27:58.399,1648,25585.55
2025-11-16 15:27:58.399,1649,23014.16
2025-11-16 15:27:58.399,1650,25246.33
2025-11-16 15:27:58.399,1651,23642.52
2025-11-16 15:27:58.399,1652,25647.93
2025-11-16 15:27:58.399,1653,26610.43
2025-11-16 15:27:58.399,1654,24616.31
2025-11-16 15:27:58.399,1655,26348.73
2025-11-16 15:27:58.399,1656,24557.47
2025-11-16 15:27:58.399,1657,21602.34
2025-11-16 15:27:58.399,1658,27010.09
2025-11-16 15:27:58.399,1659,25033.8
2025-11-16 15:27:58.399,1660,18260.31
2025-11-16 15:27:58.399,1661,24734.57
2025-11-16 15:27:58.399,1662,17757.91
2025-11-16 15:27:58.399,1663,25741.9
2025-11-16 15:27:58.399,1664,43277.87
2025-11-16 15:27:58.399,1665,17494.69
2025-11-16 15:27:58.399,1666,25246.33
2025-11-16 15:27:58.399,1667,19816.52
2025-11-16 15:27:58.399,1668,16716.42
2025-11-16 15:27:58.399,1669,28958.97
2025-11-16 15:27:58.399,1670,33356.95
2025-11-16 15:27:58.399,1671,33403.16
2025-11-16 15:27:58.399,1672,601218.31
2025-11-16 15:27:58.399,1673,43277.87
2025-11-16 15:27:58.399,1674,50918.22
2025-11-16 15:27:58.399,1675,24557.47
2025-11-16 15:27:58.399,1676,70663.95
2025-11-16 15:27:58.399,1677,164917.73
2025-11-16 15:27:58.399,1678,72958.16
2025-11-16 15:27:58.399,1679,72958.16
2025-11-16 15:27:58.399,1680,36053.13
2025-11-16 15:27:58.399,1681,35691.55
2025-11-16 15:27:58.399,1682,34542.39
2025-11-16 15:27:58.399,1683,34935.51
2025-11-16 15:27:58.399,1684,33729.39
2025-11-16 15:27:58.399,1685,34738.09
2025-11-16 15:27:58.399,1686,33127.38
2025-11-16 15:27:58.399,1687,34445.18
2025-11-16 15:27:58.399,1688,33588.98
2025-11-16 15:27:58.399,1689,33776.39
2025-11-16 15:27:58.399,1690,34445.18
2025-11-16 15:27:58.399,1691,33495.87
2025-11-16 15:27:58.399,1692,32855.06
2025-11-16 15:27:58.399,1693,34935.51
2025-11-16 15:27:58.399,1694,35034.87
2025-11-16 15:27:58.399,1695,34542.39
2025-11-16 15:27:58.399,1696,35949.24
2025-11-16 15:27:58.399,1697,31416.58
2025-11-16 15:27:58.399,1698,35234.91
2025-11-16 15:27:58.399,1699,32675.42
2025-11-16 15:27:58.399,1700,35897.47
2025-11-16 15:27:58.399,1701,36686.43
2025-11-16 15:27:58.399,1702,34396.74
2025-11-16 15:27:58.399,1703,36901.41
2025-11-16 15:27:58.399,1704,34738.09
2025-11-16 15:27:58.399,1705,31040.83
2025-11-16 15:27:58.399,1706,38348.37
2025-11-16 15:27:58.399,1707,35949.24
2025-11-16 15:27:58.399,1708,30794.08
2025-11-16 15:27:58.399,1709,35845.82
2025-11-16 15:27:58.399,1710,30071.27
2025-11-16 15:27:58.399,1711,36793.67
2025-11-16 15:27:58.399,1712,55201.96
2025-11-16 15:27:58.399,1713,30590.71
2025-11-16 15:27:58.399,1714,37009.64
2025-11-16 15:27:58.399,1715,30958.25
2025-11-16 15:27:58.399,1716,28263.01
2025-11-16 15:27:58.399,1717,41526.96
2025-11-16 15:27:58.399,1718,48305.81
2025-11-16 15:27:58.399,1719,47484.0
2025-11-16 15:27:58.399,1720,900097.25
2025-11-16 15:27:58.399,1721,59416.6
2025-11-16 15:27:58.399,1722,67012.48
2025-11-16 15:27:58.399,1723,35949.24
2025-11-16 15:27:58.399,1724,92019.64
2025-11-16 15:27:58.399,1725,206594.58
2025-11-16 15:27:58.399,1726,97664.48
2025-11-16 15:27:58.399,1727,97664.48
2025-11-16 15:27:58.399,1728,27213.2
2025-11-16 15:27:58.399,1729,27077.54
2025-11-16 15:27:58.399,1730,26154.89
2025-11-16 15:27:58.399,1731,26381.24
2025-11-16 15:27:58.399,1732,25741.9
2025-11-16 15:27:58.399,1733,26090.74
2025-11-16 15:27:58.399,1734,25773.33
2025-11-16 15:27:58.399,1735,25963.11
2025-11-16 15:27:58.399,1736,26187.06
2025-11-16 15:27:58.399,1737,25647.93
2025-11-16 15:27:58.399,1738,26676.44
2025-11-16 15:27:58.399,1739,26316.28
2025-11-16 15:27:58.399,1740,24675.34
2025-11-16 15:27:58.399,1741,27010.09
2025-11-16 15:27:58.399,1742,26942.87
2025-11-16 15:27:58.399,1743,26348.73
2025-11-16 15:27:58.399,1744,27213.2
2025-11-16 15:27:58.399,1745,24498.84
2025-11-16 15:27:58.399,1746,27315.59
2025-11-16 15:27:58.399,1747,23923.21
2025-11-16 15:27:58.399,1748,27695.87
2025-11-16 15:27:58.399,1749,28371.24
2025-11-16 15:27:58.399,1750,26283.89
2025-11-16 15:27:58.399,1751,28299.01
2025-11-16 15:27:58.399,1752,26577.51
2025-11-16 15:27:58.399,1753,22564.54
2025-11-16 15:27:58.399,1754,28921.71
2025-11-16 15:27:58.399,1755,27077.54
2025-11-16 15:27:58.399,1756,20741.61
2025-11-16 15:27:58.399,1757,26809.18
2025-11-16 15:27:58.399,1758,20602.68
2025-11-16 15:27:58.399,1759,28335.09
2025-11-16 15:27:58.399,1760,47565.14
2025-11-16 15:27:58.399,1761,22000.49
2025-11-16 15:27:58.399,1762,27556.69
2025-11-16 15:27:58.399,1763,20834.94
2025-11-16 15:27:58.399,1764,20419.37
2025-11-16 15:27:58.399,1765,31885.26
2025-11-16 15:27:58.399,1766,36579.68
2025-11-16 15:27:58.399,1767,36262.32
2025-11-16 15:27:58.399,1768,734602.25
2025-11-16 15:27:58.399,1769,46843.01
2025-11-16 15:27:58.399,1770,55621.39
2025-11-16 15:27:58.399,1771,26809.18
2025-11-16 15:27:58.399,1772,76838.91
2025-11-16 15:27:58.399,1773,175214.38
2025-11-16 15:27:58.399,1774,81508.11
2025-11-16 15:27:58.399,1775,81508.11
2025-11-16 15:27:58.399,1776,24557.47
2025-11-16 15:27:58.399,1777,24557.47
2025-11-16 15:27:58.399,1778,23586.93
2025-11-16 15:27:58.399,1779,23866.7
2025-11-16 15:27:58.399,1780,23040.99
2025-11-16 15:27:58.399,1781,23586.93
2025-11-16 15:27:58.399,1782,23040.99
2025-11-16 15:27:58.399,1783,23366.42
2025-11-16 15:27:58.399,1784,22827.54
2025-11-16 15:27:58.399,1785,22748.2
2025-11-16 15:27:58.399,1786,23586.93
2025-11-16 15:27:58.399,1787,23339.05
2025-11-16 15:27:58.399,1788,21975.31
2025-11-16 15:27:58.399,1789,23923.21
2025-11-16 15:27:58.399,1790,23866.7
2025-11-16 15:27:58.399,1791,23810.38
2025-11-16 15:27:58.399,1792,24324.12
2025-11-16 15:27:58.399,1793,21626.94
2025-11-16 15:27:58.399,1794,24237.42
2025-11-16 15:27:58.399,1795,22152.38
2025-11-16 15:27:58.399,1796,24324.12
2025-11-16 15:27:58.399,1797,25276.9
2025-11-16 15:27:58.399,1798,23202.91
2025-11-16 15:27:58.399,1799,24853.65
2025-11-16 15:27:58.399,1800,23366.42
2025-11-16 15:27:58.399,1801,19904.33
2025-11-16 15:27:58.399,1802,25836.37
2025-11-16 15:27:58.399,1803,24208.61
2025-11-16 15:27:58.399,1804,18822.0
2025-11-16 15:27:58.399,1805,23894.93
2025-11-16 15:27:58.399,1806,18558.47
2025-11-16 15:27:58.399,1807,24734.57
2025-11-16 15:27:58.399,1808,42863.36
2025-11-16 15:27:58.399,1809,18578.57
2025-11-16 15:27:58.399,1810,23810.38
2025-11-16 15:27:58.399,1811,17181.67
2025-11-16 15:27:58.399,1812,16947.04
2025-11-16 15:27:58.399,1813,27977.33
2025-11-16 15:27:58.399,1814,32145.38
2025-11-16 15:27:58.399,1815,32145.38
2025-11-16 15:27:58.399,1816,583498.19
2025-11-16 15:27:58.399,1817,41397.01
2025-11-16 15:27:58.399,1818,49845.72
2025-11-16 15:27:58.399,1819,23421.27
2025-11-16 15:27:58.399,1820,67304.12
2025-11-16 15:27:58.399,1821,151772.23
2025-11-16 15:27:58.399,1822,68796.0
2025-11-16 15:27:58.399,1823,68796.0
2025-11-16 15:27:58.399,1824,34204.0
2025-11-16 15:27:58.399,1825,33776.39
2025-11-16 15:27:58.399,1826,32675.42
2025-11-16 15:27:58.399,1827,33264.83
2025-11-16 15:27:58.399,1828,32058.32
2025-11-16 15:27:58.399,1829,32765.05
2025-11-16 15:27:58.399,1830,32145.38
2025-11-16 15:27:58.399,1831,32675.42
2025-11-16 15:27:58.399,1832,32720.19
2025-11-16 15:27:58.399,1833,32189.05
2025-11-16 15:27:58.399,1834,32945.45
2025-11-16 15:27:58.399,1835,32630.74
2025-11-16 15:27:58.399,1836,27977.33
2025-11-16 15:27:58.399,1837,32855.06
2025-11-16 15:27:58.399,1838,33495.87
2025-11-16 15:27:58.399,1839,32586.16
2025-11-16 15:27:58.399,1840,33495.87
2025-11-16 15:27:58.399,1841,30189.96
2025-11-16 15:27:58.399,1842,33588.98
2025-11-16 15:27:58.399,1843,30671.81
2025-11-16 15:27:58.399,1844,33173.1
2025-11-16 15:27:58.399,1845,34935.51
2025-11-16 15:27:58.399,1846,32232.81
2025-11-16 15:27:58.399,1847,34445.18
2025-11-16 15:27:58.399,1848,32855.06
2025-11-16 15:27:58.399,1849,28335.09
2025-11-16 15:27:58.399,1850,35234.91
2025-11-16 15:27:58.399,1851,33495.87
2025-11-16 15:27:58.399,1852,28480.09
2025-11-16 15:27:58.399,1853,33264.83
2025-11-16 15:27:58.399,1854,26479.11
2025-11-16 15:27:58.399,1855,34348.4
2025-11-16 15:27:58.399,1856,53477.48
2025-11-16 15:27:58.399,1857,28884.52
2025-11-16 15:27:58.399,1858,34348.4
2025-11-16 15:27:58.399,1859,28191.18
2025-11-16 15:27:58.399,1860,27906.57
2025-11-16 15:27:58.399,1861,39948.35
2025-11-16 15:27:58.399,1862,45907.83
2025-11-16 15:27:58.399,1863,45151.65
2025-11-16 15:27:58.399,1864,988899.38
2025-11-16 15:27:58.399,1865,56803.11
2025-11-16 15:27:58.399,1866,61483.39
2025-11-16 15:27:58.399,1867,33870.7
2025-11-16 15:27:58.399,1868,91010.8
2025-11-16 15:27:58.399,1869,208912.44
2025-11-16 15:27:58.399,1870,91010.8
2025-11-16 15:27:58.399,1871,91010.8
2025-11-16 15:27:58.399,1872,28335.09
2025-11-16 15:27:58.399,1873,28335.09
2025-11-16 15:27:58.399,1874,27145.25
2025-11-16 15:27:58.399,1875,27906.57
2025-11-16 15:27:58.399,1876,26875.9
2025-11-16 15:27:58.399,1877,27111.36
2025-11-16 15:27:58.399,1878,26742.69
2025-11-16 15:27:58.399,1879,27145.25
2025-11-16 15:27:58.399,1880,27077.54
2025-11-16 15:27:58.399,1881,26709.53
2025-11-16 15:27:58.399,1882,27695.87
2025-11-16 15:27:58.399,1883,27281.39
2025-11-16 15:27:58.399,1884,25124.57
2025-11-16 15:27:58.399,1885,27906.57
2025-11-16 15:27:58.399,1886,28155.37
2025-11-16 15:27:58.399,1887,27418.54
2025-11-16 15:27:58.399,1888,28407.46
2025-11-16 15:27:58.399,1889,25307.53
2025-11-16 15:27:58.399,1890,28299.01
2025-11-16 15:27:58.399,1891,25931.34
2025-11-16 15:27:58.399,1892,28480.09
2025-11-16 15:27:58.399,1893,29526.5
2025-11-16 15:27:58.399,1894,27349.84
2025-11-16 15:27:58.399,1895,29449.88
2025-11-16 15:27:58.399,1896,27349.84
2025-11-16 15:27:58.399,1897,22050.96
2025-11-16 15:27:58.399,1898,30229.68
2025-11-16 15:27:58.399,1899,27977.33
2025-11-16 15:27:58.399,1900,22357.16
2025-11-16 15:27:58.399,1901,27977.33
2025-11-16 15:27:58.399,1902,20396.61
2025-11-16 15:27:58.399,1903,29146.33
2025-11-16 15:27:58.399,1904,47322.41
2025-11-16 15:27:58.399,1905,23366.42
2025-11-16 15:27:58.399,1906,28736.48
2025-11-16 15:27:58.399,1907,22933.92
2025-11-16 15:27:58.399,1908,22854.06
2025-11-16 15:27:58.399,1909,33449.47
2025-11-16 15:27:58.399,1910,38463.37
2025-11-16 15:27:58.399,1911,38006.61
2025-11-16 15:27:58.399,1912,762705.19
2025-11-16 15:27:58.399,1913,48389.29
2025-11-16 15:27:58.399,1914,56368.51
2025-11-16 15:27:58.399,1915,28263.01
2025-11-16 15:27:58.399,1916,80095.27
2025-11-16 15:27:58.399,1917,176056.81
2025-11-16 15:27:58.399,1918,82965.91
2025-11-16 15:27:58.399,1919,82965.91
2025-11-16 15:27:58.399,1920,843208.31
2025-11-16 15:27:58.399,1921,900097.25
2025-11-16 15:27:58.399,1922,672541.69
2025-11-16 15:27:58.399,1923,762705.19
2025-11-16 15:27:58.399,1924,900097.25
2025-11-16 15:27:58.399,1925,661350.38
2025-11-16 15:27:58.399,1926,721303.56
2025-11-16 15:27:58.399,1927,793012.25
2025-11-16 15:27:58.399,1928,661350.38
2025-11-16 15:27:58.399,1929,762705.19
2025-11-16 15:27:58.399,1930,684112.31
2025-11-16 15:27:58.399,1931,650520.19
2025-11-16 15:27:58.399,1932,793012.25
2025-11-16 15:27:58.399,1933,696081.88
2025-11-16 15:27:58.399,1934,861364.44
2025-11-16 15:27:58.399,1935,861364.44
2025-11-16 15:27:58.399,1936,861364.44
2025-11-16 15:27:58.399,1937,566776.38
2025-11-16 15:27:58.399,1938,672541.69
2025-11-16 15:27:58.399,1939,483368.97
2025-11-16 15:27:58.399,1940,661350.38
2025-11-16 15:27:58.399,1941,566776.38
2025-11-16 15:27:58.399,1942,583498.19
2025-11-16 15:27:58.399,1943,583498.19
2025-11-16 15:27:58.399,1944,650520.19
2025-11-16 15:27:58.399,1945,501875.0
2025-11-16 15:27:58.399,1946,672541.69
2025-11-16 15:27:58.399,1947,640033.69
2025-11-16 15:27:58.399,1948,550970.88
2025-11-16 15:27:58.399,1949,601218.31
2025-11-16 15:27:58.399,1950,483368.97
2025-11-16 15:27:58.399,1951,583498.19
2025-11-16 15:27:58.399,1952,536008.31
2025-11-16 15:27:58.399,1953,536008.31
2025-11-16 15:27:58.399,1954,583498.19
2025-11-16 15:27:58.399,1955,640033.69
2025-11-16 15:27:58.399,1956,536008.31
2025-11-16 15:27:58.399,1957,583498.19
2025-11-16 15:27:58.399,1958,762705.19
2025-11-16 15:27:58.399,1959,661350.38
2025-11-16 15:27:58.399,1960,708471.5
2025-11-16 15:27:58.399,1961,708471.5
2025-11-16 15:27:58.399,1962,383721.19
2025-11-16 15:27:58.399,1963,650520.19
2025-11-16 15:27:58.399,1964,965113.19
2025-11-16 15:27:58.399,1965,988899.38
2025-11-16 15:27:58.399,1966,988899.38
2025-11-16 15:27:58.399,1967,988899.38
2025-11-16 15:27:58.399,1968,33870.7
2025-11-16 15:27:58.399,1969,33588.98
2025-11-16 15:27:58.399,1970,32586.16
2025-11-16 15:27:58.399,1971,33036.22
2025-11-16 15:27:58.399,1972,31971.61
2025-11-16 15:27:58.399,1973,32586.16
2025-11-16 15:27:58.399,1974,32101.8
2025-11-16 15:27:58.399,1975,32189.05
2025-11-16 15:27:58.399,1976,32810.01
2025-11-16 15:27:58.399,1977,31799.26
2025-11-16 15:27:58.399,1978,32945.45
2025-11-16 15:27:58.399,1979,32765.05
2025-11-16 15:27:58.399,1980,29953.28
2025-11-16 15:27:58.399,1981,33310.84
2025-11-16 15:27:58.399,1982,33264.83
2025-11-16 15:27:58.399,1983,33036.22
2025-11-16 15:27:58.399,1984,33403.16
2025-11-16 15:27:58.399,1985,30150.32
2025-11-16 15:27:58.399,1986,33635.68
2025-11-16 15:27:58.399,1987,30876.0
2025-11-16 15:27:58.399,1988,33588.98
2025-11-16 15:27:58.399,1989,34348.4
2025-11-16 15:27:58.399,1990,32900.21
2025-11-16 15:27:58.399,1991,34252.03
2025-11-16 15:27:58.399,1992,32586.16
2025-11-16 15:27:58.399,1993,27765.84
2025-11-16 15:27:58.399,1994,36157.48
2025-11-16 15:27:58.399,1995,32675.42
2025-11-16 15:27:58.399,1996,28263.01
2025-11-16 15:27:58.399,1997,33127.38
2025-11-16 15:27:58.399,1998,26154.89
2025-11-16 15:27:58.399,1999,34396.74
2025-11-16 15:27:58.399,2000,51468.98
2025-11-16 15:27:58.399,2001,27213.2
2025-11-16 15:27:58.399,2002,34060.55
2025-11-16 15:27:58.399,2003,27695.87
2025-11-16 15:27:58.399,2004,27695.87
2025-11-16 15:27:58.399,2005,38870.21
2025-11-16 15:27:58.399,2006,44561.25
2025-11-16 15:27:58.399,2007,45077.16
2025-11-16 15:27:58.399,2008,861364.44
2025-11-16 15:27:58.399,2009,56476.62
2025-11-16 15:27:58.399,2010,59892.09
2025-11-16 15:27:58.399,2011,33127.38
2025-11-16 15:27:58.399,2012,89534.38
2025-11-16 15:27:58.399,2013,194675.0
2025-11-16 15:27:58.399,2014,91512.71
2025-11-16 15:27:58.399,2015,91512.71
2025-11-16 15:27:58.399,2016,809075.0
2025-11-16 15:27:58.399,2017,661350.38
2025-11-16 15:27:58.399,2018,684112.31
2025-11-16 15:27:58.399,2019,566776.38
2025-11-16 15:27:58.399,2020,583498.19
2025-11-16 15:27:58.399,2021,734602.25
2025-11-16 15:27:58.399,2022,543388.5
2025-11-16 15:27:58.399,2023,558763.94
2025-11-16 15:27:58.399,2024,748393.56
2025-11-16 15:27:58.399,2025,601218.31
2025-11-16 15:27:58.399,2026,734602.25
2025-11-16 15:27:58.399,2027,583498.19
2025-11-16 15:27:58.399,2028,708471.5
2025-11-16 15:27:58.399,2029,708471.5
2025-11-16 15:27:58.399,2030,762705.19
2025-11-16 15:27:58.399,2031,640033.69
2025-11-16 15:27:58.399,2032,762705.19
2025-11-16 15:27:58.399,2033,708471.5
2025-11-16 15:27:58.399,2034,575017.88
2025-11-16 15:27:58.399,2035,734602.25
2025-11-16 15:27:58.399,2036,661350.38
2025-11-16 15:27:58.399,2037,708471.5
2025-11-16 15:27:58.399,2038,734602.25
2025-11-16 15:27:58.399,2039,762705.19
2025-11-16 15:27:58.399,2040,684112.31
2025-11-16 15:27:58.399,2041,684112.31
2025-11-16 15:27:58.399,2042,793012.25
2025-11-16 15:27:58.399,2043,734602.25
2025-11-16 15:27:58.399,2044,708471.5
2025-11-16 15:27:58.399,2045,708471.5
2025-11-16 15:27:58.399,2046,583498.19
2025-11-16 15:27:58.399,2047,880309.75
2025-11-16 15:27:58.399,2048,734602.25
2025-11-16 15:27:58.399,2049,684112.31
2025-11-16 15:27:58.399,2050,734602.25
2025-11-16 15:27:58.399,2051,558763.94
2025-11-16 15:27:58.399,2052,640033.69
2025-11-16 15:27:58.399,2053,777567.38
2025-11-16 15:27:58.399,2054,900097.25
2025-11-16 15:27:58.399,2055,942433.13
2025-11-16 15:27:58.399,2056,592227.94
2025-11-16 15:27:58.399,2057,592227.94
2025-11-16 15:27:58.399,2058,592227.94
2025-11-16 15:27:58.399,2059,793012.25
2025-11-16 15:27:58.399,2060,29071.17
2025-11-16 15:27:58.399,2061,29071.17
2025-11-16 15:27:58.399,2062,29071.17
2025-11-16 15:27:58.399,2063,29071.17
2025-11-16 15:27:58.399,2064,29071.17
2025-11-16 15:27:58.399,2065,28773.39
2025-11-16 15:27:58.399,2066,27977.33
2025-11-16 15:27:58.399,2067,28699.64
2025-11-16 15:27:58.399,2068,27730.82
2025-11-16 15:27:58.399,2069,27660.98
2025-11-16 15:27:58.399,2070,27836.08
2025-11-16 15:27:58.399,2071,27977.33
2025-11-16 15:27:58.399,2072,28119.63
2025-11-16 15:27:58.399,2073,27384.16
2025-11-16 15:27:58.399,2074,28773.39
2025-11-16 15:27:58.399,2075,28263.01
2025-11-16 15:27:58.399,2076,26577.51
2025-11-16 15:27:58.399,2077,28996.3
2025-11-16 15:27:58.399,2078,28480.09
2025-11-16 15:27:58.399,2079,28371.24
2025-11-16 15:27:58.399,2080,28662.88
2025-11-16 15:27:58.399,2081,23642.52
2025-11-16 15:27:58.399,2082,29146.33
2025-11-16 15:27:58.399,2083,25064.0
2025-11-16 15:27:58.399,2084,29449.88
2025-11-16 15:27:58.399,2085,30309.35
2025-11-16 15:27:58.399,2086,28553.0
2025-11-16 15:27:58.399,2087,30349.31
2025-11-16 15:27:58.399,2088,28699.64
2025-11-16 15:27:58.399,2089,26154.89
2025-11-16 15:27:58.399,2090,31971.61
2025-11-16 15:27:58.399,2091,29603.42
2025-11-16 15:27:58.399,2092,26154.89
2025-11-16 15:27:58.399,2093,29221.78
2025-11-16 15:27:58.399,2094,25679.2
2025-11-16 15:27:58.399,2095,30429.46
2025-11-16 15:27:58.399,2096,54378.94
2025-11-16 15:27:58.399,2097,26544.65
2025-11-16 15:27:58.399,2098,30631.22
2025-11-16 15:27:58.399,2099,26251.55
2025-11-16 15:27:58.399,2100,25710.52
2025-11-16 15:27:58.399,2101,34348.4
2025-11-16 15:27:58.399,2102,40756.99
2025-11-16 15:27:58.399,2103,40132.67
2025-11-16 15:27:58.399,2104,843208.31
2025-11-16 15:27:58.399,2105,48473.0
2025-11-16 15:27:58.399,2106,61608.8
2025-11-16 15:27:58.399,2107,29373.55
2025-11-16 15:27:58.399,2108,81508.11
2025-11-16 15:27:58.399,2109,176906.95
2025-11-16 15:27:58.399,2110,83177.96
2025-11-16 15:27:58.399,2111,83177.96
2025-11-16 15:27:58.399,2112,399475.0
2025-11-16 15:27:58.399,2113,403612.41
2025-11-16 15:27:58.399,2114,403612.41
2025-11-16 15:27:58.399,2115,391443.63
2025-11-16 15:27:58.399,2116,395419.56
2025-11-16 15:27:58.399,2117,395419.56
2025-11-16 15:27:58.399,2118,412143.03
2025-11-16 15:27:58.399,2119,421032.91
2025-11-16 15:27:58.399,2120,421032.91
2025-11-16 15:27:58.399,2121,358884.03
2025-11-16 15:27:58.399,2122,421032.91
2025-11-16 15:27:58.399,2123,395419.56
2025-11-16 15:27:58.399,2124,416541.69
2025-11-16 15:27:58.399,2125,387544.88
2025-11-16 15:27:58.399,2126,403612.41
2025-11-16 15:27:58.399,2127,412143.03
2025-11-16 15:27:58.399,2128,403612.41
2025-11-16 15:27:58.399,2129,387544.88
2025-11-16 15:27:58.399,2130,430305.09
2025-11-16 15:27:58.399,2131,376290.09
2025-11-16 15:27:58.399,2132,403612.41
2025-11-16 15:27:58.399,2133,435092.38
2025-11-16 15:27:58.399,2134,399475.0
2025-11-16 15:27:58.399,2135,430305.09
2025-11-16 15:27:58.399,2136,379970.25
2025-11-16 15:27:58.399,2137,365654.84
2025-11-16 15:27:58.399,2138,439984.91
2025-11-16 15:27:58.399,2139,346048.91
2025-11-16 15:27:58.399,2140,320197.59
2025-11-16 15:27:58.399,2141,346048.91
2025-11-16 15:27:58.399,2142,272357.75
2025-11-16 15:27:58.399,2143,372678.72
2025-11-16 15:27:58.399,2144,226638.0
2025-11-16 15:27:58.399,2145,325612.69
2025-11-16 15:27:58.399,2146,322883.13
2025-11-16 15:27:58.399,2147,328387.41
2025-11-16 15:27:58.399,2148,322883.13
2025-11-16 15:27:58.399,2149,365654.84
2025-11-16 15:27:58.399,2150,444986.13
2025-11-16 15:27:58.399,2151,450099.75
2025-11-16 15:27:58.399,2152,439984.91
2025-11-16 15:27:58.399,2153,439984.91
2025-11-16 15:27:58.399,2154,115905.77
2025-11-16 15:27:58.399,2155,314954.38
2025-11-16 15:27:58.399,2156,471757.34
2025-11-16 15:27:58.399,2157,900097.25
2025-11-16 15:27:58.399,2158,399475.0
2025-11-16 15:27:58.399,2159,399475.0
2025-11-16 15:27:58.399,2160,439984.91
2025-11-16 15:27:58.399,2161,387544.88
2025-11-16 15:27:58.399,2162,430305.09
2025-11-16 15:27:58.399,2163,450099.75
2025-11-16 15:27:58.399,2164,455329.53
2025-11-16 15:27:58.399,2165,515003.19
2025-11-16 15:27:58.399,2166,439984.91
2025-11-16 15:27:58.399,2167,471757.34
2025-11-16 15:27:58.399,2168,439984.91
2025-11-16 15:27:58.399,2169,471757.34
2025-11-16 15:27:58.399,2170,471757.34
2025-11-16 15:27:58.399,2171,550970.88
2025-11-16 15:27:58.399,2172,430305.09
2025-11-16 15:27:58.399,2173,455329.53
2025-11-16 15:27:58.399,2174,471757.34
2025-11-16 15:27:58.399,2175,471757.34
2025-11-16 15:27:58.399,2176,521823.06
2025-11-16 15:27:58.399,2177,450099.75
2025-11-16 15:27:58.399,2178,521823.06
2025-11-16 15:27:58.399,2179,477494.09
2025-11-16 15:27:58.399,2180,450099.75
2025-11-16 15:27:58.399,2181,521823.06
2025-11-16 15:27:58.399,2182,471757.34
2025-11-16 15:27:58.399,2183,521823.06
2025-11-16 15:27:58.399,2184,477494.09
2025-11-16 15:27:58.399,2185,403612.41
2025-11-16 15:27:58.399,2186,536008.31
2025-11-16 15:27:58.399,2187,550970.88
2025-11-16 15:27:58.399,2188,450099.75
2025-11-16 15:27:58.399,2189,483368.97
2025-11-16 15:27:58.399,2190,439984.91
2025-11-16 15:27:58.399,2191,536008.31
2025-11-16 15:27:58.399,2192,346048.91
2025-11-16 15:27:58.399,2193,483368.97
2025-11-16 15:27:58.399,2194,460679.59
2025-11-16 15:27:58.399,2195,471757.34
2025-11-16 15:27:58.399,2196,508356.06
2025-11-16 15:27:58.399,2197,550970.88
2025-11-16 15:27:58.399,2198,601218.31
2025-11-16 15:27:58.399,2199,601218.31
2025-11-16 15:27:58.399,2200,734602.25
2025-11-16 15:27:58.399,2201,734602.25
2025-11-16 15:27:58.399,2202,176056.81
2025-11-16 15:27:58.399,2203,521823.06
2025-11-16 15:27:58.399,2204,684112.31
2025-11-16 15:27:58.399,2205,721303.56
2025-11-16 15:27:58.399,2206,721303.56
2025-11-16 15:27:58.399,2207,721303.56
2025-11-16 15:27:58.399,2208,254133.06
2025-11-16 15:27:58.399,2209,254133.06
2025-11-16 15:27:58.399,2210,254133.06
2025-11-16 15:27:58.399,2211,254133.06
2025-11-16 15:27:58.399,2212,254133.06
2025-11-16 15:27:58.399,2213,254133.06
2025-11-16 15:27:58.399,2214,254133.06
2025-11-16 15:27:58.399,2215,254133.06
2025-11-16 15:27:58.399,2216,254133.06
2025-11-16 15:27:58.399,2217,254133.06
2025-11-16 15:27:58.399,2218,254133.06
2025-11-16 15:27:58.399,2219,254133.06
2025-11-16 15:27:58.399,2220,254133.06
2025-11-16 15:27:58.399,2221,254133.06
2025-11-16 15:27:58.399,2222,254133.06
2025-11-16 15:27:58.399,2223,254133.06
2025-11-16 15:27:58.399,2224,254133.06
2025-11-16 15:27:58.399,2225,254133.06
2025-11-16 15:27:58.399,2226,254133.06
2025-11-16 15:27:58.399,2227,254133.06
2025-11-16 15:27:58.399,2228,254133.06
2025-11-16 15:27:58.399,2229,254133.06
2025-11-16 15:27:58.399,2230,254133.06
2025-11-16 15:27:58.399,2231,254133.06
2025-11-16 15:27:58.399,2232,254133.06
2025-11-16 15:27:58.399,2233,254133.06
2025-11-16 15:27:58.399,2234,254133.06
2025-11-16 15:27:58.399,2235,254133.06
2025-11-16 15:27:58.399,2236,254133.06
2025-11-16 15:27:58.399,2237,254133.06
2025-11-16 15:27:58.399,2238,254133.06
2025-11-16 15:27:58.399,2239,254133.06
2025-11-16 15:27:58.399,2240,254133.06
2025-11-16 15:27:58.399,2241,254133.06
2025-11-16 15:27:58.399,2242,254133.06
2025-11-16 15:27:58.399,2243,254133.06
2025-11-16 15:27:58.399,2244,254133.06
2025-11-16 15:27:58.399,2245,254133.06
2025-11-16 15:27:58.399,2246,254133.06
2025-11-16 15:27:58.399,2247,254133.06
2025-11-16 15:27:58.399,2248,254133.06
2025-11-16 15:27:58.399,2249,254133.06
2025-11-16 15:27:58.399,2250,254133.06
2025-11-16 15:27:58.399,2251,254133.06
2025-11-16 15:27:58.399,2252,254133.06
2025-11-16 15:27:58.399,2253,254133.06
2025-11-16 15:27:58.399,2254,254133.06
2025-11-16 15:27:58.399,2255,254133.06
2025-11-16 15:27:58.399,2256,254133.06
2025-11-16 15:27:58.399,2257,261133.28
2025-11-16 15:27:58.399,2258,254133.06
2025-11-16 15:27:58.399,2259,262941.66
2025-11-16 15:27:58.399,2260,261133.28
2025-11-16 15:27:58.399,2261,264774.34
2025-11-16 15:27:58.399,2262,250766.73
2025-11-16 15:27:58.399,2263,291051.47
2025-11-16 15:27:58.399,2264,250766.73
2025-11-16 15:27:58.399,2265,259348.69
2025-11-16 15:27:58.399,2266,266631.75
2025-11-16 15:27:58.399,2267,284551.28
2025-11-16 15:27:58.399,2268,257587.41
2025-11-16 15:27:58.399,2269,286686.59
2025-11-16 15:27:58.399,2270,261133.28
2025-11-16 15:27:58.399,2271,241163.34
2025-11-16 15:27:58.399,2272,264774.34
2025-11-16 15:27:58.399,2273,239631.09
2025-11-16 15:27:58.399,2274,254133.06
2025-11-16 15:27:58.399,2275,244284.94
2025-11-16 15:27:58.399,2276,264774.34
2025-11-16 15:27:58.399,2277,261133.28
2025-11-16 15:27:58.399,2278,233684.53
2025-11-16 15:27:58.399,2279,247485.06
2025-11-16 15:27:58.399,2280,239631.09
2025-11-16 15:27:58.399,2281,232241.86
2025-11-16 15:27:58.399,2282,261133.28
2025-11-16 15:27:58.399,2283,252439.11
2025-11-16 15:27:58.399,2284,219987.36
2025-11-16 15:27:58.399,2285,252439.11
2025-11-16 15:27:58.399,2286,210090.06
2025-11-16 15:27:58.399,2287,262941.66
2025-11-16 15:27:58.399,2288,151772.23
2025-11-16 15:27:58.399,2289,232241.86
2025-11-16 15:27:58.399,2290,255849.03
2025-11-16 15:27:58.399,2291,236622.0
2025-11-16 15:27:58.399,2292,223932.14
2025-11-16 15:27:58.399,2293,264774.34
2025-11-16 15:27:58.399,2294,297844.91
2025-11-16 15:27:58.399,2295,284551.28
2025-11-16 15:27:58.399,2296,346048.91
2025-11-16 15:27:58.399,2297,346048.91
2025-11-16 15:27:58.399,2298,71306.41
2025-11-16 15:27:58.399,2299,252439.11
2025-11-16 15:27:58.399,2300,365654.84
2025-11-16 15:27:58.399,2301,762705.19
2025-11-16 15:27:58.399,2302,362238.63
2025-11-16 15:27:58.399,2303,362238.63
