Timestamp,Sensor_ID,Resistance_Ohms
2025-11-16 15:37:06.972,0,28371.24
2025-11-16 15:37:06.972,1,35335.6
2025-11-16 15:37:06.972,2,41332.29
2025-11-16 15:37:06.972,3,39644.14
2025-11-16 15:37:06.972,4,40630.89
2025-11-16 15:37:06.972,5,41657.55
2025-11-16 15:37:06.972,6,41854.7
2025-11-16 15:37:06.972,7,41788.82
2025-11-16 15:37:06.972,8,41139.08
2025-11-16 15:37:06.972,9,40630.89
2025-11-16 15:37:06.972,10,41657.55
2025-11-16 15:37:06.972,11,41397.01
2025-11-16 15:37:06.972,12,42053.34
2025-11-16 15:37:06.972,13,41788.82
2025-11-16 15:37:06.972,14,43557.83
2025-11-16 15:37:06.972,15,41657.55
2025-11-16 15:37:06.972,16,41592.18
2025-11-16 15:37:06.972,17,43698.91
2025-11-16 15:37:06.972,18,43698.91
2025-11-16 15:37:06.972,19,44781.16
2025-11-16 15:37:06.972,20,46061.56
2025-11-16 15:37:06.972,21,47001.92
2025-11-16 15:37:06.972,22,42522.82
2025-11-16 15:37:06.972,23,46138.74
2025-11-16 15:37:06.972,24,43417.48
2025-11-16 15:37:06.972,25,43698.91
2025-11-16 15:37:06.972,26,49845.72
2025-11-16 15:37:06.972,27,44707.67
2025-11-16 15:37:06.972,28,44415.61
2025-11-16 15:37:06.972,29,43840.75
2025-11-16 15:37:06.972,30,43911.94
2025-11-16 15:37:06.972,31,45831.29
2025-11-16 15:37:06.972,32,88573.8
2025-11-16 15:37:06.972,33,44415.61
2025-11-16 15:37:06.972,34,49065.75
2025-11-16 15:37:06.972,35,47081.7
2025-11-16 15:37:06.972,36,44928.77
2025-11-16 15:37:06.972,37,45151.65
2025-11-16 15:37:06.972,38,52987.48
2025-11-16 15:37:06.972,39,61608.8
2025-11-16 15:37:06.972,40,250766.73
2025-11-16 15:37:06.972,41,59416.6
2025-11-16 15:37:06.972,42,861364.44
2025-11-16 15:37:06.972,43,45002.86
2025-11-16 15:37:06.972,44,69101.3
2025-11-16 15:37:06.972,45,79896.98
2025-11-16 15:37:06.972,46,79896.98
2025-11-16 15:37:06.972,47,79896.98
2025-11-16 15:37:06.972,48,130148.98
2025-11-16 15:37:06.972,49,128722.46
2025-11-16 15:37:06.972,50,137213.13
2025-11-16 15:37:06.972,51,136160.72
2025-11-16 15:37:06.972,52,136160.72
2025-11-16 15:37:06.972,53,142142.66
2025-11-16 15:37:06.972,54,136685.03
2025-11-16 15:37:06.972,55,138820.45
2025-11-16 15:37:06.972,56,137745.05
2025-11-16 15:37:06.972,57,136685.03
2025-11-16 15:37:06.972,58,136685.03
2025-11-16 15:37:06.972,59,138820.45
2025-11-16 15:37:06.972,60,137745.05
2025-11-16 15:37:06.972,61,142142.66
2025-11-16 15:37:06.972,62,139911.63
2025-11-16 15:37:06.972,63,137213.13
2025-11-16 15:37:06.972,64,119086.36
2025-11-16 15:37:06.972,65,143283.25
2025-11-16 15:37:06.972,66,136160.72
2025-11-16 15:37:06.972,67,125954.73
2025-11-16 15:37:06.972,68,136685.03
2025-11-16 15:37:06.972,69,134100.34
2025-11-16 15:37:06.972,70,135640.13
2025-11-16 15:37:06.972,71,145026.52
2025-11-16 15:37:06.972,72,133594.3
2025-11-16 15:37:06.972,73,133594.3
2025-11-16 15:37:06.972,74,151772.23
2025-11-16 15:37:06.972,75,144441.03
2025-11-16 15:37:06.972,76,134609.98
2025-11-16 15:37:06.972,77,130631.02
2025-11-16 15:37:06.972,78,134609.98
2025-11-16 15:37:06.972,79,144441.03
2025-11-16 15:37:06.972,80,252439.11
2025-11-16 15:37:06.972,81,139364.05
2025-11-16 15:37:06.972,82,155036.28
2025-11-16 15:37:06.972,83,137745.05
2025-11-16 15:37:06.972,84,135640.13
2025-11-16 15:37:06.972,85,135640.13
2025-11-16 15:37:06.972,86,161975.84
2025-11-16 15:37:06.972,87,180386.63
2025-11-16 15:37:06.972,88,861364.44
2025-11-16 15:37:06.972,89,144441.03
2025-11-16 15:37:06.972,90,145616.44
2025-11-16 15:37:06.972,91,145616.44
2025-11-16 15:37:06.972,92,120737.61
2025-11-16 15:37:06.972,93,155036.28
2025-11-16 15:37:06.972,94,155036.28
2025-11-16 15:37:06.972,95,155036.28
2025-11-16 15:37:06.972,96,83604.98
2025-11-16 15:37:06.972,97,85800.06
2025-11-16 15:37:06.972,98,86936.61
2025-11-16 15:37:06.972,99,94364.8
2025-11-16 15:37:06.972,100,92531.65
2025-11-16 15:37:06.972,101,89051.75
2025-11-16 15:37:06.972,102,92789.56
2025-11-16 15:37:06.972,103,93571.2
2025-11-16 15:37:06.972,104,91010.8
2025-11-16 15:37:06.972,105,88573.8
2025-11-16 15:37:06.972,106,92531.65
2025-11-16 15:37:06.972,107,92531.65
2025-11-16 15:37:06.972,108,91512.71
2025-11-16 15:37:06.972,109,90513.82
2025-11-16 15:37:06.972,110,93571.2
2025-11-16 15:37:06.972,111,91010.8
2025-11-16 15:37:06.972,112,83390.98
2025-11-16 15:37:06.972,113,94632.04
2025-11-16 15:37:06.972,114,97664.48
2025-11-16 15:37:06.972,115,93571.2
2025-11-16 15:37:06.972,116,97948.88
2025-11-16 15:37:06.972,117,102712.45
2025-11-16 15:37:06.972,118,93048.8
2025-11-16 15:37:06.972,119,102712.45
2025-11-16 15:37:06.972,120,92531.65
2025-11-16 15:37:06.972,121,97381.57
2025-11-16 15:37:06.972,122,108599.64
2025-11-16 15:37:06.972,123,102712.45
2025-11-16 15:37:06.972,124,97948.88
2025-11-16 15:37:06.972,125,97381.57
2025-11-16 15:37:06.972,126,97948.88
2025-11-16 15:37:06.972,127,100279.32
2025-11-16 15:37:06.972,128,197793.8
2025-11-16 15:37:06.972,129,97664.48
2025-11-16 15:37:06.972,130,103337.61
2025-11-16 15:37:06.972,131,103969.71
2025-11-16 15:37:06.972,132,99101.66
2025-11-16 15:37:06.972,133,99101.66
2025-11-16 15:37:06.972,134,119086.36
2025-11-16 15:37:06.972,135,133594.3
2025-11-16 15:37:06.972,136,696081.88
2025-11-16 15:37:06.972,137,109291.9
2025-11-16 15:37:06.972,138,101787.58
2025-11-16 15:37:06.972,139,101787.58
2025-11-16 15:37:06.972,140,135640.13
2025-11-16 15:37:06.972,141,161255.75
2025-11-16 15:37:06.972,142,161255.75
2025-11-16 15:37:06.972,143,161255.75
2025-11-16 15:37:06.972,144,41920.75
2025-11-16 15:37:06.972,145,41657.55
2025-11-16 15:37:06.972,146,40820.27
2025-11-16 15:37:06.972,147,40756.99
2025-11-16 15:37:06.972,148,40505.41
2025-11-16 15:37:06.972,149,41267.73
2025-11-16 15:37:06.972,150,41657.55
2025-11-16 15:37:06.972,151,41139.08
2025-11-16 15:37:06.972,152,41267.73
2025-11-16 15:37:06.972,153,40883.72
2025-11-16 15:37:06.972,154,41854.7
2025-11-16 15:37:06.972,155,40883.72
2025-11-16 15:37:06.972,156,40256.3
2025-11-16 15:37:06.972,157,41139.08
2025-11-16 15:37:06.972,158,40568.07
2025-11-16 15:37:06.972,159,41397.01
2025-11-16 15:37:06.972,160,23175.81
2025-11-16 15:37:06.972,161,41203.32
2025-11-16 15:37:06.972,162,41788.82
2025-11-16 15:37:06.972,163,36001.13
2025-11-16 15:37:06.972,164,45002.86
2025-11-16 15:37:06.972,165,44928.77
2025-11-16 15:37:06.972,166,39343.6
2025-11-16 15:37:06.972,167,43698.91
2025-11-16 15:37:06.972,168,41723.1
2025-11-16 15:37:06.972,169,42658.5
2025-11-16 15:37:06.972,170,46061.56
2025-11-16 15:37:06.972,171,42794.9
2025-11-16 15:37:06.972,172,42726.61
2025-11-16 15:37:06.972,173,41920.75
2025-11-16 15:37:06.972,174,42053.34
2025-11-16 15:37:06.972,175,44854.87
2025-11-16 15:37:06.972,176,94364.8
2025-11-16 15:37:06.972,177,43277.87
2025-11-16 15:37:06.972,178,47484.0
2025-11-16 15:37:06.972,179,46293.73
2025-11-16 15:37:06.972,180,43417.48
2025-11-16 15:37:06.972,181,43487.57
2025-11-16 15:37:06.972,182,52029.78
2025-11-16 15:37:06.972,183,59772.61
2025-11-16 15:37:06.972,184,317555.0
2025-11-16 15:37:06.972,185,51192.37
2025-11-16 15:37:06.972,186,920784.13
2025-11-16 15:37:06.972,187,44707.67
2025-11-16 15:37:06.972,188,61358.41
2025-11-16 15:37:06.972,189,70188.73
2025-11-16 15:37:06.972,190,70188.73
2025-11-16 15:37:06.972,191,70188.73
2025-11-16 15:37:06.972,192,27660.98
2025-11-16 15:37:06.972,193,27315.59
2025-11-16 15:37:06.972,194,26842.51
2025-11-16 15:37:06.972,195,27281.39
2025-11-16 15:37:06.972,196,26348.73
2025-11-16 15:37:06.972,197,26875.9
2025-11-16 15:37:06.972,198,26577.51
2025-11-16 15:37:06.972,199,26676.44
2025-11-16 15:37:06.972,200,26544.65
2025-11-16 15:37:06.972,201,26479.11
2025-11-16 15:37:06.972,202,26676.44
2025-11-16 15:37:06.972,203,26348.73
2025-11-16 15:37:06.972,204,26742.69
2025-11-16 15:37:06.972,205,26709.53
2025-11-16 15:37:06.972,206,27077.54
2025-11-16 15:37:06.972,207,26610.43
2025-11-16 15:37:06.972,208,17531.99
2025-11-16 15:37:06.972,209,26742.69
2025-11-16 15:37:06.972,210,26875.9
2025-11-16 15:37:06.972,211,19794.65
2025-11-16 15:37:06.972,212,29071.17
2025-11-16 15:37:06.972,213,29411.68
2025-11-16 15:37:06.972,214,22203.33
2025-11-16 15:37:06.972,215,28662.88
2025-11-16 15:37:06.972,216,25804.82
2025-11-16 15:37:06.972,217,27349.84
2025-11-16 15:37:06.972,218,30309.35
2025-11-16 15:37:06.972,219,28480.09
2025-11-16 15:37:06.972,220,27695.87
2025-11-16 15:37:06.972,221,26809.18
2025-11-16 15:37:06.972,222,28155.37
2025-11-16 15:37:06.972,223,28699.64
2025-11-16 15:37:06.972,224,64077.9
2025-11-16 15:37:06.972,225,27906.57
2025-11-16 15:37:06.972,226,28516.51
2025-11-16 15:37:06.972,227,30550.28
2025-11-16 15:37:06.972,228,28773.39
2025-11-16 15:37:06.972,229,29146.33
2025-11-16 15:37:06.972,230,35034.87
2025-11-16 15:37:06.972,231,40256.3
2025-11-16 15:37:06.972,232,211280.41
2025-11-16 15:37:06.972,233,36053.13
2025-11-16 15:37:06.972,234,684112.31
2025-11-16 15:37:06.972,235,28773.39
2025-11-16 15:37:06.972,236,46216.13
2025-11-16 15:37:06.972,237,777567.38
2025-11-16 15:37:06.972,238,49151.41
2025-11-16 15:37:06.972,239,49151.41
2025-11-16 15:37:06.972,240,19406.36
2025-11-16 15:37:06.972,241,19237.01
2025-11-16 15:37:06.972,242,18740.4
2025-11-16 15:37:06.972,243,19363.84
2025-11-16 15:37:06.972,244,18378.83
2025-11-16 15:37:06.972,245,18679.5
2025-11-16 15:37:06.972,246,17949.02
2025-11-16 15:37:06.972,247,18538.4
2025-11-16 15:37:06.972,248,18339.21
2025-11-16 15:37:06.972,249,18418.55
2025-11-16 15:37:06.972,250,18418.55
2025-11-16 15:37:06.972,251,18378.83
2025-11-16 15:37:06.972,252,18498.34
2025-11-16 15:37:06.972,253,18458.39
2025-11-16 15:37:06.972,254,19385.09
2025-11-16 15:37:06.972,255,18339.21
2025-11-16 15:37:06.972,256,18438.46
2025-11-16 15:37:06.972,257,19904.33
2025-11-16 15:37:06.972,258,19491.78
2025-11-16 15:37:06.972,259,18260.31
2025-11-16 15:37:06.972,260,21118.33
2025-11-16 15:37:06.972,261,21553.27
2025-11-16 15:37:06.972,262,19028.03
2025-11-16 15:37:06.972,263,21504.34
2025-11-16 15:37:06.972,264,19577.68
2025-11-16 15:37:06.972,265,20396.61
2025-11-16 15:37:06.972,266,22933.92
2025-11-16 15:37:06.972,267,20952.39
2025-11-16 15:37:06.972,268,20834.94
2025-11-16 15:37:06.972,269,20126.11
2025-11-16 15:37:06.972,270,20464.99
2025-11-16 15:37:06.972,271,20788.21
2025-11-16 15:37:06.972,272,50021.84
2025-11-16 15:37:06.972,273,20238.23
2025-11-16 15:37:06.972,274,21023.29
2025-11-16 15:37:06.972,275,21950.17
2025-11-16 15:37:06.972,276,20928.83
2025-11-16 15:37:06.972,277,21261.97
2025-11-16 15:37:06.972,278,25836.37
2025-11-16 15:37:06.972,279,30150.32
2025-11-16 15:37:06.972,280,157743.84
2025-11-16 15:37:06.972,281,29992.53
2025-11-16 15:37:06.972,282,483368.97
2025-11-16 15:37:06.972,283,20881.81
2025-11-16 15:37:06.972,284,37669.63
2025-11-16 15:37:06.972,285,988899.38
2025-11-16 15:37:06.972,286,39644.14
2025-11-16 15:37:06.972,287,39644.14
2025-11-16 15:37:06.972,288,16165.12
2025-11-16 15:37:06.972,289,16114.59
2025-11-16 15:37:06.972,290,15491.01
2025-11-16 15:37:06.972,291,16014.12
2025-11-16 15:37:06.972,292,15158.95
2025-11-16 15:37:06.972,293,15300.2
2025-11-16 15:37:06.972,294,14942.32
2025-11-16 15:37:06.972,295,15112.21
2025-11-16 15:37:06.972,296,15081.15
2025-11-16 15:37:06.972,297,15019.26
2025-11-16 15:37:06.972,298,15143.35
2025-11-16 15:37:06.972,299,15174.57
2025-11-16 15:37:06.972,300,15174.57
2025-11-16 15:37:06.972,301,15112.21
2025-11-16 15:37:06.972,302,16215.84
2025-11-16 15:37:06.972,303,15268.68
2025-11-16 15:37:06.972,304,17531.99
2025-11-16 15:37:06.972,305,17127.16
2025-11-16 15:37:06.972,306,17346.5
2025-11-16 15:37:06.972,307,18458.39
2025-11-16 15:37:06.972,308,17929.79
2025-11-16 15:37:06.972,309,18478.35
2025-11-16 15:37:06.972,310,16611.29
2025-11-16 15:37:06.972,311,18478.35
2025-11-16 15:37:06.972,312,16751.64
2025-11-16 15:37:06.972,313,17218.13
2025-11-16 15:37:06.972,314,20014.81
2025-11-16 15:37:06.972,315,17346.5
2025-11-16 15:37:06.972,316,17328.08
2025-11-16 15:37:06.972,317,16964.95
2025-11-16 15:37:06.972,318,17018.8
2025-11-16 15:37:06.972,319,17127.16
2025-11-16 15:37:06.972,320,43277.87
2025-11-16 15:37:06.972,321,16911.3
2025-11-16 15:37:06.972,322,17346.5
2025-11-16 15:37:06.972,323,18142.77
2025-11-16 15:37:06.972,324,17531.99
2025-11-16 15:37:06.972,325,17834.04
2025-11-16 15:37:06.972,326,22101.59
2025-11-16 15:37:06.972,327,25963.11
2025-11-16 15:37:06.972,328,135640.13
2025-11-16 15:37:06.972,329,27213.2
2025-11-16 15:37:06.972,330,425619.72
2025-11-16 15:37:06.972,331,17328.08
2025-11-16 15:37:06.972,332,33588.98
2025-11-16 15:37:06.972,333,861364.44
2025-11-16 15:37:06.972,334,35234.91
2025-11-16 15:37:06.972,335,35234.91
2025-11-16 15:37:06.972,336,14684.21
2025-11-16 15:37:06.972,337,14594.37
2025-11-16 15:37:06.972,338,13940.8
2025-11-16 15:37:06.972,339,14387.27
2025-11-16 15:37:06.972,340,13483.07
2025-11-16 15:37:06.972,341,13758.38
2025-11-16 15:37:06.972,342,13619.93
2025-11-16 15:37:06.972,343,13647.49
2025-11-16 15:37:06.972,344,13619.93
2025-11-16 15:37:06.972,345,13592.43
2025-11-16 15:37:06.972,346,13619.93
2025-11-16 15:37:06.972,347,13702.81
2025-11-16 15:37:06.972,348,13647.49
2025-11-16 15:37:06.972,349,13619.93
2025-11-16 15:37:06.972,350,14372.61
2025-11-16 15:37:06.972,351,13619.93
2025-11-16 15:37:06.972,352,15848.37
2025-11-16 15:37:06.972,353,15363.49
2025-11-16 15:37:06.972,354,15555.25
2025-11-16 15:37:06.972,355,16420.69
2025-11-16 15:37:06.972,356,16047.52
2025-11-16 15:37:06.972,357,16769.29
2025-11-16 15:37:06.972,358,14805.01
2025-11-16 15:37:06.972,359,16681.28
2025-11-16 15:37:06.972,360,14744.46
2025-11-16 15:37:06.972,361,15363.49
2025-11-16 15:37:06.972,362,18378.83
2025-11-16 15:37:06.972,363,15636.01
2025-11-16 15:37:06.972,364,15864.85
2025-11-16 15:37:06.972,365,15300.2
2025-11-16 15:37:06.972,366,15331.81
2025-11-16 15:37:06.972,367,15539.16
2025-11-16 15:37:06.972,368,39644.14
2025-11-16 15:37:06.972,369,15174.57
2025-11-16 15:37:06.972,370,15799.05
2025-11-16 15:37:06.972,371,16300.81
2025-11-16 15:37:06.972,372,15684.7
2025-11-16 15:37:06.972,373,16081.01
2025-11-16 15:37:06.972,374,19794.65
2025-11-16 15:37:06.972,375,23698.29
2025-11-16 15:37:06.972,376,123295.2
2025-11-16 15:37:06.972,377,25094.26
2025-11-16 15:37:06.972,378,387544.88
2025-11-16 15:37:06.972,379,15571.36
2025-11-16 15:37:06.972,380,30550.28
2025-11-16 15:37:06.972,381,825793.38
2025-11-16 15:37:06.972,382,31799.26
2025-11-16 15:37:06.972,383,31799.26
2025-11-16 15:37:06.972,384,14328.73
2025-11-16 15:37:06.972,385,14270.47
2025-11-16 15:37:06.972,386,13633.7
2025-11-16 15:37:06.972,387,14068.74
2025-11-16 15:37:06.972,388,13240.66
2025-11-16 15:37:06.972,389,13401.71
2025-11-16 15:37:06.972,390,13334.34
2025-11-16 15:37:06.972,391,13401.71
2025-11-16 15:37:06.972,392,13280.71
2025-11-16 15:37:06.972,393,13200.74
2025-11-16 15:37:06.972,394,13320.91
2025-11-16 15:37:06.972,395,13294.1
2025-11-16 15:37:06.972,396,13401.71
2025-11-16 15:37:06.972,397,13240.66
2025-11-16 15:37:06.972,398,14198.04
2025-11-16 15:37:06.972,399,13401.71
2025-11-16 15:37:06.972,400,15587.49
2025-11-16 15:37:06.972,401,15065.65
2025-11-16 15:37:06.972,402,15268.68
2025-11-16 15:37:06.972,403,16317.87
2025-11-16 15:37:06.972,404,15782.65
2025-11-16 15:37:06.972,405,16403.5
2025-11-16 15:37:06.972,406,14654.19
2025-11-16 15:37:06.972,407,16352.05
2025-11-16 15:37:06.972,408,14609.3
2025-11-16 15:37:06.972,409,15143.35
2025-11-16 15:37:06.972,410,18359.01
2025-11-16 15:37:06.972,411,15684.7
2025-11-16 15:37:06.972,412,15555.25
2025-11-16 15:37:06.972,413,15050.17
2025-11-16 15:37:06.972,414,15143.35
2025-11-16 15:37:06.972,415,15205.86
2025-11-16 15:37:06.972,416,39704.69
2025-11-16 15:37:06.972,417,14744.46
2025-11-16 15:37:06.972,418,15652.22
2025-11-16 15:37:06.972,419,16232.79
2025-11-16 15:37:06.972,420,15636.01
2025-11-16 15:37:06.972,421,15848.37
2025-11-16 15:37:06.972,422,19707.48
2025-11-16 15:37:06.972,423,23366.42
2025-11-16 15:37:06.972,424,120320.87
2025-11-16 15:37:06.972,425,24498.84
2025-11-16 15:37:06.972,426,407834.16
2025-11-16 15:37:06.972,427,15347.64
2025-11-16 15:37:06.972,428,30876.0
2025-11-16 15:37:06.972,429,900097.25
2025-11-16 15:37:06.972,430,32145.38
2025-11-16 15:37:06.972,431,32145.38
2025-11-16 15:37:06.972,432,14255.95
2025-11-16 15:37:06.972,433,14198.04
2025-11-16 15:37:06.972,434,13455.89
2025-11-16 15:37:06.972,435,13983.3
2025-11-16 15:37:06.972,436,13134.51
2025-11-16 15:37:06.972,437,13401.71
2025-11-16 15:37:06.972,438,13254.0
2025-11-16 15:37:06.972,439,13294.1
2025-11-16 15:37:06.972,440,13254.0
2025-11-16 15:37:06.972,441,13320.91
2025-11-16 15:37:06.972,442,13401.71
2025-11-16 15:37:06.972,443,13294.1
2025-11-16 15:37:06.972,444,13320.91
2025-11-16 15:37:06.972,445,13254.0
2025-11-16 15:37:06.972,446,14111.69
2025-11-16 15:37:06.972,447,13428.77
2025-11-16 15:37:06.972,448,15652.22
2025-11-16 15:37:06.972,449,15112.21
2025-11-16 15:37:06.972,450,15174.57
2025-11-16 15:37:06.972,451,16249.76
2025-11-16 15:37:06.972,452,15799.05
2025-11-16 15:37:06.972,453,16386.33
2025-11-16 15:37:06.972,454,14579.46
2025-11-16 15:37:06.972,455,16249.76
2025-11-16 15:37:06.972,456,14624.25
2025-11-16 15:37:06.972,457,15174.57
2025-11-16 15:37:06.972,458,17949.02
2025-11-16 15:37:06.972,459,15749.92
2025-11-16 15:37:06.972,460,15603.64
2025-11-16 15:37:06.972,461,15003.83
2025-11-16 15:37:06.972,462,15190.2
2025-11-16 15:37:06.972,463,15127.77
2025-11-16 15:37:06.972,464,40071.08
2025-11-16 15:37:06.972,465,15019.26
2025-11-16 15:37:06.972,466,15491.01
2025-11-16 15:37:06.972,467,15914.42
2025-11-16 15:37:06.972,468,15158.95
2025-11-16 15:37:06.972,469,15799.05
2025-11-16 15:37:06.972,470,19491.78
2025-11-16 15:37:06.972,471,23257.23
2025-11-16 15:37:06.972,472,122862.01
2025-11-16 15:37:06.972,473,24557.47
2025-11-16 15:37:06.972,474,387544.88
2025-11-16 15:37:06.972,475,15174.57
2025-11-16 15:37:06.972,476,30712.49
2025-11-16 15:37:06.972,477,988899.38
2025-11-16 15:37:06.972,478,32232.81
2025-11-16 15:37:06.972,479,32232.81
2025-11-16 15:37:06.972,480,14154.79
2025-11-16 15:37:06.972,481,14097.35
2025-11-16 15:37:06.972,482,13320.91
2025-11-16 15:37:06.972,483,13898.46
2025-11-16 15:37:06.972,484,13055.53
2025-11-16 15:37:06.972,485,13160.96
2025-11-16 15:37:06.972,486,13055.53
2025-11-16 15:37:06.972,487,13174.2
2025-11-16 15:37:06.972,488,13094.96
2025-11-16 15:37:06.972,489,13042.42
2025-11-16 15:37:06.972,490,13108.13
2025-11-16 15:37:06.972,491,13108.13
2025-11-16 15:37:06.972,492,13160.96
2025-11-16 15:37:06.972,493,13055.53
2025-11-16 15:37:06.972,494,14040.19
2025-11-16 15:37:06.972,495,13081.8
2025-11-16 15:37:06.972,496,15347.64
2025-11-16 15:37:06.972,497,14865.85
2025-11-16 15:37:06.972,498,15050.17
2025-11-16 15:37:06.972,499,16148.25
2025-11-16 15:37:06.972,500,15523.09
2025-11-16 15:37:06.972,501,16081.01
2025-11-16 15:37:06.972,502,14328.73
2025-11-16 15:37:06.972,503,16148.25
2025-11-16 15:37:06.972,504,14431.36
2025-11-16 15:37:06.972,505,15003.83
2025-11-16 15:37:06.972,506,17949.02
2025-11-16 15:37:06.972,507,15395.25
2025-11-16 15:37:06.972,508,15395.25
2025-11-16 15:37:06.972,509,14774.7
2025-11-16 15:37:06.972,510,14865.85
2025-11-16 15:37:06.972,511,14988.43
2025-11-16 15:37:06.972,512,39463.38
2025-11-16 15:37:06.972,513,14805.01
2025-11-16 15:37:06.972,514,15268.68
2025-11-16 15:37:06.972,515,15881.35
2025-11-16 15:37:06.972,516,15205.86
2025-11-16 15:37:06.972,517,15300.2
2025-11-16 15:37:06.972,518,19069.58
2025-11-16 15:37:06.972,519,23040.99
2025-11-16 15:37:06.972,520,115519.18
2025-11-16 15:37:06.972,521,24498.84
2025-11-16 15:37:06.972,522,379970.25
2025-11-16 15:37:06.972,523,15050.17
2025-11-16 15:37:06.972,524,29146.33
2025-11-16 15:37:06.972,525,793012.25
2025-11-16 15:37:06.972,526,31713.61
2025-11-16 15:37:06.972,527,31713.61
2025-11-16 15:37:06.972,528,14183.61
2025-11-16 15:37:06.972,529,14068.74
2025-11-16 15:37:06.972,530,13320.91
2025-11-16 15:37:06.972,531,13884.38
2025-11-16 15:37:06.972,532,13081.8
2025-11-16 15:37:06.972,533,13267.35
2025-11-16 15:37:06.972,534,12951.06
2025-11-16 15:37:06.972,535,13081.8
2025-11-16 15:37:06.972,536,13029.33
2025-11-16 15:37:06.972,537,13042.42
2025-11-16 15:37:06.972,538,13187.46
2025-11-16 15:37:06.972,539,13029.33
2025-11-16 15:37:06.972,540,13134.51
2025-11-16 15:37:06.972,541,13187.46
2025-11-16 15:37:06.972,542,14068.74
2025-11-16 15:37:06.972,543,13240.66
2025-11-16 15:37:06.972,544,15427.09
2025-11-16 15:37:06.972,545,14988.43
2025-11-16 15:37:06.972,546,15143.35
2025-11-16 15:37:06.972,547,16081.01
2025-11-16 15:37:06.972,548,15587.49
2025-11-16 15:37:06.972,549,16334.95
2025-11-16 15:37:06.972,550,14416.64
2025-11-16 15:37:06.972,551,16215.84
2025-11-16 15:37:06.972,552,14624.25
2025-11-16 15:37:06.972,553,15050.17
2025-11-16 15:37:06.972,554,18162.29
2025-11-16 15:37:06.972,555,15555.25
2025-11-16 15:37:06.972,556,15427.09
2025-11-16 15:37:06.972,557,14865.85
2025-11-16 15:37:06.972,558,15019.26
2025-11-16 15:37:06.972,559,15081.15
2025-11-16 15:37:06.972,560,39403.42
2025-11-16 15:37:06.972,561,14850.61
2025-11-16 15:37:06.972,562,15363.49
2025-11-16 15:37:06.972,563,16014.12
2025-11-16 15:37:06.972,564,15491.01
2025-11-16 15:37:06.972,565,15652.22
2025-11-16 15:37:06.972,566,19577.68
2025-11-16 15:37:06.972,567,23642.52
2025-11-16 15:37:06.972,568,119906.74
2025-11-16 15:37:06.972,569,24528.13
2025-11-16 15:37:06.972,570,399475.0
2025-11-16 15:37:06.972,571,15174.57
2025-11-16 15:37:06.972,572,30389.34
2025-11-16 15:37:06.972,573,900097.25
2025-11-16 15:37:06.972,574,32232.81
2025-11-16 15:37:06.972,575,32232.81
2025-11-16 15:37:06.972,576,14270.47
2025-11-16 15:37:06.972,577,14126.04
2025-11-16 15:37:06.972,578,13510.31
2025-11-16 15:37:06.972,579,13912.56
2025-11-16 15:37:06.972,580,13094.96
2025-11-16 15:37:06.972,581,13334.34
2025-11-16 15:37:06.972,582,13108.13
2025-11-16 15:37:06.972,583,13214.03
2025-11-16 15:37:06.972,584,13200.74
2025-11-16 15:37:06.972,585,13081.8
2025-11-16 15:37:06.972,586,13267.35
2025-11-16 15:37:06.972,587,13174.2
2025-11-16 15:37:06.972,588,13307.49
2025-11-16 15:37:06.972,589,13267.35
2025-11-16 15:37:06.972,590,14270.47
2025-11-16 15:37:06.972,591,13388.2
2025-11-16 15:37:06.972,592,15539.16
2025-11-16 15:37:06.972,593,15050.17
2025-11-16 15:37:06.972,594,15174.57
2025-11-16 15:37:06.972,595,16249.76
2025-11-16 15:37:06.972,596,15652.22
2025-11-16 15:37:06.972,597,16249.76
2025-11-16 15:37:06.972,598,14372.61
2025-11-16 15:37:06.972,599,16165.12
2025-11-16 15:37:06.972,600,14684.21
2025-11-16 15:37:06.972,601,15081.15
2025-11-16 15:37:06.972,602,18181.84
2025-11-16 15:37:06.972,603,15652.22
2025-11-16 15:37:06.972,604,15363.49
2025-11-16 15:37:06.972,605,14835.39
2025-11-16 15:37:06.972,606,14684.21
2025-11-16 15:37:06.972,607,14639.21
2025-11-16 15:37:06.972,608,40256.3
2025-11-16 15:37:06.972,609,14624.25
2025-11-16 15:37:06.972,610,15143.35
2025-11-16 15:37:06.972,611,15782.65
2025-11-16 15:37:06.972,612,15427.09
2025-11-16 15:37:06.972,613,15684.7
2025-11-16 15:37:06.972,614,19534.67
2025-11-16 15:37:06.972,615,23421.27
2025-11-16 15:37:06.972,616,123731.21
2025-11-16 15:37:06.972,617,24528.13
2025-11-16 15:37:06.972,618,395419.56
2025-11-16 15:37:06.972,619,14850.61
2025-11-16 15:37:06.972,620,30550.28
2025-11-16 15:37:06.972,621,793012.25
2025-11-16 15:37:06.972,622,32765.05
2025-11-16 15:37:06.972,623,32765.05
2025-11-16 15:37:06.972,624,14328.73
2025-11-16 15:37:06.972,625,14241.45
2025-11-16 15:37:06.972,626,13510.31
2025-11-16 15:37:06.972,627,14154.79
2025-11-16 15:37:06.972,628,13214.03
2025-11-16 15:37:06.972,629,13455.89
2025-11-16 15:37:06.972,630,13240.66
2025-11-16 15:37:06.972,631,13320.91
2025-11-16 15:37:06.972,632,13121.31
2025-11-16 15:37:06.972,633,13160.96
2025-11-16 15:37:06.972,634,13267.35
2025-11-16 15:37:06.972,635,13254.0
2025-11-16 15:37:06.972,636,13374.71
2025-11-16 15:37:06.972,637,13267.35
2025-11-16 15:37:06.972,638,14212.49
2025-11-16 15:37:06.972,639,13415.23
2025-11-16 15:37:06.972,640,15523.09
2025-11-16 15:37:06.972,641,15081.15
2025-11-16 15:37:06.972,642,15252.94
2025-11-16 15:37:06.972,643,16165.12
2025-11-16 15:37:06.972,644,15684.7
2025-11-16 15:37:06.972,645,16249.76
2025-11-16 15:37:06.972,646,14534.84
2025-11-16 15:37:06.972,647,16215.84
2025-11-16 15:37:06.972,648,14624.25
2025-11-16 15:37:06.972,649,15065.65
2025-11-16 15:37:06.972,650,18103.81
2025-11-16 15:37:06.972,651,15848.37
2025-11-16 15:37:06.972,652,15395.25
2025-11-16 15:37:06.972,653,14850.61
2025-11-16 15:37:06.972,654,15050.17
2025-11-16 15:37:06.972,655,15003.83
2025-11-16 15:37:06.972,656,39765.37
2025-11-16 15:37:06.972,657,14820.19
2025-11-16 15:37:06.972,658,15395.25
2025-11-16 15:37:06.972,659,16047.52
2025-11-16 15:37:06.972,660,15555.25
2025-11-16 15:37:06.972,661,15782.65
2025-11-16 15:37:06.972,662,19664.09
2025-11-16 15:37:06.972,663,23698.29
2025-11-16 15:37:06.972,664,122431.63
2025-11-16 15:37:06.972,665,24324.12
2025-11-16 15:37:06.972,666,403612.41
2025-11-16 15:37:06.972,667,14896.38
2025-11-16 15:37:06.972,668,29146.33
2025-11-16 15:37:06.972,669,708471.5
2025-11-16 15:37:06.972,670,32189.05
2025-11-16 15:37:06.972,671,32189.05
2025-11-16 15:37:06.972,672,14040.19
2025-11-16 15:37:06.972,673,14068.74
2025-11-16 15:37:06.972,674,13510.31
2025-11-16 15:37:06.972,675,13814.22
2025-11-16 15:37:06.972,676,13214.03
2025-11-16 15:37:06.972,677,13401.71
2025-11-16 15:37:06.972,678,13320.91
2025-11-16 15:37:06.972,679,13267.35
2025-11-16 15:37:06.972,680,13320.91
2025-11-16 15:37:06.972,681,13227.34
2025-11-16 15:37:06.972,682,13003.18
2025-11-16 15:37:06.972,683,13227.34
2025-11-16 15:37:06.972,684,13254.0
2025-11-16 15:37:06.972,685,13267.35
2025-11-16 15:37:06.972,686,14212.49
2025-11-16 15:37:06.972,687,13469.47
2025-11-16 15:37:06.972,688,15619.82
2025-11-16 15:37:06.972,689,15065.65
2025-11-16 15:37:06.972,690,15363.49
2025-11-16 15:37:06.972,691,16352.05
2025-11-16 15:37:06.972,692,15766.28
2025-11-16 15:37:06.972,693,16611.29
2025-11-16 15:37:06.972,694,14684.21
2025-11-16 15:37:06.972,695,16249.76
2025-11-16 15:37:06.972,696,14805.01
2025-11-16 15:37:06.972,697,15268.68
2025-11-16 15:37:06.972,698,18240.65
2025-11-16 15:37:06.972,699,15815.47
2025-11-16 15:37:06.972,700,15603.64
2025-11-16 15:37:06.972,701,15081.15
2025-11-16 15:37:06.972,702,15003.83
2025-11-16 15:37:06.972,703,15190.2
2025-11-16 15:37:06.972,704,39887.21
2025-11-16 15:37:06.972,705,15096.68
2025-11-16 15:37:06.972,706,15684.7
2025-11-16 15:37:06.972,707,16131.41
2025-11-16 15:37:06.972,708,15619.82
2025-11-16 15:37:06.972,709,15848.37
2025-11-16 15:37:06.972,710,19794.65
2025-11-16 15:37:06.972,711,24266.27
2025-11-16 15:37:06.972,712,124611.84
2025-11-16 15:37:06.972,713,24823.81
2025-11-16 15:37:06.972,714,460679.59
2025-11-16 15:37:06.972,715,15395.25
2025-11-16 15:37:06.972,716,30794.08
2025-11-16 15:37:06.972,717,880309.75
2025-11-16 15:37:06.972,718,32945.45
2025-11-16 15:37:06.972,719,32945.45
2025-11-16 15:37:06.972,720,14285.01
2025-11-16 15:37:06.972,721,14126.04
2025-11-16 15:37:06.972,722,13814.22
2025-11-16 15:37:06.972,723,14183.61
2025-11-16 15:37:06.972,724,13374.71
2025-11-16 15:37:06.972,725,13758.38
2025-11-16 15:37:06.972,726,13401.71
2025-11-16 15:37:06.972,727,13592.43
2025-11-16 15:37:06.972,728,13496.68
2025-11-16 15:37:06.972,729,13415.23
2025-11-16 15:37:06.972,730,13469.47
2025-11-16 15:37:06.972,731,13592.43
2025-11-16 15:37:06.972,732,13483.07
2025-11-16 15:37:06.972,733,13483.07
2025-11-16 15:37:06.972,734,14505.19
2025-11-16 15:37:06.972,735,13675.12
2025-11-16 15:37:06.972,736,15782.65
2025-11-16 15:37:06.972,737,15379.36
2025-11-16 15:37:06.972,738,15619.82
2025-11-16 15:37:06.972,739,16769.29
2025-11-16 15:37:06.972,740,16081.01
2025-11-16 15:37:06.972,741,16734.02
2025-11-16 15:37:06.972,742,14926.99
2025-11-16 15:37:06.972,743,16611.29
2025-11-16 15:37:06.972,744,14988.43
2025-11-16 15:37:06.972,745,15347.64
2025-11-16 15:37:06.972,746,18578.57
2025-11-16 15:37:06.972,747,16097.79
2025-11-16 15:37:06.972,748,15864.85
2025-11-16 15:37:06.972,749,15395.25
2025-11-16 15:37:06.972,750,15491.01
2025-11-16 15:37:06.972,751,15619.82
2025-11-16 15:37:06.972,752,40630.89
2025-11-16 15:37:06.972,753,15411.16
2025-11-16 15:37:06.972,754,15749.92
2025-11-16 15:37:06.972,755,16472.4
2025-11-16 15:37:06.972,756,15848.37
2025-11-16 15:37:06.972,757,16182.0
2025-11-16 15:37:06.972,758,20059.23
2025-11-16 15:37:06.972,759,24853.65
2025-11-16 15:37:06.972,760,127787.46
2025-11-16 15:37:06.972,761,25094.26
2025-11-16 15:37:06.972,762,483368.97
2025-11-16 15:37:06.972,763,15619.82
2025-11-16 15:37:06.972,764,31206.99
2025-11-16 15:37:06.972,765,942433.13
2025-11-16 15:37:06.972,766,33403.16
2025-11-16 15:37:06.972,767,33403.16
2025-11-16 15:37:06.972,768,14865.85
2025-11-16 15:37:06.972,769,14789.84
2025-11-16 15:37:06.972,770,14126.04
2025-11-16 15:37:06.972,771,14624.25
2025-11-16 15:37:06.972,772,13744.46
2025-11-16 15:37:06.972,773,13926.67
2025-11-16 15:37:06.972,774,13688.95
2025-11-16 15:37:06.972,775,13842.23
2025-11-16 15:37:06.972,776,13912.56
2025-11-16 15:37:06.972,777,13870.31
2025-11-16 15:37:06.972,778,13814.22
2025-11-16 15:37:06.972,779,13954.95
2025-11-16 15:37:06.972,780,13912.56
2025-11-16 15:37:06.972,781,13483.07
2025-11-16 15:37:06.972,782,14744.46
2025-11-16 15:37:06.972,783,13870.31
2025-11-16 15:37:06.972,784,16114.59
2025-11-16 15:37:06.972,785,15587.49
2025-11-16 15:37:06.972,786,15749.92
2025-11-16 15:37:06.972,787,16911.3
2025-11-16 15:37:06.972,788,16215.84
2025-11-16 15:37:06.972,789,16911.3
2025-11-16 15:37:06.972,790,15096.68
2025-11-16 15:37:06.972,791,16929.16
2025-11-16 15:37:06.972,792,15174.57
2025-11-16 15:37:06.972,793,15619.82
2025-11-16 15:37:06.972,794,18740.4
2025-11-16 15:37:06.972,795,16165.12
2025-11-16 15:37:06.972,796,16047.52
2025-11-16 15:37:06.972,797,15523.09
2025-11-16 15:37:06.972,798,15619.82
2025-11-16 15:37:06.972,799,15815.47
2025-11-16 15:37:06.972,800,40693.86
2025-11-16 15:37:06.972,801,15587.49
2025-11-16 15:37:06.972,802,16081.01
2025-11-16 15:37:06.972,803,16751.64
2025-11-16 15:37:06.972,804,16081.01
2025-11-16 15:37:06.972,805,16352.05
2025-11-16 15:37:06.972,806,20396.61
2025-11-16 15:37:06.972,807,25033.8
2025-11-16 15:37:06.972,808,133091.78
2025-11-16 15:37:06.972,809,25276.9
2025-11-16 15:37:06.972,810,515003.19
2025-11-16 15:37:06.972,811,15881.35
2025-11-16 15:37:06.972,812,30876.0
2025-11-16 15:37:06.972,813,793012.25
2025-11-16 15:37:06.972,814,33310.84
2025-11-16 15:37:06.972,815,33310.84
2025-11-16 15:37:06.972,816,14835.39
2025-11-16 15:37:06.972,817,14759.57
2025-11-16 15:37:06.972,818,13926.67
2025-11-16 15:37:06.972,819,14564.57
2025-11-16 15:37:06.972,820,13647.49
2025-11-16 15:37:06.972,821,13730.56
2025-11-16 15:37:06.972,822,13633.7
2025-11-16 15:37:06.972,823,13647.49
2025-11-16 15:37:06.972,824,13828.22
2025-11-16 15:37:06.972,825,13675.12
2025-11-16 15:37:06.972,826,13730.56
2025-11-16 15:37:06.972,827,13758.38
2025-11-16 15:37:06.972,828,13842.23
2025-11-16 15:37:06.972,829,13716.68
2025-11-16 15:37:06.972,830,14520.01
2025-11-16 15:37:06.972,831,13758.38
2025-11-16 15:37:06.972,832,15964.17
2025-11-16 15:37:06.972,833,15347.64
2025-11-16 15:37:06.972,834,15619.82
2025-11-16 15:37:06.972,835,16734.02
2025-11-16 15:37:06.972,836,15881.35
2025-11-16 15:37:06.972,837,16386.33
2025-11-16 15:37:06.972,838,14789.84
2025-11-16 15:37:06.972,839,16698.84
2025-11-16 15:37:06.972,840,15143.35
2025-11-16 15:37:06.972,841,15684.7
2025-11-16 15:37:06.972,842,18720.07
2025-11-16 15:37:06.972,843,16215.84
2025-11-16 15:37:06.972,844,16131.41
2025-11-16 15:37:06.972,845,15523.09
2025-11-16 15:37:06.972,846,15587.49
2025-11-16 15:37:06.972,847,15799.05
2025-11-16 15:37:06.972,848,40505.41
2025-11-16 15:37:06.972,849,15619.82
2025-11-16 15:37:06.972,850,16114.59
2025-11-16 15:37:06.972,851,16769.29
2025-11-16 15:37:06.972,852,16232.79
2025-11-16 15:37:06.972,853,16386.33
2025-11-16 15:37:06.972,854,20556.65
2025-11-16 15:37:06.972,855,25185.35
2025-11-16 15:37:06.972,856,136160.72
2025-11-16 15:37:06.972,857,25585.55
2025-11-16 15:37:06.972,858,521823.06
2025-11-16 15:37:06.972,859,15881.35
2025-11-16 15:37:06.972,860,31628.31
2025-11-16 15:37:06.972,861,793012.25
2025-11-16 15:37:06.972,862,33635.68
2025-11-16 15:37:06.972,863,33635.68
2025-11-16 15:37:06.972,864,15284.43
2025-11-16 15:37:06.972,865,15268.68
2025-11-16 15:37:06.972,866,14505.19
2025-11-16 15:37:06.972,867,14942.32
2025-11-16 15:37:06.972,868,14154.79
2025-11-16 15:37:06.972,869,14328.73
2025-11-16 15:37:06.972,870,14111.69
2025-11-16 15:37:06.972,871,14154.79
2025-11-16 15:37:06.972,872,14183.61
2025-11-16 15:37:06.972,873,14040.19
2025-11-16 15:37:06.972,874,14314.14
2025-11-16 15:37:06.972,875,14241.45
2025-11-16 15:37:06.972,876,14328.73
2025-11-16 15:37:06.972,877,14270.47
2025-11-16 15:37:06.972,878,14911.68
2025-11-16 15:37:06.972,879,14212.49
2025-11-16 15:37:06.972,880,16420.69
2025-11-16 15:37:06.972,881,15848.37
2025-11-16 15:37:06.972,882,16249.76
2025-11-16 15:37:06.972,883,17272.99
2025-11-16 15:37:06.972,884,15881.35
2025-11-16 15:37:06.972,885,17018.8
2025-11-16 15:37:06.972,886,15619.82
2025-11-16 15:37:06.972,887,17328.08
2025-11-16 15:37:06.972,888,15587.49
2025-11-16 15:37:06.972,889,16047.52
2025-11-16 15:37:06.972,890,19342.63
2025-11-16 15:37:06.972,891,16734.02
2025-11-16 15:37:06.972,892,16663.75
2025-11-16 15:37:06.972,893,15848.37
2025-11-16 15:37:06.972,894,16182.0
2025-11-16 15:37:06.972,895,16249.76
2025-11-16 15:37:06.972,896,42320.58
2025-11-16 15:37:06.972,897,16081.01
2025-11-16 15:37:06.972,898,16646.24
2025-11-16 15:37:06.972,899,17328.08
2025-11-16 15:37:06.972,900,16734.02
2025-11-16 15:37:06.972,901,17018.8
2025-11-16 15:37:06.972,902,21023.29
2025-11-16 15:37:06.972,903,25899.63
2025-11-16 15:37:06.972,904,138280.8
2025-11-16 15:37:06.972,905,26122.79
2025-11-16 15:37:06.972,906,508356.06
2025-11-16 15:37:06.972,907,16386.33
2025-11-16 15:37:06.972,908,32765.05
2025-11-16 15:37:06.972,909,942433.13
2025-11-16 15:37:06.972,910,35034.87
2025-11-16 15:37:06.972,911,35034.87
2025-11-16 15:37:06.972,912,18478.35
2025-11-16 15:37:06.972,913,18339.21
2025-11-16 15:37:06.972,914,17420.39
2025-11-16 15:37:06.972,915,18181.84
2025-11-16 15:37:06.972,916,17236.39
2025-11-16 15:37:06.972,917,17457.49
2025-11-16 15:37:06.972,918,17036.8
2025-11-16 15:37:06.972,919,16982.88
2025-11-16 15:37:06.972,920,17054.83
2025-11-16 15:37:06.972,921,16947.04
2025-11-16 15:37:06.972,922,17236.39
2025-11-16 15:37:06.972,923,16857.87
2025-11-16 15:37:06.972,924,17163.47
2025-11-16 15:37:06.972,925,17236.39
2025-11-16 15:37:06.972,926,17701.08
2025-11-16 15:37:06.972,927,17383.4
2025-11-16 15:37:06.972,928,19406.36
2025-11-16 15:37:06.972,929,18801.55
2025-11-16 15:37:06.972,930,19194.97
2025-11-16 15:37:06.972,931,20238.23
2025-11-16 15:37:06.972,932,19194.97
2025-11-16 15:37:06.972,933,20193.28
2025-11-16 15:37:06.972,934,18339.21
2025-11-16 15:37:06.972,935,19427.67
2025-11-16 15:37:06.972,936,18679.5
2025-11-16 15:37:06.972,937,19069.58
2025-11-16 15:37:06.972,938,22933.92
2025-11-16 15:37:06.972,939,20014.81
2025-11-16 15:37:06.972,940,19449.01
2025-11-16 15:37:06.972,941,19048.79
2025-11-16 15:37:06.972,942,19153.06
2025-11-16 15:37:06.972,943,19534.67
2025-11-16 15:37:06.972,944,48139.58
2025-11-16 15:37:06.972,945,19153.06
2025-11-16 15:37:06.972,946,19153.06
2025-11-16 15:37:06.972,947,20556.65
2025-11-16 15:37:06.972,948,19751.0
2025-11-16 15:37:06.972,949,20103.78
2025-11-16 15:37:06.972,950,24498.84
2025-11-16 15:37:06.972,951,29526.5
2025-11-16 15:37:06.972,952,151772.23
2025-11-16 15:37:06.972,953,30189.96
2025-11-16 15:37:06.972,954,450099.75
2025-11-16 15:37:06.972,955,19664.09
2025-11-16 15:37:06.972,956,36793.67
2025-11-16 15:37:06.972,957,988899.38
2025-11-16 15:37:06.972,958,39644.14
2025-11-16 15:37:06.972,959,39644.14
2025-11-16 15:37:06.972,960,42794.9
2025-11-16 15:37:06.972,961,42590.57
2025-11-16 15:37:06.972,962,40883.72
2025-11-16 15:37:06.972,963,40505.41
2025-11-16 15:37:06.972,964,39165.01
2025-11-16 15:37:06.972,965,39523.48
2025-11-16 15:37:06.972,966,40132.67
2025-11-16 15:37:06.972,967,40883.72
2025-11-16 15:37:06.972,968,40630.89
2025-11-16 15:37:06.972,969,39826.22
2025-11-16 15:37:06.972,970,40693.86
2025-11-16 15:37:06.972,971,40505.41
2025-11-16 15:37:06.972,972,40380.55
2025-11-16 15:37:06.972,973,40442.9
2025-11-16 15:37:06.972,974,41267.73
2025-11-16 15:37:06.972,975,40505.41
2025-11-16 15:37:06.972,976,43417.48
2025-11-16 15:37:06.972,977,40505.41
2025-11-16 15:37:06.972,978,38695.02
2025-11-16 15:37:06.972,979,42726.61
2025-11-16 15:37:06.972,980,39403.42
2025-11-16 15:37:06.972,981,40883.72
2025-11-16 15:37:06.972,982,40505.41
2025-11-16 15:37:06.972,983,37893.76
2025-11-16 15:37:06.972,984,39283.93
2025-11-16 15:37:06.972,985,41461.9
2025-11-16 15:37:06.972,986,43983.32
2025-11-16 15:37:06.972,987,31585.79
2025-11-16 15:37:06.972,988,41788.82
2025-11-16 15:37:06.972,989,42590.57
2025-11-16 15:37:06.972,990,43840.75
2025-11-16 15:37:06.972,991,45602.89
2025-11-16 15:37:06.972,992,89534.38
2025-11-16 15:37:06.972,993,43277.87
2025-11-16 15:37:06.972,994,42932.0
2025-11-16 15:37:06.972,995,41267.73
2025-11-16 15:37:06.972,996,43698.91
2025-11-16 15:37:06.972,997,43983.32
2025-11-16 15:37:06.972,998,51284.3
2025-11-16 15:37:06.972,999,59534.86
2025-11-16 15:37:06.972,1000,293282.41
2025-11-16 15:37:06.972,1001,63676.8
2025-11-16 15:37:06.972,1002,880309.75
2025-11-16 15:37:06.972,1003,41788.82
2025-11-16 15:37:06.972,1004,74328.61
2025-11-16 15:37:06.972,1005,79112.48
2025-11-16 15:37:06.972,1006,79112.48
2025-11-16 15:37:06.972,1007,79112.48
2025-11-16 15:37:06.972,1008,56046.25
2025-11-16 15:37:06.972,1009,55621.39
2025-11-16 15:37:06.972,1010,53975.16
2025-11-16 15:37:06.972,1011,54480.68
2025-11-16 15:37:06.972,1012,52987.48
2025-11-16 15:37:06.972,1013,54277.52
2025-11-16 15:37:06.972,1014,52697.09
2025-11-16 15:37:06.972,1015,54994.24
2025-11-16 15:37:06.972,1016,52793.59
2025-11-16 15:37:06.972,1017,52987.48
2025-11-16 15:37:06.972,1018,53378.87
2025-11-16 15:37:06.972,1019,53182.58
2025-11-16 15:37:06.972,1020,53378.87
2025-11-16 15:37:06.972,1021,50827.38
2025-11-16 15:37:06.972,1022,54787.84
2025-11-16 15:37:06.972,1023,53378.87
2025-11-16 15:37:06.972,1024,57354.41
2025-11-16 15:37:06.972,1025,54994.24
2025-11-16 15:37:06.972,1026,50377.22
2025-11-16 15:37:06.972,1027,57465.76
2025-11-16 15:37:06.972,1028,48641.14
2025-11-16 15:37:06.972,1029,50918.22
2025-11-16 15:37:06.972,1030,52987.48
2025-11-16 15:37:06.972,1031,41657.55
2025-11-16 15:37:06.972,1032,52218.99
2025-11-16 15:37:06.972,1033,54685.13
2025-11-16 15:37:06.972,1034,56153.31
2025-11-16 15:37:06.972,1035,51468.98
2025-11-16 15:37:06.972,1036,56912.64
2025-11-16 15:37:06.972,1037,56585.1
2025-11-16 15:37:06.972,1038,56260.74
2025-11-16 15:37:06.972,1039,61109.78
2025-11-16 15:37:06.972,1040,119086.36
2025-11-16 15:37:06.972,1041,55201.96
2025-11-16 15:37:06.972,1042,54480.68
2025-11-16 15:37:06.972,1043,52600.88
2025-11-16 15:37:06.972,1044,56046.25
2025-11-16 15:37:06.972,1045,55833.13
2025-11-16 15:37:06.972,1046,65169.12
2025-11-16 15:37:06.972,1047,66723.02
2025-11-16 15:37:06.972,1048,379970.25
2025-11-16 15:37:06.972,1049,80294.42
2025-11-16 15:37:06.972,1050,793012.25
2025-11-16 15:37:06.972,1051,54685.13
2025-11-16 15:37:06.972,1052,97381.57
2025-11-16 15:37:06.972,1053,104608.9
2025-11-16 15:37:06.972,1054,104608.9
2025-11-16 15:37:06.972,1055,104608.9
2025-11-16 15:37:06.972,1056,62628.1
2025-11-16 15:37:06.972,1057,62628.1
2025-11-16 15:37:06.972,1058,61608.8
2025-11-16 15:37:06.972,1059,61358.41
2025-11-16 15:37:06.972,1060,58715.34
2025-11-16 15:37:06.972,1061,59653.54
2025-11-16 15:37:06.972,1062,58255.64
2025-11-16 15:37:06.972,1063,58484.71
2025-11-16 15:37:06.972,1064,58715.34
2025-11-16 15:37:06.972,1065,58141.67
2025-11-16 15:37:06.972,1066,59892.09
2025-11-16 15:37:06.972,1067,58715.34
2025-11-16 15:37:06.972,1068,56912.64
2025-11-16 15:37:06.972,1069,59416.6
2025-11-16 15:37:06.972,1070,60374.14
2025-11-16 15:37:06.972,1071,59772.61
2025-11-16 15:37:06.972,1072,61358.41
2025-11-16 15:37:06.972,1073,59653.54
2025-11-16 15:37:06.972,1074,51284.3
2025-11-16 15:37:06.972,1075,61608.8
2025-11-16 15:37:06.972,1076,46843.01
2025-11-16 15:37:06.972,1077,44561.25
2025-11-16 15:37:06.972,1078,56585.1
2025-11-16 15:37:06.972,1079,46527.84
2025-11-16 15:37:06.972,1080,46371.55
2025-11-16 15:37:06.972,1081,56368.51
2025-11-16 15:37:06.972,1082,56912.64
2025-11-16 15:37:06.972,1083,51654.79
2025-11-16 15:37:06.972,1084,58484.71
2025-11-16 15:37:06.972,1085,59416.6
2025-11-16 15:37:06.972,1086,58028.08
2025-11-16 15:37:06.972,1087,63943.71
2025-11-16 15:37:06.972,1088,121579.19
2025-11-16 15:37:06.972,1089,58947.51
2025-11-16 15:37:06.972,1090,59181.26
2025-11-16 15:37:06.972,1091,59416.6
2025-11-16 15:37:06.972,1092,60011.99
2025-11-16 15:37:06.972,1093,59064.19
2025-11-16 15:37:06.972,1094,66435.75
2025-11-16 15:37:06.972,1095,76471.19
2025-11-16 15:37:06.972,1096,395419.56
2025-11-16 15:37:06.972,1097,86707.14
2025-11-16 15:37:06.972,1098,942433.13
2025-11-16 15:37:06.972,1099,58947.51
2025-11-16 15:37:06.972,1100,101787.58
2025-11-16 15:37:06.972,1101,110700.96
2025-11-16 15:37:06.972,1102,110700.96
2025-11-16 15:37:06.972,1103,110700.96
2025-11-16 15:37:06.972,1104,70983.91
2025-11-16 15:37:06.972,1105,68493.05
2025-11-16 15:37:06.972,1106,66867.48
2025-11-16 15:37:06.972,1107,67597.96
2025-11-16 15:37:06.972,1108,66723.02
2025-11-16 15:37:06.972,1109,68192.39
2025-11-16 15:37:06.972,1110,67012.48
2025-11-16 15:37:06.972,1111,66723.02
2025-11-16 15:37:06.972,1112,66723.02
2025-11-16 15:37:06.972,1113,65169.12
2025-11-16 15:37:06.972,1114,66150.61
2025-11-16 15:37:06.972,1115,65726.85
2025-11-16 15:37:06.972,1116,66435.75
2025-11-16 15:37:06.972,1117,65586.65
2025-11-16 15:37:06.972,1118,65586.65
2025-11-16 15:37:06.972,1119,65867.58
2025-11-16 15:37:06.972,1120,69101.3
2025-11-16 15:37:06.972,1121,63943.71
2025-11-16 15:37:06.972,1122,56912.64
2025-11-16 15:37:06.972,1123,65307.78
2025-11-16 15:37:06.972,1124,64347.73
2025-11-16 15:37:06.972,1125,64212.57
2025-11-16 15:37:06.972,1126,64619.52
2025-11-16 15:37:06.972,1127,60253.01
2025-11-16 15:37:06.972,1128,63280.01
2025-11-16 15:37:06.972,1129,62628.1
2025-11-16 15:37:06.972,1130,60132.29
2025-11-16 15:37:06.972,1131,62628.1
2025-11-16 15:37:06.972,1132,63676.8
2025-11-16 15:37:06.972,1133,66292.91
2025-11-16 15:37:06.972,1134,61483.39
2025-11-16 15:37:06.972,1135,72958.16
2025-11-16 15:37:06.972,1136,133594.3
2025-11-16 15:37:06.972,1137,65307.78
2025-11-16 15:37:06.972,1138,63943.71
2025-11-16 15:37:06.972,1139,63411.8
2025-11-16 15:37:06.972,1140,66150.61
2025-11-16 15:37:06.972,1141,61860.94
2025-11-16 15:37:06.972,1142,73296.59
2025-11-16 15:37:06.972,1143,76471.19
2025-11-16 15:37:06.972,1144,444986.13
2025-11-16 15:37:06.972,1145,93309.35
2025-11-16 15:37:06.972,1146,920784.13
2025-11-16 15:37:06.972,1147,66435.75
2025-11-16 15:37:06.972,1148,112877.99
2025-11-16 15:37:06.972,1149,122431.63
2025-11-16 15:37:06.972,1150,122431.63
2025-11-16 15:37:06.972,1151,122431.63
2025-11-16 15:37:06.972,1152,134100.34
2025-11-16 15:37:06.972,1153,134609.98
2025-11-16 15:37:06.972,1154,125504.14
2025-11-16 15:37:06.972,1155,132592.78
2025-11-16 15:37:06.972,1156,132592.78
2025-11-16 15:37:06.972,1157,132592.78
2025-11-16 15:37:06.972,1158,133091.78
2025-11-16 15:37:06.972,1159,136685.03
2025-11-16 15:37:06.972,1160,134100.34
2025-11-16 15:37:06.972,1161,128722.46
2025-11-16 15:37:06.972,1162,126408.34
2025-11-16 15:37:06.972,1163,132592.78
2025-11-16 15:37:06.972,1164,134609.98
2025-11-16 15:37:06.972,1165,130631.02
2025-11-16 15:37:06.972,1166,128722.46
2025-11-16 15:37:06.972,1167,133594.3
2025-11-16 15:37:06.972,1168,145616.44
2025-11-16 15:37:06.972,1169,128722.46
2025-11-16 15:37:06.972,1170,128722.46
2025-11-16 15:37:06.972,1171,144441.03
2025-11-16 15:37:06.972,1172,137745.05
2025-11-16 15:37:06.972,1173,142710.81
2025-11-16 15:37:06.972,1174,133594.3
2025-11-16 15:37:06.972,1175,136685.03
2025-11-16 15:37:06.972,1176,128722.46
2025-11-16 15:37:06.972,1177,127787.46
2025-11-16 15:37:06.972,1178,133594.3
2025-11-16 15:37:06.972,1179,135640.13
2025-11-16 15:37:06.972,1180,115134.95
2025-11-16 15:37:06.972,1181,136160.72
2025-11-16 15:37:06.972,1182,119086.36
2025-11-16 15:37:06.972,1183,145026.52
2025-11-16 15:37:06.972,1184,268514.44
2025-11-16 15:37:06.972,1185,129194.73
2025-11-16 15:37:06.972,1186,133091.78
2025-11-16 15:37:06.972,1187,129670.22
2025-11-16 15:37:06.972,1188,128253.38
2025-11-16 15:37:06.972,1189,119086.36
2025-11-16 15:37:06.972,1190,127787.46
2025-11-16 15:37:06.972,1191,144441.03
2025-11-16 15:37:06.972,1192,988899.38
2025-11-16 15:37:06.972,1193,204325.27
2025-11-16 15:37:06.972,1194,139911.63
2025-11-16 15:37:06.972,1195,139911.63
2025-11-16 15:37:06.972,1196,241163.34
2025-11-16 15:37:06.972,1197,272357.75
2025-11-16 15:37:06.972,1198,272357.75
2025-11-16 15:37:06.972,1199,272357.75
2025-11-16 15:37:06.972,1200,900097.25
2025-11-16 15:37:06.972,1201,900097.25
2025-11-16 15:37:06.972,1202,748393.56
2025-11-16 15:37:06.972,1203,942433.13
2025-11-16 15:37:06.972,1204,988899.38
2025-11-16 15:37:06.972,1205,942433.13
2025-11-16 15:37:06.972,1206,900097.25
2025-11-16 15:37:06.972,1207,672541.69
2025-11-16 15:37:06.972,1208,672541.69
2025-11-16 15:37:06.972,1209,734602.25
2025-11-16 15:37:06.972,1210,861364.44
2025-11-16 15:37:06.972,1211,583498.19
2025-11-16 15:37:06.972,1212,880309.75
2025-11-16 15:37:06.972,1213,900097.25
2025-11-16 15:37:06.972,1214,861364.44
2025-11-16 15:37:06.972,1215,640033.69
2025-11-16 15:37:06.972,1216,793012.25
2025-11-16 15:37:06.972,1217,793012.25
2025-11-16 15:37:06.972,1218,900097.25
2025-11-16 15:37:06.972,1219,942433.13
2025-11-16 15:37:06.972,1220,861364.44
2025-11-16 15:37:06.972,1221,762705.19
2025-11-16 15:37:06.972,1222,708471.5
2025-11-16 15:37:06.972,1223,762705.19
2025-11-16 15:37:06.972,1224,861364.44
2025-11-16 15:37:06.972,1225,583498.19
2025-11-16 15:37:06.972,1226,762705.19
2025-11-16 15:37:06.972,1227,748393.56
2025-11-16 15:37:06.972,1228,696081.88
2025-11-16 15:37:06.972,1229,721303.56
2025-11-16 15:37:06.972,1230,684112.31
2025-11-16 15:37:06.972,1231,793012.25
2025-11-16 15:37:06.972,1232,721303.56
2025-11-16 15:37:06.972,1233,721303.56
2025-11-16 15:37:06.972,1234,762705.19
2025-11-16 15:37:06.972,1235,762705.19
2025-11-16 15:37:06.972,1236,708471.5
2025-11-16 15:37:06.972,1237,708471.5
2025-11-16 15:37:06.972,1238,861364.44
2025-11-16 15:37:06.972,1239,793012.25
2025-11-16 15:37:06.972,1240,988899.38
2025-11-16 15:37:06.972,1241,988899.38
2025-11-16 15:37:06.972,1242,880309.75
2025-11-16 15:37:06.972,1243,880309.75
2025-11-16 15:37:06.972,1244,942433.13
2025-11-16 15:37:06.972,1245,123731.21
2025-11-16 15:37:06.972,1246,123731.21
2025-11-16 15:37:06.972,1247,123731.21
2025-11-16 15:37:06.972,1248,123731.21
2025-11-16 15:37:06.972,1249,120320.87
2025-11-16 15:37:06.972,1250,118276.26
2025-11-16 15:37:06.972,1251,118276.26
2025-11-16 15:37:06.972,1252,113621.23
2025-11-16 15:37:06.972,1253,112509.73
2025-11-16 15:37:06.972,1254,119906.74
2025-11-16 15:37:06.972,1255,120737.61
2025-11-16 15:37:06.972,1256,121579.19
2025-11-16 15:37:06.972,1257,115905.77
2025-11-16 15:37:06.972,1258,121579.19
2025-11-16 15:37:06.972,1259,119086.36
2025-11-16 15:37:06.972,1260,112509.73
2025-11-16 15:37:06.972,1261,114373.48
2025-11-16 15:37:06.972,1262,108599.64
2025-11-16 15:37:06.972,1263,107238.9
2025-11-16 15:37:06.972,1264,126408.34
2025-11-16 15:37:06.972,1265,105255.28
2025-11-16 15:37:06.972,1266,103652.78
2025-11-16 15:37:06.972,1267,113248.5
2025-11-16 15:37:06.972,1268,115134.95
2025-11-16 15:37:06.972,1269,123731.21
2025-11-16 15:37:06.972,1270,119906.74
2025-11-16 15:37:06.972,1271,108256.51
2025-11-16 15:37:06.972,1272,118276.26
2025-11-16 15:37:06.972,1273,112877.99
2025-11-16 15:37:06.972,1274,134609.98
2025-11-16 15:37:06.972,1275,115905.77
2025-11-16 15:37:06.972,1276,114373.48
2025-11-16 15:37:06.972,1277,125056.52
2025-11-16 15:37:06.972,1278,110700.96
2025-11-16 15:37:06.972,1279,127787.46
2025-11-16 15:37:06.972,1280,223932.14
2025-11-16 15:37:06.972,1281,115134.95
2025-11-16 15:37:06.972,1282,129194.73
2025-11-16 15:37:06.972,1283,128722.46
2025-11-16 15:37:06.972,1284,115519.18
2025-11-16 15:37:06.972,1285,119086.36
2025-11-16 15:37:06.972,1286,137745.05
2025-11-16 15:37:06.972,1287,158434.67
2025-11-16 15:37:06.972,1288,809075.0
2025-11-16 15:37:06.972,1289,162702.02
2025-11-16 15:37:06.972,1290,128722.46
2025-11-16 15:37:06.972,1291,128722.46
2025-11-16 15:37:06.972,1292,190659.31
2025-11-16 15:37:06.972,1293,216173.34
2025-11-16 15:37:06.972,1294,216173.34
2025-11-16 15:37:06.972,1295,216173.34
2025-11-16 15:37:06.972,1296,59772.61
2025-11-16 15:37:06.972,1297,60374.14
2025-11-16 15:37:06.972,1298,61233.89
2025-11-16 15:37:06.972,1299,58484.71
2025-11-16 15:37:06.972,1300,59416.6
2025-11-16 15:37:06.972,1301,58484.71
2025-11-16 15:37:06.972,1302,59181.26
2025-11-16 15:37:06.972,1303,59772.61
2025-11-16 15:37:06.972,1304,59892.09
2025-11-16 15:37:06.972,1305,58255.64
2025-11-16 15:37:06.972,1306,58715.34
2025-11-16 15:37:06.972,1307,56476.62
2025-11-16 15:37:06.972,1308,59653.54
2025-11-16 15:37:06.972,1309,58484.71
2025-11-16 15:37:06.972,1310,58715.34
2025-11-16 15:37:06.972,1311,59416.6
2025-11-16 15:37:06.972,1312,63810.02
2025-11-16 15:37:06.972,1313,59181.26
2025-11-16 15:37:06.972,1314,56912.64
2025-11-16 15:37:06.972,1315,61987.67
2025-11-16 15:37:06.972,1316,61608.8
2025-11-16 15:37:06.972,1317,63280.01
2025-11-16 15:37:06.972,1318,59416.6
2025-11-16 15:37:06.972,1319,60617.66
2025-11-16 15:37:06.972,1320,58947.51
2025-11-16 15:37:06.972,1321,51009.33
2025-11-16 15:37:06.972,1322,63411.8
2025-11-16 15:37:06.972,1323,60374.14
2025-11-16 15:37:06.972,1324,55201.96
2025-11-16 15:37:06.972,1325,59653.54
2025-11-16 15:37:06.972,1326,54176.42
2025-11-16 15:37:06.972,1327,63411.8
2025-11-16 15:37:06.972,1328,119495.26
2025-11-16 15:37:06.972,1329,56046.25
2025-11-16 15:37:06.972,1330,63148.7
2025-11-16 15:37:06.972,1331,61734.65
2025-11-16 15:37:06.972,1332,54480.68
2025-11-16 15:37:06.972,1333,52029.78
2025-11-16 15:37:06.972,1334,57802.03
2025-11-16 15:37:06.972,1335,80294.42
2025-11-16 15:37:06.972,1336,387544.88
2025-11-16 15:37:06.972,1337,89777.44
2025-11-16 15:37:06.972,1338,495554.03
2025-11-16 15:37:06.972,1339,63411.8
2025-11-16 15:37:06.972,1340,93834.39
2025-11-16 15:37:06.972,1341,107576.14
2025-11-16 15:37:06.972,1342,107576.14
2025-11-16 15:37:06.972,1343,107576.14
2025-11-16 15:37:06.972,1344,35640.36
2025-11-16 15:37:06.972,1345,34396.74
2025-11-16 15:37:06.972,1346,34591.16
2025-11-16 15:37:06.972,1347,33823.5
2025-11-16 15:37:06.972,1348,33403.16
2025-11-16 15:37:06.972,1349,33776.39
2025-11-16 15:37:06.972,1350,33588.98
2025-11-16 15:37:06.972,1351,33635.68
2025-11-16 15:37:06.972,1352,33823.5
2025-11-16 15:37:06.972,1353,33682.49
2025-11-16 15:37:06.972,1354,34108.26
2025-11-16 15:37:06.972,1355,34060.55
2025-11-16 15:37:06.972,1356,33918.01
2025-11-16 15:37:06.972,1357,33682.49
2025-11-16 15:37:06.972,1358,35034.87
2025-11-16 15:37:06.972,1359,34156.08
2025-11-16 15:37:06.972,1360,36473.41
2025-11-16 15:37:06.972,1361,33127.38
2025-11-16 15:37:06.972,1362,32320.6
2025-11-16 15:37:06.972,1363,37613.93
2025-11-16 15:37:06.972,1364,36473.41
2025-11-16 15:37:06.972,1365,36686.43
2025-11-16 15:37:06.972,1366,34156.08
2025-11-16 15:37:06.972,1367,36262.32
2025-11-16 15:37:06.972,1368,34252.03
2025-11-16 15:37:06.972,1369,29603.42
2025-11-16 15:37:06.972,1370,39523.48
2025-11-16 15:37:06.972,1371,36053.13
2025-11-16 15:37:06.972,1372,33310.84
2025-11-16 15:37:06.972,1373,35742.86
2025-11-16 15:37:06.972,1374,31928.39
2025-11-16 15:37:06.972,1375,36847.48
2025-11-16 15:37:06.972,1376,74678.3
2025-11-16 15:37:06.972,1377,32945.45
2025-11-16 15:37:06.972,1378,38695.02
2025-11-16 15:37:06.972,1379,36955.46
2025-11-16 15:37:06.972,1380,32855.06
2025-11-16 15:37:06.972,1381,32675.42
2025-11-16 15:37:06.972,1382,36053.13
2025-11-16 15:37:06.972,1383,48810.25
2025-11-16 15:37:06.972,1384,241163.34
2025-11-16 15:37:06.972,1385,51935.61
2025-11-16 15:37:06.972,1386,395419.56
2025-11-16 15:37:06.972,1387,36053.13
2025-11-16 15:37:06.972,1388,58484.71
2025-11-16 15:37:06.972,1389,66150.61
2025-11-16 15:37:06.972,1390,66150.61
2025-11-16 15:37:06.972,1391,66150.61
2025-11-16 15:37:06.972,1392,36793.67
2025-11-16 15:37:06.972,1393,36001.13
2025-11-16 15:37:06.972,1394,35949.24
2025-11-16 15:37:06.972,1395,35134.67
2025-11-16 15:37:06.972,1396,34836.58
2025-11-16 15:37:06.972,1397,35134.67
2025-11-16 15:37:06.972,1398,34445.18
2025-11-16 15:37:06.972,1399,35234.91
2025-11-16 15:37:06.972,1400,35134.67
2025-11-16 15:37:06.972,1401,34985.13
2025-11-16 15:37:06.972,1402,35184.73
2025-11-16 15:37:06.972,1403,35034.87
2025-11-16 15:37:06.972,1404,34640.03
2025-11-16 15:37:06.972,1405,35034.87
2025-11-16 15:37:06.972,1406,36473.41
2025-11-16 15:37:06.972,1407,35335.6
2025-11-16 15:37:06.972,1408,38348.37
2025-11-16 15:37:06.972,1409,33870.7
2025-11-16 15:37:06.972,1410,34542.39
2025-11-16 15:37:06.972,1411,39283.93
2025-11-16 15:37:06.972,1412,37781.43
2025-11-16 15:37:06.972,1413,38348.37
2025-11-16 15:37:06.972,1414,36262.32
2025-11-16 15:37:06.972,1415,38753.28
2025-11-16 15:37:06.972,1416,36209.84
2025-11-16 15:37:06.972,1417,33776.39
2025-11-16 15:37:06.972,1418,42455.23
2025-11-16 15:37:06.972,1419,38291.07
2025-11-16 15:37:06.972,1420,36001.13
2025-11-16 15:37:06.972,1421,36686.43
2025-11-16 15:37:06.972,1422,34935.51
2025-11-16 15:37:06.972,1423,38120.0
2025-11-16 15:37:06.972,1424,79503.01
2025-11-16 15:37:06.972,1425,35589.29
2025-11-16 15:37:06.972,1426,40883.72
2025-11-16 15:37:06.972,1427,39283.93
2025-11-16 15:37:06.972,1428,35134.67
2025-11-16 15:37:06.972,1429,35034.87
2025-11-16 15:37:06.972,1430,41723.1
2025-11-16 15:37:06.972,1431,51468.98
2025-11-16 15:37:06.972,1432,238117.42
2025-11-16 15:37:06.972,1433,54787.84
2025-11-16 15:37:06.972,1434,421032.91
2025-11-16 15:37:06.972,1435,38348.37
2025-11-16 15:37:06.972,1436,60374.14
2025-11-16 15:37:06.972,1437,68796.0
2025-11-16 15:37:06.972,1438,68796.0
2025-11-16 15:37:06.972,1439,68796.0
2025-11-16 15:37:06.972,1440,35640.36
2025-11-16 15:37:06.972,1441,35335.6
2025-11-16 15:37:06.972,1442,34156.08
2025-11-16 15:37:06.972,1443,33036.22
2025-11-16 15:37:06.972,1444,33870.7
2025-11-16 15:37:06.972,1445,34204.0
2025-11-16 15:37:06.972,1446,34204.0
2025-11-16 15:37:06.972,1447,34108.26
2025-11-16 15:37:06.972,1448,34108.26
2025-11-16 15:37:06.972,1449,34300.16
2025-11-16 15:37:06.972,1450,33870.7
2025-11-16 15:37:06.972,1451,33870.7
2025-11-16 15:37:06.972,1452,34542.39
2025-11-16 15:37:06.972,1453,34060.55
2025-11-16 15:37:06.972,1454,35640.36
2025-11-16 15:37:06.972,1455,34204.0
2025-11-16 15:37:06.972,1456,37447.59
2025-11-16 15:37:06.972,1457,34060.55
2025-11-16 15:37:06.972,1458,33403.16
2025-11-16 15:37:06.972,1459,38405.8
2025-11-16 15:37:06.972,1460,37009.64
2025-11-16 15:37:06.972,1461,37447.59
2025-11-16 15:37:06.972,1462,35184.73
2025-11-16 15:37:06.972,1463,37392.4
2025-11-16 15:37:06.972,1464,35034.87
2025-11-16 15:37:06.972,1465,29071.17
2025-11-16 15:37:06.972,1466,40256.3
2025-11-16 15:37:06.972,1467,36473.41
2025-11-16 15:37:06.972,1468,33635.68
2025-11-16 15:37:06.972,1469,35335.6
2025-11-16 15:37:06.972,1470,32058.32
2025-11-16 15:37:06.972,1471,37613.93
2025-11-16 15:37:06.972,1472,75386.48
2025-11-16 15:37:06.972,1473,32945.45
2025-11-16 15:37:06.972,1474,38695.02
2025-11-16 15:37:06.972,1475,36793.67
2025-11-16 15:37:06.972,1476,32058.32
2025-11-16 15:37:06.972,1477,31628.31
2025-11-16 15:37:06.972,1478,30671.81
2025-11-16 15:37:06.972,1479,48305.81
2025-11-16 15:37:06.972,1480,217430.56
2025-11-16 15:37:06.972,1481,53084.88
2025-11-16 15:37:06.972,1482,387544.88
2025-11-16 15:37:06.972,1483,37558.35
2025-11-16 15:37:06.972,1484,60617.66
2025-11-16 15:37:06.972,1485,71959.17
2025-11-16 15:37:06.972,1486,71959.17
2025-11-16 15:37:06.972,1487,71959.17
2025-11-16 15:37:06.972,1488,30917.09
2025-11-16 15:37:06.972,1489,34542.39
2025-11-16 15:37:06.972,1490,34156.08
2025-11-16 15:37:06.972,1491,33588.98
2025-11-16 15:37:06.972,1492,28921.71
2025-11-16 15:37:06.972,1493,33635.68
2025-11-16 15:37:06.972,1494,33588.98
2025-11-16 15:37:06.972,1495,34300.16
2025-11-16 15:37:06.972,1496,33776.39
2025-11-16 15:37:06.972,1497,29184.02
2025-11-16 15:37:06.972,1498,29449.88
2025-11-16 15:37:06.972,1499,29603.42
2025-11-16 15:37:06.972,1500,29221.78
2025-11-16 15:37:06.972,1501,28847.41
2025-11-16 15:37:06.972,1502,30550.28
2025-11-16 15:37:06.972,1503,29297.52
2025-11-16 15:37:06.972,1504,32189.05
2025-11-16 15:37:06.972,1505,28847.41
2025-11-16 15:37:06.972,1506,28773.39
2025-11-16 15:37:06.972,1507,33403.16
2025-11-16 15:37:06.972,1508,32058.32
2025-11-16 15:37:06.972,1509,32765.05
2025-11-16 15:37:06.972,1510,30917.09
2025-11-16 15:37:06.972,1511,32630.74
2025-11-16 15:37:06.972,1512,29603.42
2025-11-16 15:37:06.972,1513,27977.33
2025-11-16 15:37:06.972,1514,35335.6
2025-11-16 15:37:06.972,1515,31543.36
2025-11-16 15:37:06.972,1516,30071.27
2025-11-16 15:37:06.972,1517,30958.25
2025-11-16 15:37:06.972,1518,28299.01
2025-11-16 15:37:06.972,1519,32586.16
2025-11-16 15:37:06.972,1520,65867.58
2025-11-16 15:37:06.972,1521,28958.97
2025-11-16 15:37:06.972,1522,34060.55
2025-11-16 15:37:06.972,1523,32189.05
2025-11-16 15:37:06.972,1524,28996.3
2025-11-16 15:37:06.972,1525,29297.52
2025-11-16 15:37:06.972,1526,32364.63
2025-11-16 15:37:06.972,1527,43983.32
2025-11-16 15:37:06.972,1528,191648.39
2025-11-16 15:37:06.972,1529,45602.89
2025-11-16 15:37:06.972,1530,346048.91
2025-11-16 15:37:06.972,1531,31713.61
2025-11-16 15:37:06.972,1532,50827.38
2025-11-16 15:37:06.972,1533,59534.86
2025-11-16 15:37:06.972,1534,59534.86
2025-11-16 15:37:06.972,1535,59534.86
2025-11-16 15:37:06.972,1536,26544.65
2025-11-16 15:37:06.972,1537,26544.65
2025-11-16 15:37:06.972,1538,26544.65
2025-11-16 15:37:06.972,1539,26544.65
2025-11-16 15:37:06.972,1540,26544.65
2025-11-16 15:37:06.972,1541,26544.65
2025-11-16 15:37:06.972,1542,26544.65
2025-11-16 15:37:06.972,1543,26544.65
2025-11-16 15:37:06.972,1544,26544.65
2025-11-16 15:37:06.972,1545,26544.65
2025-11-16 15:37:06.972,1546,26544.65
2025-11-16 15:37:06.972,1547,26544.65
2025-11-16 15:37:06.972,1548,26544.65
2025-11-16 15:37:06.972,1549,26544.65
2025-11-16 15:37:06.972,1550,26544.65
2025-11-16 15:37:06.972,1551,26544.65
2025-11-16 15:37:06.972,1552,26544.65
2025-11-16 15:37:06.972,1553,26544.65
2025-11-16 15:37:06.972,1554,26544.65
2025-11-16 15:37:06.972,1555,26544.65
2025-11-16 15:37:06.972,1556,26544.65
2025-11-16 15:37:06.972,1557,26544.65
2025-11-16 15:37:06.972,1558,26544.65
2025-11-16 15:37:06.972,1559,26544.65
2025-11-16 15:37:06.972,1560,26544.65
2025-11-16 15:37:06.972,1561,26544.65
2025-11-16 15:37:06.972,1562,26544.65
2025-11-16 15:37:06.972,1563,26544.65
2025-11-16 15:37:06.972,1564,26544.65
2025-11-16 15:37:06.972,1565,26544.65
2025-11-16 15:37:06.972,1566,26544.65
2025-11-16 15:37:06.972,1567,26544.65
2025-11-16 15:37:06.972,1568,26544.65
2025-11-16 15:37:06.972,1569,26544.65
2025-11-16 15:37:06.972,1570,26544.65
2025-11-16 15:37:06.972,1571,26544.65
2025-11-16 15:37:06.972,1572,26544.65
2025-11-16 15:37:06.972,1573,26544.65
2025-11-16 15:37:06.972,1574,26544.65
2025-11-16 15:37:06.972,1575,26544.65
2025-11-16 15:37:06.972,1576,26544.65
2025-11-16 15:37:06.972,1577,26544.65
2025-11-16 15:37:06.972,1578,26544.65
2025-11-16 15:37:06.972,1579,26544.65
2025-11-16 15:37:06.972,1580,26544.65
2025-11-16 15:37:06.972,1581,26544.65
2025-11-16 15:37:06.972,1582,26544.65
2025-11-16 15:37:06.972,1583,26544.65
2025-11-16 15:37:06.972,1584,26544.65
2025-11-16 15:37:06.972,1585,25963.11
2025-11-16 15:37:06.972,1586,25679.2
2025-11-16 15:37:06.972,1587,24586.87
2025-11-16 15:37:06.972,1588,24973.54
2025-11-16 15:37:06.972,1589,24973.54
2025-11-16 15:37:06.972,1590,25154.93
2025-11-16 15:37:06.972,1591,25523.39
2025-11-16 15:37:06.972,1592,25523.39
2025-11-16 15:37:06.972,1593,25276.9
2025-11-16 15:37:06.972,1594,25523.39
2025-11-16 15:37:06.972,1595,25094.26
2025-11-16 15:37:06.972,1596,25033.8
2025-11-16 15:37:06.972,1597,25033.8
2025-11-16 15:37:06.972,1598,25836.37
2025-11-16 15:37:06.972,1599,25710.52
2025-11-16 15:37:06.972,1600,27695.87
2025-11-16 15:37:06.972,1601,24498.84
2025-11-16 15:37:06.972,1602,23726.24
2025-11-16 15:37:06.972,1603,27941.91
2025-11-16 15:37:06.972,1604,27315.59
2025-11-16 15:37:06.972,1605,27660.98
2025-11-16 15:37:06.972,1606,26283.89
2025-11-16 15:37:06.972,1607,28407.46
2025-11-16 15:37:06.972,1608,25836.37
2025-11-16 15:37:06.972,1609,24324.12
2025-11-16 15:37:06.972,1610,30958.25
2025-11-16 15:37:06.972,1611,27315.59
2025-11-16 15:37:06.972,1612,25963.11
2025-11-16 15:37:06.972,1613,26942.87
2025-11-16 15:37:06.972,1614,25124.57
2025-11-16 15:37:06.972,1615,27800.93
2025-11-16 15:37:06.972,1616,59534.86
2025-11-16 15:37:06.972,1617,25094.26
2025-11-16 15:37:06.972,1618,25773.33
2025-11-16 15:37:06.972,1619,28335.09
2025-11-16 15:37:06.972,1620,25585.55
2025-11-16 15:37:06.972,1621,26026.81
2025-11-16 15:37:06.972,1622,30189.96
2025-11-16 15:37:06.972,1623,39644.14
2025-11-16 15:37:06.972,1624,168739.63
2025-11-16 15:37:06.972,1625,40318.35
2025-11-16 15:37:06.972,1626,317555.0
2025-11-16 15:37:06.972,1627,28191.18
2025-11-16 15:37:06.972,1628,45151.65
2025-11-16 15:37:06.972,1629,988899.38
2025-11-16 15:37:06.972,1630,52600.88
2025-11-16 15:37:06.972,1631,52600.88
2025-11-16 15:37:06.972,1632,24469.6
2025-11-16 15:37:06.972,1633,24324.12
2025-11-16 15:37:06.972,1634,23866.7
2025-11-16 15:37:06.972,1635,23284.46
2025-11-16 15:37:06.972,1636,23838.52
2025-11-16 15:37:06.972,1637,23782.29
2025-11-16 15:37:06.972,1638,23754.24
2025-11-16 15:37:06.972,1639,24036.8
2025-11-16 15:37:06.972,1640,24151.15
2025-11-16 15:37:06.972,1641,23866.7
2025-11-16 15:37:06.972,1642,23810.38
2025-11-16 15:37:06.972,1643,23894.93
2025-11-16 15:37:06.972,1644,23923.21
2025-11-16 15:37:06.972,1645,23923.21
2025-11-16 15:37:06.972,1646,24794.01
2025-11-16 15:37:06.972,1647,24065.32
2025-11-16 15:37:06.972,1648,26090.74
2025-11-16 15:37:06.972,1649,22960.62
2025-11-16 15:37:06.972,1650,23040.99
2025-11-16 15:37:06.972,1651,26875.9
2025-11-16 15:37:06.972,1652,26154.89
2025-11-16 15:37:06.972,1653,26544.65
2025-11-16 15:37:06.972,1654,24764.27
2025-11-16 15:37:06.972,1655,26610.43
2025-11-16 15:37:06.972,1656,24324.12
2025-11-16 15:37:06.972,1657,22486.47
2025-11-16 15:37:06.972,1658,28810.36
2025-11-16 15:37:06.972,1659,25585.55
2025-11-16 15:37:06.972,1660,18679.5
2025-11-16 15:37:06.972,1661,24324.12
2025-11-16 15:37:06.972,1662,19194.97
2025-11-16 15:37:06.972,1663,26219.28
2025-11-16 15:37:06.972,1664,52409.35
2025-11-16 15:37:06.972,1665,19111.26
2025-11-16 15:37:06.972,1666,26709.53
2025-11-16 15:37:06.972,1667,26026.81
2025-11-16 15:37:06.972,1668,17949.02
2025-11-16 15:37:06.972,1669,20442.16
2025-11-16 15:37:06.972,1670,26643.4
2025-11-16 15:37:06.972,1671,35034.87
2025-11-16 15:37:06.972,1672,162702.02
2025-11-16 15:37:06.972,1673,37781.43
2025-11-16 15:37:06.972,1674,334076.69
2025-11-16 15:37:06.972,1675,26090.74
2025-11-16 15:37:06.972,1676,42253.52
2025-11-16 15:37:06.972,1677,50199.01
2025-11-16 15:37:06.972,1678,50199.01
2025-11-16 15:37:06.972,1679,50199.01
2025-11-16 15:37:06.972,1680,36793.67
2025-11-16 15:37:06.972,1681,35949.24
2025-11-16 15:37:06.972,1682,35742.86
2025-11-16 15:37:06.972,1683,33495.87
2025-11-16 15:37:06.972,1684,34935.51
2025-11-16 15:37:06.972,1685,35742.86
2025-11-16 15:37:06.972,1686,35640.36
2025-11-16 15:37:06.972,1687,35234.91
2025-11-16 15:37:06.972,1688,35084.71
2025-11-16 15:37:06.972,1689,35084.71
2025-11-16 15:37:06.972,1690,35335.6
2025-11-16 15:37:06.972,1691,35034.87
2025-11-16 15:37:06.972,1692,34836.58
2025-11-16 15:37:06.972,1693,35084.71
2025-11-16 15:37:06.972,1694,35949.24
2025-11-16 15:37:06.972,1695,34640.03
2025-11-16 15:37:06.972,1696,37392.4
2025-11-16 15:37:06.972,1697,31543.36
2025-11-16 15:37:06.972,1698,34108.26
2025-11-16 15:37:06.972,1699,39283.93
2025-11-16 15:37:06.972,1700,37447.59
2025-11-16 15:37:06.972,1701,38006.61
2025-11-16 15:37:06.972,1702,35949.24
2025-11-16 15:37:06.972,1703,38348.37
2025-11-16 15:37:06.972,1704,35034.87
2025-11-16 15:37:06.972,1705,33081.75
2025-11-16 15:37:06.972,1706,41657.55
2025-11-16 15:37:06.972,1707,36901.41
2025-11-16 15:37:06.972,1708,33776.39
2025-11-16 15:37:06.972,1709,36157.48
2025-11-16 15:37:06.972,1710,32586.16
2025-11-16 15:37:06.972,1711,37781.43
2025-11-16 15:37:06.972,1712,66723.02
2025-11-16 15:37:06.972,1713,33356.95
2025-11-16 15:37:06.972,1714,34935.51
2025-11-16 15:37:06.972,1715,38120.0
2025-11-16 15:37:06.972,1716,30876.0
2025-11-16 15:37:06.972,1717,33127.38
2025-11-16 15:37:06.972,1718,39523.48
2025-11-16 15:37:06.972,1719,50918.22
2025-11-16 15:37:06.972,1720,216173.34
2025-11-16 15:37:06.972,1721,52600.88
2025-11-16 15:37:06.972,1722,450099.75
2025-11-16 15:37:06.972,1723,37118.37
2025-11-16 15:37:06.972,1724,57022.54
2025-11-16 15:37:06.972,1725,68342.44
2025-11-16 15:37:06.972,1726,68342.44
2025-11-16 15:37:06.972,1727,68342.44
2025-11-16 15:37:06.972,1728,26809.18
2025-11-16 15:37:06.972,1729,26219.28
2025-11-16 15:37:06.972,1730,25963.11
2025-11-16 15:37:06.972,1731,25094.26
2025-11-16 15:37:06.972,1732,25647.93
2025-11-16 15:37:06.972,1733,25585.55
2025-11-16 15:37:06.972,1734,25616.71
2025-11-16 15:37:06.972,1735,25994.93
2025-11-16 15:37:06.972,1736,25710.52
2025-11-16 15:37:06.972,1737,25585.55
2025-11-16 15:37:06.972,1738,25963.11
2025-11-16 15:37:06.972,1739,25647.93
2025-11-16 15:37:06.972,1740,25554.44
2025-11-16 15:37:06.972,1741,25710.52
2025-11-16 15:37:06.972,1742,26544.65
2025-11-16 15:37:06.972,1743,25710.52
2025-11-16 15:37:06.972,1744,27626.15
2025-11-16 15:37:06.972,1745,23586.93
2025-11-16 15:37:06.972,1746,23040.99
2025-11-16 15:37:06.972,1747,28335.09
2025-11-16 15:37:06.972,1748,27765.84
2025-11-16 15:37:06.972,1749,27556.69
2025-11-16 15:37:06.972,1750,26090.74
2025-11-16 15:37:06.972,1751,27836.08
2025-11-16 15:37:06.972,1752,25963.11
2025-11-16 15:37:06.972,1753,22486.47
2025-11-16 15:37:06.972,1754,30309.35
2025-11-16 15:37:06.972,1755,26875.9
2025-11-16 15:37:06.972,1756,21700.95
2025-11-16 15:37:06.972,1757,25523.39
2025-11-16 15:37:06.972,1758,21504.34
2025-11-16 15:37:06.972,1759,27765.84
2025-11-16 15:37:06.972,1760,54994.24
2025-11-16 15:37:06.972,1761,22933.92
2025-11-16 15:37:06.972,1762,23951.54
2025-11-16 15:37:06.972,1763,27626.15
2025-11-16 15:37:06.972,1764,21925.08
2025-11-16 15:37:06.972,1765,21553.27
2025-11-16 15:37:06.972,1766,27765.84
2025-11-16 15:37:06.972,1767,37725.46
2025-11-16 15:37:06.972,1768,168739.63
2025-11-16 15:37:06.972,1769,39704.69
2025-11-16 15:37:06.972,1770,365654.84
2025-11-16 15:37:06.972,1771,27315.59
2025-11-16 15:37:06.972,1772,42253.52
2025-11-16 15:37:06.972,1773,809075.0
2025-11-16 15:37:06.972,1774,51841.71
2025-11-16 15:37:06.972,1775,51841.71
2025-11-16 15:37:06.972,1776,26676.44
2025-11-16 15:37:06.972,1777,25710.52
2025-11-16 15:37:06.972,1778,25585.55
2025-11-16 15:37:06.972,1779,24382.16
2025-11-16 15:37:06.972,1780,24675.34
2025-11-16 15:37:06.972,1781,24913.49
2025-11-16 15:37:06.972,1782,24973.54
2025-11-16 15:37:06.972,1783,25033.8
2025-11-16 15:37:06.972,1784,25154.93
2025-11-16 15:37:06.972,1785,25064.0
2025-11-16 15:37:06.972,1786,25215.81
2025-11-16 15:37:06.972,1787,25033.8
2025-11-16 15:37:06.972,1788,25003.64
2025-11-16 15:37:06.972,1789,25033.8
2025-11-16 15:37:06.972,1790,26090.74
2025-11-16 15:37:06.972,1791,25154.93
2025-11-16 15:37:06.972,1792,26610.43
2025-11-16 15:37:06.972,1793,23257.23
2025-11-16 15:37:06.972,1794,22987.37
2025-11-16 15:37:06.972,1795,28191.18
2025-11-16 15:37:06.972,1796,27213.2
2025-11-16 15:37:06.972,1797,27247.26
2025-11-16 15:37:06.972,1798,25836.37
2025-11-16 15:37:06.972,1799,27695.87
2025-11-16 15:37:06.972,1800,25710.52
2025-11-16 15:37:06.972,1801,23040.99
2025-11-16 15:37:06.972,1802,30309.35
2025-11-16 15:37:06.972,1803,26875.9
2025-11-16 15:37:06.972,1804,22408.76
2025-11-16 15:37:06.972,1805,25710.52
2025-11-16 15:37:06.972,1806,22408.76
2025-11-16 15:37:06.972,1807,27695.87
2025-11-16 15:37:06.972,1808,56693.92
2025-11-16 15:37:06.972,1809,23175.81
2025-11-16 15:37:06.972,1810,24266.27
2025-11-16 15:37:06.972,1811,27730.82
2025-11-16 15:37:06.972,1812,21528.79
2025-11-16 15:37:06.972,1813,19794.65
2025-11-16 15:37:06.972,1814,27906.57
2025-11-16 15:37:06.972,1815,37063.94
2025-11-16 15:37:06.972,1816,165668.98
2025-11-16 15:37:06.972,1817,39403.42
2025-11-16 15:37:06.972,1818,372678.72
2025-11-16 15:37:06.972,1819,27591.39
2025-11-16 15:37:06.972,1820,44854.87
2025-11-16 15:37:06.972,1821,942433.13
2025-11-16 15:37:06.972,1822,52987.48
2025-11-16 15:37:06.972,1823,52987.48
2025-11-16 15:37:06.972,1824,33776.39
2025-11-16 15:37:06.972,1825,32720.19
2025-11-16 15:37:06.972,1826,31885.26
2025-11-16 15:37:06.972,1827,31374.49
2025-11-16 15:37:06.972,1828,32058.32
2025-11-16 15:37:06.972,1829,31543.36
2025-11-16 15:37:06.972,1830,31501.02
2025-11-16 15:37:06.972,1831,32232.81
2025-11-16 15:37:06.972,1832,32145.38
2025-11-16 15:37:06.972,1833,31756.39
2025-11-16 15:37:06.972,1834,32058.32
2025-11-16 15:37:06.972,1835,31971.61
2025-11-16 15:37:06.972,1836,31713.61
2025-11-16 15:37:06.972,1837,32058.32
2025-11-16 15:37:06.972,1838,32855.06
2025-11-16 15:37:06.972,1839,32145.38
2025-11-16 15:37:06.972,1840,34542.39
2025-11-16 15:37:06.972,1841,29297.52
2025-11-16 15:37:06.972,1842,29526.5
2025-11-16 15:37:06.972,1843,34542.39
2025-11-16 15:37:06.972,1844,34300.16
2025-11-16 15:37:06.972,1845,34252.03
2025-11-16 15:37:06.972,1846,32276.66
2025-11-16 15:37:06.972,1847,34738.09
2025-11-16 15:37:06.972,1848,32320.6
2025-11-16 15:37:06.972,1849,28921.71
2025-11-16 15:37:06.972,1850,38233.91
2025-11-16 15:37:06.972,1851,33776.39
2025-11-16 15:37:06.972,1852,30550.28
2025-11-16 15:37:06.972,1853,32765.05
2025-11-16 15:37:06.972,1854,28048.35
2025-11-16 15:37:06.972,1855,34640.03
2025-11-16 15:37:06.972,1856,63676.8
2025-11-16 15:37:06.972,1857,29603.42
2025-11-16 15:37:06.972,1858,32810.01
2025-11-16 15:37:06.972,1859,35134.67
2025-11-16 15:37:06.972,1860,30309.35
2025-11-16 15:37:06.972,1861,29449.88
2025-11-16 15:37:06.972,1862,35234.91
2025-11-16 15:37:06.972,1863,46527.84
2025-11-16 15:37:06.972,1864,193656.09
2025-11-16 15:37:06.972,1865,48725.57
2025-11-16 15:37:06.972,1866,421032.91
2025-11-16 15:37:06.972,1867,34156.08
2025-11-16 15:37:06.972,1868,49670.62
2025-11-16 15:37:06.972,1869,988899.38
2025-11-16 15:37:06.972,1870,63676.8
2025-11-16 15:37:06.972,1871,63676.8
2025-11-16 15:37:06.972,1872,27871.29
2025-11-16 15:37:06.972,1873,27556.69
2025-11-16 15:37:06.972,1874,26875.9
2025-11-16 15:37:06.972,1875,26479.11
2025-11-16 15:37:06.972,1876,26610.43
2025-11-16 15:37:06.972,1877,26809.18
2025-11-16 15:37:06.972,1878,26875.9
2025-11-16 15:37:06.972,1879,27043.79
2025-11-16 15:37:06.972,1880,26709.53
2025-11-16 15:37:06.972,1881,26610.43
2025-11-16 15:37:06.972,1882,26742.69
2025-11-16 15:37:06.972,1883,26742.69
2025-11-16 15:37:06.972,1884,26842.51
2025-11-16 15:37:06.972,1885,26842.51
2025-11-16 15:37:06.972,1886,27800.93
2025-11-16 15:37:06.972,1887,26676.44
2025-11-16 15:37:06.972,1888,28921.71
2025-11-16 15:37:06.972,1889,25003.64
2025-11-16 15:37:06.972,1890,24794.01
2025-11-16 15:37:06.972,1891,29641.99
2025-11-16 15:37:06.972,1892,28773.39
2025-11-16 15:37:06.972,1893,28847.41
2025-11-16 15:37:06.972,1894,27077.54
2025-11-16 15:37:06.972,1895,28847.41
2025-11-16 15:37:06.972,1896,26809.18
2025-11-16 15:37:06.972,1897,22357.16
2025-11-16 15:37:06.972,1898,31628.31
2025-11-16 15:37:06.972,1899,27871.29
2025-11-16 15:37:06.972,1900,24122.49
2025-11-16 15:37:06.972,1901,26809.18
2025-11-16 15:37:06.972,1902,21504.34
2025-11-16 15:37:06.972,1903,28884.52
2025-11-16 15:37:06.972,1904,56153.31
2025-11-16 15:37:06.972,1905,24528.13
2025-11-16 15:37:06.972,1906,27556.69
2025-11-16 15:37:06.972,1907,29297.52
2025-11-16 15:37:06.972,1908,24179.86
2025-11-16 15:37:06.972,1909,23421.27
2025-11-16 15:37:06.972,1910,28155.37
2025-11-16 15:37:06.972,1911,39644.14
2025-11-16 15:37:06.972,1912,162702.02
2025-11-16 15:37:06.972,1913,41526.96
2025-11-16 15:37:06.972,1914,358884.03
2025-11-16 15:37:06.972,1915,28662.88
2025-11-16 15:37:06.972,1916,42590.57
2025-11-16 15:37:06.972,1917,793012.25
2025-11-16 15:37:06.972,1918,54480.68
2025-11-16 15:37:06.972,1919,54480.68
2025-11-16 15:37:06.972,1920,942433.13
2025-11-16 15:37:06.972,1921,640033.69
2025-11-16 15:37:06.972,1922,861364.44
2025-11-16 15:37:06.972,1923,793012.25
2025-11-16 15:37:06.972,1924,762705.19
2025-11-16 15:37:06.972,1925,843208.31
2025-11-16 15:37:06.972,1926,861364.44
2025-11-16 15:37:06.972,1927,942433.13
2025-11-16 15:37:06.972,1928,684112.31
2025-11-16 15:37:06.972,1929,734602.25
2025-11-16 15:37:06.972,1930,880309.75
2025-11-16 15:37:06.972,1931,575017.88
2025-11-16 15:37:06.972,1932,861364.44
2025-11-16 15:37:06.972,1933,708471.5
2025-11-16 15:37:06.972,1934,640033.69
2025-11-16 15:37:06.972,1935,684112.31
2025-11-16 15:37:06.972,1936,942433.13
2025-11-16 15:37:06.972,1937,920784.13
2025-11-16 15:37:06.972,1938,793012.25
2025-11-16 15:37:06.972,1939,861364.44
2025-11-16 15:37:06.972,1940,900097.25
2025-11-16 15:37:06.972,1941,900097.25
2025-11-16 15:37:06.972,1942,900097.25
2025-11-16 15:37:06.972,1943,708471.5
2025-11-16 15:37:06.972,1944,734602.25
2025-11-16 15:37:06.972,1945,762705.19
2025-11-16 15:37:06.972,1946,793012.25
2025-11-16 15:37:06.972,1947,900097.25
2025-11-16 15:37:06.972,1948,748393.56
2025-11-16 15:37:06.972,1949,861364.44
2025-11-16 15:37:06.972,1950,762705.19
2025-11-16 15:37:06.972,1951,942433.13
2025-11-16 15:37:06.972,1952,988899.38
2025-11-16 15:37:06.972,1953,861364.44
2025-11-16 15:37:06.972,1954,920784.13
2025-11-16 15:37:06.972,1955,965113.19
2025-11-16 15:37:06.972,1956,900097.25
2025-11-16 15:37:06.972,1957,900097.25
2025-11-16 15:37:06.972,1958,942433.13
2025-11-16 15:37:06.972,1959,900097.25
2025-11-16 15:37:06.972,1960,900097.25
2025-11-16 15:37:06.972,1961,900097.25
2025-11-16 15:37:06.972,1962,900097.25
2025-11-16 15:37:06.972,1963,900097.25
2025-11-16 15:37:06.972,1964,793012.25
2025-11-16 15:37:06.972,1965,32945.45
2025-11-16 15:37:06.972,1966,32945.45
2025-11-16 15:37:06.972,1967,32945.45
2025-11-16 15:37:06.972,1968,32945.45
2025-11-16 15:37:06.972,1969,31885.26
2025-11-16 15:37:06.972,1970,31971.61
2025-11-16 15:37:06.972,1971,30753.24
2025-11-16 15:37:06.972,1972,31713.61
2025-11-16 15:37:06.972,1973,31628.31
2025-11-16 15:37:06.972,1974,31628.31
2025-11-16 15:37:06.972,1975,32014.92
2025-11-16 15:37:06.972,1976,32189.05
2025-11-16 15:37:06.972,1977,31885.26
2025-11-16 15:37:06.972,1978,31040.83
2025-11-16 15:37:06.972,1979,31799.26
2025-11-16 15:37:06.972,1980,31756.39
2025-11-16 15:37:06.972,1981,31543.36
2025-11-16 15:37:06.972,1982,32232.81
2025-11-16 15:37:06.972,1983,31928.39
2025-11-16 15:37:06.972,1984,34156.08
2025-11-16 15:37:06.972,1985,30389.34
2025-11-16 15:37:06.972,1986,29146.33
2025-11-16 15:37:06.972,1987,34985.13
2025-11-16 15:37:06.972,1988,33682.49
2025-11-16 15:37:06.972,1989,35034.87
2025-11-16 15:37:06.972,1990,32765.05
2025-11-16 15:37:06.972,1991,34885.99
2025-11-16 15:37:06.972,1992,32364.63
2025-11-16 15:37:06.972,1993,27906.57
2025-11-16 15:37:06.972,1994,38006.61
2025-11-16 15:37:06.972,1995,33682.49
2025-11-16 15:37:06.972,1996,29914.1
2025-11-16 15:37:06.972,1997,32232.81
2025-11-16 15:37:06.972,1998,26742.69
2025-11-16 15:37:06.972,1999,34445.18
2025-11-16 15:37:06.972,2000,62114.86
2025-11-16 15:37:06.972,2001,28553.0
2025-11-16 15:37:06.972,2002,28480.09
2025-11-16 15:37:06.972,2003,35034.87
2025-11-16 15:37:06.972,2004,28996.3
2025-11-16 15:37:06.972,2005,28921.71
2025-11-16 15:37:06.972,2006,34493.74
2025-11-16 15:37:06.972,2007,47241.95
2025-11-16 15:37:06.972,2008,183998.22
2025-11-16 15:37:06.972,2009,47728.11
2025-11-16 15:37:06.972,2010,425619.72
2025-11-16 15:37:06.972,2011,34156.08
2025-11-16 15:37:06.972,2012,49065.75
2025-11-16 15:37:06.972,2013,63411.8
2025-11-16 15:37:06.972,2014,63411.8
2025-11-16 15:37:06.972,2015,63411.8
2025-11-16 15:37:06.972,2016,900097.25
2025-11-16 15:37:06.972,2017,721303.56
2025-11-16 15:37:06.972,2018,748393.56
2025-11-16 15:37:06.972,2019,650520.19
2025-11-16 15:37:06.972,2020,762705.19
2025-11-16 15:37:06.972,2021,861364.44
2025-11-16 15:37:06.972,2022,734602.25
2025-11-16 15:37:06.972,2023,640033.69
2025-11-16 15:37:06.972,2024,762705.19
2025-11-16 15:37:06.972,2025,721303.56
2025-11-16 15:37:06.972,2026,793012.25
2025-11-16 15:37:06.972,2027,793012.25
2025-11-16 15:37:06.972,2028,793012.25
2025-11-16 15:37:06.972,2029,793012.25
2025-11-16 15:37:06.972,2030,762705.19
2025-11-16 15:37:06.972,2031,672541.69
2025-11-16 15:37:06.972,2032,777567.38
2025-11-16 15:37:06.972,2033,721303.56
2025-11-16 15:37:06.972,2034,721303.56
2025-11-16 15:37:06.972,2035,762705.19
2025-11-16 15:37:06.972,2036,793012.25
2025-11-16 15:37:06.972,2037,900097.25
2025-11-16 15:37:06.972,2038,793012.25
2025-11-16 15:37:06.972,2039,734602.25
2025-11-16 15:37:06.972,2040,661350.38
2025-11-16 15:37:06.972,2041,575017.88
2025-11-16 15:37:06.972,2042,696081.88
2025-11-16 15:37:06.972,2043,601218.31
2025-11-16 15:37:06.972,2044,501875.0
2025-11-16 15:37:06.972,2045,650520.19
2025-11-16 15:37:06.972,2046,583498.19
2025-11-16 15:37:06.972,2047,543388.5
2025-11-16 15:37:06.972,2048,672541.69
2025-11-16 15:37:06.972,2049,566776.38
2025-11-16 15:37:06.972,2050,483368.97
2025-11-16 15:37:06.972,2051,661350.38
2025-11-16 15:37:06.972,2052,543388.5
2025-11-16 15:37:06.972,2053,521823.06
2025-11-16 15:37:06.972,2054,558763.94
2025-11-16 15:37:06.972,2055,536008.31
2025-11-16 15:37:06.972,2056,734602.25
2025-11-16 15:37:06.972,2057,734602.25
2025-11-16 15:37:06.972,2058,521823.06
2025-11-16 15:37:06.972,2059,521823.06
2025-11-16 15:37:06.972,2060,346048.91
2025-11-16 15:37:06.972,2061,762705.19
2025-11-16 15:37:06.972,2062,762705.19
2025-11-16 15:37:06.972,2063,762705.19
2025-11-16 15:37:06.972,2064,27349.84
2025-11-16 15:37:06.972,2065,26809.18
2025-11-16 15:37:06.972,2066,26348.73
2025-11-16 15:37:06.972,2067,25154.93
2025-11-16 15:37:06.972,2068,26348.73
2025-11-16 15:37:06.972,2069,26251.55
2025-11-16 15:37:06.972,2070,26610.43
2025-11-16 15:37:06.972,2071,26610.43
2025-11-16 15:37:06.972,2072,26809.18
2025-11-16 15:37:06.972,2073,26479.11
2025-11-16 15:37:06.972,2074,26610.43
2025-11-16 15:37:06.972,2075,26676.44
2025-11-16 15:37:06.972,2076,26809.18
2025-11-16 15:37:06.972,2077,26875.9
2025-11-16 15:37:06.972,2078,27349.84
2025-11-16 15:37:06.972,2079,26775.9
2025-11-16 15:37:06.972,2080,28443.74
2025-11-16 15:37:06.972,2081,21166.06
2025-11-16 15:37:06.972,2082,25003.64
2025-11-16 15:37:06.972,2083,29449.88
2025-11-16 15:37:06.972,2084,28996.3
2025-11-16 15:37:06.972,2085,29146.33
2025-11-16 15:37:06.972,2086,27906.57
2025-11-16 15:37:06.972,2087,29992.53
2025-11-16 15:37:06.972,2088,27660.98
2025-11-16 15:37:06.972,2089,26577.51
2025-11-16 15:37:06.972,2090,32945.45
2025-11-16 15:37:06.972,2091,29526.5
2025-11-16 15:37:06.972,2092,27145.25
2025-11-16 15:37:06.972,2093,28263.01
2025-11-16 15:37:06.972,2094,26479.11
2025-11-16 15:37:06.972,2095,29449.88
2025-11-16 15:37:06.972,2096,57577.48
2025-11-16 15:37:06.972,2097,26742.69
2025-11-16 15:37:06.972,2098,31713.61
2025-11-16 15:37:06.972,2099,30712.49
2025-11-16 15:37:06.972,2100,26742.69
2025-11-16 15:37:06.972,2101,27077.54
2025-11-16 15:37:06.972,2102,32541.67
2025-11-16 15:37:06.972,2103,41854.7
2025-11-16 15:37:06.972,2104,173552.13
2025-11-16 15:37:06.972,2105,41397.01
2025-11-16 15:37:06.972,2106,391443.63
2025-11-16 15:37:06.972,2107,28810.36
2025-11-16 15:37:06.972,2108,47484.0
2025-11-16 15:37:06.972,2109,56260.74
2025-11-16 15:37:06.972,2110,56260.74
2025-11-16 15:37:06.972,2111,56260.74
2025-11-16 15:37:06.972,2112,536008.31
2025-11-16 15:37:06.972,2113,536008.31
2025-11-16 15:37:06.972,2114,543388.5
2025-11-16 15:37:06.972,2115,583498.19
2025-11-16 15:37:06.972,2116,734602.25
2025-11-16 15:37:06.972,2117,825793.38
2025-11-16 15:37:06.972,2118,708471.5
2025-11-16 15:37:06.972,2119,721303.56
2025-11-16 15:37:06.972,2120,640033.69
2025-11-16 15:37:06.972,2121,762705.19
2025-11-16 15:37:06.972,2122,861364.44
2025-11-16 15:37:06.972,2123,861364.44
2025-11-16 15:37:06.972,2124,661350.38
2025-11-16 15:37:06.972,2125,650520.19
2025-11-16 15:37:06.972,2126,762705.19
2025-11-16 15:37:06.972,2127,684112.31
2025-11-16 15:37:06.972,2128,684112.31
2025-11-16 15:37:06.972,2129,734602.25
2025-11-16 15:37:06.972,2130,762705.19
2025-11-16 15:37:06.972,2131,708471.5
2025-11-16 15:37:06.972,2132,684112.31
2025-11-16 15:37:06.972,2133,942433.13
2025-11-16 15:37:06.972,2134,861364.44
2025-11-16 15:37:06.972,2135,793012.25
2025-11-16 15:37:06.972,2136,566776.38
2025-11-16 15:37:06.972,2137,708471.5
2025-11-16 15:37:06.972,2138,762705.19
2025-11-16 15:37:06.972,2139,583498.19
2025-11-16 15:37:06.972,2140,483368.97
2025-11-16 15:37:06.972,2141,566776.38
2025-11-16 15:37:06.972,2142,528822.38
2025-11-16 15:37:06.972,2143,566776.38
2025-11-16 15:37:06.972,2144,365654.84
2025-11-16 15:37:06.972,2145,536008.31
2025-11-16 15:37:06.972,2146,558763.94
2025-11-16 15:37:06.972,2147,721303.56
2025-11-16 15:37:06.972,2148,550970.88
2025-11-16 15:37:06.972,2149,521823.06
2025-11-16 15:37:06.972,2150,558763.94
2025-11-16 15:37:06.972,2151,734602.25
2025-11-16 15:37:06.972,2152,734602.25
2025-11-16 15:37:06.972,2153,734602.25
2025-11-16 15:37:06.972,2154,583498.19
2025-11-16 15:37:06.972,2155,583498.19
2025-11-16 15:37:06.972,2156,88812.2
2025-11-16 15:37:06.972,2157,734602.25
2025-11-16 15:37:06.972,2158,734602.25
2025-11-16 15:37:06.972,2159,734602.25
2025-11-16 15:37:06.972,2160,748393.56
2025-11-16 15:37:06.972,2161,684112.31
2025-11-16 15:37:06.972,2162,684112.31
2025-11-16 15:37:06.972,2163,684112.31
2025-11-16 15:37:06.972,2164,762705.19
2025-11-16 15:37:06.972,2165,708471.5
2025-11-16 15:37:06.972,2166,708471.5
2025-11-16 15:37:06.972,2167,721303.56
2025-11-16 15:37:06.972,2168,734602.25
2025-11-16 15:37:06.972,2169,672541.69
2025-11-16 15:37:06.972,2170,734602.25
2025-11-16 15:37:06.972,2171,640033.69
2025-11-16 15:37:06.972,2172,762705.19
2025-11-16 15:37:06.972,2173,575017.88
2025-11-16 15:37:06.972,2174,762705.19
2025-11-16 15:37:06.972,2175,640033.69
2025-11-16 15:37:06.972,2176,762705.19
2025-11-16 15:37:06.972,2177,708471.5
2025-11-16 15:37:06.972,2178,721303.56
2025-11-16 15:37:06.972,2179,721303.56
2025-11-16 15:37:06.972,2180,734602.25
2025-11-16 15:37:06.972,2181,696081.88
2025-11-16 15:37:06.972,2182,793012.25
2025-11-16 15:37:06.972,2183,762705.19
2025-11-16 15:37:06.972,2184,721303.56
2025-11-16 15:37:06.972,2185,684112.31
2025-11-16 15:37:06.972,2186,825793.38
2025-11-16 15:37:06.972,2187,762705.19
2025-11-16 15:37:06.972,2188,650520.19
2025-11-16 15:37:06.972,2189,661350.38
2025-11-16 15:37:06.972,2190,528822.38
2025-11-16 15:37:06.972,2191,708471.5
2025-11-16 15:37:06.972,2192,566776.38
2025-11-16 15:37:06.972,2193,528822.38
2025-11-16 15:37:06.972,2194,566776.38
2025-11-16 15:37:06.972,2195,734602.25
2025-11-16 15:37:06.972,2196,601218.31
2025-11-16 15:37:06.972,2197,550970.88
2025-11-16 15:37:06.972,2198,543388.5
2025-11-16 15:37:06.972,2199,734602.25
2025-11-16 15:37:06.972,2200,684112.31
2025-11-16 15:37:06.972,2201,684112.31
2025-11-16 15:37:06.972,2202,650520.19
2025-11-16 15:37:06.972,2203,650520.19
2025-11-16 15:37:06.972,2204,151134.84
2025-11-16 15:37:06.972,2205,708471.5
2025-11-16 15:37:06.972,2206,708471.5
2025-11-16 15:37:06.972,2207,708471.5
2025-11-16 15:37:06.972,2208,336993.63
2025-11-16 15:37:06.972,2209,336993.63
2025-11-16 15:37:06.972,2210,336993.63
2025-11-16 15:37:06.972,2211,336993.63
2025-11-16 15:37:06.972,2212,336993.63
2025-11-16 15:37:06.972,2213,336993.63
2025-11-16 15:37:06.972,2214,336993.63
2025-11-16 15:37:06.972,2215,336993.63
2025-11-16 15:37:06.972,2216,336993.63
2025-11-16 15:37:06.972,2217,336993.63
2025-11-16 15:37:06.972,2218,336993.63
2025-11-16 15:37:06.972,2219,336993.63
2025-11-16 15:37:06.972,2220,336993.63
2025-11-16 15:37:06.972,2221,336993.63
2025-11-16 15:37:06.972,2222,336993.63
2025-11-16 15:37:06.972,2223,336993.63
2025-11-16 15:37:06.972,2224,336993.63
2025-11-16 15:37:06.972,2225,336993.63
2025-11-16 15:37:06.972,2226,336993.63
2025-11-16 15:37:06.972,2227,336993.63
2025-11-16 15:37:06.972,2228,336993.63
2025-11-16 15:37:06.972,2229,336993.63
2025-11-16 15:37:06.972,2230,336993.63
2025-11-16 15:37:06.972,2231,336993.63
2025-11-16 15:37:06.972,2232,336993.63
2025-11-16 15:37:06.972,2233,336993.63
2025-11-16 15:37:06.972,2234,336993.63
2025-11-16 15:37:06.972,2235,336993.63
2025-11-16 15:37:06.972,2236,336993.63
2025-11-16 15:37:06.972,2237,336993.63
2025-11-16 15:37:06.972,2238,336993.63
2025-11-16 15:37:06.972,2239,336993.63
2025-11-16 15:37:06.972,2240,336993.63
2025-11-16 15:37:06.972,2241,336993.63
2025-11-16 15:37:06.972,2242,336993.63
2025-11-16 15:37:06.972,2243,336993.63
2025-11-16 15:37:06.972,2244,336993.63
2025-11-16 15:37:06.972,2245,336993.63
2025-11-16 15:37:06.972,2246,336993.63
2025-11-16 15:37:06.972,2247,336993.63
2025-11-16 15:37:06.972,2248,336993.63
2025-11-16 15:37:06.972,2249,336993.63
2025-11-16 15:37:06.972,2250,336993.63
2025-11-16 15:37:06.972,2251,336993.63
2025-11-16 15:37:06.972,2252,336993.63
2025-11-16 15:37:06.972,2253,336993.63
2025-11-16 15:37:06.972,2254,336993.63
2025-11-16 15:37:06.972,2255,336993.63
2025-11-16 15:37:06.972,2256,336993.63
2025-11-16 15:37:06.972,2257,262941.66
2025-11-16 15:37:06.972,2258,293282.41
2025-11-16 15:37:06.972,2259,325612.69
2025-11-16 15:37:06.972,2260,284551.28
2025-11-16 15:37:06.972,2261,334076.69
2025-11-16 15:37:06.972,2262,284551.28
2025-11-16 15:37:06.972,2263,317555.0
2025-11-16 15:37:06.972,2264,322883.13
2025-11-16 15:37:06.972,2265,284551.28
2025-11-16 15:37:06.972,2266,312394.69
2025-11-16 15:37:06.972,2267,312394.69
2025-11-16 15:37:06.972,2268,331208.34
2025-11-16 15:37:06.972,2269,312394.69
2025-11-16 15:37:06.972,2270,320197.59
2025-11-16 15:37:06.972,2271,280371.47
2025-11-16 15:37:06.972,2272,334076.69
2025-11-16 15:37:06.972,2273,284551.28
2025-11-16 15:37:06.972,2274,320197.59
2025-11-16 15:37:06.972,2275,336993.63
2025-11-16 15:37:06.972,2276,328387.41
2025-11-16 15:37:06.972,2277,334076.69
2025-11-16 15:37:06.972,2278,328387.41
2025-11-16 15:37:06.972,2279,339960.47
2025-11-16 15:37:06.972,2280,322883.13
2025-11-16 15:37:06.972,2281,295546.66
2025-11-16 15:37:06.972,2282,358884.03
2025-11-16 15:37:06.972,2283,334076.69
2025-11-16 15:37:06.972,2284,297844.91
2025-11-16 15:37:06.972,2285,297844.91
2025-11-16 15:37:06.972,2286,282446.44
2025-11-16 15:37:06.972,2287,334076.69
2025-11-16 15:37:06.972,2288,226638.0
2025-11-16 15:37:06.972,2289,300178.03
2025-11-16 15:37:06.972,2290,297844.91
2025-11-16 15:37:06.972,2291,346048.91
2025-11-16 15:37:06.972,2292,293282.41
2025-11-16 15:37:06.972,2293,312394.69
2025-11-16 15:37:06.972,2294,339960.47
2025-11-16 15:37:06.972,2295,444986.13
2025-11-16 15:37:06.972,2296,435092.38
2025-11-16 15:37:06.972,2297,435092.38
2025-11-16 15:37:06.972,2298,376290.09
2025-11-16 15:37:06.972,2299,376290.09
2025-11-16 15:37:06.972,2300,61608.8
2025-11-16 15:37:06.972,2301,601218.31
2025-11-16 15:37:06.972,2302,601218.31
2025-11-16 15:37:06.972,2303,601218.31
2025-11-16 15:37:07.322,0,28371.24
2025-11-16 15:37:07.322,1,35335.6
2025-11-16 15:37:07.322,2,41332.29
2025-11-16 15:37:07.322,3,39644.14
2025-11-16 15:37:07.322,4,40630.89
2025-11-16 15:37:07.322,5,41657.55
2025-11-16 15:37:07.322,6,41854.7
2025-11-16 15:37:07.322,7,41788.82
2025-11-16 15:37:07.322,8,41139.08
2025-11-16 15:37:07.322,9,40630.89
2025-11-16 15:37:07.322,10,41657.55
2025-11-16 15:37:07.322,11,41397.01
2025-11-16 15:37:07.322,12,42053.34
2025-11-16 15:37:07.322,13,41788.82
2025-11-16 15:37:07.322,14,43557.83
2025-11-16 15:37:07.322,15,41657.55
2025-11-16 15:37:07.322,16,41592.18
2025-11-16 15:37:07.322,17,43698.91
2025-11-16 15:37:07.322,18,43698.91
2025-11-16 15:37:07.322,19,44781.16
2025-11-16 15:37:07.322,20,46061.56
2025-11-16 15:37:07.322,21,47001.92
2025-11-16 15:37:07.322,22,42522.82
2025-11-16 15:37:07.322,23,46138.74
2025-11-16 15:37:07.322,24,43417.48
2025-11-16 15:37:07.322,25,43698.91
2025-11-16 15:37:07.322,26,49845.72
2025-11-16 15:37:07.322,27,44707.67
2025-11-16 15:37:07.322,28,44415.61
2025-11-16 15:37:07.322,29,43840.75
2025-11-16 15:37:07.322,30,43911.94
2025-11-16 15:37:07.322,31,45831.29
2025-11-16 15:37:07.322,32,102094.18
2025-11-16 15:37:07.322,33,44415.61
2025-11-16 15:37:07.322,34,49065.75
2025-11-16 15:37:07.322,35,47081.7
2025-11-16 15:37:07.322,36,44928.77
2025-11-16 15:37:07.322,37,45151.65
2025-11-16 15:37:07.322,38,52987.48
2025-11-16 15:37:07.322,39,61608.8
2025-11-16 15:37:07.322,40,297844.91
2025-11-16 15:37:07.322,41,59416.6
2025-11-16 15:37:07.322,42,843208.31
2025-11-16 15:37:07.322,43,45002.86
2025-11-16 15:37:07.322,44,69101.3
2025-11-16 15:37:07.322,45,79896.98
2025-11-16 15:37:07.322,46,79896.98
2025-11-16 15:37:07.322,47,79896.98
2025-11-16 15:37:07.322,48,130148.98
2025-11-16 15:37:07.322,49,128722.46
2025-11-16 15:37:07.322,50,137213.13
2025-11-16 15:37:07.322,51,136160.72
2025-11-16 15:37:07.322,52,136160.72
2025-11-16 15:37:07.322,53,142142.66
2025-11-16 15:37:07.322,54,136685.03
2025-11-16 15:37:07.322,55,138820.45
2025-11-16 15:37:07.322,56,137745.05
2025-11-16 15:37:07.322,57,136685.03
2025-11-16 15:37:07.322,58,136685.03
2025-11-16 15:37:07.322,59,138820.45
2025-11-16 15:37:07.322,60,137745.05
2025-11-16 15:37:07.322,61,142142.66
2025-11-16 15:37:07.322,62,139911.63
2025-11-16 15:37:07.322,63,129670.22
2025-11-16 15:37:07.322,64,113996.21
2025-11-16 15:37:07.322,65,143283.25
2025-11-16 15:37:07.322,66,136160.72
2025-11-16 15:37:07.322,67,125954.73
2025-11-16 15:37:07.322,68,143283.25
2025-11-16 15:37:07.322,69,145616.44
2025-11-16 15:37:07.322,70,128253.38
2025-11-16 15:37:07.322,71,145026.52
2025-11-16 15:37:07.322,72,133594.3
2025-11-16 15:37:07.322,73,142142.66
2025-11-16 15:37:07.322,74,151772.23
2025-11-16 15:37:07.322,75,134609.98
2025-11-16 15:37:07.322,76,127787.46
2025-11-16 15:37:07.322,77,130631.02
2025-11-16 15:37:07.322,78,134609.98
2025-11-16 15:37:07.322,79,139364.05
2025-11-16 15:37:07.322,80,252439.11
2025-11-16 15:37:07.322,81,139364.05
2025-11-16 15:37:07.322,82,155036.28
2025-11-16 15:37:07.322,83,154372.98
2025-11-16 15:37:07.322,84,141578.7
2025-11-16 15:37:07.322,85,144441.03
2025-11-16 15:37:07.322,86,167191.02
2025-11-16 15:37:07.322,87,185855.86
2025-11-16 15:37:07.322,88,762705.19
2025-11-16 15:37:07.322,89,144441.03
2025-11-16 15:37:07.322,90,152414.69
2025-11-16 15:37:07.322,91,152414.69
2025-11-16 15:37:07.322,92,120737.61
2025-11-16 15:37:07.322,93,161255.75
2025-11-16 15:37:07.322,94,161255.75
2025-11-16 15:37:07.322,95,161255.75
2025-11-16 15:37:07.322,96,83604.98
2025-11-16 15:37:07.322,97,85800.06
2025-11-16 15:37:07.322,98,95170.63
2025-11-16 15:37:07.322,99,94364.8
2025-11-16 15:37:07.322,100,92531.65
2025-11-16 15:37:07.322,101,89051.75
2025-11-16 15:37:07.322,102,92789.56
2025-11-16 15:37:07.322,103,93571.2
2025-11-16 15:37:07.322,104,91010.8
2025-11-16 15:37:07.322,105,88573.8
2025-11-16 15:37:07.322,106,98811.18
2025-11-16 15:37:07.322,107,92531.65
2025-11-16 15:37:07.322,108,91512.71
2025-11-16 15:37:07.322,109,90513.82
2025-11-16 15:37:07.322,110,93571.2
2025-11-16 15:37:07.322,111,91010.8
2025-11-16 15:37:07.322,112,83390.98
2025-11-16 15:37:07.322,113,94632.04
2025-11-16 15:37:07.322,114,97664.48
2025-11-16 15:37:07.322,115,93571.2
2025-11-16 15:37:07.322,116,97948.88
2025-11-16 15:37:07.322,117,102712.45
2025-11-16 15:37:07.322,118,93048.8
2025-11-16 15:37:07.322,119,102712.45
2025-11-16 15:37:07.322,120,97948.88
2025-11-16 15:37:07.322,121,97381.57
2025-11-16 15:37:07.322,122,108599.64
2025-11-16 15:37:07.322,123,102712.45
2025-11-16 15:37:07.322,124,97948.88
2025-11-16 15:37:07.322,125,97381.57
2025-11-16 15:37:07.322,126,97948.88
2025-11-16 15:37:07.322,127,100279.32
2025-11-16 15:37:07.322,128,210090.06
2025-11-16 15:37:07.322,129,97664.48
2025-11-16 15:37:07.322,130,108599.64
2025-11-16 15:37:07.322,131,103969.71
2025-11-16 15:37:07.322,132,99101.66
2025-11-16 15:37:07.322,133,99101.66
2025-11-16 15:37:07.322,134,119086.36
2025-11-16 15:37:07.322,135,133594.3
2025-11-16 15:37:07.322,136,550970.88
2025-11-16 15:37:07.322,137,119906.74
2025-11-16 15:37:07.322,138,101787.58
2025-11-16 15:37:07.322,139,101787.58
2025-11-16 15:37:07.322,140,155704.97
2025-11-16 15:37:07.322,141,161255.75
2025-11-16 15:37:07.322,142,161255.75
2025-11-16 15:37:07.322,143,161255.75
2025-11-16 15:37:07.322,144,41920.75
2025-11-16 15:37:07.322,145,41657.55
2025-11-16 15:37:07.322,146,40820.27
2025-11-16 15:37:07.322,147,40756.99
2025-11-16 15:37:07.322,148,40505.41
2025-11-16 15:37:07.322,149,41267.73
2025-11-16 15:37:07.322,150,41657.55
2025-11-16 15:37:07.322,151,41139.08
2025-11-16 15:37:07.322,152,41267.73
2025-11-16 15:37:07.322,153,40883.72
2025-11-16 15:37:07.322,154,41854.7
2025-11-16 15:37:07.322,155,40883.72
2025-11-16 15:37:07.322,156,40256.3
2025-11-16 15:37:07.322,157,41139.08
2025-11-16 15:37:07.322,158,40568.07
2025-11-16 15:37:07.322,159,41397.01
2025-11-16 15:37:07.322,160,23175.81
2025-11-16 15:37:07.322,161,41203.32
2025-11-16 15:37:07.322,162,41788.82
2025-11-16 15:37:07.322,163,36001.13
2025-11-16 15:37:07.322,164,45002.86
2025-11-16 15:37:07.322,165,44928.77
2025-11-16 15:37:07.322,166,39343.6
2025-11-16 15:37:07.322,167,43698.91
2025-11-16 15:37:07.322,168,41723.1
2025-11-16 15:37:07.322,169,42658.5
2025-11-16 15:37:07.322,170,46061.56
2025-11-16 15:37:07.322,171,42794.9
2025-11-16 15:37:07.322,172,42726.61
2025-11-16 15:37:07.322,173,41920.75
2025-11-16 15:37:07.322,174,42053.34
2025-11-16 15:37:07.322,175,44854.87
2025-11-16 15:37:07.322,176,100279.32
2025-11-16 15:37:07.322,177,43277.87
2025-11-16 15:37:07.322,178,47484.0
2025-11-16 15:37:07.322,179,46293.73
2025-11-16 15:37:07.322,180,43417.48
2025-11-16 15:37:07.322,181,43487.57
2025-11-16 15:37:07.322,182,52029.78
2025-11-16 15:37:07.322,183,59772.61
2025-11-16 15:37:07.322,184,268514.44
2025-11-16 15:37:07.322,185,51192.37
2025-11-16 15:37:07.322,186,793012.25
2025-11-16 15:37:07.322,187,44707.67
2025-11-16 15:37:07.322,188,61358.41
2025-11-16 15:37:07.322,189,900097.25
2025-11-16 15:37:07.322,190,70188.73
2025-11-16 15:37:07.322,191,70188.73
2025-11-16 15:37:07.322,192,27660.98
2025-11-16 15:37:07.322,193,27315.59
2025-11-16 15:37:07.322,194,26842.51
2025-11-16 15:37:07.322,195,27281.39
2025-11-16 15:37:07.322,196,26348.73
2025-11-16 15:37:07.322,197,26875.9
2025-11-16 15:37:07.322,198,26577.51
2025-11-16 15:37:07.322,199,26676.44
2025-11-16 15:37:07.322,200,26544.65
2025-11-16 15:37:07.322,201,26479.11
2025-11-16 15:37:07.322,202,26676.44
2025-11-16 15:37:07.322,203,26348.73
2025-11-16 15:37:07.322,204,26742.69
2025-11-16 15:37:07.322,205,26709.53
2025-11-16 15:37:07.322,206,27077.54
2025-11-16 15:37:07.322,207,26610.43
2025-11-16 15:37:07.322,208,17531.99
2025-11-16 15:37:07.322,209,26742.69
2025-11-16 15:37:07.322,210,26875.9
2025-11-16 15:37:07.322,211,19794.65
2025-11-16 15:37:07.322,212,29071.17
2025-11-16 15:37:07.322,213,29411.68
2025-11-16 15:37:07.322,214,22203.33
2025-11-16 15:37:07.322,215,28662.88
2025-11-16 15:37:07.322,216,25804.82
2025-11-16 15:37:07.322,217,27349.84
2025-11-16 15:37:07.322,218,30309.35
2025-11-16 15:37:07.322,219,28480.09
2025-11-16 15:37:07.322,220,27695.87
2025-11-16 15:37:07.322,221,26809.18
2025-11-16 15:37:07.322,222,28155.37
2025-11-16 15:37:07.322,223,28699.64
2025-11-16 15:37:07.322,224,64077.9
2025-11-16 15:37:07.322,225,27906.57
2025-11-16 15:37:07.322,226,28516.51
2025-11-16 15:37:07.322,227,30550.28
2025-11-16 15:37:07.322,228,28773.39
2025-11-16 15:37:07.322,229,29146.33
2025-11-16 15:37:07.322,230,35034.87
2025-11-16 15:37:07.322,231,40256.3
2025-11-16 15:37:07.322,232,195704.14
2025-11-16 15:37:07.322,233,36053.13
2025-11-16 15:37:07.322,234,483368.97
2025-11-16 15:37:07.322,235,28773.39
2025-11-16 15:37:07.322,236,46216.13
2025-11-16 15:37:07.322,237,708471.5
2025-11-16 15:37:07.322,238,49151.41
2025-11-16 15:37:07.322,239,49151.41
2025-11-16 15:37:07.322,240,19406.36
2025-11-16 15:37:07.322,241,19237.01
2025-11-16 15:37:07.322,242,18740.4
2025-11-16 15:37:07.322,243,19363.84
2025-11-16 15:37:07.322,244,18378.83
2025-11-16 15:37:07.322,245,18679.5
2025-11-16 15:37:07.322,246,17949.02
2025-11-16 15:37:07.322,247,18538.4
2025-11-16 15:37:07.322,248,18339.21
2025-11-16 15:37:07.322,249,18418.55
2025-11-16 15:37:07.322,250,18418.55
2025-11-16 15:37:07.322,251,18378.83
2025-11-16 15:37:07.322,252,18498.34
2025-11-16 15:37:07.322,253,18458.39
2025-11-16 15:37:07.322,254,19385.09
2025-11-16 15:37:07.322,255,18339.21
2025-11-16 15:37:07.322,256,18438.46
2025-11-16 15:37:07.322,257,19904.33
2025-11-16 15:37:07.322,258,19491.78
2025-11-16 15:37:07.322,259,18260.31
2025-11-16 15:37:07.322,260,21118.33
2025-11-16 15:37:07.322,261,21553.27
2025-11-16 15:37:07.322,262,19028.03
2025-11-16 15:37:07.322,263,21504.34
2025-11-16 15:37:07.322,264,19577.68
2025-11-16 15:37:07.322,265,20396.61
2025-11-16 15:37:07.322,266,22933.92
2025-11-16 15:37:07.322,267,20952.39
2025-11-16 15:37:07.322,268,20834.94
2025-11-16 15:37:07.322,269,20126.11
2025-11-16 15:37:07.322,270,20464.99
2025-11-16 15:37:07.322,271,20788.21
2025-11-16 15:37:07.322,272,50021.84
2025-11-16 15:37:07.322,273,20238.23
2025-11-16 15:37:07.322,274,21023.29
2025-11-16 15:37:07.322,275,21950.17
2025-11-16 15:37:07.322,276,20928.83
2025-11-16 15:37:07.322,277,21261.97
2025-11-16 15:37:07.322,278,25836.37
2025-11-16 15:37:07.322,279,30150.32
2025-11-16 15:37:07.322,280,153715.0
2025-11-16 15:37:07.322,281,29992.53
2025-11-16 15:37:07.322,282,312394.69
2025-11-16 15:37:07.322,283,20881.81
2025-11-16 15:37:07.322,284,37669.63
2025-11-16 15:37:07.322,285,762705.19
2025-11-16 15:37:07.322,286,39644.14
2025-11-16 15:37:07.322,287,39644.14
2025-11-16 15:37:07.322,288,16165.12
2025-11-16 15:37:07.322,289,16114.59
2025-11-16 15:37:07.322,290,15491.01
2025-11-16 15:37:07.322,291,16014.12
2025-11-16 15:37:07.322,292,15158.95
2025-11-16 15:37:07.322,293,15300.2
2025-11-16 15:37:07.322,294,14942.32
2025-11-16 15:37:07.322,295,15112.21
2025-11-16 15:37:07.322,296,15081.15
2025-11-16 15:37:07.322,297,15019.26
2025-11-16 15:37:07.322,298,15143.35
2025-11-16 15:37:07.322,299,15174.57
2025-11-16 15:37:07.322,300,15174.57
2025-11-16 15:37:07.322,301,15112.21
2025-11-16 15:37:07.322,302,16215.84
2025-11-16 15:37:07.322,303,15268.68
2025-11-16 15:37:07.322,304,17531.99
2025-11-16 15:37:07.322,305,17127.16
2025-11-16 15:37:07.322,306,17346.5
2025-11-16 15:37:07.322,307,18458.39
2025-11-16 15:37:07.322,308,17929.79
2025-11-16 15:37:07.322,309,18478.35
2025-11-16 15:37:07.322,310,16611.29
2025-11-16 15:37:07.322,311,18478.35
2025-11-16 15:37:07.322,312,16751.64
2025-11-16 15:37:07.322,313,17218.13
2025-11-16 15:37:07.322,314,20014.81
2025-11-16 15:37:07.322,315,17346.5
2025-11-16 15:37:07.322,316,17328.08
2025-11-16 15:37:07.322,317,16964.95
2025-11-16 15:37:07.322,318,17018.8
2025-11-16 15:37:07.322,319,17127.16
2025-11-16 15:37:07.322,320,43277.87
2025-11-16 15:37:07.322,321,16911.3
2025-11-16 15:37:07.322,322,17346.5
2025-11-16 15:37:07.322,323,18142.77
2025-11-16 15:37:07.322,324,17531.99
2025-11-16 15:37:07.322,325,17834.04
2025-11-16 15:37:07.322,326,22101.59
2025-11-16 15:37:07.322,327,25963.11
2025-11-16 15:37:07.322,328,141578.7
2025-11-16 15:37:07.322,329,27213.2
2025-11-16 15:37:07.322,330,270422.94
2025-11-16 15:37:07.322,331,17328.08
2025-11-16 15:37:07.322,332,33588.98
2025-11-16 15:37:07.322,333,558763.94
2025-11-16 15:37:07.322,334,35234.91
2025-11-16 15:37:07.322,335,35234.91
2025-11-16 15:37:07.322,336,14684.21
2025-11-16 15:37:07.322,337,14594.37
2025-11-16 15:37:07.322,338,13940.8
2025-11-16 15:37:07.322,339,14387.27
2025-11-16 15:37:07.322,340,13483.07
2025-11-16 15:37:07.322,341,13758.38
2025-11-16 15:37:07.322,342,13619.93
2025-11-16 15:37:07.322,343,13647.49
2025-11-16 15:37:07.322,344,13619.93
2025-11-16 15:37:07.322,345,13592.43
2025-11-16 15:37:07.322,346,13619.93
2025-11-16 15:37:07.322,347,13702.81
2025-11-16 15:37:07.322,348,13647.49
2025-11-16 15:37:07.322,349,13619.93
2025-11-16 15:37:07.322,350,14372.61
2025-11-16 15:37:07.322,351,13619.93
2025-11-16 15:37:07.322,352,15848.37
2025-11-16 15:37:07.322,353,15363.49
2025-11-16 15:37:07.322,354,15555.25
2025-11-16 15:37:07.322,355,16420.69
2025-11-16 15:37:07.322,356,16047.52
2025-11-16 15:37:07.322,357,16769.29
2025-11-16 15:37:07.322,358,14805.01
2025-11-16 15:37:07.322,359,16681.28
2025-11-16 15:37:07.322,360,14744.46
2025-11-16 15:37:07.322,361,15363.49
2025-11-16 15:37:07.322,362,18378.83
2025-11-16 15:37:07.322,363,15636.01
2025-11-16 15:37:07.322,364,15864.85
2025-11-16 15:37:07.322,365,15300.2
2025-11-16 15:37:07.322,366,15331.81
2025-11-16 15:37:07.322,367,15539.16
2025-11-16 15:37:07.322,368,39644.14
2025-11-16 15:37:07.322,369,15174.57
2025-11-16 15:37:07.322,370,15799.05
2025-11-16 15:37:07.322,371,16300.81
2025-11-16 15:37:07.322,372,15684.7
2025-11-16 15:37:07.322,373,16081.01
2025-11-16 15:37:07.322,374,19794.65
2025-11-16 15:37:07.322,375,23698.29
2025-11-16 15:37:07.322,376,102094.18
2025-11-16 15:37:07.322,377,25094.26
2025-11-16 15:37:07.322,378,264774.34
2025-11-16 15:37:07.322,379,15571.36
2025-11-16 15:37:07.322,380,30550.28
2025-11-16 15:37:07.322,381,861364.44
2025-11-16 15:37:07.322,382,31799.26
2025-11-16 15:37:07.322,383,31799.26
2025-11-16 15:37:07.322,384,14328.73
2025-11-16 15:37:07.322,385,14270.47
2025-11-16 15:37:07.322,386,13633.7
2025-11-16 15:37:07.322,387,14068.74
2025-11-16 15:37:07.322,388,13240.66
2025-11-16 15:37:07.322,389,13401.71
2025-11-16 15:37:07.322,390,13334.34
2025-11-16 15:37:07.322,391,13401.71
2025-11-16 15:37:07.322,392,13280.71
2025-11-16 15:37:07.322,393,13200.74
2025-11-16 15:37:07.322,394,13320.91
2025-11-16 15:37:07.322,395,13294.1
2025-11-16 15:37:07.322,396,13401.71
2025-11-16 15:37:07.322,397,13240.66
2025-11-16 15:37:07.322,398,14198.04
2025-11-16 15:37:07.322,399,13401.71
2025-11-16 15:37:07.322,400,15587.49
2025-11-16 15:37:07.322,401,15065.65
2025-11-16 15:37:07.322,402,15268.68
2025-11-16 15:37:07.322,403,16317.87
2025-11-16 15:37:07.322,404,15782.65
2025-11-16 15:37:07.322,405,16403.5
2025-11-16 15:37:07.322,406,14654.19
2025-11-16 15:37:07.322,407,16352.05
2025-11-16 15:37:07.322,408,14609.3
2025-11-16 15:37:07.322,409,15143.35
2025-11-16 15:37:07.322,410,18359.01
2025-11-16 15:37:07.322,411,15684.7
2025-11-16 15:37:07.322,412,15555.25
2025-11-16 15:37:07.322,413,15050.17
2025-11-16 15:37:07.322,414,15143.35
2025-11-16 15:37:07.322,415,15205.86
2025-11-16 15:37:07.322,416,39704.69
2025-11-16 15:37:07.322,417,14744.46
2025-11-16 15:37:07.322,418,15652.22
2025-11-16 15:37:07.322,419,16232.79
2025-11-16 15:37:07.322,420,15636.01
2025-11-16 15:37:07.322,421,15848.37
2025-11-16 15:37:07.322,422,19707.48
2025-11-16 15:37:07.322,423,23366.42
2025-11-16 15:37:07.322,424,102712.45
2025-11-16 15:37:07.322,425,24498.84
2025-11-16 15:37:07.322,426,280371.47
2025-11-16 15:37:07.322,427,15347.64
2025-11-16 15:37:07.322,428,30876.0
2025-11-16 15:37:07.322,429,942433.13
2025-11-16 15:37:07.322,430,32145.38
2025-11-16 15:37:07.322,431,32145.38
2025-11-16 15:37:07.322,432,14255.95
2025-11-16 15:37:07.322,433,14198.04
2025-11-16 15:37:07.322,434,13455.89
2025-11-16 15:37:07.322,435,13983.3
2025-11-16 15:37:07.322,436,13134.51
2025-11-16 15:37:07.322,437,13401.71
2025-11-16 15:37:07.322,438,13254.0
2025-11-16 15:37:07.322,439,13294.1
2025-11-16 15:37:07.322,440,13254.0
2025-11-16 15:37:07.322,441,13320.91
2025-11-16 15:37:07.322,442,13401.71
2025-11-16 15:37:07.322,443,13294.1
2025-11-16 15:37:07.322,444,13320.91
2025-11-16 15:37:07.322,445,13254.0
2025-11-16 15:37:07.322,446,14111.69
2025-11-16 15:37:07.322,447,13428.77
2025-11-16 15:37:07.322,448,15652.22
2025-11-16 15:37:07.322,449,15112.21
2025-11-16 15:37:07.322,450,15174.57
2025-11-16 15:37:07.322,451,16249.76
2025-11-16 15:37:07.322,452,15799.05
2025-11-16 15:37:07.322,453,16386.33
2025-11-16 15:37:07.322,454,14579.46
2025-11-16 15:37:07.322,455,16249.76
2025-11-16 15:37:07.322,456,14624.25
2025-11-16 15:37:07.322,457,15174.57
2025-11-16 15:37:07.322,458,17949.02
2025-11-16 15:37:07.322,459,15749.92
2025-11-16 15:37:07.322,460,15603.64
2025-11-16 15:37:07.322,461,15003.83
2025-11-16 15:37:07.322,462,15190.2
2025-11-16 15:37:07.322,463,15127.77
2025-11-16 15:37:07.322,464,40071.08
2025-11-16 15:37:07.322,465,15019.26
2025-11-16 15:37:07.322,466,15491.01
2025-11-16 15:37:07.322,467,15914.42
2025-11-16 15:37:07.322,468,15158.95
2025-11-16 15:37:07.322,469,15799.05
2025-11-16 15:37:07.322,470,19491.78
2025-11-16 15:37:07.322,471,23257.23
2025-11-16 15:37:07.322,472,102712.45
2025-11-16 15:37:07.322,473,24557.47
2025-11-16 15:37:07.322,474,297844.91
2025-11-16 15:37:07.322,475,15174.57
2025-11-16 15:37:07.322,476,30712.49
2025-11-16 15:37:07.322,477,762705.19
2025-11-16 15:37:07.322,478,32232.81
2025-11-16 15:37:07.322,479,32232.81
2025-11-16 15:37:07.322,480,14154.79
2025-11-16 15:37:07.322,481,14097.35
2025-11-16 15:37:07.322,482,13320.91
2025-11-16 15:37:07.322,483,13898.46
2025-11-16 15:37:07.322,484,13055.53
2025-11-16 15:37:07.322,485,13160.96
2025-11-16 15:37:07.322,486,13055.53
2025-11-16 15:37:07.322,487,13174.2
2025-11-16 15:37:07.322,488,13094.96
2025-11-16 15:37:07.322,489,13042.42
2025-11-16 15:37:07.322,490,13108.13
2025-11-16 15:37:07.322,491,13108.13
2025-11-16 15:37:07.322,492,13160.96
2025-11-16 15:37:07.322,493,13055.53
2025-11-16 15:37:07.322,494,14040.19
2025-11-16 15:37:07.322,495,13081.8
2025-11-16 15:37:07.322,496,15347.64
2025-11-16 15:37:07.322,497,14865.85
2025-11-16 15:37:07.322,498,15050.17
2025-11-16 15:37:07.322,499,16148.25
2025-11-16 15:37:07.322,500,15523.09
2025-11-16 15:37:07.322,501,16081.01
2025-11-16 15:37:07.322,502,14328.73
2025-11-16 15:37:07.322,503,16148.25
2025-11-16 15:37:07.322,504,14431.36
2025-11-16 15:37:07.322,505,15003.83
2025-11-16 15:37:07.322,506,17949.02
2025-11-16 15:37:07.322,507,15395.25
2025-11-16 15:37:07.322,508,15395.25
2025-11-16 15:37:07.322,509,14774.7
2025-11-16 15:37:07.322,510,14865.85
2025-11-16 15:37:07.322,511,14988.43
2025-11-16 15:37:07.322,512,39463.38
2025-11-16 15:37:07.322,513,14805.01
2025-11-16 15:37:07.322,514,15268.68
2025-11-16 15:37:07.322,515,15881.35
2025-11-16 15:37:07.322,516,15205.86
2025-11-16 15:37:07.322,517,15300.2
2025-11-16 15:37:07.322,518,19069.58
2025-11-16 15:37:07.322,519,23040.99
2025-11-16 15:37:07.322,520,99687.32
2025-11-16 15:37:07.322,521,24498.84
2025-11-16 15:37:07.322,522,300178.03
2025-11-16 15:37:07.322,523,15050.17
2025-11-16 15:37:07.322,524,29146.33
2025-11-16 15:37:07.322,525,734602.25
2025-11-16 15:37:07.322,526,31713.61
2025-11-16 15:37:07.322,527,31713.61
2025-11-16 15:37:07.322,528,14183.61
2025-11-16 15:37:07.322,529,14068.74
2025-11-16 15:37:07.322,530,13320.91
2025-11-16 15:37:07.322,531,13884.38
2025-11-16 15:37:07.322,532,13081.8
2025-11-16 15:37:07.322,533,13267.35
2025-11-16 15:37:07.322,534,12951.06
2025-11-16 15:37:07.322,535,13081.8
2025-11-16 15:37:07.322,536,13029.33
2025-11-16 15:37:07.322,537,13042.42
2025-11-16 15:37:07.322,538,13187.46
2025-11-16 15:37:07.322,539,13029.33
2025-11-16 15:37:07.322,540,13134.51
2025-11-16 15:37:07.322,541,13187.46
2025-11-16 15:37:07.322,542,14068.74
2025-11-16 15:37:07.322,543,13240.66
2025-11-16 15:37:07.322,544,15427.09
2025-11-16 15:37:07.322,545,14988.43
2025-11-16 15:37:07.322,546,15143.35
2025-11-16 15:37:07.322,547,16081.01
2025-11-16 15:37:07.322,548,15587.49
2025-11-16 15:37:07.322,549,16334.95
2025-11-16 15:37:07.322,550,14416.64
2025-11-16 15:37:07.322,551,16215.84
2025-11-16 15:37:07.322,552,14624.25
2025-11-16 15:37:07.322,553,15050.17
2025-11-16 15:37:07.322,554,18162.29
2025-11-16 15:37:07.322,555,15555.25
2025-11-16 15:37:07.322,556,15427.09
2025-11-16 15:37:07.322,557,14865.85
2025-11-16 15:37:07.322,558,15019.26
2025-11-16 15:37:07.322,559,15081.15
2025-11-16 15:37:07.322,560,39403.42
2025-11-16 15:37:07.322,561,14850.61
2025-11-16 15:37:07.322,562,15363.49
2025-11-16 15:37:07.322,563,16014.12
2025-11-16 15:37:07.322,564,15491.01
2025-11-16 15:37:07.322,565,15652.22
2025-11-16 15:37:07.322,566,19577.68
2025-11-16 15:37:07.322,567,23642.52
2025-11-16 15:37:07.322,568,98811.18
2025-11-16 15:37:07.322,569,24528.13
2025-11-16 15:37:07.322,570,334076.69
2025-11-16 15:37:07.322,571,15174.57
2025-11-16 15:37:07.322,572,30389.34
2025-11-16 15:37:07.322,573,762705.19
2025-11-16 15:37:07.322,574,32232.81
2025-11-16 15:37:07.322,575,32232.81
2025-11-16 15:37:07.322,576,14270.47
2025-11-16 15:37:07.322,577,14126.04
2025-11-16 15:37:07.322,578,13510.31
2025-11-16 15:37:07.322,579,13912.56
2025-11-16 15:37:07.322,580,13094.96
2025-11-16 15:37:07.322,581,13334.34
2025-11-16 15:37:07.322,582,13108.13
2025-11-16 15:37:07.322,583,13214.03
2025-11-16 15:37:07.322,584,13200.74
2025-11-16 15:37:07.322,585,13081.8
2025-11-16 15:37:07.322,586,13267.35
2025-11-16 15:37:07.322,587,13174.2
2025-11-16 15:37:07.322,588,13307.49
2025-11-16 15:37:07.322,589,13267.35
2025-11-16 15:37:07.322,590,14270.47
2025-11-16 15:37:07.322,591,13388.2
2025-11-16 15:37:07.322,592,15539.16
2025-11-16 15:37:07.322,593,15050.17
2025-11-16 15:37:07.322,594,15174.57
2025-11-16 15:37:07.322,595,16249.76
2025-11-16 15:37:07.322,596,15652.22
2025-11-16 15:37:07.322,597,16249.76
2025-11-16 15:37:07.322,598,14372.61
2025-11-16 15:37:07.322,599,16165.12
2025-11-16 15:37:07.322,600,14684.21
2025-11-16 15:37:07.322,601,15081.15
2025-11-16 15:37:07.322,602,18181.84
2025-11-16 15:37:07.322,603,15652.22
2025-11-16 15:37:07.322,604,15363.49
2025-11-16 15:37:07.322,605,14835.39
2025-11-16 15:37:07.322,606,14684.21
2025-11-16 15:37:07.322,607,14639.21
2025-11-16 15:37:07.322,608,40256.3
2025-11-16 15:37:07.322,609,14624.25
2025-11-16 15:37:07.322,610,15143.35
2025-11-16 15:37:07.322,611,15782.65
2025-11-16 15:37:07.322,612,15427.09
2025-11-16 15:37:07.322,613,15684.7
2025-11-16 15:37:07.322,614,19534.67
2025-11-16 15:37:07.322,615,23421.27
2025-11-16 15:37:07.322,616,97948.88
2025-11-16 15:37:07.322,617,24528.13
2025-11-16 15:37:07.322,618,328387.41
2025-11-16 15:37:07.322,619,14850.61
2025-11-16 15:37:07.322,620,30550.28
2025-11-16 15:37:07.322,621,762705.19
2025-11-16 15:37:07.322,622,32765.05
2025-11-16 15:37:07.322,623,32765.05
2025-11-16 15:37:07.322,624,14328.73
2025-11-16 15:37:07.322,625,14241.45
2025-11-16 15:37:07.322,626,13510.31
2025-11-16 15:37:07.322,627,14154.79
2025-11-16 15:37:07.322,628,13214.03
2025-11-16 15:37:07.322,629,13455.89
2025-11-16 15:37:07.322,630,13240.66
2025-11-16 15:37:07.322,631,13320.91
2025-11-16 15:37:07.322,632,13121.31
2025-11-16 15:37:07.322,633,13160.96
2025-11-16 15:37:07.322,634,13267.35
2025-11-16 15:37:07.322,635,13254.0
2025-11-16 15:37:07.322,636,13374.71
2025-11-16 15:37:07.322,637,13267.35
2025-11-16 15:37:07.322,638,14212.49
2025-11-16 15:37:07.322,639,13415.23
2025-11-16 15:37:07.322,640,15523.09
2025-11-16 15:37:07.322,641,15081.15
2025-11-16 15:37:07.322,642,15252.94
2025-11-16 15:37:07.322,643,16165.12
2025-11-16 15:37:07.322,644,15684.7
2025-11-16 15:37:07.322,645,16249.76
2025-11-16 15:37:07.322,646,14534.84
2025-11-16 15:37:07.322,647,16215.84
2025-11-16 15:37:07.322,648,14624.25
2025-11-16 15:37:07.322,649,15065.65
2025-11-16 15:37:07.322,650,18103.81
2025-11-16 15:37:07.322,651,15848.37
2025-11-16 15:37:07.322,652,15395.25
2025-11-16 15:37:07.322,653,14850.61
2025-11-16 15:37:07.322,654,15050.17
2025-11-16 15:37:07.322,655,15003.83
2025-11-16 15:37:07.322,656,39765.37
2025-11-16 15:37:07.322,657,14820.19
2025-11-16 15:37:07.322,658,15395.25
2025-11-16 15:37:07.322,659,16047.52
2025-11-16 15:37:07.322,660,15555.25
2025-11-16 15:37:07.322,661,15782.65
2025-11-16 15:37:07.322,662,19664.09
2025-11-16 15:37:07.322,663,23698.29
2025-11-16 15:37:07.322,664,93834.39
2025-11-16 15:37:07.322,665,24324.12
2025-11-16 15:37:07.322,666,334076.69
2025-11-16 15:37:07.322,667,14896.38
2025-11-16 15:37:07.322,668,29146.33
2025-11-16 15:37:07.322,669,825793.38
2025-11-16 15:37:07.322,670,32189.05
2025-11-16 15:37:07.322,671,32189.05
2025-11-16 15:37:07.322,672,14040.19
2025-11-16 15:37:07.322,673,14068.74
2025-11-16 15:37:07.322,674,13510.31
2025-11-16 15:37:07.322,675,13814.22
2025-11-16 15:37:07.322,676,13214.03
2025-11-16 15:37:07.322,677,13401.71
2025-11-16 15:37:07.322,678,13320.91
2025-11-16 15:37:07.322,679,13267.35
2025-11-16 15:37:07.322,680,13320.91
2025-11-16 15:37:07.322,681,13227.34
2025-11-16 15:37:07.322,682,13003.18
2025-11-16 15:37:07.322,683,13227.34
2025-11-16 15:37:07.322,684,13254.0
2025-11-16 15:37:07.322,685,13267.35
2025-11-16 15:37:07.322,686,14212.49
2025-11-16 15:37:07.322,687,13469.47
2025-11-16 15:37:07.322,688,15619.82
2025-11-16 15:37:07.322,689,15065.65
2025-11-16 15:37:07.322,690,15363.49
2025-11-16 15:37:07.322,691,16352.05
2025-11-16 15:37:07.322,692,15766.28
2025-11-16 15:37:07.322,693,16611.29
2025-11-16 15:37:07.322,694,14684.21
2025-11-16 15:37:07.322,695,16249.76
2025-11-16 15:37:07.322,696,14805.01
2025-11-16 15:37:07.322,697,15268.68
2025-11-16 15:37:07.322,698,18240.65
2025-11-16 15:37:07.322,699,15815.47
2025-11-16 15:37:07.322,700,15603.64
2025-11-16 15:37:07.322,701,15081.15
2025-11-16 15:37:07.322,702,15003.83
2025-11-16 15:37:07.322,703,15190.2
2025-11-16 15:37:07.322,704,39887.21
2025-11-16 15:37:07.322,705,15096.68
2025-11-16 15:37:07.322,706,15684.7
2025-11-16 15:37:07.322,707,16131.41
2025-11-16 15:37:07.322,708,15619.82
2025-11-16 15:37:07.322,709,15848.37
2025-11-16 15:37:07.322,710,19794.65
2025-11-16 15:37:07.322,711,24266.27
2025-11-16 15:37:07.322,712,99101.66
2025-11-16 15:37:07.322,713,24823.81
2025-11-16 15:37:07.322,714,346048.91
2025-11-16 15:37:07.322,715,15395.25
2025-11-16 15:37:07.322,716,30794.08
2025-11-16 15:37:07.322,717,900097.25
2025-11-16 15:37:07.322,718,32945.45
2025-11-16 15:37:07.322,719,32945.45
2025-11-16 15:37:07.322,720,14285.01
2025-11-16 15:37:07.322,721,14126.04
2025-11-16 15:37:07.322,722,13814.22
2025-11-16 15:37:07.322,723,14183.61
2025-11-16 15:37:07.322,724,13374.71
2025-11-16 15:37:07.322,725,13758.38
2025-11-16 15:37:07.322,726,13401.71
2025-11-16 15:37:07.322,727,13592.43
2025-11-16 15:37:07.322,728,13496.68
2025-11-16 15:37:07.322,729,13415.23
2025-11-16 15:37:07.322,730,13469.47
2025-11-16 15:37:07.322,731,13592.43
2025-11-16 15:37:07.322,732,13483.07
2025-11-16 15:37:07.322,733,13483.07
2025-11-16 15:37:07.322,734,14505.19
2025-11-16 15:37:07.322,735,13675.12
2025-11-16 15:37:07.322,736,15782.65
2025-11-16 15:37:07.322,737,15379.36
2025-11-16 15:37:07.322,738,15619.82
2025-11-16 15:37:07.322,739,16769.29
2025-11-16 15:37:07.322,740,16081.01
2025-11-16 15:37:07.322,741,16734.02
2025-11-16 15:37:07.322,742,14926.99
2025-11-16 15:37:07.322,743,16611.29
2025-11-16 15:37:07.322,744,14988.43
2025-11-16 15:37:07.322,745,15347.64
2025-11-16 15:37:07.322,746,18578.57
2025-11-16 15:37:07.322,747,16097.79
2025-11-16 15:37:07.322,748,15864.85
2025-11-16 15:37:07.322,749,15395.25
2025-11-16 15:37:07.322,750,15491.01
2025-11-16 15:37:07.322,751,15619.82
2025-11-16 15:37:07.322,752,40630.89
2025-11-16 15:37:07.322,753,15411.16
2025-11-16 15:37:07.322,754,15749.92
2025-11-16 15:37:07.322,755,16472.4
2025-11-16 15:37:07.322,756,15848.37
2025-11-16 15:37:07.322,757,16182.0
2025-11-16 15:37:07.322,758,20059.23
2025-11-16 15:37:07.322,759,24853.65
2025-11-16 15:37:07.322,760,97664.48
2025-11-16 15:37:07.322,761,25094.26
2025-11-16 15:37:07.322,762,342978.47
2025-11-16 15:37:07.322,763,15619.82
2025-11-16 15:37:07.322,764,31206.99
2025-11-16 15:37:07.322,765,793012.25
2025-11-16 15:37:07.322,766,33403.16
2025-11-16 15:37:07.322,767,33403.16
2025-11-16 15:37:07.322,768,14865.85
2025-11-16 15:37:07.322,769,14789.84
2025-11-16 15:37:07.322,770,14126.04
2025-11-16 15:37:07.322,771,14624.25
2025-11-16 15:37:07.322,772,13744.46
2025-11-16 15:37:07.322,773,13926.67
2025-11-16 15:37:07.322,774,13688.95
2025-11-16 15:37:07.322,775,13842.23
2025-11-16 15:37:07.322,776,13912.56
2025-11-16 15:37:07.322,777,13870.31
2025-11-16 15:37:07.322,778,13814.22
2025-11-16 15:37:07.322,779,13954.95
2025-11-16 15:37:07.322,780,13912.56
2025-11-16 15:37:07.322,781,13483.07
2025-11-16 15:37:07.322,782,14744.46
2025-11-16 15:37:07.322,783,13870.31
2025-11-16 15:37:07.322,784,16114.59
2025-11-16 15:37:07.322,785,15587.49
2025-11-16 15:37:07.322,786,15749.92
2025-11-16 15:37:07.322,787,16911.3
2025-11-16 15:37:07.322,788,16215.84
2025-11-16 15:37:07.322,789,16911.3
2025-11-16 15:37:07.322,790,15096.68
2025-11-16 15:37:07.322,791,16929.16
2025-11-16 15:37:07.322,792,15174.57
2025-11-16 15:37:07.322,793,15619.82
2025-11-16 15:37:07.322,794,18740.4
2025-11-16 15:37:07.322,795,16165.12
2025-11-16 15:37:07.322,796,16047.52
2025-11-16 15:37:07.322,797,15523.09
2025-11-16 15:37:07.322,798,15619.82
2025-11-16 15:37:07.322,799,15815.47
2025-11-16 15:37:07.322,800,40693.86
2025-11-16 15:37:07.322,801,15587.49
2025-11-16 15:37:07.322,802,16081.01
2025-11-16 15:37:07.322,803,16751.64
2025-11-16 15:37:07.322,804,16081.01
2025-11-16 15:37:07.322,805,16352.05
2025-11-16 15:37:07.322,806,20396.61
2025-11-16 15:37:07.322,807,25033.8
2025-11-16 15:37:07.322,808,102712.45
2025-11-16 15:37:07.322,809,25276.9
2025-11-16 15:37:07.322,810,334076.69
2025-11-16 15:37:07.322,811,15881.35
2025-11-16 15:37:07.322,812,30876.0
2025-11-16 15:37:07.322,813,762705.19
2025-11-16 15:37:07.322,814,33310.84
2025-11-16 15:37:07.322,815,33310.84
2025-11-16 15:37:07.322,816,14835.39
2025-11-16 15:37:07.322,817,14759.57
2025-11-16 15:37:07.322,818,13926.67
2025-11-16 15:37:07.322,819,14564.57
2025-11-16 15:37:07.322,820,13647.49
2025-11-16 15:37:07.322,821,13730.56
2025-11-16 15:37:07.322,822,13633.7
2025-11-16 15:37:07.322,823,13647.49
2025-11-16 15:37:07.322,824,13828.22
2025-11-16 15:37:07.322,825,13675.12
2025-11-16 15:37:07.322,826,13730.56
2025-11-16 15:37:07.322,827,13758.38
2025-11-16 15:37:07.322,828,13842.23
2025-11-16 15:37:07.322,829,13716.68
2025-11-16 15:37:07.322,830,14520.01
2025-11-16 15:37:07.322,831,13758.38
2025-11-16 15:37:07.322,832,15964.17
2025-11-16 15:37:07.322,833,15347.64
2025-11-16 15:37:07.322,834,15619.82
2025-11-16 15:37:07.322,835,16734.02
2025-11-16 15:37:07.322,836,15881.35
2025-11-16 15:37:07.322,837,16386.33
2025-11-16 15:37:07.322,838,14789.84
2025-11-16 15:37:07.322,839,16698.84
2025-11-16 15:37:07.322,840,15143.35
2025-11-16 15:37:07.322,841,15684.7
2025-11-16 15:37:07.322,842,18720.07
2025-11-16 15:37:07.322,843,16215.84
2025-11-16 15:37:07.322,844,16131.41
2025-11-16 15:37:07.322,845,15523.09
2025-11-16 15:37:07.322,846,15587.49
2025-11-16 15:37:07.322,847,15799.05
2025-11-16 15:37:07.322,848,40505.41
2025-11-16 15:37:07.322,849,15619.82
2025-11-16 15:37:07.322,850,16114.59
2025-11-16 15:37:07.322,851,16769.29
2025-11-16 15:37:07.322,852,16232.79
2025-11-16 15:37:07.322,853,16386.33
2025-11-16 15:37:07.322,854,20556.65
2025-11-16 15:37:07.322,855,25185.35
2025-11-16 15:37:07.322,856,103969.71
2025-11-16 15:37:07.322,857,25585.55
2025-11-16 15:37:07.322,858,334076.69
2025-11-16 15:37:07.322,859,15881.35
2025-11-16 15:37:07.322,860,31628.31
2025-11-16 15:37:07.322,861,734602.25
2025-11-16 15:37:07.322,862,33635.68
2025-11-16 15:37:07.322,863,33635.68
2025-11-16 15:37:07.322,864,15284.43
2025-11-16 15:37:07.322,865,15268.68
2025-11-16 15:37:07.322,866,14505.19
2025-11-16 15:37:07.322,867,14942.32
2025-11-16 15:37:07.322,868,14154.79
2025-11-16 15:37:07.322,869,14328.73
2025-11-16 15:37:07.322,870,14111.69
2025-11-16 15:37:07.322,871,14154.79
2025-11-16 15:37:07.322,872,14183.61
2025-11-16 15:37:07.322,873,14040.19
2025-11-16 15:37:07.322,874,14314.14
2025-11-16 15:37:07.322,875,14241.45
2025-11-16 15:37:07.322,876,14328.73
2025-11-16 15:37:07.322,877,14270.47
2025-11-16 15:37:07.322,878,14911.68
2025-11-16 15:37:07.322,879,14212.49
2025-11-16 15:37:07.322,880,16420.69
2025-11-16 15:37:07.322,881,15848.37
2025-11-16 15:37:07.322,882,16249.76
2025-11-16 15:37:07.322,883,17272.99
2025-11-16 15:37:07.322,884,15881.35
2025-11-16 15:37:07.322,885,17018.8
2025-11-16 15:37:07.322,886,15619.82
2025-11-16 15:37:07.322,887,17328.08
2025-11-16 15:37:07.322,888,15587.49
2025-11-16 15:37:07.322,889,16047.52
2025-11-16 15:37:07.322,890,19342.63
2025-11-16 15:37:07.322,891,16734.02
2025-11-16 15:37:07.322,892,16663.75
2025-11-16 15:37:07.322,893,15848.37
2025-11-16 15:37:07.322,894,16182.0
2025-11-16 15:37:07.322,895,16249.76
2025-11-16 15:37:07.322,896,42320.58
2025-11-16 15:37:07.322,897,16081.01
2025-11-16 15:37:07.322,898,16646.24
2025-11-16 15:37:07.322,899,17328.08
2025-11-16 15:37:07.322,900,16734.02
2025-11-16 15:37:07.322,901,17018.8
2025-11-16 15:37:07.322,902,21023.29
2025-11-16 15:37:07.322,903,25899.63
2025-11-16 15:37:07.322,904,107238.9
2025-11-16 15:37:07.322,905,26122.79
2025-11-16 15:37:07.322,906,336993.63
2025-11-16 15:37:07.322,907,16386.33
2025-11-16 15:37:07.322,908,32765.05
2025-11-16 15:37:07.322,909,734602.25
2025-11-16 15:37:07.322,910,35034.87
2025-11-16 15:37:07.322,911,35034.87
2025-11-16 15:37:07.322,912,18478.35
2025-11-16 15:37:07.322,913,18339.21
2025-11-16 15:37:07.322,914,17420.39
2025-11-16 15:37:07.322,915,18181.84
2025-11-16 15:37:07.322,916,17236.39
2025-11-16 15:37:07.322,917,17457.49
2025-11-16 15:37:07.322,918,17036.8
2025-11-16 15:37:07.322,919,16982.88
2025-11-16 15:37:07.322,920,17054.83
2025-11-16 15:37:07.322,921,16947.04
2025-11-16 15:37:07.322,922,17236.39
2025-11-16 15:37:07.322,923,16857.87
2025-11-16 15:37:07.322,924,17163.47
2025-11-16 15:37:07.322,925,17236.39
2025-11-16 15:37:07.322,926,17701.08
2025-11-16 15:37:07.322,927,17383.4
2025-11-16 15:37:07.322,928,19406.36
2025-11-16 15:37:07.322,929,18801.55
2025-11-16 15:37:07.322,930,19194.97
2025-11-16 15:37:07.322,931,20238.23
2025-11-16 15:37:07.322,932,19194.97
2025-11-16 15:37:07.322,933,20193.28
2025-11-16 15:37:07.322,934,18339.21
2025-11-16 15:37:07.322,935,19427.67
2025-11-16 15:37:07.322,936,18679.5
2025-11-16 15:37:07.322,937,19069.58
2025-11-16 15:37:07.322,938,22933.92
2025-11-16 15:37:07.322,939,20014.81
2025-11-16 15:37:07.322,940,19449.01
2025-11-16 15:37:07.322,941,19048.79
2025-11-16 15:37:07.322,942,19153.06
2025-11-16 15:37:07.322,943,19534.67
2025-11-16 15:37:07.322,944,48139.58
2025-11-16 15:37:07.322,945,19153.06
2025-11-16 15:37:07.322,946,19153.06
2025-11-16 15:37:07.322,947,20556.65
2025-11-16 15:37:07.322,948,19751.0
2025-11-16 15:37:07.322,949,20103.78
2025-11-16 15:37:07.322,950,24498.84
2025-11-16 15:37:07.322,951,29526.5
2025-11-16 15:37:07.322,952,125056.52
2025-11-16 15:37:07.322,953,30189.96
2025-11-16 15:37:07.322,954,365654.84
2025-11-16 15:37:07.322,955,19664.09
2025-11-16 15:37:07.322,956,36793.67
2025-11-16 15:37:07.322,957,762705.19
2025-11-16 15:37:07.322,958,39644.14
2025-11-16 15:37:07.322,959,39644.14
2025-11-16 15:37:07.322,960,42794.9
2025-11-16 15:37:07.322,961,42590.57
2025-11-16 15:37:07.322,962,40883.72
2025-11-16 15:37:07.322,963,40505.41
2025-11-16 15:37:07.322,964,39165.01
2025-11-16 15:37:07.322,965,39523.48
2025-11-16 15:37:07.322,966,40132.67
2025-11-16 15:37:07.322,967,40883.72
2025-11-16 15:37:07.322,968,40630.89
2025-11-16 15:37:07.322,969,39826.22
2025-11-16 15:37:07.322,970,40693.86
2025-11-16 15:37:07.322,971,40505.41
2025-11-16 15:37:07.322,972,40380.55
2025-11-16 15:37:07.322,973,40442.9
2025-11-16 15:37:07.322,974,41267.73
2025-11-16 15:37:07.322,975,40505.41
2025-11-16 15:37:07.322,976,43417.48
2025-11-16 15:37:07.322,977,40505.41
2025-11-16 15:37:07.322,978,38695.02
2025-11-16 15:37:07.322,979,42726.61
2025-11-16 15:37:07.322,980,39403.42
2025-11-16 15:37:07.322,981,40883.72
2025-11-16 15:37:07.322,982,40505.41
2025-11-16 15:37:07.322,983,37893.76
2025-11-16 15:37:07.322,984,39283.93
2025-11-16 15:37:07.322,985,41461.9
2025-11-16 15:37:07.322,986,43983.32
2025-11-16 15:37:07.322,987,31585.79
2025-11-16 15:37:07.322,988,41788.82
2025-11-16 15:37:07.322,989,42590.57
2025-11-16 15:37:07.322,990,43840.75
2025-11-16 15:37:07.322,991,45602.89
2025-11-16 15:37:07.322,992,96820.16
2025-11-16 15:37:07.322,993,43277.87
2025-11-16 15:37:07.322,994,42932.0
2025-11-16 15:37:07.322,995,41267.73
2025-11-16 15:37:07.322,996,43698.91
2025-11-16 15:37:07.322,997,43983.32
2025-11-16 15:37:07.322,998,51284.3
2025-11-16 15:37:07.322,999,59534.86
2025-11-16 15:37:07.322,1000,254133.06
2025-11-16 15:37:07.322,1001,63676.8
2025-11-16 15:37:07.322,1002,592227.94
2025-11-16 15:37:07.322,1003,41788.82
2025-11-16 15:37:07.322,1004,74328.61
2025-11-16 15:37:07.322,1005,79112.48
2025-11-16 15:37:07.322,1006,79112.48
2025-11-16 15:37:07.322,1007,79112.48
2025-11-16 15:37:07.322,1008,56046.25
2025-11-16 15:37:07.322,1009,55621.39
2025-11-16 15:37:07.322,1010,53975.16
2025-11-16 15:37:07.322,1011,54480.68
2025-11-16 15:37:07.322,1012,52987.48
2025-11-16 15:37:07.322,1013,54277.52
2025-11-16 15:37:07.322,1014,52697.09
2025-11-16 15:37:07.322,1015,54994.24
2025-11-16 15:37:07.322,1016,52793.59
2025-11-16 15:37:07.322,1017,52987.48
2025-11-16 15:37:07.322,1018,53378.87
2025-11-16 15:37:07.322,1019,53182.58
2025-11-16 15:37:07.322,1020,53378.87
2025-11-16 15:37:07.322,1021,50827.38
2025-11-16 15:37:07.322,1022,54787.84
2025-11-16 15:37:07.322,1023,53378.87
2025-11-16 15:37:07.322,1024,57354.41
2025-11-16 15:37:07.322,1025,54994.24
2025-11-16 15:37:07.322,1026,50377.22
2025-11-16 15:37:07.322,1027,57465.76
2025-11-16 15:37:07.322,1028,48641.14
2025-11-16 15:37:07.322,1029,50918.22
2025-11-16 15:37:07.322,1030,52987.48
2025-11-16 15:37:07.322,1031,41657.55
2025-11-16 15:37:07.322,1032,52218.99
2025-11-16 15:37:07.322,1033,54685.13
2025-11-16 15:37:07.322,1034,56153.31
2025-11-16 15:37:07.322,1035,51468.98
2025-11-16 15:37:07.322,1036,56912.64
2025-11-16 15:37:07.322,1037,56585.1
2025-11-16 15:37:07.322,1038,56260.74
2025-11-16 15:37:07.322,1039,61109.78
2025-11-16 15:37:07.322,1040,125056.52
2025-11-16 15:37:07.322,1041,55201.96
2025-11-16 15:37:07.322,1042,54480.68
2025-11-16 15:37:07.322,1043,52600.88
2025-11-16 15:37:07.322,1044,56046.25
2025-11-16 15:37:07.322,1045,55833.13
2025-11-16 15:37:07.322,1046,65169.12
2025-11-16 15:37:07.322,1047,66723.02
2025-11-16 15:37:07.322,1048,297844.91
2025-11-16 15:37:07.322,1049,85800.06
2025-11-16 15:37:07.322,1050,566776.38
2025-11-16 15:37:07.322,1051,54685.13
2025-11-16 15:37:07.322,1052,97381.57
2025-11-16 15:37:07.322,1053,98522.22
2025-11-16 15:37:07.322,1054,98522.22
2025-11-16 15:37:07.322,1055,98522.22
2025-11-16 15:37:07.322,1056,62628.1
2025-11-16 15:37:07.322,1057,62628.1
2025-11-16 15:37:07.322,1058,61608.8
2025-11-16 15:37:07.322,1059,61358.41
2025-11-16 15:37:07.322,1060,58715.34
2025-11-16 15:37:07.322,1061,59653.54
2025-11-16 15:37:07.322,1062,58255.64
2025-11-16 15:37:07.322,1063,58484.71
2025-11-16 15:37:07.322,1064,58715.34
2025-11-16 15:37:07.322,1065,58141.67
2025-11-16 15:37:07.322,1066,59892.09
2025-11-16 15:37:07.322,1067,58715.34
2025-11-16 15:37:07.322,1068,56912.64
2025-11-16 15:37:07.322,1069,59416.6
2025-11-16 15:37:07.322,1070,60374.14
2025-11-16 15:37:07.322,1071,59772.61
2025-11-16 15:37:07.322,1072,61358.41
2025-11-16 15:37:07.322,1073,59653.54
2025-11-16 15:37:07.322,1074,51284.3
2025-11-16 15:37:07.322,1075,61608.8
2025-11-16 15:37:07.322,1076,46843.01
2025-11-16 15:37:07.322,1077,44561.25
2025-11-16 15:37:07.322,1078,56585.1
2025-11-16 15:37:07.322,1079,46527.84
2025-11-16 15:37:07.322,1080,46371.55
2025-11-16 15:37:07.322,1081,56368.51
2025-11-16 15:37:07.322,1082,56912.64
2025-11-16 15:37:07.322,1083,51654.79
2025-11-16 15:37:07.322,1084,58484.71
2025-11-16 15:37:07.322,1085,59416.6
2025-11-16 15:37:07.322,1086,58028.08
2025-11-16 15:37:07.322,1087,63943.71
2025-11-16 15:37:07.322,1088,127787.46
2025-11-16 15:37:07.322,1089,58947.51
2025-11-16 15:37:07.322,1090,59181.26
2025-11-16 15:37:07.322,1091,59416.6
2025-11-16 15:37:07.322,1092,60011.99
2025-11-16 15:37:07.322,1093,59064.19
2025-11-16 15:37:07.322,1094,66435.75
2025-11-16 15:37:07.322,1095,76471.19
2025-11-16 15:37:07.322,1096,342978.47
2025-11-16 15:37:07.322,1097,86707.14
2025-11-16 15:37:07.322,1098,734602.25
2025-11-16 15:37:07.322,1099,58947.51
2025-11-16 15:37:07.322,1100,101787.58
2025-11-16 15:37:07.322,1101,110700.96
2025-11-16 15:37:07.322,1102,110700.96
2025-11-16 15:37:07.322,1103,110700.96
2025-11-16 15:37:07.322,1104,70983.91
2025-11-16 15:37:07.322,1105,68493.05
2025-11-16 15:37:07.322,1106,66867.48
2025-11-16 15:37:07.322,1107,67597.96
2025-11-16 15:37:07.322,1108,66723.02
2025-11-16 15:37:07.322,1109,68192.39
2025-11-16 15:37:07.322,1110,67012.48
2025-11-16 15:37:07.322,1111,66723.02
2025-11-16 15:37:07.322,1112,66723.02
2025-11-16 15:37:07.322,1113,65169.12
2025-11-16 15:37:07.322,1114,66150.61
2025-11-16 15:37:07.322,1115,65726.85
2025-11-16 15:37:07.322,1116,66435.75
2025-11-16 15:37:07.322,1117,65586.65
2025-11-16 15:37:07.322,1118,65586.65
2025-11-16 15:37:07.322,1119,65867.58
2025-11-16 15:37:07.322,1120,69101.3
2025-11-16 15:37:07.322,1121,63943.71
2025-11-16 15:37:07.322,1122,56912.64
2025-11-16 15:37:07.322,1123,65307.78
2025-11-16 15:37:07.322,1124,64347.73
2025-11-16 15:37:07.322,1125,64212.57
2025-11-16 15:37:07.322,1126,64619.52
2025-11-16 15:37:07.322,1127,60253.01
2025-11-16 15:37:07.322,1128,63280.01
2025-11-16 15:37:07.322,1129,62628.1
2025-11-16 15:37:07.322,1130,60132.29
2025-11-16 15:37:07.322,1131,62628.1
2025-11-16 15:37:07.322,1132,63676.8
2025-11-16 15:37:07.322,1133,66292.91
2025-11-16 15:37:07.322,1134,61483.39
2025-11-16 15:37:07.322,1135,72958.16
2025-11-16 15:37:07.322,1136,143859.97
2025-11-16 15:37:07.322,1137,65307.78
2025-11-16 15:37:07.322,1138,63943.71
2025-11-16 15:37:07.322,1139,63411.8
2025-11-16 15:37:07.322,1140,66150.61
2025-11-16 15:37:07.322,1141,61860.94
2025-11-16 15:37:07.322,1142,73296.59
2025-11-16 15:37:07.322,1143,81508.11
2025-11-16 15:37:07.322,1144,383721.19
2025-11-16 15:37:07.322,1145,98811.18
2025-11-16 15:37:07.322,1146,762705.19
2025-11-16 15:37:07.322,1147,66435.75
2025-11-16 15:37:07.322,1148,112877.99
2025-11-16 15:37:07.322,1149,122431.63
2025-11-16 15:37:07.322,1150,122431.63
2025-11-16 15:37:07.322,1151,122431.63
2025-11-16 15:37:07.322,1152,134100.34
2025-11-16 15:37:07.322,1153,134609.98
2025-11-16 15:37:07.322,1154,134609.98
2025-11-16 15:37:07.322,1155,132592.78
2025-11-16 15:37:07.322,1156,132592.78
2025-11-16 15:37:07.322,1157,132592.78
2025-11-16 15:37:07.322,1158,135640.13
2025-11-16 15:37:07.322,1159,129670.22
2025-11-16 15:37:07.322,1160,135123.23
2025-11-16 15:37:07.322,1161,128722.46
2025-11-16 15:37:07.322,1162,132592.78
2025-11-16 15:37:07.322,1163,132592.78
2025-11-16 15:37:07.322,1164,134609.98
2025-11-16 15:37:07.322,1165,136685.03
2025-11-16 15:37:07.322,1166,139364.05
2025-11-16 15:37:07.322,1167,125954.73
2025-11-16 15:37:07.322,1168,139911.63
2025-11-16 15:37:07.322,1169,128722.46
2025-11-16 15:37:07.322,1170,128722.46
2025-11-16 15:37:07.322,1171,146809.88
2025-11-16 15:37:07.322,1172,137745.05
2025-11-16 15:37:07.322,1173,139911.63
2025-11-16 15:37:07.322,1174,133594.3
2025-11-16 15:37:07.322,1175,137213.13
2025-11-16 15:37:07.322,1176,128722.46
2025-11-16 15:37:07.322,1177,127787.46
2025-11-16 15:37:07.322,1178,133594.3
2025-11-16 15:37:07.322,1179,128253.38
2025-11-16 15:37:07.322,1180,115134.95
2025-11-16 15:37:07.322,1181,137213.13
2025-11-16 15:37:07.322,1182,128722.46
2025-11-16 15:37:07.322,1183,158434.67
2025-11-16 15:37:07.322,1184,300178.03
2025-11-16 15:37:07.322,1185,125056.52
2025-11-16 15:37:07.322,1186,121157.05
2025-11-16 15:37:07.322,1187,129670.22
2025-11-16 15:37:07.322,1188,128253.38
2025-11-16 15:37:07.322,1189,119086.36
2025-11-16 15:37:07.322,1190,127787.46
2025-11-16 15:37:07.322,1191,144441.03
2025-11-16 15:37:07.322,1192,762705.19
2025-11-16 15:37:07.322,1193,205453.95
2025-11-16 15:37:07.322,1194,129670.22
2025-11-16 15:37:07.322,1195,129670.22
2025-11-16 15:37:07.322,1196,233684.53
2025-11-16 15:37:07.322,1197,264774.34
2025-11-16 15:37:07.322,1198,264774.34
2025-11-16 15:37:07.322,1199,264774.34
2025-11-16 15:37:07.322,1200,880309.75
2025-11-16 15:37:07.322,1201,900097.25
2025-11-16 15:37:07.322,1202,942433.13
2025-11-16 15:37:07.322,1203,942433.13
2025-11-16 15:37:07.322,1204,880309.75
2025-11-16 15:37:07.322,1205,965113.19
2025-11-16 15:37:07.322,1206,793012.25
2025-11-16 15:37:07.322,1207,965113.19
2025-11-16 15:37:07.322,1208,880309.75
2025-11-16 15:37:07.322,1209,900097.25
2025-11-16 15:37:07.322,1210,861364.44
2025-11-16 15:37:07.322,1211,762705.19
2025-11-16 15:37:07.322,1212,762705.19
2025-11-16 15:37:07.322,1213,900097.25
2025-11-16 15:37:07.322,1214,861364.44
2025-11-16 15:37:07.322,1215,696081.88
2025-11-16 15:37:07.322,1216,793012.25
2025-11-16 15:37:07.322,1217,558763.94
2025-11-16 15:37:07.322,1218,861364.44
2025-11-16 15:37:07.322,1219,793012.25
2025-11-16 15:37:07.322,1220,942433.13
2025-11-16 15:37:07.322,1221,861364.44
2025-11-16 15:37:07.322,1222,793012.25
2025-11-16 15:37:07.322,1223,777567.38
2025-11-16 15:37:07.322,1224,861364.44
2025-11-16 15:37:07.322,1225,708471.5
2025-11-16 15:37:07.322,1226,793012.25
2025-11-16 15:37:07.322,1227,793012.25
2025-11-16 15:37:07.322,1228,762705.19
2025-11-16 15:37:07.322,1229,748393.56
2025-11-16 15:37:07.322,1230,734602.25
2025-11-16 15:37:07.322,1231,861364.44
2025-11-16 15:37:07.322,1232,900097.25
2025-11-16 15:37:07.322,1233,900097.25
2025-11-16 15:37:07.322,1234,734602.25
2025-11-16 15:37:07.322,1235,793012.25
2025-11-16 15:37:07.322,1236,734602.25
2025-11-16 15:37:07.322,1237,734602.25
2025-11-16 15:37:07.322,1238,900097.25
2025-11-16 15:37:07.322,1239,777567.38
2025-11-16 15:37:07.322,1240,988899.38
2025-11-16 15:37:07.322,1241,988899.38
2025-11-16 15:37:07.322,1242,809075.0
2025-11-16 15:37:07.322,1243,809075.0
2025-11-16 15:37:07.322,1244,942433.13
2025-11-16 15:37:07.322,1245,123731.21
2025-11-16 15:37:07.322,1246,123731.21
2025-11-16 15:37:07.322,1247,123731.21
2025-11-16 15:37:07.322,1248,123731.21
2025-11-16 15:37:07.322,1249,120320.87
2025-11-16 15:37:07.322,1250,118276.26
2025-11-16 15:37:07.322,1251,118276.26
2025-11-16 15:37:07.322,1252,121579.19
2025-11-16 15:37:07.322,1253,121157.05
2025-11-16 15:37:07.322,1254,119086.36
2025-11-16 15:37:07.322,1255,120737.61
2025-11-16 15:37:07.322,1256,121579.19
2025-11-16 15:37:07.322,1257,114373.48
2025-11-16 15:37:07.322,1258,114753.04
2025-11-16 15:37:07.322,1259,119086.36
2025-11-16 15:37:07.322,1260,110700.96
2025-11-16 15:37:07.322,1261,114373.48
2025-11-16 15:37:07.322,1262,115905.77
2025-11-16 15:37:07.322,1263,119906.74
2025-11-16 15:37:07.322,1264,125954.73
2025-11-16 15:37:07.322,1265,105255.28
2025-11-16 15:37:07.322,1266,97948.88
2025-11-16 15:37:07.322,1267,121579.19
2025-11-16 15:37:07.322,1268,115519.18
2025-11-16 15:37:07.322,1269,119906.74
2025-11-16 15:37:07.322,1270,114373.48
2025-11-16 15:37:07.322,1271,114373.48
2025-11-16 15:37:07.322,1272,118276.26
2025-11-16 15:37:07.322,1273,112877.99
2025-11-16 15:37:07.322,1274,132592.78
2025-11-16 15:37:07.322,1275,125504.14
2025-11-16 15:37:07.322,1276,112877.99
2025-11-16 15:37:07.322,1277,115905.77
2025-11-16 15:37:07.322,1278,110700.96
2025-11-16 15:37:07.322,1279,120737.61
2025-11-16 15:37:07.322,1280,230816.17
2025-11-16 15:37:07.322,1281,115134.95
2025-11-16 15:37:07.322,1282,119495.26
2025-11-16 15:37:07.322,1283,128722.46
2025-11-16 15:37:07.322,1284,115519.18
2025-11-16 15:37:07.322,1285,110345.59
2025-11-16 15:37:07.322,1286,130631.02
2025-11-16 15:37:07.322,1287,157058.67
2025-11-16 15:37:07.322,1288,672541.69
2025-11-16 15:37:07.322,1289,170315.53
2025-11-16 15:37:07.322,1290,128722.46
2025-11-16 15:37:07.322,1291,128722.46
2025-11-16 15:37:07.322,1292,183082.55
2025-11-16 15:37:07.322,1293,210090.06
2025-11-16 15:37:07.322,1294,210090.06
2025-11-16 15:37:07.322,1295,210090.06
2025-11-16 15:37:07.322,1296,59772.61
2025-11-16 15:37:07.322,1297,60374.14
2025-11-16 15:37:07.322,1298,61233.89
2025-11-16 15:37:07.322,1299,58484.71
2025-11-16 15:37:07.322,1300,59416.6
2025-11-16 15:37:07.322,1301,58484.71
2025-11-16 15:37:07.322,1302,59181.26
2025-11-16 15:37:07.322,1303,59772.61
2025-11-16 15:37:07.322,1304,59892.09
2025-11-16 15:37:07.322,1305,58255.64
2025-11-16 15:37:07.322,1306,58715.34
2025-11-16 15:37:07.322,1307,56476.62
2025-11-16 15:37:07.322,1308,59653.54
2025-11-16 15:37:07.322,1309,58484.71
2025-11-16 15:37:07.322,1310,58715.34
2025-11-16 15:37:07.322,1311,59416.6
2025-11-16 15:37:07.322,1312,63810.02
2025-11-16 15:37:07.322,1313,59181.26
2025-11-16 15:37:07.322,1314,56912.64
2025-11-16 15:37:07.322,1315,61987.67
2025-11-16 15:37:07.322,1316,61608.8
2025-11-16 15:37:07.322,1317,63280.01
2025-11-16 15:37:07.322,1318,59416.6
2025-11-16 15:37:07.322,1319,60617.66
2025-11-16 15:37:07.322,1320,58947.51
2025-11-16 15:37:07.322,1321,51009.33
2025-11-16 15:37:07.322,1322,63411.8
2025-11-16 15:37:07.322,1323,60374.14
2025-11-16 15:37:07.322,1324,55201.96
2025-11-16 15:37:07.322,1325,59653.54
2025-11-16 15:37:07.322,1326,54176.42
2025-11-16 15:37:07.322,1327,63411.8
2025-11-16 15:37:07.322,1328,119495.26
2025-11-16 15:37:07.322,1329,56046.25
2025-11-16 15:37:07.322,1330,54787.84
2025-11-16 15:37:07.322,1331,61734.65
2025-11-16 15:37:07.322,1332,54480.68
2025-11-16 15:37:07.322,1333,52029.78
2025-11-16 15:37:07.322,1334,57802.03
2025-11-16 15:37:07.322,1335,80294.42
2025-11-16 15:37:07.322,1336,379970.25
2025-11-16 15:37:07.322,1337,89777.44
2025-11-16 15:37:07.322,1338,550970.88
2025-11-16 15:37:07.322,1339,63411.8
2025-11-16 15:37:07.322,1340,99687.32
2025-11-16 15:37:07.322,1341,107576.14
2025-11-16 15:37:07.322,1342,107576.14
2025-11-16 15:37:07.322,1343,107576.14
2025-11-16 15:37:07.322,1344,35640.36
2025-11-16 15:37:07.322,1345,34396.74
2025-11-16 15:37:07.322,1346,34591.16
2025-11-16 15:37:07.322,1347,33823.5
2025-11-16 15:37:07.322,1348,33403.16
2025-11-16 15:37:07.322,1349,33776.39
2025-11-16 15:37:07.322,1350,33588.98
2025-11-16 15:37:07.322,1351,33635.68
2025-11-16 15:37:07.322,1352,33823.5
2025-11-16 15:37:07.322,1353,33682.49
2025-11-16 15:37:07.322,1354,34108.26
2025-11-16 15:37:07.322,1355,34060.55
2025-11-16 15:37:07.322,1356,33918.01
2025-11-16 15:37:07.322,1357,33682.49
2025-11-16 15:37:07.322,1358,35034.87
2025-11-16 15:37:07.322,1359,34156.08
2025-11-16 15:37:07.322,1360,36473.41
2025-11-16 15:37:07.322,1361,33127.38
2025-11-16 15:37:07.322,1362,32320.6
2025-11-16 15:37:07.322,1363,37613.93
2025-11-16 15:37:07.322,1364,36473.41
2025-11-16 15:37:07.322,1365,36686.43
2025-11-16 15:37:07.322,1366,34156.08
2025-11-16 15:37:07.322,1367,36262.32
2025-11-16 15:37:07.322,1368,34252.03
2025-11-16 15:37:07.322,1369,29603.42
2025-11-16 15:37:07.322,1370,39523.48
2025-11-16 15:37:07.322,1371,36053.13
2025-11-16 15:37:07.322,1372,33310.84
2025-11-16 15:37:07.322,1373,35742.86
2025-11-16 15:37:07.322,1374,31928.39
2025-11-16 15:37:07.322,1375,36847.48
2025-11-16 15:37:07.322,1376,74678.3
2025-11-16 15:37:07.322,1377,32945.45
2025-11-16 15:37:07.322,1378,32586.16
2025-11-16 15:37:07.322,1379,36955.46
2025-11-16 15:37:07.322,1380,32855.06
2025-11-16 15:37:07.322,1381,32675.42
2025-11-16 15:37:07.322,1382,36053.13
2025-11-16 15:37:07.322,1383,48810.25
2025-11-16 15:37:07.322,1384,217430.56
2025-11-16 15:37:07.322,1385,51935.61
2025-11-16 15:37:07.322,1386,430305.09
2025-11-16 15:37:07.322,1387,36053.13
2025-11-16 15:37:07.322,1388,58484.71
2025-11-16 15:37:07.322,1389,66150.61
2025-11-16 15:37:07.322,1390,66150.61
2025-11-16 15:37:07.322,1391,66150.61
2025-11-16 15:37:07.322,1392,36793.67
2025-11-16 15:37:07.322,1393,36001.13
2025-11-16 15:37:07.322,1394,35949.24
2025-11-16 15:37:07.322,1395,35134.67
2025-11-16 15:37:07.322,1396,34836.58
2025-11-16 15:37:07.322,1397,35134.67
2025-11-16 15:37:07.322,1398,34445.18
2025-11-16 15:37:07.322,1399,35234.91
2025-11-16 15:37:07.322,1400,35134.67
2025-11-16 15:37:07.322,1401,34985.13
2025-11-16 15:37:07.322,1402,35184.73
2025-11-16 15:37:07.322,1403,35034.87
2025-11-16 15:37:07.322,1404,34640.03
2025-11-16 15:37:07.322,1405,35034.87
2025-11-16 15:37:07.322,1406,36473.41
2025-11-16 15:37:07.322,1407,35335.6
2025-11-16 15:37:07.322,1408,38348.37
2025-11-16 15:37:07.322,1409,33870.7
2025-11-16 15:37:07.322,1410,34542.39
2025-11-16 15:37:07.322,1411,39283.93
2025-11-16 15:37:07.322,1412,37781.43
2025-11-16 15:37:07.322,1413,38348.37
2025-11-16 15:37:07.322,1414,36262.32
2025-11-16 15:37:07.322,1415,38753.28
2025-11-16 15:37:07.322,1416,36209.84
2025-11-16 15:37:07.322,1417,33776.39
2025-11-16 15:37:07.322,1418,42455.23
2025-11-16 15:37:07.322,1419,38291.07
2025-11-16 15:37:07.322,1420,36001.13
2025-11-16 15:37:07.322,1421,36686.43
2025-11-16 15:37:07.322,1422,34935.51
2025-11-16 15:37:07.322,1423,38120.0
2025-11-16 15:37:07.322,1424,79503.01
2025-11-16 15:37:07.322,1425,35589.29
2025-11-16 15:37:07.322,1426,35335.6
2025-11-16 15:37:07.322,1427,39283.93
2025-11-16 15:37:07.322,1428,35134.67
2025-11-16 15:37:07.322,1429,35034.87
2025-11-16 15:37:07.322,1430,41723.1
2025-11-16 15:37:07.322,1431,51468.98
2025-11-16 15:37:07.322,1432,223932.14
2025-11-16 15:37:07.322,1433,54787.84
2025-11-16 15:37:07.322,1434,483368.97
2025-11-16 15:37:07.322,1435,38348.37
2025-11-16 15:37:07.322,1436,60374.14
2025-11-16 15:37:07.322,1437,68796.0
2025-11-16 15:37:07.322,1438,68796.0
2025-11-16 15:37:07.322,1439,68796.0
2025-11-16 15:37:07.322,1440,35640.36
2025-11-16 15:37:07.322,1441,35335.6
2025-11-16 15:37:07.322,1442,34156.08
2025-11-16 15:37:07.322,1443,33036.22
2025-11-16 15:37:07.322,1444,33870.7
2025-11-16 15:37:07.322,1445,34204.0
2025-11-16 15:37:07.322,1446,34204.0
2025-11-16 15:37:07.322,1447,34108.26
2025-11-16 15:37:07.322,1448,34108.26
2025-11-16 15:37:07.322,1449,34300.16
2025-11-16 15:37:07.322,1450,33870.7
2025-11-16 15:37:07.322,1451,33870.7
2025-11-16 15:37:07.322,1452,34542.39
2025-11-16 15:37:07.322,1453,34060.55
2025-11-16 15:37:07.322,1454,35640.36
2025-11-16 15:37:07.322,1455,34204.0
2025-11-16 15:37:07.322,1456,37447.59
2025-11-16 15:37:07.322,1457,34060.55
2025-11-16 15:37:07.322,1458,33403.16
2025-11-16 15:37:07.322,1459,38405.8
2025-11-16 15:37:07.322,1460,37009.64
2025-11-16 15:37:07.322,1461,37447.59
2025-11-16 15:37:07.322,1462,35184.73
2025-11-16 15:37:07.322,1463,37392.4
2025-11-16 15:37:07.322,1464,35034.87
2025-11-16 15:37:07.322,1465,29071.17
2025-11-16 15:37:07.322,1466,40256.3
2025-11-16 15:37:07.322,1467,36473.41
2025-11-16 15:37:07.322,1468,33635.68
2025-11-16 15:37:07.322,1469,35335.6
2025-11-16 15:37:07.322,1470,32058.32
2025-11-16 15:37:07.322,1471,37613.93
2025-11-16 15:37:07.322,1472,75386.48
2025-11-16 15:37:07.322,1473,32945.45
2025-11-16 15:37:07.322,1474,35742.86
2025-11-16 15:37:07.322,1475,36793.67
2025-11-16 15:37:07.322,1476,32058.32
2025-11-16 15:37:07.322,1477,31628.31
2025-11-16 15:37:07.322,1478,30671.81
2025-11-16 15:37:07.322,1479,48305.81
2025-11-16 15:37:07.322,1480,229407.17
2025-11-16 15:37:07.322,1481,53084.88
2025-11-16 15:37:07.322,1482,444986.13
2025-11-16 15:37:07.322,1483,37558.35
2025-11-16 15:37:07.322,1484,60617.66
2025-11-16 15:37:07.322,1485,71959.17
2025-11-16 15:37:07.322,1486,71959.17
2025-11-16 15:37:07.322,1487,71959.17
2025-11-16 15:37:07.322,1488,30631.22
2025-11-16 15:37:07.322,1489,34542.39
2025-11-16 15:37:07.322,1490,34156.08
2025-11-16 15:37:07.322,1491,33588.98
2025-11-16 15:37:07.322,1492,34060.55
2025-11-16 15:37:07.322,1493,33635.68
2025-11-16 15:37:07.322,1494,33588.98
2025-11-16 15:37:07.322,1495,34300.16
2025-11-16 15:37:07.322,1496,33776.39
2025-11-16 15:37:07.322,1497,29184.02
2025-11-16 15:37:07.322,1498,29449.88
2025-11-16 15:37:07.322,1499,29603.42
2025-11-16 15:37:07.322,1500,29221.78
2025-11-16 15:37:07.322,1501,28847.41
2025-11-16 15:37:07.322,1502,30550.28
2025-11-16 15:37:07.322,1503,29297.52
2025-11-16 15:37:07.322,1504,32189.05
2025-11-16 15:37:07.322,1505,28847.41
2025-11-16 15:37:07.322,1506,28773.39
2025-11-16 15:37:07.322,1507,33403.16
2025-11-16 15:37:07.322,1508,32058.32
2025-11-16 15:37:07.322,1509,32765.05
2025-11-16 15:37:07.322,1510,30917.09
2025-11-16 15:37:07.322,1511,32630.74
2025-11-16 15:37:07.322,1512,29603.42
2025-11-16 15:37:07.322,1513,27977.33
2025-11-16 15:37:07.322,1514,35335.6
2025-11-16 15:37:07.322,1515,31543.36
2025-11-16 15:37:07.322,1516,30071.27
2025-11-16 15:37:07.322,1517,30958.25
2025-11-16 15:37:07.322,1518,28299.01
2025-11-16 15:37:07.322,1519,32586.16
2025-11-16 15:37:07.322,1520,65867.58
2025-11-16 15:37:07.322,1521,28958.97
2025-11-16 15:37:07.322,1522,28480.09
2025-11-16 15:37:07.322,1523,32189.05
2025-11-16 15:37:07.322,1524,28996.3
2025-11-16 15:37:07.322,1525,29297.52
2025-11-16 15:37:07.322,1526,32364.63
2025-11-16 15:37:07.322,1527,43983.32
2025-11-16 15:37:07.322,1528,187749.41
2025-11-16 15:37:07.322,1529,45602.89
2025-11-16 15:37:07.322,1530,383721.19
2025-11-16 15:37:07.322,1531,31713.61
2025-11-16 15:37:07.322,1532,50827.38
2025-11-16 15:37:07.322,1533,59534.86
2025-11-16 15:37:07.322,1534,59534.86
2025-11-16 15:37:07.322,1535,59534.86
2025-11-16 15:37:07.322,1536,26544.65
2025-11-16 15:37:07.322,1537,26544.65
2025-11-16 15:37:07.322,1538,26544.65
2025-11-16 15:37:07.322,1539,26544.65
2025-11-16 15:37:07.322,1540,26544.65
2025-11-16 15:37:07.322,1541,26544.65
2025-11-16 15:37:07.322,1542,26544.65
2025-11-16 15:37:07.322,1543,26544.65
2025-11-16 15:37:07.322,1544,26544.65
2025-11-16 15:37:07.322,1545,26544.65
2025-11-16 15:37:07.322,1546,26544.65
2025-11-16 15:37:07.322,1547,26544.65
2025-11-16 15:37:07.322,1548,26544.65
2025-11-16 15:37:07.322,1549,26544.65
2025-11-16 15:37:07.322,1550,26544.65
2025-11-16 15:37:07.322,1551,26544.65
2025-11-16 15:37:07.322,1552,26544.65
2025-11-16 15:37:07.322,1553,26544.65
2025-11-16 15:37:07.322,1554,26544.65
2025-11-16 15:37:07.322,1555,26544.65
2025-11-16 15:37:07.322,1556,26544.65
2025-11-16 15:37:07.322,1557,26544.65
2025-11-16 15:37:07.322,1558,26544.65
2025-11-16 15:37:07.322,1559,26544.65
2025-11-16 15:37:07.322,1560,26544.65
2025-11-16 15:37:07.322,1561,26544.65
2025-11-16 15:37:07.322,1562,26544.65
2025-11-16 15:37:07.322,1563,26544.65
2025-11-16 15:37:07.322,1564,26544.65
2025-11-16 15:37:07.322,1565,26544.65
2025-11-16 15:37:07.322,1566,26544.65
2025-11-16 15:37:07.322,1567,26544.65
2025-11-16 15:37:07.322,1568,26544.65
2025-11-16 15:37:07.322,1569,26544.65
2025-11-16 15:37:07.322,1570,26544.65
2025-11-16 15:37:07.322,1571,26544.65
2025-11-16 15:37:07.322,1572,26544.65
2025-11-16 15:37:07.322,1573,26544.65
2025-11-16 15:37:07.322,1574,26544.65
2025-11-16 15:37:07.322,1575,26544.65
2025-11-16 15:37:07.322,1576,26544.65
2025-11-16 15:37:07.322,1577,26544.65
2025-11-16 15:37:07.322,1578,26544.65
2025-11-16 15:37:07.322,1579,26544.65
2025-11-16 15:37:07.322,1580,26544.65
2025-11-16 15:37:07.322,1581,26544.65
2025-11-16 15:37:07.322,1582,26544.65
2025-11-16 15:37:07.322,1583,26544.65
2025-11-16 15:37:07.322,1584,26544.65
2025-11-16 15:37:07.322,1585,25963.11
2025-11-16 15:37:07.322,1586,25679.2
2025-11-16 15:37:07.322,1587,24586.87
2025-11-16 15:37:07.322,1588,24973.54
2025-11-16 15:37:07.322,1589,24973.54
2025-11-16 15:37:07.322,1590,25154.93
2025-11-16 15:37:07.322,1591,25523.39
2025-11-16 15:37:07.322,1592,25523.39
2025-11-16 15:37:07.322,1593,25276.9
2025-11-16 15:37:07.322,1594,25523.39
2025-11-16 15:37:07.322,1595,25094.26
2025-11-16 15:37:07.322,1596,25033.8
2025-11-16 15:37:07.322,1597,25033.8
2025-11-16 15:37:07.322,1598,25836.37
2025-11-16 15:37:07.322,1599,25710.52
2025-11-16 15:37:07.322,1600,27695.87
2025-11-16 15:37:07.322,1601,24498.84
2025-11-16 15:37:07.322,1602,23726.24
2025-11-16 15:37:07.322,1603,27941.91
2025-11-16 15:37:07.322,1604,27315.59
2025-11-16 15:37:07.322,1605,27660.98
2025-11-16 15:37:07.322,1606,26283.89
2025-11-16 15:37:07.322,1607,28407.46
2025-11-16 15:37:07.322,1608,25836.37
2025-11-16 15:37:07.322,1609,24324.12
2025-11-16 15:37:07.322,1610,30958.25
2025-11-16 15:37:07.322,1611,27315.59
2025-11-16 15:37:07.322,1612,25963.11
2025-11-16 15:37:07.322,1613,26942.87
2025-11-16 15:37:07.322,1614,25124.57
2025-11-16 15:37:07.322,1615,27800.93
2025-11-16 15:37:07.322,1616,59534.86
2025-11-16 15:37:07.322,1617,25094.26
2025-11-16 15:37:07.322,1618,25773.33
2025-11-16 15:37:07.322,1619,28335.09
2025-11-16 15:37:07.322,1620,25585.55
2025-11-16 15:37:07.322,1621,26026.81
2025-11-16 15:37:07.322,1622,30189.96
2025-11-16 15:37:07.322,1623,39644.14
2025-11-16 15:37:07.322,1624,168739.63
2025-11-16 15:37:07.322,1625,40318.35
2025-11-16 15:37:07.322,1626,379970.25
2025-11-16 15:37:07.322,1627,28191.18
2025-11-16 15:37:07.322,1628,45151.65
2025-11-16 15:37:07.322,1629,965113.19
2025-11-16 15:37:07.322,1630,52600.88
2025-11-16 15:37:07.322,1631,52600.88
2025-11-16 15:37:07.322,1632,24469.6
2025-11-16 15:37:07.322,1633,24324.12
2025-11-16 15:37:07.322,1634,23866.7
2025-11-16 15:37:07.322,1635,23284.46
2025-11-16 15:37:07.322,1636,23838.52
2025-11-16 15:37:07.322,1637,23782.29
2025-11-16 15:37:07.322,1638,23754.24
2025-11-16 15:37:07.322,1639,24036.8
2025-11-16 15:37:07.322,1640,24151.15
2025-11-16 15:37:07.322,1641,23866.7
2025-11-16 15:37:07.322,1642,23810.38
2025-11-16 15:37:07.322,1643,23894.93
2025-11-16 15:37:07.322,1644,23923.21
2025-11-16 15:37:07.322,1645,23923.21
2025-11-16 15:37:07.322,1646,24794.01
2025-11-16 15:37:07.322,1647,24065.32
2025-11-16 15:37:07.322,1648,26090.74
2025-11-16 15:37:07.322,1649,22960.62
2025-11-16 15:37:07.322,1650,23040.99
2025-11-16 15:37:07.322,1651,26875.9
2025-11-16 15:37:07.322,1652,26154.89
2025-11-16 15:37:07.322,1653,26544.65
2025-11-16 15:37:07.322,1654,24764.27
2025-11-16 15:37:07.322,1655,26610.43
2025-11-16 15:37:07.322,1656,24324.12
2025-11-16 15:37:07.322,1657,22486.47
2025-11-16 15:37:07.322,1658,28810.36
2025-11-16 15:37:07.322,1659,25585.55
2025-11-16 15:37:07.322,1660,18679.5
2025-11-16 15:37:07.322,1661,24324.12
2025-11-16 15:37:07.322,1662,19194.97
2025-11-16 15:37:07.322,1663,26219.28
2025-11-16 15:37:07.322,1664,52409.35
2025-11-16 15:37:07.322,1665,19111.26
2025-11-16 15:37:07.322,1666,21577.78
2025-11-16 15:37:07.322,1667,26026.81
2025-11-16 15:37:07.322,1668,17949.02
2025-11-16 15:37:07.322,1669,20442.16
2025-11-16 15:37:07.322,1670,26643.4
2025-11-16 15:37:07.322,1671,35034.87
2025-11-16 15:37:07.322,1672,163434.33
2025-11-16 15:37:07.322,1673,37781.43
2025-11-16 15:37:07.322,1674,339960.47
2025-11-16 15:37:07.322,1675,26090.74
2025-11-16 15:37:07.322,1676,42253.52
2025-11-16 15:37:07.322,1677,50199.01
2025-11-16 15:37:07.322,1678,50199.01
2025-11-16 15:37:07.322,1679,50199.01
2025-11-16 15:37:07.322,1680,36793.67
2025-11-16 15:37:07.322,1681,35949.24
2025-11-16 15:37:07.322,1682,35742.86
2025-11-16 15:37:07.322,1683,33495.87
2025-11-16 15:37:07.322,1684,34935.51
2025-11-16 15:37:07.322,1685,35742.86
2025-11-16 15:37:07.322,1686,35640.36
2025-11-16 15:37:07.322,1687,35234.91
2025-11-16 15:37:07.322,1688,35084.71
2025-11-16 15:37:07.322,1689,35084.71
2025-11-16 15:37:07.322,1690,35335.6
2025-11-16 15:37:07.322,1691,35034.87
2025-11-16 15:37:07.322,1692,34836.58
2025-11-16 15:37:07.322,1693,35084.71
2025-11-16 15:37:07.322,1694,35949.24
2025-11-16 15:37:07.322,1695,34640.03
2025-11-16 15:37:07.322,1696,37392.4
2025-11-16 15:37:07.322,1697,31543.36
2025-11-16 15:37:07.322,1698,34108.26
2025-11-16 15:37:07.322,1699,39283.93
2025-11-16 15:37:07.322,1700,37447.59
2025-11-16 15:37:07.322,1701,38006.61
2025-11-16 15:37:07.322,1702,35949.24
2025-11-16 15:37:07.322,1703,38348.37
2025-11-16 15:37:07.322,1704,35034.87
2025-11-16 15:37:07.322,1705,33081.75
2025-11-16 15:37:07.322,1706,41657.55
2025-11-16 15:37:07.322,1707,36901.41
2025-11-16 15:37:07.322,1708,33776.39
2025-11-16 15:37:07.322,1709,36157.48
2025-11-16 15:37:07.322,1710,32586.16
2025-11-16 15:37:07.322,1711,37781.43
2025-11-16 15:37:07.322,1712,72958.16
2025-11-16 15:37:07.322,1713,33356.95
2025-11-16 15:37:07.322,1714,34935.51
2025-11-16 15:37:07.322,1715,38120.0
2025-11-16 15:37:07.322,1716,30876.0
2025-11-16 15:37:07.322,1717,33127.38
2025-11-16 15:37:07.322,1718,39523.48
2025-11-16 15:37:07.322,1719,50918.22
2025-11-16 15:37:07.322,1720,216173.34
2025-11-16 15:37:07.322,1721,52600.88
2025-11-16 15:37:07.322,1722,450099.75
2025-11-16 15:37:07.322,1723,37118.37
2025-11-16 15:37:07.322,1724,57022.54
2025-11-16 15:37:07.322,1725,68342.44
2025-11-16 15:37:07.322,1726,68342.44
2025-11-16 15:37:07.322,1727,68342.44
2025-11-16 15:37:07.322,1728,26809.18
2025-11-16 15:37:07.322,1729,26219.28
2025-11-16 15:37:07.322,1730,25963.11
2025-11-16 15:37:07.322,1731,25094.26
2025-11-16 15:37:07.322,1732,25647.93
2025-11-16 15:37:07.322,1733,25585.55
2025-11-16 15:37:07.322,1734,25616.71
2025-11-16 15:37:07.322,1735,25994.93
2025-11-16 15:37:07.322,1736,25710.52
2025-11-16 15:37:07.322,1737,25585.55
2025-11-16 15:37:07.322,1738,25963.11
2025-11-16 15:37:07.322,1739,25647.93
2025-11-16 15:37:07.322,1740,25554.44
2025-11-16 15:37:07.322,1741,25710.52
2025-11-16 15:37:07.322,1742,26544.65
2025-11-16 15:37:07.322,1743,25710.52
2025-11-16 15:37:07.322,1744,27626.15
2025-11-16 15:37:07.322,1745,23586.93
2025-11-16 15:37:07.322,1746,23040.99
2025-11-16 15:37:07.322,1747,28335.09
2025-11-16 15:37:07.322,1748,27765.84
2025-11-16 15:37:07.322,1749,27556.69
2025-11-16 15:37:07.322,1750,26090.74
2025-11-16 15:37:07.322,1751,27836.08
2025-11-16 15:37:07.322,1752,25963.11
2025-11-16 15:37:07.322,1753,22486.47
2025-11-16 15:37:07.322,1754,30309.35
2025-11-16 15:37:07.322,1755,26875.9
2025-11-16 15:37:07.322,1756,21700.95
2025-11-16 15:37:07.322,1757,25523.39
2025-11-16 15:37:07.322,1758,21504.34
2025-11-16 15:37:07.322,1759,27765.84
2025-11-16 15:37:07.322,1760,54994.24
2025-11-16 15:37:07.322,1761,22933.92
2025-11-16 15:37:07.322,1762,23951.54
2025-11-16 15:37:07.322,1763,27626.15
2025-11-16 15:37:07.322,1764,21925.08
2025-11-16 15:37:07.322,1765,21553.27
2025-11-16 15:37:07.322,1766,27765.84
2025-11-16 15:37:07.322,1767,37725.46
2025-11-16 15:37:07.322,1768,173552.13
2025-11-16 15:37:07.322,1769,39704.69
2025-11-16 15:37:07.322,1770,365654.84
2025-11-16 15:37:07.322,1771,27315.59
2025-11-16 15:37:07.322,1772,42253.52
2025-11-16 15:37:07.322,1773,809075.0
2025-11-16 15:37:07.322,1774,51841.71
2025-11-16 15:37:07.322,1775,51841.71
2025-11-16 15:37:07.322,1776,26676.44
2025-11-16 15:37:07.322,1777,25710.52
2025-11-16 15:37:07.322,1778,25585.55
2025-11-16 15:37:07.322,1779,24382.16
2025-11-16 15:37:07.322,1780,24675.34
2025-11-16 15:37:07.322,1781,24913.49
2025-11-16 15:37:07.322,1782,24973.54
2025-11-16 15:37:07.322,1783,25033.8
2025-11-16 15:37:07.322,1784,25154.93
2025-11-16 15:37:07.322,1785,25064.0
2025-11-16 15:37:07.322,1786,25215.81
2025-11-16 15:37:07.322,1787,25033.8
2025-11-16 15:37:07.322,1788,25003.64
2025-11-16 15:37:07.322,1789,25033.8
2025-11-16 15:37:07.322,1790,26090.74
2025-11-16 15:37:07.322,1791,25154.93
2025-11-16 15:37:07.322,1792,26610.43
2025-11-16 15:37:07.322,1793,23257.23
2025-11-16 15:37:07.322,1794,22987.37
2025-11-16 15:37:07.322,1795,28191.18
2025-11-16 15:37:07.322,1796,27213.2
2025-11-16 15:37:07.322,1797,27247.26
2025-11-16 15:37:07.322,1798,25836.37
2025-11-16 15:37:07.322,1799,27695.87
2025-11-16 15:37:07.322,1800,25710.52
2025-11-16 15:37:07.322,1801,23040.99
2025-11-16 15:37:07.322,1802,30309.35
2025-11-16 15:37:07.322,1803,26875.9
2025-11-16 15:37:07.322,1804,22408.76
2025-11-16 15:37:07.322,1805,25710.52
2025-11-16 15:37:07.322,1806,22408.76
2025-11-16 15:37:07.322,1807,27695.87
2025-11-16 15:37:07.322,1808,56693.92
2025-11-16 15:37:07.322,1809,23175.81
2025-11-16 15:37:07.322,1810,24266.27
2025-11-16 15:37:07.322,1811,27730.82
2025-11-16 15:37:07.322,1812,21528.79
2025-11-16 15:37:07.322,1813,19794.65
2025-11-16 15:37:07.322,1814,27906.57
2025-11-16 15:37:07.322,1815,37063.94
2025-11-16 15:37:07.322,1816,176906.95
2025-11-16 15:37:07.322,1817,39403.42
2025-11-16 15:37:07.322,1818,362238.63
2025-11-16 15:37:07.322,1819,27591.39
2025-11-16 15:37:07.322,1820,44854.87
2025-11-16 15:37:07.322,1821,942433.13
2025-11-16 15:37:07.322,1822,52987.48
2025-11-16 15:37:07.322,1823,52987.48
2025-11-16 15:37:07.322,1824,33776.39
2025-11-16 15:37:07.322,1825,32720.19
2025-11-16 15:37:07.322,1826,31885.26
2025-11-16 15:37:07.322,1827,31374.49
2025-11-16 15:37:07.322,1828,32058.32
2025-11-16 15:37:07.322,1829,31543.36
2025-11-16 15:37:07.322,1830,31501.02
2025-11-16 15:37:07.322,1831,32232.81
2025-11-16 15:37:07.322,1832,32145.38
2025-11-16 15:37:07.322,1833,31756.39
2025-11-16 15:37:07.322,1834,32058.32
2025-11-16 15:37:07.322,1835,31971.61
2025-11-16 15:37:07.322,1836,31713.61
2025-11-16 15:37:07.322,1837,32058.32
2025-11-16 15:37:07.322,1838,32855.06
2025-11-16 15:37:07.322,1839,32145.38
2025-11-16 15:37:07.322,1840,34542.39
2025-11-16 15:37:07.322,1841,29297.52
2025-11-16 15:37:07.322,1842,29526.5
2025-11-16 15:37:07.322,1843,34542.39
2025-11-16 15:37:07.322,1844,34300.16
2025-11-16 15:37:07.322,1845,34252.03
2025-11-16 15:37:07.322,1846,32276.66
2025-11-16 15:37:07.322,1847,34738.09
2025-11-16 15:37:07.322,1848,32320.6
2025-11-16 15:37:07.322,1849,28921.71
2025-11-16 15:37:07.322,1850,38233.91
2025-11-16 15:37:07.322,1851,33776.39
2025-11-16 15:37:07.322,1852,30550.28
2025-11-16 15:37:07.322,1853,32765.05
2025-11-16 15:37:07.322,1854,28048.35
2025-11-16 15:37:07.322,1855,34640.03
2025-11-16 15:37:07.322,1856,63676.8
2025-11-16 15:37:07.322,1857,29603.42
2025-11-16 15:37:07.322,1858,32810.01
2025-11-16 15:37:07.322,1859,35134.67
2025-11-16 15:37:07.322,1860,30309.35
2025-11-16 15:37:07.322,1861,29449.88
2025-11-16 15:37:07.322,1862,35234.91
2025-11-16 15:37:07.322,1863,46527.84
2025-11-16 15:37:07.322,1864,213700.14
2025-11-16 15:37:07.322,1865,48725.57
2025-11-16 15:37:07.322,1866,439984.91
2025-11-16 15:37:07.322,1867,34156.08
2025-11-16 15:37:07.322,1868,49670.62
2025-11-16 15:37:07.322,1869,988899.38
2025-11-16 15:37:07.322,1870,63676.8
2025-11-16 15:37:07.322,1871,63676.8
2025-11-16 15:37:07.322,1872,27871.29
2025-11-16 15:37:07.322,1873,27556.69
2025-11-16 15:37:07.322,1874,26875.9
2025-11-16 15:37:07.322,1875,26479.11
2025-11-16 15:37:07.322,1876,26610.43
2025-11-16 15:37:07.322,1877,26809.18
2025-11-16 15:37:07.322,1878,26875.9
2025-11-16 15:37:07.322,1879,27043.79
2025-11-16 15:37:07.322,1880,26709.53
2025-11-16 15:37:07.322,1881,26610.43
2025-11-16 15:37:07.322,1882,26742.69
2025-11-16 15:37:07.322,1883,26742.69
2025-11-16 15:37:07.322,1884,26842.51
2025-11-16 15:37:07.322,1885,26842.51
2025-11-16 15:37:07.322,1886,27800.93
2025-11-16 15:37:07.322,1887,26676.44
2025-11-16 15:37:07.322,1888,28921.71
2025-11-16 15:37:07.322,1889,25003.64
2025-11-16 15:37:07.322,1890,24794.01
2025-11-16 15:37:07.322,1891,29641.99
2025-11-16 15:37:07.322,1892,28773.39
2025-11-16 15:37:07.322,1893,28847.41
2025-11-16 15:37:07.322,1894,27077.54
2025-11-16 15:37:07.322,1895,28847.41
2025-11-16 15:37:07.322,1896,26809.18
2025-11-16 15:37:07.322,1897,22357.16
2025-11-16 15:37:07.322,1898,31628.31
2025-11-16 15:37:07.322,1899,27871.29
2025-11-16 15:37:07.322,1900,24122.49
2025-11-16 15:37:07.322,1901,26809.18
2025-11-16 15:37:07.322,1902,21504.34
2025-11-16 15:37:07.322,1903,28884.52
2025-11-16 15:37:07.322,1904,56153.31
2025-11-16 15:37:07.322,1905,24528.13
2025-11-16 15:37:07.322,1906,27556.69
2025-11-16 15:37:07.322,1907,29297.52
2025-11-16 15:37:07.322,1908,24179.86
2025-11-16 15:37:07.322,1909,23421.27
2025-11-16 15:37:07.322,1910,28155.37
2025-11-16 15:37:07.322,1911,39644.14
2025-11-16 15:37:07.322,1912,181276.86
2025-11-16 15:37:07.322,1913,41526.96
2025-11-16 15:37:07.322,1914,383721.19
2025-11-16 15:37:07.322,1915,28662.88
2025-11-16 15:37:07.322,1916,42590.57
2025-11-16 15:37:07.322,1917,793012.25
2025-11-16 15:37:07.322,1918,54480.68
2025-11-16 15:37:07.322,1919,54480.68
2025-11-16 15:37:07.322,1920,762705.19
2025-11-16 15:37:07.322,1921,684112.31
2025-11-16 15:37:07.322,1922,900097.25
2025-11-16 15:37:07.322,1923,748393.56
2025-11-16 15:37:07.322,1924,721303.56
2025-11-16 15:37:07.322,1925,640033.69
2025-11-16 15:37:07.322,1926,793012.25
2025-11-16 15:37:07.322,1927,942433.13
2025-11-16 15:37:07.322,1928,748393.56
2025-11-16 15:37:07.322,1929,734602.25
2025-11-16 15:37:07.322,1930,734602.25
2025-11-16 15:37:07.322,1931,575017.88
2025-11-16 15:37:07.322,1932,988899.38
2025-11-16 15:37:07.322,1933,793012.25
2025-11-16 15:37:07.322,1934,861364.44
2025-11-16 15:37:07.322,1935,762705.19
2025-11-16 15:37:07.322,1936,762705.19
2025-11-16 15:37:07.322,1937,861364.44
2025-11-16 15:37:07.322,1938,880309.75
2025-11-16 15:37:07.322,1939,861364.44
2025-11-16 15:37:07.322,1940,861364.44
2025-11-16 15:37:07.322,1941,942433.13
2025-11-16 15:37:07.322,1942,900097.25
2025-11-16 15:37:07.322,1943,920784.13
2025-11-16 15:37:07.322,1944,661350.38
2025-11-16 15:37:07.322,1945,734602.25
2025-11-16 15:37:07.322,1946,793012.25
2025-11-16 15:37:07.322,1947,861364.44
2025-11-16 15:37:07.322,1948,762705.19
2025-11-16 15:37:07.322,1949,777567.38
2025-11-16 15:37:07.322,1950,696081.88
2025-11-16 15:37:07.322,1951,965113.19
2025-11-16 15:37:07.322,1952,988899.38
2025-11-16 15:37:07.322,1953,708471.5
2025-11-16 15:37:07.322,1954,900097.25
2025-11-16 15:37:07.322,1955,965113.19
2025-11-16 15:37:07.322,1956,861364.44
2025-11-16 15:37:07.322,1957,825793.38
2025-11-16 15:37:07.322,1958,942433.13
2025-11-16 15:37:07.322,1959,900097.25
2025-11-16 15:37:07.322,1960,900097.25
2025-11-16 15:37:07.322,1961,900097.25
2025-11-16 15:37:07.322,1962,900097.25
2025-11-16 15:37:07.322,1963,900097.25
2025-11-16 15:37:07.322,1964,793012.25
2025-11-16 15:37:07.322,1965,32945.45
2025-11-16 15:37:07.322,1966,32945.45
2025-11-16 15:37:07.322,1967,32945.45
2025-11-16 15:37:07.322,1968,32945.45
2025-11-16 15:37:07.322,1969,31885.26
2025-11-16 15:37:07.322,1970,31971.61
2025-11-16 15:37:07.322,1971,30753.24
2025-11-16 15:37:07.322,1972,31713.61
2025-11-16 15:37:07.322,1973,31628.31
2025-11-16 15:37:07.322,1974,31628.31
2025-11-16 15:37:07.322,1975,32014.92
2025-11-16 15:37:07.322,1976,32189.05
2025-11-16 15:37:07.322,1977,31885.26
2025-11-16 15:37:07.322,1978,31040.83
2025-11-16 15:37:07.322,1979,31799.26
2025-11-16 15:37:07.322,1980,31756.39
2025-11-16 15:37:07.322,1981,31543.36
2025-11-16 15:37:07.322,1982,32232.81
2025-11-16 15:37:07.322,1983,31928.39
2025-11-16 15:37:07.322,1984,34156.08
2025-11-16 15:37:07.322,1985,30389.34
2025-11-16 15:37:07.322,1986,29146.33
2025-11-16 15:37:07.322,1987,34985.13
2025-11-16 15:37:07.322,1988,33682.49
2025-11-16 15:37:07.322,1989,35034.87
2025-11-16 15:37:07.322,1990,32765.05
2025-11-16 15:37:07.322,1991,34885.99
2025-11-16 15:37:07.322,1992,32364.63
2025-11-16 15:37:07.322,1993,27906.57
2025-11-16 15:37:07.322,1994,38006.61
2025-11-16 15:37:07.322,1995,33682.49
2025-11-16 15:37:07.322,1996,29914.1
2025-11-16 15:37:07.322,1997,32232.81
2025-11-16 15:37:07.322,1998,26742.69
2025-11-16 15:37:07.322,1999,34445.18
2025-11-16 15:37:07.322,2000,62114.86
2025-11-16 15:37:07.322,2001,28553.0
2025-11-16 15:37:07.322,2002,35742.86
2025-11-16 15:37:07.322,2003,35034.87
2025-11-16 15:37:07.322,2004,28996.3
2025-11-16 15:37:07.322,2005,28921.71
2025-11-16 15:37:07.322,2006,34493.74
2025-11-16 15:37:07.322,2007,47241.95
2025-11-16 15:37:07.322,2008,212483.69
2025-11-16 15:37:07.322,2009,47728.11
2025-11-16 15:37:07.322,2010,483368.97
2025-11-16 15:37:07.322,2011,34156.08
2025-11-16 15:37:07.322,2012,49065.75
2025-11-16 15:37:07.322,2013,63411.8
2025-11-16 15:37:07.322,2014,63411.8
2025-11-16 15:37:07.322,2015,63411.8
2025-11-16 15:37:07.322,2016,900097.25
2025-11-16 15:37:07.322,2017,734602.25
2025-11-16 15:37:07.322,2018,762705.19
2025-11-16 15:37:07.322,2019,762705.19
2025-11-16 15:37:07.322,2020,734602.25
2025-11-16 15:37:07.322,2021,777567.38
2025-11-16 15:37:07.322,2022,734602.25
2025-11-16 15:37:07.322,2023,880309.75
2025-11-16 15:37:07.322,2024,777567.38
2025-11-16 15:37:07.322,2025,684112.31
2025-11-16 15:37:07.322,2026,762705.19
2025-11-16 15:37:07.322,2027,762705.19
2025-11-16 15:37:07.322,2028,762705.19
2025-11-16 15:37:07.322,2029,734602.25
2025-11-16 15:37:07.322,2030,793012.25
2025-11-16 15:37:07.322,2031,748393.56
2025-11-16 15:37:07.322,2032,861364.44
2025-11-16 15:37:07.322,2033,734602.25
2025-11-16 15:37:07.322,2034,672541.69
2025-11-16 15:37:07.322,2035,920784.13
2025-11-16 15:37:07.322,2036,762705.19
2025-11-16 15:37:07.322,2037,809075.0
2025-11-16 15:37:07.322,2038,762705.19
2025-11-16 15:37:07.322,2039,762705.19
2025-11-16 15:37:07.322,2040,592227.94
2025-11-16 15:37:07.322,2041,521823.06
2025-11-16 15:37:07.322,2042,583498.19
2025-11-16 15:37:07.322,2043,583498.19
2025-11-16 15:37:07.322,2044,550970.88
2025-11-16 15:37:07.322,2045,575017.88
2025-11-16 15:37:07.322,2046,566776.38
2025-11-16 15:37:07.322,2047,777567.38
2025-11-16 15:37:07.322,2048,793012.25
2025-11-16 15:37:07.322,2049,528822.38
2025-11-16 15:37:07.322,2050,661350.38
2025-11-16 15:37:07.322,2051,684112.31
2025-11-16 15:37:07.322,2052,450099.75
2025-11-16 15:37:07.322,2053,421032.91
2025-11-16 15:37:07.322,2054,550970.88
2025-11-16 15:37:07.322,2055,661350.38
2025-11-16 15:37:07.322,2056,566776.38
2025-11-16 15:37:07.322,2057,566776.38
2025-11-16 15:37:07.322,2058,684112.31
2025-11-16 15:37:07.322,2059,684112.31
2025-11-16 15:37:07.322,2060,339960.47
2025-11-16 15:37:07.322,2061,942433.13
2025-11-16 15:37:07.322,2062,942433.13
2025-11-16 15:37:07.322,2063,942433.13
2025-11-16 15:37:07.322,2064,27349.84
2025-11-16 15:37:07.322,2065,26809.18
2025-11-16 15:37:07.322,2066,26348.73
2025-11-16 15:37:07.322,2067,25154.93
2025-11-16 15:37:07.322,2068,26348.73
2025-11-16 15:37:07.322,2069,26251.55
2025-11-16 15:37:07.322,2070,26610.43
2025-11-16 15:37:07.322,2071,26610.43
2025-11-16 15:37:07.322,2072,26809.18
2025-11-16 15:37:07.322,2073,26479.11
2025-11-16 15:37:07.322,2074,26610.43
2025-11-16 15:37:07.322,2075,26676.44
2025-11-16 15:37:07.322,2076,26809.18
2025-11-16 15:37:07.322,2077,26875.9
2025-11-16 15:37:07.322,2078,27349.84
2025-11-16 15:37:07.322,2079,26775.9
2025-11-16 15:37:07.322,2080,28443.74
2025-11-16 15:37:07.322,2081,21166.06
2025-11-16 15:37:07.322,2082,25003.64
2025-11-16 15:37:07.322,2083,29449.88
2025-11-16 15:37:07.322,2084,28996.3
2025-11-16 15:37:07.322,2085,29146.33
2025-11-16 15:37:07.322,2086,27906.57
2025-11-16 15:37:07.322,2087,29992.53
2025-11-16 15:37:07.322,2088,27660.98
2025-11-16 15:37:07.322,2089,26577.51
2025-11-16 15:37:07.322,2090,32945.45
2025-11-16 15:37:07.322,2091,29526.5
2025-11-16 15:37:07.322,2092,27145.25
2025-11-16 15:37:07.322,2093,28263.01
2025-11-16 15:37:07.322,2094,26479.11
2025-11-16 15:37:07.322,2095,29449.88
2025-11-16 15:37:07.322,2096,63411.8
2025-11-16 15:37:07.322,2097,26742.69
2025-11-16 15:37:07.322,2098,31713.61
2025-11-16 15:37:07.322,2099,30712.49
2025-11-16 15:37:07.322,2100,26742.69
2025-11-16 15:37:07.322,2101,27077.54
2025-11-16 15:37:07.322,2102,32541.67
2025-11-16 15:37:07.322,2103,41854.7
2025-11-16 15:37:07.322,2104,182175.47
2025-11-16 15:37:07.322,2105,41397.01
2025-11-16 15:37:07.322,2106,528822.38
2025-11-16 15:37:07.322,2107,28810.36
2025-11-16 15:37:07.322,2108,47484.0
2025-11-16 15:37:07.322,2109,900097.25
2025-11-16 15:37:07.322,2110,56260.74
2025-11-16 15:37:07.322,2111,56260.74
2025-11-16 15:37:07.322,2112,536008.31
2025-11-16 15:37:07.322,2113,661350.38
2025-11-16 15:37:07.322,2114,684112.31
2025-11-16 15:37:07.322,2115,550970.88
2025-11-16 15:37:07.322,2116,684112.31
2025-11-16 15:37:07.322,2117,762705.19
2025-11-16 15:37:07.322,2118,684112.31
2025-11-16 15:37:07.322,2119,793012.25
2025-11-16 15:37:07.322,2120,861364.44
2025-11-16 15:37:07.322,2121,684112.31
2025-11-16 15:37:07.322,2122,793012.25
2025-11-16 15:37:07.322,2123,793012.25
2025-11-16 15:37:07.322,2124,762705.19
2025-11-16 15:37:07.322,2125,734602.25
2025-11-16 15:37:07.322,2126,684112.31
2025-11-16 15:37:07.322,2127,734602.25
2025-11-16 15:37:07.322,2128,793012.25
2025-11-16 15:37:07.322,2129,672541.69
2025-11-16 15:37:07.322,2130,734602.25
2025-11-16 15:37:07.322,2131,734602.25
2025-11-16 15:37:07.322,2132,762705.19
2025-11-16 15:37:07.322,2133,734602.25
2025-11-16 15:37:07.322,2134,661350.38
2025-11-16 15:37:07.322,2135,708471.5
2025-11-16 15:37:07.322,2136,684112.31
2025-11-16 15:37:07.322,2137,558763.94
2025-11-16 15:37:07.322,2138,672541.69
2025-11-16 15:37:07.322,2139,640033.69
2025-11-16 15:37:07.322,2140,455329.53
2025-11-16 15:37:07.322,2141,521823.06
2025-11-16 15:37:07.322,2142,558763.94
2025-11-16 15:37:07.322,2143,583498.19
2025-11-16 15:37:07.322,2144,342978.47
2025-11-16 15:37:07.322,2145,477494.09
2025-11-16 15:37:07.322,2146,558763.94
2025-11-16 15:37:07.322,2147,558763.94
2025-11-16 15:37:07.322,2148,566776.38
2025-11-16 15:37:07.322,2149,550970.88
2025-11-16 15:37:07.322,2150,566776.38
2025-11-16 15:37:07.322,2151,566776.38
2025-11-16 15:37:07.322,2152,762705.19
2025-11-16 15:37:07.322,2153,762705.19
2025-11-16 15:37:07.322,2154,650520.19
2025-11-16 15:37:07.322,2155,650520.19
2025-11-16 15:37:07.322,2156,88812.2
2025-11-16 15:37:07.322,2157,708471.5
2025-11-16 15:37:07.322,2158,708471.5
2025-11-16 15:37:07.322,2159,708471.5
2025-11-16 15:37:07.322,2160,734602.25
2025-11-16 15:37:07.322,2161,696081.88
2025-11-16 15:37:07.322,2162,734602.25
2025-11-16 15:37:07.322,2163,684112.31
2025-11-16 15:37:07.322,2164,684112.31
2025-11-16 15:37:07.322,2165,661350.38
2025-11-16 15:37:07.322,2166,708471.5
2025-11-16 15:37:07.322,2167,721303.56
2025-11-16 15:37:07.322,2168,734602.25
2025-11-16 15:37:07.322,2169,734602.25
2025-11-16 15:37:07.322,2170,734602.25
2025-11-16 15:37:07.322,2171,721303.56
2025-11-16 15:37:07.322,2172,708471.5
2025-11-16 15:37:07.322,2173,708471.5
2025-11-16 15:37:07.322,2174,734602.25
2025-11-16 15:37:07.322,2175,684112.31
2025-11-16 15:37:07.322,2176,708471.5
2025-11-16 15:37:07.322,2177,684112.31
2025-11-16 15:37:07.322,2178,825793.38
2025-11-16 15:37:07.322,2179,843208.31
2025-11-16 15:37:07.322,2180,793012.25
2025-11-16 15:37:07.322,2181,684112.31
2025-11-16 15:37:07.322,2182,684112.31
2025-11-16 15:37:07.322,2183,762705.19
2025-11-16 15:37:07.322,2184,708471.5
2025-11-16 15:37:07.322,2185,672541.69
2025-11-16 15:37:07.322,2186,900097.25
2025-11-16 15:37:07.322,2187,748393.56
2025-11-16 15:37:07.322,2188,550970.88
2025-11-16 15:37:07.322,2189,550970.88
2025-11-16 15:37:07.322,2190,489387.19
2025-11-16 15:37:07.322,2191,558763.94
2025-11-16 15:37:07.322,2192,450099.75
2025-11-16 15:37:07.322,2193,566776.38
2025-11-16 15:37:07.322,2194,508356.06
2025-11-16 15:37:07.322,2195,583498.19
2025-11-16 15:37:07.322,2196,550970.88
2025-11-16 15:37:07.322,2197,521823.06
2025-11-16 15:37:07.322,2198,483368.97
2025-11-16 15:37:07.322,2199,696081.88
2025-11-16 15:37:07.322,2200,900097.25
2025-11-16 15:37:07.322,2201,900097.25
2025-11-16 15:37:07.322,2202,684112.31
2025-11-16 15:37:07.322,2203,684112.31
2025-11-16 15:37:07.322,2204,138820.45
2025-11-16 15:37:07.322,2205,696081.88
2025-11-16 15:37:07.322,2206,696081.88
2025-11-16 15:37:07.322,2207,696081.88
2025-11-16 15:37:07.322,2208,317555.0
2025-11-16 15:37:07.322,2209,317555.0
2025-11-16 15:37:07.322,2210,317555.0
2025-11-16 15:37:07.322,2211,317555.0
2025-11-16 15:37:07.322,2212,317555.0
2025-11-16 15:37:07.322,2213,317555.0
2025-11-16 15:37:07.322,2214,317555.0
2025-11-16 15:37:07.322,2215,317555.0
2025-11-16 15:37:07.322,2216,317555.0
2025-11-16 15:37:07.322,2217,317555.0
2025-11-16 15:37:07.322,2218,317555.0
2025-11-16 15:37:07.322,2219,317555.0
2025-11-16 15:37:07.322,2220,317555.0
2025-11-16 15:37:07.322,2221,317555.0
2025-11-16 15:37:07.322,2222,317555.0
2025-11-16 15:37:07.322,2223,317555.0
2025-11-16 15:37:07.322,2224,317555.0
2025-11-16 15:37:07.322,2225,317555.0
2025-11-16 15:37:07.322,2226,317555.0
2025-11-16 15:37:07.322,2227,317555.0
2025-11-16 15:37:07.322,2228,317555.0
2025-11-16 15:37:07.322,2229,317555.0
2025-11-16 15:37:07.322,2230,317555.0
2025-11-16 15:37:07.322,2231,317555.0
2025-11-16 15:37:07.322,2232,317555.0
2025-11-16 15:37:07.322,2233,317555.0
2025-11-16 15:37:07.322,2234,317555.0
2025-11-16 15:37:07.322,2235,317555.0
2025-11-16 15:37:07.322,2236,317555.0
2025-11-16 15:37:07.322,2237,317555.0
2025-11-16 15:37:07.322,2238,317555.0
2025-11-16 15:37:07.322,2239,317555.0
2025-11-16 15:37:07.322,2240,317555.0
2025-11-16 15:37:07.322,2241,317555.0
2025-11-16 15:37:07.322,2242,317555.0
2025-11-16 15:37:07.322,2243,317555.0
2025-11-16 15:37:07.322,2244,317555.0
2025-11-16 15:37:07.322,2245,317555.0
2025-11-16 15:37:07.322,2246,317555.0
2025-11-16 15:37:07.322,2247,317555.0
2025-11-16 15:37:07.322,2248,317555.0
2025-11-16 15:37:07.322,2249,317555.0
2025-11-16 15:37:07.322,2250,317555.0
2025-11-16 15:37:07.322,2251,317555.0
2025-11-16 15:37:07.322,2252,317555.0
2025-11-16 15:37:07.322,2253,317555.0
2025-11-16 15:37:07.322,2254,317555.0
2025-11-16 15:37:07.322,2255,317555.0
2025-11-16 15:37:07.322,2256,317555.0
2025-11-16 15:37:07.322,2257,293282.41
2025-11-16 15:37:07.322,2258,282446.44
2025-11-16 15:37:07.322,2259,328387.41
2025-11-16 15:37:07.322,2260,295546.66
2025-11-16 15:37:07.322,2261,300178.03
2025-11-16 15:37:07.322,2262,297844.91
2025-11-16 15:37:07.322,2263,284551.28
2025-11-16 15:37:07.322,2264,297844.91
2025-11-16 15:37:07.322,2265,293282.41
2025-11-16 15:37:07.322,2266,328387.41
2025-11-16 15:37:07.322,2267,312394.69
2025-11-16 15:37:07.322,2268,314954.38
2025-11-16 15:37:07.322,2269,262941.66
2025-11-16 15:37:07.322,2270,312394.69
2025-11-16 15:37:07.322,2271,288853.09
2025-11-16 15:37:07.322,2272,328387.41
2025-11-16 15:37:07.322,2273,297844.91
2025-11-16 15:37:07.322,2274,297844.91
2025-11-16 15:37:07.322,2275,336993.63
2025-11-16 15:37:07.322,2276,346048.91
2025-11-16 15:37:07.322,2277,346048.91
2025-11-16 15:37:07.322,2278,322883.13
2025-11-16 15:37:07.322,2279,346048.91
2025-11-16 15:37:07.322,2280,297844.91
2025-11-16 15:37:07.322,2281,297844.91
2025-11-16 15:37:07.322,2282,365654.84
2025-11-16 15:37:07.322,2283,358884.03
2025-11-16 15:37:07.322,2284,297844.91
2025-11-16 15:37:07.322,2285,297844.91
2025-11-16 15:37:07.322,2286,293282.41
2025-11-16 15:37:07.322,2287,322883.13
2025-11-16 15:37:07.322,2288,226638.0
2025-11-16 15:37:07.322,2289,300178.03
2025-11-16 15:37:07.322,2290,328387.41
2025-11-16 15:37:07.322,2291,379970.25
2025-11-16 15:37:07.322,2292,336993.63
2025-11-16 15:37:07.322,2293,346048.91
2025-11-16 15:37:07.322,2294,372678.72
2025-11-16 15:37:07.322,2295,430305.09
2025-11-16 15:37:07.322,2296,528822.38
2025-11-16 15:37:07.322,2297,528822.38
2025-11-16 15:37:07.322,2298,395419.56
2025-11-16 15:37:07.322,2299,395419.56
2025-11-16 15:37:07.322,2300,61608.8
2025-11-16 15:37:07.322,2301,521823.06
2025-11-16 15:37:07.322,2302,521823.06
2025-11-16 15:37:07.322,2303,521823.06
2025-11-16 15:37:07.622,0,28371.24
2025-11-16 15:37:07.622,1,35335.6
2025-11-16 15:37:07.622,2,41332.29
2025-11-16 15:37:07.622,3,39644.14
2025-11-16 15:37:07.622,4,40630.89
2025-11-16 15:37:07.622,5,41657.55
2025-11-16 15:37:07.622,6,41854.7
2025-11-16 15:37:07.622,7,41788.82
2025-11-16 15:37:07.622,8,41139.08
2025-11-16 15:37:07.622,9,40630.89
2025-11-16 15:37:07.622,10,41657.55
2025-11-16 15:37:07.622,11,41397.01
2025-11-16 15:37:07.622,12,42053.34
2025-11-16 15:37:07.622,13,41788.82
2025-11-16 15:37:07.622,14,43557.83
2025-11-16 15:37:07.622,15,41657.55
2025-11-16 15:37:07.622,16,41592.18
2025-11-16 15:37:07.622,17,43698.91
2025-11-16 15:37:07.622,18,43698.91
2025-11-16 15:37:07.622,19,44781.16
2025-11-16 15:37:07.622,20,46061.56
2025-11-16 15:37:07.622,21,47001.92
2025-11-16 15:37:07.622,22,42522.82
2025-11-16 15:37:07.622,23,46138.74
2025-11-16 15:37:07.622,24,43417.48
2025-11-16 15:37:07.622,25,43698.91
2025-11-16 15:37:07.622,26,49845.72
2025-11-16 15:37:07.622,27,44707.67
2025-11-16 15:37:07.622,28,44415.61
2025-11-16 15:37:07.622,29,43840.75
2025-11-16 15:37:07.622,30,43911.94
2025-11-16 15:37:07.622,31,45831.29
2025-11-16 15:37:07.622,32,86707.14
2025-11-16 15:37:07.622,33,44415.61
2025-11-16 15:37:07.622,34,49065.75
2025-11-16 15:37:07.622,35,47081.7
2025-11-16 15:37:07.622,36,44928.77
2025-11-16 15:37:07.622,37,45151.65
2025-11-16 15:37:07.622,38,52987.48
2025-11-16 15:37:07.622,39,61608.8
2025-11-16 15:37:07.622,40,322883.13
2025-11-16 15:37:07.622,41,59416.6
2025-11-16 15:37:07.622,42,684112.31
2025-11-16 15:37:07.622,43,45002.86
2025-11-16 15:37:07.622,44,69101.3
2025-11-16 15:37:07.622,45,79896.98
2025-11-16 15:37:07.622,46,79896.98
2025-11-16 15:37:07.622,47,79896.98
2025-11-16 15:37:07.622,48,130148.98
2025-11-16 15:37:07.622,49,128722.46
2025-11-16 15:37:07.622,50,137213.13
2025-11-16 15:37:07.622,51,136160.72
2025-11-16 15:37:07.622,52,136160.72
2025-11-16 15:37:07.622,53,142142.66
2025-11-16 15:37:07.622,54,136685.03
2025-11-16 15:37:07.622,55,138820.45
2025-11-16 15:37:07.622,56,137745.05
2025-11-16 15:37:07.622,57,136685.03
2025-11-16 15:37:07.622,58,136685.03
2025-11-16 15:37:07.622,59,138820.45
2025-11-16 15:37:07.622,60,137745.05
2025-11-16 15:37:07.622,61,136160.72
2025-11-16 15:37:07.622,62,139911.63
2025-11-16 15:37:07.622,63,127324.66
2025-11-16 15:37:07.622,64,119086.36
2025-11-16 15:37:07.622,65,133594.3
2025-11-16 15:37:07.622,66,136160.72
2025-11-16 15:37:07.622,67,125954.73
2025-11-16 15:37:07.622,68,136685.03
2025-11-16 15:37:07.622,69,141018.91
2025-11-16 15:37:07.622,70,135640.13
2025-11-16 15:37:07.622,71,145026.52
2025-11-16 15:37:07.622,72,133594.3
2025-11-16 15:37:07.622,73,133594.3
2025-11-16 15:37:07.622,74,143283.25
2025-11-16 15:37:07.622,75,139364.05
2025-11-16 15:37:07.622,76,129194.73
2025-11-16 15:37:07.622,77,130631.02
2025-11-16 15:37:07.622,78,134609.98
2025-11-16 15:37:07.622,79,144441.03
2025-11-16 15:37:07.622,80,206594.58
2025-11-16 15:37:07.622,81,139364.05
2025-11-16 15:37:07.622,82,143283.25
2025-11-16 15:37:07.622,83,154372.98
2025-11-16 15:37:07.622,84,135640.13
2025-11-16 15:37:07.622,85,135640.13
2025-11-16 15:37:07.622,86,170315.53
2025-11-16 15:37:07.622,87,187749.41
2025-11-16 15:37:07.622,88,942433.13
2025-11-16 15:37:07.622,89,144441.03
2025-11-16 15:37:07.622,90,145616.44
2025-11-16 15:37:07.622,91,145616.44
2025-11-16 15:37:07.622,92,120737.61
2025-11-16 15:37:07.622,93,155036.28
2025-11-16 15:37:07.622,94,155036.28
2025-11-16 15:37:07.622,95,155036.28
2025-11-16 15:37:07.622,96,83604.98
2025-11-16 15:37:07.622,97,85800.06
2025-11-16 15:37:07.622,98,94098.91
2025-11-16 15:37:07.622,99,94364.8
2025-11-16 15:37:07.622,100,92531.65
2025-11-16 15:37:07.622,101,95170.63
2025-11-16 15:37:07.622,102,92789.56
2025-11-16 15:37:07.622,103,93571.2
2025-11-16 15:37:07.622,104,91010.8
2025-11-16 15:37:07.622,105,88573.8
2025-11-16 15:37:07.622,106,92531.65
2025-11-16 15:37:07.622,107,92531.65
2025-11-16 15:37:07.622,108,91512.71
2025-11-16 15:37:07.622,109,90513.82
2025-11-16 15:37:07.622,110,93571.2
2025-11-16 15:37:07.622,111,96820.16
2025-11-16 15:37:07.622,112,83390.98
2025-11-16 15:37:07.622,113,94632.04
2025-11-16 15:37:07.622,114,97664.48
2025-11-16 15:37:07.622,115,93571.2
2025-11-16 15:37:07.622,116,97948.88
2025-11-16 15:37:07.622,117,102712.45
2025-11-16 15:37:07.622,118,93048.8
2025-11-16 15:37:07.622,119,102712.45
2025-11-16 15:37:07.622,120,92531.65
2025-11-16 15:37:07.622,121,97381.57
2025-11-16 15:37:07.622,122,108599.64
2025-11-16 15:37:07.622,123,102712.45
2025-11-16 15:37:07.622,124,97948.88
2025-11-16 15:37:07.622,125,97381.57
2025-11-16 15:37:07.622,126,97948.88
2025-11-16 15:37:07.622,127,100279.32
2025-11-16 15:37:07.622,128,165668.98
2025-11-16 15:37:07.622,129,97664.48
2025-11-16 15:37:07.622,130,103337.61
2025-11-16 15:37:07.622,131,103969.71
2025-11-16 15:37:07.622,132,99101.66
2025-11-16 15:37:07.622,133,99101.66
2025-11-16 15:37:07.622,134,119086.36
2025-11-16 15:37:07.622,135,133594.3
2025-11-16 15:37:07.622,136,762705.19
2025-11-16 15:37:07.622,137,118680.02
2025-11-16 15:37:07.622,138,107238.9
2025-11-16 15:37:07.622,139,107238.9
2025-11-16 15:37:07.622,140,147413.47
2025-11-16 15:37:07.622,141,155704.97
2025-11-16 15:37:07.622,142,155704.97
2025-11-16 15:37:07.622,143,155704.97
2025-11-16 15:37:07.622,144,41920.75
2025-11-16 15:37:07.622,145,41657.55
2025-11-16 15:37:07.622,146,40820.27
2025-11-16 15:37:07.622,147,40756.99
2025-11-16 15:37:07.622,148,40505.41
2025-11-16 15:37:07.622,149,41267.73
2025-11-16 15:37:07.622,150,41657.55
2025-11-16 15:37:07.622,151,41139.08
2025-11-16 15:37:07.622,152,41267.73
2025-11-16 15:37:07.622,153,40883.72
2025-11-16 15:37:07.622,154,41854.7
2025-11-16 15:37:07.622,155,40883.72
2025-11-16 15:37:07.622,156,40256.3
2025-11-16 15:37:07.622,157,41139.08
2025-11-16 15:37:07.622,158,40568.07
2025-11-16 15:37:07.622,159,41397.01
2025-11-16 15:37:07.622,160,23175.81
2025-11-16 15:37:07.622,161,41203.32
2025-11-16 15:37:07.622,162,41788.82
2025-11-16 15:37:07.622,163,36001.13
2025-11-16 15:37:07.622,164,45002.86
2025-11-16 15:37:07.622,165,44928.77
2025-11-16 15:37:07.622,166,39343.6
2025-11-16 15:37:07.622,167,43698.91
2025-11-16 15:37:07.622,168,41723.1
2025-11-16 15:37:07.622,169,42658.5
2025-11-16 15:37:07.622,170,46061.56
2025-11-16 15:37:07.622,171,42794.9
2025-11-16 15:37:07.622,172,42726.61
2025-11-16 15:37:07.622,173,41920.75
2025-11-16 15:37:07.622,174,42053.34
2025-11-16 15:37:07.622,175,44854.87
2025-11-16 15:37:07.622,176,100279.32
2025-11-16 15:37:07.622,177,43277.87
2025-11-16 15:37:07.622,178,47484.0
2025-11-16 15:37:07.622,179,46293.73
2025-11-16 15:37:07.622,180,43417.48
2025-11-16 15:37:07.622,181,43487.57
2025-11-16 15:37:07.622,182,52029.78
2025-11-16 15:37:07.622,183,59772.61
2025-11-16 15:37:07.622,184,268514.44
2025-11-16 15:37:07.622,185,51192.37
2025-11-16 15:37:07.622,186,793012.25
2025-11-16 15:37:07.622,187,44707.67
2025-11-16 15:37:07.622,188,61358.41
2025-11-16 15:37:07.622,189,900097.25
2025-11-16 15:37:07.622,190,70188.73
2025-11-16 15:37:07.622,191,70188.73
2025-11-16 15:37:07.622,192,27660.98
2025-11-16 15:37:07.622,193,27315.59
2025-11-16 15:37:07.622,194,26842.51
2025-11-16 15:37:07.622,195,27281.39
2025-11-16 15:37:07.622,196,26348.73
2025-11-16 15:37:07.622,197,26875.9
2025-11-16 15:37:07.622,198,26577.51
2025-11-16 15:37:07.622,199,26676.44
2025-11-16 15:37:07.622,200,26544.65
2025-11-16 15:37:07.622,201,26479.11
2025-11-16 15:37:07.622,202,26676.44
2025-11-16 15:37:07.622,203,26348.73
2025-11-16 15:37:07.622,204,26742.69
2025-11-16 15:37:07.622,205,26709.53
2025-11-16 15:37:07.622,206,27077.54
2025-11-16 15:37:07.622,207,26610.43
2025-11-16 15:37:07.622,208,17531.99
2025-11-16 15:37:07.622,209,26742.69
2025-11-16 15:37:07.622,210,26875.9
2025-11-16 15:37:07.622,211,19794.65
2025-11-16 15:37:07.622,212,29071.17
2025-11-16 15:37:07.622,213,29411.68
2025-11-16 15:37:07.622,214,22203.33
2025-11-16 15:37:07.622,215,28662.88
2025-11-16 15:37:07.622,216,25804.82
2025-11-16 15:37:07.622,217,27349.84
2025-11-16 15:37:07.622,218,30309.35
2025-11-16 15:37:07.622,219,28480.09
2025-11-16 15:37:07.622,220,27695.87
2025-11-16 15:37:07.622,221,26809.18
2025-11-16 15:37:07.622,222,28155.37
2025-11-16 15:37:07.622,223,28699.64
2025-11-16 15:37:07.622,224,64077.9
2025-11-16 15:37:07.622,225,27906.57
2025-11-16 15:37:07.622,226,28516.51
2025-11-16 15:37:07.622,227,30550.28
2025-11-16 15:37:07.622,228,28773.39
2025-11-16 15:37:07.622,229,29146.33
2025-11-16 15:37:07.622,230,35034.87
2025-11-16 15:37:07.622,231,40256.3
2025-11-16 15:37:07.622,232,195704.14
2025-11-16 15:37:07.622,233,36053.13
2025-11-16 15:37:07.622,234,483368.97
2025-11-16 15:37:07.622,235,28773.39
2025-11-16 15:37:07.622,236,46216.13
2025-11-16 15:37:07.622,237,708471.5
2025-11-16 15:37:07.622,238,49151.41
2025-11-16 15:37:07.622,239,49151.41
2025-11-16 15:37:07.622,240,19406.36
2025-11-16 15:37:07.622,241,19237.01
2025-11-16 15:37:07.622,242,18740.4
2025-11-16 15:37:07.622,243,19363.84
2025-11-16 15:37:07.622,244,18378.83
2025-11-16 15:37:07.622,245,18679.5
2025-11-16 15:37:07.622,246,17949.02
2025-11-16 15:37:07.622,247,18538.4
2025-11-16 15:37:07.622,248,18339.21
2025-11-16 15:37:07.622,249,18418.55
2025-11-16 15:37:07.622,250,18418.55
2025-11-16 15:37:07.622,251,18378.83
2025-11-16 15:37:07.622,252,18498.34
2025-11-16 15:37:07.622,253,18458.39
2025-11-16 15:37:07.622,254,19385.09
2025-11-16 15:37:07.622,255,18339.21
2025-11-16 15:37:07.622,256,18438.46
2025-11-16 15:37:07.622,257,19904.33
2025-11-16 15:37:07.622,258,19491.78
2025-11-16 15:37:07.622,259,18260.31
2025-11-16 15:37:07.622,260,21118.33
2025-11-16 15:37:07.622,261,21553.27
2025-11-16 15:37:07.622,262,19028.03
2025-11-16 15:37:07.622,263,21504.34
2025-11-16 15:37:07.622,264,19577.68
2025-11-16 15:37:07.622,265,20396.61
2025-11-16 15:37:07.622,266,22933.92
2025-11-16 15:37:07.622,267,20952.39
2025-11-16 15:37:07.622,268,20834.94
2025-11-16 15:37:07.622,269,20126.11
2025-11-16 15:37:07.622,270,20464.99
2025-11-16 15:37:07.622,271,20788.21
2025-11-16 15:37:07.622,272,50021.84
2025-11-16 15:37:07.622,273,20238.23
2025-11-16 15:37:07.622,274,21023.29
2025-11-16 15:37:07.622,275,21950.17
2025-11-16 15:37:07.622,276,20928.83
2025-11-16 15:37:07.622,277,21261.97
2025-11-16 15:37:07.622,278,25836.37
2025-11-16 15:37:07.622,279,30150.32
2025-11-16 15:37:07.622,280,153715.0
2025-11-16 15:37:07.622,281,29992.53
2025-11-16 15:37:07.622,282,312394.69
2025-11-16 15:37:07.622,283,20881.81
2025-11-16 15:37:07.622,284,37669.63
2025-11-16 15:37:07.622,285,762705.19
2025-11-16 15:37:07.622,286,39644.14
2025-11-16 15:37:07.622,287,39644.14
2025-11-16 15:37:07.622,288,16165.12
2025-11-16 15:37:07.622,289,16114.59
2025-11-16 15:37:07.622,290,15491.01
2025-11-16 15:37:07.622,291,16014.12
2025-11-16 15:37:07.622,292,15158.95
2025-11-16 15:37:07.622,293,15300.2
2025-11-16 15:37:07.622,294,14942.32
2025-11-16 15:37:07.622,295,15112.21
2025-11-16 15:37:07.622,296,15081.15
2025-11-16 15:37:07.622,297,15019.26
2025-11-16 15:37:07.622,298,15143.35
2025-11-16 15:37:07.622,299,15174.57
2025-11-16 15:37:07.622,300,15174.57
2025-11-16 15:37:07.622,301,15112.21
2025-11-16 15:37:07.622,302,16215.84
2025-11-16 15:37:07.622,303,15268.68
2025-11-16 15:37:07.622,304,17531.99
2025-11-16 15:37:07.622,305,17127.16
2025-11-16 15:37:07.622,306,17346.5
2025-11-16 15:37:07.622,307,18458.39
2025-11-16 15:37:07.622,308,17929.79
2025-11-16 15:37:07.622,309,18478.35
2025-11-16 15:37:07.622,310,16611.29
2025-11-16 15:37:07.622,311,18478.35
2025-11-16 15:37:07.622,312,16751.64
2025-11-16 15:37:07.622,313,17218.13
2025-11-16 15:37:07.622,314,20014.81
2025-11-16 15:37:07.622,315,17346.5
2025-11-16 15:37:07.622,316,17328.08
2025-11-16 15:37:07.622,317,16964.95
2025-11-16 15:37:07.622,318,17018.8
2025-11-16 15:37:07.622,319,17127.16
2025-11-16 15:37:07.622,320,43277.87
2025-11-16 15:37:07.622,321,16911.3
2025-11-16 15:37:07.622,322,17346.5
2025-11-16 15:37:07.622,323,18142.77
2025-11-16 15:37:07.622,324,17531.99
2025-11-16 15:37:07.622,325,17834.04
2025-11-16 15:37:07.622,326,22101.59
2025-11-16 15:37:07.622,327,25963.11
2025-11-16 15:37:07.622,328,141578.7
2025-11-16 15:37:07.622,329,27213.2
2025-11-16 15:37:07.622,330,270422.94
2025-11-16 15:37:07.622,331,17328.08
2025-11-16 15:37:07.622,332,33588.98
2025-11-16 15:37:07.622,333,558763.94
2025-11-16 15:37:07.622,334,35234.91
2025-11-16 15:37:07.622,335,35234.91
2025-11-16 15:37:07.622,336,14684.21
2025-11-16 15:37:07.622,337,14594.37
2025-11-16 15:37:07.622,338,13940.8
2025-11-16 15:37:07.622,339,14387.27
2025-11-16 15:37:07.622,340,13483.07
2025-11-16 15:37:07.622,341,13758.38
2025-11-16 15:37:07.622,342,13619.93
2025-11-16 15:37:07.622,343,13647.49
2025-11-16 15:37:07.622,344,13619.93
2025-11-16 15:37:07.622,345,13592.43
2025-11-16 15:37:07.622,346,13619.93
2025-11-16 15:37:07.622,347,13702.81
2025-11-16 15:37:07.622,348,13647.49
2025-11-16 15:37:07.622,349,13619.93
2025-11-16 15:37:07.622,350,14372.61
2025-11-16 15:37:07.622,351,13619.93
2025-11-16 15:37:07.622,352,15848.37
2025-11-16 15:37:07.622,353,15363.49
2025-11-16 15:37:07.622,354,15555.25
2025-11-16 15:37:07.622,355,16420.69
2025-11-16 15:37:07.622,356,16047.52
2025-11-16 15:37:07.622,357,16769.29
2025-11-16 15:37:07.622,358,14805.01
2025-11-16 15:37:07.622,359,16681.28
2025-11-16 15:37:07.622,360,14744.46
2025-11-16 15:37:07.622,361,15363.49
2025-11-16 15:37:07.622,362,18378.83
2025-11-16 15:37:07.622,363,15636.01
2025-11-16 15:37:07.622,364,15864.85
2025-11-16 15:37:07.622,365,15300.2
2025-11-16 15:37:07.622,366,15331.81
2025-11-16 15:37:07.622,367,15539.16
2025-11-16 15:37:07.622,368,39644.14
2025-11-16 15:37:07.622,369,15174.57
2025-11-16 15:37:07.622,370,15799.05
2025-11-16 15:37:07.622,371,16300.81
2025-11-16 15:37:07.622,372,15684.7
2025-11-16 15:37:07.622,373,16081.01
2025-11-16 15:37:07.622,374,19794.65
2025-11-16 15:37:07.622,375,23698.29
2025-11-16 15:37:07.622,376,143859.97
2025-11-16 15:37:07.622,377,25094.26
2025-11-16 15:37:07.622,378,242714.52
2025-11-16 15:37:07.622,379,15571.36
2025-11-16 15:37:07.622,380,30550.28
2025-11-16 15:37:07.622,381,558763.94
2025-11-16 15:37:07.622,382,31799.26
2025-11-16 15:37:07.622,383,31799.26
2025-11-16 15:37:07.622,384,14328.73
2025-11-16 15:37:07.622,385,14270.47
2025-11-16 15:37:07.622,386,13633.7
2025-11-16 15:37:07.622,387,14068.74
2025-11-16 15:37:07.622,388,13240.66
2025-11-16 15:37:07.622,389,13401.71
2025-11-16 15:37:07.622,390,13334.34
2025-11-16 15:37:07.622,391,13401.71
2025-11-16 15:37:07.622,392,13280.71
2025-11-16 15:37:07.622,393,13200.74
2025-11-16 15:37:07.622,394,13320.91
2025-11-16 15:37:07.622,395,13294.1
2025-11-16 15:37:07.622,396,13401.71
2025-11-16 15:37:07.622,397,13240.66
2025-11-16 15:37:07.622,398,14198.04
2025-11-16 15:37:07.622,399,13401.71
2025-11-16 15:37:07.622,400,15587.49
2025-11-16 15:37:07.622,401,15065.65
2025-11-16 15:37:07.622,402,15268.68
2025-11-16 15:37:07.622,403,16317.87
2025-11-16 15:37:07.622,404,15782.65
2025-11-16 15:37:07.622,405,16403.5
2025-11-16 15:37:07.622,406,14654.19
2025-11-16 15:37:07.622,407,16352.05
2025-11-16 15:37:07.622,408,14609.3
2025-11-16 15:37:07.622,409,15143.35
2025-11-16 15:37:07.622,410,18359.01
2025-11-16 15:37:07.622,411,15684.7
2025-11-16 15:37:07.622,412,15555.25
2025-11-16 15:37:07.622,413,15050.17
2025-11-16 15:37:07.622,414,15143.35
2025-11-16 15:37:07.622,415,15205.86
2025-11-16 15:37:07.622,416,39704.69
2025-11-16 15:37:07.622,417,14744.46
2025-11-16 15:37:07.622,418,15652.22
2025-11-16 15:37:07.622,419,16232.79
2025-11-16 15:37:07.622,420,15636.01
2025-11-16 15:37:07.622,421,15848.37
2025-11-16 15:37:07.622,422,19707.48
2025-11-16 15:37:07.622,423,23366.42
2025-11-16 15:37:07.622,424,142710.81
2025-11-16 15:37:07.622,425,24498.84
2025-11-16 15:37:07.622,426,250766.73
2025-11-16 15:37:07.622,427,15347.64
2025-11-16 15:37:07.622,428,30876.0
2025-11-16 15:37:07.622,429,558763.94
2025-11-16 15:37:07.622,430,32145.38
2025-11-16 15:37:07.622,431,32145.38
2025-11-16 15:37:07.622,432,14255.95
2025-11-16 15:37:07.622,433,14198.04
2025-11-16 15:37:07.622,434,13455.89
2025-11-16 15:37:07.622,435,13983.3
2025-11-16 15:37:07.622,436,13134.51
2025-11-16 15:37:07.622,437,13401.71
2025-11-16 15:37:07.622,438,13254.0
2025-11-16 15:37:07.622,439,13294.1
2025-11-16 15:37:07.622,440,13254.0
2025-11-16 15:37:07.622,441,13320.91
2025-11-16 15:37:07.622,442,13401.71
2025-11-16 15:37:07.622,443,13294.1
2025-11-16 15:37:07.622,444,13320.91
2025-11-16 15:37:07.622,445,13254.0
2025-11-16 15:37:07.622,446,14111.69
2025-11-16 15:37:07.622,447,13428.77
2025-11-16 15:37:07.622,448,15652.22
2025-11-16 15:37:07.622,449,15112.21
2025-11-16 15:37:07.622,450,15174.57
2025-11-16 15:37:07.622,451,16249.76
2025-11-16 15:37:07.622,452,15799.05
2025-11-16 15:37:07.622,453,16386.33
2025-11-16 15:37:07.622,454,14579.46
2025-11-16 15:37:07.622,455,16249.76
2025-11-16 15:37:07.622,456,14624.25
2025-11-16 15:37:07.622,457,15174.57
2025-11-16 15:37:07.622,458,17949.02
2025-11-16 15:37:07.622,459,15749.92
2025-11-16 15:37:07.622,460,15603.64
2025-11-16 15:37:07.622,461,15003.83
2025-11-16 15:37:07.622,462,15190.2
2025-11-16 15:37:07.622,463,15127.77
2025-11-16 15:37:07.622,464,40071.08
2025-11-16 15:37:07.622,465,15019.26
2025-11-16 15:37:07.622,466,15491.01
2025-11-16 15:37:07.622,467,15914.42
2025-11-16 15:37:07.622,468,15158.95
2025-11-16 15:37:07.622,469,15799.05
2025-11-16 15:37:07.622,470,19491.78
2025-11-16 15:37:07.622,471,23257.23
2025-11-16 15:37:07.622,472,143283.25
2025-11-16 15:37:07.622,473,24557.47
2025-11-16 15:37:07.622,474,261133.28
2025-11-16 15:37:07.622,475,15174.57
2025-11-16 15:37:07.622,476,30712.49
2025-11-16 15:37:07.622,477,528822.38
2025-11-16 15:37:07.622,478,32232.81
2025-11-16 15:37:07.622,479,32232.81
2025-11-16 15:37:07.622,480,14154.79
2025-11-16 15:37:07.622,481,14097.35
2025-11-16 15:37:07.622,482,13320.91
2025-11-16 15:37:07.622,483,13898.46
2025-11-16 15:37:07.622,484,13055.53
2025-11-16 15:37:07.622,485,13160.96
2025-11-16 15:37:07.622,486,13055.53
2025-11-16 15:37:07.622,487,13174.2
2025-11-16 15:37:07.622,488,13094.96
2025-11-16 15:37:07.622,489,13042.42
2025-11-16 15:37:07.622,490,13108.13
2025-11-16 15:37:07.622,491,13108.13
2025-11-16 15:37:07.622,492,13160.96
2025-11-16 15:37:07.622,493,13055.53
2025-11-16 15:37:07.622,494,14040.19
2025-11-16 15:37:07.622,495,13081.8
2025-11-16 15:37:07.622,496,15347.64
2025-11-16 15:37:07.622,497,14865.85
2025-11-16 15:37:07.622,498,15050.17
2025-11-16 15:37:07.622,499,16148.25
2025-11-16 15:37:07.622,500,15523.09
2025-11-16 15:37:07.622,501,16081.01
2025-11-16 15:37:07.622,502,14328.73
2025-11-16 15:37:07.622,503,16148.25
2025-11-16 15:37:07.622,504,14431.36
2025-11-16 15:37:07.622,505,15003.83
2025-11-16 15:37:07.622,506,17949.02
2025-11-16 15:37:07.622,507,15395.25
2025-11-16 15:37:07.622,508,15395.25
2025-11-16 15:37:07.622,509,14774.7
2025-11-16 15:37:07.622,510,14865.85
2025-11-16 15:37:07.622,511,14988.43
2025-11-16 15:37:07.622,512,39463.38
2025-11-16 15:37:07.622,513,14805.01
2025-11-16 15:37:07.622,514,15268.68
2025-11-16 15:37:07.622,515,15881.35
2025-11-16 15:37:07.622,516,15205.86
2025-11-16 15:37:07.622,517,15300.2
2025-11-16 15:37:07.622,518,19069.58
2025-11-16 15:37:07.622,519,23040.99
2025-11-16 15:37:07.622,520,146809.88
2025-11-16 15:37:07.622,521,24498.84
2025-11-16 15:37:07.622,522,266631.75
2025-11-16 15:37:07.622,523,15050.17
2025-11-16 15:37:07.622,524,29146.33
2025-11-16 15:37:07.622,525,477494.09
2025-11-16 15:37:07.622,526,31713.61
2025-11-16 15:37:07.622,527,31713.61
2025-11-16 15:37:07.622,528,14183.61
2025-11-16 15:37:07.622,529,14068.74
2025-11-16 15:37:07.622,530,13320.91
2025-11-16 15:37:07.622,531,13884.38
2025-11-16 15:37:07.622,532,13081.8
2025-11-16 15:37:07.622,533,13267.35
2025-11-16 15:37:07.622,534,12951.06
2025-11-16 15:37:07.622,535,13081.8
2025-11-16 15:37:07.622,536,13029.33
2025-11-16 15:37:07.622,537,13042.42
2025-11-16 15:37:07.622,538,13187.46
2025-11-16 15:37:07.622,539,13029.33
2025-11-16 15:37:07.622,540,13134.51
2025-11-16 15:37:07.622,541,13187.46
2025-11-16 15:37:07.622,542,14068.74
2025-11-16 15:37:07.622,543,13240.66
2025-11-16 15:37:07.622,544,15427.09
2025-11-16 15:37:07.622,545,14988.43
2025-11-16 15:37:07.622,546,15143.35
2025-11-16 15:37:07.622,547,16081.01
2025-11-16 15:37:07.622,548,15587.49
2025-11-16 15:37:07.622,549,16334.95
2025-11-16 15:37:07.622,550,14416.64
2025-11-16 15:37:07.622,551,16215.84
2025-11-16 15:37:07.622,552,14624.25
2025-11-16 15:37:07.622,553,15050.17
2025-11-16 15:37:07.622,554,18162.29
2025-11-16 15:37:07.622,555,15555.25
2025-11-16 15:37:07.622,556,15427.09
2025-11-16 15:37:07.622,557,14865.85
2025-11-16 15:37:07.622,558,15019.26
2025-11-16 15:37:07.622,559,15081.15
2025-11-16 15:37:07.622,560,39403.42
2025-11-16 15:37:07.622,561,14850.61
2025-11-16 15:37:07.622,562,15363.49
2025-11-16 15:37:07.622,563,16014.12
2025-11-16 15:37:07.622,564,15491.01
2025-11-16 15:37:07.622,565,15652.22
2025-11-16 15:37:07.622,566,19577.68
2025-11-16 15:37:07.622,567,23642.52
2025-11-16 15:37:07.622,568,144441.03
2025-11-16 15:37:07.622,569,24528.13
2025-11-16 15:37:07.622,570,264774.34
2025-11-16 15:37:07.622,571,15174.57
2025-11-16 15:37:07.622,572,30389.34
2025-11-16 15:37:07.622,573,483368.97
2025-11-16 15:37:07.622,574,32232.81
2025-11-16 15:37:07.622,575,32232.81
2025-11-16 15:37:07.622,576,14270.47
2025-11-16 15:37:07.622,577,14126.04
2025-11-16 15:37:07.622,578,13510.31
2025-11-16 15:37:07.622,579,13912.56
2025-11-16 15:37:07.622,580,13094.96
2025-11-16 15:37:07.622,581,13334.34
2025-11-16 15:37:07.622,582,13108.13
2025-11-16 15:37:07.622,583,13214.03
2025-11-16 15:37:07.622,584,13200.74
2025-11-16 15:37:07.622,585,13081.8
2025-11-16 15:37:07.622,586,13267.35
2025-11-16 15:37:07.622,587,13174.2
2025-11-16 15:37:07.622,588,13307.49
2025-11-16 15:37:07.622,589,13267.35
2025-11-16 15:37:07.622,590,14270.47
2025-11-16 15:37:07.622,591,13388.2
2025-11-16 15:37:07.622,592,15539.16
2025-11-16 15:37:07.622,593,15050.17
2025-11-16 15:37:07.622,594,15174.57
2025-11-16 15:37:07.622,595,16249.76
2025-11-16 15:37:07.622,596,15652.22
2025-11-16 15:37:07.622,597,16249.76
2025-11-16 15:37:07.622,598,14372.61
2025-11-16 15:37:07.622,599,16165.12
2025-11-16 15:37:07.622,600,14684.21
2025-11-16 15:37:07.622,601,15081.15
2025-11-16 15:37:07.622,602,18181.84
2025-11-16 15:37:07.622,603,15652.22
2025-11-16 15:37:07.622,604,15363.49
2025-11-16 15:37:07.622,605,14835.39
2025-11-16 15:37:07.622,606,14684.21
2025-11-16 15:37:07.622,607,14639.21
2025-11-16 15:37:07.622,608,40256.3
2025-11-16 15:37:07.622,609,14624.25
2025-11-16 15:37:07.622,610,15143.35
2025-11-16 15:37:07.622,611,15782.65
2025-11-16 15:37:07.622,612,15427.09
2025-11-16 15:37:07.622,613,15684.7
2025-11-16 15:37:07.622,614,19534.67
2025-11-16 15:37:07.622,615,23421.27
2025-11-16 15:37:07.622,616,144441.03
2025-11-16 15:37:07.622,617,24528.13
2025-11-16 15:37:07.622,618,264774.34
2025-11-16 15:37:07.622,619,14850.61
2025-11-16 15:37:07.622,620,30550.28
2025-11-16 15:37:07.622,621,450099.75
2025-11-16 15:37:07.622,622,32765.05
2025-11-16 15:37:07.622,623,32765.05
2025-11-16 15:37:07.622,624,14328.73
2025-11-16 15:37:07.622,625,14241.45
2025-11-16 15:37:07.622,626,13510.31
2025-11-16 15:37:07.622,627,14154.79
2025-11-16 15:37:07.622,628,13214.03
2025-11-16 15:37:07.622,629,13455.89
2025-11-16 15:37:07.622,630,13240.66
2025-11-16 15:37:07.622,631,13320.91
2025-11-16 15:37:07.622,632,13121.31
2025-11-16 15:37:07.622,633,13160.96
2025-11-16 15:37:07.622,634,13267.35
2025-11-16 15:37:07.622,635,13254.0
2025-11-16 15:37:07.622,636,13374.71
2025-11-16 15:37:07.622,637,13267.35
2025-11-16 15:37:07.622,638,14212.49
2025-11-16 15:37:07.622,639,13415.23
2025-11-16 15:37:07.622,640,15523.09
2025-11-16 15:37:07.622,641,15081.15
2025-11-16 15:37:07.622,642,15252.94
2025-11-16 15:37:07.622,643,16165.12
2025-11-16 15:37:07.622,644,15684.7
2025-11-16 15:37:07.622,645,16249.76
2025-11-16 15:37:07.622,646,14534.84
2025-11-16 15:37:07.622,647,16215.84
2025-11-16 15:37:07.622,648,14624.25
2025-11-16 15:37:07.622,649,15065.65
2025-11-16 15:37:07.622,650,18103.81
2025-11-16 15:37:07.622,651,15848.37
2025-11-16 15:37:07.622,652,15395.25
2025-11-16 15:37:07.622,653,14850.61
2025-11-16 15:37:07.622,654,15050.17
2025-11-16 15:37:07.622,655,15003.83
2025-11-16 15:37:07.622,656,39765.37
2025-11-16 15:37:07.622,657,14820.19
2025-11-16 15:37:07.622,658,15395.25
2025-11-16 15:37:07.622,659,16047.52
2025-11-16 15:37:07.622,660,15555.25
2025-11-16 15:37:07.622,661,15782.65
2025-11-16 15:37:07.622,662,19664.09
2025-11-16 15:37:07.622,663,23698.29
2025-11-16 15:37:07.622,664,145616.44
2025-11-16 15:37:07.622,665,24324.12
2025-11-16 15:37:07.622,666,268514.44
2025-11-16 15:37:07.622,667,14896.38
2025-11-16 15:37:07.622,668,29146.33
2025-11-16 15:37:07.622,669,439984.91
2025-11-16 15:37:07.622,670,32189.05
2025-11-16 15:37:07.622,671,32189.05
2025-11-16 15:37:07.622,672,14040.19
2025-11-16 15:37:07.622,673,14068.74
2025-11-16 15:37:07.622,674,13510.31
2025-11-16 15:37:07.622,675,13814.22
2025-11-16 15:37:07.622,676,13214.03
2025-11-16 15:37:07.622,677,13401.71
2025-11-16 15:37:07.622,678,13320.91
2025-11-16 15:37:07.622,679,13267.35
2025-11-16 15:37:07.622,680,13320.91
2025-11-16 15:37:07.622,681,13227.34
2025-11-16 15:37:07.622,682,13003.18
2025-11-16 15:37:07.622,683,13227.34
2025-11-16 15:37:07.622,684,13254.0
2025-11-16 15:37:07.622,685,13267.35
2025-11-16 15:37:07.622,686,14212.49
2025-11-16 15:37:07.622,687,13469.47
2025-11-16 15:37:07.622,688,15619.82
2025-11-16 15:37:07.622,689,15065.65
2025-11-16 15:37:07.622,690,15363.49
2025-11-16 15:37:07.622,691,16352.05
2025-11-16 15:37:07.622,692,15766.28
2025-11-16 15:37:07.622,693,16611.29
2025-11-16 15:37:07.622,694,14684.21
2025-11-16 15:37:07.622,695,16249.76
2025-11-16 15:37:07.622,696,14805.01
2025-11-16 15:37:07.622,697,15268.68
2025-11-16 15:37:07.622,698,18240.65
2025-11-16 15:37:07.622,699,15815.47
2025-11-16 15:37:07.622,700,15603.64
2025-11-16 15:37:07.622,701,15081.15
2025-11-16 15:37:07.622,702,15003.83
2025-11-16 15:37:07.622,703,15190.2
2025-11-16 15:37:07.622,704,39887.21
2025-11-16 15:37:07.622,705,15096.68
2025-11-16 15:37:07.622,706,15684.7
2025-11-16 15:37:07.622,707,16131.41
2025-11-16 15:37:07.622,708,15619.82
2025-11-16 15:37:07.622,709,15848.37
2025-11-16 15:37:07.622,710,19794.65
2025-11-16 15:37:07.622,711,24266.27
2025-11-16 15:37:07.622,712,154372.98
2025-11-16 15:37:07.622,713,24823.81
2025-11-16 15:37:07.622,714,266631.75
2025-11-16 15:37:07.622,715,15395.25
2025-11-16 15:37:07.622,716,30794.08
2025-11-16 15:37:07.622,717,439984.91
2025-11-16 15:37:07.622,718,32945.45
2025-11-16 15:37:07.622,719,32945.45
2025-11-16 15:37:07.622,720,14285.01
2025-11-16 15:37:07.622,721,14126.04
2025-11-16 15:37:07.622,722,13814.22
2025-11-16 15:37:07.622,723,14183.61
2025-11-16 15:37:07.622,724,13374.71
2025-11-16 15:37:07.622,725,13758.38
2025-11-16 15:37:07.622,726,13401.71
2025-11-16 15:37:07.622,727,13592.43
2025-11-16 15:37:07.622,728,13496.68
2025-11-16 15:37:07.622,729,13415.23
2025-11-16 15:37:07.622,730,13469.47
2025-11-16 15:37:07.622,731,13592.43
2025-11-16 15:37:07.622,732,13483.07
2025-11-16 15:37:07.622,733,13483.07
2025-11-16 15:37:07.622,734,14505.19
2025-11-16 15:37:07.622,735,13675.12
2025-11-16 15:37:07.622,736,15782.65
2025-11-16 15:37:07.622,737,15379.36
2025-11-16 15:37:07.622,738,15619.82
2025-11-16 15:37:07.622,739,16769.29
2025-11-16 15:37:07.622,740,16081.01
2025-11-16 15:37:07.622,741,16734.02
2025-11-16 15:37:07.622,742,14926.99
2025-11-16 15:37:07.622,743,16611.29
2025-11-16 15:37:07.622,744,14988.43
2025-11-16 15:37:07.622,745,15347.64
2025-11-16 15:37:07.622,746,18578.57
2025-11-16 15:37:07.622,747,16097.79
2025-11-16 15:37:07.622,748,15864.85
2025-11-16 15:37:07.622,749,15395.25
2025-11-16 15:37:07.622,750,15491.01
2025-11-16 15:37:07.622,751,15619.82
2025-11-16 15:37:07.622,752,40630.89
2025-11-16 15:37:07.622,753,15411.16
2025-11-16 15:37:07.622,754,15749.92
2025-11-16 15:37:07.622,755,16472.4
2025-11-16 15:37:07.622,756,15848.37
2025-11-16 15:37:07.622,757,16182.0
2025-11-16 15:37:07.622,758,20059.23
2025-11-16 15:37:07.622,759,24853.65
2025-11-16 15:37:07.622,760,147413.47
2025-11-16 15:37:07.622,761,25094.26
2025-11-16 15:37:07.622,762,268514.44
2025-11-16 15:37:07.622,763,15619.82
2025-11-16 15:37:07.622,764,31206.99
2025-11-16 15:37:07.622,765,455329.53
2025-11-16 15:37:07.622,766,33403.16
2025-11-16 15:37:07.622,767,33403.16
2025-11-16 15:37:07.622,768,14865.85
2025-11-16 15:37:07.622,769,14789.84
2025-11-16 15:37:07.622,770,14126.04
2025-11-16 15:37:07.622,771,14624.25
2025-11-16 15:37:07.622,772,13744.46
2025-11-16 15:37:07.622,773,13926.67
2025-11-16 15:37:07.622,774,13688.95
2025-11-16 15:37:07.622,775,13842.23
2025-11-16 15:37:07.622,776,13912.56
2025-11-16 15:37:07.622,777,13870.31
2025-11-16 15:37:07.622,778,13814.22
2025-11-16 15:37:07.622,779,13954.95
2025-11-16 15:37:07.622,780,13912.56
2025-11-16 15:37:07.622,781,13483.07
2025-11-16 15:37:07.622,782,14744.46
2025-11-16 15:37:07.622,783,13870.31
2025-11-16 15:37:07.622,784,16114.59
2025-11-16 15:37:07.622,785,15587.49
2025-11-16 15:37:07.622,786,15749.92
2025-11-16 15:37:07.622,787,16911.3
2025-11-16 15:37:07.622,788,16215.84
2025-11-16 15:37:07.622,789,16911.3
2025-11-16 15:37:07.622,790,15096.68
2025-11-16 15:37:07.622,791,16929.16
2025-11-16 15:37:07.622,792,15174.57
2025-11-16 15:37:07.622,793,15619.82
2025-11-16 15:37:07.622,794,18740.4
2025-11-16 15:37:07.622,795,16165.12
2025-11-16 15:37:07.622,796,16047.52
2025-11-16 15:37:07.622,797,15523.09
2025-11-16 15:37:07.622,798,15619.82
2025-11-16 15:37:07.622,799,15815.47
2025-11-16 15:37:07.622,800,40693.86
2025-11-16 15:37:07.622,801,15587.49
2025-11-16 15:37:07.622,802,16081.01
2025-11-16 15:37:07.622,803,16751.64
2025-11-16 15:37:07.622,804,16081.01
2025-11-16 15:37:07.622,805,16352.05
2025-11-16 15:37:07.622,806,20396.61
2025-11-16 15:37:07.622,807,25033.8
2025-11-16 15:37:07.622,808,154372.98
2025-11-16 15:37:07.622,809,25276.9
2025-11-16 15:37:07.622,810,268514.44
2025-11-16 15:37:07.622,811,15881.35
2025-11-16 15:37:07.622,812,30876.0
2025-11-16 15:37:07.622,813,455329.53
2025-11-16 15:37:07.622,814,33310.84
2025-11-16 15:37:07.622,815,33310.84
2025-11-16 15:37:07.622,816,14835.39
2025-11-16 15:37:07.622,817,14759.57
2025-11-16 15:37:07.622,818,13926.67
2025-11-16 15:37:07.622,819,14564.57
2025-11-16 15:37:07.622,820,13647.49
2025-11-16 15:37:07.622,821,13730.56
2025-11-16 15:37:07.622,822,13633.7
2025-11-16 15:37:07.622,823,13647.49
2025-11-16 15:37:07.622,824,13828.22
2025-11-16 15:37:07.622,825,13675.12
2025-11-16 15:37:07.622,826,13730.56
2025-11-16 15:37:07.622,827,13758.38
2025-11-16 15:37:07.622,828,13842.23
2025-11-16 15:37:07.622,829,13716.68
2025-11-16 15:37:07.622,830,14520.01
2025-11-16 15:37:07.622,831,13758.38
2025-11-16 15:37:07.622,832,15964.17
2025-11-16 15:37:07.622,833,15347.64
2025-11-16 15:37:07.622,834,15619.82
2025-11-16 15:37:07.622,835,16734.02
2025-11-16 15:37:07.622,836,15881.35
2025-11-16 15:37:07.622,837,16386.33
2025-11-16 15:37:07.622,838,14789.84
2025-11-16 15:37:07.622,839,16698.84
2025-11-16 15:37:07.622,840,15143.35
2025-11-16 15:37:07.622,841,15684.7
2025-11-16 15:37:07.622,842,18720.07
2025-11-16 15:37:07.622,843,16215.84
2025-11-16 15:37:07.622,844,16131.41
2025-11-16 15:37:07.622,845,15523.09
2025-11-16 15:37:07.622,846,15587.49
2025-11-16 15:37:07.622,847,15799.05
2025-11-16 15:37:07.622,848,40505.41
2025-11-16 15:37:07.622,849,15619.82
2025-11-16 15:37:07.622,850,16114.59
2025-11-16 15:37:07.622,851,16769.29
2025-11-16 15:37:07.622,852,16232.79
2025-11-16 15:37:07.622,853,16386.33
2025-11-16 15:37:07.622,854,20556.65
2025-11-16 15:37:07.622,855,25185.35
2025-11-16 15:37:07.622,856,154372.98
2025-11-16 15:37:07.622,857,25585.55
2025-11-16 15:37:07.622,858,297844.91
2025-11-16 15:37:07.622,859,15881.35
2025-11-16 15:37:07.622,860,31628.31
2025-11-16 15:37:07.622,861,536008.31
2025-11-16 15:37:07.622,862,33635.68
2025-11-16 15:37:07.622,863,33635.68
2025-11-16 15:37:07.622,864,15284.43
2025-11-16 15:37:07.622,865,15268.68
2025-11-16 15:37:07.622,866,14505.19
2025-11-16 15:37:07.622,867,14942.32
2025-11-16 15:37:07.622,868,14154.79
2025-11-16 15:37:07.622,869,14328.73
2025-11-16 15:37:07.622,870,14111.69
2025-11-16 15:37:07.622,871,14154.79
2025-11-16 15:37:07.622,872,14183.61
2025-11-16 15:37:07.622,873,14040.19
2025-11-16 15:37:07.622,874,14314.14
2025-11-16 15:37:07.622,875,14241.45
2025-11-16 15:37:07.622,876,14328.73
2025-11-16 15:37:07.622,877,14270.47
2025-11-16 15:37:07.622,878,14911.68
2025-11-16 15:37:07.622,879,14212.49
2025-11-16 15:37:07.622,880,16420.69
2025-11-16 15:37:07.622,881,15848.37
2025-11-16 15:37:07.622,882,16249.76
2025-11-16 15:37:07.622,883,17272.99
2025-11-16 15:37:07.622,884,15881.35
2025-11-16 15:37:07.622,885,17018.8
2025-11-16 15:37:07.622,886,15619.82
2025-11-16 15:37:07.622,887,17328.08
2025-11-16 15:37:07.622,888,15587.49
2025-11-16 15:37:07.622,889,16047.52
2025-11-16 15:37:07.622,890,19342.63
2025-11-16 15:37:07.622,891,16734.02
2025-11-16 15:37:07.622,892,16663.75
2025-11-16 15:37:07.622,893,15848.37
2025-11-16 15:37:07.622,894,16182.0
2025-11-16 15:37:07.622,895,16249.76
2025-11-16 15:37:07.622,896,42320.58
2025-11-16 15:37:07.622,897,16081.01
2025-11-16 15:37:07.622,898,16646.24
2025-11-16 15:37:07.622,899,17328.08
2025-11-16 15:37:07.622,900,16734.02
2025-11-16 15:37:07.622,901,17018.8
2025-11-16 15:37:07.622,902,21023.29
2025-11-16 15:37:07.622,903,25899.63
2025-11-16 15:37:07.622,904,156379.06
2025-11-16 15:37:07.622,905,26122.79
2025-11-16 15:37:07.622,906,291051.47
2025-11-16 15:37:07.622,907,16386.33
2025-11-16 15:37:07.622,908,32765.05
2025-11-16 15:37:07.622,909,528822.38
2025-11-16 15:37:07.622,910,35034.87
2025-11-16 15:37:07.622,911,35034.87
2025-11-16 15:37:07.622,912,18478.35
2025-11-16 15:37:07.622,913,18339.21
2025-11-16 15:37:07.622,914,17420.39
2025-11-16 15:37:07.622,915,18181.84
2025-11-16 15:37:07.622,916,17236.39
2025-11-16 15:37:07.622,917,17457.49
2025-11-16 15:37:07.622,918,17036.8
2025-11-16 15:37:07.622,919,16982.88
2025-11-16 15:37:07.622,920,17054.83
2025-11-16 15:37:07.622,921,16947.04
2025-11-16 15:37:07.622,922,17236.39
2025-11-16 15:37:07.622,923,16857.87
2025-11-16 15:37:07.622,924,17163.47
2025-11-16 15:37:07.622,925,17236.39
2025-11-16 15:37:07.622,926,17701.08
2025-11-16 15:37:07.622,927,17383.4
2025-11-16 15:37:07.622,928,19406.36
2025-11-16 15:37:07.622,929,18801.55
2025-11-16 15:37:07.622,930,19194.97
2025-11-16 15:37:07.622,931,20238.23
2025-11-16 15:37:07.622,932,19194.97
2025-11-16 15:37:07.622,933,20193.28
2025-11-16 15:37:07.622,934,18339.21
2025-11-16 15:37:07.622,935,19427.67
2025-11-16 15:37:07.622,936,18679.5
2025-11-16 15:37:07.622,937,19069.58
2025-11-16 15:37:07.622,938,22933.92
2025-11-16 15:37:07.622,939,20014.81
2025-11-16 15:37:07.622,940,19449.01
2025-11-16 15:37:07.622,941,19048.79
2025-11-16 15:37:07.622,942,19153.06
2025-11-16 15:37:07.622,943,19534.67
2025-11-16 15:37:07.622,944,48139.58
2025-11-16 15:37:07.622,945,19153.06
2025-11-16 15:37:07.622,946,19153.06
2025-11-16 15:37:07.622,947,20556.65
2025-11-16 15:37:07.622,948,19751.0
2025-11-16 15:37:07.622,949,20103.78
2025-11-16 15:37:07.622,950,24498.84
2025-11-16 15:37:07.622,951,29526.5
2025-11-16 15:37:07.622,952,178630.77
2025-11-16 15:37:07.622,953,30189.96
2025-11-16 15:37:07.622,954,331208.34
2025-11-16 15:37:07.622,955,19664.09
2025-11-16 15:37:07.622,956,36793.67
2025-11-16 15:37:07.622,957,566776.38
2025-11-16 15:37:07.622,958,39644.14
2025-11-16 15:37:07.622,959,39644.14
2025-11-16 15:37:07.622,960,42794.9
2025-11-16 15:37:07.622,961,42590.57
2025-11-16 15:37:07.622,962,40883.72
2025-11-16 15:37:07.622,963,40505.41
2025-11-16 15:37:07.622,964,39165.01
2025-11-16 15:37:07.622,965,39523.48
2025-11-16 15:37:07.622,966,40132.67
2025-11-16 15:37:07.622,967,40883.72
2025-11-16 15:37:07.622,968,40630.89
2025-11-16 15:37:07.622,969,39826.22
2025-11-16 15:37:07.622,970,40693.86
2025-11-16 15:37:07.622,971,40505.41
2025-11-16 15:37:07.622,972,40380.55
2025-11-16 15:37:07.622,973,40442.9
2025-11-16 15:37:07.622,974,41267.73
2025-11-16 15:37:07.622,975,40505.41
2025-11-16 15:37:07.622,976,43417.48
2025-11-16 15:37:07.622,977,40505.41
2025-11-16 15:37:07.622,978,38695.02
2025-11-16 15:37:07.622,979,42726.61
2025-11-16 15:37:07.622,980,39403.42
2025-11-16 15:37:07.622,981,40883.72
2025-11-16 15:37:07.622,982,40505.41
2025-11-16 15:37:07.622,983,37893.76
2025-11-16 15:37:07.622,984,39283.93
2025-11-16 15:37:07.622,985,41461.9
2025-11-16 15:37:07.622,986,43983.32
2025-11-16 15:37:07.622,987,31585.79
2025-11-16 15:37:07.622,988,41788.82
2025-11-16 15:37:07.622,989,42590.57
2025-11-16 15:37:07.622,990,43840.75
2025-11-16 15:37:07.622,991,45602.89
2025-11-16 15:37:07.622,992,85800.06
2025-11-16 15:37:07.622,993,43277.87
2025-11-16 15:37:07.622,994,42932.0
2025-11-16 15:37:07.622,995,41267.73
2025-11-16 15:37:07.622,996,43698.91
2025-11-16 15:37:07.622,997,43983.32
2025-11-16 15:37:07.622,998,51284.3
2025-11-16 15:37:07.622,999,59534.86
2025-11-16 15:37:07.622,1000,365654.84
2025-11-16 15:37:07.622,1001,63676.8
2025-11-16 15:37:07.622,1002,583498.19
2025-11-16 15:37:07.622,1003,41788.82
2025-11-16 15:37:07.622,1004,74328.61
2025-11-16 15:37:07.622,1005,79112.48
2025-11-16 15:37:07.622,1006,79112.48
2025-11-16 15:37:07.622,1007,79112.48
2025-11-16 15:37:07.622,1008,56046.25
2025-11-16 15:37:07.622,1009,55621.39
2025-11-16 15:37:07.622,1010,53975.16
2025-11-16 15:37:07.622,1011,54480.68
2025-11-16 15:37:07.622,1012,52987.48
2025-11-16 15:37:07.622,1013,54277.52
2025-11-16 15:37:07.622,1014,52697.09
2025-11-16 15:37:07.622,1015,54994.24
2025-11-16 15:37:07.622,1016,52793.59
2025-11-16 15:37:07.622,1017,52987.48
2025-11-16 15:37:07.622,1018,53378.87
2025-11-16 15:37:07.622,1019,53182.58
2025-11-16 15:37:07.622,1020,53378.87
2025-11-16 15:37:07.622,1021,50827.38
2025-11-16 15:37:07.622,1022,54787.84
2025-11-16 15:37:07.622,1023,53378.87
2025-11-16 15:37:07.622,1024,57354.41
2025-11-16 15:37:07.622,1025,54994.24
2025-11-16 15:37:07.622,1026,50377.22
2025-11-16 15:37:07.622,1027,57465.76
2025-11-16 15:37:07.622,1028,48641.14
2025-11-16 15:37:07.622,1029,50918.22
2025-11-16 15:37:07.622,1030,52987.48
2025-11-16 15:37:07.622,1031,41657.55
2025-11-16 15:37:07.622,1032,52218.99
2025-11-16 15:37:07.622,1033,54685.13
2025-11-16 15:37:07.622,1034,56153.31
2025-11-16 15:37:07.622,1035,51468.98
2025-11-16 15:37:07.622,1036,56912.64
2025-11-16 15:37:07.622,1037,56585.1
2025-11-16 15:37:07.622,1038,56260.74
2025-11-16 15:37:07.622,1039,61109.78
2025-11-16 15:37:07.622,1040,118276.26
2025-11-16 15:37:07.622,1041,55201.96
2025-11-16 15:37:07.622,1042,54480.68
2025-11-16 15:37:07.622,1043,52600.88
2025-11-16 15:37:07.622,1044,56046.25
2025-11-16 15:37:07.622,1045,55833.13
2025-11-16 15:37:07.622,1046,65169.12
2025-11-16 15:37:07.622,1047,66723.02
2025-11-16 15:37:07.622,1048,460679.59
2025-11-16 15:37:07.622,1049,80294.42
2025-11-16 15:37:07.622,1050,661350.38
2025-11-16 15:37:07.622,1051,54685.13
2025-11-16 15:37:07.622,1052,97381.57
2025-11-16 15:37:07.622,1053,98522.22
2025-11-16 15:37:07.622,1054,98522.22
2025-11-16 15:37:07.622,1055,98522.22
2025-11-16 15:37:07.622,1056,62628.1
2025-11-16 15:37:07.622,1057,62628.1
2025-11-16 15:37:07.622,1058,61608.8
2025-11-16 15:37:07.622,1059,61358.41
2025-11-16 15:37:07.622,1060,58715.34
2025-11-16 15:37:07.622,1061,59653.54
2025-11-16 15:37:07.622,1062,58255.64
2025-11-16 15:37:07.622,1063,58484.71
2025-11-16 15:37:07.622,1064,58715.34
2025-11-16 15:37:07.622,1065,58141.67
2025-11-16 15:37:07.622,1066,59892.09
2025-11-16 15:37:07.622,1067,58715.34
2025-11-16 15:37:07.622,1068,56912.64
2025-11-16 15:37:07.622,1069,59416.6
2025-11-16 15:37:07.622,1070,60374.14
2025-11-16 15:37:07.622,1071,59772.61
2025-11-16 15:37:07.622,1072,61358.41
2025-11-16 15:37:07.622,1073,59653.54
2025-11-16 15:37:07.622,1074,51284.3
2025-11-16 15:37:07.622,1075,61608.8
2025-11-16 15:37:07.622,1076,46843.01
2025-11-16 15:37:07.622,1077,44561.25
2025-11-16 15:37:07.622,1078,56585.1
2025-11-16 15:37:07.622,1079,46527.84
2025-11-16 15:37:07.622,1080,46371.55
2025-11-16 15:37:07.622,1081,56368.51
2025-11-16 15:37:07.622,1082,56912.64
2025-11-16 15:37:07.622,1083,51654.79
2025-11-16 15:37:07.622,1084,58484.71
2025-11-16 15:37:07.622,1085,59416.6
2025-11-16 15:37:07.622,1086,58028.08
2025-11-16 15:37:07.622,1087,63943.71
2025-11-16 15:37:07.622,1088,119086.36
2025-11-16 15:37:07.622,1089,58947.51
2025-11-16 15:37:07.622,1090,59181.26
2025-11-16 15:37:07.622,1091,59416.6
2025-11-16 15:37:07.622,1092,60011.99
2025-11-16 15:37:07.622,1093,59064.19
2025-11-16 15:37:07.622,1094,66435.75
2025-11-16 15:37:07.622,1095,76471.19
2025-11-16 15:37:07.622,1096,477494.09
2025-11-16 15:37:07.622,1097,86707.14
2025-11-16 15:37:07.622,1098,734602.25
2025-11-16 15:37:07.622,1099,58947.51
2025-11-16 15:37:07.622,1100,101787.58
2025-11-16 15:37:07.622,1101,110700.96
2025-11-16 15:37:07.622,1102,110700.96
2025-11-16 15:37:07.622,1103,110700.96
2025-11-16 15:37:07.622,1104,70983.91
2025-11-16 15:37:07.622,1105,68493.05
2025-11-16 15:37:07.622,1106,66867.48
2025-11-16 15:37:07.622,1107,67597.96
2025-11-16 15:37:07.622,1108,66723.02
2025-11-16 15:37:07.622,1109,68192.39
2025-11-16 15:37:07.622,1110,67012.48
2025-11-16 15:37:07.622,1111,66723.02
2025-11-16 15:37:07.622,1112,66723.02
2025-11-16 15:37:07.622,1113,65169.12
2025-11-16 15:37:07.622,1114,66150.61
2025-11-16 15:37:07.622,1115,65726.85
2025-11-16 15:37:07.622,1116,66435.75
2025-11-16 15:37:07.622,1117,65586.65
2025-11-16 15:37:07.622,1118,65586.65
2025-11-16 15:37:07.622,1119,65867.58
2025-11-16 15:37:07.622,1120,69101.3
2025-11-16 15:37:07.622,1121,63943.71
2025-11-16 15:37:07.622,1122,56912.64
2025-11-16 15:37:07.622,1123,65307.78
2025-11-16 15:37:07.622,1124,64347.73
2025-11-16 15:37:07.622,1125,64212.57
2025-11-16 15:37:07.622,1126,64619.52
2025-11-16 15:37:07.622,1127,60253.01
2025-11-16 15:37:07.622,1128,63280.01
2025-11-16 15:37:07.622,1129,62628.1
2025-11-16 15:37:07.622,1130,60132.29
2025-11-16 15:37:07.622,1131,62628.1
2025-11-16 15:37:07.622,1132,63676.8
2025-11-16 15:37:07.622,1133,66292.91
2025-11-16 15:37:07.622,1134,61483.39
2025-11-16 15:37:07.622,1135,72958.16
2025-11-16 15:37:07.622,1136,129670.22
2025-11-16 15:37:07.622,1137,65307.78
2025-11-16 15:37:07.622,1138,63943.71
2025-11-16 15:37:07.622,1139,63411.8
2025-11-16 15:37:07.622,1140,66150.61
2025-11-16 15:37:07.622,1141,61860.94
2025-11-16 15:37:07.622,1142,73296.59
2025-11-16 15:37:07.622,1143,81508.11
2025-11-16 15:37:07.622,1144,521823.06
2025-11-16 15:37:07.622,1145,98811.18
2025-11-16 15:37:07.622,1146,762705.19
2025-11-16 15:37:07.622,1147,66435.75
2025-11-16 15:37:07.622,1148,112877.99
2025-11-16 15:37:07.622,1149,122431.63
2025-11-16 15:37:07.622,1150,122431.63
2025-11-16 15:37:07.622,1151,122431.63
2025-11-16 15:37:07.622,1152,134100.34
2025-11-16 15:37:07.622,1153,134609.98
2025-11-16 15:37:07.622,1154,132592.78
2025-11-16 15:37:07.622,1155,132592.78
2025-11-16 15:37:07.622,1156,132592.78
2025-11-16 15:37:07.622,1157,132592.78
2025-11-16 15:37:07.622,1158,122431.63
2025-11-16 15:37:07.622,1159,129670.22
2025-11-16 15:37:07.622,1160,134100.34
2025-11-16 15:37:07.622,1161,128722.46
2025-11-16 15:37:07.622,1162,132592.78
2025-11-16 15:37:07.622,1163,132592.78
2025-11-16 15:37:07.622,1164,134609.98
2025-11-16 15:37:07.622,1165,130631.02
2025-11-16 15:37:07.622,1166,139364.05
2025-11-16 15:37:07.622,1167,133594.3
2025-11-16 15:37:07.622,1168,145026.52
2025-11-16 15:37:07.622,1169,134609.98
2025-11-16 15:37:07.622,1170,128722.46
2025-11-16 15:37:07.622,1171,144441.03
2025-11-16 15:37:07.622,1172,138820.45
2025-11-16 15:37:07.622,1173,138820.45
2025-11-16 15:37:07.622,1174,133594.3
2025-11-16 15:37:07.622,1175,136685.03
2025-11-16 15:37:07.622,1176,128722.46
2025-11-16 15:37:07.622,1177,127787.46
2025-11-16 15:37:07.622,1178,133594.3
2025-11-16 15:37:07.622,1179,143859.97
2025-11-16 15:37:07.622,1180,125954.73
2025-11-16 15:37:07.622,1181,142142.66
2025-11-16 15:37:07.622,1182,133594.3
2025-11-16 15:37:07.622,1183,157058.67
2025-11-16 15:37:07.622,1184,259348.69
2025-11-16 15:37:07.622,1185,128722.46
2025-11-16 15:37:07.622,1186,121157.05
2025-11-16 15:37:07.622,1187,135123.23
2025-11-16 15:37:07.622,1188,122431.63
2025-11-16 15:37:07.622,1189,119086.36
2025-11-16 15:37:07.622,1190,127787.46
2025-11-16 15:37:07.622,1191,136685.03
2025-11-16 15:37:07.622,1192,762705.19
2025-11-16 15:37:07.622,1193,208912.44
2025-11-16 15:37:07.622,1194,129670.22
2025-11-16 15:37:07.622,1195,129670.22
2025-11-16 15:37:07.622,1196,247485.06
2025-11-16 15:37:07.622,1197,264774.34
2025-11-16 15:37:07.622,1198,264774.34
2025-11-16 15:37:07.622,1199,264774.34
2025-11-16 15:37:07.622,1200,880309.75
2025-11-16 15:37:07.622,1201,900097.25
2025-11-16 15:37:07.622,1202,942433.13
2025-11-16 15:37:07.622,1203,942433.13
2025-11-16 15:37:07.622,1204,777567.38
2025-11-16 15:37:07.622,1205,942433.13
2025-11-16 15:37:07.622,1206,793012.25
2025-11-16 15:37:07.622,1207,793012.25
2025-11-16 15:37:07.622,1208,708471.5
2025-11-16 15:37:07.622,1209,650520.19
2025-11-16 15:37:07.622,1210,661350.38
2025-11-16 15:37:07.622,1211,721303.56
2025-11-16 15:37:07.622,1212,762705.19
2025-11-16 15:37:07.622,1213,734602.25
2025-11-16 15:37:07.622,1214,861364.44
2025-11-16 15:37:07.622,1215,650520.19
2025-11-16 15:37:07.622,1216,748393.56
2025-11-16 15:37:07.622,1217,734602.25
2025-11-16 15:37:07.622,1218,708471.5
2025-11-16 15:37:07.622,1219,861364.44
2025-11-16 15:37:07.622,1220,684112.31
2025-11-16 15:37:07.622,1221,861364.44
2025-11-16 15:37:07.622,1222,762705.19
2025-11-16 15:37:07.622,1223,536008.31
2025-11-16 15:37:07.622,1224,661350.38
2025-11-16 15:37:07.622,1225,672541.69
2025-11-16 15:37:07.622,1226,708471.5
2025-11-16 15:37:07.622,1227,721303.56
2025-11-16 15:37:07.622,1228,684112.31
2025-11-16 15:37:07.622,1229,762705.19
2025-11-16 15:37:07.622,1230,793012.25
2025-11-16 15:37:07.622,1231,793012.25
2025-11-16 15:37:07.622,1232,721303.56
2025-11-16 15:37:07.622,1233,721303.56
2025-11-16 15:37:07.622,1234,777567.38
2025-11-16 15:37:07.622,1235,650520.19
2025-11-16 15:37:07.622,1236,708471.5
2025-11-16 15:37:07.622,1237,661350.38
2025-11-16 15:37:07.622,1238,762705.19
2025-11-16 15:37:07.622,1239,880309.75
2025-11-16 15:37:07.622,1240,988899.38
2025-11-16 15:37:07.622,1241,988899.38
2025-11-16 15:37:07.622,1242,748393.56
2025-11-16 15:37:07.622,1243,748393.56
2025-11-16 15:37:07.622,1244,988899.38
2025-11-16 15:37:07.622,1245,123731.21
2025-11-16 15:37:07.622,1246,123731.21
2025-11-16 15:37:07.622,1247,123731.21
2025-11-16 15:37:07.622,1248,123731.21
2025-11-16 15:37:07.622,1249,120320.87
2025-11-16 15:37:07.622,1250,118276.26
2025-11-16 15:37:07.622,1251,118276.26
2025-11-16 15:37:07.622,1252,121579.19
2025-11-16 15:37:07.622,1253,121157.05
2025-11-16 15:37:07.622,1254,118276.26
2025-11-16 15:37:07.622,1255,120737.61
2025-11-16 15:37:07.622,1256,112509.73
2025-11-16 15:37:07.622,1257,110700.96
2025-11-16 15:37:07.622,1258,114753.04
2025-11-16 15:37:07.622,1259,119086.36
2025-11-16 15:37:07.622,1260,112143.66
2025-11-16 15:37:07.622,1261,114373.48
2025-11-16 15:37:07.622,1262,115905.77
2025-11-16 15:37:07.622,1263,112877.99
2025-11-16 15:37:07.622,1264,119086.36
2025-11-16 15:37:07.622,1265,105255.28
2025-11-16 15:37:07.622,1266,103652.78
2025-11-16 15:37:07.622,1267,112877.99
2025-11-16 15:37:07.622,1268,112877.99
2025-11-16 15:37:07.622,1269,114753.04
2025-11-16 15:37:07.622,1270,119906.74
2025-11-16 15:37:07.622,1271,114373.48
2025-11-16 15:37:07.622,1272,118276.26
2025-11-16 15:37:07.622,1273,112877.99
2025-11-16 15:37:07.622,1274,125954.73
2025-11-16 15:37:07.622,1275,115905.77
2025-11-16 15:37:07.622,1276,115134.95
2025-11-16 15:37:07.622,1277,115905.77
2025-11-16 15:37:07.622,1278,110700.96
2025-11-16 15:37:07.622,1279,128722.46
2025-11-16 15:37:07.622,1280,214929.95
2025-11-16 15:37:07.622,1281,115134.95
2025-11-16 15:37:07.622,1282,133594.3
2025-11-16 15:37:07.622,1283,128722.46
2025-11-16 15:37:07.622,1284,115519.18
2025-11-16 15:37:07.622,1285,110345.59
2025-11-16 15:37:07.622,1286,137745.05
2025-11-16 15:37:07.622,1287,155036.28
2025-11-16 15:37:07.622,1288,965113.19
2025-11-16 15:37:07.622,1289,176906.95
2025-11-16 15:37:07.622,1290,120737.61
2025-11-16 15:37:07.622,1291,120737.61
2025-11-16 15:37:07.622,1292,190659.31
2025-11-16 15:37:07.622,1293,210090.06
2025-11-16 15:37:07.622,1294,210090.06
2025-11-16 15:37:07.622,1295,210090.06
2025-11-16 15:37:07.622,1296,59772.61
2025-11-16 15:37:07.622,1297,60374.14
2025-11-16 15:37:07.622,1298,61233.89
2025-11-16 15:37:07.622,1299,58484.71
2025-11-16 15:37:07.622,1300,59416.6
2025-11-16 15:37:07.622,1301,58484.71
2025-11-16 15:37:07.622,1302,59181.26
2025-11-16 15:37:07.622,1303,59772.61
2025-11-16 15:37:07.622,1304,59892.09
2025-11-16 15:37:07.622,1305,58255.64
2025-11-16 15:37:07.622,1306,58715.34
2025-11-16 15:37:07.622,1307,56476.62
2025-11-16 15:37:07.622,1308,59653.54
2025-11-16 15:37:07.622,1309,58484.71
2025-11-16 15:37:07.622,1310,58715.34
2025-11-16 15:37:07.622,1311,59416.6
2025-11-16 15:37:07.622,1312,63810.02
2025-11-16 15:37:07.622,1313,59181.26
2025-11-16 15:37:07.622,1314,56912.64
2025-11-16 15:37:07.622,1315,61987.67
2025-11-16 15:37:07.622,1316,61608.8
2025-11-16 15:37:07.622,1317,63280.01
2025-11-16 15:37:07.622,1318,59416.6
2025-11-16 15:37:07.622,1319,60617.66
2025-11-16 15:37:07.622,1320,58947.51
2025-11-16 15:37:07.622,1321,51009.33
2025-11-16 15:37:07.622,1322,63411.8
2025-11-16 15:37:07.622,1323,60374.14
2025-11-16 15:37:07.622,1324,55201.96
2025-11-16 15:37:07.622,1325,59653.54
2025-11-16 15:37:07.622,1326,54176.42
2025-11-16 15:37:07.622,1327,63411.8
2025-11-16 15:37:07.622,1328,109291.9
2025-11-16 15:37:07.622,1329,56046.25
2025-11-16 15:37:07.622,1330,62370.57
2025-11-16 15:37:07.622,1331,61734.65
2025-11-16 15:37:07.622,1332,54480.68
2025-11-16 15:37:07.622,1333,52029.78
2025-11-16 15:37:07.622,1334,57802.03
2025-11-16 15:37:07.622,1335,80294.42
2025-11-16 15:37:07.622,1336,471757.34
2025-11-16 15:37:07.622,1337,89777.44
2025-11-16 15:37:07.622,1338,708471.5
2025-11-16 15:37:07.622,1339,63411.8
2025-11-16 15:37:07.622,1340,99687.32
2025-11-16 15:37:07.622,1341,107576.14
2025-11-16 15:37:07.622,1342,107576.14
2025-11-16 15:37:07.622,1343,107576.14
2025-11-16 15:37:07.622,1344,35640.36
2025-11-16 15:37:07.622,1345,34396.74
2025-11-16 15:37:07.622,1346,34591.16
2025-11-16 15:37:07.622,1347,33823.5
2025-11-16 15:37:07.622,1348,33403.16
2025-11-16 15:37:07.622,1349,33776.39
2025-11-16 15:37:07.622,1350,33588.98
2025-11-16 15:37:07.622,1351,33635.68
2025-11-16 15:37:07.622,1352,33823.5
2025-11-16 15:37:07.622,1353,33682.49
2025-11-16 15:37:07.622,1354,34108.26
2025-11-16 15:37:07.622,1355,34060.55
2025-11-16 15:37:07.622,1356,33918.01
2025-11-16 15:37:07.622,1357,33682.49
2025-11-16 15:37:07.622,1358,35034.87
2025-11-16 15:37:07.622,1359,34156.08
2025-11-16 15:37:07.622,1360,36473.41
2025-11-16 15:37:07.622,1361,33127.38
2025-11-16 15:37:07.622,1362,32320.6
2025-11-16 15:37:07.622,1363,37613.93
2025-11-16 15:37:07.622,1364,36473.41
2025-11-16 15:37:07.622,1365,36686.43
2025-11-16 15:37:07.622,1366,34156.08
2025-11-16 15:37:07.622,1367,36262.32
2025-11-16 15:37:07.622,1368,34252.03
2025-11-16 15:37:07.622,1369,29603.42
2025-11-16 15:37:07.622,1370,39523.48
2025-11-16 15:37:07.622,1371,36053.13
2025-11-16 15:37:07.622,1372,33310.84
2025-11-16 15:37:07.622,1373,35742.86
2025-11-16 15:37:07.622,1374,31928.39
2025-11-16 15:37:07.622,1375,36847.48
2025-11-16 15:37:07.622,1376,67894.05
2025-11-16 15:37:07.622,1377,32945.45
2025-11-16 15:37:07.622,1378,32586.16
2025-11-16 15:37:07.622,1379,36955.46
2025-11-16 15:37:07.622,1380,32855.06
2025-11-16 15:37:07.622,1381,32675.42
2025-11-16 15:37:07.622,1382,36053.13
2025-11-16 15:37:07.622,1383,48810.25
2025-11-16 15:37:07.622,1384,262941.66
2025-11-16 15:37:07.622,1385,51935.61
2025-11-16 15:37:07.622,1386,550970.88
2025-11-16 15:37:07.622,1387,36053.13
2025-11-16 15:37:07.622,1388,58484.71
2025-11-16 15:37:07.622,1389,66150.61
2025-11-16 15:37:07.622,1390,66150.61
2025-11-16 15:37:07.622,1391,66150.61
2025-11-16 15:37:07.622,1392,36793.67
2025-11-16 15:37:07.622,1393,36001.13
2025-11-16 15:37:07.622,1394,35949.24
2025-11-16 15:37:07.622,1395,35134.67
2025-11-16 15:37:07.622,1396,34836.58
2025-11-16 15:37:07.622,1397,35134.67
2025-11-16 15:37:07.622,1398,34445.18
2025-11-16 15:37:07.622,1399,35234.91
2025-11-16 15:37:07.622,1400,35134.67
2025-11-16 15:37:07.622,1401,34985.13
2025-11-16 15:37:07.622,1402,35184.73
2025-11-16 15:37:07.622,1403,35034.87
2025-11-16 15:37:07.622,1404,34640.03
2025-11-16 15:37:07.622,1405,35034.87
2025-11-16 15:37:07.622,1406,36473.41
2025-11-16 15:37:07.622,1407,35335.6
2025-11-16 15:37:07.622,1408,38348.37
2025-11-16 15:37:07.622,1409,33870.7
2025-11-16 15:37:07.622,1410,34542.39
2025-11-16 15:37:07.622,1411,39283.93
2025-11-16 15:37:07.622,1412,37781.43
2025-11-16 15:37:07.622,1413,38348.37
2025-11-16 15:37:07.622,1414,36262.32
2025-11-16 15:37:07.622,1415,38753.28
2025-11-16 15:37:07.622,1416,36209.84
2025-11-16 15:37:07.622,1417,33776.39
2025-11-16 15:37:07.622,1418,42455.23
2025-11-16 15:37:07.622,1419,38291.07
2025-11-16 15:37:07.622,1420,36001.13
2025-11-16 15:37:07.622,1421,36686.43
2025-11-16 15:37:07.622,1422,34935.51
2025-11-16 15:37:07.622,1423,38120.0
2025-11-16 15:37:07.622,1424,70663.95
2025-11-16 15:37:07.622,1425,35589.29
2025-11-16 15:37:07.622,1426,35335.6
2025-11-16 15:37:07.622,1427,39283.93
2025-11-16 15:37:07.622,1428,35134.67
2025-11-16 15:37:07.622,1429,35034.87
2025-11-16 15:37:07.622,1430,41723.1
2025-11-16 15:37:07.622,1431,51468.98
2025-11-16 15:37:07.622,1432,280371.47
2025-11-16 15:37:07.622,1433,54787.84
2025-11-16 15:37:07.622,1434,661350.38
2025-11-16 15:37:07.622,1435,38348.37
2025-11-16 15:37:07.622,1436,60374.14
2025-11-16 15:37:07.622,1437,68796.0
2025-11-16 15:37:07.622,1438,68796.0
2025-11-16 15:37:07.622,1439,68796.0
2025-11-16 15:37:07.622,1440,35640.36
2025-11-16 15:37:07.622,1441,35335.6
2025-11-16 15:37:07.622,1442,34156.08
2025-11-16 15:37:07.622,1443,33036.22
2025-11-16 15:37:07.622,1444,33870.7
2025-11-16 15:37:07.622,1445,34204.0
2025-11-16 15:37:07.622,1446,34204.0
2025-11-16 15:37:07.622,1447,34108.26
2025-11-16 15:37:07.622,1448,34108.26
2025-11-16 15:37:07.622,1449,34300.16
2025-11-16 15:37:07.622,1450,33870.7
2025-11-16 15:37:07.622,1451,33870.7
2025-11-16 15:37:07.622,1452,34542.39
2025-11-16 15:37:07.622,1453,34060.55
2025-11-16 15:37:07.622,1454,35640.36
2025-11-16 15:37:07.622,1455,34204.0
2025-11-16 15:37:07.622,1456,37447.59
2025-11-16 15:37:07.622,1457,34060.55
2025-11-16 15:37:07.622,1458,33403.16
2025-11-16 15:37:07.622,1459,38405.8
2025-11-16 15:37:07.622,1460,37009.64
2025-11-16 15:37:07.622,1461,37447.59
2025-11-16 15:37:07.622,1462,35184.73
2025-11-16 15:37:07.622,1463,37392.4
2025-11-16 15:37:07.622,1464,35034.87
2025-11-16 15:37:07.622,1465,29071.17
2025-11-16 15:37:07.622,1466,40256.3
2025-11-16 15:37:07.622,1467,36473.41
2025-11-16 15:37:07.622,1468,33635.68
2025-11-16 15:37:07.622,1469,35335.6
2025-11-16 15:37:07.622,1470,32058.32
2025-11-16 15:37:07.622,1471,37613.93
2025-11-16 15:37:07.622,1472,67304.12
2025-11-16 15:37:07.622,1473,32945.45
2025-11-16 15:37:07.622,1474,34640.03
2025-11-16 15:37:07.622,1475,36793.67
2025-11-16 15:37:07.622,1476,32058.32
2025-11-16 15:37:07.622,1477,31628.31
2025-11-16 15:37:07.622,1478,30671.81
2025-11-16 15:37:07.622,1479,48305.81
2025-11-16 15:37:07.622,1480,284551.28
2025-11-16 15:37:07.622,1481,53084.88
2025-11-16 15:37:07.622,1482,566776.38
2025-11-16 15:37:07.622,1483,37558.35
2025-11-16 15:37:07.622,1484,60617.66
2025-11-16 15:37:07.622,1485,71959.17
2025-11-16 15:37:07.622,1486,71959.17
2025-11-16 15:37:07.622,1487,71959.17
2025-11-16 15:37:07.622,1488,30835.0
2025-11-16 15:37:07.622,1489,34542.39
2025-11-16 15:37:07.622,1490,34156.08
2025-11-16 15:37:07.622,1491,33588.98
2025-11-16 15:37:07.622,1492,34060.55
2025-11-16 15:37:07.622,1493,33635.68
2025-11-16 15:37:07.622,1494,33588.98
2025-11-16 15:37:07.622,1495,34300.16
2025-11-16 15:37:07.622,1496,33776.39
2025-11-16 15:37:07.622,1497,29184.02
2025-11-16 15:37:07.622,1498,29449.88
2025-11-16 15:37:07.622,1499,29603.42
2025-11-16 15:37:07.622,1500,29221.78
2025-11-16 15:37:07.622,1501,28847.41
2025-11-16 15:37:07.622,1502,30550.28
2025-11-16 15:37:07.622,1503,29297.52
2025-11-16 15:37:07.622,1504,32189.05
2025-11-16 15:37:07.622,1505,28847.41
2025-11-16 15:37:07.622,1506,28773.39
2025-11-16 15:37:07.622,1507,33403.16
2025-11-16 15:37:07.622,1508,32058.32
2025-11-16 15:37:07.622,1509,32765.05
2025-11-16 15:37:07.622,1510,30917.09
2025-11-16 15:37:07.622,1511,32630.74
2025-11-16 15:37:07.622,1512,29603.42
2025-11-16 15:37:07.622,1513,27977.33
2025-11-16 15:37:07.622,1514,35335.6
2025-11-16 15:37:07.622,1515,31543.36
2025-11-16 15:37:07.622,1516,30071.27
2025-11-16 15:37:07.622,1517,30958.25
2025-11-16 15:37:07.622,1518,28299.01
2025-11-16 15:37:07.622,1519,32586.16
2025-11-16 15:37:07.622,1520,59416.6
2025-11-16 15:37:07.622,1521,28958.97
2025-11-16 15:37:07.622,1522,28480.09
2025-11-16 15:37:07.622,1523,32189.05
2025-11-16 15:37:07.622,1524,28996.3
2025-11-16 15:37:07.622,1525,29297.52
2025-11-16 15:37:07.622,1526,32364.63
2025-11-16 15:37:07.622,1527,43983.32
2025-11-16 15:37:07.622,1528,247485.06
2025-11-16 15:37:07.622,1529,45602.89
2025-11-16 15:37:07.622,1530,460679.59
2025-11-16 15:37:07.622,1531,31713.61
2025-11-16 15:37:07.622,1532,50827.38
2025-11-16 15:37:07.622,1533,59534.86
2025-11-16 15:37:07.622,1534,59534.86
2025-11-16 15:37:07.622,1535,59534.86
2025-11-16 15:37:07.622,1536,26544.65
2025-11-16 15:37:07.622,1537,26544.65
2025-11-16 15:37:07.622,1538,26544.65
2025-11-16 15:37:07.622,1539,26544.65
2025-11-16 15:37:07.622,1540,26544.65
2025-11-16 15:37:07.622,1541,26544.65
2025-11-16 15:37:07.622,1542,26544.65
2025-11-16 15:37:07.622,1543,26544.65
2025-11-16 15:37:07.622,1544,26544.65
2025-11-16 15:37:07.622,1545,26544.65
2025-11-16 15:37:07.622,1546,26544.65
2025-11-16 15:37:07.622,1547,26544.65
2025-11-16 15:37:07.622,1548,26544.65
2025-11-16 15:37:07.622,1549,26544.65
2025-11-16 15:37:07.622,1550,26544.65
2025-11-16 15:37:07.622,1551,26544.65
2025-11-16 15:37:07.622,1552,26544.65
2025-11-16 15:37:07.622,1553,26544.65
2025-11-16 15:37:07.622,1554,26544.65
2025-11-16 15:37:07.622,1555,26544.65
2025-11-16 15:37:07.622,1556,26544.65
2025-11-16 15:37:07.622,1557,26544.65
2025-11-16 15:37:07.622,1558,26544.65
2025-11-16 15:37:07.622,1559,26544.65
2025-11-16 15:37:07.622,1560,26544.65
2025-11-16 15:37:07.622,1561,26544.65
2025-11-16 15:37:07.622,1562,26544.65
2025-11-16 15:37:07.622,1563,26544.65
2025-11-16 15:37:07.622,1564,26544.65
2025-11-16 15:37:07.622,1565,26544.65
2025-11-16 15:37:07.622,1566,26544.65
2025-11-16 15:37:07.622,1567,26544.65
2025-11-16 15:37:07.622,1568,26544.65
2025-11-16 15:37:07.622,1569,26544.65
2025-11-16 15:37:07.622,1570,26544.65
2025-11-16 15:37:07.622,1571,26544.65
2025-11-16 15:37:07.622,1572,26544.65
2025-11-16 15:37:07.622,1573,26544.65
2025-11-16 15:37:07.622,1574,26544.65
2025-11-16 15:37:07.622,1575,26544.65
2025-11-16 15:37:07.622,1576,26544.65
2025-11-16 15:37:07.622,1577,26544.65
2025-11-16 15:37:07.622,1578,26544.65
2025-11-16 15:37:07.622,1579,26544.65
2025-11-16 15:37:07.622,1580,26544.65
2025-11-16 15:37:07.622,1581,26544.65
2025-11-16 15:37:07.622,1582,26544.65
2025-11-16 15:37:07.622,1583,26544.65
2025-11-16 15:37:07.622,1584,26544.65
2025-11-16 15:37:07.622,1585,25963.11
2025-11-16 15:37:07.622,1586,25679.2
2025-11-16 15:37:07.622,1587,24586.87
2025-11-16 15:37:07.622,1588,24973.54
2025-11-16 15:37:07.622,1589,24973.54
2025-11-16 15:37:07.622,1590,25154.93
2025-11-16 15:37:07.622,1591,25523.39
2025-11-16 15:37:07.622,1592,25523.39
2025-11-16 15:37:07.622,1593,25276.9
2025-11-16 15:37:07.622,1594,25523.39
2025-11-16 15:37:07.622,1595,25094.26
2025-11-16 15:37:07.622,1596,25033.8
2025-11-16 15:37:07.622,1597,25033.8
2025-11-16 15:37:07.622,1598,25836.37
2025-11-16 15:37:07.622,1599,25710.52
2025-11-16 15:37:07.622,1600,27695.87
2025-11-16 15:37:07.622,1601,24498.84
2025-11-16 15:37:07.622,1602,23726.24
2025-11-16 15:37:07.622,1603,27941.91
2025-11-16 15:37:07.622,1604,27315.59
2025-11-16 15:37:07.622,1605,27660.98
2025-11-16 15:37:07.622,1606,26283.89
2025-11-16 15:37:07.622,1607,28407.46
2025-11-16 15:37:07.622,1608,25836.37
2025-11-16 15:37:07.622,1609,24324.12
2025-11-16 15:37:07.622,1610,30958.25
2025-11-16 15:37:07.622,1611,27315.59
2025-11-16 15:37:07.622,1612,25963.11
2025-11-16 15:37:07.622,1613,26942.87
2025-11-16 15:37:07.622,1614,25124.57
2025-11-16 15:37:07.622,1615,27800.93
2025-11-16 15:37:07.622,1616,53182.58
2025-11-16 15:37:07.622,1617,25094.26
2025-11-16 15:37:07.622,1618,25773.33
2025-11-16 15:37:07.622,1619,28335.09
2025-11-16 15:37:07.622,1620,25585.55
2025-11-16 15:37:07.622,1621,26026.81
2025-11-16 15:37:07.622,1622,30189.96
2025-11-16 15:37:07.622,1623,39644.14
2025-11-16 15:37:07.622,1624,213700.14
2025-11-16 15:37:07.622,1625,40318.35
2025-11-16 15:37:07.622,1626,471757.34
2025-11-16 15:37:07.622,1627,28191.18
2025-11-16 15:37:07.622,1628,45151.65
2025-11-16 15:37:07.622,1629,965113.19
2025-11-16 15:37:07.622,1630,52600.88
2025-11-16 15:37:07.622,1631,52600.88
2025-11-16 15:37:07.622,1632,24469.6
2025-11-16 15:37:07.622,1633,24324.12
2025-11-16 15:37:07.622,1634,23866.7
2025-11-16 15:37:07.622,1635,23284.46
2025-11-16 15:37:07.622,1636,23838.52
2025-11-16 15:37:07.622,1637,23782.29
2025-11-16 15:37:07.622,1638,23754.24
2025-11-16 15:37:07.622,1639,24036.8
2025-11-16 15:37:07.622,1640,24151.15
2025-11-16 15:37:07.622,1641,23866.7
2025-11-16 15:37:07.622,1642,23810.38
2025-11-16 15:37:07.622,1643,23894.93
2025-11-16 15:37:07.622,1644,23923.21
2025-11-16 15:37:07.622,1645,23923.21
2025-11-16 15:37:07.622,1646,24794.01
2025-11-16 15:37:07.622,1647,24065.32
2025-11-16 15:37:07.622,1648,26090.74
2025-11-16 15:37:07.622,1649,22960.62
2025-11-16 15:37:07.622,1650,23040.99
2025-11-16 15:37:07.622,1651,26875.9
2025-11-16 15:37:07.622,1652,26154.89
2025-11-16 15:37:07.622,1653,26544.65
2025-11-16 15:37:07.622,1654,24764.27
2025-11-16 15:37:07.622,1655,26610.43
2025-11-16 15:37:07.622,1656,24324.12
2025-11-16 15:37:07.622,1657,22486.47
2025-11-16 15:37:07.622,1658,28810.36
2025-11-16 15:37:07.622,1659,25585.55
2025-11-16 15:37:07.622,1660,18679.5
2025-11-16 15:37:07.622,1661,24324.12
2025-11-16 15:37:07.622,1662,19194.97
2025-11-16 15:37:07.622,1663,26219.28
2025-11-16 15:37:07.622,1664,52409.35
2025-11-16 15:37:07.622,1665,19111.26
2025-11-16 15:37:07.622,1666,21577.78
2025-11-16 15:37:07.622,1667,26026.81
2025-11-16 15:37:07.622,1668,17949.02
2025-11-16 15:37:07.622,1669,20442.16
2025-11-16 15:37:07.622,1670,26643.4
2025-11-16 15:37:07.622,1671,35034.87
2025-11-16 15:37:07.622,1672,194675.0
2025-11-16 15:37:07.622,1673,37781.43
2025-11-16 15:37:07.622,1674,403612.41
2025-11-16 15:37:07.622,1675,26090.74
2025-11-16 15:37:07.622,1676,42253.52
2025-11-16 15:37:07.622,1677,50199.01
2025-11-16 15:37:07.622,1678,50199.01
2025-11-16 15:37:07.622,1679,50199.01
2025-11-16 15:37:07.622,1680,36793.67
2025-11-16 15:37:07.622,1681,35949.24
2025-11-16 15:37:07.622,1682,35742.86
2025-11-16 15:37:07.622,1683,33495.87
2025-11-16 15:37:07.622,1684,34935.51
2025-11-16 15:37:07.622,1685,35742.86
2025-11-16 15:37:07.622,1686,35640.36
2025-11-16 15:37:07.622,1687,35234.91
2025-11-16 15:37:07.622,1688,35084.71
2025-11-16 15:37:07.622,1689,35084.71
2025-11-16 15:37:07.622,1690,35335.6
2025-11-16 15:37:07.622,1691,35034.87
2025-11-16 15:37:07.622,1692,34836.58
2025-11-16 15:37:07.622,1693,35084.71
2025-11-16 15:37:07.622,1694,35949.24
2025-11-16 15:37:07.622,1695,34640.03
2025-11-16 15:37:07.622,1696,37392.4
2025-11-16 15:37:07.622,1697,31543.36
2025-11-16 15:37:07.622,1698,34108.26
2025-11-16 15:37:07.622,1699,39283.93
2025-11-16 15:37:07.622,1700,37447.59
2025-11-16 15:37:07.622,1701,38006.61
2025-11-16 15:37:07.622,1702,35949.24
2025-11-16 15:37:07.622,1703,38348.37
2025-11-16 15:37:07.622,1704,35034.87
2025-11-16 15:37:07.622,1705,33081.75
2025-11-16 15:37:07.622,1706,41657.55
2025-11-16 15:37:07.622,1707,36901.41
2025-11-16 15:37:07.622,1708,33776.39
2025-11-16 15:37:07.622,1709,36157.48
2025-11-16 15:37:07.622,1710,32586.16
2025-11-16 15:37:07.622,1711,37781.43
2025-11-16 15:37:07.622,1712,65307.78
2025-11-16 15:37:07.622,1713,33356.95
2025-11-16 15:37:07.622,1714,34935.51
2025-11-16 15:37:07.622,1715,38120.0
2025-11-16 15:37:07.622,1716,30876.0
2025-11-16 15:37:07.622,1717,33127.38
2025-11-16 15:37:07.622,1718,39523.48
2025-11-16 15:37:07.622,1719,50918.22
2025-11-16 15:37:07.622,1720,261133.28
2025-11-16 15:37:07.622,1721,52600.88
2025-11-16 15:37:07.622,1722,566776.38
2025-11-16 15:37:07.622,1723,37118.37
2025-11-16 15:37:07.622,1724,57022.54
2025-11-16 15:37:07.622,1725,68342.44
2025-11-16 15:37:07.622,1726,68342.44
2025-11-16 15:37:07.622,1727,68342.44
2025-11-16 15:37:07.622,1728,26809.18
2025-11-16 15:37:07.622,1729,26219.28
2025-11-16 15:37:07.622,1730,25963.11
2025-11-16 15:37:07.622,1731,25094.26
2025-11-16 15:37:07.622,1732,25647.93
2025-11-16 15:37:07.622,1733,25585.55
2025-11-16 15:37:07.622,1734,25616.71
2025-11-16 15:37:07.622,1735,25994.93
2025-11-16 15:37:07.622,1736,25710.52
2025-11-16 15:37:07.622,1737,25585.55
2025-11-16 15:37:07.622,1738,25963.11
2025-11-16 15:37:07.622,1739,25647.93
2025-11-16 15:37:07.622,1740,25554.44
2025-11-16 15:37:07.622,1741,25710.52
2025-11-16 15:37:07.622,1742,26544.65
2025-11-16 15:37:07.622,1743,25710.52
2025-11-16 15:37:07.622,1744,27626.15
2025-11-16 15:37:07.622,1745,23586.93
2025-11-16 15:37:07.622,1746,23040.99
2025-11-16 15:37:07.622,1747,28335.09
2025-11-16 15:37:07.622,1748,27765.84
2025-11-16 15:37:07.622,1749,27556.69
2025-11-16 15:37:07.622,1750,26090.74
2025-11-16 15:37:07.622,1751,27836.08
2025-11-16 15:37:07.622,1752,25963.11
2025-11-16 15:37:07.622,1753,22486.47
2025-11-16 15:37:07.622,1754,30309.35
2025-11-16 15:37:07.622,1755,26875.9
2025-11-16 15:37:07.622,1756,21700.95
2025-11-16 15:37:07.622,1757,25523.39
2025-11-16 15:37:07.622,1758,21504.34
2025-11-16 15:37:07.622,1759,27765.84
2025-11-16 15:37:07.622,1760,49758.04
2025-11-16 15:37:07.622,1761,22933.92
2025-11-16 15:37:07.622,1762,23951.54
2025-11-16 15:37:07.622,1763,27626.15
2025-11-16 15:37:07.622,1764,21925.08
2025-11-16 15:37:07.622,1765,21553.27
2025-11-16 15:37:07.622,1766,27765.84
2025-11-16 15:37:07.622,1767,37725.46
2025-11-16 15:37:07.622,1768,206594.58
2025-11-16 15:37:07.622,1769,39704.69
2025-11-16 15:37:07.622,1770,450099.75
2025-11-16 15:37:07.622,1771,27315.59
2025-11-16 15:37:07.622,1772,42253.52
2025-11-16 15:37:07.622,1773,809075.0
2025-11-16 15:37:07.622,1774,51841.71
2025-11-16 15:37:07.622,1775,51841.71
2025-11-16 15:37:07.622,1776,26676.44
2025-11-16 15:37:07.622,1777,25710.52
2025-11-16 15:37:07.622,1778,25585.55
2025-11-16 15:37:07.622,1779,24382.16
2025-11-16 15:37:07.622,1780,24675.34
2025-11-16 15:37:07.622,1781,24913.49
2025-11-16 15:37:07.622,1782,24973.54
2025-11-16 15:37:07.622,1783,25033.8
2025-11-16 15:37:07.622,1784,25154.93
2025-11-16 15:37:07.622,1785,25064.0
2025-11-16 15:37:07.622,1786,25215.81
2025-11-16 15:37:07.622,1787,25033.8
2025-11-16 15:37:07.622,1788,25003.64
2025-11-16 15:37:07.622,1789,25033.8
2025-11-16 15:37:07.622,1790,26090.74
2025-11-16 15:37:07.622,1791,25154.93
2025-11-16 15:37:07.622,1792,26610.43
2025-11-16 15:37:07.622,1793,23257.23
2025-11-16 15:37:07.622,1794,22987.37
2025-11-16 15:37:07.622,1795,28191.18
2025-11-16 15:37:07.622,1796,27213.2
2025-11-16 15:37:07.622,1797,27247.26
2025-11-16 15:37:07.622,1798,25836.37
2025-11-16 15:37:07.622,1799,27695.87
2025-11-16 15:37:07.622,1800,25710.52
2025-11-16 15:37:07.622,1801,23040.99
2025-11-16 15:37:07.622,1802,30309.35
2025-11-16 15:37:07.622,1803,26875.9
2025-11-16 15:37:07.622,1804,22408.76
2025-11-16 15:37:07.622,1805,25710.52
2025-11-16 15:37:07.622,1806,22408.76
2025-11-16 15:37:07.622,1807,27695.87
2025-11-16 15:37:07.622,1808,49845.72
2025-11-16 15:37:07.622,1809,23175.81
2025-11-16 15:37:07.622,1810,24266.27
2025-11-16 15:37:07.622,1811,27730.82
2025-11-16 15:37:07.622,1812,21528.79
2025-11-16 15:37:07.622,1813,19794.65
2025-11-16 15:37:07.622,1814,27906.57
2025-11-16 15:37:07.622,1815,37063.94
2025-11-16 15:37:07.622,1816,195704.14
2025-11-16 15:37:07.622,1817,39403.42
2025-11-16 15:37:07.622,1818,430305.09
2025-11-16 15:37:07.622,1819,27591.39
2025-11-16 15:37:07.622,1820,44854.87
2025-11-16 15:37:07.622,1821,942433.13
2025-11-16 15:37:07.622,1822,52987.48
2025-11-16 15:37:07.622,1823,52987.48
2025-11-16 15:37:07.622,1824,33776.39
2025-11-16 15:37:07.622,1825,32720.19
2025-11-16 15:37:07.622,1826,31885.26
2025-11-16 15:37:07.622,1827,31374.49
2025-11-16 15:37:07.622,1828,32058.32
2025-11-16 15:37:07.622,1829,31543.36
2025-11-16 15:37:07.622,1830,31501.02
2025-11-16 15:37:07.622,1831,32232.81
2025-11-16 15:37:07.622,1832,32145.38
2025-11-16 15:37:07.622,1833,31756.39
2025-11-16 15:37:07.622,1834,32058.32
2025-11-16 15:37:07.622,1835,31971.61
2025-11-16 15:37:07.622,1836,31713.61
2025-11-16 15:37:07.622,1837,32058.32
2025-11-16 15:37:07.622,1838,32855.06
2025-11-16 15:37:07.622,1839,32145.38
2025-11-16 15:37:07.622,1840,34542.39
2025-11-16 15:37:07.622,1841,29297.52
2025-11-16 15:37:07.622,1842,29526.5
2025-11-16 15:37:07.622,1843,34542.39
2025-11-16 15:37:07.622,1844,34300.16
2025-11-16 15:37:07.622,1845,34252.03
2025-11-16 15:37:07.622,1846,32276.66
2025-11-16 15:37:07.622,1847,34738.09
2025-11-16 15:37:07.622,1848,32320.6
2025-11-16 15:37:07.622,1849,28921.71
2025-11-16 15:37:07.622,1850,38233.91
2025-11-16 15:37:07.622,1851,33776.39
2025-11-16 15:37:07.622,1852,30550.28
2025-11-16 15:37:07.622,1853,32765.05
2025-11-16 15:37:07.622,1854,28048.35
2025-11-16 15:37:07.622,1855,34640.03
2025-11-16 15:37:07.622,1856,57354.41
2025-11-16 15:37:07.622,1857,29603.42
2025-11-16 15:37:07.622,1858,32810.01
2025-11-16 15:37:07.622,1859,35134.67
2025-11-16 15:37:07.622,1860,30309.35
2025-11-16 15:37:07.622,1861,29449.88
2025-11-16 15:37:07.622,1862,35234.91
2025-11-16 15:37:07.622,1863,46527.84
2025-11-16 15:37:07.622,1864,228014.55
2025-11-16 15:37:07.622,1865,48725.57
2025-11-16 15:37:07.622,1866,566776.38
2025-11-16 15:37:07.622,1867,34156.08
2025-11-16 15:37:07.622,1868,49670.62
2025-11-16 15:37:07.622,1869,988899.38
2025-11-16 15:37:07.622,1870,63676.8
2025-11-16 15:37:07.622,1871,63676.8
2025-11-16 15:37:07.622,1872,27871.29
2025-11-16 15:37:07.622,1873,27556.69
2025-11-16 15:37:07.622,1874,26875.9
2025-11-16 15:37:07.622,1875,26479.11
2025-11-16 15:37:07.622,1876,26610.43
2025-11-16 15:37:07.622,1877,26809.18
2025-11-16 15:37:07.622,1878,26875.9
2025-11-16 15:37:07.622,1879,27043.79
2025-11-16 15:37:07.622,1880,26709.53
2025-11-16 15:37:07.622,1881,26610.43
2025-11-16 15:37:07.622,1882,26742.69
2025-11-16 15:37:07.622,1883,26742.69
2025-11-16 15:37:07.622,1884,26842.51
2025-11-16 15:37:07.622,1885,26842.51
2025-11-16 15:37:07.622,1886,27800.93
2025-11-16 15:37:07.622,1887,26676.44
2025-11-16 15:37:07.622,1888,28921.71
2025-11-16 15:37:07.622,1889,25003.64
2025-11-16 15:37:07.622,1890,24794.01
2025-11-16 15:37:07.622,1891,29641.99
2025-11-16 15:37:07.622,1892,28773.39
2025-11-16 15:37:07.622,1893,28847.41
2025-11-16 15:37:07.622,1894,27077.54
2025-11-16 15:37:07.622,1895,28847.41
2025-11-16 15:37:07.622,1896,26809.18
2025-11-16 15:37:07.622,1897,22357.16
2025-11-16 15:37:07.622,1898,31628.31
2025-11-16 15:37:07.622,1899,27871.29
2025-11-16 15:37:07.622,1900,24122.49
2025-11-16 15:37:07.622,1901,26809.18
2025-11-16 15:37:07.622,1902,21504.34
2025-11-16 15:37:07.622,1903,28884.52
2025-11-16 15:37:07.622,1904,50466.71
2025-11-16 15:37:07.622,1905,24528.13
2025-11-16 15:37:07.622,1906,27556.69
2025-11-16 15:37:07.622,1907,29297.52
2025-11-16 15:37:07.622,1908,24179.86
2025-11-16 15:37:07.622,1909,23421.27
2025-11-16 15:37:07.622,1910,28155.37
2025-11-16 15:37:07.622,1911,39644.14
2025-11-16 15:37:07.622,1912,197793.8
2025-11-16 15:37:07.622,1913,41526.96
2025-11-16 15:37:07.622,1914,460679.59
2025-11-16 15:37:07.622,1915,28662.88
2025-11-16 15:37:07.622,1916,42590.57
2025-11-16 15:37:07.622,1917,793012.25
2025-11-16 15:37:07.622,1918,54480.68
2025-11-16 15:37:07.622,1919,54480.68
2025-11-16 15:37:07.622,1920,900097.25
2025-11-16 15:37:07.622,1921,793012.25
2025-11-16 15:37:07.622,1922,734602.25
2025-11-16 15:37:07.622,1923,793012.25
2025-11-16 15:37:07.622,1924,734602.25
2025-11-16 15:37:07.622,1925,640033.69
2025-11-16 15:37:07.622,1926,900097.25
2025-11-16 15:37:07.622,1927,861364.44
2025-11-16 15:37:07.622,1928,734602.25
2025-11-16 15:37:07.622,1929,734602.25
2025-11-16 15:37:07.622,1930,942433.13
2025-11-16 15:37:07.622,1931,825793.38
2025-11-16 15:37:07.622,1932,861364.44
2025-11-16 15:37:07.622,1933,777567.38
2025-11-16 15:37:07.622,1934,861364.44
2025-11-16 15:37:07.622,1935,777567.38
2025-11-16 15:37:07.622,1936,942433.13
2025-11-16 15:37:07.622,1937,861364.44
2025-11-16 15:37:07.622,1938,900097.25
2025-11-16 15:37:07.622,1939,942433.13
2025-11-16 15:37:07.622,1940,965113.19
2025-11-16 15:37:07.622,1941,900097.25
2025-11-16 15:37:07.622,1942,988899.38
2025-11-16 15:37:07.622,1943,988899.38
2025-11-16 15:37:07.622,1944,861364.44
2025-11-16 15:37:07.622,1945,861364.44
2025-11-16 15:37:07.622,1946,793012.25
2025-11-16 15:37:07.622,1947,843208.31
2025-11-16 15:37:07.622,1948,734602.25
2025-11-16 15:37:07.622,1949,825793.38
2025-11-16 15:37:07.622,1950,900097.25
2025-11-16 15:37:07.622,1951,900097.25
2025-11-16 15:37:07.622,1952,988899.38
2025-11-16 15:37:07.622,1953,880309.75
2025-11-16 15:37:07.622,1954,988899.38
2025-11-16 15:37:07.622,1955,965113.19
2025-11-16 15:37:07.622,1956,920784.13
2025-11-16 15:37:07.622,1957,793012.25
2025-11-16 15:37:07.622,1958,988899.38
2025-11-16 15:37:07.622,1959,900097.25
2025-11-16 15:37:07.622,1960,900097.25
2025-11-16 15:37:07.622,1961,900097.25
2025-11-16 15:37:07.622,1962,900097.25
2025-11-16 15:37:07.622,1963,900097.25
2025-11-16 15:37:07.622,1964,809075.0
2025-11-16 15:37:07.622,1965,32945.45
2025-11-16 15:37:07.622,1966,32945.45
2025-11-16 15:37:07.622,1967,32945.45
2025-11-16 15:37:07.622,1968,32945.45
2025-11-16 15:37:07.622,1969,31885.26
2025-11-16 15:37:07.622,1970,31971.61
2025-11-16 15:37:07.622,1971,30753.24
2025-11-16 15:37:07.622,1972,31713.61
2025-11-16 15:37:07.622,1973,31628.31
2025-11-16 15:37:07.622,1974,31628.31
2025-11-16 15:37:07.622,1975,32014.92
2025-11-16 15:37:07.622,1976,32189.05
2025-11-16 15:37:07.622,1977,31885.26
2025-11-16 15:37:07.622,1978,31040.83
2025-11-16 15:37:07.622,1979,31799.26
2025-11-16 15:37:07.622,1980,31756.39
2025-11-16 15:37:07.622,1981,31543.36
2025-11-16 15:37:07.622,1982,32232.81
2025-11-16 15:37:07.622,1983,31928.39
2025-11-16 15:37:07.622,1984,34156.08
2025-11-16 15:37:07.622,1985,30389.34
2025-11-16 15:37:07.622,1986,29146.33
2025-11-16 15:37:07.622,1987,34985.13
2025-11-16 15:37:07.622,1988,33682.49
2025-11-16 15:37:07.622,1989,35034.87
2025-11-16 15:37:07.622,1990,32765.05
2025-11-16 15:37:07.622,1991,34885.99
2025-11-16 15:37:07.622,1992,32364.63
2025-11-16 15:37:07.622,1993,27906.57
2025-11-16 15:37:07.622,1994,38006.61
2025-11-16 15:37:07.622,1995,33682.49
2025-11-16 15:37:07.622,1996,29914.1
2025-11-16 15:37:07.622,1997,32232.81
2025-11-16 15:37:07.622,1998,26742.69
2025-11-16 15:37:07.622,1999,34445.18
2025-11-16 15:37:07.622,2000,62114.86
2025-11-16 15:37:07.622,2001,28553.0
2025-11-16 15:37:07.622,2002,35742.86
2025-11-16 15:37:07.622,2003,35034.87
2025-11-16 15:37:07.622,2004,28996.3
2025-11-16 15:37:07.622,2005,28921.71
2025-11-16 15:37:07.622,2006,34493.74
2025-11-16 15:37:07.622,2007,47241.95
2025-11-16 15:37:07.622,2008,230816.17
2025-11-16 15:37:07.622,2009,47728.11
2025-11-16 15:37:07.622,2010,528822.38
2025-11-16 15:37:07.622,2011,34156.08
2025-11-16 15:37:07.622,2012,49065.75
2025-11-16 15:37:07.622,2013,63411.8
2025-11-16 15:37:07.622,2014,63411.8
2025-11-16 15:37:07.622,2015,63411.8
2025-11-16 15:37:07.622,2016,900097.25
2025-11-16 15:37:07.622,2017,734602.25
2025-11-16 15:37:07.622,2018,734602.25
2025-11-16 15:37:07.622,2019,734602.25
2025-11-16 15:37:07.622,2020,762705.19
2025-11-16 15:37:07.622,2021,734602.25
2025-11-16 15:37:07.622,2022,708471.5
2025-11-16 15:37:07.622,2023,793012.25
2025-11-16 15:37:07.622,2024,861364.44
2025-11-16 15:37:07.622,2025,708471.5
2025-11-16 15:37:07.622,2026,762705.19
2025-11-16 15:37:07.622,2027,748393.56
2025-11-16 15:37:07.622,2028,721303.56
2025-11-16 15:37:07.622,2029,793012.25
2025-11-16 15:37:07.622,2030,708471.5
2025-11-16 15:37:07.622,2031,777567.38
2025-11-16 15:37:07.622,2032,777567.38
2025-11-16 15:37:07.622,2033,708471.5
2025-11-16 15:37:07.622,2034,734602.25
2025-11-16 15:37:07.622,2035,762705.19
2025-11-16 15:37:07.622,2036,777567.38
2025-11-16 15:37:07.622,2037,762705.19
2025-11-16 15:37:07.622,2038,684112.31
2025-11-16 15:37:07.622,2039,661350.38
2025-11-16 15:37:07.622,2040,550970.88
2025-11-16 15:37:07.622,2041,592227.94
2025-11-16 15:37:07.622,2042,734602.25
2025-11-16 15:37:07.622,2043,661350.38
2025-11-16 15:37:07.622,2044,661350.38
2025-11-16 15:37:07.622,2045,684112.31
2025-11-16 15:37:07.622,2046,521823.06
2025-11-16 15:37:07.622,2047,661350.38
2025-11-16 15:37:07.622,2048,721303.56
2025-11-16 15:37:07.622,2049,575017.88
2025-11-16 15:37:07.622,2050,583498.19
2025-11-16 15:37:07.622,2051,566776.38
2025-11-16 15:37:07.622,2052,708471.5
2025-11-16 15:37:07.622,2053,650520.19
2025-11-16 15:37:07.622,2054,592227.94
2025-11-16 15:37:07.622,2055,793012.25
2025-11-16 15:37:07.622,2056,696081.88
2025-11-16 15:37:07.622,2057,696081.88
2025-11-16 15:37:07.622,2058,734602.25
2025-11-16 15:37:07.622,2059,734602.25
2025-11-16 15:37:07.622,2060,358884.03
2025-11-16 15:37:07.622,2061,900097.25
2025-11-16 15:37:07.622,2062,900097.25
2025-11-16 15:37:07.622,2063,900097.25
2025-11-16 15:37:07.622,2064,27349.84
2025-11-16 15:37:07.622,2065,26809.18
2025-11-16 15:37:07.622,2066,26348.73
2025-11-16 15:37:07.622,2067,25154.93
2025-11-16 15:37:07.622,2068,26348.73
2025-11-16 15:37:07.622,2069,26251.55
2025-11-16 15:37:07.622,2070,26610.43
2025-11-16 15:37:07.622,2071,26610.43
2025-11-16 15:37:07.622,2072,26809.18
2025-11-16 15:37:07.622,2073,26479.11
2025-11-16 15:37:07.622,2074,26610.43
2025-11-16 15:37:07.622,2075,26676.44
2025-11-16 15:37:07.622,2076,26809.18
2025-11-16 15:37:07.622,2077,26875.9
2025-11-16 15:37:07.622,2078,27349.84
2025-11-16 15:37:07.622,2079,26775.9
2025-11-16 15:37:07.622,2080,28443.74
2025-11-16 15:37:07.622,2081,21166.06
2025-11-16 15:37:07.622,2082,25003.64
2025-11-16 15:37:07.622,2083,29449.88
2025-11-16 15:37:07.622,2084,28996.3
2025-11-16 15:37:07.622,2085,29146.33
2025-11-16 15:37:07.622,2086,27906.57
2025-11-16 15:37:07.622,2087,29992.53
2025-11-16 15:37:07.622,2088,27660.98
2025-11-16 15:37:07.622,2089,26577.51
2025-11-16 15:37:07.622,2090,32945.45
2025-11-16 15:37:07.622,2091,29526.5
2025-11-16 15:37:07.622,2092,27145.25
2025-11-16 15:37:07.622,2093,28263.01
2025-11-16 15:37:07.622,2094,26479.11
2025-11-16 15:37:07.622,2095,29449.88
2025-11-16 15:37:07.622,2096,56046.25
2025-11-16 15:37:07.622,2097,26742.69
2025-11-16 15:37:07.622,2098,31713.61
2025-11-16 15:37:07.622,2099,30712.49
2025-11-16 15:37:07.622,2100,26742.69
2025-11-16 15:37:07.622,2101,27077.54
2025-11-16 15:37:07.622,2102,32541.67
2025-11-16 15:37:07.622,2103,41854.7
2025-11-16 15:37:07.622,2104,195704.14
2025-11-16 15:37:07.622,2105,41397.01
2025-11-16 15:37:07.622,2106,444986.13
2025-11-16 15:37:07.622,2107,28810.36
2025-11-16 15:37:07.622,2108,47484.0
2025-11-16 15:37:07.622,2109,900097.25
2025-11-16 15:37:07.622,2110,56260.74
2025-11-16 15:37:07.622,2111,56260.74
2025-11-16 15:37:07.622,2112,734602.25
2025-11-16 15:37:07.622,2113,661350.38
2025-11-16 15:37:07.622,2114,734602.25
2025-11-16 15:37:07.622,2115,650520.19
2025-11-16 15:37:07.622,2116,583498.19
2025-11-16 15:37:07.622,2117,708471.5
2025-11-16 15:37:07.622,2118,640033.69
2025-11-16 15:37:07.622,2119,650520.19
2025-11-16 15:37:07.622,2120,734602.25
2025-11-16 15:37:07.622,2121,592227.94
2025-11-16 15:37:07.622,2122,793012.25
2025-11-16 15:37:07.622,2123,793012.25
2025-11-16 15:37:07.622,2124,793012.25
2025-11-16 15:37:07.622,2125,672541.69
2025-11-16 15:37:07.622,2126,661350.38
2025-11-16 15:37:07.622,2127,762705.19
2025-11-16 15:37:07.622,2128,762705.19
2025-11-16 15:37:07.622,2129,708471.5
2025-11-16 15:37:07.622,2130,734602.25
2025-11-16 15:37:07.622,2131,843208.31
2025-11-16 15:37:07.622,2132,684112.31
2025-11-16 15:37:07.622,2133,748393.56
2025-11-16 15:37:07.622,2134,793012.25
2025-11-16 15:37:07.622,2135,661350.38
2025-11-16 15:37:07.622,2136,471757.34
2025-11-16 15:37:07.622,2137,566776.38
2025-11-16 15:37:07.622,2138,661350.38
2025-11-16 15:37:07.622,2139,550970.88
2025-11-16 15:37:07.622,2140,521823.06
2025-11-16 15:37:07.622,2141,521823.06
2025-11-16 15:37:07.622,2142,536008.31
2025-11-16 15:37:07.622,2143,483368.97
2025-11-16 15:37:07.622,2144,342978.47
2025-11-16 15:37:07.622,2145,536008.31
2025-11-16 15:37:07.622,2146,550970.88
2025-11-16 15:37:07.622,2147,601218.31
2025-11-16 15:37:07.622,2148,601218.31
2025-11-16 15:37:07.622,2149,483368.97
2025-11-16 15:37:07.622,2150,583498.19
2025-11-16 15:37:07.622,2151,721303.56
2025-11-16 15:37:07.622,2152,661350.38
2025-11-16 15:37:07.622,2153,661350.38
2025-11-16 15:37:07.622,2154,696081.88
2025-11-16 15:37:07.622,2155,696081.88
2025-11-16 15:37:07.622,2156,88812.2
2025-11-16 15:37:07.622,2157,721303.56
2025-11-16 15:37:07.622,2158,721303.56
2025-11-16 15:37:07.622,2159,721303.56
2025-11-16 15:37:07.622,2160,650520.19
2025-11-16 15:37:07.622,2161,684112.31
2025-11-16 15:37:07.622,2162,708471.5
2025-11-16 15:37:07.622,2163,640033.69
2025-11-16 15:37:07.622,2164,672541.69
2025-11-16 15:37:07.622,2165,734602.25
2025-11-16 15:37:07.622,2166,661350.38
2025-11-16 15:37:07.622,2167,708471.5
2025-11-16 15:37:07.622,2168,684112.31
2025-11-16 15:37:07.622,2169,661350.38
2025-11-16 15:37:07.622,2170,566776.38
2025-11-16 15:37:07.622,2171,696081.88
2025-11-16 15:37:07.622,2172,734602.25
2025-11-16 15:37:07.622,2173,721303.56
2025-11-16 15:37:07.622,2174,721303.56
2025-11-16 15:37:07.622,2175,661350.38
2025-11-16 15:37:07.622,2176,861364.44
2025-11-16 15:37:07.622,2177,708471.5
2025-11-16 15:37:07.622,2178,762705.19
2025-11-16 15:37:07.622,2179,762705.19
2025-11-16 15:37:07.622,2180,734602.25
2025-11-16 15:37:07.622,2181,684112.31
2025-11-16 15:37:07.622,2182,748393.56
2025-11-16 15:37:07.622,2183,793012.25
2025-11-16 15:37:07.622,2184,721303.56
2025-11-16 15:37:07.622,2185,684112.31
2025-11-16 15:37:07.622,2186,880309.75
2025-11-16 15:37:07.622,2187,661350.38
2025-11-16 15:37:07.622,2188,435092.38
2025-11-16 15:37:07.622,2189,536008.31
2025-11-16 15:37:07.622,2190,521823.06
2025-11-16 15:37:07.622,2191,601218.31
2025-11-16 15:37:07.622,2192,444986.13
2025-11-16 15:37:07.622,2193,684112.31
2025-11-16 15:37:07.622,2194,661350.38
2025-11-16 15:37:07.622,2195,583498.19
2025-11-16 15:37:07.622,2196,575017.88
2025-11-16 15:37:07.622,2197,536008.31
2025-11-16 15:37:07.622,2198,558763.94
2025-11-16 15:37:07.622,2199,762705.19
2025-11-16 15:37:07.622,2200,942433.13
2025-11-16 15:37:07.622,2201,942433.13
2025-11-16 15:37:07.622,2202,566776.38
2025-11-16 15:37:07.622,2203,566776.38
2025-11-16 15:37:07.622,2204,141018.91
2025-11-16 15:37:07.622,2205,762705.19
2025-11-16 15:37:07.622,2206,762705.19
2025-11-16 15:37:07.622,2207,762705.19
2025-11-16 15:37:07.622,2208,314954.38
2025-11-16 15:37:07.622,2209,314954.38
2025-11-16 15:37:07.622,2210,314954.38
2025-11-16 15:37:07.622,2211,314954.38
2025-11-16 15:37:07.622,2212,314954.38
2025-11-16 15:37:07.622,2213,314954.38
2025-11-16 15:37:07.622,2214,314954.38
2025-11-16 15:37:07.622,2215,314954.38
2025-11-16 15:37:07.622,2216,314954.38
2025-11-16 15:37:07.622,2217,314954.38
2025-11-16 15:37:07.622,2218,314954.38
2025-11-16 15:37:07.622,2219,314954.38
2025-11-16 15:37:07.622,2220,314954.38
2025-11-16 15:37:07.622,2221,314954.38
2025-11-16 15:37:07.622,2222,314954.38
2025-11-16 15:37:07.622,2223,314954.38
2025-11-16 15:37:07.622,2224,314954.38
2025-11-16 15:37:07.622,2225,314954.38
2025-11-16 15:37:07.622,2226,314954.38
2025-11-16 15:37:07.622,2227,314954.38
2025-11-16 15:37:07.622,2228,314954.38
2025-11-16 15:37:07.622,2229,314954.38
2025-11-16 15:37:07.622,2230,314954.38
2025-11-16 15:37:07.622,2231,314954.38
2025-11-16 15:37:07.622,2232,314954.38
2025-11-16 15:37:07.622,2233,314954.38
2025-11-16 15:37:07.622,2234,314954.38
2025-11-16 15:37:07.622,2235,314954.38
2025-11-16 15:37:07.622,2236,314954.38
2025-11-16 15:37:07.622,2237,314954.38
2025-11-16 15:37:07.622,2238,314954.38
2025-11-16 15:37:07.622,2239,314954.38
2025-11-16 15:37:07.622,2240,314954.38
2025-11-16 15:37:07.622,2241,314954.38
2025-11-16 15:37:07.622,2242,314954.38
2025-11-16 15:37:07.622,2243,314954.38
2025-11-16 15:37:07.622,2244,314954.38
2025-11-16 15:37:07.622,2245,314954.38
2025-11-16 15:37:07.622,2246,314954.38
2025-11-16 15:37:07.622,2247,314954.38
2025-11-16 15:37:07.622,2248,314954.38
2025-11-16 15:37:07.622,2249,314954.38
2025-11-16 15:37:07.622,2250,314954.38
2025-11-16 15:37:07.622,2251,314954.38
2025-11-16 15:37:07.622,2252,314954.38
2025-11-16 15:37:07.622,2253,314954.38
2025-11-16 15:37:07.622,2254,314954.38
2025-11-16 15:37:07.622,2255,314954.38
2025-11-16 15:37:07.622,2256,314954.38
2025-11-16 15:37:07.622,2257,293282.41
2025-11-16 15:37:07.622,2258,293282.41
2025-11-16 15:37:07.622,2259,276308.56
2025-11-16 15:37:07.622,2260,334076.69
2025-11-16 15:37:07.622,2261,322883.13
2025-11-16 15:37:07.622,2262,293282.41
2025-11-16 15:37:07.622,2263,320197.59
2025-11-16 15:37:07.622,2264,297844.91
2025-11-16 15:37:07.622,2265,268514.44
2025-11-16 15:37:07.622,2266,322883.13
2025-11-16 15:37:07.622,2267,317555.0
2025-11-16 15:37:07.622,2268,328387.41
2025-11-16 15:37:07.622,2269,312394.69
2025-11-16 15:37:07.622,2270,331208.34
2025-11-16 15:37:07.622,2271,288853.09
2025-11-16 15:37:07.622,2272,293282.41
2025-11-16 15:37:07.622,2273,314954.38
2025-11-16 15:37:07.622,2274,297844.91
2025-11-16 15:37:07.622,2275,297844.91
2025-11-16 15:37:07.622,2276,328387.41
2025-11-16 15:37:07.622,2277,342978.47
2025-11-16 15:37:07.622,2278,291051.47
2025-11-16 15:37:07.622,2279,325612.69
2025-11-16 15:37:07.622,2280,312394.69
2025-11-16 15:37:07.622,2281,297844.91
2025-11-16 15:37:07.622,2282,346048.91
2025-11-16 15:37:07.622,2283,331208.34
2025-11-16 15:37:07.622,2284,268514.44
2025-11-16 15:37:07.622,2285,297844.91
2025-11-16 15:37:07.622,2286,282446.44
2025-11-16 15:37:07.622,2287,342978.47
2025-11-16 15:37:07.622,2288,226638.0
2025-11-16 15:37:07.622,2289,320197.59
2025-11-16 15:37:07.622,2290,403612.41
2025-11-16 15:37:07.622,2291,383721.19
2025-11-16 15:37:07.622,2292,293282.41
2025-11-16 15:37:07.622,2293,291051.47
2025-11-16 15:37:07.622,2294,365654.84
2025-11-16 15:37:07.622,2295,450099.75
2025-11-16 15:37:07.622,2296,471757.34
2025-11-16 15:37:07.622,2297,471757.34
2025-11-16 15:37:07.622,2298,376290.09
2025-11-16 15:37:07.622,2299,376290.09
2025-11-16 15:37:07.622,2300,61608.8
2025-11-16 15:37:07.622,2301,483368.97
2025-11-16 15:37:07.622,2302,483368.97
2025-11-16 15:37:07.622,2303,483368.97
