Timestamp,Sensor_ID,Resistance_Ohms
2025-11-16 16:03:36.717,0,23366.42
2025-11-16 16:03:36.717,1,29297.52
2025-11-16 16:03:36.717,2,30509.92
2025-11-16 16:03:36.717,3,30309.35
2025-11-16 16:03:36.717,4,30071.27
2025-11-16 16:03:36.717,5,30712.49
2025-11-16 16:03:36.717,6,30631.22
2025-11-16 16:03:36.717,7,30712.49
2025-11-16 16:03:36.717,8,30550.28
2025-11-16 16:03:36.717,9,30550.28
2025-11-16 16:03:36.717,10,30876.0
2025-11-16 16:03:36.717,11,30835.0
2025-11-16 16:03:36.717,12,30794.08
2025-11-16 16:03:36.717,13,30712.49
2025-11-16 16:03:36.717,14,31885.26
2025-11-16 16:03:36.717,15,30631.22
2025-11-16 16:03:36.717,16,35640.36
2025-11-16 16:03:36.717,17,33776.39
2025-11-16 16:03:36.717,18,33682.49
2025-11-16 16:03:36.717,19,41526.96
2025-11-16 16:03:36.717,20,35640.36
2025-11-16 16:03:36.717,21,34445.18
2025-11-16 16:03:36.717,22,32145.38
2025-11-16 16:03:36.717,23,35742.86
2025-11-16 16:03:36.717,24,32541.67
2025-11-16 16:03:36.717,25,32320.6
2025-11-16 16:03:36.717,26,36955.46
2025-11-16 16:03:36.717,27,33729.39
2025-11-16 16:03:36.717,28,33588.98
2025-11-16 16:03:36.717,29,34252.03
2025-11-16 16:03:36.717,30,33588.98
2025-11-16 16:03:36.717,31,33036.22
2025-11-16 16:03:36.717,32,54582.74
2025-11-16 16:03:36.717,33,33495.87
2025-11-16 16:03:36.717,34,33682.49
2025-11-16 16:03:36.717,35,34300.16
2025-11-16 16:03:36.717,36,34348.4
2025-11-16 16:03:36.717,37,34060.55
2025-11-16 16:03:36.717,38,36901.41
2025-11-16 16:03:36.717,39,50377.22
2025-11-16 16:03:36.717,40,69101.3
2025-11-16 16:03:36.717,41,42590.57
2025-11-16 16:03:36.717,42,880309.75
2025-11-16 16:03:36.717,43,33310.84
2025-11-16 16:03:36.717,44,46527.84
2025-11-16 16:03:36.717,45,73637.78
2025-11-16 16:03:36.717,46,41139.08
2025-11-16 16:03:36.717,47,41139.08
2025-11-16 16:03:36.717,48,106903.57
2025-11-16 16:03:36.717,49,115905.77
2025-11-16 16:03:36.717,50,110700.96
2025-11-16 16:03:36.717,51,113621.23
2025-11-16 16:03:36.717,52,109992.31
2025-11-16 16:03:36.717,53,125056.52
2025-11-16 16:03:36.717,54,113996.21
2025-11-16 16:03:36.717,55,120320.87
2025-11-16 16:03:36.717,56,119086.36
2025-11-16 16:03:36.717,57,114373.48
2025-11-16 16:03:36.717,58,119086.36
2025-11-16 16:03:36.717,59,115134.95
2025-11-16 16:03:36.717,60,118276.26
2025-11-16 16:03:36.717,61,118276.26
2025-11-16 16:03:36.717,62,126864.97
2025-11-16 16:03:36.717,63,114373.48
2025-11-16 16:03:36.717,64,134609.98
2025-11-16 16:03:36.717,65,127787.46
2025-11-16 16:03:36.717,66,134609.98
2025-11-16 16:03:36.717,67,164172.88
2025-11-16 16:03:36.717,68,128722.46
2025-11-16 16:03:36.717,69,130148.98
2025-11-16 16:03:36.717,70,122862.01
2025-11-16 16:03:36.717,71,136685.03
2025-11-16 16:03:36.717,72,118680.02
2025-11-16 16:03:36.717,73,121157.05
2025-11-16 16:03:36.717,74,135640.13
2025-11-16 16:03:36.717,75,134609.98
2025-11-16 16:03:36.717,76,125056.52
2025-11-16 16:03:36.717,77,133594.3
2025-11-16 16:03:36.717,78,129670.22
2025-11-16 16:03:36.717,79,127787.46
2025-11-16 16:03:36.717,80,175214.38
2025-11-16 16:03:36.717,81,133594.3
2025-11-16 16:03:36.717,82,136685.03
2025-11-16 16:03:36.717,83,145616.44
2025-11-16 16:03:36.717,84,137213.13
2025-11-16 16:03:36.717,85,136160.72
2025-11-16 16:03:36.717,86,146809.88
2025-11-16 16:03:36.717,87,189679.88
2025-11-16 16:03:36.717,88,238117.42
2025-11-16 16:03:36.717,89,128722.46
2025-11-16 16:03:36.717,90,137213.13
2025-11-16 16:03:36.717,91,137213.13
2025-11-16 16:03:36.717,92,89534.38
2025-11-16 16:03:36.717,93,118276.26
2025-11-16 16:03:36.717,94,134609.98
2025-11-16 16:03:36.717,95,134609.98
2025-11-16 16:03:36.717,96,66435.75
2025-11-16 16:03:36.717,97,68042.94
2025-11-16 16:03:36.717,98,68493.05
2025-11-16 16:03:36.717,99,70983.91
2025-11-16 16:03:36.717,100,71795.0
2025-11-16 16:03:36.717,101,73637.78
2025-11-16 16:03:36.717,102,70346.52
2025-11-16 16:03:36.717,103,71959.17
2025-11-16 16:03:36.717,104,71306.41
2025-11-16 16:03:36.717,105,71306.41
2025-11-16 16:03:36.717,106,71631.49
2025-11-16 16:03:36.717,107,72958.16
2025-11-16 16:03:36.717,108,73296.59
2025-11-16 16:03:36.717,109,71959.17
2025-11-16 16:03:36.717,110,74678.3
2025-11-16 16:03:36.717,111,72958.16
2025-11-16 16:03:36.717,112,79896.98
2025-11-16 16:03:36.717,113,76838.91
2025-11-16 16:03:36.717,114,76838.91
2025-11-16 16:03:36.717,115,93048.8
2025-11-16 16:03:36.717,116,78725.33
2025-11-16 16:03:36.717,117,70823.62
2025-11-16 16:03:36.717,118,75386.48
2025-11-16 16:03:36.717,119,81303.56
2025-11-16 16:03:36.717,120,71306.41
2025-11-16 16:03:36.717,121,73296.59
2025-11-16 16:03:36.717,122,82335.49
2025-11-16 16:03:36.717,123,77583.78
2025-11-16 16:03:36.717,124,77023.94
2025-11-16 16:03:36.717,125,76654.66
2025-11-16 16:03:36.717,126,76471.19
2025-11-16 16:03:36.717,127,77772.0
2025-11-16 16:03:36.717,128,113621.23
2025-11-16 16:03:36.717,129,71468.63
2025-11-16 16:03:36.717,130,73296.59
2025-11-16 16:03:36.717,131,77396.36
2025-11-16 16:03:36.717,132,76471.19
2025-11-16 16:03:36.717,133,77396.36
2025-11-16 16:03:36.717,134,82754.82
2025-11-16 16:03:36.717,135,106570.16
2025-11-16 16:03:36.717,136,148021.72
2025-11-16 16:03:36.717,137,78725.33
2025-11-16 16:03:36.717,138,74678.3
2025-11-16 16:03:36.717,139,74678.3
2025-11-16 16:03:36.717,140,84909.8
2025-11-16 16:03:36.717,141,119906.74
2025-11-16 16:03:36.717,142,86478.77
2025-11-16 16:03:36.717,143,86478.77
2025-11-16 16:03:36.717,144,44561.25
2025-11-16 16:03:36.717,145,45002.86
2025-11-16 16:03:36.717,146,43277.87
2025-11-16 16:03:36.717,147,43698.91
2025-11-16 16:03:36.717,148,42522.82
2025-11-16 16:03:36.717,149,43277.87
2025-11-16 16:03:36.717,150,43417.48
2025-11-16 16:03:36.717,151,43840.75
2025-11-16 16:03:36.717,152,42455.23
2025-11-16 16:03:36.717,153,43557.83
2025-11-16 16:03:36.717,154,43628.29
2025-11-16 16:03:36.717,155,43698.91
2025-11-16 16:03:36.717,156,42863.36
2025-11-16 16:03:36.717,157,42794.9
2025-11-16 16:03:36.717,158,44854.87
2025-11-16 16:03:36.717,159,42863.36
2025-11-16 16:03:36.717,160,49670.62
2025-11-16 16:03:36.717,161,46843.01
2025-11-16 16:03:36.717,162,45907.83
2025-11-16 16:03:36.717,163,56693.92
2025-11-16 16:03:36.717,164,47484.0
2025-11-16 16:03:36.717,165,47484.0
2025-11-16 16:03:36.717,166,45151.65
2025-11-16 16:03:36.717,167,48641.14
2025-11-16 16:03:36.717,168,44343.09
2025-11-16 16:03:36.717,169,44561.25
2025-11-16 16:03:36.717,170,50110.29
2025-11-16 16:03:36.717,171,48139.58
2025-11-16 16:03:36.717,172,47001.92
2025-11-16 16:03:36.717,173,47001.92
2025-11-16 16:03:36.717,174,46138.74
2025-11-16 16:03:36.717,175,46216.13
2025-11-16 16:03:36.717,176,74678.3
2025-11-16 16:03:36.717,177,45984.59
2025-11-16 16:03:36.717,178,46684.98
2025-11-16 16:03:36.717,179,48473.0
2025-11-16 16:03:36.717,180,47484.0
2025-11-16 16:03:36.717,181,46527.84
2025-11-16 16:03:36.717,182,51468.98
2025-11-16 16:03:36.717,183,67012.48
2025-11-16 16:03:36.717,184,92531.65
2025-11-16 16:03:36.717,185,55621.39
2025-11-16 16:03:36.717,186,46371.55
2025-11-16 16:03:36.717,187,46371.55
2025-11-16 16:03:36.717,188,64756.17
2025-11-16 16:03:36.717,189,91512.71
2025-11-16 16:03:36.717,190,55833.13
2025-11-16 16:03:36.717,191,55833.13
2025-11-16 16:03:36.717,192,27836.08
2025-11-16 16:03:36.717,193,27906.57
2025-11-16 16:03:36.717,194,26544.65
2025-11-16 16:03:36.717,195,26709.53
2025-11-16 16:03:36.717,196,26122.79
2025-11-16 16:03:36.717,197,26577.51
2025-11-16 16:03:36.717,198,26643.4
2025-11-16 16:03:36.717,199,26610.43
2025-11-16 16:03:36.717,200,26348.73
2025-11-16 16:03:36.717,201,26348.73
2025-11-16 16:03:36.717,202,26219.28
2025-11-16 16:03:36.717,203,26544.65
2025-11-16 16:03:36.717,204,26709.53
2025-11-16 16:03:36.717,205,26544.65
2025-11-16 16:03:36.717,206,27906.57
2025-11-16 16:03:36.717,207,26544.65
2025-11-16 16:03:36.717,208,31416.58
2025-11-16 16:03:36.717,209,29526.5
2025-11-16 16:03:36.717,210,29221.78
2025-11-16 16:03:36.717,211,36793.67
2025-11-16 16:03:36.717,212,30389.34
2025-11-16 16:03:36.717,213,30229.68
2025-11-16 16:03:36.717,214,27836.08
2025-11-16 16:03:36.717,215,30794.08
2025-11-16 16:03:36.717,216,26809.18
2025-11-16 16:03:36.717,217,26154.89
2025-11-16 16:03:36.717,218,31628.31
2025-11-16 16:03:36.717,219,29108.72
2025-11-16 16:03:36.717,220,29449.88
2025-11-16 16:03:36.717,221,28736.48
2025-11-16 16:03:36.717,222,29526.5
2025-11-16 16:03:36.717,223,29992.53
2025-11-16 16:03:36.717,224,50199.01
2025-11-16 16:03:36.717,225,29146.33
2025-11-16 16:03:36.717,226,30071.27
2025-11-16 16:03:36.717,227,30631.22
2025-11-16 16:03:36.717,228,30712.49
2025-11-16 16:03:36.717,229,30229.68
2025-11-16 16:03:36.717,230,33127.38
2025-11-16 16:03:36.717,231,44707.67
2025-11-16 16:03:36.717,232,64212.57
2025-11-16 16:03:36.717,233,36847.48
2025-11-16 16:03:36.717,234,793012.25
2025-11-16 16:03:36.717,235,29146.33
2025-11-16 16:03:36.717,236,48641.14
2025-11-16 16:03:36.717,237,70983.91
2025-11-16 16:03:36.717,238,38006.61
2025-11-16 16:03:36.717,239,38006.61
2025-11-16 16:03:36.717,240,17272.99
2025-11-16 16:03:36.717,241,17199.88
2025-11-16 16:03:36.717,242,16047.52
2025-11-16 16:03:36.717,243,16628.76
2025-11-16 16:03:36.717,244,15848.37
2025-11-16 16:03:36.717,245,16081.01
2025-11-16 16:03:36.717,246,15914.42
2025-11-16 16:03:36.717,247,16030.81
2025-11-16 16:03:36.717,248,16047.52
2025-11-16 16:03:36.717,249,16081.01
2025-11-16 16:03:36.717,250,16114.59
2025-11-16 16:03:36.717,251,16182.0
2025-11-16 16:03:36.717,252,16198.91
2025-11-16 16:03:36.717,253,16114.59
2025-11-16 16:03:36.717,254,16875.66
2025-11-16 16:03:36.717,255,16097.79
2025-11-16 16:03:36.717,256,19729.22
2025-11-16 16:03:36.717,257,18339.21
2025-11-16 16:03:36.717,258,18478.35
2025-11-16 16:03:36.717,259,23810.38
2025-11-16 16:03:36.717,260,19449.01
2025-11-16 16:03:36.717,261,19751.0
2025-11-16 16:03:36.717,262,17181.67
2025-11-16 16:03:36.717,263,19449.01
2025-11-16 16:03:36.717,264,17181.67
2025-11-16 16:03:36.717,265,17346.5
2025-11-16 16:03:36.717,266,21310.15
2025-11-16 16:03:36.717,267,18538.4
2025-11-16 16:03:36.717,268,18538.4
2025-11-16 16:03:36.717,269,19215.97
2025-11-16 16:03:36.717,270,18699.77
2025-11-16 16:03:36.717,271,18478.35
2025-11-16 16:03:36.717,272,33542.38
2025-11-16 16:03:36.717,273,18142.77
2025-11-16 16:03:36.717,274,18538.4
2025-11-16 16:03:36.717,275,19237.01
2025-11-16 16:03:36.717,276,18862.97
2025-11-16 16:03:36.717,277,18781.14
2025-11-16 16:03:36.717,278,21118.33
2025-11-16 16:03:36.717,279,28773.39
2025-11-16 16:03:36.717,280,43840.75
2025-11-16 16:03:36.717,281,26187.06
2025-11-16 16:03:36.717,282,521823.06
2025-11-16 16:03:36.717,283,18221.02
2025-11-16 16:03:36.717,284,36157.48
2025-11-16 16:03:36.717,285,52987.48
2025-11-16 16:03:36.717,286,25647.93
2025-11-16 16:03:36.717,287,25647.93
2025-11-16 16:03:36.717,288,15300.2
2025-11-16 16:03:36.717,289,15539.16
2025-11-16 16:03:36.717,290,14083.04
2025-11-16 16:03:36.717,291,14624.25
2025-11-16 16:03:36.717,292,13884.38
2025-11-16 16:03:36.717,293,14025.94
2025-11-16 16:03:36.717,294,13954.95
2025-11-16 16:03:36.717,295,13969.12
2025-11-16 16:03:36.717,296,13940.8
2025-11-16 16:03:36.717,297,13870.31
2025-11-16 16:03:36.717,298,13969.12
2025-11-16 16:03:36.717,299,13969.12
2025-11-16 16:03:36.717,300,14040.19
2025-11-16 16:03:36.717,301,14040.19
2025-11-16 16:03:36.717,302,14805.01
2025-11-16 16:03:36.717,303,14068.74
2025-11-16 16:03:36.717,304,17328.08
2025-11-16 16:03:36.717,305,16182.0
2025-11-16 16:03:36.717,306,16352.05
2025-11-16 16:03:36.717,307,21950.17
2025-11-16 16:03:36.717,308,17309.7
2025-11-16 16:03:36.717,309,17891.41
2025-11-16 16:03:36.717,310,15081.15
2025-11-16 16:03:36.717,311,17757.91
2025-11-16 16:03:36.717,312,15363.49
2025-11-16 16:03:36.717,313,15782.65
2025-11-16 16:03:36.717,314,18986.58
2025-11-16 16:03:36.717,315,16403.5
2025-11-16 16:03:36.717,316,16334.95
2025-11-16 16:03:36.717,317,17163.47
2025-11-16 16:03:36.717,318,16283.77
2025-11-16 16:03:36.717,319,16386.33
2025-11-16 16:03:36.717,320,30349.31
2025-11-16 16:03:36.717,321,15815.47
2025-11-16 16:03:36.717,322,16386.33
2025-11-16 16:03:36.717,323,16840.11
2025-11-16 16:03:36.717,324,16681.28
2025-11-16 16:03:36.717,325,16628.76
2025-11-16 16:03:36.717,326,18538.4
2025-11-16 16:03:36.717,327,26219.28
2025-11-16 16:03:36.717,328,39403.42
2025-11-16 16:03:36.717,329,23698.29
2025-11-16 16:03:36.717,330,515003.19
2025-11-16 16:03:36.717,331,15864.85
2025-11-16 16:03:36.717,332,33682.49
2025-11-16 16:03:36.717,333,51100.71
2025-11-16 16:03:36.717,334,22933.92
2025-11-16 16:03:36.717,335,22933.92
2025-11-16 16:03:36.717,336,14534.84
2025-11-16 16:03:36.717,337,14684.21
2025-11-16 16:03:36.717,338,13254.0
2025-11-16 16:03:36.717,339,13870.31
2025-11-16 16:03:36.717,340,13240.66
2025-11-16 16:03:36.717,341,13294.1
2025-11-16 16:03:36.717,342,13227.34
2025-11-16 16:03:36.717,343,13294.1
2025-11-16 16:03:36.717,344,13334.34
2025-11-16 16:03:36.717,345,13187.46
2025-11-16 16:03:36.717,346,13307.49
2025-11-16 16:03:36.717,347,13307.49
2025-11-16 16:03:36.717,348,13307.49
2025-11-16 16:03:36.717,349,13307.49
2025-11-16 16:03:36.717,350,14054.46
2025-11-16 16:03:36.717,351,13334.34
2025-11-16 16:03:36.717,352,16628.76
2025-11-16 16:03:36.717,353,15363.49
2025-11-16 16:03:36.717,354,15749.92
2025-11-16 16:03:36.717,355,20858.36
2025-11-16 16:03:36.717,356,16663.75
2025-11-16 16:03:36.717,357,17109.04
2025-11-16 16:03:36.717,358,14270.47
2025-11-16 16:03:36.717,359,17054.83
2025-11-16 16:03:36.717,360,14416.64
2025-11-16 16:03:36.717,361,14926.99
2025-11-16 16:03:36.717,362,18064.95
2025-11-16 16:03:36.717,363,15619.82
2025-11-16 16:03:36.717,364,15603.64
2025-11-16 16:03:36.717,365,16249.76
2025-11-16 16:03:36.717,366,15668.45
2025-11-16 16:03:36.717,367,15684.7
2025-11-16 16:03:36.717,368,29108.72
2025-11-16 16:03:36.717,369,15523.09
2025-11-16 16:03:36.717,370,15782.65
2025-11-16 16:03:36.717,371,16215.84
2025-11-16 16:03:36.717,372,15947.57
2025-11-16 16:03:36.717,373,15914.42
2025-11-16 16:03:36.717,374,17910.59
2025-11-16 16:03:36.717,375,24382.16
2025-11-16 16:03:36.717,376,38695.02
2025-11-16 16:03:36.717,377,22774.6
2025-11-16 16:03:36.717,378,566776.38
2025-11-16 16:03:36.717,379,15347.64
2025-11-16 16:03:36.717,380,32900.21
2025-11-16 16:03:36.717,381,49845.72
2025-11-16 16:03:36.717,382,22512.45
2025-11-16 16:03:36.717,383,22512.45
2025-11-16 16:03:36.717,384,14534.84
2025-11-16 16:03:36.717,385,14669.19
2025-11-16 16:03:36.717,386,13254.0
2025-11-16 16:03:36.717,387,13856.26
2025-11-16 16:03:36.717,388,13081.8
2025-11-16 16:03:36.717,389,13294.1
2025-11-16 16:03:36.717,390,13187.46
2025-11-16 16:03:36.717,391,13187.46
2025-11-16 16:03:36.717,392,13240.66
2025-11-16 16:03:36.717,393,13214.03
2025-11-16 16:03:36.717,394,13240.66
2025-11-16 16:03:36.717,395,13214.03
2025-11-16 16:03:36.717,396,13267.35
2025-11-16 16:03:36.717,397,13294.1
2025-11-16 16:03:36.717,398,13898.46
2025-11-16 16:03:36.717,399,13294.1
2025-11-16 16:03:36.717,400,16628.76
2025-11-16 16:03:36.717,401,15395.25
2025-11-16 16:03:36.717,402,15652.22
2025-11-16 16:03:36.717,403,21213.94
2025-11-16 16:03:36.717,404,16663.75
2025-11-16 16:03:36.717,405,17181.67
2025-11-16 16:03:36.717,406,14387.27
2025-11-16 16:03:36.717,407,16964.95
2025-11-16 16:03:36.717,408,14684.21
2025-11-16 16:03:36.717,409,15050.17
2025-11-16 16:03:36.717,410,18084.37
2025-11-16 16:03:36.717,411,15782.65
2025-11-16 16:03:36.717,412,15652.22
2025-11-16 16:03:36.717,413,16232.79
2025-11-16 16:03:36.717,414,15603.64
2025-11-16 16:03:36.717,415,15799.05
2025-11-16 16:03:36.717,416,29449.88
2025-11-16 16:03:36.717,417,15331.81
2025-11-16 16:03:36.717,418,15619.82
2025-11-16 16:03:36.717,419,16182.0
2025-11-16 16:03:36.717,420,15914.42
2025-11-16 16:03:36.717,421,15717.27
2025-11-16 16:03:36.717,422,17910.59
2025-11-16 16:03:36.717,423,25094.26
2025-11-16 16:03:36.717,424,38233.91
2025-11-16 16:03:36.717,425,22827.54
2025-11-16 16:03:36.717,426,793012.25
2025-11-16 16:03:36.717,427,15268.68
2025-11-16 16:03:36.717,428,32945.45
2025-11-16 16:03:36.717,429,48641.14
2025-11-16 16:03:36.717,430,22305.72
2025-11-16 16:03:36.717,431,22305.72
2025-11-16 16:03:36.717,432,14372.61
2025-11-16 16:03:36.717,433,14564.57
2025-11-16 16:03:36.717,434,13174.2
2025-11-16 16:03:36.717,435,13702.81
2025-11-16 16:03:36.717,436,13081.8
2025-11-16 16:03:36.717,437,13174.2
2025-11-16 16:03:36.717,438,13081.8
2025-11-16 16:03:36.717,439,13174.2
2025-11-16 16:03:36.717,440,13081.8
2025-11-16 16:03:36.717,441,13055.53
2025-11-16 16:03:36.717,442,13134.51
2025-11-16 16:03:36.717,443,13108.13
2025-11-16 16:03:36.717,444,13160.96
2025-11-16 16:03:36.717,445,13042.42
2025-11-16 16:03:36.717,446,13675.12
2025-11-16 16:03:36.717,447,13081.8
2025-11-16 16:03:36.717,448,16317.87
2025-11-16 16:03:36.717,449,15065.65
2025-11-16 16:03:36.717,450,15411.16
2025-11-16 16:03:36.717,451,20834.94
2025-11-16 16:03:36.717,452,16352.05
2025-11-16 16:03:36.717,453,16875.66
2025-11-16 16:03:36.717,454,14241.45
2025-11-16 16:03:36.717,455,16769.29
2025-11-16 16:03:36.717,456,14299.57
2025-11-16 16:03:36.717,457,14789.84
2025-11-16 16:03:36.717,458,17795.93
2025-11-16 16:03:36.717,459,15379.36
2025-11-16 16:03:36.717,460,15331.81
2025-11-16 16:03:36.717,461,16081.01
2025-11-16 16:03:36.717,462,15395.25
2025-11-16 16:03:36.717,463,15411.16
2025-11-16 16:03:36.717,464,28773.39
2025-11-16 16:03:36.717,465,15112.21
2025-11-16 16:03:36.717,466,15491.01
2025-11-16 16:03:36.717,467,16014.12
2025-11-16 16:03:36.717,468,15684.7
2025-11-16 16:03:36.717,469,15619.82
2025-11-16 16:03:36.717,470,17757.91
2025-11-16 16:03:36.717,471,24122.49
2025-11-16 16:03:36.717,472,37558.35
2025-11-16 16:03:36.717,473,22203.33
2025-11-16 16:03:36.717,474,543388.5
2025-11-16 16:03:36.717,475,14896.38
2025-11-16 16:03:36.717,476,32320.6
2025-11-16 16:03:36.717,477,47001.92
2025-11-16 16:03:36.717,478,21700.95
2025-11-16 16:03:36.717,479,21700.95
2025-11-16 16:03:36.717,480,14212.49
2025-11-16 16:03:36.717,481,14212.49
2025-11-16 16:03:36.717,482,12977.09
2025-11-16 16:03:36.717,483,13592.43
2025-11-16 16:03:36.717,484,12886.24
2025-11-16 16:03:36.717,485,13003.18
2025-11-16 16:03:36.717,486,12951.06
2025-11-16 16:03:36.717,487,13055.53
2025-11-16 16:03:36.717,488,12899.17
2025-11-16 16:03:36.717,489,12899.17
2025-11-16 16:03:36.717,490,13029.33
2025-11-16 16:03:36.717,491,12964.06
2025-11-16 16:03:36.717,492,13003.18
2025-11-16 16:03:36.717,493,12964.06
2025-11-16 16:03:36.717,494,13730.56
2025-11-16 16:03:36.717,495,12951.06
2025-11-16 16:03:36.717,496,16165.12
2025-11-16 16:03:36.717,497,15034.71
2025-11-16 16:03:36.717,498,15300.2
2025-11-16 16:03:36.717,499,20788.21
2025-11-16 16:03:36.717,500,16249.76
2025-11-16 16:03:36.717,501,16893.47
2025-11-16 16:03:36.717,502,14212.49
2025-11-16 16:03:36.717,503,16769.29
2025-11-16 16:03:36.717,504,14328.73
2025-11-16 16:03:36.717,505,14774.7
2025-11-16 16:03:36.717,506,17569.39
2025-11-16 16:03:36.717,507,15427.09
2025-11-16 16:03:36.717,508,15284.43
2025-11-16 16:03:36.717,509,16014.12
2025-11-16 16:03:36.717,510,15300.2
2025-11-16 16:03:36.717,511,15395.25
2025-11-16 16:03:36.717,512,28847.41
2025-11-16 16:03:36.717,513,15081.15
2025-11-16 16:03:36.717,514,15347.64
2025-11-16 16:03:36.717,515,15914.42
2025-11-16 16:03:36.717,516,15571.36
2025-11-16 16:03:36.717,517,15587.49
2025-11-16 16:03:36.717,518,17757.91
2025-11-16 16:03:36.717,519,24266.27
2025-11-16 16:03:36.717,520,38006.61
2025-11-16 16:03:36.717,521,22748.2
2025-11-16 16:03:36.717,522,809075.0
2025-11-16 16:03:36.717,523,15096.68
2025-11-16 16:03:36.717,524,32855.06
2025-11-16 16:03:36.717,525,47322.41
2025-11-16 16:03:36.717,526,22076.26
2025-11-16 16:03:36.717,527,22076.26
2025-11-16 16:03:36.717,528,14505.19
2025-11-16 16:03:36.717,529,14684.21
2025-11-16 16:03:36.717,530,13214.03
2025-11-16 16:03:36.717,531,13730.56
2025-11-16 16:03:36.717,532,13081.8
2025-11-16 16:03:36.717,533,13187.46
2025-11-16 16:03:36.717,534,13068.66
2025-11-16 16:03:36.717,535,13187.46
2025-11-16 16:03:36.717,536,13121.31
2025-11-16 16:03:36.717,537,13081.8
2025-11-16 16:03:36.717,538,13187.46
2025-11-16 16:03:36.717,539,13108.13
2025-11-16 16:03:36.717,540,13320.91
2025-11-16 16:03:36.717,541,13200.74
2025-11-16 16:03:36.717,542,14299.57
2025-11-16 16:03:36.717,543,13320.91
2025-11-16 16:03:36.717,544,16249.76
2025-11-16 16:03:36.717,545,15112.21
2025-11-16 16:03:36.717,546,15587.49
2025-11-16 16:03:36.717,547,20464.99
2025-11-16 16:03:36.717,548,16081.01
2025-11-16 16:03:36.717,549,16681.28
2025-11-16 16:03:36.717,550,14183.61
2025-11-16 16:03:36.717,551,16198.91
2025-11-16 16:03:36.717,552,14357.96
2025-11-16 16:03:36.717,553,14805.01
2025-11-16 16:03:36.717,554,17910.59
2025-11-16 16:03:36.717,555,15684.7
2025-11-16 16:03:36.717,556,15555.25
2025-11-16 16:03:36.717,557,16182.0
2025-11-16 16:03:36.717,558,15331.81
2025-11-16 16:03:36.717,559,15652.22
2025-11-16 16:03:36.717,560,29297.52
2025-11-16 16:03:36.717,561,15050.17
2025-11-16 16:03:36.717,562,15652.22
2025-11-16 16:03:36.717,563,15930.98
2025-11-16 16:03:36.717,564,15848.37
2025-11-16 16:03:36.717,565,15749.92
2025-11-16 16:03:36.717,566,17569.39
2025-11-16 16:03:36.717,567,24734.57
2025-11-16 16:03:36.717,568,37781.43
2025-11-16 16:03:36.717,569,22460.52
2025-11-16 16:03:36.717,570,748393.56
2025-11-16 16:03:36.717,571,15174.57
2025-11-16 16:03:36.717,572,31628.31
2025-11-16 16:03:36.717,573,46138.74
2025-11-16 16:03:36.717,574,22305.72
2025-11-16 16:03:36.717,575,22305.72
2025-11-16 16:03:36.717,576,14126.04
2025-11-16 16:03:36.717,577,14299.57
2025-11-16 16:03:36.717,578,13267.35
2025-11-16 16:03:36.717,579,13510.31
2025-11-16 16:03:36.717,580,13108.13
2025-11-16 16:03:36.717,581,13160.96
2025-11-16 16:03:36.717,582,13108.13
2025-11-16 16:03:36.717,583,13214.03
2025-11-16 16:03:36.717,584,13187.46
2025-11-16 16:03:36.717,585,13081.8
2025-11-16 16:03:36.717,586,13240.66
2025-11-16 16:03:36.717,587,13160.96
2025-11-16 16:03:36.717,588,13240.66
2025-11-16 16:03:36.717,589,13240.66
2025-11-16 16:03:36.717,590,14270.47
2025-11-16 16:03:36.717,591,13294.1
2025-11-16 16:03:36.717,592,16420.69
2025-11-16 16:03:36.717,593,15174.57
2025-11-16 16:03:36.717,594,15507.04
2025-11-16 16:03:36.717,595,20373.88
2025-11-16 16:03:36.717,596,15881.35
2025-11-16 16:03:36.717,597,16593.85
2025-11-16 16:03:36.717,598,13870.31
2025-11-16 16:03:36.717,599,16081.01
2025-11-16 16:03:36.717,600,14299.57
2025-11-16 16:03:36.717,601,14774.7
2025-11-16 16:03:36.717,602,17834.04
2025-11-16 16:03:36.717,603,15571.36
2025-11-16 16:03:36.717,604,15268.68
2025-11-16 16:03:36.717,605,16047.52
2025-11-16 16:03:36.717,606,15174.57
2025-11-16 16:03:36.717,607,15268.68
2025-11-16 16:03:36.717,608,28921.71
2025-11-16 16:03:36.717,609,14865.85
2025-11-16 16:03:36.717,610,15363.49
2025-11-16 16:03:36.717,611,15815.47
2025-11-16 16:03:36.717,612,15652.22
2025-11-16 16:03:36.717,613,15587.49
2025-11-16 16:03:36.717,614,17457.49
2025-11-16 16:03:36.717,615,24557.47
2025-11-16 16:03:36.717,616,37837.53
2025-11-16 16:03:36.717,617,22382.94
2025-11-16 16:03:36.717,618,592227.94
2025-11-16 16:03:36.717,619,15143.35
2025-11-16 16:03:36.717,620,31374.49
2025-11-16 16:03:36.717,621,45754.95
2025-11-16 16:03:36.717,622,21602.34
2025-11-16 16:03:36.717,623,21602.34
2025-11-16 16:03:36.717,624,14083.04
2025-11-16 16:03:36.717,625,14299.57
2025-11-16 16:03:36.717,626,13187.46
2025-11-16 16:03:36.717,627,13280.71
2025-11-16 16:03:36.717,628,13068.66
2025-11-16 16:03:36.717,629,13160.96
2025-11-16 16:03:36.717,630,13029.33
2025-11-16 16:03:36.717,631,13200.74
2025-11-16 16:03:36.717,632,13108.13
2025-11-16 16:03:36.717,633,13108.13
2025-11-16 16:03:36.717,634,13174.2
2025-11-16 16:03:36.717,635,13160.96
2025-11-16 16:03:36.717,636,13214.03
2025-11-16 16:03:36.717,637,13108.13
2025-11-16 16:03:36.717,638,14183.61
2025-11-16 16:03:36.717,639,13307.49
2025-11-16 16:03:36.717,640,16283.77
2025-11-16 16:03:36.717,641,15174.57
2025-11-16 16:03:36.717,642,15491.01
2025-11-16 16:03:36.717,643,20238.23
2025-11-16 16:03:36.717,644,15914.42
2025-11-16 16:03:36.717,645,16716.42
2025-11-16 16:03:36.717,646,14183.61
2025-11-16 16:03:36.717,647,16215.84
2025-11-16 16:03:36.717,648,14372.61
2025-11-16 16:03:36.717,649,14835.39
2025-11-16 16:03:36.717,650,18026.2
2025-11-16 16:03:36.717,651,15652.22
2025-11-16 16:03:36.717,652,15427.09
2025-11-16 16:03:36.717,653,16215.84
2025-11-16 16:03:36.717,654,15427.09
2025-11-16 16:03:36.717,655,15555.25
2025-11-16 16:03:36.717,656,28996.3
2025-11-16 16:03:36.717,657,15300.2
2025-11-16 16:03:36.717,658,15571.36
2025-11-16 16:03:36.717,659,15914.42
2025-11-16 16:03:36.717,660,15684.7
2025-11-16 16:03:36.717,661,15782.65
2025-11-16 16:03:36.717,662,17606.89
2025-11-16 16:03:36.717,663,24764.27
2025-11-16 16:03:36.717,664,37950.12
2025-11-16 16:03:36.717,665,22512.45
2025-11-16 16:03:36.717,666,777567.38
2025-11-16 16:03:36.717,667,15190.2
2025-11-16 16:03:36.717,668,31585.79
2025-11-16 16:03:36.717,669,46843.01
2025-11-16 16:03:36.717,670,22203.33
2025-11-16 16:03:36.717,671,22203.33
2025-11-16 16:03:36.717,672,14054.46
2025-11-16 16:03:36.717,673,14299.57
2025-11-16 16:03:36.717,674,13254.0
2025-11-16 16:03:36.717,675,13523.96
2025-11-16 16:03:36.717,676,13267.35
2025-11-16 16:03:36.717,677,13294.1
2025-11-16 16:03:36.717,678,13240.66
2025-11-16 16:03:36.717,679,13401.71
2025-11-16 16:03:36.717,680,13254.0
2025-11-16 16:03:36.717,681,13240.66
2025-11-16 16:03:36.717,682,13267.35
2025-11-16 16:03:36.717,683,13294.1
2025-11-16 16:03:36.717,684,13374.71
2025-11-16 16:03:36.717,685,13294.1
2025-11-16 16:03:36.717,686,14328.73
2025-11-16 16:03:36.717,687,13428.77
2025-11-16 16:03:36.717,688,16403.5
2025-11-16 16:03:36.717,689,15300.2
2025-11-16 16:03:36.717,690,15652.22
2025-11-16 16:03:36.717,691,20419.37
2025-11-16 16:03:36.717,692,16030.81
2025-11-16 16:03:36.717,693,16875.66
2025-11-16 16:03:36.717,694,14357.96
2025-11-16 16:03:36.717,695,16386.33
2025-11-16 16:03:36.717,696,14624.25
2025-11-16 16:03:36.717,697,14926.99
2025-11-16 16:03:36.717,698,18162.29
2025-11-16 16:03:36.717,699,15864.85
2025-11-16 16:03:36.717,700,15636.01
2025-11-16 16:03:36.717,701,16014.12
2025-11-16 16:03:36.717,702,15539.16
2025-11-16 16:03:36.717,703,15749.92
2025-11-16 16:03:36.717,704,29603.42
2025-11-16 16:03:36.717,705,15347.64
2025-11-16 16:03:36.717,706,15815.47
2025-11-16 16:03:36.717,707,16114.59
2025-11-16 16:03:36.717,708,16047.52
2025-11-16 16:03:36.717,709,15881.35
2025-11-16 16:03:36.717,710,17795.93
2025-11-16 16:03:36.717,711,24973.54
2025-11-16 16:03:36.717,712,37893.76
2025-11-16 16:03:36.717,713,22748.2
2025-11-16 16:03:36.717,714,583498.19
2025-11-16 16:03:36.717,715,15315.99
2025-11-16 16:03:36.717,716,31713.61
2025-11-16 16:03:36.717,717,47322.41
2025-11-16 16:03:36.717,718,22357.16
2025-11-16 16:03:36.717,719,22357.16
2025-11-16 16:03:36.717,720,14212.49
2025-11-16 16:03:36.717,721,14416.64
2025-11-16 16:03:36.717,722,13428.77
2025-11-16 16:03:36.717,723,13702.81
2025-11-16 16:03:36.717,724,13401.71
2025-11-16 16:03:36.717,725,13428.77
2025-11-16 16:03:36.717,726,13388.2
2025-11-16 16:03:36.717,727,13455.89
2025-11-16 16:03:36.717,728,13455.89
2025-11-16 16:03:36.717,729,13320.91
2025-11-16 16:03:36.717,730,13483.07
2025-11-16 16:03:36.717,731,13374.71
2025-11-16 16:03:36.717,732,13592.43
2025-11-16 16:03:36.717,733,13374.71
2025-11-16 16:03:36.717,734,14416.64
2025-11-16 16:03:36.717,735,13483.07
2025-11-16 16:03:36.717,736,16698.84
2025-11-16 16:03:36.717,737,15395.25
2025-11-16 16:03:36.717,738,15700.98
2025-11-16 16:03:36.717,739,20419.37
2025-11-16 16:03:36.717,740,16198.91
2025-11-16 16:03:36.717,741,17163.47
2025-11-16 16:03:36.717,742,14387.27
2025-11-16 16:03:36.717,743,16593.85
2025-11-16 16:03:36.717,744,14624.25
2025-11-16 16:03:36.717,745,15050.17
2025-11-16 16:03:36.717,746,18181.84
2025-11-16 16:03:36.717,747,15881.35
2025-11-16 16:03:36.717,748,15587.49
2025-11-16 16:03:36.717,749,16352.05
2025-11-16 16:03:36.717,750,15587.49
2025-11-16 16:03:36.717,751,15684.7
2025-11-16 16:03:36.717,752,29449.88
2025-11-16 16:03:36.717,753,15331.81
2025-11-16 16:03:36.717,754,15652.22
2025-11-16 16:03:36.717,755,16131.41
2025-11-16 16:03:36.717,756,15914.42
2025-11-16 16:03:36.717,757,15914.42
2025-11-16 16:03:36.717,758,17795.93
2025-11-16 16:03:36.717,759,24794.01
2025-11-16 16:03:36.717,760,38120.0
2025-11-16 16:03:36.717,761,22721.83
2025-11-16 16:03:36.717,762,558763.94
2025-11-16 16:03:36.717,763,15523.09
2025-11-16 16:03:36.717,764,31885.26
2025-11-16 16:03:36.717,765,47161.71
2025-11-16 16:03:36.717,766,22203.33
2025-11-16 16:03:36.717,767,22203.33
2025-11-16 16:03:36.717,768,14684.21
2025-11-16 16:03:36.717,769,14865.85
2025-11-16 16:03:36.717,770,13510.31
2025-11-16 16:03:36.717,771,14040.19
2025-11-16 16:03:36.717,772,13401.71
2025-11-16 16:03:36.717,773,13428.77
2025-11-16 16:03:36.717,774,13619.93
2025-11-16 16:03:36.717,775,13619.93
2025-11-16 16:03:36.717,776,13647.49
2025-11-16 16:03:36.717,777,13606.17
2025-11-16 16:03:36.717,778,13633.7
2025-11-16 16:03:36.717,779,13592.43
2025-11-16 16:03:36.717,780,13688.95
2025-11-16 16:03:36.717,781,13647.49
2025-11-16 16:03:36.717,782,14594.37
2025-11-16 16:03:36.717,783,13716.68
2025-11-16 16:03:36.717,784,16734.02
2025-11-16 16:03:36.717,785,15427.09
2025-11-16 16:03:36.717,786,15815.47
2025-11-16 16:03:36.717,787,20148.47
2025-11-16 16:03:36.717,788,16403.5
2025-11-16 16:03:36.717,789,17236.39
2025-11-16 16:03:36.717,790,14654.19
2025-11-16 16:03:36.717,791,16734.02
2025-11-16 16:03:36.717,792,14850.61
2025-11-16 16:03:36.717,793,15300.2
2025-11-16 16:03:36.717,794,18458.39
2025-11-16 16:03:36.717,795,16047.52
2025-11-16 16:03:36.717,796,15848.37
2025-11-16 16:03:36.717,797,16628.76
2025-11-16 16:03:36.717,798,15684.7
2025-11-16 16:03:36.717,799,15749.92
2025-11-16 16:03:36.717,800,29992.53
2025-11-16 16:03:36.717,801,15619.82
2025-11-16 16:03:36.717,802,15947.57
2025-11-16 16:03:36.717,803,16455.14
2025-11-16 16:03:36.717,804,16182.0
2025-11-16 16:03:36.717,805,16131.41
2025-11-16 16:03:36.717,806,18123.28
2025-11-16 16:03:36.717,807,24973.54
2025-11-16 16:03:36.717,808,38463.37
2025-11-16 16:03:36.717,809,23094.79
2025-11-16 16:03:36.717,810,550970.88
2025-11-16 16:03:36.717,811,15652.22
2025-11-16 16:03:36.717,812,32058.32
2025-11-16 16:03:36.717,813,47646.51
2025-11-16 16:03:36.717,814,22616.81
2025-11-16 16:03:36.717,815,22616.81
2025-11-16 16:03:36.717,816,14639.21
2025-11-16 16:03:36.717,817,14911.68
2025-11-16 16:03:36.717,818,13661.29
2025-11-16 16:03:36.717,819,13926.67
2025-11-16 16:03:36.717,820,13619.93
2025-11-16 16:03:36.717,821,13592.43
2025-11-16 16:03:36.717,822,13619.93
2025-11-16 16:03:36.717,823,13702.81
2025-11-16 16:03:36.717,824,13675.12
2025-11-16 16:03:36.717,825,13619.93
2025-11-16 16:03:36.717,826,13675.12
2025-11-16 16:03:36.717,827,13702.81
2025-11-16 16:03:36.717,828,13814.22
2025-11-16 16:03:36.717,829,13702.81
2025-11-16 16:03:36.717,830,14624.25
2025-11-16 16:03:36.717,831,13814.22
2025-11-16 16:03:36.717,832,16875.66
2025-11-16 16:03:36.717,833,15652.22
2025-11-16 16:03:36.717,834,16014.12
2025-11-16 16:03:36.717,835,20238.23
2025-11-16 16:03:36.717,836,16317.87
2025-11-16 16:03:36.717,837,17036.8
2025-11-16 16:03:36.717,838,14594.37
2025-11-16 16:03:36.717,839,16698.84
2025-11-16 16:03:36.717,840,14926.99
2025-11-16 16:03:36.717,841,15237.23
2025-11-16 16:03:36.717,842,18538.4
2025-11-16 16:03:36.717,843,16215.84
2025-11-16 16:03:36.717,844,16047.52
2025-11-16 16:03:36.717,845,16875.66
2025-11-16 16:03:36.717,846,15930.98
2025-11-16 16:03:36.717,847,16131.41
2025-11-16 16:03:36.717,848,30309.35
2025-11-16 16:03:36.717,849,15749.92
2025-11-16 16:03:36.717,850,16148.25
2025-11-16 16:03:36.717,851,16698.84
2025-11-16 16:03:36.717,852,16472.4
2025-11-16 16:03:36.717,853,16317.87
2025-11-16 16:03:36.717,854,18378.83
2025-11-16 16:03:36.717,855,25461.45
2025-11-16 16:03:36.717,856,39765.37
2025-11-16 16:03:36.717,857,23311.73
2025-11-16 16:03:36.717,858,550970.88
2025-11-16 16:03:36.717,859,15749.92
2025-11-16 16:03:36.717,860,32675.42
2025-11-16 16:03:36.717,861,48725.57
2025-11-16 16:03:36.717,862,22880.64
2025-11-16 16:03:36.717,863,22880.64
2025-11-16 16:03:36.717,864,15050.17
2025-11-16 16:03:36.717,865,15190.2
2025-11-16 16:03:36.717,866,13898.46
2025-11-16 16:03:36.717,867,14328.73
2025-11-16 16:03:36.717,868,13870.31
2025-11-16 16:03:36.717,869,13926.67
2025-11-16 16:03:36.717,870,13940.8
2025-11-16 16:03:36.717,871,13870.31
2025-11-16 16:03:36.717,872,13842.23
2025-11-16 16:03:36.717,873,13842.23
2025-11-16 16:03:36.717,874,13983.3
2025-11-16 16:03:36.717,875,13898.46
2025-11-16 16:03:36.717,876,14068.74
2025-11-16 16:03:36.717,877,13898.46
2025-11-16 16:03:36.717,878,14835.39
2025-11-16 16:03:36.717,879,13954.95
2025-11-16 16:03:36.717,880,17145.3
2025-11-16 16:03:36.717,881,15831.91
2025-11-16 16:03:36.717,882,16148.25
2025-11-16 16:03:36.717,883,20464.99
2025-11-16 16:03:36.717,884,16386.33
2025-11-16 16:03:36.717,885,17420.39
2025-11-16 16:03:36.717,886,14896.38
2025-11-16 16:03:36.717,887,16786.96
2025-11-16 16:03:36.717,888,15019.26
2025-11-16 16:03:36.717,889,15284.43
2025-11-16 16:03:36.717,890,18578.57
2025-11-16 16:03:36.717,891,16232.79
2025-11-16 16:03:36.717,892,16081.01
2025-11-16 16:03:36.717,893,16947.04
2025-11-16 16:03:36.717,894,16097.79
2025-11-16 16:03:36.717,895,16249.76
2025-11-16 16:03:36.717,896,30229.68
2025-11-16 16:03:36.717,897,15848.37
2025-11-16 16:03:36.717,898,16114.59
2025-11-16 16:03:36.717,899,16716.42
2025-11-16 16:03:36.717,900,16420.69
2025-11-16 16:03:36.717,901,16455.14
2025-11-16 16:03:36.717,902,18378.83
2025-11-16 16:03:36.717,903,25773.33
2025-11-16 16:03:36.717,904,39343.6
2025-11-16 16:03:36.717,905,23366.42
2025-11-16 16:03:36.717,906,900097.25
2025-11-16 16:03:36.717,907,15914.42
2025-11-16 16:03:36.717,908,32765.05
2025-11-16 16:03:36.717,909,48473.0
2025-11-16 16:03:36.717,910,22827.54
2025-11-16 16:03:36.717,911,22827.54
2025-11-16 16:03:36.717,912,16030.81
2025-11-16 16:03:36.717,913,16198.91
2025-11-16 16:03:36.717,914,14881.11
2025-11-16 16:03:36.717,915,15315.99
2025-11-16 16:03:36.717,916,14850.61
2025-11-16 16:03:36.717,917,14942.32
2025-11-16 16:03:36.717,918,14896.38
2025-11-16 16:03:36.717,919,14774.7
2025-11-16 16:03:36.717,920,14774.7
2025-11-16 16:03:36.717,921,14669.19
2025-11-16 16:03:36.717,922,14865.85
2025-11-16 16:03:36.717,923,14896.38
2025-11-16 16:03:36.717,924,14911.68
2025-11-16 16:03:36.717,925,15019.26
2025-11-16 16:03:36.717,926,15782.65
2025-11-16 16:03:36.717,927,14896.38
2025-11-16 16:03:36.717,928,17949.02
2025-11-16 16:03:36.717,929,16947.04
2025-11-16 16:03:36.717,930,17346.5
2025-11-16 16:03:36.717,931,21553.27
2025-11-16 16:03:36.717,932,17757.91
2025-11-16 16:03:36.717,933,18498.34
2025-11-16 16:03:36.717,934,15930.98
2025-11-16 16:03:36.717,935,17872.27
2025-11-16 16:03:36.717,936,16047.52
2025-11-16 16:03:36.717,937,16472.4
2025-11-16 16:03:36.717,938,19707.48
2025-11-16 16:03:36.717,939,17254.68
2025-11-16 16:03:36.717,940,17199.88
2025-11-16 16:03:36.717,941,18064.95
2025-11-16 16:03:36.717,942,17236.39
2025-11-16 16:03:36.717,943,17236.39
2025-11-16 16:03:36.717,944,31713.61
2025-11-16 16:03:36.717,945,17127.16
2025-11-16 16:03:36.717,946,17346.5
2025-11-16 16:03:36.717,947,17346.5
2025-11-16 16:03:36.717,948,17625.68
2025-11-16 16:03:36.717,949,17494.69
2025-11-16 16:03:36.717,950,19577.68
2025-11-16 16:03:36.717,951,27077.54
2025-11-16 16:03:36.717,952,41332.29
2025-11-16 16:03:36.717,953,25033.8
2025-11-16 16:03:36.717,954,900097.25
2025-11-16 16:03:36.717,955,16982.88
2025-11-16 16:03:36.717,956,34396.74
2025-11-16 16:03:36.717,957,51284.3
2025-11-16 16:03:36.717,958,24237.42
2025-11-16 16:03:36.717,959,24237.42
2025-11-16 16:03:36.717,960,39165.01
2025-11-16 16:03:36.717,961,38006.61
2025-11-16 16:03:36.717,962,37118.37
2025-11-16 16:03:36.717,963,37447.59
2025-11-16 16:03:36.717,964,36632.99
2025-11-16 16:03:36.717,965,36686.43
2025-11-16 16:03:36.717,966,36901.41
2025-11-16 16:03:36.717,967,36901.41
2025-11-16 16:03:36.717,968,36901.41
2025-11-16 16:03:36.717,969,36473.41
2025-11-16 16:03:36.717,970,36793.67
2025-11-16 16:03:36.717,971,36901.41
2025-11-16 16:03:36.717,972,36473.41
2025-11-16 16:03:36.717,973,36262.32
2025-11-16 16:03:36.717,974,37781.43
2025-11-16 16:03:36.717,975,36157.48
2025-11-16 16:03:36.717,976,40505.41
2025-11-16 16:03:36.717,977,38233.91
2025-11-16 16:03:36.717,978,35640.36
2025-11-16 16:03:36.717,979,38233.91
2025-11-16 16:03:36.717,980,36901.41
2025-11-16 16:03:36.717,981,37893.76
2025-11-16 16:03:36.717,982,36526.48
2025-11-16 16:03:36.717,983,36579.68
2025-11-16 16:03:36.717,984,35034.87
2025-11-16 16:03:36.717,985,36473.41
2025-11-16 16:03:36.717,986,40505.41
2025-11-16 16:03:36.717,987,33036.22
2025-11-16 16:03:36.717,988,38463.37
2025-11-16 16:03:36.717,989,39165.01
2025-11-16 16:03:36.717,990,39343.6
2025-11-16 16:03:36.717,991,39523.48
2025-11-16 16:03:36.717,992,66150.61
2025-11-16 16:03:36.717,993,39583.74
2025-11-16 16:03:36.717,994,40256.3
2025-11-16 16:03:36.717,995,37118.37
2025-11-16 16:03:36.717,996,40693.86
2025-11-16 16:03:36.717,997,40318.35
2025-11-16 16:03:36.717,998,43983.32
2025-11-16 16:03:36.717,999,56260.74
2025-11-16 16:03:36.717,1000,84909.8
2025-11-16 16:03:36.717,1001,54994.24
2025-11-16 16:03:36.717,1002,38521.08
2025-11-16 16:03:36.717,1003,38521.08
2025-11-16 16:03:36.717,1004,71631.49
2025-11-16 16:03:36.717,1005,109291.9
2025-11-16 16:03:36.717,1006,53280.57
2025-11-16 16:03:36.717,1007,53280.57
2025-11-16 16:03:36.717,1008,59534.86
2025-11-16 16:03:36.717,1009,58255.64
2025-11-16 16:03:36.717,1010,55201.96
2025-11-16 16:03:36.717,1011,56912.64
2025-11-16 16:03:36.717,1012,56476.62
2025-11-16 16:03:36.717,1013,56912.64
2025-11-16 16:03:36.717,1014,55306.31
2025-11-16 16:03:36.717,1015,57577.48
2025-11-16 16:03:36.717,1016,56368.51
2025-11-16 16:03:36.717,1017,54787.84
2025-11-16 16:03:36.717,1018,55201.96
2025-11-16 16:03:36.717,1019,54994.24
2025-11-16 16:03:36.717,1020,55201.96
2025-11-16 16:03:36.717,1021,55201.96
2025-11-16 16:03:36.717,1022,56476.62
2025-11-16 16:03:36.717,1023,54582.74
2025-11-16 16:03:36.717,1024,60374.14
2025-11-16 16:03:36.717,1025,56693.92
2025-11-16 16:03:36.717,1026,49670.62
2025-11-16 16:03:36.717,1027,56476.62
2025-11-16 16:03:36.717,1028,48305.81
2025-11-16 16:03:36.717,1029,50918.22
2025-11-16 16:03:36.717,1030,54277.52
2025-11-16 16:03:36.717,1031,43911.94
2025-11-16 16:03:36.717,1032,52600.88
2025-11-16 16:03:36.717,1033,54994.24
2025-11-16 16:03:36.717,1034,59416.6
2025-11-16 16:03:36.717,1035,54176.42
2025-11-16 16:03:36.717,1036,56476.62
2025-11-16 16:03:36.717,1037,56912.64
2025-11-16 16:03:36.717,1038,57354.41
2025-11-16 16:03:36.717,1039,58715.34
2025-11-16 16:03:36.717,1040,90021.7
2025-11-16 16:03:36.717,1041,56476.62
2025-11-16 16:03:36.717,1042,55727.09
2025-11-16 16:03:36.717,1043,53378.87
2025-11-16 16:03:36.717,1044,55833.13
2025-11-16 16:03:36.717,1045,54994.24
2025-11-16 16:03:36.717,1046,61358.41
2025-11-16 16:03:36.717,1047,64483.38
2025-11-16 16:03:36.717,1048,112509.73
2025-11-16 16:03:36.717,1049,77396.36
2025-11-16 16:03:36.717,1050,55201.96
2025-11-16 16:03:36.717,1051,55201.96
2025-11-16 16:03:36.717,1052,98811.18
2025-11-16 16:03:36.717,1053,148021.72
2025-11-16 16:03:36.717,1054,72622.48
2025-11-16 16:03:36.717,1055,72622.48
2025-11-16 16:03:36.717,1056,48305.81
2025-11-16 16:03:36.717,1057,48389.29
2025-11-16 16:03:36.717,1058,46061.56
2025-11-16 16:03:36.717,1059,46527.84
2025-11-16 16:03:36.717,1060,45451.66
2025-11-16 16:03:36.717,1061,46061.56
2025-11-16 16:03:36.717,1062,46138.74
2025-11-16 16:03:36.717,1063,46371.55
2025-11-16 16:03:36.717,1064,46061.56
2025-11-16 16:03:36.717,1065,46061.56
2025-11-16 16:03:36.717,1066,46216.13
2025-11-16 16:03:36.717,1067,45451.66
2025-11-16 16:03:36.717,1068,45226.35
2025-11-16 16:03:36.717,1069,44928.77
2025-11-16 16:03:36.717,1070,47001.92
2025-11-16 16:03:36.717,1071,45831.29
2025-11-16 16:03:36.717,1072,49583.45
2025-11-16 16:03:36.717,1073,47081.7
2025-11-16 16:03:36.717,1074,40756.99
2025-11-16 16:03:36.717,1075,52504.97
2025-11-16 16:03:36.717,1076,31165.32
2025-11-16 16:03:36.717,1077,34252.03
2025-11-16 16:03:36.717,1078,43698.91
2025-11-16 16:03:36.717,1079,40756.99
2025-11-16 16:03:36.717,1080,35034.87
2025-11-16 16:03:36.717,1081,40380.55
2025-11-16 16:03:36.717,1082,46216.13
2025-11-16 16:03:36.717,1083,40256.3
2025-11-16 16:03:36.717,1084,46061.56
2025-11-16 16:03:36.717,1085,46449.59
2025-11-16 16:03:36.717,1086,46922.36
2025-11-16 16:03:36.717,1087,47081.7
2025-11-16 16:03:36.717,1088,76471.19
2025-11-16 16:03:36.717,1089,45754.95
2025-11-16 16:03:36.717,1090,45907.83
2025-11-16 16:03:36.717,1091,44781.16
2025-11-16 16:03:36.717,1092,47001.92
2025-11-16 16:03:36.717,1093,46216.13
2025-11-16 16:03:36.717,1094,51468.98
2025-11-16 16:03:36.717,1095,59534.86
2025-11-16 16:03:36.717,1096,97948.88
2025-11-16 16:03:36.717,1097,65307.78
2025-11-16 16:03:36.717,1098,45002.86
2025-11-16 16:03:36.717,1099,45002.86
2025-11-16 16:03:36.717,1100,83604.98
2025-11-16 16:03:36.717,1101,130631.02
2025-11-16 16:03:36.717,1102,62114.86
2025-11-16 16:03:36.717,1103,62114.86
2025-11-16 16:03:36.717,1104,66867.48
2025-11-16 16:03:36.717,1105,66723.02
2025-11-16 16:03:36.717,1106,63544.07
2025-11-16 16:03:36.717,1107,64619.52
2025-11-16 16:03:36.717,1108,64756.17
2025-11-16 16:03:36.717,1109,64619.52
2025-11-16 16:03:36.717,1110,65867.58
2025-11-16 16:03:36.717,1111,64483.38
2025-11-16 16:03:36.717,1112,64483.38
2025-11-16 16:03:36.717,1113,63148.7
2025-11-16 16:03:36.717,1114,64077.9
2025-11-16 16:03:36.717,1115,63676.8
2025-11-16 16:03:36.717,1116,63544.07
2025-11-16 16:03:36.717,1117,64212.57
2025-11-16 16:03:36.717,1118,65726.85
2025-11-16 16:03:36.717,1119,63676.8
2025-11-16 16:03:36.717,1120,68493.05
2025-11-16 16:03:36.717,1121,64619.52
2025-11-16 16:03:36.717,1122,57465.76
2025-11-16 16:03:36.717,1123,68192.39
2025-11-16 16:03:36.717,1124,63148.7
2025-11-16 16:03:36.717,1125,62628.1
2025-11-16 16:03:36.717,1126,64756.17
2025-11-16 16:03:36.717,1127,63148.7
2025-11-16 16:03:36.717,1128,56476.62
2025-11-16 16:03:36.717,1129,60617.66
2025-11-16 16:03:36.717,1130,59416.6
2025-11-16 16:03:36.717,1131,59772.61
2025-11-16 16:03:36.717,1132,60132.29
2025-11-16 16:03:36.717,1133,59181.26
2025-11-16 16:03:36.717,1134,64212.57
2025-11-16 16:03:36.717,1135,64212.57
2025-11-16 16:03:36.717,1136,102712.45
2025-11-16 16:03:36.717,1137,61358.41
2025-11-16 16:03:36.717,1138,60374.14
2025-11-16 16:03:36.717,1139,56912.64
2025-11-16 16:03:36.717,1140,61109.78
2025-11-16 16:03:36.717,1141,62114.86
2025-11-16 16:03:36.717,1142,68192.39
2025-11-16 16:03:36.717,1143,83177.96
2025-11-16 16:03:36.717,1144,129670.22
2025-11-16 16:03:36.717,1145,89292.48
2025-11-16 16:03:36.717,1146,62370.57
2025-11-16 16:03:36.717,1147,62370.57
2025-11-16 16:03:36.717,1148,118276.26
2025-11-16 16:03:36.717,1149,183998.22
2025-11-16 16:03:36.717,1150,87167.16
2025-11-16 16:03:36.717,1151,87167.16
2025-11-16 16:03:36.717,1152,93309.35
2025-11-16 16:03:36.717,1153,92789.56
2025-11-16 16:03:36.717,1154,90513.82
2025-11-16 16:03:36.717,1155,87631.56
2025-11-16 16:03:36.717,1156,85575.93
2025-11-16 16:03:36.717,1157,90267.15
2025-11-16 16:03:36.717,1158,90513.82
2025-11-16 16:03:36.717,1159,89051.75
2025-11-16 16:03:36.717,1160,89292.48
2025-11-16 16:03:36.717,1161,87167.16
2025-11-16 16:03:36.717,1162,89534.38
2025-11-16 16:03:36.717,1163,89777.44
2025-11-16 16:03:36.717,1164,87631.56
2025-11-16 16:03:36.717,1165,89534.38
2025-11-16 16:03:36.717,1166,86707.14
2025-11-16 16:03:36.717,1167,86251.47
2025-11-16 16:03:36.717,1168,91512.71
2025-11-16 16:03:36.717,1169,87167.16
2025-11-16 16:03:36.717,1170,84035.92
2025-11-16 16:03:36.717,1171,107915.35
2025-11-16 16:03:36.717,1172,90267.15
2025-11-16 16:03:36.717,1173,94098.91
2025-11-16 16:03:36.717,1174,89292.48
2025-11-16 16:03:36.717,1175,90021.7
2025-11-16 16:03:36.717,1176,85800.06
2025-11-16 16:03:36.717,1177,86936.61
2025-11-16 16:03:36.717,1178,92789.56
2025-11-16 16:03:36.717,1179,86707.14
2025-11-16 16:03:36.717,1180,78725.33
2025-11-16 16:03:36.717,1181,87167.16
2025-11-16 16:03:36.717,1182,80695.41
2025-11-16 16:03:36.717,1183,84035.92
2025-11-16 16:03:36.717,1184,128253.38
2025-11-16 16:03:36.717,1185,74854.26
2025-11-16 16:03:36.717,1186,77583.78
2025-11-16 16:03:36.717,1187,76106.58
2025-11-16 16:03:36.717,1188,74678.3
2025-11-16 16:03:36.717,1189,71959.17
2025-11-16 16:03:36.717,1190,77209.76
2025-11-16 16:03:36.717,1191,102402.48
2025-11-16 16:03:36.717,1192,157058.67
2025-11-16 16:03:36.717,1193,119906.74
2025-11-16 16:03:36.717,1194,68644.23
2025-11-16 16:03:36.717,1195,68644.23
2025-11-16 16:03:36.717,1196,155704.97
2025-11-16 16:03:36.717,1197,235144.47
2025-11-16 16:03:36.717,1198,107238.9
2025-11-16 16:03:36.717,1199,107238.9
2025-11-16 16:03:36.717,1200,708471.5
2025-11-16 16:03:36.717,1201,900097.25
2025-11-16 16:03:36.717,1202,942433.13
2025-11-16 16:03:36.717,1203,942433.13
2025-11-16 16:03:36.717,1204,734602.25
2025-11-16 16:03:36.717,1205,640033.69
2025-11-16 16:03:36.717,1206,566776.38
2025-11-16 16:03:36.717,1207,988899.38
2025-11-16 16:03:36.717,1208,536008.31
2025-11-16 16:03:36.717,1209,988899.38
2025-11-16 16:03:36.717,1210,550970.88
2025-11-16 16:03:36.717,1211,566776.38
2025-11-16 16:03:36.717,1212,942433.13
2025-11-16 16:03:36.717,1213,536008.31
2025-11-16 16:03:36.717,1214,988899.38
2025-11-16 16:03:36.717,1215,900097.25
2025-11-16 16:03:36.717,1216,900097.25
2025-11-16 16:03:36.717,1217,684112.31
2025-11-16 16:03:36.717,1218,861364.44
2025-11-16 16:03:36.717,1219,809075.0
2025-11-16 16:03:36.717,1220,640033.69
2025-11-16 16:03:36.717,1221,762705.19
2025-11-16 16:03:36.717,1222,661350.38
2025-11-16 16:03:36.717,1223,684112.31
2025-11-16 16:03:36.717,1224,566776.38
2025-11-16 16:03:36.717,1225,640033.69
2025-11-16 16:03:36.717,1226,583498.19
2025-11-16 16:03:36.717,1227,734602.25
2025-11-16 16:03:36.717,1228,583498.19
2025-11-16 16:03:36.717,1229,640033.69
2025-11-16 16:03:36.717,1230,708471.5
2025-11-16 16:03:36.717,1231,640033.69
2025-11-16 16:03:36.717,1232,880309.75
2025-11-16 16:03:36.717,1233,734602.25
2025-11-16 16:03:36.717,1234,550970.88
2025-11-16 16:03:36.717,1235,721303.56
2025-11-16 16:03:36.717,1236,650520.19
2025-11-16 16:03:36.717,1237,650520.19
2025-11-16 16:03:36.717,1238,762705.19
2025-11-16 16:03:36.717,1239,762705.19
2025-11-16 16:03:36.717,1240,920784.13
2025-11-16 16:03:36.717,1241,965113.19
2025-11-16 16:03:36.717,1242,861364.44
2025-11-16 16:03:36.717,1243,861364.44
2025-11-16 16:03:36.717,1244,900097.25
2025-11-16 16:03:36.717,1245,942433.13
2025-11-16 16:03:36.717,1246,942433.13
2025-11-16 16:03:36.717,1247,942433.13
2025-11-16 16:03:36.717,1248,439984.91
2025-11-16 16:03:36.717,1249,399475.0
2025-11-16 16:03:36.717,1250,395419.56
2025-11-16 16:03:36.717,1251,407834.16
2025-11-16 16:03:36.717,1252,421032.91
2025-11-16 16:03:36.717,1253,439984.91
2025-11-16 16:03:36.717,1254,425619.72
2025-11-16 16:03:36.717,1255,444986.13
2025-11-16 16:03:36.717,1256,387544.88
2025-11-16 16:03:36.717,1257,322883.13
2025-11-16 16:03:36.717,1258,376290.09
2025-11-16 16:03:36.717,1259,421032.91
2025-11-16 16:03:36.717,1260,430305.09
2025-11-16 16:03:36.717,1261,421032.91
2025-11-16 16:03:36.717,1262,444986.13
2025-11-16 16:03:36.717,1263,421032.91
2025-11-16 16:03:36.717,1264,430305.09
2025-11-16 16:03:36.717,1265,412143.03
2025-11-16 16:03:36.717,1266,365654.84
2025-11-16 16:03:36.717,1267,439984.91
2025-11-16 16:03:36.717,1268,355589.28
2025-11-16 16:03:36.717,1269,317555.0
2025-11-16 16:03:36.717,1270,334076.69
2025-11-16 16:03:36.717,1271,328387.41
2025-11-16 16:03:36.717,1272,293282.41
2025-11-16 16:03:36.717,1273,358884.03
2025-11-16 16:03:36.717,1274,365654.84
2025-11-16 16:03:36.717,1275,346048.91
2025-11-16 16:03:36.717,1276,331208.34
2025-11-16 16:03:36.717,1277,331208.34
2025-11-16 16:03:36.717,1278,346048.91
2025-11-16 16:03:36.717,1279,346048.91
2025-11-16 16:03:36.717,1280,471757.34
2025-11-16 16:03:36.717,1281,334076.69
2025-11-16 16:03:36.717,1282,328387.41
2025-11-16 16:03:36.717,1283,331208.34
2025-11-16 16:03:36.717,1284,339960.47
2025-11-16 16:03:36.717,1285,355589.28
2025-11-16 16:03:36.717,1286,369134.25
2025-11-16 16:03:36.717,1287,495554.03
2025-11-16 16:03:36.717,1288,601218.31
2025-11-16 16:03:36.717,1289,455329.53
2025-11-16 16:03:36.717,1290,312394.69
2025-11-16 16:03:36.717,1291,312394.69
2025-11-16 16:03:36.717,1292,566776.38
2025-11-16 16:03:36.717,1293,843208.31
2025-11-16 16:03:36.717,1294,521823.06
2025-11-16 16:03:36.717,1295,521823.06
2025-11-16 16:03:36.717,1296,65867.58
2025-11-16 16:03:36.717,1297,64756.17
2025-11-16 16:03:36.717,1298,63411.8
2025-11-16 16:03:36.717,1299,63810.02
2025-11-16 16:03:36.717,1300,58028.08
2025-11-16 16:03:36.717,1301,58715.34
2025-11-16 16:03:36.717,1302,63148.7
2025-11-16 16:03:36.717,1303,58831.23
2025-11-16 16:03:36.717,1304,62499.11
2025-11-16 16:03:36.717,1305,62370.57
2025-11-16 16:03:36.717,1306,65446.95
2025-11-16 16:03:36.717,1307,63411.8
2025-11-16 16:03:36.717,1308,57802.03
2025-11-16 16:03:36.717,1309,61860.94
2025-11-16 16:03:36.717,1310,65446.95
2025-11-16 16:03:36.717,1311,57022.54
2025-11-16 16:03:36.717,1312,59534.86
2025-11-16 16:03:36.717,1313,63148.7
2025-11-16 16:03:36.717,1314,63148.7
2025-11-16 16:03:36.717,1315,83177.96
2025-11-16 16:03:36.717,1316,66723.02
2025-11-16 16:03:36.717,1317,66723.02
2025-11-16 16:03:36.717,1318,63411.8
2025-11-16 16:03:36.717,1319,65867.58
2025-11-16 16:03:36.717,1320,61109.78
2025-11-16 16:03:36.717,1321,57802.03
2025-11-16 16:03:36.717,1322,62242.49
2025-11-16 16:03:36.717,1323,57577.48
2025-11-16 16:03:36.717,1324,50827.38
2025-11-16 16:03:36.717,1325,65307.78
2025-11-16 16:03:36.717,1326,57577.48
2025-11-16 16:03:36.717,1327,50377.22
2025-11-16 16:03:36.717,1328,90267.15
2025-11-16 16:03:36.717,1329,55939.52
2025-11-16 16:03:36.717,1330,56693.92
2025-11-16 16:03:36.717,1331,62114.86
2025-11-16 16:03:36.717,1332,56912.64
2025-11-16 16:03:36.717,1333,52793.59
2025-11-16 16:03:36.717,1334,50556.48
2025-11-16 16:03:36.717,1335,85575.93
2025-11-16 16:03:36.717,1336,109992.31
2025-11-16 16:03:36.717,1337,86707.14
2025-11-16 16:03:36.717,1338,56693.92
2025-11-16 16:03:36.717,1339,56693.92
2025-11-16 16:03:36.717,1340,114373.48
2025-11-16 16:03:36.717,1341,168739.63
2025-11-16 16:03:36.717,1342,75745.02
2025-11-16 16:03:36.717,1343,75745.02
2025-11-16 16:03:36.717,1344,34445.18
2025-11-16 16:03:36.717,1345,33823.5
2025-11-16 16:03:36.717,1346,32145.38
2025-11-16 16:03:36.717,1347,32675.42
2025-11-16 16:03:36.717,1348,32058.32
2025-11-16 16:03:36.717,1349,32232.81
2025-11-16 16:03:36.717,1350,32145.38
2025-11-16 16:03:36.717,1351,32145.38
2025-11-16 16:03:36.717,1352,32232.81
2025-11-16 16:03:36.717,1353,31885.26
2025-11-16 16:03:36.717,1354,32586.16
2025-11-16 16:03:36.717,1355,32232.81
2025-11-16 16:03:36.717,1356,32320.6
2025-11-16 16:03:36.717,1357,32145.38
2025-11-16 16:03:36.717,1358,33588.98
2025-11-16 16:03:36.717,1359,32145.38
2025-11-16 16:03:36.717,1360,35640.36
2025-11-16 16:03:36.717,1361,33823.5
2025-11-16 16:03:36.717,1362,34060.55
2025-11-16 16:03:36.717,1363,41723.1
2025-11-16 16:03:36.717,1364,36053.13
2025-11-16 16:03:36.717,1365,37009.64
2025-11-16 16:03:36.717,1366,33310.84
2025-11-16 16:03:36.717,1367,36209.84
2025-11-16 16:03:36.717,1368,33127.38
2025-11-16 16:03:36.717,1369,33776.39
2025-11-16 16:03:36.717,1370,38348.37
2025-11-16 16:03:36.717,1371,34396.74
2025-11-16 16:03:36.717,1372,32232.81
2025-11-16 16:03:36.717,1373,35794.29
2025-11-16 16:03:36.717,1374,31971.61
2025-11-16 16:03:36.717,1375,31585.79
2025-11-16 16:03:36.717,1376,54277.52
2025-11-16 16:03:36.717,1377,31374.49
2025-11-16 16:03:36.717,1378,31670.92
2025-11-16 16:03:36.717,1379,34445.18
2025-11-16 16:03:36.717,1380,31971.61
2025-11-16 16:03:36.717,1381,31332.49
2025-11-16 16:03:36.717,1382,30958.25
2025-11-16 16:03:36.717,1383,50377.22
2025-11-16 16:03:36.717,1384,66435.75
2025-11-16 16:03:36.717,1385,46293.73
2025-11-16 16:03:36.717,1386,861364.44
2025-11-16 16:03:36.717,1387,32189.05
2025-11-16 16:03:36.717,1388,60011.99
2025-11-16 16:03:36.717,1389,99101.66
2025-11-16 16:03:36.717,1390,43698.91
2025-11-16 16:03:36.717,1391,43698.91
2025-11-16 16:03:36.717,1392,32232.81
2025-11-16 16:03:36.717,1393,32276.66
2025-11-16 16:03:36.717,1394,31040.83
2025-11-16 16:03:36.717,1395,31123.74
2025-11-16 16:03:36.717,1396,30835.0
2025-11-16 16:03:36.717,1397,30876.0
2025-11-16 16:03:36.717,1398,30712.49
2025-11-16 16:03:36.717,1399,31040.83
2025-11-16 16:03:36.717,1400,30958.25
2025-11-16 16:03:36.717,1401,30671.81
2025-11-16 16:03:36.717,1402,31206.99
2025-11-16 16:03:36.717,1403,31040.83
2025-11-16 16:03:36.717,1404,31040.83
2025-11-16 16:03:36.717,1405,30794.08
2025-11-16 16:03:36.717,1406,32232.81
2025-11-16 16:03:36.717,1407,30631.22
2025-11-16 16:03:36.717,1408,33682.49
2025-11-16 16:03:36.717,1409,31928.39
2025-11-16 16:03:36.717,1410,32900.21
2025-11-16 16:03:36.717,1411,40318.35
2025-11-16 16:03:36.717,1412,35034.87
2025-11-16 16:03:36.717,1413,35845.82
2025-11-16 16:03:36.717,1414,32586.16
2025-11-16 16:03:36.717,1415,35134.67
2025-11-16 16:03:36.717,1416,32586.16
2025-11-16 16:03:36.717,1417,33403.16
2025-11-16 16:03:36.717,1418,38636.91
2025-11-16 16:03:36.717,1419,34252.03
2025-11-16 16:03:36.717,1420,33403.16
2025-11-16 16:03:36.717,1421,35640.36
2025-11-16 16:03:36.717,1422,33127.38
2025-11-16 16:03:36.717,1423,33310.84
2025-11-16 16:03:36.717,1424,55516.03
2025-11-16 16:03:36.717,1425,33127.38
2025-11-16 16:03:36.717,1426,32945.45
2025-11-16 16:03:36.717,1427,34836.58
2025-11-16 16:03:36.717,1428,33588.98
2025-11-16 16:03:36.717,1429,33403.16
2025-11-16 16:03:36.717,1430,35640.36
2025-11-16 16:03:36.717,1431,51100.71
2025-11-16 16:03:36.717,1432,70663.95
2025-11-16 16:03:36.717,1433,46216.13
2025-11-16 16:03:36.717,1434,793012.25
2025-11-16 16:03:36.717,1435,33403.16
2025-11-16 16:03:36.717,1436,61358.41
2025-11-16 16:03:36.717,1437,99101.66
2025-11-16 16:03:36.717,1438,44561.25
2025-11-16 16:03:36.717,1439,44561.25
2025-11-16 16:03:36.717,1440,35640.36
2025-11-16 16:03:36.717,1441,34396.74
2025-11-16 16:03:36.717,1442,33682.49
2025-11-16 16:03:36.717,1443,33449.47
2025-11-16 16:03:36.717,1444,33127.38
2025-11-16 16:03:36.717,1445,33682.49
2025-11-16 16:03:36.717,1446,33588.98
2025-11-16 16:03:36.717,1447,33635.68
2025-11-16 16:03:36.717,1448,33870.7
2025-11-16 16:03:36.717,1449,33127.38
2025-11-16 16:03:36.717,1450,33495.87
2025-11-16 16:03:36.717,1451,33588.98
2025-11-16 16:03:36.717,1452,33682.49
2025-11-16 16:03:36.717,1453,33729.39
2025-11-16 16:03:36.717,1454,33870.7
2025-11-16 16:03:36.717,1455,33682.49
2025-11-16 16:03:36.717,1456,35335.6
2025-11-16 16:03:36.717,1457,33588.98
2025-11-16 16:03:36.717,1458,34156.08
2025-11-16 16:03:36.717,1459,43557.83
2025-11-16 16:03:36.717,1460,37392.4
2025-11-16 16:03:36.717,1461,37669.63
2025-11-16 16:03:36.717,1462,35134.67
2025-11-16 16:03:36.717,1463,36901.41
2025-11-16 16:03:36.717,1464,34836.58
2025-11-16 16:03:36.717,1465,35134.67
2025-11-16 16:03:36.717,1466,39644.14
2025-11-16 16:03:36.717,1467,35845.82
2025-11-16 16:03:36.717,1468,33036.22
2025-11-16 16:03:36.717,1469,36793.67
2025-11-16 16:03:36.717,1470,32276.66
2025-11-16 16:03:36.717,1471,32810.01
2025-11-16 16:03:36.717,1472,53378.87
2025-11-16 16:03:36.717,1473,31885.26
2025-11-16 16:03:36.717,1474,26348.73
2025-11-16 16:03:36.717,1475,34396.74
2025-11-16 16:03:36.717,1476,31248.74
2025-11-16 16:03:36.717,1477,30917.09
2025-11-16 16:03:36.717,1478,23754.24
2025-11-16 16:03:36.717,1479,49670.62
2025-11-16 16:03:36.717,1480,66150.61
2025-11-16 16:03:36.717,1481,48139.58
2025-11-16 16:03:36.717,1482,880309.75
2025-11-16 16:03:36.717,1483,32586.16
2025-11-16 16:03:36.717,1484,63676.8
2025-11-16 16:03:36.717,1485,102094.18
2025-11-16 16:03:36.717,1486,43983.32
2025-11-16 16:03:36.717,1487,43983.32
2025-11-16 16:03:36.717,1488,26610.43
2025-11-16 16:03:36.717,1489,26187.06
2025-11-16 16:03:36.717,1490,25064.0
2025-11-16 16:03:36.717,1491,24973.54
2025-11-16 16:03:36.717,1492,24913.49
2025-11-16 16:03:36.717,1493,25094.26
2025-11-16 16:03:36.717,1494,25124.57
2025-11-16 16:03:36.717,1495,25154.93
2025-11-16 16:03:36.717,1496,25154.93
2025-11-16 16:03:36.717,1497,24704.93
2025-11-16 16:03:36.717,1498,25154.93
2025-11-16 16:03:36.717,1499,25064.0
2025-11-16 16:03:36.717,1500,25094.26
2025-11-16 16:03:36.717,1501,25124.57
2025-11-16 16:03:36.717,1502,26090.74
2025-11-16 16:03:36.717,1503,25094.26
2025-11-16 16:03:36.717,1504,26283.89
2025-11-16 16:03:36.717,1505,25215.81
2025-11-16 16:03:36.717,1506,25523.39
2025-11-16 16:03:36.717,1507,32765.05
2025-11-16 16:03:36.717,1508,28553.0
2025-11-16 16:03:36.717,1509,28847.41
2025-11-16 16:03:36.717,1510,26610.43
2025-11-16 16:03:36.717,1511,28921.71
2025-11-16 16:03:36.717,1512,26348.73
2025-11-16 16:03:36.717,1513,27077.54
2025-11-16 16:03:36.717,1514,31290.57
2025-11-16 16:03:36.717,1515,27349.84
2025-11-16 16:03:36.717,1516,25804.82
2025-11-16 16:03:36.717,1517,28191.18
2025-11-16 16:03:36.717,1518,25215.81
2025-11-16 16:03:36.717,1519,25276.9
2025-11-16 16:03:36.717,1520,42253.52
2025-11-16 16:03:36.717,1521,25215.81
2025-11-16 16:03:36.717,1522,24734.57
2025-11-16 16:03:36.717,1523,27349.84
2025-11-16 16:03:36.717,1524,25276.9
2025-11-16 16:03:36.717,1525,25710.52
2025-11-16 16:03:36.717,1526,25963.11
2025-11-16 16:03:36.717,1527,40756.99
2025-11-16 16:03:36.717,1528,54277.52
2025-11-16 16:03:36.717,1529,37669.63
2025-11-16 16:03:36.717,1530,566776.38
2025-11-16 16:03:36.717,1531,25679.2
2025-11-16 16:03:36.717,1532,49151.41
2025-11-16 16:03:36.717,1533,79896.98
2025-11-16 16:03:36.717,1534,34060.55
2025-11-16 16:03:36.717,1535,34060.55
2025-11-16 16:03:36.717,1536,24093.88
2025-11-16 16:03:36.717,1537,24093.88
2025-11-16 16:03:36.717,1538,24093.88
2025-11-16 16:03:36.717,1539,24093.88
2025-11-16 16:03:36.717,1540,24093.88
2025-11-16 16:03:36.717,1541,24093.88
2025-11-16 16:03:36.717,1542,24093.88
2025-11-16 16:03:36.717,1543,24093.88
2025-11-16 16:03:36.717,1544,24093.88
2025-11-16 16:03:36.717,1545,24093.88
2025-11-16 16:03:36.717,1546,24093.88
2025-11-16 16:03:36.717,1547,24093.88
2025-11-16 16:03:36.717,1548,24093.88
2025-11-16 16:03:36.717,1549,24093.88
2025-11-16 16:03:36.717,1550,24093.88
2025-11-16 16:03:36.717,1551,24093.88
2025-11-16 16:03:36.717,1552,24093.88
2025-11-16 16:03:36.717,1553,24093.88
2025-11-16 16:03:36.717,1554,24093.88
2025-11-16 16:03:36.717,1555,24093.88
2025-11-16 16:03:36.717,1556,24093.88
2025-11-16 16:03:36.717,1557,24093.88
2025-11-16 16:03:36.717,1558,24093.88
2025-11-16 16:03:36.717,1559,24093.88
2025-11-16 16:03:36.717,1560,24093.88
2025-11-16 16:03:36.717,1561,24093.88
2025-11-16 16:03:36.717,1562,24093.88
2025-11-16 16:03:36.717,1563,24093.88
2025-11-16 16:03:36.717,1564,24093.88
2025-11-16 16:03:36.717,1565,24093.88
2025-11-16 16:03:36.717,1566,24093.88
2025-11-16 16:03:36.717,1567,24093.88
2025-11-16 16:03:36.717,1568,24093.88
2025-11-16 16:03:36.717,1569,24093.88
2025-11-16 16:03:36.717,1570,24093.88
2025-11-16 16:03:36.717,1571,24093.88
2025-11-16 16:03:36.717,1572,24093.88
2025-11-16 16:03:36.717,1573,24093.88
2025-11-16 16:03:36.717,1574,24093.88
2025-11-16 16:03:36.717,1575,24093.88
2025-11-16 16:03:36.717,1576,24093.88
2025-11-16 16:03:36.717,1577,24093.88
2025-11-16 16:03:36.717,1578,24093.88
2025-11-16 16:03:36.717,1579,24093.88
2025-11-16 16:03:36.717,1580,24093.88
2025-11-16 16:03:36.717,1581,24093.88
2025-11-16 16:03:36.717,1582,24093.88
2025-11-16 16:03:36.717,1583,24093.88
2025-11-16 16:03:36.717,1584,24093.88
2025-11-16 16:03:36.717,1585,24151.15
2025-11-16 16:03:36.717,1586,23040.99
2025-11-16 16:03:36.717,1587,22564.54
2025-11-16 16:03:36.717,1588,22801.05
2025-11-16 16:03:36.717,1589,22987.37
2025-11-16 16:03:36.717,1590,22987.37
2025-11-16 16:03:36.717,1591,23040.99
2025-11-16 16:03:36.717,1592,23040.99
2025-11-16 16:03:36.717,1593,22854.06
2025-11-16 16:03:36.717,1594,23202.91
2025-11-16 16:03:36.717,1595,23257.23
2025-11-16 16:03:36.717,1596,22987.37
2025-11-16 16:03:36.717,1597,23040.99
2025-11-16 16:03:36.717,1598,24065.32
2025-11-16 16:03:36.717,1599,23202.91
2025-11-16 16:03:36.717,1600,23923.21
2025-11-16 16:03:36.717,1601,23257.23
2025-11-16 16:03:36.717,1602,23257.23
2025-11-16 16:03:36.717,1603,30712.49
2025-11-16 16:03:36.717,1604,26187.06
2025-11-16 16:03:36.717,1605,26809.18
2025-11-16 16:03:36.717,1606,24353.12
2025-11-16 16:03:36.717,1607,26676.44
2025-11-16 16:03:36.717,1608,24382.16
2025-11-16 16:03:36.717,1609,25033.8
2025-11-16 16:03:36.717,1610,29071.17
2025-11-16 16:03:36.717,1611,25773.33
2025-11-16 16:03:36.717,1612,24266.27
2025-11-16 16:03:36.717,1613,26676.44
2025-11-16 16:03:36.717,1614,24036.8
2025-11-16 16:03:36.717,1615,24151.15
2025-11-16 16:03:36.717,1616,40256.3
2025-11-16 16:03:36.717,1617,23923.21
2025-11-16 16:03:36.717,1618,23923.21
2025-11-16 16:03:36.717,1619,26026.81
2025-11-16 16:03:36.717,1620,24498.84
2025-11-16 16:03:36.717,1621,24616.31
2025-11-16 16:03:36.717,1622,26348.73
2025-11-16 16:03:36.717,1623,39165.01
2025-11-16 16:03:36.717,1624,52600.88
2025-11-16 16:03:36.717,1625,35845.82
2025-11-16 16:03:36.717,1626,708471.5
2025-11-16 16:03:36.717,1627,24734.57
2025-11-16 16:03:36.717,1628,47646.51
2025-11-16 16:03:36.717,1629,76654.66
2025-11-16 16:03:36.717,1630,33403.16
2025-11-16 16:03:36.717,1631,33403.16
2025-11-16 16:03:36.717,1632,23810.38
2025-11-16 16:03:36.717,1633,22643.0
2025-11-16 16:03:36.717,1634,22357.16
2025-11-16 16:03:36.717,1635,22050.96
2025-11-16 16:03:36.717,1636,22203.33
2025-11-16 16:03:36.717,1637,22408.76
2025-11-16 16:03:36.717,1638,22305.72
2025-11-16 16:03:36.717,1639,22512.45
2025-11-16 16:03:36.717,1640,22408.76
2025-11-16 16:03:36.717,1641,22203.33
2025-11-16 16:03:36.717,1642,22408.76
2025-11-16 16:03:36.717,1643,22357.16
2025-11-16 16:03:36.717,1644,22357.16
2025-11-16 16:03:36.717,1645,22357.16
2025-11-16 16:03:36.717,1646,23040.99
2025-11-16 16:03:36.717,1647,22305.72
2025-11-16 16:03:36.717,1648,21900.02
2025-11-16 16:03:36.717,1649,21261.97
2025-11-16 16:03:36.717,1650,22101.59
2025-11-16 16:03:36.717,1651,28847.41
2025-11-16 16:03:36.717,1652,24794.01
2025-11-16 16:03:36.717,1653,25215.81
2025-11-16 16:03:36.717,1654,23311.73
2025-11-16 16:03:36.717,1655,25185.35
2025-11-16 16:03:36.717,1656,22933.92
2025-11-16 16:03:36.717,1657,23257.23
2025-11-16 16:03:36.717,1658,26676.44
2025-11-16 16:03:36.717,1659,23810.38
2025-11-16 16:03:36.717,1660,18498.34
2025-11-16 16:03:36.717,1661,24382.16
2025-11-16 16:03:36.717,1662,16929.16
2025-11-16 16:03:36.717,1663,18986.58
2025-11-16 16:03:36.717,1664,34156.08
2025-11-16 16:03:36.717,1665,17420.39
2025-11-16 16:03:36.717,1666,19111.26
2025-11-16 16:03:36.717,1667,23014.16
2025-11-16 16:03:36.717,1668,16182.0
2025-11-16 16:03:36.717,1669,19048.79
2025-11-16 16:03:36.717,1670,22564.54
2025-11-16 16:03:36.717,1671,34542.39
2025-11-16 16:03:36.717,1672,45002.86
2025-11-16 16:03:36.717,1673,32720.19
2025-11-16 16:03:36.717,1674,583498.19
2025-11-16 16:03:36.717,1675,19751.0
2025-11-16 16:03:36.717,1676,44928.77
2025-11-16 16:03:36.717,1677,72958.16
2025-11-16 16:03:36.717,1678,29373.55
2025-11-16 16:03:36.717,1679,29373.55
2025-11-16 16:03:36.717,1680,34542.39
2025-11-16 16:03:36.717,1681,33310.84
2025-11-16 16:03:36.717,1682,32586.16
2025-11-16 16:03:36.717,1683,31458.76
2025-11-16 16:03:36.717,1684,32058.32
2025-11-16 16:03:36.717,1685,32232.81
2025-11-16 16:03:36.717,1686,31928.39
2025-11-16 16:03:36.717,1687,32189.05
2025-11-16 16:03:36.717,1688,32145.38
2025-11-16 16:03:36.717,1689,32058.32
2025-11-16 16:03:36.717,1690,32189.05
2025-11-16 16:03:36.717,1691,32058.32
2025-11-16 16:03:36.717,1692,31971.61
2025-11-16 16:03:36.717,1693,31885.26
2025-11-16 16:03:36.717,1694,32675.42
2025-11-16 16:03:36.717,1695,31543.36
2025-11-16 16:03:36.717,1696,30229.68
2025-11-16 16:03:36.717,1697,28662.88
2025-11-16 16:03:36.717,1698,31416.58
2025-11-16 16:03:36.717,1699,39644.14
2025-11-16 16:03:36.717,1700,35034.87
2025-11-16 16:03:36.717,1701,35640.36
2025-11-16 16:03:36.717,1702,32765.05
2025-11-16 16:03:36.717,1703,35234.91
2025-11-16 16:03:36.717,1704,32855.06
2025-11-16 16:03:36.717,1705,33449.47
2025-11-16 16:03:36.717,1706,37558.35
2025-11-16 16:03:36.717,1707,34591.16
2025-11-16 16:03:36.717,1708,29526.5
2025-11-16 16:03:36.717,1709,34640.03
2025-11-16 16:03:36.717,1710,29108.72
2025-11-16 16:03:36.717,1711,30110.76
2025-11-16 16:03:36.717,1712,43487.57
2025-11-16 16:03:36.717,1713,29221.78
2025-11-16 16:03:36.717,1714,29297.52
2025-11-16 16:03:36.717,1715,33776.39
2025-11-16 16:03:36.717,1716,27349.84
2025-11-16 16:03:36.717,1717,29449.88
2025-11-16 16:03:36.717,1718,33127.38
2025-11-16 16:03:36.717,1719,48980.34
2025-11-16 16:03:36.717,1720,53182.58
2025-11-16 16:03:36.717,1721,45301.25
2025-11-16 16:03:36.717,1722,942433.13
2025-11-16 16:03:36.717,1723,31082.24
2025-11-16 16:03:36.717,1724,60253.01
2025-11-16 16:03:36.717,1725,97948.88
2025-11-16 16:03:36.717,1726,39644.14
2025-11-16 16:03:36.717,1727,39644.14
2025-11-16 16:03:36.717,1728,25554.44
2025-11-16 16:03:36.717,1729,24675.34
2025-11-16 16:03:36.717,1730,24151.15
2025-11-16 16:03:36.717,1731,24036.8
2025-11-16 16:03:36.717,1732,23698.29
2025-11-16 16:03:36.717,1733,24266.27
2025-11-16 16:03:36.717,1734,24208.61
2025-11-16 16:03:36.717,1735,24266.27
2025-11-16 16:03:36.717,1736,24208.61
2025-11-16 16:03:36.717,1737,24179.86
2025-11-16 16:03:36.717,1738,24295.17
2025-11-16 16:03:36.717,1739,24324.12
2025-11-16 16:03:36.717,1740,23866.7
2025-11-16 16:03:36.717,1741,24036.8
2025-11-16 16:03:36.717,1742,25033.8
2025-11-16 16:03:36.717,1743,24324.12
2025-11-16 16:03:36.717,1744,23754.24
2025-11-16 16:03:36.717,1745,22460.52
2025-11-16 16:03:36.717,1746,22854.06
2025-11-16 16:03:36.717,1747,30958.25
2025-11-16 16:03:36.717,1748,27077.54
2025-11-16 16:03:36.717,1749,27111.36
2025-11-16 16:03:36.717,1750,25307.53
2025-11-16 16:03:36.717,1751,27349.84
2025-11-16 16:03:36.717,1752,25033.8
2025-11-16 16:03:36.717,1753,26026.81
2025-11-16 16:03:36.717,1754,29146.33
2025-11-16 16:03:36.717,1755,26219.28
2025-11-16 16:03:36.717,1756,19194.97
2025-11-16 16:03:36.717,1757,26544.65
2025-11-16 16:03:36.717,1758,20602.68
2025-11-16 16:03:36.717,1759,17949.02
2025-11-16 16:03:36.717,1760,38348.37
2025-11-16 16:03:36.717,1761,22000.49
2025-11-16 16:03:36.717,1762,20928.83
2025-11-16 16:03:36.717,1763,25647.93
2025-11-16 16:03:36.717,1764,21651.57
2025-11-16 16:03:36.717,1765,21261.97
2025-11-16 16:03:36.717,1766,25585.55
2025-11-16 16:03:36.717,1767,38063.23
2025-11-16 16:03:36.717,1768,49496.55
2025-11-16 16:03:36.717,1769,36686.43
2025-11-16 16:03:36.717,1770,920784.13
2025-11-16 16:03:36.717,1771,23230.05
2025-11-16 16:03:36.717,1772,50021.84
2025-11-16 16:03:36.717,1773,79699.56
2025-11-16 16:03:36.717,1774,32189.05
2025-11-16 16:03:36.717,1775,32189.05
2025-11-16 16:03:36.717,1776,22721.83
2025-11-16 16:03:36.717,1777,21358.47
2025-11-16 16:03:36.717,1778,21261.97
2025-11-16 16:03:36.717,1779,21166.06
2025-11-16 16:03:36.717,1780,21528.79
2025-11-16 16:03:36.717,1781,20928.83
2025-11-16 16:03:36.717,1782,21118.33
2025-11-16 16:03:36.717,1783,21553.27
2025-11-16 16:03:36.717,1784,21334.29
2025-11-16 16:03:36.717,1785,21189.98
2025-11-16 16:03:36.717,1786,21213.94
2025-11-16 16:03:36.717,1787,21382.69
2025-11-16 16:03:36.717,1788,21286.04
2025-11-16 16:03:36.717,1789,21431.24
2025-11-16 16:03:36.717,1790,21975.31
2025-11-16 16:03:36.717,1791,21358.47
2025-11-16 16:03:36.717,1792,20193.28
2025-11-16 16:03:36.717,1793,19577.68
2025-11-16 16:03:36.717,1794,20170.86
2025-11-16 16:03:36.717,1795,27213.2
2025-11-16 16:03:36.717,1796,23393.82
2025-11-16 16:03:36.717,1797,23698.29
2025-11-16 16:03:36.717,1798,22152.38
2025-11-16 16:03:36.717,1799,24093.88
2025-11-16 16:03:36.717,1800,21975.31
2025-11-16 16:03:36.717,1801,22721.83
2025-11-16 16:03:36.717,1802,25679.2
2025-11-16 16:03:36.717,1803,23094.79
2025-11-16 16:03:36.717,1804,17795.93
2025-11-16 16:03:36.717,1805,23670.38
2025-11-16 16:03:36.717,1806,18578.57
2025-11-16 16:03:36.717,1807,18699.77
2025-11-16 16:03:36.717,1808,34156.08
2025-11-16 16:03:36.717,1809,18598.7
2025-11-16 16:03:36.717,1810,16769.29
2025-11-16 16:03:36.717,1811,22000.49
2025-11-16 16:03:36.717,1812,17720.0
2025-11-16 16:03:36.717,1813,16403.5
2025-11-16 16:03:36.717,1814,21925.08
2025-11-16 16:03:36.717,1815,32945.45
2025-11-16 16:03:36.717,1816,44126.66
2025-11-16 16:03:36.717,1817,31799.26
2025-11-16 16:03:36.717,1818,672541.69
2025-11-16 16:03:36.717,1819,19707.48
2025-11-16 16:03:36.717,1820,43417.48
2025-11-16 16:03:36.717,1821,70346.52
2025-11-16 16:03:36.717,1822,28480.09
2025-11-16 16:03:36.717,1823,28480.09
2025-11-16 16:03:36.717,1824,31971.61
2025-11-16 16:03:36.717,1825,31290.57
2025-11-16 16:03:36.717,1826,30550.28
2025-11-16 16:03:36.717,1827,30269.48
2025-11-16 16:03:36.717,1828,30309.35
2025-11-16 16:03:36.717,1829,30631.22
2025-11-16 16:03:36.717,1830,30550.28
2025-11-16 16:03:36.717,1831,30590.71
2025-11-16 16:03:36.717,1832,30509.92
2025-11-16 16:03:36.717,1833,30229.68
2025-11-16 16:03:36.717,1834,30550.28
2025-11-16 16:03:36.717,1835,30712.49
2025-11-16 16:03:36.717,1836,30150.32
2025-11-16 16:03:36.717,1837,30309.35
2025-11-16 16:03:36.717,1838,31458.76
2025-11-16 16:03:36.717,1839,30712.49
2025-11-16 16:03:36.717,1840,30958.25
2025-11-16 16:03:36.717,1841,28996.3
2025-11-16 16:03:36.717,1842,29488.15
2025-11-16 16:03:36.717,1843,38578.92
2025-11-16 16:03:36.717,1844,33495.87
2025-11-16 16:03:36.717,1845,33682.49
2025-11-16 16:03:36.717,1846,31416.58
2025-11-16 16:03:36.717,1847,34012.93
2025-11-16 16:03:36.717,1848,31332.49
2025-11-16 16:03:36.717,1849,32765.05
2025-11-16 16:03:36.717,1850,36526.48
2025-11-16 16:03:36.717,1851,32810.01
2025-11-16 16:03:36.717,1852,28191.18
2025-11-16 16:03:36.717,1853,33403.16
2025-11-16 16:03:36.717,1854,26809.18
2025-11-16 16:03:36.717,1855,27695.87
2025-11-16 16:03:36.717,1856,45301.25
2025-11-16 16:03:36.717,1857,29071.17
2025-11-16 16:03:36.717,1858,28443.74
2025-11-16 16:03:36.717,1859,32630.74
2025-11-16 16:03:36.717,1860,29449.88
2025-11-16 16:03:36.717,1861,29146.33
2025-11-16 16:03:36.717,1862,32900.21
2025-11-16 16:03:36.717,1863,47161.71
2025-11-16 16:03:36.717,1864,59181.26
2025-11-16 16:03:36.717,1865,44415.61
2025-11-16 16:03:36.717,1866,965113.19
2025-11-16 16:03:36.717,1867,30389.34
2025-11-16 16:03:36.717,1868,58028.08
2025-11-16 16:03:36.717,1869,94098.91
2025-11-16 16:03:36.717,1870,38233.91
2025-11-16 16:03:36.717,1871,38233.91
2025-11-16 16:03:36.717,1872,26942.87
2025-11-16 16:03:36.717,1873,26283.89
2025-11-16 16:03:36.717,1874,25836.37
2025-11-16 16:03:36.717,1875,25585.55
2025-11-16 16:03:36.717,1876,25710.52
2025-11-16 16:03:36.717,1877,25963.11
2025-11-16 16:03:36.717,1878,25710.52
2025-11-16 16:03:36.717,1879,26090.74
2025-11-16 16:03:36.717,1880,25836.37
2025-11-16 16:03:36.717,1881,25836.37
2025-11-16 16:03:36.717,1882,26187.06
2025-11-16 16:03:36.717,1883,26090.74
2025-11-16 16:03:36.717,1884,25804.82
2025-11-16 16:03:36.717,1885,25963.11
2025-11-16 16:03:36.717,1886,26742.69
2025-11-16 16:03:36.717,1887,25963.11
2025-11-16 16:03:36.717,1888,25804.82
2025-11-16 16:03:36.717,1889,24266.27
2025-11-16 16:03:36.717,1890,25094.26
2025-11-16 16:03:36.717,1891,32675.42
2025-11-16 16:03:36.717,1892,28996.3
2025-11-16 16:03:36.717,1893,28884.52
2025-11-16 16:03:36.717,1894,27077.54
2025-11-16 16:03:36.717,1895,29297.52
2025-11-16 16:03:36.717,1896,26942.87
2025-11-16 16:03:36.717,1897,27977.33
2025-11-16 16:03:36.717,1898,31374.49
2025-11-16 16:03:36.717,1899,27977.33
2025-11-16 16:03:36.717,1900,21626.94
2025-11-16 16:03:36.717,1901,28335.09
2025-11-16 16:03:36.717,1902,20975.98
2025-11-16 16:03:36.717,1903,21455.57
2025-11-16 16:03:36.717,1904,40380.55
2025-11-16 16:03:36.717,1905,24093.88
2025-11-16 16:03:36.717,1906,22933.92
2025-11-16 16:03:36.717,1907,27730.82
2025-11-16 16:03:36.717,1908,24151.15
2025-11-16 16:03:36.717,1909,23838.52
2025-11-16 16:03:36.717,1910,27418.54
2025-11-16 16:03:36.717,1911,40820.27
2025-11-16 16:03:36.717,1912,53182.58
2025-11-16 16:03:36.717,1913,38636.91
2025-11-16 16:03:36.717,1914,793012.25
2025-11-16 16:03:36.717,1915,25215.81
2025-11-16 16:03:36.717,1916,51376.5
2025-11-16 16:03:36.717,1917,84252.88
2025-11-16 16:03:36.717,1918,34640.03
2025-11-16 16:03:36.717,1919,34640.03
2025-11-16 16:03:36.717,1920,900097.25
2025-11-16 16:03:36.717,1921,988899.38
2025-11-16 16:03:36.717,1922,825793.38
2025-11-16 16:03:36.717,1923,988899.38
2025-11-16 16:03:36.717,1924,900097.25
2025-11-16 16:03:36.717,1925,777567.38
2025-11-16 16:03:36.717,1926,861364.44
2025-11-16 16:03:36.717,1927,793012.25
2025-11-16 16:03:36.717,1928,988899.38
2025-11-16 16:03:36.717,1929,900097.25
2025-11-16 16:03:36.717,1930,920784.13
2025-11-16 16:03:36.717,1931,900097.25
2025-11-16 16:03:36.717,1932,861364.44
2025-11-16 16:03:36.717,1933,988899.38
2025-11-16 16:03:36.717,1934,793012.25
2025-11-16 16:03:36.717,1935,861364.44
2025-11-16 16:03:36.717,1936,942433.13
2025-11-16 16:03:36.717,1937,942433.13
2025-11-16 16:03:36.717,1938,793012.25
2025-11-16 16:03:36.717,1939,942433.13
2025-11-16 16:03:36.717,1940,965113.19
2025-11-16 16:03:36.717,1941,988899.38
2025-11-16 16:03:36.717,1942,708471.5
2025-11-16 16:03:36.717,1943,708471.5
2025-11-16 16:03:36.717,1944,684112.31
2025-11-16 16:03:36.717,1945,640033.69
2025-11-16 16:03:36.717,1946,734602.25
2025-11-16 16:03:36.717,1947,708471.5
2025-11-16 16:03:36.717,1948,661350.38
2025-11-16 16:03:36.717,1949,696081.88
2025-11-16 16:03:36.717,1950,575017.88
2025-11-16 16:03:36.717,1951,684112.31
2025-11-16 16:03:36.717,1952,942433.13
2025-11-16 16:03:36.717,1953,661350.38
2025-11-16 16:03:36.717,1954,696081.88
2025-11-16 16:03:36.717,1955,793012.25
2025-11-16 16:03:36.717,1956,684112.31
2025-11-16 16:03:36.717,1957,629875.0
2025-11-16 16:03:36.717,1958,843208.31
2025-11-16 16:03:36.717,1959,920784.13
2025-11-16 16:03:36.717,1960,920784.13
2025-11-16 16:03:36.717,1961,920784.13
2025-11-16 16:03:36.717,1962,696081.88
2025-11-16 16:03:36.717,1963,696081.88
2025-11-16 16:03:36.717,1964,942433.13
2025-11-16 16:03:36.717,1965,661350.38
2025-11-16 16:03:36.717,1966,661350.38
2025-11-16 16:03:36.717,1967,661350.38
2025-11-16 16:03:36.717,1968,30835.0
2025-11-16 16:03:36.717,1969,28996.3
2025-11-16 16:03:36.717,1970,29221.78
2025-11-16 16:03:36.717,1971,28699.64
2025-11-16 16:03:36.717,1972,28996.3
2025-11-16 16:03:36.717,1973,29071.17
2025-11-16 16:03:36.717,1974,28921.71
2025-11-16 16:03:36.717,1975,29297.52
2025-11-16 16:03:36.717,1976,29221.78
2025-11-16 16:03:36.717,1977,28921.71
2025-11-16 16:03:36.717,1978,29071.17
2025-11-16 16:03:36.717,1979,29071.17
2025-11-16 16:03:36.717,1980,29071.17
2025-11-16 16:03:36.717,1981,29184.02
2025-11-16 16:03:36.717,1982,30150.32
2025-11-16 16:03:36.717,1983,29146.33
2025-11-16 16:03:36.717,1984,29449.88
2025-11-16 16:03:36.717,1985,27977.33
2025-11-16 16:03:36.717,1986,28699.64
2025-11-16 16:03:36.717,1987,37118.37
2025-11-16 16:03:36.717,1988,32675.42
2025-11-16 16:03:36.717,1989,32855.06
2025-11-16 16:03:36.717,1990,30631.22
2025-11-16 16:03:36.717,1991,32900.21
2025-11-16 16:03:36.717,1992,30631.22
2025-11-16 16:03:36.717,1993,31290.57
2025-11-16 16:03:36.717,1994,35034.87
2025-11-16 16:03:36.717,1995,31206.99
2025-11-16 16:03:36.717,1996,26676.44
2025-11-16 16:03:36.717,1997,31928.39
2025-11-16 16:03:36.717,1998,24704.93
2025-11-16 16:03:36.717,1999,26348.73
2025-11-16 16:03:36.717,2000,42455.23
2025-11-16 16:03:36.717,2001,26742.69
2025-11-16 16:03:36.717,2002,27077.54
2025-11-16 16:03:36.717,2003,30917.09
2025-11-16 16:03:36.717,2004,27906.57
2025-11-16 16:03:36.717,2005,27941.91
2025-11-16 16:03:36.717,2006,31374.49
2025-11-16 16:03:36.717,2007,44928.77
2025-11-16 16:03:36.717,2008,55201.96
2025-11-16 16:03:36.717,2009,42590.57
2025-11-16 16:03:36.717,2010,920784.13
2025-11-16 16:03:36.717,2011,28516.51
2025-11-16 16:03:36.717,2012,55201.96
2025-11-16 16:03:36.717,2013,90513.82
2025-11-16 16:03:36.717,2014,36473.41
2025-11-16 16:03:36.717,2015,36473.41
2025-11-16 16:03:36.717,2016,592227.94
2025-11-16 16:03:36.717,2017,439984.91
2025-11-16 16:03:36.717,2018,477494.09
2025-11-16 16:03:36.717,2019,489387.19
2025-11-16 16:03:36.717,2020,483368.97
2025-11-16 16:03:36.717,2021,550970.88
2025-11-16 16:03:36.717,2022,439984.91
2025-11-16 16:03:36.717,2023,550970.88
2025-11-16 16:03:36.717,2024,640033.69
2025-11-16 16:03:36.717,2025,566776.38
2025-11-16 16:03:36.717,2026,536008.31
2025-11-16 16:03:36.717,2027,583498.19
2025-11-16 16:03:36.717,2028,640033.69
2025-11-16 16:03:36.717,2029,566776.38
2025-11-16 16:03:36.717,2030,550970.88
2025-11-16 16:03:36.717,2031,521823.06
2025-11-16 16:03:36.717,2032,566776.38
2025-11-16 16:03:36.717,2033,543388.5
2025-11-16 16:03:36.717,2034,566776.38
2025-11-16 16:03:36.717,2035,696081.88
2025-11-16 16:03:36.717,2036,661350.38
2025-11-16 16:03:36.717,2037,661350.38
2025-11-16 16:03:36.717,2038,583498.19
2025-11-16 16:03:36.717,2039,601218.31
2025-11-16 16:03:36.717,2040,583498.19
2025-11-16 16:03:36.717,2041,550970.88
2025-11-16 16:03:36.717,2042,661350.38
2025-11-16 16:03:36.717,2043,640033.69
2025-11-16 16:03:36.717,2044,536008.31
2025-11-16 16:03:36.717,2045,601218.31
2025-11-16 16:03:36.717,2046,521823.06
2025-11-16 16:03:36.717,2047,566776.38
2025-11-16 16:03:36.717,2048,477494.09
2025-11-16 16:03:36.717,2049,583498.19
2025-11-16 16:03:36.717,2050,536008.31
2025-11-16 16:03:36.717,2051,583498.19
2025-11-16 16:03:36.717,2052,536008.31
2025-11-16 16:03:36.717,2053,515003.19
2025-11-16 16:03:36.717,2054,558763.94
2025-11-16 16:03:36.717,2055,748393.56
2025-11-16 16:03:36.717,2056,536008.31
2025-11-16 16:03:36.717,2057,734602.25
2025-11-16 16:03:36.717,2058,566776.38
2025-11-16 16:03:36.717,2059,566776.38
2025-11-16 16:03:36.717,2060,762705.19
2025-11-16 16:03:36.717,2061,334076.69
2025-11-16 16:03:36.717,2062,334076.69
2025-11-16 16:03:36.717,2063,334076.69
2025-11-16 16:03:36.717,2064,25963.11
2025-11-16 16:03:36.717,2065,24853.65
2025-11-16 16:03:36.717,2066,24586.87
2025-11-16 16:03:36.717,2067,23866.7
2025-11-16 16:03:36.717,2068,24557.47
2025-11-16 16:03:36.717,2069,24794.01
2025-11-16 16:03:36.717,2070,24853.65
2025-11-16 16:03:36.717,2071,24794.01
2025-11-16 16:03:36.717,2072,24794.01
2025-11-16 16:03:36.717,2073,24675.34
2025-11-16 16:03:36.717,2074,24675.34
2025-11-16 16:03:36.717,2075,24734.57
2025-11-16 16:03:36.717,2076,24853.65
2025-11-16 16:03:36.717,2077,24794.01
2025-11-16 16:03:36.717,2078,25523.39
2025-11-16 16:03:36.717,2079,24675.34
2025-11-16 16:03:36.717,2080,19491.78
2025-11-16 16:03:36.717,2081,20373.88
2025-11-16 16:03:36.717,2082,24324.12
2025-11-16 16:03:36.717,2083,30590.71
2025-11-16 16:03:36.717,2084,27906.57
2025-11-16 16:03:36.717,2085,28191.18
2025-11-16 16:03:36.717,2086,26090.74
2025-11-16 16:03:36.717,2087,28699.64
2025-11-16 16:03:36.717,2088,25773.33
2025-11-16 16:03:36.717,2089,26676.44
2025-11-16 16:03:36.717,2090,30876.0
2025-11-16 16:03:36.717,2091,27556.69
2025-11-16 16:03:36.717,2092,24913.49
2025-11-16 16:03:36.717,2093,27977.33
2025-11-16 16:03:36.717,2094,24616.31
2025-11-16 16:03:36.717,2095,24704.93
2025-11-16 16:03:36.717,2096,39523.48
2025-11-16 16:03:36.717,2097,24704.93
2025-11-16 16:03:36.717,2098,24675.34
2025-11-16 16:03:36.717,2099,27281.39
2025-11-16 16:03:36.717,2100,24295.17
2025-11-16 16:03:36.717,2101,24973.54
2025-11-16 16:03:36.717,2102,27315.59
2025-11-16 16:03:36.717,2103,40505.41
2025-11-16 16:03:36.717,2104,48810.25
2025-11-16 16:03:36.717,2105,37009.64
2025-11-16 16:03:36.717,2106,734602.25
2025-11-16 16:03:36.717,2107,25276.9
2025-11-16 16:03:36.717,2108,49845.72
2025-11-16 16:03:36.717,2109,79503.01
2025-11-16 16:03:36.717,2110,33449.47
2025-11-16 16:03:36.717,2111,33449.47
2025-11-16 16:03:36.717,2112,270422.94
2025-11-16 16:03:36.717,2113,249115.52
2025-11-16 16:03:36.717,2114,254133.06
2025-11-16 16:03:36.717,2115,255849.03
2025-11-16 16:03:36.717,2116,250766.73
2025-11-16 16:03:36.717,2117,264774.34
2025-11-16 16:03:36.717,2118,257587.41
2025-11-16 16:03:36.717,2119,259348.69
2025-11-16 16:03:36.717,2120,259348.69
2025-11-16 16:03:36.717,2121,241163.34
2025-11-16 16:03:36.717,2122,262941.66
2025-11-16 16:03:36.717,2123,257587.41
2025-11-16 16:03:36.717,2124,264774.34
2025-11-16 16:03:36.717,2125,247485.06
2025-11-16 16:03:36.717,2126,254133.06
2025-11-16 16:03:36.717,2127,254133.06
2025-11-16 16:03:36.717,2128,261133.28
2025-11-16 16:03:36.717,2129,254133.06
2025-11-16 16:03:36.717,2130,247485.06
2025-11-16 16:03:36.717,2131,322883.13
2025-11-16 16:03:36.717,2132,280371.47
2025-11-16 16:03:36.717,2133,280371.47
2025-11-16 16:03:36.717,2134,261133.28
2025-11-16 16:03:36.717,2135,264774.34
2025-11-16 16:03:36.717,2136,250766.73
2025-11-16 16:03:36.717,2137,257587.41
2025-11-16 16:03:36.717,2138,288853.09
2025-11-16 16:03:36.717,2139,257587.41
2025-11-16 16:03:36.717,2140,250766.73
2025-11-16 16:03:36.717,2141,261133.28
2025-11-16 16:03:36.717,2142,223932.14
2025-11-16 16:03:36.717,2143,232241.86
2025-11-16 16:03:36.717,2144,185855.86
2025-11-16 16:03:36.717,2145,219987.36
2025-11-16 16:03:36.717,2146,226638.0
2025-11-16 16:03:36.717,2147,249115.52
2025-11-16 16:03:36.717,2148,225277.3
2025-11-16 16:03:36.717,2149,235144.47
2025-11-16 16:03:36.717,2150,238117.42
2025-11-16 16:03:36.717,2151,320197.59
2025-11-16 16:03:36.717,2152,176906.95
2025-11-16 16:03:36.717,2153,276308.56
2025-11-16 16:03:36.717,2154,230816.17
2025-11-16 16:03:36.717,2155,230816.17
2025-11-16 16:03:36.717,2156,288853.09
2025-11-16 16:03:36.717,2157,450099.75
2025-11-16 16:03:36.717,2158,83604.98
2025-11-16 16:03:36.717,2159,83604.98
2025-11-16 16:03:36.717,2160,346048.91
2025-11-16 16:03:36.717,2161,339960.47
2025-11-16 16:03:36.717,2162,322883.13
2025-11-16 16:03:36.717,2163,339960.47
2025-11-16 16:03:36.717,2164,297844.91
2025-11-16 16:03:36.717,2165,346048.91
2025-11-16 16:03:36.717,2166,346048.91
2025-11-16 16:03:36.717,2167,365654.84
2025-11-16 16:03:36.717,2168,346048.91
2025-11-16 16:03:36.717,2169,342978.47
2025-11-16 16:03:36.717,2170,372678.72
2025-11-16 16:03:36.717,2171,372678.72
2025-11-16 16:03:36.717,2172,372678.72
2025-11-16 16:03:36.717,2173,372678.72
2025-11-16 16:03:36.717,2174,379970.25
2025-11-16 16:03:36.717,2175,372678.72
2025-11-16 16:03:36.717,2176,376290.09
2025-11-16 16:03:36.717,2177,362238.63
2025-11-16 16:03:36.717,2178,395419.56
2025-11-16 16:03:36.717,2179,455329.53
2025-11-16 16:03:36.717,2180,407834.16
2025-11-16 16:03:36.717,2181,403612.41
2025-11-16 16:03:36.717,2182,430305.09
2025-11-16 16:03:36.717,2183,395419.56
2025-11-16 16:03:36.717,2184,379970.25
2025-11-16 16:03:36.717,2185,387544.88
2025-11-16 16:03:36.717,2186,435092.38
2025-11-16 16:03:36.717,2187,421032.91
2025-11-16 16:03:36.717,2188,358884.03
2025-11-16 16:03:36.717,2189,395419.56
2025-11-16 16:03:36.717,2190,365654.84
2025-11-16 16:03:36.717,2191,365654.84
2025-11-16 16:03:36.717,2192,255849.03
2025-11-16 16:03:36.717,2193,379970.25
2025-11-16 16:03:36.717,2194,376290.09
2025-11-16 16:03:36.717,2195,421032.91
2025-11-16 16:03:36.717,2196,376290.09
2025-11-16 16:03:36.717,2197,365654.84
2025-11-16 16:03:36.717,2198,421032.91
2025-11-16 16:03:36.717,2199,536008.31
2025-11-16 16:03:36.717,2200,261133.28
2025-11-16 16:03:36.717,2201,483368.97
2025-11-16 16:03:36.717,2202,403612.41
2025-11-16 16:03:36.717,2203,403612.41
2025-11-16 16:03:36.717,2204,460679.59
2025-11-16 16:03:36.717,2205,684112.31
2025-11-16 16:03:36.717,2206,108944.77
2025-11-16 16:03:36.717,2207,108944.77
2025-11-16 16:03:36.717,2208,182175.47
2025-11-16 16:03:36.717,2209,182175.47
2025-11-16 16:03:36.717,2210,182175.47
2025-11-16 16:03:36.717,2211,182175.47
2025-11-16 16:03:36.717,2212,182175.47
2025-11-16 16:03:36.717,2213,182175.47
2025-11-16 16:03:36.717,2214,182175.47
2025-11-16 16:03:36.717,2215,182175.47
2025-11-16 16:03:36.717,2216,182175.47
2025-11-16 16:03:36.717,2217,182175.47
2025-11-16 16:03:36.717,2218,182175.47
2025-11-16 16:03:36.717,2219,182175.47
2025-11-16 16:03:36.717,2220,182175.47
2025-11-16 16:03:36.717,2221,182175.47
2025-11-16 16:03:36.717,2222,182175.47
2025-11-16 16:03:36.717,2223,182175.47
2025-11-16 16:03:36.717,2224,182175.47
2025-11-16 16:03:36.717,2225,182175.47
2025-11-16 16:03:36.717,2226,182175.47
2025-11-16 16:03:36.717,2227,182175.47
2025-11-16 16:03:36.717,2228,182175.47
2025-11-16 16:03:36.717,2229,182175.47
2025-11-16 16:03:36.717,2230,182175.47
2025-11-16 16:03:36.717,2231,182175.47
2025-11-16 16:03:36.717,2232,182175.47
2025-11-16 16:03:36.717,2233,182175.47
2025-11-16 16:03:36.717,2234,182175.47
2025-11-16 16:03:36.717,2235,182175.47
2025-11-16 16:03:36.717,2236,182175.47
2025-11-16 16:03:36.717,2237,182175.47
2025-11-16 16:03:36.717,2238,182175.47
2025-11-16 16:03:36.717,2239,182175.47
2025-11-16 16:03:36.717,2240,182175.47
2025-11-16 16:03:36.717,2241,182175.47
2025-11-16 16:03:36.717,2242,182175.47
2025-11-16 16:03:36.717,2243,182175.47
2025-11-16 16:03:36.717,2244,182175.47
2025-11-16 16:03:36.717,2245,182175.47
2025-11-16 16:03:36.717,2246,182175.47
2025-11-16 16:03:36.717,2247,182175.47
2025-11-16 16:03:36.717,2248,182175.47
2025-11-16 16:03:36.717,2249,182175.47
2025-11-16 16:03:36.717,2250,182175.47
2025-11-16 16:03:36.717,2251,182175.47
2025-11-16 16:03:36.717,2252,182175.47
2025-11-16 16:03:36.717,2253,182175.47
2025-11-16 16:03:36.717,2254,182175.47
2025-11-16 16:03:36.717,2255,182175.47
2025-11-16 16:03:36.717,2256,182175.47
2025-11-16 16:03:36.717,2257,164172.88
2025-11-16 16:03:36.717,2258,176056.81
2025-11-16 16:03:36.717,2259,168739.63
2025-11-16 16:03:36.717,2260,169524.13
2025-11-16 16:03:36.717,2261,168739.63
2025-11-16 16:03:36.717,2262,170315.53
2025-11-16 16:03:36.717,2263,183998.22
2025-11-16 16:03:36.717,2264,175214.38
2025-11-16 16:03:36.717,2265,168739.63
2025-11-16 16:03:36.717,2266,168739.63
2025-11-16 16:03:36.717,2267,182175.47
2025-11-16 16:03:36.717,2268,167191.02
2025-11-16 16:03:36.717,2269,175214.38
2025-11-16 16:03:36.717,2270,173552.13
2025-11-16 16:03:36.717,2271,171919.44
2025-11-16 16:03:36.717,2272,167961.95
2025-11-16 16:03:36.717,2273,164172.88
2025-11-16 16:03:36.717,2274,176906.95
2025-11-16 16:03:36.717,2275,223932.14
2025-11-16 16:03:36.717,2276,183998.22
2025-11-16 16:03:36.717,2277,185855.86
2025-11-16 16:03:36.717,2278,170315.53
2025-11-16 16:03:36.717,2279,170315.53
2025-11-16 16:03:36.717,2280,168739.63
2025-11-16 16:03:36.717,2281,168739.63
2025-11-16 16:03:36.717,2282,189679.88
2025-11-16 16:03:36.717,2283,168739.63
2025-11-16 16:03:36.717,2284,145616.44
2025-11-16 16:03:36.717,2285,171919.44
2025-11-16 16:03:36.717,2286,155704.97
2025-11-16 16:03:36.717,2287,164172.88
2025-11-16 16:03:36.717,2288,98234.78
2025-11-16 16:03:36.717,2289,161255.75
2025-11-16 16:03:36.717,2290,164917.73
2025-11-16 16:03:36.717,2291,176906.95
2025-11-16 16:03:36.717,2292,158434.67
2025-11-16 16:03:36.717,2293,156379.06
2025-11-16 16:03:36.717,2294,167191.02
2025-11-16 16:03:36.717,2295,229407.17
2025-11-16 16:03:36.717,2296,94098.91
2025-11-16 16:03:36.717,2297,205453.95
2025-11-16 16:03:36.717,2298,166426.73
2025-11-16 16:03:36.717,2299,166426.73
2025-11-16 16:03:36.717,2300,213700.14
2025-11-16 16:03:36.717,2301,322883.13
2025-11-16 16:03:36.717,2302,43840.75
2025-11-16 16:03:36.717,2303,43840.75
2025-11-16 16:03:36.984,0,23366.42
2025-11-16 16:03:36.984,1,29297.52
2025-11-16 16:03:36.984,2,30509.92
2025-11-16 16:03:36.984,3,30309.35
2025-11-16 16:03:36.984,4,30071.27
2025-11-16 16:03:36.984,5,30712.49
2025-11-16 16:03:36.984,6,30631.22
2025-11-16 16:03:36.984,7,30712.49
2025-11-16 16:03:36.984,8,30550.28
2025-11-16 16:03:36.984,9,30550.28
2025-11-16 16:03:36.984,10,30876.0
2025-11-16 16:03:36.984,11,30835.0
2025-11-16 16:03:36.984,12,30794.08
2025-11-16 16:03:36.984,13,30712.49
2025-11-16 16:03:36.984,14,31885.26
2025-11-16 16:03:36.984,15,30631.22
2025-11-16 16:03:36.984,16,35640.36
2025-11-16 16:03:36.984,17,33776.39
2025-11-16 16:03:36.984,18,33682.49
2025-11-16 16:03:36.984,19,41526.96
2025-11-16 16:03:36.984,20,35640.36
2025-11-16 16:03:36.984,21,34445.18
2025-11-16 16:03:36.984,22,32145.38
2025-11-16 16:03:36.984,23,35742.86
2025-11-16 16:03:36.984,24,32541.67
2025-11-16 16:03:36.984,25,32320.6
2025-11-16 16:03:36.984,26,36955.46
2025-11-16 16:03:36.984,27,33729.39
2025-11-16 16:03:36.984,28,33588.98
2025-11-16 16:03:36.984,29,34252.03
2025-11-16 16:03:36.984,30,33588.98
2025-11-16 16:03:36.984,31,33036.22
2025-11-16 16:03:36.984,32,54582.74
2025-11-16 16:03:36.984,33,33495.87
2025-11-16 16:03:36.984,34,33682.49
2025-11-16 16:03:36.984,35,34300.16
2025-11-16 16:03:36.984,36,34348.4
2025-11-16 16:03:36.984,37,34060.55
2025-11-16 16:03:36.984,38,36901.41
2025-11-16 16:03:36.984,39,50377.22
2025-11-16 16:03:36.984,40,69101.3
2025-11-16 16:03:36.984,41,42590.57
2025-11-16 16:03:36.984,42,880309.75
2025-11-16 16:03:36.984,43,33310.84
2025-11-16 16:03:36.984,44,46527.84
2025-11-16 16:03:36.984,45,73637.78
2025-11-16 16:03:36.984,46,41139.08
2025-11-16 16:03:36.984,47,41139.08
2025-11-16 16:03:36.984,48,106903.57
2025-11-16 16:03:36.984,49,115905.77
2025-11-16 16:03:36.984,50,110700.96
2025-11-16 16:03:36.984,51,113621.23
2025-11-16 16:03:36.984,52,109992.31
2025-11-16 16:03:36.984,53,125056.52
2025-11-16 16:03:36.984,54,113996.21
2025-11-16 16:03:36.984,55,120320.87
2025-11-16 16:03:36.984,56,119086.36
2025-11-16 16:03:36.984,57,114373.48
2025-11-16 16:03:36.984,58,119086.36
2025-11-16 16:03:36.984,59,115134.95
2025-11-16 16:03:36.984,60,118276.26
2025-11-16 16:03:36.984,61,118276.26
2025-11-16 16:03:36.984,62,126864.97
2025-11-16 16:03:36.984,63,114373.48
2025-11-16 16:03:36.984,64,134609.98
2025-11-16 16:03:36.984,65,127787.46
2025-11-16 16:03:36.984,66,134609.98
2025-11-16 16:03:36.984,67,164172.88
2025-11-16 16:03:36.984,68,128722.46
2025-11-16 16:03:36.984,69,130148.98
2025-11-16 16:03:36.984,70,122862.01
2025-11-16 16:03:36.984,71,136685.03
2025-11-16 16:03:36.984,72,118680.02
2025-11-16 16:03:36.984,73,121157.05
2025-11-16 16:03:36.984,74,135640.13
2025-11-16 16:03:36.984,75,134609.98
2025-11-16 16:03:36.984,76,125056.52
2025-11-16 16:03:36.984,77,133594.3
2025-11-16 16:03:36.984,78,129670.22
2025-11-16 16:03:36.984,79,127787.46
2025-11-16 16:03:36.984,80,175214.38
2025-11-16 16:03:36.984,81,126864.97
2025-11-16 16:03:36.984,82,128722.46
2025-11-16 16:03:36.984,83,130631.02
2025-11-16 16:03:36.984,84,127787.46
2025-11-16 16:03:36.984,85,126864.97
2025-11-16 16:03:36.984,86,138280.8
2025-11-16 16:03:36.984,87,176906.95
2025-11-16 16:03:36.984,88,228014.55
2025-11-16 16:03:36.984,89,120320.87
2025-11-16 16:03:36.984,90,126864.97
2025-11-16 16:03:36.984,91,126864.97
2025-11-16 16:03:36.984,92,89534.38
2025-11-16 16:03:36.984,93,118276.26
2025-11-16 16:03:36.984,94,126864.97
2025-11-16 16:03:36.984,95,126864.97
2025-11-16 16:03:36.984,96,66435.75
2025-11-16 16:03:36.984,97,68042.94
2025-11-16 16:03:36.984,98,68493.05
2025-11-16 16:03:36.984,99,70983.91
2025-11-16 16:03:36.984,100,71795.0
2025-11-16 16:03:36.984,101,73637.78
2025-11-16 16:03:36.984,102,70346.52
2025-11-16 16:03:36.984,103,71959.17
2025-11-16 16:03:36.984,104,71306.41
2025-11-16 16:03:36.984,105,71306.41
2025-11-16 16:03:36.984,106,71631.49
2025-11-16 16:03:36.984,107,72958.16
2025-11-16 16:03:36.984,108,73296.59
2025-11-16 16:03:36.984,109,71959.17
2025-11-16 16:03:36.984,110,74678.3
2025-11-16 16:03:36.984,111,72958.16
2025-11-16 16:03:36.984,112,79896.98
2025-11-16 16:03:36.984,113,76838.91
2025-11-16 16:03:36.984,114,76838.91
2025-11-16 16:03:36.984,115,99393.72
2025-11-16 16:03:36.984,116,78725.33
2025-11-16 16:03:36.984,117,70823.62
2025-11-16 16:03:36.984,118,75386.48
2025-11-16 16:03:36.984,119,81303.56
2025-11-16 16:03:36.984,120,71306.41
2025-11-16 16:03:36.984,121,73296.59
2025-11-16 16:03:36.984,122,82335.49
2025-11-16 16:03:36.984,123,77583.78
2025-11-16 16:03:36.984,124,77023.94
2025-11-16 16:03:36.984,125,76654.66
2025-11-16 16:03:36.984,126,76471.19
2025-11-16 16:03:36.984,127,77772.0
2025-11-16 16:03:36.984,128,120320.87
2025-11-16 16:03:36.984,129,76838.91
2025-11-16 16:03:36.984,130,73296.59
2025-11-16 16:03:36.984,131,77396.36
2025-11-16 16:03:36.984,132,76471.19
2025-11-16 16:03:36.984,133,77396.36
2025-11-16 16:03:36.984,134,82754.82
2025-11-16 16:03:36.984,135,106570.16
2025-11-16 16:03:36.984,136,148021.72
2025-11-16 16:03:36.984,137,78725.33
2025-11-16 16:03:36.984,138,74678.3
2025-11-16 16:03:36.984,139,74678.3
2025-11-16 16:03:36.984,140,84909.8
2025-11-16 16:03:36.984,141,119906.74
2025-11-16 16:03:36.984,142,86478.77
2025-11-16 16:03:36.984,143,86478.77
2025-11-16 16:03:36.984,144,44561.25
2025-11-16 16:03:36.984,145,45002.86
2025-11-16 16:03:36.984,146,43277.87
2025-11-16 16:03:36.984,147,43698.91
2025-11-16 16:03:36.984,148,42522.82
2025-11-16 16:03:36.984,149,43277.87
2025-11-16 16:03:36.984,150,43417.48
2025-11-16 16:03:36.984,151,43840.75
2025-11-16 16:03:36.984,152,42455.23
2025-11-16 16:03:36.984,153,43557.83
2025-11-16 16:03:36.984,154,43628.29
2025-11-16 16:03:36.984,155,43698.91
2025-11-16 16:03:36.984,156,42863.36
2025-11-16 16:03:36.984,157,42794.9
2025-11-16 16:03:36.984,158,44854.87
2025-11-16 16:03:36.984,159,42863.36
2025-11-16 16:03:36.984,160,49670.62
2025-11-16 16:03:36.984,161,46843.01
2025-11-16 16:03:36.984,162,45907.83
2025-11-16 16:03:36.984,163,56693.92
2025-11-16 16:03:36.984,164,47484.0
2025-11-16 16:03:36.984,165,47484.0
2025-11-16 16:03:36.984,166,45151.65
2025-11-16 16:03:36.984,167,48641.14
2025-11-16 16:03:36.984,168,44343.09
2025-11-16 16:03:36.984,169,44561.25
2025-11-16 16:03:36.984,170,50110.29
2025-11-16 16:03:36.984,171,48139.58
2025-11-16 16:03:36.984,172,47001.92
2025-11-16 16:03:36.984,173,47001.92
2025-11-16 16:03:36.984,174,46138.74
2025-11-16 16:03:36.984,175,46216.13
2025-11-16 16:03:36.984,176,68644.23
2025-11-16 16:03:36.984,177,45984.59
2025-11-16 16:03:36.984,178,46684.98
2025-11-16 16:03:36.984,179,48473.0
2025-11-16 16:03:36.984,180,47484.0
2025-11-16 16:03:36.984,181,46527.84
2025-11-16 16:03:36.984,182,51468.98
2025-11-16 16:03:36.984,183,67012.48
2025-11-16 16:03:36.984,184,92531.65
2025-11-16 16:03:36.984,185,55621.39
2025-11-16 16:03:36.984,186,46371.55
2025-11-16 16:03:36.984,187,46371.55
2025-11-16 16:03:36.984,188,64756.17
2025-11-16 16:03:36.984,189,98522.22
2025-11-16 16:03:36.984,190,55833.13
2025-11-16 16:03:36.984,191,55833.13
2025-11-16 16:03:36.984,192,27836.08
2025-11-16 16:03:36.984,193,27906.57
2025-11-16 16:03:36.984,194,26544.65
2025-11-16 16:03:36.984,195,26709.53
2025-11-16 16:03:36.984,196,26122.79
2025-11-16 16:03:36.984,197,26577.51
2025-11-16 16:03:36.984,198,26643.4
2025-11-16 16:03:36.984,199,26610.43
2025-11-16 16:03:36.984,200,26348.73
2025-11-16 16:03:36.984,201,26348.73
2025-11-16 16:03:36.984,202,26219.28
2025-11-16 16:03:36.984,203,26544.65
2025-11-16 16:03:36.984,204,26709.53
2025-11-16 16:03:36.984,205,26544.65
2025-11-16 16:03:36.984,206,27906.57
2025-11-16 16:03:36.984,207,26544.65
2025-11-16 16:03:36.984,208,31416.58
2025-11-16 16:03:36.984,209,29526.5
2025-11-16 16:03:36.984,210,29221.78
2025-11-16 16:03:36.984,211,36793.67
2025-11-16 16:03:36.984,212,30389.34
2025-11-16 16:03:36.984,213,30229.68
2025-11-16 16:03:36.984,214,27836.08
2025-11-16 16:03:36.984,215,30794.08
2025-11-16 16:03:36.984,216,26809.18
2025-11-16 16:03:36.984,217,26154.89
2025-11-16 16:03:36.984,218,31628.31
2025-11-16 16:03:36.984,219,29108.72
2025-11-16 16:03:36.984,220,29449.88
2025-11-16 16:03:36.984,221,28736.48
2025-11-16 16:03:36.984,222,29526.5
2025-11-16 16:03:36.984,223,29992.53
2025-11-16 16:03:36.984,224,50199.01
2025-11-16 16:03:36.984,225,29146.33
2025-11-16 16:03:36.984,226,30071.27
2025-11-16 16:03:36.984,227,30631.22
2025-11-16 16:03:36.984,228,30712.49
2025-11-16 16:03:36.984,229,30229.68
2025-11-16 16:03:36.984,230,33127.38
2025-11-16 16:03:36.984,231,44707.67
2025-11-16 16:03:36.984,232,64212.57
2025-11-16 16:03:36.984,233,36847.48
2025-11-16 16:03:36.984,234,900097.25
2025-11-16 16:03:36.984,235,29146.33
2025-11-16 16:03:36.984,236,48641.14
2025-11-16 16:03:36.984,237,76471.19
2025-11-16 16:03:36.984,238,38006.61
2025-11-16 16:03:36.984,239,38006.61
2025-11-16 16:03:36.984,240,17272.99
2025-11-16 16:03:36.984,241,17199.88
2025-11-16 16:03:36.984,242,16047.52
2025-11-16 16:03:36.984,243,16628.76
2025-11-16 16:03:36.984,244,15848.37
2025-11-16 16:03:36.984,245,16081.01
2025-11-16 16:03:36.984,246,15914.42
2025-11-16 16:03:36.984,247,16030.81
2025-11-16 16:03:36.984,248,16047.52
2025-11-16 16:03:36.984,249,16081.01
2025-11-16 16:03:36.984,250,16114.59
2025-11-16 16:03:36.984,251,16182.0
2025-11-16 16:03:36.984,252,16198.91
2025-11-16 16:03:36.984,253,16114.59
2025-11-16 16:03:36.984,254,16875.66
2025-11-16 16:03:36.984,255,16097.79
2025-11-16 16:03:36.984,256,19729.22
2025-11-16 16:03:36.984,257,18339.21
2025-11-16 16:03:36.984,258,18478.35
2025-11-16 16:03:36.984,259,23810.38
2025-11-16 16:03:36.984,260,19449.01
2025-11-16 16:03:36.984,261,19751.0
2025-11-16 16:03:36.984,262,17181.67
2025-11-16 16:03:36.984,263,19449.01
2025-11-16 16:03:36.984,264,17181.67
2025-11-16 16:03:36.984,265,17346.5
2025-11-16 16:03:36.984,266,21310.15
2025-11-16 16:03:36.984,267,18538.4
2025-11-16 16:03:36.984,268,18538.4
2025-11-16 16:03:36.984,269,19215.97
2025-11-16 16:03:36.984,270,18699.77
2025-11-16 16:03:36.984,271,18478.35
2025-11-16 16:03:36.984,272,33542.38
2025-11-16 16:03:36.984,273,18142.77
2025-11-16 16:03:36.984,274,18538.4
2025-11-16 16:03:36.984,275,19237.01
2025-11-16 16:03:36.984,276,18862.97
2025-11-16 16:03:36.984,277,18781.14
2025-11-16 16:03:36.984,278,21118.33
2025-11-16 16:03:36.984,279,28773.39
2025-11-16 16:03:36.984,280,43840.75
2025-11-16 16:03:36.984,281,26187.06
2025-11-16 16:03:36.984,282,550970.88
2025-11-16 16:03:36.984,283,18221.02
2025-11-16 16:03:36.984,284,36157.48
2025-11-16 16:03:36.984,285,52987.48
2025-11-16 16:03:36.984,286,25647.93
2025-11-16 16:03:36.984,287,25647.93
2025-11-16 16:03:36.984,288,15300.2
2025-11-16 16:03:36.984,289,15539.16
2025-11-16 16:03:36.984,290,14083.04
2025-11-16 16:03:36.984,291,14624.25
2025-11-16 16:03:36.984,292,13884.38
2025-11-16 16:03:36.984,293,14025.94
2025-11-16 16:03:36.984,294,13954.95
2025-11-16 16:03:36.984,295,13969.12
2025-11-16 16:03:36.984,296,13940.8
2025-11-16 16:03:36.984,297,13870.31
2025-11-16 16:03:36.984,298,13969.12
2025-11-16 16:03:36.984,299,13969.12
2025-11-16 16:03:36.984,300,14040.19
2025-11-16 16:03:36.984,301,14040.19
2025-11-16 16:03:36.984,302,14805.01
2025-11-16 16:03:36.984,303,14068.74
2025-11-16 16:03:36.984,304,17328.08
2025-11-16 16:03:36.984,305,16182.0
2025-11-16 16:03:36.984,306,16352.05
2025-11-16 16:03:36.984,307,21950.17
2025-11-16 16:03:36.984,308,17309.7
2025-11-16 16:03:36.984,309,17891.41
2025-11-16 16:03:36.984,310,15081.15
2025-11-16 16:03:36.984,311,17757.91
2025-11-16 16:03:36.984,312,15363.49
2025-11-16 16:03:36.984,313,15782.65
2025-11-16 16:03:36.984,314,18986.58
2025-11-16 16:03:36.984,315,16403.5
2025-11-16 16:03:36.984,316,16334.95
2025-11-16 16:03:36.984,317,17163.47
2025-11-16 16:03:36.984,318,16283.77
2025-11-16 16:03:36.984,319,16386.33
2025-11-16 16:03:36.984,320,30349.31
2025-11-16 16:03:36.984,321,15815.47
2025-11-16 16:03:36.984,322,16386.33
2025-11-16 16:03:36.984,323,16840.11
2025-11-16 16:03:36.984,324,16681.28
2025-11-16 16:03:36.984,325,16628.76
2025-11-16 16:03:36.984,326,18538.4
2025-11-16 16:03:36.984,327,26219.28
2025-11-16 16:03:36.984,328,39403.42
2025-11-16 16:03:36.984,329,23698.29
2025-11-16 16:03:36.984,330,521823.06
2025-11-16 16:03:36.984,331,15864.85
2025-11-16 16:03:36.984,332,33682.49
2025-11-16 16:03:36.984,333,51100.71
2025-11-16 16:03:36.984,334,22933.92
2025-11-16 16:03:36.984,335,22933.92
2025-11-16 16:03:36.984,336,14534.84
2025-11-16 16:03:36.984,337,14684.21
2025-11-16 16:03:36.984,338,13254.0
2025-11-16 16:03:36.984,339,13870.31
2025-11-16 16:03:36.984,340,13240.66
2025-11-16 16:03:36.984,341,13294.1
2025-11-16 16:03:36.984,342,13227.34
2025-11-16 16:03:36.984,343,13294.1
2025-11-16 16:03:36.984,344,13334.34
2025-11-16 16:03:36.984,345,13187.46
2025-11-16 16:03:36.984,346,13307.49
2025-11-16 16:03:36.984,347,13307.49
2025-11-16 16:03:36.984,348,13307.49
2025-11-16 16:03:36.984,349,13307.49
2025-11-16 16:03:36.984,350,14054.46
2025-11-16 16:03:36.984,351,13334.34
2025-11-16 16:03:36.984,352,16628.76
2025-11-16 16:03:36.984,353,15363.49
2025-11-16 16:03:36.984,354,15749.92
2025-11-16 16:03:36.984,355,20858.36
2025-11-16 16:03:36.984,356,16663.75
2025-11-16 16:03:36.984,357,17109.04
2025-11-16 16:03:36.984,358,14270.47
2025-11-16 16:03:36.984,359,17054.83
2025-11-16 16:03:36.984,360,14416.64
2025-11-16 16:03:36.984,361,14926.99
2025-11-16 16:03:36.984,362,18064.95
2025-11-16 16:03:36.984,363,15619.82
2025-11-16 16:03:36.984,364,15603.64
2025-11-16 16:03:36.984,365,16249.76
2025-11-16 16:03:36.984,366,15668.45
2025-11-16 16:03:36.984,367,15684.7
2025-11-16 16:03:36.984,368,29108.72
2025-11-16 16:03:36.984,369,15523.09
2025-11-16 16:03:36.984,370,15782.65
2025-11-16 16:03:36.984,371,16215.84
2025-11-16 16:03:36.984,372,15947.57
2025-11-16 16:03:36.984,373,15914.42
2025-11-16 16:03:36.984,374,17910.59
2025-11-16 16:03:36.984,375,24382.16
2025-11-16 16:03:36.984,376,38695.02
2025-11-16 16:03:36.984,377,22774.6
2025-11-16 16:03:36.984,378,515003.19
2025-11-16 16:03:36.984,379,15347.64
2025-11-16 16:03:36.984,380,32900.21
2025-11-16 16:03:36.984,381,49845.72
2025-11-16 16:03:36.984,382,22512.45
2025-11-16 16:03:36.984,383,22512.45
2025-11-16 16:03:36.984,384,14534.84
2025-11-16 16:03:36.984,385,14669.19
2025-11-16 16:03:36.984,386,13254.0
2025-11-16 16:03:36.984,387,13856.26
2025-11-16 16:03:36.984,388,13081.8
2025-11-16 16:03:36.984,389,13294.1
2025-11-16 16:03:36.984,390,13187.46
2025-11-16 16:03:36.984,391,13187.46
2025-11-16 16:03:36.984,392,13240.66
2025-11-16 16:03:36.984,393,13214.03
2025-11-16 16:03:36.984,394,13240.66
2025-11-16 16:03:36.984,395,13214.03
2025-11-16 16:03:36.984,396,13267.35
2025-11-16 16:03:36.984,397,13294.1
2025-11-16 16:03:36.984,398,13898.46
2025-11-16 16:03:36.984,399,13294.1
2025-11-16 16:03:36.984,400,16628.76
2025-11-16 16:03:36.984,401,15395.25
2025-11-16 16:03:36.984,402,15652.22
2025-11-16 16:03:36.984,403,21213.94
2025-11-16 16:03:36.984,404,16663.75
2025-11-16 16:03:36.984,405,17181.67
2025-11-16 16:03:36.984,406,14387.27
2025-11-16 16:03:36.984,407,16964.95
2025-11-16 16:03:36.984,408,14684.21
2025-11-16 16:03:36.984,409,15050.17
2025-11-16 16:03:36.984,410,18084.37
2025-11-16 16:03:36.984,411,15782.65
2025-11-16 16:03:36.984,412,15652.22
2025-11-16 16:03:36.984,413,16232.79
2025-11-16 16:03:36.984,414,15603.64
2025-11-16 16:03:36.984,415,15799.05
2025-11-16 16:03:36.984,416,29449.88
2025-11-16 16:03:36.984,417,15331.81
2025-11-16 16:03:36.984,418,15619.82
2025-11-16 16:03:36.984,419,16182.0
2025-11-16 16:03:36.984,420,15914.42
2025-11-16 16:03:36.984,421,15717.27
2025-11-16 16:03:36.984,422,17910.59
2025-11-16 16:03:36.984,423,25094.26
2025-11-16 16:03:36.984,424,38233.91
2025-11-16 16:03:36.984,425,22827.54
2025-11-16 16:03:36.984,426,515003.19
2025-11-16 16:03:36.984,427,15268.68
2025-11-16 16:03:36.984,428,32945.45
2025-11-16 16:03:36.984,429,48641.14
2025-11-16 16:03:36.984,430,22305.72
2025-11-16 16:03:36.984,431,22305.72
2025-11-16 16:03:36.984,432,14372.61
2025-11-16 16:03:36.984,433,14564.57
2025-11-16 16:03:36.984,434,13174.2
2025-11-16 16:03:36.984,435,13702.81
2025-11-16 16:03:36.984,436,13081.8
2025-11-16 16:03:36.984,437,13174.2
2025-11-16 16:03:36.984,438,13081.8
2025-11-16 16:03:36.984,439,13174.2
2025-11-16 16:03:36.984,440,13081.8
2025-11-16 16:03:36.984,441,13055.53
2025-11-16 16:03:36.984,442,13134.51
2025-11-16 16:03:36.984,443,13108.13
2025-11-16 16:03:36.984,444,13160.96
2025-11-16 16:03:36.984,445,13042.42
2025-11-16 16:03:36.984,446,13675.12
2025-11-16 16:03:36.984,447,13081.8
2025-11-16 16:03:36.984,448,16317.87
2025-11-16 16:03:36.984,449,15065.65
2025-11-16 16:03:36.984,450,15411.16
2025-11-16 16:03:36.984,451,20834.94
2025-11-16 16:03:36.984,452,16352.05
2025-11-16 16:03:36.984,453,16875.66
2025-11-16 16:03:36.984,454,14241.45
2025-11-16 16:03:36.984,455,16769.29
2025-11-16 16:03:36.984,456,14299.57
2025-11-16 16:03:36.984,457,14789.84
2025-11-16 16:03:36.984,458,17795.93
2025-11-16 16:03:36.984,459,15379.36
2025-11-16 16:03:36.984,460,15331.81
2025-11-16 16:03:36.984,461,16081.01
2025-11-16 16:03:36.984,462,15395.25
2025-11-16 16:03:36.984,463,15411.16
2025-11-16 16:03:36.984,464,28773.39
2025-11-16 16:03:36.984,465,15112.21
2025-11-16 16:03:36.984,466,15491.01
2025-11-16 16:03:36.984,467,16014.12
2025-11-16 16:03:36.984,468,15684.7
2025-11-16 16:03:36.984,469,15619.82
2025-11-16 16:03:36.984,470,17757.91
2025-11-16 16:03:36.984,471,24122.49
2025-11-16 16:03:36.984,472,37558.35
2025-11-16 16:03:36.984,473,22203.33
2025-11-16 16:03:36.984,474,477494.09
2025-11-16 16:03:36.984,475,14896.38
2025-11-16 16:03:36.984,476,32320.6
2025-11-16 16:03:36.984,477,47001.92
2025-11-16 16:03:36.984,478,21700.95
2025-11-16 16:03:36.984,479,21700.95
2025-11-16 16:03:36.984,480,14212.49
2025-11-16 16:03:36.984,481,14212.49
2025-11-16 16:03:36.984,482,12977.09
2025-11-16 16:03:36.984,483,13592.43
2025-11-16 16:03:36.984,484,12886.24
2025-11-16 16:03:36.984,485,13003.18
2025-11-16 16:03:36.984,486,12951.06
2025-11-16 16:03:36.984,487,13055.53
2025-11-16 16:03:36.984,488,12899.17
2025-11-16 16:03:36.984,489,12899.17
2025-11-16 16:03:36.984,490,13029.33
2025-11-16 16:03:36.984,491,12964.06
2025-11-16 16:03:36.984,492,13003.18
2025-11-16 16:03:36.984,493,12964.06
2025-11-16 16:03:36.984,494,13730.56
2025-11-16 16:03:36.984,495,12951.06
2025-11-16 16:03:36.984,496,16165.12
2025-11-16 16:03:36.984,497,15034.71
2025-11-16 16:03:36.984,498,15300.2
2025-11-16 16:03:36.984,499,20788.21
2025-11-16 16:03:36.984,500,16249.76
2025-11-16 16:03:36.984,501,16893.47
2025-11-16 16:03:36.984,502,14212.49
2025-11-16 16:03:36.984,503,16769.29
2025-11-16 16:03:36.984,504,14328.73
2025-11-16 16:03:36.984,505,14774.7
2025-11-16 16:03:36.984,506,17569.39
2025-11-16 16:03:36.984,507,15427.09
2025-11-16 16:03:36.984,508,15284.43
2025-11-16 16:03:36.984,509,16014.12
2025-11-16 16:03:36.984,510,15300.2
2025-11-16 16:03:36.984,511,15395.25
2025-11-16 16:03:36.984,512,28847.41
2025-11-16 16:03:36.984,513,15081.15
2025-11-16 16:03:36.984,514,15347.64
2025-11-16 16:03:36.984,515,15914.42
2025-11-16 16:03:36.984,516,15571.36
2025-11-16 16:03:36.984,517,15587.49
2025-11-16 16:03:36.984,518,17757.91
2025-11-16 16:03:36.984,519,24266.27
2025-11-16 16:03:36.984,520,38006.61
2025-11-16 16:03:36.984,521,22748.2
2025-11-16 16:03:36.984,522,536008.31
2025-11-16 16:03:36.984,523,15096.68
2025-11-16 16:03:36.984,524,32855.06
2025-11-16 16:03:36.984,525,47322.41
2025-11-16 16:03:36.984,526,22076.26
2025-11-16 16:03:36.984,527,22076.26
2025-11-16 16:03:36.984,528,14505.19
2025-11-16 16:03:36.984,529,14684.21
2025-11-16 16:03:36.984,530,13214.03
2025-11-16 16:03:36.984,531,13730.56
2025-11-16 16:03:36.984,532,13081.8
2025-11-16 16:03:36.984,533,13187.46
2025-11-16 16:03:36.984,534,13068.66
2025-11-16 16:03:36.984,535,13187.46
2025-11-16 16:03:36.984,536,13121.31
2025-11-16 16:03:36.984,537,13081.8
2025-11-16 16:03:36.984,538,13187.46
2025-11-16 16:03:36.984,539,13108.13
2025-11-16 16:03:36.984,540,13320.91
2025-11-16 16:03:36.984,541,13200.74
2025-11-16 16:03:36.984,542,14299.57
2025-11-16 16:03:36.984,543,13320.91
2025-11-16 16:03:36.984,544,16249.76
2025-11-16 16:03:36.984,545,15112.21
2025-11-16 16:03:36.984,546,15587.49
2025-11-16 16:03:36.984,547,20464.99
2025-11-16 16:03:36.984,548,16081.01
2025-11-16 16:03:36.984,549,16681.28
2025-11-16 16:03:36.984,550,14183.61
2025-11-16 16:03:36.984,551,16198.91
2025-11-16 16:03:36.984,552,14357.96
2025-11-16 16:03:36.984,553,14805.01
2025-11-16 16:03:36.984,554,17910.59
2025-11-16 16:03:36.984,555,15684.7
2025-11-16 16:03:36.984,556,15555.25
2025-11-16 16:03:36.984,557,16182.0
2025-11-16 16:03:36.984,558,15331.81
2025-11-16 16:03:36.984,559,15652.22
2025-11-16 16:03:36.984,560,29297.52
2025-11-16 16:03:36.984,561,15050.17
2025-11-16 16:03:36.984,562,15652.22
2025-11-16 16:03:36.984,563,15930.98
2025-11-16 16:03:36.984,564,15848.37
2025-11-16 16:03:36.984,565,15749.92
2025-11-16 16:03:36.984,566,17569.39
2025-11-16 16:03:36.984,567,24734.57
2025-11-16 16:03:36.984,568,37781.43
2025-11-16 16:03:36.984,569,22460.52
2025-11-16 16:03:36.984,570,536008.31
2025-11-16 16:03:36.984,571,15174.57
2025-11-16 16:03:36.984,572,31628.31
2025-11-16 16:03:36.984,573,51284.3
2025-11-16 16:03:36.984,574,22305.72
2025-11-16 16:03:36.984,575,22305.72
2025-11-16 16:03:36.984,576,14126.04
2025-11-16 16:03:36.984,577,14299.57
2025-11-16 16:03:36.984,578,13267.35
2025-11-16 16:03:36.984,579,13510.31
2025-11-16 16:03:36.984,580,13108.13
2025-11-16 16:03:36.984,581,13160.96
2025-11-16 16:03:36.984,582,13108.13
2025-11-16 16:03:36.984,583,13214.03
2025-11-16 16:03:36.984,584,13187.46
2025-11-16 16:03:36.984,585,13081.8
2025-11-16 16:03:36.984,586,13240.66
2025-11-16 16:03:36.984,587,13160.96
2025-11-16 16:03:36.984,588,13240.66
2025-11-16 16:03:36.984,589,13240.66
2025-11-16 16:03:36.984,590,14270.47
2025-11-16 16:03:36.984,591,13294.1
2025-11-16 16:03:36.984,592,16420.69
2025-11-16 16:03:36.984,593,15174.57
2025-11-16 16:03:36.984,594,15507.04
2025-11-16 16:03:36.984,595,20373.88
2025-11-16 16:03:36.984,596,15881.35
2025-11-16 16:03:36.984,597,16593.85
2025-11-16 16:03:36.984,598,13870.31
2025-11-16 16:03:36.984,599,16081.01
2025-11-16 16:03:36.984,600,14299.57
2025-11-16 16:03:36.984,601,14774.7
2025-11-16 16:03:36.984,602,17834.04
2025-11-16 16:03:36.984,603,15571.36
2025-11-16 16:03:36.984,604,15268.68
2025-11-16 16:03:36.984,605,16047.52
2025-11-16 16:03:36.984,606,15174.57
2025-11-16 16:03:36.984,607,15268.68
2025-11-16 16:03:36.984,608,28921.71
2025-11-16 16:03:36.984,609,14865.85
2025-11-16 16:03:36.984,610,15363.49
2025-11-16 16:03:36.984,611,15815.47
2025-11-16 16:03:36.984,612,15652.22
2025-11-16 16:03:36.984,613,15587.49
2025-11-16 16:03:36.984,614,17457.49
2025-11-16 16:03:36.984,615,24557.47
2025-11-16 16:03:36.984,616,37837.53
2025-11-16 16:03:36.984,617,22382.94
2025-11-16 16:03:36.984,618,483368.97
2025-11-16 16:03:36.984,619,15143.35
2025-11-16 16:03:36.984,620,31374.49
2025-11-16 16:03:36.984,621,50918.22
2025-11-16 16:03:36.984,622,21602.34
2025-11-16 16:03:36.984,623,21602.34
2025-11-16 16:03:36.984,624,14083.04
2025-11-16 16:03:36.984,625,14299.57
2025-11-16 16:03:36.984,626,13187.46
2025-11-16 16:03:36.984,627,13280.71
2025-11-16 16:03:36.984,628,13068.66
2025-11-16 16:03:36.984,629,13160.96
2025-11-16 16:03:36.984,630,13029.33
2025-11-16 16:03:36.984,631,13200.74
2025-11-16 16:03:36.984,632,13108.13
2025-11-16 16:03:36.984,633,13108.13
2025-11-16 16:03:36.984,634,13174.2
2025-11-16 16:03:36.984,635,13160.96
2025-11-16 16:03:36.984,636,13214.03
2025-11-16 16:03:36.984,637,13108.13
2025-11-16 16:03:36.984,638,14183.61
2025-11-16 16:03:36.984,639,13307.49
2025-11-16 16:03:36.984,640,16283.77
2025-11-16 16:03:36.984,641,15174.57
2025-11-16 16:03:36.984,642,15491.01
2025-11-16 16:03:36.984,643,20238.23
2025-11-16 16:03:36.984,644,15914.42
2025-11-16 16:03:36.984,645,16716.42
2025-11-16 16:03:36.984,646,14183.61
2025-11-16 16:03:36.984,647,16215.84
2025-11-16 16:03:36.984,648,14372.61
2025-11-16 16:03:36.984,649,14835.39
2025-11-16 16:03:36.984,650,18026.2
2025-11-16 16:03:36.984,651,15652.22
2025-11-16 16:03:36.984,652,15427.09
2025-11-16 16:03:36.984,653,16215.84
2025-11-16 16:03:36.984,654,15427.09
2025-11-16 16:03:36.984,655,15555.25
2025-11-16 16:03:36.984,656,28996.3
2025-11-16 16:03:36.984,657,15300.2
2025-11-16 16:03:36.984,658,15571.36
2025-11-16 16:03:36.984,659,15914.42
2025-11-16 16:03:36.984,660,15684.7
2025-11-16 16:03:36.984,661,15782.65
2025-11-16 16:03:36.984,662,17606.89
2025-11-16 16:03:36.984,663,24764.27
2025-11-16 16:03:36.984,664,37950.12
2025-11-16 16:03:36.984,665,22512.45
2025-11-16 16:03:36.984,666,521823.06
2025-11-16 16:03:36.984,667,15190.2
2025-11-16 16:03:36.984,668,31585.79
2025-11-16 16:03:36.984,669,46843.01
2025-11-16 16:03:36.984,670,22203.33
2025-11-16 16:03:36.984,671,22203.33
2025-11-16 16:03:36.984,672,14054.46
2025-11-16 16:03:36.984,673,14299.57
2025-11-16 16:03:36.984,674,13254.0
2025-11-16 16:03:36.984,675,13523.96
2025-11-16 16:03:36.984,676,13267.35
2025-11-16 16:03:36.984,677,13294.1
2025-11-16 16:03:36.984,678,13240.66
2025-11-16 16:03:36.984,679,13401.71
2025-11-16 16:03:36.984,680,13254.0
2025-11-16 16:03:36.984,681,13240.66
2025-11-16 16:03:36.984,682,13267.35
2025-11-16 16:03:36.984,683,13294.1
2025-11-16 16:03:36.984,684,13374.71
2025-11-16 16:03:36.984,685,13294.1
2025-11-16 16:03:36.984,686,14328.73
2025-11-16 16:03:36.984,687,13428.77
2025-11-16 16:03:36.984,688,16403.5
2025-11-16 16:03:36.984,689,15300.2
2025-11-16 16:03:36.984,690,15652.22
2025-11-16 16:03:36.984,691,20419.37
2025-11-16 16:03:36.984,692,16030.81
2025-11-16 16:03:36.984,693,16875.66
2025-11-16 16:03:36.984,694,14357.96
2025-11-16 16:03:36.984,695,16386.33
2025-11-16 16:03:36.984,696,14624.25
2025-11-16 16:03:36.984,697,14926.99
2025-11-16 16:03:36.984,698,18162.29
2025-11-16 16:03:36.984,699,15864.85
2025-11-16 16:03:36.984,700,15636.01
2025-11-16 16:03:36.984,701,16014.12
2025-11-16 16:03:36.984,702,15539.16
2025-11-16 16:03:36.984,703,15749.92
2025-11-16 16:03:36.984,704,29603.42
2025-11-16 16:03:36.984,705,15347.64
2025-11-16 16:03:36.984,706,15815.47
2025-11-16 16:03:36.984,707,16114.59
2025-11-16 16:03:36.984,708,16047.52
2025-11-16 16:03:36.984,709,15881.35
2025-11-16 16:03:36.984,710,17795.93
2025-11-16 16:03:36.984,711,24973.54
2025-11-16 16:03:36.984,712,37893.76
2025-11-16 16:03:36.984,713,22748.2
2025-11-16 16:03:36.984,714,521823.06
2025-11-16 16:03:36.984,715,15315.99
2025-11-16 16:03:36.984,716,31713.61
2025-11-16 16:03:36.984,717,47322.41
2025-11-16 16:03:36.984,718,22357.16
2025-11-16 16:03:36.984,719,22357.16
2025-11-16 16:03:36.984,720,14212.49
2025-11-16 16:03:36.984,721,14416.64
2025-11-16 16:03:36.984,722,13428.77
2025-11-16 16:03:36.984,723,13702.81
2025-11-16 16:03:36.984,724,13401.71
2025-11-16 16:03:36.984,725,13428.77
2025-11-16 16:03:36.984,726,13388.2
2025-11-16 16:03:36.984,727,13455.89
2025-11-16 16:03:36.984,728,13455.89
2025-11-16 16:03:36.984,729,13320.91
2025-11-16 16:03:36.984,730,13483.07
2025-11-16 16:03:36.984,731,13374.71
2025-11-16 16:03:36.984,732,13592.43
2025-11-16 16:03:36.984,733,13374.71
2025-11-16 16:03:36.984,734,14416.64
2025-11-16 16:03:36.984,735,13483.07
2025-11-16 16:03:36.984,736,16698.84
2025-11-16 16:03:36.984,737,15395.25
2025-11-16 16:03:36.984,738,15700.98
2025-11-16 16:03:36.984,739,20419.37
2025-11-16 16:03:36.984,740,16198.91
2025-11-16 16:03:36.984,741,17163.47
2025-11-16 16:03:36.984,742,14387.27
2025-11-16 16:03:36.984,743,16593.85
2025-11-16 16:03:36.984,744,14624.25
2025-11-16 16:03:36.984,745,15050.17
2025-11-16 16:03:36.984,746,18181.84
2025-11-16 16:03:36.984,747,15881.35
2025-11-16 16:03:36.984,748,15587.49
2025-11-16 16:03:36.984,749,16352.05
2025-11-16 16:03:36.984,750,15587.49
2025-11-16 16:03:36.984,751,15684.7
2025-11-16 16:03:36.984,752,29449.88
2025-11-16 16:03:36.984,753,15331.81
2025-11-16 16:03:36.984,754,15652.22
2025-11-16 16:03:36.984,755,16131.41
2025-11-16 16:03:36.984,756,15914.42
2025-11-16 16:03:36.984,757,15914.42
2025-11-16 16:03:36.984,758,17795.93
2025-11-16 16:03:36.984,759,24794.01
2025-11-16 16:03:36.984,760,38120.0
2025-11-16 16:03:36.984,761,22721.83
2025-11-16 16:03:36.984,762,521823.06
2025-11-16 16:03:36.984,763,15523.09
2025-11-16 16:03:36.984,764,31885.26
2025-11-16 16:03:36.984,765,47161.71
2025-11-16 16:03:36.984,766,22203.33
2025-11-16 16:03:36.984,767,22203.33
2025-11-16 16:03:36.984,768,14684.21
2025-11-16 16:03:36.984,769,14865.85
2025-11-16 16:03:36.984,770,13510.31
2025-11-16 16:03:36.984,771,14040.19
2025-11-16 16:03:36.984,772,13401.71
2025-11-16 16:03:36.984,773,13428.77
2025-11-16 16:03:36.984,774,13619.93
2025-11-16 16:03:36.984,775,13619.93
2025-11-16 16:03:36.984,776,13647.49
2025-11-16 16:03:36.984,777,13606.17
2025-11-16 16:03:36.984,778,13633.7
2025-11-16 16:03:36.984,779,13592.43
2025-11-16 16:03:36.984,780,13688.95
2025-11-16 16:03:36.984,781,13647.49
2025-11-16 16:03:36.984,782,14594.37
2025-11-16 16:03:36.984,783,13716.68
2025-11-16 16:03:36.984,784,16734.02
2025-11-16 16:03:36.984,785,15427.09
2025-11-16 16:03:36.984,786,15815.47
2025-11-16 16:03:36.984,787,20148.47
2025-11-16 16:03:36.984,788,16403.5
2025-11-16 16:03:36.984,789,17236.39
2025-11-16 16:03:36.984,790,14654.19
2025-11-16 16:03:36.984,791,16734.02
2025-11-16 16:03:36.984,792,14850.61
2025-11-16 16:03:36.984,793,15300.2
2025-11-16 16:03:36.984,794,18458.39
2025-11-16 16:03:36.984,795,16047.52
2025-11-16 16:03:36.984,796,15848.37
2025-11-16 16:03:36.984,797,16628.76
2025-11-16 16:03:36.984,798,15684.7
2025-11-16 16:03:36.984,799,15749.92
2025-11-16 16:03:36.984,800,29992.53
2025-11-16 16:03:36.984,801,15619.82
2025-11-16 16:03:36.984,802,15947.57
2025-11-16 16:03:36.984,803,16455.14
2025-11-16 16:03:36.984,804,16182.0
2025-11-16 16:03:36.984,805,16131.41
2025-11-16 16:03:36.984,806,18123.28
2025-11-16 16:03:36.984,807,24973.54
2025-11-16 16:03:36.984,808,38463.37
2025-11-16 16:03:36.984,809,23094.79
2025-11-16 16:03:36.984,810,521823.06
2025-11-16 16:03:36.984,811,15652.22
2025-11-16 16:03:36.984,812,32058.32
2025-11-16 16:03:36.984,813,47646.51
2025-11-16 16:03:36.984,814,22616.81
2025-11-16 16:03:36.984,815,22616.81
2025-11-16 16:03:36.984,816,14639.21
2025-11-16 16:03:36.984,817,14911.68
2025-11-16 16:03:36.984,818,13661.29
2025-11-16 16:03:36.984,819,13926.67
2025-11-16 16:03:36.984,820,13619.93
2025-11-16 16:03:36.984,821,13592.43
2025-11-16 16:03:36.984,822,13619.93
2025-11-16 16:03:36.984,823,13702.81
2025-11-16 16:03:36.984,824,13675.12
2025-11-16 16:03:36.984,825,13619.93
2025-11-16 16:03:36.984,826,13675.12
2025-11-16 16:03:36.984,827,13702.81
2025-11-16 16:03:36.984,828,13814.22
2025-11-16 16:03:36.984,829,13702.81
2025-11-16 16:03:36.984,830,14624.25
2025-11-16 16:03:36.984,831,13814.22
2025-11-16 16:03:36.984,832,16875.66
2025-11-16 16:03:36.984,833,15652.22
2025-11-16 16:03:36.984,834,16014.12
2025-11-16 16:03:36.984,835,20238.23
2025-11-16 16:03:36.984,836,16317.87
2025-11-16 16:03:36.984,837,17036.8
2025-11-16 16:03:36.984,838,14594.37
2025-11-16 16:03:36.984,839,16698.84
2025-11-16 16:03:36.984,840,14926.99
2025-11-16 16:03:36.984,841,15237.23
2025-11-16 16:03:36.984,842,18538.4
2025-11-16 16:03:36.984,843,16215.84
2025-11-16 16:03:36.984,844,16047.52
2025-11-16 16:03:36.984,845,16875.66
2025-11-16 16:03:36.984,846,15930.98
2025-11-16 16:03:36.984,847,16131.41
2025-11-16 16:03:36.984,848,30309.35
2025-11-16 16:03:36.984,849,15749.92
2025-11-16 16:03:36.984,850,16148.25
2025-11-16 16:03:36.984,851,16698.84
2025-11-16 16:03:36.984,852,16472.4
2025-11-16 16:03:36.984,853,16317.87
2025-11-16 16:03:36.984,854,18378.83
2025-11-16 16:03:36.984,855,25461.45
2025-11-16 16:03:36.984,856,39765.37
2025-11-16 16:03:36.984,857,23311.73
2025-11-16 16:03:36.984,858,528822.38
2025-11-16 16:03:36.984,859,15749.92
2025-11-16 16:03:36.984,860,32675.42
2025-11-16 16:03:36.984,861,48725.57
2025-11-16 16:03:36.984,862,22880.64
2025-11-16 16:03:36.984,863,22880.64
2025-11-16 16:03:36.984,864,15050.17
2025-11-16 16:03:36.984,865,15190.2
2025-11-16 16:03:36.984,866,13898.46
2025-11-16 16:03:36.984,867,14328.73
2025-11-16 16:03:36.984,868,13870.31
2025-11-16 16:03:36.984,869,13926.67
2025-11-16 16:03:36.984,870,13940.8
2025-11-16 16:03:36.984,871,13870.31
2025-11-16 16:03:36.984,872,13842.23
2025-11-16 16:03:36.984,873,13842.23
2025-11-16 16:03:36.984,874,13983.3
2025-11-16 16:03:36.984,875,13898.46
2025-11-16 16:03:36.984,876,14068.74
2025-11-16 16:03:36.984,877,13898.46
2025-11-16 16:03:36.984,878,14835.39
2025-11-16 16:03:36.984,879,13954.95
2025-11-16 16:03:36.984,880,17145.3
2025-11-16 16:03:36.984,881,15831.91
2025-11-16 16:03:36.984,882,16148.25
2025-11-16 16:03:36.984,883,20464.99
2025-11-16 16:03:36.984,884,16386.33
2025-11-16 16:03:36.984,885,17420.39
2025-11-16 16:03:36.984,886,14896.38
2025-11-16 16:03:36.984,887,16786.96
2025-11-16 16:03:36.984,888,15019.26
2025-11-16 16:03:36.984,889,15284.43
2025-11-16 16:03:36.984,890,18578.57
2025-11-16 16:03:36.984,891,16232.79
2025-11-16 16:03:36.984,892,16081.01
2025-11-16 16:03:36.984,893,16947.04
2025-11-16 16:03:36.984,894,16097.79
2025-11-16 16:03:36.984,895,16249.76
2025-11-16 16:03:36.984,896,30229.68
2025-11-16 16:03:36.984,897,15848.37
2025-11-16 16:03:36.984,898,16114.59
2025-11-16 16:03:36.984,899,16716.42
2025-11-16 16:03:36.984,900,16420.69
2025-11-16 16:03:36.984,901,16455.14
2025-11-16 16:03:36.984,902,18378.83
2025-11-16 16:03:36.984,903,25773.33
2025-11-16 16:03:36.984,904,39343.6
2025-11-16 16:03:36.984,905,23366.42
2025-11-16 16:03:36.984,906,483368.97
2025-11-16 16:03:36.984,907,15914.42
2025-11-16 16:03:36.984,908,32765.05
2025-11-16 16:03:36.984,909,48473.0
2025-11-16 16:03:36.984,910,22827.54
2025-11-16 16:03:36.984,911,22827.54
2025-11-16 16:03:36.984,912,16030.81
2025-11-16 16:03:36.984,913,16198.91
2025-11-16 16:03:36.984,914,14881.11
2025-11-16 16:03:36.984,915,15315.99
2025-11-16 16:03:36.984,916,14850.61
2025-11-16 16:03:36.984,917,14942.32
2025-11-16 16:03:36.984,918,14896.38
2025-11-16 16:03:36.984,919,14774.7
2025-11-16 16:03:36.984,920,14774.7
2025-11-16 16:03:36.984,921,14669.19
2025-11-16 16:03:36.984,922,14865.85
2025-11-16 16:03:36.984,923,14896.38
2025-11-16 16:03:36.984,924,14911.68
2025-11-16 16:03:36.984,925,15019.26
2025-11-16 16:03:36.984,926,15782.65
2025-11-16 16:03:36.984,927,14896.38
2025-11-16 16:03:36.984,928,17949.02
2025-11-16 16:03:36.984,929,16947.04
2025-11-16 16:03:36.984,930,17346.5
2025-11-16 16:03:36.984,931,21553.27
2025-11-16 16:03:36.984,932,17757.91
2025-11-16 16:03:36.984,933,18498.34
2025-11-16 16:03:36.984,934,15930.98
2025-11-16 16:03:36.984,935,17872.27
2025-11-16 16:03:36.984,936,16047.52
2025-11-16 16:03:36.984,937,16472.4
2025-11-16 16:03:36.984,938,19707.48
2025-11-16 16:03:36.984,939,17254.68
2025-11-16 16:03:36.984,940,17199.88
2025-11-16 16:03:36.984,941,18064.95
2025-11-16 16:03:36.984,942,17236.39
2025-11-16 16:03:36.984,943,17236.39
2025-11-16 16:03:36.984,944,31713.61
2025-11-16 16:03:36.984,945,17127.16
2025-11-16 16:03:36.984,946,17346.5
2025-11-16 16:03:36.984,947,17346.5
2025-11-16 16:03:36.984,948,17625.68
2025-11-16 16:03:36.984,949,17494.69
2025-11-16 16:03:36.984,950,19577.68
2025-11-16 16:03:36.984,951,27077.54
2025-11-16 16:03:36.984,952,41332.29
2025-11-16 16:03:36.984,953,25033.8
2025-11-16 16:03:36.984,954,495554.03
2025-11-16 16:03:36.984,955,16982.88
2025-11-16 16:03:36.984,956,34396.74
2025-11-16 16:03:36.984,957,51284.3
2025-11-16 16:03:36.984,958,24237.42
2025-11-16 16:03:36.984,959,24237.42
2025-11-16 16:03:36.984,960,39165.01
2025-11-16 16:03:36.984,961,38006.61
2025-11-16 16:03:36.984,962,37118.37
2025-11-16 16:03:36.984,963,37447.59
2025-11-16 16:03:36.984,964,36632.99
2025-11-16 16:03:36.984,965,36686.43
2025-11-16 16:03:36.984,966,36901.41
2025-11-16 16:03:36.984,967,36901.41
2025-11-16 16:03:36.984,968,36901.41
2025-11-16 16:03:36.984,969,36473.41
2025-11-16 16:03:36.984,970,36793.67
2025-11-16 16:03:36.984,971,36901.41
2025-11-16 16:03:36.984,972,36473.41
2025-11-16 16:03:36.984,973,36262.32
2025-11-16 16:03:36.984,974,37781.43
2025-11-16 16:03:36.984,975,36157.48
2025-11-16 16:03:36.984,976,40505.41
2025-11-16 16:03:36.984,977,38233.91
2025-11-16 16:03:36.984,978,35640.36
2025-11-16 16:03:36.984,979,45754.95
2025-11-16 16:03:36.984,980,36901.41
2025-11-16 16:03:36.984,981,37893.76
2025-11-16 16:03:36.984,982,36526.48
2025-11-16 16:03:36.984,983,36579.68
2025-11-16 16:03:36.984,984,35034.87
2025-11-16 16:03:36.984,985,36473.41
2025-11-16 16:03:36.984,986,40505.41
2025-11-16 16:03:36.984,987,33036.22
2025-11-16 16:03:36.984,988,38463.37
2025-11-16 16:03:36.984,989,39165.01
2025-11-16 16:03:36.984,990,39343.6
2025-11-16 16:03:36.984,991,39523.48
2025-11-16 16:03:36.984,992,66150.61
2025-11-16 16:03:36.984,993,39583.74
2025-11-16 16:03:36.984,994,40256.3
2025-11-16 16:03:36.984,995,37118.37
2025-11-16 16:03:36.984,996,40693.86
2025-11-16 16:03:36.984,997,40318.35
2025-11-16 16:03:36.984,998,43983.32
2025-11-16 16:03:36.984,999,56260.74
2025-11-16 16:03:36.984,1000,90267.15
2025-11-16 16:03:36.984,1001,54994.24
2025-11-16 16:03:36.984,1002,38521.08
2025-11-16 16:03:36.984,1003,38521.08
2025-11-16 16:03:36.984,1004,77023.94
2025-11-16 16:03:36.984,1005,119086.36
2025-11-16 16:03:36.984,1006,53280.57
2025-11-16 16:03:36.984,1007,53280.57
2025-11-16 16:03:36.984,1008,65586.65
2025-11-16 16:03:36.984,1009,64212.57
2025-11-16 16:03:36.984,1010,61358.41
2025-11-16 16:03:36.984,1011,62242.49
2025-11-16 16:03:36.984,1012,61608.8
2025-11-16 16:03:36.984,1013,56912.64
2025-11-16 16:03:36.984,1014,61734.65
2025-11-16 16:03:36.984,1015,57577.48
2025-11-16 16:03:36.984,1016,56368.51
2025-11-16 16:03:36.984,1017,54787.84
2025-11-16 16:03:36.984,1018,61358.41
2025-11-16 16:03:36.984,1019,60374.14
2025-11-16 16:03:36.984,1020,55201.96
2025-11-16 16:03:36.984,1021,55201.96
2025-11-16 16:03:36.984,1022,56476.62
2025-11-16 16:03:36.984,1023,59772.61
2025-11-16 16:03:36.984,1024,60374.14
2025-11-16 16:03:36.984,1025,61860.94
2025-11-16 16:03:36.984,1026,49670.62
2025-11-16 16:03:36.984,1027,67894.05
2025-11-16 16:03:36.984,1028,48305.81
2025-11-16 16:03:36.984,1029,50918.22
2025-11-16 16:03:36.984,1030,54277.52
2025-11-16 16:03:36.984,1031,43911.94
2025-11-16 16:03:36.984,1032,52600.88
2025-11-16 16:03:36.984,1033,54994.24
2025-11-16 16:03:36.984,1034,59416.6
2025-11-16 16:03:36.984,1035,54176.42
2025-11-16 16:03:36.984,1036,56476.62
2025-11-16 16:03:36.984,1037,56912.64
2025-11-16 16:03:36.984,1038,57354.41
2025-11-16 16:03:36.984,1039,58715.34
2025-11-16 16:03:36.984,1040,97381.57
2025-11-16 16:03:36.984,1041,56476.62
2025-11-16 16:03:36.984,1042,55727.09
2025-11-16 16:03:36.984,1043,53378.87
2025-11-16 16:03:36.984,1044,55833.13
2025-11-16 16:03:36.984,1045,54994.24
2025-11-16 16:03:36.984,1046,66579.13
2025-11-16 16:03:36.984,1047,64483.38
2025-11-16 16:03:36.984,1048,121157.05
2025-11-16 16:03:36.984,1049,82544.69
2025-11-16 16:03:36.984,1050,55201.96
2025-11-16 16:03:36.984,1051,55201.96
2025-11-16 16:03:36.984,1052,109992.31
2025-11-16 16:03:36.984,1053,158434.67
2025-11-16 16:03:36.984,1054,72622.48
2025-11-16 16:03:36.984,1055,72622.48
2025-11-16 16:03:36.984,1056,48305.81
2025-11-16 16:03:36.984,1057,48389.29
2025-11-16 16:03:36.984,1058,46061.56
2025-11-16 16:03:36.984,1059,46527.84
2025-11-16 16:03:36.984,1060,45451.66
2025-11-16 16:03:36.984,1061,46061.56
2025-11-16 16:03:36.984,1062,46138.74
2025-11-16 16:03:36.984,1063,46371.55
2025-11-16 16:03:36.984,1064,46061.56
2025-11-16 16:03:36.984,1065,46061.56
2025-11-16 16:03:36.984,1066,46216.13
2025-11-16 16:03:36.984,1067,45451.66
2025-11-16 16:03:36.984,1068,45226.35
2025-11-16 16:03:36.984,1069,44928.77
2025-11-16 16:03:36.984,1070,47001.92
2025-11-16 16:03:36.984,1071,45831.29
2025-11-16 16:03:36.984,1072,49583.45
2025-11-16 16:03:36.984,1073,47081.7
2025-11-16 16:03:36.984,1074,40756.99
2025-11-16 16:03:36.984,1075,52504.97
2025-11-16 16:03:36.984,1076,31165.32
2025-11-16 16:03:36.984,1077,34252.03
2025-11-16 16:03:36.984,1078,43698.91
2025-11-16 16:03:36.984,1079,40756.99
2025-11-16 16:03:36.984,1080,35034.87
2025-11-16 16:03:36.984,1081,40380.55
2025-11-16 16:03:36.984,1082,46216.13
2025-11-16 16:03:36.984,1083,40256.3
2025-11-16 16:03:36.984,1084,46061.56
2025-11-16 16:03:36.984,1085,46449.59
2025-11-16 16:03:36.984,1086,46922.36
2025-11-16 16:03:36.984,1087,47081.7
2025-11-16 16:03:36.984,1088,76471.19
2025-11-16 16:03:36.984,1089,45754.95
2025-11-16 16:03:36.984,1090,45907.83
2025-11-16 16:03:36.984,1091,44781.16
2025-11-16 16:03:36.984,1092,47001.92
2025-11-16 16:03:36.984,1093,46216.13
2025-11-16 16:03:36.984,1094,51468.98
2025-11-16 16:03:36.984,1095,59534.86
2025-11-16 16:03:36.984,1096,97948.88
2025-11-16 16:03:36.984,1097,65307.78
2025-11-16 16:03:36.984,1098,45002.86
2025-11-16 16:03:36.984,1099,45002.86
2025-11-16 16:03:36.984,1100,83604.98
2025-11-16 16:03:36.984,1101,122004.03
2025-11-16 16:03:36.984,1102,62114.86
2025-11-16 16:03:36.984,1103,62114.86
2025-11-16 16:03:36.984,1104,66867.48
2025-11-16 16:03:36.984,1105,66723.02
2025-11-16 16:03:36.984,1106,63544.07
2025-11-16 16:03:36.984,1107,64619.52
2025-11-16 16:03:36.984,1108,64756.17
2025-11-16 16:03:36.984,1109,64619.52
2025-11-16 16:03:36.984,1110,65867.58
2025-11-16 16:03:36.984,1111,64483.38
2025-11-16 16:03:36.984,1112,64483.38
2025-11-16 16:03:36.984,1113,63148.7
2025-11-16 16:03:36.984,1114,64077.9
2025-11-16 16:03:36.984,1115,63676.8
2025-11-16 16:03:36.984,1116,63544.07
2025-11-16 16:03:36.984,1117,64212.57
2025-11-16 16:03:36.984,1118,65726.85
2025-11-16 16:03:36.984,1119,63676.8
2025-11-16 16:03:36.984,1120,68493.05
2025-11-16 16:03:36.984,1121,64619.52
2025-11-16 16:03:36.984,1122,57465.76
2025-11-16 16:03:36.984,1123,73296.59
2025-11-16 16:03:36.984,1124,63148.7
2025-11-16 16:03:36.984,1125,62628.1
2025-11-16 16:03:36.984,1126,64756.17
2025-11-16 16:03:36.984,1127,63148.7
2025-11-16 16:03:36.984,1128,56476.62
2025-11-16 16:03:36.984,1129,60617.66
2025-11-16 16:03:36.984,1130,59416.6
2025-11-16 16:03:36.984,1131,59772.61
2025-11-16 16:03:36.984,1132,60132.29
2025-11-16 16:03:36.984,1133,59181.26
2025-11-16 16:03:36.984,1134,64212.57
2025-11-16 16:03:36.984,1135,64212.57
2025-11-16 16:03:36.984,1136,102712.45
2025-11-16 16:03:36.984,1137,61358.41
2025-11-16 16:03:36.984,1138,60374.14
2025-11-16 16:03:36.984,1139,56912.64
2025-11-16 16:03:36.984,1140,61109.78
2025-11-16 16:03:36.984,1141,62114.86
2025-11-16 16:03:36.984,1142,68192.39
2025-11-16 16:03:36.984,1143,75925.42
2025-11-16 16:03:36.984,1144,129670.22
2025-11-16 16:03:36.984,1145,89292.48
2025-11-16 16:03:36.984,1146,62370.57
2025-11-16 16:03:36.984,1147,62370.57
2025-11-16 16:03:36.984,1148,118276.26
2025-11-16 16:03:36.984,1149,168739.63
2025-11-16 16:03:36.984,1150,87167.16
2025-11-16 16:03:36.984,1151,87167.16
2025-11-16 16:03:36.984,1152,93309.35
2025-11-16 16:03:36.984,1153,92789.56
2025-11-16 16:03:36.984,1154,90513.82
2025-11-16 16:03:36.984,1155,87631.56
2025-11-16 16:03:36.984,1156,85575.93
2025-11-16 16:03:36.984,1157,90267.15
2025-11-16 16:03:36.984,1158,90513.82
2025-11-16 16:03:36.984,1159,89051.75
2025-11-16 16:03:36.984,1160,89292.48
2025-11-16 16:03:36.984,1161,87167.16
2025-11-16 16:03:36.984,1162,89534.38
2025-11-16 16:03:36.984,1163,89777.44
2025-11-16 16:03:36.984,1164,87631.56
2025-11-16 16:03:36.984,1165,89534.38
2025-11-16 16:03:36.984,1166,86707.14
2025-11-16 16:03:36.984,1167,86251.47
2025-11-16 16:03:36.984,1168,91512.71
2025-11-16 16:03:36.984,1169,87167.16
2025-11-16 16:03:36.984,1170,84035.92
2025-11-16 16:03:36.984,1171,109992.31
2025-11-16 16:03:36.984,1172,90267.15
2025-11-16 16:03:36.984,1173,94098.91
2025-11-16 16:03:36.984,1174,89292.48
2025-11-16 16:03:36.984,1175,90021.7
2025-11-16 16:03:36.984,1176,85800.06
2025-11-16 16:03:36.984,1177,86936.61
2025-11-16 16:03:36.984,1178,92789.56
2025-11-16 16:03:36.984,1179,86707.14
2025-11-16 16:03:36.984,1180,78725.33
2025-11-16 16:03:36.984,1181,87167.16
2025-11-16 16:03:36.984,1182,80695.41
2025-11-16 16:03:36.984,1183,84035.92
2025-11-16 16:03:36.984,1184,121157.05
2025-11-16 16:03:36.984,1185,74854.26
2025-11-16 16:03:36.984,1186,77583.78
2025-11-16 16:03:36.984,1187,76106.58
2025-11-16 16:03:36.984,1188,74678.3
2025-11-16 16:03:36.984,1189,71959.17
2025-11-16 16:03:36.984,1190,77209.76
2025-11-16 16:03:36.984,1191,102402.48
2025-11-16 16:03:36.984,1192,157058.67
2025-11-16 16:03:36.984,1193,119906.74
2025-11-16 16:03:36.984,1194,68644.23
2025-11-16 16:03:36.984,1195,68644.23
2025-11-16 16:03:36.984,1196,157058.67
2025-11-16 16:03:36.984,1197,232241.86
2025-11-16 16:03:36.984,1198,107238.9
2025-11-16 16:03:36.984,1199,107238.9
2025-11-16 16:03:36.984,1200,708471.5
2025-11-16 16:03:36.984,1201,900097.25
2025-11-16 16:03:36.984,1202,942433.13
2025-11-16 16:03:36.984,1203,942433.13
2025-11-16 16:03:36.984,1204,734602.25
2025-11-16 16:03:36.984,1205,640033.69
2025-11-16 16:03:36.984,1206,920784.13
2025-11-16 16:03:36.984,1207,988899.38
2025-11-16 16:03:36.984,1208,536008.31
2025-11-16 16:03:36.984,1209,988899.38
2025-11-16 16:03:36.984,1210,550970.88
2025-11-16 16:03:36.984,1211,566776.38
2025-11-16 16:03:36.984,1212,942433.13
2025-11-16 16:03:36.984,1213,536008.31
2025-11-16 16:03:36.984,1214,988899.38
2025-11-16 16:03:36.984,1215,861364.44
2025-11-16 16:03:36.984,1216,793012.25
2025-11-16 16:03:36.984,1217,684112.31
2025-11-16 16:03:36.984,1218,942433.13
2025-11-16 16:03:36.984,1219,809075.0
2025-11-16 16:03:36.984,1220,640033.69
2025-11-16 16:03:36.984,1221,988899.38
2025-11-16 16:03:36.984,1222,661350.38
2025-11-16 16:03:36.984,1223,988899.38
2025-11-16 16:03:36.984,1224,861364.44
2025-11-16 16:03:36.984,1225,640033.69
2025-11-16 16:03:36.984,1226,988899.38
2025-11-16 16:03:36.984,1227,734602.25
2025-11-16 16:03:36.984,1228,988899.38
2025-11-16 16:03:36.984,1229,988899.38
2025-11-16 16:03:36.984,1230,708471.5
2025-11-16 16:03:36.984,1231,762705.19
2025-11-16 16:03:36.984,1232,880309.75
2025-11-16 16:03:36.984,1233,734602.25
2025-11-16 16:03:36.984,1234,988899.38
2025-11-16 16:03:36.984,1235,942433.13
2025-11-16 16:03:36.984,1236,650520.19
2025-11-16 16:03:36.984,1237,650520.19
2025-11-16 16:03:36.984,1238,762705.19
2025-11-16 16:03:36.984,1239,762705.19
2025-11-16 16:03:36.984,1240,920784.13
2025-11-16 16:03:36.984,1241,965113.19
2025-11-16 16:03:36.984,1242,861364.44
2025-11-16 16:03:36.984,1243,861364.44
2025-11-16 16:03:36.984,1244,900097.25
2025-11-16 16:03:36.984,1245,942433.13
2025-11-16 16:03:36.984,1246,942433.13
2025-11-16 16:03:36.984,1247,942433.13
2025-11-16 16:03:36.984,1248,387544.88
2025-11-16 16:03:36.984,1249,334076.69
2025-11-16 16:03:36.984,1250,322883.13
2025-11-16 16:03:36.984,1251,358884.03
2025-11-16 16:03:36.984,1252,300178.03
2025-11-16 16:03:36.984,1253,334076.69
2025-11-16 16:03:36.984,1254,300178.03
2025-11-16 16:03:36.984,1255,328387.41
2025-11-16 16:03:36.984,1256,297844.91
2025-11-16 16:03:36.984,1257,282446.44
2025-11-16 16:03:36.984,1258,328387.41
2025-11-16 16:03:36.984,1259,336993.63
2025-11-16 16:03:36.984,1260,334076.69
2025-11-16 16:03:36.984,1261,342978.47
2025-11-16 16:03:36.984,1262,331208.34
2025-11-16 16:03:36.984,1263,300178.03
2025-11-16 16:03:36.984,1264,339960.47
2025-11-16 16:03:36.984,1265,297844.91
2025-11-16 16:03:36.984,1266,280371.47
2025-11-16 16:03:36.984,1267,334076.69
2025-11-16 16:03:36.984,1268,264774.34
2025-11-16 16:03:36.984,1269,328387.41
2025-11-16 16:03:36.984,1270,334076.69
2025-11-16 16:03:36.984,1271,302546.75
2025-11-16 16:03:36.984,1272,293282.41
2025-11-16 16:03:36.984,1273,325612.69
2025-11-16 16:03:36.984,1274,369134.25
2025-11-16 16:03:36.984,1275,346048.91
2025-11-16 16:03:36.984,1276,334076.69
2025-11-16 16:03:36.984,1277,339960.47
2025-11-16 16:03:36.984,1278,320197.59
2025-11-16 16:03:36.984,1279,325612.69
2025-11-16 16:03:36.984,1280,460679.59
2025-11-16 16:03:36.984,1281,325612.69
2025-11-16 16:03:36.984,1282,328387.41
2025-11-16 16:03:36.984,1283,339960.47
2025-11-16 16:03:36.984,1284,334076.69
2025-11-16 16:03:36.984,1285,317555.0
2025-11-16 16:03:36.984,1286,328387.41
2025-11-16 16:03:36.984,1287,450099.75
2025-11-16 16:03:36.984,1288,521823.06
2025-11-16 16:03:36.984,1289,483368.97
2025-11-16 16:03:36.984,1290,439984.91
2025-11-16 16:03:36.984,1291,439984.91
2025-11-16 16:03:36.984,1292,536008.31
2025-11-16 16:03:36.984,1293,861364.44
2025-11-16 16:03:36.984,1294,521823.06
2025-11-16 16:03:36.984,1295,521823.06
2025-11-16 16:03:36.984,1296,58715.34
2025-11-16 16:03:36.984,1297,58255.64
2025-11-16 16:03:36.984,1298,58028.08
2025-11-16 16:03:36.984,1299,57354.41
2025-11-16 16:03:36.984,1300,58028.08
2025-11-16 16:03:36.984,1301,58715.34
2025-11-16 16:03:36.984,1302,57022.54
2025-11-16 16:03:36.984,1303,58831.23
2025-11-16 16:03:36.984,1304,57354.41
2025-11-16 16:03:36.984,1305,56476.62
2025-11-16 16:03:36.984,1306,56693.92
2025-11-16 16:03:36.984,1307,57689.57
2025-11-16 16:03:36.984,1308,57802.03
2025-11-16 16:03:36.984,1309,56476.62
2025-11-16 16:03:36.984,1310,59534.86
2025-11-16 16:03:36.984,1311,57022.54
2025-11-16 16:03:36.984,1312,59534.86
2025-11-16 16:03:36.984,1313,56912.64
2025-11-16 16:03:36.984,1314,57577.48
2025-11-16 16:03:36.984,1315,76654.66
2025-11-16 16:03:36.984,1316,59653.54
2025-11-16 16:03:36.984,1317,61109.78
2025-11-16 16:03:36.984,1318,57354.41
2025-11-16 16:03:36.984,1319,60253.01
2025-11-16 16:03:36.984,1320,55939.52
2025-11-16 16:03:36.984,1321,57802.03
2025-11-16 16:03:36.984,1322,62242.49
2025-11-16 16:03:36.984,1323,57577.48
2025-11-16 16:03:36.984,1324,50827.38
2025-11-16 16:03:36.984,1325,58715.34
2025-11-16 16:03:36.984,1326,52504.97
2025-11-16 16:03:36.984,1327,50377.22
2025-11-16 16:03:36.984,1328,82754.82
2025-11-16 16:03:36.984,1329,50021.84
2025-11-16 16:03:36.984,1330,51468.98
2025-11-16 16:03:36.984,1331,56693.92
2025-11-16 16:03:36.984,1332,49758.04
2025-11-16 16:03:36.984,1333,47161.71
2025-11-16 16:03:36.984,1334,45301.25
2025-11-16 16:03:36.984,1335,77023.94
2025-11-16 16:03:36.984,1336,101787.58
2025-11-16 16:03:36.984,1337,77023.94
2025-11-16 16:03:36.984,1338,51284.3
2025-11-16 16:03:36.984,1339,51284.3
2025-11-16 16:03:36.984,1340,109992.31
2025-11-16 16:03:36.984,1341,155704.97
2025-11-16 16:03:36.984,1342,67158.02
2025-11-16 16:03:36.984,1343,67158.02
2025-11-16 16:03:36.984,1344,34445.18
2025-11-16 16:03:36.984,1345,33823.5
2025-11-16 16:03:36.984,1346,32145.38
2025-11-16 16:03:36.984,1347,32675.42
2025-11-16 16:03:36.984,1348,32058.32
2025-11-16 16:03:36.984,1349,32232.81
2025-11-16 16:03:36.984,1350,32145.38
2025-11-16 16:03:36.984,1351,32145.38
2025-11-16 16:03:36.984,1352,32232.81
2025-11-16 16:03:36.984,1353,31885.26
2025-11-16 16:03:36.984,1354,32586.16
2025-11-16 16:03:36.984,1355,32232.81
2025-11-16 16:03:36.984,1356,32320.6
2025-11-16 16:03:36.984,1357,32145.38
2025-11-16 16:03:36.984,1358,33588.98
2025-11-16 16:03:36.984,1359,32145.38
2025-11-16 16:03:36.984,1360,35640.36
2025-11-16 16:03:36.984,1361,33823.5
2025-11-16 16:03:36.984,1362,34060.55
2025-11-16 16:03:36.984,1363,41723.1
2025-11-16 16:03:36.984,1364,36053.13
2025-11-16 16:03:36.984,1365,37009.64
2025-11-16 16:03:36.984,1366,33310.84
2025-11-16 16:03:36.984,1367,36209.84
2025-11-16 16:03:36.984,1368,33127.38
2025-11-16 16:03:36.984,1369,33776.39
2025-11-16 16:03:36.984,1370,38348.37
2025-11-16 16:03:36.984,1371,34396.74
2025-11-16 16:03:36.984,1372,32232.81
2025-11-16 16:03:36.984,1373,35794.29
2025-11-16 16:03:36.984,1374,31971.61
2025-11-16 16:03:36.984,1375,31585.79
2025-11-16 16:03:36.984,1376,54277.52
2025-11-16 16:03:36.984,1377,31374.49
2025-11-16 16:03:36.984,1378,31670.92
2025-11-16 16:03:36.984,1379,34445.18
2025-11-16 16:03:36.984,1380,31971.61
2025-11-16 16:03:36.984,1381,31332.49
2025-11-16 16:03:36.984,1382,30958.25
2025-11-16 16:03:36.984,1383,50377.22
2025-11-16 16:03:36.984,1384,66435.75
2025-11-16 16:03:36.984,1385,46293.73
2025-11-16 16:03:36.984,1386,861364.44
2025-11-16 16:03:36.984,1387,32189.05
2025-11-16 16:03:36.984,1388,65446.95
2025-11-16 16:03:36.984,1389,97948.88
2025-11-16 16:03:36.984,1390,43698.91
2025-11-16 16:03:36.984,1391,43698.91
2025-11-16 16:03:36.984,1392,32232.81
2025-11-16 16:03:36.984,1393,32276.66
2025-11-16 16:03:36.984,1394,31040.83
2025-11-16 16:03:36.984,1395,31123.74
2025-11-16 16:03:36.984,1396,30835.0
2025-11-16 16:03:36.984,1397,30876.0
2025-11-16 16:03:36.984,1398,30712.49
2025-11-16 16:03:36.984,1399,31040.83
2025-11-16 16:03:36.984,1400,30958.25
2025-11-16 16:03:36.984,1401,30671.81
2025-11-16 16:03:36.984,1402,31206.99
2025-11-16 16:03:36.984,1403,31040.83
2025-11-16 16:03:36.984,1404,31040.83
2025-11-16 16:03:36.984,1405,30794.08
2025-11-16 16:03:36.984,1406,32232.81
2025-11-16 16:03:36.984,1407,30631.22
2025-11-16 16:03:36.984,1408,33682.49
2025-11-16 16:03:36.984,1409,31928.39
2025-11-16 16:03:36.984,1410,32900.21
2025-11-16 16:03:36.984,1411,40318.35
2025-11-16 16:03:36.984,1412,35034.87
2025-11-16 16:03:36.984,1413,35845.82
2025-11-16 16:03:36.984,1414,32586.16
2025-11-16 16:03:36.984,1415,35134.67
2025-11-16 16:03:36.984,1416,32586.16
2025-11-16 16:03:36.984,1417,33403.16
2025-11-16 16:03:36.984,1418,38636.91
2025-11-16 16:03:36.984,1419,34252.03
2025-11-16 16:03:36.984,1420,33403.16
2025-11-16 16:03:36.984,1421,35640.36
2025-11-16 16:03:36.984,1422,33127.38
2025-11-16 16:03:36.984,1423,33310.84
2025-11-16 16:03:36.984,1424,55516.03
2025-11-16 16:03:36.984,1425,33127.38
2025-11-16 16:03:36.984,1426,32945.45
2025-11-16 16:03:36.984,1427,34836.58
2025-11-16 16:03:36.984,1428,33588.98
2025-11-16 16:03:36.984,1429,33403.16
2025-11-16 16:03:36.984,1430,35640.36
2025-11-16 16:03:36.984,1431,51100.71
2025-11-16 16:03:36.984,1432,70663.95
2025-11-16 16:03:36.984,1433,46216.13
2025-11-16 16:03:36.984,1434,942433.13
2025-11-16 16:03:36.984,1435,33403.16
2025-11-16 16:03:36.984,1436,61358.41
2025-11-16 16:03:36.984,1437,91512.71
2025-11-16 16:03:36.984,1438,44561.25
2025-11-16 16:03:36.984,1439,44561.25
2025-11-16 16:03:36.984,1440,35640.36
2025-11-16 16:03:36.984,1441,34396.74
2025-11-16 16:03:36.984,1442,33682.49
2025-11-16 16:03:36.984,1443,33449.47
2025-11-16 16:03:36.984,1444,33127.38
2025-11-16 16:03:36.984,1445,33682.49
2025-11-16 16:03:36.984,1446,33588.98
2025-11-16 16:03:36.984,1447,33635.68
2025-11-16 16:03:36.984,1448,33870.7
2025-11-16 16:03:36.984,1449,33127.38
2025-11-16 16:03:36.984,1450,33495.87
2025-11-16 16:03:36.984,1451,33588.98
2025-11-16 16:03:36.984,1452,33682.49
2025-11-16 16:03:36.984,1453,33729.39
2025-11-16 16:03:36.984,1454,33870.7
2025-11-16 16:03:36.984,1455,33682.49
2025-11-16 16:03:36.984,1456,35335.6
2025-11-16 16:03:36.984,1457,33588.98
2025-11-16 16:03:36.984,1458,34156.08
2025-11-16 16:03:36.984,1459,43557.83
2025-11-16 16:03:36.984,1460,37392.4
2025-11-16 16:03:36.984,1461,37669.63
2025-11-16 16:03:36.984,1462,35134.67
2025-11-16 16:03:36.984,1463,36901.41
2025-11-16 16:03:36.984,1464,34836.58
2025-11-16 16:03:36.984,1465,35134.67
2025-11-16 16:03:36.984,1466,39644.14
2025-11-16 16:03:36.984,1467,35845.82
2025-11-16 16:03:36.984,1468,33036.22
2025-11-16 16:03:36.984,1469,36793.67
2025-11-16 16:03:36.984,1470,32276.66
2025-11-16 16:03:36.984,1471,32810.01
2025-11-16 16:03:36.984,1472,53378.87
2025-11-16 16:03:36.984,1473,31885.26
2025-11-16 16:03:36.984,1474,26348.73
2025-11-16 16:03:36.984,1475,34396.74
2025-11-16 16:03:36.984,1476,31248.74
2025-11-16 16:03:36.984,1477,30917.09
2025-11-16 16:03:36.984,1478,23754.24
2025-11-16 16:03:36.984,1479,49670.62
2025-11-16 16:03:36.984,1480,66150.61
2025-11-16 16:03:36.984,1481,48139.58
2025-11-16 16:03:36.984,1482,861364.44
2025-11-16 16:03:36.984,1483,32586.16
2025-11-16 16:03:36.984,1484,63676.8
2025-11-16 16:03:36.984,1485,93571.2
2025-11-16 16:03:36.984,1486,43983.32
2025-11-16 16:03:36.984,1487,43983.32
2025-11-16 16:03:36.984,1488,26610.43
2025-11-16 16:03:36.984,1489,26187.06
2025-11-16 16:03:36.984,1490,25064.0
2025-11-16 16:03:36.984,1491,24973.54
2025-11-16 16:03:36.984,1492,24913.49
2025-11-16 16:03:36.984,1493,25094.26
2025-11-16 16:03:36.984,1494,25124.57
2025-11-16 16:03:36.984,1495,25154.93
2025-11-16 16:03:36.984,1496,25154.93
2025-11-16 16:03:36.984,1497,24704.93
2025-11-16 16:03:36.984,1498,25154.93
2025-11-16 16:03:36.984,1499,25064.0
2025-11-16 16:03:36.984,1500,25094.26
2025-11-16 16:03:36.984,1501,25124.57
2025-11-16 16:03:36.984,1502,26090.74
2025-11-16 16:03:36.984,1503,25094.26
2025-11-16 16:03:36.984,1504,26283.89
2025-11-16 16:03:36.984,1505,25215.81
2025-11-16 16:03:36.984,1506,25523.39
2025-11-16 16:03:36.984,1507,32765.05
2025-11-16 16:03:36.984,1508,28553.0
2025-11-16 16:03:36.984,1509,28847.41
2025-11-16 16:03:36.984,1510,26610.43
2025-11-16 16:03:36.984,1511,28921.71
2025-11-16 16:03:36.984,1512,26348.73
2025-11-16 16:03:36.984,1513,27077.54
2025-11-16 16:03:36.984,1514,31290.57
2025-11-16 16:03:36.984,1515,27349.84
2025-11-16 16:03:36.984,1516,25804.82
2025-11-16 16:03:36.984,1517,28191.18
2025-11-16 16:03:36.984,1518,25215.81
2025-11-16 16:03:36.984,1519,25276.9
2025-11-16 16:03:36.984,1520,42253.52
2025-11-16 16:03:36.984,1521,25215.81
2025-11-16 16:03:36.984,1522,24734.57
2025-11-16 16:03:36.984,1523,27349.84
2025-11-16 16:03:36.984,1524,25276.9
2025-11-16 16:03:36.984,1525,25710.52
2025-11-16 16:03:36.984,1526,25963.11
2025-11-16 16:03:36.984,1527,40756.99
2025-11-16 16:03:36.984,1528,54277.52
2025-11-16 16:03:36.984,1529,37669.63
2025-11-16 16:03:36.984,1530,661350.38
2025-11-16 16:03:36.984,1531,25679.2
2025-11-16 16:03:36.984,1532,49151.41
2025-11-16 16:03:36.984,1533,74328.61
2025-11-16 16:03:36.984,1534,34060.55
2025-11-16 16:03:36.984,1535,34060.55
2025-11-16 16:03:36.984,1536,24093.88
2025-11-16 16:03:36.984,1537,24093.88
2025-11-16 16:03:36.984,1538,24093.88
2025-11-16 16:03:36.984,1539,24093.88
2025-11-16 16:03:36.984,1540,24093.88
2025-11-16 16:03:36.984,1541,24093.88
2025-11-16 16:03:36.984,1542,24093.88
2025-11-16 16:03:36.984,1543,24093.88
2025-11-16 16:03:36.984,1544,24093.88
2025-11-16 16:03:36.984,1545,24093.88
2025-11-16 16:03:36.984,1546,24093.88
2025-11-16 16:03:36.984,1547,24093.88
2025-11-16 16:03:36.984,1548,24093.88
2025-11-16 16:03:36.984,1549,24093.88
2025-11-16 16:03:36.984,1550,24093.88
2025-11-16 16:03:36.984,1551,24093.88
2025-11-16 16:03:36.984,1552,24093.88
2025-11-16 16:03:36.984,1553,24093.88
2025-11-16 16:03:36.984,1554,24093.88
2025-11-16 16:03:36.984,1555,24093.88
2025-11-16 16:03:36.984,1556,24093.88
2025-11-16 16:03:36.984,1557,24093.88
2025-11-16 16:03:36.984,1558,24093.88
2025-11-16 16:03:36.984,1559,24093.88
2025-11-16 16:03:36.984,1560,24093.88
2025-11-16 16:03:36.984,1561,24093.88
2025-11-16 16:03:36.984,1562,24093.88
2025-11-16 16:03:36.984,1563,24093.88
2025-11-16 16:03:36.984,1564,24093.88
2025-11-16 16:03:36.984,1565,24093.88
2025-11-16 16:03:36.984,1566,24093.88
2025-11-16 16:03:36.984,1567,24093.88
2025-11-16 16:03:36.984,1568,24093.88
2025-11-16 16:03:36.984,1569,24093.88
2025-11-16 16:03:36.984,1570,24093.88
2025-11-16 16:03:36.984,1571,24093.88
2025-11-16 16:03:36.984,1572,24093.88
2025-11-16 16:03:36.984,1573,24093.88
2025-11-16 16:03:36.984,1574,24093.88
2025-11-16 16:03:36.984,1575,24093.88
2025-11-16 16:03:36.984,1576,24093.88
2025-11-16 16:03:36.984,1577,24093.88
2025-11-16 16:03:36.984,1578,24093.88
2025-11-16 16:03:36.984,1579,24093.88
2025-11-16 16:03:36.984,1580,24093.88
2025-11-16 16:03:36.984,1581,24093.88
2025-11-16 16:03:36.984,1582,24093.88
2025-11-16 16:03:36.984,1583,24093.88
2025-11-16 16:03:36.984,1584,24093.88
2025-11-16 16:03:36.984,1585,24151.15
2025-11-16 16:03:36.984,1586,23040.99
2025-11-16 16:03:36.984,1587,22564.54
2025-11-16 16:03:36.984,1588,22801.05
2025-11-16 16:03:36.984,1589,22987.37
2025-11-16 16:03:36.984,1590,22987.37
2025-11-16 16:03:36.984,1591,23040.99
2025-11-16 16:03:36.984,1592,23040.99
2025-11-16 16:03:36.984,1593,22854.06
2025-11-16 16:03:36.984,1594,23202.91
2025-11-16 16:03:36.984,1595,23257.23
2025-11-16 16:03:36.984,1596,22987.37
2025-11-16 16:03:36.984,1597,23040.99
2025-11-16 16:03:36.984,1598,24065.32
2025-11-16 16:03:36.984,1599,23202.91
2025-11-16 16:03:36.984,1600,23923.21
2025-11-16 16:03:36.984,1601,23257.23
2025-11-16 16:03:36.984,1602,23257.23
2025-11-16 16:03:36.984,1603,30712.49
2025-11-16 16:03:36.984,1604,26187.06
2025-11-16 16:03:36.984,1605,26809.18
2025-11-16 16:03:36.984,1606,24353.12
2025-11-16 16:03:36.984,1607,26676.44
2025-11-16 16:03:36.984,1608,24382.16
2025-11-16 16:03:36.984,1609,25033.8
2025-11-16 16:03:36.984,1610,29071.17
2025-11-16 16:03:36.984,1611,25773.33
2025-11-16 16:03:36.984,1612,24266.27
2025-11-16 16:03:36.984,1613,26676.44
2025-11-16 16:03:36.984,1614,24036.8
2025-11-16 16:03:36.984,1615,24151.15
2025-11-16 16:03:36.984,1616,40256.3
2025-11-16 16:03:36.984,1617,23923.21
2025-11-16 16:03:36.984,1618,23923.21
2025-11-16 16:03:36.984,1619,26026.81
2025-11-16 16:03:36.984,1620,24498.84
2025-11-16 16:03:36.984,1621,24616.31
2025-11-16 16:03:36.984,1622,26348.73
2025-11-16 16:03:36.984,1623,39165.01
2025-11-16 16:03:36.984,1624,52600.88
2025-11-16 16:03:36.984,1625,35845.82
2025-11-16 16:03:36.984,1626,661350.38
2025-11-16 16:03:36.984,1627,24734.57
2025-11-16 16:03:36.984,1628,47646.51
2025-11-16 16:03:36.984,1629,71306.41
2025-11-16 16:03:36.984,1630,33403.16
2025-11-16 16:03:36.984,1631,33403.16
2025-11-16 16:03:36.984,1632,23810.38
2025-11-16 16:03:36.984,1633,22643.0
2025-11-16 16:03:36.984,1634,22357.16
2025-11-16 16:03:36.984,1635,22050.96
2025-11-16 16:03:36.984,1636,22203.33
2025-11-16 16:03:36.984,1637,22408.76
2025-11-16 16:03:36.984,1638,22305.72
2025-11-16 16:03:36.984,1639,22512.45
2025-11-16 16:03:36.984,1640,22408.76
2025-11-16 16:03:36.984,1641,22203.33
2025-11-16 16:03:36.984,1642,22408.76
2025-11-16 16:03:36.984,1643,22357.16
2025-11-16 16:03:36.984,1644,22357.16
2025-11-16 16:03:36.984,1645,22357.16
2025-11-16 16:03:36.984,1646,23040.99
2025-11-16 16:03:36.984,1647,22305.72
2025-11-16 16:03:36.984,1648,21900.02
2025-11-16 16:03:36.984,1649,21261.97
2025-11-16 16:03:36.984,1650,22101.59
2025-11-16 16:03:36.984,1651,28847.41
2025-11-16 16:03:36.984,1652,24794.01
2025-11-16 16:03:36.984,1653,25215.81
2025-11-16 16:03:36.984,1654,23311.73
2025-11-16 16:03:36.984,1655,25185.35
2025-11-16 16:03:36.984,1656,22933.92
2025-11-16 16:03:36.984,1657,23257.23
2025-11-16 16:03:36.984,1658,26676.44
2025-11-16 16:03:36.984,1659,23810.38
2025-11-16 16:03:36.984,1660,18498.34
2025-11-16 16:03:36.984,1661,24382.16
2025-11-16 16:03:36.984,1662,16929.16
2025-11-16 16:03:36.984,1663,18986.58
2025-11-16 16:03:36.984,1664,34156.08
2025-11-16 16:03:36.984,1665,17420.39
2025-11-16 16:03:36.984,1666,19111.26
2025-11-16 16:03:36.984,1667,23014.16
2025-11-16 16:03:36.984,1668,16182.0
2025-11-16 16:03:36.984,1669,19048.79
2025-11-16 16:03:36.984,1670,22564.54
2025-11-16 16:03:36.984,1671,34542.39
2025-11-16 16:03:36.984,1672,45002.86
2025-11-16 16:03:36.984,1673,32720.19
2025-11-16 16:03:36.984,1674,558763.94
2025-11-16 16:03:36.984,1675,19751.0
2025-11-16 16:03:36.984,1676,44928.77
2025-11-16 16:03:36.984,1677,66150.61
2025-11-16 16:03:36.984,1678,29373.55
2025-11-16 16:03:36.984,1679,29373.55
2025-11-16 16:03:36.984,1680,34542.39
2025-11-16 16:03:36.984,1681,33310.84
2025-11-16 16:03:36.984,1682,32586.16
2025-11-16 16:03:36.984,1683,31458.76
2025-11-16 16:03:36.984,1684,32058.32
2025-11-16 16:03:36.984,1685,32232.81
2025-11-16 16:03:36.984,1686,31928.39
2025-11-16 16:03:36.984,1687,32189.05
2025-11-16 16:03:36.984,1688,32145.38
2025-11-16 16:03:36.984,1689,32058.32
2025-11-16 16:03:36.984,1690,32189.05
2025-11-16 16:03:36.984,1691,32058.32
2025-11-16 16:03:36.984,1692,31971.61
2025-11-16 16:03:36.984,1693,31885.26
2025-11-16 16:03:36.984,1694,32675.42
2025-11-16 16:03:36.984,1695,31543.36
2025-11-16 16:03:36.984,1696,30229.68
2025-11-16 16:03:36.984,1697,28662.88
2025-11-16 16:03:36.984,1698,31416.58
2025-11-16 16:03:36.984,1699,45301.25
2025-11-16 16:03:36.984,1700,35034.87
2025-11-16 16:03:36.984,1701,35640.36
2025-11-16 16:03:36.984,1702,32765.05
2025-11-16 16:03:36.984,1703,35234.91
2025-11-16 16:03:36.984,1704,32855.06
2025-11-16 16:03:36.984,1705,33449.47
2025-11-16 16:03:36.984,1706,37558.35
2025-11-16 16:03:36.984,1707,34591.16
2025-11-16 16:03:36.984,1708,29526.5
2025-11-16 16:03:36.984,1709,34640.03
2025-11-16 16:03:36.984,1710,29108.72
2025-11-16 16:03:36.984,1711,30110.76
2025-11-16 16:03:36.984,1712,43487.57
2025-11-16 16:03:36.984,1713,29221.78
2025-11-16 16:03:36.984,1714,29297.52
2025-11-16 16:03:36.984,1715,33776.39
2025-11-16 16:03:36.984,1716,27349.84
2025-11-16 16:03:36.984,1717,29449.88
2025-11-16 16:03:36.984,1718,33127.38
2025-11-16 16:03:36.984,1719,48980.34
2025-11-16 16:03:36.984,1720,59181.26
2025-11-16 16:03:36.984,1721,45301.25
2025-11-16 16:03:36.984,1722,793012.25
2025-11-16 16:03:36.984,1723,31082.24
2025-11-16 16:03:36.984,1724,68192.39
2025-11-16 16:03:36.984,1725,100279.32
2025-11-16 16:03:36.984,1726,39644.14
2025-11-16 16:03:36.984,1727,39644.14
2025-11-16 16:03:36.984,1728,25554.44
2025-11-16 16:03:36.984,1729,24675.34
2025-11-16 16:03:36.984,1730,24151.15
2025-11-16 16:03:36.984,1731,24036.8
2025-11-16 16:03:36.984,1732,23698.29
2025-11-16 16:03:36.984,1733,24266.27
2025-11-16 16:03:36.984,1734,24208.61
2025-11-16 16:03:36.984,1735,24266.27
2025-11-16 16:03:36.984,1736,24208.61
2025-11-16 16:03:36.984,1737,24179.86
2025-11-16 16:03:36.984,1738,24295.17
2025-11-16 16:03:36.984,1739,24324.12
2025-11-16 16:03:36.984,1740,23866.7
2025-11-16 16:03:36.984,1741,24036.8
2025-11-16 16:03:36.984,1742,25033.8
2025-11-16 16:03:36.984,1743,24324.12
2025-11-16 16:03:36.984,1744,23754.24
2025-11-16 16:03:36.984,1745,22460.52
2025-11-16 16:03:36.984,1746,22854.06
2025-11-16 16:03:36.984,1747,30958.25
2025-11-16 16:03:36.984,1748,27077.54
2025-11-16 16:03:36.984,1749,27111.36
2025-11-16 16:03:36.984,1750,25307.53
2025-11-16 16:03:36.984,1751,27349.84
2025-11-16 16:03:36.984,1752,25033.8
2025-11-16 16:03:36.984,1753,26026.81
2025-11-16 16:03:36.984,1754,29146.33
2025-11-16 16:03:36.984,1755,26219.28
2025-11-16 16:03:36.984,1756,19194.97
2025-11-16 16:03:36.984,1757,26544.65
2025-11-16 16:03:36.984,1758,20602.68
2025-11-16 16:03:36.984,1759,17949.02
2025-11-16 16:03:36.984,1760,38348.37
2025-11-16 16:03:36.984,1761,22000.49
2025-11-16 16:03:36.984,1762,20928.83
2025-11-16 16:03:36.984,1763,25647.93
2025-11-16 16:03:36.984,1764,21651.57
2025-11-16 16:03:36.984,1765,21261.97
2025-11-16 16:03:36.984,1766,25585.55
2025-11-16 16:03:36.984,1767,38063.23
2025-11-16 16:03:36.984,1768,49496.55
2025-11-16 16:03:36.984,1769,36686.43
2025-11-16 16:03:36.984,1770,583498.19
2025-11-16 16:03:36.984,1771,23230.05
2025-11-16 16:03:36.984,1772,50021.84
2025-11-16 16:03:36.984,1773,73296.59
2025-11-16 16:03:36.984,1774,32189.05
2025-11-16 16:03:36.984,1775,32189.05
2025-11-16 16:03:36.984,1776,22721.83
2025-11-16 16:03:36.984,1777,21358.47
2025-11-16 16:03:36.984,1778,21261.97
2025-11-16 16:03:36.984,1779,21166.06
2025-11-16 16:03:36.984,1780,21528.79
2025-11-16 16:03:36.984,1781,20928.83
2025-11-16 16:03:36.984,1782,21118.33
2025-11-16 16:03:36.984,1783,21553.27
2025-11-16 16:03:36.984,1784,21334.29
2025-11-16 16:03:36.984,1785,21189.98
2025-11-16 16:03:36.984,1786,21213.94
2025-11-16 16:03:36.984,1787,21382.69
2025-11-16 16:03:36.984,1788,21286.04
2025-11-16 16:03:36.984,1789,21431.24
2025-11-16 16:03:36.984,1790,21975.31
2025-11-16 16:03:36.984,1791,21358.47
2025-11-16 16:03:36.984,1792,20193.28
2025-11-16 16:03:36.984,1793,19577.68
2025-11-16 16:03:36.984,1794,20170.86
2025-11-16 16:03:36.984,1795,27213.2
2025-11-16 16:03:36.984,1796,23393.82
2025-11-16 16:03:36.984,1797,23698.29
2025-11-16 16:03:36.984,1798,22152.38
2025-11-16 16:03:36.984,1799,24093.88
2025-11-16 16:03:36.984,1800,21975.31
2025-11-16 16:03:36.984,1801,22721.83
2025-11-16 16:03:36.984,1802,25679.2
2025-11-16 16:03:36.984,1803,23094.79
2025-11-16 16:03:36.984,1804,17795.93
2025-11-16 16:03:36.984,1805,23670.38
2025-11-16 16:03:36.984,1806,18578.57
2025-11-16 16:03:36.984,1807,18699.77
2025-11-16 16:03:36.984,1808,34156.08
2025-11-16 16:03:36.984,1809,18598.7
2025-11-16 16:03:36.984,1810,16769.29
2025-11-16 16:03:36.984,1811,22000.49
2025-11-16 16:03:36.984,1812,17720.0
2025-11-16 16:03:36.984,1813,16403.5
2025-11-16 16:03:36.984,1814,21925.08
2025-11-16 16:03:36.984,1815,32945.45
2025-11-16 16:03:36.984,1816,44126.66
2025-11-16 16:03:36.984,1817,31799.26
2025-11-16 16:03:36.984,1818,515003.19
2025-11-16 16:03:36.984,1819,19707.48
2025-11-16 16:03:36.984,1820,43417.48
2025-11-16 16:03:36.984,1821,64212.57
2025-11-16 16:03:36.984,1822,28480.09
2025-11-16 16:03:36.984,1823,28480.09
2025-11-16 16:03:36.984,1824,31971.61
2025-11-16 16:03:36.984,1825,31290.57
2025-11-16 16:03:36.984,1826,30550.28
2025-11-16 16:03:36.984,1827,30269.48
2025-11-16 16:03:36.984,1828,30309.35
2025-11-16 16:03:36.984,1829,30631.22
2025-11-16 16:03:36.984,1830,30550.28
2025-11-16 16:03:36.984,1831,30590.71
2025-11-16 16:03:36.984,1832,30509.92
2025-11-16 16:03:36.984,1833,30229.68
2025-11-16 16:03:36.984,1834,30550.28
2025-11-16 16:03:36.984,1835,30712.49
2025-11-16 16:03:36.984,1836,30150.32
2025-11-16 16:03:36.984,1837,30309.35
2025-11-16 16:03:36.984,1838,31458.76
2025-11-16 16:03:36.984,1839,30712.49
2025-11-16 16:03:36.984,1840,30958.25
2025-11-16 16:03:36.984,1841,28996.3
2025-11-16 16:03:36.984,1842,29488.15
2025-11-16 16:03:36.984,1843,38578.92
2025-11-16 16:03:36.984,1844,33495.87
2025-11-16 16:03:36.984,1845,33682.49
2025-11-16 16:03:36.984,1846,31416.58
2025-11-16 16:03:36.984,1847,34012.93
2025-11-16 16:03:36.984,1848,31332.49
2025-11-16 16:03:36.984,1849,32765.05
2025-11-16 16:03:36.984,1850,36526.48
2025-11-16 16:03:36.984,1851,32810.01
2025-11-16 16:03:36.984,1852,28191.18
2025-11-16 16:03:36.984,1853,33403.16
2025-11-16 16:03:36.984,1854,26809.18
2025-11-16 16:03:36.984,1855,27695.87
2025-11-16 16:03:36.984,1856,45301.25
2025-11-16 16:03:36.984,1857,29071.17
2025-11-16 16:03:36.984,1858,28443.74
2025-11-16 16:03:36.984,1859,32630.74
2025-11-16 16:03:36.984,1860,29449.88
2025-11-16 16:03:36.984,1861,29146.33
2025-11-16 16:03:36.984,1862,32900.21
2025-11-16 16:03:36.984,1863,47161.71
2025-11-16 16:03:36.984,1864,59181.26
2025-11-16 16:03:36.984,1865,44415.61
2025-11-16 16:03:36.984,1866,793012.25
2025-11-16 16:03:36.984,1867,30389.34
2025-11-16 16:03:36.984,1868,58028.08
2025-11-16 16:03:36.984,1869,86251.47
2025-11-16 16:03:36.984,1870,38233.91
2025-11-16 16:03:36.984,1871,38233.91
2025-11-16 16:03:36.984,1872,26942.87
2025-11-16 16:03:36.984,1873,26283.89
2025-11-16 16:03:36.984,1874,25836.37
2025-11-16 16:03:36.984,1875,25585.55
2025-11-16 16:03:36.984,1876,25710.52
2025-11-16 16:03:36.984,1877,25963.11
2025-11-16 16:03:36.984,1878,25710.52
2025-11-16 16:03:36.984,1879,26090.74
2025-11-16 16:03:36.984,1880,25836.37
2025-11-16 16:03:36.984,1881,25836.37
2025-11-16 16:03:36.984,1882,26187.06
2025-11-16 16:03:36.984,1883,26090.74
2025-11-16 16:03:36.984,1884,25804.82
2025-11-16 16:03:36.984,1885,25963.11
2025-11-16 16:03:36.984,1886,26742.69
2025-11-16 16:03:36.984,1887,25963.11
2025-11-16 16:03:36.984,1888,25804.82
2025-11-16 16:03:36.984,1889,24266.27
2025-11-16 16:03:36.984,1890,25094.26
2025-11-16 16:03:36.984,1891,32675.42
2025-11-16 16:03:36.984,1892,28996.3
2025-11-16 16:03:36.984,1893,28884.52
2025-11-16 16:03:36.984,1894,27077.54
2025-11-16 16:03:36.984,1895,29297.52
2025-11-16 16:03:36.984,1896,26942.87
2025-11-16 16:03:36.984,1897,27977.33
2025-11-16 16:03:36.984,1898,31374.49
2025-11-16 16:03:36.984,1899,27977.33
2025-11-16 16:03:36.984,1900,21626.94
2025-11-16 16:03:36.984,1901,28335.09
2025-11-16 16:03:36.984,1902,20975.98
2025-11-16 16:03:36.984,1903,21455.57
2025-11-16 16:03:36.984,1904,40380.55
2025-11-16 16:03:36.984,1905,24093.88
2025-11-16 16:03:36.984,1906,22933.92
2025-11-16 16:03:36.984,1907,27730.82
2025-11-16 16:03:36.984,1908,24151.15
2025-11-16 16:03:36.984,1909,23838.52
2025-11-16 16:03:36.984,1910,27418.54
2025-11-16 16:03:36.984,1911,40820.27
2025-11-16 16:03:36.984,1912,53182.58
2025-11-16 16:03:36.984,1913,38636.91
2025-11-16 16:03:36.984,1914,708471.5
2025-11-16 16:03:36.984,1915,25215.81
2025-11-16 16:03:36.984,1916,51376.5
2025-11-16 16:03:36.984,1917,76654.66
2025-11-16 16:03:36.984,1918,34640.03
2025-11-16 16:03:36.984,1919,34640.03
2025-11-16 16:03:36.984,1920,900097.25
2025-11-16 16:03:36.984,1921,880309.75
2025-11-16 16:03:36.984,1922,900097.25
2025-11-16 16:03:36.984,1923,988899.38
2025-11-16 16:03:36.984,1924,942433.13
2025-11-16 16:03:36.984,1925,988899.38
2025-11-16 16:03:36.984,1926,920784.13
2025-11-16 16:03:36.984,1927,793012.25
2025-11-16 16:03:36.984,1928,880309.75
2025-11-16 16:03:36.984,1929,762705.19
2025-11-16 16:03:36.984,1930,920784.13
2025-11-16 16:03:36.984,1931,988899.38
2025-11-16 16:03:36.984,1932,684112.31
2025-11-16 16:03:36.984,1933,988899.38
2025-11-16 16:03:36.984,1934,793012.25
2025-11-16 16:03:36.984,1935,988899.38
2025-11-16 16:03:36.984,1936,988899.38
2025-11-16 16:03:36.984,1937,793012.25
2025-11-16 16:03:36.984,1938,965113.19
2025-11-16 16:03:36.984,1939,942433.13
2025-11-16 16:03:36.984,1940,708471.5
2025-11-16 16:03:36.984,1941,900097.25
2025-11-16 16:03:36.984,1942,861364.44
2025-11-16 16:03:36.984,1943,861364.44
2025-11-16 16:03:36.984,1944,661350.38
2025-11-16 16:03:36.984,1945,672541.69
2025-11-16 16:03:36.984,1946,748393.56
2025-11-16 16:03:36.984,1947,661350.38
2025-11-16 16:03:36.984,1948,684112.31
2025-11-16 16:03:36.984,1949,684112.31
2025-11-16 16:03:36.984,1950,661350.38
2025-11-16 16:03:36.984,1951,661350.38
2025-11-16 16:03:36.984,1952,583498.19
2025-11-16 16:03:36.984,1953,708471.5
2025-11-16 16:03:36.984,1954,696081.88
2025-11-16 16:03:36.984,1955,861364.44
2025-11-16 16:03:36.984,1956,762705.19
2025-11-16 16:03:36.984,1957,558763.94
2025-11-16 16:03:36.984,1958,721303.56
2025-11-16 16:03:36.984,1959,920784.13
2025-11-16 16:03:36.984,1960,793012.25
2025-11-16 16:03:36.984,1961,861364.44
2025-11-16 16:03:36.984,1962,684112.31
2025-11-16 16:03:36.984,1963,684112.31
2025-11-16 16:03:36.984,1964,988899.38
2025-11-16 16:03:36.984,1965,734602.25
2025-11-16 16:03:36.984,1966,734602.25
2025-11-16 16:03:36.984,1967,734602.25
2025-11-16 16:03:36.984,1968,30835.0
2025-11-16 16:03:36.984,1969,28996.3
2025-11-16 16:03:36.984,1970,29221.78
2025-11-16 16:03:36.984,1971,28699.64
2025-11-16 16:03:36.984,1972,28996.3
2025-11-16 16:03:36.984,1973,29071.17
2025-11-16 16:03:36.984,1974,28921.71
2025-11-16 16:03:36.984,1975,29297.52
2025-11-16 16:03:36.984,1976,29221.78
2025-11-16 16:03:36.984,1977,28921.71
2025-11-16 16:03:36.984,1978,29071.17
2025-11-16 16:03:36.984,1979,29071.17
2025-11-16 16:03:36.984,1980,29071.17
2025-11-16 16:03:36.984,1981,29184.02
2025-11-16 16:03:36.984,1982,30150.32
2025-11-16 16:03:36.984,1983,29146.33
2025-11-16 16:03:36.984,1984,29449.88
2025-11-16 16:03:36.984,1985,27977.33
2025-11-16 16:03:36.984,1986,28699.64
2025-11-16 16:03:36.984,1987,37118.37
2025-11-16 16:03:36.984,1988,32675.42
2025-11-16 16:03:36.984,1989,32855.06
2025-11-16 16:03:36.984,1990,30631.22
2025-11-16 16:03:36.984,1991,32900.21
2025-11-16 16:03:36.984,1992,30631.22
2025-11-16 16:03:36.984,1993,31290.57
2025-11-16 16:03:36.984,1994,35034.87
2025-11-16 16:03:36.984,1995,31206.99
2025-11-16 16:03:36.984,1996,26676.44
2025-11-16 16:03:36.984,1997,31928.39
2025-11-16 16:03:36.984,1998,24704.93
2025-11-16 16:03:36.984,1999,26348.73
2025-11-16 16:03:36.984,2000,42455.23
2025-11-16 16:03:36.984,2001,26742.69
2025-11-16 16:03:36.984,2002,27077.54
2025-11-16 16:03:36.984,2003,30917.09
2025-11-16 16:03:36.984,2004,27906.57
2025-11-16 16:03:36.984,2005,27941.91
2025-11-16 16:03:36.984,2006,31374.49
2025-11-16 16:03:36.984,2007,44928.77
2025-11-16 16:03:36.984,2008,55201.96
2025-11-16 16:03:36.984,2009,42590.57
2025-11-16 16:03:36.984,2010,920784.13
2025-11-16 16:03:36.984,2011,28516.51
2025-11-16 16:03:36.984,2012,55201.96
2025-11-16 16:03:36.984,2013,82335.49
2025-11-16 16:03:36.984,2014,36473.41
2025-11-16 16:03:36.984,2015,36473.41
2025-11-16 16:03:36.984,2016,536008.31
2025-11-16 16:03:36.984,2017,455329.53
2025-11-16 16:03:36.984,2018,536008.31
2025-11-16 16:03:36.984,2019,521823.06
2025-11-16 16:03:36.984,2020,489387.19
2025-11-16 16:03:36.984,2021,543388.5
2025-11-16 16:03:36.984,2022,528822.38
2025-11-16 16:03:36.984,2023,583498.19
2025-11-16 16:03:36.984,2024,601218.31
2025-11-16 16:03:36.984,2025,672541.69
2025-11-16 16:03:36.984,2026,566776.38
2025-11-16 16:03:36.984,2027,483368.97
2025-11-16 16:03:36.984,2028,566776.38
2025-11-16 16:03:36.984,2029,592227.94
2025-11-16 16:03:36.984,2030,601218.31
2025-11-16 16:03:36.984,2031,536008.31
2025-11-16 16:03:36.984,2032,521823.06
2025-11-16 16:03:36.984,2033,521823.06
2025-11-16 16:03:36.984,2034,483368.97
2025-11-16 16:03:36.984,2035,708471.5
2025-11-16 16:03:36.984,2036,610481.06
2025-11-16 16:03:36.984,2037,640033.69
2025-11-16 16:03:36.984,2038,610481.06
2025-11-16 16:03:36.984,2039,566776.38
2025-11-16 16:03:36.984,2040,550970.88
2025-11-16 16:03:36.984,2041,640033.69
2025-11-16 16:03:36.984,2042,672541.69
2025-11-16 16:03:36.984,2043,566776.38
2025-11-16 16:03:36.984,2044,521823.06
2025-11-16 16:03:36.984,2045,550970.88
2025-11-16 16:03:36.984,2046,536008.31
2025-11-16 16:03:36.984,2047,550970.88
2025-11-16 16:03:36.984,2048,508356.06
2025-11-16 16:03:36.984,2049,550970.88
2025-11-16 16:03:36.984,2050,566776.38
2025-11-16 16:03:36.984,2051,583498.19
2025-11-16 16:03:36.984,2052,460679.59
2025-11-16 16:03:36.984,2053,521823.06
2025-11-16 16:03:36.984,2054,536008.31
2025-11-16 16:03:36.984,2055,734602.25
2025-11-16 16:03:36.984,2056,483368.97
2025-11-16 16:03:36.984,2057,734602.25
2025-11-16 16:03:36.984,2058,566776.38
2025-11-16 16:03:36.984,2059,566776.38
2025-11-16 16:03:36.984,2060,809075.0
2025-11-16 16:03:36.984,2061,336993.63
2025-11-16 16:03:36.984,2062,336993.63
2025-11-16 16:03:36.984,2063,336993.63
2025-11-16 16:03:36.984,2064,25963.11
2025-11-16 16:03:36.984,2065,24853.65
2025-11-16 16:03:36.984,2066,24586.87
2025-11-16 16:03:36.984,2067,23866.7
2025-11-16 16:03:36.984,2068,24557.47
2025-11-16 16:03:36.984,2069,24794.01
2025-11-16 16:03:36.984,2070,24853.65
2025-11-16 16:03:36.984,2071,24794.01
2025-11-16 16:03:36.984,2072,24794.01
2025-11-16 16:03:36.984,2073,24675.34
2025-11-16 16:03:36.984,2074,24675.34
2025-11-16 16:03:36.984,2075,24734.57
2025-11-16 16:03:36.984,2076,24853.65
2025-11-16 16:03:36.984,2077,24794.01
2025-11-16 16:03:36.984,2078,25523.39
2025-11-16 16:03:36.984,2079,24675.34
2025-11-16 16:03:36.984,2080,19491.78
2025-11-16 16:03:36.984,2081,20373.88
2025-11-16 16:03:36.984,2082,24324.12
2025-11-16 16:03:36.984,2083,30590.71
2025-11-16 16:03:36.984,2084,27906.57
2025-11-16 16:03:36.984,2085,28191.18
2025-11-16 16:03:36.984,2086,26090.74
2025-11-16 16:03:36.984,2087,28699.64
2025-11-16 16:03:36.984,2088,25773.33
2025-11-16 16:03:36.984,2089,26676.44
2025-11-16 16:03:36.984,2090,30876.0
2025-11-16 16:03:36.984,2091,27556.69
2025-11-16 16:03:36.984,2092,24913.49
2025-11-16 16:03:36.984,2093,27977.33
2025-11-16 16:03:36.984,2094,24616.31
2025-11-16 16:03:36.984,2095,24704.93
2025-11-16 16:03:36.984,2096,39523.48
2025-11-16 16:03:36.984,2097,24704.93
2025-11-16 16:03:36.984,2098,24675.34
2025-11-16 16:03:36.984,2099,27281.39
2025-11-16 16:03:36.984,2100,24295.17
2025-11-16 16:03:36.984,2101,24973.54
2025-11-16 16:03:36.984,2102,27315.59
2025-11-16 16:03:36.984,2103,40505.41
2025-11-16 16:03:36.984,2104,48810.25
2025-11-16 16:03:36.984,2105,37009.64
2025-11-16 16:03:36.984,2106,900097.25
2025-11-16 16:03:36.984,2107,25276.9
2025-11-16 16:03:36.984,2108,49845.72
2025-11-16 16:03:36.984,2109,73296.59
2025-11-16 16:03:36.984,2110,33449.47
2025-11-16 16:03:36.984,2111,33449.47
2025-11-16 16:03:36.984,2112,276308.56
2025-11-16 16:03:36.984,2113,254133.06
2025-11-16 16:03:36.984,2114,254133.06
2025-11-16 16:03:36.984,2115,250766.73
2025-11-16 16:03:36.984,2116,264774.34
2025-11-16 16:03:36.984,2117,270422.94
2025-11-16 16:03:36.984,2118,257587.41
2025-11-16 16:03:36.984,2119,259348.69
2025-11-16 16:03:36.984,2120,280371.47
2025-11-16 16:03:36.984,2121,250766.73
2025-11-16 16:03:36.984,2122,268514.44
2025-11-16 16:03:36.984,2123,264774.34
2025-11-16 16:03:36.984,2124,264774.34
2025-11-16 16:03:36.984,2125,264774.34
2025-11-16 16:03:36.984,2126,272357.75
2025-11-16 16:03:36.984,2127,254133.06
2025-11-16 16:03:36.984,2128,266631.75
2025-11-16 16:03:36.984,2129,254133.06
2025-11-16 16:03:36.984,2130,247485.06
2025-11-16 16:03:36.984,2131,317555.0
2025-11-16 16:03:36.984,2132,272357.75
2025-11-16 16:03:36.984,2133,293282.41
2025-11-16 16:03:36.984,2134,276308.56
2025-11-16 16:03:36.984,2135,278325.69
2025-11-16 16:03:36.984,2136,254133.06
2025-11-16 16:03:36.984,2137,266631.75
2025-11-16 16:03:36.984,2138,288853.09
2025-11-16 16:03:36.984,2139,259348.69
2025-11-16 16:03:36.984,2140,247485.06
2025-11-16 16:03:36.984,2141,261133.28
2025-11-16 16:03:36.984,2142,218701.81
2025-11-16 16:03:36.984,2143,223932.14
2025-11-16 16:03:36.984,2144,191648.39
2025-11-16 16:03:36.984,2145,245875.0
2025-11-16 16:03:36.984,2146,233684.53
2025-11-16 16:03:36.984,2147,257587.41
2025-11-16 16:03:36.984,2148,236622.0
2025-11-16 16:03:36.984,2149,229407.17
2025-11-16 16:03:36.984,2150,245875.0
2025-11-16 16:03:36.984,2151,322883.13
2025-11-16 16:03:36.984,2152,187749.41
2025-11-16 16:03:36.984,2153,295546.66
2025-11-16 16:03:36.984,2154,229407.17
2025-11-16 16:03:36.984,2155,229407.17
2025-11-16 16:03:36.984,2156,312394.69
2025-11-16 16:03:36.984,2157,460679.59
2025-11-16 16:03:36.984,2158,83604.98
2025-11-16 16:03:36.984,2159,83604.98
2025-11-16 16:03:36.984,2160,346048.91
2025-11-16 16:03:36.984,2161,284551.28
2025-11-16 16:03:36.984,2162,317555.0
2025-11-16 16:03:36.984,2163,317555.0
2025-11-16 16:03:36.984,2164,334076.69
2025-11-16 16:03:36.984,2165,365654.84
2025-11-16 16:03:36.984,2166,331208.34
2025-11-16 16:03:36.984,2167,365654.84
2025-11-16 16:03:36.984,2168,358884.03
2025-11-16 16:03:36.984,2169,387544.88
2025-11-16 16:03:36.984,2170,399475.0
2025-11-16 16:03:36.984,2171,328387.41
2025-11-16 16:03:36.984,2172,372678.72
2025-11-16 16:03:36.984,2173,372678.72
2025-11-16 16:03:36.984,2174,379970.25
2025-11-16 16:03:36.984,2175,372678.72
2025-11-16 16:03:36.984,2176,328387.41
2025-11-16 16:03:36.984,2177,346048.91
2025-11-16 16:03:36.984,2178,376290.09
2025-11-16 16:03:36.984,2179,495554.03
2025-11-16 16:03:36.984,2180,358884.03
2025-11-16 16:03:36.984,2181,439984.91
2025-11-16 16:03:36.984,2182,391443.63
2025-11-16 16:03:36.984,2183,444986.13
2025-11-16 16:03:36.984,2184,387544.88
2025-11-16 16:03:36.984,2185,421032.91
2025-11-16 16:03:36.984,2186,430305.09
2025-11-16 16:03:36.984,2187,435092.38
2025-11-16 16:03:36.984,2188,391443.63
2025-11-16 16:03:36.984,2189,387544.88
2025-11-16 16:03:36.984,2190,365654.84
2025-11-16 16:03:36.984,2191,403612.41
2025-11-16 16:03:36.984,2192,276308.56
2025-11-16 16:03:36.984,2193,369134.25
2025-11-16 16:03:36.984,2194,391443.63
2025-11-16 16:03:36.984,2195,430305.09
2025-11-16 16:03:36.984,2196,387544.88
2025-11-16 16:03:36.984,2197,365654.84
2025-11-16 16:03:36.984,2198,395419.56
2025-11-16 16:03:36.984,2199,483368.97
2025-11-16 16:03:36.984,2200,261133.28
2025-11-16 16:03:36.984,2201,460679.59
2025-11-16 16:03:36.984,2202,395419.56
2025-11-16 16:03:36.984,2203,395419.56
2025-11-16 16:03:36.984,2204,483368.97
2025-11-16 16:03:36.984,2205,708471.5
2025-11-16 16:03:36.984,2206,108944.77
2025-11-16 16:03:36.984,2207,108944.77
2025-11-16 16:03:36.984,2208,182175.47
2025-11-16 16:03:36.984,2209,182175.47
2025-11-16 16:03:36.984,2210,182175.47
2025-11-16 16:03:36.984,2211,182175.47
2025-11-16 16:03:36.984,2212,182175.47
2025-11-16 16:03:36.984,2213,182175.47
2025-11-16 16:03:36.984,2214,182175.47
2025-11-16 16:03:36.984,2215,182175.47
2025-11-16 16:03:36.984,2216,182175.47
2025-11-16 16:03:36.984,2217,182175.47
2025-11-16 16:03:36.984,2218,182175.47
2025-11-16 16:03:36.984,2219,182175.47
2025-11-16 16:03:36.984,2220,182175.47
2025-11-16 16:03:36.984,2221,182175.47
2025-11-16 16:03:36.984,2222,182175.47
2025-11-16 16:03:36.984,2223,182175.47
2025-11-16 16:03:36.984,2224,182175.47
2025-11-16 16:03:36.984,2225,182175.47
2025-11-16 16:03:36.984,2226,182175.47
2025-11-16 16:03:36.984,2227,182175.47
2025-11-16 16:03:36.984,2228,182175.47
2025-11-16 16:03:36.984,2229,182175.47
2025-11-16 16:03:36.984,2230,182175.47
2025-11-16 16:03:36.984,2231,182175.47
2025-11-16 16:03:36.984,2232,182175.47
2025-11-16 16:03:36.984,2233,182175.47
2025-11-16 16:03:36.984,2234,182175.47
2025-11-16 16:03:36.984,2235,182175.47
2025-11-16 16:03:36.984,2236,182175.47
2025-11-16 16:03:36.984,2237,182175.47
2025-11-16 16:03:36.984,2238,182175.47
2025-11-16 16:03:36.984,2239,182175.47
2025-11-16 16:03:36.984,2240,182175.47
2025-11-16 16:03:36.984,2241,182175.47
2025-11-16 16:03:36.984,2242,182175.47
2025-11-16 16:03:36.984,2243,182175.47
2025-11-16 16:03:36.984,2244,182175.47
2025-11-16 16:03:36.984,2245,182175.47
2025-11-16 16:03:36.984,2246,182175.47
2025-11-16 16:03:36.984,2247,182175.47
2025-11-16 16:03:36.984,2248,182175.47
2025-11-16 16:03:36.984,2249,182175.47
2025-11-16 16:03:36.984,2250,182175.47
2025-11-16 16:03:36.984,2251,182175.47
2025-11-16 16:03:36.984,2252,182175.47
2025-11-16 16:03:36.984,2253,182175.47
2025-11-16 16:03:36.984,2254,182175.47
2025-11-16 16:03:36.984,2255,182175.47
2025-11-16 16:03:36.984,2256,182175.47
2025-11-16 16:03:36.984,2257,176906.95
2025-11-16 16:03:36.984,2258,176906.95
2025-11-16 16:03:36.984,2259,167191.02
2025-11-16 16:03:36.984,2260,167191.02
2025-11-16 16:03:36.984,2261,175214.38
2025-11-16 16:03:36.984,2262,170315.53
2025-11-16 16:03:36.984,2263,174379.52
2025-11-16 16:03:36.984,2264,181276.86
2025-11-16 16:03:36.984,2265,180386.63
2025-11-16 16:03:36.984,2266,177764.91
2025-11-16 16:03:36.984,2267,176906.95
2025-11-16 16:03:36.984,2268,165668.98
2025-11-16 16:03:36.984,2269,175214.38
2025-11-16 16:03:36.984,2270,173552.13
2025-11-16 16:03:36.984,2271,166426.73
2025-11-16 16:03:36.984,2272,174379.52
2025-11-16 16:03:36.984,2273,170315.53
2025-11-16 16:03:36.984,2274,176906.95
2025-11-16 16:03:36.984,2275,205453.95
2025-11-16 16:03:36.984,2276,176056.81
2025-11-16 16:03:36.984,2277,185855.86
2025-11-16 16:03:36.984,2278,175214.38
2025-11-16 16:03:36.984,2279,171919.44
2025-11-16 16:03:36.984,2280,168739.63
2025-11-16 16:03:36.984,2281,174379.52
2025-11-16 16:03:36.984,2282,189679.88
2025-11-16 16:03:36.984,2283,166426.73
2025-11-16 16:03:36.984,2284,161255.75
2025-11-16 16:03:36.984,2285,171919.44
2025-11-16 16:03:36.984,2286,153062.25
2025-11-16 16:03:36.984,2287,146809.88
2025-11-16 16:03:36.984,2288,98234.78
2025-11-16 16:03:36.984,2289,161255.75
2025-11-16 16:03:36.984,2290,158434.67
2025-11-16 16:03:36.984,2291,176906.95
2025-11-16 16:03:36.984,2292,158434.67
2025-11-16 16:03:36.984,2293,156379.06
2025-11-16 16:03:36.984,2294,167191.02
2025-11-16 16:03:36.984,2295,218701.81
2025-11-16 16:03:36.984,2296,94098.91
2025-11-16 16:03:36.984,2297,205453.95
2025-11-16 16:03:36.984,2298,158434.67
2025-11-16 16:03:36.984,2299,158434.67
2025-11-16 16:03:36.984,2300,204325.27
2025-11-16 16:03:36.984,2301,312394.69
2025-11-16 16:03:36.984,2302,43840.75
2025-11-16 16:03:36.984,2303,43840.75
