Timestamp,Sensor_ID,Resistance_Ohms
2025-11-16 15:31:40.732,0,22460.52
2025-11-16 15:31:40.732,1,29071.17
2025-11-16 15:31:40.732,2,34204.0
2025-11-16 15:31:40.732,3,32320.6
2025-11-16 15:31:40.732,4,34204.0
2025-11-16 15:31:40.732,5,34689.0
2025-11-16 15:31:40.732,6,34640.03
2025-11-16 15:31:40.732,7,34885.99
2025-11-16 15:31:40.732,8,34689.0
2025-11-16 15:31:40.732,9,34935.51
2025-11-16 15:31:40.732,10,35034.87
2025-11-16 15:31:40.732,11,34542.39
2025-11-16 15:31:40.732,12,35335.6
2025-11-16 15:31:40.732,13,34985.13
2025-11-16 15:31:40.732,14,36053.13
2025-11-16 15:31:40.732,15,34689.0
2025-11-16 15:31:40.732,16,34445.18
2025-11-16 15:31:40.732,17,36579.68
2025-11-16 15:31:40.732,18,37118.37
2025-11-16 15:31:40.732,19,36901.41
2025-11-16 15:31:40.732,20,38120.0
2025-11-16 15:31:40.732,21,39165.01
2025-11-16 15:31:40.732,22,34985.13
2025-11-16 15:31:40.732,23,38695.02
2025-11-16 15:31:40.732,24,36157.48
2025-11-16 15:31:40.732,25,36053.13
2025-11-16 15:31:40.732,26,38463.37
2025-11-16 15:31:40.732,27,36420.45
2025-11-16 15:31:40.732,28,37118.37
2025-11-16 15:31:40.732,29,37009.64
2025-11-16 15:31:40.732,30,36793.67
2025-11-16 15:31:40.732,31,38120.0
2025-11-16 15:31:40.732,32,74154.84
2025-11-16 15:31:40.732,33,38463.37
2025-11-16 15:31:40.732,34,39887.21
2025-11-16 15:31:40.732,35,37009.64
2025-11-16 15:31:40.732,36,37893.76
2025-11-16 15:31:40.732,37,42320.58
2025-11-16 15:31:40.732,38,42455.23
2025-11-16 15:31:40.732,39,51284.3
2025-11-16 15:31:40.732,40,346048.91
2025-11-16 15:31:40.732,41,52890.38
2025-11-16 15:31:40.732,42,83604.98
2025-11-16 15:31:40.732,43,38006.61
2025-11-16 15:31:40.732,44,85575.93
2025-11-16 15:31:40.732,45,204325.27
2025-11-16 15:31:40.732,46,89534.38
2025-11-16 15:31:40.732,47,89534.38
2025-11-16 15:31:40.732,48,113248.5
2025-11-16 15:31:40.732,49,115905.77
2025-11-16 15:31:40.732,50,121579.19
2025-11-16 15:31:40.732,51,132097.22
2025-11-16 15:31:40.732,52,123295.2
2025-11-16 15:31:40.732,53,129670.22
2025-11-16 15:31:40.732,54,124611.84
2025-11-16 15:31:40.732,55,136685.03
2025-11-16 15:31:40.732,56,128722.46
2025-11-16 15:31:40.732,57,128722.46
2025-11-16 15:31:40.732,58,129194.73
2025-11-16 15:31:40.732,59,129670.22
2025-11-16 15:31:40.732,60,129670.22
2025-11-16 15:31:40.732,61,122431.63
2025-11-16 15:31:40.732,62,132592.78
2025-11-16 15:31:40.732,63,128253.38
2025-11-16 15:31:40.732,64,115905.77
2025-11-16 15:31:40.732,65,130631.02
2025-11-16 15:31:40.732,66,135640.13
2025-11-16 15:31:40.732,67,135640.13
2025-11-16 15:31:40.732,68,138820.45
2025-11-16 15:31:40.732,69,143283.25
2025-11-16 15:31:40.732,70,130631.02
2025-11-16 15:31:40.732,71,145616.44
2025-11-16 15:31:40.732,72,136160.72
2025-11-16 15:31:40.732,73,137213.13
2025-11-16 15:31:40.732,74,137745.05
2025-11-16 15:31:40.732,75,142142.66
2025-11-16 15:31:40.732,76,138280.8
2025-11-16 15:31:40.732,77,133594.3
2025-11-16 15:31:40.732,78,134609.98
2025-11-16 15:31:40.732,79,139364.05
2025-11-16 15:31:40.732,80,238117.42
2025-11-16 15:31:40.732,81,145616.44
2025-11-16 15:31:40.732,82,143859.97
2025-11-16 15:31:40.732,83,136160.72
2025-11-16 15:31:40.732,84,142142.66
2025-11-16 15:31:40.732,85,138280.8
2025-11-16 15:31:40.732,86,155704.97
2025-11-16 15:31:40.732,87,175214.38
2025-11-16 15:31:40.732,88,988899.38
2025-11-16 15:31:40.732,89,153062.25
2025-11-16 15:31:40.732,90,262941.66
2025-11-16 15:31:40.732,91,138820.45
2025-11-16 15:31:40.732,92,145616.44
2025-11-16 15:31:40.732,93,536008.31
2025-11-16 15:31:40.732,94,250766.73
2025-11-16 15:31:40.732,95,250766.73
2025-11-16 15:31:40.732,96,79112.48
2025-11-16 15:31:40.732,97,77772.0
2025-11-16 15:31:40.732,98,84909.8
2025-11-16 15:31:40.732,99,83390.98
2025-11-16 15:31:40.732,100,84035.92
2025-11-16 15:31:40.732,101,86251.47
2025-11-16 15:31:40.732,102,84035.92
2025-11-16 15:31:40.732,103,84035.92
2025-11-16 15:31:40.732,104,84909.8
2025-11-16 15:31:40.732,105,83177.96
2025-11-16 15:31:40.732,106,83177.96
2025-11-16 15:31:40.732,107,85352.86
2025-11-16 15:31:40.732,108,85352.86
2025-11-16 15:31:40.732,109,82754.82
2025-11-16 15:31:40.732,110,86707.14
2025-11-16 15:31:40.732,111,84909.8
2025-11-16 15:31:40.732,112,68796.0
2025-11-16 15:31:40.732,113,82754.82
2025-11-16 15:31:40.732,114,85800.06
2025-11-16 15:31:40.732,115,84035.92
2025-11-16 15:31:40.732,116,90021.7
2025-11-16 15:31:40.732,117,91512.71
2025-11-16 15:31:40.732,118,83177.96
2025-11-16 15:31:40.732,119,90513.82
2025-11-16 15:31:40.732,120,82754.82
2025-11-16 15:31:40.732,121,85800.06
2025-11-16 15:31:40.732,122,85800.06
2025-11-16 15:31:40.732,123,91010.8
2025-11-16 15:31:40.732,124,89534.38
2025-11-16 15:31:40.732,125,84252.88
2025-11-16 15:31:40.732,126,86707.14
2025-11-16 15:31:40.732,127,85352.86
2025-11-16 15:31:40.732,128,164172.88
2025-11-16 15:31:40.732,129,89534.38
2025-11-16 15:31:40.732,130,91261.14
2025-11-16 15:31:40.732,131,89051.75
2025-11-16 15:31:40.732,132,89534.38
2025-11-16 15:31:40.732,133,93048.8
2025-11-16 15:31:40.732,134,99101.66
2025-11-16 15:31:40.732,135,112877.99
2025-11-16 15:31:40.732,136,684112.31
2025-11-16 15:31:40.732,137,94632.04
2025-11-16 15:31:40.732,138,178630.77
2025-11-16 15:31:40.732,139,85800.06
2025-11-16 15:31:40.732,140,150502.45
2025-11-16 15:31:40.732,141,403612.41
2025-11-16 15:31:40.732,142,176906.95
2025-11-16 15:31:40.732,143,176906.95
2025-11-16 15:31:40.732,144,39283.93
2025-11-16 15:31:40.732,145,38291.07
2025-11-16 15:31:40.732,146,39704.69
2025-11-16 15:31:40.732,147,40194.41
2025-11-16 15:31:40.732,148,39343.6
2025-11-16 15:31:40.732,149,39765.37
2025-11-16 15:31:40.732,150,39583.74
2025-11-16 15:31:40.732,151,39765.37
2025-11-16 15:31:40.732,152,38695.02
2025-11-16 15:31:40.732,153,38811.68
2025-11-16 15:31:40.732,154,39403.42
2025-11-16 15:31:40.732,155,38753.28
2025-11-16 15:31:40.732,156,40132.67
2025-11-16 15:31:40.732,157,39224.4
2025-11-16 15:31:40.732,158,39403.42
2025-11-16 15:31:40.732,159,39165.01
2025-11-16 15:31:40.732,160,22203.33
2025-11-16 15:31:40.732,161,38695.02
2025-11-16 15:31:40.732,162,39887.21
2025-11-16 15:31:40.732,163,36901.41
2025-11-16 15:31:40.732,164,42053.34
2025-11-16 15:31:40.732,165,42590.57
2025-11-16 15:31:40.732,166,37669.63
2025-11-16 15:31:40.732,167,42794.9
2025-11-16 15:31:40.732,168,40256.3
2025-11-16 15:31:40.732,169,40883.72
2025-11-16 15:31:40.732,170,41397.01
2025-11-16 15:31:40.732,171,41139.08
2025-11-16 15:31:40.732,172,41854.7
2025-11-16 15:31:40.732,173,39887.21
2025-11-16 15:31:40.732,174,40630.89
2025-11-16 15:31:40.732,175,42186.62
2025-11-16 15:31:40.732,176,82335.49
2025-11-16 15:31:40.732,177,41986.96
2025-11-16 15:31:40.732,178,44488.33
2025-11-16 15:31:40.732,179,41592.18
2025-11-16 15:31:40.732,180,41788.82
2025-11-16 15:31:40.732,181,45678.82
2025-11-16 15:31:40.732,182,47322.41
2025-11-16 15:31:40.732,183,56368.51
2025-11-16 15:31:40.732,184,387544.88
2025-11-16 15:31:40.732,185,51100.71
2025-11-16 15:31:40.732,186,90267.15
2025-11-16 15:31:40.732,187,41075.0
2025-11-16 15:31:40.732,188,89051.75
2025-11-16 15:31:40.732,189,218701.81
2025-11-16 15:31:40.732,190,91010.8
2025-11-16 15:31:40.732,191,91010.8
2025-11-16 15:31:40.732,192,26283.89
2025-11-16 15:31:40.732,193,26479.11
2025-11-16 15:31:40.732,194,26283.89
2025-11-16 15:31:40.732,195,26742.69
2025-11-16 15:31:40.732,196,25836.37
2025-11-16 15:31:40.732,197,26187.06
2025-11-16 15:31:40.732,198,26090.74
2025-11-16 15:31:40.732,199,26154.89
2025-11-16 15:31:40.732,200,25963.11
2025-11-16 15:31:40.732,201,26026.81
2025-11-16 15:31:40.732,202,25836.37
2025-11-16 15:31:40.732,203,26026.81
2025-11-16 15:31:40.732,204,26058.75
2025-11-16 15:31:40.732,205,26154.89
2025-11-16 15:31:40.732,206,26090.74
2025-11-16 15:31:40.732,207,25773.33
2025-11-16 15:31:40.732,208,17853.14
2025-11-16 15:31:40.732,209,26154.89
2025-11-16 15:31:40.732,210,25616.71
2025-11-16 15:31:40.732,211,21213.94
2025-11-16 15:31:40.732,212,27765.84
2025-11-16 15:31:40.732,213,28480.09
2025-11-16 15:31:40.732,214,22203.33
2025-11-16 15:31:40.732,215,28227.06
2025-11-16 15:31:40.732,216,26058.75
2025-11-16 15:31:40.732,217,26348.73
2025-11-16 15:31:40.732,218,27941.91
2025-11-16 15:31:40.732,219,27906.57
2025-11-16 15:31:40.732,220,27941.91
2025-11-16 15:31:40.732,221,26709.53
2025-11-16 15:31:40.732,222,27179.19
2025-11-16 15:31:40.732,223,28736.48
2025-11-16 15:31:40.732,224,59181.26
2025-11-16 15:31:40.732,225,29603.42
2025-11-16 15:31:40.732,226,30189.96
2025-11-16 15:31:40.732,227,28119.63
2025-11-16 15:31:40.732,228,28263.01
2025-11-16 15:31:40.732,229,31971.61
2025-11-16 15:31:40.732,230,32320.6
2025-11-16 15:31:40.732,231,39765.37
2025-11-16 15:31:40.732,232,282446.44
2025-11-16 15:31:40.732,233,37009.64
2025-11-16 15:31:40.732,234,65867.58
2025-11-16 15:31:40.732,235,27977.33
2025-11-16 15:31:40.732,236,71306.41
2025-11-16 15:31:40.732,237,156379.06
2025-11-16 15:31:40.732,238,69101.3
2025-11-16 15:31:40.732,239,69101.3
2025-11-16 15:31:40.732,240,20193.28
2025-11-16 15:31:40.732,241,19772.81
2025-11-16 15:31:40.732,242,19794.65
2025-11-16 15:31:40.732,243,20741.61
2025-11-16 15:31:40.732,244,19534.67
2025-11-16 15:31:40.732,245,19751.0
2025-11-16 15:31:40.732,246,19449.01
2025-11-16 15:31:40.732,247,19599.24
2025-11-16 15:31:40.732,248,19449.01
2025-11-16 15:31:40.732,249,19513.2
2025-11-16 15:31:40.732,250,19449.01
2025-11-16 15:31:40.732,251,19237.01
2025-11-16 15:31:40.732,252,19577.68
2025-11-16 15:31:40.732,253,19556.16
2025-11-16 15:31:40.732,254,20260.76
2025-11-16 15:31:40.732,255,19534.67
2025-11-16 15:31:40.732,256,18618.86
2025-11-16 15:31:40.732,257,20260.76
2025-11-16 15:31:40.732,258,19215.97
2025-11-16 15:31:40.732,259,18740.4
2025-11-16 15:31:40.732,260,21213.94
2025-11-16 15:31:40.732,261,21651.57
2025-11-16 15:31:40.732,262,19707.48
2025-11-16 15:31:40.732,263,22408.76
2025-11-16 15:31:40.732,264,20373.88
2025-11-16 15:31:40.732,265,20905.3
2025-11-16 15:31:40.732,266,22827.54
2025-11-16 15:31:40.732,267,21261.97
2025-11-16 15:31:40.732,268,21406.95
2025-11-16 15:31:40.732,269,20834.94
2025-11-16 15:31:40.732,270,21166.06
2025-11-16 15:31:40.732,271,21553.27
2025-11-16 15:31:40.732,272,47161.71
2025-11-16 15:31:40.732,273,22564.54
2025-11-16 15:31:40.732,274,22880.64
2025-11-16 15:31:40.732,275,21358.47
2025-11-16 15:31:40.732,276,21553.27
2025-11-16 15:31:40.732,277,24675.34
2025-11-16 15:31:40.732,278,25185.35
2025-11-16 15:31:40.732,279,31374.49
2025-11-16 15:31:40.732,280,216173.34
2025-11-16 15:31:40.732,281,31628.31
2025-11-16 15:31:40.732,282,53378.87
2025-11-16 15:31:40.732,283,21166.06
2025-11-16 15:31:40.732,284,59181.26
2025-11-16 15:31:40.732,285,130631.02
2025-11-16 15:31:40.732,286,55833.13
2025-11-16 15:31:40.732,287,55833.13
2025-11-16 15:31:40.732,288,17531.99
2025-11-16 15:31:40.732,289,17550.68
2025-11-16 15:31:40.732,290,16822.37
2025-11-16 15:31:40.732,291,17254.68
2025-11-16 15:31:40.732,292,16232.79
2025-11-16 15:31:40.732,293,16628.76
2025-11-16 15:31:40.732,294,16215.84
2025-11-16 15:31:40.732,295,16283.77
2025-11-16 15:31:40.732,296,16114.59
2025-11-16 15:31:40.732,297,16131.41
2025-11-16 15:31:40.732,298,16249.76
2025-11-16 15:31:40.732,299,16249.76
2025-11-16 15:31:40.732,300,16283.77
2025-11-16 15:31:40.732,301,16215.84
2025-11-16 15:31:40.732,302,17218.13
2025-11-16 15:31:40.732,303,16386.33
2025-11-16 15:31:40.732,304,18142.77
2025-11-16 15:31:40.732,305,17757.91
2025-11-16 15:31:40.732,306,18181.84
2025-11-16 15:31:40.732,307,18418.55
2025-11-16 15:31:40.732,308,18498.34
2025-11-16 15:31:40.732,309,19153.06
2025-11-16 15:31:40.732,310,17309.7
2025-11-16 15:31:40.732,311,19664.09
2025-11-16 15:31:40.732,312,17420.39
2025-11-16 15:31:40.732,313,17872.27
2025-11-16 15:31:40.732,314,19838.42
2025-11-16 15:31:40.732,315,18418.55
2025-11-16 15:31:40.732,316,18478.35
2025-11-16 15:31:40.732,317,18026.2
2025-11-16 15:31:40.732,318,18181.84
2025-11-16 15:31:40.732,319,18418.55
2025-11-16 15:31:40.732,320,41397.01
2025-11-16 15:31:40.732,321,19194.97
2025-11-16 15:31:40.732,322,19729.22
2025-11-16 15:31:40.732,323,18221.02
2025-11-16 15:31:40.732,324,18221.02
2025-11-16 15:31:40.732,325,21602.34
2025-11-16 15:31:40.732,326,21651.57
2025-11-16 15:31:40.732,327,27281.39
2025-11-16 15:31:40.732,328,190659.31
2025-11-16 15:31:40.732,329,28958.97
2025-11-16 15:31:40.732,330,46449.59
2025-11-16 15:31:40.732,331,17949.02
2025-11-16 15:31:40.732,332,53378.87
2025-11-16 15:31:40.732,333,119906.74
2025-11-16 15:31:40.732,334,48810.25
2025-11-16 15:31:40.732,335,48810.25
2025-11-16 15:31:40.732,336,15347.64
2025-11-16 15:31:40.732,337,15331.81
2025-11-16 15:31:40.732,338,14624.25
2025-11-16 15:31:40.732,339,15081.15
2025-11-16 15:31:40.732,340,14183.61
2025-11-16 15:31:40.732,341,14505.19
2025-11-16 15:31:40.732,342,14328.73
2025-11-16 15:31:40.732,343,14299.57
2025-11-16 15:31:40.732,344,14328.73
2025-11-16 15:31:40.732,345,14299.57
2025-11-16 15:31:40.732,346,14212.49
2025-11-16 15:31:40.732,347,14040.19
2025-11-16 15:31:40.732,348,14241.45
2025-11-16 15:31:40.732,349,14299.57
2025-11-16 15:31:40.732,350,14926.99
2025-11-16 15:31:40.732,351,14241.45
2025-11-16 15:31:40.732,352,16131.41
2025-11-16 15:31:40.732,353,15555.25
2025-11-16 15:31:40.732,354,16114.59
2025-11-16 15:31:40.732,355,16386.33
2025-11-16 15:31:40.732,356,16182.0
2025-11-16 15:31:40.732,357,17163.47
2025-11-16 15:31:40.732,358,15363.49
2025-11-16 15:31:40.732,359,17457.49
2025-11-16 15:31:40.732,360,15081.15
2025-11-16 15:31:40.732,361,15587.49
2025-11-16 15:31:40.732,362,17757.91
2025-11-16 15:31:40.732,363,15749.92
2025-11-16 15:31:40.732,364,16317.87
2025-11-16 15:31:40.732,365,16014.12
2025-11-16 15:31:40.732,366,16047.52
2025-11-16 15:31:40.732,367,16403.5
2025-11-16 15:31:40.732,368,38291.07
2025-11-16 15:31:40.732,369,17199.88
2025-11-16 15:31:40.732,370,17606.89
2025-11-16 15:31:40.732,371,16317.87
2025-11-16 15:31:40.732,372,16369.18
2025-11-16 15:31:40.732,373,18538.4
2025-11-16 15:31:40.732,374,19491.78
2025-11-16 15:31:40.732,375,24675.34
2025-11-16 15:31:40.732,376,179504.63
2025-11-16 15:31:40.732,377,26219.28
2025-11-16 15:31:40.732,378,43277.87
2025-11-16 15:31:40.732,379,15782.65
2025-11-16 15:31:40.732,380,50021.84
2025-11-16 15:31:40.732,381,113621.23
2025-11-16 15:31:40.732,382,46138.74
2025-11-16 15:31:40.732,383,46138.74
2025-11-16 15:31:40.732,384,15237.23
2025-11-16 15:31:40.732,385,15174.57
2025-11-16 15:31:40.732,386,14594.37
2025-11-16 15:31:40.732,387,14926.99
2025-11-16 15:31:40.732,388,14040.19
2025-11-16 15:31:40.732,389,14299.57
2025-11-16 15:31:40.732,390,13954.95
2025-11-16 15:31:40.732,391,14040.19
2025-11-16 15:31:40.732,392,14040.19
2025-11-16 15:31:40.732,393,13983.3
2025-11-16 15:31:40.732,394,14083.04
2025-11-16 15:31:40.732,395,14068.74
2025-11-16 15:31:40.732,396,14198.04
2025-11-16 15:31:40.732,397,14126.04
2025-11-16 15:31:40.732,398,14850.61
2025-11-16 15:31:40.732,399,14126.04
2025-11-16 15:31:40.732,400,16014.12
2025-11-16 15:31:40.732,401,15347.64
2025-11-16 15:31:40.732,402,16165.12
2025-11-16 15:31:40.732,403,16249.76
2025-11-16 15:31:40.732,404,16283.77
2025-11-16 15:31:40.732,405,17054.83
2025-11-16 15:31:40.732,406,15300.2
2025-11-16 15:31:40.732,407,17309.7
2025-11-16 15:31:40.732,408,15539.16
2025-11-16 15:31:40.732,409,15749.92
2025-11-16 15:31:40.732,410,17795.93
2025-11-16 15:31:40.732,411,16215.84
2025-11-16 15:31:40.732,412,16352.05
2025-11-16 15:31:40.732,413,16014.12
2025-11-16 15:31:40.732,414,15881.35
2025-11-16 15:31:40.732,415,16182.0
2025-11-16 15:31:40.732,416,38291.07
2025-11-16 15:31:40.732,417,16911.3
2025-11-16 15:31:40.732,418,17569.39
2025-11-16 15:31:40.732,419,15947.57
2025-11-16 15:31:40.732,420,16198.91
2025-11-16 15:31:40.732,421,18862.97
2025-11-16 15:31:40.732,422,19406.36
2025-11-16 15:31:40.732,423,24645.8
2025-11-16 15:31:40.732,424,177764.91
2025-11-16 15:31:40.732,425,26610.43
2025-11-16 15:31:40.732,426,42590.57
2025-11-16 15:31:40.732,427,15799.05
2025-11-16 15:31:40.732,428,50110.29
2025-11-16 15:31:40.732,429,110345.59
2025-11-16 15:31:40.732,430,46061.56
2025-11-16 15:31:40.732,431,46061.56
2025-11-16 15:31:40.732,432,14911.68
2025-11-16 15:31:40.732,433,14805.01
2025-11-16 15:31:40.732,434,14140.4
2025-11-16 15:31:40.732,435,14684.21
2025-11-16 15:31:40.732,436,13702.81
2025-11-16 15:31:40.732,437,14040.19
2025-11-16 15:31:40.732,438,13647.49
2025-11-16 15:31:40.732,439,13702.81
2025-11-16 15:31:40.732,440,13675.12
2025-11-16 15:31:40.732,441,13675.12
2025-11-16 15:31:40.732,442,13828.22
2025-11-16 15:31:40.732,443,13758.38
2025-11-16 15:31:40.732,444,13842.23
2025-11-16 15:31:40.732,445,13772.32
2025-11-16 15:31:40.732,446,14416.64
2025-11-16 15:31:40.732,447,13870.31
2025-11-16 15:31:40.732,448,15555.25
2025-11-16 15:31:40.732,449,14835.39
2025-11-16 15:31:40.732,450,15587.49
2025-11-16 15:31:40.732,451,15749.92
2025-11-16 15:31:40.732,452,15815.47
2025-11-16 15:31:40.732,453,16455.14
2025-11-16 15:31:40.732,454,14896.38
2025-11-16 15:31:40.732,455,16751.64
2025-11-16 15:31:40.732,456,14624.25
2025-11-16 15:31:40.732,457,15190.2
2025-11-16 15:31:40.732,458,17127.16
2025-11-16 15:31:40.732,459,15652.22
2025-11-16 15:31:40.732,460,15603.64
2025-11-16 15:31:40.732,461,15427.09
2025-11-16 15:31:40.732,462,15523.09
2025-11-16 15:31:40.732,463,15749.92
2025-11-16 15:31:40.732,464,37227.6
2025-11-16 15:31:40.732,465,16317.87
2025-11-16 15:31:40.732,466,16911.3
2025-11-16 15:31:40.732,467,15491.01
2025-11-16 15:31:40.732,468,15652.22
2025-11-16 15:31:40.732,469,18045.56
2025-11-16 15:31:40.732,470,18618.86
2025-11-16 15:31:40.732,471,23754.24
2025-11-16 15:31:40.732,472,178630.77
2025-11-16 15:31:40.732,473,25215.81
2025-11-16 15:31:40.732,474,40630.89
2025-11-16 15:31:40.732,475,15143.35
2025-11-16 15:31:40.732,476,48305.81
2025-11-16 15:31:40.732,477,107576.14
2025-11-16 15:31:40.732,478,44054.89
2025-11-16 15:31:40.732,479,44054.89
2025-11-16 15:31:40.732,480,14564.57
2025-11-16 15:31:40.732,481,14299.57
2025-11-16 15:31:40.732,482,13716.68
2025-11-16 15:31:40.732,483,14183.61
2025-11-16 15:31:40.732,484,13280.71
2025-11-16 15:31:40.732,485,13442.32
2025-11-16 15:31:40.732,486,13254.0
2025-11-16 15:31:40.732,487,13401.71
2025-11-16 15:31:40.732,488,13294.1
2025-11-16 15:31:40.732,489,13254.0
2025-11-16 15:31:40.732,490,13428.77
2025-11-16 15:31:40.732,491,13214.03
2025-11-16 15:31:40.732,492,13428.77
2025-11-16 15:31:40.732,493,13334.34
2025-11-16 15:31:40.732,494,14212.49
2025-11-16 15:31:40.732,495,13510.31
2025-11-16 15:31:40.732,496,15300.2
2025-11-16 15:31:40.732,497,14774.7
2025-11-16 15:31:40.732,498,15395.25
2025-11-16 15:31:40.732,499,15507.04
2025-11-16 15:31:40.732,500,15507.04
2025-11-16 15:31:40.732,501,16114.59
2025-11-16 15:31:40.732,502,14387.27
2025-11-16 15:31:40.732,503,16420.69
2025-11-16 15:31:40.732,504,14669.19
2025-11-16 15:31:40.732,505,14774.7
2025-11-16 15:31:40.732,506,16947.04
2025-11-16 15:31:40.732,507,15523.09
2025-11-16 15:31:40.732,508,15555.25
2025-11-16 15:31:40.732,509,15081.15
2025-11-16 15:31:40.732,510,15096.68
2025-11-16 15:31:40.732,511,15395.25
2025-11-16 15:31:40.732,512,36473.41
2025-11-16 15:31:40.732,513,16064.26
2025-11-16 15:31:40.732,514,16698.84
2025-11-16 15:31:40.732,515,15331.81
2025-11-16 15:31:40.732,516,15539.16
2025-11-16 15:31:40.732,517,18162.29
2025-11-16 15:31:40.732,518,18458.39
2025-11-16 15:31:40.732,519,23642.52
2025-11-16 15:31:40.732,520,173552.13
2025-11-16 15:31:40.732,521,25276.9
2025-11-16 15:31:40.732,522,41267.73
2025-11-16 15:31:40.732,523,15112.21
2025-11-16 15:31:40.732,524,48139.58
2025-11-16 15:31:40.732,525,107576.14
2025-11-16 15:31:40.732,526,44561.25
2025-11-16 15:31:40.732,527,44561.25
2025-11-16 15:31:40.732,528,14624.25
2025-11-16 15:31:40.732,529,14549.7
2025-11-16 15:31:40.732,530,13898.46
2025-11-16 15:31:40.732,531,14299.57
2025-11-16 15:31:40.732,532,13334.34
2025-11-16 15:31:40.732,533,13647.49
2025-11-16 15:31:40.732,534,13374.71
2025-11-16 15:31:40.732,535,13483.07
2025-11-16 15:31:40.732,536,13483.07
2025-11-16 15:31:40.732,537,13374.71
2025-11-16 15:31:40.732,538,13401.71
2025-11-16 15:31:40.732,539,13401.71
2025-11-16 15:31:40.732,540,13483.07
2025-11-16 15:31:40.732,541,13483.07
2025-11-16 15:31:40.732,542,14534.84
2025-11-16 15:31:40.732,543,13730.56
2025-11-16 15:31:40.732,544,15523.09
2025-11-16 15:31:40.732,545,14744.46
2025-11-16 15:31:40.732,546,15491.01
2025-11-16 15:31:40.732,547,15587.49
2025-11-16 15:31:40.732,548,15587.49
2025-11-16 15:31:40.732,549,16182.0
2025-11-16 15:31:40.732,550,14654.19
2025-11-16 15:31:40.732,551,16716.42
2025-11-16 15:31:40.732,552,14926.99
2025-11-16 15:31:40.732,553,14896.38
2025-11-16 15:31:40.732,554,17054.83
2025-11-16 15:31:40.732,555,15749.92
2025-11-16 15:31:40.732,556,15379.36
2025-11-16 15:31:40.732,557,15347.64
2025-11-16 15:31:40.732,558,15268.68
2025-11-16 15:31:40.732,559,15587.49
2025-11-16 15:31:40.732,560,36955.46
2025-11-16 15:31:40.732,561,16114.59
2025-11-16 15:31:40.732,562,16751.64
2025-11-16 15:31:40.732,563,15363.49
2025-11-16 15:31:40.732,564,15652.22
2025-11-16 15:31:40.732,565,18221.02
2025-11-16 15:31:40.732,566,18538.4
2025-11-16 15:31:40.732,567,23642.52
2025-11-16 15:31:40.732,568,178630.77
2025-11-16 15:31:40.732,569,25585.55
2025-11-16 15:31:40.732,570,41332.29
2025-11-16 15:31:40.732,571,15143.35
2025-11-16 15:31:40.732,572,48473.0
2025-11-16 15:31:40.732,573,107576.14
2025-11-16 15:31:40.732,574,44707.67
2025-11-16 15:31:40.732,575,44707.67
2025-11-16 15:31:40.732,576,14520.01
2025-11-16 15:31:40.732,577,14372.61
2025-11-16 15:31:40.732,578,13730.56
2025-11-16 15:31:40.732,579,14328.73
2025-11-16 15:31:40.732,580,13320.91
2025-11-16 15:31:40.732,581,13688.95
2025-11-16 15:31:40.732,582,13374.71
2025-11-16 15:31:40.732,583,13428.77
2025-11-16 15:31:40.732,584,13334.34
2025-11-16 15:31:40.732,585,13254.0
2025-11-16 15:31:40.732,586,13388.2
2025-11-16 15:31:40.732,587,13320.91
2025-11-16 15:31:40.732,588,13401.71
2025-11-16 15:31:40.732,589,13320.91
2025-11-16 15:31:40.732,590,14198.04
2025-11-16 15:31:40.732,591,13592.43
2025-11-16 15:31:40.732,592,15237.23
2025-11-16 15:31:40.732,593,14744.46
2025-11-16 15:31:40.732,594,15174.57
2025-11-16 15:31:40.732,595,15347.64
2025-11-16 15:31:40.732,596,15395.25
2025-11-16 15:31:40.732,597,16064.26
2025-11-16 15:31:40.732,598,14241.45
2025-11-16 15:31:40.732,599,16215.84
2025-11-16 15:31:40.732,600,14594.37
2025-11-16 15:31:40.732,601,14684.21
2025-11-16 15:31:40.732,602,16751.64
2025-11-16 15:31:40.732,603,15331.81
2025-11-16 15:31:40.732,604,15268.68
2025-11-16 15:31:40.732,605,14850.61
2025-11-16 15:31:40.732,606,14865.85
2025-11-16 15:31:40.732,607,14564.57
2025-11-16 15:31:40.732,608,36157.48
2025-11-16 15:31:40.732,609,15491.01
2025-11-16 15:31:40.732,610,16455.14
2025-11-16 15:31:40.732,611,15143.35
2025-11-16 15:31:40.732,612,15411.16
2025-11-16 15:31:40.732,613,18260.31
2025-11-16 15:31:40.732,614,17910.59
2025-11-16 15:31:40.732,615,23421.27
2025-11-16 15:31:40.732,616,168739.63
2025-11-16 15:31:40.732,617,24973.54
2025-11-16 15:31:40.732,618,40505.41
2025-11-16 15:31:40.732,619,14805.01
2025-11-16 15:31:40.732,620,47001.92
2025-11-16 15:31:40.732,621,105255.28
2025-11-16 15:31:40.732,622,43277.87
2025-11-16 15:31:40.732,623,43277.87
2025-11-16 15:31:40.732,624,14416.64
2025-11-16 15:31:40.732,625,14505.19
2025-11-16 15:31:40.732,626,13842.23
2025-11-16 15:31:40.732,627,14299.57
2025-11-16 15:31:40.732,628,13160.96
2025-11-16 15:31:40.732,629,13442.32
2025-11-16 15:31:40.732,630,13320.91
2025-11-16 15:31:40.732,631,13320.91
2025-11-16 15:31:40.732,632,13240.66
2025-11-16 15:31:40.732,633,13254.0
2025-11-16 15:31:40.732,634,13455.89
2025-11-16 15:31:40.732,635,13267.35
2025-11-16 15:31:40.732,636,13294.1
2025-11-16 15:31:40.732,637,13388.2
2025-11-16 15:31:40.732,638,14198.04
2025-11-16 15:31:40.732,639,13428.77
2025-11-16 15:31:40.732,640,15237.23
2025-11-16 15:31:40.732,641,14639.21
2025-11-16 15:31:40.732,642,15174.57
2025-11-16 15:31:40.732,643,15523.09
2025-11-16 15:31:40.732,644,15395.25
2025-11-16 15:31:40.732,645,16114.59
2025-11-16 15:31:40.732,646,14534.84
2025-11-16 15:31:40.732,647,16352.05
2025-11-16 15:31:40.732,648,14744.46
2025-11-16 15:31:40.732,649,14881.11
2025-11-16 15:31:40.732,650,16875.66
2025-11-16 15:31:40.732,651,15555.25
2025-11-16 15:31:40.732,652,15363.49
2025-11-16 15:31:40.732,653,15081.15
2025-11-16 15:31:40.732,654,15143.35
2025-11-16 15:31:40.732,655,15268.68
2025-11-16 15:31:40.732,656,36105.25
2025-11-16 15:31:40.732,657,15914.42
2025-11-16 15:31:40.732,658,16352.05
2025-11-16 15:31:40.732,659,15300.2
2025-11-16 15:31:40.732,660,15555.25
2025-11-16 15:31:40.732,661,18162.29
2025-11-16 15:31:40.732,662,18498.34
2025-11-16 15:31:40.732,663,23698.29
2025-11-16 15:31:40.732,664,175214.38
2025-11-16 15:31:40.732,665,25215.81
2025-11-16 15:31:40.732,666,41203.32
2025-11-16 15:31:40.732,667,14896.38
2025-11-16 15:31:40.732,668,47322.41
2025-11-16 15:31:40.732,669,106570.16
2025-11-16 15:31:40.732,670,44126.66
2025-11-16 15:31:40.732,671,44126.66
2025-11-16 15:31:40.732,672,14314.14
2025-11-16 15:31:40.732,673,14270.47
2025-11-16 15:31:40.732,674,13702.81
2025-11-16 15:31:40.732,675,14083.04
2025-11-16 15:31:40.732,676,13401.71
2025-11-16 15:31:40.732,677,13675.12
2025-11-16 15:31:40.732,678,13455.89
2025-11-16 15:31:40.732,679,13442.32
2025-11-16 15:31:40.732,680,13469.47
2025-11-16 15:31:40.732,681,13388.2
2025-11-16 15:31:40.732,682,13483.07
2025-11-16 15:31:40.732,683,13483.07
2025-11-16 15:31:40.732,684,13496.68
2025-11-16 15:31:40.732,685,13455.89
2025-11-16 15:31:40.732,686,14387.27
2025-11-16 15:31:40.732,687,13675.12
2025-11-16 15:31:40.732,688,15331.81
2025-11-16 15:31:40.732,689,14774.7
2025-11-16 15:31:40.732,690,15523.09
2025-11-16 15:31:40.732,691,15587.49
2025-11-16 15:31:40.732,692,15766.28
2025-11-16 15:31:40.732,693,16317.87
2025-11-16 15:31:40.732,694,14684.21
2025-11-16 15:31:40.732,695,16698.84
2025-11-16 15:31:40.732,696,15019.26
2025-11-16 15:31:40.732,697,15081.15
2025-11-16 15:31:40.732,698,17254.68
2025-11-16 15:31:40.732,699,15749.92
2025-11-16 15:31:40.732,700,15587.49
2025-11-16 15:31:40.732,701,15427.09
2025-11-16 15:31:40.732,702,15491.01
2025-11-16 15:31:40.732,703,15587.49
2025-11-16 15:31:40.732,704,37118.37
2025-11-16 15:31:40.732,705,16386.33
2025-11-16 15:31:40.732,706,17000.83
2025-11-16 15:31:40.732,707,15603.64
2025-11-16 15:31:40.732,708,15799.05
2025-11-16 15:31:40.732,709,18598.7
2025-11-16 15:31:40.732,710,18740.4
2025-11-16 15:31:40.732,711,23810.38
2025-11-16 15:31:40.732,712,175214.38
2025-11-16 15:31:40.732,713,25647.93
2025-11-16 15:31:40.732,714,41723.1
2025-11-16 15:31:40.732,715,15205.86
2025-11-16 15:31:40.732,716,48305.81
2025-11-16 15:31:40.732,717,107238.9
2025-11-16 15:31:40.732,718,44854.87
2025-11-16 15:31:40.732,719,44854.87
2025-11-16 15:31:40.732,720,14534.84
2025-11-16 15:31:40.732,721,14416.64
2025-11-16 15:31:40.732,722,13969.12
2025-11-16 15:31:40.732,723,14357.96
2025-11-16 15:31:40.732,724,13496.68
2025-11-16 15:31:40.732,725,13716.68
2025-11-16 15:31:40.732,726,13619.93
2025-11-16 15:31:40.732,727,13647.49
2025-11-16 15:31:40.732,728,13647.49
2025-11-16 15:31:40.732,729,13483.07
2025-11-16 15:31:40.732,730,13483.07
2025-11-16 15:31:40.732,731,13619.93
2025-11-16 15:31:40.732,732,13633.7
2025-11-16 15:31:40.732,733,13592.43
2025-11-16 15:31:40.732,734,14431.36
2025-11-16 15:31:40.732,735,13647.49
2025-11-16 15:31:40.732,736,15427.09
2025-11-16 15:31:40.732,737,14850.61
2025-11-16 15:31:40.732,738,15507.04
2025-11-16 15:31:40.732,739,15619.82
2025-11-16 15:31:40.732,740,15507.04
2025-11-16 15:31:40.732,741,16283.77
2025-11-16 15:31:40.732,742,14744.46
2025-11-16 15:31:40.732,743,16455.14
2025-11-16 15:31:40.732,744,14865.85
2025-11-16 15:31:40.732,745,15019.26
2025-11-16 15:31:40.732,746,17036.8
2025-11-16 15:31:40.732,747,15684.7
2025-11-16 15:31:40.732,748,15555.25
2025-11-16 15:31:40.732,749,15363.49
2025-11-16 15:31:40.732,750,15284.43
2025-11-16 15:31:40.732,751,15619.82
2025-11-16 15:31:40.732,752,36579.68
2025-11-16 15:31:40.732,753,16283.77
2025-11-16 15:31:40.732,754,16875.66
2025-11-16 15:31:40.732,755,15571.36
2025-11-16 15:31:40.732,756,15684.7
2025-11-16 15:31:40.732,757,18458.39
2025-11-16 15:31:40.732,758,18339.21
2025-11-16 15:31:40.732,759,23866.7
2025-11-16 15:31:40.732,760,177764.91
2025-11-16 15:31:40.732,761,25554.44
2025-11-16 15:31:40.732,762,41526.96
2025-11-16 15:31:40.732,763,15331.81
2025-11-16 15:31:40.732,764,48139.58
2025-11-16 15:31:40.732,765,105255.28
2025-11-16 15:31:40.732,766,43769.74
2025-11-16 15:31:40.732,767,43769.74
2025-11-16 15:31:40.732,768,14835.39
2025-11-16 15:31:40.732,769,14805.01
2025-11-16 15:31:40.732,770,14140.4
2025-11-16 15:31:40.732,771,14624.25
2025-11-16 15:31:40.732,772,13510.31
2025-11-16 15:31:40.732,773,13926.67
2025-11-16 15:31:40.732,774,13688.95
2025-11-16 15:31:40.732,775,13675.12
2025-11-16 15:31:40.732,776,13758.38
2025-11-16 15:31:40.732,777,13702.81
2025-11-16 15:31:40.732,778,13842.23
2025-11-16 15:31:40.732,779,13730.56
2025-11-16 15:31:40.732,780,13758.38
2025-11-16 15:31:40.732,781,13510.31
2025-11-16 15:31:40.732,782,14328.73
2025-11-16 15:31:40.732,783,13744.46
2025-11-16 15:31:40.732,784,15619.82
2025-11-16 15:31:40.732,785,14957.67
2025-11-16 15:31:40.732,786,15347.64
2025-11-16 15:31:40.732,787,15782.65
2025-11-16 15:31:40.732,788,15749.92
2025-11-16 15:31:40.732,789,16386.33
2025-11-16 15:31:40.732,790,14881.11
2025-11-16 15:31:40.732,791,16769.29
2025-11-16 15:31:40.732,792,15158.95
2025-11-16 15:31:40.732,793,15190.2
2025-11-16 15:31:40.732,794,17272.99
2025-11-16 15:31:40.732,795,16014.12
2025-11-16 15:31:40.732,796,15881.35
2025-11-16 15:31:40.732,797,15571.36
2025-11-16 15:31:40.732,798,15523.09
2025-11-16 15:31:40.732,799,15897.87
2025-11-16 15:31:40.732,800,37118.37
2025-11-16 15:31:40.732,801,16734.02
2025-11-16 15:31:40.732,802,17218.13
2025-11-16 15:31:40.732,803,15881.35
2025-11-16 15:31:40.732,804,16047.52
2025-11-16 15:31:40.732,805,18699.77
2025-11-16 15:31:40.732,806,19132.14
2025-11-16 15:31:40.732,807,24237.42
2025-11-16 15:31:40.732,808,176906.95
2025-11-16 15:31:40.732,809,25994.93
2025-11-16 15:31:40.732,810,42320.58
2025-11-16 15:31:40.732,811,15619.82
2025-11-16 15:31:40.732,812,48810.25
2025-11-16 15:31:40.732,813,109291.9
2025-11-16 15:31:40.732,814,45226.35
2025-11-16 15:31:40.732,815,45226.35
2025-11-16 15:31:40.732,816,15081.15
2025-11-16 15:31:40.732,817,14896.38
2025-11-16 15:31:40.732,818,14183.61
2025-11-16 15:31:40.732,819,14744.46
2025-11-16 15:31:40.732,820,13870.31
2025-11-16 15:31:40.732,821,13954.95
2025-11-16 15:31:40.732,822,13828.22
2025-11-16 15:31:40.732,823,13870.31
2025-11-16 15:31:40.732,824,13926.67
2025-11-16 15:31:40.732,825,13870.31
2025-11-16 15:31:40.732,826,13926.67
2025-11-16 15:31:40.732,827,13926.67
2025-11-16 15:31:40.732,828,13983.3
2025-11-16 15:31:40.732,829,13884.38
2025-11-16 15:31:40.732,830,14564.57
2025-11-16 15:31:40.732,831,13983.3
2025-11-16 15:31:40.732,832,15782.65
2025-11-16 15:31:40.732,833,15050.17
2025-11-16 15:31:40.732,834,15684.7
2025-11-16 15:31:40.732,835,15815.47
2025-11-16 15:31:40.732,836,15619.82
2025-11-16 15:31:40.732,837,16215.84
2025-11-16 15:31:40.732,838,14835.39
2025-11-16 15:31:40.732,839,16911.3
2025-11-16 15:31:40.732,840,15300.2
2025-11-16 15:31:40.732,841,15284.43
2025-11-16 15:31:40.732,842,17531.99
2025-11-16 15:31:40.732,843,16081.01
2025-11-16 15:31:40.732,844,16047.52
2025-11-16 15:31:40.732,845,15815.47
2025-11-16 15:31:40.732,846,15799.05
2025-11-16 15:31:40.732,847,16081.01
2025-11-16 15:31:40.732,848,38463.37
2025-11-16 15:31:40.732,849,16840.11
2025-11-16 15:31:40.732,850,17309.7
2025-11-16 15:31:40.732,851,15947.57
2025-11-16 15:31:40.732,852,16182.0
2025-11-16 15:31:40.732,853,19111.26
2025-11-16 15:31:40.732,854,19153.06
2025-11-16 15:31:40.732,855,24469.6
2025-11-16 15:31:40.732,856,180386.63
2025-11-16 15:31:40.732,857,26283.89
2025-11-16 15:31:40.732,858,43557.83
2025-11-16 15:31:40.732,859,15668.45
2025-11-16 15:31:40.732,860,49845.72
2025-11-16 15:31:40.732,861,107915.35
2025-11-16 15:31:40.732,862,46061.56
2025-11-16 15:31:40.732,863,46061.56
2025-11-16 15:31:40.732,864,15491.01
2025-11-16 15:31:40.732,865,15331.81
2025-11-16 15:31:40.732,866,14579.46
2025-11-16 15:31:40.732,867,15081.15
2025-11-16 15:31:40.732,868,14068.74
2025-11-16 15:31:40.732,869,14520.01
2025-11-16 15:31:40.732,870,14126.04
2025-11-16 15:31:40.732,871,14299.57
2025-11-16 15:31:40.732,872,14169.19
2025-11-16 15:31:40.732,873,14154.79
2025-11-16 15:31:40.732,874,14299.57
2025-11-16 15:31:40.732,875,14212.49
2025-11-16 15:31:40.732,876,14372.61
2025-11-16 15:31:40.732,877,14212.49
2025-11-16 15:31:40.732,878,14881.11
2025-11-16 15:31:40.732,879,14212.49
2025-11-16 15:31:40.732,880,16081.01
2025-11-16 15:31:40.732,881,15174.57
2025-11-16 15:31:40.732,882,15749.92
2025-11-16 15:31:40.732,883,16198.91
2025-11-16 15:31:40.732,884,15619.82
2025-11-16 15:31:40.732,885,16628.76
2025-11-16 15:31:40.732,886,15300.2
2025-11-16 15:31:40.732,887,16911.3
2025-11-16 15:31:40.732,888,15363.49
2025-11-16 15:31:40.732,889,15379.36
2025-11-16 15:31:40.732,890,17720.0
2025-11-16 15:31:40.732,891,16215.84
2025-11-16 15:31:40.732,892,16148.25
2025-11-16 15:31:40.732,893,15897.87
2025-11-16 15:31:40.732,894,15914.42
2025-11-16 15:31:40.732,895,16215.84
2025-11-16 15:31:40.732,896,37558.35
2025-11-16 15:31:40.732,897,17000.83
2025-11-16 15:31:40.732,898,17494.69
2025-11-16 15:31:40.732,899,16047.52
2025-11-16 15:31:40.732,900,16283.77
2025-11-16 15:31:40.732,901,19069.58
2025-11-16 15:31:40.732,902,19363.84
2025-11-16 15:31:40.732,903,24498.84
2025-11-16 15:31:40.732,904,176906.95
2025-11-16 15:31:40.732,905,26479.11
2025-11-16 15:31:40.732,906,42658.5
2025-11-16 15:31:40.732,907,15914.42
2025-11-16 15:31:40.732,908,48895.18
2025-11-16 15:31:40.732,909,107915.35
2025-11-16 15:31:40.732,910,45602.89
2025-11-16 15:31:40.732,911,45602.89
2025-11-16 15:31:40.732,912,18458.39
2025-11-16 15:31:40.732,913,18378.83
2025-11-16 15:31:40.732,914,17272.99
2025-11-16 15:31:40.732,915,17929.79
2025-11-16 15:31:40.732,916,17218.13
2025-11-16 15:31:40.732,917,17272.99
2025-11-16 15:31:40.732,918,16840.11
2025-11-16 15:31:40.732,919,16947.04
2025-11-16 15:31:40.732,920,17054.83
2025-11-16 15:31:40.732,921,16875.66
2025-11-16 15:31:40.732,922,16947.04
2025-11-16 15:31:40.732,923,17036.8
2025-11-16 15:31:40.732,924,17127.16
2025-11-16 15:31:40.732,925,17018.8
2025-11-16 15:31:40.732,926,17569.39
2025-11-16 15:31:40.732,927,17054.83
2025-11-16 15:31:40.732,928,18822.0
2025-11-16 15:31:40.732,929,18162.29
2025-11-16 15:31:40.732,930,19028.03
2025-11-16 15:31:40.732,931,19363.84
2025-11-16 15:31:40.732,932,18760.76
2025-11-16 15:31:40.732,933,19664.09
2025-11-16 15:31:40.732,934,18064.95
2025-11-16 15:31:40.732,935,19174.0
2025-11-16 15:31:40.732,936,18181.84
2025-11-16 15:31:40.732,937,18378.83
2025-11-16 15:31:40.732,938,20834.94
2025-11-16 15:31:40.732,939,19534.67
2025-11-16 15:31:40.732,940,19470.38
2025-11-16 15:31:40.732,941,19111.26
2025-11-16 15:31:40.732,942,19028.03
2025-11-16 15:31:40.732,943,19513.2
2025-11-16 15:31:40.732,944,43557.83
2025-11-16 15:31:40.732,945,20193.28
2025-11-16 15:31:40.732,946,20881.81
2025-11-16 15:31:40.732,947,18862.97
2025-11-16 15:31:40.732,948,19385.09
2025-11-16 15:31:40.732,949,22616.81
2025-11-16 15:31:40.732,950,22854.06
2025-11-16 15:31:40.732,951,28699.64
2025-11-16 15:31:40.732,952,206594.58
2025-11-16 15:31:40.732,953,30876.0
2025-11-16 15:31:40.732,954,48980.34
2025-11-16 15:31:40.732,955,19111.26
2025-11-16 15:31:40.732,956,56693.92
2025-11-16 15:31:40.732,957,120737.61
2025-11-16 15:31:40.732,958,52600.88
2025-11-16 15:31:40.732,959,52600.88
2025-11-16 15:31:40.732,960,40820.27
2025-11-16 15:31:40.732,961,40630.89
2025-11-16 15:31:40.732,962,39887.21
2025-11-16 15:31:40.732,963,40380.55
2025-11-16 15:31:40.732,964,38811.68
2025-11-16 15:31:40.732,965,39704.69
2025-11-16 15:31:40.732,966,38695.02
2025-11-16 15:31:40.732,967,39403.42
2025-11-16 15:31:40.732,968,38753.28
2025-11-16 15:31:40.732,969,38695.02
2025-11-16 15:31:40.732,970,38578.92
2025-11-16 15:31:40.732,971,39165.01
2025-11-16 15:31:40.732,972,37837.53
2025-11-16 15:31:40.732,973,38578.92
2025-11-16 15:31:40.732,974,39523.48
2025-11-16 15:31:40.732,975,38578.92
2025-11-16 15:31:40.732,976,40756.99
2025-11-16 15:31:40.732,977,39343.6
2025-11-16 15:31:40.732,978,36157.48
2025-11-16 15:31:40.732,979,38811.68
2025-11-16 15:31:40.732,980,37669.63
2025-11-16 15:31:40.732,981,38348.37
2025-11-16 15:31:40.732,982,38695.02
2025-11-16 15:31:40.732,983,36686.43
2025-11-16 15:31:40.732,984,37172.92
2025-11-16 15:31:40.732,985,38006.61
2025-11-16 15:31:40.732,986,38811.68
2025-11-16 15:31:40.732,987,33776.39
2025-11-16 15:31:40.732,988,41075.0
2025-11-16 15:31:40.732,989,40505.41
2025-11-16 15:31:40.732,990,41267.73
2025-11-16 15:31:40.732,991,43983.32
2025-11-16 15:31:40.732,992,84035.92
2025-11-16 15:31:40.732,993,43840.75
2025-11-16 15:31:40.732,994,40883.72
2025-11-16 15:31:40.732,995,40132.67
2025-11-16 15:31:40.732,996,41788.82
2025-11-16 15:31:40.732,997,45301.25
2025-11-16 15:31:40.732,998,45226.35
2025-11-16 15:31:40.732,999,53182.58
2025-11-16 15:31:40.732,1000,395419.56
2025-11-16 15:31:40.732,1001,61860.94
2025-11-16 15:31:40.732,1002,94900.64
2025-11-16 15:31:40.732,1003,40820.27
2025-11-16 15:31:40.732,1004,100577.7
2025-11-16 15:31:40.732,1005,193656.09
2025-11-16 15:31:40.732,1006,99687.32
2025-11-16 15:31:40.732,1007,99687.32
2025-11-16 15:31:40.732,1008,55939.52
2025-11-16 15:31:40.732,1009,56153.31
2025-11-16 15:31:40.732,1010,56476.62
2025-11-16 15:31:40.732,1011,56912.64
2025-11-16 15:31:40.732,1012,53378.87
2025-11-16 15:31:40.732,1013,53084.88
2025-11-16 15:31:40.732,1014,53084.88
2025-11-16 15:31:40.732,1015,53378.87
2025-11-16 15:31:40.732,1016,52793.59
2025-11-16 15:31:40.732,1017,51841.71
2025-11-16 15:31:40.732,1018,54378.94
2025-11-16 15:31:40.732,1019,54378.94
2025-11-16 15:31:40.732,1020,52793.59
2025-11-16 15:31:40.732,1021,52793.59
2025-11-16 15:31:40.732,1022,54277.52
2025-11-16 15:31:40.732,1023,53378.87
2025-11-16 15:31:40.732,1024,56046.25
2025-11-16 15:31:40.732,1025,54075.63
2025-11-16 15:31:40.732,1026,47403.09
2025-11-16 15:31:40.732,1027,52793.59
2025-11-16 15:31:40.732,1028,45602.89
2025-11-16 15:31:40.732,1029,48641.14
2025-11-16 15:31:40.732,1030,51841.71
2025-11-16 15:31:40.732,1031,37502.91
2025-11-16 15:31:40.732,1032,50021.84
2025-11-16 15:31:40.732,1033,50199.01
2025-11-16 15:31:40.732,1034,48810.25
2025-11-16 15:31:40.732,1035,49670.62
2025-11-16 15:31:40.732,1036,52600.88
2025-11-16 15:31:40.732,1037,52029.78
2025-11-16 15:31:40.732,1038,52890.38
2025-11-16 15:31:40.732,1039,57354.41
2025-11-16 15:31:40.732,1040,102402.48
2025-11-16 15:31:40.732,1041,56476.62
2025-11-16 15:31:40.732,1042,48556.95
2025-11-16 15:31:40.732,1043,50287.98
2025-11-16 15:31:40.732,1044,53182.58
2025-11-16 15:31:40.732,1045,53975.16
2025-11-16 15:31:40.732,1046,52697.09
2025-11-16 15:31:40.732,1047,57354.41
2025-11-16 15:31:40.732,1048,489387.19
2025-11-16 15:31:40.732,1049,79896.98
2025-11-16 15:31:40.732,1050,112143.66
2025-11-16 15:31:40.732,1051,52600.88
2025-11-16 15:31:40.732,1052,136160.72
2025-11-16 15:31:40.732,1053,250766.73
2025-11-16 15:31:40.732,1054,118276.26
2025-11-16 15:31:40.732,1055,118276.26
2025-11-16 15:31:40.732,1056,43417.48
2025-11-16 15:31:40.732,1057,43983.32
2025-11-16 15:31:40.732,1058,42455.23
2025-11-16 15:31:40.732,1059,43769.74
2025-11-16 15:31:40.732,1060,41526.96
2025-11-16 15:31:40.732,1061,41920.75
2025-11-16 15:31:40.732,1062,41788.82
2025-11-16 15:31:40.732,1063,41267.73
2025-11-16 15:31:40.732,1064,41526.96
2025-11-16 15:31:40.732,1065,40693.86
2025-11-16 15:31:40.732,1066,41267.73
2025-11-16 15:31:40.732,1067,41267.73
2025-11-16 15:31:40.732,1068,41526.96
2025-11-16 15:31:40.732,1069,40756.99
2025-11-16 15:31:40.732,1070,41657.55
2025-11-16 15:31:40.732,1071,41267.73
2025-11-16 15:31:40.732,1072,42590.57
2025-11-16 15:31:40.732,1073,41461.9
2025-11-16 15:31:40.732,1074,33823.5
2025-11-16 15:31:40.732,1075,41526.96
2025-11-16 15:31:40.732,1076,32320.6
2025-11-16 15:31:40.732,1077,32900.21
2025-11-16 15:31:40.732,1078,40693.86
2025-11-16 15:31:40.732,1079,34252.03
2025-11-16 15:31:40.732,1080,35285.2
2025-11-16 15:31:40.732,1081,38695.02
2025-11-16 15:31:40.732,1082,35640.36
2025-11-16 15:31:40.732,1083,37893.76
2025-11-16 15:31:40.732,1084,40256.3
2025-11-16 15:31:40.732,1085,41139.08
2025-11-16 15:31:40.732,1086,40883.72
2025-11-16 15:31:40.732,1087,45151.65
2025-11-16 15:31:40.732,1088,84909.8
2025-11-16 15:31:40.732,1089,45754.95
2025-11-16 15:31:40.732,1090,41397.01
2025-11-16 15:31:40.732,1091,40630.89
2025-11-16 15:31:40.732,1092,41657.55
2025-11-16 15:31:40.732,1093,45831.29
2025-11-16 15:31:40.732,1094,43698.91
2025-11-16 15:31:40.732,1095,49151.41
2025-11-16 15:31:40.732,1096,403612.41
2025-11-16 15:31:40.732,1097,64483.38
2025-11-16 15:31:40.732,1098,91512.71
2025-11-16 15:31:40.732,1099,42253.52
2025-11-16 15:31:40.732,1100,113248.5
2025-11-16 15:31:40.732,1101,223932.14
2025-11-16 15:31:40.732,1102,102094.18
2025-11-16 15:31:40.732,1103,102094.18
2025-11-16 15:31:40.732,1104,57577.48
2025-11-16 15:31:40.732,1105,55833.13
2025-11-16 15:31:40.732,1106,55939.52
2025-11-16 15:31:40.732,1107,57577.48
2025-11-16 15:31:40.732,1108,55201.96
2025-11-16 15:31:40.732,1109,55621.39
2025-11-16 15:31:40.732,1110,55097.93
2025-11-16 15:31:40.732,1111,56476.62
2025-11-16 15:31:40.732,1112,56153.31
2025-11-16 15:31:40.732,1113,54582.74
2025-11-16 15:31:40.732,1114,55833.13
2025-11-16 15:31:40.732,1115,55621.39
2025-11-16 15:31:40.732,1116,55621.39
2025-11-16 15:31:40.732,1117,55727.09
2025-11-16 15:31:40.732,1118,56912.64
2025-11-16 15:31:40.732,1119,55621.39
2025-11-16 15:31:40.732,1120,57914.87
2025-11-16 15:31:40.732,1121,55621.39
2025-11-16 15:31:40.732,1122,48980.34
2025-11-16 15:31:40.732,1123,55201.96
2025-11-16 15:31:40.732,1124,52793.59
2025-11-16 15:31:40.732,1125,52987.48
2025-11-16 15:31:40.732,1126,56046.25
2025-11-16 15:31:40.732,1127,50466.71
2025-11-16 15:31:40.732,1128,49065.75
2025-11-16 15:31:40.732,1129,53378.87
2025-11-16 15:31:40.732,1130,49670.62
2025-11-16 15:31:40.732,1131,53378.87
2025-11-16 15:31:40.732,1132,51654.79
2025-11-16 15:31:40.732,1133,54378.94
2025-11-16 15:31:40.732,1134,53477.48
2025-11-16 15:31:40.732,1135,60132.29
2025-11-16 15:31:40.732,1136,103337.61
2025-11-16 15:31:40.732,1137,59772.61
2025-11-16 15:31:40.732,1138,53182.58
2025-11-16 15:31:40.732,1139,51748.12
2025-11-16 15:31:40.732,1140,55621.39
2025-11-16 15:31:40.732,1141,61860.94
2025-11-16 15:31:40.732,1142,56476.62
2025-11-16 15:31:40.732,1143,65586.65
2025-11-16 15:31:40.732,1144,543388.5
2025-11-16 15:31:40.732,1145,86251.47
2025-11-16 15:31:40.732,1146,121579.19
2025-11-16 15:31:40.732,1147,56912.64
2025-11-16 15:31:40.732,1148,154372.98
2025-11-16 15:31:40.732,1149,297844.91
2025-11-16 15:31:40.732,1150,142710.81
2025-11-16 15:31:40.732,1151,142710.81
2025-11-16 15:31:40.732,1152,86478.77
2025-11-16 15:31:40.732,1153,89051.75
2025-11-16 15:31:40.732,1154,90021.7
2025-11-16 15:31:40.732,1155,89777.44
2025-11-16 15:31:40.732,1156,86251.47
2025-11-16 15:31:40.732,1157,86707.14
2025-11-16 15:31:40.732,1158,87398.81
2025-11-16 15:31:40.732,1159,88336.55
2025-11-16 15:31:40.732,1160,85352.86
2025-11-16 15:31:40.732,1161,85352.86
2025-11-16 15:31:40.732,1162,86251.47
2025-11-16 15:31:40.732,1163,85352.86
2025-11-16 15:31:40.732,1164,81508.11
2025-11-16 15:31:40.732,1165,84035.92
2025-11-16 15:31:40.732,1166,86251.47
2025-11-16 15:31:40.732,1167,84909.8
2025-11-16 15:31:40.732,1168,90513.82
2025-11-16 15:31:40.732,1169,86478.77
2025-11-16 15:31:40.732,1170,79112.48
2025-11-16 15:31:40.732,1171,86936.61
2025-11-16 15:31:40.732,1172,83604.98
2025-11-16 15:31:40.732,1173,86936.61
2025-11-16 15:31:40.732,1174,88812.2
2025-11-16 15:31:40.732,1175,85352.86
2025-11-16 15:31:40.732,1176,81508.11
2025-11-16 15:31:40.732,1177,78725.33
2025-11-16 15:31:40.732,1178,84035.92
2025-11-16 15:31:40.732,1179,84909.8
2025-11-16 15:31:40.732,1180,73981.77
2025-11-16 15:31:40.732,1181,82754.82
2025-11-16 15:31:40.732,1182,74678.3
2025-11-16 15:31:40.732,1183,90513.82
2025-11-16 15:31:40.732,1184,142710.81
2025-11-16 15:31:40.732,1185,86478.77
2025-11-16 15:31:40.732,1186,75030.93
2025-11-16 15:31:40.732,1187,71631.49
2025-11-16 15:31:40.732,1188,75030.93
2025-11-16 15:31:40.732,1189,87631.56
2025-11-16 15:31:40.732,1190,64893.32
2025-11-16 15:31:40.732,1191,74678.3
2025-11-16 15:31:40.732,1192,734602.25
2025-11-16 15:31:40.732,1193,123295.2
2025-11-16 15:31:40.732,1194,153715.0
2025-11-16 15:31:40.732,1195,74678.3
2025-11-16 15:31:40.732,1196,213700.14
2025-11-16 15:31:40.732,1197,399475.0
2025-11-16 15:31:40.732,1198,192647.28
2025-11-16 15:31:40.732,1199,192647.28
2025-11-16 15:31:40.732,1200,334076.69
2025-11-16 15:31:40.732,1201,317555.0
2025-11-16 15:31:40.732,1202,317555.0
2025-11-16 15:31:40.732,1203,322883.13
2025-11-16 15:31:40.732,1204,312394.69
2025-11-16 15:31:40.732,1205,312394.69
2025-11-16 15:31:40.732,1206,264774.34
2025-11-16 15:31:40.732,1207,312394.69
2025-11-16 15:31:40.732,1208,328387.41
2025-11-16 15:31:40.732,1209,288853.09
2025-11-16 15:31:40.732,1210,293282.41
2025-11-16 15:31:40.732,1211,312394.69
2025-11-16 15:31:40.732,1212,268514.44
2025-11-16 15:31:40.732,1213,268514.44
2025-11-16 15:31:40.732,1214,270422.94
2025-11-16 15:31:40.732,1215,284551.28
2025-11-16 15:31:40.732,1216,288853.09
2025-11-16 15:31:40.732,1217,293282.41
2025-11-16 15:31:40.732,1218,247485.06
2025-11-16 15:31:40.732,1219,255849.03
2025-11-16 15:31:40.732,1220,272357.75
2025-11-16 15:31:40.732,1221,257587.41
2025-11-16 15:31:40.732,1222,255849.03
2025-11-16 15:31:40.732,1223,254133.06
2025-11-16 15:31:40.732,1224,266631.75
2025-11-16 15:31:40.732,1225,257587.41
2025-11-16 15:31:40.732,1226,284551.28
2025-11-16 15:31:40.732,1227,284551.28
2025-11-16 15:31:40.732,1228,270422.94
2025-11-16 15:31:40.732,1229,261133.28
2025-11-16 15:31:40.732,1230,257587.41
2025-11-16 15:31:40.732,1231,276308.56
2025-11-16 15:31:40.732,1232,455329.53
2025-11-16 15:31:40.732,1233,317555.0
2025-11-16 15:31:40.732,1234,264774.34
2025-11-16 15:31:40.732,1235,250766.73
2025-11-16 15:31:40.732,1236,312394.69
2025-11-16 15:31:40.732,1237,336993.63
2025-11-16 15:31:40.732,1238,325612.69
2025-11-16 15:31:40.732,1239,430305.09
2025-11-16 15:31:40.732,1240,430305.09
2025-11-16 15:31:40.732,1241,430305.09
2025-11-16 15:31:40.732,1242,471757.34
2025-11-16 15:31:40.732,1243,322883.13
2025-11-16 15:31:40.732,1244,708471.5
2025-11-16 15:31:40.732,1245,583498.19
2025-11-16 15:31:40.732,1246,583498.19
2025-11-16 15:31:40.732,1247,583498.19
2025-11-16 15:31:40.732,1248,113621.23
2025-11-16 15:31:40.732,1249,110345.59
2025-11-16 15:31:40.732,1250,104288.4
2025-11-16 15:31:40.732,1251,109291.9
2025-11-16 15:31:40.732,1252,109291.9
2025-11-16 15:31:40.732,1253,108599.64
2025-11-16 15:31:40.732,1254,109291.9
2025-11-16 15:31:40.732,1255,108599.64
2025-11-16 15:31:40.732,1256,110345.59
2025-11-16 15:31:40.732,1257,108599.64
2025-11-16 15:31:40.732,1258,109291.9
2025-11-16 15:31:40.732,1259,107238.9
2025-11-16 15:31:40.732,1260,109641.09
2025-11-16 15:31:40.732,1261,109291.9
2025-11-16 15:31:40.732,1262,112143.66
2025-11-16 15:31:40.732,1263,104608.9
2025-11-16 15:31:40.732,1264,111058.42
2025-11-16 15:31:40.732,1265,107576.14
2025-11-16 15:31:40.732,1266,94098.91
2025-11-16 15:31:40.732,1267,88573.8
2025-11-16 15:31:40.732,1268,110700.96
2025-11-16 15:31:40.732,1269,107915.35
2025-11-16 15:31:40.732,1270,110700.96
2025-11-16 15:31:40.732,1271,107238.9
2025-11-16 15:31:40.732,1272,107238.9
2025-11-16 15:31:40.732,1273,108599.64
2025-11-16 15:31:40.732,1274,115134.95
2025-11-16 15:31:40.732,1275,115905.77
2025-11-16 15:31:40.732,1276,107915.35
2025-11-16 15:31:40.732,1277,113996.21
2025-11-16 15:31:40.732,1278,107238.9
2025-11-16 15:31:40.732,1279,119086.36
2025-11-16 15:31:40.732,1280,203208.34
2025-11-16 15:31:40.732,1281,122431.63
2025-11-16 15:31:40.732,1282,119086.36
2025-11-16 15:31:40.732,1283,108599.64
2025-11-16 15:31:40.732,1284,108944.77
2025-11-16 15:31:40.732,1285,132592.78
2025-11-16 15:31:40.732,1286,126408.34
2025-11-16 15:31:40.732,1287,152414.69
2025-11-16 15:31:40.732,1288,173552.13
2025-11-16 15:31:40.732,1289,173552.13
2025-11-16 15:31:40.732,1290,226638.0
2025-11-16 15:31:40.732,1291,121157.05
2025-11-16 15:31:40.732,1292,291051.47
2025-11-16 15:31:40.732,1293,575017.88
2025-11-16 15:31:40.732,1294,272357.75
2025-11-16 15:31:40.732,1295,272357.75
2025-11-16 15:31:40.732,1296,56476.62
2025-11-16 15:31:40.732,1297,55621.39
2025-11-16 15:31:40.732,1298,54787.84
2025-11-16 15:31:40.732,1299,55201.96
2025-11-16 15:31:40.732,1300,53182.58
2025-11-16 15:31:40.732,1301,53378.87
2025-11-16 15:31:40.732,1302,53182.58
2025-11-16 15:31:40.732,1303,53975.16
2025-11-16 15:31:40.732,1304,53378.87
2025-11-16 15:31:40.732,1305,54378.94
2025-11-16 15:31:40.732,1306,53280.57
2025-11-16 15:31:40.732,1307,53477.48
2025-11-16 15:31:40.732,1308,54277.52
2025-11-16 15:31:40.732,1309,52987.48
2025-11-16 15:31:40.732,1310,54582.74
2025-11-16 15:31:40.732,1311,54582.74
2025-11-16 15:31:40.732,1312,56368.51
2025-11-16 15:31:40.732,1313,52504.97
2025-11-16 15:31:40.732,1314,51841.71
2025-11-16 15:31:40.732,1315,51654.79
2025-11-16 15:31:40.732,1316,54277.52
2025-11-16 15:31:40.732,1317,56693.92
2025-11-16 15:31:40.732,1318,52987.48
2025-11-16 15:31:40.732,1319,53576.4
2025-11-16 15:31:40.732,1320,52409.35
2025-11-16 15:31:40.732,1321,45907.83
2025-11-16 15:31:40.732,1322,55727.09
2025-11-16 15:31:40.732,1323,54685.13
2025-11-16 15:31:40.732,1324,50377.22
2025-11-16 15:31:40.732,1325,54787.84
2025-11-16 15:31:40.732,1326,48641.14
2025-11-16 15:31:40.732,1327,56585.1
2025-11-16 15:31:40.732,1328,89534.38
2025-11-16 15:31:40.732,1329,57354.41
2025-11-16 15:31:40.732,1330,55201.96
2025-11-16 15:31:40.732,1331,47484.0
2025-11-16 15:31:40.732,1332,47565.14
2025-11-16 15:31:40.732,1333,58947.51
2025-11-16 15:31:40.732,1334,49845.72
2025-11-16 15:31:40.732,1335,65867.58
2025-11-16 15:31:40.732,1336,495554.03
2025-11-16 15:31:40.732,1337,79896.98
2025-11-16 15:31:40.732,1338,103337.61
2025-11-16 15:31:40.732,1339,53084.88
2025-11-16 15:31:40.732,1340,136685.03
2025-11-16 15:31:40.732,1341,250766.73
2025-11-16 15:31:40.732,1342,115134.95
2025-11-16 15:31:40.732,1343,115134.95
2025-11-16 15:31:40.732,1344,29603.42
2025-11-16 15:31:40.732,1345,28996.3
2025-11-16 15:31:40.732,1346,28407.46
2025-11-16 15:31:40.732,1347,29071.17
2025-11-16 15:31:40.732,1348,27695.87
2025-11-16 15:31:40.732,1349,27906.57
2025-11-16 15:31:40.732,1350,27695.87
2025-11-16 15:31:40.732,1351,27906.57
2025-11-16 15:31:40.732,1352,27941.91
2025-11-16 15:31:40.732,1353,27043.79
2025-11-16 15:31:40.732,1354,27871.29
2025-11-16 15:31:40.732,1355,27977.33
2025-11-16 15:31:40.732,1356,27836.08
2025-11-16 15:31:40.732,1357,27836.08
2025-11-16 15:31:40.732,1358,28847.41
2025-11-16 15:31:40.732,1359,27977.33
2025-11-16 15:31:40.732,1360,29680.64
2025-11-16 15:31:40.732,1361,27977.33
2025-11-16 15:31:40.732,1362,28299.01
2025-11-16 15:31:40.732,1363,28847.41
2025-11-16 15:31:40.732,1364,29526.5
2025-11-16 15:31:40.732,1365,30631.22
2025-11-16 15:31:40.732,1366,28480.09
2025-11-16 15:31:40.732,1367,30631.22
2025-11-16 15:31:40.732,1368,28263.01
2025-11-16 15:31:40.732,1369,25647.93
2025-11-16 15:31:40.732,1370,31458.76
2025-11-16 15:31:40.732,1371,29411.68
2025-11-16 15:31:40.732,1372,28699.64
2025-11-16 15:31:40.732,1373,29526.5
2025-11-16 15:31:40.732,1374,27349.84
2025-11-16 15:31:40.732,1375,30429.46
2025-11-16 15:31:40.732,1376,57577.48
2025-11-16 15:31:40.732,1377,31458.76
2025-11-16 15:31:40.732,1378,30958.25
2025-11-16 15:31:40.732,1379,27836.08
2025-11-16 15:31:40.732,1380,27800.93
2025-11-16 15:31:40.732,1381,33870.7
2025-11-16 15:31:40.732,1382,30753.24
2025-11-16 15:31:40.732,1383,40756.99
2025-11-16 15:31:40.732,1384,268514.44
2025-11-16 15:31:40.732,1385,45754.95
2025-11-16 15:31:40.732,1386,65307.78
2025-11-16 15:31:40.732,1387,30189.96
2025-11-16 15:31:40.732,1388,82127.26
2025-11-16 15:31:40.732,1389,167961.95
2025-11-16 15:31:40.732,1390,71468.63
2025-11-16 15:31:40.732,1391,71468.63
2025-11-16 15:31:40.732,1392,33729.39
2025-11-16 15:31:40.732,1393,33403.16
2025-11-16 15:31:40.732,1394,32364.63
2025-11-16 15:31:40.732,1395,33310.84
2025-11-16 15:31:40.732,1396,31543.36
2025-11-16 15:31:40.732,1397,32014.92
2025-11-16 15:31:40.732,1398,31458.76
2025-11-16 15:31:40.732,1399,32320.6
2025-11-16 15:31:40.732,1400,32232.81
2025-11-16 15:31:40.732,1401,31928.39
2025-11-16 15:31:40.732,1402,32058.32
2025-11-16 15:31:40.732,1403,32232.81
2025-11-16 15:31:40.732,1404,32630.74
2025-11-16 15:31:40.732,1405,32586.16
2025-11-16 15:31:40.732,1406,33542.38
2025-11-16 15:31:40.732,1407,32145.38
2025-11-16 15:31:40.732,1408,34396.74
2025-11-16 15:31:40.732,1409,32101.8
2025-11-16 15:31:40.732,1410,32945.45
2025-11-16 15:31:40.732,1411,33495.87
2025-11-16 15:31:40.732,1412,34738.09
2025-11-16 15:31:40.732,1413,35845.82
2025-11-16 15:31:40.732,1414,33036.22
2025-11-16 15:31:40.732,1415,35897.47
2025-11-16 15:31:40.732,1416,33776.39
2025-11-16 15:31:40.732,1417,32586.16
2025-11-16 15:31:40.732,1418,37118.37
2025-11-16 15:31:40.732,1419,34935.51
2025-11-16 15:31:40.732,1420,33870.7
2025-11-16 15:31:40.732,1421,34396.74
2025-11-16 15:31:40.732,1422,33127.38
2025-11-16 15:31:40.732,1423,35234.91
2025-11-16 15:31:40.732,1424,66723.02
2025-11-16 15:31:40.732,1425,36686.43
2025-11-16 15:31:40.732,1426,36793.67
2025-11-16 15:31:40.732,1427,33588.98
2025-11-16 15:31:40.732,1428,33682.49
2025-11-16 15:31:40.732,1429,39523.48
2025-11-16 15:31:40.732,1430,38006.61
2025-11-16 15:31:40.732,1431,47728.11
2025-11-16 15:31:40.732,1432,331208.34
2025-11-16 15:31:40.732,1433,52600.88
2025-11-16 15:31:40.732,1434,78341.52
2025-11-16 15:31:40.732,1435,35335.6
2025-11-16 15:31:40.732,1436,94632.04
2025-11-16 15:31:40.732,1437,197793.8
2025-11-16 15:31:40.732,1438,89051.75
2025-11-16 15:31:40.732,1439,89051.75
2025-11-16 15:31:40.732,1440,37669.63
2025-11-16 15:31:40.732,1441,37447.59
2025-11-16 15:31:40.732,1442,36526.48
2025-11-16 15:31:40.732,1443,36739.99
2025-11-16 15:31:40.732,1444,35234.91
2025-11-16 15:31:40.732,1445,35845.82
2025-11-16 15:31:40.732,1446,35742.86
2025-11-16 15:31:40.732,1447,35742.86
2025-11-16 15:31:40.732,1448,34836.58
2025-11-16 15:31:40.732,1449,35234.91
2025-11-16 15:31:40.732,1450,35794.29
2025-11-16 15:31:40.732,1451,35335.6
2025-11-16 15:31:40.732,1452,36157.48
2025-11-16 15:31:40.732,1453,35742.86
2025-11-16 15:31:40.732,1454,37009.64
2025-11-16 15:31:40.732,1455,36157.48
2025-11-16 15:31:40.732,1456,38006.61
2025-11-16 15:31:40.732,1457,34542.39
2025-11-16 15:31:40.732,1458,35234.91
2025-11-16 15:31:40.732,1459,36001.13
2025-11-16 15:31:40.732,1460,37837.53
2025-11-16 15:31:40.732,1461,38405.8
2025-11-16 15:31:40.732,1462,36157.48
2025-11-16 15:31:40.732,1463,38348.37
2025-11-16 15:31:40.732,1464,36001.13
2025-11-16 15:31:40.732,1465,31416.58
2025-11-16 15:31:40.732,1466,39523.48
2025-11-16 15:31:40.732,1467,37118.37
2025-11-16 15:31:40.732,1468,35640.36
2025-11-16 15:31:40.732,1469,37447.59
2025-11-16 15:31:40.732,1470,33588.98
2025-11-16 15:31:40.732,1471,38063.23
2025-11-16 15:31:40.732,1472,66435.75
2025-11-16 15:31:40.732,1473,39765.37
2025-11-16 15:31:40.732,1474,38578.92
2025-11-16 15:31:40.732,1475,32765.05
2025-11-16 15:31:40.732,1476,33310.84
2025-11-16 15:31:40.732,1477,41920.75
2025-11-16 15:31:40.732,1478,32990.79
2025-11-16 15:31:40.732,1479,48473.0
2025-11-16 15:31:40.732,1480,346048.91
2025-11-16 15:31:40.732,1481,56368.51
2025-11-16 15:31:40.732,1482,73637.78
2025-11-16 15:31:40.732,1483,37118.37
2025-11-16 15:31:40.732,1484,99101.66
2025-11-16 15:31:40.732,1485,192647.28
2025-11-16 15:31:40.732,1486,89292.48
2025-11-16 15:31:40.732,1487,89292.48
2025-11-16 15:31:40.732,1488,28996.3
2025-11-16 15:31:40.732,1489,28443.74
2025-11-16 15:31:40.732,1490,27556.69
2025-11-16 15:31:40.732,1491,28227.06
2025-11-16 15:31:40.732,1492,26775.9
2025-11-16 15:31:40.732,1493,26544.65
2025-11-16 15:31:40.732,1494,26809.18
2025-11-16 15:31:40.732,1495,26875.9
2025-11-16 15:31:40.732,1496,26976.45
2025-11-16 15:31:40.732,1497,26742.69
2025-11-16 15:31:40.732,1498,26809.18
2025-11-16 15:31:40.732,1499,27145.25
2025-11-16 15:31:40.732,1500,27145.25
2025-11-16 15:31:40.732,1501,27077.54
2025-11-16 15:31:40.732,1502,27765.84
2025-11-16 15:31:40.732,1503,27145.25
2025-11-16 15:31:40.732,1504,29221.78
2025-11-16 15:31:40.732,1505,26413.8
2025-11-16 15:31:40.732,1506,27111.36
2025-11-16 15:31:40.732,1507,27591.39
2025-11-16 15:31:40.732,1508,29146.33
2025-11-16 15:31:40.732,1509,29603.42
2025-11-16 15:31:40.732,1510,27765.84
2025-11-16 15:31:40.732,1511,30150.32
2025-11-16 15:31:40.732,1512,27906.57
2025-11-16 15:31:40.732,1513,25523.39
2025-11-16 15:31:40.732,1514,30590.71
2025-11-16 15:31:40.732,1515,28553.0
2025-11-16 15:31:40.732,1516,27145.25
2025-11-16 15:31:40.732,1517,28921.71
2025-11-16 15:31:40.732,1518,25215.81
2025-11-16 15:31:40.732,1519,30110.76
2025-11-16 15:31:40.732,1520,52600.88
2025-11-16 15:31:40.732,1521,30309.35
2025-11-16 15:31:40.732,1522,30150.32
2025-11-16 15:31:40.732,1523,26610.43
2025-11-16 15:31:40.732,1524,26026.81
2025-11-16 15:31:40.732,1525,32855.06
2025-11-16 15:31:40.732,1526,29411.68
2025-11-16 15:31:40.732,1527,39165.01
2025-11-16 15:31:40.732,1528,272357.75
2025-11-16 15:31:40.732,1529,43840.75
2025-11-16 15:31:40.732,1530,58028.08
2025-11-16 15:31:40.732,1531,28480.09
2025-11-16 15:31:40.732,1532,78533.01
2025-11-16 15:31:40.732,1533,164172.88
2025-11-16 15:31:40.732,1534,70663.95
2025-11-16 15:31:40.732,1535,70663.95
2025-11-16 15:31:40.732,1536,25523.39
2025-11-16 15:31:40.732,1537,25523.39
2025-11-16 15:31:40.732,1538,25523.39
2025-11-16 15:31:40.732,1539,25523.39
2025-11-16 15:31:40.732,1540,25523.39
2025-11-16 15:31:40.732,1541,25523.39
2025-11-16 15:31:40.732,1542,25523.39
2025-11-16 15:31:40.732,1543,25523.39
2025-11-16 15:31:40.732,1544,25523.39
2025-11-16 15:31:40.732,1545,25523.39
2025-11-16 15:31:40.732,1546,25523.39
2025-11-16 15:31:40.732,1547,25523.39
2025-11-16 15:31:40.732,1548,25523.39
2025-11-16 15:31:40.732,1549,25523.39
2025-11-16 15:31:40.732,1550,25523.39
2025-11-16 15:31:40.732,1551,25523.39
2025-11-16 15:31:40.732,1552,25523.39
2025-11-16 15:31:40.732,1553,25523.39
2025-11-16 15:31:40.732,1554,25523.39
2025-11-16 15:31:40.732,1555,25523.39
2025-11-16 15:31:40.732,1556,25523.39
2025-11-16 15:31:40.732,1557,25523.39
2025-11-16 15:31:40.732,1558,25523.39
2025-11-16 15:31:40.732,1559,25523.39
2025-11-16 15:31:40.732,1560,25523.39
2025-11-16 15:31:40.732,1561,25523.39
2025-11-16 15:31:40.732,1562,25523.39
2025-11-16 15:31:40.732,1563,25523.39
2025-11-16 15:31:40.732,1564,25523.39
2025-11-16 15:31:40.732,1565,25523.39
2025-11-16 15:31:40.732,1566,25523.39
2025-11-16 15:31:40.732,1567,25523.39
2025-11-16 15:31:40.732,1568,25523.39
2025-11-16 15:31:40.732,1569,25523.39
2025-11-16 15:31:40.732,1570,25523.39
2025-11-16 15:31:40.732,1571,25523.39
2025-11-16 15:31:40.732,1572,25523.39
2025-11-16 15:31:40.732,1573,25523.39
2025-11-16 15:31:40.732,1574,25523.39
2025-11-16 15:31:40.732,1575,25523.39
2025-11-16 15:31:40.732,1576,25523.39
2025-11-16 15:31:40.732,1577,25523.39
2025-11-16 15:31:40.732,1578,25523.39
2025-11-16 15:31:40.732,1579,25523.39
2025-11-16 15:31:40.732,1580,25523.39
2025-11-16 15:31:40.732,1581,25523.39
2025-11-16 15:31:40.732,1582,25523.39
2025-11-16 15:31:40.732,1583,25523.39
2025-11-16 15:31:40.732,1584,25523.39
2025-11-16 15:31:40.732,1585,25094.26
2025-11-16 15:31:40.732,1586,24586.87
2025-11-16 15:31:40.732,1587,25033.8
2025-11-16 15:31:40.732,1588,23838.52
2025-11-16 15:31:40.732,1589,23421.27
2025-11-16 15:31:40.732,1590,23866.7
2025-11-16 15:31:40.732,1591,23923.21
2025-11-16 15:31:40.732,1592,24151.15
2025-11-16 15:31:40.732,1593,23866.7
2025-11-16 15:31:40.732,1594,23923.21
2025-11-16 15:31:40.732,1595,24151.15
2025-11-16 15:31:40.732,1596,24036.8
2025-11-16 15:31:40.732,1597,24036.8
2025-11-16 15:31:40.732,1598,25154.93
2025-11-16 15:31:40.732,1599,24208.61
2025-11-16 15:31:40.732,1600,26026.81
2025-11-16 15:31:40.732,1601,23838.52
2025-11-16 15:31:40.732,1602,23923.21
2025-11-16 15:31:40.732,1603,24324.12
2025-11-16 15:31:40.732,1604,26154.89
2025-11-16 15:31:40.732,1605,26643.4
2025-11-16 15:31:40.732,1606,24973.54
2025-11-16 15:31:40.732,1607,27145.25
2025-11-16 15:31:40.732,1608,25033.8
2025-11-16 15:31:40.732,1609,23698.29
2025-11-16 15:31:40.732,1610,27977.33
2025-11-16 15:31:40.732,1611,25836.37
2025-11-16 15:31:40.732,1612,24823.81
2025-11-16 15:31:40.732,1613,25963.11
2025-11-16 15:31:40.732,1614,23866.7
2025-11-16 15:31:40.732,1615,26316.28
2025-11-16 15:31:40.732,1616,50199.01
2025-11-16 15:31:40.732,1617,27695.87
2025-11-16 15:31:40.732,1618,27765.84
2025-11-16 15:31:40.732,1619,24734.57
2025-11-16 15:31:40.732,1620,24616.31
2025-11-16 15:31:40.732,1621,30389.34
2025-11-16 15:31:40.732,1622,28299.01
2025-11-16 15:31:40.732,1623,36901.41
2025-11-16 15:31:40.732,1624,264774.34
2025-11-16 15:31:40.732,1625,40883.72
2025-11-16 15:31:40.732,1626,57914.87
2025-11-16 15:31:40.732,1627,26413.8
2025-11-16 15:31:40.732,1628,74678.3
2025-11-16 15:31:40.732,1629,153062.25
2025-11-16 15:31:40.732,1630,69101.3
2025-11-16 15:31:40.732,1631,69101.3
2025-11-16 15:31:40.732,1632,24498.84
2025-11-16 15:31:40.732,1633,24324.12
2025-11-16 15:31:40.732,1634,23586.93
2025-11-16 15:31:40.732,1635,24179.86
2025-11-16 15:31:40.732,1636,22801.05
2025-11-16 15:31:40.732,1637,22616.81
2025-11-16 15:31:40.732,1638,22827.54
2025-11-16 15:31:40.732,1639,22933.92
2025-11-16 15:31:40.732,1640,22880.64
2025-11-16 15:31:40.732,1641,22616.81
2025-11-16 15:31:40.732,1642,22880.64
2025-11-16 15:31:40.732,1643,22933.92
2025-11-16 15:31:40.732,1644,22748.2
2025-11-16 15:31:40.732,1645,22305.72
2025-11-16 15:31:40.732,1646,23366.42
2025-11-16 15:31:40.732,1647,22827.54
2025-11-16 15:31:40.732,1648,24208.61
2025-11-16 15:31:40.732,1649,21900.02
2025-11-16 15:31:40.732,1650,22434.62
2025-11-16 15:31:40.732,1651,22512.45
2025-11-16 15:31:40.732,1652,24528.13
2025-11-16 15:31:40.732,1653,25064.0
2025-11-16 15:31:40.732,1654,23393.82
2025-11-16 15:31:40.732,1655,25492.39
2025-11-16 15:31:40.732,1656,23257.23
2025-11-16 15:31:40.732,1657,21166.06
2025-11-16 15:31:40.732,1658,25679.2
2025-11-16 15:31:40.732,1659,23754.24
2025-11-16 15:31:40.732,1660,18538.4
2025-11-16 15:31:40.732,1661,23866.7
2025-11-16 15:31:40.732,1662,17218.13
2025-11-16 15:31:40.732,1663,25064.0
2025-11-16 15:31:40.732,1664,41788.82
2025-11-16 15:31:40.732,1665,25523.39
2025-11-16 15:31:40.732,1666,24295.17
2025-11-16 15:31:40.732,1667,19491.78
2025-11-16 15:31:40.732,1668,16317.87
2025-11-16 15:31:40.732,1669,26875.9
2025-11-16 15:31:40.732,1670,23894.93
2025-11-16 15:31:40.732,1671,31670.92
2025-11-16 15:31:40.732,1672,252439.11
2025-11-16 15:31:40.732,1673,37893.76
2025-11-16 15:31:40.732,1674,48305.81
2025-11-16 15:31:40.732,1675,23642.52
2025-11-16 15:31:40.732,1676,68493.05
2025-11-16 15:31:40.732,1677,141578.7
2025-11-16 15:31:40.732,1678,62370.57
2025-11-16 15:31:40.732,1679,62370.57
2025-11-16 15:31:40.732,1680,33495.87
2025-11-16 15:31:40.732,1681,32900.21
2025-11-16 15:31:40.732,1682,32145.38
2025-11-16 15:31:40.732,1683,33588.98
2025-11-16 15:31:40.732,1684,31628.31
2025-11-16 15:31:40.732,1685,31543.36
2025-11-16 15:31:40.732,1686,31543.36
2025-11-16 15:31:40.732,1687,31885.26
2025-11-16 15:31:40.732,1688,31799.26
2025-11-16 15:31:40.732,1689,31458.76
2025-11-16 15:31:40.732,1690,31713.61
2025-11-16 15:31:40.732,1691,31713.61
2025-11-16 15:31:40.732,1692,31206.99
2025-11-16 15:31:40.732,1693,31543.36
2025-11-16 15:31:40.732,1694,32364.63
2025-11-16 15:31:40.732,1695,31585.79
2025-11-16 15:31:40.732,1696,33870.7
2025-11-16 15:31:40.732,1697,29071.17
2025-11-16 15:31:40.732,1698,31290.57
2025-11-16 15:31:40.732,1699,30712.49
2025-11-16 15:31:40.732,1700,34060.55
2025-11-16 15:31:40.732,1701,34542.39
2025-11-16 15:31:40.732,1702,31971.61
2025-11-16 15:31:40.732,1703,34542.39
2025-11-16 15:31:40.732,1704,32058.32
2025-11-16 15:31:40.732,1705,29914.1
2025-11-16 15:31:40.732,1706,35234.91
2025-11-16 15:31:40.732,1707,33127.38
2025-11-16 15:31:40.732,1708,30349.31
2025-11-16 15:31:40.732,1709,33310.84
2025-11-16 15:31:40.732,1710,28736.48
2025-11-16 15:31:40.732,1711,34445.18
2025-11-16 15:31:40.732,1712,54582.74
2025-11-16 15:31:40.732,1713,35335.6
2025-11-16 15:31:40.732,1714,34204.0
2025-11-16 15:31:40.732,1715,29603.42
2025-11-16 15:31:40.732,1716,27695.87
2025-11-16 15:31:40.732,1717,38006.61
2025-11-16 15:31:40.732,1718,34640.03
2025-11-16 15:31:40.732,1719,45301.25
2025-11-16 15:31:40.732,1720,339960.47
2025-11-16 15:31:40.732,1721,51284.3
2025-11-16 15:31:40.732,1722,63148.7
2025-11-16 15:31:40.732,1723,34156.08
2025-11-16 15:31:40.732,1724,90021.7
2025-11-16 15:31:40.732,1725,176056.81
2025-11-16 15:31:40.732,1726,82965.91
2025-11-16 15:31:40.732,1727,82965.91
2025-11-16 15:31:40.732,1728,25554.44
2025-11-16 15:31:40.732,1729,25154.93
2025-11-16 15:31:40.732,1730,24675.34
2025-11-16 15:31:40.732,1731,25003.64
2025-11-16 15:31:40.732,1732,23810.38
2025-11-16 15:31:40.732,1733,23810.38
2025-11-16 15:31:40.732,1734,23311.73
2025-11-16 15:31:40.732,1735,24036.8
2025-11-16 15:31:40.732,1736,24008.33
2025-11-16 15:31:40.732,1737,24036.8
2025-11-16 15:31:40.732,1738,23951.54
2025-11-16 15:31:40.732,1739,24151.15
2025-11-16 15:31:40.732,1740,24093.88
2025-11-16 15:31:40.732,1741,24151.15
2025-11-16 15:31:40.732,1742,24675.34
2025-11-16 15:31:40.732,1743,24151.15
2025-11-16 15:31:40.732,1744,25647.93
2025-11-16 15:31:40.732,1745,22933.92
2025-11-16 15:31:40.732,1746,22933.92
2025-11-16 15:31:40.732,1747,22880.64
2025-11-16 15:31:40.732,1748,25773.33
2025-11-16 15:31:40.732,1749,26219.28
2025-11-16 15:31:40.732,1750,24616.31
2025-11-16 15:31:40.732,1751,26348.73
2025-11-16 15:31:40.732,1752,24734.57
2025-11-16 15:31:40.732,1753,22101.59
2025-11-16 15:31:40.732,1754,27111.36
2025-11-16 15:31:40.732,1755,25276.9
2025-11-16 15:31:40.732,1756,20975.98
2025-11-16 15:31:40.732,1757,25276.9
2025-11-16 15:31:40.732,1758,20260.76
2025-11-16 15:31:40.732,1759,26610.43
2025-11-16 15:31:40.732,1760,45754.95
2025-11-16 15:31:40.732,1761,27179.19
2025-11-16 15:31:40.732,1762,26026.81
2025-11-16 15:31:40.732,1763,20215.74
2025-11-16 15:31:40.732,1764,19926.36
2025-11-16 15:31:40.732,1765,28884.52
2025-11-16 15:31:40.732,1766,25647.93
2025-11-16 15:31:40.732,1767,34204.0
2025-11-16 15:31:40.732,1768,266631.75
2025-11-16 15:31:40.732,1769,40256.3
2025-11-16 15:31:40.732,1770,51561.75
2025-11-16 15:31:40.732,1771,25154.93
2025-11-16 15:31:40.732,1772,74678.3
2025-11-16 15:31:40.732,1773,155704.97
2025-11-16 15:31:40.732,1774,67894.05
2025-11-16 15:31:40.732,1775,67894.05
2025-11-16 15:31:40.732,1776,24093.88
2025-11-16 15:31:40.732,1777,23698.29
2025-11-16 15:31:40.732,1778,22616.81
2025-11-16 15:31:40.732,1779,23838.52
2025-11-16 15:31:40.732,1780,22152.38
2025-11-16 15:31:40.732,1781,22933.92
2025-11-16 15:31:40.732,1782,22357.16
2025-11-16 15:31:40.732,1783,22721.83
2025-11-16 15:31:40.732,1784,22512.45
2025-11-16 15:31:40.732,1785,22228.87
2025-11-16 15:31:40.732,1786,22434.62
2025-11-16 15:31:40.732,1787,22382.94
2025-11-16 15:31:40.732,1788,22408.76
2025-11-16 15:31:40.732,1789,21651.57
2025-11-16 15:31:40.732,1790,23040.99
2025-11-16 15:31:40.732,1791,22460.52
2025-11-16 15:31:40.732,1792,23894.93
2025-11-16 15:31:40.732,1793,21310.15
2025-11-16 15:31:40.732,1794,21602.34
2025-11-16 15:31:40.732,1795,22152.38
2025-11-16 15:31:40.732,1796,23951.54
2025-11-16 15:31:40.732,1797,24324.12
2025-11-16 15:31:40.732,1798,22512.45
2025-11-16 15:31:40.732,1799,24794.01
2025-11-16 15:31:40.732,1800,23040.99
2025-11-16 15:31:40.732,1801,21023.29
2025-11-16 15:31:40.732,1802,25094.26
2025-11-16 15:31:40.732,1803,23754.24
2025-11-16 15:31:40.732,1804,20788.21
2025-11-16 15:31:40.732,1805,23866.7
2025-11-16 15:31:40.732,1806,19904.33
2025-11-16 15:31:40.732,1807,24675.34
2025-11-16 15:31:40.732,1808,44781.16
2025-11-16 15:31:40.732,1809,25215.81
2025-11-16 15:31:40.732,1810,24266.27
2025-11-16 15:31:40.732,1811,18986.58
2025-11-16 15:31:40.732,1812,18659.26
2025-11-16 15:31:40.732,1813,27077.54
2025-11-16 15:31:40.732,1814,24469.6
2025-11-16 15:31:40.732,1815,32232.81
2025-11-16 15:31:40.732,1816,250766.73
2025-11-16 15:31:40.732,1817,37172.92
2025-11-16 15:31:40.732,1818,49845.72
2025-11-16 15:31:40.732,1819,23421.27
2025-11-16 15:31:40.732,1820,67894.05
2025-11-16 15:31:40.732,1821,143283.25
2025-11-16 15:31:40.732,1822,62242.49
2025-11-16 15:31:40.732,1823,62242.49
2025-11-16 15:31:40.732,1824,30958.25
2025-11-16 15:31:40.732,1825,30794.08
2025-11-16 15:31:40.732,1826,30150.32
2025-11-16 15:31:40.732,1827,30671.81
2025-11-16 15:31:40.732,1828,28996.3
2025-11-16 15:31:40.732,1829,29221.78
2025-11-16 15:31:40.732,1830,29221.78
2025-11-16 15:31:40.732,1831,28921.71
2025-11-16 15:31:40.732,1832,29297.52
2025-11-16 15:31:40.732,1833,28996.3
2025-11-16 15:31:40.732,1834,29071.17
2025-11-16 15:31:40.732,1835,29221.78
2025-11-16 15:31:40.732,1836,29033.7
2025-11-16 15:31:40.732,1837,28996.3
2025-11-16 15:31:40.732,1838,30269.48
2025-11-16 15:31:40.732,1839,29526.5
2025-11-16 15:31:40.732,1840,31248.74
2025-11-16 15:31:40.732,1841,27977.33
2025-11-16 15:31:40.732,1842,28263.01
2025-11-16 15:31:40.732,1843,28699.64
2025-11-16 15:31:40.732,1844,30794.08
2025-11-16 15:31:40.732,1845,31670.92
2025-11-16 15:31:40.732,1846,30229.68
2025-11-16 15:31:40.732,1847,32189.05
2025-11-16 15:31:40.732,1848,30229.68
2025-11-16 15:31:40.732,1849,27626.15
2025-11-16 15:31:40.732,1850,33495.87
2025-11-16 15:31:40.732,1851,30835.0
2025-11-16 15:31:40.732,1852,28263.01
2025-11-16 15:31:40.732,1853,30794.08
2025-11-16 15:31:40.732,1854,26090.74
2025-11-16 15:31:40.732,1855,31971.61
2025-11-16 15:31:40.732,1856,51841.71
2025-11-16 15:31:40.732,1857,32855.06
2025-11-16 15:31:40.732,1858,31971.61
2025-11-16 15:31:40.732,1859,27349.84
2025-11-16 15:31:40.732,1860,27349.84
2025-11-16 15:31:40.732,1861,35034.87
2025-11-16 15:31:40.732,1862,32189.05
2025-11-16 15:31:40.732,1863,42455.23
2025-11-16 15:31:40.732,1864,317555.0
2025-11-16 15:31:40.732,1865,47322.41
2025-11-16 15:31:40.732,1866,56476.62
2025-11-16 15:31:40.732,1867,31040.83
2025-11-16 15:31:40.732,1868,84689.81
2025-11-16 15:31:40.732,1869,176906.95
2025-11-16 15:31:40.732,1870,76654.66
2025-11-16 15:31:40.732,1871,76654.66
2025-11-16 15:31:40.732,1872,26544.65
2025-11-16 15:31:40.732,1873,26154.89
2025-11-16 15:31:40.732,1874,25215.81
2025-11-16 15:31:40.732,1875,26219.28
2025-11-16 15:31:40.732,1876,24586.87
2025-11-16 15:31:40.732,1877,24794.01
2025-11-16 15:31:40.732,1878,24734.57
2025-11-16 15:31:40.732,1879,24883.55
2025-11-16 15:31:40.732,1880,24853.65
2025-11-16 15:31:40.732,1881,25064.0
2025-11-16 15:31:40.732,1882,24913.49
2025-11-16 15:31:40.732,1883,24557.47
2025-11-16 15:31:40.732,1884,24823.81
2025-11-16 15:31:40.732,1885,24823.81
2025-11-16 15:31:40.732,1886,25616.71
2025-11-16 15:31:40.732,1887,25094.26
2025-11-16 15:31:40.732,1888,26479.11
2025-11-16 15:31:40.732,1889,23782.29
2025-11-16 15:31:40.732,1890,24093.88
2025-11-16 15:31:40.732,1891,24973.54
2025-11-16 15:31:40.732,1892,26809.18
2025-11-16 15:31:40.732,1893,27077.54
2025-11-16 15:31:40.732,1894,25647.93
2025-11-16 15:31:40.732,1895,27281.39
2025-11-16 15:31:40.732,1896,25585.55
2025-11-16 15:31:40.732,1897,21602.34
2025-11-16 15:31:40.732,1898,28119.63
2025-11-16 15:31:40.732,1899,26154.89
2025-11-16 15:31:40.732,1900,22774.6
2025-11-16 15:31:40.732,1901,26219.28
2025-11-16 15:31:40.732,1902,20238.23
2025-11-16 15:31:40.732,1903,27349.84
2025-11-16 15:31:40.732,1904,46061.56
2025-11-16 15:31:40.732,1905,28191.18
2025-11-16 15:31:40.732,1906,27281.39
2025-11-16 15:31:40.732,1907,22564.54
2025-11-16 15:31:40.732,1908,22203.33
2025-11-16 15:31:40.732,1909,30389.34
2025-11-16 15:31:40.732,1910,26544.65
2025-11-16 15:31:40.732,1911,35691.55
2025-11-16 15:31:40.732,1912,264774.34
2025-11-16 15:31:40.732,1913,41267.73
2025-11-16 15:31:40.732,1914,51561.75
2025-11-16 15:31:40.732,1915,26676.44
2025-11-16 15:31:40.732,1916,75386.48
2025-11-16 15:31:40.732,1917,157743.84
2025-11-16 15:31:40.732,1918,68493.05
2025-11-16 15:31:40.732,1919,68493.05
2025-11-16 15:31:40.732,1920,734602.25
2025-11-16 15:31:40.732,1921,583498.19
2025-11-16 15:31:40.732,1922,640033.69
2025-11-16 15:31:40.732,1923,583498.19
2025-11-16 15:31:40.732,1924,661350.38
2025-11-16 15:31:40.732,1925,734602.25
2025-11-16 15:31:40.732,1926,661350.38
2025-11-16 15:31:40.732,1927,793012.25
2025-11-16 15:31:40.732,1928,734602.25
2025-11-16 15:31:40.732,1929,583498.19
2025-11-16 15:31:40.732,1930,684112.31
2025-11-16 15:31:40.732,1931,550970.88
2025-11-16 15:31:40.732,1932,762705.19
2025-11-16 15:31:40.732,1933,575017.88
2025-11-16 15:31:40.732,1934,708471.5
2025-11-16 15:31:40.732,1935,734602.25
2025-11-16 15:31:40.732,1936,721303.56
2025-11-16 15:31:40.732,1937,521823.06
2025-11-16 15:31:40.732,1938,661350.38
2025-11-16 15:31:40.732,1939,515003.19
2025-11-16 15:31:40.732,1940,583498.19
2025-11-16 15:31:40.732,1941,550970.88
2025-11-16 15:31:40.732,1942,521823.06
2025-11-16 15:31:40.732,1943,640033.69
2025-11-16 15:31:40.732,1944,521823.06
2025-11-16 15:31:40.732,1945,515003.19
2025-11-16 15:31:40.732,1946,640033.69
2025-11-16 15:31:40.732,1947,528822.38
2025-11-16 15:31:40.732,1948,471757.34
2025-11-16 15:31:40.732,1949,450099.75
2025-11-16 15:31:40.732,1950,471757.34
2025-11-16 15:31:40.732,1951,672541.69
2025-11-16 15:31:40.732,1952,471757.34
2025-11-16 15:31:40.732,1953,495554.03
2025-11-16 15:31:40.732,1954,566776.38
2025-11-16 15:31:40.732,1955,508356.06
2025-11-16 15:31:40.732,1956,566776.38
2025-11-16 15:31:40.732,1957,558763.94
2025-11-16 15:31:40.732,1958,550970.88
2025-11-16 15:31:40.732,1959,708471.5
2025-11-16 15:31:40.732,1960,721303.56
2025-11-16 15:31:40.732,1961,721303.56
2025-11-16 15:31:40.732,1962,312394.69
2025-11-16 15:31:40.732,1963,536008.31
2025-11-16 15:31:40.732,1964,942433.13
2025-11-16 15:31:40.732,1965,942433.13
2025-11-16 15:31:40.732,1966,942433.13
2025-11-16 15:31:40.732,1967,942433.13
2025-11-16 15:31:40.732,1968,31628.31
2025-11-16 15:31:40.732,1969,31458.76
2025-11-16 15:31:40.732,1970,30753.24
2025-11-16 15:31:40.732,1971,31374.49
2025-11-16 15:31:40.732,1972,29526.5
2025-11-16 15:31:40.732,1973,29992.53
2025-11-16 15:31:40.732,1974,29603.42
2025-11-16 15:31:40.732,1975,29603.42
2025-11-16 15:31:40.732,1976,30071.27
2025-11-16 15:31:40.732,1977,29526.5
2025-11-16 15:31:40.732,1978,29641.99
2025-11-16 15:31:40.732,1979,30150.32
2025-11-16 15:31:40.732,1980,29953.28
2025-11-16 15:31:40.732,1981,29992.53
2025-11-16 15:31:40.732,1982,30794.08
2025-11-16 15:31:40.732,1983,29992.53
2025-11-16 15:31:40.732,1984,31756.39
2025-11-16 15:31:40.732,1985,28699.64
2025-11-16 15:31:40.732,1986,29297.52
2025-11-16 15:31:40.732,1987,30071.27
2025-11-16 15:31:40.732,1988,32101.8
2025-11-16 15:31:40.732,1989,32276.66
2025-11-16 15:31:40.732,1990,30671.81
2025-11-16 15:31:40.732,1991,32810.01
2025-11-16 15:31:40.732,1992,30269.48
2025-11-16 15:31:40.732,1993,27281.39
2025-11-16 15:31:40.732,1994,33403.16
2025-11-16 15:31:40.732,1995,31040.83
2025-11-16 15:31:40.732,1996,28191.18
2025-11-16 15:31:40.732,1997,31543.36
2025-11-16 15:31:40.732,1998,25773.33
2025-11-16 15:31:40.732,1999,32586.16
2025-11-16 15:31:40.732,2000,50021.84
2025-11-16 15:31:40.732,2001,33588.98
2025-11-16 15:31:40.732,2002,32320.6
2025-11-16 15:31:40.732,2003,27077.54
2025-11-16 15:31:40.732,2004,27418.54
2025-11-16 15:31:40.732,2005,35285.2
2025-11-16 15:31:40.732,2006,32586.16
2025-11-16 15:31:40.732,2007,42186.62
2025-11-16 15:31:40.732,2008,297844.91
2025-11-16 15:31:40.732,2009,48305.81
2025-11-16 15:31:40.732,2010,56368.51
2025-11-16 15:31:40.732,2011,31374.49
2025-11-16 15:31:40.732,2012,85575.93
2025-11-16 15:31:40.732,2013,170315.53
2025-11-16 15:31:40.732,2014,76471.19
2025-11-16 15:31:40.732,2015,76471.19
2025-11-16 15:31:40.732,2016,762705.19
2025-11-16 15:31:40.732,2017,650520.19
2025-11-16 15:31:40.732,2018,566776.38
2025-11-16 15:31:40.732,2019,640033.69
2025-11-16 15:31:40.732,2020,550970.88
2025-11-16 15:31:40.732,2021,583498.19
2025-11-16 15:31:40.732,2022,661350.38
2025-11-16 15:31:40.732,2023,708471.5
2025-11-16 15:31:40.732,2024,543388.5
2025-11-16 15:31:40.732,2025,583498.19
2025-11-16 15:31:40.732,2026,640033.69
2025-11-16 15:31:40.732,2027,640033.69
2025-11-16 15:31:40.732,2028,566776.38
2025-11-16 15:31:40.732,2029,734602.25
2025-11-16 15:31:40.732,2030,640033.69
2025-11-16 15:31:40.732,2031,583498.19
2025-11-16 15:31:40.732,2032,777567.38
2025-11-16 15:31:40.732,2033,583498.19
2025-11-16 15:31:40.732,2034,550970.88
2025-11-16 15:31:40.732,2035,684112.31
2025-11-16 15:31:40.732,2036,661350.38
2025-11-16 15:31:40.732,2037,708471.5
2025-11-16 15:31:40.732,2038,661350.38
2025-11-16 15:31:40.732,2039,672541.69
2025-11-16 15:31:40.732,2040,661350.38
2025-11-16 15:31:40.732,2041,583498.19
2025-11-16 15:31:40.732,2042,708471.5
2025-11-16 15:31:40.732,2043,684112.31
2025-11-16 15:31:40.732,2044,592227.94
2025-11-16 15:31:40.732,2045,708471.5
2025-11-16 15:31:40.732,2046,536008.31
2025-11-16 15:31:40.732,2047,684112.31
2025-11-16 15:31:40.732,2048,583498.19
2025-11-16 15:31:40.732,2049,684112.31
2025-11-16 15:31:40.732,2050,684112.31
2025-11-16 15:31:40.732,2051,521823.06
2025-11-16 15:31:40.732,2052,583498.19
2025-11-16 15:31:40.732,2053,684112.31
2025-11-16 15:31:40.732,2054,672541.69
2025-11-16 15:31:40.732,2055,861364.44
2025-11-16 15:31:40.732,2056,900097.25
2025-11-16 15:31:40.732,2057,900097.25
2025-11-16 15:31:40.732,2058,379970.25
2025-11-16 15:31:40.732,2059,592227.94
2025-11-16 15:31:40.732,2060,27213.2
2025-11-16 15:31:40.732,2061,27213.2
2025-11-16 15:31:40.732,2062,27213.2
2025-11-16 15:31:40.732,2063,27213.2
2025-11-16 15:31:40.732,2064,27213.2
2025-11-16 15:31:40.732,2065,27077.54
2025-11-16 15:31:40.732,2066,26610.43
2025-11-16 15:31:40.732,2067,27179.19
2025-11-16 15:31:40.732,2068,25710.52
2025-11-16 15:31:40.732,2069,25647.93
2025-11-16 15:31:40.732,2070,25804.82
2025-11-16 15:31:40.732,2071,25836.37
2025-11-16 15:31:40.732,2072,26026.81
2025-11-16 15:31:40.732,2073,25710.52
2025-11-16 15:31:40.732,2074,25994.93
2025-11-16 15:31:40.732,2075,26316.28
2025-11-16 15:31:40.732,2076,25679.2
2025-11-16 15:31:40.732,2077,25710.52
2025-11-16 15:31:40.732,2078,26479.11
2025-11-16 15:31:40.732,2079,26026.81
2025-11-16 15:31:40.732,2080,27349.84
2025-11-16 15:31:40.732,2081,21261.97
2025-11-16 15:31:40.732,2082,25094.26
2025-11-16 15:31:40.732,2083,24208.61
2025-11-16 15:31:40.732,2084,28119.63
2025-11-16 15:31:40.732,2085,28263.01
2025-11-16 15:31:40.732,2086,26875.9
2025-11-16 15:31:40.732,2087,28773.39
2025-11-16 15:31:40.732,2088,27247.26
2025-11-16 15:31:40.732,2089,25185.35
2025-11-16 15:31:40.732,2090,29449.88
2025-11-16 15:31:40.732,2091,27626.15
2025-11-16 15:31:40.732,2092,26122.79
2025-11-16 15:31:40.732,2093,27247.26
2025-11-16 15:31:40.732,2094,24913.49
2025-11-16 15:31:40.732,2095,28847.41
2025-11-16 15:31:40.732,2096,52504.97
2025-11-16 15:31:40.732,2097,29071.17
2025-11-16 15:31:40.732,2098,29297.52
2025-11-16 15:31:40.732,2099,26026.81
2025-11-16 15:31:40.732,2100,25094.26
2025-11-16 15:31:40.732,2101,31543.36
2025-11-16 15:31:40.732,2102,30110.76
2025-11-16 15:31:40.732,2103,37893.76
2025-11-16 15:31:40.732,2104,284551.28
2025-11-16 15:31:40.732,2105,42590.57
2025-11-16 15:31:40.732,2106,57689.57
2025-11-16 15:31:40.732,2107,27213.2
2025-11-16 15:31:40.732,2108,76654.66
2025-11-16 15:31:40.732,2109,159131.2
2025-11-16 15:31:40.732,2110,70504.91
2025-11-16 15:31:40.732,2111,70504.91
2025-11-16 15:31:40.732,2112,430305.09
2025-11-16 15:31:40.732,2113,412143.03
2025-11-16 15:31:40.732,2114,455329.53
2025-11-16 15:31:40.732,2115,430305.09
2025-11-16 15:31:40.732,2116,387544.88
2025-11-16 15:31:40.732,2117,425619.72
2025-11-16 15:31:40.732,2118,387544.88
2025-11-16 15:31:40.732,2119,425619.72
2025-11-16 15:31:40.732,2120,395419.56
2025-11-16 15:31:40.732,2121,383721.19
2025-11-16 15:31:40.732,2122,403612.41
2025-11-16 15:31:40.732,2123,403612.41
2025-11-16 15:31:40.732,2124,412143.03
2025-11-16 15:31:40.732,2125,399475.0
2025-11-16 15:31:40.732,2126,399475.0
2025-11-16 15:31:40.732,2127,395419.56
2025-11-16 15:31:40.732,2128,460679.59
2025-11-16 15:31:40.732,2129,379970.25
2025-11-16 15:31:40.732,2130,403612.41
2025-11-16 15:31:40.732,2131,403612.41
2025-11-16 15:31:40.732,2132,430305.09
2025-11-16 15:31:40.732,2133,439984.91
2025-11-16 15:31:40.732,2134,425619.72
2025-11-16 15:31:40.732,2135,460679.59
2025-11-16 15:31:40.732,2136,387544.88
2025-11-16 15:31:40.732,2137,425619.72
2025-11-16 15:31:40.732,2138,455329.53
2025-11-16 15:31:40.732,2139,365654.84
2025-11-16 15:31:40.732,2140,346048.91
2025-11-16 15:31:40.732,2141,339960.47
2025-11-16 15:31:40.732,2142,322883.13
2025-11-16 15:31:40.732,2143,372678.72
2025-11-16 15:31:40.732,2144,182175.47
2025-11-16 15:31:40.732,2145,379970.25
2025-11-16 15:31:40.732,2146,346048.91
2025-11-16 15:31:40.732,2147,331208.34
2025-11-16 15:31:40.732,2148,322883.13
2025-11-16 15:31:40.732,2149,365654.84
2025-11-16 15:31:40.732,2150,342978.47
2025-11-16 15:31:40.732,2151,460679.59
2025-11-16 15:31:40.732,2152,508356.06
2025-11-16 15:31:40.732,2153,508356.06
2025-11-16 15:31:40.732,2154,98522.22
2025-11-16 15:31:40.732,2155,379970.25
2025-11-16 15:31:40.732,2156,721303.56
2025-11-16 15:31:40.732,2157,988899.38
2025-11-16 15:31:40.732,2158,684112.31
2025-11-16 15:31:40.732,2159,684112.31
2025-11-16 15:31:40.732,2160,450099.75
2025-11-16 15:31:40.732,2161,430305.09
2025-11-16 15:31:40.732,2162,444986.13
2025-11-16 15:31:40.732,2163,439984.91
2025-11-16 15:31:40.732,2164,444986.13
2025-11-16 15:31:40.732,2165,444986.13
2025-11-16 15:31:40.732,2166,508356.06
2025-11-16 15:31:40.732,2167,550970.88
2025-11-16 15:31:40.732,2168,430305.09
2025-11-16 15:31:40.732,2169,455329.53
2025-11-16 15:31:40.732,2170,536008.31
2025-11-16 15:31:40.732,2171,460679.59
2025-11-16 15:31:40.732,2172,543388.5
2025-11-16 15:31:40.732,2173,528822.38
2025-11-16 15:31:40.732,2174,528822.38
2025-11-16 15:31:40.732,2175,403612.41
2025-11-16 15:31:40.732,2176,515003.19
2025-11-16 15:31:40.732,2177,477494.09
2025-11-16 15:31:40.732,2178,558763.94
2025-11-16 15:31:40.732,2179,550970.88
2025-11-16 15:31:40.732,2180,550970.88
2025-11-16 15:31:40.732,2181,601218.31
2025-11-16 15:31:40.732,2182,536008.31
2025-11-16 15:31:40.732,2183,550970.88
2025-11-16 15:31:40.732,2184,521823.06
2025-11-16 15:31:40.732,2185,508356.06
2025-11-16 15:31:40.732,2186,583498.19
2025-11-16 15:31:40.732,2187,521823.06
2025-11-16 15:31:40.732,2188,471757.34
2025-11-16 15:31:40.732,2189,508356.06
2025-11-16 15:31:40.732,2190,508356.06
2025-11-16 15:31:40.732,2191,521823.06
2025-11-16 15:31:40.732,2192,284551.28
2025-11-16 15:31:40.732,2193,640033.69
2025-11-16 15:31:40.732,2194,550970.88
2025-11-16 15:31:40.732,2195,536008.31
2025-11-16 15:31:40.732,2196,521823.06
2025-11-16 15:31:40.732,2197,550970.88
2025-11-16 15:31:40.732,2198,528822.38
2025-11-16 15:31:40.732,2199,721303.56
2025-11-16 15:31:40.732,2200,793012.25
2025-11-16 15:31:40.732,2201,793012.25
2025-11-16 15:31:40.732,2202,157058.67
2025-11-16 15:31:40.732,2203,566776.38
2025-11-16 15:31:40.732,2204,861364.44
2025-11-16 15:31:40.732,2205,861364.44
2025-11-16 15:31:40.732,2206,861364.44
2025-11-16 15:31:40.732,2207,861364.44
2025-11-16 15:31:40.732,2208,276308.56
2025-11-16 15:31:40.732,2209,276308.56
2025-11-16 15:31:40.732,2210,276308.56
2025-11-16 15:31:40.732,2211,276308.56
2025-11-16 15:31:40.732,2212,276308.56
2025-11-16 15:31:40.732,2213,276308.56
2025-11-16 15:31:40.732,2214,276308.56
2025-11-16 15:31:40.732,2215,276308.56
2025-11-16 15:31:40.732,2216,276308.56
2025-11-16 15:31:40.732,2217,276308.56
2025-11-16 15:31:40.732,2218,276308.56
2025-11-16 15:31:40.732,2219,276308.56
2025-11-16 15:31:40.732,2220,276308.56
2025-11-16 15:31:40.732,2221,276308.56
2025-11-16 15:31:40.732,2222,276308.56
2025-11-16 15:31:40.732,2223,276308.56
2025-11-16 15:31:40.732,2224,276308.56
2025-11-16 15:31:40.732,2225,276308.56
2025-11-16 15:31:40.732,2226,276308.56
2025-11-16 15:31:40.732,2227,276308.56
2025-11-16 15:31:40.732,2228,276308.56
2025-11-16 15:31:40.732,2229,276308.56
2025-11-16 15:31:40.732,2230,276308.56
2025-11-16 15:31:40.732,2231,276308.56
2025-11-16 15:31:40.732,2232,276308.56
2025-11-16 15:31:40.732,2233,276308.56
2025-11-16 15:31:40.732,2234,276308.56
2025-11-16 15:31:40.732,2235,276308.56
2025-11-16 15:31:40.732,2236,276308.56
2025-11-16 15:31:40.732,2237,276308.56
2025-11-16 15:31:40.732,2238,276308.56
2025-11-16 15:31:40.732,2239,276308.56
2025-11-16 15:31:40.732,2240,276308.56
2025-11-16 15:31:40.732,2241,276308.56
2025-11-16 15:31:40.732,2242,276308.56
2025-11-16 15:31:40.732,2243,276308.56
2025-11-16 15:31:40.732,2244,276308.56
2025-11-16 15:31:40.732,2245,276308.56
2025-11-16 15:31:40.732,2246,276308.56
2025-11-16 15:31:40.732,2247,276308.56
2025-11-16 15:31:40.732,2248,276308.56
2025-11-16 15:31:40.732,2249,276308.56
2025-11-16 15:31:40.732,2250,276308.56
2025-11-16 15:31:40.732,2251,276308.56
2025-11-16 15:31:40.732,2252,276308.56
2025-11-16 15:31:40.732,2253,276308.56
2025-11-16 15:31:40.732,2254,276308.56
2025-11-16 15:31:40.732,2255,276308.56
2025-11-16 15:31:40.732,2256,276308.56
2025-11-16 15:31:40.732,2257,254133.06
2025-11-16 15:31:40.732,2258,268514.44
2025-11-16 15:31:40.732,2259,264774.34
2025-11-16 15:31:40.732,2260,247485.06
2025-11-16 15:31:40.732,2261,238117.42
2025-11-16 15:31:40.732,2262,261133.28
2025-11-16 15:31:40.732,2263,268514.44
2025-11-16 15:31:40.732,2264,261133.28
2025-11-16 15:31:40.732,2265,250766.73
2025-11-16 15:31:40.732,2266,254133.06
2025-11-16 15:31:40.732,2267,262941.66
2025-11-16 15:31:40.732,2268,261133.28
2025-11-16 15:31:40.732,2269,257587.41
2025-11-16 15:31:40.732,2270,282446.44
2025-11-16 15:31:40.732,2271,264774.34
2025-11-16 15:31:40.732,2272,278325.69
2025-11-16 15:31:40.732,2273,230816.17
2025-11-16 15:31:40.732,2274,232241.86
2025-11-16 15:31:40.732,2275,232241.86
2025-11-16 15:31:40.732,2276,250766.73
2025-11-16 15:31:40.732,2277,247485.06
2025-11-16 15:31:40.732,2278,254133.06
2025-11-16 15:31:40.732,2279,254133.06
2025-11-16 15:31:40.732,2280,250766.73
2025-11-16 15:31:40.732,2281,223932.14
2025-11-16 15:31:40.732,2282,254133.06
2025-11-16 15:31:40.732,2283,233684.53
2025-11-16 15:31:40.732,2284,230816.17
2025-11-16 15:31:40.732,2285,216173.34
2025-11-16 15:31:40.732,2286,225277.3
2025-11-16 15:31:40.732,2287,254133.06
2025-11-16 15:31:40.732,2288,120737.61
2025-11-16 15:31:40.732,2289,257587.41
2025-11-16 15:31:40.732,2290,252439.11
2025-11-16 15:31:40.732,2291,223932.14
2025-11-16 15:31:40.732,2292,218701.81
2025-11-16 15:31:40.732,2293,235144.47
2025-11-16 15:31:40.732,2294,235144.47
2025-11-16 15:31:40.732,2295,297844.91
2025-11-16 15:31:40.732,2296,322883.13
2025-11-16 15:31:40.732,2297,322883.13
2025-11-16 15:31:40.732,2298,61860.94
2025-11-16 15:31:40.732,2299,250766.73
2025-11-16 15:31:40.732,2300,521823.06
2025-11-16 15:31:40.732,2301,988899.38
2025-11-16 15:31:40.732,2302,460679.59
2025-11-16 15:31:40.732,2303,460679.59
2025-11-16 15:31:41.063,0,22460.52
2025-11-16 15:31:41.063,1,29071.17
2025-11-16 15:31:41.063,2,34204.0
2025-11-16 15:31:41.063,3,32320.6
2025-11-16 15:31:41.063,4,34204.0
2025-11-16 15:31:41.063,5,34689.0
2025-11-16 15:31:41.063,6,34640.03
2025-11-16 15:31:41.063,7,34885.99
2025-11-16 15:31:41.063,8,34689.0
2025-11-16 15:31:41.063,9,34935.51
2025-11-16 15:31:41.063,10,35034.87
2025-11-16 15:31:41.063,11,34542.39
2025-11-16 15:31:41.063,12,35335.6
2025-11-16 15:31:41.063,13,34985.13
2025-11-16 15:31:41.063,14,36053.13
2025-11-16 15:31:41.063,15,34689.0
2025-11-16 15:31:41.063,16,34445.18
2025-11-16 15:31:41.063,17,36579.68
2025-11-16 15:31:41.063,18,37118.37
2025-11-16 15:31:41.063,19,36901.41
2025-11-16 15:31:41.063,20,38120.0
2025-11-16 15:31:41.063,21,39165.01
2025-11-16 15:31:41.063,22,34985.13
2025-11-16 15:31:41.063,23,38695.02
2025-11-16 15:31:41.063,24,36157.48
2025-11-16 15:31:41.063,25,36053.13
2025-11-16 15:31:41.063,26,38463.37
2025-11-16 15:31:41.063,27,36420.45
2025-11-16 15:31:41.063,28,37118.37
2025-11-16 15:31:41.063,29,37009.64
2025-11-16 15:31:41.063,30,36793.67
2025-11-16 15:31:41.063,31,38120.0
2025-11-16 15:31:41.063,32,74154.84
2025-11-16 15:31:41.063,33,38463.37
2025-11-16 15:31:41.063,34,39887.21
2025-11-16 15:31:41.063,35,37009.64
2025-11-16 15:31:41.063,36,37893.76
2025-11-16 15:31:41.063,37,42320.58
2025-11-16 15:31:41.063,38,42455.23
2025-11-16 15:31:41.063,39,51284.3
2025-11-16 15:31:41.063,40,365654.84
2025-11-16 15:31:41.063,41,52890.38
2025-11-16 15:31:41.063,42,83604.98
2025-11-16 15:31:41.063,43,38006.61
2025-11-16 15:31:41.063,44,85575.93
2025-11-16 15:31:41.063,45,193656.09
2025-11-16 15:31:41.063,46,89534.38
2025-11-16 15:31:41.063,47,89534.38
2025-11-16 15:31:41.063,48,113248.5
2025-11-16 15:31:41.063,49,115905.77
2025-11-16 15:31:41.063,50,126864.97
2025-11-16 15:31:41.063,51,123731.21
2025-11-16 15:31:41.063,52,123295.2
2025-11-16 15:31:41.063,53,129670.22
2025-11-16 15:31:41.063,54,124611.84
2025-11-16 15:31:41.063,55,125504.14
2025-11-16 15:31:41.063,56,128722.46
2025-11-16 15:31:41.063,57,128722.46
2025-11-16 15:31:41.063,58,129194.73
2025-11-16 15:31:41.063,59,129670.22
2025-11-16 15:31:41.063,60,129670.22
2025-11-16 15:31:41.063,61,122431.63
2025-11-16 15:31:41.063,62,132592.78
2025-11-16 15:31:41.063,63,128253.38
2025-11-16 15:31:41.063,64,115905.77
2025-11-16 15:31:41.063,65,130631.02
2025-11-16 15:31:41.063,66,135640.13
2025-11-16 15:31:41.063,67,135640.13
2025-11-16 15:31:41.063,68,138820.45
2025-11-16 15:31:41.063,69,143283.25
2025-11-16 15:31:41.063,70,130631.02
2025-11-16 15:31:41.063,71,139364.05
2025-11-16 15:31:41.063,72,136160.72
2025-11-16 15:31:41.063,73,137213.13
2025-11-16 15:31:41.063,74,137745.05
2025-11-16 15:31:41.063,75,142142.66
2025-11-16 15:31:41.063,76,138280.8
2025-11-16 15:31:41.063,77,133594.3
2025-11-16 15:31:41.063,78,134609.98
2025-11-16 15:31:41.063,79,139364.05
2025-11-16 15:31:41.063,80,238117.42
2025-11-16 15:31:41.063,81,145616.44
2025-11-16 15:31:41.063,82,143859.97
2025-11-16 15:31:41.063,83,136160.72
2025-11-16 15:31:41.063,84,142142.66
2025-11-16 15:31:41.063,85,146809.88
2025-11-16 15:31:41.063,86,155704.97
2025-11-16 15:31:41.063,87,175214.38
2025-11-16 15:31:41.063,88,988899.38
2025-11-16 15:31:41.063,89,153062.25
2025-11-16 15:31:41.063,90,250766.73
2025-11-16 15:31:41.063,91,138820.45
2025-11-16 15:31:41.063,92,145616.44
2025-11-16 15:31:41.063,93,543388.5
2025-11-16 15:31:41.063,94,250766.73
2025-11-16 15:31:41.063,95,250766.73
2025-11-16 15:31:41.063,96,79112.48
2025-11-16 15:31:41.063,97,77772.0
2025-11-16 15:31:41.063,98,84909.8
2025-11-16 15:31:41.063,99,83390.98
2025-11-16 15:31:41.063,100,84035.92
2025-11-16 15:31:41.063,101,86251.47
2025-11-16 15:31:41.063,102,84035.92
2025-11-16 15:31:41.063,103,84035.92
2025-11-16 15:31:41.063,104,84909.8
2025-11-16 15:31:41.063,105,83177.96
2025-11-16 15:31:41.063,106,83177.96
2025-11-16 15:31:41.063,107,85352.86
2025-11-16 15:31:41.063,108,85352.86
2025-11-16 15:31:41.063,109,82754.82
2025-11-16 15:31:41.063,110,86707.14
2025-11-16 15:31:41.063,111,84909.8
2025-11-16 15:31:41.063,112,68796.0
2025-11-16 15:31:41.063,113,82754.82
2025-11-16 15:31:41.063,114,85800.06
2025-11-16 15:31:41.063,115,84035.92
2025-11-16 15:31:41.063,116,90021.7
2025-11-16 15:31:41.063,117,91512.71
2025-11-16 15:31:41.063,118,83177.96
2025-11-16 15:31:41.063,119,90513.82
2025-11-16 15:31:41.063,120,82754.82
2025-11-16 15:31:41.063,121,85800.06
2025-11-16 15:31:41.063,122,85800.06
2025-11-16 15:31:41.063,123,91010.8
2025-11-16 15:31:41.063,124,89534.38
2025-11-16 15:31:41.063,125,84252.88
2025-11-16 15:31:41.063,126,86707.14
2025-11-16 15:31:41.063,127,85352.86
2025-11-16 15:31:41.063,128,164172.88
2025-11-16 15:31:41.063,129,89534.38
2025-11-16 15:31:41.063,130,91261.14
2025-11-16 15:31:41.063,131,89051.75
2025-11-16 15:31:41.063,132,89534.38
2025-11-16 15:31:41.063,133,93048.8
2025-11-16 15:31:41.063,134,99101.66
2025-11-16 15:31:41.063,135,112877.99
2025-11-16 15:31:41.063,136,762705.19
2025-11-16 15:31:41.063,137,94632.04
2025-11-16 15:31:41.063,138,178630.77
2025-11-16 15:31:41.063,139,85800.06
2025-11-16 15:31:41.063,140,150502.45
2025-11-16 15:31:41.063,141,387544.88
2025-11-16 15:31:41.063,142,176906.95
2025-11-16 15:31:41.063,143,176906.95
2025-11-16 15:31:41.063,144,39283.93
2025-11-16 15:31:41.063,145,38291.07
2025-11-16 15:31:41.063,146,39704.69
2025-11-16 15:31:41.063,147,40194.41
2025-11-16 15:31:41.063,148,39343.6
2025-11-16 15:31:41.063,149,39765.37
2025-11-16 15:31:41.063,150,39583.74
2025-11-16 15:31:41.063,151,39765.37
2025-11-16 15:31:41.063,152,38695.02
2025-11-16 15:31:41.063,153,38811.68
2025-11-16 15:31:41.063,154,39403.42
2025-11-16 15:31:41.063,155,38753.28
2025-11-16 15:31:41.063,156,40132.67
2025-11-16 15:31:41.063,157,39224.4
2025-11-16 15:31:41.063,158,39403.42
2025-11-16 15:31:41.063,159,39165.01
2025-11-16 15:31:41.063,160,22203.33
2025-11-16 15:31:41.063,161,38695.02
2025-11-16 15:31:41.063,162,39887.21
2025-11-16 15:31:41.063,163,36901.41
2025-11-16 15:31:41.063,164,42053.34
2025-11-16 15:31:41.063,165,42590.57
2025-11-16 15:31:41.063,166,37669.63
2025-11-16 15:31:41.063,167,42794.9
2025-11-16 15:31:41.063,168,40256.3
2025-11-16 15:31:41.063,169,40883.72
2025-11-16 15:31:41.063,170,41397.01
2025-11-16 15:31:41.063,171,41139.08
2025-11-16 15:31:41.063,172,41854.7
2025-11-16 15:31:41.063,173,39887.21
2025-11-16 15:31:41.063,174,40630.89
2025-11-16 15:31:41.063,175,42186.62
2025-11-16 15:31:41.063,176,82335.49
2025-11-16 15:31:41.063,177,41986.96
2025-11-16 15:31:41.063,178,44488.33
2025-11-16 15:31:41.063,179,41592.18
2025-11-16 15:31:41.063,180,41788.82
2025-11-16 15:31:41.063,181,45678.82
2025-11-16 15:31:41.063,182,47322.41
2025-11-16 15:31:41.063,183,56368.51
2025-11-16 15:31:41.063,184,379970.25
2025-11-16 15:31:41.063,185,51100.71
2025-11-16 15:31:41.063,186,90267.15
2025-11-16 15:31:41.063,187,41075.0
2025-11-16 15:31:41.063,188,89051.75
2025-11-16 15:31:41.063,189,223932.14
2025-11-16 15:31:41.063,190,91010.8
2025-11-16 15:31:41.063,191,91010.8
2025-11-16 15:31:41.063,192,26283.89
2025-11-16 15:31:41.063,193,26479.11
2025-11-16 15:31:41.063,194,26283.89
2025-11-16 15:31:41.063,195,26742.69
2025-11-16 15:31:41.063,196,25836.37
2025-11-16 15:31:41.063,197,26187.06
2025-11-16 15:31:41.063,198,26090.74
2025-11-16 15:31:41.063,199,26154.89
2025-11-16 15:31:41.063,200,25963.11
2025-11-16 15:31:41.063,201,26026.81
2025-11-16 15:31:41.063,202,25836.37
2025-11-16 15:31:41.063,203,26026.81
2025-11-16 15:31:41.063,204,26058.75
2025-11-16 15:31:41.063,205,26154.89
2025-11-16 15:31:41.063,206,26090.74
2025-11-16 15:31:41.063,207,25773.33
2025-11-16 15:31:41.063,208,17853.14
2025-11-16 15:31:41.063,209,26154.89
2025-11-16 15:31:41.063,210,25616.71
2025-11-16 15:31:41.063,211,21213.94
2025-11-16 15:31:41.063,212,27765.84
2025-11-16 15:31:41.063,213,28480.09
2025-11-16 15:31:41.063,214,22203.33
2025-11-16 15:31:41.063,215,28227.06
2025-11-16 15:31:41.063,216,26058.75
2025-11-16 15:31:41.063,217,26348.73
2025-11-16 15:31:41.063,218,27941.91
2025-11-16 15:31:41.063,219,27906.57
2025-11-16 15:31:41.063,220,27941.91
2025-11-16 15:31:41.063,221,26709.53
2025-11-16 15:31:41.063,222,27179.19
2025-11-16 15:31:41.063,223,28736.48
2025-11-16 15:31:41.063,224,59181.26
2025-11-16 15:31:41.063,225,29603.42
2025-11-16 15:31:41.063,226,30189.96
2025-11-16 15:31:41.063,227,28119.63
2025-11-16 15:31:41.063,228,28263.01
2025-11-16 15:31:41.063,229,31971.61
2025-11-16 15:31:41.063,230,32320.6
2025-11-16 15:31:41.063,231,39765.37
2025-11-16 15:31:41.063,232,268514.44
2025-11-16 15:31:41.063,233,37009.64
2025-11-16 15:31:41.063,234,65867.58
2025-11-16 15:31:41.063,235,27977.33
2025-11-16 15:31:41.063,236,71306.41
2025-11-16 15:31:41.063,237,167191.02
2025-11-16 15:31:41.063,238,69101.3
2025-11-16 15:31:41.063,239,69101.3
2025-11-16 15:31:41.063,240,20193.28
2025-11-16 15:31:41.063,241,19772.81
2025-11-16 15:31:41.063,242,19794.65
2025-11-16 15:31:41.063,243,20741.61
2025-11-16 15:31:41.063,244,19534.67
2025-11-16 15:31:41.063,245,19751.0
2025-11-16 15:31:41.063,246,19449.01
2025-11-16 15:31:41.063,247,19599.24
2025-11-16 15:31:41.063,248,19449.01
2025-11-16 15:31:41.063,249,19513.2
2025-11-16 15:31:41.063,250,19449.01
2025-11-16 15:31:41.063,251,19237.01
2025-11-16 15:31:41.063,252,19577.68
2025-11-16 15:31:41.063,253,19556.16
2025-11-16 15:31:41.063,254,20260.76
2025-11-16 15:31:41.063,255,19534.67
2025-11-16 15:31:41.063,256,18618.86
2025-11-16 15:31:41.063,257,20260.76
2025-11-16 15:31:41.063,258,19215.97
2025-11-16 15:31:41.063,259,18740.4
2025-11-16 15:31:41.063,260,21213.94
2025-11-16 15:31:41.063,261,21651.57
2025-11-16 15:31:41.063,262,19707.48
2025-11-16 15:31:41.063,263,22408.76
2025-11-16 15:31:41.063,264,20373.88
2025-11-16 15:31:41.063,265,20905.3
2025-11-16 15:31:41.063,266,22827.54
2025-11-16 15:31:41.063,267,21261.97
2025-11-16 15:31:41.063,268,21406.95
2025-11-16 15:31:41.063,269,20834.94
2025-11-16 15:31:41.063,270,21166.06
2025-11-16 15:31:41.063,271,21553.27
2025-11-16 15:31:41.063,272,47161.71
2025-11-16 15:31:41.063,273,22564.54
2025-11-16 15:31:41.063,274,22880.64
2025-11-16 15:31:41.063,275,21358.47
2025-11-16 15:31:41.063,276,21553.27
2025-11-16 15:31:41.063,277,24675.34
2025-11-16 15:31:41.063,278,25185.35
2025-11-16 15:31:41.063,279,31374.49
2025-11-16 15:31:41.063,280,216173.34
2025-11-16 15:31:41.063,281,31628.31
2025-11-16 15:31:41.063,282,53378.87
2025-11-16 15:31:41.063,283,21166.06
2025-11-16 15:31:41.063,284,59181.26
2025-11-16 15:31:41.063,285,129670.22
2025-11-16 15:31:41.063,286,55833.13
2025-11-16 15:31:41.063,287,55833.13
2025-11-16 15:31:41.063,288,17531.99
2025-11-16 15:31:41.063,289,17550.68
2025-11-16 15:31:41.063,290,16822.37
2025-11-16 15:31:41.063,291,17254.68
2025-11-16 15:31:41.063,292,16232.79
2025-11-16 15:31:41.063,293,16628.76
2025-11-16 15:31:41.063,294,16215.84
2025-11-16 15:31:41.063,295,16283.77
2025-11-16 15:31:41.063,296,16114.59
2025-11-16 15:31:41.063,297,16131.41
2025-11-16 15:31:41.063,298,16249.76
2025-11-16 15:31:41.063,299,16249.76
2025-11-16 15:31:41.063,300,16283.77
2025-11-16 15:31:41.063,301,16215.84
2025-11-16 15:31:41.063,302,17218.13
2025-11-16 15:31:41.063,303,16386.33
2025-11-16 15:31:41.063,304,18142.77
2025-11-16 15:31:41.063,305,17757.91
2025-11-16 15:31:41.063,306,18181.84
2025-11-16 15:31:41.063,307,18418.55
2025-11-16 15:31:41.063,308,18498.34
2025-11-16 15:31:41.063,309,19153.06
2025-11-16 15:31:41.063,310,17309.7
2025-11-16 15:31:41.063,311,19664.09
2025-11-16 15:31:41.063,312,17420.39
2025-11-16 15:31:41.063,313,17872.27
2025-11-16 15:31:41.063,314,19838.42
2025-11-16 15:31:41.063,315,18418.55
2025-11-16 15:31:41.063,316,18478.35
2025-11-16 15:31:41.063,317,18026.2
2025-11-16 15:31:41.063,318,18181.84
2025-11-16 15:31:41.063,319,18418.55
2025-11-16 15:31:41.063,320,41397.01
2025-11-16 15:31:41.063,321,19194.97
2025-11-16 15:31:41.063,322,19729.22
2025-11-16 15:31:41.063,323,18221.02
2025-11-16 15:31:41.063,324,18221.02
2025-11-16 15:31:41.063,325,21602.34
2025-11-16 15:31:41.063,326,21651.57
2025-11-16 15:31:41.063,327,27281.39
2025-11-16 15:31:41.063,328,194675.0
2025-11-16 15:31:41.063,329,28958.97
2025-11-16 15:31:41.063,330,46449.59
2025-11-16 15:31:41.063,331,17949.02
2025-11-16 15:31:41.063,332,53378.87
2025-11-16 15:31:41.063,333,114373.48
2025-11-16 15:31:41.063,334,48810.25
2025-11-16 15:31:41.063,335,48810.25
2025-11-16 15:31:41.063,336,15347.64
2025-11-16 15:31:41.063,337,15331.81
2025-11-16 15:31:41.063,338,14624.25
2025-11-16 15:31:41.063,339,15081.15
2025-11-16 15:31:41.063,340,14183.61
2025-11-16 15:31:41.063,341,14505.19
2025-11-16 15:31:41.063,342,14328.73
2025-11-16 15:31:41.063,343,14299.57
2025-11-16 15:31:41.063,344,14328.73
2025-11-16 15:31:41.063,345,14299.57
2025-11-16 15:31:41.063,346,14212.49
2025-11-16 15:31:41.063,347,14040.19
2025-11-16 15:31:41.063,348,14241.45
2025-11-16 15:31:41.063,349,14299.57
2025-11-16 15:31:41.063,350,14926.99
2025-11-16 15:31:41.063,351,14241.45
2025-11-16 15:31:41.063,352,16131.41
2025-11-16 15:31:41.063,353,15555.25
2025-11-16 15:31:41.063,354,16114.59
2025-11-16 15:31:41.063,355,16386.33
2025-11-16 15:31:41.063,356,16182.0
2025-11-16 15:31:41.063,357,17163.47
2025-11-16 15:31:41.063,358,15363.49
2025-11-16 15:31:41.063,359,17457.49
2025-11-16 15:31:41.063,360,15081.15
2025-11-16 15:31:41.063,361,15587.49
2025-11-16 15:31:41.063,362,17757.91
2025-11-16 15:31:41.063,363,15749.92
2025-11-16 15:31:41.063,364,16317.87
2025-11-16 15:31:41.063,365,16014.12
2025-11-16 15:31:41.063,366,16047.52
2025-11-16 15:31:41.063,367,16403.5
2025-11-16 15:31:41.063,368,38291.07
2025-11-16 15:31:41.063,369,17199.88
2025-11-16 15:31:41.063,370,17606.89
2025-11-16 15:31:41.063,371,16317.87
2025-11-16 15:31:41.063,372,16369.18
2025-11-16 15:31:41.063,373,18538.4
2025-11-16 15:31:41.063,374,19491.78
2025-11-16 15:31:41.063,375,24675.34
2025-11-16 15:31:41.063,376,182175.47
2025-11-16 15:31:41.063,377,26219.28
2025-11-16 15:31:41.063,378,43277.87
2025-11-16 15:31:41.063,379,15782.65
2025-11-16 15:31:41.063,380,50021.84
2025-11-16 15:31:41.063,381,107238.9
2025-11-16 15:31:41.063,382,46138.74
2025-11-16 15:31:41.063,383,46138.74
2025-11-16 15:31:41.063,384,15237.23
2025-11-16 15:31:41.063,385,15174.57
2025-11-16 15:31:41.063,386,14594.37
2025-11-16 15:31:41.063,387,14926.99
2025-11-16 15:31:41.063,388,14040.19
2025-11-16 15:31:41.063,389,14299.57
2025-11-16 15:31:41.063,390,13954.95
2025-11-16 15:31:41.063,391,14040.19
2025-11-16 15:31:41.063,392,14040.19
2025-11-16 15:31:41.063,393,13983.3
2025-11-16 15:31:41.063,394,14083.04
2025-11-16 15:31:41.063,395,14068.74
2025-11-16 15:31:41.063,396,14198.04
2025-11-16 15:31:41.063,397,14126.04
2025-11-16 15:31:41.063,398,14850.61
2025-11-16 15:31:41.063,399,14126.04
2025-11-16 15:31:41.063,400,16014.12
2025-11-16 15:31:41.063,401,15347.64
2025-11-16 15:31:41.063,402,16165.12
2025-11-16 15:31:41.063,403,16249.76
2025-11-16 15:31:41.063,404,16283.77
2025-11-16 15:31:41.063,405,17054.83
2025-11-16 15:31:41.063,406,15300.2
2025-11-16 15:31:41.063,407,17309.7
2025-11-16 15:31:41.063,408,15539.16
2025-11-16 15:31:41.063,409,15749.92
2025-11-16 15:31:41.063,410,17795.93
2025-11-16 15:31:41.063,411,16215.84
2025-11-16 15:31:41.063,412,16352.05
2025-11-16 15:31:41.063,413,16014.12
2025-11-16 15:31:41.063,414,15881.35
2025-11-16 15:31:41.063,415,16182.0
2025-11-16 15:31:41.063,416,38291.07
2025-11-16 15:31:41.063,417,16911.3
2025-11-16 15:31:41.063,418,17569.39
2025-11-16 15:31:41.063,419,15947.57
2025-11-16 15:31:41.063,420,16198.91
2025-11-16 15:31:41.063,421,18862.97
2025-11-16 15:31:41.063,422,19406.36
2025-11-16 15:31:41.063,423,24645.8
2025-11-16 15:31:41.063,424,177764.91
2025-11-16 15:31:41.063,425,26610.43
2025-11-16 15:31:41.063,426,42590.57
2025-11-16 15:31:41.063,427,15799.05
2025-11-16 15:31:41.063,428,50110.29
2025-11-16 15:31:41.063,429,110345.59
2025-11-16 15:31:41.063,430,46061.56
2025-11-16 15:31:41.063,431,46061.56
2025-11-16 15:31:41.063,432,14911.68
2025-11-16 15:31:41.063,433,14805.01
2025-11-16 15:31:41.063,434,14140.4
2025-11-16 15:31:41.063,435,14684.21
2025-11-16 15:31:41.063,436,13702.81
2025-11-16 15:31:41.063,437,14040.19
2025-11-16 15:31:41.063,438,13647.49
2025-11-16 15:31:41.063,439,13702.81
2025-11-16 15:31:41.063,440,13675.12
2025-11-16 15:31:41.063,441,13675.12
2025-11-16 15:31:41.063,442,13828.22
2025-11-16 15:31:41.063,443,13758.38
2025-11-16 15:31:41.063,444,13842.23
2025-11-16 15:31:41.063,445,13772.32
2025-11-16 15:31:41.063,446,14416.64
2025-11-16 15:31:41.063,447,13870.31
2025-11-16 15:31:41.063,448,15555.25
2025-11-16 15:31:41.063,449,14835.39
2025-11-16 15:31:41.063,450,15587.49
2025-11-16 15:31:41.063,451,15749.92
2025-11-16 15:31:41.063,452,15815.47
2025-11-16 15:31:41.063,453,16455.14
2025-11-16 15:31:41.063,454,14896.38
2025-11-16 15:31:41.063,455,16751.64
2025-11-16 15:31:41.063,456,14624.25
2025-11-16 15:31:41.063,457,15190.2
2025-11-16 15:31:41.063,458,17127.16
2025-11-16 15:31:41.063,459,15652.22
2025-11-16 15:31:41.063,460,15603.64
2025-11-16 15:31:41.063,461,15427.09
2025-11-16 15:31:41.063,462,15523.09
2025-11-16 15:31:41.063,463,15749.92
2025-11-16 15:31:41.063,464,37227.6
2025-11-16 15:31:41.063,465,16317.87
2025-11-16 15:31:41.063,466,16911.3
2025-11-16 15:31:41.063,467,15491.01
2025-11-16 15:31:41.063,468,15652.22
2025-11-16 15:31:41.063,469,18045.56
2025-11-16 15:31:41.063,470,18618.86
2025-11-16 15:31:41.063,471,23754.24
2025-11-16 15:31:41.063,472,178630.77
2025-11-16 15:31:41.063,473,25215.81
2025-11-16 15:31:41.063,474,40630.89
2025-11-16 15:31:41.063,475,15143.35
2025-11-16 15:31:41.063,476,48305.81
2025-11-16 15:31:41.063,477,107576.14
2025-11-16 15:31:41.063,478,44054.89
2025-11-16 15:31:41.063,479,44054.89
2025-11-16 15:31:41.063,480,14564.57
2025-11-16 15:31:41.063,481,14299.57
2025-11-16 15:31:41.063,482,13716.68
2025-11-16 15:31:41.063,483,14183.61
2025-11-16 15:31:41.063,484,13280.71
2025-11-16 15:31:41.063,485,13442.32
2025-11-16 15:31:41.063,486,13254.0
2025-11-16 15:31:41.063,487,13401.71
2025-11-16 15:31:41.063,488,13294.1
2025-11-16 15:31:41.063,489,13254.0
2025-11-16 15:31:41.063,490,13428.77
2025-11-16 15:31:41.063,491,13214.03
2025-11-16 15:31:41.063,492,13428.77
2025-11-16 15:31:41.063,493,13334.34
2025-11-16 15:31:41.063,494,14212.49
2025-11-16 15:31:41.063,495,13510.31
2025-11-16 15:31:41.063,496,15300.2
2025-11-16 15:31:41.063,497,14774.7
2025-11-16 15:31:41.063,498,15395.25
2025-11-16 15:31:41.063,499,15507.04
2025-11-16 15:31:41.063,500,15507.04
2025-11-16 15:31:41.063,501,16114.59
2025-11-16 15:31:41.063,502,14387.27
2025-11-16 15:31:41.063,503,16420.69
2025-11-16 15:31:41.063,504,14669.19
2025-11-16 15:31:41.063,505,14774.7
2025-11-16 15:31:41.063,506,16947.04
2025-11-16 15:31:41.063,507,15523.09
2025-11-16 15:31:41.063,508,15555.25
2025-11-16 15:31:41.063,509,15081.15
2025-11-16 15:31:41.063,510,15096.68
2025-11-16 15:31:41.063,511,15395.25
2025-11-16 15:31:41.063,512,36473.41
2025-11-16 15:31:41.063,513,16064.26
2025-11-16 15:31:41.063,514,16698.84
2025-11-16 15:31:41.063,515,15331.81
2025-11-16 15:31:41.063,516,15539.16
2025-11-16 15:31:41.063,517,18162.29
2025-11-16 15:31:41.063,518,18458.39
2025-11-16 15:31:41.063,519,23642.52
2025-11-16 15:31:41.063,520,164172.88
2025-11-16 15:31:41.063,521,25276.9
2025-11-16 15:31:41.063,522,41267.73
2025-11-16 15:31:41.063,523,15112.21
2025-11-16 15:31:41.063,524,48139.58
2025-11-16 15:31:41.063,525,107576.14
2025-11-16 15:31:41.063,526,44561.25
2025-11-16 15:31:41.063,527,44561.25
2025-11-16 15:31:41.063,528,14624.25
2025-11-16 15:31:41.063,529,14549.7
2025-11-16 15:31:41.063,530,13898.46
2025-11-16 15:31:41.063,531,14299.57
2025-11-16 15:31:41.063,532,13334.34
2025-11-16 15:31:41.063,533,13647.49
2025-11-16 15:31:41.063,534,13374.71
2025-11-16 15:31:41.063,535,13483.07
2025-11-16 15:31:41.063,536,13483.07
2025-11-16 15:31:41.063,537,13374.71
2025-11-16 15:31:41.063,538,13401.71
2025-11-16 15:31:41.063,539,13401.71
2025-11-16 15:31:41.063,540,13483.07
2025-11-16 15:31:41.063,541,13483.07
2025-11-16 15:31:41.063,542,14534.84
2025-11-16 15:31:41.063,543,13730.56
2025-11-16 15:31:41.063,544,15523.09
2025-11-16 15:31:41.063,545,14744.46
2025-11-16 15:31:41.063,546,15491.01
2025-11-16 15:31:41.063,547,15587.49
2025-11-16 15:31:41.063,548,15587.49
2025-11-16 15:31:41.063,549,16182.0
2025-11-16 15:31:41.063,550,14654.19
2025-11-16 15:31:41.063,551,16716.42
2025-11-16 15:31:41.063,552,14926.99
2025-11-16 15:31:41.063,553,14896.38
2025-11-16 15:31:41.063,554,17054.83
2025-11-16 15:31:41.063,555,15749.92
2025-11-16 15:31:41.063,556,15379.36
2025-11-16 15:31:41.063,557,15347.64
2025-11-16 15:31:41.063,558,15268.68
2025-11-16 15:31:41.063,559,15587.49
2025-11-16 15:31:41.063,560,36955.46
2025-11-16 15:31:41.063,561,16114.59
2025-11-16 15:31:41.063,562,16751.64
2025-11-16 15:31:41.063,563,15363.49
2025-11-16 15:31:41.063,564,15652.22
2025-11-16 15:31:41.063,565,18221.02
2025-11-16 15:31:41.063,566,18538.4
2025-11-16 15:31:41.063,567,23642.52
2025-11-16 15:31:41.063,568,171113.94
2025-11-16 15:31:41.063,569,25585.55
2025-11-16 15:31:41.063,570,41332.29
2025-11-16 15:31:41.063,571,15143.35
2025-11-16 15:31:41.063,572,48473.0
2025-11-16 15:31:41.063,573,107576.14
2025-11-16 15:31:41.063,574,44707.67
2025-11-16 15:31:41.063,575,44707.67
2025-11-16 15:31:41.063,576,14520.01
2025-11-16 15:31:41.063,577,14372.61
2025-11-16 15:31:41.063,578,13730.56
2025-11-16 15:31:41.063,579,14328.73
2025-11-16 15:31:41.063,580,13320.91
2025-11-16 15:31:41.063,581,13688.95
2025-11-16 15:31:41.063,582,13374.71
2025-11-16 15:31:41.063,583,13428.77
2025-11-16 15:31:41.063,584,13334.34
2025-11-16 15:31:41.063,585,13254.0
2025-11-16 15:31:41.063,586,13388.2
2025-11-16 15:31:41.063,587,13320.91
2025-11-16 15:31:41.063,588,13401.71
2025-11-16 15:31:41.063,589,13320.91
2025-11-16 15:31:41.063,590,14198.04
2025-11-16 15:31:41.063,591,13592.43
2025-11-16 15:31:41.063,592,15237.23
2025-11-16 15:31:41.063,593,14744.46
2025-11-16 15:31:41.063,594,15174.57
2025-11-16 15:31:41.063,595,15347.64
2025-11-16 15:31:41.063,596,15395.25
2025-11-16 15:31:41.063,597,16064.26
2025-11-16 15:31:41.063,598,14241.45
2025-11-16 15:31:41.063,599,16215.84
2025-11-16 15:31:41.063,600,14594.37
2025-11-16 15:31:41.063,601,14684.21
2025-11-16 15:31:41.063,602,16751.64
2025-11-16 15:31:41.063,603,15331.81
2025-11-16 15:31:41.063,604,15268.68
2025-11-16 15:31:41.063,605,14850.61
2025-11-16 15:31:41.063,606,14865.85
2025-11-16 15:31:41.063,607,14564.57
2025-11-16 15:31:41.063,608,36157.48
2025-11-16 15:31:41.063,609,15491.01
2025-11-16 15:31:41.063,610,16455.14
2025-11-16 15:31:41.063,611,15143.35
2025-11-16 15:31:41.063,612,15411.16
2025-11-16 15:31:41.063,613,18260.31
2025-11-16 15:31:41.063,614,17910.59
2025-11-16 15:31:41.063,615,23421.27
2025-11-16 15:31:41.063,616,165668.98
2025-11-16 15:31:41.063,617,24973.54
2025-11-16 15:31:41.063,618,40505.41
2025-11-16 15:31:41.063,619,14805.01
2025-11-16 15:31:41.063,620,47001.92
2025-11-16 15:31:41.063,621,105255.28
2025-11-16 15:31:41.063,622,43277.87
2025-11-16 15:31:41.063,623,43277.87
2025-11-16 15:31:41.063,624,14416.64
2025-11-16 15:31:41.063,625,14505.19
2025-11-16 15:31:41.063,626,13842.23
2025-11-16 15:31:41.063,627,14299.57
2025-11-16 15:31:41.063,628,13160.96
2025-11-16 15:31:41.063,629,13442.32
2025-11-16 15:31:41.063,630,13320.91
2025-11-16 15:31:41.063,631,13320.91
2025-11-16 15:31:41.063,632,13240.66
2025-11-16 15:31:41.063,633,13254.0
2025-11-16 15:31:41.063,634,13455.89
2025-11-16 15:31:41.063,635,13267.35
2025-11-16 15:31:41.063,636,13294.1
2025-11-16 15:31:41.063,637,13388.2
2025-11-16 15:31:41.063,638,14198.04
2025-11-16 15:31:41.063,639,13428.77
2025-11-16 15:31:41.063,640,15237.23
2025-11-16 15:31:41.063,641,14639.21
2025-11-16 15:31:41.063,642,15174.57
2025-11-16 15:31:41.063,643,15523.09
2025-11-16 15:31:41.063,644,15395.25
2025-11-16 15:31:41.063,645,16114.59
2025-11-16 15:31:41.063,646,14534.84
2025-11-16 15:31:41.063,647,16352.05
2025-11-16 15:31:41.063,648,14744.46
2025-11-16 15:31:41.063,649,14881.11
2025-11-16 15:31:41.063,650,16875.66
2025-11-16 15:31:41.063,651,15555.25
2025-11-16 15:31:41.063,652,15363.49
2025-11-16 15:31:41.063,653,15081.15
2025-11-16 15:31:41.063,654,15143.35
2025-11-16 15:31:41.063,655,15268.68
2025-11-16 15:31:41.063,656,36105.25
2025-11-16 15:31:41.063,657,15914.42
2025-11-16 15:31:41.063,658,16352.05
2025-11-16 15:31:41.063,659,15300.2
2025-11-16 15:31:41.063,660,15555.25
2025-11-16 15:31:41.063,661,18162.29
2025-11-16 15:31:41.063,662,18498.34
2025-11-16 15:31:41.063,663,23698.29
2025-11-16 15:31:41.063,664,164172.88
2025-11-16 15:31:41.063,665,25215.81
2025-11-16 15:31:41.063,666,41203.32
2025-11-16 15:31:41.063,667,14896.38
2025-11-16 15:31:41.063,668,47322.41
2025-11-16 15:31:41.063,669,106570.16
2025-11-16 15:31:41.063,670,44126.66
2025-11-16 15:31:41.063,671,44126.66
2025-11-16 15:31:41.063,672,14314.14
2025-11-16 15:31:41.063,673,14270.47
2025-11-16 15:31:41.063,674,13702.81
2025-11-16 15:31:41.063,675,14083.04
2025-11-16 15:31:41.063,676,13401.71
2025-11-16 15:31:41.063,677,13675.12
2025-11-16 15:31:41.063,678,13455.89
2025-11-16 15:31:41.063,679,13442.32
2025-11-16 15:31:41.063,680,13469.47
2025-11-16 15:31:41.063,681,13388.2
2025-11-16 15:31:41.063,682,13483.07
2025-11-16 15:31:41.063,683,13483.07
2025-11-16 15:31:41.063,684,13496.68
2025-11-16 15:31:41.063,685,13455.89
2025-11-16 15:31:41.063,686,14387.27
2025-11-16 15:31:41.063,687,13675.12
2025-11-16 15:31:41.063,688,15331.81
2025-11-16 15:31:41.063,689,14774.7
2025-11-16 15:31:41.063,690,15523.09
2025-11-16 15:31:41.063,691,15587.49
2025-11-16 15:31:41.063,692,15766.28
2025-11-16 15:31:41.063,693,16317.87
2025-11-16 15:31:41.063,694,14684.21
2025-11-16 15:31:41.063,695,16698.84
2025-11-16 15:31:41.063,696,15019.26
2025-11-16 15:31:41.063,697,15081.15
2025-11-16 15:31:41.063,698,17254.68
2025-11-16 15:31:41.063,699,15749.92
2025-11-16 15:31:41.063,700,15587.49
2025-11-16 15:31:41.063,701,15427.09
2025-11-16 15:31:41.063,702,15491.01
2025-11-16 15:31:41.063,703,15587.49
2025-11-16 15:31:41.063,704,37118.37
2025-11-16 15:31:41.063,705,16386.33
2025-11-16 15:31:41.063,706,17000.83
2025-11-16 15:31:41.063,707,15603.64
2025-11-16 15:31:41.063,708,15799.05
2025-11-16 15:31:41.063,709,18598.7
2025-11-16 15:31:41.063,710,18740.4
2025-11-16 15:31:41.063,711,23810.38
2025-11-16 15:31:41.063,712,174379.52
2025-11-16 15:31:41.063,713,25647.93
2025-11-16 15:31:41.063,714,41723.1
2025-11-16 15:31:41.063,715,15205.86
2025-11-16 15:31:41.063,716,48305.81
2025-11-16 15:31:41.063,717,107238.9
2025-11-16 15:31:41.063,718,44854.87
2025-11-16 15:31:41.063,719,44854.87
2025-11-16 15:31:41.063,720,14534.84
2025-11-16 15:31:41.063,721,14416.64
2025-11-16 15:31:41.063,722,13969.12
2025-11-16 15:31:41.063,723,14357.96
2025-11-16 15:31:41.063,724,13496.68
2025-11-16 15:31:41.063,725,13716.68
2025-11-16 15:31:41.063,726,13619.93
2025-11-16 15:31:41.063,727,13647.49
2025-11-16 15:31:41.063,728,13647.49
2025-11-16 15:31:41.063,729,13483.07
2025-11-16 15:31:41.063,730,13483.07
2025-11-16 15:31:41.063,731,13619.93
2025-11-16 15:31:41.063,732,13633.7
2025-11-16 15:31:41.063,733,13592.43
2025-11-16 15:31:41.063,734,14431.36
2025-11-16 15:31:41.063,735,13647.49
2025-11-16 15:31:41.063,736,15427.09
2025-11-16 15:31:41.063,737,14850.61
2025-11-16 15:31:41.063,738,15507.04
2025-11-16 15:31:41.063,739,15619.82
2025-11-16 15:31:41.063,740,15507.04
2025-11-16 15:31:41.063,741,16283.77
2025-11-16 15:31:41.063,742,14744.46
2025-11-16 15:31:41.063,743,16455.14
2025-11-16 15:31:41.063,744,14865.85
2025-11-16 15:31:41.063,745,15019.26
2025-11-16 15:31:41.063,746,17036.8
2025-11-16 15:31:41.063,747,15684.7
2025-11-16 15:31:41.063,748,15555.25
2025-11-16 15:31:41.063,749,15363.49
2025-11-16 15:31:41.063,750,15284.43
2025-11-16 15:31:41.063,751,15619.82
2025-11-16 15:31:41.063,752,36579.68
2025-11-16 15:31:41.063,753,16283.77
2025-11-16 15:31:41.063,754,16875.66
2025-11-16 15:31:41.063,755,15571.36
2025-11-16 15:31:41.063,756,15684.7
2025-11-16 15:31:41.063,757,18458.39
2025-11-16 15:31:41.063,758,18339.21
2025-11-16 15:31:41.063,759,23866.7
2025-11-16 15:31:41.063,760,171113.94
2025-11-16 15:31:41.063,761,25554.44
2025-11-16 15:31:41.063,762,41526.96
2025-11-16 15:31:41.063,763,15331.81
2025-11-16 15:31:41.063,764,48139.58
2025-11-16 15:31:41.063,765,105255.28
2025-11-16 15:31:41.063,766,43769.74
2025-11-16 15:31:41.063,767,43769.74
2025-11-16 15:31:41.063,768,14835.39
2025-11-16 15:31:41.063,769,14805.01
2025-11-16 15:31:41.063,770,14140.4
2025-11-16 15:31:41.063,771,14624.25
2025-11-16 15:31:41.063,772,13510.31
2025-11-16 15:31:41.063,773,13926.67
2025-11-16 15:31:41.063,774,13688.95
2025-11-16 15:31:41.063,775,13675.12
2025-11-16 15:31:41.063,776,13758.38
2025-11-16 15:31:41.063,777,13702.81
2025-11-16 15:31:41.063,778,13842.23
2025-11-16 15:31:41.063,779,13730.56
2025-11-16 15:31:41.063,780,13758.38
2025-11-16 15:31:41.063,781,13510.31
2025-11-16 15:31:41.063,782,14328.73
2025-11-16 15:31:41.063,783,13744.46
2025-11-16 15:31:41.063,784,15619.82
2025-11-16 15:31:41.063,785,14957.67
2025-11-16 15:31:41.063,786,15347.64
2025-11-16 15:31:41.063,787,15782.65
2025-11-16 15:31:41.063,788,15749.92
2025-11-16 15:31:41.063,789,16386.33
2025-11-16 15:31:41.063,790,14881.11
2025-11-16 15:31:41.063,791,16769.29
2025-11-16 15:31:41.063,792,15158.95
2025-11-16 15:31:41.063,793,15190.2
2025-11-16 15:31:41.063,794,17272.99
2025-11-16 15:31:41.063,795,16014.12
2025-11-16 15:31:41.063,796,15881.35
2025-11-16 15:31:41.063,797,15571.36
2025-11-16 15:31:41.063,798,15523.09
2025-11-16 15:31:41.063,799,15897.87
2025-11-16 15:31:41.063,800,37118.37
2025-11-16 15:31:41.063,801,16734.02
2025-11-16 15:31:41.063,802,17218.13
2025-11-16 15:31:41.063,803,15881.35
2025-11-16 15:31:41.063,804,16047.52
2025-11-16 15:31:41.063,805,18699.77
2025-11-16 15:31:41.063,806,19132.14
2025-11-16 15:31:41.063,807,24237.42
2025-11-16 15:31:41.063,808,176056.81
2025-11-16 15:31:41.063,809,25994.93
2025-11-16 15:31:41.063,810,42320.58
2025-11-16 15:31:41.063,811,15619.82
2025-11-16 15:31:41.063,812,48810.25
2025-11-16 15:31:41.063,813,109291.9
2025-11-16 15:31:41.063,814,45226.35
2025-11-16 15:31:41.063,815,45226.35
2025-11-16 15:31:41.063,816,15081.15
2025-11-16 15:31:41.063,817,14896.38
2025-11-16 15:31:41.063,818,14183.61
2025-11-16 15:31:41.063,819,14744.46
2025-11-16 15:31:41.063,820,13870.31
2025-11-16 15:31:41.063,821,13954.95
2025-11-16 15:31:41.063,822,13828.22
2025-11-16 15:31:41.063,823,13870.31
2025-11-16 15:31:41.063,824,13926.67
2025-11-16 15:31:41.063,825,13870.31
2025-11-16 15:31:41.063,826,13926.67
2025-11-16 15:31:41.063,827,13926.67
2025-11-16 15:31:41.063,828,13983.3
2025-11-16 15:31:41.063,829,13884.38
2025-11-16 15:31:41.063,830,14564.57
2025-11-16 15:31:41.063,831,13983.3
2025-11-16 15:31:41.063,832,15782.65
2025-11-16 15:31:41.063,833,15050.17
2025-11-16 15:31:41.063,834,15684.7
2025-11-16 15:31:41.063,835,15815.47
2025-11-16 15:31:41.063,836,15619.82
2025-11-16 15:31:41.063,837,16215.84
2025-11-16 15:31:41.063,838,14835.39
2025-11-16 15:31:41.063,839,16911.3
2025-11-16 15:31:41.063,840,15300.2
2025-11-16 15:31:41.063,841,15284.43
2025-11-16 15:31:41.063,842,17531.99
2025-11-16 15:31:41.063,843,16081.01
2025-11-16 15:31:41.063,844,16047.52
2025-11-16 15:31:41.063,845,15815.47
2025-11-16 15:31:41.063,846,15799.05
2025-11-16 15:31:41.063,847,16081.01
2025-11-16 15:31:41.063,848,38463.37
2025-11-16 15:31:41.063,849,16840.11
2025-11-16 15:31:41.063,850,17309.7
2025-11-16 15:31:41.063,851,15947.57
2025-11-16 15:31:41.063,852,16182.0
2025-11-16 15:31:41.063,853,19111.26
2025-11-16 15:31:41.063,854,19153.06
2025-11-16 15:31:41.063,855,24469.6
2025-11-16 15:31:41.063,856,180386.63
2025-11-16 15:31:41.063,857,26283.89
2025-11-16 15:31:41.063,858,43557.83
2025-11-16 15:31:41.063,859,15668.45
2025-11-16 15:31:41.063,860,49845.72
2025-11-16 15:31:41.063,861,107915.35
2025-11-16 15:31:41.063,862,46061.56
2025-11-16 15:31:41.063,863,46061.56
2025-11-16 15:31:41.063,864,15491.01
2025-11-16 15:31:41.063,865,15331.81
2025-11-16 15:31:41.063,866,14579.46
2025-11-16 15:31:41.063,867,15081.15
2025-11-16 15:31:41.063,868,14068.74
2025-11-16 15:31:41.063,869,14520.01
2025-11-16 15:31:41.063,870,14126.04
2025-11-16 15:31:41.063,871,14299.57
2025-11-16 15:31:41.063,872,14169.19
2025-11-16 15:31:41.063,873,14154.79
2025-11-16 15:31:41.063,874,14299.57
2025-11-16 15:31:41.063,875,14212.49
2025-11-16 15:31:41.063,876,14372.61
2025-11-16 15:31:41.063,877,14212.49
2025-11-16 15:31:41.063,878,14881.11
2025-11-16 15:31:41.063,879,14212.49
2025-11-16 15:31:41.063,880,16081.01
2025-11-16 15:31:41.063,881,15174.57
2025-11-16 15:31:41.063,882,15749.92
2025-11-16 15:31:41.063,883,16198.91
2025-11-16 15:31:41.063,884,15619.82
2025-11-16 15:31:41.063,885,16628.76
2025-11-16 15:31:41.063,886,15300.2
2025-11-16 15:31:41.063,887,16911.3
2025-11-16 15:31:41.063,888,15363.49
2025-11-16 15:31:41.063,889,15379.36
2025-11-16 15:31:41.063,890,17720.0
2025-11-16 15:31:41.063,891,16215.84
2025-11-16 15:31:41.063,892,16148.25
2025-11-16 15:31:41.063,893,15897.87
2025-11-16 15:31:41.063,894,15914.42
2025-11-16 15:31:41.063,895,16215.84
2025-11-16 15:31:41.063,896,37558.35
2025-11-16 15:31:41.063,897,17000.83
2025-11-16 15:31:41.063,898,17494.69
2025-11-16 15:31:41.063,899,16047.52
2025-11-16 15:31:41.063,900,16283.77
2025-11-16 15:31:41.063,901,19069.58
2025-11-16 15:31:41.063,902,19363.84
2025-11-16 15:31:41.063,903,24498.84
2025-11-16 15:31:41.063,904,176906.95
2025-11-16 15:31:41.063,905,26479.11
2025-11-16 15:31:41.063,906,42658.5
2025-11-16 15:31:41.063,907,15914.42
2025-11-16 15:31:41.063,908,48895.18
2025-11-16 15:31:41.063,909,107915.35
2025-11-16 15:31:41.063,910,45602.89
2025-11-16 15:31:41.063,911,45602.89
2025-11-16 15:31:41.063,912,18458.39
2025-11-16 15:31:41.063,913,18378.83
2025-11-16 15:31:41.063,914,17272.99
2025-11-16 15:31:41.063,915,17929.79
2025-11-16 15:31:41.063,916,17218.13
2025-11-16 15:31:41.063,917,17272.99
2025-11-16 15:31:41.063,918,16840.11
2025-11-16 15:31:41.063,919,16947.04
2025-11-16 15:31:41.063,920,17054.83
2025-11-16 15:31:41.063,921,16875.66
2025-11-16 15:31:41.063,922,16947.04
2025-11-16 15:31:41.063,923,17036.8
2025-11-16 15:31:41.063,924,17127.16
2025-11-16 15:31:41.063,925,17018.8
2025-11-16 15:31:41.063,926,17569.39
2025-11-16 15:31:41.063,927,17054.83
2025-11-16 15:31:41.063,928,18822.0
2025-11-16 15:31:41.063,929,18162.29
2025-11-16 15:31:41.063,930,19028.03
2025-11-16 15:31:41.063,931,19363.84
2025-11-16 15:31:41.063,932,18760.76
2025-11-16 15:31:41.063,933,19664.09
2025-11-16 15:31:41.063,934,18064.95
2025-11-16 15:31:41.063,935,19174.0
2025-11-16 15:31:41.063,936,18181.84
2025-11-16 15:31:41.063,937,18378.83
2025-11-16 15:31:41.063,938,20834.94
2025-11-16 15:31:41.063,939,19534.67
2025-11-16 15:31:41.063,940,19470.38
2025-11-16 15:31:41.063,941,19111.26
2025-11-16 15:31:41.063,942,19028.03
2025-11-16 15:31:41.063,943,19513.2
2025-11-16 15:31:41.063,944,43557.83
2025-11-16 15:31:41.063,945,20193.28
2025-11-16 15:31:41.063,946,20881.81
2025-11-16 15:31:41.063,947,18862.97
2025-11-16 15:31:41.063,948,19385.09
2025-11-16 15:31:41.063,949,22616.81
2025-11-16 15:31:41.063,950,22854.06
2025-11-16 15:31:41.063,951,28699.64
2025-11-16 15:31:41.063,952,210090.06
2025-11-16 15:31:41.063,953,30876.0
2025-11-16 15:31:41.063,954,48980.34
2025-11-16 15:31:41.063,955,19111.26
2025-11-16 15:31:41.063,956,56693.92
2025-11-16 15:31:41.063,957,126408.34
2025-11-16 15:31:41.063,958,52600.88
2025-11-16 15:31:41.063,959,52600.88
2025-11-16 15:31:41.063,960,40820.27
2025-11-16 15:31:41.063,961,40630.89
2025-11-16 15:31:41.063,962,39887.21
2025-11-16 15:31:41.063,963,40380.55
2025-11-16 15:31:41.063,964,38811.68
2025-11-16 15:31:41.063,965,39704.69
2025-11-16 15:31:41.063,966,38695.02
2025-11-16 15:31:41.063,967,39403.42
2025-11-16 15:31:41.063,968,38753.28
2025-11-16 15:31:41.063,969,38695.02
2025-11-16 15:31:41.063,970,38578.92
2025-11-16 15:31:41.063,971,39165.01
2025-11-16 15:31:41.063,972,37837.53
2025-11-16 15:31:41.063,973,38578.92
2025-11-16 15:31:41.063,974,39523.48
2025-11-16 15:31:41.063,975,38578.92
2025-11-16 15:31:41.063,976,40756.99
2025-11-16 15:31:41.063,977,39343.6
2025-11-16 15:31:41.063,978,36157.48
2025-11-16 15:31:41.063,979,38811.68
2025-11-16 15:31:41.063,980,37669.63
2025-11-16 15:31:41.063,981,38348.37
2025-11-16 15:31:41.063,982,38695.02
2025-11-16 15:31:41.063,983,36686.43
2025-11-16 15:31:41.063,984,37172.92
2025-11-16 15:31:41.063,985,38006.61
2025-11-16 15:31:41.063,986,38811.68
2025-11-16 15:31:41.063,987,33776.39
2025-11-16 15:31:41.063,988,41075.0
2025-11-16 15:31:41.063,989,40505.41
2025-11-16 15:31:41.063,990,41267.73
2025-11-16 15:31:41.063,991,43983.32
2025-11-16 15:31:41.063,992,84035.92
2025-11-16 15:31:41.063,993,43840.75
2025-11-16 15:31:41.063,994,40883.72
2025-11-16 15:31:41.063,995,40132.67
2025-11-16 15:31:41.063,996,41788.82
2025-11-16 15:31:41.063,997,45301.25
2025-11-16 15:31:41.063,998,45226.35
2025-11-16 15:31:41.063,999,53182.58
2025-11-16 15:31:41.063,1000,403612.41
2025-11-16 15:31:41.063,1001,61860.94
2025-11-16 15:31:41.063,1002,94900.64
2025-11-16 15:31:41.063,1003,40820.27
2025-11-16 15:31:41.063,1004,100577.7
2025-11-16 15:31:41.063,1005,217430.56
2025-11-16 15:31:41.063,1006,99687.32
2025-11-16 15:31:41.063,1007,99687.32
2025-11-16 15:31:41.063,1008,55939.52
2025-11-16 15:31:41.063,1009,56153.31
2025-11-16 15:31:41.063,1010,56476.62
2025-11-16 15:31:41.063,1011,56912.64
2025-11-16 15:31:41.063,1012,53378.87
2025-11-16 15:31:41.063,1013,53084.88
2025-11-16 15:31:41.063,1014,53084.88
2025-11-16 15:31:41.063,1015,53378.87
2025-11-16 15:31:41.063,1016,52793.59
2025-11-16 15:31:41.063,1017,51841.71
2025-11-16 15:31:41.063,1018,54378.94
2025-11-16 15:31:41.063,1019,54378.94
2025-11-16 15:31:41.063,1020,52793.59
2025-11-16 15:31:41.063,1021,52793.59
2025-11-16 15:31:41.063,1022,54277.52
2025-11-16 15:31:41.063,1023,53378.87
2025-11-16 15:31:41.063,1024,56046.25
2025-11-16 15:31:41.063,1025,54075.63
2025-11-16 15:31:41.063,1026,47403.09
2025-11-16 15:31:41.063,1027,52793.59
2025-11-16 15:31:41.063,1028,45602.89
2025-11-16 15:31:41.063,1029,48641.14
2025-11-16 15:31:41.063,1030,51841.71
2025-11-16 15:31:41.063,1031,37502.91
2025-11-16 15:31:41.063,1032,50021.84
2025-11-16 15:31:41.063,1033,50199.01
2025-11-16 15:31:41.063,1034,48810.25
2025-11-16 15:31:41.063,1035,49670.62
2025-11-16 15:31:41.063,1036,52600.88
2025-11-16 15:31:41.063,1037,52029.78
2025-11-16 15:31:41.063,1038,52890.38
2025-11-16 15:31:41.063,1039,57354.41
2025-11-16 15:31:41.063,1040,102402.48
2025-11-16 15:31:41.063,1041,56476.62
2025-11-16 15:31:41.063,1042,48556.95
2025-11-16 15:31:41.063,1043,50287.98
2025-11-16 15:31:41.063,1044,53182.58
2025-11-16 15:31:41.063,1045,53975.16
2025-11-16 15:31:41.063,1046,52697.09
2025-11-16 15:31:41.063,1047,57354.41
2025-11-16 15:31:41.063,1048,477494.09
2025-11-16 15:31:41.063,1049,79896.98
2025-11-16 15:31:41.063,1050,112143.66
2025-11-16 15:31:41.063,1051,52600.88
2025-11-16 15:31:41.063,1052,127787.46
2025-11-16 15:31:41.063,1053,259348.69
2025-11-16 15:31:41.063,1054,118276.26
2025-11-16 15:31:41.063,1055,118276.26
2025-11-16 15:31:41.063,1056,43417.48
2025-11-16 15:31:41.063,1057,43983.32
2025-11-16 15:31:41.063,1058,42455.23
2025-11-16 15:31:41.063,1059,43769.74
2025-11-16 15:31:41.063,1060,41526.96
2025-11-16 15:31:41.063,1061,41920.75
2025-11-16 15:31:41.063,1062,41788.82
2025-11-16 15:31:41.063,1063,41267.73
2025-11-16 15:31:41.063,1064,41526.96
2025-11-16 15:31:41.063,1065,40693.86
2025-11-16 15:31:41.063,1066,41267.73
2025-11-16 15:31:41.063,1067,41267.73
2025-11-16 15:31:41.063,1068,41526.96
2025-11-16 15:31:41.063,1069,40756.99
2025-11-16 15:31:41.063,1070,41657.55
2025-11-16 15:31:41.063,1071,41267.73
2025-11-16 15:31:41.063,1072,42590.57
2025-11-16 15:31:41.063,1073,41461.9
2025-11-16 15:31:41.063,1074,33823.5
2025-11-16 15:31:41.063,1075,41526.96
2025-11-16 15:31:41.063,1076,32320.6
2025-11-16 15:31:41.063,1077,32900.21
2025-11-16 15:31:41.063,1078,40693.86
2025-11-16 15:31:41.063,1079,34252.03
2025-11-16 15:31:41.063,1080,35285.2
2025-11-16 15:31:41.063,1081,38695.02
2025-11-16 15:31:41.063,1082,35640.36
2025-11-16 15:31:41.063,1083,37893.76
2025-11-16 15:31:41.063,1084,40256.3
2025-11-16 15:31:41.063,1085,41139.08
2025-11-16 15:31:41.063,1086,40883.72
2025-11-16 15:31:41.063,1087,45151.65
2025-11-16 15:31:41.063,1088,84909.8
2025-11-16 15:31:41.063,1089,45754.95
2025-11-16 15:31:41.063,1090,41397.01
2025-11-16 15:31:41.063,1091,40630.89
2025-11-16 15:31:41.063,1092,41657.55
2025-11-16 15:31:41.063,1093,45831.29
2025-11-16 15:31:41.063,1094,43698.91
2025-11-16 15:31:41.063,1095,49151.41
2025-11-16 15:31:41.063,1096,399475.0
2025-11-16 15:31:41.063,1097,64483.38
2025-11-16 15:31:41.063,1098,91512.71
2025-11-16 15:31:41.063,1099,42253.52
2025-11-16 15:31:41.063,1100,113248.5
2025-11-16 15:31:41.063,1101,232241.86
2025-11-16 15:31:41.063,1102,102094.18
2025-11-16 15:31:41.063,1103,102094.18
2025-11-16 15:31:41.063,1104,57577.48
2025-11-16 15:31:41.063,1105,55833.13
2025-11-16 15:31:41.063,1106,55939.52
2025-11-16 15:31:41.063,1107,57577.48
2025-11-16 15:31:41.063,1108,55201.96
2025-11-16 15:31:41.063,1109,55621.39
2025-11-16 15:31:41.063,1110,55097.93
2025-11-16 15:31:41.063,1111,56476.62
2025-11-16 15:31:41.063,1112,56153.31
2025-11-16 15:31:41.063,1113,54582.74
2025-11-16 15:31:41.063,1114,55833.13
2025-11-16 15:31:41.063,1115,55621.39
2025-11-16 15:31:41.063,1116,55621.39
2025-11-16 15:31:41.063,1117,55727.09
2025-11-16 15:31:41.063,1118,56912.64
2025-11-16 15:31:41.063,1119,55621.39
2025-11-16 15:31:41.063,1120,57914.87
2025-11-16 15:31:41.063,1121,55621.39
2025-11-16 15:31:41.063,1122,48980.34
2025-11-16 15:31:41.063,1123,55201.96
2025-11-16 15:31:41.063,1124,52793.59
2025-11-16 15:31:41.063,1125,52987.48
2025-11-16 15:31:41.063,1126,56046.25
2025-11-16 15:31:41.063,1127,50466.71
2025-11-16 15:31:41.063,1128,49065.75
2025-11-16 15:31:41.063,1129,53378.87
2025-11-16 15:31:41.063,1130,49670.62
2025-11-16 15:31:41.063,1131,53378.87
2025-11-16 15:31:41.063,1132,51654.79
2025-11-16 15:31:41.063,1133,54378.94
2025-11-16 15:31:41.063,1134,53477.48
2025-11-16 15:31:41.063,1135,60132.29
2025-11-16 15:31:41.063,1136,107576.14
2025-11-16 15:31:41.063,1137,59772.61
2025-11-16 15:31:41.063,1138,53182.58
2025-11-16 15:31:41.063,1139,51748.12
2025-11-16 15:31:41.063,1140,55621.39
2025-11-16 15:31:41.063,1141,61860.94
2025-11-16 15:31:41.063,1142,56476.62
2025-11-16 15:31:41.063,1143,65586.65
2025-11-16 15:31:41.063,1144,521823.06
2025-11-16 15:31:41.063,1145,86251.47
2025-11-16 15:31:41.063,1146,121579.19
2025-11-16 15:31:41.063,1147,56912.64
2025-11-16 15:31:41.063,1148,154372.98
2025-11-16 15:31:41.063,1149,297844.91
2025-11-16 15:31:41.063,1150,135640.13
2025-11-16 15:31:41.063,1151,135640.13
2025-11-16 15:31:41.063,1152,91512.71
2025-11-16 15:31:41.063,1153,89051.75
2025-11-16 15:31:41.063,1154,90021.7
2025-11-16 15:31:41.063,1155,89777.44
2025-11-16 15:31:41.063,1156,86251.47
2025-11-16 15:31:41.063,1157,86707.14
2025-11-16 15:31:41.063,1158,87398.81
2025-11-16 15:31:41.063,1159,88336.55
2025-11-16 15:31:41.063,1160,85352.86
2025-11-16 15:31:41.063,1161,84909.8
2025-11-16 15:31:41.063,1162,86251.47
2025-11-16 15:31:41.063,1163,85352.86
2025-11-16 15:31:41.063,1164,81508.11
2025-11-16 15:31:41.063,1165,84035.92
2025-11-16 15:31:41.063,1166,86251.47
2025-11-16 15:31:41.063,1167,84909.8
2025-11-16 15:31:41.063,1168,90513.82
2025-11-16 15:31:41.063,1169,86478.77
2025-11-16 15:31:41.063,1170,79112.48
2025-11-16 15:31:41.063,1171,86936.61
2025-11-16 15:31:41.063,1172,83604.98
2025-11-16 15:31:41.063,1173,86936.61
2025-11-16 15:31:41.063,1174,88812.2
2025-11-16 15:31:41.063,1175,85352.86
2025-11-16 15:31:41.063,1176,81508.11
2025-11-16 15:31:41.063,1177,78725.33
2025-11-16 15:31:41.063,1178,84035.92
2025-11-16 15:31:41.063,1179,84909.8
2025-11-16 15:31:41.063,1180,73981.77
2025-11-16 15:31:41.063,1181,82754.82
2025-11-16 15:31:41.063,1182,74678.3
2025-11-16 15:31:41.063,1183,90513.82
2025-11-16 15:31:41.063,1184,142710.81
2025-11-16 15:31:41.063,1185,86478.77
2025-11-16 15:31:41.063,1186,75030.93
2025-11-16 15:31:41.063,1187,71631.49
2025-11-16 15:31:41.063,1188,75030.93
2025-11-16 15:31:41.063,1189,87631.56
2025-11-16 15:31:41.063,1190,64893.32
2025-11-16 15:31:41.063,1191,74678.3
2025-11-16 15:31:41.063,1192,734602.25
2025-11-16 15:31:41.063,1193,123295.2
2025-11-16 15:31:41.063,1194,153715.0
2025-11-16 15:31:41.063,1195,74678.3
2025-11-16 15:31:41.063,1196,213700.14
2025-11-16 15:31:41.063,1197,399475.0
2025-11-16 15:31:41.063,1198,184922.63
2025-11-16 15:31:41.063,1199,184922.63
2025-11-16 15:31:41.063,1200,328387.41
2025-11-16 15:31:41.063,1201,297844.91
2025-11-16 15:31:41.063,1202,334076.69
2025-11-16 15:31:41.063,1203,328387.41
2025-11-16 15:31:41.063,1204,325612.69
2025-11-16 15:31:41.063,1205,322883.13
2025-11-16 15:31:41.063,1206,312394.69
2025-11-16 15:31:41.063,1207,320197.59
2025-11-16 15:31:41.063,1208,322883.13
2025-11-16 15:31:41.063,1209,288853.09
2025-11-16 15:31:41.063,1210,312394.69
2025-11-16 15:31:41.063,1211,297844.91
2025-11-16 15:31:41.063,1212,282446.44
2025-11-16 15:31:41.063,1213,268514.44
2025-11-16 15:31:41.063,1214,280371.47
2025-11-16 15:31:41.063,1215,284551.28
2025-11-16 15:31:41.063,1216,288853.09
2025-11-16 15:31:41.063,1217,270422.94
2025-11-16 15:31:41.063,1218,261133.28
2025-11-16 15:31:41.063,1219,284551.28
2025-11-16 15:31:41.063,1220,266631.75
2025-11-16 15:31:41.063,1221,293282.41
2025-11-16 15:31:41.063,1222,276308.56
2025-11-16 15:31:41.063,1223,261133.28
2025-11-16 15:31:41.063,1224,266631.75
2025-11-16 15:31:41.063,1225,280371.47
2025-11-16 15:31:41.063,1226,264774.34
2025-11-16 15:31:41.063,1227,272357.75
2025-11-16 15:31:41.063,1228,259348.69
2025-11-16 15:31:41.063,1229,276308.56
2025-11-16 15:31:41.063,1230,264774.34
2025-11-16 15:31:41.063,1231,320197.59
2025-11-16 15:31:41.063,1232,425619.72
2025-11-16 15:31:41.063,1233,317555.0
2025-11-16 15:31:41.063,1234,291051.47
2025-11-16 15:31:41.063,1235,297844.91
2025-11-16 15:31:41.063,1236,284551.28
2025-11-16 15:31:41.063,1237,314954.38
2025-11-16 15:31:41.063,1238,302546.75
2025-11-16 15:31:41.063,1239,372678.72
2025-11-16 15:31:41.063,1240,412143.03
2025-11-16 15:31:41.063,1241,412143.03
2025-11-16 15:31:41.063,1242,508356.06
2025-11-16 15:31:41.063,1243,312394.69
2025-11-16 15:31:41.063,1244,661350.38
2025-11-16 15:31:41.063,1245,566776.38
2025-11-16 15:31:41.063,1246,566776.38
2025-11-16 15:31:41.063,1247,566776.38
2025-11-16 15:31:41.063,1248,121579.19
2025-11-16 15:31:41.063,1249,110345.59
2025-11-16 15:31:41.063,1250,104608.9
2025-11-16 15:31:41.063,1251,108944.77
2025-11-16 15:31:41.063,1252,102712.45
2025-11-16 15:31:41.063,1253,108599.64
2025-11-16 15:31:41.063,1254,109291.9
2025-11-16 15:31:41.063,1255,107238.9
2025-11-16 15:31:41.063,1256,110345.59
2025-11-16 15:31:41.063,1257,108599.64
2025-11-16 15:31:41.063,1258,109291.9
2025-11-16 15:31:41.063,1259,107238.9
2025-11-16 15:31:41.063,1260,109641.09
2025-11-16 15:31:41.063,1261,109291.9
2025-11-16 15:31:41.063,1262,112143.66
2025-11-16 15:31:41.063,1263,111779.77
2025-11-16 15:31:41.063,1264,111058.42
2025-11-16 15:31:41.063,1265,107576.14
2025-11-16 15:31:41.063,1266,94098.91
2025-11-16 15:31:41.063,1267,88573.8
2025-11-16 15:31:41.063,1268,110700.96
2025-11-16 15:31:41.063,1269,107915.35
2025-11-16 15:31:41.063,1270,110700.96
2025-11-16 15:31:41.063,1271,107238.9
2025-11-16 15:31:41.063,1272,107238.9
2025-11-16 15:31:41.063,1273,108599.64
2025-11-16 15:31:41.063,1274,115134.95
2025-11-16 15:31:41.063,1275,115905.77
2025-11-16 15:31:41.063,1276,107915.35
2025-11-16 15:31:41.063,1277,119086.36
2025-11-16 15:31:41.063,1278,107238.9
2025-11-16 15:31:41.063,1279,119086.36
2025-11-16 15:31:41.063,1280,204325.27
2025-11-16 15:31:41.063,1281,122431.63
2025-11-16 15:31:41.063,1282,119086.36
2025-11-16 15:31:41.063,1283,108599.64
2025-11-16 15:31:41.063,1284,108944.77
2025-11-16 15:31:41.063,1285,132592.78
2025-11-16 15:31:41.063,1286,126408.34
2025-11-16 15:31:41.063,1287,157743.84
2025-11-16 15:31:41.063,1288,173552.13
2025-11-16 15:31:41.063,1289,173552.13
2025-11-16 15:31:41.063,1290,239631.09
2025-11-16 15:31:41.063,1291,121157.05
2025-11-16 15:31:41.063,1292,312394.69
2025-11-16 15:31:41.063,1293,650520.19
2025-11-16 15:31:41.063,1294,280371.47
2025-11-16 15:31:41.063,1295,280371.47
2025-11-16 15:31:41.063,1296,56476.62
2025-11-16 15:31:41.063,1297,55621.39
2025-11-16 15:31:41.063,1298,54787.84
2025-11-16 15:31:41.063,1299,55201.96
2025-11-16 15:31:41.063,1300,53182.58
2025-11-16 15:31:41.063,1301,53378.87
2025-11-16 15:31:41.063,1302,53182.58
2025-11-16 15:31:41.063,1303,53975.16
2025-11-16 15:31:41.063,1304,53378.87
2025-11-16 15:31:41.063,1305,54378.94
2025-11-16 15:31:41.063,1306,53280.57
2025-11-16 15:31:41.063,1307,53477.48
2025-11-16 15:31:41.063,1308,54277.52
2025-11-16 15:31:41.063,1309,52987.48
2025-11-16 15:31:41.063,1310,54582.74
2025-11-16 15:31:41.063,1311,54582.74
2025-11-16 15:31:41.063,1312,56368.51
2025-11-16 15:31:41.063,1313,52504.97
2025-11-16 15:31:41.063,1314,51841.71
2025-11-16 15:31:41.063,1315,51654.79
2025-11-16 15:31:41.063,1316,54277.52
2025-11-16 15:31:41.063,1317,56693.92
2025-11-16 15:31:41.063,1318,52987.48
2025-11-16 15:31:41.063,1319,53576.4
2025-11-16 15:31:41.063,1320,52409.35
2025-11-16 15:31:41.063,1321,45907.83
2025-11-16 15:31:41.063,1322,55727.09
2025-11-16 15:31:41.063,1323,54685.13
2025-11-16 15:31:41.063,1324,50377.22
2025-11-16 15:31:41.063,1325,54787.84
2025-11-16 15:31:41.063,1326,48641.14
2025-11-16 15:31:41.063,1327,56585.1
2025-11-16 15:31:41.063,1328,89534.38
2025-11-16 15:31:41.063,1329,57354.41
2025-11-16 15:31:41.063,1330,55201.96
2025-11-16 15:31:41.063,1331,47484.0
2025-11-16 15:31:41.063,1332,47565.14
2025-11-16 15:31:41.063,1333,58947.51
2025-11-16 15:31:41.063,1334,49845.72
2025-11-16 15:31:41.063,1335,65867.58
2025-11-16 15:31:41.063,1336,508356.06
2025-11-16 15:31:41.063,1337,79896.98
2025-11-16 15:31:41.063,1338,103337.61
2025-11-16 15:31:41.063,1339,53084.88
2025-11-16 15:31:41.063,1340,136685.03
2025-11-16 15:31:41.063,1341,235144.47
2025-11-16 15:31:41.063,1342,107915.35
2025-11-16 15:31:41.063,1343,107915.35
2025-11-16 15:31:41.063,1344,29603.42
2025-11-16 15:31:41.063,1345,28996.3
2025-11-16 15:31:41.063,1346,28407.46
2025-11-16 15:31:41.063,1347,29071.17
2025-11-16 15:31:41.063,1348,27695.87
2025-11-16 15:31:41.063,1349,27906.57
2025-11-16 15:31:41.063,1350,27695.87
2025-11-16 15:31:41.063,1351,27906.57
2025-11-16 15:31:41.063,1352,27941.91
2025-11-16 15:31:41.063,1353,27043.79
2025-11-16 15:31:41.063,1354,27871.29
2025-11-16 15:31:41.063,1355,27977.33
2025-11-16 15:31:41.063,1356,27836.08
2025-11-16 15:31:41.063,1357,27836.08
2025-11-16 15:31:41.063,1358,28847.41
2025-11-16 15:31:41.063,1359,27977.33
2025-11-16 15:31:41.063,1360,29680.64
2025-11-16 15:31:41.063,1361,27977.33
2025-11-16 15:31:41.063,1362,28299.01
2025-11-16 15:31:41.063,1363,28847.41
2025-11-16 15:31:41.063,1364,29526.5
2025-11-16 15:31:41.063,1365,30631.22
2025-11-16 15:31:41.063,1366,28480.09
2025-11-16 15:31:41.063,1367,30631.22
2025-11-16 15:31:41.063,1368,28263.01
2025-11-16 15:31:41.063,1369,25647.93
2025-11-16 15:31:41.063,1370,31458.76
2025-11-16 15:31:41.063,1371,29411.68
2025-11-16 15:31:41.063,1372,28699.64
2025-11-16 15:31:41.063,1373,29526.5
2025-11-16 15:31:41.063,1374,27349.84
2025-11-16 15:31:41.063,1375,30429.46
2025-11-16 15:31:41.063,1376,57577.48
2025-11-16 15:31:41.063,1377,31458.76
2025-11-16 15:31:41.063,1378,30958.25
2025-11-16 15:31:41.063,1379,27836.08
2025-11-16 15:31:41.063,1380,27800.93
2025-11-16 15:31:41.063,1381,33870.7
2025-11-16 15:31:41.063,1382,30753.24
2025-11-16 15:31:41.063,1383,40756.99
2025-11-16 15:31:41.063,1384,268514.44
2025-11-16 15:31:41.063,1385,45754.95
2025-11-16 15:31:41.063,1386,65307.78
2025-11-16 15:31:41.063,1387,30189.96
2025-11-16 15:31:41.063,1388,82127.26
2025-11-16 15:31:41.063,1389,167961.95
2025-11-16 15:31:41.063,1390,71468.63
2025-11-16 15:31:41.063,1391,71468.63
2025-11-16 15:31:41.063,1392,33729.39
2025-11-16 15:31:41.063,1393,33403.16
2025-11-16 15:31:41.063,1394,32364.63
2025-11-16 15:31:41.063,1395,33310.84
2025-11-16 15:31:41.063,1396,31543.36
2025-11-16 15:31:41.063,1397,32014.92
2025-11-16 15:31:41.063,1398,31458.76
2025-11-16 15:31:41.063,1399,32320.6
2025-11-16 15:31:41.063,1400,32232.81
2025-11-16 15:31:41.063,1401,31928.39
2025-11-16 15:31:41.063,1402,32058.32
2025-11-16 15:31:41.063,1403,32232.81
2025-11-16 15:31:41.063,1404,32630.74
2025-11-16 15:31:41.063,1405,32586.16
2025-11-16 15:31:41.063,1406,33542.38
2025-11-16 15:31:41.063,1407,32145.38
2025-11-16 15:31:41.063,1408,34396.74
2025-11-16 15:31:41.063,1409,32101.8
2025-11-16 15:31:41.063,1410,32945.45
2025-11-16 15:31:41.063,1411,33495.87
2025-11-16 15:31:41.063,1412,34738.09
2025-11-16 15:31:41.063,1413,35845.82
2025-11-16 15:31:41.063,1414,33036.22
2025-11-16 15:31:41.063,1415,35897.47
2025-11-16 15:31:41.063,1416,33776.39
2025-11-16 15:31:41.063,1417,32586.16
2025-11-16 15:31:41.063,1418,37118.37
2025-11-16 15:31:41.063,1419,34935.51
2025-11-16 15:31:41.063,1420,33870.7
2025-11-16 15:31:41.063,1421,34396.74
2025-11-16 15:31:41.063,1422,33127.38
2025-11-16 15:31:41.063,1423,35234.91
2025-11-16 15:31:41.063,1424,66723.02
2025-11-16 15:31:41.063,1425,36686.43
2025-11-16 15:31:41.063,1426,36793.67
2025-11-16 15:31:41.063,1427,33588.98
2025-11-16 15:31:41.063,1428,33682.49
2025-11-16 15:31:41.063,1429,39523.48
2025-11-16 15:31:41.063,1430,38006.61
2025-11-16 15:31:41.063,1431,47728.11
2025-11-16 15:31:41.063,1432,325612.69
2025-11-16 15:31:41.063,1433,52600.88
2025-11-16 15:31:41.063,1434,78341.52
2025-11-16 15:31:41.063,1435,35335.6
2025-11-16 15:31:41.063,1436,94632.04
2025-11-16 15:31:41.063,1437,194675.0
2025-11-16 15:31:41.063,1438,89051.75
2025-11-16 15:31:41.063,1439,89051.75
2025-11-16 15:31:41.063,1440,37669.63
2025-11-16 15:31:41.063,1441,37447.59
2025-11-16 15:31:41.063,1442,36526.48
2025-11-16 15:31:41.063,1443,36739.99
2025-11-16 15:31:41.063,1444,35234.91
2025-11-16 15:31:41.063,1445,35845.82
2025-11-16 15:31:41.063,1446,35742.86
2025-11-16 15:31:41.063,1447,35742.86
2025-11-16 15:31:41.063,1448,34836.58
2025-11-16 15:31:41.063,1449,35234.91
2025-11-16 15:31:41.063,1450,35794.29
2025-11-16 15:31:41.063,1451,35335.6
2025-11-16 15:31:41.063,1452,36157.48
2025-11-16 15:31:41.063,1453,35742.86
2025-11-16 15:31:41.063,1454,37009.64
2025-11-16 15:31:41.063,1455,36157.48
2025-11-16 15:31:41.063,1456,38006.61
2025-11-16 15:31:41.063,1457,34542.39
2025-11-16 15:31:41.063,1458,35234.91
2025-11-16 15:31:41.063,1459,36001.13
2025-11-16 15:31:41.063,1460,37837.53
2025-11-16 15:31:41.063,1461,38405.8
2025-11-16 15:31:41.063,1462,36157.48
2025-11-16 15:31:41.063,1463,38348.37
2025-11-16 15:31:41.063,1464,36001.13
2025-11-16 15:31:41.063,1465,31416.58
2025-11-16 15:31:41.063,1466,39523.48
2025-11-16 15:31:41.063,1467,37118.37
2025-11-16 15:31:41.063,1468,35640.36
2025-11-16 15:31:41.063,1469,37447.59
2025-11-16 15:31:41.063,1470,33588.98
2025-11-16 15:31:41.063,1471,38063.23
2025-11-16 15:31:41.063,1472,66435.75
2025-11-16 15:31:41.063,1473,39765.37
2025-11-16 15:31:41.063,1474,38578.92
2025-11-16 15:31:41.063,1475,32765.05
2025-11-16 15:31:41.063,1476,33310.84
2025-11-16 15:31:41.063,1477,41920.75
2025-11-16 15:31:41.063,1478,32990.79
2025-11-16 15:31:41.063,1479,48473.0
2025-11-16 15:31:41.063,1480,355589.28
2025-11-16 15:31:41.063,1481,56368.51
2025-11-16 15:31:41.063,1482,73637.78
2025-11-16 15:31:41.063,1483,37118.37
2025-11-16 15:31:41.063,1484,99101.66
2025-11-16 15:31:41.063,1485,194675.0
2025-11-16 15:31:41.063,1486,89292.48
2025-11-16 15:31:41.063,1487,89292.48
2025-11-16 15:31:41.063,1488,28996.3
2025-11-16 15:31:41.063,1489,28443.74
2025-11-16 15:31:41.063,1490,27556.69
2025-11-16 15:31:41.063,1491,28227.06
2025-11-16 15:31:41.063,1492,26775.9
2025-11-16 15:31:41.063,1493,26544.65
2025-11-16 15:31:41.063,1494,26809.18
2025-11-16 15:31:41.063,1495,26875.9
2025-11-16 15:31:41.063,1496,26976.45
2025-11-16 15:31:41.063,1497,26742.69
2025-11-16 15:31:41.063,1498,26809.18
2025-11-16 15:31:41.063,1499,27145.25
2025-11-16 15:31:41.063,1500,27145.25
2025-11-16 15:31:41.063,1501,27077.54
2025-11-16 15:31:41.063,1502,27765.84
2025-11-16 15:31:41.063,1503,27145.25
2025-11-16 15:31:41.063,1504,29221.78
2025-11-16 15:31:41.063,1505,26413.8
2025-11-16 15:31:41.063,1506,27111.36
2025-11-16 15:31:41.063,1507,27591.39
2025-11-16 15:31:41.063,1508,29146.33
2025-11-16 15:31:41.063,1509,29603.42
2025-11-16 15:31:41.063,1510,27765.84
2025-11-16 15:31:41.063,1511,30150.32
2025-11-16 15:31:41.063,1512,27906.57
2025-11-16 15:31:41.063,1513,25523.39
2025-11-16 15:31:41.063,1514,30590.71
2025-11-16 15:31:41.063,1515,28553.0
2025-11-16 15:31:41.063,1516,27145.25
2025-11-16 15:31:41.063,1517,28921.71
2025-11-16 15:31:41.063,1518,25215.81
2025-11-16 15:31:41.063,1519,30110.76
2025-11-16 15:31:41.063,1520,52600.88
2025-11-16 15:31:41.063,1521,30309.35
2025-11-16 15:31:41.063,1522,30150.32
2025-11-16 15:31:41.063,1523,26610.43
2025-11-16 15:31:41.063,1524,26026.81
2025-11-16 15:31:41.063,1525,32855.06
2025-11-16 15:31:41.063,1526,29411.68
2025-11-16 15:31:41.063,1527,39165.01
2025-11-16 15:31:41.063,1528,264774.34
2025-11-16 15:31:41.063,1529,43840.75
2025-11-16 15:31:41.063,1530,58028.08
2025-11-16 15:31:41.063,1531,28480.09
2025-11-16 15:31:41.063,1532,78533.01
2025-11-16 15:31:41.063,1533,164172.88
2025-11-16 15:31:41.063,1534,70663.95
2025-11-16 15:31:41.063,1535,70663.95
2025-11-16 15:31:41.063,1536,25523.39
2025-11-16 15:31:41.063,1537,25523.39
2025-11-16 15:31:41.063,1538,25523.39
2025-11-16 15:31:41.063,1539,25523.39
2025-11-16 15:31:41.063,1540,25523.39
2025-11-16 15:31:41.063,1541,25523.39
2025-11-16 15:31:41.063,1542,25523.39
2025-11-16 15:31:41.063,1543,25523.39
2025-11-16 15:31:41.063,1544,25523.39
2025-11-16 15:31:41.063,1545,25523.39
2025-11-16 15:31:41.063,1546,25523.39
2025-11-16 15:31:41.063,1547,25523.39
2025-11-16 15:31:41.063,1548,25523.39
2025-11-16 15:31:41.063,1549,25523.39
2025-11-16 15:31:41.063,1550,25523.39
2025-11-16 15:31:41.063,1551,25523.39
2025-11-16 15:31:41.063,1552,25523.39
2025-11-16 15:31:41.063,1553,25523.39
2025-11-16 15:31:41.063,1554,25523.39
2025-11-16 15:31:41.063,1555,25523.39
2025-11-16 15:31:41.063,1556,25523.39
2025-11-16 15:31:41.063,1557,25523.39
2025-11-16 15:31:41.063,1558,25523.39
2025-11-16 15:31:41.063,1559,25523.39
2025-11-16 15:31:41.063,1560,25523.39
2025-11-16 15:31:41.063,1561,25523.39
2025-11-16 15:31:41.063,1562,25523.39
2025-11-16 15:31:41.063,1563,25523.39
2025-11-16 15:31:41.063,1564,25523.39
2025-11-16 15:31:41.063,1565,25523.39
2025-11-16 15:31:41.063,1566,25523.39
2025-11-16 15:31:41.063,1567,25523.39
2025-11-16 15:31:41.063,1568,25523.39
2025-11-16 15:31:41.063,1569,25523.39
2025-11-16 15:31:41.063,1570,25523.39
2025-11-16 15:31:41.063,1571,25523.39
2025-11-16 15:31:41.063,1572,25523.39
2025-11-16 15:31:41.063,1573,25523.39
2025-11-16 15:31:41.063,1574,25523.39
2025-11-16 15:31:41.063,1575,25523.39
2025-11-16 15:31:41.063,1576,25523.39
2025-11-16 15:31:41.063,1577,25523.39
2025-11-16 15:31:41.063,1578,25523.39
2025-11-16 15:31:41.063,1579,25523.39
2025-11-16 15:31:41.063,1580,25523.39
2025-11-16 15:31:41.063,1581,25523.39
2025-11-16 15:31:41.063,1582,25523.39
2025-11-16 15:31:41.063,1583,25523.39
2025-11-16 15:31:41.063,1584,25523.39
2025-11-16 15:31:41.063,1585,25094.26
2025-11-16 15:31:41.063,1586,24586.87
2025-11-16 15:31:41.063,1587,25033.8
2025-11-16 15:31:41.063,1588,23838.52
2025-11-16 15:31:41.063,1589,23421.27
2025-11-16 15:31:41.063,1590,23866.7
2025-11-16 15:31:41.063,1591,23923.21
2025-11-16 15:31:41.063,1592,24151.15
2025-11-16 15:31:41.063,1593,23866.7
2025-11-16 15:31:41.063,1594,23923.21
2025-11-16 15:31:41.063,1595,24151.15
2025-11-16 15:31:41.063,1596,24036.8
2025-11-16 15:31:41.063,1597,24036.8
2025-11-16 15:31:41.063,1598,25154.93
2025-11-16 15:31:41.063,1599,24208.61
2025-11-16 15:31:41.063,1600,26026.81
2025-11-16 15:31:41.063,1601,23838.52
2025-11-16 15:31:41.063,1602,23923.21
2025-11-16 15:31:41.063,1603,24324.12
2025-11-16 15:31:41.063,1604,26154.89
2025-11-16 15:31:41.063,1605,26643.4
2025-11-16 15:31:41.063,1606,24973.54
2025-11-16 15:31:41.063,1607,27145.25
2025-11-16 15:31:41.063,1608,25033.8
2025-11-16 15:31:41.063,1609,23698.29
2025-11-16 15:31:41.063,1610,27977.33
2025-11-16 15:31:41.063,1611,25836.37
2025-11-16 15:31:41.063,1612,24823.81
2025-11-16 15:31:41.063,1613,25963.11
2025-11-16 15:31:41.063,1614,23866.7
2025-11-16 15:31:41.063,1615,26316.28
2025-11-16 15:31:41.063,1616,50199.01
2025-11-16 15:31:41.063,1617,27695.87
2025-11-16 15:31:41.063,1618,27765.84
2025-11-16 15:31:41.063,1619,24734.57
2025-11-16 15:31:41.063,1620,24616.31
2025-11-16 15:31:41.063,1621,30389.34
2025-11-16 15:31:41.063,1622,28299.01
2025-11-16 15:31:41.063,1623,36901.41
2025-11-16 15:31:41.063,1624,264774.34
2025-11-16 15:31:41.063,1625,40883.72
2025-11-16 15:31:41.063,1626,57914.87
2025-11-16 15:31:41.063,1627,26413.8
2025-11-16 15:31:41.063,1628,74678.3
2025-11-16 15:31:41.063,1629,159131.2
2025-11-16 15:31:41.063,1630,69101.3
2025-11-16 15:31:41.063,1631,69101.3
2025-11-16 15:31:41.063,1632,24498.84
2025-11-16 15:31:41.063,1633,24324.12
2025-11-16 15:31:41.063,1634,23586.93
2025-11-16 15:31:41.063,1635,24179.86
2025-11-16 15:31:41.063,1636,22801.05
2025-11-16 15:31:41.063,1637,22616.81
2025-11-16 15:31:41.063,1638,22827.54
2025-11-16 15:31:41.063,1639,22933.92
2025-11-16 15:31:41.063,1640,22880.64
2025-11-16 15:31:41.063,1641,22616.81
2025-11-16 15:31:41.063,1642,22880.64
2025-11-16 15:31:41.063,1643,22933.92
2025-11-16 15:31:41.063,1644,22748.2
2025-11-16 15:31:41.063,1645,22305.72
2025-11-16 15:31:41.063,1646,23366.42
2025-11-16 15:31:41.063,1647,22827.54
2025-11-16 15:31:41.063,1648,24208.61
2025-11-16 15:31:41.063,1649,21900.02
2025-11-16 15:31:41.063,1650,22434.62
2025-11-16 15:31:41.063,1651,22512.45
2025-11-16 15:31:41.063,1652,24528.13
2025-11-16 15:31:41.063,1653,25064.0
2025-11-16 15:31:41.063,1654,23393.82
2025-11-16 15:31:41.063,1655,25492.39
2025-11-16 15:31:41.063,1656,23257.23
2025-11-16 15:31:41.063,1657,21166.06
2025-11-16 15:31:41.063,1658,25679.2
2025-11-16 15:31:41.063,1659,23754.24
2025-11-16 15:31:41.063,1660,18538.4
2025-11-16 15:31:41.063,1661,23866.7
2025-11-16 15:31:41.063,1662,17218.13
2025-11-16 15:31:41.063,1663,25064.0
2025-11-16 15:31:41.063,1664,41788.82
2025-11-16 15:31:41.063,1665,25523.39
2025-11-16 15:31:41.063,1666,24295.17
2025-11-16 15:31:41.063,1667,19491.78
2025-11-16 15:31:41.063,1668,16317.87
2025-11-16 15:31:41.063,1669,26875.9
2025-11-16 15:31:41.063,1670,23894.93
2025-11-16 15:31:41.063,1671,31670.92
2025-11-16 15:31:41.063,1672,252439.11
2025-11-16 15:31:41.063,1673,37893.76
2025-11-16 15:31:41.063,1674,48305.81
2025-11-16 15:31:41.063,1675,23642.52
2025-11-16 15:31:41.063,1676,68493.05
2025-11-16 15:31:41.063,1677,141578.7
2025-11-16 15:31:41.063,1678,62370.57
2025-11-16 15:31:41.063,1679,62370.57
2025-11-16 15:31:41.063,1680,33495.87
2025-11-16 15:31:41.063,1681,32900.21
2025-11-16 15:31:41.063,1682,32145.38
2025-11-16 15:31:41.063,1683,33588.98
2025-11-16 15:31:41.063,1684,31628.31
2025-11-16 15:31:41.063,1685,31543.36
2025-11-16 15:31:41.063,1686,31543.36
2025-11-16 15:31:41.063,1687,31885.26
2025-11-16 15:31:41.063,1688,31799.26
2025-11-16 15:31:41.063,1689,31458.76
2025-11-16 15:31:41.063,1690,31713.61
2025-11-16 15:31:41.063,1691,31713.61
2025-11-16 15:31:41.063,1692,31206.99
2025-11-16 15:31:41.063,1693,31543.36
2025-11-16 15:31:41.063,1694,32364.63
2025-11-16 15:31:41.063,1695,31585.79
2025-11-16 15:31:41.063,1696,33870.7
2025-11-16 15:31:41.063,1697,29071.17
2025-11-16 15:31:41.063,1698,31290.57
2025-11-16 15:31:41.063,1699,30712.49
2025-11-16 15:31:41.063,1700,34060.55
2025-11-16 15:31:41.063,1701,34542.39
2025-11-16 15:31:41.063,1702,31971.61
2025-11-16 15:31:41.063,1703,34542.39
2025-11-16 15:31:41.063,1704,32058.32
2025-11-16 15:31:41.063,1705,29914.1
2025-11-16 15:31:41.063,1706,35234.91
2025-11-16 15:31:41.063,1707,33127.38
2025-11-16 15:31:41.063,1708,30349.31
2025-11-16 15:31:41.063,1709,33310.84
2025-11-16 15:31:41.063,1710,28736.48
2025-11-16 15:31:41.063,1711,34445.18
2025-11-16 15:31:41.063,1712,54582.74
2025-11-16 15:31:41.063,1713,35335.6
2025-11-16 15:31:41.063,1714,34204.0
2025-11-16 15:31:41.063,1715,29603.42
2025-11-16 15:31:41.063,1716,27695.87
2025-11-16 15:31:41.063,1717,38006.61
2025-11-16 15:31:41.063,1718,34640.03
2025-11-16 15:31:41.063,1719,45301.25
2025-11-16 15:31:41.063,1720,334076.69
2025-11-16 15:31:41.063,1721,51284.3
2025-11-16 15:31:41.063,1722,63148.7
2025-11-16 15:31:41.063,1723,34156.08
2025-11-16 15:31:41.063,1724,90021.7
2025-11-16 15:31:41.063,1725,184922.63
2025-11-16 15:31:41.063,1726,82965.91
2025-11-16 15:31:41.063,1727,82965.91
2025-11-16 15:31:41.063,1728,25554.44
2025-11-16 15:31:41.063,1729,25154.93
2025-11-16 15:31:41.063,1730,24675.34
2025-11-16 15:31:41.063,1731,25003.64
2025-11-16 15:31:41.063,1732,23810.38
2025-11-16 15:31:41.063,1733,23810.38
2025-11-16 15:31:41.063,1734,23311.73
2025-11-16 15:31:41.063,1735,24036.8
2025-11-16 15:31:41.063,1736,24008.33
2025-11-16 15:31:41.063,1737,24036.8
2025-11-16 15:31:41.063,1738,23951.54
2025-11-16 15:31:41.063,1739,24151.15
2025-11-16 15:31:41.063,1740,24093.88
2025-11-16 15:31:41.063,1741,24151.15
2025-11-16 15:31:41.063,1742,24675.34
2025-11-16 15:31:41.063,1743,24151.15
2025-11-16 15:31:41.063,1744,25647.93
2025-11-16 15:31:41.063,1745,22933.92
2025-11-16 15:31:41.063,1746,22933.92
2025-11-16 15:31:41.063,1747,22880.64
2025-11-16 15:31:41.063,1748,25773.33
2025-11-16 15:31:41.063,1749,26219.28
2025-11-16 15:31:41.063,1750,24616.31
2025-11-16 15:31:41.063,1751,26348.73
2025-11-16 15:31:41.063,1752,24734.57
2025-11-16 15:31:41.063,1753,22101.59
2025-11-16 15:31:41.063,1754,27111.36
2025-11-16 15:31:41.063,1755,25276.9
2025-11-16 15:31:41.063,1756,20975.98
2025-11-16 15:31:41.063,1757,25276.9
2025-11-16 15:31:41.063,1758,20260.76
2025-11-16 15:31:41.063,1759,26610.43
2025-11-16 15:31:41.063,1760,45754.95
2025-11-16 15:31:41.063,1761,27179.19
2025-11-16 15:31:41.063,1762,26026.81
2025-11-16 15:31:41.063,1763,20215.74
2025-11-16 15:31:41.063,1764,19926.36
2025-11-16 15:31:41.063,1765,28884.52
2025-11-16 15:31:41.063,1766,25647.93
2025-11-16 15:31:41.063,1767,34204.0
2025-11-16 15:31:41.063,1768,266631.75
2025-11-16 15:31:41.063,1769,40256.3
2025-11-16 15:31:41.063,1770,51561.75
2025-11-16 15:31:41.063,1771,25154.93
2025-11-16 15:31:41.063,1772,74678.3
2025-11-16 15:31:41.063,1773,155704.97
2025-11-16 15:31:41.063,1774,67894.05
2025-11-16 15:31:41.063,1775,67894.05
2025-11-16 15:31:41.063,1776,24093.88
2025-11-16 15:31:41.063,1777,23698.29
2025-11-16 15:31:41.063,1778,22616.81
2025-11-16 15:31:41.063,1779,23838.52
2025-11-16 15:31:41.063,1780,22152.38
2025-11-16 15:31:41.063,1781,22933.92
2025-11-16 15:31:41.063,1782,22357.16
2025-11-16 15:31:41.063,1783,22721.83
2025-11-16 15:31:41.063,1784,22512.45
2025-11-16 15:31:41.063,1785,22228.87
2025-11-16 15:31:41.063,1786,22434.62
2025-11-16 15:31:41.063,1787,22382.94
2025-11-16 15:31:41.063,1788,22408.76
2025-11-16 15:31:41.063,1789,21651.57
2025-11-16 15:31:41.063,1790,23040.99
2025-11-16 15:31:41.063,1791,22460.52
2025-11-16 15:31:41.063,1792,23894.93
2025-11-16 15:31:41.063,1793,21310.15
2025-11-16 15:31:41.063,1794,21602.34
2025-11-16 15:31:41.063,1795,22152.38
2025-11-16 15:31:41.063,1796,23951.54
2025-11-16 15:31:41.063,1797,24324.12
2025-11-16 15:31:41.063,1798,22512.45
2025-11-16 15:31:41.063,1799,24794.01
2025-11-16 15:31:41.063,1800,23040.99
2025-11-16 15:31:41.063,1801,21023.29
2025-11-16 15:31:41.063,1802,25094.26
2025-11-16 15:31:41.063,1803,23754.24
2025-11-16 15:31:41.063,1804,20788.21
2025-11-16 15:31:41.063,1805,23866.7
2025-11-16 15:31:41.063,1806,19904.33
2025-11-16 15:31:41.063,1807,24675.34
2025-11-16 15:31:41.063,1808,44781.16
2025-11-16 15:31:41.063,1809,25215.81
2025-11-16 15:31:41.063,1810,24266.27
2025-11-16 15:31:41.063,1811,18986.58
2025-11-16 15:31:41.063,1812,18659.26
2025-11-16 15:31:41.063,1813,27077.54
2025-11-16 15:31:41.063,1814,24469.6
2025-11-16 15:31:41.063,1815,32232.81
2025-11-16 15:31:41.063,1816,239631.09
2025-11-16 15:31:41.063,1817,37172.92
2025-11-16 15:31:41.063,1818,49845.72
2025-11-16 15:31:41.063,1819,23421.27
2025-11-16 15:31:41.063,1820,67894.05
2025-11-16 15:31:41.063,1821,143283.25
2025-11-16 15:31:41.063,1822,62242.49
2025-11-16 15:31:41.063,1823,62242.49
2025-11-16 15:31:41.063,1824,30958.25
2025-11-16 15:31:41.063,1825,30794.08
2025-11-16 15:31:41.063,1826,30150.32
2025-11-16 15:31:41.063,1827,30671.81
2025-11-16 15:31:41.063,1828,28996.3
2025-11-16 15:31:41.063,1829,29221.78
2025-11-16 15:31:41.063,1830,29221.78
2025-11-16 15:31:41.063,1831,28921.71
2025-11-16 15:31:41.063,1832,29297.52
2025-11-16 15:31:41.063,1833,28996.3
2025-11-16 15:31:41.063,1834,29071.17
2025-11-16 15:31:41.063,1835,29221.78
2025-11-16 15:31:41.063,1836,29033.7
2025-11-16 15:31:41.063,1837,28996.3
2025-11-16 15:31:41.063,1838,30269.48
2025-11-16 15:31:41.063,1839,29526.5
2025-11-16 15:31:41.063,1840,31248.74
2025-11-16 15:31:41.063,1841,27977.33
2025-11-16 15:31:41.063,1842,28263.01
2025-11-16 15:31:41.063,1843,28699.64
2025-11-16 15:31:41.063,1844,30794.08
2025-11-16 15:31:41.063,1845,31670.92
2025-11-16 15:31:41.063,1846,30229.68
2025-11-16 15:31:41.063,1847,32189.05
2025-11-16 15:31:41.063,1848,30229.68
2025-11-16 15:31:41.063,1849,27626.15
2025-11-16 15:31:41.063,1850,33495.87
2025-11-16 15:31:41.063,1851,30835.0
2025-11-16 15:31:41.063,1852,28263.01
2025-11-16 15:31:41.063,1853,30794.08
2025-11-16 15:31:41.063,1854,26090.74
2025-11-16 15:31:41.063,1855,31971.61
2025-11-16 15:31:41.063,1856,51841.71
2025-11-16 15:31:41.063,1857,32855.06
2025-11-16 15:31:41.063,1858,31971.61
2025-11-16 15:31:41.063,1859,27349.84
2025-11-16 15:31:41.063,1860,27349.84
2025-11-16 15:31:41.063,1861,35034.87
2025-11-16 15:31:41.063,1862,32189.05
2025-11-16 15:31:41.063,1863,42455.23
2025-11-16 15:31:41.063,1864,322883.13
2025-11-16 15:31:41.063,1865,47322.41
2025-11-16 15:31:41.063,1866,56476.62
2025-11-16 15:31:41.063,1867,31040.83
2025-11-16 15:31:41.063,1868,84689.81
2025-11-16 15:31:41.063,1869,176906.95
2025-11-16 15:31:41.063,1870,76654.66
2025-11-16 15:31:41.063,1871,76654.66
2025-11-16 15:31:41.063,1872,26544.65
2025-11-16 15:31:41.063,1873,26154.89
2025-11-16 15:31:41.063,1874,25215.81
2025-11-16 15:31:41.063,1875,26219.28
2025-11-16 15:31:41.063,1876,24586.87
2025-11-16 15:31:41.063,1877,24794.01
2025-11-16 15:31:41.063,1878,24734.57
2025-11-16 15:31:41.063,1879,24883.55
2025-11-16 15:31:41.063,1880,24853.65
2025-11-16 15:31:41.063,1881,25064.0
2025-11-16 15:31:41.063,1882,24913.49
2025-11-16 15:31:41.063,1883,24557.47
2025-11-16 15:31:41.063,1884,24823.81
2025-11-16 15:31:41.063,1885,24823.81
2025-11-16 15:31:41.063,1886,25616.71
2025-11-16 15:31:41.063,1887,25094.26
2025-11-16 15:31:41.063,1888,26479.11
2025-11-16 15:31:41.063,1889,23782.29
2025-11-16 15:31:41.063,1890,24093.88
2025-11-16 15:31:41.063,1891,24973.54
2025-11-16 15:31:41.063,1892,26809.18
2025-11-16 15:31:41.063,1893,27077.54
2025-11-16 15:31:41.063,1894,25647.93
2025-11-16 15:31:41.063,1895,27281.39
2025-11-16 15:31:41.063,1896,25585.55
2025-11-16 15:31:41.063,1897,21602.34
2025-11-16 15:31:41.063,1898,28119.63
2025-11-16 15:31:41.063,1899,26154.89
2025-11-16 15:31:41.063,1900,22774.6
2025-11-16 15:31:41.063,1901,26219.28
2025-11-16 15:31:41.063,1902,20238.23
2025-11-16 15:31:41.063,1903,27349.84
2025-11-16 15:31:41.063,1904,46061.56
2025-11-16 15:31:41.063,1905,28191.18
2025-11-16 15:31:41.063,1906,27281.39
2025-11-16 15:31:41.063,1907,22564.54
2025-11-16 15:31:41.063,1908,22203.33
2025-11-16 15:31:41.063,1909,30389.34
2025-11-16 15:31:41.063,1910,26544.65
2025-11-16 15:31:41.063,1911,35691.55
2025-11-16 15:31:41.063,1912,264774.34
2025-11-16 15:31:41.063,1913,41267.73
2025-11-16 15:31:41.063,1914,51561.75
2025-11-16 15:31:41.063,1915,26676.44
2025-11-16 15:31:41.063,1916,75386.48
2025-11-16 15:31:41.063,1917,157743.84
2025-11-16 15:31:41.063,1918,68493.05
2025-11-16 15:31:41.063,1919,68493.05
2025-11-16 15:31:41.063,1920,684112.31
2025-11-16 15:31:41.063,1921,684112.31
2025-11-16 15:31:41.063,1922,566776.38
2025-11-16 15:31:41.063,1923,550970.88
2025-11-16 15:31:41.063,1924,536008.31
2025-11-16 15:31:41.063,1925,734602.25
2025-11-16 15:31:41.063,1926,721303.56
2025-11-16 15:31:41.063,1927,650520.19
2025-11-16 15:31:41.063,1928,684112.31
2025-11-16 15:31:41.063,1929,583498.19
2025-11-16 15:31:41.063,1930,650520.19
2025-11-16 15:31:41.063,1931,721303.56
2025-11-16 15:31:41.063,1932,536008.31
2025-11-16 15:31:41.063,1933,696081.88
2025-11-16 15:31:41.063,1934,566776.38
2025-11-16 15:31:41.063,1935,684112.31
2025-11-16 15:31:41.063,1936,900097.25
2025-11-16 15:31:41.063,1937,566776.38
2025-11-16 15:31:41.063,1938,708471.5
2025-11-16 15:31:41.063,1939,684112.31
2025-11-16 15:31:41.063,1940,550970.88
2025-11-16 15:31:41.063,1941,601218.31
2025-11-16 15:31:41.063,1942,566776.38
2025-11-16 15:31:41.063,1943,508356.06
2025-11-16 15:31:41.063,1944,515003.19
2025-11-16 15:31:41.063,1945,558763.94
2025-11-16 15:31:41.063,1946,566776.38
2025-11-16 15:31:41.063,1947,550970.88
2025-11-16 15:31:41.063,1948,495554.03
2025-11-16 15:31:41.063,1949,583498.19
2025-11-16 15:31:41.063,1950,483368.97
2025-11-16 15:31:41.063,1951,721303.56
2025-11-16 15:31:41.063,1952,450099.75
2025-11-16 15:31:41.063,1953,558763.94
2025-11-16 15:31:41.063,1954,550970.88
2025-11-16 15:31:41.063,1955,483368.97
2025-11-16 15:31:41.063,1956,566776.38
2025-11-16 15:31:41.063,1957,536008.31
2025-11-16 15:31:41.063,1958,550970.88
2025-11-16 15:31:41.063,1959,708471.5
2025-11-16 15:31:41.063,1960,734602.25
2025-11-16 15:31:41.063,1961,734602.25
2025-11-16 15:31:41.063,1962,331208.34
2025-11-16 15:31:41.063,1963,495554.03
2025-11-16 15:31:41.063,1964,965113.19
2025-11-16 15:31:41.063,1965,942433.13
2025-11-16 15:31:41.063,1966,942433.13
2025-11-16 15:31:41.063,1967,942433.13
2025-11-16 15:31:41.063,1968,31628.31
2025-11-16 15:31:41.063,1969,31458.76
2025-11-16 15:31:41.063,1970,30753.24
2025-11-16 15:31:41.063,1971,31374.49
2025-11-16 15:31:41.063,1972,29526.5
2025-11-16 15:31:41.063,1973,29992.53
2025-11-16 15:31:41.063,1974,29603.42
2025-11-16 15:31:41.063,1975,29603.42
2025-11-16 15:31:41.063,1976,30071.27
2025-11-16 15:31:41.063,1977,29526.5
2025-11-16 15:31:41.063,1978,29641.99
2025-11-16 15:31:41.063,1979,30150.32
2025-11-16 15:31:41.063,1980,29953.28
2025-11-16 15:31:41.063,1981,29992.53
2025-11-16 15:31:41.063,1982,30794.08
2025-11-16 15:31:41.063,1983,29992.53
2025-11-16 15:31:41.063,1984,31756.39
2025-11-16 15:31:41.063,1985,28699.64
2025-11-16 15:31:41.063,1986,29297.52
2025-11-16 15:31:41.063,1987,30071.27
2025-11-16 15:31:41.063,1988,32101.8
2025-11-16 15:31:41.063,1989,32276.66
2025-11-16 15:31:41.063,1990,30671.81
2025-11-16 15:31:41.063,1991,32810.01
2025-11-16 15:31:41.063,1992,30269.48
2025-11-16 15:31:41.063,1993,27281.39
2025-11-16 15:31:41.063,1994,33403.16
2025-11-16 15:31:41.063,1995,31040.83
2025-11-16 15:31:41.063,1996,28191.18
2025-11-16 15:31:41.063,1997,31543.36
2025-11-16 15:31:41.063,1998,25773.33
2025-11-16 15:31:41.063,1999,32586.16
2025-11-16 15:31:41.063,2000,50021.84
2025-11-16 15:31:41.063,2001,33588.98
2025-11-16 15:31:41.063,2002,32320.6
2025-11-16 15:31:41.063,2003,27077.54
2025-11-16 15:31:41.063,2004,27418.54
2025-11-16 15:31:41.063,2005,35285.2
2025-11-16 15:31:41.063,2006,32586.16
2025-11-16 15:31:41.063,2007,42186.62
2025-11-16 15:31:41.063,2008,297844.91
2025-11-16 15:31:41.063,2009,48305.81
2025-11-16 15:31:41.063,2010,56368.51
2025-11-16 15:31:41.063,2011,31374.49
2025-11-16 15:31:41.063,2012,85575.93
2025-11-16 15:31:41.063,2013,180386.63
2025-11-16 15:31:41.063,2014,76471.19
2025-11-16 15:31:41.063,2015,76471.19
2025-11-16 15:31:41.063,2016,748393.56
2025-11-16 15:31:41.063,2017,536008.31
2025-11-16 15:31:41.063,2018,575017.88
2025-11-16 15:31:41.063,2019,575017.88
2025-11-16 15:31:41.063,2020,536008.31
2025-11-16 15:31:41.063,2021,661350.38
2025-11-16 15:31:41.063,2022,708471.5
2025-11-16 15:31:41.063,2023,661350.38
2025-11-16 15:31:41.063,2024,661350.38
2025-11-16 15:31:41.063,2025,661350.38
2025-11-16 15:31:41.063,2026,684112.31
2025-11-16 15:31:41.063,2027,550970.88
2025-11-16 15:31:41.063,2028,661350.38
2025-11-16 15:31:41.063,2029,601218.31
2025-11-16 15:31:41.063,2030,661350.38
2025-11-16 15:31:41.063,2031,558763.94
2025-11-16 15:31:41.063,2032,601218.31
2025-11-16 15:31:41.063,2033,661350.38
2025-11-16 15:31:41.063,2034,684112.31
2025-11-16 15:31:41.063,2035,661350.38
2025-11-16 15:31:41.063,2036,708471.5
2025-11-16 15:31:41.063,2037,734602.25
2025-11-16 15:31:41.063,2038,684112.31
2025-11-16 15:31:41.063,2039,684112.31
2025-11-16 15:31:41.063,2040,521823.06
2025-11-16 15:31:41.063,2041,650520.19
2025-11-16 15:31:41.063,2042,708471.5
2025-11-16 15:31:41.063,2043,708471.5
2025-11-16 15:31:41.063,2044,566776.38
2025-11-16 15:31:41.063,2045,672541.69
2025-11-16 15:31:41.063,2046,566776.38
2025-11-16 15:31:41.063,2047,696081.88
2025-11-16 15:31:41.063,2048,536008.31
2025-11-16 15:31:41.063,2049,640033.69
2025-11-16 15:31:41.063,2050,684112.31
2025-11-16 15:31:41.063,2051,684112.31
2025-11-16 15:31:41.063,2052,661350.38
2025-11-16 15:31:41.063,2053,708471.5
2025-11-16 15:31:41.063,2054,696081.88
2025-11-16 15:31:41.063,2055,793012.25
2025-11-16 15:31:41.063,2056,920784.13
2025-11-16 15:31:41.063,2057,920784.13
2025-11-16 15:31:41.063,2058,372678.72
2025-11-16 15:31:41.063,2059,721303.56
2025-11-16 15:31:41.063,2060,27213.2
2025-11-16 15:31:41.063,2061,27213.2
2025-11-16 15:31:41.063,2062,27213.2
2025-11-16 15:31:41.063,2063,27213.2
2025-11-16 15:31:41.063,2064,27213.2
2025-11-16 15:31:41.063,2065,27077.54
2025-11-16 15:31:41.063,2066,26610.43
2025-11-16 15:31:41.063,2067,27179.19
2025-11-16 15:31:41.063,2068,25710.52
2025-11-16 15:31:41.063,2069,25647.93
2025-11-16 15:31:41.063,2070,25804.82
2025-11-16 15:31:41.063,2071,25836.37
2025-11-16 15:31:41.063,2072,26026.81
2025-11-16 15:31:41.063,2073,25710.52
2025-11-16 15:31:41.063,2074,25994.93
2025-11-16 15:31:41.063,2075,26316.28
2025-11-16 15:31:41.063,2076,25679.2
2025-11-16 15:31:41.063,2077,25710.52
2025-11-16 15:31:41.063,2078,26479.11
2025-11-16 15:31:41.063,2079,26026.81
2025-11-16 15:31:41.063,2080,27349.84
2025-11-16 15:31:41.063,2081,21261.97
2025-11-16 15:31:41.063,2082,25094.26
2025-11-16 15:31:41.063,2083,24208.61
2025-11-16 15:31:41.063,2084,28119.63
2025-11-16 15:31:41.063,2085,28263.01
2025-11-16 15:31:41.063,2086,26875.9
2025-11-16 15:31:41.063,2087,28773.39
2025-11-16 15:31:41.063,2088,27247.26
2025-11-16 15:31:41.063,2089,25185.35
2025-11-16 15:31:41.063,2090,29449.88
2025-11-16 15:31:41.063,2091,27626.15
2025-11-16 15:31:41.063,2092,26122.79
2025-11-16 15:31:41.063,2093,27247.26
2025-11-16 15:31:41.063,2094,24913.49
2025-11-16 15:31:41.063,2095,28847.41
2025-11-16 15:31:41.063,2096,52504.97
2025-11-16 15:31:41.063,2097,29071.17
2025-11-16 15:31:41.063,2098,29297.52
2025-11-16 15:31:41.063,2099,26026.81
2025-11-16 15:31:41.063,2100,25094.26
2025-11-16 15:31:41.063,2101,31543.36
2025-11-16 15:31:41.063,2102,30110.76
2025-11-16 15:31:41.063,2103,37893.76
2025-11-16 15:31:41.063,2104,284551.28
2025-11-16 15:31:41.063,2105,42590.57
2025-11-16 15:31:41.063,2106,57689.57
2025-11-16 15:31:41.063,2107,27213.2
2025-11-16 15:31:41.063,2108,76654.66
2025-11-16 15:31:41.063,2109,159131.2
2025-11-16 15:31:41.063,2110,70504.91
2025-11-16 15:31:41.063,2111,70504.91
2025-11-16 15:31:41.063,2112,439984.91
2025-11-16 15:31:41.063,2113,412143.03
2025-11-16 15:31:41.063,2114,379970.25
2025-11-16 15:31:41.063,2115,412143.03
2025-11-16 15:31:41.063,2116,403612.41
2025-11-16 15:31:41.063,2117,412143.03
2025-11-16 15:31:41.063,2118,403612.41
2025-11-16 15:31:41.063,2119,403612.41
2025-11-16 15:31:41.063,2120,412143.03
2025-11-16 15:31:41.063,2121,387544.88
2025-11-16 15:31:41.063,2122,421032.91
2025-11-16 15:31:41.063,2123,430305.09
2025-11-16 15:31:41.063,2124,412143.03
2025-11-16 15:31:41.063,2125,395419.56
2025-11-16 15:31:41.063,2126,421032.91
2025-11-16 15:31:41.063,2127,387544.88
2025-11-16 15:31:41.063,2128,439984.91
2025-11-16 15:31:41.063,2129,403612.41
2025-11-16 15:31:41.063,2130,439984.91
2025-11-16 15:31:41.063,2131,403612.41
2025-11-16 15:31:41.063,2132,403612.41
2025-11-16 15:31:41.063,2133,439984.91
2025-11-16 15:31:41.063,2134,412143.03
2025-11-16 15:31:41.063,2135,403612.41
2025-11-16 15:31:41.063,2136,430305.09
2025-11-16 15:31:41.063,2137,387544.88
2025-11-16 15:31:41.063,2138,430305.09
2025-11-16 15:31:41.063,2139,383721.19
2025-11-16 15:31:41.063,2140,334076.69
2025-11-16 15:31:41.063,2141,320197.59
2025-11-16 15:31:41.063,2142,339960.47
2025-11-16 15:31:41.063,2143,346048.91
2025-11-16 15:31:41.063,2144,182175.47
2025-11-16 15:31:41.063,2145,376290.09
2025-11-16 15:31:41.063,2146,331208.34
2025-11-16 15:31:41.063,2147,328387.41
2025-11-16 15:31:41.063,2148,339960.47
2025-11-16 15:31:41.063,2149,379970.25
2025-11-16 15:31:41.063,2150,358884.03
2025-11-16 15:31:41.063,2151,444986.13
2025-11-16 15:31:41.063,2152,471757.34
2025-11-16 15:31:41.063,2153,471757.34
2025-11-16 15:31:41.063,2154,98522.22
2025-11-16 15:31:41.063,2155,379970.25
2025-11-16 15:31:41.063,2156,762705.19
2025-11-16 15:31:41.063,2157,988899.38
2025-11-16 15:31:41.063,2158,550970.88
2025-11-16 15:31:41.063,2159,550970.88
2025-11-16 15:31:41.063,2160,508356.06
2025-11-16 15:31:41.063,2161,430305.09
2025-11-16 15:31:41.063,2162,460679.59
2025-11-16 15:31:41.063,2163,521823.06
2025-11-16 15:31:41.063,2164,412143.03
2025-11-16 15:31:41.063,2165,521823.06
2025-11-16 15:31:41.063,2166,460679.59
2025-11-16 15:31:41.063,2167,450099.75
2025-11-16 15:31:41.063,2168,471757.34
2025-11-16 15:31:41.063,2169,477494.09
2025-11-16 15:31:41.063,2170,543388.5
2025-11-16 15:31:41.063,2171,583498.19
2025-11-16 15:31:41.063,2172,483368.97
2025-11-16 15:31:41.063,2173,521823.06
2025-11-16 15:31:41.063,2174,550970.88
2025-11-16 15:31:41.063,2175,471757.34
2025-11-16 15:31:41.063,2176,566776.38
2025-11-16 15:31:41.063,2177,471757.34
2025-11-16 15:31:41.063,2178,508356.06
2025-11-16 15:31:41.063,2179,477494.09
2025-11-16 15:31:41.063,2180,515003.19
2025-11-16 15:31:41.063,2181,566776.38
2025-11-16 15:31:41.063,2182,521823.06
2025-11-16 15:31:41.063,2183,536008.31
2025-11-16 15:31:41.063,2184,483368.97
2025-11-16 15:31:41.063,2185,477494.09
2025-11-16 15:31:41.063,2186,566776.38
2025-11-16 15:31:41.063,2187,583498.19
2025-11-16 15:31:41.063,2188,550970.88
2025-11-16 15:31:41.063,2189,515003.19
2025-11-16 15:31:41.063,2190,460679.59
2025-11-16 15:31:41.063,2191,575017.88
2025-11-16 15:31:41.063,2192,268514.44
2025-11-16 15:31:41.063,2193,566776.38
2025-11-16 15:31:41.063,2194,601218.31
2025-11-16 15:31:41.063,2195,536008.31
2025-11-16 15:31:41.063,2196,515003.19
2025-11-16 15:31:41.063,2197,543388.5
2025-11-16 15:31:41.063,2198,521823.06
2025-11-16 15:31:41.063,2199,684112.31
2025-11-16 15:31:41.063,2200,734602.25
2025-11-16 15:31:41.063,2201,734602.25
2025-11-16 15:31:41.063,2202,162702.02
2025-11-16 15:31:41.063,2203,550970.88
2025-11-16 15:31:41.063,2204,988899.38
2025-11-16 15:31:41.063,2205,988899.38
2025-11-16 15:31:41.063,2206,988899.38
2025-11-16 15:31:41.063,2207,988899.38
2025-11-16 15:31:41.063,2208,259348.69
2025-11-16 15:31:41.063,2209,259348.69
2025-11-16 15:31:41.063,2210,259348.69
2025-11-16 15:31:41.063,2211,259348.69
2025-11-16 15:31:41.063,2212,259348.69
2025-11-16 15:31:41.063,2213,259348.69
2025-11-16 15:31:41.063,2214,259348.69
2025-11-16 15:31:41.063,2215,259348.69
2025-11-16 15:31:41.063,2216,259348.69
2025-11-16 15:31:41.063,2217,259348.69
2025-11-16 15:31:41.063,2218,259348.69
2025-11-16 15:31:41.063,2219,259348.69
2025-11-16 15:31:41.063,2220,259348.69
2025-11-16 15:31:41.063,2221,259348.69
2025-11-16 15:31:41.063,2222,259348.69
2025-11-16 15:31:41.063,2223,259348.69
2025-11-16 15:31:41.063,2224,259348.69
2025-11-16 15:31:41.063,2225,259348.69
2025-11-16 15:31:41.063,2226,259348.69
2025-11-16 15:31:41.063,2227,259348.69
2025-11-16 15:31:41.063,2228,259348.69
2025-11-16 15:31:41.063,2229,259348.69
2025-11-16 15:31:41.063,2230,259348.69
2025-11-16 15:31:41.063,2231,259348.69
2025-11-16 15:31:41.063,2232,259348.69
2025-11-16 15:31:41.063,2233,259348.69
2025-11-16 15:31:41.063,2234,259348.69
2025-11-16 15:31:41.063,2235,259348.69
2025-11-16 15:31:41.063,2236,259348.69
2025-11-16 15:31:41.063,2237,259348.69
2025-11-16 15:31:41.063,2238,259348.69
2025-11-16 15:31:41.063,2239,259348.69
2025-11-16 15:31:41.063,2240,259348.69
2025-11-16 15:31:41.063,2241,259348.69
2025-11-16 15:31:41.063,2242,259348.69
2025-11-16 15:31:41.063,2243,259348.69
2025-11-16 15:31:41.063,2244,259348.69
2025-11-16 15:31:41.063,2245,259348.69
2025-11-16 15:31:41.063,2246,259348.69
2025-11-16 15:31:41.063,2247,259348.69
2025-11-16 15:31:41.063,2248,259348.69
2025-11-16 15:31:41.063,2249,259348.69
2025-11-16 15:31:41.063,2250,259348.69
2025-11-16 15:31:41.063,2251,259348.69
2025-11-16 15:31:41.063,2252,259348.69
2025-11-16 15:31:41.063,2253,259348.69
2025-11-16 15:31:41.063,2254,259348.69
2025-11-16 15:31:41.063,2255,259348.69
2025-11-16 15:31:41.063,2256,259348.69
2025-11-16 15:31:41.063,2257,261133.28
2025-11-16 15:31:41.063,2258,276308.56
2025-11-16 15:31:41.063,2259,249115.52
2025-11-16 15:31:41.063,2260,238117.42
2025-11-16 15:31:41.063,2261,261133.28
2025-11-16 15:31:41.063,2262,255849.03
2025-11-16 15:31:41.063,2263,257587.41
2025-11-16 15:31:41.063,2264,239631.09
2025-11-16 15:31:41.063,2265,257587.41
2025-11-16 15:31:41.063,2266,266631.75
2025-11-16 15:31:41.063,2267,268514.44
2025-11-16 15:31:41.063,2268,247485.06
2025-11-16 15:31:41.063,2269,226638.0
2025-11-16 15:31:41.063,2270,264774.34
2025-11-16 15:31:41.063,2271,270422.94
2025-11-16 15:31:41.063,2272,262941.66
2025-11-16 15:31:41.063,2273,230816.17
2025-11-16 15:31:41.063,2274,257587.41
2025-11-16 15:31:41.063,2275,241163.34
2025-11-16 15:31:41.063,2276,250766.73
2025-11-16 15:31:41.063,2277,259348.69
2025-11-16 15:31:41.063,2278,247485.06
2025-11-16 15:31:41.063,2279,257587.41
2025-11-16 15:31:41.063,2280,235144.47
2025-11-16 15:31:41.063,2281,218701.81
2025-11-16 15:31:41.063,2282,261133.28
2025-11-16 15:31:41.063,2283,249115.52
2025-11-16 15:31:41.063,2284,218701.81
2025-11-16 15:31:41.063,2285,235144.47
2025-11-16 15:31:41.063,2286,211280.41
2025-11-16 15:31:41.063,2287,241163.34
2025-11-16 15:31:41.063,2288,120737.61
2025-11-16 15:31:41.063,2289,257587.41
2025-11-16 15:31:41.063,2290,259348.69
2025-11-16 15:31:41.063,2291,241163.34
2025-11-16 15:31:41.063,2292,213700.14
2025-11-16 15:31:41.063,2293,261133.28
2025-11-16 15:31:41.063,2294,235144.47
2025-11-16 15:31:41.063,2295,297844.91
2025-11-16 15:31:41.063,2296,334076.69
2025-11-16 15:31:41.063,2297,334076.69
2025-11-16 15:31:41.063,2298,61860.94
2025-11-16 15:31:41.063,2299,241163.34
2025-11-16 15:31:41.063,2300,536008.31
2025-11-16 15:31:41.063,2301,988899.38
2025-11-16 15:31:41.063,2302,483368.97
2025-11-16 15:31:41.063,2303,483368.97
