Timestamp,Sensor_ID,Resistance_Ohms
2025-11-16 15:11:11.008,0,26154.89
2025-11-16 15:11:11.008,1,33682.49
2025-11-16 15:11:11.008,2,38578.92
2025-11-16 15:11:11.008,3,36001.13
2025-11-16 15:11:11.008,4,36955.46
2025-11-16 15:11:11.008,5,38811.68
2025-11-16 15:11:11.008,6,39644.14
2025-11-16 15:11:11.008,7,39583.74
2025-11-16 15:11:11.008,8,39403.42
2025-11-16 15:11:11.008,9,39283.93
2025-11-16 15:11:11.008,10,40132.67
2025-11-16 15:11:11.008,11,39403.42
2025-11-16 15:11:11.008,12,40630.89
2025-11-16 15:11:11.008,13,39583.74
2025-11-16 15:11:11.008,14,41139.08
2025-11-16 15:11:11.008,15,40568.07
2025-11-16 15:11:11.008,16,39523.48
2025-11-16 15:11:11.008,17,40693.86
2025-11-16 15:11:11.008,18,41203.32
2025-11-16 15:11:11.008,19,41788.82
2025-11-16 15:11:11.008,20,40883.72
2025-11-16 15:11:11.008,21,41203.32
2025-11-16 15:11:11.008,22,39644.14
2025-11-16 15:11:11.008,23,42320.58
2025-11-16 15:11:11.008,24,40380.55
2025-11-16 15:11:11.008,25,40756.99
2025-11-16 15:11:11.008,26,41986.96
2025-11-16 15:11:11.008,27,42455.23
2025-11-16 15:11:11.008,28,41526.96
2025-11-16 15:11:11.008,29,40756.99
2025-11-16 15:11:11.008,30,41461.9
2025-11-16 15:11:11.008,31,41526.96
2025-11-16 15:11:11.008,32,76288.51
2025-11-16 15:11:11.008,33,42590.57
2025-11-16 15:11:11.008,34,41592.18
2025-11-16 15:11:11.008,35,41657.55
2025-11-16 15:11:11.008,36,41657.55
2025-11-16 15:11:11.008,37,46061.56
2025-11-16 15:11:11.008,38,48810.25
2025-11-16 15:11:11.008,39,53378.87
2025-11-16 15:11:11.008,40,430305.09
2025-11-16 15:11:11.008,41,60132.29
2025-11-16 15:11:11.008,42,88812.2
2025-11-16 15:11:11.008,43,41788.82
2025-11-16 15:11:11.008,44,102712.45
2025-11-16 15:11:11.008,45,328387.41
2025-11-16 15:11:11.008,46,105581.22
2025-11-16 15:11:11.008,47,105581.22
2025-11-16 15:11:11.008,48,132592.78
2025-11-16 15:11:11.008,49,133594.3
2025-11-16 15:11:11.008,50,153062.25
2025-11-16 15:11:11.008,51,144441.03
2025-11-16 15:11:11.008,52,151772.23
2025-11-16 15:11:11.008,53,157058.67
2025-11-16 15:11:11.008,54,144441.03
2025-11-16 15:11:11.008,55,153715.0
2025-11-16 15:11:11.008,56,151134.84
2025-11-16 15:11:11.008,57,151772.23
2025-11-16 15:11:11.008,58,159131.2
2025-11-16 15:11:11.008,59,150502.45
2025-11-16 15:11:11.008,60,157058.67
2025-11-16 15:11:11.008,61,153062.25
2025-11-16 15:11:11.008,62,159131.2
2025-11-16 15:11:11.008,63,155036.28
2025-11-16 15:11:11.008,64,141018.91
2025-11-16 15:11:11.008,65,154372.98
2025-11-16 15:11:11.008,66,154372.98
2025-11-16 15:11:11.008,67,153715.0
2025-11-16 15:11:11.008,68,158434.67
2025-11-16 15:11:11.008,69,162702.02
2025-11-16 15:11:11.008,70,153062.25
2025-11-16 15:11:11.008,71,163434.33
2025-11-16 15:11:11.008,72,153715.0
2025-11-16 15:11:11.008,73,153062.25
2025-11-16 15:11:11.008,74,154372.98
2025-11-16 15:11:11.008,75,161255.75
2025-11-16 15:11:11.008,76,158434.67
2025-11-16 15:11:11.008,77,157058.67
2025-11-16 15:11:11.008,78,157058.67
2025-11-16 15:11:11.008,79,166426.73
2025-11-16 15:11:11.008,80,242714.52
2025-11-16 15:11:11.008,81,163434.33
2025-11-16 15:11:11.008,82,162702.02
2025-11-16 15:11:11.008,83,165668.98
2025-11-16 15:11:11.008,84,164172.88
2025-11-16 15:11:11.008,85,167191.02
2025-11-16 15:11:11.008,86,183082.55
2025-11-16 15:11:11.008,87,195704.14
2025-11-16 15:11:11.008,88,165668.98
2025-11-16 15:11:11.008,89,165668.98
2025-11-16 15:11:11.008,90,264774.34
2025-11-16 15:11:11.008,91,157058.67
2025-11-16 15:11:11.008,92,176056.81
2025-11-16 15:11:11.008,93,861364.44
2025-11-16 15:11:11.008,94,346048.91
2025-11-16 15:11:11.008,95,346048.91
2025-11-16 15:11:11.008,96,94364.8
2025-11-16 15:11:11.008,97,92789.56
2025-11-16 15:11:11.008,98,98234.78
2025-11-16 15:11:11.008,99,94098.91
2025-11-16 15:11:11.008,100,99687.32
2025-11-16 15:11:11.008,101,96820.16
2025-11-16 15:11:11.008,102,94098.91
2025-11-16 15:11:11.008,103,98811.18
2025-11-16 15:11:11.008,104,99101.66
2025-11-16 15:11:11.008,105,94632.04
2025-11-16 15:11:11.008,106,102094.18
2025-11-16 15:11:11.008,107,98522.22
2025-11-16 15:11:11.008,108,102094.18
2025-11-16 15:11:11.008,109,100877.71
2025-11-16 15:11:11.008,110,102094.18
2025-11-16 15:11:11.008,111,99101.66
2025-11-16 15:11:11.008,112,90513.82
2025-11-16 15:11:11.008,113,102094.18
2025-11-16 15:11:11.008,114,100279.32
2025-11-16 15:11:11.008,115,98522.22
2025-11-16 15:11:11.008,116,105255.28
2025-11-16 15:11:11.008,117,103337.61
2025-11-16 15:11:11.008,118,97381.57
2025-11-16 15:11:11.008,119,100279.32
2025-11-16 15:11:11.008,120,96820.16
2025-11-16 15:11:11.008,121,98234.78
2025-11-16 15:11:11.008,122,93834.39
2025-11-16 15:11:11.008,123,102402.48
2025-11-16 15:11:11.008,124,99101.66
2025-11-16 15:11:11.008,125,98522.22
2025-11-16 15:11:11.008,126,100577.7
2025-11-16 15:11:11.008,127,102094.18
2025-11-16 15:11:11.008,128,167961.95
2025-11-16 15:11:11.008,129,100279.32
2025-11-16 15:11:11.008,130,102712.45
2025-11-16 15:11:11.008,131,105255.28
2025-11-16 15:11:11.008,132,97948.88
2025-11-16 15:11:11.008,133,109291.9
2025-11-16 15:11:11.008,134,109641.09
2025-11-16 15:11:11.008,135,126864.97
2025-11-16 15:11:11.008,136,920784.13
2025-11-16 15:11:11.008,137,104931.19
2025-11-16 15:11:11.008,138,189679.88
2025-11-16 15:11:11.008,139,99101.66
2025-11-16 15:11:11.008,140,167191.02
2025-11-16 15:11:11.008,141,684112.31
2025-11-16 15:11:11.008,142,232241.86
2025-11-16 15:11:11.008,143,232241.86
2025-11-16 15:11:11.008,144,49845.72
2025-11-16 15:11:11.008,145,50287.98
2025-11-16 15:11:11.008,146,51284.3
2025-11-16 15:11:11.008,147,52029.78
2025-11-16 15:11:11.008,148,50199.01
2025-11-16 15:11:11.008,149,51284.3
2025-11-16 15:11:11.008,150,50199.01
2025-11-16 15:11:11.008,151,50199.01
2025-11-16 15:11:11.008,152,49845.72
2025-11-16 15:11:11.008,153,50021.84
2025-11-16 15:11:11.008,154,51009.33
2025-11-16 15:11:11.008,155,49758.04
2025-11-16 15:11:11.008,156,51468.98
2025-11-16 15:11:11.008,157,51468.98
2025-11-16 15:11:11.008,158,50918.22
2025-11-16 15:11:11.008,159,50556.48
2025-11-16 15:11:11.008,160,32145.38
2025-11-16 15:11:11.008,161,50827.38
2025-11-16 15:11:11.008,162,51284.3
2025-11-16 15:11:11.008,163,46922.36
2025-11-16 15:11:11.008,164,52697.09
2025-11-16 15:11:11.008,165,52890.38
2025-11-16 15:11:11.008,166,49845.72
2025-11-16 15:11:11.008,167,53378.87
2025-11-16 15:11:11.008,168,51100.71
2025-11-16 15:11:11.008,169,51468.98
2025-11-16 15:11:11.008,170,50199.01
2025-11-16 15:11:11.008,171,52600.88
2025-11-16 15:11:11.008,172,51841.71
2025-11-16 15:11:11.008,173,50377.22
2025-11-16 15:11:11.008,174,51841.71
2025-11-16 15:11:11.008,175,53182.58
2025-11-16 15:11:11.008,176,93834.39
2025-11-16 15:11:11.008,177,52987.48
2025-11-16 15:11:11.008,178,52987.48
2025-11-16 15:11:11.008,179,52793.59
2025-11-16 15:11:11.008,180,53280.57
2025-11-16 15:11:11.008,181,56912.64
2025-11-16 15:11:11.008,182,59653.54
2025-11-16 15:11:11.008,183,65867.58
2025-11-16 15:11:11.008,184,483368.97
2025-11-16 15:11:11.008,185,63676.8
2025-11-16 15:11:11.008,186,104608.9
2025-11-16 15:11:11.008,187,52504.97
2025-11-16 15:11:11.008,188,113621.23
2025-11-16 15:11:11.008,189,358884.03
2025-11-16 15:11:11.008,190,125954.73
2025-11-16 15:11:11.008,191,125954.73
2025-11-16 15:11:11.008,192,31543.36
2025-11-16 15:11:11.008,193,31040.83
2025-11-16 15:11:11.008,194,31206.99
2025-11-16 15:11:11.008,195,31585.79
2025-11-16 15:11:11.008,196,30794.08
2025-11-16 15:11:11.008,197,31248.74
2025-11-16 15:11:11.008,198,30550.28
2025-11-16 15:11:11.008,199,31040.83
2025-11-16 15:11:11.008,200,30150.32
2025-11-16 15:11:11.008,201,30229.68
2025-11-16 15:11:11.008,202,30110.76
2025-11-16 15:11:11.008,203,29526.5
2025-11-16 15:11:11.008,204,31206.99
2025-11-16 15:11:11.008,205,30835.0
2025-11-16 15:11:11.008,206,30712.49
2025-11-16 15:11:11.008,207,30631.22
2025-11-16 15:11:11.008,208,21261.97
2025-11-16 15:11:11.008,209,30071.27
2025-11-16 15:11:11.008,210,30469.65
2025-11-16 15:11:11.008,211,24382.16
2025-11-16 15:11:11.008,212,32014.92
2025-11-16 15:11:11.008,213,32232.81
2025-11-16 15:11:11.008,214,27556.69
2025-11-16 15:11:11.008,215,32145.38
2025-11-16 15:11:11.008,216,30590.71
2025-11-16 15:11:11.008,217,31501.02
2025-11-16 15:11:11.008,218,31628.31
2025-11-16 15:11:11.008,219,32765.05
2025-11-16 15:11:11.008,220,32058.32
2025-11-16 15:11:11.008,221,30631.22
2025-11-16 15:11:11.008,222,32320.6
2025-11-16 15:11:11.008,223,32765.05
2025-11-16 15:11:11.008,224,61734.65
2025-11-16 15:11:11.008,225,32320.6
2025-11-16 15:11:11.008,226,32320.6
2025-11-16 15:11:11.008,227,32765.05
2025-11-16 15:11:11.008,228,32900.21
2025-11-16 15:11:11.008,229,35845.82
2025-11-16 15:11:11.008,230,38006.61
2025-11-16 15:11:11.008,231,42455.23
2025-11-16 15:11:11.008,232,322883.13
2025-11-16 15:11:11.008,233,42863.36
2025-11-16 15:11:11.008,234,74328.61
2025-11-16 15:11:11.008,235,32765.05
2025-11-16 15:11:11.008,236,84909.8
2025-11-16 15:11:11.008,237,264774.34
2025-11-16 15:11:11.008,238,86707.14
2025-11-16 15:11:11.008,239,86707.14
2025-11-16 15:11:11.008,240,22000.49
2025-11-16 15:11:11.008,241,21950.17
2025-11-16 15:11:11.008,242,21950.17
2025-11-16 15:11:11.008,243,22152.38
2025-11-16 15:11:11.008,244,21358.47
2025-11-16 15:11:11.008,245,21950.17
2025-11-16 15:11:11.008,246,21286.04
2025-11-16 15:11:11.008,247,21118.33
2025-11-16 15:11:11.008,248,20148.47
2025-11-16 15:11:11.008,249,20952.39
2025-11-16 15:11:11.008,250,20741.61
2025-11-16 15:11:11.008,251,20442.16
2025-11-16 15:11:11.008,252,21700.95
2025-11-16 15:11:11.008,253,21358.47
2025-11-16 15:11:11.008,254,21950.17
2025-11-16 15:11:11.008,255,21553.27
2025-11-16 15:11:11.008,256,20126.11
2025-11-16 15:11:11.008,257,21626.94
2025-11-16 15:11:11.008,258,21626.94
2025-11-16 15:11:11.008,259,20126.11
2025-11-16 15:11:11.008,260,22801.05
2025-11-16 15:11:11.008,261,23040.99
2025-11-16 15:11:11.008,262,21504.34
2025-11-16 15:11:11.008,263,23421.27
2025-11-16 15:11:11.008,264,21925.08
2025-11-16 15:11:11.008,265,22512.45
2025-11-16 15:11:11.008,266,24036.8
2025-11-16 15:11:11.008,267,23257.23
2025-11-16 15:11:11.008,268,22827.54
2025-11-16 15:11:11.008,269,22101.59
2025-11-16 15:11:11.008,270,22880.64
2025-11-16 15:11:11.008,271,23175.81
2025-11-16 15:11:11.008,272,46216.13
2025-11-16 15:11:11.008,273,23094.79
2025-11-16 15:11:11.008,274,23014.16
2025-11-16 15:11:11.008,275,23040.99
2025-11-16 15:11:11.008,276,23202.91
2025-11-16 15:11:11.008,277,25647.93
2025-11-16 15:11:11.008,278,27556.69
2025-11-16 15:11:11.008,279,30835.0
2025-11-16 15:11:11.008,280,226638.0
2025-11-16 15:11:11.008,281,34885.99
2025-11-16 15:11:11.008,282,56693.92
2025-11-16 15:11:11.008,283,22774.6
2025-11-16 15:11:11.008,284,65726.85
2025-11-16 15:11:11.008,285,211280.41
2025-11-16 15:11:11.008,286,65586.65
2025-11-16 15:11:11.008,287,65586.65
2025-11-16 15:11:11.008,288,20510.75
2025-11-16 15:11:11.008,289,20442.16
2025-11-16 15:11:11.008,290,19926.36
2025-11-16 15:11:11.008,291,20373.88
2025-11-16 15:11:11.008,292,19385.09
2025-11-16 15:11:11.008,293,19904.33
2025-11-16 15:11:11.008,294,18781.14
2025-11-16 15:11:11.008,295,18378.83
2025-11-16 15:11:11.008,296,18240.65
2025-11-16 15:11:11.008,297,18720.07
2025-11-16 15:11:11.008,298,18986.58
2025-11-16 15:11:11.008,299,18986.58
2025-11-16 15:11:11.008,300,19707.48
2025-11-16 15:11:11.008,301,19111.26
2025-11-16 15:11:11.008,302,20193.28
2025-11-16 15:11:11.008,303,19534.67
2025-11-16 15:11:11.008,304,20881.81
2025-11-16 15:11:11.008,305,20193.28
2025-11-16 15:11:11.008,306,21023.29
2025-11-16 15:11:11.008,307,21286.04
2025-11-16 15:11:11.008,308,20928.83
2025-11-16 15:11:11.008,309,21406.95
2025-11-16 15:11:11.008,310,19904.33
2025-11-16 15:11:11.008,311,21676.24
2025-11-16 15:11:11.008,312,19904.33
2025-11-16 15:11:11.008,313,20741.61
2025-11-16 15:11:11.008,314,22460.52
2025-11-16 15:11:11.008,315,21310.15
2025-11-16 15:11:11.008,316,21286.04
2025-11-16 15:11:11.008,317,20170.86
2025-11-16 15:11:11.008,318,20881.81
2025-11-16 15:11:11.008,319,20928.83
2025-11-16 15:11:11.008,320,43208.34
2025-11-16 15:11:11.008,321,20975.98
2025-11-16 15:11:11.008,322,20834.94
2025-11-16 15:11:11.008,323,21286.04
2025-11-16 15:11:11.008,324,21358.47
2025-11-16 15:11:11.008,325,23257.23
2025-11-16 15:11:11.008,326,25215.81
2025-11-16 15:11:11.008,327,28263.01
2025-11-16 15:11:11.008,328,199926.28
2025-11-16 15:11:11.008,329,33682.49
2025-11-16 15:11:11.008,330,52793.59
2025-11-16 15:11:11.008,331,20788.21
2025-11-16 15:11:11.008,332,63943.71
2025-11-16 15:11:11.008,333,189679.88
2025-11-16 15:11:11.008,334,59892.09
2025-11-16 15:11:11.008,335,59892.09
2025-11-16 15:11:11.008,336,17910.59
2025-11-16 15:11:11.008,337,17795.93
2025-11-16 15:11:11.008,338,17531.99
2025-11-16 15:11:11.008,339,17606.89
2025-11-16 15:11:11.008,340,16663.75
2025-11-16 15:11:11.008,341,17127.16
2025-11-16 15:11:11.008,342,16455.14
2025-11-16 15:11:11.008,343,16317.87
2025-11-16 15:11:11.008,344,16369.18
2025-11-16 15:11:11.008,345,16628.76
2025-11-16 15:11:11.008,346,17127.16
2025-11-16 15:11:11.008,347,16929.16
2025-11-16 15:11:11.008,348,16386.33
2025-11-16 15:11:11.008,349,16893.47
2025-11-16 15:11:11.008,350,16875.66
2025-11-16 15:11:11.008,351,16249.76
2025-11-16 15:11:11.008,352,18578.57
2025-11-16 15:11:11.008,353,17606.89
2025-11-16 15:11:11.008,354,18438.46
2025-11-16 15:11:11.008,355,18965.91
2025-11-16 15:11:11.008,356,18418.55
2025-11-16 15:11:11.008,357,19111.26
2025-11-16 15:11:11.008,358,17776.91
2025-11-16 15:11:11.008,359,19363.84
2025-11-16 15:11:11.008,360,17127.16
2025-11-16 15:11:11.008,361,18181.84
2025-11-16 15:11:11.008,362,19664.09
2025-11-16 15:11:11.008,363,17346.5
2025-11-16 15:11:11.008,364,18699.77
2025-11-16 15:11:11.008,365,18026.2
2025-11-16 15:11:11.008,366,18740.4
2025-11-16 15:11:11.008,367,18862.97
2025-11-16 15:11:11.008,368,39523.48
2025-11-16 15:11:11.008,369,18659.26
2025-11-16 15:11:11.008,370,18659.26
2025-11-16 15:11:11.008,371,18740.4
2025-11-16 15:11:11.008,372,18781.14
2025-11-16 15:11:11.008,373,20103.78
2025-11-16 15:11:11.008,374,22616.81
2025-11-16 15:11:11.008,375,25523.39
2025-11-16 15:11:11.008,376,183082.55
2025-11-16 15:11:11.008,377,30671.81
2025-11-16 15:11:11.008,378,48810.25
2025-11-16 15:11:11.008,379,18064.95
2025-11-16 15:11:11.008,380,58947.51
2025-11-16 15:11:11.008,381,178630.77
2025-11-16 15:11:11.008,382,56476.62
2025-11-16 15:11:11.008,383,56476.62
2025-11-16 15:11:11.008,384,18181.84
2025-11-16 15:11:11.008,385,18103.81
2025-11-16 15:11:11.008,386,17757.91
2025-11-16 15:11:11.008,387,18045.56
2025-11-16 15:11:11.008,388,17236.39
2025-11-16 15:11:11.008,389,17606.89
2025-11-16 15:11:11.008,390,16403.5
2025-11-16 15:11:11.008,391,16929.16
2025-11-16 15:11:11.008,392,17054.83
2025-11-16 15:11:11.008,393,16929.16
2025-11-16 15:11:11.008,394,17383.4
2025-11-16 15:11:11.008,395,17090.95
2025-11-16 15:11:11.008,396,17494.69
2025-11-16 15:11:11.008,397,17383.4
2025-11-16 15:11:11.008,398,17606.89
2025-11-16 15:11:11.008,399,17181.67
2025-11-16 15:11:11.008,400,18986.58
2025-11-16 15:11:11.008,401,17776.91
2025-11-16 15:11:11.008,402,18822.0
2025-11-16 15:11:11.008,403,19534.67
2025-11-16 15:11:11.008,404,18986.58
2025-11-16 15:11:11.008,405,19816.52
2025-11-16 15:11:11.008,406,18478.35
2025-11-16 15:11:11.008,407,19685.77
2025-11-16 15:11:11.008,408,17420.39
2025-11-16 15:11:11.008,409,18740.4
2025-11-16 15:11:11.008,410,20193.28
2025-11-16 15:11:11.008,411,19111.26
2025-11-16 15:11:11.008,412,19111.26
2025-11-16 15:11:11.008,413,18458.39
2025-11-16 15:11:11.008,414,19111.26
2025-11-16 15:11:11.008,415,19028.03
2025-11-16 15:11:11.008,416,39948.35
2025-11-16 15:11:11.008,417,19028.03
2025-11-16 15:11:11.008,418,18862.97
2025-11-16 15:11:11.008,419,19028.03
2025-11-16 15:11:11.008,420,19069.58
2025-11-16 15:11:11.008,421,20510.75
2025-11-16 15:11:11.008,422,22907.26
2025-11-16 15:11:11.008,423,25836.37
2025-11-16 15:11:11.008,424,182175.47
2025-11-16 15:11:11.008,425,30150.32
2025-11-16 15:11:11.008,426,49496.55
2025-11-16 15:11:11.008,427,18359.01
2025-11-16 15:11:11.008,428,59534.86
2025-11-16 15:11:11.008,429,178630.77
2025-11-16 15:11:11.008,430,56585.1
2025-11-16 15:11:11.008,431,56585.1
2025-11-16 15:11:11.008,432,19028.03
2025-11-16 15:11:11.008,433,18965.91
2025-11-16 15:11:11.008,434,18181.84
2025-11-16 15:11:11.008,435,18618.86
2025-11-16 15:11:11.008,436,17872.27
2025-11-16 15:11:11.008,437,18064.95
2025-11-16 15:11:11.008,438,17720.0
2025-11-16 15:11:11.008,439,17776.91
2025-11-16 15:11:11.008,440,17018.8
2025-11-16 15:11:11.008,441,17457.49
2025-11-16 15:11:11.008,442,17910.59
2025-11-16 15:11:11.008,443,17309.7
2025-11-16 15:11:11.008,444,18339.21
2025-11-16 15:11:11.008,445,18339.21
2025-11-16 15:11:11.008,446,18339.21
2025-11-16 15:11:11.008,447,18103.81
2025-11-16 15:11:11.008,448,19194.97
2025-11-16 15:11:11.008,449,18045.56
2025-11-16 15:11:11.008,450,19363.84
2025-11-16 15:11:11.008,451,19794.65
2025-11-16 15:11:11.008,452,19406.36
2025-11-16 15:11:11.008,453,20103.78
2025-11-16 15:11:11.008,454,18578.57
2025-11-16 15:11:11.008,455,20170.86
2025-11-16 15:11:11.008,456,17346.5
2025-11-16 15:11:11.008,457,18842.47
2025-11-16 15:11:11.008,458,20764.89
2025-11-16 15:11:11.008,459,19577.68
2025-11-16 15:11:11.008,460,19577.68
2025-11-16 15:11:11.008,461,19069.58
2025-11-16 15:11:11.008,462,19556.16
2025-11-16 15:11:11.008,463,19838.42
2025-11-16 15:11:11.008,464,40380.55
2025-11-16 15:11:11.008,465,19664.09
2025-11-16 15:11:11.008,466,19321.44
2025-11-16 15:11:11.008,467,19449.01
2025-11-16 15:11:11.008,468,19237.01
2025-11-16 15:11:11.008,469,20788.21
2025-11-16 15:11:11.008,470,23698.29
2025-11-16 15:11:11.008,471,26090.74
2025-11-16 15:11:11.008,472,178630.77
2025-11-16 15:11:11.008,473,31374.49
2025-11-16 15:11:11.008,474,49845.72
2025-11-16 15:11:11.008,475,18720.07
2025-11-16 15:11:11.008,476,60132.29
2025-11-16 15:11:11.008,477,179504.63
2025-11-16 15:11:11.008,478,55833.13
2025-11-16 15:11:11.008,479,55833.13
2025-11-16 15:11:11.008,480,16403.5
2025-11-16 15:11:11.008,481,16198.91
2025-11-16 15:11:11.008,482,15174.57
2025-11-16 15:11:11.008,483,15848.37
2025-11-16 15:11:11.008,484,15315.99
2025-11-16 15:11:11.008,485,15050.17
2025-11-16 15:11:11.008,486,14926.99
2025-11-16 15:11:11.008,487,15081.15
2025-11-16 15:11:11.008,488,14835.39
2025-11-16 15:11:11.008,489,15034.71
2025-11-16 15:11:11.008,490,15081.15
2025-11-16 15:11:11.008,491,14865.85
2025-11-16 15:11:11.008,492,15914.42
2025-11-16 15:11:11.008,493,15652.22
2025-11-16 15:11:11.008,494,16182.0
2025-11-16 15:11:11.008,495,15652.22
2025-11-16 15:11:11.008,496,17163.47
2025-11-16 15:11:11.008,497,16182.0
2025-11-16 15:11:11.008,498,17018.8
2025-11-16 15:11:11.008,499,17457.49
2025-11-16 15:11:11.008,500,16947.04
2025-11-16 15:11:11.008,501,17494.69
2025-11-16 15:11:11.008,502,15930.98
2025-11-16 15:11:11.008,503,17795.93
2025-11-16 15:11:11.008,504,16681.28
2025-11-16 15:11:11.008,505,16663.75
2025-11-16 15:11:11.008,506,18418.55
2025-11-16 15:11:11.008,507,17494.69
2025-11-16 15:11:11.008,508,17181.67
2025-11-16 15:11:11.008,509,16283.77
2025-11-16 15:11:11.008,510,17163.47
2025-11-16 15:11:11.008,511,17199.88
2025-11-16 15:11:11.008,512,36739.99
2025-11-16 15:11:11.008,513,17036.8
2025-11-16 15:11:11.008,514,17163.47
2025-11-16 15:11:11.008,515,17254.68
2025-11-16 15:11:11.008,516,17364.93
2025-11-16 15:11:11.008,517,19321.44
2025-11-16 15:11:11.008,518,20975.98
2025-11-16 15:11:11.008,519,23810.38
2025-11-16 15:11:11.008,520,168739.63
2025-11-16 15:11:11.008,521,29071.17
2025-11-16 15:11:11.008,522,45754.95
2025-11-16 15:11:11.008,523,16947.04
2025-11-16 15:11:11.008,524,55833.13
2025-11-16 15:11:11.008,525,170315.53
2025-11-16 15:11:11.008,526,52793.59
2025-11-16 15:11:11.008,527,52793.59
2025-11-16 15:11:11.008,528,17181.67
2025-11-16 15:11:11.008,529,16964.95
2025-11-16 15:11:11.008,530,15914.42
2025-11-16 15:11:11.008,531,16698.84
2025-11-16 15:11:11.008,532,15881.35
2025-11-16 15:11:11.008,533,16249.76
2025-11-16 15:11:11.008,534,15782.65
2025-11-16 15:11:11.008,535,15652.22
2025-11-16 15:11:11.008,536,15331.81
2025-11-16 15:11:11.008,537,15603.64
2025-11-16 15:11:11.008,538,15848.37
2025-11-16 15:11:11.008,539,15491.01
2025-11-16 15:11:11.008,540,16840.11
2025-11-16 15:11:11.008,541,16386.33
2025-11-16 15:11:11.008,542,17272.99
2025-11-16 15:11:11.008,543,16593.85
2025-11-16 15:11:11.008,544,18026.2
2025-11-16 15:11:11.008,545,17199.88
2025-11-16 15:11:11.008,546,17569.39
2025-11-16 15:11:11.008,547,18478.35
2025-11-16 15:11:11.008,548,17872.27
2025-11-16 15:11:11.008,549,18578.57
2025-11-16 15:11:11.008,550,16982.88
2025-11-16 15:11:11.008,551,18518.36
2025-11-16 15:11:11.008,552,17420.39
2025-11-16 15:11:11.008,553,17494.69
2025-11-16 15:11:11.008,554,19427.67
2025-11-16 15:11:11.008,555,18418.55
2025-11-16 15:11:11.008,556,18084.37
2025-11-16 15:11:11.008,557,17309.7
2025-11-16 15:11:11.008,558,17910.59
2025-11-16 15:11:11.008,559,17949.02
2025-11-16 15:11:11.008,560,38348.37
2025-11-16 15:11:11.008,561,17910.59
2025-11-16 15:11:11.008,562,17929.79
2025-11-16 15:11:11.008,563,18103.81
2025-11-16 15:11:11.008,564,18339.21
2025-11-16 15:11:11.008,565,20103.78
2025-11-16 15:11:11.008,566,21725.7
2025-11-16 15:11:11.008,567,24675.34
2025-11-16 15:11:11.008,568,168739.63
2025-11-16 15:11:11.008,569,30189.96
2025-11-16 15:11:11.008,570,47484.0
2025-11-16 15:11:11.008,571,17569.39
2025-11-16 15:11:11.008,572,56912.64
2025-11-16 15:11:11.008,573,173552.13
2025-11-16 15:11:11.008,574,54787.84
2025-11-16 15:11:11.008,575,54787.84
2025-11-16 15:11:11.008,576,16455.14
2025-11-16 15:11:11.008,577,16198.91
2025-11-16 15:11:11.008,578,15947.57
2025-11-16 15:11:11.008,579,16148.25
2025-11-16 15:11:11.008,580,14896.38
2025-11-16 15:11:11.008,581,15815.47
2025-11-16 15:11:11.008,582,15081.15
2025-11-16 15:11:11.008,583,15174.57
2025-11-16 15:11:11.008,584,14988.43
2025-11-16 15:11:11.008,585,14850.61
2025-11-16 15:11:11.008,586,15237.23
2025-11-16 15:11:11.008,587,14911.68
2025-11-16 15:11:11.008,588,15848.37
2025-11-16 15:11:11.008,589,15331.81
2025-11-16 15:11:11.008,590,16352.05
2025-11-16 15:11:11.008,591,15782.65
2025-11-16 15:11:11.008,592,17054.83
2025-11-16 15:11:11.008,593,16182.0
2025-11-16 15:11:11.008,594,16769.29
2025-11-16 15:11:11.008,595,17346.5
2025-11-16 15:11:11.008,596,16769.29
2025-11-16 15:11:11.008,597,17531.99
2025-11-16 15:11:11.008,598,15237.23
2025-11-16 15:11:11.008,599,17272.99
2025-11-16 15:11:11.008,600,16283.77
2025-11-16 15:11:11.008,601,16148.25
2025-11-16 15:11:11.008,602,18064.95
2025-11-16 15:11:11.008,603,17254.68
2025-11-16 15:11:11.008,604,16317.87
2025-11-16 15:11:11.008,605,15491.01
2025-11-16 15:11:11.008,606,15652.22
2025-11-16 15:11:11.008,607,14299.57
2025-11-16 15:11:11.008,608,36001.13
2025-11-16 15:11:11.008,609,15914.42
2025-11-16 15:11:11.008,610,16698.84
2025-11-16 15:11:11.008,611,16420.69
2025-11-16 15:11:11.008,612,16947.04
2025-11-16 15:11:11.008,613,19153.06
2025-11-16 15:11:11.008,614,20533.68
2025-11-16 15:11:11.008,615,23366.42
2025-11-16 15:11:11.008,616,164172.88
2025-11-16 15:11:11.008,617,28847.41
2025-11-16 15:11:11.008,618,44126.66
2025-11-16 15:11:11.008,619,15914.42
2025-11-16 15:11:11.008,620,54685.13
2025-11-16 15:11:11.008,621,161255.75
2025-11-16 15:11:11.008,622,51100.71
2025-11-16 15:11:11.008,623,51100.71
2025-11-16 15:11:11.008,624,16081.01
2025-11-16 15:11:11.008,625,15848.37
2025-11-16 15:11:11.008,626,15523.09
2025-11-16 15:11:11.008,627,15603.64
2025-11-16 15:11:11.008,628,14881.11
2025-11-16 15:11:11.008,629,15523.09
2025-11-16 15:11:11.008,630,14835.39
2025-11-16 15:11:11.008,631,14881.11
2025-11-16 15:11:11.008,632,14805.01
2025-11-16 15:11:11.008,633,14564.57
2025-11-16 15:11:11.008,634,14684.21
2025-11-16 15:11:11.008,635,14835.39
2025-11-16 15:11:11.008,636,15619.82
2025-11-16 15:11:11.008,637,15252.94
2025-11-16 15:11:11.008,638,15864.85
2025-11-16 15:11:11.008,639,15081.15
2025-11-16 15:11:11.008,640,16734.02
2025-11-16 15:11:11.008,641,15619.82
2025-11-16 15:11:11.008,642,16403.5
2025-11-16 15:11:11.008,643,17163.47
2025-11-16 15:11:11.008,644,16611.29
2025-11-16 15:11:11.008,645,17272.99
2025-11-16 15:11:11.008,646,15930.98
2025-11-16 15:11:11.008,647,17309.7
2025-11-16 15:11:11.008,648,16249.76
2025-11-16 15:11:11.008,649,16352.05
2025-11-16 15:11:11.008,650,18339.21
2025-11-16 15:11:11.008,651,17420.39
2025-11-16 15:11:11.008,652,16334.95
2025-11-16 15:11:11.008,653,15749.92
2025-11-16 15:11:11.008,654,16663.75
2025-11-16 15:11:11.008,655,16215.84
2025-11-16 15:11:11.008,656,35134.67
2025-11-16 15:11:11.008,657,16628.76
2025-11-16 15:11:11.008,658,16334.95
2025-11-16 15:11:11.008,659,16455.14
2025-11-16 15:11:11.008,660,17036.8
2025-11-16 15:11:11.008,661,18659.26
2025-11-16 15:11:11.008,662,20510.75
2025-11-16 15:11:11.008,663,23148.76
2025-11-16 15:11:11.008,664,153062.25
2025-11-16 15:11:11.008,665,28553.0
2025-11-16 15:11:11.008,666,44707.67
2025-11-16 15:11:11.008,667,15507.04
2025-11-16 15:11:11.008,668,54787.84
2025-11-16 15:11:11.008,669,164172.88
2025-11-16 15:11:11.008,670,51654.79
2025-11-16 15:11:11.008,671,51654.79
2025-11-16 15:11:11.008,672,15268.68
2025-11-16 15:11:11.008,673,15081.15
2025-11-16 15:11:11.008,674,15815.47
2025-11-16 15:11:11.008,675,15019.26
2025-11-16 15:11:11.008,676,15379.36
2025-11-16 15:11:11.008,677,16114.59
2025-11-16 15:11:11.008,678,15395.25
2025-11-16 15:11:11.008,679,15395.25
2025-11-16 15:11:11.008,680,15174.57
2025-11-16 15:11:11.008,681,15347.64
2025-11-16 15:11:11.008,682,15782.65
2025-11-16 15:11:11.008,683,15636.01
2025-11-16 15:11:11.008,684,16030.81
2025-11-16 15:11:11.008,685,15848.37
2025-11-16 15:11:11.008,686,16663.75
2025-11-16 15:11:11.008,687,16014.12
2025-11-16 15:11:11.008,688,17569.39
2025-11-16 15:11:11.008,689,16663.75
2025-11-16 15:11:11.008,690,17420.39
2025-11-16 15:11:11.008,691,18103.81
2025-11-16 15:11:11.008,692,17291.33
2025-11-16 15:11:11.008,693,17949.02
2025-11-16 15:11:11.008,694,16929.16
2025-11-16 15:11:11.008,695,18240.65
2025-11-16 15:11:11.008,696,17163.47
2025-11-16 15:11:11.008,697,17127.16
2025-11-16 15:11:11.008,698,19028.03
2025-11-16 15:11:11.008,699,18103.81
2025-11-16 15:11:11.008,700,17776.91
2025-11-16 15:11:11.008,701,17018.8
2025-11-16 15:11:11.008,702,17606.89
2025-11-16 15:11:11.008,703,17910.59
2025-11-16 15:11:11.008,704,37669.63
2025-11-16 15:11:11.008,705,17720.0
2025-11-16 15:11:11.008,706,17720.0
2025-11-16 15:11:11.008,707,17814.97
2025-11-16 15:11:11.008,708,17814.97
2025-11-16 15:11:11.008,709,19449.01
2025-11-16 15:11:11.008,710,21602.34
2025-11-16 15:11:11.008,711,24036.8
2025-11-16 15:11:11.008,712,173552.13
2025-11-16 15:11:11.008,713,30150.32
2025-11-16 15:11:11.008,714,47161.71
2025-11-16 15:11:11.008,715,17383.4
2025-11-16 15:11:11.008,716,57577.48
2025-11-16 15:11:11.008,717,168739.63
2025-11-16 15:11:11.008,718,54787.84
2025-11-16 15:11:11.008,719,54787.84
2025-11-16 15:11:11.008,720,16334.95
2025-11-16 15:11:11.008,721,16047.52
2025-11-16 15:11:11.008,722,17291.33
2025-11-16 15:11:11.008,723,17236.39
2025-11-16 15:11:11.008,724,16403.5
2025-11-16 15:11:11.008,725,17309.7
2025-11-16 15:11:11.008,726,16131.41
2025-11-16 15:11:11.008,727,16249.76
2025-11-16 15:11:11.008,728,16840.11
2025-11-16 15:11:11.008,729,16232.79
2025-11-16 15:11:11.008,730,16911.3
2025-11-16 15:11:11.008,731,16911.3
2025-11-16 15:11:11.008,732,17199.88
2025-11-16 15:11:11.008,733,17236.39
2025-11-16 15:11:11.008,734,17569.39
2025-11-16 15:11:11.008,735,16947.04
2025-11-16 15:11:11.008,736,18781.14
2025-11-16 15:11:11.008,737,17757.91
2025-11-16 15:11:11.008,738,18260.31
2025-11-16 15:11:11.008,739,19028.03
2025-11-16 15:11:11.008,740,17476.08
2025-11-16 15:11:11.008,741,18659.26
2025-11-16 15:11:11.008,742,17776.91
2025-11-16 15:11:11.008,743,18659.26
2025-11-16 15:11:11.008,744,18103.81
2025-11-16 15:11:11.008,745,18201.42
2025-11-16 15:11:11.008,746,19838.42
2025-11-16 15:11:11.008,747,19111.26
2025-11-16 15:11:11.008,748,18699.77
2025-11-16 15:11:11.008,749,18181.84
2025-11-16 15:11:11.008,750,18740.4
2025-11-16 15:11:11.008,751,18781.14
2025-11-16 15:11:11.008,752,38695.02
2025-11-16 15:11:11.008,753,18659.26
2025-11-16 15:11:11.008,754,18578.57
2025-11-16 15:11:11.008,755,18699.77
2025-11-16 15:11:11.008,756,18801.55
2025-11-16 15:11:11.008,757,20556.65
2025-11-16 15:11:11.008,758,22382.94
2025-11-16 15:11:11.008,759,24093.88
2025-11-16 15:11:11.008,760,175214.38
2025-11-16 15:11:11.008,761,31501.02
2025-11-16 15:11:11.008,762,48473.0
2025-11-16 15:11:11.008,763,18478.35
2025-11-16 15:11:11.008,764,58369.98
2025-11-16 15:11:11.008,765,173552.13
2025-11-16 15:11:11.008,766,54480.68
2025-11-16 15:11:11.008,767,54480.68
2025-11-16 15:11:11.008,768,18740.4
2025-11-16 15:11:11.008,769,18822.0
2025-11-16 15:11:11.008,770,18418.55
2025-11-16 15:11:11.008,771,18720.07
2025-11-16 15:11:11.008,772,17236.39
2025-11-16 15:11:11.008,773,17910.59
2025-11-16 15:11:11.008,774,17346.5
2025-11-16 15:11:11.008,775,17457.49
2025-11-16 15:11:11.008,776,17872.27
2025-11-16 15:11:11.008,777,17494.69
2025-11-16 15:11:11.008,778,17949.02
2025-11-16 15:11:11.008,779,17929.79
2025-11-16 15:11:11.008,780,18142.77
2025-11-16 15:11:11.008,781,18221.02
2025-11-16 15:11:11.008,782,18240.65
2025-11-16 15:11:11.008,783,17834.04
2025-11-16 15:11:11.008,784,19491.78
2025-11-16 15:11:11.008,785,18458.39
2025-11-16 15:11:11.008,786,19132.14
2025-11-16 15:11:11.008,787,19970.52
2025-11-16 15:11:11.008,788,18026.2
2025-11-16 15:11:11.008,789,19007.29
2025-11-16 15:11:11.008,790,18740.4
2025-11-16 15:11:11.008,791,19882.33
2025-11-16 15:11:11.008,792,19028.03
2025-11-16 15:11:11.008,793,19069.58
2025-11-16 15:11:11.008,794,21094.51
2025-11-16 15:11:11.008,795,20103.78
2025-11-16 15:11:11.008,796,19751.0
2025-11-16 15:11:11.008,797,19300.29
2025-11-16 15:11:11.008,798,19772.81
2025-11-16 15:11:11.008,799,20059.23
2025-11-16 15:11:11.008,800,41267.73
2025-11-16 15:11:11.008,801,19751.0
2025-11-16 15:11:11.008,802,19751.0
2025-11-16 15:11:11.008,803,19882.33
2025-11-16 15:11:11.008,804,19926.36
2025-11-16 15:11:11.008,805,22203.33
2025-11-16 15:11:11.008,806,23311.73
2025-11-16 15:11:11.008,807,26090.74
2025-11-16 15:11:11.008,808,190659.31
2025-11-16 15:11:11.008,809,33495.87
2025-11-16 15:11:11.008,810,51468.98
2025-11-16 15:11:11.008,811,19599.24
2025-11-16 15:11:11.008,812,62757.56
2025-11-16 15:11:11.008,813,182175.47
2025-11-16 15:11:11.008,814,60132.29
2025-11-16 15:11:11.008,815,60132.29
2025-11-16 15:11:11.008,816,19970.52
2025-11-16 15:11:11.008,817,19882.33
2025-11-16 15:11:11.008,818,18378.83
2025-11-16 15:11:11.008,819,19491.78
2025-11-16 15:11:11.008,820,18142.77
2025-11-16 15:11:11.008,821,18438.46
2025-11-16 15:11:11.008,822,18518.36
2025-11-16 15:11:11.008,823,18478.35
2025-11-16 15:11:11.008,824,18760.76
2025-11-16 15:11:11.008,825,18720.07
2025-11-16 15:11:11.008,826,18822.0
2025-11-16 15:11:11.008,827,19069.58
2025-11-16 15:11:11.008,828,19194.97
2025-11-16 15:11:11.008,829,19132.14
2025-11-16 15:11:11.008,830,18339.21
2025-11-16 15:11:11.008,831,18538.4
2025-11-16 15:11:11.008,832,20238.23
2025-11-16 15:11:11.008,833,18862.97
2025-11-16 15:11:11.008,834,19491.78
2025-11-16 15:11:11.008,835,20881.81
2025-11-16 15:11:11.008,836,18760.76
2025-11-16 15:11:11.008,837,18142.77
2025-11-16 15:11:11.008,838,18986.58
2025-11-16 15:11:11.008,839,20811.56
2025-11-16 15:11:11.008,840,20215.74
2025-11-16 15:11:11.008,841,20238.23
2025-11-16 15:11:11.008,842,22616.81
2025-11-16 15:11:11.008,843,21553.27
2025-11-16 15:11:11.008,844,21023.29
2025-11-16 15:11:11.008,845,20510.75
2025-11-16 15:11:11.008,846,21237.94
2025-11-16 15:11:11.008,847,21310.15
2025-11-16 15:11:11.008,848,43769.74
2025-11-16 15:11:11.008,849,21023.29
2025-11-16 15:11:11.008,850,20952.39
2025-11-16 15:11:11.008,851,21118.33
2025-11-16 15:11:11.008,852,21213.94
2025-11-16 15:11:11.008,853,23754.24
2025-11-16 15:11:11.008,854,25276.9
2025-11-16 15:11:11.008,855,28371.24
2025-11-16 15:11:11.008,856,205453.95
2025-11-16 15:11:11.008,857,35034.87
2025-11-16 15:11:11.008,858,54582.74
2025-11-16 15:11:11.008,859,20858.36
2025-11-16 15:11:11.008,860,66723.02
2025-11-16 15:11:11.008,861,195704.14
2025-11-16 15:11:11.008,862,63943.71
2025-11-16 15:11:11.008,863,63943.71
2025-11-16 15:11:11.008,864,21358.47
2025-11-16 15:11:11.008,865,21213.94
2025-11-16 15:11:11.008,866,20170.86
2025-11-16 15:11:11.008,867,20602.68
2025-11-16 15:11:11.008,868,19751.0
2025-11-16 15:11:11.008,869,20373.88
2025-11-16 15:11:11.008,870,19664.09
2025-11-16 15:11:11.008,871,19577.68
2025-11-16 15:11:11.008,872,20037.0
2025-11-16 15:11:11.008,873,19882.33
2025-11-16 15:11:11.008,874,20103.78
2025-11-16 15:11:11.008,875,20148.47
2025-11-16 15:11:11.008,876,19948.42
2025-11-16 15:11:11.008,877,20126.11
2025-11-16 15:11:11.008,878,19707.48
2025-11-16 15:11:11.008,879,19406.36
2025-11-16 15:11:11.008,880,21602.34
2025-11-16 15:11:11.008,881,19794.65
2025-11-16 15:11:11.008,882,21166.06
2025-11-16 15:11:11.008,883,22305.72
2025-11-16 15:11:11.008,884,19237.01
2025-11-16 15:11:11.008,885,20905.3
2025-11-16 15:11:11.008,886,20928.83
2025-11-16 15:11:11.008,887,21602.34
2025-11-16 15:11:11.008,888,20533.68
2025-11-16 15:11:11.008,889,20442.16
2025-11-16 15:11:11.008,890,23175.81
2025-11-16 15:11:11.008,891,22076.26
2025-11-16 15:11:11.008,892,21900.02
2025-11-16 15:11:11.008,893,21310.15
2025-11-16 15:11:11.008,894,21750.49
2025-11-16 15:11:11.008,895,22460.52
2025-11-16 15:11:11.008,896,44415.61
2025-11-16 15:11:11.008,897,22000.49
2025-11-16 15:11:11.008,898,21553.27
2025-11-16 15:11:11.008,899,21950.17
2025-11-16 15:11:11.008,900,22050.96
2025-11-16 15:11:11.008,901,23923.21
2025-11-16 15:11:11.008,902,25773.33
2025-11-16 15:11:11.008,903,28921.71
2025-11-16 15:11:11.008,904,207747.34
2025-11-16 15:11:11.008,905,36314.91
2025-11-16 15:11:11.008,906,54787.84
2025-11-16 15:11:11.008,907,21900.02
2025-11-16 15:11:11.008,908,65446.95
2025-11-16 15:11:11.008,909,193656.09
2025-11-16 15:11:11.008,910,61860.94
2025-11-16 15:11:11.008,911,61860.94
2025-11-16 15:11:11.008,912,29184.02
2025-11-16 15:11:11.008,913,28921.71
2025-11-16 15:11:11.008,914,27695.87
2025-11-16 15:11:11.008,915,28191.18
2025-11-16 15:11:11.008,916,27556.69
2025-11-16 15:11:11.008,917,27977.33
2025-11-16 15:11:11.008,918,27213.2
2025-11-16 15:11:11.008,919,27281.39
2025-11-16 15:11:11.008,920,27906.57
2025-11-16 15:11:11.008,921,27247.26
2025-11-16 15:11:11.008,922,27906.57
2025-11-16 15:11:11.008,923,27765.84
2025-11-16 15:11:11.008,924,27281.39
2025-11-16 15:11:11.008,925,27765.84
2025-11-16 15:11:11.008,926,24557.47
2025-11-16 15:11:11.008,927,26809.18
2025-11-16 15:11:11.008,928,27765.84
2025-11-16 15:11:11.008,929,26875.9
2025-11-16 15:11:11.008,930,28335.09
2025-11-16 15:11:11.008,931,29146.33
2025-11-16 15:11:11.008,932,27765.84
2025-11-16 15:11:11.008,933,28773.39
2025-11-16 15:11:11.008,934,27556.69
2025-11-16 15:11:11.008,935,26909.36
2025-11-16 15:11:11.008,936,27906.57
2025-11-16 15:11:11.008,937,28299.01
2025-11-16 15:11:11.008,938,30712.49
2025-11-16 15:11:11.008,939,29146.33
2025-11-16 15:11:11.008,940,29564.92
2025-11-16 15:11:11.008,941,28810.36
2025-11-16 15:11:11.008,942,29992.53
2025-11-16 15:11:11.008,943,30712.49
2025-11-16 15:11:11.008,944,57465.76
2025-11-16 15:11:11.008,945,30189.96
2025-11-16 15:11:11.008,946,28884.52
2025-11-16 15:11:11.008,947,29411.68
2025-11-16 15:11:11.008,948,29992.53
2025-11-16 15:11:11.008,949,32276.66
2025-11-16 15:11:11.008,950,34252.03
2025-11-16 15:11:11.008,951,38006.61
2025-11-16 15:11:11.008,952,284551.28
2025-11-16 15:11:11.008,953,47484.0
2025-11-16 15:11:11.008,954,71795.0
2025-11-16 15:11:11.008,955,29449.88
2025-11-16 15:11:11.008,956,86251.47
2025-11-16 15:11:11.008,957,250766.73
2025-11-16 15:11:11.008,958,81919.95
2025-11-16 15:11:11.008,959,81919.95
2025-11-16 15:11:11.008,960,43417.48
2025-11-16 15:11:11.008,961,42658.5
2025-11-16 15:11:11.008,962,42253.52
2025-11-16 15:11:11.008,963,42658.5
2025-11-16 15:11:11.008,964,41267.73
2025-11-16 15:11:11.008,965,41788.82
2025-11-16 15:11:11.008,966,41397.01
2025-11-16 15:11:11.008,967,41526.96
2025-11-16 15:11:11.008,968,41332.29
2025-11-16 15:11:11.008,969,41139.08
2025-11-16 15:11:11.008,970,41657.55
2025-11-16 15:11:11.008,971,39765.37
2025-11-16 15:11:11.008,972,38578.92
2025-11-16 15:11:11.008,973,40194.41
2025-11-16 15:11:11.008,974,39765.37
2025-11-16 15:11:11.008,975,39765.37
2025-11-16 15:11:11.008,976,40505.41
2025-11-16 15:11:11.008,977,39887.21
2025-11-16 15:11:11.008,978,39403.42
2025-11-16 15:11:11.008,979,41657.55
2025-11-16 15:11:11.008,980,40071.08
2025-11-16 15:11:11.008,981,41139.08
2025-11-16 15:11:11.008,982,41397.01
2025-11-16 15:11:11.008,983,38578.92
2025-11-16 15:11:11.008,984,39224.4
2025-11-16 15:11:11.008,985,40318.35
2025-11-16 15:11:11.008,986,40630.89
2025-11-16 15:11:11.008,987,35184.73
2025-11-16 15:11:11.008,988,42522.82
2025-11-16 15:11:11.008,989,41854.7
2025-11-16 15:11:11.008,990,42726.61
2025-11-16 15:11:11.008,991,44707.67
2025-11-16 15:11:11.008,992,81919.95
2025-11-16 15:11:11.008,993,43557.83
2025-11-16 15:11:11.008,994,41788.82
2025-11-16 15:11:11.008,995,41332.29
2025-11-16 15:11:11.008,996,43911.94
2025-11-16 15:11:11.008,997,47646.51
2025-11-16 15:11:11.008,998,48641.14
2025-11-16 15:11:11.008,999,53280.57
2025-11-16 15:11:11.008,1000,460679.59
2025-11-16 15:11:11.008,1001,68493.05
2025-11-16 15:11:11.008,1002,99101.66
2025-11-16 15:11:11.008,1003,42932.0
2025-11-16 15:11:11.008,1004,121579.19
2025-11-16 15:11:11.008,1005,358884.03
2025-11-16 15:11:11.008,1006,118680.02
2025-11-16 15:11:11.008,1007,118680.02
2025-11-16 15:11:11.008,1008,61483.39
2025-11-16 15:11:11.008,1009,58255.64
2025-11-16 15:11:11.008,1010,58369.98
2025-11-16 15:11:11.008,1011,59181.26
2025-11-16 15:11:11.008,1012,57802.03
2025-11-16 15:11:11.008,1013,56693.92
2025-11-16 15:11:11.008,1014,55939.52
2025-11-16 15:11:11.008,1015,56046.25
2025-11-16 15:11:11.008,1016,56585.1
2025-11-16 15:11:11.008,1017,55833.13
2025-11-16 15:11:11.008,1018,56693.92
2025-11-16 15:11:11.008,1019,56046.25
2025-11-16 15:11:11.008,1020,54787.84
2025-11-16 15:11:11.008,1021,54378.94
2025-11-16 15:11:11.008,1022,56693.92
2025-11-16 15:11:11.008,1023,55833.13
2025-11-16 15:11:11.008,1024,57354.41
2025-11-16 15:11:11.008,1025,55097.93
2025-11-16 15:11:11.008,1026,51284.3
2025-11-16 15:11:11.008,1027,56912.64
2025-11-16 15:11:11.008,1028,49845.72
2025-11-16 15:11:11.008,1029,51654.79
2025-11-16 15:11:11.008,1030,55621.39
2025-11-16 15:11:11.008,1031,42455.23
2025-11-16 15:11:11.008,1032,52697.09
2025-11-16 15:11:11.008,1033,54685.13
2025-11-16 15:11:11.008,1034,52793.59
2025-11-16 15:11:11.008,1035,53182.58
2025-11-16 15:11:11.008,1036,56046.25
2025-11-16 15:11:11.008,1037,56260.74
2025-11-16 15:11:11.008,1038,56153.31
2025-11-16 15:11:11.008,1039,60132.29
2025-11-16 15:11:11.008,1040,102094.18
2025-11-16 15:11:11.008,1041,56153.31
2025-11-16 15:11:11.008,1042,54378.94
2025-11-16 15:11:11.008,1043,53975.16
2025-11-16 15:11:11.008,1044,56476.62
2025-11-16 15:11:11.008,1045,58715.34
2025-11-16 15:11:11.008,1046,54890.87
2025-11-16 15:11:11.008,1047,59416.6
2025-11-16 15:11:11.008,1048,575017.88
2025-11-16 15:11:11.008,1049,89777.44
2025-11-16 15:11:11.008,1050,121579.19
2025-11-16 15:11:11.008,1051,56046.25
2025-11-16 15:11:11.008,1052,157058.67
2025-11-16 15:11:11.008,1053,331208.34
2025-11-16 15:11:11.008,1054,138280.8
2025-11-16 15:11:11.008,1055,138280.8
2025-11-16 15:11:11.008,1056,48895.18
2025-11-16 15:11:11.008,1057,47728.11
2025-11-16 15:11:11.008,1058,48139.58
2025-11-16 15:11:11.008,1059,48556.95
2025-11-16 15:11:11.008,1060,46061.56
2025-11-16 15:11:11.008,1061,47484.0
2025-11-16 15:11:11.008,1062,46061.56
2025-11-16 15:11:11.008,1063,46527.84
2025-11-16 15:11:11.008,1064,45984.59
2025-11-16 15:11:11.008,1065,45301.25
2025-11-16 15:11:11.008,1066,45984.59
2025-11-16 15:11:11.008,1067,45151.65
2025-11-16 15:11:11.008,1068,44634.36
2025-11-16 15:11:11.008,1069,45451.66
2025-11-16 15:11:11.008,1070,46527.84
2025-11-16 15:11:11.008,1071,45151.65
2025-11-16 15:11:11.008,1072,46922.36
2025-11-16 15:11:11.008,1073,46293.73
2025-11-16 15:11:11.008,1074,40693.86
2025-11-16 15:11:11.008,1075,45907.83
2025-11-16 15:11:11.008,1076,37781.43
2025-11-16 15:11:11.008,1077,38006.61
2025-11-16 15:11:11.008,1078,44928.77
2025-11-16 15:11:11.008,1079,39283.93
2025-11-16 15:11:11.008,1080,40132.67
2025-11-16 15:11:11.008,1081,44126.66
2025-11-16 15:11:11.008,1082,39887.21
2025-11-16 15:11:11.008,1083,41854.7
2025-11-16 15:11:11.008,1084,46138.74
2025-11-16 15:11:11.008,1085,45907.83
2025-11-16 15:11:11.008,1086,45907.83
2025-11-16 15:11:11.008,1087,49845.72
2025-11-16 15:11:11.008,1088,86478.77
2025-11-16 15:11:11.008,1089,46216.13
2025-11-16 15:11:11.008,1090,46216.13
2025-11-16 15:11:11.008,1091,45077.16
2025-11-16 15:11:11.008,1092,46449.59
2025-11-16 15:11:11.008,1093,51654.79
2025-11-16 15:11:11.008,1094,50021.84
2025-11-16 15:11:11.008,1095,56260.74
2025-11-16 15:11:11.008,1096,495554.03
2025-11-16 15:11:11.008,1097,74854.26
2025-11-16 15:11:11.008,1098,103337.61
2025-11-16 15:11:11.008,1099,46449.59
2025-11-16 15:11:11.008,1100,135123.23
2025-11-16 15:11:11.008,1101,369134.25
2025-11-16 15:11:11.008,1102,127787.46
2025-11-16 15:11:11.008,1103,127787.46
2025-11-16 15:11:11.008,1104,58141.67
2025-11-16 15:11:11.008,1105,55833.13
2025-11-16 15:11:11.008,1106,54787.84
2025-11-16 15:11:11.008,1107,56476.62
2025-11-16 15:11:11.008,1108,54890.87
2025-11-16 15:11:11.008,1109,55306.31
2025-11-16 15:11:11.008,1110,54176.42
2025-11-16 15:11:11.008,1111,55097.93
2025-11-16 15:11:11.008,1112,54787.84
2025-11-16 15:11:11.008,1113,54378.94
2025-11-16 15:11:11.008,1114,55097.93
2025-11-16 15:11:11.008,1115,55833.13
2025-11-16 15:11:11.008,1116,55097.93
2025-11-16 15:11:11.008,1117,55201.96
2025-11-16 15:11:11.008,1118,55621.39
2025-11-16 15:11:11.008,1119,54787.84
2025-11-16 15:11:11.008,1120,56368.51
2025-11-16 15:11:11.008,1121,55621.39
2025-11-16 15:11:11.008,1122,48305.81
2025-11-16 15:11:11.008,1123,52987.48
2025-11-16 15:11:11.008,1124,52029.78
2025-11-16 15:11:11.008,1125,52987.48
2025-11-16 15:11:11.008,1126,54277.52
2025-11-16 15:11:11.008,1127,51654.79
2025-11-16 15:11:11.008,1128,50021.84
2025-11-16 15:11:11.008,1129,52793.59
2025-11-16 15:11:11.008,1130,49151.41
2025-11-16 15:11:11.008,1131,52697.09
2025-11-16 15:11:11.008,1132,51100.71
2025-11-16 15:11:11.008,1133,54582.74
2025-11-16 15:11:11.008,1134,53280.57
2025-11-16 15:11:11.008,1135,58599.84
2025-11-16 15:11:11.008,1136,98811.18
2025-11-16 15:11:11.008,1137,54582.74
2025-11-16 15:11:11.008,1138,54994.24
2025-11-16 15:11:11.008,1139,52600.88
2025-11-16 15:11:11.008,1140,53576.4
2025-11-16 15:11:11.008,1141,61860.94
2025-11-16 15:11:11.008,1142,59298.73
2025-11-16 15:11:11.008,1143,66723.02
2025-11-16 15:11:11.008,1144,640033.69
2025-11-16 15:11:11.008,1145,87167.16
2025-11-16 15:11:11.008,1146,129194.73
2025-11-16 15:11:11.008,1147,55621.39
2025-11-16 15:11:11.008,1148,163434.33
2025-11-16 15:11:11.008,1149,403612.41
2025-11-16 15:11:11.008,1150,158434.67
2025-11-16 15:11:11.008,1151,158434.67
2025-11-16 15:11:11.008,1152,91010.8
2025-11-16 15:11:11.008,1153,90021.7
2025-11-16 15:11:11.008,1154,93048.8
2025-11-16 15:11:11.008,1155,92531.65
2025-11-16 15:11:11.008,1156,88812.2
2025-11-16 15:11:11.008,1157,93048.8
2025-11-16 15:11:11.008,1158,90267.15
2025-11-16 15:11:11.008,1159,89534.38
2025-11-16 15:11:11.008,1160,90267.15
2025-11-16 15:11:11.008,1161,88812.2
2025-11-16 15:11:11.008,1162,87167.16
2025-11-16 15:11:11.008,1163,86936.61
2025-11-16 15:11:11.008,1164,87631.56
2025-11-16 15:11:11.008,1165,88336.55
2025-11-16 15:11:11.008,1166,91010.8
2025-11-16 15:11:11.008,1167,87631.56
2025-11-16 15:11:11.008,1168,90513.82
2025-11-16 15:11:11.008,1169,89051.75
2025-11-16 15:11:11.008,1170,85130.81
2025-11-16 15:11:11.008,1171,88573.8
2025-11-16 15:11:11.008,1172,87631.56
2025-11-16 15:11:11.008,1173,89051.75
2025-11-16 15:11:11.008,1174,89051.75
2025-11-16 15:11:11.008,1175,88573.8
2025-11-16 15:11:11.008,1176,86251.47
2025-11-16 15:11:11.008,1177,85352.86
2025-11-16 15:11:11.008,1178,87167.16
2025-11-16 15:11:11.008,1179,88573.8
2025-11-16 15:11:11.008,1180,76838.91
2025-11-16 15:11:11.008,1181,86251.47
2025-11-16 15:11:11.008,1182,78918.48
2025-11-16 15:11:11.008,1183,91765.55
2025-11-16 15:11:11.008,1184,137213.13
2025-11-16 15:11:11.008,1185,75386.48
2025-11-16 15:11:11.008,1186,77396.36
2025-11-16 15:11:11.008,1187,76106.58
2025-11-16 15:11:11.008,1188,77209.76
2025-11-16 15:11:11.008,1189,91010.8
2025-11-16 15:11:11.008,1190,70663.95
2025-11-16 15:11:11.008,1191,81508.11
2025-11-16 15:11:11.008,1192,920784.13
2025-11-16 15:11:11.008,1193,135640.13
2025-11-16 15:11:11.008,1194,167191.02
2025-11-16 15:11:11.008,1195,76838.91
2025-11-16 15:11:11.008,1196,235144.47
2025-11-16 15:11:11.008,1197,521823.06
2025-11-16 15:11:11.008,1198,211280.41
2025-11-16 15:11:11.008,1199,211280.41
2025-11-16 15:11:11.008,1200,254133.06
2025-11-16 15:11:11.008,1201,247485.06
2025-11-16 15:11:11.008,1202,247485.06
2025-11-16 15:11:11.008,1203,241163.34
2025-11-16 15:11:11.008,1204,229407.17
2025-11-16 15:11:11.008,1205,254133.06
2025-11-16 15:11:11.008,1206,238117.42
2025-11-16 15:11:11.008,1207,247485.06
2025-11-16 15:11:11.008,1208,247485.06
2025-11-16 15:11:11.008,1209,247485.06
2025-11-16 15:11:11.008,1210,247485.06
2025-11-16 15:11:11.008,1211,225277.3
2025-11-16 15:11:11.008,1212,216173.34
2025-11-16 15:11:11.008,1213,226638.0
2025-11-16 15:11:11.008,1214,225277.3
2025-11-16 15:11:11.008,1215,216173.34
2025-11-16 15:11:11.008,1216,221287.44
2025-11-16 15:11:11.008,1217,218701.81
2025-11-16 15:11:11.008,1218,223932.14
2025-11-16 15:11:11.008,1219,197793.8
2025-11-16 15:11:11.008,1220,213700.14
2025-11-16 15:11:11.008,1221,235144.47
2025-11-16 15:11:11.008,1222,232241.86
2025-11-16 15:11:11.008,1223,216173.34
2025-11-16 15:11:11.008,1224,225277.3
2025-11-16 15:11:11.008,1225,216173.34
2025-11-16 15:11:11.008,1226,236622.0
2025-11-16 15:11:11.008,1227,223932.14
2025-11-16 15:11:11.008,1228,214929.95
2025-11-16 15:11:11.008,1229,223932.14
2025-11-16 15:11:11.008,1230,219987.36
2025-11-16 15:11:11.008,1231,235144.47
2025-11-16 15:11:11.008,1232,346048.91
2025-11-16 15:11:11.008,1233,229407.17
2025-11-16 15:11:11.008,1234,233684.53
2025-11-16 15:11:11.008,1235,247485.06
2025-11-16 15:11:11.008,1236,235144.47
2025-11-16 15:11:11.008,1237,235144.47
2025-11-16 15:11:11.008,1238,266631.75
2025-11-16 15:11:11.008,1239,282446.44
2025-11-16 15:11:11.008,1240,369134.25
2025-11-16 15:11:11.008,1241,369134.25
2025-11-16 15:11:11.008,1242,508356.06
2025-11-16 15:11:11.008,1243,250766.73
2025-11-16 15:11:11.008,1244,583498.19
2025-11-16 15:11:11.008,1245,521823.06
2025-11-16 15:11:11.008,1246,521823.06
2025-11-16 15:11:11.008,1247,521823.06
2025-11-16 15:11:11.008,1248,100279.32
2025-11-16 15:11:11.008,1249,94098.91
2025-11-16 15:11:11.008,1250,97381.57
2025-11-16 15:11:11.008,1251,98811.18
2025-11-16 15:11:11.008,1252,97381.57
2025-11-16 15:11:11.008,1253,97948.88
2025-11-16 15:11:11.008,1254,93309.35
2025-11-16 15:11:11.008,1255,95170.63
2025-11-16 15:11:11.008,1256,94632.04
2025-11-16 15:11:11.008,1257,93571.2
2025-11-16 15:11:11.008,1258,98234.78
2025-11-16 15:11:11.008,1259,95170.63
2025-11-16 15:11:11.008,1260,94632.04
2025-11-16 15:11:11.008,1261,95170.63
2025-11-16 15:11:11.008,1262,97948.88
2025-11-16 15:11:11.008,1263,95170.63
2025-11-16 15:11:11.008,1264,94632.04
2025-11-16 15:11:11.008,1265,91512.71
2025-11-16 15:11:11.008,1266,82754.82
2025-11-16 15:11:11.008,1267,67894.05
2025-11-16 15:11:11.008,1268,94098.91
2025-11-16 15:11:11.008,1269,94632.04
2025-11-16 15:11:11.008,1270,94632.04
2025-11-16 15:11:11.008,1271,94632.04
2025-11-16 15:11:11.008,1272,94900.64
2025-11-16 15:11:11.008,1273,94098.91
2025-11-16 15:11:11.008,1274,102094.18
2025-11-16 15:11:11.008,1275,100577.7
2025-11-16 15:11:11.008,1276,96820.16
2025-11-16 15:11:11.008,1277,99101.66
2025-11-16 15:11:11.008,1278,93309.35
2025-11-16 15:11:11.008,1279,102712.45
2025-11-16 15:11:11.008,1280,165668.98
2025-11-16 15:11:11.008,1281,97381.57
2025-11-16 15:11:11.008,1282,97381.57
2025-11-16 15:11:11.008,1283,96820.16
2025-11-16 15:11:11.008,1284,95170.63
2025-11-16 15:11:11.008,1285,113248.5
2025-11-16 15:11:11.008,1286,115519.18
2025-11-16 15:11:11.008,1287,127787.46
2025-11-16 15:11:11.008,1288,942433.13
2025-11-16 15:11:11.008,1289,157743.84
2025-11-16 15:11:11.008,1290,218701.81
2025-11-16 15:11:11.008,1291,103969.71
2025-11-16 15:11:11.008,1292,280371.47
2025-11-16 15:11:11.008,1293,777567.38
2025-11-16 15:11:11.008,1294,284551.28
2025-11-16 15:11:11.008,1295,284551.28
2025-11-16 15:11:11.008,1296,60253.01
2025-11-16 15:11:11.008,1297,58715.34
2025-11-16 15:11:11.008,1298,59416.6
2025-11-16 15:11:11.008,1299,59653.54
2025-11-16 15:11:11.008,1300,57802.03
2025-11-16 15:11:11.008,1301,58141.67
2025-11-16 15:11:11.008,1302,56260.74
2025-11-16 15:11:11.008,1303,58028.08
2025-11-16 15:11:11.008,1304,58028.08
2025-11-16 15:11:11.008,1305,56260.74
2025-11-16 15:11:11.008,1306,56803.11
2025-11-16 15:11:11.008,1307,57577.48
2025-11-16 15:11:11.008,1308,58028.08
2025-11-16 15:11:11.008,1309,57802.03
2025-11-16 15:11:11.008,1310,57914.87
2025-11-16 15:11:11.008,1311,56476.62
2025-11-16 15:11:11.008,1312,58141.67
2025-11-16 15:11:11.008,1313,54685.13
2025-11-16 15:11:11.008,1314,54994.24
2025-11-16 15:11:11.008,1315,56153.31
2025-11-16 15:11:11.008,1316,56260.74
2025-11-16 15:11:11.008,1317,58947.51
2025-11-16 15:11:11.008,1318,57465.76
2025-11-16 15:11:11.008,1319,57354.41
2025-11-16 15:11:11.008,1320,54787.84
2025-11-16 15:11:11.008,1321,51284.3
2025-11-16 15:11:11.008,1322,57354.41
2025-11-16 15:11:11.008,1323,59416.6
2025-11-16 15:11:11.008,1324,52697.09
2025-11-16 15:11:11.008,1325,56476.62
2025-11-16 15:11:11.008,1326,52124.24
2025-11-16 15:11:11.008,1327,59892.09
2025-11-16 15:11:11.008,1328,94632.04
2025-11-16 15:11:11.008,1329,52409.35
2025-11-16 15:11:11.008,1330,52793.59
2025-11-16 15:11:11.008,1331,52409.35
2025-11-16 15:11:11.008,1332,51841.71
2025-11-16 15:11:11.008,1333,62757.56
2025-11-16 15:11:11.008,1334,53084.88
2025-11-16 15:11:11.008,1335,67304.12
2025-11-16 15:11:11.008,1336,566776.38
2025-11-16 15:11:11.008,1337,89534.38
2025-11-16 15:11:11.008,1338,112877.99
2025-11-16 15:11:11.008,1339,56260.74
2025-11-16 15:11:11.008,1340,157743.84
2025-11-16 15:11:11.008,1341,293282.41
2025-11-16 15:11:11.008,1342,133594.3
2025-11-16 15:11:11.008,1343,133594.3
2025-11-16 15:11:11.008,1344,31628.31
2025-11-16 15:11:11.008,1345,31082.24
2025-11-16 15:11:11.008,1346,30876.0
2025-11-16 15:11:11.008,1347,31543.36
2025-11-16 15:11:11.008,1348,30389.34
2025-11-16 15:11:11.008,1349,30631.22
2025-11-16 15:11:11.008,1350,29071.17
2025-11-16 15:11:11.008,1351,30229.68
2025-11-16 15:11:11.008,1352,30309.35
2025-11-16 15:11:11.008,1353,28263.01
2025-11-16 15:11:11.008,1354,29992.53
2025-11-16 15:11:11.008,1355,30550.28
2025-11-16 15:11:11.008,1356,31040.83
2025-11-16 15:11:11.008,1357,30794.08
2025-11-16 15:11:11.008,1358,31543.36
2025-11-16 15:11:11.008,1359,30671.81
2025-11-16 15:11:11.008,1360,32232.81
2025-11-16 15:11:11.008,1361,29992.53
2025-11-16 15:11:11.008,1362,30550.28
2025-11-16 15:11:11.008,1363,31374.49
2025-11-16 15:11:11.008,1364,31374.49
2025-11-16 15:11:11.008,1365,32232.81
2025-11-16 15:11:11.008,1366,30631.22
2025-11-16 15:11:11.008,1367,31971.61
2025-11-16 15:11:11.008,1368,30712.49
2025-11-16 15:11:11.008,1369,28191.18
2025-11-16 15:11:11.008,1370,32720.19
2025-11-16 15:11:11.008,1371,32145.38
2025-11-16 15:11:11.008,1372,30835.0
2025-11-16 15:11:11.008,1373,31374.49
2025-11-16 15:11:11.008,1374,29146.33
2025-11-16 15:11:11.008,1375,32145.38
2025-11-16 15:11:11.008,1376,58599.84
2025-11-16 15:11:11.008,1377,29992.53
2025-11-16 15:11:11.008,1378,29914.1
2025-11-16 15:11:11.008,1379,30229.68
2025-11-16 15:11:11.008,1380,30794.08
2025-11-16 15:11:11.008,1381,35034.87
2025-11-16 15:11:11.008,1382,33449.47
2025-11-16 15:11:11.008,1383,39765.37
2025-11-16 15:11:11.008,1384,331208.34
2025-11-16 15:11:11.008,1385,50556.48
2025-11-16 15:11:11.008,1386,71631.49
2025-11-16 15:11:11.008,1387,31585.79
2025-11-16 15:11:11.008,1388,93048.8
2025-11-16 15:11:11.008,1389,247485.06
2025-11-16 15:11:11.008,1390,86251.47
2025-11-16 15:11:11.008,1391,86251.47
2025-11-16 15:11:11.008,1392,36901.41
2025-11-16 15:11:11.008,1393,36420.45
2025-11-16 15:11:11.008,1394,35897.47
2025-11-16 15:11:11.008,1395,36367.62
2025-11-16 15:11:11.008,1396,35134.67
2025-11-16 15:11:11.008,1397,35234.91
2025-11-16 15:11:11.008,1398,33776.39
2025-11-16 15:11:11.008,1399,34640.03
2025-11-16 15:11:11.008,1400,35335.6
2025-11-16 15:11:11.008,1401,33403.16
2025-11-16 15:11:11.008,1402,35335.6
2025-11-16 15:11:11.008,1403,35845.82
2025-11-16 15:11:11.008,1404,35845.82
2025-11-16 15:11:11.008,1405,36157.48
2025-11-16 15:11:11.008,1406,36526.48
2025-11-16 15:11:11.008,1407,35845.82
2025-11-16 15:11:11.008,1408,37558.35
2025-11-16 15:11:11.008,1409,35034.87
2025-11-16 15:11:11.008,1410,35589.29
2025-11-16 15:11:11.008,1411,36686.43
2025-11-16 15:11:11.008,1412,37118.37
2025-11-16 15:11:11.008,1413,37781.43
2025-11-16 15:11:11.008,1414,36847.48
2025-11-16 15:11:11.008,1415,38348.37
2025-11-16 15:11:11.008,1416,36526.48
2025-11-16 15:11:11.008,1417,35949.24
2025-11-16 15:11:11.008,1418,39887.21
2025-11-16 15:11:11.008,1419,38521.08
2025-11-16 15:11:11.008,1420,36793.67
2025-11-16 15:11:11.008,1421,36901.41
2025-11-16 15:11:11.008,1422,36157.48
2025-11-16 15:11:11.008,1423,37950.12
2025-11-16 15:11:11.008,1424,68192.39
2025-11-16 15:11:11.008,1425,36526.48
2025-11-16 15:11:11.008,1426,36053.13
2025-11-16 15:11:11.008,1427,36473.41
2025-11-16 15:11:11.008,1428,36579.68
2025-11-16 15:11:11.008,1429,41397.01
2025-11-16 15:11:11.008,1430,41920.75
2025-11-16 15:11:11.008,1431,48389.29
2025-11-16 15:11:11.008,1432,372678.72
2025-11-16 15:11:11.008,1433,59534.86
2025-11-16 15:11:11.008,1434,87631.56
2025-11-16 15:11:11.008,1435,38006.61
2025-11-16 15:11:11.008,1436,109992.31
2025-11-16 15:11:11.008,1437,293282.41
2025-11-16 15:11:11.008,1438,104608.9
2025-11-16 15:11:11.008,1439,104608.9
2025-11-16 15:11:11.008,1440,39403.42
2025-11-16 15:11:11.008,1441,38636.91
2025-11-16 15:11:11.008,1442,38291.07
2025-11-16 15:11:11.008,1443,38348.37
2025-11-16 15:11:11.008,1444,36901.41
2025-11-16 15:11:11.008,1445,37118.37
2025-11-16 15:11:11.008,1446,36420.45
2025-11-16 15:11:11.008,1447,36955.46
2025-11-16 15:11:11.008,1448,37669.63
2025-11-16 15:11:11.008,1449,36793.67
2025-11-16 15:11:11.008,1450,36847.48
2025-11-16 15:11:11.008,1451,36473.41
2025-11-16 15:11:11.008,1452,37558.35
2025-11-16 15:11:11.008,1453,38006.61
2025-11-16 15:11:11.008,1454,38006.61
2025-11-16 15:11:11.008,1455,37669.63
2025-11-16 15:11:11.008,1456,39644.14
2025-11-16 15:11:11.008,1457,37118.37
2025-11-16 15:11:11.008,1458,36901.41
2025-11-16 15:11:11.008,1459,38463.37
2025-11-16 15:11:11.008,1460,38120.0
2025-11-16 15:11:11.008,1461,39644.14
2025-11-16 15:11:11.008,1462,37613.93
2025-11-16 15:11:11.008,1463,39887.21
2025-11-16 15:11:11.008,1464,37447.59
2025-11-16 15:11:11.008,1465,32945.45
2025-11-16 15:11:11.008,1466,40505.41
2025-11-16 15:11:11.008,1467,39583.74
2025-11-16 15:11:11.008,1468,36901.41
2025-11-16 15:11:11.008,1469,37893.76
2025-11-16 15:11:11.008,1470,35845.82
2025-11-16 15:11:11.008,1471,40132.67
2025-11-16 15:11:11.008,1472,66723.02
2025-11-16 15:11:11.008,1473,36209.84
2025-11-16 15:11:11.008,1474,32720.19
2025-11-16 15:11:11.008,1475,35845.82
2025-11-16 15:11:11.008,1476,35640.36
2025-11-16 15:11:11.008,1477,42320.58
2025-11-16 15:11:11.008,1478,35845.82
2025-11-16 15:11:11.008,1479,46527.84
2025-11-16 15:11:11.008,1480,383721.19
2025-11-16 15:11:11.008,1481,61109.78
2025-11-16 15:11:11.008,1482,82335.49
2025-11-16 15:11:11.008,1483,38463.37
2025-11-16 15:11:11.008,1484,110700.96
2025-11-16 15:11:11.008,1485,266631.75
2025-11-16 15:11:11.008,1486,98811.18
2025-11-16 15:11:11.008,1487,98811.18
2025-11-16 15:11:11.008,1488,30189.96
2025-11-16 15:11:11.008,1489,29146.33
2025-11-16 15:11:11.008,1490,29033.7
2025-11-16 15:11:11.008,1491,28773.39
2025-11-16 15:11:11.008,1492,27836.08
2025-11-16 15:11:11.008,1493,27660.98
2025-11-16 15:11:11.008,1494,28119.63
2025-11-16 15:11:11.008,1495,28443.74
2025-11-16 15:11:11.008,1496,28407.46
2025-11-16 15:11:11.008,1497,28119.63
2025-11-16 15:11:11.008,1498,28119.63
2025-11-16 15:11:11.008,1499,28773.39
2025-11-16 15:11:11.008,1500,28553.0
2025-11-16 15:11:11.008,1501,29071.17
2025-11-16 15:11:11.008,1502,29411.68
2025-11-16 15:11:11.008,1503,28958.97
2025-11-16 15:11:11.008,1504,30389.34
2025-11-16 15:11:11.008,1505,28191.18
2025-11-16 15:11:11.008,1506,27626.15
2025-11-16 15:11:11.008,1507,28996.3
2025-11-16 15:11:11.008,1508,30150.32
2025-11-16 15:11:11.008,1509,30229.68
2025-11-16 15:11:11.008,1510,28847.41
2025-11-16 15:11:11.008,1511,30469.65
2025-11-16 15:11:11.008,1512,28921.71
2025-11-16 15:11:11.008,1513,27145.25
2025-11-16 15:11:11.008,1514,31290.57
2025-11-16 15:11:11.008,1515,30876.0
2025-11-16 15:11:11.008,1516,28191.18
2025-11-16 15:11:11.008,1517,29680.64
2025-11-16 15:11:11.008,1518,26942.87
2025-11-16 15:11:11.008,1519,30550.28
2025-11-16 15:11:11.008,1520,51468.98
2025-11-16 15:11:11.008,1521,26742.69
2025-11-16 15:11:11.008,1522,27349.84
2025-11-16 15:11:11.008,1523,27800.93
2025-11-16 15:11:11.008,1524,27213.2
2025-11-16 15:11:11.008,1525,33310.84
2025-11-16 15:11:11.008,1526,31248.74
2025-11-16 15:11:11.008,1527,38291.07
2025-11-16 15:11:11.008,1528,284551.28
2025-11-16 15:11:11.008,1529,48641.14
2025-11-16 15:11:11.008,1530,64483.38
2025-11-16 15:11:11.008,1531,30071.27
2025-11-16 15:11:11.008,1532,88573.8
2025-11-16 15:11:11.008,1533,230816.17
2025-11-16 15:11:11.008,1534,77209.76
2025-11-16 15:11:11.008,1535,77209.76
2025-11-16 15:11:11.008,1536,25836.37
2025-11-16 15:11:11.008,1537,25836.37
2025-11-16 15:11:11.008,1538,25836.37
2025-11-16 15:11:11.008,1539,25836.37
2025-11-16 15:11:11.008,1540,25836.37
2025-11-16 15:11:11.008,1541,25836.37
2025-11-16 15:11:11.008,1542,25836.37
2025-11-16 15:11:11.008,1543,25836.37
2025-11-16 15:11:11.008,1544,25836.37
2025-11-16 15:11:11.008,1545,25836.37
2025-11-16 15:11:11.008,1546,25836.37
2025-11-16 15:11:11.008,1547,25836.37
2025-11-16 15:11:11.008,1548,25836.37
2025-11-16 15:11:11.008,1549,25836.37
2025-11-16 15:11:11.008,1550,25836.37
2025-11-16 15:11:11.008,1551,25836.37
2025-11-16 15:11:11.008,1552,25836.37
2025-11-16 15:11:11.008,1553,25836.37
2025-11-16 15:11:11.008,1554,25836.37
2025-11-16 15:11:11.008,1555,25836.37
2025-11-16 15:11:11.008,1556,25836.37
2025-11-16 15:11:11.008,1557,25836.37
2025-11-16 15:11:11.008,1558,25836.37
2025-11-16 15:11:11.008,1559,25836.37
2025-11-16 15:11:11.008,1560,25836.37
2025-11-16 15:11:11.008,1561,25836.37
2025-11-16 15:11:11.008,1562,25836.37
2025-11-16 15:11:11.008,1563,25836.37
2025-11-16 15:11:11.008,1564,25836.37
2025-11-16 15:11:11.008,1565,25836.37
2025-11-16 15:11:11.008,1566,25836.37
2025-11-16 15:11:11.008,1567,25836.37
2025-11-16 15:11:11.008,1568,25836.37
2025-11-16 15:11:11.008,1569,25836.37
2025-11-16 15:11:11.008,1570,25836.37
2025-11-16 15:11:11.008,1571,25836.37
2025-11-16 15:11:11.008,1572,25836.37
2025-11-16 15:11:11.008,1573,25836.37
2025-11-16 15:11:11.008,1574,25836.37
2025-11-16 15:11:11.008,1575,25836.37
2025-11-16 15:11:11.008,1576,25836.37
2025-11-16 15:11:11.008,1577,25836.37
2025-11-16 15:11:11.008,1578,25836.37
2025-11-16 15:11:11.008,1579,25836.37
2025-11-16 15:11:11.008,1580,25836.37
2025-11-16 15:11:11.008,1581,25836.37
2025-11-16 15:11:11.008,1582,25836.37
2025-11-16 15:11:11.008,1583,25836.37
2025-11-16 15:11:11.008,1584,25836.37
2025-11-16 15:11:11.008,1585,25585.55
2025-11-16 15:11:11.008,1586,24853.65
2025-11-16 15:11:11.008,1587,25647.93
2025-11-16 15:11:11.008,1588,23754.24
2025-11-16 15:11:11.008,1589,22748.2
2025-11-16 15:11:11.008,1590,24093.88
2025-11-16 15:11:11.008,1591,24324.12
2025-11-16 15:11:11.008,1592,24557.47
2025-11-16 15:11:11.008,1593,24151.15
2025-11-16 15:11:11.008,1594,24324.12
2025-11-16 15:11:11.008,1595,24498.84
2025-11-16 15:11:11.008,1596,24469.6
2025-11-16 15:11:11.008,1597,25094.26
2025-11-16 15:11:11.008,1598,25585.55
2025-11-16 15:11:11.008,1599,25064.0
2025-11-16 15:11:11.008,1600,26283.89
2025-11-16 15:11:11.008,1601,24324.12
2025-11-16 15:11:11.008,1602,23148.76
2025-11-16 15:11:11.008,1603,25064.0
2025-11-16 15:11:11.008,1604,25773.33
2025-11-16 15:11:11.008,1605,25585.55
2025-11-16 15:11:11.008,1606,25276.9
2025-11-16 15:11:11.008,1607,26742.69
2025-11-16 15:11:11.008,1608,25461.45
2025-11-16 15:11:11.008,1609,24036.8
2025-11-16 15:11:11.008,1610,27626.15
2025-11-16 15:11:11.008,1611,26875.9
2025-11-16 15:11:11.008,1612,24853.65
2025-11-16 15:11:11.008,1613,26026.81
2025-11-16 15:11:11.008,1614,24498.84
2025-11-16 15:11:11.008,1615,27010.09
2025-11-16 15:11:11.008,1616,48473.0
2025-11-16 15:11:11.008,1617,24734.57
2025-11-16 15:11:11.008,1618,24883.55
2025-11-16 15:11:11.008,1619,25094.26
2025-11-16 15:11:11.008,1620,24764.27
2025-11-16 15:11:11.008,1621,29526.5
2025-11-16 15:11:11.008,1622,29297.52
2025-11-16 15:11:11.008,1623,34542.39
2025-11-16 15:11:11.008,1624,264774.34
2025-11-16 15:11:11.008,1625,43557.83
2025-11-16 15:11:11.008,1626,63017.86
2025-11-16 15:11:11.008,1627,26676.44
2025-11-16 15:11:11.008,1628,82754.82
2025-11-16 15:11:11.008,1629,228014.55
2025-11-16 15:11:11.008,1630,77396.36
2025-11-16 15:11:11.008,1631,77396.36
2025-11-16 15:11:11.008,1632,24324.12
2025-11-16 15:11:11.008,1633,23838.52
2025-11-16 15:11:11.008,1634,23754.24
2025-11-16 15:11:11.008,1635,24122.49
2025-11-16 15:11:11.008,1636,22643.0
2025-11-16 15:11:11.008,1637,22486.47
2025-11-16 15:11:11.008,1638,23094.79
2025-11-16 15:11:11.008,1639,23040.99
2025-11-16 15:11:11.008,1640,23175.81
2025-11-16 15:11:11.008,1641,23040.99
2025-11-16 15:11:11.008,1642,22616.81
2025-11-16 15:11:11.008,1643,22880.64
2025-11-16 15:11:11.008,1644,22933.92
2025-11-16 15:11:11.008,1645,23257.23
2025-11-16 15:11:11.008,1646,23670.38
2025-11-16 15:11:11.008,1647,23366.42
2025-11-16 15:11:11.008,1648,24208.61
2025-11-16 15:11:11.008,1649,22357.16
2025-11-16 15:11:11.008,1650,22076.26
2025-11-16 15:11:11.008,1651,22987.37
2025-11-16 15:11:11.008,1652,24266.27
2025-11-16 15:11:11.008,1653,24382.16
2025-11-16 15:11:11.008,1654,23257.23
2025-11-16 15:11:11.008,1655,24557.47
2025-11-16 15:11:11.008,1656,23257.23
2025-11-16 15:11:11.008,1657,21950.17
2025-11-16 15:11:11.008,1658,24794.01
2025-11-16 15:11:11.008,1659,24853.65
2025-11-16 15:11:11.008,1660,18986.58
2025-11-16 15:11:11.008,1661,23754.24
2025-11-16 15:11:11.008,1662,17949.02
2025-11-16 15:11:11.008,1663,24498.84
2025-11-16 15:11:11.008,1664,41592.18
2025-11-16 15:11:11.008,1665,18103.81
2025-11-16 15:11:11.008,1666,20193.28
2025-11-16 15:11:11.008,1667,19882.33
2025-11-16 15:11:11.008,1668,17127.16
2025-11-16 15:11:11.008,1669,26090.74
2025-11-16 15:11:11.008,1670,24764.27
2025-11-16 15:11:11.008,1671,30229.68
2025-11-16 15:11:11.008,1672,232241.86
2025-11-16 15:11:11.008,1673,39704.69
2025-11-16 15:11:11.008,1674,52409.35
2025-11-16 15:11:11.008,1675,23754.24
2025-11-16 15:11:11.008,1676,73296.59
2025-11-16 15:11:11.008,1677,194675.0
2025-11-16 15:11:11.008,1678,68042.94
2025-11-16 15:11:11.008,1679,68042.94
2025-11-16 15:11:11.008,1680,33449.47
2025-11-16 15:11:11.008,1681,32320.6
2025-11-16 15:11:11.008,1682,32364.63
2025-11-16 15:11:11.008,1683,33173.1
2025-11-16 15:11:11.008,1684,31206.99
2025-11-16 15:11:11.008,1685,30876.0
2025-11-16 15:11:11.008,1686,31290.57
2025-11-16 15:11:11.008,1687,31713.61
2025-11-16 15:11:11.008,1688,31885.26
2025-11-16 15:11:11.008,1689,31416.58
2025-11-16 15:11:11.008,1690,31458.76
2025-11-16 15:11:11.008,1691,31971.61
2025-11-16 15:11:11.008,1692,31458.76
2025-11-16 15:11:11.008,1693,31885.26
2025-11-16 15:11:11.008,1694,32630.74
2025-11-16 15:11:11.008,1695,31971.61
2025-11-16 15:11:11.008,1696,33310.84
2025-11-16 15:11:11.008,1697,29603.42
2025-11-16 15:11:11.008,1698,29680.64
2025-11-16 15:11:11.008,1699,30917.09
2025-11-16 15:11:11.008,1700,32900.21
2025-11-16 15:11:11.008,1701,33635.68
2025-11-16 15:11:11.008,1702,32276.66
2025-11-16 15:11:11.008,1703,33588.98
2025-11-16 15:11:11.008,1704,31928.39
2025-11-16 15:11:11.008,1705,30229.68
2025-11-16 15:11:11.008,1706,34689.0
2025-11-16 15:11:11.008,1707,33729.39
2025-11-16 15:11:11.008,1708,29526.5
2025-11-16 15:11:11.008,1709,32364.63
2025-11-16 15:11:11.008,1710,29603.42
2025-11-16 15:11:11.008,1711,34396.74
2025-11-16 15:11:11.008,1712,52029.78
2025-11-16 15:11:11.008,1713,29071.17
2025-11-16 15:11:11.008,1714,29641.99
2025-11-16 15:11:11.008,1715,30389.34
2025-11-16 15:11:11.008,1716,27349.84
2025-11-16 15:11:11.008,1717,36686.43
2025-11-16 15:11:11.008,1718,35589.29
2025-11-16 15:11:11.008,1719,41920.75
2025-11-16 15:11:11.008,1720,322883.13
2025-11-16 15:11:11.008,1721,52600.88
2025-11-16 15:11:11.008,1722,67597.96
2025-11-16 15:11:11.008,1723,33495.87
2025-11-16 15:11:11.008,1724,97381.57
2025-11-16 15:11:11.008,1725,255849.03
2025-11-16 15:11:11.008,1726,86707.14
2025-11-16 15:11:11.008,1727,86707.14
2025-11-16 15:11:11.008,1728,25647.93
2025-11-16 15:11:11.008,1729,24794.01
2025-11-16 15:11:11.008,1730,24794.01
2025-11-16 15:11:11.008,1731,25215.81
2025-11-16 15:11:11.008,1732,24036.8
2025-11-16 15:11:11.008,1733,23923.21
2025-11-16 15:11:11.008,1734,24093.88
2025-11-16 15:11:11.008,1735,24266.27
2025-11-16 15:11:11.008,1736,24469.6
2025-11-16 15:11:11.008,1737,24065.32
2025-11-16 15:11:11.008,1738,23810.38
2025-11-16 15:11:11.008,1739,24382.16
2025-11-16 15:11:11.008,1740,23923.21
2025-11-16 15:11:11.008,1741,24616.31
2025-11-16 15:11:11.008,1742,24913.49
2025-11-16 15:11:11.008,1743,24557.47
2025-11-16 15:11:11.008,1744,25461.45
2025-11-16 15:11:11.008,1745,23339.05
2025-11-16 15:11:11.008,1746,22408.76
2025-11-16 15:11:11.008,1747,22880.64
2025-11-16 15:11:11.008,1748,25523.39
2025-11-16 15:11:11.008,1749,25523.39
2025-11-16 15:11:11.008,1750,24675.34
2025-11-16 15:11:11.008,1751,25963.11
2025-11-16 15:11:11.008,1752,24557.47
2025-11-16 15:11:11.008,1753,22076.26
2025-11-16 15:11:11.008,1754,26090.74
2025-11-16 15:11:11.008,1755,26026.81
2025-11-16 15:11:11.008,1756,20396.61
2025-11-16 15:11:11.008,1757,24794.01
2025-11-16 15:11:11.008,1758,20648.86
2025-11-16 15:11:11.008,1759,26154.89
2025-11-16 15:11:11.008,1760,44126.66
2025-11-16 15:11:11.008,1761,21700.95
2025-11-16 15:11:11.008,1762,20928.83
2025-11-16 15:11:11.008,1763,20215.74
2025-11-16 15:11:11.008,1764,20059.23
2025-11-16 15:11:11.008,1765,27765.84
2025-11-16 15:11:11.008,1766,26187.06
2025-11-16 15:11:11.008,1767,32232.81
2025-11-16 15:11:11.008,1768,254133.06
2025-11-16 15:11:11.008,1769,42387.82
2025-11-16 15:11:11.008,1770,56260.74
2025-11-16 15:11:11.008,1771,25461.45
2025-11-16 15:11:11.008,1772,79699.56
2025-11-16 15:11:11.008,1773,208912.44
2025-11-16 15:11:11.008,1774,74503.1
2025-11-16 15:11:11.008,1775,74503.1
2025-11-16 15:11:11.008,1776,22880.64
2025-11-16 15:11:11.008,1777,22101.59
2025-11-16 15:11:11.008,1778,22025.71
2025-11-16 15:11:11.008,1779,22564.54
2025-11-16 15:11:11.008,1780,21213.94
2025-11-16 15:11:11.008,1781,21023.29
2025-11-16 15:11:11.008,1782,21213.94
2025-11-16 15:11:11.008,1783,21553.27
2025-11-16 15:11:11.008,1784,21504.34
2025-11-16 15:11:11.008,1785,21166.06
2025-11-16 15:11:11.008,1786,21094.51
2025-11-16 15:11:11.008,1787,21577.78
2025-11-16 15:11:11.008,1788,21189.98
2025-11-16 15:11:11.008,1789,21700.95
2025-11-16 15:11:11.008,1790,22152.38
2025-11-16 15:11:11.008,1791,21602.34
2025-11-16 15:11:11.008,1792,22748.2
2025-11-16 15:11:11.008,1793,20788.21
2025-11-16 15:11:11.008,1794,19970.52
2025-11-16 15:11:11.008,1795,20975.98
2025-11-16 15:11:11.008,1796,22177.84
2025-11-16 15:11:11.008,1797,22486.47
2025-11-16 15:11:11.008,1798,21626.94
2025-11-16 15:11:11.008,1799,22933.92
2025-11-16 15:11:11.008,1800,21900.02
2025-11-16 15:11:11.008,1801,19491.78
2025-11-16 15:11:11.008,1802,23230.05
2025-11-16 15:11:11.008,1803,22721.83
2025-11-16 15:11:11.008,1804,18679.5
2025-11-16 15:11:11.008,1805,22050.96
2025-11-16 15:11:11.008,1806,18740.4
2025-11-16 15:11:11.008,1807,22987.37
2025-11-16 15:11:11.008,1808,40505.41
2025-11-16 15:11:11.008,1809,18740.4
2025-11-16 15:11:11.008,1810,17309.7
2025-11-16 15:11:11.008,1811,16840.11
2025-11-16 15:11:11.008,1812,16893.47
2025-11-16 15:11:11.008,1813,24498.84
2025-11-16 15:11:11.008,1814,22987.37
2025-11-16 15:11:11.008,1815,28299.01
2025-11-16 15:11:11.008,1816,218701.81
2025-11-16 15:11:11.008,1817,37447.59
2025-11-16 15:11:11.008,1818,50827.38
2025-11-16 15:11:11.008,1819,21950.17
2025-11-16 15:11:11.008,1820,69101.3
2025-11-16 15:11:11.008,1821,183998.22
2025-11-16 15:11:11.008,1822,64483.38
2025-11-16 15:11:11.008,1823,64483.38
2025-11-16 15:11:11.008,1824,32855.06
2025-11-16 15:11:11.008,1825,31458.76
2025-11-16 15:11:11.008,1826,31290.57
2025-11-16 15:11:11.008,1827,31971.61
2025-11-16 15:11:11.008,1828,30631.22
2025-11-16 15:11:11.008,1829,30794.08
2025-11-16 15:11:11.008,1830,30590.71
2025-11-16 15:11:11.008,1831,30835.0
2025-11-16 15:11:11.008,1832,30876.0
2025-11-16 15:11:11.008,1833,30229.68
2025-11-16 15:11:11.008,1834,30150.32
2025-11-16 15:11:11.008,1835,30876.0
2025-11-16 15:11:11.008,1836,28921.71
2025-11-16 15:11:11.008,1837,30712.49
2025-11-16 15:11:11.008,1838,31628.31
2025-11-16 15:11:11.008,1839,30712.49
2025-11-16 15:11:11.008,1840,32232.81
2025-11-16 15:11:11.008,1841,29146.33
2025-11-16 15:11:11.008,1842,28335.09
2025-11-16 15:11:11.008,1843,30071.27
2025-11-16 15:11:11.008,1844,31543.36
2025-11-16 15:11:11.008,1845,32058.32
2025-11-16 15:11:11.008,1846,30794.08
2025-11-16 15:11:11.008,1847,31885.26
2025-11-16 15:11:11.008,1848,30835.0
2025-11-16 15:11:11.008,1849,28191.18
2025-11-16 15:11:11.008,1850,33081.75
2025-11-16 15:11:11.008,1851,32364.63
2025-11-16 15:11:11.008,1852,28699.64
2025-11-16 15:11:11.008,1853,31458.76
2025-11-16 15:11:11.008,1854,27010.09
2025-11-16 15:11:11.008,1855,32765.05
2025-11-16 15:11:11.008,1856,52793.59
2025-11-16 15:11:11.008,1857,28480.09
2025-11-16 15:11:11.008,1858,27349.84
2025-11-16 15:11:11.008,1859,28263.01
2025-11-16 15:11:11.008,1860,28480.09
2025-11-16 15:11:11.008,1861,34935.51
2025-11-16 15:11:11.008,1862,33310.84
2025-11-16 15:11:11.008,1863,40630.89
2025-11-16 15:11:11.008,1864,312394.69
2025-11-16 15:11:11.008,1865,51468.98
2025-11-16 15:11:11.008,1866,64212.57
2025-11-16 15:11:11.008,1867,31713.61
2025-11-16 15:11:11.008,1868,91010.8
2025-11-16 15:11:11.008,1869,245875.0
2025-11-16 15:11:11.008,1870,85352.86
2025-11-16 15:11:11.008,1871,85352.86
2025-11-16 15:11:11.008,1872,26809.18
2025-11-16 15:11:11.008,1873,26122.79
2025-11-16 15:11:11.008,1874,25963.11
2025-11-16 15:11:11.008,1875,26544.65
2025-11-16 15:11:11.008,1876,25033.8
2025-11-16 15:11:11.008,1877,25094.26
2025-11-16 15:11:11.008,1878,25154.93
2025-11-16 15:11:11.008,1879,24913.49
2025-11-16 15:11:11.008,1880,25215.81
2025-11-16 15:11:11.008,1881,24734.57
2025-11-16 15:11:11.008,1882,24645.8
2025-11-16 15:11:11.008,1883,25679.2
2025-11-16 15:11:11.008,1884,24734.57
2025-11-16 15:11:11.008,1885,25773.33
2025-11-16 15:11:11.008,1886,26251.55
2025-11-16 15:11:11.008,1887,25867.97
2025-11-16 15:11:11.008,1888,26809.18
2025-11-16 15:11:11.008,1889,24557.47
2025-11-16 15:11:11.008,1890,23810.38
2025-11-16 15:11:11.008,1891,25154.93
2025-11-16 15:11:11.008,1892,26413.8
2025-11-16 15:11:11.008,1893,26742.69
2025-11-16 15:11:11.008,1894,25741.9
2025-11-16 15:11:11.008,1895,27010.09
2025-11-16 15:11:11.008,1896,25867.97
2025-11-16 15:11:11.008,1897,21950.17
2025-11-16 15:11:11.008,1898,27349.84
2025-11-16 15:11:11.008,1899,27010.09
2025-11-16 15:11:11.008,1900,22152.38
2025-11-16 15:11:11.008,1901,26219.28
2025-11-16 15:11:11.008,1902,20928.83
2025-11-16 15:11:11.008,1903,27281.39
2025-11-16 15:11:11.008,1904,45754.95
2025-11-16 15:11:11.008,1905,23366.42
2025-11-16 15:11:11.008,1906,22101.59
2025-11-16 15:11:11.008,1907,22564.54
2025-11-16 15:11:11.008,1908,22801.05
2025-11-16 15:11:11.008,1909,29146.33
2025-11-16 15:11:11.008,1910,26709.53
2025-11-16 15:11:11.008,1911,33682.49
2025-11-16 15:11:11.008,1912,259348.69
2025-11-16 15:11:11.008,1913,44415.61
2025-11-16 15:11:11.008,1914,56912.64
2025-11-16 15:11:11.008,1915,26775.9
2025-11-16 15:11:11.008,1916,81919.95
2025-11-16 15:11:11.008,1917,216173.34
2025-11-16 15:11:11.008,1918,76106.58
2025-11-16 15:11:11.008,1919,76106.58
2025-11-16 15:11:11.008,1920,880309.75
2025-11-16 15:11:11.008,1921,900097.25
2025-11-16 15:11:11.008,1922,965113.19
2025-11-16 15:11:11.008,1923,942433.13
2025-11-16 15:11:11.008,1924,920784.13
2025-11-16 15:11:11.008,1925,942433.13
2025-11-16 15:11:11.008,1926,965113.19
2025-11-16 15:11:11.008,1927,734602.25
2025-11-16 15:11:11.008,1928,900097.25
2025-11-16 15:11:11.008,1929,942433.13
2025-11-16 15:11:11.008,1930,988899.38
2025-11-16 15:11:11.008,1931,900097.25
2025-11-16 15:11:11.008,1932,861364.44
2025-11-16 15:11:11.008,1933,988899.38
2025-11-16 15:11:11.008,1934,988899.38
2025-11-16 15:11:11.008,1935,777567.38
2025-11-16 15:11:11.008,1936,900097.25
2025-11-16 15:11:11.008,1937,920784.13
2025-11-16 15:11:11.008,1938,988899.38
2025-11-16 15:11:11.008,1939,965113.19
2025-11-16 15:11:11.008,1940,793012.25
2025-11-16 15:11:11.008,1941,900097.25
2025-11-16 15:11:11.008,1942,762705.19
2025-11-16 15:11:11.008,1943,942433.13
2025-11-16 15:11:11.008,1944,734602.25
2025-11-16 15:11:11.008,1945,748393.56
2025-11-16 15:11:11.008,1946,748393.56
2025-11-16 15:11:11.008,1947,861364.44
2025-11-16 15:11:11.008,1948,721303.56
2025-11-16 15:11:11.008,1949,592227.94
2025-11-16 15:11:11.008,1950,696081.88
2025-11-16 15:11:11.008,1951,762705.19
2025-11-16 15:11:11.008,1952,708471.5
2025-11-16 15:11:11.008,1953,861364.44
2025-11-16 15:11:11.008,1954,708471.5
2025-11-16 15:11:11.008,1955,762705.19
2025-11-16 15:11:11.008,1956,734602.25
2025-11-16 15:11:11.008,1957,721303.56
2025-11-16 15:11:11.008,1958,793012.25
2025-11-16 15:11:11.008,1959,900097.25
2025-11-16 15:11:11.008,1960,566776.38
2025-11-16 15:11:11.008,1961,566776.38
2025-11-16 15:11:11.008,1962,566776.38
2025-11-16 15:11:11.008,1963,762705.19
2025-11-16 15:11:11.008,1964,32145.38
2025-11-16 15:11:11.008,1965,32145.38
2025-11-16 15:11:11.008,1966,32145.38
2025-11-16 15:11:11.008,1967,32145.38
2025-11-16 15:11:11.008,1968,32145.38
2025-11-16 15:11:11.008,1969,30712.49
2025-11-16 15:11:11.008,1970,31713.61
2025-11-16 15:11:11.008,1971,32101.8
2025-11-16 15:11:11.008,1972,30631.22
2025-11-16 15:11:11.008,1973,30309.35
2025-11-16 15:11:11.008,1974,30631.22
2025-11-16 15:11:11.008,1975,30794.08
2025-11-16 15:11:11.008,1976,30876.0
2025-11-16 15:11:11.008,1977,30550.28
2025-11-16 15:11:11.008,1978,30349.31
2025-11-16 15:11:11.008,1979,31040.83
2025-11-16 15:11:11.008,1980,29603.42
2025-11-16 15:11:11.008,1981,30794.08
2025-11-16 15:11:11.008,1982,31628.31
2025-11-16 15:11:11.008,1983,30835.0
2025-11-16 15:11:11.008,1984,32541.67
2025-11-16 15:11:11.008,1985,30071.27
2025-11-16 15:11:11.008,1986,29184.02
2025-11-16 15:11:11.008,1987,30631.22
2025-11-16 15:11:11.008,1988,32014.92
2025-11-16 15:11:11.008,1989,32675.42
2025-11-16 15:11:11.008,1990,31040.83
2025-11-16 15:11:11.008,1991,32810.01
2025-11-16 15:11:11.008,1992,30917.09
2025-11-16 15:11:11.008,1993,28012.8
2025-11-16 15:11:11.008,1994,32945.45
2025-11-16 15:11:11.008,1995,32320.6
2025-11-16 15:11:11.008,1996,27977.33
2025-11-16 15:11:11.008,1997,31885.26
2025-11-16 15:11:11.008,1998,26775.9
2025-11-16 15:11:11.008,1999,32720.19
2025-11-16 15:11:11.008,2000,51284.3
2025-11-16 15:11:11.008,2001,27800.93
2025-11-16 15:11:11.008,2002,26909.36
2025-11-16 15:11:11.008,2003,27800.93
2025-11-16 15:11:11.008,2004,27977.33
2025-11-16 15:11:11.008,2005,35034.87
2025-11-16 15:11:11.008,2006,32855.06
2025-11-16 15:11:11.008,2007,39765.37
2025-11-16 15:11:11.008,2008,331208.34
2025-11-16 15:11:11.008,2009,51376.5
2025-11-16 15:11:11.008,2010,63544.07
2025-11-16 15:11:11.008,2011,31501.02
2025-11-16 15:11:11.008,2012,90513.82
2025-11-16 15:11:11.008,2013,239631.09
2025-11-16 15:11:11.008,2014,82754.82
2025-11-16 15:11:11.008,2015,82754.82
2025-11-16 15:11:11.008,2016,900097.25
2025-11-16 15:11:11.008,2017,793012.25
2025-11-16 15:11:11.008,2018,880309.75
2025-11-16 15:11:11.008,2019,734602.25
2025-11-16 15:11:11.008,2020,793012.25
2025-11-16 15:11:11.008,2021,942433.13
2025-11-16 15:11:11.008,2022,708471.5
2025-11-16 15:11:11.008,2023,988899.38
2025-11-16 15:11:11.008,2024,900097.25
2025-11-16 15:11:11.008,2025,861364.44
2025-11-16 15:11:11.008,2026,809075.0
2025-11-16 15:11:11.008,2027,942433.13
2025-11-16 15:11:11.008,2028,900097.25
2025-11-16 15:11:11.008,2029,988899.38
2025-11-16 15:11:11.008,2030,942433.13
2025-11-16 15:11:11.008,2031,900097.25
2025-11-16 15:11:11.008,2032,942433.13
2025-11-16 15:11:11.008,2033,880309.75
2025-11-16 15:11:11.008,2034,988899.38
2025-11-16 15:11:11.008,2035,988899.38
2025-11-16 15:11:11.008,2036,988899.38
2025-11-16 15:11:11.008,2037,988899.38
2025-11-16 15:11:11.008,2038,988899.38
2025-11-16 15:11:11.008,2039,988899.38
2025-11-16 15:11:11.008,2040,880309.75
2025-11-16 15:11:11.008,2041,900097.25
2025-11-16 15:11:11.008,2042,988899.38
2025-11-16 15:11:11.008,2043,942433.13
2025-11-16 15:11:11.008,2044,861364.44
2025-11-16 15:11:11.008,2045,965113.19
2025-11-16 15:11:11.008,2046,793012.25
2025-11-16 15:11:11.008,2047,988899.38
2025-11-16 15:11:11.008,2048,861364.44
2025-11-16 15:11:11.008,2049,861364.44
2025-11-16 15:11:11.008,2050,900097.25
2025-11-16 15:11:11.008,2051,988899.38
2025-11-16 15:11:11.008,2052,900097.25
2025-11-16 15:11:11.008,2053,942433.13
2025-11-16 15:11:11.008,2054,988899.38
2025-11-16 15:11:11.008,2055,942433.13
2025-11-16 15:11:11.008,2056,942433.13
2025-11-16 15:11:11.008,2057,942433.13
2025-11-16 15:11:11.008,2058,942433.13
2025-11-16 15:11:11.008,2059,988899.38
2025-11-16 15:11:11.008,2060,25994.93
2025-11-16 15:11:11.008,2061,25994.93
2025-11-16 15:11:11.008,2062,25994.93
2025-11-16 15:11:11.008,2063,25994.93
2025-11-16 15:11:11.008,2064,25994.93
2025-11-16 15:11:11.008,2065,25276.9
2025-11-16 15:11:11.008,2066,25154.93
2025-11-16 15:11:11.008,2067,25836.37
2025-11-16 15:11:11.008,2068,24036.8
2025-11-16 15:11:11.008,2069,23810.38
2025-11-16 15:11:11.008,2070,24208.61
2025-11-16 15:11:11.008,2071,24498.84
2025-11-16 15:11:11.008,2072,24734.57
2025-11-16 15:11:11.008,2073,24208.61
2025-11-16 15:11:11.008,2074,24237.42
2025-11-16 15:11:11.008,2075,24734.57
2025-11-16 15:11:11.008,2076,24324.12
2025-11-16 15:11:11.008,2077,24883.55
2025-11-16 15:11:11.008,2078,25064.0
2025-11-16 15:11:11.008,2079,24823.81
2025-11-16 15:11:11.008,2080,25215.81
2025-11-16 15:11:11.008,2081,22076.26
2025-11-16 15:11:11.008,2082,22933.92
2025-11-16 15:11:11.008,2083,23586.93
2025-11-16 15:11:11.008,2084,25836.37
2025-11-16 15:11:11.008,2085,26026.81
2025-11-16 15:11:11.008,2086,25215.81
2025-11-16 15:11:11.008,2087,26544.65
2025-11-16 15:11:11.008,2088,25033.8
2025-11-16 15:11:11.008,2089,24036.8
2025-11-16 15:11:11.008,2090,27213.2
2025-11-16 15:11:11.008,2091,26381.24
2025-11-16 15:11:11.008,2092,24151.15
2025-11-16 15:11:11.008,2093,25773.33
2025-11-16 15:11:11.008,2094,23642.52
2025-11-16 15:11:11.008,2095,26676.44
2025-11-16 15:11:11.008,2096,45602.89
2025-11-16 15:11:11.008,2097,23726.24
2025-11-16 15:11:11.008,2098,23726.24
2025-11-16 15:11:11.008,2099,24065.32
2025-11-16 15:11:11.008,2100,23257.23
2025-11-16 15:11:11.008,2101,28773.39
2025-11-16 15:11:11.008,2102,28263.01
2025-11-16 15:11:11.008,2103,33588.98
2025-11-16 15:11:11.008,2104,250766.73
2025-11-16 15:11:11.008,2105,42590.57
2025-11-16 15:11:11.008,2106,56693.92
2025-11-16 15:11:11.008,2107,25679.2
2025-11-16 15:11:11.008,2108,78918.48
2025-11-16 15:11:11.008,2109,208912.44
2025-11-16 15:11:11.008,2110,71631.49
2025-11-16 15:11:11.008,2111,71631.49
2025-11-16 15:11:11.008,2112,403612.41
2025-11-16 15:11:11.008,2113,391443.63
2025-11-16 15:11:11.008,2114,383721.19
2025-11-16 15:11:11.008,2115,399475.0
2025-11-16 15:11:11.008,2116,372678.72
2025-11-16 15:11:11.008,2117,387544.88
2025-11-16 15:11:11.008,2118,365654.84
2025-11-16 15:11:11.008,2119,387544.88
2025-11-16 15:11:11.008,2120,399475.0
2025-11-16 15:11:11.008,2121,352352.88
2025-11-16 15:11:11.008,2122,387544.88
2025-11-16 15:11:11.008,2123,395419.56
2025-11-16 15:11:11.008,2124,387544.88
2025-11-16 15:11:11.008,2125,403612.41
2025-11-16 15:11:11.008,2126,395419.56
2025-11-16 15:11:11.008,2127,365654.84
2025-11-16 15:11:11.008,2128,379970.25
2025-11-16 15:11:11.008,2129,372678.72
2025-11-16 15:11:11.008,2130,372678.72
2025-11-16 15:11:11.008,2131,387544.88
2025-11-16 15:11:11.008,2132,407834.16
2025-11-16 15:11:11.008,2133,403612.41
2025-11-16 15:11:11.008,2134,403612.41
2025-11-16 15:11:11.008,2135,383721.19
2025-11-16 15:11:11.008,2136,372678.72
2025-11-16 15:11:11.008,2137,358884.03
2025-11-16 15:11:11.008,2138,372678.72
2025-11-16 15:11:11.008,2139,379970.25
2025-11-16 15:11:11.008,2140,317555.0
2025-11-16 15:11:11.008,2141,322883.13
2025-11-16 15:11:11.008,2142,317555.0
2025-11-16 15:11:11.008,2143,358884.03
2025-11-16 15:11:11.008,2144,235144.47
2025-11-16 15:11:11.008,2145,312394.69
2025-11-16 15:11:11.008,2146,317555.0
2025-11-16 15:11:11.008,2147,334076.69
2025-11-16 15:11:11.008,2148,322883.13
2025-11-16 15:11:11.008,2149,342978.47
2025-11-16 15:11:11.008,2150,339960.47
2025-11-16 15:11:11.008,2151,383721.19
2025-11-16 15:11:11.008,2152,471757.34
2025-11-16 15:11:11.008,2153,471757.34
2025-11-16 15:11:11.008,2154,124170.08
2025-11-16 15:11:11.008,2155,334076.69
2025-11-16 15:11:11.008,2156,403612.41
2025-11-16 15:11:11.008,2157,920784.13
2025-11-16 15:11:11.008,2158,365654.84
2025-11-16 15:11:11.008,2159,365654.84
2025-11-16 15:11:11.008,2160,379970.25
2025-11-16 15:11:11.008,2161,372678.72
2025-11-16 15:11:11.008,2162,358884.03
2025-11-16 15:11:11.008,2163,349173.25
2025-11-16 15:11:11.008,2164,387544.88
2025-11-16 15:11:11.008,2165,435092.38
2025-11-16 15:11:11.008,2166,387544.88
2025-11-16 15:11:11.008,2167,421032.91
2025-11-16 15:11:11.008,2168,395419.56
2025-11-16 15:11:11.008,2169,346048.91
2025-11-16 15:11:11.008,2170,430305.09
2025-11-16 15:11:11.008,2171,403612.41
2025-11-16 15:11:11.008,2172,403612.41
2025-11-16 15:11:11.008,2173,455329.53
2025-11-16 15:11:11.008,2174,412143.03
2025-11-16 15:11:11.008,2175,455329.53
2025-11-16 15:11:11.008,2176,425619.72
2025-11-16 15:11:11.008,2177,403612.41
2025-11-16 15:11:11.008,2178,430305.09
2025-11-16 15:11:11.008,2179,421032.91
2025-11-16 15:11:11.008,2180,403612.41
2025-11-16 15:11:11.008,2181,435092.38
2025-11-16 15:11:11.008,2182,421032.91
2025-11-16 15:11:11.008,2183,495554.03
2025-11-16 15:11:11.008,2184,403612.41
2025-11-16 15:11:11.008,2185,407834.16
2025-11-16 15:11:11.008,2186,387544.88
2025-11-16 15:11:11.008,2187,379970.25
2025-11-16 15:11:11.008,2188,387544.88
2025-11-16 15:11:11.008,2189,403612.41
2025-11-16 15:11:11.008,2190,395419.56
2025-11-16 15:11:11.008,2191,460679.59
2025-11-16 15:11:11.008,2192,297844.91
2025-11-16 15:11:11.008,2193,450099.75
2025-11-16 15:11:11.008,2194,395419.56
2025-11-16 15:11:11.008,2195,450099.75
2025-11-16 15:11:11.008,2196,399475.0
2025-11-16 15:11:11.008,2197,421032.91
2025-11-16 15:11:11.008,2198,435092.38
2025-11-16 15:11:11.008,2199,508356.06
2025-11-16 15:11:11.008,2200,521823.06
2025-11-16 15:11:11.008,2201,521823.06
2025-11-16 15:11:11.008,2202,173552.13
2025-11-16 15:11:11.008,2203,455329.53
2025-11-16 15:11:11.008,2204,566776.38
2025-11-16 15:11:11.008,2205,536008.31
2025-11-16 15:11:11.008,2206,536008.31
2025-11-16 15:11:11.008,2207,536008.31
2025-11-16 15:11:11.008,2208,288853.09
2025-11-16 15:11:11.008,2209,288853.09
2025-11-16 15:11:11.008,2210,288853.09
2025-11-16 15:11:11.008,2211,288853.09
2025-11-16 15:11:11.008,2212,288853.09
2025-11-16 15:11:11.008,2213,288853.09
2025-11-16 15:11:11.008,2214,288853.09
2025-11-16 15:11:11.008,2215,288853.09
2025-11-16 15:11:11.008,2216,288853.09
2025-11-16 15:11:11.008,2217,288853.09
2025-11-16 15:11:11.008,2218,288853.09
2025-11-16 15:11:11.008,2219,288853.09
2025-11-16 15:11:11.008,2220,288853.09
2025-11-16 15:11:11.008,2221,288853.09
2025-11-16 15:11:11.008,2222,288853.09
2025-11-16 15:11:11.008,2223,288853.09
2025-11-16 15:11:11.008,2224,288853.09
2025-11-16 15:11:11.008,2225,288853.09
2025-11-16 15:11:11.008,2226,288853.09
2025-11-16 15:11:11.008,2227,288853.09
2025-11-16 15:11:11.008,2228,288853.09
2025-11-16 15:11:11.008,2229,288853.09
2025-11-16 15:11:11.008,2230,288853.09
2025-11-16 15:11:11.008,2231,288853.09
2025-11-16 15:11:11.008,2232,288853.09
2025-11-16 15:11:11.008,2233,288853.09
2025-11-16 15:11:11.008,2234,288853.09
2025-11-16 15:11:11.008,2235,288853.09
2025-11-16 15:11:11.008,2236,288853.09
2025-11-16 15:11:11.008,2237,288853.09
2025-11-16 15:11:11.008,2238,288853.09
2025-11-16 15:11:11.008,2239,288853.09
2025-11-16 15:11:11.008,2240,288853.09
2025-11-16 15:11:11.008,2241,288853.09
2025-11-16 15:11:11.008,2242,288853.09
2025-11-16 15:11:11.008,2243,288853.09
2025-11-16 15:11:11.008,2244,288853.09
2025-11-16 15:11:11.008,2245,288853.09
2025-11-16 15:11:11.008,2246,288853.09
2025-11-16 15:11:11.008,2247,288853.09
2025-11-16 15:11:11.008,2248,288853.09
2025-11-16 15:11:11.008,2249,288853.09
2025-11-16 15:11:11.008,2250,288853.09
2025-11-16 15:11:11.008,2251,288853.09
2025-11-16 15:11:11.008,2252,288853.09
2025-11-16 15:11:11.008,2253,288853.09
2025-11-16 15:11:11.008,2254,288853.09
2025-11-16 15:11:11.008,2255,288853.09
2025-11-16 15:11:11.008,2256,288853.09
2025-11-16 15:11:11.008,2257,272357.75
2025-11-16 15:11:11.008,2258,264774.34
2025-11-16 15:11:11.008,2259,280371.47
2025-11-16 15:11:11.008,2260,254133.06
2025-11-16 15:11:11.008,2261,270422.94
2025-11-16 15:11:11.008,2262,264774.34
2025-11-16 15:11:11.008,2263,276308.56
2025-11-16 15:11:11.008,2264,261133.28
2025-11-16 15:11:11.008,2265,257587.41
2025-11-16 15:11:11.008,2266,280371.47
2025-11-16 15:11:11.008,2267,261133.28
2025-11-16 15:11:11.008,2268,247485.06
2025-11-16 15:11:11.008,2269,276308.56
2025-11-16 15:11:11.008,2270,284551.28
2025-11-16 15:11:11.008,2271,257587.41
2025-11-16 15:11:11.008,2272,268514.44
2025-11-16 15:11:11.008,2273,264774.34
2025-11-16 15:11:11.008,2274,254133.06
2025-11-16 15:11:11.008,2275,239631.09
2025-11-16 15:11:11.008,2276,261133.28
2025-11-16 15:11:11.008,2277,250766.73
2025-11-16 15:11:11.008,2278,250766.73
2025-11-16 15:11:11.008,2279,250766.73
2025-11-16 15:11:11.008,2280,245875.0
2025-11-16 15:11:11.008,2281,250766.73
2025-11-16 15:11:11.008,2282,238117.42
2025-11-16 15:11:11.008,2283,233684.53
2025-11-16 15:11:11.008,2284,235144.47
2025-11-16 15:11:11.008,2285,229407.17
2025-11-16 15:11:11.008,2286,235144.47
2025-11-16 15:11:11.008,2287,257587.41
2025-11-16 15:11:11.008,2288,181276.86
2025-11-16 15:11:11.008,2289,247485.06
2025-11-16 15:11:11.008,2290,230816.17
2025-11-16 15:11:11.008,2291,236622.0
2025-11-16 15:11:11.008,2292,229407.17
2025-11-16 15:11:11.008,2293,238117.42
2025-11-16 15:11:11.008,2294,238117.42
2025-11-16 15:11:11.008,2295,280371.47
2025-11-16 15:11:11.008,2296,339960.47
2025-11-16 15:11:11.008,2297,339960.47
2025-11-16 15:11:11.008,2298,95170.63
2025-11-16 15:11:11.008,2299,247485.06
2025-11-16 15:11:11.008,2300,383721.19
2025-11-16 15:11:11.008,2301,942433.13
2025-11-16 15:11:11.008,2302,372678.72
2025-11-16 15:11:11.008,2303,372678.72
2025-11-16 15:11:11.270,0,26154.89
2025-11-16 15:11:11.270,1,33682.49
2025-11-16 15:11:11.270,2,38578.92
2025-11-16 15:11:11.270,3,36001.13
2025-11-16 15:11:11.270,4,36955.46
2025-11-16 15:11:11.270,5,38811.68
2025-11-16 15:11:11.270,6,39644.14
2025-11-16 15:11:11.270,7,39583.74
2025-11-16 15:11:11.270,8,39403.42
2025-11-16 15:11:11.270,9,39283.93
2025-11-16 15:11:11.270,10,40132.67
2025-11-16 15:11:11.270,11,39403.42
2025-11-16 15:11:11.270,12,40630.89
2025-11-16 15:11:11.270,13,39583.74
2025-11-16 15:11:11.270,14,41139.08
2025-11-16 15:11:11.270,15,40568.07
2025-11-16 15:11:11.270,16,39523.48
2025-11-16 15:11:11.270,17,40693.86
2025-11-16 15:11:11.270,18,41203.32
2025-11-16 15:11:11.270,19,41788.82
2025-11-16 15:11:11.270,20,40883.72
2025-11-16 15:11:11.270,21,41203.32
2025-11-16 15:11:11.270,22,39644.14
2025-11-16 15:11:11.270,23,42320.58
2025-11-16 15:11:11.270,24,40380.55
2025-11-16 15:11:11.270,25,40756.99
2025-11-16 15:11:11.270,26,41986.96
2025-11-16 15:11:11.270,27,42455.23
2025-11-16 15:11:11.270,28,41526.96
2025-11-16 15:11:11.270,29,40756.99
2025-11-16 15:11:11.270,30,41461.9
2025-11-16 15:11:11.270,31,41526.96
2025-11-16 15:11:11.270,32,76288.51
2025-11-16 15:11:11.270,33,42590.57
2025-11-16 15:11:11.270,34,41592.18
2025-11-16 15:11:11.270,35,41657.55
2025-11-16 15:11:11.270,36,41657.55
2025-11-16 15:11:11.270,37,46061.56
2025-11-16 15:11:11.270,38,48810.25
2025-11-16 15:11:11.270,39,53378.87
2025-11-16 15:11:11.270,40,430305.09
2025-11-16 15:11:11.270,41,60132.29
2025-11-16 15:11:11.270,42,88812.2
2025-11-16 15:11:11.270,43,41788.82
2025-11-16 15:11:11.270,44,102712.45
2025-11-16 15:11:11.270,45,334076.69
2025-11-16 15:11:11.270,46,105581.22
2025-11-16 15:11:11.270,47,105581.22
2025-11-16 15:11:11.270,48,137745.05
2025-11-16 15:11:11.270,49,137745.05
2025-11-16 15:11:11.270,50,153062.25
2025-11-16 15:11:11.270,51,150502.45
2025-11-16 15:11:11.270,52,143283.25
2025-11-16 15:11:11.270,53,155036.28
2025-11-16 15:11:11.270,54,153062.25
2025-11-16 15:11:11.270,55,146809.88
2025-11-16 15:11:11.270,56,151134.84
2025-11-16 15:11:11.270,57,154372.98
2025-11-16 15:11:11.270,58,156379.06
2025-11-16 15:11:11.270,59,144441.03
2025-11-16 15:11:11.270,60,152414.69
2025-11-16 15:11:11.270,61,153062.25
2025-11-16 15:11:11.270,62,147413.47
2025-11-16 15:11:11.270,63,155036.28
2025-11-16 15:11:11.270,64,141018.91
2025-11-16 15:11:11.270,65,154372.98
2025-11-16 15:11:11.270,66,161255.75
2025-11-16 15:11:11.270,67,154372.98
2025-11-16 15:11:11.270,68,164917.73
2025-11-16 15:11:11.270,69,162702.02
2025-11-16 15:11:11.270,70,153062.25
2025-11-16 15:11:11.270,71,162702.02
2025-11-16 15:11:11.270,72,153715.0
2025-11-16 15:11:11.270,73,158434.67
2025-11-16 15:11:11.270,74,154372.98
2025-11-16 15:11:11.270,75,161255.75
2025-11-16 15:11:11.270,76,158434.67
2025-11-16 15:11:11.270,77,157058.67
2025-11-16 15:11:11.270,78,157058.67
2025-11-16 15:11:11.270,79,166426.73
2025-11-16 15:11:11.270,80,249115.52
2025-11-16 15:11:11.270,81,163434.33
2025-11-16 15:11:11.270,82,162702.02
2025-11-16 15:11:11.270,83,165668.98
2025-11-16 15:11:11.270,84,164172.88
2025-11-16 15:11:11.270,85,170315.53
2025-11-16 15:11:11.270,86,183082.55
2025-11-16 15:11:11.270,87,195704.14
2025-11-16 15:11:11.270,88,165668.98
2025-11-16 15:11:11.270,89,165668.98
2025-11-16 15:11:11.270,90,257587.41
2025-11-16 15:11:11.270,91,165668.98
2025-11-16 15:11:11.270,92,176056.81
2025-11-16 15:11:11.270,93,988899.38
2025-11-16 15:11:11.270,94,358884.03
2025-11-16 15:11:11.270,95,358884.03
2025-11-16 15:11:11.270,96,94364.8
2025-11-16 15:11:11.270,97,92789.56
2025-11-16 15:11:11.270,98,98234.78
2025-11-16 15:11:11.270,99,94098.91
2025-11-16 15:11:11.270,100,99687.32
2025-11-16 15:11:11.270,101,96820.16
2025-11-16 15:11:11.270,102,94098.91
2025-11-16 15:11:11.270,103,98811.18
2025-11-16 15:11:11.270,104,99101.66
2025-11-16 15:11:11.270,105,94632.04
2025-11-16 15:11:11.270,106,102094.18
2025-11-16 15:11:11.270,107,98522.22
2025-11-16 15:11:11.270,108,102094.18
2025-11-16 15:11:11.270,109,100877.71
2025-11-16 15:11:11.270,110,102094.18
2025-11-16 15:11:11.270,111,99101.66
2025-11-16 15:11:11.270,112,90513.82
2025-11-16 15:11:11.270,113,102094.18
2025-11-16 15:11:11.270,114,100279.32
2025-11-16 15:11:11.270,115,98522.22
2025-11-16 15:11:11.270,116,105255.28
2025-11-16 15:11:11.270,117,103337.61
2025-11-16 15:11:11.270,118,97381.57
2025-11-16 15:11:11.270,119,100279.32
2025-11-16 15:11:11.270,120,96820.16
2025-11-16 15:11:11.270,121,98234.78
2025-11-16 15:11:11.270,122,93834.39
2025-11-16 15:11:11.270,123,102402.48
2025-11-16 15:11:11.270,124,99101.66
2025-11-16 15:11:11.270,125,98522.22
2025-11-16 15:11:11.270,126,100577.7
2025-11-16 15:11:11.270,127,102094.18
2025-11-16 15:11:11.270,128,167961.95
2025-11-16 15:11:11.270,129,100279.32
2025-11-16 15:11:11.270,130,102712.45
2025-11-16 15:11:11.270,131,105255.28
2025-11-16 15:11:11.270,132,97948.88
2025-11-16 15:11:11.270,133,109291.9
2025-11-16 15:11:11.270,134,109641.09
2025-11-16 15:11:11.270,135,126864.97
2025-11-16 15:11:11.270,136,920784.13
2025-11-16 15:11:11.270,137,104931.19
2025-11-16 15:11:11.270,138,189679.88
2025-11-16 15:11:11.270,139,99101.66
2025-11-16 15:11:11.270,140,167191.02
2025-11-16 15:11:11.270,141,684112.31
2025-11-16 15:11:11.270,142,232241.86
2025-11-16 15:11:11.270,143,232241.86
2025-11-16 15:11:11.270,144,49845.72
2025-11-16 15:11:11.270,145,50287.98
2025-11-16 15:11:11.270,146,51284.3
2025-11-16 15:11:11.270,147,52029.78
2025-11-16 15:11:11.270,148,50199.01
2025-11-16 15:11:11.270,149,51284.3
2025-11-16 15:11:11.270,150,50199.01
2025-11-16 15:11:11.270,151,50199.01
2025-11-16 15:11:11.270,152,49845.72
2025-11-16 15:11:11.270,153,50021.84
2025-11-16 15:11:11.270,154,51009.33
2025-11-16 15:11:11.270,155,49758.04
2025-11-16 15:11:11.270,156,51468.98
2025-11-16 15:11:11.270,157,51468.98
2025-11-16 15:11:11.270,158,50918.22
2025-11-16 15:11:11.270,159,50556.48
2025-11-16 15:11:11.270,160,32145.38
2025-11-16 15:11:11.270,161,50827.38
2025-11-16 15:11:11.270,162,51284.3
2025-11-16 15:11:11.270,163,46922.36
2025-11-16 15:11:11.270,164,52697.09
2025-11-16 15:11:11.270,165,52890.38
2025-11-16 15:11:11.270,166,49845.72
2025-11-16 15:11:11.270,167,53378.87
2025-11-16 15:11:11.270,168,51100.71
2025-11-16 15:11:11.270,169,51468.98
2025-11-16 15:11:11.270,170,50199.01
2025-11-16 15:11:11.270,171,52600.88
2025-11-16 15:11:11.270,172,51841.71
2025-11-16 15:11:11.270,173,50377.22
2025-11-16 15:11:11.270,174,51841.71
2025-11-16 15:11:11.270,175,53182.58
2025-11-16 15:11:11.270,176,93834.39
2025-11-16 15:11:11.270,177,52987.48
2025-11-16 15:11:11.270,178,52987.48
2025-11-16 15:11:11.270,179,52793.59
2025-11-16 15:11:11.270,180,53280.57
2025-11-16 15:11:11.270,181,56912.64
2025-11-16 15:11:11.270,182,59653.54
2025-11-16 15:11:11.270,183,65867.58
2025-11-16 15:11:11.270,184,483368.97
2025-11-16 15:11:11.270,185,63676.8
2025-11-16 15:11:11.270,186,104608.9
2025-11-16 15:11:11.270,187,52504.97
2025-11-16 15:11:11.270,188,113621.23
2025-11-16 15:11:11.270,189,358884.03
2025-11-16 15:11:11.270,190,125954.73
2025-11-16 15:11:11.270,191,125954.73
2025-11-16 15:11:11.270,192,31543.36
2025-11-16 15:11:11.270,193,31040.83
2025-11-16 15:11:11.270,194,31206.99
2025-11-16 15:11:11.270,195,31585.79
2025-11-16 15:11:11.270,196,30794.08
2025-11-16 15:11:11.270,197,31248.74
2025-11-16 15:11:11.270,198,30550.28
2025-11-16 15:11:11.270,199,31040.83
2025-11-16 15:11:11.270,200,30150.32
2025-11-16 15:11:11.270,201,30229.68
2025-11-16 15:11:11.270,202,30110.76
2025-11-16 15:11:11.270,203,29526.5
2025-11-16 15:11:11.270,204,31206.99
2025-11-16 15:11:11.270,205,30835.0
2025-11-16 15:11:11.270,206,30712.49
2025-11-16 15:11:11.270,207,30631.22
2025-11-16 15:11:11.270,208,21261.97
2025-11-16 15:11:11.270,209,30071.27
2025-11-16 15:11:11.270,210,30469.65
2025-11-16 15:11:11.270,211,24382.16
2025-11-16 15:11:11.270,212,32014.92
2025-11-16 15:11:11.270,213,32232.81
2025-11-16 15:11:11.270,214,27556.69
2025-11-16 15:11:11.270,215,32145.38
2025-11-16 15:11:11.270,216,30590.71
2025-11-16 15:11:11.270,217,31501.02
2025-11-16 15:11:11.270,218,31628.31
2025-11-16 15:11:11.270,219,32765.05
2025-11-16 15:11:11.270,220,32058.32
2025-11-16 15:11:11.270,221,30631.22
2025-11-16 15:11:11.270,222,32320.6
2025-11-16 15:11:11.270,223,32765.05
2025-11-16 15:11:11.270,224,61734.65
2025-11-16 15:11:11.270,225,32320.6
2025-11-16 15:11:11.270,226,32320.6
2025-11-16 15:11:11.270,227,32765.05
2025-11-16 15:11:11.270,228,32900.21
2025-11-16 15:11:11.270,229,35845.82
2025-11-16 15:11:11.270,230,38006.61
2025-11-16 15:11:11.270,231,42455.23
2025-11-16 15:11:11.270,232,328387.41
2025-11-16 15:11:11.270,233,42863.36
2025-11-16 15:11:11.270,234,74328.61
2025-11-16 15:11:11.270,235,32765.05
2025-11-16 15:11:11.270,236,84909.8
2025-11-16 15:11:11.270,237,264774.34
2025-11-16 15:11:11.270,238,86707.14
2025-11-16 15:11:11.270,239,86707.14
2025-11-16 15:11:11.270,240,22000.49
2025-11-16 15:11:11.270,241,21950.17
2025-11-16 15:11:11.270,242,21950.17
2025-11-16 15:11:11.270,243,22152.38
2025-11-16 15:11:11.270,244,21358.47
2025-11-16 15:11:11.270,245,21950.17
2025-11-16 15:11:11.270,246,21286.04
2025-11-16 15:11:11.270,247,21118.33
2025-11-16 15:11:11.270,248,20148.47
2025-11-16 15:11:11.270,249,20952.39
2025-11-16 15:11:11.270,250,20741.61
2025-11-16 15:11:11.270,251,20442.16
2025-11-16 15:11:11.270,252,21700.95
2025-11-16 15:11:11.270,253,21358.47
2025-11-16 15:11:11.270,254,21950.17
2025-11-16 15:11:11.270,255,21553.27
2025-11-16 15:11:11.270,256,20126.11
2025-11-16 15:11:11.270,257,21626.94
2025-11-16 15:11:11.270,258,21626.94
2025-11-16 15:11:11.270,259,20126.11
2025-11-16 15:11:11.270,260,22801.05
2025-11-16 15:11:11.270,261,23040.99
2025-11-16 15:11:11.270,262,21504.34
2025-11-16 15:11:11.270,263,23421.27
2025-11-16 15:11:11.270,264,21925.08
2025-11-16 15:11:11.270,265,22512.45
2025-11-16 15:11:11.270,266,24036.8
2025-11-16 15:11:11.270,267,23257.23
2025-11-16 15:11:11.270,268,22827.54
2025-11-16 15:11:11.270,269,22101.59
2025-11-16 15:11:11.270,270,22880.64
2025-11-16 15:11:11.270,271,23175.81
2025-11-16 15:11:11.270,272,46216.13
2025-11-16 15:11:11.270,273,23094.79
2025-11-16 15:11:11.270,274,23014.16
2025-11-16 15:11:11.270,275,23040.99
2025-11-16 15:11:11.270,276,23202.91
2025-11-16 15:11:11.270,277,25647.93
2025-11-16 15:11:11.270,278,27556.69
2025-11-16 15:11:11.270,279,30835.0
2025-11-16 15:11:11.270,280,226638.0
2025-11-16 15:11:11.270,281,34885.99
2025-11-16 15:11:11.270,282,56693.92
2025-11-16 15:11:11.270,283,22774.6
2025-11-16 15:11:11.270,284,65726.85
2025-11-16 15:11:11.270,285,205453.95
2025-11-16 15:11:11.270,286,65586.65
2025-11-16 15:11:11.270,287,65586.65
2025-11-16 15:11:11.270,288,20510.75
2025-11-16 15:11:11.270,289,20442.16
2025-11-16 15:11:11.270,290,19926.36
2025-11-16 15:11:11.270,291,20373.88
2025-11-16 15:11:11.270,292,19385.09
2025-11-16 15:11:11.270,293,19904.33
2025-11-16 15:11:11.270,294,18781.14
2025-11-16 15:11:11.270,295,18378.83
2025-11-16 15:11:11.270,296,18240.65
2025-11-16 15:11:11.270,297,18720.07
2025-11-16 15:11:11.270,298,18986.58
2025-11-16 15:11:11.270,299,18986.58
2025-11-16 15:11:11.270,300,19707.48
2025-11-16 15:11:11.270,301,19111.26
2025-11-16 15:11:11.270,302,20193.28
2025-11-16 15:11:11.270,303,19534.67
2025-11-16 15:11:11.270,304,20881.81
2025-11-16 15:11:11.270,305,20193.28
2025-11-16 15:11:11.270,306,21023.29
2025-11-16 15:11:11.270,307,21286.04
2025-11-16 15:11:11.270,308,20928.83
2025-11-16 15:11:11.270,309,21406.95
2025-11-16 15:11:11.270,310,19904.33
2025-11-16 15:11:11.270,311,21676.24
2025-11-16 15:11:11.270,312,19904.33
2025-11-16 15:11:11.270,313,20741.61
2025-11-16 15:11:11.270,314,22460.52
2025-11-16 15:11:11.270,315,21310.15
2025-11-16 15:11:11.270,316,21286.04
2025-11-16 15:11:11.270,317,20170.86
2025-11-16 15:11:11.270,318,20881.81
2025-11-16 15:11:11.270,319,20928.83
2025-11-16 15:11:11.270,320,43208.34
2025-11-16 15:11:11.270,321,20975.98
2025-11-16 15:11:11.270,322,20834.94
2025-11-16 15:11:11.270,323,21286.04
2025-11-16 15:11:11.270,324,21358.47
2025-11-16 15:11:11.270,325,23257.23
2025-11-16 15:11:11.270,326,25215.81
2025-11-16 15:11:11.270,327,28263.01
2025-11-16 15:11:11.270,328,199926.28
2025-11-16 15:11:11.270,329,33682.49
2025-11-16 15:11:11.270,330,52793.59
2025-11-16 15:11:11.270,331,20788.21
2025-11-16 15:11:11.270,332,63943.71
2025-11-16 15:11:11.270,333,189679.88
2025-11-16 15:11:11.270,334,59892.09
2025-11-16 15:11:11.270,335,59892.09
2025-11-16 15:11:11.270,336,17910.59
2025-11-16 15:11:11.270,337,17795.93
2025-11-16 15:11:11.270,338,17531.99
2025-11-16 15:11:11.270,339,17606.89
2025-11-16 15:11:11.270,340,16663.75
2025-11-16 15:11:11.270,341,17127.16
2025-11-16 15:11:11.270,342,16455.14
2025-11-16 15:11:11.270,343,16317.87
2025-11-16 15:11:11.270,344,16369.18
2025-11-16 15:11:11.270,345,16628.76
2025-11-16 15:11:11.270,346,17127.16
2025-11-16 15:11:11.270,347,16929.16
2025-11-16 15:11:11.270,348,16386.33
2025-11-16 15:11:11.270,349,16893.47
2025-11-16 15:11:11.270,350,16875.66
2025-11-16 15:11:11.270,351,16249.76
2025-11-16 15:11:11.270,352,18578.57
2025-11-16 15:11:11.270,353,17606.89
2025-11-16 15:11:11.270,354,18438.46
2025-11-16 15:11:11.270,355,18965.91
2025-11-16 15:11:11.270,356,18418.55
2025-11-16 15:11:11.270,357,19111.26
2025-11-16 15:11:11.270,358,17776.91
2025-11-16 15:11:11.270,359,19363.84
2025-11-16 15:11:11.270,360,17127.16
2025-11-16 15:11:11.270,361,18181.84
2025-11-16 15:11:11.270,362,19664.09
2025-11-16 15:11:11.270,363,17346.5
2025-11-16 15:11:11.270,364,18699.77
2025-11-16 15:11:11.270,365,18026.2
2025-11-16 15:11:11.270,366,18740.4
2025-11-16 15:11:11.270,367,18862.97
2025-11-16 15:11:11.270,368,39523.48
2025-11-16 15:11:11.270,369,18659.26
2025-11-16 15:11:11.270,370,18659.26
2025-11-16 15:11:11.270,371,18740.4
2025-11-16 15:11:11.270,372,18781.14
2025-11-16 15:11:11.270,373,20103.78
2025-11-16 15:11:11.270,374,22616.81
2025-11-16 15:11:11.270,375,25523.39
2025-11-16 15:11:11.270,376,183082.55
2025-11-16 15:11:11.270,377,30671.81
2025-11-16 15:11:11.270,378,48810.25
2025-11-16 15:11:11.270,379,18064.95
2025-11-16 15:11:11.270,380,58947.51
2025-11-16 15:11:11.270,381,178630.77
2025-11-16 15:11:11.270,382,56476.62
2025-11-16 15:11:11.270,383,56476.62
2025-11-16 15:11:11.270,384,18181.84
2025-11-16 15:11:11.270,385,18103.81
2025-11-16 15:11:11.270,386,17757.91
2025-11-16 15:11:11.270,387,18045.56
2025-11-16 15:11:11.270,388,17236.39
2025-11-16 15:11:11.270,389,17606.89
2025-11-16 15:11:11.270,390,16403.5
2025-11-16 15:11:11.270,391,16929.16
2025-11-16 15:11:11.270,392,17054.83
2025-11-16 15:11:11.270,393,16929.16
2025-11-16 15:11:11.270,394,17383.4
2025-11-16 15:11:11.270,395,17090.95
2025-11-16 15:11:11.270,396,17494.69
2025-11-16 15:11:11.270,397,17383.4
2025-11-16 15:11:11.270,398,17606.89
2025-11-16 15:11:11.270,399,17181.67
2025-11-16 15:11:11.270,400,18986.58
2025-11-16 15:11:11.270,401,17776.91
2025-11-16 15:11:11.270,402,18822.0
2025-11-16 15:11:11.270,403,19534.67
2025-11-16 15:11:11.270,404,18986.58
2025-11-16 15:11:11.270,405,19816.52
2025-11-16 15:11:11.270,406,18478.35
2025-11-16 15:11:11.270,407,19685.77
2025-11-16 15:11:11.270,408,17420.39
2025-11-16 15:11:11.270,409,18740.4
2025-11-16 15:11:11.270,410,20193.28
2025-11-16 15:11:11.270,411,19111.26
2025-11-16 15:11:11.270,412,19111.26
2025-11-16 15:11:11.270,413,18458.39
2025-11-16 15:11:11.270,414,19111.26
2025-11-16 15:11:11.270,415,19028.03
2025-11-16 15:11:11.270,416,39948.35
2025-11-16 15:11:11.270,417,19028.03
2025-11-16 15:11:11.270,418,18862.97
2025-11-16 15:11:11.270,419,19028.03
2025-11-16 15:11:11.270,420,19069.58
2025-11-16 15:11:11.270,421,20510.75
2025-11-16 15:11:11.270,422,22907.26
2025-11-16 15:11:11.270,423,25836.37
2025-11-16 15:11:11.270,424,182175.47
2025-11-16 15:11:11.270,425,30150.32
2025-11-16 15:11:11.270,426,49496.55
2025-11-16 15:11:11.270,427,18359.01
2025-11-16 15:11:11.270,428,59534.86
2025-11-16 15:11:11.270,429,178630.77
2025-11-16 15:11:11.270,430,56585.1
2025-11-16 15:11:11.270,431,56585.1
2025-11-16 15:11:11.270,432,19028.03
2025-11-16 15:11:11.270,433,18965.91
2025-11-16 15:11:11.270,434,18181.84
2025-11-16 15:11:11.270,435,18618.86
2025-11-16 15:11:11.270,436,17872.27
2025-11-16 15:11:11.270,437,18064.95
2025-11-16 15:11:11.270,438,17720.0
2025-11-16 15:11:11.270,439,17776.91
2025-11-16 15:11:11.270,440,17018.8
2025-11-16 15:11:11.270,441,17457.49
2025-11-16 15:11:11.270,442,17910.59
2025-11-16 15:11:11.270,443,17309.7
2025-11-16 15:11:11.270,444,18339.21
2025-11-16 15:11:11.270,445,18339.21
2025-11-16 15:11:11.270,446,18339.21
2025-11-16 15:11:11.270,447,18103.81
2025-11-16 15:11:11.270,448,19194.97
2025-11-16 15:11:11.270,449,18045.56
2025-11-16 15:11:11.270,450,19363.84
2025-11-16 15:11:11.270,451,19794.65
2025-11-16 15:11:11.270,452,19406.36
2025-11-16 15:11:11.270,453,20103.78
2025-11-16 15:11:11.270,454,18578.57
2025-11-16 15:11:11.270,455,20170.86
2025-11-16 15:11:11.270,456,17346.5
2025-11-16 15:11:11.270,457,18842.47
2025-11-16 15:11:11.270,458,20764.89
2025-11-16 15:11:11.270,459,19577.68
2025-11-16 15:11:11.270,460,19577.68
2025-11-16 15:11:11.270,461,19069.58
2025-11-16 15:11:11.270,462,19556.16
2025-11-16 15:11:11.270,463,19838.42
2025-11-16 15:11:11.270,464,40380.55
2025-11-16 15:11:11.270,465,19664.09
2025-11-16 15:11:11.270,466,19321.44
2025-11-16 15:11:11.270,467,19449.01
2025-11-16 15:11:11.270,468,19237.01
2025-11-16 15:11:11.270,469,20788.21
2025-11-16 15:11:11.270,470,23698.29
2025-11-16 15:11:11.270,471,26090.74
2025-11-16 15:11:11.270,472,184922.63
2025-11-16 15:11:11.270,473,31374.49
2025-11-16 15:11:11.270,474,49845.72
2025-11-16 15:11:11.270,475,18720.07
2025-11-16 15:11:11.270,476,60132.29
2025-11-16 15:11:11.270,477,179504.63
2025-11-16 15:11:11.270,478,55833.13
2025-11-16 15:11:11.270,479,55833.13
2025-11-16 15:11:11.270,480,16403.5
2025-11-16 15:11:11.270,481,16198.91
2025-11-16 15:11:11.270,482,15174.57
2025-11-16 15:11:11.270,483,15848.37
2025-11-16 15:11:11.270,484,15315.99
2025-11-16 15:11:11.270,485,15050.17
2025-11-16 15:11:11.270,486,14926.99
2025-11-16 15:11:11.270,487,15081.15
2025-11-16 15:11:11.270,488,14835.39
2025-11-16 15:11:11.270,489,15034.71
2025-11-16 15:11:11.270,490,15081.15
2025-11-16 15:11:11.270,491,14865.85
2025-11-16 15:11:11.270,492,15914.42
2025-11-16 15:11:11.270,493,15652.22
2025-11-16 15:11:11.270,494,16182.0
2025-11-16 15:11:11.270,495,15652.22
2025-11-16 15:11:11.270,496,17163.47
2025-11-16 15:11:11.270,497,16182.0
2025-11-16 15:11:11.270,498,17018.8
2025-11-16 15:11:11.270,499,17457.49
2025-11-16 15:11:11.270,500,16947.04
2025-11-16 15:11:11.270,501,17494.69
2025-11-16 15:11:11.270,502,15930.98
2025-11-16 15:11:11.270,503,17795.93
2025-11-16 15:11:11.270,504,16681.28
2025-11-16 15:11:11.270,505,16663.75
2025-11-16 15:11:11.270,506,18418.55
2025-11-16 15:11:11.270,507,17494.69
2025-11-16 15:11:11.270,508,17181.67
2025-11-16 15:11:11.270,509,16283.77
2025-11-16 15:11:11.270,510,17163.47
2025-11-16 15:11:11.270,511,17199.88
2025-11-16 15:11:11.270,512,36739.99
2025-11-16 15:11:11.270,513,17036.8
2025-11-16 15:11:11.270,514,17163.47
2025-11-16 15:11:11.270,515,17254.68
2025-11-16 15:11:11.270,516,17364.93
2025-11-16 15:11:11.270,517,19321.44
2025-11-16 15:11:11.270,518,20975.98
2025-11-16 15:11:11.270,519,23810.38
2025-11-16 15:11:11.270,520,162702.02
2025-11-16 15:11:11.270,521,29071.17
2025-11-16 15:11:11.270,522,45754.95
2025-11-16 15:11:11.270,523,16947.04
2025-11-16 15:11:11.270,524,55833.13
2025-11-16 15:11:11.270,525,170315.53
2025-11-16 15:11:11.270,526,52793.59
2025-11-16 15:11:11.270,527,52793.59
2025-11-16 15:11:11.270,528,17181.67
2025-11-16 15:11:11.270,529,16964.95
2025-11-16 15:11:11.270,530,15914.42
2025-11-16 15:11:11.270,531,16698.84
2025-11-16 15:11:11.270,532,15881.35
2025-11-16 15:11:11.270,533,16249.76
2025-11-16 15:11:11.270,534,15782.65
2025-11-16 15:11:11.270,535,15652.22
2025-11-16 15:11:11.270,536,15331.81
2025-11-16 15:11:11.270,537,15603.64
2025-11-16 15:11:11.270,538,15848.37
2025-11-16 15:11:11.270,539,15491.01
2025-11-16 15:11:11.270,540,16840.11
2025-11-16 15:11:11.270,541,16386.33
2025-11-16 15:11:11.270,542,17272.99
2025-11-16 15:11:11.270,543,16593.85
2025-11-16 15:11:11.270,544,18026.2
2025-11-16 15:11:11.270,545,17199.88
2025-11-16 15:11:11.270,546,17569.39
2025-11-16 15:11:11.270,547,18478.35
2025-11-16 15:11:11.270,548,17872.27
2025-11-16 15:11:11.270,549,18578.57
2025-11-16 15:11:11.270,550,16982.88
2025-11-16 15:11:11.270,551,18518.36
2025-11-16 15:11:11.270,552,17420.39
2025-11-16 15:11:11.270,553,17494.69
2025-11-16 15:11:11.270,554,19427.67
2025-11-16 15:11:11.270,555,18418.55
2025-11-16 15:11:11.270,556,18084.37
2025-11-16 15:11:11.270,557,17309.7
2025-11-16 15:11:11.270,558,17910.59
2025-11-16 15:11:11.270,559,17949.02
2025-11-16 15:11:11.270,560,38348.37
2025-11-16 15:11:11.270,561,17910.59
2025-11-16 15:11:11.270,562,17929.79
2025-11-16 15:11:11.270,563,18103.81
2025-11-16 15:11:11.270,564,18339.21
2025-11-16 15:11:11.270,565,20103.78
2025-11-16 15:11:11.270,566,21725.7
2025-11-16 15:11:11.270,567,24675.34
2025-11-16 15:11:11.270,568,175214.38
2025-11-16 15:11:11.270,569,30189.96
2025-11-16 15:11:11.270,570,47484.0
2025-11-16 15:11:11.270,571,17569.39
2025-11-16 15:11:11.270,572,56912.64
2025-11-16 15:11:11.270,573,173552.13
2025-11-16 15:11:11.270,574,54787.84
2025-11-16 15:11:11.270,575,54787.84
2025-11-16 15:11:11.270,576,16455.14
2025-11-16 15:11:11.270,577,16198.91
2025-11-16 15:11:11.270,578,15947.57
2025-11-16 15:11:11.270,579,16148.25
2025-11-16 15:11:11.270,580,14896.38
2025-11-16 15:11:11.270,581,15815.47
2025-11-16 15:11:11.270,582,15081.15
2025-11-16 15:11:11.270,583,15174.57
2025-11-16 15:11:11.270,584,14988.43
2025-11-16 15:11:11.270,585,14850.61
2025-11-16 15:11:11.270,586,15237.23
2025-11-16 15:11:11.270,587,14911.68
2025-11-16 15:11:11.270,588,15848.37
2025-11-16 15:11:11.270,589,15331.81
2025-11-16 15:11:11.270,590,16352.05
2025-11-16 15:11:11.270,591,15782.65
2025-11-16 15:11:11.270,592,17054.83
2025-11-16 15:11:11.270,593,16182.0
2025-11-16 15:11:11.270,594,16769.29
2025-11-16 15:11:11.270,595,17346.5
2025-11-16 15:11:11.270,596,16769.29
2025-11-16 15:11:11.270,597,17531.99
2025-11-16 15:11:11.270,598,15237.23
2025-11-16 15:11:11.270,599,17272.99
2025-11-16 15:11:11.270,600,16283.77
2025-11-16 15:11:11.270,601,16148.25
2025-11-16 15:11:11.270,602,18064.95
2025-11-16 15:11:11.270,603,17254.68
2025-11-16 15:11:11.270,604,16317.87
2025-11-16 15:11:11.270,605,15491.01
2025-11-16 15:11:11.270,606,15652.22
2025-11-16 15:11:11.270,607,14299.57
2025-11-16 15:11:11.270,608,36001.13
2025-11-16 15:11:11.270,609,15914.42
2025-11-16 15:11:11.270,610,16698.84
2025-11-16 15:11:11.270,611,16420.69
2025-11-16 15:11:11.270,612,16947.04
2025-11-16 15:11:11.270,613,19153.06
2025-11-16 15:11:11.270,614,20533.68
2025-11-16 15:11:11.270,615,23366.42
2025-11-16 15:11:11.270,616,164172.88
2025-11-16 15:11:11.270,617,28847.41
2025-11-16 15:11:11.270,618,44126.66
2025-11-16 15:11:11.270,619,15914.42
2025-11-16 15:11:11.270,620,54685.13
2025-11-16 15:11:11.270,621,161255.75
2025-11-16 15:11:11.270,622,51100.71
2025-11-16 15:11:11.270,623,51100.71
2025-11-16 15:11:11.270,624,16081.01
2025-11-16 15:11:11.270,625,15848.37
2025-11-16 15:11:11.270,626,15523.09
2025-11-16 15:11:11.270,627,15603.64
2025-11-16 15:11:11.270,628,14881.11
2025-11-16 15:11:11.270,629,15523.09
2025-11-16 15:11:11.270,630,14835.39
2025-11-16 15:11:11.270,631,14881.11
2025-11-16 15:11:11.270,632,14805.01
2025-11-16 15:11:11.270,633,14564.57
2025-11-16 15:11:11.270,634,14684.21
2025-11-16 15:11:11.270,635,14835.39
2025-11-16 15:11:11.270,636,15619.82
2025-11-16 15:11:11.270,637,15252.94
2025-11-16 15:11:11.270,638,15864.85
2025-11-16 15:11:11.270,639,15081.15
2025-11-16 15:11:11.270,640,16734.02
2025-11-16 15:11:11.270,641,15619.82
2025-11-16 15:11:11.270,642,16403.5
2025-11-16 15:11:11.270,643,17163.47
2025-11-16 15:11:11.270,644,16611.29
2025-11-16 15:11:11.270,645,17272.99
2025-11-16 15:11:11.270,646,15930.98
2025-11-16 15:11:11.270,647,17309.7
2025-11-16 15:11:11.270,648,16249.76
2025-11-16 15:11:11.270,649,16352.05
2025-11-16 15:11:11.270,650,18339.21
2025-11-16 15:11:11.270,651,17420.39
2025-11-16 15:11:11.270,652,16334.95
2025-11-16 15:11:11.270,653,15749.92
2025-11-16 15:11:11.270,654,16663.75
2025-11-16 15:11:11.270,655,16215.84
2025-11-16 15:11:11.270,656,35134.67
2025-11-16 15:11:11.270,657,16628.76
2025-11-16 15:11:11.270,658,16334.95
2025-11-16 15:11:11.270,659,16455.14
2025-11-16 15:11:11.270,660,17036.8
2025-11-16 15:11:11.270,661,18659.26
2025-11-16 15:11:11.270,662,20510.75
2025-11-16 15:11:11.270,663,23148.76
2025-11-16 15:11:11.270,664,153062.25
2025-11-16 15:11:11.270,665,28553.0
2025-11-16 15:11:11.270,666,44707.67
2025-11-16 15:11:11.270,667,15507.04
2025-11-16 15:11:11.270,668,54787.84
2025-11-16 15:11:11.270,669,164172.88
2025-11-16 15:11:11.270,670,51654.79
2025-11-16 15:11:11.270,671,51654.79
2025-11-16 15:11:11.270,672,15268.68
2025-11-16 15:11:11.270,673,15081.15
2025-11-16 15:11:11.270,674,15815.47
2025-11-16 15:11:11.270,675,15019.26
2025-11-16 15:11:11.270,676,15379.36
2025-11-16 15:11:11.270,677,16114.59
2025-11-16 15:11:11.270,678,15395.25
2025-11-16 15:11:11.270,679,15395.25
2025-11-16 15:11:11.270,680,15174.57
2025-11-16 15:11:11.270,681,15347.64
2025-11-16 15:11:11.270,682,15782.65
2025-11-16 15:11:11.270,683,15636.01
2025-11-16 15:11:11.270,684,16030.81
2025-11-16 15:11:11.270,685,15848.37
2025-11-16 15:11:11.270,686,16663.75
2025-11-16 15:11:11.270,687,16014.12
2025-11-16 15:11:11.270,688,17569.39
2025-11-16 15:11:11.270,689,16663.75
2025-11-16 15:11:11.270,690,17420.39
2025-11-16 15:11:11.270,691,18103.81
2025-11-16 15:11:11.270,692,17291.33
2025-11-16 15:11:11.270,693,17949.02
2025-11-16 15:11:11.270,694,16929.16
2025-11-16 15:11:11.270,695,18240.65
2025-11-16 15:11:11.270,696,17163.47
2025-11-16 15:11:11.270,697,17127.16
2025-11-16 15:11:11.270,698,19028.03
2025-11-16 15:11:11.270,699,18103.81
2025-11-16 15:11:11.270,700,17776.91
2025-11-16 15:11:11.270,701,17018.8
2025-11-16 15:11:11.270,702,17606.89
2025-11-16 15:11:11.270,703,17910.59
2025-11-16 15:11:11.270,704,37669.63
2025-11-16 15:11:11.270,705,17720.0
2025-11-16 15:11:11.270,706,17720.0
2025-11-16 15:11:11.270,707,17814.97
2025-11-16 15:11:11.270,708,17814.97
2025-11-16 15:11:11.270,709,19449.01
2025-11-16 15:11:11.270,710,21602.34
2025-11-16 15:11:11.270,711,24036.8
2025-11-16 15:11:11.270,712,166426.73
2025-11-16 15:11:11.270,713,30150.32
2025-11-16 15:11:11.270,714,47161.71
2025-11-16 15:11:11.270,715,17383.4
2025-11-16 15:11:11.270,716,57577.48
2025-11-16 15:11:11.270,717,174379.52
2025-11-16 15:11:11.270,718,54787.84
2025-11-16 15:11:11.270,719,54787.84
2025-11-16 15:11:11.270,720,16334.95
2025-11-16 15:11:11.270,721,16047.52
2025-11-16 15:11:11.270,722,17291.33
2025-11-16 15:11:11.270,723,17236.39
2025-11-16 15:11:11.270,724,16403.5
2025-11-16 15:11:11.270,725,17309.7
2025-11-16 15:11:11.270,726,16131.41
2025-11-16 15:11:11.270,727,16249.76
2025-11-16 15:11:11.270,728,16840.11
2025-11-16 15:11:11.270,729,16232.79
2025-11-16 15:11:11.270,730,16911.3
2025-11-16 15:11:11.270,731,16911.3
2025-11-16 15:11:11.270,732,17199.88
2025-11-16 15:11:11.270,733,17236.39
2025-11-16 15:11:11.270,734,17569.39
2025-11-16 15:11:11.270,735,16947.04
2025-11-16 15:11:11.270,736,18781.14
2025-11-16 15:11:11.270,737,17757.91
2025-11-16 15:11:11.270,738,18260.31
2025-11-16 15:11:11.270,739,19028.03
2025-11-16 15:11:11.270,740,17476.08
2025-11-16 15:11:11.270,741,18659.26
2025-11-16 15:11:11.270,742,17776.91
2025-11-16 15:11:11.270,743,18659.26
2025-11-16 15:11:11.270,744,18103.81
2025-11-16 15:11:11.270,745,18201.42
2025-11-16 15:11:11.270,746,19838.42
2025-11-16 15:11:11.270,747,19111.26
2025-11-16 15:11:11.270,748,18699.77
2025-11-16 15:11:11.270,749,18181.84
2025-11-16 15:11:11.270,750,18740.4
2025-11-16 15:11:11.270,751,18781.14
2025-11-16 15:11:11.270,752,38695.02
2025-11-16 15:11:11.270,753,18659.26
2025-11-16 15:11:11.270,754,18578.57
2025-11-16 15:11:11.270,755,18699.77
2025-11-16 15:11:11.270,756,18801.55
2025-11-16 15:11:11.270,757,20556.65
2025-11-16 15:11:11.270,758,22382.94
2025-11-16 15:11:11.270,759,24093.88
2025-11-16 15:11:11.270,760,167961.95
2025-11-16 15:11:11.270,761,31501.02
2025-11-16 15:11:11.270,762,48473.0
2025-11-16 15:11:11.270,763,18478.35
2025-11-16 15:11:11.270,764,58369.98
2025-11-16 15:11:11.270,765,173552.13
2025-11-16 15:11:11.270,766,54480.68
2025-11-16 15:11:11.270,767,54480.68
2025-11-16 15:11:11.270,768,18740.4
2025-11-16 15:11:11.270,769,18822.0
2025-11-16 15:11:11.270,770,18418.55
2025-11-16 15:11:11.270,771,18720.07
2025-11-16 15:11:11.270,772,17236.39
2025-11-16 15:11:11.270,773,17910.59
2025-11-16 15:11:11.270,774,17346.5
2025-11-16 15:11:11.270,775,17457.49
2025-11-16 15:11:11.270,776,17872.27
2025-11-16 15:11:11.270,777,17494.69
2025-11-16 15:11:11.270,778,17949.02
2025-11-16 15:11:11.270,779,17929.79
2025-11-16 15:11:11.270,780,18142.77
2025-11-16 15:11:11.270,781,18221.02
2025-11-16 15:11:11.270,782,18240.65
2025-11-16 15:11:11.270,783,17834.04
2025-11-16 15:11:11.270,784,19491.78
2025-11-16 15:11:11.270,785,18458.39
2025-11-16 15:11:11.270,786,19132.14
2025-11-16 15:11:11.270,787,19970.52
2025-11-16 15:11:11.270,788,18026.2
2025-11-16 15:11:11.270,789,19007.29
2025-11-16 15:11:11.270,790,18740.4
2025-11-16 15:11:11.270,791,19882.33
2025-11-16 15:11:11.270,792,19028.03
2025-11-16 15:11:11.270,793,19069.58
2025-11-16 15:11:11.270,794,21094.51
2025-11-16 15:11:11.270,795,20103.78
2025-11-16 15:11:11.270,796,19751.0
2025-11-16 15:11:11.270,797,19300.29
2025-11-16 15:11:11.270,798,19772.81
2025-11-16 15:11:11.270,799,20059.23
2025-11-16 15:11:11.270,800,41267.73
2025-11-16 15:11:11.270,801,19751.0
2025-11-16 15:11:11.270,802,19751.0
2025-11-16 15:11:11.270,803,19882.33
2025-11-16 15:11:11.270,804,19926.36
2025-11-16 15:11:11.270,805,22203.33
2025-11-16 15:11:11.270,806,23311.73
2025-11-16 15:11:11.270,807,26090.74
2025-11-16 15:11:11.270,808,190659.31
2025-11-16 15:11:11.270,809,33495.87
2025-11-16 15:11:11.270,810,51468.98
2025-11-16 15:11:11.270,811,19599.24
2025-11-16 15:11:11.270,812,62757.56
2025-11-16 15:11:11.270,813,182175.47
2025-11-16 15:11:11.270,814,60132.29
2025-11-16 15:11:11.270,815,60132.29
2025-11-16 15:11:11.270,816,19970.52
2025-11-16 15:11:11.270,817,19882.33
2025-11-16 15:11:11.270,818,18378.83
2025-11-16 15:11:11.270,819,19491.78
2025-11-16 15:11:11.270,820,18142.77
2025-11-16 15:11:11.270,821,18438.46
2025-11-16 15:11:11.270,822,18518.36
2025-11-16 15:11:11.270,823,18478.35
2025-11-16 15:11:11.270,824,18760.76
2025-11-16 15:11:11.270,825,18720.07
2025-11-16 15:11:11.270,826,18822.0
2025-11-16 15:11:11.270,827,19069.58
2025-11-16 15:11:11.270,828,19194.97
2025-11-16 15:11:11.270,829,19132.14
2025-11-16 15:11:11.270,830,18339.21
2025-11-16 15:11:11.270,831,18538.4
2025-11-16 15:11:11.270,832,20238.23
2025-11-16 15:11:11.270,833,18862.97
2025-11-16 15:11:11.270,834,19491.78
2025-11-16 15:11:11.270,835,20881.81
2025-11-16 15:11:11.270,836,18760.76
2025-11-16 15:11:11.270,837,18142.77
2025-11-16 15:11:11.270,838,18986.58
2025-11-16 15:11:11.270,839,20811.56
2025-11-16 15:11:11.270,840,20215.74
2025-11-16 15:11:11.270,841,20238.23
2025-11-16 15:11:11.270,842,22616.81
2025-11-16 15:11:11.270,843,21553.27
2025-11-16 15:11:11.270,844,21023.29
2025-11-16 15:11:11.270,845,20510.75
2025-11-16 15:11:11.270,846,21237.94
2025-11-16 15:11:11.270,847,21310.15
2025-11-16 15:11:11.270,848,43769.74
2025-11-16 15:11:11.270,849,21023.29
2025-11-16 15:11:11.270,850,20952.39
2025-11-16 15:11:11.270,851,21118.33
2025-11-16 15:11:11.270,852,21213.94
2025-11-16 15:11:11.270,853,23754.24
2025-11-16 15:11:11.270,854,25276.9
2025-11-16 15:11:11.270,855,28371.24
2025-11-16 15:11:11.270,856,205453.95
2025-11-16 15:11:11.270,857,35034.87
2025-11-16 15:11:11.270,858,54582.74
2025-11-16 15:11:11.270,859,20858.36
2025-11-16 15:11:11.270,860,66723.02
2025-11-16 15:11:11.270,861,195704.14
2025-11-16 15:11:11.270,862,63943.71
2025-11-16 15:11:11.270,863,63943.71
2025-11-16 15:11:11.270,864,21358.47
2025-11-16 15:11:11.270,865,21213.94
2025-11-16 15:11:11.270,866,20170.86
2025-11-16 15:11:11.270,867,20602.68
2025-11-16 15:11:11.270,868,19751.0
2025-11-16 15:11:11.270,869,20373.88
2025-11-16 15:11:11.270,870,19664.09
2025-11-16 15:11:11.270,871,19577.68
2025-11-16 15:11:11.270,872,20037.0
2025-11-16 15:11:11.270,873,19882.33
2025-11-16 15:11:11.270,874,20103.78
2025-11-16 15:11:11.270,875,20148.47
2025-11-16 15:11:11.270,876,19948.42
2025-11-16 15:11:11.270,877,20126.11
2025-11-16 15:11:11.270,878,19707.48
2025-11-16 15:11:11.270,879,19406.36
2025-11-16 15:11:11.270,880,21602.34
2025-11-16 15:11:11.270,881,19794.65
2025-11-16 15:11:11.270,882,21166.06
2025-11-16 15:11:11.270,883,22305.72
2025-11-16 15:11:11.270,884,19237.01
2025-11-16 15:11:11.270,885,20905.3
2025-11-16 15:11:11.270,886,20928.83
2025-11-16 15:11:11.270,887,21602.34
2025-11-16 15:11:11.270,888,20533.68
2025-11-16 15:11:11.270,889,20442.16
2025-11-16 15:11:11.270,890,23175.81
2025-11-16 15:11:11.270,891,22076.26
2025-11-16 15:11:11.270,892,21900.02
2025-11-16 15:11:11.270,893,21310.15
2025-11-16 15:11:11.270,894,21750.49
2025-11-16 15:11:11.270,895,22460.52
2025-11-16 15:11:11.270,896,44415.61
2025-11-16 15:11:11.270,897,22000.49
2025-11-16 15:11:11.270,898,21553.27
2025-11-16 15:11:11.270,899,21950.17
2025-11-16 15:11:11.270,900,22050.96
2025-11-16 15:11:11.270,901,23923.21
2025-11-16 15:11:11.270,902,25773.33
2025-11-16 15:11:11.270,903,28921.71
2025-11-16 15:11:11.270,904,207747.34
2025-11-16 15:11:11.270,905,36314.91
2025-11-16 15:11:11.270,906,54787.84
2025-11-16 15:11:11.270,907,21900.02
2025-11-16 15:11:11.270,908,65446.95
2025-11-16 15:11:11.270,909,193656.09
2025-11-16 15:11:11.270,910,61860.94
2025-11-16 15:11:11.270,911,61860.94
2025-11-16 15:11:11.270,912,29184.02
2025-11-16 15:11:11.270,913,28921.71
2025-11-16 15:11:11.270,914,27695.87
2025-11-16 15:11:11.270,915,28191.18
2025-11-16 15:11:11.270,916,27556.69
2025-11-16 15:11:11.270,917,27977.33
2025-11-16 15:11:11.270,918,27213.2
2025-11-16 15:11:11.270,919,27281.39
2025-11-16 15:11:11.270,920,27906.57
2025-11-16 15:11:11.270,921,27247.26
2025-11-16 15:11:11.270,922,27906.57
2025-11-16 15:11:11.270,923,27765.84
2025-11-16 15:11:11.270,924,27281.39
2025-11-16 15:11:11.270,925,27765.84
2025-11-16 15:11:11.270,926,24557.47
2025-11-16 15:11:11.270,927,26809.18
2025-11-16 15:11:11.270,928,27765.84
2025-11-16 15:11:11.270,929,26875.9
2025-11-16 15:11:11.270,930,28335.09
2025-11-16 15:11:11.270,931,29146.33
2025-11-16 15:11:11.270,932,27765.84
2025-11-16 15:11:11.270,933,28773.39
2025-11-16 15:11:11.270,934,27556.69
2025-11-16 15:11:11.270,935,26909.36
2025-11-16 15:11:11.270,936,27906.57
2025-11-16 15:11:11.270,937,28299.01
2025-11-16 15:11:11.270,938,30712.49
2025-11-16 15:11:11.270,939,29146.33
2025-11-16 15:11:11.270,940,29564.92
2025-11-16 15:11:11.270,941,28810.36
2025-11-16 15:11:11.270,942,29992.53
2025-11-16 15:11:11.270,943,30712.49
2025-11-16 15:11:11.270,944,57465.76
2025-11-16 15:11:11.270,945,30189.96
2025-11-16 15:11:11.270,946,28884.52
2025-11-16 15:11:11.270,947,29411.68
2025-11-16 15:11:11.270,948,29992.53
2025-11-16 15:11:11.270,949,32276.66
2025-11-16 15:11:11.270,950,34252.03
2025-11-16 15:11:11.270,951,38006.61
2025-11-16 15:11:11.270,952,284551.28
2025-11-16 15:11:11.270,953,47484.0
2025-11-16 15:11:11.270,954,71795.0
2025-11-16 15:11:11.270,955,29449.88
2025-11-16 15:11:11.270,956,86251.47
2025-11-16 15:11:11.270,957,250766.73
2025-11-16 15:11:11.270,958,81919.95
2025-11-16 15:11:11.270,959,81919.95
2025-11-16 15:11:11.270,960,43417.48
2025-11-16 15:11:11.270,961,42658.5
2025-11-16 15:11:11.270,962,42253.52
2025-11-16 15:11:11.270,963,42658.5
2025-11-16 15:11:11.270,964,41267.73
2025-11-16 15:11:11.270,965,41788.82
2025-11-16 15:11:11.270,966,41397.01
2025-11-16 15:11:11.270,967,41526.96
2025-11-16 15:11:11.270,968,41332.29
2025-11-16 15:11:11.270,969,41139.08
2025-11-16 15:11:11.270,970,41657.55
2025-11-16 15:11:11.270,971,39765.37
2025-11-16 15:11:11.270,972,38578.92
2025-11-16 15:11:11.270,973,40194.41
2025-11-16 15:11:11.270,974,39765.37
2025-11-16 15:11:11.270,975,39765.37
2025-11-16 15:11:11.270,976,40505.41
2025-11-16 15:11:11.270,977,39887.21
2025-11-16 15:11:11.270,978,39403.42
2025-11-16 15:11:11.270,979,41657.55
2025-11-16 15:11:11.270,980,40071.08
2025-11-16 15:11:11.270,981,41139.08
2025-11-16 15:11:11.270,982,41397.01
2025-11-16 15:11:11.270,983,38578.92
2025-11-16 15:11:11.270,984,39224.4
2025-11-16 15:11:11.270,985,40318.35
2025-11-16 15:11:11.270,986,40630.89
2025-11-16 15:11:11.270,987,35184.73
2025-11-16 15:11:11.270,988,42522.82
2025-11-16 15:11:11.270,989,41854.7
2025-11-16 15:11:11.270,990,42726.61
2025-11-16 15:11:11.270,991,44707.67
2025-11-16 15:11:11.270,992,81919.95
2025-11-16 15:11:11.270,993,43557.83
2025-11-16 15:11:11.270,994,41788.82
2025-11-16 15:11:11.270,995,41332.29
2025-11-16 15:11:11.270,996,43911.94
2025-11-16 15:11:11.270,997,47646.51
2025-11-16 15:11:11.270,998,48641.14
2025-11-16 15:11:11.270,999,53280.57
2025-11-16 15:11:11.270,1000,450099.75
2025-11-16 15:11:11.270,1001,68493.05
2025-11-16 15:11:11.270,1002,99101.66
2025-11-16 15:11:11.270,1003,42932.0
2025-11-16 15:11:11.270,1004,121579.19
2025-11-16 15:11:11.270,1005,339960.47
2025-11-16 15:11:11.270,1006,118680.02
2025-11-16 15:11:11.270,1007,118680.02
2025-11-16 15:11:11.270,1008,61483.39
2025-11-16 15:11:11.270,1009,58255.64
2025-11-16 15:11:11.270,1010,58369.98
2025-11-16 15:11:11.270,1011,59181.26
2025-11-16 15:11:11.270,1012,57802.03
2025-11-16 15:11:11.270,1013,56693.92
2025-11-16 15:11:11.270,1014,55939.52
2025-11-16 15:11:11.270,1015,56046.25
2025-11-16 15:11:11.270,1016,56585.1
2025-11-16 15:11:11.270,1017,55833.13
2025-11-16 15:11:11.270,1018,56693.92
2025-11-16 15:11:11.270,1019,56046.25
2025-11-16 15:11:11.270,1020,54787.84
2025-11-16 15:11:11.270,1021,54378.94
2025-11-16 15:11:11.270,1022,56693.92
2025-11-16 15:11:11.270,1023,55833.13
2025-11-16 15:11:11.270,1024,57354.41
2025-11-16 15:11:11.270,1025,55097.93
2025-11-16 15:11:11.270,1026,51284.3
2025-11-16 15:11:11.270,1027,56912.64
2025-11-16 15:11:11.270,1028,49845.72
2025-11-16 15:11:11.270,1029,51654.79
2025-11-16 15:11:11.270,1030,55621.39
2025-11-16 15:11:11.270,1031,42455.23
2025-11-16 15:11:11.270,1032,52697.09
2025-11-16 15:11:11.270,1033,54685.13
2025-11-16 15:11:11.270,1034,52793.59
2025-11-16 15:11:11.270,1035,53182.58
2025-11-16 15:11:11.270,1036,56046.25
2025-11-16 15:11:11.270,1037,56260.74
2025-11-16 15:11:11.270,1038,56153.31
2025-11-16 15:11:11.270,1039,60132.29
2025-11-16 15:11:11.270,1040,102094.18
2025-11-16 15:11:11.270,1041,56153.31
2025-11-16 15:11:11.270,1042,54378.94
2025-11-16 15:11:11.270,1043,53975.16
2025-11-16 15:11:11.270,1044,56476.62
2025-11-16 15:11:11.270,1045,58715.34
2025-11-16 15:11:11.270,1046,54890.87
2025-11-16 15:11:11.270,1047,59416.6
2025-11-16 15:11:11.270,1048,583498.19
2025-11-16 15:11:11.270,1049,89777.44
2025-11-16 15:11:11.270,1050,121579.19
2025-11-16 15:11:11.270,1051,56046.25
2025-11-16 15:11:11.270,1052,157058.67
2025-11-16 15:11:11.270,1053,336993.63
2025-11-16 15:11:11.270,1054,138280.8
2025-11-16 15:11:11.270,1055,138280.8
2025-11-16 15:11:11.270,1056,48895.18
2025-11-16 15:11:11.270,1057,47728.11
2025-11-16 15:11:11.270,1058,48139.58
2025-11-16 15:11:11.270,1059,48556.95
2025-11-16 15:11:11.270,1060,46061.56
2025-11-16 15:11:11.270,1061,47484.0
2025-11-16 15:11:11.270,1062,46061.56
2025-11-16 15:11:11.270,1063,46527.84
2025-11-16 15:11:11.270,1064,45984.59
2025-11-16 15:11:11.270,1065,45301.25
2025-11-16 15:11:11.270,1066,45984.59
2025-11-16 15:11:11.270,1067,45151.65
2025-11-16 15:11:11.270,1068,44634.36
2025-11-16 15:11:11.270,1069,45451.66
2025-11-16 15:11:11.270,1070,46527.84
2025-11-16 15:11:11.270,1071,45151.65
2025-11-16 15:11:11.270,1072,46922.36
2025-11-16 15:11:11.270,1073,46293.73
2025-11-16 15:11:11.270,1074,40693.86
2025-11-16 15:11:11.270,1075,45907.83
2025-11-16 15:11:11.270,1076,37781.43
2025-11-16 15:11:11.270,1077,38006.61
2025-11-16 15:11:11.270,1078,44928.77
2025-11-16 15:11:11.270,1079,39283.93
2025-11-16 15:11:11.270,1080,40132.67
2025-11-16 15:11:11.270,1081,44126.66
2025-11-16 15:11:11.270,1082,39887.21
2025-11-16 15:11:11.270,1083,41854.7
2025-11-16 15:11:11.270,1084,46138.74
2025-11-16 15:11:11.270,1085,45907.83
2025-11-16 15:11:11.270,1086,45907.83
2025-11-16 15:11:11.270,1087,49845.72
2025-11-16 15:11:11.270,1088,86478.77
2025-11-16 15:11:11.270,1089,46216.13
2025-11-16 15:11:11.270,1090,46216.13
2025-11-16 15:11:11.270,1091,45077.16
2025-11-16 15:11:11.270,1092,46449.59
2025-11-16 15:11:11.270,1093,51654.79
2025-11-16 15:11:11.270,1094,50021.84
2025-11-16 15:11:11.270,1095,56260.74
2025-11-16 15:11:11.270,1096,495554.03
2025-11-16 15:11:11.270,1097,74854.26
2025-11-16 15:11:11.270,1098,103337.61
2025-11-16 15:11:11.270,1099,46449.59
2025-11-16 15:11:11.270,1100,135123.23
2025-11-16 15:11:11.270,1101,362238.63
2025-11-16 15:11:11.270,1102,127787.46
2025-11-16 15:11:11.270,1103,127787.46
2025-11-16 15:11:11.270,1104,58141.67
2025-11-16 15:11:11.270,1105,55833.13
2025-11-16 15:11:11.270,1106,54787.84
2025-11-16 15:11:11.270,1107,56476.62
2025-11-16 15:11:11.270,1108,54890.87
2025-11-16 15:11:11.270,1109,55306.31
2025-11-16 15:11:11.270,1110,54176.42
2025-11-16 15:11:11.270,1111,55097.93
2025-11-16 15:11:11.270,1112,54787.84
2025-11-16 15:11:11.270,1113,54378.94
2025-11-16 15:11:11.270,1114,55097.93
2025-11-16 15:11:11.270,1115,55833.13
2025-11-16 15:11:11.270,1116,55097.93
2025-11-16 15:11:11.270,1117,55201.96
2025-11-16 15:11:11.270,1118,55621.39
2025-11-16 15:11:11.270,1119,54787.84
2025-11-16 15:11:11.270,1120,56368.51
2025-11-16 15:11:11.270,1121,55621.39
2025-11-16 15:11:11.270,1122,48305.81
2025-11-16 15:11:11.270,1123,52987.48
2025-11-16 15:11:11.270,1124,52029.78
2025-11-16 15:11:11.270,1125,52987.48
2025-11-16 15:11:11.270,1126,54277.52
2025-11-16 15:11:11.270,1127,51654.79
2025-11-16 15:11:11.270,1128,50021.84
2025-11-16 15:11:11.270,1129,52793.59
2025-11-16 15:11:11.270,1130,49151.41
2025-11-16 15:11:11.270,1131,52697.09
2025-11-16 15:11:11.270,1132,51100.71
2025-11-16 15:11:11.270,1133,54582.74
2025-11-16 15:11:11.270,1134,53280.57
2025-11-16 15:11:11.270,1135,58599.84
2025-11-16 15:11:11.270,1136,98811.18
2025-11-16 15:11:11.270,1137,54582.74
2025-11-16 15:11:11.270,1138,54994.24
2025-11-16 15:11:11.270,1139,52600.88
2025-11-16 15:11:11.270,1140,53576.4
2025-11-16 15:11:11.270,1141,61860.94
2025-11-16 15:11:11.270,1142,59298.73
2025-11-16 15:11:11.270,1143,66723.02
2025-11-16 15:11:11.270,1144,583498.19
2025-11-16 15:11:11.270,1145,87167.16
2025-11-16 15:11:11.270,1146,129194.73
2025-11-16 15:11:11.270,1147,55621.39
2025-11-16 15:11:11.270,1148,163434.33
2025-11-16 15:11:11.270,1149,439984.91
2025-11-16 15:11:11.270,1150,158434.67
2025-11-16 15:11:11.270,1151,158434.67
2025-11-16 15:11:11.270,1152,91010.8
2025-11-16 15:11:11.270,1153,90021.7
2025-11-16 15:11:11.270,1154,93048.8
2025-11-16 15:11:11.270,1155,92531.65
2025-11-16 15:11:11.270,1156,88812.2
2025-11-16 15:11:11.270,1157,93048.8
2025-11-16 15:11:11.270,1158,90267.15
2025-11-16 15:11:11.270,1159,89534.38
2025-11-16 15:11:11.270,1160,90267.15
2025-11-16 15:11:11.270,1161,88812.2
2025-11-16 15:11:11.270,1162,87167.16
2025-11-16 15:11:11.270,1163,86936.61
2025-11-16 15:11:11.270,1164,87631.56
2025-11-16 15:11:11.270,1165,88336.55
2025-11-16 15:11:11.270,1166,91010.8
2025-11-16 15:11:11.270,1167,87631.56
2025-11-16 15:11:11.270,1168,90513.82
2025-11-16 15:11:11.270,1169,89051.75
2025-11-16 15:11:11.270,1170,85130.81
2025-11-16 15:11:11.270,1171,88573.8
2025-11-16 15:11:11.270,1172,87631.56
2025-11-16 15:11:11.270,1173,89051.75
2025-11-16 15:11:11.270,1174,89051.75
2025-11-16 15:11:11.270,1175,88573.8
2025-11-16 15:11:11.270,1176,86251.47
2025-11-16 15:11:11.270,1177,85352.86
2025-11-16 15:11:11.270,1178,87167.16
2025-11-16 15:11:11.270,1179,88573.8
2025-11-16 15:11:11.270,1180,76838.91
2025-11-16 15:11:11.270,1181,86251.47
2025-11-16 15:11:11.270,1182,78918.48
2025-11-16 15:11:11.270,1183,91765.55
2025-11-16 15:11:11.270,1184,137213.13
2025-11-16 15:11:11.270,1185,75386.48
2025-11-16 15:11:11.270,1186,77396.36
2025-11-16 15:11:11.270,1187,76106.58
2025-11-16 15:11:11.270,1188,77209.76
2025-11-16 15:11:11.270,1189,91010.8
2025-11-16 15:11:11.270,1190,70663.95
2025-11-16 15:11:11.270,1191,81508.11
2025-11-16 15:11:11.270,1192,861364.44
2025-11-16 15:11:11.270,1193,135640.13
2025-11-16 15:11:11.270,1194,173552.13
2025-11-16 15:11:11.270,1195,76838.91
2025-11-16 15:11:11.270,1196,235144.47
2025-11-16 15:11:11.270,1197,521823.06
2025-11-16 15:11:11.270,1198,211280.41
2025-11-16 15:11:11.270,1199,211280.41
2025-11-16 15:11:11.270,1200,254133.06
2025-11-16 15:11:11.270,1201,235144.47
2025-11-16 15:11:11.270,1202,238117.42
2025-11-16 15:11:11.270,1203,250766.73
2025-11-16 15:11:11.270,1204,241163.34
2025-11-16 15:11:11.270,1205,247485.06
2025-11-16 15:11:11.270,1206,245875.0
2025-11-16 15:11:11.270,1207,238117.42
2025-11-16 15:11:11.270,1208,247485.06
2025-11-16 15:11:11.270,1209,235144.47
2025-11-16 15:11:11.270,1210,257587.41
2025-11-16 15:11:11.270,1211,241163.34
2025-11-16 15:11:11.270,1212,216173.34
2025-11-16 15:11:11.270,1213,213700.14
2025-11-16 15:11:11.270,1214,235144.47
2025-11-16 15:11:11.270,1215,216173.34
2025-11-16 15:11:11.270,1216,229407.17
2025-11-16 15:11:11.270,1217,223932.14
2025-11-16 15:11:11.270,1218,218701.81
2025-11-16 15:11:11.270,1219,213700.14
2025-11-16 15:11:11.270,1220,223932.14
2025-11-16 15:11:11.270,1221,217430.56
2025-11-16 15:11:11.270,1222,232241.86
2025-11-16 15:11:11.270,1223,216173.34
2025-11-16 15:11:11.270,1224,210090.06
2025-11-16 15:11:11.270,1225,226638.0
2025-11-16 15:11:11.270,1226,250766.73
2025-11-16 15:11:11.270,1227,226638.0
2025-11-16 15:11:11.270,1228,225277.3
2025-11-16 15:11:11.270,1229,223932.14
2025-11-16 15:11:11.270,1230,225277.3
2025-11-16 15:11:11.270,1231,241163.34
2025-11-16 15:11:11.270,1232,339960.47
2025-11-16 15:11:11.270,1233,236622.0
2025-11-16 15:11:11.270,1234,232241.86
2025-11-16 15:11:11.270,1235,235144.47
2025-11-16 15:11:11.270,1236,232241.86
2025-11-16 15:11:11.270,1237,261133.28
2025-11-16 15:11:11.270,1238,261133.28
2025-11-16 15:11:11.270,1239,293282.41
2025-11-16 15:11:11.270,1240,379970.25
2025-11-16 15:11:11.270,1241,379970.25
2025-11-16 15:11:11.270,1242,435092.38
2025-11-16 15:11:11.270,1243,250766.73
2025-11-16 15:11:11.270,1244,672541.69
2025-11-16 15:11:11.270,1245,483368.97
2025-11-16 15:11:11.270,1246,483368.97
2025-11-16 15:11:11.270,1247,483368.97
2025-11-16 15:11:11.270,1248,100279.32
2025-11-16 15:11:11.270,1249,94098.91
2025-11-16 15:11:11.270,1250,97381.57
2025-11-16 15:11:11.270,1251,98811.18
2025-11-16 15:11:11.270,1252,97381.57
2025-11-16 15:11:11.270,1253,97948.88
2025-11-16 15:11:11.270,1254,93309.35
2025-11-16 15:11:11.270,1255,95170.63
2025-11-16 15:11:11.270,1256,94632.04
2025-11-16 15:11:11.270,1257,93571.2
2025-11-16 15:11:11.270,1258,98234.78
2025-11-16 15:11:11.270,1259,95170.63
2025-11-16 15:11:11.270,1260,94632.04
2025-11-16 15:11:11.270,1261,95170.63
2025-11-16 15:11:11.270,1262,97948.88
2025-11-16 15:11:11.270,1263,95170.63
2025-11-16 15:11:11.270,1264,88336.55
2025-11-16 15:11:11.270,1265,91512.71
2025-11-16 15:11:11.270,1266,82754.82
2025-11-16 15:11:11.270,1267,67894.05
2025-11-16 15:11:11.270,1268,94098.91
2025-11-16 15:11:11.270,1269,94632.04
2025-11-16 15:11:11.270,1270,94632.04
2025-11-16 15:11:11.270,1271,94632.04
2025-11-16 15:11:11.270,1272,94900.64
2025-11-16 15:11:11.270,1273,94098.91
2025-11-16 15:11:11.270,1274,102094.18
2025-11-16 15:11:11.270,1275,100577.7
2025-11-16 15:11:11.270,1276,96820.16
2025-11-16 15:11:11.270,1277,99101.66
2025-11-16 15:11:11.270,1278,93309.35
2025-11-16 15:11:11.270,1279,102712.45
2025-11-16 15:11:11.270,1280,165668.98
2025-11-16 15:11:11.270,1281,97381.57
2025-11-16 15:11:11.270,1282,97381.57
2025-11-16 15:11:11.270,1283,96820.16
2025-11-16 15:11:11.270,1284,95170.63
2025-11-16 15:11:11.270,1285,113248.5
2025-11-16 15:11:11.270,1286,115519.18
2025-11-16 15:11:11.270,1287,127787.46
2025-11-16 15:11:11.270,1288,942433.13
2025-11-16 15:11:11.270,1289,157743.84
2025-11-16 15:11:11.270,1290,211280.41
2025-11-16 15:11:11.270,1291,103969.71
2025-11-16 15:11:11.270,1292,286686.59
2025-11-16 15:11:11.270,1293,861364.44
2025-11-16 15:11:11.270,1294,284551.28
2025-11-16 15:11:11.270,1295,284551.28
2025-11-16 15:11:11.270,1296,60253.01
2025-11-16 15:11:11.270,1297,58715.34
2025-11-16 15:11:11.270,1298,59416.6
2025-11-16 15:11:11.270,1299,59653.54
2025-11-16 15:11:11.270,1300,57802.03
2025-11-16 15:11:11.270,1301,58141.67
2025-11-16 15:11:11.270,1302,56260.74
2025-11-16 15:11:11.270,1303,58028.08
2025-11-16 15:11:11.270,1304,58028.08
2025-11-16 15:11:11.270,1305,56260.74
2025-11-16 15:11:11.270,1306,56803.11
2025-11-16 15:11:11.270,1307,57577.48
2025-11-16 15:11:11.270,1308,58028.08
2025-11-16 15:11:11.270,1309,57802.03
2025-11-16 15:11:11.270,1310,57914.87
2025-11-16 15:11:11.270,1311,56476.62
2025-11-16 15:11:11.270,1312,58141.67
2025-11-16 15:11:11.270,1313,54685.13
2025-11-16 15:11:11.270,1314,54994.24
2025-11-16 15:11:11.270,1315,56153.31
2025-11-16 15:11:11.270,1316,56260.74
2025-11-16 15:11:11.270,1317,58947.51
2025-11-16 15:11:11.270,1318,57465.76
2025-11-16 15:11:11.270,1319,57354.41
2025-11-16 15:11:11.270,1320,54787.84
2025-11-16 15:11:11.270,1321,51284.3
2025-11-16 15:11:11.270,1322,57354.41
2025-11-16 15:11:11.270,1323,59416.6
2025-11-16 15:11:11.270,1324,52697.09
2025-11-16 15:11:11.270,1325,56476.62
2025-11-16 15:11:11.270,1326,52124.24
2025-11-16 15:11:11.270,1327,59892.09
2025-11-16 15:11:11.270,1328,94632.04
2025-11-16 15:11:11.270,1329,52409.35
2025-11-16 15:11:11.270,1330,52793.59
2025-11-16 15:11:11.270,1331,52409.35
2025-11-16 15:11:11.270,1332,51841.71
2025-11-16 15:11:11.270,1333,62757.56
2025-11-16 15:11:11.270,1334,53084.88
2025-11-16 15:11:11.270,1335,67304.12
2025-11-16 15:11:11.270,1336,566776.38
2025-11-16 15:11:11.270,1337,89534.38
2025-11-16 15:11:11.270,1338,112877.99
2025-11-16 15:11:11.270,1339,56260.74
2025-11-16 15:11:11.270,1340,157743.84
2025-11-16 15:11:11.270,1341,312394.69
2025-11-16 15:11:11.270,1342,133594.3
2025-11-16 15:11:11.270,1343,133594.3
2025-11-16 15:11:11.270,1344,31628.31
2025-11-16 15:11:11.270,1345,31082.24
2025-11-16 15:11:11.270,1346,30876.0
2025-11-16 15:11:11.270,1347,31543.36
2025-11-16 15:11:11.270,1348,30389.34
2025-11-16 15:11:11.270,1349,30631.22
2025-11-16 15:11:11.270,1350,29071.17
2025-11-16 15:11:11.270,1351,30229.68
2025-11-16 15:11:11.270,1352,30309.35
2025-11-16 15:11:11.270,1353,28263.01
2025-11-16 15:11:11.270,1354,29992.53
2025-11-16 15:11:11.270,1355,30550.28
2025-11-16 15:11:11.270,1356,31040.83
2025-11-16 15:11:11.270,1357,30794.08
2025-11-16 15:11:11.270,1358,31543.36
2025-11-16 15:11:11.270,1359,30671.81
2025-11-16 15:11:11.270,1360,32232.81
2025-11-16 15:11:11.270,1361,29992.53
2025-11-16 15:11:11.270,1362,30550.28
2025-11-16 15:11:11.270,1363,31374.49
2025-11-16 15:11:11.270,1364,31374.49
2025-11-16 15:11:11.270,1365,32232.81
2025-11-16 15:11:11.270,1366,30631.22
2025-11-16 15:11:11.270,1367,31971.61
2025-11-16 15:11:11.270,1368,30712.49
2025-11-16 15:11:11.270,1369,28191.18
2025-11-16 15:11:11.270,1370,32720.19
2025-11-16 15:11:11.270,1371,32145.38
2025-11-16 15:11:11.270,1372,30835.0
2025-11-16 15:11:11.270,1373,31374.49
2025-11-16 15:11:11.270,1374,29146.33
2025-11-16 15:11:11.270,1375,32145.38
2025-11-16 15:11:11.270,1376,58599.84
2025-11-16 15:11:11.270,1377,29992.53
2025-11-16 15:11:11.270,1378,29914.1
2025-11-16 15:11:11.270,1379,30229.68
2025-11-16 15:11:11.270,1380,30794.08
2025-11-16 15:11:11.270,1381,35034.87
2025-11-16 15:11:11.270,1382,33449.47
2025-11-16 15:11:11.270,1383,39765.37
2025-11-16 15:11:11.270,1384,312394.69
2025-11-16 15:11:11.270,1385,50556.48
2025-11-16 15:11:11.270,1386,71631.49
2025-11-16 15:11:11.270,1387,31585.79
2025-11-16 15:11:11.270,1388,93048.8
2025-11-16 15:11:11.270,1389,235144.47
2025-11-16 15:11:11.270,1390,86251.47
2025-11-16 15:11:11.270,1391,86251.47
2025-11-16 15:11:11.270,1392,36901.41
2025-11-16 15:11:11.270,1393,36420.45
2025-11-16 15:11:11.270,1394,35897.47
2025-11-16 15:11:11.270,1395,36367.62
2025-11-16 15:11:11.270,1396,35134.67
2025-11-16 15:11:11.270,1397,35234.91
2025-11-16 15:11:11.270,1398,33776.39
2025-11-16 15:11:11.270,1399,34640.03
2025-11-16 15:11:11.270,1400,35335.6
2025-11-16 15:11:11.270,1401,33403.16
2025-11-16 15:11:11.270,1402,35335.6
2025-11-16 15:11:11.270,1403,35845.82
2025-11-16 15:11:11.270,1404,35845.82
2025-11-16 15:11:11.270,1405,36157.48
2025-11-16 15:11:11.270,1406,36526.48
2025-11-16 15:11:11.270,1407,35845.82
2025-11-16 15:11:11.270,1408,37558.35
2025-11-16 15:11:11.270,1409,35034.87
2025-11-16 15:11:11.270,1410,35589.29
2025-11-16 15:11:11.270,1411,36686.43
2025-11-16 15:11:11.270,1412,37118.37
2025-11-16 15:11:11.270,1413,37781.43
2025-11-16 15:11:11.270,1414,36847.48
2025-11-16 15:11:11.270,1415,38348.37
2025-11-16 15:11:11.270,1416,36526.48
2025-11-16 15:11:11.270,1417,35949.24
2025-11-16 15:11:11.270,1418,39887.21
2025-11-16 15:11:11.270,1419,38521.08
2025-11-16 15:11:11.270,1420,36793.67
2025-11-16 15:11:11.270,1421,36901.41
2025-11-16 15:11:11.270,1422,36157.48
2025-11-16 15:11:11.270,1423,37950.12
2025-11-16 15:11:11.270,1424,68192.39
2025-11-16 15:11:11.270,1425,36526.48
2025-11-16 15:11:11.270,1426,36053.13
2025-11-16 15:11:11.270,1427,36473.41
2025-11-16 15:11:11.270,1428,36579.68
2025-11-16 15:11:11.270,1429,41397.01
2025-11-16 15:11:11.270,1430,41920.75
2025-11-16 15:11:11.270,1431,48389.29
2025-11-16 15:11:11.270,1432,372678.72
2025-11-16 15:11:11.270,1433,59534.86
2025-11-16 15:11:11.270,1434,87631.56
2025-11-16 15:11:11.270,1435,38006.61
2025-11-16 15:11:11.270,1436,109992.31
2025-11-16 15:11:11.270,1437,322883.13
2025-11-16 15:11:11.270,1438,104608.9
2025-11-16 15:11:11.270,1439,104608.9
2025-11-16 15:11:11.270,1440,39403.42
2025-11-16 15:11:11.270,1441,38636.91
2025-11-16 15:11:11.270,1442,38291.07
2025-11-16 15:11:11.270,1443,38348.37
2025-11-16 15:11:11.270,1444,36901.41
2025-11-16 15:11:11.270,1445,37118.37
2025-11-16 15:11:11.270,1446,36420.45
2025-11-16 15:11:11.270,1447,36955.46
2025-11-16 15:11:11.270,1448,37669.63
2025-11-16 15:11:11.270,1449,36793.67
2025-11-16 15:11:11.270,1450,36847.48
2025-11-16 15:11:11.270,1451,36473.41
2025-11-16 15:11:11.270,1452,37558.35
2025-11-16 15:11:11.270,1453,38006.61
2025-11-16 15:11:11.270,1454,38006.61
2025-11-16 15:11:11.270,1455,37669.63
2025-11-16 15:11:11.270,1456,39644.14
2025-11-16 15:11:11.270,1457,37118.37
2025-11-16 15:11:11.270,1458,36901.41
2025-11-16 15:11:11.270,1459,38463.37
2025-11-16 15:11:11.270,1460,38120.0
2025-11-16 15:11:11.270,1461,39644.14
2025-11-16 15:11:11.270,1462,37613.93
2025-11-16 15:11:11.270,1463,39887.21
2025-11-16 15:11:11.270,1464,37447.59
2025-11-16 15:11:11.270,1465,32945.45
2025-11-16 15:11:11.270,1466,40505.41
2025-11-16 15:11:11.270,1467,39583.74
2025-11-16 15:11:11.270,1468,36901.41
2025-11-16 15:11:11.270,1469,37893.76
2025-11-16 15:11:11.270,1470,35845.82
2025-11-16 15:11:11.270,1471,40132.67
2025-11-16 15:11:11.270,1472,66723.02
2025-11-16 15:11:11.270,1473,36209.84
2025-11-16 15:11:11.270,1474,32720.19
2025-11-16 15:11:11.270,1475,35845.82
2025-11-16 15:11:11.270,1476,35640.36
2025-11-16 15:11:11.270,1477,42320.58
2025-11-16 15:11:11.270,1478,35845.82
2025-11-16 15:11:11.270,1479,46527.84
2025-11-16 15:11:11.270,1480,376290.09
2025-11-16 15:11:11.270,1481,61109.78
2025-11-16 15:11:11.270,1482,82335.49
2025-11-16 15:11:11.270,1483,38463.37
2025-11-16 15:11:11.270,1484,110700.96
2025-11-16 15:11:11.270,1485,266631.75
2025-11-16 15:11:11.270,1486,98811.18
2025-11-16 15:11:11.270,1487,98811.18
2025-11-16 15:11:11.270,1488,30189.96
2025-11-16 15:11:11.270,1489,29146.33
2025-11-16 15:11:11.270,1490,29033.7
2025-11-16 15:11:11.270,1491,28773.39
2025-11-16 15:11:11.270,1492,27836.08
2025-11-16 15:11:11.270,1493,27660.98
2025-11-16 15:11:11.270,1494,28119.63
2025-11-16 15:11:11.270,1495,28443.74
2025-11-16 15:11:11.270,1496,28407.46
2025-11-16 15:11:11.270,1497,28119.63
2025-11-16 15:11:11.270,1498,28119.63
2025-11-16 15:11:11.270,1499,28773.39
2025-11-16 15:11:11.270,1500,28553.0
2025-11-16 15:11:11.270,1501,29071.17
2025-11-16 15:11:11.270,1502,29411.68
2025-11-16 15:11:11.270,1503,28958.97
2025-11-16 15:11:11.270,1504,30389.34
2025-11-16 15:11:11.270,1505,28191.18
2025-11-16 15:11:11.270,1506,27626.15
2025-11-16 15:11:11.270,1507,28996.3
2025-11-16 15:11:11.270,1508,30150.32
2025-11-16 15:11:11.270,1509,30229.68
2025-11-16 15:11:11.270,1510,28847.41
2025-11-16 15:11:11.270,1511,30469.65
2025-11-16 15:11:11.270,1512,28921.71
2025-11-16 15:11:11.270,1513,27145.25
2025-11-16 15:11:11.270,1514,31290.57
2025-11-16 15:11:11.270,1515,30876.0
2025-11-16 15:11:11.270,1516,28191.18
2025-11-16 15:11:11.270,1517,29680.64
2025-11-16 15:11:11.270,1518,26942.87
2025-11-16 15:11:11.270,1519,30550.28
2025-11-16 15:11:11.270,1520,51468.98
2025-11-16 15:11:11.270,1521,26742.69
2025-11-16 15:11:11.270,1522,27349.84
2025-11-16 15:11:11.270,1523,27800.93
2025-11-16 15:11:11.270,1524,27213.2
2025-11-16 15:11:11.270,1525,33310.84
2025-11-16 15:11:11.270,1526,31248.74
2025-11-16 15:11:11.270,1527,38291.07
2025-11-16 15:11:11.270,1528,280371.47
2025-11-16 15:11:11.270,1529,48641.14
2025-11-16 15:11:11.270,1530,64483.38
2025-11-16 15:11:11.270,1531,30071.27
2025-11-16 15:11:11.270,1532,88573.8
2025-11-16 15:11:11.270,1533,225277.3
2025-11-16 15:11:11.270,1534,77209.76
2025-11-16 15:11:11.270,1535,77209.76
2025-11-16 15:11:11.270,1536,25836.37
2025-11-16 15:11:11.270,1537,25836.37
2025-11-16 15:11:11.270,1538,25836.37
2025-11-16 15:11:11.270,1539,25836.37
2025-11-16 15:11:11.270,1540,25836.37
2025-11-16 15:11:11.270,1541,25836.37
2025-11-16 15:11:11.270,1542,25836.37
2025-11-16 15:11:11.270,1543,25836.37
2025-11-16 15:11:11.270,1544,25836.37
2025-11-16 15:11:11.270,1545,25836.37
2025-11-16 15:11:11.270,1546,25836.37
2025-11-16 15:11:11.270,1547,25836.37
2025-11-16 15:11:11.270,1548,25836.37
2025-11-16 15:11:11.270,1549,25836.37
2025-11-16 15:11:11.270,1550,25836.37
2025-11-16 15:11:11.270,1551,25836.37
2025-11-16 15:11:11.270,1552,25836.37
2025-11-16 15:11:11.270,1553,25836.37
2025-11-16 15:11:11.270,1554,25836.37
2025-11-16 15:11:11.270,1555,25836.37
2025-11-16 15:11:11.270,1556,25836.37
2025-11-16 15:11:11.270,1557,25836.37
2025-11-16 15:11:11.270,1558,25836.37
2025-11-16 15:11:11.270,1559,25836.37
2025-11-16 15:11:11.270,1560,25836.37
2025-11-16 15:11:11.270,1561,25836.37
2025-11-16 15:11:11.270,1562,25836.37
2025-11-16 15:11:11.270,1563,25836.37
2025-11-16 15:11:11.270,1564,25836.37
2025-11-16 15:11:11.270,1565,25836.37
2025-11-16 15:11:11.270,1566,25836.37
2025-11-16 15:11:11.270,1567,25836.37
2025-11-16 15:11:11.270,1568,25836.37
2025-11-16 15:11:11.270,1569,25836.37
2025-11-16 15:11:11.270,1570,25836.37
2025-11-16 15:11:11.270,1571,25836.37
2025-11-16 15:11:11.270,1572,25836.37
2025-11-16 15:11:11.270,1573,25836.37
2025-11-16 15:11:11.270,1574,25836.37
2025-11-16 15:11:11.270,1575,25836.37
2025-11-16 15:11:11.270,1576,25836.37
2025-11-16 15:11:11.270,1577,25836.37
2025-11-16 15:11:11.270,1578,25836.37
2025-11-16 15:11:11.270,1579,25836.37
2025-11-16 15:11:11.270,1580,25836.37
2025-11-16 15:11:11.270,1581,25836.37
2025-11-16 15:11:11.270,1582,25836.37
2025-11-16 15:11:11.270,1583,25836.37
2025-11-16 15:11:11.270,1584,25836.37
2025-11-16 15:11:11.270,1585,25585.55
2025-11-16 15:11:11.270,1586,24853.65
2025-11-16 15:11:11.270,1587,25647.93
2025-11-16 15:11:11.270,1588,23754.24
2025-11-16 15:11:11.270,1589,22748.2
2025-11-16 15:11:11.270,1590,24093.88
2025-11-16 15:11:11.270,1591,24324.12
2025-11-16 15:11:11.270,1592,24557.47
2025-11-16 15:11:11.270,1593,24151.15
2025-11-16 15:11:11.270,1594,24324.12
2025-11-16 15:11:11.270,1595,24498.84
2025-11-16 15:11:11.270,1596,24469.6
2025-11-16 15:11:11.270,1597,25094.26
2025-11-16 15:11:11.270,1598,25585.55
2025-11-16 15:11:11.270,1599,25064.0
2025-11-16 15:11:11.270,1600,26283.89
2025-11-16 15:11:11.270,1601,24324.12
2025-11-16 15:11:11.270,1602,23148.76
2025-11-16 15:11:11.270,1603,25064.0
2025-11-16 15:11:11.270,1604,25773.33
2025-11-16 15:11:11.270,1605,25585.55
2025-11-16 15:11:11.270,1606,25276.9
2025-11-16 15:11:11.270,1607,26742.69
2025-11-16 15:11:11.270,1608,25461.45
2025-11-16 15:11:11.270,1609,24036.8
2025-11-16 15:11:11.270,1610,27626.15
2025-11-16 15:11:11.270,1611,26875.9
2025-11-16 15:11:11.270,1612,24853.65
2025-11-16 15:11:11.270,1613,26026.81
2025-11-16 15:11:11.270,1614,24498.84
2025-11-16 15:11:11.270,1615,27010.09
2025-11-16 15:11:11.270,1616,48473.0
2025-11-16 15:11:11.270,1617,24734.57
2025-11-16 15:11:11.270,1618,24883.55
2025-11-16 15:11:11.270,1619,25094.26
2025-11-16 15:11:11.270,1620,24764.27
2025-11-16 15:11:11.270,1621,29526.5
2025-11-16 15:11:11.270,1622,29297.52
2025-11-16 15:11:11.270,1623,34542.39
2025-11-16 15:11:11.270,1624,257587.41
2025-11-16 15:11:11.270,1625,43557.83
2025-11-16 15:11:11.270,1626,63017.86
2025-11-16 15:11:11.270,1627,26676.44
2025-11-16 15:11:11.270,1628,82754.82
2025-11-16 15:11:11.270,1629,228014.55
2025-11-16 15:11:11.270,1630,77396.36
2025-11-16 15:11:11.270,1631,77396.36
2025-11-16 15:11:11.270,1632,24324.12
2025-11-16 15:11:11.270,1633,23838.52
2025-11-16 15:11:11.270,1634,23754.24
2025-11-16 15:11:11.270,1635,24122.49
2025-11-16 15:11:11.270,1636,22643.0
2025-11-16 15:11:11.270,1637,22486.47
2025-11-16 15:11:11.270,1638,23094.79
2025-11-16 15:11:11.270,1639,23040.99
2025-11-16 15:11:11.270,1640,23175.81
2025-11-16 15:11:11.270,1641,23040.99
2025-11-16 15:11:11.270,1642,22616.81
2025-11-16 15:11:11.270,1643,22880.64
2025-11-16 15:11:11.270,1644,22933.92
2025-11-16 15:11:11.270,1645,23257.23
2025-11-16 15:11:11.270,1646,23670.38
2025-11-16 15:11:11.270,1647,23366.42
2025-11-16 15:11:11.270,1648,24208.61
2025-11-16 15:11:11.270,1649,22357.16
2025-11-16 15:11:11.270,1650,22076.26
2025-11-16 15:11:11.270,1651,22987.37
2025-11-16 15:11:11.270,1652,24266.27
2025-11-16 15:11:11.270,1653,24382.16
2025-11-16 15:11:11.270,1654,23257.23
2025-11-16 15:11:11.270,1655,24557.47
2025-11-16 15:11:11.270,1656,23257.23
2025-11-16 15:11:11.270,1657,21950.17
2025-11-16 15:11:11.270,1658,24794.01
2025-11-16 15:11:11.270,1659,24853.65
2025-11-16 15:11:11.270,1660,18986.58
2025-11-16 15:11:11.270,1661,23754.24
2025-11-16 15:11:11.270,1662,17949.02
2025-11-16 15:11:11.270,1663,24498.84
2025-11-16 15:11:11.270,1664,41592.18
2025-11-16 15:11:11.270,1665,18103.81
2025-11-16 15:11:11.270,1666,20193.28
2025-11-16 15:11:11.270,1667,19882.33
2025-11-16 15:11:11.270,1668,17127.16
2025-11-16 15:11:11.270,1669,26090.74
2025-11-16 15:11:11.270,1670,24764.27
2025-11-16 15:11:11.270,1671,30229.68
2025-11-16 15:11:11.270,1672,232241.86
2025-11-16 15:11:11.270,1673,39704.69
2025-11-16 15:11:11.270,1674,52409.35
2025-11-16 15:11:11.270,1675,23754.24
2025-11-16 15:11:11.270,1676,73296.59
2025-11-16 15:11:11.270,1677,194675.0
2025-11-16 15:11:11.270,1678,68042.94
2025-11-16 15:11:11.270,1679,68042.94
2025-11-16 15:11:11.270,1680,33449.47
2025-11-16 15:11:11.270,1681,32320.6
2025-11-16 15:11:11.270,1682,32364.63
2025-11-16 15:11:11.270,1683,33173.1
2025-11-16 15:11:11.270,1684,31206.99
2025-11-16 15:11:11.270,1685,30876.0
2025-11-16 15:11:11.270,1686,31290.57
2025-11-16 15:11:11.270,1687,31713.61
2025-11-16 15:11:11.270,1688,31885.26
2025-11-16 15:11:11.270,1689,31416.58
2025-11-16 15:11:11.270,1690,31458.76
2025-11-16 15:11:11.270,1691,31971.61
2025-11-16 15:11:11.270,1692,31458.76
2025-11-16 15:11:11.270,1693,31885.26
2025-11-16 15:11:11.270,1694,32630.74
2025-11-16 15:11:11.270,1695,31971.61
2025-11-16 15:11:11.270,1696,33310.84
2025-11-16 15:11:11.270,1697,29603.42
2025-11-16 15:11:11.270,1698,29680.64
2025-11-16 15:11:11.270,1699,30917.09
2025-11-16 15:11:11.270,1700,32900.21
2025-11-16 15:11:11.270,1701,33635.68
2025-11-16 15:11:11.270,1702,32276.66
2025-11-16 15:11:11.270,1703,33588.98
2025-11-16 15:11:11.270,1704,31928.39
2025-11-16 15:11:11.270,1705,30229.68
2025-11-16 15:11:11.270,1706,34689.0
2025-11-16 15:11:11.270,1707,33729.39
2025-11-16 15:11:11.270,1708,29526.5
2025-11-16 15:11:11.270,1709,32364.63
2025-11-16 15:11:11.270,1710,29603.42
2025-11-16 15:11:11.270,1711,34396.74
2025-11-16 15:11:11.270,1712,52029.78
2025-11-16 15:11:11.270,1713,29071.17
2025-11-16 15:11:11.270,1714,29641.99
2025-11-16 15:11:11.270,1715,30389.34
2025-11-16 15:11:11.270,1716,27349.84
2025-11-16 15:11:11.270,1717,36686.43
2025-11-16 15:11:11.270,1718,35589.29
2025-11-16 15:11:11.270,1719,41920.75
2025-11-16 15:11:11.270,1720,322883.13
2025-11-16 15:11:11.270,1721,52600.88
2025-11-16 15:11:11.270,1722,67597.96
2025-11-16 15:11:11.270,1723,33495.87
2025-11-16 15:11:11.270,1724,97381.57
2025-11-16 15:11:11.270,1725,250766.73
2025-11-16 15:11:11.270,1726,86707.14
2025-11-16 15:11:11.270,1727,86707.14
2025-11-16 15:11:11.270,1728,25647.93
2025-11-16 15:11:11.270,1729,24794.01
2025-11-16 15:11:11.270,1730,24794.01
2025-11-16 15:11:11.270,1731,25215.81
2025-11-16 15:11:11.270,1732,24036.8
2025-11-16 15:11:11.270,1733,23923.21
2025-11-16 15:11:11.270,1734,24093.88
2025-11-16 15:11:11.270,1735,24266.27
2025-11-16 15:11:11.270,1736,24469.6
2025-11-16 15:11:11.270,1737,24065.32
2025-11-16 15:11:11.270,1738,23810.38
2025-11-16 15:11:11.270,1739,24382.16
2025-11-16 15:11:11.270,1740,23923.21
2025-11-16 15:11:11.270,1741,24616.31
2025-11-16 15:11:11.270,1742,24913.49
2025-11-16 15:11:11.270,1743,24557.47
2025-11-16 15:11:11.270,1744,25461.45
2025-11-16 15:11:11.270,1745,23339.05
2025-11-16 15:11:11.270,1746,22408.76
2025-11-16 15:11:11.270,1747,22880.64
2025-11-16 15:11:11.270,1748,25523.39
2025-11-16 15:11:11.270,1749,25523.39
2025-11-16 15:11:11.270,1750,24675.34
2025-11-16 15:11:11.270,1751,25963.11
2025-11-16 15:11:11.270,1752,24557.47
2025-11-16 15:11:11.270,1753,22076.26
2025-11-16 15:11:11.270,1754,26090.74
2025-11-16 15:11:11.270,1755,26026.81
2025-11-16 15:11:11.270,1756,20396.61
2025-11-16 15:11:11.270,1757,24794.01
2025-11-16 15:11:11.270,1758,20648.86
2025-11-16 15:11:11.270,1759,26154.89
2025-11-16 15:11:11.270,1760,44126.66
2025-11-16 15:11:11.270,1761,21700.95
2025-11-16 15:11:11.270,1762,20928.83
2025-11-16 15:11:11.270,1763,20215.74
2025-11-16 15:11:11.270,1764,20059.23
2025-11-16 15:11:11.270,1765,27765.84
2025-11-16 15:11:11.270,1766,26187.06
2025-11-16 15:11:11.270,1767,32232.81
2025-11-16 15:11:11.270,1768,247485.06
2025-11-16 15:11:11.270,1769,42387.82
2025-11-16 15:11:11.270,1770,56260.74
2025-11-16 15:11:11.270,1771,25461.45
2025-11-16 15:11:11.270,1772,79699.56
2025-11-16 15:11:11.270,1773,208912.44
2025-11-16 15:11:11.270,1774,74503.1
2025-11-16 15:11:11.270,1775,74503.1
2025-11-16 15:11:11.270,1776,22880.64
2025-11-16 15:11:11.270,1777,22101.59
2025-11-16 15:11:11.270,1778,22025.71
2025-11-16 15:11:11.270,1779,22564.54
2025-11-16 15:11:11.270,1780,21213.94
2025-11-16 15:11:11.270,1781,21023.29
2025-11-16 15:11:11.270,1782,21213.94
2025-11-16 15:11:11.270,1783,21553.27
2025-11-16 15:11:11.270,1784,21504.34
2025-11-16 15:11:11.270,1785,21166.06
2025-11-16 15:11:11.270,1786,21094.51
2025-11-16 15:11:11.270,1787,21577.78
2025-11-16 15:11:11.270,1788,21189.98
2025-11-16 15:11:11.270,1789,21700.95
2025-11-16 15:11:11.270,1790,22152.38
2025-11-16 15:11:11.270,1791,21602.34
2025-11-16 15:11:11.270,1792,22748.2
2025-11-16 15:11:11.270,1793,20788.21
2025-11-16 15:11:11.270,1794,19970.52
2025-11-16 15:11:11.270,1795,20975.98
2025-11-16 15:11:11.270,1796,22177.84
2025-11-16 15:11:11.270,1797,22486.47
2025-11-16 15:11:11.270,1798,21626.94
2025-11-16 15:11:11.270,1799,22933.92
2025-11-16 15:11:11.270,1800,21900.02
2025-11-16 15:11:11.270,1801,19491.78
2025-11-16 15:11:11.270,1802,23230.05
2025-11-16 15:11:11.270,1803,22721.83
2025-11-16 15:11:11.270,1804,18679.5
2025-11-16 15:11:11.270,1805,22050.96
2025-11-16 15:11:11.270,1806,18740.4
2025-11-16 15:11:11.270,1807,22987.37
2025-11-16 15:11:11.270,1808,40505.41
2025-11-16 15:11:11.270,1809,18740.4
2025-11-16 15:11:11.270,1810,17309.7
2025-11-16 15:11:11.270,1811,16840.11
2025-11-16 15:11:11.270,1812,16893.47
2025-11-16 15:11:11.270,1813,24498.84
2025-11-16 15:11:11.270,1814,22987.37
2025-11-16 15:11:11.270,1815,28299.01
2025-11-16 15:11:11.270,1816,212483.69
2025-11-16 15:11:11.270,1817,37447.59
2025-11-16 15:11:11.270,1818,50827.38
2025-11-16 15:11:11.270,1819,21950.17
2025-11-16 15:11:11.270,1820,69101.3
2025-11-16 15:11:11.270,1821,183998.22
2025-11-16 15:11:11.270,1822,64483.38
2025-11-16 15:11:11.270,1823,64483.38
2025-11-16 15:11:11.270,1824,32855.06
2025-11-16 15:11:11.270,1825,31458.76
2025-11-16 15:11:11.270,1826,31290.57
2025-11-16 15:11:11.270,1827,31971.61
2025-11-16 15:11:11.270,1828,30631.22
2025-11-16 15:11:11.270,1829,30794.08
2025-11-16 15:11:11.270,1830,30590.71
2025-11-16 15:11:11.270,1831,30835.0
2025-11-16 15:11:11.270,1832,30876.0
2025-11-16 15:11:11.270,1833,30229.68
2025-11-16 15:11:11.270,1834,30150.32
2025-11-16 15:11:11.270,1835,30876.0
2025-11-16 15:11:11.270,1836,28921.71
2025-11-16 15:11:11.270,1837,30712.49
2025-11-16 15:11:11.270,1838,31628.31
2025-11-16 15:11:11.270,1839,30712.49
2025-11-16 15:11:11.270,1840,32232.81
2025-11-16 15:11:11.270,1841,29146.33
2025-11-16 15:11:11.270,1842,28335.09
2025-11-16 15:11:11.270,1843,30071.27
2025-11-16 15:11:11.270,1844,31543.36
2025-11-16 15:11:11.270,1845,32058.32
2025-11-16 15:11:11.270,1846,30794.08
2025-11-16 15:11:11.270,1847,31885.26
2025-11-16 15:11:11.270,1848,30835.0
2025-11-16 15:11:11.270,1849,28191.18
2025-11-16 15:11:11.270,1850,33081.75
2025-11-16 15:11:11.270,1851,32364.63
2025-11-16 15:11:11.270,1852,28699.64
2025-11-16 15:11:11.270,1853,31458.76
2025-11-16 15:11:11.270,1854,27010.09
2025-11-16 15:11:11.270,1855,32765.05
2025-11-16 15:11:11.270,1856,52793.59
2025-11-16 15:11:11.270,1857,28480.09
2025-11-16 15:11:11.270,1858,27349.84
2025-11-16 15:11:11.270,1859,28263.01
2025-11-16 15:11:11.270,1860,28480.09
2025-11-16 15:11:11.270,1861,34935.51
2025-11-16 15:11:11.270,1862,33310.84
2025-11-16 15:11:11.270,1863,40630.89
2025-11-16 15:11:11.270,1864,295546.66
2025-11-16 15:11:11.270,1865,51468.98
2025-11-16 15:11:11.270,1866,64212.57
2025-11-16 15:11:11.270,1867,31713.61
2025-11-16 15:11:11.270,1868,91010.8
2025-11-16 15:11:11.270,1869,245875.0
2025-11-16 15:11:11.270,1870,85352.86
2025-11-16 15:11:11.270,1871,85352.86
2025-11-16 15:11:11.270,1872,26809.18
2025-11-16 15:11:11.270,1873,26122.79
2025-11-16 15:11:11.270,1874,25963.11
2025-11-16 15:11:11.270,1875,26544.65
2025-11-16 15:11:11.270,1876,25033.8
2025-11-16 15:11:11.270,1877,25094.26
2025-11-16 15:11:11.270,1878,25154.93
2025-11-16 15:11:11.270,1879,24913.49
2025-11-16 15:11:11.270,1880,25215.81
2025-11-16 15:11:11.270,1881,24734.57
2025-11-16 15:11:11.270,1882,24645.8
2025-11-16 15:11:11.270,1883,25679.2
2025-11-16 15:11:11.270,1884,24734.57
2025-11-16 15:11:11.270,1885,25773.33
2025-11-16 15:11:11.270,1886,26251.55
2025-11-16 15:11:11.270,1887,25867.97
2025-11-16 15:11:11.270,1888,26809.18
2025-11-16 15:11:11.270,1889,24557.47
2025-11-16 15:11:11.270,1890,23810.38
2025-11-16 15:11:11.270,1891,25154.93
2025-11-16 15:11:11.270,1892,26413.8
2025-11-16 15:11:11.270,1893,26742.69
2025-11-16 15:11:11.270,1894,25741.9
2025-11-16 15:11:11.270,1895,27010.09
2025-11-16 15:11:11.270,1896,25867.97
2025-11-16 15:11:11.270,1897,21950.17
2025-11-16 15:11:11.270,1898,27349.84
2025-11-16 15:11:11.270,1899,27010.09
2025-11-16 15:11:11.270,1900,22152.38
2025-11-16 15:11:11.270,1901,26219.28
2025-11-16 15:11:11.270,1902,20928.83
2025-11-16 15:11:11.270,1903,27281.39
2025-11-16 15:11:11.270,1904,45754.95
2025-11-16 15:11:11.270,1905,23366.42
2025-11-16 15:11:11.270,1906,22101.59
2025-11-16 15:11:11.270,1907,22564.54
2025-11-16 15:11:11.270,1908,22801.05
2025-11-16 15:11:11.270,1909,29146.33
2025-11-16 15:11:11.270,1910,26709.53
2025-11-16 15:11:11.270,1911,33682.49
2025-11-16 15:11:11.270,1912,250766.73
2025-11-16 15:11:11.270,1913,44415.61
2025-11-16 15:11:11.270,1914,56912.64
2025-11-16 15:11:11.270,1915,26775.9
2025-11-16 15:11:11.270,1916,81919.95
2025-11-16 15:11:11.270,1917,223932.14
2025-11-16 15:11:11.270,1918,76106.58
2025-11-16 15:11:11.270,1919,76106.58
2025-11-16 15:11:11.270,1920,880309.75
2025-11-16 15:11:11.270,1921,965113.19
2025-11-16 15:11:11.270,1922,793012.25
2025-11-16 15:11:11.270,1923,965113.19
2025-11-16 15:11:11.270,1924,920784.13
2025-11-16 15:11:11.270,1925,942433.13
2025-11-16 15:11:11.270,1926,965113.19
2025-11-16 15:11:11.270,1927,734602.25
2025-11-16 15:11:11.270,1928,900097.25
2025-11-16 15:11:11.270,1929,942433.13
2025-11-16 15:11:11.270,1930,988899.38
2025-11-16 15:11:11.270,1931,900097.25
2025-11-16 15:11:11.270,1932,861364.44
2025-11-16 15:11:11.270,1933,965113.19
2025-11-16 15:11:11.270,1934,988899.38
2025-11-16 15:11:11.270,1935,793012.25
2025-11-16 15:11:11.270,1936,900097.25
2025-11-16 15:11:11.270,1937,920784.13
2025-11-16 15:11:11.270,1938,988899.38
2025-11-16 15:11:11.270,1939,880309.75
2025-11-16 15:11:11.270,1940,942433.13
2025-11-16 15:11:11.270,1941,793012.25
2025-11-16 15:11:11.270,1942,900097.25
2025-11-16 15:11:11.270,1943,900097.25
2025-11-16 15:11:11.270,1944,708471.5
2025-11-16 15:11:11.270,1945,920784.13
2025-11-16 15:11:11.270,1946,965113.19
2025-11-16 15:11:11.270,1947,942433.13
2025-11-16 15:11:11.270,1948,640033.69
2025-11-16 15:11:11.270,1949,748393.56
2025-11-16 15:11:11.270,1950,661350.38
2025-11-16 15:11:11.270,1951,988899.38
2025-11-16 15:11:11.270,1952,880309.75
2025-11-16 15:11:11.270,1953,793012.25
2025-11-16 15:11:11.270,1954,900097.25
2025-11-16 15:11:11.270,1955,721303.56
2025-11-16 15:11:11.270,1956,762705.19
2025-11-16 15:11:11.270,1957,734602.25
2025-11-16 15:11:11.270,1958,793012.25
2025-11-16 15:11:11.270,1959,988899.38
2025-11-16 15:11:11.270,1960,708471.5
2025-11-16 15:11:11.270,1961,708471.5
2025-11-16 15:11:11.270,1962,708471.5
2025-11-16 15:11:11.270,1963,762705.19
2025-11-16 15:11:11.270,1964,32145.38
2025-11-16 15:11:11.270,1965,32145.38
2025-11-16 15:11:11.270,1966,32145.38
2025-11-16 15:11:11.270,1967,32145.38
2025-11-16 15:11:11.270,1968,32145.38
2025-11-16 15:11:11.270,1969,30712.49
2025-11-16 15:11:11.270,1970,31713.61
2025-11-16 15:11:11.270,1971,32101.8
2025-11-16 15:11:11.270,1972,30631.22
2025-11-16 15:11:11.270,1973,30309.35
2025-11-16 15:11:11.270,1974,30631.22
2025-11-16 15:11:11.270,1975,30794.08
2025-11-16 15:11:11.270,1976,30876.0
2025-11-16 15:11:11.270,1977,30550.28
2025-11-16 15:11:11.270,1978,30349.31
2025-11-16 15:11:11.270,1979,31040.83
2025-11-16 15:11:11.270,1980,29603.42
2025-11-16 15:11:11.270,1981,30794.08
2025-11-16 15:11:11.270,1982,31628.31
2025-11-16 15:11:11.270,1983,30835.0
2025-11-16 15:11:11.270,1984,32541.67
2025-11-16 15:11:11.270,1985,30071.27
2025-11-16 15:11:11.270,1986,29184.02
2025-11-16 15:11:11.270,1987,30631.22
2025-11-16 15:11:11.270,1988,32014.92
2025-11-16 15:11:11.270,1989,32675.42
2025-11-16 15:11:11.270,1990,31040.83
2025-11-16 15:11:11.270,1991,32810.01
2025-11-16 15:11:11.270,1992,30917.09
2025-11-16 15:11:11.270,1993,28012.8
2025-11-16 15:11:11.270,1994,32945.45
2025-11-16 15:11:11.270,1995,32320.6
2025-11-16 15:11:11.270,1996,27977.33
2025-11-16 15:11:11.270,1997,31885.26
2025-11-16 15:11:11.270,1998,26775.9
2025-11-16 15:11:11.270,1999,32720.19
2025-11-16 15:11:11.270,2000,51284.3
2025-11-16 15:11:11.270,2001,27800.93
2025-11-16 15:11:11.270,2002,26909.36
2025-11-16 15:11:11.270,2003,27800.93
2025-11-16 15:11:11.270,2004,27977.33
2025-11-16 15:11:11.270,2005,35034.87
2025-11-16 15:11:11.270,2006,32855.06
2025-11-16 15:11:11.270,2007,39765.37
2025-11-16 15:11:11.270,2008,314954.38
2025-11-16 15:11:11.270,2009,51376.5
2025-11-16 15:11:11.270,2010,63544.07
2025-11-16 15:11:11.270,2011,31501.02
2025-11-16 15:11:11.270,2012,90513.82
2025-11-16 15:11:11.270,2013,239631.09
2025-11-16 15:11:11.270,2014,82754.82
2025-11-16 15:11:11.270,2015,82754.82
2025-11-16 15:11:11.270,2016,861364.44
2025-11-16 15:11:11.270,2017,793012.25
2025-11-16 15:11:11.270,2018,900097.25
2025-11-16 15:11:11.270,2019,777567.38
2025-11-16 15:11:11.270,2020,942433.13
2025-11-16 15:11:11.270,2021,942433.13
2025-11-16 15:11:11.270,2022,942433.13
2025-11-16 15:11:11.270,2023,965113.19
2025-11-16 15:11:11.270,2024,942433.13
2025-11-16 15:11:11.270,2025,900097.25
2025-11-16 15:11:11.270,2026,880309.75
2025-11-16 15:11:11.270,2027,988899.38
2025-11-16 15:11:11.270,2028,942433.13
2025-11-16 15:11:11.270,2029,734602.25
2025-11-16 15:11:11.270,2030,988899.38
2025-11-16 15:11:11.270,2031,988899.38
2025-11-16 15:11:11.270,2032,942433.13
2025-11-16 15:11:11.270,2033,900097.25
2025-11-16 15:11:11.270,2034,988899.38
2025-11-16 15:11:11.270,2035,988899.38
2025-11-16 15:11:11.270,2036,988899.38
2025-11-16 15:11:11.270,2037,988899.38
2025-11-16 15:11:11.270,2038,988899.38
2025-11-16 15:11:11.270,2039,988899.38
2025-11-16 15:11:11.270,2040,880309.75
2025-11-16 15:11:11.270,2041,793012.25
2025-11-16 15:11:11.270,2042,988899.38
2025-11-16 15:11:11.270,2043,942433.13
2025-11-16 15:11:11.270,2044,942433.13
2025-11-16 15:11:11.270,2045,920784.13
2025-11-16 15:11:11.270,2046,942433.13
2025-11-16 15:11:11.270,2047,988899.38
2025-11-16 15:11:11.270,2048,861364.44
2025-11-16 15:11:11.270,2049,861364.44
2025-11-16 15:11:11.270,2050,942433.13
2025-11-16 15:11:11.270,2051,988899.38
2025-11-16 15:11:11.270,2052,942433.13
2025-11-16 15:11:11.270,2053,965113.19
2025-11-16 15:11:11.270,2054,988899.38
2025-11-16 15:11:11.270,2055,988899.38
2025-11-16 15:11:11.270,2056,988899.38
2025-11-16 15:11:11.270,2057,988899.38
2025-11-16 15:11:11.270,2058,988899.38
2025-11-16 15:11:11.270,2059,988899.38
2025-11-16 15:11:11.270,2060,25994.93
2025-11-16 15:11:11.270,2061,25994.93
2025-11-16 15:11:11.270,2062,25994.93
2025-11-16 15:11:11.270,2063,25994.93
2025-11-16 15:11:11.270,2064,25994.93
2025-11-16 15:11:11.270,2065,25276.9
2025-11-16 15:11:11.270,2066,25154.93
2025-11-16 15:11:11.270,2067,25836.37
2025-11-16 15:11:11.270,2068,24036.8
2025-11-16 15:11:11.270,2069,23810.38
2025-11-16 15:11:11.270,2070,24208.61
2025-11-16 15:11:11.270,2071,24498.84
2025-11-16 15:11:11.270,2072,24734.57
2025-11-16 15:11:11.270,2073,24208.61
2025-11-16 15:11:11.270,2074,24237.42
2025-11-16 15:11:11.270,2075,24734.57
2025-11-16 15:11:11.270,2076,24324.12
2025-11-16 15:11:11.270,2077,24883.55
2025-11-16 15:11:11.270,2078,25064.0
2025-11-16 15:11:11.270,2079,24823.81
2025-11-16 15:11:11.270,2080,25215.81
2025-11-16 15:11:11.270,2081,22076.26
2025-11-16 15:11:11.270,2082,22933.92
2025-11-16 15:11:11.270,2083,23586.93
2025-11-16 15:11:11.270,2084,25836.37
2025-11-16 15:11:11.270,2085,26026.81
2025-11-16 15:11:11.270,2086,25215.81
2025-11-16 15:11:11.270,2087,26544.65
2025-11-16 15:11:11.270,2088,25033.8
2025-11-16 15:11:11.270,2089,24036.8
2025-11-16 15:11:11.270,2090,27213.2
2025-11-16 15:11:11.270,2091,26381.24
2025-11-16 15:11:11.270,2092,24151.15
2025-11-16 15:11:11.270,2093,25773.33
2025-11-16 15:11:11.270,2094,23642.52
2025-11-16 15:11:11.270,2095,26676.44
2025-11-16 15:11:11.270,2096,45602.89
2025-11-16 15:11:11.270,2097,23726.24
2025-11-16 15:11:11.270,2098,23726.24
2025-11-16 15:11:11.270,2099,24065.32
2025-11-16 15:11:11.270,2100,23257.23
2025-11-16 15:11:11.270,2101,28773.39
2025-11-16 15:11:11.270,2102,28263.01
2025-11-16 15:11:11.270,2103,33588.98
2025-11-16 15:11:11.270,2104,255849.03
2025-11-16 15:11:11.270,2105,42590.57
2025-11-16 15:11:11.270,2106,56693.92
2025-11-16 15:11:11.270,2107,25679.2
2025-11-16 15:11:11.270,2108,78918.48
2025-11-16 15:11:11.270,2109,208912.44
2025-11-16 15:11:11.270,2110,71631.49
2025-11-16 15:11:11.270,2111,71631.49
2025-11-16 15:11:11.270,2112,403612.41
2025-11-16 15:11:11.270,2113,379970.25
2025-11-16 15:11:11.270,2114,358884.03
2025-11-16 15:11:11.270,2115,383721.19
2025-11-16 15:11:11.270,2116,387544.88
2025-11-16 15:11:11.270,2117,372678.72
2025-11-16 15:11:11.270,2118,376290.09
2025-11-16 15:11:11.270,2119,387544.88
2025-11-16 15:11:11.270,2120,387544.88
2025-11-16 15:11:11.270,2121,362238.63
2025-11-16 15:11:11.270,2122,379970.25
2025-11-16 15:11:11.270,2123,376290.09
2025-11-16 15:11:11.270,2124,379970.25
2025-11-16 15:11:11.270,2125,379970.25
2025-11-16 15:11:11.270,2126,395419.56
2025-11-16 15:11:11.270,2127,383721.19
2025-11-16 15:11:11.270,2128,379970.25
2025-11-16 15:11:11.270,2129,372678.72
2025-11-16 15:11:11.270,2130,369134.25
2025-11-16 15:11:11.270,2131,399475.0
2025-11-16 15:11:11.270,2132,399475.0
2025-11-16 15:11:11.270,2133,395419.56
2025-11-16 15:11:11.270,2134,387544.88
2025-11-16 15:11:11.270,2135,383721.19
2025-11-16 15:11:11.270,2136,362238.63
2025-11-16 15:11:11.270,2137,365654.84
2025-11-16 15:11:11.270,2138,387544.88
2025-11-16 15:11:11.270,2139,334076.69
2025-11-16 15:11:11.270,2140,322883.13
2025-11-16 15:11:11.270,2141,328387.41
2025-11-16 15:11:11.270,2142,293282.41
2025-11-16 15:11:11.270,2143,346048.91
2025-11-16 15:11:11.270,2144,229407.17
2025-11-16 15:11:11.270,2145,309875.0
2025-11-16 15:11:11.270,2146,322883.13
2025-11-16 15:11:11.270,2147,331208.34
2025-11-16 15:11:11.270,2148,297844.91
2025-11-16 15:11:11.270,2149,334076.69
2025-11-16 15:11:11.270,2150,331208.34
2025-11-16 15:11:11.270,2151,395419.56
2025-11-16 15:11:11.270,2152,387544.88
2025-11-16 15:11:11.270,2153,387544.88
2025-11-16 15:11:11.270,2154,134100.34
2025-11-16 15:11:11.270,2155,346048.91
2025-11-16 15:11:11.270,2156,435092.38
2025-11-16 15:11:11.270,2157,920784.13
2025-11-16 15:11:11.270,2158,372678.72
2025-11-16 15:11:11.270,2159,372678.72
2025-11-16 15:11:11.270,2160,383721.19
2025-11-16 15:11:11.270,2161,325612.69
2025-11-16 15:11:11.270,2162,358884.03
2025-11-16 15:11:11.270,2163,376290.09
2025-11-16 15:11:11.270,2164,365654.84
2025-11-16 15:11:11.270,2165,403612.41
2025-11-16 15:11:11.270,2166,379970.25
2025-11-16 15:11:11.270,2167,450099.75
2025-11-16 15:11:11.270,2168,430305.09
2025-11-16 15:11:11.270,2169,403612.41
2025-11-16 15:11:11.270,2170,455329.53
2025-11-16 15:11:11.270,2171,372678.72
2025-11-16 15:11:11.270,2172,412143.03
2025-11-16 15:11:11.270,2173,403612.41
2025-11-16 15:11:11.270,2174,439984.91
2025-11-16 15:11:11.270,2175,379970.25
2025-11-16 15:11:11.270,2176,460679.59
2025-11-16 15:11:11.270,2177,395419.56
2025-11-16 15:11:11.270,2178,425619.72
2025-11-16 15:11:11.270,2179,450099.75
2025-11-16 15:11:11.270,2180,403612.41
2025-11-16 15:11:11.270,2181,483368.97
2025-11-16 15:11:11.270,2182,450099.75
2025-11-16 15:11:11.270,2183,395419.56
2025-11-16 15:11:11.270,2184,425619.72
2025-11-16 15:11:11.270,2185,403612.41
2025-11-16 15:11:11.270,2186,455329.53
2025-11-16 15:11:11.270,2187,450099.75
2025-11-16 15:11:11.270,2188,435092.38
2025-11-16 15:11:11.270,2189,435092.38
2025-11-16 15:11:11.270,2190,407834.16
2025-11-16 15:11:11.270,2191,471757.34
2025-11-16 15:11:11.270,2192,297844.91
2025-11-16 15:11:11.270,2193,403612.41
2025-11-16 15:11:11.270,2194,430305.09
2025-11-16 15:11:11.270,2195,460679.59
2025-11-16 15:11:11.270,2196,425619.72
2025-11-16 15:11:11.270,2197,483368.97
2025-11-16 15:11:11.270,2198,460679.59
2025-11-16 15:11:11.270,2199,521823.06
2025-11-16 15:11:11.270,2200,583498.19
2025-11-16 15:11:11.270,2201,583498.19
2025-11-16 15:11:11.270,2202,173552.13
2025-11-16 15:11:11.270,2203,483368.97
2025-11-16 15:11:11.270,2204,640033.69
2025-11-16 15:11:11.270,2205,550970.88
2025-11-16 15:11:11.270,2206,550970.88
2025-11-16 15:11:11.270,2207,550970.88
2025-11-16 15:11:11.270,2208,276308.56
2025-11-16 15:11:11.270,2209,276308.56
2025-11-16 15:11:11.270,2210,276308.56
2025-11-16 15:11:11.270,2211,276308.56
2025-11-16 15:11:11.270,2212,276308.56
2025-11-16 15:11:11.270,2213,276308.56
2025-11-16 15:11:11.270,2214,276308.56
2025-11-16 15:11:11.270,2215,276308.56
2025-11-16 15:11:11.270,2216,276308.56
2025-11-16 15:11:11.270,2217,276308.56
2025-11-16 15:11:11.270,2218,276308.56
2025-11-16 15:11:11.270,2219,276308.56
2025-11-16 15:11:11.270,2220,276308.56
2025-11-16 15:11:11.270,2221,276308.56
2025-11-16 15:11:11.270,2222,276308.56
2025-11-16 15:11:11.270,2223,276308.56
2025-11-16 15:11:11.270,2224,276308.56
2025-11-16 15:11:11.270,2225,276308.56
2025-11-16 15:11:11.270,2226,276308.56
2025-11-16 15:11:11.270,2227,276308.56
2025-11-16 15:11:11.270,2228,276308.56
2025-11-16 15:11:11.270,2229,276308.56
2025-11-16 15:11:11.270,2230,276308.56
2025-11-16 15:11:11.270,2231,276308.56
2025-11-16 15:11:11.270,2232,276308.56
2025-11-16 15:11:11.270,2233,276308.56
2025-11-16 15:11:11.270,2234,276308.56
2025-11-16 15:11:11.270,2235,276308.56
2025-11-16 15:11:11.270,2236,276308.56
2025-11-16 15:11:11.270,2237,276308.56
2025-11-16 15:11:11.270,2238,276308.56
2025-11-16 15:11:11.270,2239,276308.56
2025-11-16 15:11:11.270,2240,276308.56
2025-11-16 15:11:11.270,2241,276308.56
2025-11-16 15:11:11.270,2242,276308.56
2025-11-16 15:11:11.270,2243,276308.56
2025-11-16 15:11:11.270,2244,276308.56
2025-11-16 15:11:11.270,2245,276308.56
2025-11-16 15:11:11.270,2246,276308.56
2025-11-16 15:11:11.270,2247,276308.56
2025-11-16 15:11:11.270,2248,276308.56
2025-11-16 15:11:11.270,2249,276308.56
2025-11-16 15:11:11.270,2250,276308.56
2025-11-16 15:11:11.270,2251,276308.56
2025-11-16 15:11:11.270,2252,276308.56
2025-11-16 15:11:11.270,2253,276308.56
2025-11-16 15:11:11.270,2254,276308.56
2025-11-16 15:11:11.270,2255,276308.56
2025-11-16 15:11:11.270,2256,276308.56
2025-11-16 15:11:11.270,2257,261133.28
2025-11-16 15:11:11.270,2258,264774.34
2025-11-16 15:11:11.270,2259,264774.34
2025-11-16 15:11:11.270,2260,276308.56
2025-11-16 15:11:11.270,2261,264774.34
2025-11-16 15:11:11.270,2262,264774.34
2025-11-16 15:11:11.270,2263,282446.44
2025-11-16 15:11:11.270,2264,259348.69
2025-11-16 15:11:11.270,2265,241163.34
2025-11-16 15:11:11.270,2266,266631.75
2025-11-16 15:11:11.270,2267,278325.69
2025-11-16 15:11:11.270,2268,261133.28
2025-11-16 15:11:11.270,2269,259348.69
2025-11-16 15:11:11.270,2270,266631.75
2025-11-16 15:11:11.270,2271,257587.41
2025-11-16 15:11:11.270,2272,264774.34
2025-11-16 15:11:11.270,2273,252439.11
2025-11-16 15:11:11.270,2274,238117.42
2025-11-16 15:11:11.270,2275,226638.0
2025-11-16 15:11:11.270,2276,233684.53
2025-11-16 15:11:11.270,2277,254133.06
2025-11-16 15:11:11.270,2278,247485.06
2025-11-16 15:11:11.270,2279,250766.73
2025-11-16 15:11:11.270,2280,232241.86
2025-11-16 15:11:11.270,2281,223932.14
2025-11-16 15:11:11.270,2282,264774.34
2025-11-16 15:11:11.270,2283,257587.41
2025-11-16 15:11:11.270,2284,235144.47
2025-11-16 15:11:11.270,2285,239631.09
2025-11-16 15:11:11.270,2286,229407.17
2025-11-16 15:11:11.270,2287,252439.11
2025-11-16 15:11:11.270,2288,181276.86
2025-11-16 15:11:11.270,2289,233684.53
2025-11-16 15:11:11.270,2290,236622.0
2025-11-16 15:11:11.270,2291,229407.17
2025-11-16 15:11:11.270,2292,235144.47
2025-11-16 15:11:11.270,2293,252439.11
2025-11-16 15:11:11.270,2294,238117.42
2025-11-16 15:11:11.270,2295,280371.47
2025-11-16 15:11:11.270,2296,322883.13
2025-11-16 15:11:11.270,2297,322883.13
2025-11-16 15:11:11.270,2298,95170.63
2025-11-16 15:11:11.270,2299,247485.06
2025-11-16 15:11:11.270,2300,399475.0
2025-11-16 15:11:11.270,2301,988899.38
2025-11-16 15:11:11.270,2302,358884.03
2025-11-16 15:11:11.270,2303,358884.03
