Timestamp,Sensor_ID,Resistance_Ohms
2025-11-16 15:29:10.458,0,24645.8
2025-11-16 15:29:10.458,1,30794.08
2025-11-16 15:29:10.458,2,37447.59
2025-11-16 15:29:10.458,3,34935.51
2025-11-16 15:29:10.458,4,36901.41
2025-11-16 15:29:10.458,5,37558.35
2025-11-16 15:29:10.458,6,37558.35
2025-11-16 15:29:10.458,7,38006.61
2025-11-16 15:29:10.458,8,38006.61
2025-11-16 15:29:10.458,9,37447.59
2025-11-16 15:29:10.458,10,37781.43
2025-11-16 15:29:10.458,11,38006.61
2025-11-16 15:29:10.458,12,37009.64
2025-11-16 15:29:10.458,13,37893.76
2025-11-16 15:29:10.458,14,39283.93
2025-11-16 15:29:10.458,15,36686.43
2025-11-16 15:29:10.458,16,37337.34
2025-11-16 15:29:10.458,17,39283.93
2025-11-16 15:29:10.458,18,39887.21
2025-11-16 15:29:10.458,19,39765.37
2025-11-16 15:29:10.458,20,41139.08
2025-11-16 15:29:10.458,21,41267.73
2025-11-16 15:29:10.458,22,39165.01
2025-11-16 15:29:10.458,23,41657.55
2025-11-16 15:29:10.458,24,39523.48
2025-11-16 15:29:10.458,25,38348.37
2025-11-16 15:29:10.458,26,41788.82
2025-11-16 15:29:10.458,27,39887.21
2025-11-16 15:29:10.458,28,40693.86
2025-11-16 15:29:10.458,29,40380.55
2025-11-16 15:29:10.458,30,40194.41
2025-11-16 15:29:10.458,31,40883.72
2025-11-16 15:29:10.458,32,103969.71
2025-11-16 15:29:10.458,33,42590.57
2025-11-16 15:29:10.458,34,42863.36
2025-11-16 15:29:10.458,35,40630.89
2025-11-16 15:29:10.458,36,39523.48
2025-11-16 15:29:10.458,37,44415.61
2025-11-16 15:29:10.458,38,54582.74
2025-11-16 15:29:10.458,39,56476.62
2025-11-16 15:29:10.458,40,64483.38
2025-11-16 15:29:10.458,41,64483.38
2025-11-16 15:29:10.458,42,97948.88
2025-11-16 15:29:10.458,43,40756.99
2025-11-16 15:29:10.458,44,75030.93
2025-11-16 15:29:10.458,45,226638.0
2025-11-16 15:29:10.458,46,91765.55
2025-11-16 15:29:10.458,47,91765.55
2025-11-16 15:29:10.458,48,111058.42
2025-11-16 15:29:10.458,49,109992.31
2025-11-16 15:29:10.458,50,125954.73
2025-11-16 15:29:10.458,51,120737.61
2025-11-16 15:29:10.458,52,128253.38
2025-11-16 15:29:10.458,53,132592.78
2025-11-16 15:29:10.458,54,125954.73
2025-11-16 15:29:10.458,55,123295.2
2025-11-16 15:29:10.458,56,127324.66
2025-11-16 15:29:10.458,57,126864.97
2025-11-16 15:29:10.458,58,134609.98
2025-11-16 15:29:10.458,59,132592.78
2025-11-16 15:29:10.458,60,133594.3
2025-11-16 15:29:10.458,61,137213.13
2025-11-16 15:29:10.458,62,130631.02
2025-11-16 15:29:10.458,63,132592.78
2025-11-16 15:29:10.458,64,120737.61
2025-11-16 15:29:10.458,65,134100.34
2025-11-16 15:29:10.458,66,135640.13
2025-11-16 15:29:10.458,67,135640.13
2025-11-16 15:29:10.458,68,138820.45
2025-11-16 15:29:10.458,69,141578.7
2025-11-16 15:29:10.458,70,130631.02
2025-11-16 15:29:10.458,71,143283.25
2025-11-16 15:29:10.458,72,134609.98
2025-11-16 15:29:10.458,73,135123.23
2025-11-16 15:29:10.458,74,144441.03
2025-11-16 15:29:10.458,75,138820.45
2025-11-16 15:29:10.458,76,136685.03
2025-11-16 15:29:10.458,77,135640.13
2025-11-16 15:29:10.458,78,134609.98
2025-11-16 15:29:10.458,79,141018.91
2025-11-16 15:29:10.458,80,334076.69
2025-11-16 15:29:10.458,81,152414.69
2025-11-16 15:29:10.458,82,145616.44
2025-11-16 15:29:10.458,83,137745.05
2025-11-16 15:29:10.458,84,136685.03
2025-11-16 15:29:10.458,85,146809.88
2025-11-16 15:29:10.458,86,176906.95
2025-11-16 15:29:10.458,87,187749.41
2025-11-16 15:29:10.458,88,162702.02
2025-11-16 15:29:10.458,89,162702.02
2025-11-16 15:29:10.458,90,284551.28
2025-11-16 15:29:10.458,91,138820.45
2025-11-16 15:29:10.458,92,145616.44
2025-11-16 15:29:10.458,93,543388.5
2025-11-16 15:29:10.458,94,250766.73
2025-11-16 15:29:10.458,95,250766.73
2025-11-16 15:29:10.458,96,79896.98
2025-11-16 15:29:10.458,97,76471.19
2025-11-16 15:29:10.458,98,86707.14
2025-11-16 15:29:10.458,99,86251.47
2025-11-16 15:29:10.458,100,85575.93
2025-11-16 15:29:10.458,101,87398.81
2025-11-16 15:29:10.458,102,87167.16
2025-11-16 15:29:10.458,103,86936.61
2025-11-16 15:29:10.458,104,90513.82
2025-11-16 15:29:10.458,105,89292.48
2025-11-16 15:29:10.458,106,87167.16
2025-11-16 15:29:10.458,107,88573.8
2025-11-16 15:29:10.458,108,88573.8
2025-11-16 15:29:10.458,109,90267.15
2025-11-16 15:29:10.458,110,90267.15
2025-11-16 15:29:10.458,111,90513.82
2025-11-16 15:29:10.458,112,75030.93
2025-11-16 15:29:10.458,113,89051.75
2025-11-16 15:29:10.458,114,93048.8
2025-11-16 15:29:10.458,115,86707.14
2025-11-16 15:29:10.458,116,94098.91
2025-11-16 15:29:10.458,117,97948.88
2025-11-16 15:29:10.458,118,88573.8
2025-11-16 15:29:10.458,119,92789.56
2025-11-16 15:29:10.458,120,92019.64
2025-11-16 15:29:10.458,121,92531.65
2025-11-16 15:29:10.458,122,92531.65
2025-11-16 15:29:10.458,123,97100.13
2025-11-16 15:29:10.458,124,90267.15
2025-11-16 15:29:10.458,125,89534.38
2025-11-16 15:29:10.458,126,91261.14
2025-11-16 15:29:10.458,127,94098.91
2025-11-16 15:29:10.458,128,223932.14
2025-11-16 15:29:10.458,129,94364.8
2025-11-16 15:29:10.458,130,94632.04
2025-11-16 15:29:10.458,131,93834.39
2025-11-16 15:29:10.458,132,91512.71
2025-11-16 15:29:10.458,133,97664.48
2025-11-16 15:29:10.458,134,121157.05
2025-11-16 15:29:10.458,135,126864.97
2025-11-16 15:29:10.458,136,109291.9
2025-11-16 15:29:10.458,137,109291.9
2025-11-16 15:29:10.458,138,206594.58
2025-11-16 15:29:10.458,139,90021.7
2025-11-16 15:29:10.458,140,137745.05
2025-11-16 15:29:10.458,141,403612.41
2025-11-16 15:29:10.458,142,194675.0
2025-11-16 15:29:10.458,143,194675.0
2025-11-16 15:29:10.458,144,44415.61
2025-11-16 15:29:10.458,145,44126.66
2025-11-16 15:29:10.458,146,45754.95
2025-11-16 15:29:10.458,147,45301.25
2025-11-16 15:29:10.458,148,44561.25
2025-11-16 15:29:10.458,149,45002.86
2025-11-16 15:29:10.458,150,44928.77
2025-11-16 15:29:10.458,151,44854.87
2025-11-16 15:29:10.458,152,44561.25
2025-11-16 15:29:10.458,153,43983.32
2025-11-16 15:29:10.458,154,45002.86
2025-11-16 15:29:10.458,155,45002.86
2025-11-16 15:29:10.458,156,45077.16
2025-11-16 15:29:10.458,157,44854.87
2025-11-16 15:29:10.458,158,44781.16
2025-11-16 15:29:10.458,159,45151.65
2025-11-16 15:29:10.458,160,26219.28
2025-11-16 15:29:10.458,161,44415.61
2025-11-16 15:29:10.458,162,45226.35
2025-11-16 15:29:10.458,163,41657.55
2025-11-16 15:29:10.458,164,47484.0
2025-11-16 15:29:10.458,165,48222.58
2025-11-16 15:29:10.458,166,43769.74
2025-11-16 15:29:10.458,167,48305.81
2025-11-16 15:29:10.458,168,46061.56
2025-11-16 15:29:10.458,169,46606.3
2025-11-16 15:29:10.458,170,47565.14
2025-11-16 15:29:10.458,171,48641.14
2025-11-16 15:29:10.458,172,47484.0
2025-11-16 15:29:10.458,173,46527.84
2025-11-16 15:29:10.458,174,48056.82
2025-11-16 15:29:10.458,175,48810.25
2025-11-16 15:29:10.458,176,127324.66
2025-11-16 15:29:10.458,177,50466.71
2025-11-16 15:29:10.458,178,50918.22
2025-11-16 15:29:10.458,179,47484.0
2025-11-16 15:29:10.458,180,48389.29
2025-11-16 15:29:10.458,181,51468.98
2025-11-16 15:29:10.458,182,64077.9
2025-11-16 15:29:10.458,183,66150.61
2025-11-16 15:29:10.458,184,63676.8
2025-11-16 15:29:10.458,185,63676.8
2025-11-16 15:29:10.458,186,110700.96
2025-11-16 15:29:10.458,187,47161.71
2025-11-16 15:29:10.458,188,85352.86
2025-11-16 15:29:10.458,189,249115.52
2025-11-16 15:29:10.458,190,106903.57
2025-11-16 15:29:10.458,191,106903.57
2025-11-16 15:29:10.458,192,27977.33
2025-11-16 15:29:10.458,193,27765.84
2025-11-16 15:29:10.458,194,27281.39
2025-11-16 15:29:10.458,195,27977.33
2025-11-16 15:29:10.458,196,26809.18
2025-11-16 15:29:10.458,197,27418.54
2025-11-16 15:29:10.458,198,27349.84
2025-11-16 15:29:10.458,199,27591.39
2025-11-16 15:29:10.458,200,27145.25
2025-11-16 15:29:10.458,201,27077.54
2025-11-16 15:29:10.458,202,27281.39
2025-11-16 15:29:10.458,203,27213.2
2025-11-16 15:29:10.458,204,27906.57
2025-11-16 15:29:10.458,205,27556.69
2025-11-16 15:29:10.458,206,27906.57
2025-11-16 15:29:10.458,207,27941.91
2025-11-16 15:29:10.458,208,19406.36
2025-11-16 15:29:10.458,209,27556.69
2025-11-16 15:29:10.458,210,26577.51
2025-11-16 15:29:10.458,211,23202.91
2025-11-16 15:29:10.458,212,28996.3
2025-11-16 15:29:10.458,213,29146.33
2025-11-16 15:29:10.458,214,23810.38
2025-11-16 15:29:10.458,215,29146.33
2025-11-16 15:29:10.458,216,27626.15
2025-11-16 15:29:10.458,217,28407.46
2025-11-16 15:29:10.458,218,29297.52
2025-11-16 15:29:10.458,219,29992.53
2025-11-16 15:29:10.458,220,29146.33
2025-11-16 15:29:10.458,221,28263.01
2025-11-16 15:29:10.458,222,29449.88
2025-11-16 15:29:10.458,223,30389.34
2025-11-16 15:29:10.458,224,83177.96
2025-11-16 15:29:10.458,225,31543.36
2025-11-16 15:29:10.458,226,32058.32
2025-11-16 15:29:10.458,227,29992.53
2025-11-16 15:29:10.458,228,29641.99
2025-11-16 15:29:10.458,229,33356.95
2025-11-16 15:29:10.458,230,41397.01
2025-11-16 15:29:10.458,231,43698.91
2025-11-16 15:29:10.458,232,43698.91
2025-11-16 15:29:10.458,233,43698.91
2025-11-16 15:29:10.458,234,77023.94
2025-11-16 15:29:10.458,235,29603.42
2025-11-16 15:29:10.458,236,62370.57
2025-11-16 15:29:10.458,237,180386.63
2025-11-16 15:29:10.458,238,73637.78
2025-11-16 15:29:10.458,239,73637.78
2025-11-16 15:29:10.458,240,20510.75
2025-11-16 15:29:10.458,241,20059.23
2025-11-16 15:29:10.458,242,19794.65
2025-11-16 15:29:10.458,243,20419.37
2025-11-16 15:29:10.458,244,19664.09
2025-11-16 15:29:10.458,245,19794.65
2025-11-16 15:29:10.458,246,19491.78
2025-11-16 15:29:10.458,247,19534.67
2025-11-16 15:29:10.458,248,19194.97
2025-11-16 15:29:10.458,249,19449.01
2025-11-16 15:29:10.458,250,19385.09
2025-11-16 15:29:10.458,251,19363.84
2025-11-16 15:29:10.458,252,19751.0
2025-11-16 15:29:10.458,253,19470.38
2025-11-16 15:29:10.458,254,20373.88
2025-11-16 15:29:10.458,255,19860.36
2025-11-16 15:29:10.458,256,19153.06
2025-11-16 15:29:10.458,257,20442.16
2025-11-16 15:29:10.458,258,19491.78
2025-11-16 15:29:10.458,259,19132.14
2025-11-16 15:29:10.458,260,21334.29
2025-11-16 15:29:10.458,261,21602.34
2025-11-16 15:29:10.458,262,20081.49
2025-11-16 15:29:10.458,263,22076.26
2025-11-16 15:29:10.458,264,20788.21
2025-11-16 15:29:10.458,265,20764.89
2025-11-16 15:29:10.458,266,23040.99
2025-11-16 15:29:10.458,267,21950.17
2025-11-16 15:29:10.458,268,21725.7
2025-11-16 15:29:10.458,269,21118.33
2025-11-16 15:29:10.458,270,21553.27
2025-11-16 15:29:10.458,271,22101.59
2025-11-16 15:29:10.458,272,67597.96
2025-11-16 15:29:10.458,273,22933.92
2025-11-16 15:29:10.458,274,23284.46
2025-11-16 15:29:10.458,275,22101.59
2025-11-16 15:29:10.458,276,21950.17
2025-11-16 15:29:10.458,277,24557.47
2025-11-16 15:29:10.458,278,31971.61
2025-11-16 15:29:10.458,279,32900.21
2025-11-16 15:29:10.458,280,35034.87
2025-11-16 15:29:10.458,281,35034.87
2025-11-16 15:29:10.458,282,61358.41
2025-11-16 15:29:10.458,283,21358.47
2025-11-16 15:29:10.458,284,49670.62
2025-11-16 15:29:10.458,285,139911.63
2025-11-16 15:29:10.458,286,58028.08
2025-11-16 15:29:10.458,287,58028.08
2025-11-16 15:29:10.458,288,17531.99
2025-11-16 15:29:10.458,289,17383.4
2025-11-16 15:29:10.458,290,16628.76
2025-11-16 15:29:10.458,291,17199.88
2025-11-16 15:29:10.458,292,16198.91
2025-11-16 15:29:10.458,293,16403.5
2025-11-16 15:29:10.458,294,16131.41
2025-11-16 15:29:10.458,295,16047.52
2025-11-16 15:29:10.458,296,15947.57
2025-11-16 15:29:10.458,297,16064.26
2025-11-16 15:29:10.458,298,16131.41
2025-11-16 15:29:10.458,299,16215.84
2025-11-16 15:29:10.458,300,16352.05
2025-11-16 15:29:10.458,301,16148.25
2025-11-16 15:29:10.458,302,17054.83
2025-11-16 15:29:10.458,303,16352.05
2025-11-16 15:29:10.458,304,18084.37
2025-11-16 15:29:10.458,305,17272.99
2025-11-16 15:29:10.458,306,18339.21
2025-11-16 15:29:10.458,307,18378.83
2025-11-16 15:29:10.458,308,18123.28
2025-11-16 15:29:10.458,309,18699.77
2025-11-16 15:29:10.458,310,17054.83
2025-11-16 15:29:10.458,311,18822.0
2025-11-16 15:29:10.458,312,17272.99
2025-11-16 15:29:10.458,313,17720.0
2025-11-16 15:29:10.458,314,19620.82
2025-11-16 15:29:10.458,315,18359.01
2025-11-16 15:29:10.458,316,18260.31
2025-11-16 15:29:10.458,317,17834.04
2025-11-16 15:29:10.458,318,18084.37
2025-11-16 15:29:10.458,319,18181.84
2025-11-16 15:29:10.458,320,58141.67
2025-11-16 15:29:10.458,321,19237.01
2025-11-16 15:29:10.458,322,19729.22
2025-11-16 15:29:10.458,323,18260.31
2025-11-16 15:29:10.458,324,18458.39
2025-11-16 15:29:10.458,325,20975.98
2025-11-16 15:29:10.458,326,27247.26
2025-11-16 15:29:10.458,327,28736.48
2025-11-16 15:29:10.458,328,920784.13
2025-11-16 15:29:10.458,329,32990.79
2025-11-16 15:29:10.458,330,51561.75
2025-11-16 15:29:10.458,331,18181.84
2025-11-16 15:29:10.458,332,43840.75
2025-11-16 15:29:10.458,333,122431.63
2025-11-16 15:29:10.458,334,49845.72
2025-11-16 15:29:10.458,335,49845.72
2025-11-16 15:29:10.458,336,15427.09
2025-11-16 15:29:10.458,337,15347.64
2025-11-16 15:29:10.458,338,14624.25
2025-11-16 15:29:10.458,339,15158.95
2025-11-16 15:29:10.458,340,14285.01
2025-11-16 15:29:10.458,341,14357.96
2025-11-16 15:29:10.458,342,14198.04
2025-11-16 15:29:10.458,343,14183.61
2025-11-16 15:29:10.458,344,14154.79
2025-11-16 15:29:10.458,345,14169.19
2025-11-16 15:29:10.458,346,14226.96
2025-11-16 15:29:10.458,347,14183.61
2025-11-16 15:29:10.458,348,14169.19
2025-11-16 15:29:10.458,349,14097.35
2025-11-16 15:29:10.458,350,14835.39
2025-11-16 15:29:10.458,351,14169.19
2025-11-16 15:29:10.458,352,16064.26
2025-11-16 15:29:10.458,353,15174.57
2025-11-16 15:29:10.458,354,16352.05
2025-11-16 15:29:10.458,355,16232.79
2025-11-16 15:29:10.458,356,16081.01
2025-11-16 15:29:10.458,357,16698.84
2025-11-16 15:29:10.458,358,15331.81
2025-11-16 15:29:10.458,359,16875.66
2025-11-16 15:29:10.458,360,15081.15
2025-11-16 15:29:10.458,361,15684.7
2025-11-16 15:29:10.458,362,17476.08
2025-11-16 15:29:10.458,363,15733.59
2025-11-16 15:29:10.458,364,16249.76
2025-11-16 15:29:10.458,365,15848.37
2025-11-16 15:29:10.458,366,16047.52
2025-11-16 15:29:10.458,367,16386.33
2025-11-16 15:29:10.458,368,52987.48
2025-11-16 15:29:10.458,369,17163.47
2025-11-16 15:29:10.458,370,17531.99
2025-11-16 15:29:10.458,371,16232.79
2025-11-16 15:29:10.458,372,16420.69
2025-11-16 15:29:10.458,373,18221.02
2025-11-16 15:29:10.458,374,24645.8
2025-11-16 15:29:10.458,375,25773.33
2025-11-16 15:29:10.458,376,861364.44
2025-11-16 15:29:10.458,377,30071.27
2025-11-16 15:29:10.458,378,48556.95
2025-11-16 15:29:10.458,379,16014.12
2025-11-16 15:29:10.458,380,40630.89
2025-11-16 15:29:10.458,381,113621.23
2025-11-16 15:29:10.458,382,46138.74
2025-11-16 15:29:10.458,383,46138.74
2025-11-16 15:29:10.458,384,15331.81
2025-11-16 15:29:10.458,385,15300.2
2025-11-16 15:29:10.458,386,14416.64
2025-11-16 15:29:10.458,387,15003.83
2025-11-16 15:29:10.458,388,13954.95
2025-11-16 15:29:10.458,389,13983.3
2025-11-16 15:29:10.458,390,13954.95
2025-11-16 15:29:10.458,391,14169.19
2025-11-16 15:29:10.458,392,13926.67
2025-11-16 15:29:10.458,393,13954.95
2025-11-16 15:29:10.458,394,14126.04
2025-11-16 15:29:10.458,395,14068.74
2025-11-16 15:29:10.458,396,14299.57
2025-11-16 15:29:10.458,397,14040.19
2025-11-16 15:29:10.458,398,14774.7
2025-11-16 15:29:10.458,399,14183.61
2025-11-16 15:29:10.458,400,15897.87
2025-11-16 15:29:10.458,401,15050.17
2025-11-16 15:29:10.458,402,16165.12
2025-11-16 15:29:10.458,403,16317.87
2025-11-16 15:29:10.458,404,15914.42
2025-11-16 15:29:10.458,405,16420.69
2025-11-16 15:29:10.458,406,15252.94
2025-11-16 15:29:10.458,407,17018.8
2025-11-16 15:29:10.458,408,15523.09
2025-11-16 15:29:10.458,409,15684.7
2025-11-16 15:29:10.458,410,17569.39
2025-11-16 15:29:10.458,411,16420.69
2025-11-16 15:29:10.458,412,16182.0
2025-11-16 15:29:10.458,413,15897.87
2025-11-16 15:29:10.458,414,15815.47
2025-11-16 15:29:10.458,415,16097.79
2025-11-16 15:29:10.458,416,53378.87
2025-11-16 15:29:10.458,417,17054.83
2025-11-16 15:29:10.458,418,17531.99
2025-11-16 15:29:10.458,419,16182.0
2025-11-16 15:29:10.458,420,16249.76
2025-11-16 15:29:10.458,421,18801.55
2025-11-16 15:29:10.458,422,24675.34
2025-11-16 15:29:10.458,423,25963.11
2025-11-16 15:29:10.458,424,942433.13
2025-11-16 15:29:10.458,425,30309.35
2025-11-16 15:29:10.458,426,49496.55
2025-11-16 15:29:10.458,427,15997.45
2025-11-16 15:29:10.458,428,41397.01
2025-11-16 15:29:10.458,429,113621.23
2025-11-16 15:29:10.458,430,46843.01
2025-11-16 15:29:10.458,431,46843.01
2025-11-16 15:29:10.458,432,15050.17
2025-11-16 15:29:10.458,433,14835.39
2025-11-16 15:29:10.458,434,14126.04
2025-11-16 15:29:10.458,435,14594.37
2025-11-16 15:29:10.458,436,13758.38
2025-11-16 15:29:10.458,437,13870.31
2025-11-16 15:29:10.458,438,13758.38
2025-11-16 15:29:10.458,439,13856.26
2025-11-16 15:29:10.458,440,13842.23
2025-11-16 15:29:10.458,441,13716.68
2025-11-16 15:29:10.458,442,13842.23
2025-11-16 15:29:10.458,443,13730.56
2025-11-16 15:29:10.458,444,14040.19
2025-11-16 15:29:10.458,445,13702.81
2025-11-16 15:29:10.458,446,14579.46
2025-11-16 15:29:10.458,447,14097.35
2025-11-16 15:29:10.458,448,15603.64
2025-11-16 15:29:10.458,449,14624.25
2025-11-16 15:29:10.458,450,15881.35
2025-11-16 15:29:10.458,451,15815.47
2025-11-16 15:29:10.458,452,15587.49
2025-11-16 15:29:10.458,453,16081.01
2025-11-16 15:29:10.458,454,14774.7
2025-11-16 15:29:10.458,455,16249.76
2025-11-16 15:29:10.458,456,14594.37
2025-11-16 15:29:10.458,457,15096.68
2025-11-16 15:29:10.458,458,16982.88
2025-11-16 15:29:10.458,459,15930.98
2025-11-16 15:29:10.458,460,15684.7
2025-11-16 15:29:10.458,461,15523.09
2025-11-16 15:29:10.458,462,15523.09
2025-11-16 15:29:10.458,463,15749.92
2025-11-16 15:29:10.458,464,51841.71
2025-11-16 15:29:10.458,465,16698.84
2025-11-16 15:29:10.458,466,16857.87
2025-11-16 15:29:10.458,467,15749.92
2025-11-16 15:29:10.458,468,15782.65
2025-11-16 15:29:10.458,469,18026.2
2025-11-16 15:29:10.458,470,23866.7
2025-11-16 15:29:10.458,471,25185.35
2025-11-16 15:29:10.458,472,942433.13
2025-11-16 15:29:10.458,473,29146.33
2025-11-16 15:29:10.458,474,47001.92
2025-11-16 15:29:10.458,475,15395.25
2025-11-16 15:29:10.458,476,39765.37
2025-11-16 15:29:10.458,477,110345.59
2025-11-16 15:29:10.458,478,45077.16
2025-11-16 15:29:10.458,479,45077.16
2025-11-16 15:29:10.458,480,14624.25
2025-11-16 15:29:10.458,481,14431.36
2025-11-16 15:29:10.458,482,13510.31
2025-11-16 15:29:10.458,483,14183.61
2025-11-16 15:29:10.458,484,13267.35
2025-11-16 15:29:10.458,485,13592.43
2025-11-16 15:29:10.458,486,13320.91
2025-11-16 15:29:10.458,487,13442.32
2025-11-16 15:29:10.458,488,13347.78
2025-11-16 15:29:10.458,489,13320.91
2025-11-16 15:29:10.458,490,13294.1
2025-11-16 15:29:10.458,491,13294.1
2025-11-16 15:29:10.458,492,13675.12
2025-11-16 15:29:10.458,493,13483.07
2025-11-16 15:29:10.458,494,14183.61
2025-11-16 15:29:10.458,495,13647.49
2025-11-16 15:29:10.458,496,15268.68
2025-11-16 15:29:10.458,497,14328.73
2025-11-16 15:29:10.458,498,15523.09
2025-11-16 15:29:10.458,499,15395.25
2025-11-16 15:29:10.458,500,15268.68
2025-11-16 15:29:10.458,501,15684.7
2025-11-16 15:29:10.458,502,14343.34
2025-11-16 15:29:10.458,503,15881.35
2025-11-16 15:29:10.458,504,14759.57
2025-11-16 15:29:10.458,505,14881.11
2025-11-16 15:29:10.458,506,16698.84
2025-11-16 15:29:10.458,507,15652.22
2025-11-16 15:29:10.458,508,15395.25
2025-11-16 15:29:10.458,509,15190.2
2025-11-16 15:29:10.458,510,15065.65
2025-11-16 15:29:10.458,511,15363.49
2025-11-16 15:29:10.458,512,51468.98
2025-11-16 15:29:10.458,513,16215.84
2025-11-16 15:29:10.458,514,16663.75
2025-11-16 15:29:10.458,515,15363.49
2025-11-16 15:29:10.458,516,15523.09
2025-11-16 15:29:10.458,517,18026.2
2025-11-16 15:29:10.458,518,23642.52
2025-11-16 15:29:10.458,519,24557.47
2025-11-16 15:29:10.458,520,942433.13
2025-11-16 15:29:10.458,521,29071.17
2025-11-16 15:29:10.458,522,46843.01
2025-11-16 15:29:10.458,523,15331.81
2025-11-16 15:29:10.458,524,39583.74
2025-11-16 15:29:10.458,525,110700.96
2025-11-16 15:29:10.458,526,44707.67
2025-11-16 15:29:10.458,527,44707.67
2025-11-16 15:29:10.458,528,14789.84
2025-11-16 15:29:10.458,529,14684.21
2025-11-16 15:29:10.458,530,13870.31
2025-11-16 15:29:10.458,531,14328.73
2025-11-16 15:29:10.458,532,13496.68
2025-11-16 15:29:10.458,533,13702.81
2025-11-16 15:29:10.458,534,13483.07
2025-11-16 15:29:10.458,535,13592.43
2025-11-16 15:29:10.458,536,13428.77
2025-11-16 15:29:10.458,537,13469.47
2025-11-16 15:29:10.458,538,13496.68
2025-11-16 15:29:10.458,539,13455.89
2025-11-16 15:29:10.458,540,13870.31
2025-11-16 15:29:10.458,541,13675.12
2025-11-16 15:29:10.458,542,14401.95
2025-11-16 15:29:10.458,543,13870.31
2025-11-16 15:29:10.458,544,15395.25
2025-11-16 15:29:10.458,545,14624.25
2025-11-16 15:29:10.458,546,15684.7
2025-11-16 15:29:10.458,547,15782.65
2025-11-16 15:29:10.458,548,15331.81
2025-11-16 15:29:10.458,549,15897.87
2025-11-16 15:29:10.458,550,14609.3
2025-11-16 15:29:10.458,551,16081.01
2025-11-16 15:29:10.458,552,14926.99
2025-11-16 15:29:10.458,553,15065.65
2025-11-16 15:29:10.458,554,16751.64
2025-11-16 15:29:10.458,555,15914.42
2025-11-16 15:29:10.458,556,15652.22
2025-11-16 15:29:10.458,557,15284.43
2025-11-16 15:29:10.458,558,15523.09
2025-11-16 15:29:10.458,559,15555.25
2025-11-16 15:29:10.458,560,52409.35
2025-11-16 15:29:10.458,561,16352.05
2025-11-16 15:29:10.458,562,16840.11
2025-11-16 15:29:10.458,563,15619.82
2025-11-16 15:29:10.458,564,15782.65
2025-11-16 15:29:10.458,565,18221.02
2025-11-16 15:29:10.458,566,23923.21
2025-11-16 15:29:10.458,567,25154.93
2025-11-16 15:29:10.458,568,988899.38
2025-11-16 15:29:10.458,569,29373.55
2025-11-16 15:29:10.458,570,48139.58
2025-11-16 15:29:10.458,571,15491.01
2025-11-16 15:29:10.458,572,40256.3
2025-11-16 15:29:10.458,573,113621.23
2025-11-16 15:29:10.458,574,45754.95
2025-11-16 15:29:10.458,575,45754.95
2025-11-16 15:29:10.458,576,14865.85
2025-11-16 15:29:10.458,577,14624.25
2025-11-16 15:29:10.458,578,13954.95
2025-11-16 15:29:10.458,579,14357.96
2025-11-16 15:29:10.458,580,13455.89
2025-11-16 15:29:10.458,581,13842.23
2025-11-16 15:29:10.458,582,13455.89
2025-11-16 15:29:10.458,583,13483.07
2025-11-16 15:29:10.458,584,13320.91
2025-11-16 15:29:10.458,585,13401.71
2025-11-16 15:29:10.458,586,13442.32
2025-11-16 15:29:10.458,587,13483.07
2025-11-16 15:29:10.458,588,13758.38
2025-11-16 15:29:10.458,589,13510.31
2025-11-16 15:29:10.458,590,14416.64
2025-11-16 15:29:10.458,591,13898.46
2025-11-16 15:29:10.458,592,15300.2
2025-11-16 15:29:10.458,593,14549.7
2025-11-16 15:29:10.458,594,15684.7
2025-11-16 15:29:10.458,595,15603.64
2025-11-16 15:29:10.458,596,15268.68
2025-11-16 15:29:10.458,597,15799.05
2025-11-16 15:29:10.458,598,14183.61
2025-11-16 15:29:10.458,599,15914.42
2025-11-16 15:29:10.458,600,14789.84
2025-11-16 15:29:10.458,601,14759.57
2025-11-16 15:29:10.458,602,16734.02
2025-11-16 15:29:10.458,603,15684.7
2025-11-16 15:29:10.458,604,15268.68
2025-11-16 15:29:10.458,605,14774.7
2025-11-16 15:29:10.458,606,14744.46
2025-11-16 15:29:10.458,607,14357.96
2025-11-16 15:29:10.458,608,50918.22
2025-11-16 15:29:10.458,609,15491.01
2025-11-16 15:29:10.458,610,16593.85
2025-11-16 15:29:10.458,611,15174.57
2025-11-16 15:29:10.458,612,15523.09
2025-11-16 15:29:10.458,613,17910.59
2025-11-16 15:29:10.458,614,23421.27
2025-11-16 15:29:10.458,615,24616.31
2025-11-16 15:29:10.458,616,942433.13
2025-11-16 15:29:10.458,617,28921.71
2025-11-16 15:29:10.458,618,46216.13
2025-11-16 15:29:10.458,619,15081.15
2025-11-16 15:29:10.458,620,39165.01
2025-11-16 15:29:10.458,621,109291.9
2025-11-16 15:29:10.458,622,44561.25
2025-11-16 15:29:10.458,623,44561.25
2025-11-16 15:29:10.458,624,14744.46
2025-11-16 15:29:10.458,625,14774.7
2025-11-16 15:29:10.458,626,13954.95
2025-11-16 15:29:10.458,627,14343.34
2025-11-16 15:29:10.458,628,13428.77
2025-11-16 15:29:10.458,629,13647.49
2025-11-16 15:29:10.458,630,13428.77
2025-11-16 15:29:10.458,631,13510.31
2025-11-16 15:29:10.458,632,13374.71
2025-11-16 15:29:10.458,633,13401.71
2025-11-16 15:29:10.458,634,13483.07
2025-11-16 15:29:10.458,635,13510.31
2025-11-16 15:29:10.458,636,13758.38
2025-11-16 15:29:10.458,637,13510.31
2025-11-16 15:29:10.458,638,14270.47
2025-11-16 15:29:10.458,639,13758.38
2025-11-16 15:29:10.458,640,15331.81
2025-11-16 15:29:10.458,641,14270.47
2025-11-16 15:29:10.458,642,15539.16
2025-11-16 15:29:10.458,643,15491.01
2025-11-16 15:29:10.458,644,15112.21
2025-11-16 15:29:10.458,645,15782.65
2025-11-16 15:29:10.458,646,14431.36
2025-11-16 15:29:10.458,647,15914.42
2025-11-16 15:29:10.458,648,14805.01
2025-11-16 15:29:10.458,649,14774.7
2025-11-16 15:29:10.458,650,16769.29
2025-11-16 15:29:10.458,651,15668.45
2025-11-16 15:29:10.458,652,15363.49
2025-11-16 15:29:10.458,653,15081.15
2025-11-16 15:29:10.458,654,15174.57
2025-11-16 15:29:10.458,655,15363.49
2025-11-16 15:29:10.458,656,51284.3
2025-11-16 15:29:10.458,657,16182.0
2025-11-16 15:29:10.458,658,16628.76
2025-11-16 15:29:10.458,659,15395.25
2025-11-16 15:29:10.458,660,15652.22
2025-11-16 15:29:10.458,661,18064.95
2025-11-16 15:29:10.458,662,23586.93
2025-11-16 15:29:10.458,663,24973.54
2025-11-16 15:29:10.458,664,920784.13
2025-11-16 15:29:10.458,665,29221.78
2025-11-16 15:29:10.458,666,46371.55
2025-11-16 15:29:10.458,667,15127.77
2025-11-16 15:29:10.458,668,39523.48
2025-11-16 15:29:10.458,669,114373.48
2025-11-16 15:29:10.458,670,44854.87
2025-11-16 15:29:10.458,671,44854.87
2025-11-16 15:29:10.458,672,14594.37
2025-11-16 15:29:10.458,673,14416.64
2025-11-16 15:29:10.458,674,13898.46
2025-11-16 15:29:10.458,675,14068.74
2025-11-16 15:29:10.458,676,13730.56
2025-11-16 15:29:10.458,677,13898.46
2025-11-16 15:29:10.458,678,13730.56
2025-11-16 15:29:10.458,679,13702.81
2025-11-16 15:29:10.458,680,13744.46
2025-11-16 15:29:10.458,681,13716.68
2025-11-16 15:29:10.458,682,13758.38
2025-11-16 15:29:10.458,683,13716.68
2025-11-16 15:29:10.458,684,14040.19
2025-11-16 15:29:10.458,685,13758.38
2025-11-16 15:29:10.458,686,14654.19
2025-11-16 15:29:10.458,687,14083.04
2025-11-16 15:29:10.458,688,15831.91
2025-11-16 15:29:10.458,689,14805.01
2025-11-16 15:29:10.458,690,15914.42
2025-11-16 15:29:10.458,691,16014.12
2025-11-16 15:29:10.458,692,15555.25
2025-11-16 15:29:10.458,693,16114.59
2025-11-16 15:29:10.458,694,14805.01
2025-11-16 15:29:10.458,695,16352.05
2025-11-16 15:29:10.458,696,15065.65
2025-11-16 15:29:10.458,697,15237.23
2025-11-16 15:29:10.458,698,17199.88
2025-11-16 15:29:10.458,699,16148.25
2025-11-16 15:29:10.458,700,15782.65
2025-11-16 15:29:10.458,701,15619.82
2025-11-16 15:29:10.458,702,15684.7
2025-11-16 15:29:10.458,703,15848.37
2025-11-16 15:29:10.458,704,52793.59
2025-11-16 15:29:10.458,705,16911.3
2025-11-16 15:29:10.458,706,17309.7
2025-11-16 15:29:10.458,707,15914.42
2025-11-16 15:29:10.458,708,16081.01
2025-11-16 15:29:10.458,709,18478.35
2025-11-16 15:29:10.458,710,24266.27
2025-11-16 15:29:10.458,711,25554.44
2025-11-16 15:29:10.458,712,988899.38
2025-11-16 15:29:10.458,713,29641.99
2025-11-16 15:29:10.458,714,48473.0
2025-11-16 15:29:10.458,715,15799.05
2025-11-16 15:29:10.458,716,40380.55
2025-11-16 15:29:10.458,717,114373.48
2025-11-16 15:29:10.458,718,46527.84
2025-11-16 15:29:10.458,719,46527.84
2025-11-16 15:29:10.458,720,14805.01
2025-11-16 15:29:10.458,721,14744.46
2025-11-16 15:29:10.458,722,14285.01
2025-11-16 15:29:10.458,723,14609.3
2025-11-16 15:29:10.458,724,13814.22
2025-11-16 15:29:10.458,725,14040.19
2025-11-16 15:29:10.458,726,13758.38
2025-11-16 15:29:10.458,727,13983.3
2025-11-16 15:29:10.458,728,13969.12
2025-11-16 15:29:10.458,729,13842.23
2025-11-16 15:29:10.458,730,13898.46
2025-11-16 15:29:10.458,731,13730.56
2025-11-16 15:29:10.458,732,14097.35
2025-11-16 15:29:10.458,733,13969.12
2025-11-16 15:29:10.458,734,14684.21
2025-11-16 15:29:10.458,735,14169.19
2025-11-16 15:29:10.458,736,15782.65
2025-11-16 15:29:10.458,737,14835.39
2025-11-16 15:29:10.458,738,16014.12
2025-11-16 15:29:10.458,739,16047.52
2025-11-16 15:29:10.458,740,15733.59
2025-11-16 15:29:10.458,741,16148.25
2025-11-16 15:29:10.458,742,14896.38
2025-11-16 15:29:10.458,743,16249.76
2025-11-16 15:29:10.458,744,15174.57
2025-11-16 15:29:10.458,745,15158.95
2025-11-16 15:29:10.458,746,17127.16
2025-11-16 15:29:10.458,747,16182.0
2025-11-16 15:29:10.458,748,15848.37
2025-11-16 15:29:10.458,749,15603.64
2025-11-16 15:29:10.458,750,15587.49
2025-11-16 15:29:10.458,751,15848.37
2025-11-16 15:29:10.458,752,51748.12
2025-11-16 15:29:10.458,753,16769.29
2025-11-16 15:29:10.458,754,17163.47
2025-11-16 15:29:10.458,755,15864.85
2025-11-16 15:29:10.458,756,15897.87
2025-11-16 15:29:10.458,757,18458.39
2025-11-16 15:29:10.458,758,24151.15
2025-11-16 15:29:10.458,759,25154.93
2025-11-16 15:29:10.458,760,965113.19
2025-11-16 15:29:10.458,761,29603.42
2025-11-16 15:29:10.458,762,47484.0
2025-11-16 15:29:10.458,763,15782.65
2025-11-16 15:29:10.458,764,39887.21
2025-11-16 15:29:10.458,765,110700.96
2025-11-16 15:29:10.458,766,45831.29
2025-11-16 15:29:10.458,767,45831.29
2025-11-16 15:29:10.458,768,15523.09
2025-11-16 15:29:10.458,769,15491.01
2025-11-16 15:29:10.458,770,14669.19
2025-11-16 15:29:10.458,771,15112.21
2025-11-16 15:29:10.458,772,14183.61
2025-11-16 15:29:10.458,773,14299.57
2025-11-16 15:29:10.458,774,13814.22
2025-11-16 15:29:10.458,775,14198.04
2025-11-16 15:29:10.458,776,14328.73
2025-11-16 15:29:10.458,777,14154.79
2025-11-16 15:29:10.458,778,14183.61
2025-11-16 15:29:10.458,779,14285.01
2025-11-16 15:29:10.458,780,14387.27
2025-11-16 15:29:10.458,781,14183.61
2025-11-16 15:29:10.458,782,15019.26
2025-11-16 15:29:10.458,783,14372.61
2025-11-16 15:29:10.458,784,15881.35
2025-11-16 15:29:10.458,785,15019.26
2025-11-16 15:29:10.458,786,16317.87
2025-11-16 15:29:10.458,787,16232.79
2025-11-16 15:29:10.458,788,15555.25
2025-11-16 15:29:10.458,789,16437.9
2025-11-16 15:29:10.458,790,15050.17
2025-11-16 15:29:10.458,791,16663.75
2025-11-16 15:29:10.458,792,15523.09
2025-11-16 15:29:10.458,793,15491.01
2025-11-16 15:29:10.458,794,17346.5
2025-11-16 15:29:10.458,795,16182.0
2025-11-16 15:29:10.458,796,16081.01
2025-11-16 15:29:10.458,797,15914.42
2025-11-16 15:29:10.458,798,15964.17
2025-11-16 15:29:10.458,799,16182.0
2025-11-16 15:29:10.458,800,52409.35
2025-11-16 15:29:10.458,801,17054.83
2025-11-16 15:29:10.458,802,17457.49
2025-11-16 15:29:10.458,803,16097.79
2025-11-16 15:29:10.458,804,16148.25
2025-11-16 15:29:10.458,805,18801.55
2025-11-16 15:29:10.458,806,24498.84
2025-11-16 15:29:10.458,807,25741.9
2025-11-16 15:29:10.458,808,988899.38
2025-11-16 15:29:10.458,809,30631.22
2025-11-16 15:29:10.458,810,48980.34
2025-11-16 15:29:10.458,811,16148.25
2025-11-16 15:29:10.458,812,40505.41
2025-11-16 15:29:10.458,813,115519.18
2025-11-16 15:29:10.458,814,46061.56
2025-11-16 15:29:10.458,815,46061.56
2025-11-16 15:29:10.458,816,15587.49
2025-11-16 15:29:10.458,817,15668.45
2025-11-16 15:29:10.458,818,14774.7
2025-11-16 15:29:10.458,819,15300.2
2025-11-16 15:29:10.458,820,14328.73
2025-11-16 15:29:10.458,821,14534.84
2025-11-16 15:29:10.458,822,14357.96
2025-11-16 15:29:10.458,823,14401.95
2025-11-16 15:29:10.458,824,14534.84
2025-11-16 15:29:10.458,825,14285.01
2025-11-16 15:29:10.458,826,14564.57
2025-11-16 15:29:10.458,827,14534.84
2025-11-16 15:29:10.458,828,14744.46
2025-11-16 15:29:10.458,829,14183.61
2025-11-16 15:29:10.458,830,15050.17
2025-11-16 15:29:10.458,831,14609.3
2025-11-16 15:29:10.458,832,16317.87
2025-11-16 15:29:10.458,833,15143.35
2025-11-16 15:29:10.458,834,16131.41
2025-11-16 15:29:10.458,835,16420.69
2025-11-16 15:29:10.458,836,15684.7
2025-11-16 15:29:10.458,837,15947.57
2025-11-16 15:29:10.458,838,15268.68
2025-11-16 15:29:10.458,839,16840.11
2025-11-16 15:29:10.458,840,15749.92
2025-11-16 15:29:10.458,841,15848.37
2025-11-16 15:29:10.458,842,17872.27
2025-11-16 15:29:10.458,843,16716.42
2025-11-16 15:29:10.458,844,16611.29
2025-11-16 15:29:10.458,845,16148.25
2025-11-16 15:29:10.458,846,16064.26
2025-11-16 15:29:10.458,847,16455.14
2025-11-16 15:29:10.458,848,53975.16
2025-11-16 15:29:10.458,849,17457.49
2025-11-16 15:29:10.458,850,17949.02
2025-11-16 15:29:10.458,851,16472.4
2025-11-16 15:29:10.458,852,16786.96
2025-11-16 15:29:10.458,853,19237.01
2025-11-16 15:29:10.458,854,25154.93
2025-11-16 15:29:10.458,855,26219.28
2025-11-16 15:29:10.458,856,880309.75
2025-11-16 15:29:10.458,857,31040.83
2025-11-16 15:29:10.458,858,49933.65
2025-11-16 15:29:10.458,859,16352.05
2025-11-16 15:29:10.458,860,42320.58
2025-11-16 15:29:10.458,861,125056.52
2025-11-16 15:29:10.458,862,48473.0
2025-11-16 15:29:10.458,863,48473.0
2025-11-16 15:29:10.458,864,16352.05
2025-11-16 15:29:10.458,865,16352.05
2025-11-16 15:29:10.458,866,15379.36
2025-11-16 15:29:10.458,867,15815.47
2025-11-16 15:29:10.458,868,15081.15
2025-11-16 15:29:10.458,869,15363.49
2025-11-16 15:29:10.458,870,14942.32
2025-11-16 15:29:10.458,871,15003.83
2025-11-16 15:29:10.458,872,15112.21
2025-11-16 15:29:10.458,873,14942.32
2025-11-16 15:29:10.458,874,15174.57
2025-11-16 15:29:10.458,875,15143.35
2025-11-16 15:29:10.458,876,15268.68
2025-11-16 15:29:10.458,877,15050.17
2025-11-16 15:29:10.458,878,15523.09
2025-11-16 15:29:10.458,879,15112.21
2025-11-16 15:29:10.458,880,16804.65
2025-11-16 15:29:10.458,881,15619.82
2025-11-16 15:29:10.458,882,17054.83
2025-11-16 15:29:10.458,883,17054.83
2025-11-16 15:29:10.458,884,16064.26
2025-11-16 15:29:10.458,885,17054.83
2025-11-16 15:29:10.458,886,16014.12
2025-11-16 15:29:10.458,887,17254.68
2025-11-16 15:29:10.458,888,16047.52
2025-11-16 15:29:10.458,889,16081.01
2025-11-16 15:29:10.458,890,18260.31
2025-11-16 15:29:10.458,891,17163.47
2025-11-16 15:29:10.458,892,17163.47
2025-11-16 15:29:10.458,893,16769.29
2025-11-16 15:29:10.458,894,16751.64
2025-11-16 15:29:10.458,895,17127.16
2025-11-16 15:29:10.458,896,54787.84
2025-11-16 15:29:10.458,897,18026.2
2025-11-16 15:29:10.458,898,18103.81
2025-11-16 15:29:10.458,899,16982.88
2025-11-16 15:29:10.458,900,17072.88
2025-11-16 15:29:10.458,901,19577.68
2025-11-16 15:29:10.458,902,25246.33
2025-11-16 15:29:10.458,903,26742.69
2025-11-16 15:29:10.458,904,900097.25
2025-11-16 15:29:10.458,905,31458.76
2025-11-16 15:29:10.458,906,50110.29
2025-11-16 15:29:10.458,907,17018.8
2025-11-16 15:29:10.458,908,41920.75
2025-11-16 15:29:10.458,909,113996.21
2025-11-16 15:29:10.458,910,47322.41
2025-11-16 15:29:10.458,911,47322.41
2025-11-16 15:29:10.458,912,21213.94
2025-11-16 15:29:10.458,913,21118.33
2025-11-16 15:29:10.458,914,19664.09
2025-11-16 15:29:10.458,915,20579.65
2025-11-16 15:29:10.458,916,19751.0
2025-11-16 15:29:10.458,917,19904.33
2025-11-16 15:29:10.458,918,19449.01
2025-11-16 15:29:10.458,919,19577.68
2025-11-16 15:29:10.458,920,19751.0
2025-11-16 15:29:10.458,921,19491.78
2025-11-16 15:29:10.458,922,19816.52
2025-11-16 15:29:10.458,923,19816.52
2025-11-16 15:29:10.458,924,19882.33
2025-11-16 15:29:10.458,925,19751.0
2025-11-16 15:29:10.458,926,19427.67
2025-11-16 15:29:10.458,927,19534.67
2025-11-16 15:29:10.458,928,21310.15
2025-11-16 15:29:10.458,929,20238.23
2025-11-16 15:29:10.458,930,21602.34
2025-11-16 15:29:10.458,931,21925.08
2025-11-16 15:29:10.458,932,20905.3
2025-11-16 15:29:10.458,933,21950.17
2025-11-16 15:29:10.458,934,20533.68
2025-11-16 15:29:10.458,935,20952.39
2025-11-16 15:29:10.458,936,21094.51
2025-11-16 15:29:10.458,937,21023.29
2025-11-16 15:29:10.458,938,23421.27
2025-11-16 15:29:10.458,939,22408.76
2025-11-16 15:29:10.458,940,22000.49
2025-11-16 15:29:10.458,941,21602.34
2025-11-16 15:29:10.458,942,21651.57
2025-11-16 15:29:10.458,943,22305.72
2025-11-16 15:29:10.458,944,66150.61
2025-11-16 15:29:10.458,945,22933.92
2025-11-16 15:29:10.458,946,23586.93
2025-11-16 15:29:10.458,947,22050.96
2025-11-16 15:29:10.458,948,22203.33
2025-11-16 15:29:10.458,949,25033.8
2025-11-16 15:29:10.458,950,31628.31
2025-11-16 15:29:10.458,951,33635.68
2025-11-16 15:29:10.458,952,39403.42
2025-11-16 15:29:10.458,953,39403.42
2025-11-16 15:29:10.458,954,61608.8
2025-11-16 15:29:10.458,955,22025.71
2025-11-16 15:29:10.458,956,50556.48
2025-11-16 15:29:10.458,957,142142.66
2025-11-16 15:29:10.458,958,57802.03
2025-11-16 15:29:10.458,959,57802.03
2025-11-16 15:29:10.458,960,37950.12
2025-11-16 15:29:10.458,961,37893.76
2025-11-16 15:29:10.458,962,37447.59
2025-11-16 15:29:10.458,963,37558.35
2025-11-16 15:29:10.458,964,35640.36
2025-11-16 15:29:10.458,965,36686.43
2025-11-16 15:29:10.458,966,35949.24
2025-11-16 15:29:10.458,967,36473.41
2025-11-16 15:29:10.458,968,36739.99
2025-11-16 15:29:10.458,969,36053.13
2025-11-16 15:29:10.458,970,36526.48
2025-11-16 15:29:10.458,971,36420.45
2025-11-16 15:29:10.458,972,35034.87
2025-11-16 15:29:10.458,973,36053.13
2025-11-16 15:29:10.458,974,36053.13
2025-11-16 15:29:10.458,975,35794.29
2025-11-16 15:29:10.458,976,37009.64
2025-11-16 15:29:10.458,977,36053.13
2025-11-16 15:29:10.458,978,33310.84
2025-11-16 15:29:10.458,979,36793.67
2025-11-16 15:29:10.458,980,35640.36
2025-11-16 15:29:10.458,981,35949.24
2025-11-16 15:29:10.458,982,36262.32
2025-11-16 15:29:10.458,983,34542.39
2025-11-16 15:29:10.458,984,34689.0
2025-11-16 15:29:10.458,985,35742.86
2025-11-16 15:29:10.458,986,35794.29
2025-11-16 15:29:10.458,987,30794.08
2025-11-16 15:29:10.458,988,37337.34
2025-11-16 15:29:10.458,989,36526.48
2025-11-16 15:29:10.458,990,37558.35
2025-11-16 15:29:10.458,991,39765.37
2025-11-16 15:29:10.458,992,105255.28
2025-11-16 15:29:10.458,993,39887.21
2025-11-16 15:29:10.458,994,37447.59
2025-11-16 15:29:10.458,995,36157.48
2025-11-16 15:29:10.458,996,37725.46
2025-11-16 15:29:10.458,997,41397.01
2025-11-16 15:29:10.458,998,47241.95
2025-11-16 15:29:10.458,999,51654.79
2025-11-16 15:29:10.458,1000,66867.48
2025-11-16 15:29:10.458,1001,66867.48
2025-11-16 15:29:10.458,1002,99101.66
2025-11-16 15:29:10.458,1003,37669.63
2025-11-16 15:29:10.458,1004,84035.92
2025-11-16 15:29:10.458,1005,219987.36
2025-11-16 15:29:10.458,1006,94364.8
2025-11-16 15:29:10.458,1007,94364.8
2025-11-16 15:29:10.458,1008,53182.58
2025-11-16 15:29:10.458,1009,53182.58
2025-11-16 15:29:10.458,1010,51654.79
2025-11-16 15:29:10.458,1011,53084.88
2025-11-16 15:29:10.458,1012,51561.75
2025-11-16 15:29:10.458,1013,51468.98
2025-11-16 15:29:10.458,1014,50021.84
2025-11-16 15:29:10.458,1015,51654.79
2025-11-16 15:29:10.458,1016,51284.3
2025-11-16 15:29:10.458,1017,50556.48
2025-11-16 15:29:10.458,1018,51841.71
2025-11-16 15:29:10.458,1019,51192.37
2025-11-16 15:29:10.458,1020,50199.01
2025-11-16 15:29:10.458,1021,50199.01
2025-11-16 15:29:10.458,1022,51192.37
2025-11-16 15:29:10.458,1023,51284.3
2025-11-16 15:29:10.458,1024,51841.71
2025-11-16 15:29:10.458,1025,49933.65
2025-11-16 15:29:10.458,1026,43769.74
2025-11-16 15:29:10.458,1027,50287.98
2025-11-16 15:29:10.458,1028,44928.77
2025-11-16 15:29:10.458,1029,46061.56
2025-11-16 15:29:10.458,1030,49409.89
2025-11-16 15:29:10.458,1031,38120.0
2025-11-16 15:29:10.458,1032,47001.92
2025-11-16 15:29:10.458,1033,48980.34
2025-11-16 15:29:10.458,1034,47001.92
2025-11-16 15:29:10.458,1035,47322.41
2025-11-16 15:29:10.458,1036,50199.01
2025-11-16 15:29:10.458,1037,49845.72
2025-11-16 15:29:10.458,1038,49845.72
2025-11-16 15:29:10.458,1039,54582.74
2025-11-16 15:29:10.458,1040,136160.72
2025-11-16 15:29:10.458,1041,53182.58
2025-11-16 15:29:10.458,1042,46371.55
2025-11-16 15:29:10.458,1043,48473.0
2025-11-16 15:29:10.458,1044,50021.84
2025-11-16 15:29:10.458,1045,51748.12
2025-11-16 15:29:10.458,1046,56693.92
2025-11-16 15:29:10.458,1047,60011.99
2025-11-16 15:29:10.458,1048,86936.61
2025-11-16 15:29:10.458,1049,86936.61
2025-11-16 15:29:10.458,1050,122431.63
2025-11-16 15:29:10.458,1051,49933.65
2025-11-16 15:29:10.458,1052,107576.14
2025-11-16 15:29:10.458,1053,266631.75
2025-11-16 15:29:10.458,1054,115905.77
2025-11-16 15:29:10.458,1055,115905.77
2025-11-16 15:29:10.458,1056,46138.74
2025-11-16 15:29:10.458,1057,45754.95
2025-11-16 15:29:10.458,1058,44054.89
2025-11-16 15:29:10.458,1059,45301.25
2025-11-16 15:29:10.458,1060,43769.74
2025-11-16 15:29:10.458,1061,44343.09
2025-11-16 15:29:10.458,1062,43698.91
2025-11-16 15:29:10.458,1063,43698.91
2025-11-16 15:29:10.458,1064,44126.66
2025-11-16 15:29:10.458,1065,43277.87
2025-11-16 15:29:10.458,1066,44415.61
2025-11-16 15:29:10.458,1067,43983.32
2025-11-16 15:29:10.458,1068,43698.91
2025-11-16 15:29:10.458,1069,43840.75
2025-11-16 15:29:10.458,1070,44707.67
2025-11-16 15:29:10.458,1071,44126.66
2025-11-16 15:29:10.458,1072,44928.77
2025-11-16 15:29:10.458,1073,43983.32
2025-11-16 15:29:10.458,1074,34348.4
2025-11-16 15:29:10.458,1075,42794.9
2025-11-16 15:29:10.458,1076,35845.82
2025-11-16 15:29:10.458,1077,35794.29
2025-11-16 15:29:10.458,1078,42320.58
2025-11-16 15:29:10.458,1079,37502.91
2025-11-16 15:29:10.458,1080,36579.68
2025-11-16 15:29:10.458,1081,41397.01
2025-11-16 15:29:10.458,1082,36901.41
2025-11-16 15:29:10.458,1083,39887.21
2025-11-16 15:29:10.458,1084,43840.75
2025-11-16 15:29:10.458,1085,42522.82
2025-11-16 15:29:10.458,1086,42726.61
2025-11-16 15:29:10.458,1087,47322.41
2025-11-16 15:29:10.458,1088,121157.05
2025-11-16 15:29:10.458,1089,45376.36
2025-11-16 15:29:10.458,1090,41986.96
2025-11-16 15:29:10.458,1091,42726.61
2025-11-16 15:29:10.458,1092,43769.74
2025-11-16 15:29:10.458,1093,47403.09
2025-11-16 15:29:10.458,1094,49583.45
2025-11-16 15:29:10.458,1095,54685.13
2025-11-16 15:29:10.458,1096,76654.66
2025-11-16 15:29:10.458,1097,76654.66
2025-11-16 15:29:10.458,1098,108599.64
2025-11-16 15:29:10.458,1099,43417.48
2025-11-16 15:29:10.458,1100,91765.55
2025-11-16 15:29:10.458,1101,254133.06
2025-11-16 15:29:10.458,1102,103337.61
2025-11-16 15:29:10.458,1103,103337.61
2025-11-16 15:29:10.458,1104,56585.1
2025-11-16 15:29:10.458,1105,56476.62
2025-11-16 15:29:10.458,1106,55833.13
2025-11-16 15:29:10.458,1107,56260.74
2025-11-16 15:29:10.458,1108,54582.74
2025-11-16 15:29:10.458,1109,54994.24
2025-11-16 15:29:10.458,1110,55201.96
2025-11-16 15:29:10.458,1111,52793.59
2025-11-16 15:29:10.458,1112,54994.24
2025-11-16 15:29:10.458,1113,54685.13
2025-11-16 15:29:10.458,1114,54582.74
2025-11-16 15:29:10.458,1115,55621.39
2025-11-16 15:29:10.458,1116,55201.96
2025-11-16 15:29:10.458,1117,54994.24
2025-11-16 15:29:10.458,1118,56693.92
2025-11-16 15:29:10.458,1119,55833.13
2025-11-16 15:29:10.458,1120,57132.8
2025-11-16 15:29:10.458,1121,54787.84
2025-11-16 15:29:10.458,1122,46527.84
2025-11-16 15:29:10.458,1123,53378.87
2025-11-16 15:29:10.458,1124,53378.87
2025-11-16 15:29:10.458,1125,52600.88
2025-11-16 15:29:10.458,1126,55621.39
2025-11-16 15:29:10.458,1127,51561.75
2025-11-16 15:29:10.458,1128,49583.45
2025-11-16 15:29:10.458,1129,53084.88
2025-11-16 15:29:10.458,1130,49670.62
2025-11-16 15:29:10.458,1131,53084.88
2025-11-16 15:29:10.458,1132,51284.3
2025-11-16 15:29:10.458,1133,54685.13
2025-11-16 15:29:10.458,1134,52697.09
2025-11-16 15:29:10.458,1135,59181.26
2025-11-16 15:29:10.458,1136,142142.66
2025-11-16 15:29:10.458,1137,56476.62
2025-11-16 15:29:10.458,1138,49496.55
2025-11-16 15:29:10.458,1139,50556.48
2025-11-16 15:29:10.458,1140,53280.57
2025-11-16 15:29:10.458,1141,59298.73
2025-11-16 15:29:10.458,1142,58141.67
2025-11-16 15:29:10.458,1143,64483.38
2025-11-16 15:29:10.458,1144,94098.91
2025-11-16 15:29:10.458,1145,94098.91
2025-11-16 15:29:10.458,1146,133091.78
2025-11-16 15:29:10.458,1147,54277.52
2025-11-16 15:29:10.458,1148,123295.2
2025-11-16 15:29:10.458,1149,328387.41
2025-11-16 15:29:10.458,1150,136685.03
2025-11-16 15:29:10.458,1151,136685.03
2025-11-16 15:29:10.458,1152,95170.63
2025-11-16 15:29:10.458,1153,94098.91
2025-11-16 15:29:10.458,1154,90513.82
2025-11-16 15:29:10.458,1155,93048.8
2025-11-16 15:29:10.458,1156,93048.8
2025-11-16 15:29:10.458,1157,93048.8
2025-11-16 15:29:10.458,1158,90267.15
2025-11-16 15:29:10.458,1159,94632.04
2025-11-16 15:29:10.458,1160,93571.2
2025-11-16 15:29:10.458,1161,89292.48
2025-11-16 15:29:10.458,1162,91261.14
2025-11-16 15:29:10.458,1163,94364.8
2025-11-16 15:29:10.458,1164,90021.7
2025-11-16 15:29:10.458,1165,91010.8
2025-11-16 15:29:10.458,1166,93048.8
2025-11-16 15:29:10.458,1167,87631.56
2025-11-16 15:29:10.458,1168,95170.63
2025-11-16 15:29:10.458,1169,88573.8
2025-11-16 15:29:10.458,1170,91010.8
2025-11-16 15:29:10.458,1171,91261.14
2025-11-16 15:29:10.458,1172,90021.7
2025-11-16 15:29:10.458,1173,89051.75
2025-11-16 15:29:10.458,1174,89051.75
2025-11-16 15:29:10.458,1175,91010.8
2025-11-16 15:29:10.458,1176,83177.96
2025-11-16 15:29:10.458,1177,86251.47
2025-11-16 15:29:10.458,1178,86707.14
2025-11-16 15:29:10.458,1179,88812.2
2025-11-16 15:29:10.458,1180,79699.56
2025-11-16 15:29:10.458,1181,88336.55
2025-11-16 15:29:10.458,1182,76106.58
2025-11-16 15:29:10.458,1183,91261.14
2025-11-16 15:29:10.458,1184,207747.34
2025-11-16 15:29:10.458,1185,89534.38
2025-11-16 15:29:10.458,1186,76471.19
2025-11-16 15:29:10.458,1187,75565.37
2025-11-16 15:29:10.458,1188,76471.19
2025-11-16 15:29:10.458,1189,91765.55
2025-11-16 15:29:10.458,1190,71631.49
2025-11-16 15:29:10.458,1191,81919.95
2025-11-16 15:29:10.458,1192,150502.45
2025-11-16 15:29:10.458,1193,150502.45
2025-11-16 15:29:10.458,1194,187749.41
2025-11-16 15:29:10.458,1195,79503.01
2025-11-16 15:29:10.458,1196,175214.38
2025-11-16 15:29:10.458,1197,435092.38
2025-11-16 15:29:10.458,1198,206594.58
2025-11-16 15:29:10.458,1199,206594.58
2025-11-16 15:29:10.458,1200,293282.41
2025-11-16 15:29:10.458,1201,284551.28
2025-11-16 15:29:10.458,1202,280371.47
2025-11-16 15:29:10.458,1203,284551.28
2025-11-16 15:29:10.458,1204,280371.47
2025-11-16 15:29:10.458,1205,278325.69
2025-11-16 15:29:10.458,1206,280371.47
2025-11-16 15:29:10.458,1207,297844.91
2025-11-16 15:29:10.458,1208,284551.28
2025-11-16 15:29:10.458,1209,284551.28
2025-11-16 15:29:10.458,1210,280371.47
2025-11-16 15:29:10.458,1211,288853.09
2025-11-16 15:29:10.458,1212,288853.09
2025-11-16 15:29:10.458,1213,276308.56
2025-11-16 15:29:10.458,1214,288853.09
2025-11-16 15:29:10.458,1215,288853.09
2025-11-16 15:29:10.458,1216,293282.41
2025-11-16 15:29:10.458,1217,276308.56
2025-11-16 15:29:10.458,1218,280371.47
2025-11-16 15:29:10.458,1219,272357.75
2025-11-16 15:29:10.458,1220,288853.09
2025-11-16 15:29:10.458,1221,293282.41
2025-11-16 15:29:10.458,1222,272357.75
2025-11-16 15:29:10.458,1223,239631.09
2025-11-16 15:29:10.458,1224,268514.44
2025-11-16 15:29:10.458,1225,268514.44
2025-11-16 15:29:10.458,1226,266631.75
2025-11-16 15:29:10.458,1227,252439.11
2025-11-16 15:29:10.458,1228,261133.28
2025-11-16 15:29:10.458,1229,257587.41
2025-11-16 15:29:10.458,1230,250766.73
2025-11-16 15:29:10.458,1231,280371.47
2025-11-16 15:29:10.458,1232,566776.38
2025-11-16 15:29:10.458,1233,262941.66
2025-11-16 15:29:10.458,1234,264774.34
2025-11-16 15:29:10.458,1235,238117.42
2025-11-16 15:29:10.458,1236,232241.86
2025-11-16 15:29:10.458,1237,252439.11
2025-11-16 15:29:10.458,1238,280371.47
2025-11-16 15:29:10.458,1239,314954.38
2025-11-16 15:29:10.458,1240,395419.56
2025-11-16 15:29:10.458,1241,395419.56
2025-11-16 15:29:10.458,1242,528822.38
2025-11-16 15:29:10.458,1243,257587.41
2025-11-16 15:29:10.458,1244,425619.72
2025-11-16 15:29:10.458,1245,558763.94
2025-11-16 15:29:10.458,1246,558763.94
2025-11-16 15:29:10.458,1247,558763.94
2025-11-16 15:29:10.458,1248,102094.18
2025-11-16 15:29:10.458,1249,98522.22
2025-11-16 15:29:10.458,1250,97948.88
2025-11-16 15:29:10.458,1251,98522.22
2025-11-16 15:29:10.458,1252,94098.91
2025-11-16 15:29:10.458,1253,100577.7
2025-11-16 15:29:10.458,1254,98811.18
2025-11-16 15:29:10.458,1255,101482.63
2025-11-16 15:29:10.458,1256,100279.32
2025-11-16 15:29:10.458,1257,94632.04
2025-11-16 15:29:10.458,1258,101482.63
2025-11-16 15:29:10.458,1259,102712.45
2025-11-16 15:29:10.458,1260,97948.88
2025-11-16 15:29:10.458,1261,99101.66
2025-11-16 15:29:10.458,1262,101482.63
2025-11-16 15:29:10.458,1263,97948.88
2025-11-16 15:29:10.458,1264,97100.13
2025-11-16 15:29:10.458,1265,94364.8
2025-11-16 15:29:10.458,1266,91010.8
2025-11-16 15:29:10.458,1267,76471.19
2025-11-16 15:29:10.458,1268,100577.7
2025-11-16 15:29:10.458,1269,102402.48
2025-11-16 15:29:10.458,1270,99101.66
2025-11-16 15:29:10.458,1271,98811.18
2025-11-16 15:29:10.458,1272,99687.32
2025-11-16 15:29:10.458,1273,97664.48
2025-11-16 15:29:10.458,1274,104931.19
2025-11-16 15:29:10.458,1275,103969.71
2025-11-16 15:29:10.458,1276,98522.22
2025-11-16 15:29:10.458,1277,103024.17
2025-11-16 15:29:10.458,1278,94632.04
2025-11-16 15:29:10.458,1279,102094.18
2025-11-16 15:29:10.458,1280,241163.34
2025-11-16 15:29:10.458,1281,109291.9
2025-11-16 15:29:10.458,1282,105581.22
2025-11-16 15:29:10.458,1283,97381.57
2025-11-16 15:29:10.458,1284,97381.57
2025-11-16 15:29:10.458,1285,109291.9
2025-11-16 15:29:10.458,1286,128722.46
2025-11-16 15:29:10.458,1287,136160.72
2025-11-16 15:29:10.458,1288,168739.63
2025-11-16 15:29:10.458,1289,168739.63
2025-11-16 15:29:10.458,1290,223932.14
2025-11-16 15:29:10.458,1291,103969.71
2025-11-16 15:29:10.458,1292,197793.8
2025-11-16 15:29:10.458,1293,521823.06
2025-11-16 15:29:10.458,1294,233684.53
2025-11-16 15:29:10.458,1295,233684.53
2025-11-16 15:29:10.458,1296,52029.78
2025-11-16 15:29:10.458,1297,51100.71
2025-11-16 15:29:10.458,1298,50918.22
2025-11-16 15:29:10.458,1299,51561.75
2025-11-16 15:29:10.458,1300,50110.29
2025-11-16 15:29:10.458,1301,51284.3
2025-11-16 15:29:10.458,1302,51192.37
2025-11-16 15:29:10.458,1303,50377.22
2025-11-16 15:29:10.458,1304,50021.84
2025-11-16 15:29:10.458,1305,51284.3
2025-11-16 15:29:10.458,1306,50110.29
2025-11-16 15:29:10.458,1307,51100.71
2025-11-16 15:29:10.458,1308,50918.22
2025-11-16 15:29:10.458,1309,50918.22
2025-11-16 15:29:10.458,1310,52218.99
2025-11-16 15:29:10.458,1311,51284.3
2025-11-16 15:29:10.458,1312,53975.16
2025-11-16 15:29:10.458,1313,50377.22
2025-11-16 15:29:10.458,1314,52218.99
2025-11-16 15:29:10.458,1315,50646.52
2025-11-16 15:29:10.458,1316,52890.38
2025-11-16 15:29:10.458,1317,54378.94
2025-11-16 15:29:10.458,1318,51100.71
2025-11-16 15:29:10.458,1319,52029.78
2025-11-16 15:29:10.458,1320,50377.22
2025-11-16 15:29:10.458,1321,44928.77
2025-11-16 15:29:10.458,1322,51376.5
2025-11-16 15:29:10.458,1323,51935.61
2025-11-16 15:29:10.458,1324,47001.92
2025-11-16 15:29:10.458,1325,51468.98
2025-11-16 15:29:10.458,1326,44854.87
2025-11-16 15:29:10.458,1327,53576.4
2025-11-16 15:29:10.458,1328,127324.66
2025-11-16 15:29:10.458,1329,54787.84
2025-11-16 15:29:10.458,1330,52029.78
2025-11-16 15:29:10.458,1331,45984.59
2025-11-16 15:29:10.458,1332,45376.36
2025-11-16 15:29:10.458,1333,56585.1
2025-11-16 15:29:10.458,1334,61608.8
2025-11-16 15:29:10.458,1335,68192.39
2025-11-16 15:29:10.458,1336,89534.38
2025-11-16 15:29:10.458,1337,89534.38
2025-11-16 15:29:10.458,1338,112877.99
2025-11-16 15:29:10.458,1339,51284.3
2025-11-16 15:29:10.458,1340,103337.61
2025-11-16 15:29:10.458,1341,250766.73
2025-11-16 15:29:10.458,1342,110700.96
2025-11-16 15:29:10.458,1343,110700.96
2025-11-16 15:29:10.458,1344,29526.5
2025-11-16 15:29:10.458,1345,29488.15
2025-11-16 15:29:10.458,1346,28480.09
2025-11-16 15:29:10.458,1347,28773.39
2025-11-16 15:29:10.458,1348,27836.08
2025-11-16 15:29:10.458,1349,28263.01
2025-11-16 15:29:10.458,1350,27695.87
2025-11-16 15:29:10.458,1351,28119.63
2025-11-16 15:29:10.458,1352,27836.08
2025-11-16 15:29:10.458,1353,27384.16
2025-11-16 15:29:10.458,1354,27977.33
2025-11-16 15:29:10.458,1355,27906.57
2025-11-16 15:29:10.458,1356,28227.06
2025-11-16 15:29:10.458,1357,28119.63
2025-11-16 15:29:10.458,1358,29071.17
2025-11-16 15:29:10.458,1359,28155.37
2025-11-16 15:29:10.458,1360,30389.34
2025-11-16 15:29:10.458,1361,28263.01
2025-11-16 15:29:10.458,1362,30389.34
2025-11-16 15:29:10.458,1363,29221.78
2025-11-16 15:29:10.458,1364,30309.35
2025-11-16 15:29:10.458,1365,30876.0
2025-11-16 15:29:10.458,1366,28699.64
2025-11-16 15:29:10.458,1367,30712.49
2025-11-16 15:29:10.458,1368,29146.33
2025-11-16 15:29:10.458,1369,26283.89
2025-11-16 15:29:10.458,1370,31416.58
2025-11-16 15:29:10.458,1371,30550.28
2025-11-16 15:29:10.458,1372,28480.09
2025-11-16 15:29:10.458,1373,29297.52
2025-11-16 15:29:10.458,1374,27384.16
2025-11-16 15:29:10.458,1375,30389.34
2025-11-16 15:29:10.458,1376,81713.57
2025-11-16 15:29:10.458,1377,31458.76
2025-11-16 15:29:10.458,1378,30958.25
2025-11-16 15:29:10.458,1379,28083.96
2025-11-16 15:29:10.458,1380,27941.91
2025-11-16 15:29:10.458,1381,33542.38
2025-11-16 15:29:10.458,1382,40256.3
2025-11-16 15:29:10.458,1383,42455.23
2025-11-16 15:29:10.458,1384,51841.71
2025-11-16 15:29:10.458,1385,51841.71
2025-11-16 15:29:10.458,1386,71468.63
2025-11-16 15:29:10.458,1387,29564.92
2025-11-16 15:29:10.458,1388,63676.8
2025-11-16 15:29:10.458,1389,168739.63
2025-11-16 15:29:10.458,1390,71959.17
2025-11-16 15:29:10.458,1391,71959.17
2025-11-16 15:29:10.458,1392,34060.55
2025-11-16 15:29:10.458,1393,33588.98
2025-11-16 15:29:10.458,1394,32586.16
2025-11-16 15:29:10.458,1395,33264.83
2025-11-16 15:29:10.458,1396,31628.31
2025-11-16 15:29:10.458,1397,32145.38
2025-11-16 15:29:10.458,1398,31628.31
2025-11-16 15:29:10.458,1399,32145.38
2025-11-16 15:29:10.458,1400,32232.81
2025-11-16 15:29:10.458,1401,31971.61
2025-11-16 15:29:10.458,1402,32765.05
2025-11-16 15:29:10.458,1403,32675.42
2025-11-16 15:29:10.458,1404,32855.06
2025-11-16 15:29:10.458,1405,32630.74
2025-11-16 15:29:10.458,1406,33495.87
2025-11-16 15:29:10.458,1407,32675.42
2025-11-16 15:29:10.458,1408,34935.51
2025-11-16 15:29:10.458,1409,31713.61
2025-11-16 15:29:10.458,1410,35134.67
2025-11-16 15:29:10.458,1411,34156.08
2025-11-16 15:29:10.458,1412,35134.67
2025-11-16 15:29:10.458,1413,36473.41
2025-11-16 15:29:10.458,1414,33588.98
2025-11-16 15:29:10.458,1415,36473.41
2025-11-16 15:29:10.458,1416,34252.03
2025-11-16 15:29:10.458,1417,32765.05
2025-11-16 15:29:10.458,1418,36901.41
2025-11-16 15:29:10.458,1419,35845.82
2025-11-16 15:29:10.458,1420,33682.49
2025-11-16 15:29:10.458,1421,34935.51
2025-11-16 15:29:10.458,1422,33127.38
2025-11-16 15:29:10.458,1423,36001.13
2025-11-16 15:29:10.458,1424,95170.63
2025-11-16 15:29:10.458,1425,37063.94
2025-11-16 15:29:10.458,1426,36955.46
2025-11-16 15:29:10.458,1427,33635.68
2025-11-16 15:29:10.458,1428,33542.38
2025-11-16 15:29:10.458,1429,39403.42
2025-11-16 15:29:10.458,1430,47646.51
2025-11-16 15:29:10.458,1431,50556.48
2025-11-16 15:29:10.458,1432,60253.01
2025-11-16 15:29:10.458,1433,60253.01
2025-11-16 15:29:10.458,1434,86025.24
2025-11-16 15:29:10.458,1435,35184.73
2025-11-16 15:29:10.458,1436,73637.78
2025-11-16 15:29:10.458,1437,205453.95
2025-11-16 15:29:10.458,1438,87167.16
2025-11-16 15:29:10.458,1439,87167.16
2025-11-16 15:29:10.458,1440,37118.37
2025-11-16 15:29:10.458,1441,36686.43
2025-11-16 15:29:10.458,1442,36157.48
2025-11-16 15:29:10.458,1443,36686.43
2025-11-16 15:29:10.458,1444,34493.74
2025-11-16 15:29:10.458,1445,35034.87
2025-11-16 15:29:10.458,1446,34985.13
2025-11-16 15:29:10.458,1447,35949.24
2025-11-16 15:29:10.458,1448,36053.13
2025-11-16 15:29:10.458,1449,35742.86
2025-11-16 15:29:10.458,1450,36526.48
2025-11-16 15:29:10.458,1451,36053.13
2025-11-16 15:29:10.458,1452,36262.32
2025-11-16 15:29:10.458,1453,35794.29
2025-11-16 15:29:10.458,1454,37118.37
2025-11-16 15:29:10.458,1455,36262.32
2025-11-16 15:29:10.458,1456,37837.53
2025-11-16 15:29:10.458,1457,35034.87
2025-11-16 15:29:10.458,1458,37781.43
2025-11-16 15:29:10.458,1459,36473.41
2025-11-16 15:29:10.458,1460,37669.63
2025-11-16 15:29:10.458,1461,38695.02
2025-11-16 15:29:10.458,1462,36209.84
2025-11-16 15:29:10.458,1463,38695.02
2025-11-16 15:29:10.458,1464,36793.67
2025-11-16 15:29:10.458,1465,31501.02
2025-11-16 15:29:10.458,1466,38811.68
2025-11-16 15:29:10.458,1467,38291.07
2025-11-16 15:29:10.458,1468,33635.68
2025-11-16 15:29:10.458,1469,37669.63
2025-11-16 15:29:10.458,1470,32990.79
2025-11-16 15:29:10.458,1471,38233.91
2025-11-16 15:29:10.458,1472,87167.16
2025-11-16 15:29:10.458,1473,39403.42
2025-11-16 15:29:10.458,1474,38006.61
2025-11-16 15:29:10.458,1475,32586.16
2025-11-16 15:29:10.458,1476,31971.61
2025-11-16 15:29:10.458,1477,41854.7
2025-11-16 15:29:10.458,1478,48139.58
2025-11-16 15:29:10.458,1479,51561.75
2025-11-16 15:29:10.458,1480,63943.71
2025-11-16 15:29:10.458,1481,63943.71
2025-11-16 15:29:10.458,1482,83604.98
2025-11-16 15:29:10.458,1483,36473.41
2025-11-16 15:29:10.458,1484,76838.91
2025-11-16 15:29:10.458,1485,198854.59
2025-11-16 15:29:10.458,1486,89534.38
2025-11-16 15:29:10.458,1487,89534.38
2025-11-16 15:29:10.458,1488,30229.68
2025-11-16 15:29:10.458,1489,29526.5
2025-11-16 15:29:10.458,1490,28407.46
2025-11-16 15:29:10.458,1491,29033.7
2025-11-16 15:29:10.458,1492,27765.84
2025-11-16 15:29:10.458,1493,27145.25
2025-11-16 15:29:10.458,1494,27765.84
2025-11-16 15:29:10.458,1495,27977.33
2025-11-16 15:29:10.458,1496,27977.33
2025-11-16 15:29:10.458,1497,27626.15
2025-11-16 15:29:10.458,1498,27836.08
2025-11-16 15:29:10.458,1499,27977.33
2025-11-16 15:29:10.458,1500,27765.84
2025-11-16 15:29:10.458,1501,28119.63
2025-11-16 15:29:10.458,1502,28921.71
2025-11-16 15:29:10.458,1503,28371.24
2025-11-16 15:29:10.458,1504,29914.1
2025-11-16 15:29:10.458,1505,27556.69
2025-11-16 15:29:10.458,1506,30229.68
2025-11-16 15:29:10.458,1507,27906.57
2025-11-16 15:29:10.458,1508,30071.27
2025-11-16 15:29:10.458,1509,30958.25
2025-11-16 15:29:10.458,1510,28921.71
2025-11-16 15:29:10.458,1511,30958.25
2025-11-16 15:29:10.458,1512,29071.17
2025-11-16 15:29:10.458,1513,26875.9
2025-11-16 15:29:10.458,1514,31290.57
2025-11-16 15:29:10.458,1515,30550.28
2025-11-16 15:29:10.458,1516,27765.84
2025-11-16 15:29:10.458,1517,29992.53
2025-11-16 15:29:10.458,1518,26577.51
2025-11-16 15:29:10.458,1519,30794.08
2025-11-16 15:29:10.458,1520,78918.48
2025-11-16 15:29:10.458,1521,31501.02
2025-11-16 15:29:10.458,1522,30917.09
2025-11-16 15:29:10.458,1523,26676.44
2025-11-16 15:29:10.458,1524,26742.69
2025-11-16 15:29:10.458,1525,33036.22
2025-11-16 15:29:10.458,1526,39403.42
2025-11-16 15:29:10.458,1527,42186.62
2025-11-16 15:29:10.458,1528,51468.98
2025-11-16 15:29:10.458,1529,51468.98
2025-11-16 15:29:10.458,1530,67304.12
2025-11-16 15:29:10.458,1531,29603.42
2025-11-16 15:29:10.458,1532,62757.56
2025-11-16 15:29:10.458,1533,165668.98
2025-11-16 15:29:10.458,1534,71795.0
2025-11-16 15:29:10.458,1535,71795.0
2025-11-16 15:29:10.458,1536,25867.97
2025-11-16 15:29:10.458,1537,25867.97
2025-11-16 15:29:10.458,1538,25867.97
2025-11-16 15:29:10.458,1539,25867.97
2025-11-16 15:29:10.458,1540,25867.97
2025-11-16 15:29:10.458,1541,25867.97
2025-11-16 15:29:10.458,1542,25867.97
2025-11-16 15:29:10.458,1543,25867.97
2025-11-16 15:29:10.458,1544,25867.97
2025-11-16 15:29:10.458,1545,25867.97
2025-11-16 15:29:10.458,1546,25867.97
2025-11-16 15:29:10.458,1547,25867.97
2025-11-16 15:29:10.458,1548,25867.97
2025-11-16 15:29:10.458,1549,25867.97
2025-11-16 15:29:10.458,1550,25867.97
2025-11-16 15:29:10.458,1551,25867.97
2025-11-16 15:29:10.458,1552,25867.97
2025-11-16 15:29:10.458,1553,25867.97
2025-11-16 15:29:10.458,1554,25867.97
2025-11-16 15:29:10.458,1555,25867.97
2025-11-16 15:29:10.458,1556,25867.97
2025-11-16 15:29:10.458,1557,25867.97
2025-11-16 15:29:10.458,1558,25867.97
2025-11-16 15:29:10.458,1559,25867.97
2025-11-16 15:29:10.458,1560,25867.97
2025-11-16 15:29:10.458,1561,25867.97
2025-11-16 15:29:10.458,1562,25867.97
2025-11-16 15:29:10.458,1563,25867.97
2025-11-16 15:29:10.458,1564,25867.97
2025-11-16 15:29:10.458,1565,25867.97
2025-11-16 15:29:10.458,1566,25867.97
2025-11-16 15:29:10.458,1567,25867.97
2025-11-16 15:29:10.458,1568,25867.97
2025-11-16 15:29:10.458,1569,25867.97
2025-11-16 15:29:10.458,1570,25867.97
2025-11-16 15:29:10.458,1571,25867.97
2025-11-16 15:29:10.458,1572,25867.97
2025-11-16 15:29:10.458,1573,25867.97
2025-11-16 15:29:10.458,1574,25867.97
2025-11-16 15:29:10.458,1575,25867.97
2025-11-16 15:29:10.458,1576,25867.97
2025-11-16 15:29:10.458,1577,25867.97
2025-11-16 15:29:10.458,1578,25867.97
2025-11-16 15:29:10.458,1579,25867.97
2025-11-16 15:29:10.458,1580,25867.97
2025-11-16 15:29:10.458,1581,25867.97
2025-11-16 15:29:10.458,1582,25867.97
2025-11-16 15:29:10.458,1583,25867.97
2025-11-16 15:29:10.458,1584,25867.97
2025-11-16 15:29:10.458,1585,25585.55
2025-11-16 15:29:10.458,1586,24645.8
2025-11-16 15:29:10.458,1587,25276.9
2025-11-16 15:29:10.458,1588,23810.38
2025-11-16 15:29:10.458,1589,23726.24
2025-11-16 15:29:10.458,1590,24093.88
2025-11-16 15:29:10.458,1591,24093.88
2025-11-16 15:29:10.458,1592,24208.61
2025-11-16 15:29:10.458,1593,24093.88
2025-11-16 15:29:10.458,1594,24237.42
2025-11-16 15:29:10.458,1595,24208.61
2025-11-16 15:29:10.458,1596,24324.12
2025-11-16 15:29:10.458,1597,24324.12
2025-11-16 15:29:10.458,1598,25033.8
2025-11-16 15:29:10.458,1599,24498.84
2025-11-16 15:29:10.458,1600,26316.28
2025-11-16 15:29:10.458,1601,23782.29
2025-11-16 15:29:10.458,1602,26348.73
2025-11-16 15:29:10.458,1603,24266.27
2025-11-16 15:29:10.458,1604,26219.28
2025-11-16 15:29:10.458,1605,26809.18
2025-11-16 15:29:10.458,1606,25154.93
2025-11-16 15:29:10.458,1607,27077.54
2025-11-16 15:29:10.458,1608,25461.45
2025-11-16 15:29:10.458,1609,23810.38
2025-11-16 15:29:10.458,1610,27247.26
2025-11-16 15:29:10.458,1611,26511.85
2025-11-16 15:29:10.458,1612,24266.27
2025-11-16 15:29:10.458,1613,26058.75
2025-11-16 15:29:10.458,1614,23754.24
2025-11-16 15:29:10.458,1615,26809.18
2025-11-16 15:29:10.458,1616,70346.52
2025-11-16 15:29:10.458,1617,27695.87
2025-11-16 15:29:10.458,1618,27695.87
2025-11-16 15:29:10.458,1619,24498.84
2025-11-16 15:29:10.458,1620,23810.38
2025-11-16 15:29:10.458,1621,29992.53
2025-11-16 15:29:10.458,1622,36793.67
2025-11-16 15:29:10.458,1623,38636.91
2025-11-16 15:29:10.458,1624,47161.71
2025-11-16 15:29:10.458,1625,47161.71
2025-11-16 15:29:10.458,1626,65867.58
2025-11-16 15:29:10.458,1627,26544.65
2025-11-16 15:29:10.458,1628,59653.54
2025-11-16 15:29:10.458,1629,164172.88
2025-11-16 15:29:10.458,1630,70346.52
2025-11-16 15:29:10.458,1631,70346.52
2025-11-16 15:29:10.458,1632,25124.57
2025-11-16 15:29:10.458,1633,24586.87
2025-11-16 15:29:10.458,1634,23642.52
2025-11-16 15:29:10.458,1635,24266.27
2025-11-16 15:29:10.458,1636,22774.6
2025-11-16 15:29:10.458,1637,22721.83
2025-11-16 15:29:10.458,1638,22774.6
2025-11-16 15:29:10.458,1639,23339.05
2025-11-16 15:29:10.458,1640,23094.79
2025-11-16 15:29:10.458,1641,22721.83
2025-11-16 15:29:10.458,1642,23202.91
2025-11-16 15:29:10.458,1643,23393.82
2025-11-16 15:29:10.458,1644,23148.76
2025-11-16 15:29:10.458,1645,23202.91
2025-11-16 15:29:10.458,1646,24382.16
2025-11-16 15:29:10.458,1647,23366.42
2025-11-16 15:29:10.458,1648,24704.93
2025-11-16 15:29:10.458,1649,22203.33
2025-11-16 15:29:10.458,1650,24616.31
2025-11-16 15:29:10.458,1651,22880.64
2025-11-16 15:29:10.458,1652,24616.31
2025-11-16 15:29:10.458,1653,25461.45
2025-11-16 15:29:10.458,1654,23810.38
2025-11-16 15:29:10.458,1655,25154.93
2025-11-16 15:29:10.458,1656,23726.24
2025-11-16 15:29:10.458,1657,21261.97
2025-11-16 15:29:10.458,1658,24734.57
2025-11-16 15:29:10.458,1659,24498.84
2025-11-16 15:29:10.458,1660,17606.89
2025-11-16 15:29:10.458,1661,24093.88
2025-11-16 15:29:10.458,1662,17872.27
2025-11-16 15:29:10.458,1663,25215.81
2025-11-16 15:29:10.458,1664,58599.84
2025-11-16 15:29:10.458,1665,25899.63
2025-11-16 15:29:10.458,1666,24675.34
2025-11-16 15:29:10.458,1667,19534.67
2025-11-16 15:29:10.458,1668,16698.84
2025-11-16 15:29:10.458,1669,26809.18
2025-11-16 15:29:10.458,1670,31040.83
2025-11-16 15:29:10.458,1671,34156.08
2025-11-16 15:29:10.458,1672,43417.48
2025-11-16 15:29:10.458,1673,43417.48
2025-11-16 15:29:10.458,1674,54787.84
2025-11-16 15:29:10.458,1675,24093.88
2025-11-16 15:29:10.458,1676,51935.61
2025-11-16 15:29:10.458,1677,146809.88
2025-11-16 15:29:10.458,1678,63148.7
2025-11-16 15:29:10.458,1679,63148.7
2025-11-16 15:29:10.458,1680,32675.42
2025-11-16 15:29:10.458,1681,32101.8
2025-11-16 15:29:10.458,1682,31290.57
2025-11-16 15:29:10.458,1683,32145.38
2025-11-16 15:29:10.458,1684,30550.28
2025-11-16 15:29:10.458,1685,30550.28
2025-11-16 15:29:10.458,1686,29603.42
2025-11-16 15:29:10.458,1687,30794.08
2025-11-16 15:29:10.458,1688,30999.5
2025-11-16 15:29:10.458,1689,30389.34
2025-11-16 15:29:10.458,1690,30876.0
2025-11-16 15:29:10.458,1691,30958.25
2025-11-16 15:29:10.458,1692,30229.68
2025-11-16 15:29:10.458,1693,31290.57
2025-11-16 15:29:10.458,1694,31756.39
2025-11-16 15:29:10.458,1695,30958.25
2025-11-16 15:29:10.458,1696,32765.05
2025-11-16 15:29:10.458,1697,28773.39
2025-11-16 15:29:10.458,1698,32232.81
2025-11-16 15:29:10.458,1699,29221.78
2025-11-16 15:29:10.458,1700,32630.74
2025-11-16 15:29:10.458,1701,33588.98
2025-11-16 15:29:10.458,1702,31458.76
2025-11-16 15:29:10.458,1703,33127.38
2025-11-16 15:29:10.458,1704,31290.57
2025-11-16 15:29:10.458,1705,28371.24
2025-11-16 15:29:10.458,1706,32945.45
2025-11-16 15:29:10.458,1707,32320.6
2025-11-16 15:29:10.458,1708,28119.63
2025-11-16 15:29:10.458,1709,31756.39
2025-11-16 15:29:10.458,1710,27765.84
2025-11-16 15:29:10.458,1711,33310.84
2025-11-16 15:29:10.458,1712,73296.59
2025-11-16 15:29:10.458,1713,34060.55
2025-11-16 15:29:10.458,1714,33127.38
2025-11-16 15:29:10.458,1715,28736.48
2025-11-16 15:29:10.458,1716,26154.89
2025-11-16 15:29:10.458,1717,36209.84
2025-11-16 15:29:10.458,1718,42387.82
2025-11-16 15:29:10.458,1719,45002.86
2025-11-16 15:29:10.458,1720,55833.13
2025-11-16 15:29:10.458,1721,55833.13
2025-11-16 15:29:10.458,1722,68192.39
2025-11-16 15:29:10.458,1723,32630.74
2025-11-16 15:29:10.458,1724,67012.48
2025-11-16 15:29:10.458,1725,187749.41
2025-11-16 15:29:10.458,1726,78725.33
2025-11-16 15:29:10.458,1727,78725.33
2025-11-16 15:29:10.458,1728,26643.4
2025-11-16 15:29:10.458,1729,26090.74
2025-11-16 15:29:10.458,1730,25094.26
2025-11-16 15:29:10.458,1731,25773.33
2025-11-16 15:29:10.458,1732,24557.47
2025-11-16 15:29:10.458,1733,24382.16
2025-11-16 15:29:10.458,1734,24324.12
2025-11-16 15:29:10.458,1735,24616.31
2025-11-16 15:29:10.458,1736,24794.01
2025-11-16 15:29:10.458,1737,24586.87
2025-11-16 15:29:10.458,1738,24469.6
2025-11-16 15:29:10.458,1739,24764.27
2025-11-16 15:29:10.458,1740,24675.34
2025-11-16 15:29:10.458,1741,24853.65
2025-11-16 15:29:10.458,1742,25585.55
2025-11-16 15:29:10.458,1743,25094.26
2025-11-16 15:29:10.458,1744,26283.89
2025-11-16 15:29:10.458,1745,23421.27
2025-11-16 15:29:10.458,1746,26283.89
2025-11-16 15:29:10.458,1747,23040.99
2025-11-16 15:29:10.458,1748,26381.24
2025-11-16 15:29:10.458,1749,27145.25
2025-11-16 15:29:10.458,1750,25124.57
2025-11-16 15:29:10.458,1751,26875.9
2025-11-16 15:29:10.458,1752,25523.39
2025-11-16 15:29:10.458,1753,22305.72
2025-11-16 15:29:10.458,1754,26544.65
2025-11-16 15:29:10.458,1755,26058.75
2025-11-16 15:29:10.458,1756,20014.81
2025-11-16 15:29:10.458,1757,25836.37
2025-11-16 15:29:10.458,1758,20419.37
2025-11-16 15:29:10.458,1759,27077.54
2025-11-16 15:29:10.458,1760,65867.58
2025-11-16 15:29:10.458,1761,27695.87
2025-11-16 15:29:10.458,1762,26348.73
2025-11-16 15:29:10.458,1763,20579.65
2025-11-16 15:29:10.458,1764,20059.23
2025-11-16 15:29:10.458,1765,28847.41
2025-11-16 15:29:10.458,1766,33870.7
2025-11-16 15:29:10.458,1767,36686.43
2025-11-16 15:29:10.458,1768,46527.84
2025-11-16 15:29:10.458,1769,46527.84
2025-11-16 15:29:10.458,1770,58484.71
2025-11-16 15:29:10.458,1771,26090.74
2025-11-16 15:29:10.458,1772,56260.74
2025-11-16 15:29:10.458,1773,158434.67
2025-11-16 15:29:10.458,1774,68342.44
2025-11-16 15:29:10.458,1775,68342.44
2025-11-16 15:29:10.458,1776,23311.73
2025-11-16 15:29:10.458,1777,23366.42
2025-11-16 15:29:10.458,1778,22408.76
2025-11-16 15:29:10.458,1779,22880.64
2025-11-16 15:29:10.458,1780,21900.02
2025-11-16 15:29:10.458,1781,21602.34
2025-11-16 15:29:10.458,1782,21676.24
2025-11-16 15:29:10.458,1783,22076.26
2025-11-16 15:29:10.458,1784,22000.49
2025-11-16 15:29:10.458,1785,21700.95
2025-11-16 15:29:10.458,1786,21725.7
2025-11-16 15:29:10.458,1787,21750.49
2025-11-16 15:29:10.458,1788,21900.02
2025-11-16 15:29:10.458,1789,21950.17
2025-11-16 15:29:10.458,1790,22827.54
2025-11-16 15:29:10.458,1791,22152.38
2025-11-16 15:29:10.458,1792,23642.52
2025-11-16 15:29:10.458,1793,20788.21
2025-11-16 15:29:10.458,1794,23311.73
2025-11-16 15:29:10.458,1795,21213.94
2025-11-16 15:29:10.458,1796,22774.6
2025-11-16 15:29:10.458,1797,24237.42
2025-11-16 15:29:10.458,1798,22152.38
2025-11-16 15:29:10.458,1799,23923.21
2025-11-16 15:29:10.458,1800,22408.76
2025-11-16 15:29:10.458,1801,19470.38
2025-11-16 15:29:10.458,1802,23782.29
2025-11-16 15:29:10.458,1803,23067.87
2025-11-16 15:29:10.458,1804,18359.01
2025-11-16 15:29:10.458,1805,22987.37
2025-11-16 15:29:10.458,1806,18378.83
2025-11-16 15:29:10.458,1807,24093.88
2025-11-16 15:29:10.458,1808,58715.34
2025-11-16 15:29:10.458,1809,24557.47
2025-11-16 15:29:10.458,1810,23148.76
2025-11-16 15:29:10.458,1811,16911.3
2025-11-16 15:29:10.458,1812,16716.42
2025-11-16 15:29:10.458,1813,25647.93
2025-11-16 15:29:10.458,1814,30071.27
2025-11-16 15:29:10.458,1815,32232.81
2025-11-16 15:29:10.458,1816,965113.19
2025-11-16 15:29:10.458,1817,41526.96
2025-11-16 15:29:10.458,1818,53182.58
2025-11-16 15:29:10.458,1819,22101.59
2025-11-16 15:29:10.458,1820,50918.22
2025-11-16 15:29:10.458,1821,143283.25
2025-11-16 15:29:10.458,1822,60374.14
2025-11-16 15:29:10.458,1823,60374.14
2025-11-16 15:29:10.458,1824,32145.38
2025-11-16 15:29:10.458,1825,31799.26
2025-11-16 15:29:10.458,1826,30794.08
2025-11-16 15:29:10.458,1827,31670.92
2025-11-16 15:29:10.458,1828,30150.32
2025-11-16 15:29:10.458,1829,30229.68
2025-11-16 15:29:10.458,1830,30229.68
2025-11-16 15:29:10.458,1831,30229.68
2025-11-16 15:29:10.458,1832,30712.49
2025-11-16 15:29:10.458,1833,30150.32
2025-11-16 15:29:10.458,1834,30189.96
2025-11-16 15:29:10.458,1835,30794.08
2025-11-16 15:29:10.458,1836,29297.52
2025-11-16 15:29:10.458,1837,30389.34
2025-11-16 15:29:10.458,1838,31206.99
2025-11-16 15:29:10.458,1839,30389.34
2025-11-16 15:29:10.458,1840,32320.6
2025-11-16 15:29:10.458,1841,28699.64
2025-11-16 15:29:10.458,1842,32232.81
2025-11-16 15:29:10.458,1843,29526.5
2025-11-16 15:29:10.458,1844,32810.01
2025-11-16 15:29:10.458,1845,33127.38
2025-11-16 15:29:10.458,1846,30794.08
2025-11-16 15:29:10.458,1847,32675.42
2025-11-16 15:29:10.458,1848,30794.08
2025-11-16 15:29:10.458,1849,27626.15
2025-11-16 15:29:10.458,1850,32810.01
2025-11-16 15:29:10.458,1851,31628.31
2025-11-16 15:29:10.458,1852,27626.15
2025-11-16 15:29:10.458,1853,31585.79
2025-11-16 15:29:10.458,1854,26283.89
2025-11-16 15:29:10.458,1855,32232.81
2025-11-16 15:29:10.458,1856,72123.99
2025-11-16 15:29:10.458,1857,33870.7
2025-11-16 15:29:10.458,1858,32765.05
2025-11-16 15:29:10.458,1859,27247.26
2025-11-16 15:29:10.458,1860,27247.26
2025-11-16 15:29:10.458,1861,35897.47
2025-11-16 15:29:10.458,1862,41592.18
2025-11-16 15:29:10.458,1863,44854.87
2025-11-16 15:29:10.458,1864,55621.39
2025-11-16 15:29:10.458,1865,55621.39
2025-11-16 15:29:10.458,1866,64077.9
2025-11-16 15:29:10.458,1867,31713.61
2025-11-16 15:29:10.458,1868,63544.07
2025-11-16 15:29:10.458,1869,180386.63
2025-11-16 15:29:10.458,1870,76838.91
2025-11-16 15:29:10.458,1871,76838.91
2025-11-16 15:29:10.458,1872,27145.25
2025-11-16 15:29:10.458,1873,27213.2
2025-11-16 15:29:10.458,1874,25710.52
2025-11-16 15:29:10.458,1875,26610.43
2025-11-16 15:29:10.458,1876,25585.55
2025-11-16 15:29:10.458,1877,25647.93
2025-11-16 15:29:10.458,1878,25523.39
2025-11-16 15:29:10.458,1879,25647.93
2025-11-16 15:29:10.458,1880,25033.8
2025-11-16 15:29:10.458,1881,25647.93
2025-11-16 15:29:10.458,1882,25647.93
2025-11-16 15:29:10.458,1883,25804.82
2025-11-16 15:29:10.458,1884,25276.9
2025-11-16 15:29:10.458,1885,25585.55
2025-11-16 15:29:10.458,1886,26348.73
2025-11-16 15:29:10.458,1887,25804.82
2025-11-16 15:29:10.458,1888,27145.25
2025-11-16 15:29:10.458,1889,24704.93
2025-11-16 15:29:10.458,1890,27349.84
2025-11-16 15:29:10.458,1891,24853.65
2025-11-16 15:29:10.458,1892,27591.39
2025-11-16 15:29:10.458,1893,28191.18
2025-11-16 15:29:10.458,1894,26154.89
2025-11-16 15:29:10.458,1895,27836.08
2025-11-16 15:29:10.458,1896,26219.28
2025-11-16 15:29:10.458,1897,21651.57
2025-11-16 15:29:10.458,1898,27626.15
2025-11-16 15:29:10.458,1899,27077.54
2025-11-16 15:29:10.458,1900,21358.47
2025-11-16 15:29:10.458,1901,26742.69
2025-11-16 15:29:10.458,1902,20464.99
2025-11-16 15:29:10.458,1903,28227.06
2025-11-16 15:29:10.458,1904,65446.95
2025-11-16 15:29:10.458,1905,28335.09
2025-11-16 15:29:10.458,1906,27977.33
2025-11-16 15:29:10.458,1907,22590.65
2025-11-16 15:29:10.458,1908,22203.33
2025-11-16 15:29:10.458,1909,30550.28
2025-11-16 15:29:10.458,1910,35640.36
2025-11-16 15:29:10.458,1911,38463.37
2025-11-16 15:29:10.458,1912,48305.81
2025-11-16 15:29:10.458,1913,48305.81
2025-11-16 15:29:10.458,1914,59416.6
2025-11-16 15:29:10.458,1915,26809.18
2025-11-16 15:29:10.458,1916,56803.11
2025-11-16 15:29:10.458,1917,162702.02
2025-11-16 15:29:10.458,1918,68192.39
2025-11-16 15:29:10.458,1919,68192.39
2025-11-16 15:29:10.458,1920,566776.38
2025-11-16 15:29:10.458,1921,583498.19
2025-11-16 15:29:10.458,1922,650520.19
2025-11-16 15:29:10.458,1923,550970.88
2025-11-16 15:29:10.458,1924,521823.06
2025-11-16 15:29:10.458,1925,550970.88
2025-11-16 15:29:10.458,1926,661350.38
2025-11-16 15:29:10.458,1927,734602.25
2025-11-16 15:29:10.458,1928,583498.19
2025-11-16 15:29:10.458,1929,583498.19
2025-11-16 15:29:10.458,1930,661350.38
2025-11-16 15:29:10.458,1931,592227.94
2025-11-16 15:29:10.458,1932,601218.31
2025-11-16 15:29:10.458,1933,592227.94
2025-11-16 15:29:10.458,1934,734602.25
2025-11-16 15:29:10.458,1935,566776.38
2025-11-16 15:29:10.458,1936,672541.69
2025-11-16 15:29:10.458,1937,601218.31
2025-11-16 15:29:10.458,1938,566776.38
2025-11-16 15:29:10.458,1939,528822.38
2025-11-16 15:29:10.458,1940,550970.88
2025-11-16 15:29:10.458,1941,592227.94
2025-11-16 15:29:10.458,1942,566776.38
2025-11-16 15:29:10.458,1943,550970.88
2025-11-16 15:29:10.458,1944,460679.59
2025-11-16 15:29:10.458,1945,477494.09
2025-11-16 15:29:10.458,1946,521823.06
2025-11-16 15:29:10.458,1947,455329.53
2025-11-16 15:29:10.458,1948,460679.59
2025-11-16 15:29:10.458,1949,483368.97
2025-11-16 15:29:10.458,1950,421032.91
2025-11-16 15:29:10.458,1951,543388.5
2025-11-16 15:29:10.458,1952,566776.38
2025-11-16 15:29:10.458,1953,566776.38
2025-11-16 15:29:10.458,1954,450099.75
2025-11-16 15:29:10.458,1955,471757.34
2025-11-16 15:29:10.458,1956,439984.91
2025-11-16 15:29:10.458,1957,471757.34
2025-11-16 15:29:10.458,1958,566776.38
2025-11-16 15:29:10.458,1959,650520.19
2025-11-16 15:29:10.458,1960,762705.19
2025-11-16 15:29:10.458,1961,762705.19
2025-11-16 15:29:10.458,1962,387544.88
2025-11-16 15:29:10.458,1963,528822.38
2025-11-16 15:29:10.458,1964,471757.34
2025-11-16 15:29:10.458,1965,965113.19
2025-11-16 15:29:10.458,1966,965113.19
2025-11-16 15:29:10.458,1967,965113.19
2025-11-16 15:29:10.458,1968,32675.42
2025-11-16 15:29:10.458,1969,32145.38
2025-11-16 15:29:10.458,1970,31040.83
2025-11-16 15:29:10.458,1971,31628.31
2025-11-16 15:29:10.458,1972,30229.68
2025-11-16 15:29:10.458,1973,30309.35
2025-11-16 15:29:10.458,1974,30389.34
2025-11-16 15:29:10.458,1975,30631.22
2025-11-16 15:29:10.458,1976,30309.35
2025-11-16 15:29:10.458,1977,30389.34
2025-11-16 15:29:10.458,1978,30309.35
2025-11-16 15:29:10.458,1979,30753.24
2025-11-16 15:29:10.458,1980,30189.96
2025-11-16 15:29:10.458,1981,30631.22
2025-11-16 15:29:10.458,1982,31543.36
2025-11-16 15:29:10.458,1983,30794.08
2025-11-16 15:29:10.458,1984,32145.38
2025-11-16 15:29:10.458,1985,28921.71
2025-11-16 15:29:10.458,1986,32232.81
2025-11-16 15:29:10.458,1987,29992.53
2025-11-16 15:29:10.458,1988,32586.16
2025-11-16 15:29:10.458,1989,33127.38
2025-11-16 15:29:10.458,1990,31290.57
2025-11-16 15:29:10.458,1991,33127.38
2025-11-16 15:29:10.458,1992,31206.99
2025-11-16 15:29:10.458,1993,27556.69
2025-11-16 15:29:10.458,1994,33036.22
2025-11-16 15:29:10.458,1995,31971.61
2025-11-16 15:29:10.458,1996,27077.54
2025-11-16 15:29:10.458,1997,31670.92
2025-11-16 15:29:10.458,1998,25773.33
2025-11-16 15:29:10.458,1999,32232.81
2025-11-16 15:29:10.458,2000,73296.59
2025-11-16 15:29:10.458,2001,33682.49
2025-11-16 15:29:10.458,2002,32145.38
2025-11-16 15:29:10.458,2003,26676.44
2025-11-16 15:29:10.458,2004,26942.87
2025-11-16 15:29:10.458,2005,35742.86
2025-11-16 15:29:10.458,2006,41397.01
2025-11-16 15:29:10.458,2007,43557.83
2025-11-16 15:29:10.458,2008,54378.94
2025-11-16 15:29:10.458,2009,54378.94
2025-11-16 15:29:10.458,2010,62757.56
2025-11-16 15:29:10.458,2011,31713.61
2025-11-16 15:29:10.458,2012,62499.11
2025-11-16 15:29:10.458,2013,183998.22
2025-11-16 15:29:10.458,2014,76838.91
2025-11-16 15:29:10.458,2015,76838.91
2025-11-16 15:29:10.458,2016,566776.38
2025-11-16 15:29:10.458,2017,471757.34
2025-11-16 15:29:10.458,2018,543388.5
2025-11-16 15:29:10.458,2019,550970.88
2025-11-16 15:29:10.458,2020,566776.38
2025-11-16 15:29:10.458,2021,734602.25
2025-11-16 15:29:10.458,2022,601218.31
2025-11-16 15:29:10.458,2023,684112.31
2025-11-16 15:29:10.458,2024,684112.31
2025-11-16 15:29:10.458,2025,550970.88
2025-11-16 15:29:10.458,2026,708471.5
2025-11-16 15:29:10.458,2027,708471.5
2025-11-16 15:29:10.458,2028,708471.5
2025-11-16 15:29:10.458,2029,762705.19
2025-11-16 15:29:10.458,2030,762705.19
2025-11-16 15:29:10.458,2031,629875.0
2025-11-16 15:29:10.458,2032,721303.56
2025-11-16 15:29:10.458,2033,583498.19
2025-11-16 15:29:10.458,2034,708471.5
2025-11-16 15:29:10.458,2035,684112.31
2025-11-16 15:29:10.458,2036,762705.19
2025-11-16 15:29:10.458,2037,734602.25
2025-11-16 15:29:10.458,2038,721303.56
2025-11-16 15:29:10.458,2039,734602.25
2025-11-16 15:29:10.458,2040,734602.25
2025-11-16 15:29:10.458,2041,583498.19
2025-11-16 15:29:10.458,2042,708471.5
2025-11-16 15:29:10.458,2043,721303.56
2025-11-16 15:29:10.458,2044,601218.31
2025-11-16 15:29:10.458,2045,684112.31
2025-11-16 15:29:10.458,2046,583498.19
2025-11-16 15:29:10.458,2047,762705.19
2025-11-16 15:29:10.458,2048,988899.38
2025-11-16 15:29:10.458,2049,748393.56
2025-11-16 15:29:10.458,2050,734602.25
2025-11-16 15:29:10.458,2051,672541.69
2025-11-16 15:29:10.458,2052,661350.38
2025-11-16 15:29:10.458,2053,708471.5
2025-11-16 15:29:10.458,2054,900097.25
2025-11-16 15:29:10.458,2055,965113.19
2025-11-16 15:29:10.458,2056,528822.38
2025-11-16 15:29:10.458,2057,528822.38
2025-11-16 15:29:10.458,2058,528822.38
2025-11-16 15:29:10.458,2059,721303.56
2025-11-16 15:29:10.458,2060,793012.25
2025-11-16 15:29:10.458,2061,27349.84
2025-11-16 15:29:10.458,2062,27349.84
2025-11-16 15:29:10.458,2063,27349.84
2025-11-16 15:29:10.458,2064,27349.84
2025-11-16 15:29:10.458,2065,26875.9
2025-11-16 15:29:10.458,2066,26219.28
2025-11-16 15:29:10.458,2067,26643.4
2025-11-16 15:29:10.458,2068,25523.39
2025-11-16 15:29:10.458,2069,25154.93
2025-11-16 15:29:10.458,2070,25679.2
2025-11-16 15:29:10.458,2071,25963.11
2025-11-16 15:29:10.458,2072,26154.89
2025-11-16 15:29:10.458,2073,25154.93
2025-11-16 15:29:10.458,2074,25836.37
2025-11-16 15:29:10.458,2075,25836.37
2025-11-16 15:29:10.458,2076,25836.37
2025-11-16 15:29:10.458,2077,26090.74
2025-11-16 15:29:10.458,2078,26348.73
2025-11-16 15:29:10.458,2079,26219.28
2025-11-16 15:29:10.458,2080,27077.54
2025-11-16 15:29:10.458,2081,22331.42
2025-11-16 15:29:10.458,2082,27836.08
2025-11-16 15:29:10.458,2083,23810.38
2025-11-16 15:29:10.458,2084,27695.87
2025-11-16 15:29:10.458,2085,28699.64
2025-11-16 15:29:10.458,2086,27010.09
2025-11-16 15:29:10.458,2087,28810.36
2025-11-16 15:29:10.458,2088,27247.26
2025-11-16 15:29:10.458,2089,25585.55
2025-11-16 15:29:10.458,2090,29221.78
2025-11-16 15:29:10.458,2091,27941.91
2025-11-16 15:29:10.458,2092,25741.9
2025-11-16 15:29:10.458,2093,27695.87
2025-11-16 15:29:10.458,2094,24794.01
2025-11-16 15:29:10.458,2095,28263.01
2025-11-16 15:29:10.458,2096,72789.98
2025-11-16 15:29:10.458,2097,29603.42
2025-11-16 15:29:10.458,2098,28773.39
2025-11-16 15:29:10.458,2099,25154.93
2025-11-16 15:29:10.458,2100,25003.64
2025-11-16 15:29:10.458,2101,31040.83
2025-11-16 15:29:10.458,2102,37725.46
2025-11-16 15:29:10.458,2103,40380.55
2025-11-16 15:29:10.458,2104,48980.34
2025-11-16 15:29:10.458,2105,48980.34
2025-11-16 15:29:10.458,2106,64756.17
2025-11-16 15:29:10.458,2107,27765.84
2025-11-16 15:29:10.458,2108,59181.26
2025-11-16 15:29:10.458,2109,165668.98
2025-11-16 15:29:10.458,2110,70983.91
2025-11-16 15:29:10.458,2111,70983.91
2025-11-16 15:29:10.458,2112,444986.13
2025-11-16 15:29:10.458,2113,403612.41
2025-11-16 15:29:10.458,2114,430305.09
2025-11-16 15:29:10.458,2115,399475.0
2025-11-16 15:29:10.458,2116,376290.09
2025-11-16 15:29:10.458,2117,421032.91
2025-11-16 15:29:10.458,2118,387544.88
2025-11-16 15:29:10.458,2119,407834.16
2025-11-16 15:29:10.458,2120,403612.41
2025-11-16 15:29:10.458,2121,379970.25
2025-11-16 15:29:10.458,2122,430305.09
2025-11-16 15:29:10.458,2123,435092.38
2025-11-16 15:29:10.458,2124,395419.56
2025-11-16 15:29:10.458,2125,455329.53
2025-11-16 15:29:10.458,2126,430305.09
2025-11-16 15:29:10.458,2127,395419.56
2025-11-16 15:29:10.458,2128,379970.25
2025-11-16 15:29:10.458,2129,399475.0
2025-11-16 15:29:10.458,2130,430305.09
2025-11-16 15:29:10.458,2131,387544.88
2025-11-16 15:29:10.458,2132,435092.38
2025-11-16 15:29:10.458,2133,391443.63
2025-11-16 15:29:10.458,2134,430305.09
2025-11-16 15:29:10.458,2135,421032.91
2025-11-16 15:29:10.458,2136,379970.25
2025-11-16 15:29:10.458,2137,383721.19
2025-11-16 15:29:10.458,2138,439984.91
2025-11-16 15:29:10.458,2139,403612.41
2025-11-16 15:29:10.458,2140,376290.09
2025-11-16 15:29:10.458,2141,395419.56
2025-11-16 15:29:10.458,2142,346048.91
2025-11-16 15:29:10.458,2143,455329.53
2025-11-16 15:29:10.458,2144,268514.44
2025-11-16 15:29:10.458,2145,387544.88
2025-11-16 15:29:10.458,2146,365654.84
2025-11-16 15:29:10.458,2147,346048.91
2025-11-16 15:29:10.458,2148,322883.13
2025-11-16 15:29:10.458,2149,376290.09
2025-11-16 15:29:10.458,2150,450099.75
2025-11-16 15:29:10.458,2151,460679.59
2025-11-16 15:29:10.458,2152,483368.97
2025-11-16 15:29:10.458,2153,483368.97
2025-11-16 15:29:10.458,2154,113621.23
2025-11-16 15:29:10.458,2155,365654.84
2025-11-16 15:29:10.458,2156,187749.41
2025-11-16 15:29:10.458,2157,536008.31
2025-11-16 15:29:10.458,2158,536008.31
2025-11-16 15:29:10.458,2159,536008.31
2025-11-16 15:29:10.458,2160,439984.91
2025-11-16 15:29:10.458,2161,403612.41
2025-11-16 15:29:10.458,2162,379970.25
2025-11-16 15:29:10.458,2163,403612.41
2025-11-16 15:29:10.458,2164,450099.75
2025-11-16 15:29:10.458,2165,430305.09
2025-11-16 15:29:10.458,2166,379970.25
2025-11-16 15:29:10.458,2167,439984.91
2025-11-16 15:29:10.458,2168,399475.0
2025-11-16 15:29:10.458,2169,450099.75
2025-11-16 15:29:10.458,2170,416541.69
2025-11-16 15:29:10.458,2171,521823.06
2025-11-16 15:29:10.458,2172,444986.13
2025-11-16 15:29:10.458,2173,460679.59
2025-11-16 15:29:10.458,2174,483368.97
2025-11-16 15:29:10.458,2175,483368.97
2025-11-16 15:29:10.458,2176,508356.06
2025-11-16 15:29:10.458,2177,450099.75
2025-11-16 15:29:10.458,2178,508356.06
2025-11-16 15:29:10.458,2179,477494.09
2025-11-16 15:29:10.458,2180,455329.53
2025-11-16 15:29:10.458,2181,521823.06
2025-11-16 15:29:10.458,2182,521823.06
2025-11-16 15:29:10.458,2183,483368.97
2025-11-16 15:29:10.458,2184,483368.97
2025-11-16 15:29:10.458,2185,489387.19
2025-11-16 15:29:10.458,2186,495554.03
2025-11-16 15:29:10.458,2187,450099.75
2025-11-16 15:29:10.458,2188,435092.38
2025-11-16 15:29:10.458,2189,471757.34
2025-11-16 15:29:10.458,2190,444986.13
2025-11-16 15:29:10.458,2191,521823.06
2025-11-16 15:29:10.458,2192,383721.19
2025-11-16 15:29:10.458,2193,521823.06
2025-11-16 15:29:10.458,2194,495554.03
2025-11-16 15:29:10.458,2195,508356.06
2025-11-16 15:29:10.458,2196,439984.91
2025-11-16 15:29:10.458,2197,521823.06
2025-11-16 15:29:10.458,2198,508356.06
2025-11-16 15:29:10.458,2199,650520.19
2025-11-16 15:29:10.458,2200,793012.25
2025-11-16 15:29:10.458,2201,793012.25
2025-11-16 15:29:10.458,2202,169524.13
2025-11-16 15:29:10.458,2203,558763.94
2025-11-16 15:29:10.458,2204,276308.56
2025-11-16 15:29:10.458,2205,988899.38
2025-11-16 15:29:10.458,2206,988899.38
2025-11-16 15:29:10.458,2207,988899.38
2025-11-16 15:29:10.458,2208,312394.69
2025-11-16 15:29:10.458,2209,312394.69
2025-11-16 15:29:10.458,2210,312394.69
2025-11-16 15:29:10.458,2211,312394.69
2025-11-16 15:29:10.458,2212,312394.69
2025-11-16 15:29:10.458,2213,312394.69
2025-11-16 15:29:10.458,2214,312394.69
2025-11-16 15:29:10.458,2215,312394.69
2025-11-16 15:29:10.458,2216,312394.69
2025-11-16 15:29:10.458,2217,312394.69
2025-11-16 15:29:10.458,2218,312394.69
2025-11-16 15:29:10.458,2219,312394.69
2025-11-16 15:29:10.458,2220,312394.69
2025-11-16 15:29:10.458,2221,312394.69
2025-11-16 15:29:10.458,2222,312394.69
2025-11-16 15:29:10.458,2223,312394.69
2025-11-16 15:29:10.458,2224,312394.69
2025-11-16 15:29:10.458,2225,312394.69
2025-11-16 15:29:10.458,2226,312394.69
2025-11-16 15:29:10.458,2227,312394.69
2025-11-16 15:29:10.458,2228,312394.69
2025-11-16 15:29:10.458,2229,312394.69
2025-11-16 15:29:10.458,2230,312394.69
2025-11-16 15:29:10.458,2231,312394.69
2025-11-16 15:29:10.458,2232,312394.69
2025-11-16 15:29:10.458,2233,312394.69
2025-11-16 15:29:10.458,2234,312394.69
2025-11-16 15:29:10.458,2235,312394.69
2025-11-16 15:29:10.458,2236,312394.69
2025-11-16 15:29:10.458,2237,312394.69
2025-11-16 15:29:10.458,2238,312394.69
2025-11-16 15:29:10.458,2239,312394.69
2025-11-16 15:29:10.458,2240,312394.69
2025-11-16 15:29:10.458,2241,312394.69
2025-11-16 15:29:10.458,2242,312394.69
2025-11-16 15:29:10.458,2243,312394.69
2025-11-16 15:29:10.458,2244,312394.69
2025-11-16 15:29:10.458,2245,312394.69
2025-11-16 15:29:10.458,2246,312394.69
2025-11-16 15:29:10.458,2247,312394.69
2025-11-16 15:29:10.458,2248,312394.69
2025-11-16 15:29:10.458,2249,312394.69
2025-11-16 15:29:10.458,2250,312394.69
2025-11-16 15:29:10.458,2251,312394.69
2025-11-16 15:29:10.458,2252,312394.69
2025-11-16 15:29:10.458,2253,312394.69
2025-11-16 15:29:10.458,2254,312394.69
2025-11-16 15:29:10.458,2255,312394.69
2025-11-16 15:29:10.458,2256,312394.69
2025-11-16 15:29:10.458,2257,288853.09
2025-11-16 15:29:10.458,2258,268514.44
2025-11-16 15:29:10.458,2259,261133.28
2025-11-16 15:29:10.458,2260,264774.34
2025-11-16 15:29:10.458,2261,280371.47
2025-11-16 15:29:10.458,2262,268514.44
2025-11-16 15:29:10.458,2263,276308.56
2025-11-16 15:29:10.458,2264,249115.52
2025-11-16 15:29:10.458,2265,254133.06
2025-11-16 15:29:10.458,2266,268514.44
2025-11-16 15:29:10.458,2267,276308.56
2025-11-16 15:29:10.458,2268,293282.41
2025-11-16 15:29:10.458,2269,280371.47
2025-11-16 15:29:10.458,2270,278325.69
2025-11-16 15:29:10.458,2271,259348.69
2025-11-16 15:29:10.458,2272,331208.34
2025-11-16 15:29:10.458,2273,257587.41
2025-11-16 15:29:10.458,2274,297844.91
2025-11-16 15:29:10.458,2275,261133.28
2025-11-16 15:29:10.458,2276,261133.28
2025-11-16 15:29:10.458,2277,268514.44
2025-11-16 15:29:10.458,2278,257587.41
2025-11-16 15:29:10.458,2279,252439.11
2025-11-16 15:29:10.458,2280,254133.06
2025-11-16 15:29:10.458,2281,235144.47
2025-11-16 15:29:10.458,2282,249115.52
2025-11-16 15:29:10.458,2283,268514.44
2025-11-16 15:29:10.458,2284,229407.17
2025-11-16 15:29:10.458,2285,254133.06
2025-11-16 15:29:10.458,2286,218701.81
2025-11-16 15:29:10.458,2287,268514.44
2025-11-16 15:29:10.458,2288,183998.22
2025-11-16 15:29:10.458,2289,257587.41
2025-11-16 15:29:10.458,2290,268514.44
2025-11-16 15:29:10.458,2291,211280.41
2025-11-16 15:29:10.458,2292,235144.47
2025-11-16 15:29:10.458,2293,250766.73
2025-11-16 15:29:10.458,2294,291051.47
2025-11-16 15:29:10.458,2295,334076.69
2025-11-16 15:29:10.458,2296,387544.88
2025-11-16 15:29:10.458,2297,387544.88
2025-11-16 15:29:10.458,2298,67745.73
2025-11-16 15:29:10.458,2299,261133.28
2025-11-16 15:29:10.458,2300,109992.31
2025-11-16 15:29:10.458,2301,861364.44
2025-11-16 15:29:10.458,2302,466154.09
2025-11-16 15:29:10.458,2303,466154.09
2025-11-16 15:29:10.744,0,24645.8
2025-11-16 15:29:10.744,1,30794.08
2025-11-16 15:29:10.744,2,37447.59
2025-11-16 15:29:10.744,3,34935.51
2025-11-16 15:29:10.744,4,36901.41
2025-11-16 15:29:10.744,5,37558.35
2025-11-16 15:29:10.744,6,37558.35
2025-11-16 15:29:10.744,7,38006.61
2025-11-16 15:29:10.744,8,38006.61
2025-11-16 15:29:10.744,9,37447.59
2025-11-16 15:29:10.744,10,37781.43
2025-11-16 15:29:10.744,11,38006.61
2025-11-16 15:29:10.744,12,37009.64
2025-11-16 15:29:10.744,13,37893.76
2025-11-16 15:29:10.744,14,39283.93
2025-11-16 15:29:10.744,15,36686.43
2025-11-16 15:29:10.744,16,37337.34
2025-11-16 15:29:10.744,17,39283.93
2025-11-16 15:29:10.744,18,39887.21
2025-11-16 15:29:10.744,19,39765.37
2025-11-16 15:29:10.744,20,41139.08
2025-11-16 15:29:10.744,21,41267.73
2025-11-16 15:29:10.744,22,39165.01
2025-11-16 15:29:10.744,23,41657.55
2025-11-16 15:29:10.744,24,39523.48
2025-11-16 15:29:10.744,25,38348.37
2025-11-16 15:29:10.744,26,41788.82
2025-11-16 15:29:10.744,27,39887.21
2025-11-16 15:29:10.744,28,40693.86
2025-11-16 15:29:10.744,29,40380.55
2025-11-16 15:29:10.744,30,40194.41
2025-11-16 15:29:10.744,31,40883.72
2025-11-16 15:29:10.744,32,103969.71
2025-11-16 15:29:10.744,33,42590.57
2025-11-16 15:29:10.744,34,42863.36
2025-11-16 15:29:10.744,35,40630.89
2025-11-16 15:29:10.744,36,39523.48
2025-11-16 15:29:10.744,37,44415.61
2025-11-16 15:29:10.744,38,54582.74
2025-11-16 15:29:10.744,39,56476.62
2025-11-16 15:29:10.744,40,64483.38
2025-11-16 15:29:10.744,41,64483.38
2025-11-16 15:29:10.744,42,97948.88
2025-11-16 15:29:10.744,43,40756.99
2025-11-16 15:29:10.744,44,75030.93
2025-11-16 15:29:10.744,45,195704.14
2025-11-16 15:29:10.744,46,91765.55
2025-11-16 15:29:10.744,47,91765.55
2025-11-16 15:29:10.744,48,111058.42
2025-11-16 15:29:10.744,49,109992.31
2025-11-16 15:29:10.744,50,125954.73
2025-11-16 15:29:10.744,51,120737.61
2025-11-16 15:29:10.744,52,128253.38
2025-11-16 15:29:10.744,53,123295.2
2025-11-16 15:29:10.744,54,119086.36
2025-11-16 15:29:10.744,55,123295.2
2025-11-16 15:29:10.744,56,127324.66
2025-11-16 15:29:10.744,57,126864.97
2025-11-16 15:29:10.744,58,134609.98
2025-11-16 15:29:10.744,59,126864.97
2025-11-16 15:29:10.744,60,126864.97
2025-11-16 15:29:10.744,61,129194.73
2025-11-16 15:29:10.744,62,130631.02
2025-11-16 15:29:10.744,63,124611.84
2025-11-16 15:29:10.744,64,112877.99
2025-11-16 15:29:10.744,65,128253.38
2025-11-16 15:29:10.744,66,135640.13
2025-11-16 15:29:10.744,67,128722.46
2025-11-16 15:29:10.744,68,138820.45
2025-11-16 15:29:10.744,69,128722.46
2025-11-16 15:29:10.744,70,130631.02
2025-11-16 15:29:10.744,71,136685.03
2025-11-16 15:29:10.744,72,134609.98
2025-11-16 15:29:10.744,73,135123.23
2025-11-16 15:29:10.744,74,134609.98
2025-11-16 15:29:10.744,75,138820.45
2025-11-16 15:29:10.744,76,136685.03
2025-11-16 15:29:10.744,77,135640.13
2025-11-16 15:29:10.744,78,129194.73
2025-11-16 15:29:10.744,79,141018.91
2025-11-16 15:29:10.744,80,317555.0
2025-11-16 15:29:10.744,81,136685.03
2025-11-16 15:29:10.744,82,145616.44
2025-11-16 15:29:10.744,83,137745.05
2025-11-16 15:29:10.744,84,136685.03
2025-11-16 15:29:10.744,85,146809.88
2025-11-16 15:29:10.744,86,176906.95
2025-11-16 15:29:10.744,87,187749.41
2025-11-16 15:29:10.744,88,162702.02
2025-11-16 15:29:10.744,89,162702.02
2025-11-16 15:29:10.744,90,284551.28
2025-11-16 15:29:10.744,91,138820.45
2025-11-16 15:29:10.744,92,151772.23
2025-11-16 15:29:10.744,93,528822.38
2025-11-16 15:29:10.744,94,250766.73
2025-11-16 15:29:10.744,95,250766.73
2025-11-16 15:29:10.744,96,79896.98
2025-11-16 15:29:10.744,97,76471.19
2025-11-16 15:29:10.744,98,86707.14
2025-11-16 15:29:10.744,99,86251.47
2025-11-16 15:29:10.744,100,85575.93
2025-11-16 15:29:10.744,101,93048.8
2025-11-16 15:29:10.744,102,94632.04
2025-11-16 15:29:10.744,103,93834.39
2025-11-16 15:29:10.744,104,90513.82
2025-11-16 15:29:10.744,105,89292.48
2025-11-16 15:29:10.744,106,87167.16
2025-11-16 15:29:10.744,107,88573.8
2025-11-16 15:29:10.744,108,88573.8
2025-11-16 15:29:10.744,109,90267.15
2025-11-16 15:29:10.744,110,90267.15
2025-11-16 15:29:10.744,111,90513.82
2025-11-16 15:29:10.744,112,75030.93
2025-11-16 15:29:10.744,113,89051.75
2025-11-16 15:29:10.744,114,87398.81
2025-11-16 15:29:10.744,115,86707.14
2025-11-16 15:29:10.744,116,94098.91
2025-11-16 15:29:10.744,117,97948.88
2025-11-16 15:29:10.744,118,88573.8
2025-11-16 15:29:10.744,119,92789.56
2025-11-16 15:29:10.744,120,92019.64
2025-11-16 15:29:10.744,121,92531.65
2025-11-16 15:29:10.744,122,92531.65
2025-11-16 15:29:10.744,123,91010.8
2025-11-16 15:29:10.744,124,90267.15
2025-11-16 15:29:10.744,125,89534.38
2025-11-16 15:29:10.744,126,91261.14
2025-11-16 15:29:10.744,127,94098.91
2025-11-16 15:29:10.744,128,216173.34
2025-11-16 15:29:10.744,129,94364.8
2025-11-16 15:29:10.744,130,94632.04
2025-11-16 15:29:10.744,131,93834.39
2025-11-16 15:29:10.744,132,91512.71
2025-11-16 15:29:10.744,133,97664.48
2025-11-16 15:29:10.744,134,121157.05
2025-11-16 15:29:10.744,135,126864.97
2025-11-16 15:29:10.744,136,109291.9
2025-11-16 15:29:10.744,137,109291.9
2025-11-16 15:29:10.744,138,206594.58
2025-11-16 15:29:10.744,139,90021.7
2025-11-16 15:29:10.744,140,137745.05
2025-11-16 15:29:10.744,141,430305.09
2025-11-16 15:29:10.744,142,177764.91
2025-11-16 15:29:10.744,143,177764.91
2025-11-16 15:29:10.744,144,44415.61
2025-11-16 15:29:10.744,145,44126.66
2025-11-16 15:29:10.744,146,45754.95
2025-11-16 15:29:10.744,147,45301.25
2025-11-16 15:29:10.744,148,44561.25
2025-11-16 15:29:10.744,149,45002.86
2025-11-16 15:29:10.744,150,44928.77
2025-11-16 15:29:10.744,151,44854.87
2025-11-16 15:29:10.744,152,44561.25
2025-11-16 15:29:10.744,153,43983.32
2025-11-16 15:29:10.744,154,45002.86
2025-11-16 15:29:10.744,155,45002.86
2025-11-16 15:29:10.744,156,45077.16
2025-11-16 15:29:10.744,157,44854.87
2025-11-16 15:29:10.744,158,44781.16
2025-11-16 15:29:10.744,159,45151.65
2025-11-16 15:29:10.744,160,26219.28
2025-11-16 15:29:10.744,161,44415.61
2025-11-16 15:29:10.744,162,45226.35
2025-11-16 15:29:10.744,163,41657.55
2025-11-16 15:29:10.744,164,47484.0
2025-11-16 15:29:10.744,165,48222.58
2025-11-16 15:29:10.744,166,43769.74
2025-11-16 15:29:10.744,167,48305.81
2025-11-16 15:29:10.744,168,46061.56
2025-11-16 15:29:10.744,169,46606.3
2025-11-16 15:29:10.744,170,47565.14
2025-11-16 15:29:10.744,171,48641.14
2025-11-16 15:29:10.744,172,47484.0
2025-11-16 15:29:10.744,173,46527.84
2025-11-16 15:29:10.744,174,48056.82
2025-11-16 15:29:10.744,175,48810.25
2025-11-16 15:29:10.744,176,121157.05
2025-11-16 15:29:10.744,177,50466.71
2025-11-16 15:29:10.744,178,50918.22
2025-11-16 15:29:10.744,179,47484.0
2025-11-16 15:29:10.744,180,48389.29
2025-11-16 15:29:10.744,181,51468.98
2025-11-16 15:29:10.744,182,64077.9
2025-11-16 15:29:10.744,183,66150.61
2025-11-16 15:29:10.744,184,63676.8
2025-11-16 15:29:10.744,185,63676.8
2025-11-16 15:29:10.744,186,110700.96
2025-11-16 15:29:10.744,187,47161.71
2025-11-16 15:29:10.744,188,85352.86
2025-11-16 15:29:10.744,189,249115.52
2025-11-16 15:29:10.744,190,106903.57
2025-11-16 15:29:10.744,191,106903.57
2025-11-16 15:29:10.744,192,27977.33
2025-11-16 15:29:10.744,193,27765.84
2025-11-16 15:29:10.744,194,27281.39
2025-11-16 15:29:10.744,195,27977.33
2025-11-16 15:29:10.744,196,26809.18
2025-11-16 15:29:10.744,197,27418.54
2025-11-16 15:29:10.744,198,27349.84
2025-11-16 15:29:10.744,199,27591.39
2025-11-16 15:29:10.744,200,27145.25
2025-11-16 15:29:10.744,201,27077.54
2025-11-16 15:29:10.744,202,27281.39
2025-11-16 15:29:10.744,203,27213.2
2025-11-16 15:29:10.744,204,27906.57
2025-11-16 15:29:10.744,205,27556.69
2025-11-16 15:29:10.744,206,27906.57
2025-11-16 15:29:10.744,207,27941.91
2025-11-16 15:29:10.744,208,19406.36
2025-11-16 15:29:10.744,209,27556.69
2025-11-16 15:29:10.744,210,26577.51
2025-11-16 15:29:10.744,211,23202.91
2025-11-16 15:29:10.744,212,28996.3
2025-11-16 15:29:10.744,213,29146.33
2025-11-16 15:29:10.744,214,23810.38
2025-11-16 15:29:10.744,215,29146.33
2025-11-16 15:29:10.744,216,27626.15
2025-11-16 15:29:10.744,217,28407.46
2025-11-16 15:29:10.744,218,29297.52
2025-11-16 15:29:10.744,219,29992.53
2025-11-16 15:29:10.744,220,29146.33
2025-11-16 15:29:10.744,221,28263.01
2025-11-16 15:29:10.744,222,29449.88
2025-11-16 15:29:10.744,223,30389.34
2025-11-16 15:29:10.744,224,83177.96
2025-11-16 15:29:10.744,225,31543.36
2025-11-16 15:29:10.744,226,32058.32
2025-11-16 15:29:10.744,227,29992.53
2025-11-16 15:29:10.744,228,29641.99
2025-11-16 15:29:10.744,229,33356.95
2025-11-16 15:29:10.744,230,41397.01
2025-11-16 15:29:10.744,231,43698.91
2025-11-16 15:29:10.744,232,43698.91
2025-11-16 15:29:10.744,233,43698.91
2025-11-16 15:29:10.744,234,77023.94
2025-11-16 15:29:10.744,235,29603.42
2025-11-16 15:29:10.744,236,62370.57
2025-11-16 15:29:10.744,237,175214.38
2025-11-16 15:29:10.744,238,73637.78
2025-11-16 15:29:10.744,239,73637.78
2025-11-16 15:29:10.744,240,20510.75
2025-11-16 15:29:10.744,241,20059.23
2025-11-16 15:29:10.744,242,19794.65
2025-11-16 15:29:10.744,243,20419.37
2025-11-16 15:29:10.744,244,19664.09
2025-11-16 15:29:10.744,245,19794.65
2025-11-16 15:29:10.744,246,19491.78
2025-11-16 15:29:10.744,247,19534.67
2025-11-16 15:29:10.744,248,19194.97
2025-11-16 15:29:10.744,249,19449.01
2025-11-16 15:29:10.744,250,19385.09
2025-11-16 15:29:10.744,251,19363.84
2025-11-16 15:29:10.744,252,19751.0
2025-11-16 15:29:10.744,253,19470.38
2025-11-16 15:29:10.744,254,20373.88
2025-11-16 15:29:10.744,255,19860.36
2025-11-16 15:29:10.744,256,19153.06
2025-11-16 15:29:10.744,257,20442.16
2025-11-16 15:29:10.744,258,19491.78
2025-11-16 15:29:10.744,259,19132.14
2025-11-16 15:29:10.744,260,21334.29
2025-11-16 15:29:10.744,261,21602.34
2025-11-16 15:29:10.744,262,20081.49
2025-11-16 15:29:10.744,263,22076.26
2025-11-16 15:29:10.744,264,20788.21
2025-11-16 15:29:10.744,265,20764.89
2025-11-16 15:29:10.744,266,23040.99
2025-11-16 15:29:10.744,267,21950.17
2025-11-16 15:29:10.744,268,21725.7
2025-11-16 15:29:10.744,269,21118.33
2025-11-16 15:29:10.744,270,21553.27
2025-11-16 15:29:10.744,271,22101.59
2025-11-16 15:29:10.744,272,67597.96
2025-11-16 15:29:10.744,273,22933.92
2025-11-16 15:29:10.744,274,23284.46
2025-11-16 15:29:10.744,275,22101.59
2025-11-16 15:29:10.744,276,21950.17
2025-11-16 15:29:10.744,277,24557.47
2025-11-16 15:29:10.744,278,31971.61
2025-11-16 15:29:10.744,279,32900.21
2025-11-16 15:29:10.744,280,35034.87
2025-11-16 15:29:10.744,281,35034.87
2025-11-16 15:29:10.744,282,61358.41
2025-11-16 15:29:10.744,283,21358.47
2025-11-16 15:29:10.744,284,49670.62
2025-11-16 15:29:10.744,285,133594.3
2025-11-16 15:29:10.744,286,58028.08
2025-11-16 15:29:10.744,287,58028.08
2025-11-16 15:29:10.744,288,17531.99
2025-11-16 15:29:10.744,289,17383.4
2025-11-16 15:29:10.744,290,16628.76
2025-11-16 15:29:10.744,291,17199.88
2025-11-16 15:29:10.744,292,16198.91
2025-11-16 15:29:10.744,293,16403.5
2025-11-16 15:29:10.744,294,16131.41
2025-11-16 15:29:10.744,295,16047.52
2025-11-16 15:29:10.744,296,15947.57
2025-11-16 15:29:10.744,297,16064.26
2025-11-16 15:29:10.744,298,16131.41
2025-11-16 15:29:10.744,299,16215.84
2025-11-16 15:29:10.744,300,16352.05
2025-11-16 15:29:10.744,301,16148.25
2025-11-16 15:29:10.744,302,17054.83
2025-11-16 15:29:10.744,303,16352.05
2025-11-16 15:29:10.744,304,18084.37
2025-11-16 15:29:10.744,305,17272.99
2025-11-16 15:29:10.744,306,18339.21
2025-11-16 15:29:10.744,307,18378.83
2025-11-16 15:29:10.744,308,18123.28
2025-11-16 15:29:10.744,309,18699.77
2025-11-16 15:29:10.744,310,17054.83
2025-11-16 15:29:10.744,311,18822.0
2025-11-16 15:29:10.744,312,17272.99
2025-11-16 15:29:10.744,313,17720.0
2025-11-16 15:29:10.744,314,19620.82
2025-11-16 15:29:10.744,315,18359.01
2025-11-16 15:29:10.744,316,18260.31
2025-11-16 15:29:10.744,317,17834.04
2025-11-16 15:29:10.744,318,18084.37
2025-11-16 15:29:10.744,319,18181.84
2025-11-16 15:29:10.744,320,58141.67
2025-11-16 15:29:10.744,321,19237.01
2025-11-16 15:29:10.744,322,19729.22
2025-11-16 15:29:10.744,323,18260.31
2025-11-16 15:29:10.744,324,18458.39
2025-11-16 15:29:10.744,325,20975.98
2025-11-16 15:29:10.744,326,27247.26
2025-11-16 15:29:10.744,327,28736.48
2025-11-16 15:29:10.744,328,920784.13
2025-11-16 15:29:10.744,329,32990.79
2025-11-16 15:29:10.744,330,51561.75
2025-11-16 15:29:10.744,331,18181.84
2025-11-16 15:29:10.744,332,43840.75
2025-11-16 15:29:10.744,333,121579.19
2025-11-16 15:29:10.744,334,49845.72
2025-11-16 15:29:10.744,335,49845.72
2025-11-16 15:29:10.744,336,15427.09
2025-11-16 15:29:10.744,337,15347.64
2025-11-16 15:29:10.744,338,14624.25
2025-11-16 15:29:10.744,339,15158.95
2025-11-16 15:29:10.744,340,14285.01
2025-11-16 15:29:10.744,341,14357.96
2025-11-16 15:29:10.744,342,14198.04
2025-11-16 15:29:10.744,343,14183.61
2025-11-16 15:29:10.744,344,14154.79
2025-11-16 15:29:10.744,345,14169.19
2025-11-16 15:29:10.744,346,14226.96
2025-11-16 15:29:10.744,347,14183.61
2025-11-16 15:29:10.744,348,14169.19
2025-11-16 15:29:10.744,349,14097.35
2025-11-16 15:29:10.744,350,14835.39
2025-11-16 15:29:10.744,351,14169.19
2025-11-16 15:29:10.744,352,16064.26
2025-11-16 15:29:10.744,353,15174.57
2025-11-16 15:29:10.744,354,16352.05
2025-11-16 15:29:10.744,355,16232.79
2025-11-16 15:29:10.744,356,16081.01
2025-11-16 15:29:10.744,357,16698.84
2025-11-16 15:29:10.744,358,15331.81
2025-11-16 15:29:10.744,359,16875.66
2025-11-16 15:29:10.744,360,15081.15
2025-11-16 15:29:10.744,361,15684.7
2025-11-16 15:29:10.744,362,17476.08
2025-11-16 15:29:10.744,363,15733.59
2025-11-16 15:29:10.744,364,16249.76
2025-11-16 15:29:10.744,365,15848.37
2025-11-16 15:29:10.744,366,16047.52
2025-11-16 15:29:10.744,367,16386.33
2025-11-16 15:29:10.744,368,52987.48
2025-11-16 15:29:10.744,369,17163.47
2025-11-16 15:29:10.744,370,17531.99
2025-11-16 15:29:10.744,371,16232.79
2025-11-16 15:29:10.744,372,16420.69
2025-11-16 15:29:10.744,373,18221.02
2025-11-16 15:29:10.744,374,24645.8
2025-11-16 15:29:10.744,375,25773.33
2025-11-16 15:29:10.744,376,861364.44
2025-11-16 15:29:10.744,377,30071.27
2025-11-16 15:29:10.744,378,48556.95
2025-11-16 15:29:10.744,379,16014.12
2025-11-16 15:29:10.744,380,40630.89
2025-11-16 15:29:10.744,381,114373.48
2025-11-16 15:29:10.744,382,46138.74
2025-11-16 15:29:10.744,383,46138.74
2025-11-16 15:29:10.744,384,15331.81
2025-11-16 15:29:10.744,385,15300.2
2025-11-16 15:29:10.744,386,14416.64
2025-11-16 15:29:10.744,387,15003.83
2025-11-16 15:29:10.744,388,13954.95
2025-11-16 15:29:10.744,389,13983.3
2025-11-16 15:29:10.744,390,13954.95
2025-11-16 15:29:10.744,391,14169.19
2025-11-16 15:29:10.744,392,13926.67
2025-11-16 15:29:10.744,393,13954.95
2025-11-16 15:29:10.744,394,14126.04
2025-11-16 15:29:10.744,395,14068.74
2025-11-16 15:29:10.744,396,14299.57
2025-11-16 15:29:10.744,397,14040.19
2025-11-16 15:29:10.744,398,14774.7
2025-11-16 15:29:10.744,399,14183.61
2025-11-16 15:29:10.744,400,15897.87
2025-11-16 15:29:10.744,401,15050.17
2025-11-16 15:29:10.744,402,16165.12
2025-11-16 15:29:10.744,403,16317.87
2025-11-16 15:29:10.744,404,15914.42
2025-11-16 15:29:10.744,405,16420.69
2025-11-16 15:29:10.744,406,15252.94
2025-11-16 15:29:10.744,407,17018.8
2025-11-16 15:29:10.744,408,15523.09
2025-11-16 15:29:10.744,409,15684.7
2025-11-16 15:29:10.744,410,17569.39
2025-11-16 15:29:10.744,411,16420.69
2025-11-16 15:29:10.744,412,16182.0
2025-11-16 15:29:10.744,413,15897.87
2025-11-16 15:29:10.744,414,15815.47
2025-11-16 15:29:10.744,415,16097.79
2025-11-16 15:29:10.744,416,53378.87
2025-11-16 15:29:10.744,417,17054.83
2025-11-16 15:29:10.744,418,17531.99
2025-11-16 15:29:10.744,419,16182.0
2025-11-16 15:29:10.744,420,16249.76
2025-11-16 15:29:10.744,421,18801.55
2025-11-16 15:29:10.744,422,24675.34
2025-11-16 15:29:10.744,423,25963.11
2025-11-16 15:29:10.744,424,942433.13
2025-11-16 15:29:10.744,425,30309.35
2025-11-16 15:29:10.744,426,49496.55
2025-11-16 15:29:10.744,427,15997.45
2025-11-16 15:29:10.744,428,41397.01
2025-11-16 15:29:10.744,429,111418.03
2025-11-16 15:29:10.744,430,46843.01
2025-11-16 15:29:10.744,431,46843.01
2025-11-16 15:29:10.744,432,15050.17
2025-11-16 15:29:10.744,433,14835.39
2025-11-16 15:29:10.744,434,14126.04
2025-11-16 15:29:10.744,435,14594.37
2025-11-16 15:29:10.744,436,13758.38
2025-11-16 15:29:10.744,437,13870.31
2025-11-16 15:29:10.744,438,13758.38
2025-11-16 15:29:10.744,439,13856.26
2025-11-16 15:29:10.744,440,13842.23
2025-11-16 15:29:10.744,441,13716.68
2025-11-16 15:29:10.744,442,13842.23
2025-11-16 15:29:10.744,443,13730.56
2025-11-16 15:29:10.744,444,14040.19
2025-11-16 15:29:10.744,445,13702.81
2025-11-16 15:29:10.744,446,14579.46
2025-11-16 15:29:10.744,447,14097.35
2025-11-16 15:29:10.744,448,15603.64
2025-11-16 15:29:10.744,449,14624.25
2025-11-16 15:29:10.744,450,15881.35
2025-11-16 15:29:10.744,451,15815.47
2025-11-16 15:29:10.744,452,15587.49
2025-11-16 15:29:10.744,453,16081.01
2025-11-16 15:29:10.744,454,14774.7
2025-11-16 15:29:10.744,455,16249.76
2025-11-16 15:29:10.744,456,14594.37
2025-11-16 15:29:10.744,457,15096.68
2025-11-16 15:29:10.744,458,16982.88
2025-11-16 15:29:10.744,459,15930.98
2025-11-16 15:29:10.744,460,15684.7
2025-11-16 15:29:10.744,461,15523.09
2025-11-16 15:29:10.744,462,15523.09
2025-11-16 15:29:10.744,463,15749.92
2025-11-16 15:29:10.744,464,51841.71
2025-11-16 15:29:10.744,465,16698.84
2025-11-16 15:29:10.744,466,16857.87
2025-11-16 15:29:10.744,467,15749.92
2025-11-16 15:29:10.744,468,15782.65
2025-11-16 15:29:10.744,469,18026.2
2025-11-16 15:29:10.744,470,23866.7
2025-11-16 15:29:10.744,471,25185.35
2025-11-16 15:29:10.744,472,942433.13
2025-11-16 15:29:10.744,473,29146.33
2025-11-16 15:29:10.744,474,47001.92
2025-11-16 15:29:10.744,475,15395.25
2025-11-16 15:29:10.744,476,39765.37
2025-11-16 15:29:10.744,477,109291.9
2025-11-16 15:29:10.744,478,45077.16
2025-11-16 15:29:10.744,479,45077.16
2025-11-16 15:29:10.744,480,14624.25
2025-11-16 15:29:10.744,481,14431.36
2025-11-16 15:29:10.744,482,13510.31
2025-11-16 15:29:10.744,483,14183.61
2025-11-16 15:29:10.744,484,13267.35
2025-11-16 15:29:10.744,485,13592.43
2025-11-16 15:29:10.744,486,13320.91
2025-11-16 15:29:10.744,487,13442.32
2025-11-16 15:29:10.744,488,13347.78
2025-11-16 15:29:10.744,489,13320.91
2025-11-16 15:29:10.744,490,13294.1
2025-11-16 15:29:10.744,491,13294.1
2025-11-16 15:29:10.744,492,13675.12
2025-11-16 15:29:10.744,493,13483.07
2025-11-16 15:29:10.744,494,14183.61
2025-11-16 15:29:10.744,495,13647.49
2025-11-16 15:29:10.744,496,15268.68
2025-11-16 15:29:10.744,497,14328.73
2025-11-16 15:29:10.744,498,15523.09
2025-11-16 15:29:10.744,499,15395.25
2025-11-16 15:29:10.744,500,15268.68
2025-11-16 15:29:10.744,501,15684.7
2025-11-16 15:29:10.744,502,14343.34
2025-11-16 15:29:10.744,503,15881.35
2025-11-16 15:29:10.744,504,14759.57
2025-11-16 15:29:10.744,505,14881.11
2025-11-16 15:29:10.744,506,16698.84
2025-11-16 15:29:10.744,507,15652.22
2025-11-16 15:29:10.744,508,15395.25
2025-11-16 15:29:10.744,509,15190.2
2025-11-16 15:29:10.744,510,15065.65
2025-11-16 15:29:10.744,511,15363.49
2025-11-16 15:29:10.744,512,51468.98
2025-11-16 15:29:10.744,513,16215.84
2025-11-16 15:29:10.744,514,16663.75
2025-11-16 15:29:10.744,515,15363.49
2025-11-16 15:29:10.744,516,15523.09
2025-11-16 15:29:10.744,517,18026.2
2025-11-16 15:29:10.744,518,23642.52
2025-11-16 15:29:10.744,519,24557.47
2025-11-16 15:29:10.744,520,942433.13
2025-11-16 15:29:10.744,521,29071.17
2025-11-16 15:29:10.744,522,46843.01
2025-11-16 15:29:10.744,523,15331.81
2025-11-16 15:29:10.744,524,39583.74
2025-11-16 15:29:10.744,525,108599.64
2025-11-16 15:29:10.744,526,44707.67
2025-11-16 15:29:10.744,527,44707.67
2025-11-16 15:29:10.744,528,14789.84
2025-11-16 15:29:10.744,529,14684.21
2025-11-16 15:29:10.744,530,13870.31
2025-11-16 15:29:10.744,531,14328.73
2025-11-16 15:29:10.744,532,13496.68
2025-11-16 15:29:10.744,533,13702.81
2025-11-16 15:29:10.744,534,13483.07
2025-11-16 15:29:10.744,535,13592.43
2025-11-16 15:29:10.744,536,13428.77
2025-11-16 15:29:10.744,537,13469.47
2025-11-16 15:29:10.744,538,13496.68
2025-11-16 15:29:10.744,539,13455.89
2025-11-16 15:29:10.744,540,13870.31
2025-11-16 15:29:10.744,541,13675.12
2025-11-16 15:29:10.744,542,14401.95
2025-11-16 15:29:10.744,543,13870.31
2025-11-16 15:29:10.744,544,15395.25
2025-11-16 15:29:10.744,545,14624.25
2025-11-16 15:29:10.744,546,15684.7
2025-11-16 15:29:10.744,547,15782.65
2025-11-16 15:29:10.744,548,15331.81
2025-11-16 15:29:10.744,549,15897.87
2025-11-16 15:29:10.744,550,14609.3
2025-11-16 15:29:10.744,551,16081.01
2025-11-16 15:29:10.744,552,14926.99
2025-11-16 15:29:10.744,553,15065.65
2025-11-16 15:29:10.744,554,16751.64
2025-11-16 15:29:10.744,555,15914.42
2025-11-16 15:29:10.744,556,15652.22
2025-11-16 15:29:10.744,557,15284.43
2025-11-16 15:29:10.744,558,15523.09
2025-11-16 15:29:10.744,559,15555.25
2025-11-16 15:29:10.744,560,52409.35
2025-11-16 15:29:10.744,561,16352.05
2025-11-16 15:29:10.744,562,16840.11
2025-11-16 15:29:10.744,563,15619.82
2025-11-16 15:29:10.744,564,15782.65
2025-11-16 15:29:10.744,565,18221.02
2025-11-16 15:29:10.744,566,23923.21
2025-11-16 15:29:10.744,567,25154.93
2025-11-16 15:29:10.744,568,988899.38
2025-11-16 15:29:10.744,569,29373.55
2025-11-16 15:29:10.744,570,48139.58
2025-11-16 15:29:10.744,571,15491.01
2025-11-16 15:29:10.744,572,40256.3
2025-11-16 15:29:10.744,573,107915.35
2025-11-16 15:29:10.744,574,45754.95
2025-11-16 15:29:10.744,575,45754.95
2025-11-16 15:29:10.744,576,14865.85
2025-11-16 15:29:10.744,577,14624.25
2025-11-16 15:29:10.744,578,13954.95
2025-11-16 15:29:10.744,579,14357.96
2025-11-16 15:29:10.744,580,13455.89
2025-11-16 15:29:10.744,581,13842.23
2025-11-16 15:29:10.744,582,13455.89
2025-11-16 15:29:10.744,583,13483.07
2025-11-16 15:29:10.744,584,13320.91
2025-11-16 15:29:10.744,585,13401.71
2025-11-16 15:29:10.744,586,13442.32
2025-11-16 15:29:10.744,587,13483.07
2025-11-16 15:29:10.744,588,13758.38
2025-11-16 15:29:10.744,589,13510.31
2025-11-16 15:29:10.744,590,14416.64
2025-11-16 15:29:10.744,591,13898.46
2025-11-16 15:29:10.744,592,15300.2
2025-11-16 15:29:10.744,593,14549.7
2025-11-16 15:29:10.744,594,15684.7
2025-11-16 15:29:10.744,595,15603.64
2025-11-16 15:29:10.744,596,15268.68
2025-11-16 15:29:10.744,597,15799.05
2025-11-16 15:29:10.744,598,14183.61
2025-11-16 15:29:10.744,599,15914.42
2025-11-16 15:29:10.744,600,14789.84
2025-11-16 15:29:10.744,601,14759.57
2025-11-16 15:29:10.744,602,16734.02
2025-11-16 15:29:10.744,603,15684.7
2025-11-16 15:29:10.744,604,15268.68
2025-11-16 15:29:10.744,605,14774.7
2025-11-16 15:29:10.744,606,14744.46
2025-11-16 15:29:10.744,607,14357.96
2025-11-16 15:29:10.744,608,50918.22
2025-11-16 15:29:10.744,609,15491.01
2025-11-16 15:29:10.744,610,16593.85
2025-11-16 15:29:10.744,611,15174.57
2025-11-16 15:29:10.744,612,15523.09
2025-11-16 15:29:10.744,613,17910.59
2025-11-16 15:29:10.744,614,23421.27
2025-11-16 15:29:10.744,615,24616.31
2025-11-16 15:29:10.744,616,942433.13
2025-11-16 15:29:10.744,617,28921.71
2025-11-16 15:29:10.744,618,46216.13
2025-11-16 15:29:10.744,619,15081.15
2025-11-16 15:29:10.744,620,39165.01
2025-11-16 15:29:10.744,621,103652.78
2025-11-16 15:29:10.744,622,44561.25
2025-11-16 15:29:10.744,623,44561.25
2025-11-16 15:29:10.744,624,14744.46
2025-11-16 15:29:10.744,625,14774.7
2025-11-16 15:29:10.744,626,13954.95
2025-11-16 15:29:10.744,627,14343.34
2025-11-16 15:29:10.744,628,13428.77
2025-11-16 15:29:10.744,629,13647.49
2025-11-16 15:29:10.744,630,13428.77
2025-11-16 15:29:10.744,631,13510.31
2025-11-16 15:29:10.744,632,13374.71
2025-11-16 15:29:10.744,633,13401.71
2025-11-16 15:29:10.744,634,13483.07
2025-11-16 15:29:10.744,635,13510.31
2025-11-16 15:29:10.744,636,13758.38
2025-11-16 15:29:10.744,637,13510.31
2025-11-16 15:29:10.744,638,14270.47
2025-11-16 15:29:10.744,639,13758.38
2025-11-16 15:29:10.744,640,15331.81
2025-11-16 15:29:10.744,641,14270.47
2025-11-16 15:29:10.744,642,15539.16
2025-11-16 15:29:10.744,643,15491.01
2025-11-16 15:29:10.744,644,15112.21
2025-11-16 15:29:10.744,645,15782.65
2025-11-16 15:29:10.744,646,14431.36
2025-11-16 15:29:10.744,647,15914.42
2025-11-16 15:29:10.744,648,14805.01
2025-11-16 15:29:10.744,649,14774.7
2025-11-16 15:29:10.744,650,16769.29
2025-11-16 15:29:10.744,651,15668.45
2025-11-16 15:29:10.744,652,15363.49
2025-11-16 15:29:10.744,653,15081.15
2025-11-16 15:29:10.744,654,15174.57
2025-11-16 15:29:10.744,655,15363.49
2025-11-16 15:29:10.744,656,51284.3
2025-11-16 15:29:10.744,657,16182.0
2025-11-16 15:29:10.744,658,16628.76
2025-11-16 15:29:10.744,659,15395.25
2025-11-16 15:29:10.744,660,15652.22
2025-11-16 15:29:10.744,661,18064.95
2025-11-16 15:29:10.744,662,23586.93
2025-11-16 15:29:10.744,663,24973.54
2025-11-16 15:29:10.744,664,920784.13
2025-11-16 15:29:10.744,665,29221.78
2025-11-16 15:29:10.744,666,46371.55
2025-11-16 15:29:10.744,667,15127.77
2025-11-16 15:29:10.744,668,39523.48
2025-11-16 15:29:10.744,669,108944.77
2025-11-16 15:29:10.744,670,44854.87
2025-11-16 15:29:10.744,671,44854.87
2025-11-16 15:29:10.744,672,14594.37
2025-11-16 15:29:10.744,673,14416.64
2025-11-16 15:29:10.744,674,13898.46
2025-11-16 15:29:10.744,675,14068.74
2025-11-16 15:29:10.744,676,13730.56
2025-11-16 15:29:10.744,677,13898.46
2025-11-16 15:29:10.744,678,13730.56
2025-11-16 15:29:10.744,679,13702.81
2025-11-16 15:29:10.744,680,13744.46
2025-11-16 15:29:10.744,681,13716.68
2025-11-16 15:29:10.744,682,13758.38
2025-11-16 15:29:10.744,683,13716.68
2025-11-16 15:29:10.744,684,14040.19
2025-11-16 15:29:10.744,685,13758.38
2025-11-16 15:29:10.744,686,14654.19
2025-11-16 15:29:10.744,687,14083.04
2025-11-16 15:29:10.744,688,15831.91
2025-11-16 15:29:10.744,689,14805.01
2025-11-16 15:29:10.744,690,15914.42
2025-11-16 15:29:10.744,691,16014.12
2025-11-16 15:29:10.744,692,15555.25
2025-11-16 15:29:10.744,693,16114.59
2025-11-16 15:29:10.744,694,14805.01
2025-11-16 15:29:10.744,695,16352.05
2025-11-16 15:29:10.744,696,15065.65
2025-11-16 15:29:10.744,697,15237.23
2025-11-16 15:29:10.744,698,17199.88
2025-11-16 15:29:10.744,699,16148.25
2025-11-16 15:29:10.744,700,15782.65
2025-11-16 15:29:10.744,701,15619.82
2025-11-16 15:29:10.744,702,15684.7
2025-11-16 15:29:10.744,703,15848.37
2025-11-16 15:29:10.744,704,52793.59
2025-11-16 15:29:10.744,705,16911.3
2025-11-16 15:29:10.744,706,17309.7
2025-11-16 15:29:10.744,707,15914.42
2025-11-16 15:29:10.744,708,16081.01
2025-11-16 15:29:10.744,709,18478.35
2025-11-16 15:29:10.744,710,24266.27
2025-11-16 15:29:10.744,711,25554.44
2025-11-16 15:29:10.744,712,988899.38
2025-11-16 15:29:10.744,713,29641.99
2025-11-16 15:29:10.744,714,48473.0
2025-11-16 15:29:10.744,715,15799.05
2025-11-16 15:29:10.744,716,40380.55
2025-11-16 15:29:10.744,717,110700.96
2025-11-16 15:29:10.744,718,46527.84
2025-11-16 15:29:10.744,719,46527.84
2025-11-16 15:29:10.744,720,14805.01
2025-11-16 15:29:10.744,721,14744.46
2025-11-16 15:29:10.744,722,14285.01
2025-11-16 15:29:10.744,723,14609.3
2025-11-16 15:29:10.744,724,13814.22
2025-11-16 15:29:10.744,725,14040.19
2025-11-16 15:29:10.744,726,13758.38
2025-11-16 15:29:10.744,727,13983.3
2025-11-16 15:29:10.744,728,13969.12
2025-11-16 15:29:10.744,729,13842.23
2025-11-16 15:29:10.744,730,13898.46
2025-11-16 15:29:10.744,731,13730.56
2025-11-16 15:29:10.744,732,14097.35
2025-11-16 15:29:10.744,733,13969.12
2025-11-16 15:29:10.744,734,14684.21
2025-11-16 15:29:10.744,735,14169.19
2025-11-16 15:29:10.744,736,15782.65
2025-11-16 15:29:10.744,737,14835.39
2025-11-16 15:29:10.744,738,16014.12
2025-11-16 15:29:10.744,739,16047.52
2025-11-16 15:29:10.744,740,15733.59
2025-11-16 15:29:10.744,741,16148.25
2025-11-16 15:29:10.744,742,14896.38
2025-11-16 15:29:10.744,743,16249.76
2025-11-16 15:29:10.744,744,15174.57
2025-11-16 15:29:10.744,745,15158.95
2025-11-16 15:29:10.744,746,17127.16
2025-11-16 15:29:10.744,747,16182.0
2025-11-16 15:29:10.744,748,15848.37
2025-11-16 15:29:10.744,749,15603.64
2025-11-16 15:29:10.744,750,15587.49
2025-11-16 15:29:10.744,751,15848.37
2025-11-16 15:29:10.744,752,51748.12
2025-11-16 15:29:10.744,753,16769.29
2025-11-16 15:29:10.744,754,17163.47
2025-11-16 15:29:10.744,755,15864.85
2025-11-16 15:29:10.744,756,15897.87
2025-11-16 15:29:10.744,757,18458.39
2025-11-16 15:29:10.744,758,24151.15
2025-11-16 15:29:10.744,759,25154.93
2025-11-16 15:29:10.744,760,988899.38
2025-11-16 15:29:10.744,761,29603.42
2025-11-16 15:29:10.744,762,47484.0
2025-11-16 15:29:10.744,763,15782.65
2025-11-16 15:29:10.744,764,39887.21
2025-11-16 15:29:10.744,765,109291.9
2025-11-16 15:29:10.744,766,45831.29
2025-11-16 15:29:10.744,767,45831.29
2025-11-16 15:29:10.744,768,15523.09
2025-11-16 15:29:10.744,769,15491.01
2025-11-16 15:29:10.744,770,14669.19
2025-11-16 15:29:10.744,771,15112.21
2025-11-16 15:29:10.744,772,14183.61
2025-11-16 15:29:10.744,773,14299.57
2025-11-16 15:29:10.744,774,13814.22
2025-11-16 15:29:10.744,775,14198.04
2025-11-16 15:29:10.744,776,14328.73
2025-11-16 15:29:10.744,777,14154.79
2025-11-16 15:29:10.744,778,14183.61
2025-11-16 15:29:10.744,779,14285.01
2025-11-16 15:29:10.744,780,14387.27
2025-11-16 15:29:10.744,781,14183.61
2025-11-16 15:29:10.744,782,15019.26
2025-11-16 15:29:10.744,783,14372.61
2025-11-16 15:29:10.744,784,15881.35
2025-11-16 15:29:10.744,785,15019.26
2025-11-16 15:29:10.744,786,16317.87
2025-11-16 15:29:10.744,787,16232.79
2025-11-16 15:29:10.744,788,15555.25
2025-11-16 15:29:10.744,789,16437.9
2025-11-16 15:29:10.744,790,15050.17
2025-11-16 15:29:10.744,791,16663.75
2025-11-16 15:29:10.744,792,15523.09
2025-11-16 15:29:10.744,793,15491.01
2025-11-16 15:29:10.744,794,17346.5
2025-11-16 15:29:10.744,795,16182.0
2025-11-16 15:29:10.744,796,16081.01
2025-11-16 15:29:10.744,797,15914.42
2025-11-16 15:29:10.744,798,15964.17
2025-11-16 15:29:10.744,799,16182.0
2025-11-16 15:29:10.744,800,52409.35
2025-11-16 15:29:10.744,801,17054.83
2025-11-16 15:29:10.744,802,17457.49
2025-11-16 15:29:10.744,803,16097.79
2025-11-16 15:29:10.744,804,16148.25
2025-11-16 15:29:10.744,805,18801.55
2025-11-16 15:29:10.744,806,24498.84
2025-11-16 15:29:10.744,807,25741.9
2025-11-16 15:29:10.744,808,988899.38
2025-11-16 15:29:10.744,809,30631.22
2025-11-16 15:29:10.744,810,48980.34
2025-11-16 15:29:10.744,811,16148.25
2025-11-16 15:29:10.744,812,40505.41
2025-11-16 15:29:10.744,813,112877.99
2025-11-16 15:29:10.744,814,46061.56
2025-11-16 15:29:10.744,815,46061.56
2025-11-16 15:29:10.744,816,15587.49
2025-11-16 15:29:10.744,817,15668.45
2025-11-16 15:29:10.744,818,14774.7
2025-11-16 15:29:10.744,819,15300.2
2025-11-16 15:29:10.744,820,14328.73
2025-11-16 15:29:10.744,821,14534.84
2025-11-16 15:29:10.744,822,14357.96
2025-11-16 15:29:10.744,823,14401.95
2025-11-16 15:29:10.744,824,14534.84
2025-11-16 15:29:10.744,825,14285.01
2025-11-16 15:29:10.744,826,14564.57
2025-11-16 15:29:10.744,827,14534.84
2025-11-16 15:29:10.744,828,14744.46
2025-11-16 15:29:10.744,829,14183.61
2025-11-16 15:29:10.744,830,15050.17
2025-11-16 15:29:10.744,831,14609.3
2025-11-16 15:29:10.744,832,16317.87
2025-11-16 15:29:10.744,833,15143.35
2025-11-16 15:29:10.744,834,16131.41
2025-11-16 15:29:10.744,835,16420.69
2025-11-16 15:29:10.744,836,15684.7
2025-11-16 15:29:10.744,837,15947.57
2025-11-16 15:29:10.744,838,15268.68
2025-11-16 15:29:10.744,839,16840.11
2025-11-16 15:29:10.744,840,15749.92
2025-11-16 15:29:10.744,841,15848.37
2025-11-16 15:29:10.744,842,17872.27
2025-11-16 15:29:10.744,843,16716.42
2025-11-16 15:29:10.744,844,16611.29
2025-11-16 15:29:10.744,845,16148.25
2025-11-16 15:29:10.744,846,16064.26
2025-11-16 15:29:10.744,847,16455.14
2025-11-16 15:29:10.744,848,53975.16
2025-11-16 15:29:10.744,849,17457.49
2025-11-16 15:29:10.744,850,17949.02
2025-11-16 15:29:10.744,851,16472.4
2025-11-16 15:29:10.744,852,16786.96
2025-11-16 15:29:10.744,853,19237.01
2025-11-16 15:29:10.744,854,25154.93
2025-11-16 15:29:10.744,855,26219.28
2025-11-16 15:29:10.744,856,880309.75
2025-11-16 15:29:10.744,857,31040.83
2025-11-16 15:29:10.744,858,49933.65
2025-11-16 15:29:10.744,859,16352.05
2025-11-16 15:29:10.744,860,42320.58
2025-11-16 15:29:10.744,861,115134.95
2025-11-16 15:29:10.744,862,48473.0
2025-11-16 15:29:10.744,863,48473.0
2025-11-16 15:29:10.744,864,16352.05
2025-11-16 15:29:10.744,865,16352.05
2025-11-16 15:29:10.744,866,15379.36
2025-11-16 15:29:10.744,867,15815.47
2025-11-16 15:29:10.744,868,15081.15
2025-11-16 15:29:10.744,869,15363.49
2025-11-16 15:29:10.744,870,14942.32
2025-11-16 15:29:10.744,871,15003.83
2025-11-16 15:29:10.744,872,15112.21
2025-11-16 15:29:10.744,873,14942.32
2025-11-16 15:29:10.744,874,15174.57
2025-11-16 15:29:10.744,875,15143.35
2025-11-16 15:29:10.744,876,15268.68
2025-11-16 15:29:10.744,877,15050.17
2025-11-16 15:29:10.744,878,15523.09
2025-11-16 15:29:10.744,879,15112.21
2025-11-16 15:29:10.744,880,16804.65
2025-11-16 15:29:10.744,881,15619.82
2025-11-16 15:29:10.744,882,17054.83
2025-11-16 15:29:10.744,883,17054.83
2025-11-16 15:29:10.744,884,16064.26
2025-11-16 15:29:10.744,885,17054.83
2025-11-16 15:29:10.744,886,16014.12
2025-11-16 15:29:10.744,887,17254.68
2025-11-16 15:29:10.744,888,16047.52
2025-11-16 15:29:10.744,889,16081.01
2025-11-16 15:29:10.744,890,18260.31
2025-11-16 15:29:10.744,891,17163.47
2025-11-16 15:29:10.744,892,17163.47
2025-11-16 15:29:10.744,893,16769.29
2025-11-16 15:29:10.744,894,16751.64
2025-11-16 15:29:10.744,895,17127.16
2025-11-16 15:29:10.744,896,54787.84
2025-11-16 15:29:10.744,897,18026.2
2025-11-16 15:29:10.744,898,18103.81
2025-11-16 15:29:10.744,899,16982.88
2025-11-16 15:29:10.744,900,17072.88
2025-11-16 15:29:10.744,901,19577.68
2025-11-16 15:29:10.744,902,25246.33
2025-11-16 15:29:10.744,903,26742.69
2025-11-16 15:29:10.744,904,900097.25
2025-11-16 15:29:10.744,905,31458.76
2025-11-16 15:29:10.744,906,50110.29
2025-11-16 15:29:10.744,907,17018.8
2025-11-16 15:29:10.744,908,41920.75
2025-11-16 15:29:10.744,909,112877.99
2025-11-16 15:29:10.744,910,47322.41
2025-11-16 15:29:10.744,911,47322.41
2025-11-16 15:29:10.744,912,21213.94
2025-11-16 15:29:10.744,913,21118.33
2025-11-16 15:29:10.744,914,19664.09
2025-11-16 15:29:10.744,915,20579.65
2025-11-16 15:29:10.744,916,19751.0
2025-11-16 15:29:10.744,917,19904.33
2025-11-16 15:29:10.744,918,19449.01
2025-11-16 15:29:10.744,919,19577.68
2025-11-16 15:29:10.744,920,19751.0
2025-11-16 15:29:10.744,921,19491.78
2025-11-16 15:29:10.744,922,19816.52
2025-11-16 15:29:10.744,923,19816.52
2025-11-16 15:29:10.744,924,19882.33
2025-11-16 15:29:10.744,925,19751.0
2025-11-16 15:29:10.744,926,19427.67
2025-11-16 15:29:10.744,927,19534.67
2025-11-16 15:29:10.744,928,21310.15
2025-11-16 15:29:10.744,929,20238.23
2025-11-16 15:29:10.744,930,21602.34
2025-11-16 15:29:10.744,931,21925.08
2025-11-16 15:29:10.744,932,20905.3
2025-11-16 15:29:10.744,933,21950.17
2025-11-16 15:29:10.744,934,20533.68
2025-11-16 15:29:10.744,935,20952.39
2025-11-16 15:29:10.744,936,21094.51
2025-11-16 15:29:10.744,937,21023.29
2025-11-16 15:29:10.744,938,23421.27
2025-11-16 15:29:10.744,939,22408.76
2025-11-16 15:29:10.744,940,22000.49
2025-11-16 15:29:10.744,941,21602.34
2025-11-16 15:29:10.744,942,21651.57
2025-11-16 15:29:10.744,943,22305.72
2025-11-16 15:29:10.744,944,66150.61
2025-11-16 15:29:10.744,945,22933.92
2025-11-16 15:29:10.744,946,23586.93
2025-11-16 15:29:10.744,947,22050.96
2025-11-16 15:29:10.744,948,22203.33
2025-11-16 15:29:10.744,949,25033.8
2025-11-16 15:29:10.744,950,31628.31
2025-11-16 15:29:10.744,951,33635.68
2025-11-16 15:29:10.744,952,39403.42
2025-11-16 15:29:10.744,953,39403.42
2025-11-16 15:29:10.744,954,61608.8
2025-11-16 15:29:10.744,955,22025.71
2025-11-16 15:29:10.744,956,50556.48
2025-11-16 15:29:10.744,957,138820.45
2025-11-16 15:29:10.744,958,57802.03
2025-11-16 15:29:10.744,959,57802.03
2025-11-16 15:29:10.744,960,37950.12
2025-11-16 15:29:10.744,961,37893.76
2025-11-16 15:29:10.744,962,37447.59
2025-11-16 15:29:10.744,963,37558.35
2025-11-16 15:29:10.744,964,35640.36
2025-11-16 15:29:10.744,965,36686.43
2025-11-16 15:29:10.744,966,35949.24
2025-11-16 15:29:10.744,967,36473.41
2025-11-16 15:29:10.744,968,36739.99
2025-11-16 15:29:10.744,969,36053.13
2025-11-16 15:29:10.744,970,36526.48
2025-11-16 15:29:10.744,971,36420.45
2025-11-16 15:29:10.744,972,35034.87
2025-11-16 15:29:10.744,973,36053.13
2025-11-16 15:29:10.744,974,36053.13
2025-11-16 15:29:10.744,975,35794.29
2025-11-16 15:29:10.744,976,37009.64
2025-11-16 15:29:10.744,977,36053.13
2025-11-16 15:29:10.744,978,33310.84
2025-11-16 15:29:10.744,979,36793.67
2025-11-16 15:29:10.744,980,35640.36
2025-11-16 15:29:10.744,981,35949.24
2025-11-16 15:29:10.744,982,36262.32
2025-11-16 15:29:10.744,983,34542.39
2025-11-16 15:29:10.744,984,34689.0
2025-11-16 15:29:10.744,985,35742.86
2025-11-16 15:29:10.744,986,35794.29
2025-11-16 15:29:10.744,987,30794.08
2025-11-16 15:29:10.744,988,37337.34
2025-11-16 15:29:10.744,989,36526.48
2025-11-16 15:29:10.744,990,37558.35
2025-11-16 15:29:10.744,991,39765.37
2025-11-16 15:29:10.744,992,105255.28
2025-11-16 15:29:10.744,993,39887.21
2025-11-16 15:29:10.744,994,37447.59
2025-11-16 15:29:10.744,995,36157.48
2025-11-16 15:29:10.744,996,37725.46
2025-11-16 15:29:10.744,997,41397.01
2025-11-16 15:29:10.744,998,47241.95
2025-11-16 15:29:10.744,999,51654.79
2025-11-16 15:29:10.744,1000,66867.48
2025-11-16 15:29:10.744,1001,66867.48
2025-11-16 15:29:10.744,1002,99101.66
2025-11-16 15:29:10.744,1003,37669.63
2025-11-16 15:29:10.744,1004,84035.92
2025-11-16 15:29:10.744,1005,208912.44
2025-11-16 15:29:10.744,1006,94364.8
2025-11-16 15:29:10.744,1007,94364.8
2025-11-16 15:29:10.744,1008,53182.58
2025-11-16 15:29:10.744,1009,53182.58
2025-11-16 15:29:10.744,1010,51654.79
2025-11-16 15:29:10.744,1011,53084.88
2025-11-16 15:29:10.744,1012,51561.75
2025-11-16 15:29:10.744,1013,51468.98
2025-11-16 15:29:10.744,1014,50021.84
2025-11-16 15:29:10.744,1015,51654.79
2025-11-16 15:29:10.744,1016,51284.3
2025-11-16 15:29:10.744,1017,50556.48
2025-11-16 15:29:10.744,1018,51841.71
2025-11-16 15:29:10.744,1019,51192.37
2025-11-16 15:29:10.744,1020,50199.01
2025-11-16 15:29:10.744,1021,50199.01
2025-11-16 15:29:10.744,1022,51192.37
2025-11-16 15:29:10.744,1023,51284.3
2025-11-16 15:29:10.744,1024,51841.71
2025-11-16 15:29:10.744,1025,49933.65
2025-11-16 15:29:10.744,1026,43769.74
2025-11-16 15:29:10.744,1027,50287.98
2025-11-16 15:29:10.744,1028,44928.77
2025-11-16 15:29:10.744,1029,46061.56
2025-11-16 15:29:10.744,1030,49409.89
2025-11-16 15:29:10.744,1031,38120.0
2025-11-16 15:29:10.744,1032,47001.92
2025-11-16 15:29:10.744,1033,48980.34
2025-11-16 15:29:10.744,1034,47001.92
2025-11-16 15:29:10.744,1035,47322.41
2025-11-16 15:29:10.744,1036,50199.01
2025-11-16 15:29:10.744,1037,49845.72
2025-11-16 15:29:10.744,1038,49845.72
2025-11-16 15:29:10.744,1039,54582.74
2025-11-16 15:29:10.744,1040,136160.72
2025-11-16 15:29:10.744,1041,53182.58
2025-11-16 15:29:10.744,1042,46371.55
2025-11-16 15:29:10.744,1043,48473.0
2025-11-16 15:29:10.744,1044,50021.84
2025-11-16 15:29:10.744,1045,51748.12
2025-11-16 15:29:10.744,1046,56693.92
2025-11-16 15:29:10.744,1047,60011.99
2025-11-16 15:29:10.744,1048,86936.61
2025-11-16 15:29:10.744,1049,86936.61
2025-11-16 15:29:10.744,1050,122431.63
2025-11-16 15:29:10.744,1051,49933.65
2025-11-16 15:29:10.744,1052,107576.14
2025-11-16 15:29:10.744,1053,257587.41
2025-11-16 15:29:10.744,1054,115905.77
2025-11-16 15:29:10.744,1055,115905.77
2025-11-16 15:29:10.744,1056,46138.74
2025-11-16 15:29:10.744,1057,45754.95
2025-11-16 15:29:10.744,1058,44054.89
2025-11-16 15:29:10.744,1059,45301.25
2025-11-16 15:29:10.744,1060,43769.74
2025-11-16 15:29:10.744,1061,44343.09
2025-11-16 15:29:10.744,1062,43698.91
2025-11-16 15:29:10.744,1063,43698.91
2025-11-16 15:29:10.744,1064,44126.66
2025-11-16 15:29:10.744,1065,43277.87
2025-11-16 15:29:10.744,1066,44415.61
2025-11-16 15:29:10.744,1067,43983.32
2025-11-16 15:29:10.744,1068,43698.91
2025-11-16 15:29:10.744,1069,43840.75
2025-11-16 15:29:10.744,1070,44707.67
2025-11-16 15:29:10.744,1071,44126.66
2025-11-16 15:29:10.744,1072,44928.77
2025-11-16 15:29:10.744,1073,43983.32
2025-11-16 15:29:10.744,1074,34348.4
2025-11-16 15:29:10.744,1075,42794.9
2025-11-16 15:29:10.744,1076,35845.82
2025-11-16 15:29:10.744,1077,35794.29
2025-11-16 15:29:10.744,1078,42320.58
2025-11-16 15:29:10.744,1079,37502.91
2025-11-16 15:29:10.744,1080,36579.68
2025-11-16 15:29:10.744,1081,41397.01
2025-11-16 15:29:10.744,1082,36901.41
2025-11-16 15:29:10.744,1083,39887.21
2025-11-16 15:29:10.744,1084,43840.75
2025-11-16 15:29:10.744,1085,42522.82
2025-11-16 15:29:10.744,1086,42726.61
2025-11-16 15:29:10.744,1087,47322.41
2025-11-16 15:29:10.744,1088,114753.04
2025-11-16 15:29:10.744,1089,45376.36
2025-11-16 15:29:10.744,1090,41986.96
2025-11-16 15:29:10.744,1091,42726.61
2025-11-16 15:29:10.744,1092,43769.74
2025-11-16 15:29:10.744,1093,47403.09
2025-11-16 15:29:10.744,1094,49583.45
2025-11-16 15:29:10.744,1095,54685.13
2025-11-16 15:29:10.744,1096,76654.66
2025-11-16 15:29:10.744,1097,76654.66
2025-11-16 15:29:10.744,1098,108599.64
2025-11-16 15:29:10.744,1099,43417.48
2025-11-16 15:29:10.744,1100,91765.55
2025-11-16 15:29:10.744,1101,250766.73
2025-11-16 15:29:10.744,1102,103337.61
2025-11-16 15:29:10.744,1103,103337.61
2025-11-16 15:29:10.744,1104,56585.1
2025-11-16 15:29:10.744,1105,56476.62
2025-11-16 15:29:10.744,1106,55833.13
2025-11-16 15:29:10.744,1107,56260.74
2025-11-16 15:29:10.744,1108,54582.74
2025-11-16 15:29:10.744,1109,54994.24
2025-11-16 15:29:10.744,1110,55201.96
2025-11-16 15:29:10.744,1111,52793.59
2025-11-16 15:29:10.744,1112,54994.24
2025-11-16 15:29:10.744,1113,54685.13
2025-11-16 15:29:10.744,1114,54582.74
2025-11-16 15:29:10.744,1115,55621.39
2025-11-16 15:29:10.744,1116,55201.96
2025-11-16 15:29:10.744,1117,54994.24
2025-11-16 15:29:10.744,1118,56693.92
2025-11-16 15:29:10.744,1119,55833.13
2025-11-16 15:29:10.744,1120,57132.8
2025-11-16 15:29:10.744,1121,54787.84
2025-11-16 15:29:10.744,1122,46527.84
2025-11-16 15:29:10.744,1123,53378.87
2025-11-16 15:29:10.744,1124,53378.87
2025-11-16 15:29:10.744,1125,52600.88
2025-11-16 15:29:10.744,1126,55621.39
2025-11-16 15:29:10.744,1127,51561.75
2025-11-16 15:29:10.744,1128,49583.45
2025-11-16 15:29:10.744,1129,53084.88
2025-11-16 15:29:10.744,1130,49670.62
2025-11-16 15:29:10.744,1131,53084.88
2025-11-16 15:29:10.744,1132,51284.3
2025-11-16 15:29:10.744,1133,54685.13
2025-11-16 15:29:10.744,1134,52697.09
2025-11-16 15:29:10.744,1135,59181.26
2025-11-16 15:29:10.744,1136,137745.05
2025-11-16 15:29:10.744,1137,56476.62
2025-11-16 15:29:10.744,1138,49496.55
2025-11-16 15:29:10.744,1139,50556.48
2025-11-16 15:29:10.744,1140,53280.57
2025-11-16 15:29:10.744,1141,59298.73
2025-11-16 15:29:10.744,1142,58141.67
2025-11-16 15:29:10.744,1143,64483.38
2025-11-16 15:29:10.744,1144,94098.91
2025-11-16 15:29:10.744,1145,94098.91
2025-11-16 15:29:10.744,1146,138820.45
2025-11-16 15:29:10.744,1147,54277.52
2025-11-16 15:29:10.744,1148,123295.2
2025-11-16 15:29:10.744,1149,317555.0
2025-11-16 15:29:10.744,1150,136685.03
2025-11-16 15:29:10.744,1151,136685.03
2025-11-16 15:29:10.744,1152,95170.63
2025-11-16 15:29:10.744,1153,94098.91
2025-11-16 15:29:10.744,1154,90513.82
2025-11-16 15:29:10.744,1155,93048.8
2025-11-16 15:29:10.744,1156,93048.8
2025-11-16 15:29:10.744,1157,93048.8
2025-11-16 15:29:10.744,1158,90267.15
2025-11-16 15:29:10.744,1159,96820.16
2025-11-16 15:29:10.744,1160,93571.2
2025-11-16 15:29:10.744,1161,89292.48
2025-11-16 15:29:10.744,1162,91261.14
2025-11-16 15:29:10.744,1163,88573.8
2025-11-16 15:29:10.744,1164,90021.7
2025-11-16 15:29:10.744,1165,91010.8
2025-11-16 15:29:10.744,1166,93048.8
2025-11-16 15:29:10.744,1167,87631.56
2025-11-16 15:29:10.744,1168,95170.63
2025-11-16 15:29:10.744,1169,88573.8
2025-11-16 15:29:10.744,1170,91010.8
2025-11-16 15:29:10.744,1171,91261.14
2025-11-16 15:29:10.744,1172,90021.7
2025-11-16 15:29:10.744,1173,89051.75
2025-11-16 15:29:10.744,1174,89051.75
2025-11-16 15:29:10.744,1175,91010.8
2025-11-16 15:29:10.744,1176,83177.96
2025-11-16 15:29:10.744,1177,86251.47
2025-11-16 15:29:10.744,1178,86707.14
2025-11-16 15:29:10.744,1179,88812.2
2025-11-16 15:29:10.744,1180,79699.56
2025-11-16 15:29:10.744,1181,88336.55
2025-11-16 15:29:10.744,1182,81508.11
2025-11-16 15:29:10.744,1183,90513.82
2025-11-16 15:29:10.744,1184,207747.34
2025-11-16 15:29:10.744,1185,89534.38
2025-11-16 15:29:10.744,1186,76471.19
2025-11-16 15:29:10.744,1187,75565.37
2025-11-16 15:29:10.744,1188,76471.19
2025-11-16 15:29:10.744,1189,91765.55
2025-11-16 15:29:10.744,1190,71631.49
2025-11-16 15:29:10.744,1191,81919.95
2025-11-16 15:29:10.744,1192,150502.45
2025-11-16 15:29:10.744,1193,150502.45
2025-11-16 15:29:10.744,1194,187749.41
2025-11-16 15:29:10.744,1195,79503.01
2025-11-16 15:29:10.744,1196,175214.38
2025-11-16 15:29:10.744,1197,430305.09
2025-11-16 15:29:10.744,1198,203208.34
2025-11-16 15:29:10.744,1199,203208.34
2025-11-16 15:29:10.744,1200,291051.47
2025-11-16 15:29:10.744,1201,280371.47
2025-11-16 15:29:10.744,1202,291051.47
2025-11-16 15:29:10.744,1203,284551.28
2025-11-16 15:29:10.744,1204,266631.75
2025-11-16 15:29:10.744,1205,286686.59
2025-11-16 15:29:10.744,1206,288853.09
2025-11-16 15:29:10.744,1207,288853.09
2025-11-16 15:29:10.744,1208,261133.28
2025-11-16 15:29:10.744,1209,264774.34
2025-11-16 15:29:10.744,1210,286686.59
2025-11-16 15:29:10.744,1211,280371.47
2025-11-16 15:29:10.744,1212,284551.28
2025-11-16 15:29:10.744,1213,280371.47
2025-11-16 15:29:10.744,1214,268514.44
2025-11-16 15:29:10.744,1215,255849.03
2025-11-16 15:29:10.744,1216,293282.41
2025-11-16 15:29:10.744,1217,293282.41
2025-11-16 15:29:10.744,1218,254133.06
2025-11-16 15:29:10.744,1219,241163.34
2025-11-16 15:29:10.744,1220,261133.28
2025-11-16 15:29:10.744,1221,280371.47
2025-11-16 15:29:10.744,1222,278325.69
2025-11-16 15:29:10.744,1223,261133.28
2025-11-16 15:29:10.744,1224,268514.44
2025-11-16 15:29:10.744,1225,268514.44
2025-11-16 15:29:10.744,1226,261133.28
2025-11-16 15:29:10.744,1227,261133.28
2025-11-16 15:29:10.744,1228,254133.06
2025-11-16 15:29:10.744,1229,268514.44
2025-11-16 15:29:10.744,1230,250766.73
2025-11-16 15:29:10.744,1231,261133.28
2025-11-16 15:29:10.744,1232,536008.31
2025-11-16 15:29:10.744,1233,284551.28
2025-11-16 15:29:10.744,1234,284551.28
2025-11-16 15:29:10.744,1235,264774.34
2025-11-16 15:29:10.744,1236,266631.75
2025-11-16 15:29:10.744,1237,282446.44
2025-11-16 15:29:10.744,1238,331208.34
2025-11-16 15:29:10.744,1239,365654.84
2025-11-16 15:29:10.744,1240,444986.13
2025-11-16 15:29:10.744,1241,444986.13
2025-11-16 15:29:10.744,1242,566776.38
2025-11-16 15:29:10.744,1243,322883.13
2025-11-16 15:29:10.744,1244,483368.97
2025-11-16 15:29:10.744,1245,583498.19
2025-11-16 15:29:10.744,1246,583498.19
2025-11-16 15:29:10.744,1247,583498.19
2025-11-16 15:29:10.744,1248,102094.18
2025-11-16 15:29:10.744,1249,103969.71
2025-11-16 15:29:10.744,1250,97948.88
2025-11-16 15:29:10.744,1251,98522.22
2025-11-16 15:29:10.744,1252,94098.91
2025-11-16 15:29:10.744,1253,100577.7
2025-11-16 15:29:10.744,1254,98811.18
2025-11-16 15:29:10.744,1255,101482.63
2025-11-16 15:29:10.744,1256,100279.32
2025-11-16 15:29:10.744,1257,94632.04
2025-11-16 15:29:10.744,1258,101482.63
2025-11-16 15:29:10.744,1259,102712.45
2025-11-16 15:29:10.744,1260,97948.88
2025-11-16 15:29:10.744,1261,100279.32
2025-11-16 15:29:10.744,1262,101482.63
2025-11-16 15:29:10.744,1263,97948.88
2025-11-16 15:29:10.744,1264,97100.13
2025-11-16 15:29:10.744,1265,94364.8
2025-11-16 15:29:10.744,1266,91010.8
2025-11-16 15:29:10.744,1267,76471.19
2025-11-16 15:29:10.744,1268,100577.7
2025-11-16 15:29:10.744,1269,102402.48
2025-11-16 15:29:10.744,1270,99101.66
2025-11-16 15:29:10.744,1271,98811.18
2025-11-16 15:29:10.744,1272,99687.32
2025-11-16 15:29:10.744,1273,97664.48
2025-11-16 15:29:10.744,1274,104931.19
2025-11-16 15:29:10.744,1275,103969.71
2025-11-16 15:29:10.744,1276,98522.22
2025-11-16 15:29:10.744,1277,103024.17
2025-11-16 15:29:10.744,1278,94632.04
2025-11-16 15:29:10.744,1279,102094.18
2025-11-16 15:29:10.744,1280,235144.47
2025-11-16 15:29:10.744,1281,109291.9
2025-11-16 15:29:10.744,1282,105581.22
2025-11-16 15:29:10.744,1283,97381.57
2025-11-16 15:29:10.744,1284,97381.57
2025-11-16 15:29:10.744,1285,109291.9
2025-11-16 15:29:10.744,1286,128722.46
2025-11-16 15:29:10.744,1287,136160.72
2025-11-16 15:29:10.744,1288,168739.63
2025-11-16 15:29:10.744,1289,168739.63
2025-11-16 15:29:10.744,1290,218701.81
2025-11-16 15:29:10.744,1291,109291.9
2025-11-16 15:29:10.744,1292,213700.14
2025-11-16 15:29:10.744,1293,489387.19
2025-11-16 15:29:10.744,1294,264774.34
2025-11-16 15:29:10.744,1295,264774.34
2025-11-16 15:29:10.744,1296,52029.78
2025-11-16 15:29:10.744,1297,51100.71
2025-11-16 15:29:10.744,1298,50918.22
2025-11-16 15:29:10.744,1299,51561.75
2025-11-16 15:29:10.744,1300,50110.29
2025-11-16 15:29:10.744,1301,51284.3
2025-11-16 15:29:10.744,1302,51192.37
2025-11-16 15:29:10.744,1303,50377.22
2025-11-16 15:29:10.744,1304,50021.84
2025-11-16 15:29:10.744,1305,51284.3
2025-11-16 15:29:10.744,1306,50110.29
2025-11-16 15:29:10.744,1307,51100.71
2025-11-16 15:29:10.744,1308,50918.22
2025-11-16 15:29:10.744,1309,50918.22
2025-11-16 15:29:10.744,1310,52218.99
2025-11-16 15:29:10.744,1311,51284.3
2025-11-16 15:29:10.744,1312,53975.16
2025-11-16 15:29:10.744,1313,50377.22
2025-11-16 15:29:10.744,1314,52218.99
2025-11-16 15:29:10.744,1315,50646.52
2025-11-16 15:29:10.744,1316,52890.38
2025-11-16 15:29:10.744,1317,54378.94
2025-11-16 15:29:10.744,1318,51100.71
2025-11-16 15:29:10.744,1319,52029.78
2025-11-16 15:29:10.744,1320,50377.22
2025-11-16 15:29:10.744,1321,44928.77
2025-11-16 15:29:10.744,1322,51376.5
2025-11-16 15:29:10.744,1323,51935.61
2025-11-16 15:29:10.744,1324,47001.92
2025-11-16 15:29:10.744,1325,51468.98
2025-11-16 15:29:10.744,1326,44854.87
2025-11-16 15:29:10.744,1327,53576.4
2025-11-16 15:29:10.744,1328,119906.74
2025-11-16 15:29:10.744,1329,54787.84
2025-11-16 15:29:10.744,1330,52029.78
2025-11-16 15:29:10.744,1331,45984.59
2025-11-16 15:29:10.744,1332,45376.36
2025-11-16 15:29:10.744,1333,56585.1
2025-11-16 15:29:10.744,1334,61608.8
2025-11-16 15:29:10.744,1335,68192.39
2025-11-16 15:29:10.744,1336,89534.38
2025-11-16 15:29:10.744,1337,89534.38
2025-11-16 15:29:10.744,1338,112877.99
2025-11-16 15:29:10.744,1339,51284.3
2025-11-16 15:29:10.744,1340,103337.61
2025-11-16 15:29:10.744,1341,247485.06
2025-11-16 15:29:10.744,1342,110700.96
2025-11-16 15:29:10.744,1343,110700.96
2025-11-16 15:29:10.744,1344,29526.5
2025-11-16 15:29:10.744,1345,29488.15
2025-11-16 15:29:10.744,1346,28480.09
2025-11-16 15:29:10.744,1347,28773.39
2025-11-16 15:29:10.744,1348,27836.08
2025-11-16 15:29:10.744,1349,28263.01
2025-11-16 15:29:10.744,1350,27695.87
2025-11-16 15:29:10.744,1351,28119.63
2025-11-16 15:29:10.744,1352,27836.08
2025-11-16 15:29:10.744,1353,27384.16
2025-11-16 15:29:10.744,1354,27977.33
2025-11-16 15:29:10.744,1355,27906.57
2025-11-16 15:29:10.744,1356,28227.06
2025-11-16 15:29:10.744,1357,28119.63
2025-11-16 15:29:10.744,1358,29071.17
2025-11-16 15:29:10.744,1359,28155.37
2025-11-16 15:29:10.744,1360,30389.34
2025-11-16 15:29:10.744,1361,28263.01
2025-11-16 15:29:10.744,1362,30389.34
2025-11-16 15:29:10.744,1363,29221.78
2025-11-16 15:29:10.744,1364,30309.35
2025-11-16 15:29:10.744,1365,30876.0
2025-11-16 15:29:10.744,1366,28699.64
2025-11-16 15:29:10.744,1367,30712.49
2025-11-16 15:29:10.744,1368,29146.33
2025-11-16 15:29:10.744,1369,26283.89
2025-11-16 15:29:10.744,1370,31416.58
2025-11-16 15:29:10.744,1371,30550.28
2025-11-16 15:29:10.744,1372,28480.09
2025-11-16 15:29:10.744,1373,29297.52
2025-11-16 15:29:10.744,1374,27384.16
2025-11-16 15:29:10.744,1375,30389.34
2025-11-16 15:29:10.744,1376,81713.57
2025-11-16 15:29:10.744,1377,31458.76
2025-11-16 15:29:10.744,1378,30958.25
2025-11-16 15:29:10.744,1379,28083.96
2025-11-16 15:29:10.744,1380,27941.91
2025-11-16 15:29:10.744,1381,33542.38
2025-11-16 15:29:10.744,1382,40256.3
2025-11-16 15:29:10.744,1383,42455.23
2025-11-16 15:29:10.744,1384,51841.71
2025-11-16 15:29:10.744,1385,51841.71
2025-11-16 15:29:10.744,1386,71468.63
2025-11-16 15:29:10.744,1387,29564.92
2025-11-16 15:29:10.744,1388,63676.8
2025-11-16 15:29:10.744,1389,169524.13
2025-11-16 15:29:10.744,1390,71959.17
2025-11-16 15:29:10.744,1391,71959.17
2025-11-16 15:29:10.744,1392,34060.55
2025-11-16 15:29:10.744,1393,33588.98
2025-11-16 15:29:10.744,1394,32586.16
2025-11-16 15:29:10.744,1395,33264.83
2025-11-16 15:29:10.744,1396,31628.31
2025-11-16 15:29:10.744,1397,32145.38
2025-11-16 15:29:10.744,1398,31628.31
2025-11-16 15:29:10.744,1399,32145.38
2025-11-16 15:29:10.744,1400,32232.81
2025-11-16 15:29:10.744,1401,31971.61
2025-11-16 15:29:10.744,1402,32765.05
2025-11-16 15:29:10.744,1403,32675.42
2025-11-16 15:29:10.744,1404,32855.06
2025-11-16 15:29:10.744,1405,32630.74
2025-11-16 15:29:10.744,1406,33495.87
2025-11-16 15:29:10.744,1407,32675.42
2025-11-16 15:29:10.744,1408,34935.51
2025-11-16 15:29:10.744,1409,31713.61
2025-11-16 15:29:10.744,1410,35134.67
2025-11-16 15:29:10.744,1411,34156.08
2025-11-16 15:29:10.744,1412,35134.67
2025-11-16 15:29:10.744,1413,36473.41
2025-11-16 15:29:10.744,1414,33588.98
2025-11-16 15:29:10.744,1415,36473.41
2025-11-16 15:29:10.744,1416,34252.03
2025-11-16 15:29:10.744,1417,32765.05
2025-11-16 15:29:10.744,1418,36901.41
2025-11-16 15:29:10.744,1419,35845.82
2025-11-16 15:29:10.744,1420,33682.49
2025-11-16 15:29:10.744,1421,34935.51
2025-11-16 15:29:10.744,1422,33127.38
2025-11-16 15:29:10.744,1423,36001.13
2025-11-16 15:29:10.744,1424,95170.63
2025-11-16 15:29:10.744,1425,37063.94
2025-11-16 15:29:10.744,1426,36955.46
2025-11-16 15:29:10.744,1427,33635.68
2025-11-16 15:29:10.744,1428,33542.38
2025-11-16 15:29:10.744,1429,39403.42
2025-11-16 15:29:10.744,1430,47646.51
2025-11-16 15:29:10.744,1431,50556.48
2025-11-16 15:29:10.744,1432,60253.01
2025-11-16 15:29:10.744,1433,60253.01
2025-11-16 15:29:10.744,1434,86025.24
2025-11-16 15:29:10.744,1435,35184.73
2025-11-16 15:29:10.744,1436,73637.78
2025-11-16 15:29:10.744,1437,197793.8
2025-11-16 15:29:10.744,1438,87167.16
2025-11-16 15:29:10.744,1439,87167.16
2025-11-16 15:29:10.744,1440,37118.37
2025-11-16 15:29:10.744,1441,36686.43
2025-11-16 15:29:10.744,1442,36157.48
2025-11-16 15:29:10.744,1443,36686.43
2025-11-16 15:29:10.744,1444,34493.74
2025-11-16 15:29:10.744,1445,35034.87
2025-11-16 15:29:10.744,1446,34985.13
2025-11-16 15:29:10.744,1447,35949.24
2025-11-16 15:29:10.744,1448,36053.13
2025-11-16 15:29:10.744,1449,35742.86
2025-11-16 15:29:10.744,1450,36526.48
2025-11-16 15:29:10.744,1451,36053.13
2025-11-16 15:29:10.744,1452,36262.32
2025-11-16 15:29:10.744,1453,35794.29
2025-11-16 15:29:10.744,1454,37118.37
2025-11-16 15:29:10.744,1455,36262.32
2025-11-16 15:29:10.744,1456,37837.53
2025-11-16 15:29:10.744,1457,35034.87
2025-11-16 15:29:10.744,1458,37781.43
2025-11-16 15:29:10.744,1459,36473.41
2025-11-16 15:29:10.744,1460,37669.63
2025-11-16 15:29:10.744,1461,38695.02
2025-11-16 15:29:10.744,1462,36209.84
2025-11-16 15:29:10.744,1463,38695.02
2025-11-16 15:29:10.744,1464,36793.67
2025-11-16 15:29:10.744,1465,31501.02
2025-11-16 15:29:10.744,1466,38811.68
2025-11-16 15:29:10.744,1467,38291.07
2025-11-16 15:29:10.744,1468,33635.68
2025-11-16 15:29:10.744,1469,37669.63
2025-11-16 15:29:10.744,1470,32990.79
2025-11-16 15:29:10.744,1471,38233.91
2025-11-16 15:29:10.744,1472,86025.24
2025-11-16 15:29:10.744,1473,39403.42
2025-11-16 15:29:10.744,1474,38006.61
2025-11-16 15:29:10.744,1475,32586.16
2025-11-16 15:29:10.744,1476,31971.61
2025-11-16 15:29:10.744,1477,41854.7
2025-11-16 15:29:10.744,1478,48139.58
2025-11-16 15:29:10.744,1479,51561.75
2025-11-16 15:29:10.744,1480,63943.71
2025-11-16 15:29:10.744,1481,63943.71
2025-11-16 15:29:10.744,1482,83604.98
2025-11-16 15:29:10.744,1483,36473.41
2025-11-16 15:29:10.744,1484,76838.91
2025-11-16 15:29:10.744,1485,197793.8
2025-11-16 15:29:10.744,1486,89534.38
2025-11-16 15:29:10.744,1487,89534.38
2025-11-16 15:29:10.744,1488,30229.68
2025-11-16 15:29:10.744,1489,29526.5
2025-11-16 15:29:10.744,1490,28407.46
2025-11-16 15:29:10.744,1491,29033.7
2025-11-16 15:29:10.744,1492,27765.84
2025-11-16 15:29:10.744,1493,27145.25
2025-11-16 15:29:10.744,1494,27765.84
2025-11-16 15:29:10.744,1495,27977.33
2025-11-16 15:29:10.744,1496,27977.33
2025-11-16 15:29:10.744,1497,27626.15
2025-11-16 15:29:10.744,1498,27836.08
2025-11-16 15:29:10.744,1499,27977.33
2025-11-16 15:29:10.744,1500,27765.84
2025-11-16 15:29:10.744,1501,28119.63
2025-11-16 15:29:10.744,1502,28921.71
2025-11-16 15:29:10.744,1503,28371.24
2025-11-16 15:29:10.744,1504,29914.1
2025-11-16 15:29:10.744,1505,27556.69
2025-11-16 15:29:10.744,1506,30229.68
2025-11-16 15:29:10.744,1507,27906.57
2025-11-16 15:29:10.744,1508,30071.27
2025-11-16 15:29:10.744,1509,30958.25
2025-11-16 15:29:10.744,1510,28921.71
2025-11-16 15:29:10.744,1511,30958.25
2025-11-16 15:29:10.744,1512,29071.17
2025-11-16 15:29:10.744,1513,26875.9
2025-11-16 15:29:10.744,1514,31290.57
2025-11-16 15:29:10.744,1515,30550.28
2025-11-16 15:29:10.744,1516,27765.84
2025-11-16 15:29:10.744,1517,29992.53
2025-11-16 15:29:10.744,1518,26577.51
2025-11-16 15:29:10.744,1519,30794.08
2025-11-16 15:29:10.744,1520,73127.03
2025-11-16 15:29:10.744,1521,31501.02
2025-11-16 15:29:10.744,1522,30917.09
2025-11-16 15:29:10.744,1523,26676.44
2025-11-16 15:29:10.744,1524,26742.69
2025-11-16 15:29:10.744,1525,33036.22
2025-11-16 15:29:10.744,1526,39403.42
2025-11-16 15:29:10.744,1527,42186.62
2025-11-16 15:29:10.744,1528,51468.98
2025-11-16 15:29:10.744,1529,51468.98
2025-11-16 15:29:10.744,1530,67304.12
2025-11-16 15:29:10.744,1531,29603.42
2025-11-16 15:29:10.744,1532,62757.56
2025-11-16 15:29:10.744,1533,164172.88
2025-11-16 15:29:10.744,1534,71795.0
2025-11-16 15:29:10.744,1535,71795.0
2025-11-16 15:29:10.744,1536,25867.97
2025-11-16 15:29:10.744,1537,25867.97
2025-11-16 15:29:10.744,1538,25867.97
2025-11-16 15:29:10.744,1539,25867.97
2025-11-16 15:29:10.744,1540,25867.97
2025-11-16 15:29:10.744,1541,25867.97
2025-11-16 15:29:10.744,1542,25867.97
2025-11-16 15:29:10.744,1543,25867.97
2025-11-16 15:29:10.744,1544,25867.97
2025-11-16 15:29:10.744,1545,25867.97
2025-11-16 15:29:10.744,1546,25867.97
2025-11-16 15:29:10.744,1547,25867.97
2025-11-16 15:29:10.744,1548,25867.97
2025-11-16 15:29:10.744,1549,25867.97
2025-11-16 15:29:10.744,1550,25867.97
2025-11-16 15:29:10.744,1551,25867.97
2025-11-16 15:29:10.744,1552,25867.97
2025-11-16 15:29:10.744,1553,25867.97
2025-11-16 15:29:10.744,1554,25867.97
2025-11-16 15:29:10.744,1555,25867.97
2025-11-16 15:29:10.744,1556,25867.97
2025-11-16 15:29:10.744,1557,25867.97
2025-11-16 15:29:10.744,1558,25867.97
2025-11-16 15:29:10.744,1559,25867.97
2025-11-16 15:29:10.744,1560,25867.97
2025-11-16 15:29:10.744,1561,25867.97
2025-11-16 15:29:10.744,1562,25867.97
2025-11-16 15:29:10.744,1563,25867.97
2025-11-16 15:29:10.744,1564,25867.97
2025-11-16 15:29:10.744,1565,25867.97
2025-11-16 15:29:10.744,1566,25867.97
2025-11-16 15:29:10.744,1567,25867.97
2025-11-16 15:29:10.744,1568,25867.97
2025-11-16 15:29:10.744,1569,25867.97
2025-11-16 15:29:10.744,1570,25867.97
2025-11-16 15:29:10.744,1571,25867.97
2025-11-16 15:29:10.744,1572,25867.97
2025-11-16 15:29:10.744,1573,25867.97
2025-11-16 15:29:10.744,1574,25867.97
2025-11-16 15:29:10.744,1575,25867.97
2025-11-16 15:29:10.744,1576,25867.97
2025-11-16 15:29:10.744,1577,25867.97
2025-11-16 15:29:10.744,1578,25867.97
2025-11-16 15:29:10.744,1579,25867.97
2025-11-16 15:29:10.744,1580,25867.97
2025-11-16 15:29:10.744,1581,25867.97
2025-11-16 15:29:10.744,1582,25867.97
2025-11-16 15:29:10.744,1583,25867.97
2025-11-16 15:29:10.744,1584,25867.97
2025-11-16 15:29:10.744,1585,25585.55
2025-11-16 15:29:10.744,1586,24645.8
2025-11-16 15:29:10.744,1587,25276.9
2025-11-16 15:29:10.744,1588,23810.38
2025-11-16 15:29:10.744,1589,23726.24
2025-11-16 15:29:10.744,1590,24093.88
2025-11-16 15:29:10.744,1591,24093.88
2025-11-16 15:29:10.744,1592,24208.61
2025-11-16 15:29:10.744,1593,24093.88
2025-11-16 15:29:10.744,1594,24237.42
2025-11-16 15:29:10.744,1595,24208.61
2025-11-16 15:29:10.744,1596,24324.12
2025-11-16 15:29:10.744,1597,24324.12
2025-11-16 15:29:10.744,1598,25033.8
2025-11-16 15:29:10.744,1599,24498.84
2025-11-16 15:29:10.744,1600,26316.28
2025-11-16 15:29:10.744,1601,23782.29
2025-11-16 15:29:10.744,1602,26348.73
2025-11-16 15:29:10.744,1603,24266.27
2025-11-16 15:29:10.744,1604,26219.28
2025-11-16 15:29:10.744,1605,26809.18
2025-11-16 15:29:10.744,1606,25154.93
2025-11-16 15:29:10.744,1607,27077.54
2025-11-16 15:29:10.744,1608,25461.45
2025-11-16 15:29:10.744,1609,23810.38
2025-11-16 15:29:10.744,1610,27247.26
2025-11-16 15:29:10.744,1611,26511.85
2025-11-16 15:29:10.744,1612,24266.27
2025-11-16 15:29:10.744,1613,26058.75
2025-11-16 15:29:10.744,1614,23754.24
2025-11-16 15:29:10.744,1615,26809.18
2025-11-16 15:29:10.744,1616,70346.52
2025-11-16 15:29:10.744,1617,27695.87
2025-11-16 15:29:10.744,1618,27695.87
2025-11-16 15:29:10.744,1619,24498.84
2025-11-16 15:29:10.744,1620,23810.38
2025-11-16 15:29:10.744,1621,29992.53
2025-11-16 15:29:10.744,1622,36793.67
2025-11-16 15:29:10.744,1623,38636.91
2025-11-16 15:29:10.744,1624,47161.71
2025-11-16 15:29:10.744,1625,47161.71
2025-11-16 15:29:10.744,1626,65867.58
2025-11-16 15:29:10.744,1627,26544.65
2025-11-16 15:29:10.744,1628,59653.54
2025-11-16 15:29:10.744,1629,158434.67
2025-11-16 15:29:10.744,1630,70346.52
2025-11-16 15:29:10.744,1631,70346.52
2025-11-16 15:29:10.744,1632,25124.57
2025-11-16 15:29:10.744,1633,24586.87
2025-11-16 15:29:10.744,1634,23642.52
2025-11-16 15:29:10.744,1635,24266.27
2025-11-16 15:29:10.744,1636,22774.6
2025-11-16 15:29:10.744,1637,22721.83
2025-11-16 15:29:10.744,1638,22774.6
2025-11-16 15:29:10.744,1639,23339.05
2025-11-16 15:29:10.744,1640,23094.79
2025-11-16 15:29:10.744,1641,22721.83
2025-11-16 15:29:10.744,1642,23202.91
2025-11-16 15:29:10.744,1643,23393.82
2025-11-16 15:29:10.744,1644,23148.76
2025-11-16 15:29:10.744,1645,23202.91
2025-11-16 15:29:10.744,1646,24382.16
2025-11-16 15:29:10.744,1647,23366.42
2025-11-16 15:29:10.744,1648,24704.93
2025-11-16 15:29:10.744,1649,22203.33
2025-11-16 15:29:10.744,1650,24616.31
2025-11-16 15:29:10.744,1651,22880.64
2025-11-16 15:29:10.744,1652,24616.31
2025-11-16 15:29:10.744,1653,25461.45
2025-11-16 15:29:10.744,1654,23810.38
2025-11-16 15:29:10.744,1655,25154.93
2025-11-16 15:29:10.744,1656,23726.24
2025-11-16 15:29:10.744,1657,21261.97
2025-11-16 15:29:10.744,1658,24734.57
2025-11-16 15:29:10.744,1659,24498.84
2025-11-16 15:29:10.744,1660,17606.89
2025-11-16 15:29:10.744,1661,24093.88
2025-11-16 15:29:10.744,1662,17872.27
2025-11-16 15:29:10.744,1663,25215.81
2025-11-16 15:29:10.744,1664,58599.84
2025-11-16 15:29:10.744,1665,25899.63
2025-11-16 15:29:10.744,1666,24675.34
2025-11-16 15:29:10.744,1667,19534.67
2025-11-16 15:29:10.744,1668,16698.84
2025-11-16 15:29:10.744,1669,26809.18
2025-11-16 15:29:10.744,1670,31040.83
2025-11-16 15:29:10.744,1671,34156.08
2025-11-16 15:29:10.744,1672,43417.48
2025-11-16 15:29:10.744,1673,43417.48
2025-11-16 15:29:10.744,1674,54787.84
2025-11-16 15:29:10.744,1675,24093.88
2025-11-16 15:29:10.744,1676,51935.61
2025-11-16 15:29:10.744,1677,142142.66
2025-11-16 15:29:10.744,1678,63148.7
2025-11-16 15:29:10.744,1679,63148.7
2025-11-16 15:29:10.744,1680,32675.42
2025-11-16 15:29:10.744,1681,32101.8
2025-11-16 15:29:10.744,1682,31290.57
2025-11-16 15:29:10.744,1683,32145.38
2025-11-16 15:29:10.744,1684,30550.28
2025-11-16 15:29:10.744,1685,30550.28
2025-11-16 15:29:10.744,1686,29603.42
2025-11-16 15:29:10.744,1687,30794.08
2025-11-16 15:29:10.744,1688,30999.5
2025-11-16 15:29:10.744,1689,30389.34
2025-11-16 15:29:10.744,1690,30876.0
2025-11-16 15:29:10.744,1691,30958.25
2025-11-16 15:29:10.744,1692,30229.68
2025-11-16 15:29:10.744,1693,31290.57
2025-11-16 15:29:10.744,1694,31756.39
2025-11-16 15:29:10.744,1695,30958.25
2025-11-16 15:29:10.744,1696,32765.05
2025-11-16 15:29:10.744,1697,28773.39
2025-11-16 15:29:10.744,1698,32232.81
2025-11-16 15:29:10.744,1699,29221.78
2025-11-16 15:29:10.744,1700,32630.74
2025-11-16 15:29:10.744,1701,33588.98
2025-11-16 15:29:10.744,1702,31458.76
2025-11-16 15:29:10.744,1703,33127.38
2025-11-16 15:29:10.744,1704,31290.57
2025-11-16 15:29:10.744,1705,28371.24
2025-11-16 15:29:10.744,1706,32945.45
2025-11-16 15:29:10.744,1707,32320.6
2025-11-16 15:29:10.744,1708,28119.63
2025-11-16 15:29:10.744,1709,31756.39
2025-11-16 15:29:10.744,1710,27765.84
2025-11-16 15:29:10.744,1711,33310.84
2025-11-16 15:29:10.744,1712,73296.59
2025-11-16 15:29:10.744,1713,34060.55
2025-11-16 15:29:10.744,1714,33127.38
2025-11-16 15:29:10.744,1715,28736.48
2025-11-16 15:29:10.744,1716,26154.89
2025-11-16 15:29:10.744,1717,36209.84
2025-11-16 15:29:10.744,1718,42387.82
2025-11-16 15:29:10.744,1719,45002.86
2025-11-16 15:29:10.744,1720,55833.13
2025-11-16 15:29:10.744,1721,55833.13
2025-11-16 15:29:10.744,1722,68192.39
2025-11-16 15:29:10.744,1723,32630.74
2025-11-16 15:29:10.744,1724,67012.48
2025-11-16 15:29:10.744,1725,180386.63
2025-11-16 15:29:10.744,1726,78725.33
2025-11-16 15:29:10.744,1727,78725.33
2025-11-16 15:29:10.744,1728,26643.4
2025-11-16 15:29:10.744,1729,26090.74
2025-11-16 15:29:10.744,1730,25094.26
2025-11-16 15:29:10.744,1731,25773.33
2025-11-16 15:29:10.744,1732,24557.47
2025-11-16 15:29:10.744,1733,24382.16
2025-11-16 15:29:10.744,1734,24324.12
2025-11-16 15:29:10.744,1735,24616.31
2025-11-16 15:29:10.744,1736,24794.01
2025-11-16 15:29:10.744,1737,24586.87
2025-11-16 15:29:10.744,1738,24469.6
2025-11-16 15:29:10.744,1739,24764.27
2025-11-16 15:29:10.744,1740,24675.34
2025-11-16 15:29:10.744,1741,24853.65
2025-11-16 15:29:10.744,1742,25585.55
2025-11-16 15:29:10.744,1743,25094.26
2025-11-16 15:29:10.744,1744,26283.89
2025-11-16 15:29:10.744,1745,23421.27
2025-11-16 15:29:10.744,1746,26283.89
2025-11-16 15:29:10.744,1747,23040.99
2025-11-16 15:29:10.744,1748,26381.24
2025-11-16 15:29:10.744,1749,27145.25
2025-11-16 15:29:10.744,1750,25124.57
2025-11-16 15:29:10.744,1751,26875.9
2025-11-16 15:29:10.744,1752,25523.39
2025-11-16 15:29:10.744,1753,22305.72
2025-11-16 15:29:10.744,1754,26544.65
2025-11-16 15:29:10.744,1755,26058.75
2025-11-16 15:29:10.744,1756,20014.81
2025-11-16 15:29:10.744,1757,25836.37
2025-11-16 15:29:10.744,1758,20419.37
2025-11-16 15:29:10.744,1759,27077.54
2025-11-16 15:29:10.744,1760,65867.58
2025-11-16 15:29:10.744,1761,27695.87
2025-11-16 15:29:10.744,1762,26348.73
2025-11-16 15:29:10.744,1763,20579.65
2025-11-16 15:29:10.744,1764,20059.23
2025-11-16 15:29:10.744,1765,28847.41
2025-11-16 15:29:10.744,1766,33870.7
2025-11-16 15:29:10.744,1767,36686.43
2025-11-16 15:29:10.744,1768,46527.84
2025-11-16 15:29:10.744,1769,46527.84
2025-11-16 15:29:10.744,1770,58484.71
2025-11-16 15:29:10.744,1771,26090.74
2025-11-16 15:29:10.744,1772,56260.74
2025-11-16 15:29:10.744,1773,157058.67
2025-11-16 15:29:10.744,1774,68342.44
2025-11-16 15:29:10.744,1775,68342.44
2025-11-16 15:29:10.744,1776,23311.73
2025-11-16 15:29:10.744,1777,23366.42
2025-11-16 15:29:10.744,1778,22408.76
2025-11-16 15:29:10.744,1779,22880.64
2025-11-16 15:29:10.744,1780,21900.02
2025-11-16 15:29:10.744,1781,21602.34
2025-11-16 15:29:10.744,1782,21676.24
2025-11-16 15:29:10.744,1783,22076.26
2025-11-16 15:29:10.744,1784,22000.49
2025-11-16 15:29:10.744,1785,21700.95
2025-11-16 15:29:10.744,1786,21725.7
2025-11-16 15:29:10.744,1787,21750.49
2025-11-16 15:29:10.744,1788,21900.02
2025-11-16 15:29:10.744,1789,21950.17
2025-11-16 15:29:10.744,1790,22827.54
2025-11-16 15:29:10.744,1791,22152.38
2025-11-16 15:29:10.744,1792,23642.52
2025-11-16 15:29:10.744,1793,20788.21
2025-11-16 15:29:10.744,1794,23311.73
2025-11-16 15:29:10.744,1795,21213.94
2025-11-16 15:29:10.744,1796,22774.6
2025-11-16 15:29:10.744,1797,24237.42
2025-11-16 15:29:10.744,1798,22152.38
2025-11-16 15:29:10.744,1799,23923.21
2025-11-16 15:29:10.744,1800,22408.76
2025-11-16 15:29:10.744,1801,19470.38
2025-11-16 15:29:10.744,1802,23782.29
2025-11-16 15:29:10.744,1803,23067.87
2025-11-16 15:29:10.744,1804,18359.01
2025-11-16 15:29:10.744,1805,22987.37
2025-11-16 15:29:10.744,1806,18378.83
2025-11-16 15:29:10.744,1807,24093.88
2025-11-16 15:29:10.744,1808,58715.34
2025-11-16 15:29:10.744,1809,24557.47
2025-11-16 15:29:10.744,1810,23148.76
2025-11-16 15:29:10.744,1811,16911.3
2025-11-16 15:29:10.744,1812,16716.42
2025-11-16 15:29:10.744,1813,25647.93
2025-11-16 15:29:10.744,1814,30071.27
2025-11-16 15:29:10.744,1815,32232.81
2025-11-16 15:29:10.744,1816,965113.19
2025-11-16 15:29:10.744,1817,41526.96
2025-11-16 15:29:10.744,1818,53182.58
2025-11-16 15:29:10.744,1819,22101.59
2025-11-16 15:29:10.744,1820,50918.22
2025-11-16 15:29:10.744,1821,136685.03
2025-11-16 15:29:10.744,1822,60374.14
2025-11-16 15:29:10.744,1823,60374.14
2025-11-16 15:29:10.744,1824,32145.38
2025-11-16 15:29:10.744,1825,31799.26
2025-11-16 15:29:10.744,1826,30794.08
2025-11-16 15:29:10.744,1827,31670.92
2025-11-16 15:29:10.744,1828,30150.32
2025-11-16 15:29:10.744,1829,30229.68
2025-11-16 15:29:10.744,1830,30229.68
2025-11-16 15:29:10.744,1831,30229.68
2025-11-16 15:29:10.744,1832,30712.49
2025-11-16 15:29:10.744,1833,30150.32
2025-11-16 15:29:10.744,1834,30189.96
2025-11-16 15:29:10.744,1835,30794.08
2025-11-16 15:29:10.744,1836,29297.52
2025-11-16 15:29:10.744,1837,30389.34
2025-11-16 15:29:10.744,1838,31206.99
2025-11-16 15:29:10.744,1839,30389.34
2025-11-16 15:29:10.744,1840,32320.6
2025-11-16 15:29:10.744,1841,28699.64
2025-11-16 15:29:10.744,1842,32232.81
2025-11-16 15:29:10.744,1843,29526.5
2025-11-16 15:29:10.744,1844,32810.01
2025-11-16 15:29:10.744,1845,33127.38
2025-11-16 15:29:10.744,1846,30794.08
2025-11-16 15:29:10.744,1847,32675.42
2025-11-16 15:29:10.744,1848,30794.08
2025-11-16 15:29:10.744,1849,27626.15
2025-11-16 15:29:10.744,1850,32810.01
2025-11-16 15:29:10.744,1851,31628.31
2025-11-16 15:29:10.744,1852,27626.15
2025-11-16 15:29:10.744,1853,31585.79
2025-11-16 15:29:10.744,1854,26283.89
2025-11-16 15:29:10.744,1855,32232.81
2025-11-16 15:29:10.744,1856,72123.99
2025-11-16 15:29:10.744,1857,33870.7
2025-11-16 15:29:10.744,1858,32765.05
2025-11-16 15:29:10.744,1859,27247.26
2025-11-16 15:29:10.744,1860,27247.26
2025-11-16 15:29:10.744,1861,35897.47
2025-11-16 15:29:10.744,1862,41592.18
2025-11-16 15:29:10.744,1863,44854.87
2025-11-16 15:29:10.744,1864,55621.39
2025-11-16 15:29:10.744,1865,55621.39
2025-11-16 15:29:10.744,1866,64077.9
2025-11-16 15:29:10.744,1867,31713.61
2025-11-16 15:29:10.744,1868,63544.07
2025-11-16 15:29:10.744,1869,175214.38
2025-11-16 15:29:10.744,1870,76838.91
2025-11-16 15:29:10.744,1871,76838.91
2025-11-16 15:29:10.744,1872,27145.25
2025-11-16 15:29:10.744,1873,27213.2
2025-11-16 15:29:10.744,1874,25710.52
2025-11-16 15:29:10.744,1875,26610.43
2025-11-16 15:29:10.744,1876,25585.55
2025-11-16 15:29:10.744,1877,25647.93
2025-11-16 15:29:10.744,1878,25523.39
2025-11-16 15:29:10.744,1879,25647.93
2025-11-16 15:29:10.744,1880,25033.8
2025-11-16 15:29:10.744,1881,25647.93
2025-11-16 15:29:10.744,1882,25647.93
2025-11-16 15:29:10.744,1883,25804.82
2025-11-16 15:29:10.744,1884,25276.9
2025-11-16 15:29:10.744,1885,25585.55
2025-11-16 15:29:10.744,1886,26348.73
2025-11-16 15:29:10.744,1887,25804.82
2025-11-16 15:29:10.744,1888,27145.25
2025-11-16 15:29:10.744,1889,24704.93
2025-11-16 15:29:10.744,1890,27349.84
2025-11-16 15:29:10.744,1891,24853.65
2025-11-16 15:29:10.744,1892,27591.39
2025-11-16 15:29:10.744,1893,28191.18
2025-11-16 15:29:10.744,1894,26154.89
2025-11-16 15:29:10.744,1895,27836.08
2025-11-16 15:29:10.744,1896,26219.28
2025-11-16 15:29:10.744,1897,21651.57
2025-11-16 15:29:10.744,1898,27626.15
2025-11-16 15:29:10.744,1899,27077.54
2025-11-16 15:29:10.744,1900,21358.47
2025-11-16 15:29:10.744,1901,26742.69
2025-11-16 15:29:10.744,1902,20464.99
2025-11-16 15:29:10.744,1903,28227.06
2025-11-16 15:29:10.744,1904,65446.95
2025-11-16 15:29:10.744,1905,28335.09
2025-11-16 15:29:10.744,1906,27977.33
2025-11-16 15:29:10.744,1907,22590.65
2025-11-16 15:29:10.744,1908,22203.33
2025-11-16 15:29:10.744,1909,30550.28
2025-11-16 15:29:10.744,1910,35640.36
2025-11-16 15:29:10.744,1911,38463.37
2025-11-16 15:29:10.744,1912,48305.81
2025-11-16 15:29:10.744,1913,48305.81
2025-11-16 15:29:10.744,1914,59416.6
2025-11-16 15:29:10.744,1915,26809.18
2025-11-16 15:29:10.744,1916,56803.11
2025-11-16 15:29:10.744,1917,158434.67
2025-11-16 15:29:10.744,1918,68192.39
2025-11-16 15:29:10.744,1919,68192.39
2025-11-16 15:29:10.744,1920,661350.38
2025-11-16 15:29:10.744,1921,721303.56
2025-11-16 15:29:10.744,1922,550970.88
2025-11-16 15:29:10.744,1923,543388.5
2025-11-16 15:29:10.744,1924,661350.38
2025-11-16 15:29:10.744,1925,566776.38
2025-11-16 15:29:10.744,1926,536008.31
2025-11-16 15:29:10.744,1927,661350.38
2025-11-16 15:29:10.744,1928,640033.69
2025-11-16 15:29:10.744,1929,477494.09
2025-11-16 15:29:10.744,1930,601218.31
2025-11-16 15:29:10.744,1931,640033.69
2025-11-16 15:29:10.744,1932,777567.38
2025-11-16 15:29:10.744,1933,592227.94
2025-11-16 15:29:10.744,1934,558763.94
2025-11-16 15:29:10.744,1935,558763.94
2025-11-16 15:29:10.744,1936,592227.94
2025-11-16 15:29:10.744,1937,536008.31
2025-11-16 15:29:10.744,1938,521823.06
2025-11-16 15:29:10.744,1939,536008.31
2025-11-16 15:29:10.744,1940,566776.38
2025-11-16 15:29:10.744,1941,640033.69
2025-11-16 15:29:10.744,1942,550970.88
2025-11-16 15:29:10.744,1943,483368.97
2025-11-16 15:29:10.744,1944,460679.59
2025-11-16 15:29:10.744,1945,466154.09
2025-11-16 15:29:10.744,1946,489387.19
2025-11-16 15:29:10.744,1947,508356.06
2025-11-16 15:29:10.744,1948,421032.91
2025-11-16 15:29:10.744,1949,483368.97
2025-11-16 15:29:10.744,1950,395419.56
2025-11-16 15:29:10.744,1951,536008.31
2025-11-16 15:29:10.744,1952,684112.31
2025-11-16 15:29:10.744,1953,550970.88
2025-11-16 15:29:10.744,1954,536008.31
2025-11-16 15:29:10.744,1955,460679.59
2025-11-16 15:29:10.744,1956,483368.97
2025-11-16 15:29:10.744,1957,515003.19
2025-11-16 15:29:10.744,1958,558763.94
2025-11-16 15:29:10.744,1959,661350.38
2025-11-16 15:29:10.744,1960,684112.31
2025-11-16 15:29:10.744,1961,684112.31
2025-11-16 15:29:10.744,1962,358884.03
2025-11-16 15:29:10.744,1963,536008.31
2025-11-16 15:29:10.744,1964,508356.06
2025-11-16 15:29:10.744,1965,988899.38
2025-11-16 15:29:10.744,1966,988899.38
2025-11-16 15:29:10.744,1967,988899.38
2025-11-16 15:29:10.744,1968,32675.42
2025-11-16 15:29:10.744,1969,32145.38
2025-11-16 15:29:10.744,1970,31040.83
2025-11-16 15:29:10.744,1971,31628.31
2025-11-16 15:29:10.744,1972,30229.68
2025-11-16 15:29:10.744,1973,30309.35
2025-11-16 15:29:10.744,1974,30389.34
2025-11-16 15:29:10.744,1975,30631.22
2025-11-16 15:29:10.744,1976,30309.35
2025-11-16 15:29:10.744,1977,30389.34
2025-11-16 15:29:10.744,1978,30309.35
2025-11-16 15:29:10.744,1979,30753.24
2025-11-16 15:29:10.744,1980,30189.96
2025-11-16 15:29:10.744,1981,30631.22
2025-11-16 15:29:10.744,1982,31543.36
2025-11-16 15:29:10.744,1983,30794.08
2025-11-16 15:29:10.744,1984,32145.38
2025-11-16 15:29:10.744,1985,28921.71
2025-11-16 15:29:10.744,1986,32232.81
2025-11-16 15:29:10.744,1987,29992.53
2025-11-16 15:29:10.744,1988,32586.16
2025-11-16 15:29:10.744,1989,33127.38
2025-11-16 15:29:10.744,1990,31290.57
2025-11-16 15:29:10.744,1991,33127.38
2025-11-16 15:29:10.744,1992,31206.99
2025-11-16 15:29:10.744,1993,27556.69
2025-11-16 15:29:10.744,1994,33036.22
2025-11-16 15:29:10.744,1995,31971.61
2025-11-16 15:29:10.744,1996,27077.54
2025-11-16 15:29:10.744,1997,31670.92
2025-11-16 15:29:10.744,1998,25773.33
2025-11-16 15:29:10.744,1999,32232.81
2025-11-16 15:29:10.744,2000,73296.59
2025-11-16 15:29:10.744,2001,33682.49
2025-11-16 15:29:10.744,2002,32145.38
2025-11-16 15:29:10.744,2003,26676.44
2025-11-16 15:29:10.744,2004,26942.87
2025-11-16 15:29:10.744,2005,35742.86
2025-11-16 15:29:10.744,2006,41397.01
2025-11-16 15:29:10.744,2007,43557.83
2025-11-16 15:29:10.744,2008,54378.94
2025-11-16 15:29:10.744,2009,54378.94
2025-11-16 15:29:10.744,2010,62757.56
2025-11-16 15:29:10.744,2011,31713.61
2025-11-16 15:29:10.744,2012,62499.11
2025-11-16 15:29:10.744,2013,174379.52
2025-11-16 15:29:10.744,2014,76838.91
2025-11-16 15:29:10.744,2015,76838.91
2025-11-16 15:29:10.744,2016,566776.38
2025-11-16 15:29:10.744,2017,696081.88
2025-11-16 15:29:10.744,2018,592227.94
2025-11-16 15:29:10.744,2019,661350.38
2025-11-16 15:29:10.744,2020,696081.88
2025-11-16 15:29:10.744,2021,721303.56
2025-11-16 15:29:10.744,2022,661350.38
2025-11-16 15:29:10.744,2023,762705.19
2025-11-16 15:29:10.744,2024,696081.88
2025-11-16 15:29:10.744,2025,550970.88
2025-11-16 15:29:10.744,2026,575017.88
2025-11-16 15:29:10.744,2027,672541.69
2025-11-16 15:29:10.744,2028,708471.5
2025-11-16 15:29:10.744,2029,566776.38
2025-11-16 15:29:10.744,2030,566776.38
2025-11-16 15:29:10.744,2031,661350.38
2025-11-16 15:29:10.744,2032,708471.5
2025-11-16 15:29:10.744,2033,543388.5
2025-11-16 15:29:10.744,2034,566776.38
2025-11-16 15:29:10.744,2035,672541.69
2025-11-16 15:29:10.744,2036,708471.5
2025-11-16 15:29:10.744,2037,777567.38
2025-11-16 15:29:10.744,2038,734602.25
2025-11-16 15:29:10.744,2039,684112.31
2025-11-16 15:29:10.744,2040,684112.31
2025-11-16 15:29:10.744,2041,536008.31
2025-11-16 15:29:10.744,2042,708471.5
2025-11-16 15:29:10.744,2043,566776.38
2025-11-16 15:29:10.744,2044,661350.38
2025-11-16 15:29:10.744,2045,684112.31
2025-11-16 15:29:10.744,2046,583498.19
2025-11-16 15:29:10.744,2047,793012.25
2025-11-16 15:29:10.744,2048,900097.25
2025-11-16 15:29:10.744,2049,684112.31
2025-11-16 15:29:10.744,2050,721303.56
2025-11-16 15:29:10.744,2051,684112.31
2025-11-16 15:29:10.744,2052,661350.38
2025-11-16 15:29:10.744,2053,640033.69
2025-11-16 15:29:10.744,2054,793012.25
2025-11-16 15:29:10.744,2055,861364.44
2025-11-16 15:29:10.744,2056,566776.38
2025-11-16 15:29:10.744,2057,566776.38
2025-11-16 15:29:10.744,2058,566776.38
2025-11-16 15:29:10.744,2059,708471.5
2025-11-16 15:29:10.744,2060,708471.5
2025-11-16 15:29:10.744,2061,27349.84
2025-11-16 15:29:10.744,2062,27349.84
2025-11-16 15:29:10.744,2063,27349.84
2025-11-16 15:29:10.744,2064,27349.84
2025-11-16 15:29:10.744,2065,26875.9
2025-11-16 15:29:10.744,2066,26219.28
2025-11-16 15:29:10.744,2067,26643.4
2025-11-16 15:29:10.744,2068,25523.39
2025-11-16 15:29:10.744,2069,25154.93
2025-11-16 15:29:10.744,2070,25679.2
2025-11-16 15:29:10.744,2071,25963.11
2025-11-16 15:29:10.744,2072,26154.89
2025-11-16 15:29:10.744,2073,25154.93
2025-11-16 15:29:10.744,2074,25836.37
2025-11-16 15:29:10.744,2075,25836.37
2025-11-16 15:29:10.744,2076,25836.37
2025-11-16 15:29:10.744,2077,26090.74
2025-11-16 15:29:10.744,2078,26348.73
2025-11-16 15:29:10.744,2079,26219.28
2025-11-16 15:29:10.744,2080,27077.54
2025-11-16 15:29:10.744,2081,22331.42
2025-11-16 15:29:10.744,2082,27836.08
2025-11-16 15:29:10.744,2083,23810.38
2025-11-16 15:29:10.744,2084,27695.87
2025-11-16 15:29:10.744,2085,28699.64
2025-11-16 15:29:10.744,2086,27010.09
2025-11-16 15:29:10.744,2087,28810.36
2025-11-16 15:29:10.744,2088,27247.26
2025-11-16 15:29:10.744,2089,25585.55
2025-11-16 15:29:10.744,2090,29221.78
2025-11-16 15:29:10.744,2091,27941.91
2025-11-16 15:29:10.744,2092,25741.9
2025-11-16 15:29:10.744,2093,27695.87
2025-11-16 15:29:10.744,2094,24794.01
2025-11-16 15:29:10.744,2095,28263.01
2025-11-16 15:29:10.744,2096,72789.98
2025-11-16 15:29:10.744,2097,29603.42
2025-11-16 15:29:10.744,2098,28773.39
2025-11-16 15:29:10.744,2099,25154.93
2025-11-16 15:29:10.744,2100,25003.64
2025-11-16 15:29:10.744,2101,31040.83
2025-11-16 15:29:10.744,2102,37725.46
2025-11-16 15:29:10.744,2103,40380.55
2025-11-16 15:29:10.744,2104,48980.34
2025-11-16 15:29:10.744,2105,48980.34
2025-11-16 15:29:10.744,2106,64756.17
2025-11-16 15:29:10.744,2107,27765.84
2025-11-16 15:29:10.744,2108,59181.26
2025-11-16 15:29:10.744,2109,162702.02
2025-11-16 15:29:10.744,2110,70983.91
2025-11-16 15:29:10.744,2111,70983.91
2025-11-16 15:29:10.744,2112,439984.91
2025-11-16 15:29:10.744,2113,379970.25
2025-11-16 15:29:10.744,2114,407834.16
2025-11-16 15:29:10.744,2115,403612.41
2025-11-16 15:29:10.744,2116,387544.88
2025-11-16 15:29:10.744,2117,425619.72
2025-11-16 15:29:10.744,2118,421032.91
2025-11-16 15:29:10.744,2119,421032.91
2025-11-16 15:29:10.744,2120,412143.03
2025-11-16 15:29:10.744,2121,387544.88
2025-11-16 15:29:10.744,2122,403612.41
2025-11-16 15:29:10.744,2123,425619.72
2025-11-16 15:29:10.744,2124,430305.09
2025-11-16 15:29:10.744,2125,399475.0
2025-11-16 15:29:10.744,2126,407834.16
2025-11-16 15:29:10.744,2127,387544.88
2025-11-16 15:29:10.744,2128,379970.25
2025-11-16 15:29:10.744,2129,383721.19
2025-11-16 15:29:10.744,2130,430305.09
2025-11-16 15:29:10.744,2131,395419.56
2025-11-16 15:29:10.744,2132,412143.03
2025-11-16 15:29:10.744,2133,387544.88
2025-11-16 15:29:10.744,2134,407834.16
2025-11-16 15:29:10.744,2135,430305.09
2025-11-16 15:29:10.744,2136,412143.03
2025-11-16 15:29:10.744,2137,376290.09
2025-11-16 15:29:10.744,2138,403612.41
2025-11-16 15:29:10.744,2139,430305.09
2025-11-16 15:29:10.744,2140,376290.09
2025-11-16 15:29:10.744,2141,372678.72
2025-11-16 15:29:10.744,2142,339960.47
2025-11-16 15:29:10.744,2143,383721.19
2025-11-16 15:29:10.744,2144,272357.75
2025-11-16 15:29:10.744,2145,395419.56
2025-11-16 15:29:10.744,2146,346048.91
2025-11-16 15:29:10.744,2147,300178.03
2025-11-16 15:29:10.744,2148,302546.75
2025-11-16 15:29:10.744,2149,379970.25
2025-11-16 15:29:10.744,2150,450099.75
2025-11-16 15:29:10.744,2151,439984.91
2025-11-16 15:29:10.744,2152,583498.19
2025-11-16 15:29:10.744,2153,583498.19
2025-11-16 15:29:10.744,2154,112509.73
2025-11-16 15:29:10.744,2155,358884.03
2025-11-16 15:29:10.744,2156,183082.55
2025-11-16 15:29:10.744,2157,536008.31
2025-11-16 15:29:10.744,2158,536008.31
2025-11-16 15:29:10.744,2159,536008.31
2025-11-16 15:29:10.744,2160,421032.91
2025-11-16 15:29:10.744,2161,387544.88
2025-11-16 15:29:10.744,2162,387544.88
2025-11-16 15:29:10.744,2163,395419.56
2025-11-16 15:29:10.744,2164,387544.88
2025-11-16 15:29:10.744,2165,399475.0
2025-11-16 15:29:10.744,2166,430305.09
2025-11-16 15:29:10.744,2167,439984.91
2025-11-16 15:29:10.744,2168,425619.72
2025-11-16 15:29:10.744,2169,430305.09
2025-11-16 15:29:10.744,2170,399475.0
2025-11-16 15:29:10.744,2171,483368.97
2025-11-16 15:29:10.744,2172,483368.97
2025-11-16 15:29:10.744,2173,439984.91
2025-11-16 15:29:10.744,2174,439984.91
2025-11-16 15:29:10.744,2175,430305.09
2025-11-16 15:29:10.744,2176,477494.09
2025-11-16 15:29:10.744,2177,450099.75
2025-11-16 15:29:10.744,2178,483368.97
2025-11-16 15:29:10.744,2179,444986.13
2025-11-16 15:29:10.744,2180,450099.75
2025-11-16 15:29:10.744,2181,543388.5
2025-11-16 15:29:10.744,2182,528822.38
2025-11-16 15:29:10.744,2183,430305.09
2025-11-16 15:29:10.744,2184,508356.06
2025-11-16 15:29:10.744,2185,455329.53
2025-11-16 15:29:10.744,2186,450099.75
2025-11-16 15:29:10.744,2187,543388.5
2025-11-16 15:29:10.744,2188,444986.13
2025-11-16 15:29:10.744,2189,471757.34
2025-11-16 15:29:10.744,2190,435092.38
2025-11-16 15:29:10.744,2191,566776.38
2025-11-16 15:29:10.744,2192,395419.56
2025-11-16 15:29:10.744,2193,483368.97
2025-11-16 15:29:10.744,2194,515003.19
2025-11-16 15:29:10.744,2195,471757.34
2025-11-16 15:29:10.744,2196,460679.59
2025-11-16 15:29:10.744,2197,515003.19
2025-11-16 15:29:10.744,2198,601218.31
2025-11-16 15:29:10.744,2199,550970.88
2025-11-16 15:29:10.744,2200,762705.19
2025-11-16 15:29:10.744,2201,762705.19
2025-11-16 15:29:10.744,2202,162702.02
2025-11-16 15:29:10.744,2203,536008.31
2025-11-16 15:29:10.744,2204,268514.44
2025-11-16 15:29:10.744,2205,793012.25
2025-11-16 15:29:10.744,2206,793012.25
2025-11-16 15:29:10.744,2207,793012.25
2025-11-16 15:29:10.744,2208,312394.69
2025-11-16 15:29:10.744,2209,312394.69
2025-11-16 15:29:10.744,2210,312394.69
2025-11-16 15:29:10.744,2211,312394.69
2025-11-16 15:29:10.744,2212,312394.69
2025-11-16 15:29:10.744,2213,312394.69
2025-11-16 15:29:10.744,2214,312394.69
2025-11-16 15:29:10.744,2215,312394.69
2025-11-16 15:29:10.744,2216,312394.69
2025-11-16 15:29:10.744,2217,312394.69
2025-11-16 15:29:10.744,2218,312394.69
2025-11-16 15:29:10.744,2219,312394.69
2025-11-16 15:29:10.744,2220,312394.69
2025-11-16 15:29:10.744,2221,312394.69
2025-11-16 15:29:10.744,2222,312394.69
2025-11-16 15:29:10.744,2223,312394.69
2025-11-16 15:29:10.744,2224,312394.69
2025-11-16 15:29:10.744,2225,312394.69
2025-11-16 15:29:10.744,2226,312394.69
2025-11-16 15:29:10.744,2227,312394.69
2025-11-16 15:29:10.744,2228,312394.69
2025-11-16 15:29:10.744,2229,312394.69
2025-11-16 15:29:10.744,2230,312394.69
2025-11-16 15:29:10.744,2231,312394.69
2025-11-16 15:29:10.744,2232,312394.69
2025-11-16 15:29:10.744,2233,312394.69
2025-11-16 15:29:10.744,2234,312394.69
2025-11-16 15:29:10.744,2235,312394.69
2025-11-16 15:29:10.744,2236,312394.69
2025-11-16 15:29:10.744,2237,312394.69
2025-11-16 15:29:10.744,2238,312394.69
2025-11-16 15:29:10.744,2239,312394.69
2025-11-16 15:29:10.744,2240,312394.69
2025-11-16 15:29:10.744,2241,312394.69
2025-11-16 15:29:10.744,2242,312394.69
2025-11-16 15:29:10.744,2243,312394.69
2025-11-16 15:29:10.744,2244,312394.69
2025-11-16 15:29:10.744,2245,312394.69
2025-11-16 15:29:10.744,2246,312394.69
2025-11-16 15:29:10.744,2247,312394.69
2025-11-16 15:29:10.744,2248,312394.69
2025-11-16 15:29:10.744,2249,312394.69
2025-11-16 15:29:10.744,2250,312394.69
2025-11-16 15:29:10.744,2251,312394.69
2025-11-16 15:29:10.744,2252,312394.69
2025-11-16 15:29:10.744,2253,312394.69
2025-11-16 15:29:10.744,2254,312394.69
2025-11-16 15:29:10.744,2255,312394.69
2025-11-16 15:29:10.744,2256,312394.69
2025-11-16 15:29:10.744,2257,272357.75
2025-11-16 15:29:10.744,2258,284551.28
2025-11-16 15:29:10.744,2259,284551.28
2025-11-16 15:29:10.744,2260,264774.34
2025-11-16 15:29:10.744,2261,257587.41
2025-11-16 15:29:10.744,2262,238117.42
2025-11-16 15:29:10.744,2263,312394.69
2025-11-16 15:29:10.744,2264,284551.28
2025-11-16 15:29:10.744,2265,266631.75
2025-11-16 15:29:10.744,2266,261133.28
2025-11-16 15:29:10.744,2267,268514.44
2025-11-16 15:29:10.744,2268,264774.34
2025-11-16 15:29:10.744,2269,262941.66
2025-11-16 15:29:10.744,2270,280371.47
2025-11-16 15:29:10.744,2271,264774.34
2025-11-16 15:29:10.744,2272,282446.44
2025-11-16 15:29:10.744,2273,261133.28
2025-11-16 15:29:10.744,2274,291051.47
2025-11-16 15:29:10.744,2275,261133.28
2025-11-16 15:29:10.744,2276,291051.47
2025-11-16 15:29:10.744,2277,288853.09
2025-11-16 15:29:10.744,2278,268514.44
2025-11-16 15:29:10.744,2279,284551.28
2025-11-16 15:29:10.744,2280,261133.28
2025-11-16 15:29:10.744,2281,235144.47
2025-11-16 15:29:10.744,2282,264774.34
2025-11-16 15:29:10.744,2283,262941.66
2025-11-16 15:29:10.744,2284,225277.3
2025-11-16 15:29:10.744,2285,241163.34
2025-11-16 15:29:10.744,2286,218701.81
2025-11-16 15:29:10.744,2287,254133.06
2025-11-16 15:29:10.744,2288,180386.63
2025-11-16 15:29:10.744,2289,266631.75
2025-11-16 15:29:10.744,2290,261133.28
2025-11-16 15:29:10.744,2291,232241.86
2025-11-16 15:29:10.744,2292,223932.14
2025-11-16 15:29:10.744,2293,259348.69
2025-11-16 15:29:10.744,2294,317555.0
2025-11-16 15:29:10.744,2295,328387.41
2025-11-16 15:29:10.744,2296,430305.09
2025-11-16 15:29:10.744,2297,430305.09
2025-11-16 15:29:10.744,2298,67745.73
2025-11-16 15:29:10.744,2299,257587.41
2025-11-16 15:29:10.744,2300,109992.31
2025-11-16 15:29:10.744,2301,809075.0
2025-11-16 15:29:10.744,2302,489387.19
2025-11-16 15:29:10.744,2303,489387.19
