Timestamp,Sensor_ID,Resistance_Ohms
2025-11-16 15:57:00.349,0,22564.54
2025-11-16 15:57:00.349,1,31458.76
2025-11-16 15:57:00.349,2,34060.55
2025-11-16 15:57:00.349,3,32990.79
2025-11-16 15:57:00.349,4,33403.16
2025-11-16 15:57:00.349,5,34156.08
2025-11-16 15:57:00.349,6,34300.16
2025-11-16 15:57:00.349,7,34445.18
2025-11-16 15:57:00.349,8,34300.16
2025-11-16 15:57:00.349,9,34156.08
2025-11-16 15:57:00.349,10,34252.03
2025-11-16 15:57:00.349,11,34156.08
2025-11-16 15:57:00.349,12,34396.74
2025-11-16 15:57:00.349,13,34204.0
2025-11-16 15:57:00.349,14,36053.13
2025-11-16 15:57:00.349,15,34252.03
2025-11-16 15:57:00.349,16,36262.32
2025-11-16 15:57:00.349,17,37063.94
2025-11-16 15:57:00.349,18,37558.35
2025-11-16 15:57:00.349,19,38463.37
2025-11-16 15:57:00.349,20,41139.08
2025-11-16 15:57:00.349,21,42658.5
2025-11-16 15:57:00.349,22,35640.36
2025-11-16 15:57:00.349,23,41854.7
2025-11-16 15:57:00.349,24,36579.68
2025-11-16 15:57:00.349,25,37337.34
2025-11-16 15:57:00.349,26,41139.08
2025-11-16 15:57:00.349,27,38348.37
2025-11-16 15:57:00.349,28,37725.46
2025-11-16 15:57:00.349,29,38811.68
2025-11-16 15:57:00.349,30,38006.61
2025-11-16 15:57:00.349,31,42053.34
2025-11-16 15:57:00.349,32,74328.61
2025-11-16 15:57:00.349,33,37669.63
2025-11-16 15:57:00.349,34,38233.91
2025-11-16 15:57:00.349,35,38120.0
2025-11-16 15:57:00.349,36,36901.41
2025-11-16 15:57:00.349,37,37558.35
2025-11-16 15:57:00.349,38,43417.48
2025-11-16 15:57:00.349,39,54176.42
2025-11-16 15:57:00.349,40,471757.34
2025-11-16 15:57:00.349,41,50287.98
2025-11-16 15:57:00.349,42,37009.64
2025-11-16 15:57:00.349,43,37009.64
2025-11-16 15:57:00.349,44,54994.24
2025-11-16 15:57:00.349,45,125954.73
2025-11-16 15:57:00.349,46,53576.4
2025-11-16 15:57:00.349,47,53576.4
2025-11-16 15:57:00.349,48,101482.63
2025-11-16 15:57:00.349,49,109992.31
2025-11-16 15:57:00.349,50,119086.36
2025-11-16 15:57:00.349,51,109291.9
2025-11-16 15:57:00.349,52,114373.48
2025-11-16 15:57:00.349,53,118276.26
2025-11-16 15:57:00.349,54,119906.74
2025-11-16 15:57:00.349,55,114373.48
2025-11-16 15:57:00.349,56,119086.36
2025-11-16 15:57:00.349,57,119495.26
2025-11-16 15:57:00.349,58,115134.95
2025-11-16 15:57:00.349,59,120737.61
2025-11-16 15:57:00.349,60,119495.26
2025-11-16 15:57:00.349,61,114373.48
2025-11-16 15:57:00.349,62,120737.61
2025-11-16 15:57:00.349,63,114753.04
2025-11-16 15:57:00.349,64,112143.66
2025-11-16 15:57:00.349,65,119906.74
2025-11-16 15:57:00.349,66,128722.46
2025-11-16 15:57:00.349,67,113621.23
2025-11-16 15:57:00.349,68,124170.08
2025-11-16 15:57:00.349,69,135640.13
2025-11-16 15:57:00.349,70,119495.26
2025-11-16 15:57:00.349,71,133594.3
2025-11-16 15:57:00.349,72,121579.19
2025-11-16 15:57:00.349,73,119906.74
2025-11-16 15:57:00.349,74,120737.61
2025-11-16 15:57:00.349,75,122431.63
2025-11-16 15:57:00.349,76,119086.36
2025-11-16 15:57:00.349,77,119086.36
2025-11-16 15:57:00.349,78,127787.46
2025-11-16 15:57:00.349,79,132592.78
2025-11-16 15:57:00.349,80,173552.13
2025-11-16 15:57:00.349,81,113621.23
2025-11-16 15:57:00.349,82,127787.46
2025-11-16 15:57:00.349,83,125504.14
2025-11-16 15:57:00.349,84,122431.63
2025-11-16 15:57:00.349,85,125954.73
2025-11-16 15:57:00.349,86,135640.13
2025-11-16 15:57:00.349,87,176906.95
2025-11-16 15:57:00.349,88,144441.03
2025-11-16 15:57:00.349,89,144441.03
2025-11-16 15:57:00.349,90,123295.2
2025-11-16 15:57:00.349,91,123295.2
2025-11-16 15:57:00.349,92,106570.16
2025-11-16 15:57:00.349,93,182175.47
2025-11-16 15:57:00.349,94,127787.46
2025-11-16 15:57:00.349,95,127787.46
2025-11-16 15:57:00.349,96,73981.77
2025-11-16 15:57:00.349,97,72622.48
2025-11-16 15:57:00.349,98,77209.76
2025-11-16 15:57:00.349,99,76838.91
2025-11-16 15:57:00.349,100,75925.42
2025-11-16 15:57:00.349,101,77961.02
2025-11-16 15:57:00.349,102,76654.66
2025-11-16 15:57:00.349,103,79112.48
2025-11-16 15:57:00.349,104,77961.02
2025-11-16 15:57:00.349,105,76106.58
2025-11-16 15:57:00.349,106,78341.52
2025-11-16 15:57:00.349,107,78918.48
2025-11-16 15:57:00.349,108,78725.33
2025-11-16 15:57:00.349,109,77209.76
2025-11-16 15:57:00.349,110,83177.96
2025-11-16 15:57:00.349,111,79112.48
2025-11-16 15:57:00.349,112,72958.16
2025-11-16 15:57:00.349,113,83177.96
2025-11-16 15:57:00.349,114,85800.06
2025-11-16 15:57:00.349,115,78918.48
2025-11-16 15:57:00.349,116,91010.8
2025-11-16 15:57:00.349,117,93309.35
2025-11-16 15:57:00.349,118,79503.01
2025-11-16 15:57:00.349,119,90267.15
2025-11-16 15:57:00.349,120,81508.11
2025-11-16 15:57:00.349,121,83604.98
2025-11-16 15:57:00.349,122,85800.06
2025-11-16 15:57:00.349,123,86707.14
2025-11-16 15:57:00.349,124,77583.78
2025-11-16 15:57:00.349,125,79112.48
2025-11-16 15:57:00.349,126,83604.98
2025-11-16 15:57:00.349,127,97381.57
2025-11-16 15:57:00.349,128,143859.97
2025-11-16 15:57:00.349,129,86478.77
2025-11-16 15:57:00.349,130,88573.8
2025-11-16 15:57:00.349,131,90513.82
2025-11-16 15:57:00.349,132,88573.8
2025-11-16 15:57:00.349,133,87167.16
2025-11-16 15:57:00.349,134,98522.22
2025-11-16 15:57:00.349,135,118276.26
2025-11-16 15:57:00.349,136,988899.38
2025-11-16 15:57:00.349,137,86251.47
2025-11-16 15:57:00.349,138,86025.24
2025-11-16 15:57:00.349,139,86025.24
2025-11-16 15:57:00.349,140,101482.63
2025-11-16 15:57:00.349,141,213700.14
2025-11-16 15:57:00.349,142,110700.96
2025-11-16 15:57:00.349,143,110700.96
2025-11-16 15:57:00.349,144,43698.91
2025-11-16 15:57:00.349,145,44126.66
2025-11-16 15:57:00.349,146,43840.75
2025-11-16 15:57:00.349,147,44054.89
2025-11-16 15:57:00.349,148,43277.87
2025-11-16 15:57:00.349,149,43911.94
2025-11-16 15:57:00.349,150,43698.91
2025-11-16 15:57:00.349,151,43983.32
2025-11-16 15:57:00.349,152,42320.58
2025-11-16 15:57:00.349,153,43277.87
2025-11-16 15:57:00.349,154,43698.91
2025-11-16 15:57:00.349,155,43698.91
2025-11-16 15:57:00.349,156,43557.83
2025-11-16 15:57:00.349,157,43628.29
2025-11-16 15:57:00.349,158,44126.66
2025-11-16 15:57:00.349,159,43557.83
2025-11-16 15:57:00.349,160,32145.38
2025-11-16 15:57:00.349,161,43417.48
2025-11-16 15:57:00.349,162,44634.36
2025-11-16 15:57:00.349,163,39523.48
2025-11-16 15:57:00.349,164,50377.22
2025-11-16 15:57:00.349,165,51654.79
2025-11-16 15:57:00.349,166,42186.62
2025-11-16 15:57:00.349,167,50918.22
2025-11-16 15:57:00.349,168,44707.67
2025-11-16 15:57:00.349,169,45907.83
2025-11-16 15:57:00.349,170,46843.01
2025-11-16 15:57:00.349,171,46606.3
2025-11-16 15:57:00.349,172,46216.13
2025-11-16 15:57:00.349,173,45907.83
2025-11-16 15:57:00.349,174,46216.13
2025-11-16 15:57:00.349,175,52124.24
2025-11-16 15:57:00.349,176,86707.14
2025-11-16 15:57:00.349,177,46138.74
2025-11-16 15:57:00.349,178,47001.92
2025-11-16 15:57:00.349,179,48473.0
2025-11-16 15:57:00.349,180,47161.71
2025-11-16 15:57:00.349,181,47484.0
2025-11-16 15:57:00.349,182,52987.48
2025-11-16 15:57:00.349,183,66435.75
2025-11-16 15:57:00.349,184,528822.38
2025-11-16 15:57:00.349,185,51841.71
2025-11-16 15:57:00.349,186,45754.95
2025-11-16 15:57:00.349,187,45754.95
2025-11-16 15:57:00.349,188,60253.01
2025-11-16 15:57:00.349,189,121579.19
2025-11-16 15:57:00.349,190,61608.8
2025-11-16 15:57:00.349,191,61608.8
2025-11-16 15:57:00.349,192,27906.57
2025-11-16 15:57:00.349,193,27626.15
2025-11-16 15:57:00.349,194,26544.65
2025-11-16 15:57:00.349,195,27660.98
2025-11-16 15:57:00.349,196,26219.28
2025-11-16 15:57:00.349,197,27077.54
2025-11-16 15:57:00.349,198,26544.65
2025-11-16 15:57:00.349,199,26809.18
2025-11-16 15:57:00.349,200,26610.43
2025-11-16 15:57:00.349,201,26742.69
2025-11-16 15:57:00.349,202,27213.2
2025-11-16 15:57:00.349,203,27010.09
2025-11-16 15:57:00.349,204,27043.79
2025-11-16 15:57:00.349,205,27043.79
2025-11-16 15:57:00.349,206,27384.16
2025-11-16 15:57:00.349,207,26610.43
2025-11-16 15:57:00.349,208,20928.83
2025-11-16 15:57:00.349,209,27247.26
2025-11-16 15:57:00.349,210,27213.2
2025-11-16 15:57:00.349,211,20081.49
2025-11-16 15:57:00.349,212,31206.99
2025-11-16 15:57:00.349,213,31885.26
2025-11-16 15:57:00.349,214,23586.93
2025-11-16 15:57:00.349,215,31628.31
2025-11-16 15:57:00.349,216,26742.69
2025-11-16 15:57:00.349,217,29071.17
2025-11-16 15:57:00.349,218,28407.46
2025-11-16 15:57:00.349,219,28921.71
2025-11-16 15:57:00.349,220,28371.24
2025-11-16 15:57:00.349,221,27213.2
2025-11-16 15:57:00.349,222,28996.3
2025-11-16 15:57:00.349,223,32900.21
2025-11-16 15:57:00.349,224,58255.64
2025-11-16 15:57:00.349,225,28847.41
2025-11-16 15:57:00.349,226,29297.52
2025-11-16 15:57:00.349,227,30550.28
2025-11-16 15:57:00.349,228,29449.88
2025-11-16 15:57:00.349,229,29297.52
2025-11-16 15:57:00.349,230,34445.18
2025-11-16 15:57:00.349,231,43628.29
2025-11-16 15:57:00.349,232,288853.09
2025-11-16 15:57:00.349,233,36262.32
2025-11-16 15:57:00.349,234,29297.52
2025-11-16 15:57:00.349,235,29297.52
2025-11-16 15:57:00.349,236,46684.98
2025-11-16 15:57:00.349,237,89292.48
2025-11-16 15:57:00.349,238,43983.32
2025-11-16 15:57:00.349,239,43983.32
2025-11-16 15:57:00.349,240,21700.95
2025-11-16 15:57:00.349,241,21455.57
2025-11-16 15:57:00.349,242,20834.94
2025-11-16 15:57:00.349,243,21334.29
2025-11-16 15:57:00.349,244,20718.37
2025-11-16 15:57:00.349,245,20648.86
2025-11-16 15:57:00.349,246,20718.37
2025-11-16 15:57:00.349,247,20834.94
2025-11-16 15:57:00.349,248,20442.16
2025-11-16 15:57:00.349,249,20556.65
2025-11-16 15:57:00.349,250,20556.65
2025-11-16 15:57:00.349,251,20579.65
2025-11-16 15:57:00.349,252,20602.68
2025-11-16 15:57:00.349,253,20602.68
2025-11-16 15:57:00.349,254,21651.57
2025-11-16 15:57:00.349,255,20533.68
2025-11-16 15:57:00.349,256,20510.75
2025-11-16 15:57:00.349,257,22382.94
2025-11-16 15:57:00.349,258,21700.95
2025-11-16 15:57:00.349,259,19406.36
2025-11-16 15:57:00.349,260,25185.35
2025-11-16 15:57:00.349,261,25710.52
2025-11-16 15:57:00.349,262,20834.94
2025-11-16 15:57:00.349,263,25276.9
2025-11-16 15:57:00.349,264,21626.94
2025-11-16 15:57:00.349,265,23230.05
2025-11-16 15:57:00.349,266,24645.8
2025-11-16 15:57:00.349,267,23148.76
2025-11-16 15:57:00.349,268,22774.6
2025-11-16 15:57:00.349,269,22880.64
2025-11-16 15:57:00.349,270,22854.06
2025-11-16 15:57:00.349,271,26090.74
2025-11-16 15:57:00.349,272,48641.14
2025-11-16 15:57:00.349,273,22616.81
2025-11-16 15:57:00.349,274,23094.79
2025-11-16 15:57:00.349,275,23698.29
2025-11-16 15:57:00.349,276,23094.79
2025-11-16 15:57:00.349,277,23040.99
2025-11-16 15:57:00.349,278,27349.84
2025-11-16 15:57:00.349,279,34640.03
2025-11-16 15:57:00.349,280,435092.38
2025-11-16 15:57:00.349,281,31374.49
2025-11-16 15:57:00.349,282,22616.81
2025-11-16 15:57:00.349,283,22616.81
2025-11-16 15:57:00.349,284,38636.91
2025-11-16 15:57:00.349,285,77396.36
2025-11-16 15:57:00.349,286,35084.71
2025-11-16 15:57:00.349,287,35084.71
2025-11-16 15:57:00.349,288,17383.4
2025-11-16 15:57:00.349,289,17309.7
2025-11-16 15:57:00.349,290,16386.33
2025-11-16 15:57:00.349,291,16964.95
2025-11-16 15:57:00.349,292,16030.81
2025-11-16 15:57:00.349,293,16182.0
2025-11-16 15:57:00.349,294,16064.26
2025-11-16 15:57:00.349,295,16131.41
2025-11-16 15:57:00.349,296,16114.59
2025-11-16 15:57:00.349,297,16047.52
2025-11-16 15:57:00.349,298,16047.52
2025-11-16 15:57:00.349,299,16114.59
2025-11-16 15:57:00.349,300,16148.25
2025-11-16 15:57:00.349,301,16014.12
2025-11-16 15:57:00.349,302,17457.49
2025-11-16 15:57:00.349,303,16182.0
2025-11-16 15:57:00.349,304,18538.4
2025-11-16 15:57:00.349,305,18418.55
2025-11-16 15:57:00.349,306,18659.26
2025-11-16 15:57:00.349,307,19882.33
2025-11-16 15:57:00.349,308,20602.68
2025-11-16 15:57:00.349,309,21406.95
2025-11-16 15:57:00.349,310,17291.33
2025-11-16 15:57:00.349,311,21023.29
2025-11-16 15:57:00.349,312,17457.49
2025-11-16 15:57:00.349,313,19007.29
2025-11-16 15:57:00.349,314,20464.99
2025-11-16 15:57:00.349,315,18498.34
2025-11-16 15:57:00.349,316,18359.01
2025-11-16 15:57:00.349,317,18862.97
2025-11-16 15:57:00.349,318,18822.0
2025-11-16 15:57:00.349,319,20952.39
2025-11-16 15:57:00.349,320,40194.41
2025-11-16 15:57:00.349,321,18378.83
2025-11-16 15:57:00.349,322,18578.57
2025-11-16 15:57:00.349,323,19069.58
2025-11-16 15:57:00.349,324,18699.77
2025-11-16 15:57:00.349,325,18659.26
2025-11-16 15:57:00.349,326,22590.65
2025-11-16 15:57:00.349,327,28921.71
2025-11-16 15:57:00.349,328,169524.13
2025-11-16 15:57:00.349,329,28263.01
2025-11-16 15:57:00.349,330,18026.2
2025-11-16 15:57:00.349,331,18026.2
2025-11-16 15:57:00.349,332,33310.84
2025-11-16 15:57:00.349,333,82965.91
2025-11-16 15:57:00.349,334,29992.53
2025-11-16 15:57:00.349,335,29992.53
2025-11-16 15:57:00.349,336,15081.15
2025-11-16 15:57:00.349,337,15050.17
2025-11-16 15:57:00.349,338,14328.73
2025-11-16 15:57:00.349,339,14744.46
2025-11-16 15:57:00.349,340,13898.46
2025-11-16 15:57:00.349,341,14040.19
2025-11-16 15:57:00.349,342,13842.23
2025-11-16 15:57:00.349,343,13969.12
2025-11-16 15:57:00.349,344,13983.3
2025-11-16 15:57:00.349,345,13842.23
2025-11-16 15:57:00.349,346,13856.26
2025-11-16 15:57:00.349,347,13926.67
2025-11-16 15:57:00.349,348,13926.67
2025-11-16 15:57:00.349,349,13884.38
2025-11-16 15:57:00.349,350,15019.26
2025-11-16 15:57:00.349,351,13954.95
2025-11-16 15:57:00.349,352,16114.59
2025-11-16 15:57:00.349,353,16081.01
2025-11-16 15:57:00.349,354,16334.95
2025-11-16 15:57:00.349,355,17457.49
2025-11-16 15:57:00.349,356,18162.29
2025-11-16 15:57:00.349,357,19028.03
2025-11-16 15:57:00.349,358,15081.15
2025-11-16 15:57:00.349,359,18740.4
2025-11-16 15:57:00.349,360,15300.2
2025-11-16 15:57:00.349,361,16875.66
2025-11-16 15:57:00.349,362,18045.56
2025-11-16 15:57:00.349,363,15947.57
2025-11-16 15:57:00.349,364,16014.12
2025-11-16 15:57:00.349,365,16734.02
2025-11-16 15:57:00.349,366,16437.9
2025-11-16 15:57:00.349,367,18578.57
2025-11-16 15:57:00.349,368,37118.37
2025-11-16 15:57:00.349,369,16047.52
2025-11-16 15:57:00.349,370,16317.87
2025-11-16 15:57:00.349,371,16698.84
2025-11-16 15:57:00.349,372,16352.05
2025-11-16 15:57:00.349,373,16352.05
2025-11-16 15:57:00.349,374,20014.81
2025-11-16 15:57:00.349,375,26219.28
2025-11-16 15:57:00.349,376,125056.52
2025-11-16 15:57:00.349,377,25461.45
2025-11-16 15:57:00.349,378,15848.37
2025-11-16 15:57:00.349,379,15848.37
2025-11-16 15:57:00.349,380,30309.35
2025-11-16 15:57:00.349,381,76838.91
2025-11-16 15:57:00.349,382,27247.26
2025-11-16 15:57:00.349,383,27247.26
2025-11-16 15:57:00.349,384,14744.46
2025-11-16 15:57:00.349,385,14594.37
2025-11-16 15:57:00.349,386,13730.56
2025-11-16 15:57:00.349,387,14270.47
2025-11-16 15:57:00.349,388,13592.43
2025-11-16 15:57:00.349,389,13647.49
2025-11-16 15:57:00.349,390,13401.71
2025-11-16 15:57:00.349,391,13401.71
2025-11-16 15:57:00.349,392,13374.71
2025-11-16 15:57:00.349,393,13483.07
2025-11-16 15:57:00.349,394,13496.68
2025-11-16 15:57:00.349,395,13428.77
2025-11-16 15:57:00.349,396,13633.7
2025-11-16 15:57:00.349,397,13401.71
2025-11-16 15:57:00.349,398,14609.3
2025-11-16 15:57:00.349,399,13592.43
2025-11-16 15:57:00.349,400,15848.37
2025-11-16 15:57:00.349,401,15619.82
2025-11-16 15:57:00.349,402,15897.87
2025-11-16 15:57:00.349,403,17054.83
2025-11-16 15:57:00.349,404,17776.91
2025-11-16 15:57:00.349,405,18699.77
2025-11-16 15:57:00.349,406,14820.19
2025-11-16 15:57:00.349,407,18221.02
2025-11-16 15:57:00.349,408,15096.68
2025-11-16 15:57:00.349,409,16352.05
2025-11-16 15:57:00.349,410,17457.49
2025-11-16 15:57:00.349,411,15848.37
2025-11-16 15:57:00.349,412,15782.65
2025-11-16 15:57:00.349,413,16317.87
2025-11-16 15:57:00.349,414,15947.57
2025-11-16 15:57:00.349,415,17910.59
2025-11-16 15:57:00.349,416,36262.32
2025-11-16 15:57:00.349,417,15587.49
2025-11-16 15:57:00.349,418,15881.35
2025-11-16 15:57:00.349,419,16148.25
2025-11-16 15:57:00.349,420,15881.35
2025-11-16 15:57:00.349,421,15848.37
2025-11-16 15:57:00.349,422,19385.09
2025-11-16 15:57:00.349,423,25647.93
2025-11-16 15:57:00.349,424,103024.17
2025-11-16 15:57:00.349,425,24853.65
2025-11-16 15:57:00.349,426,15347.64
2025-11-16 15:57:00.349,427,15347.64
2025-11-16 15:57:00.349,428,29297.52
2025-11-16 15:57:00.349,429,77583.78
2025-11-16 15:57:00.349,430,26381.24
2025-11-16 15:57:00.349,431,26381.24
2025-11-16 15:57:00.349,432,14343.34
2025-11-16 15:57:00.349,433,14241.45
2025-11-16 15:57:00.349,434,13428.77
2025-11-16 15:57:00.349,435,13926.67
2025-11-16 15:57:00.349,436,13187.46
2025-11-16 15:57:00.349,437,13320.91
2025-11-16 15:57:00.349,438,13214.03
2025-11-16 15:57:00.349,439,13214.03
2025-11-16 15:57:00.349,440,13108.13
2025-11-16 15:57:00.349,441,13081.8
2025-11-16 15:57:00.349,442,13240.66
2025-11-16 15:57:00.349,443,13200.74
2025-11-16 15:57:00.349,444,13214.03
2025-11-16 15:57:00.349,445,13134.51
2025-11-16 15:57:00.349,446,14183.61
2025-11-16 15:57:00.349,447,13214.03
2025-11-16 15:57:00.349,448,15379.36
2025-11-16 15:57:00.349,449,15363.49
2025-11-16 15:57:00.349,450,15619.82
2025-11-16 15:57:00.349,451,16734.02
2025-11-16 15:57:00.349,452,17309.7
2025-11-16 15:57:00.349,453,18181.84
2025-11-16 15:57:00.349,454,14549.7
2025-11-16 15:57:00.349,455,17795.93
2025-11-16 15:57:00.349,456,14669.19
2025-11-16 15:57:00.349,457,15914.42
2025-11-16 15:57:00.349,458,17364.93
2025-11-16 15:57:00.349,459,15411.16
2025-11-16 15:57:00.349,460,15395.25
2025-11-16 15:57:00.349,461,15815.47
2025-11-16 15:57:00.349,462,15555.25
2025-11-16 15:57:00.349,463,17569.39
2025-11-16 15:57:00.349,464,35335.6
2025-11-16 15:57:00.349,465,15143.35
2025-11-16 15:57:00.349,466,15331.81
2025-11-16 15:57:00.349,467,15782.65
2025-11-16 15:57:00.349,468,15555.25
2025-11-16 15:57:00.349,469,15395.25
2025-11-16 15:57:00.349,470,18986.58
2025-11-16 15:57:00.349,471,25276.9
2025-11-16 15:57:00.349,472,90513.82
2025-11-16 15:57:00.349,473,24151.15
2025-11-16 15:57:00.349,474,14926.99
2025-11-16 15:57:00.349,475,14926.99
2025-11-16 15:57:00.349,476,28335.09
2025-11-16 15:57:00.349,477,74678.3
2025-11-16 15:57:00.349,478,25523.39
2025-11-16 15:57:00.349,479,25523.39
2025-11-16 15:57:00.349,480,13969.12
2025-11-16 15:57:00.349,481,14068.74
2025-11-16 15:57:00.349,482,13227.34
2025-11-16 15:57:00.349,483,13675.12
2025-11-16 15:57:00.349,484,13003.18
2025-11-16 15:57:00.349,485,13081.8
2025-11-16 15:57:00.349,486,12873.32
2025-11-16 15:57:00.349,487,13042.42
2025-11-16 15:57:00.349,488,13042.42
2025-11-16 15:57:00.349,489,13029.33
2025-11-16 15:57:00.349,490,13003.18
2025-11-16 15:57:00.349,491,13055.53
2025-11-16 15:57:00.349,492,13029.33
2025-11-16 15:57:00.349,493,13029.33
2025-11-16 15:57:00.349,494,14126.04
2025-11-16 15:57:00.349,495,12990.12
2025-11-16 15:57:00.349,496,15112.21
2025-11-16 15:57:00.349,497,14896.38
2025-11-16 15:57:00.349,498,15252.94
2025-11-16 15:57:00.349,499,16148.25
2025-11-16 15:57:00.349,500,17199.88
2025-11-16 15:57:00.349,501,18064.95
2025-11-16 15:57:00.349,502,14270.47
2025-11-16 15:57:00.349,503,17720.0
2025-11-16 15:57:00.349,504,14579.46
2025-11-16 15:57:00.349,505,15881.35
2025-11-16 15:57:00.349,506,17383.4
2025-11-16 15:57:00.349,507,15284.43
2025-11-16 15:57:00.349,508,15300.2
2025-11-16 15:57:00.349,509,15864.85
2025-11-16 15:57:00.349,510,15491.01
2025-11-16 15:57:00.349,511,17476.08
2025-11-16 15:57:00.349,512,35335.6
2025-11-16 15:57:00.349,513,15174.57
2025-11-16 15:57:00.349,514,15300.2
2025-11-16 15:57:00.349,515,15766.28
2025-11-16 15:57:00.349,516,15491.01
2025-11-16 15:57:00.349,517,15363.49
2025-11-16 15:57:00.349,518,18862.97
2025-11-16 15:57:00.349,519,25094.26
2025-11-16 15:57:00.349,520,97381.57
2025-11-16 15:57:00.349,521,24616.31
2025-11-16 15:57:00.349,522,14988.43
2025-11-16 15:57:00.349,523,14988.43
2025-11-16 15:57:00.349,524,28773.39
2025-11-16 15:57:00.349,525,73637.78
2025-11-16 15:57:00.349,526,25773.33
2025-11-16 15:57:00.349,527,25773.33
2025-11-16 15:57:00.349,528,14183.61
2025-11-16 15:57:00.349,529,14154.79
2025-11-16 15:57:00.349,530,13055.53
2025-11-16 15:57:00.349,531,13870.31
2025-11-16 15:57:00.349,532,12990.12
2025-11-16 15:57:00.349,533,13240.66
2025-11-16 15:57:00.349,534,13081.8
2025-11-16 15:57:00.349,535,13108.13
2025-11-16 15:57:00.349,536,13055.53
2025-11-16 15:57:00.349,537,13174.2
2025-11-16 15:57:00.349,538,13029.33
2025-11-16 15:57:00.349,539,13160.96
2025-11-16 15:57:00.349,540,13374.71
2025-11-16 15:57:00.349,541,13160.96
2025-11-16 15:57:00.349,542,14505.19
2025-11-16 15:57:00.349,543,13254.0
2025-11-16 15:57:00.349,544,15205.86
2025-11-16 15:57:00.349,545,15315.99
2025-11-16 15:57:00.349,546,15539.16
2025-11-16 15:57:00.349,547,16663.75
2025-11-16 15:57:00.349,548,17476.08
2025-11-16 15:57:00.349,549,18221.02
2025-11-16 15:57:00.349,550,14609.3
2025-11-16 15:57:00.349,551,17872.27
2025-11-16 15:57:00.349,552,14774.7
2025-11-16 15:57:00.349,553,16014.12
2025-11-16 15:57:00.349,554,17383.4
2025-11-16 15:57:00.349,555,15587.49
2025-11-16 15:57:00.349,556,15363.49
2025-11-16 15:57:00.349,557,16047.52
2025-11-16 15:57:00.349,558,15619.82
2025-11-16 15:57:00.349,559,17494.69
2025-11-16 15:57:00.349,560,35845.82
2025-11-16 15:57:00.349,561,15252.94
2025-11-16 15:57:00.349,562,15491.01
2025-11-16 15:57:00.349,563,15619.82
2025-11-16 15:57:00.349,564,15587.49
2025-11-16 15:57:00.349,565,15523.09
2025-11-16 15:57:00.349,566,18822.0
2025-11-16 15:57:00.349,567,25094.26
2025-11-16 15:57:00.349,568,91010.8
2025-11-16 15:57:00.349,569,24794.01
2025-11-16 15:57:00.349,570,14988.43
2025-11-16 15:57:00.349,571,14988.43
2025-11-16 15:57:00.349,572,28810.36
2025-11-16 15:57:00.349,573,74328.61
2025-11-16 15:57:00.349,574,26090.74
2025-11-16 15:57:00.349,575,26090.74
2025-11-16 15:57:00.349,576,14183.61
2025-11-16 15:57:00.349,577,14111.69
2025-11-16 15:57:00.349,578,13347.78
2025-11-16 15:57:00.349,579,13884.38
2025-11-16 15:57:00.349,580,13055.53
2025-11-16 15:57:00.349,581,13214.03
2025-11-16 15:57:00.349,582,13029.33
2025-11-16 15:57:00.349,583,13055.53
2025-11-16 15:57:00.349,584,13081.8
2025-11-16 15:57:00.349,585,13003.18
2025-11-16 15:57:00.349,586,13055.53
2025-11-16 15:57:00.349,587,13081.8
2025-11-16 15:57:00.349,588,13081.8
2025-11-16 15:57:00.349,589,13094.96
2025-11-16 15:57:00.349,590,14169.19
2025-11-16 15:57:00.349,591,13160.96
2025-11-16 15:57:00.349,592,15284.43
2025-11-16 15:57:00.349,593,15096.68
2025-11-16 15:57:00.349,594,15411.16
2025-11-16 15:57:00.349,595,16455.14
2025-11-16 15:57:00.349,596,17199.88
2025-11-16 15:57:00.349,597,18026.2
2025-11-16 15:57:00.349,598,14111.69
2025-11-16 15:57:00.349,599,17569.39
2025-11-16 15:57:00.349,600,14654.19
2025-11-16 15:57:00.349,601,15914.42
2025-11-16 15:57:00.349,602,17383.4
2025-11-16 15:57:00.349,603,15491.01
2025-11-16 15:57:00.349,604,15268.68
2025-11-16 15:57:00.349,605,15864.85
2025-11-16 15:57:00.349,606,15300.2
2025-11-16 15:57:00.349,607,17199.88
2025-11-16 15:57:00.349,608,35335.6
2025-11-16 15:57:00.349,609,14926.99
2025-11-16 15:57:00.349,610,15237.23
2025-11-16 15:57:00.349,611,15587.49
2025-11-16 15:57:00.349,612,15411.16
2025-11-16 15:57:00.349,613,15363.49
2025-11-16 15:57:00.349,614,18720.07
2025-11-16 15:57:00.349,615,24794.01
2025-11-16 15:57:00.349,616,96820.16
2025-11-16 15:57:00.349,617,24498.84
2025-11-16 15:57:00.349,618,14744.46
2025-11-16 15:57:00.349,619,14744.46
2025-11-16 15:57:00.349,620,28263.01
2025-11-16 15:57:00.349,621,71959.17
2025-11-16 15:57:00.349,622,25461.45
2025-11-16 15:57:00.349,623,25461.45
2025-11-16 15:57:00.349,624,14126.04
2025-11-16 15:57:00.349,625,14068.74
2025-11-16 15:57:00.349,626,13294.1
2025-11-16 15:57:00.349,627,13730.56
2025-11-16 15:57:00.349,628,12977.09
2025-11-16 15:57:00.349,629,13094.96
2025-11-16 15:57:00.349,630,13055.53
2025-11-16 15:57:00.349,631,13187.46
2025-11-16 15:57:00.349,632,13042.42
2025-11-16 15:57:00.349,633,12899.17
2025-11-16 15:57:00.349,634,13042.42
2025-11-16 15:57:00.349,635,13081.8
2025-11-16 15:57:00.349,636,13174.2
2025-11-16 15:57:00.349,637,13029.33
2025-11-16 15:57:00.349,638,14212.49
2025-11-16 15:57:00.349,639,13160.96
2025-11-16 15:57:00.349,640,15347.64
2025-11-16 15:57:00.349,641,15174.57
2025-11-16 15:57:00.349,642,15491.01
2025-11-16 15:57:00.349,643,16455.14
2025-11-16 15:57:00.349,644,17218.13
2025-11-16 15:57:00.349,645,18026.2
2025-11-16 15:57:00.349,646,14416.64
2025-11-16 15:57:00.349,647,17720.0
2025-11-16 15:57:00.349,648,14684.21
2025-11-16 15:57:00.349,649,15848.37
2025-11-16 15:57:00.349,650,17494.69
2025-11-16 15:57:00.349,651,15555.25
2025-11-16 15:57:00.349,652,15237.23
2025-11-16 15:57:00.349,653,15997.45
2025-11-16 15:57:00.349,654,15555.25
2025-11-16 15:57:00.349,655,16911.3
2025-11-16 15:57:00.349,656,35691.55
2025-11-16 15:57:00.349,657,15143.35
2025-11-16 15:57:00.349,658,15363.49
2025-11-16 15:57:00.349,659,15684.7
2025-11-16 15:57:00.349,660,15571.36
2025-11-16 15:57:00.349,661,15587.49
2025-11-16 15:57:00.349,662,18862.97
2025-11-16 15:57:00.349,663,25094.26
2025-11-16 15:57:00.349,664,96820.16
2025-11-16 15:57:00.349,665,24645.8
2025-11-16 15:57:00.349,666,15019.26
2025-11-16 15:57:00.349,667,15019.26
2025-11-16 15:57:00.349,668,28773.39
2025-11-16 15:57:00.349,669,68042.94
2025-11-16 15:57:00.349,670,26026.81
2025-11-16 15:57:00.349,671,26026.81
2025-11-16 15:57:00.349,672,14097.35
2025-11-16 15:57:00.349,673,14097.35
2025-11-16 15:57:00.349,674,13280.71
2025-11-16 15:57:00.349,675,13744.46
2025-11-16 15:57:00.349,676,13068.66
2025-11-16 15:57:00.349,677,12847.52
2025-11-16 15:57:00.349,678,13094.96
2025-11-16 15:57:00.349,679,13108.13
2025-11-16 15:57:00.349,680,13094.96
2025-11-16 15:57:00.349,681,13068.66
2025-11-16 15:57:00.349,682,13160.96
2025-11-16 15:57:00.349,683,13187.46
2025-11-16 15:57:00.349,684,13108.13
2025-11-16 15:57:00.349,685,13187.46
2025-11-16 15:57:00.349,686,14357.96
2025-11-16 15:57:00.349,687,13320.91
2025-11-16 15:57:00.349,688,15411.16
2025-11-16 15:57:00.349,689,15395.25
2025-11-16 15:57:00.349,690,15555.25
2025-11-16 15:57:00.349,691,16769.29
2025-11-16 15:57:00.349,692,17513.32
2025-11-16 15:57:00.349,693,18260.31
2025-11-16 15:57:00.349,694,14654.19
2025-11-16 15:57:00.349,695,17776.91
2025-11-16 15:57:00.349,696,14805.01
2025-11-16 15:57:00.349,697,15930.98
2025-11-16 15:57:00.349,698,17550.68
2025-11-16 15:57:00.349,699,15684.7
2025-11-16 15:57:00.349,700,15491.01
2025-11-16 15:57:00.349,701,16064.26
2025-11-16 15:57:00.349,702,15749.92
2025-11-16 15:57:00.349,703,17776.91
2025-11-16 15:57:00.349,704,36473.41
2025-11-16 15:57:00.349,705,15347.64
2025-11-16 15:57:00.349,706,15539.16
2025-11-16 15:57:00.349,707,15914.42
2025-11-16 15:57:00.349,708,15619.82
2025-11-16 15:57:00.349,709,15619.82
2025-11-16 15:57:00.349,710,19132.14
2025-11-16 15:57:00.349,711,25154.93
2025-11-16 15:57:00.349,712,99101.66
2025-11-16 15:57:00.349,713,24823.81
2025-11-16 15:57:00.349,714,14988.43
2025-11-16 15:57:00.349,715,14988.43
2025-11-16 15:57:00.349,716,28921.71
2025-11-16 15:57:00.349,717,67012.48
2025-11-16 15:57:00.349,718,25963.11
2025-11-16 15:57:00.349,719,25963.11
2025-11-16 15:57:00.349,720,14068.74
2025-11-16 15:57:00.349,721,14054.46
2025-11-16 15:57:00.349,722,13455.89
2025-11-16 15:57:00.349,723,13926.67
2025-11-16 15:57:00.349,724,13214.03
2025-11-16 15:57:00.349,725,13267.35
2025-11-16 15:57:00.349,726,13214.03
2025-11-16 15:57:00.349,727,13187.46
2025-11-16 15:57:00.349,728,13267.35
2025-11-16 15:57:00.349,729,13214.03
2025-11-16 15:57:00.349,730,13240.66
2025-11-16 15:57:00.349,731,13227.34
2025-11-16 15:57:00.349,732,13267.35
2025-11-16 15:57:00.349,733,13200.74
2025-11-16 15:57:00.349,734,14387.27
2025-11-16 15:57:00.349,735,13227.34
2025-11-16 15:57:00.349,736,15523.09
2025-11-16 15:57:00.349,737,15347.64
2025-11-16 15:57:00.349,738,15652.22
2025-11-16 15:57:00.349,739,16840.11
2025-11-16 15:57:00.349,740,17457.49
2025-11-16 15:57:00.349,741,18181.84
2025-11-16 15:57:00.349,742,14594.37
2025-11-16 15:57:00.349,743,17910.59
2025-11-16 15:57:00.349,744,14865.85
2025-11-16 15:57:00.349,745,15930.98
2025-11-16 15:57:00.349,746,17720.0
2025-11-16 15:57:00.349,747,15684.7
2025-11-16 15:57:00.349,748,15491.01
2025-11-16 15:57:00.349,749,16047.52
2025-11-16 15:57:00.349,750,15684.7
2025-11-16 15:57:00.349,751,17625.68
2025-11-16 15:57:00.349,752,36157.48
2025-11-16 15:57:00.349,753,15268.68
2025-11-16 15:57:00.349,754,15555.25
2025-11-16 15:57:00.349,755,15864.85
2025-11-16 15:57:00.349,756,15684.7
2025-11-16 15:57:00.349,757,15668.45
2025-11-16 15:57:00.349,758,19321.44
2025-11-16 15:57:00.349,759,25246.33
2025-11-16 15:57:00.349,760,97664.48
2025-11-16 15:57:00.349,761,25185.35
2025-11-16 15:57:00.349,762,15050.17
2025-11-16 15:57:00.349,763,15050.17
2025-11-16 15:57:00.349,764,28516.51
2025-11-16 15:57:00.349,765,67012.48
2025-11-16 15:57:00.349,766,25523.39
2025-11-16 15:57:00.349,767,25523.39
2025-11-16 15:57:00.349,768,14226.96
2025-11-16 15:57:00.349,769,14343.34
2025-11-16 15:57:00.349,770,13455.89
2025-11-16 15:57:00.349,771,14097.35
2025-11-16 15:57:00.349,772,13214.03
2025-11-16 15:57:00.349,773,13428.77
2025-11-16 15:57:00.349,774,13320.91
2025-11-16 15:57:00.349,775,13294.1
2025-11-16 15:57:00.349,776,13455.89
2025-11-16 15:57:00.349,777,13401.71
2025-11-16 15:57:00.349,778,13428.77
2025-11-16 15:57:00.349,779,13455.89
2025-11-16 15:57:00.349,780,13428.77
2025-11-16 15:57:00.349,781,13401.71
2025-11-16 15:57:00.349,782,14534.84
2025-11-16 15:57:00.349,783,13320.91
2025-11-16 15:57:00.349,784,15619.82
2025-11-16 15:57:00.349,785,15523.09
2025-11-16 15:57:00.349,786,15619.82
2025-11-16 15:57:00.349,787,16786.96
2025-11-16 15:57:00.349,788,17569.39
2025-11-16 15:57:00.349,789,18498.34
2025-11-16 15:57:00.349,790,14759.57
2025-11-16 15:57:00.349,791,18181.84
2025-11-16 15:57:00.349,792,15019.26
2025-11-16 15:57:00.349,793,16114.59
2025-11-16 15:57:00.349,794,17929.79
2025-11-16 15:57:00.349,795,15684.7
2025-11-16 15:57:00.349,796,15668.45
2025-11-16 15:57:00.349,797,16131.41
2025-11-16 15:57:00.349,798,15782.65
2025-11-16 15:57:00.349,799,17949.02
2025-11-16 15:57:00.349,800,36209.84
2025-11-16 15:57:00.349,801,15619.82
2025-11-16 15:57:00.349,802,15815.47
2025-11-16 15:57:00.349,803,16131.41
2025-11-16 15:57:00.349,804,15881.35
2025-11-16 15:57:00.349,805,15684.7
2025-11-16 15:57:00.349,806,19449.01
2025-11-16 15:57:00.349,807,25307.53
2025-11-16 15:57:00.349,808,93571.2
2025-11-16 15:57:00.349,809,25307.53
2025-11-16 15:57:00.349,810,15395.25
2025-11-16 15:57:00.349,811,15395.25
2025-11-16 15:57:00.349,812,29373.55
2025-11-16 15:57:00.349,813,67012.48
2025-11-16 15:57:00.349,814,26348.73
2025-11-16 15:57:00.349,815,26348.73
2025-11-16 15:57:00.349,816,14564.57
2025-11-16 15:57:00.349,817,14505.19
2025-11-16 15:57:00.349,818,13401.71
2025-11-16 15:57:00.349,819,14154.79
2025-11-16 15:57:00.349,820,13254.0
2025-11-16 15:57:00.349,821,13483.07
2025-11-16 15:57:00.349,822,13388.2
2025-11-16 15:57:00.349,823,13428.77
2025-11-16 15:57:00.349,824,13401.71
2025-11-16 15:57:00.349,825,13334.34
2025-11-16 15:57:00.349,826,13401.71
2025-11-16 15:57:00.349,827,13455.89
2025-11-16 15:57:00.349,828,13483.07
2025-11-16 15:57:00.349,829,13374.71
2025-11-16 15:57:00.349,830,14594.37
2025-11-16 15:57:00.349,831,13483.07
2025-11-16 15:57:00.349,832,15766.28
2025-11-16 15:57:00.349,833,15587.49
2025-11-16 15:57:00.349,834,15815.47
2025-11-16 15:57:00.349,835,16982.88
2025-11-16 15:57:00.349,836,17550.68
2025-11-16 15:57:00.349,837,18578.57
2025-11-16 15:57:00.349,838,14759.57
2025-11-16 15:57:00.349,839,18181.84
2025-11-16 15:57:00.349,840,15143.35
2025-11-16 15:57:00.349,841,16081.01
2025-11-16 15:57:00.349,842,18084.37
2025-11-16 15:57:00.349,843,16047.52
2025-11-16 15:57:00.349,844,15881.35
2025-11-16 15:57:00.349,845,16420.69
2025-11-16 15:57:00.349,846,15864.85
2025-11-16 15:57:00.349,847,17910.59
2025-11-16 15:57:00.349,848,37118.37
2025-11-16 15:57:00.349,849,15749.92
2025-11-16 15:57:00.349,850,15930.98
2025-11-16 15:57:00.349,851,16317.87
2025-11-16 15:57:00.349,852,16148.25
2025-11-16 15:57:00.349,853,16047.52
2025-11-16 15:57:00.349,854,19556.16
2025-11-16 15:57:00.349,855,25710.52
2025-11-16 15:57:00.349,856,104608.9
2025-11-16 15:57:00.349,857,25647.93
2025-11-16 15:57:00.349,858,15587.49
2025-11-16 15:57:00.349,859,15587.49
2025-11-16 15:57:00.349,860,29680.64
2025-11-16 15:57:00.349,861,68342.44
2025-11-16 15:57:00.349,862,26348.73
2025-11-16 15:57:00.349,863,26348.73
2025-11-16 15:57:00.349,864,14609.3
2025-11-16 15:57:00.349,865,14594.37
2025-11-16 15:57:00.349,866,13688.95
2025-11-16 15:57:00.349,867,14126.04
2025-11-16 15:57:00.349,868,13483.07
2025-11-16 15:57:00.349,869,13744.46
2025-11-16 15:57:00.349,870,13483.07
2025-11-16 15:57:00.349,871,13483.07
2025-11-16 15:57:00.349,872,13483.07
2025-11-16 15:57:00.349,873,13415.23
2025-11-16 15:57:00.349,874,13675.12
2025-11-16 15:57:00.349,875,13675.12
2025-11-16 15:57:00.349,876,13647.49
2025-11-16 15:57:00.349,877,13619.93
2025-11-16 15:57:00.349,878,14654.19
2025-11-16 15:57:00.349,879,13592.43
2025-11-16 15:57:00.349,880,15815.47
2025-11-16 15:57:00.349,881,15684.7
2025-11-16 15:57:00.349,882,15848.37
2025-11-16 15:57:00.349,883,17054.83
2025-11-16 15:57:00.349,884,17364.93
2025-11-16 15:57:00.349,885,18398.68
2025-11-16 15:57:00.349,886,14820.19
2025-11-16 15:57:00.349,887,18084.37
2025-11-16 15:57:00.349,888,15050.17
2025-11-16 15:57:00.349,889,15766.28
2025-11-16 15:57:00.349,890,17853.14
2025-11-16 15:57:00.349,891,16014.12
2025-11-16 15:57:00.349,892,15782.65
2025-11-16 15:57:00.349,893,16317.87
2025-11-16 15:57:00.349,894,16014.12
2025-11-16 15:57:00.349,895,17968.28
2025-11-16 15:57:00.349,896,36686.43
2025-11-16 15:57:00.349,897,15782.65
2025-11-16 15:57:00.349,898,15848.37
2025-11-16 15:57:00.349,899,16386.33
2025-11-16 15:57:00.349,900,16014.12
2025-11-16 15:57:00.349,901,16014.12
2025-11-16 15:57:00.349,902,19449.01
2025-11-16 15:57:00.349,903,25585.55
2025-11-16 15:57:00.349,904,103969.71
2025-11-16 15:57:00.349,905,25585.55
2025-11-16 15:57:00.349,906,15603.64
2025-11-16 15:57:00.349,907,15603.64
2025-11-16 15:57:00.349,908,29526.5
2025-11-16 15:57:00.349,909,67304.12
2025-11-16 15:57:00.349,910,26479.11
2025-11-16 15:57:00.349,911,26479.11
2025-11-16 15:57:00.349,912,15619.82
2025-11-16 15:57:00.349,913,15587.49
2025-11-16 15:57:00.349,914,14609.3
2025-11-16 15:57:00.349,915,15174.57
2025-11-16 15:57:00.349,916,14328.73
2025-11-16 15:57:00.349,917,14431.36
2025-11-16 15:57:00.349,918,14328.73
2025-11-16 15:57:00.349,919,14357.96
2025-11-16 15:57:00.349,920,14328.73
2025-11-16 15:57:00.349,921,14198.04
2025-11-16 15:57:00.349,922,14520.01
2025-11-16 15:57:00.349,923,14372.61
2025-11-16 15:57:00.349,924,14416.64
2025-11-16 15:57:00.349,925,14328.73
2025-11-16 15:57:00.349,926,15684.7
2025-11-16 15:57:00.349,927,14534.84
2025-11-16 15:57:00.349,928,16698.84
2025-11-16 15:57:00.349,929,16698.84
2025-11-16 15:57:00.349,930,16947.04
2025-11-16 15:57:00.349,931,18026.2
2025-11-16 15:57:00.349,932,18498.34
2025-11-16 15:57:00.349,933,19534.67
2025-11-16 15:57:00.349,934,15700.98
2025-11-16 15:57:00.349,935,19028.03
2025-11-16 15:57:00.349,936,15997.45
2025-11-16 15:57:00.349,937,16947.04
2025-11-16 15:57:00.349,938,18822.0
2025-11-16 15:57:00.349,939,16875.66
2025-11-16 15:57:00.349,940,16840.11
2025-11-16 15:57:00.349,941,17588.13
2025-11-16 15:57:00.349,942,17054.83
2025-11-16 15:57:00.349,943,19153.06
2025-11-16 15:57:00.349,944,38578.92
2025-11-16 15:57:00.349,945,16769.29
2025-11-16 15:57:00.349,946,16982.88
2025-11-16 15:57:00.349,947,17346.5
2025-11-16 15:57:00.349,948,17272.99
2025-11-16 15:57:00.349,949,16947.04
2025-11-16 15:57:00.349,950,20741.61
2025-11-16 15:57:00.349,951,26709.53
2025-11-16 15:57:00.349,952,112877.99
2025-11-16 15:57:00.349,953,27836.08
2025-11-16 15:57:00.349,954,16628.76
2025-11-16 15:57:00.349,955,16628.76
2025-11-16 15:57:00.349,956,31290.57
2025-11-16 15:57:00.349,957,64212.57
2025-11-16 15:57:00.349,958,28119.63
2025-11-16 15:57:00.349,959,28119.63
2025-11-16 15:57:00.349,960,29297.52
2025-11-16 15:57:00.349,961,29297.52
2025-11-16 15:57:00.349,962,28263.01
2025-11-16 15:57:00.349,963,28884.52
2025-11-16 15:57:00.349,964,27765.84
2025-11-16 15:57:00.349,965,28155.37
2025-11-16 15:57:00.349,966,27836.08
2025-11-16 15:57:00.349,967,27977.33
2025-11-16 15:57:00.349,968,27765.84
2025-11-16 15:57:00.349,969,27765.84
2025-11-16 15:57:00.349,970,27871.29
2025-11-16 15:57:00.349,971,27800.93
2025-11-16 15:57:00.349,972,27765.84
2025-11-16 15:57:00.349,973,27800.93
2025-11-16 15:57:00.349,974,28996.3
2025-11-16 15:57:00.349,975,27836.08
2025-11-16 15:57:00.349,976,30671.81
2025-11-16 15:57:00.349,977,30590.71
2025-11-16 15:57:00.349,978,28996.3
2025-11-16 15:57:00.349,979,31416.58
2025-11-16 15:57:00.349,980,29449.88
2025-11-16 15:57:00.349,981,30631.22
2025-11-16 15:57:00.349,982,28699.64
2025-11-16 15:57:00.349,983,30712.49
2025-11-16 15:57:00.349,984,27179.19
2025-11-16 15:57:00.349,985,30031.86
2025-11-16 15:57:00.349,986,30189.96
2025-11-16 15:57:00.349,987,23726.24
2025-11-16 15:57:00.349,988,30389.34
2025-11-16 15:57:00.349,989,30309.35
2025-11-16 15:57:00.349,990,31416.58
2025-11-16 15:57:00.349,991,34738.09
2025-11-16 15:57:00.349,992,63676.8
2025-11-16 15:57:00.349,993,31206.99
2025-11-16 15:57:00.349,994,30958.25
2025-11-16 15:57:00.349,995,29526.5
2025-11-16 15:57:00.349,996,31206.99
2025-11-16 15:57:00.349,997,31290.57
2025-11-16 15:57:00.349,998,36105.25
2025-11-16 15:57:00.349,999,44343.09
2025-11-16 15:57:00.349,1000,194675.0
2025-11-16 15:57:00.349,1001,47484.0
2025-11-16 15:57:00.349,1002,29603.42
2025-11-16 15:57:00.349,1003,29603.42
2025-11-16 15:57:00.349,1004,53182.58
2025-11-16 15:57:00.349,1005,103652.78
2025-11-16 15:57:00.349,1006,48641.14
2025-11-16 15:57:00.349,1007,48641.14
2025-11-16 15:57:00.349,1008,55201.96
2025-11-16 15:57:00.349,1009,54176.42
2025-11-16 15:57:00.349,1010,52600.88
2025-11-16 15:57:00.349,1011,52987.48
2025-11-16 15:57:00.349,1012,51284.3
2025-11-16 15:57:00.349,1013,50556.48
2025-11-16 15:57:00.349,1014,51192.37
2025-11-16 15:57:00.349,1015,51284.3
2025-11-16 15:57:00.349,1016,50556.48
2025-11-16 15:57:00.349,1017,52600.88
2025-11-16 15:57:00.349,1018,51935.61
2025-11-16 15:57:00.349,1019,51284.3
2025-11-16 15:57:00.349,1020,51009.33
2025-11-16 15:57:00.349,1021,50918.22
2025-11-16 15:57:00.349,1022,52409.35
2025-11-16 15:57:00.349,1023,51284.3
2025-11-16 15:57:00.349,1024,54378.94
2025-11-16 15:57:00.349,1025,54582.74
2025-11-16 15:57:00.349,1026,49151.41
2025-11-16 15:57:00.349,1027,55621.39
2025-11-16 15:57:00.349,1028,42320.58
2025-11-16 15:57:00.349,1029,47001.92
2025-11-16 15:57:00.349,1030,52029.78
2025-11-16 15:57:00.349,1031,43557.83
2025-11-16 15:57:00.349,1032,49151.41
2025-11-16 15:57:00.349,1033,51841.71
2025-11-16 15:57:00.349,1034,51935.61
2025-11-16 15:57:00.349,1035,49151.41
2025-11-16 15:57:00.349,1036,52504.97
2025-11-16 15:57:00.349,1037,52124.24
2025-11-16 15:57:00.349,1038,54176.42
2025-11-16 15:57:00.349,1039,61987.67
2025-11-16 15:57:00.349,1040,109291.9
2025-11-16 15:57:00.349,1041,54378.94
2025-11-16 15:57:00.349,1042,52600.88
2025-11-16 15:57:00.349,1043,51468.98
2025-11-16 15:57:00.349,1044,53182.58
2025-11-16 15:57:00.349,1045,52890.38
2025-11-16 15:57:00.349,1046,61358.41
2025-11-16 15:57:00.349,1047,63943.71
2025-11-16 15:57:00.349,1048,320197.59
2025-11-16 15:57:00.349,1049,80095.27
2025-11-16 15:57:00.349,1050,50021.84
2025-11-16 15:57:00.349,1051,50021.84
2025-11-16 15:57:00.349,1052,86251.47
2025-11-16 15:57:00.349,1053,167191.02
2025-11-16 15:57:00.349,1054,75925.42
2025-11-16 15:57:00.349,1055,75925.42
2025-11-16 15:57:00.349,1056,50021.84
2025-11-16 15:57:00.349,1057,49758.04
2025-11-16 15:57:00.349,1058,48641.14
2025-11-16 15:57:00.349,1059,48725.57
2025-11-16 15:57:00.349,1060,47646.51
2025-11-16 15:57:00.349,1061,48139.58
2025-11-16 15:57:00.349,1062,47403.09
2025-11-16 15:57:00.349,1063,48305.81
2025-11-16 15:57:00.349,1064,48139.58
2025-11-16 15:57:00.349,1065,46527.84
2025-11-16 15:57:00.349,1066,47161.71
2025-11-16 15:57:00.349,1067,46606.3
2025-11-16 15:57:00.349,1068,46527.84
2025-11-16 15:57:00.349,1069,46684.98
2025-11-16 15:57:00.349,1070,48473.0
2025-11-16 15:57:00.349,1071,47322.41
2025-11-16 15:57:00.349,1072,48641.14
2025-11-16 15:57:00.349,1073,50021.84
2025-11-16 15:57:00.349,1074,41397.01
2025-11-16 15:57:00.349,1075,49845.72
2025-11-16 15:57:00.349,1076,26742.69
2025-11-16 15:57:00.349,1077,29221.78
2025-11-16 15:57:00.349,1078,46216.13
2025-11-16 15:57:00.349,1079,39887.21
2025-11-16 15:57:00.349,1080,34836.58
2025-11-16 15:57:00.349,1081,45831.29
2025-11-16 15:57:00.349,1082,42455.23
2025-11-16 15:57:00.349,1083,40883.72
2025-11-16 15:57:00.349,1084,47322.41
2025-11-16 15:57:00.349,1085,46684.98
2025-11-16 15:57:00.349,1086,47001.92
2025-11-16 15:57:00.349,1087,55833.13
2025-11-16 15:57:00.349,1088,93048.8
2025-11-16 15:57:00.349,1089,47241.95
2025-11-16 15:57:00.349,1090,48473.0
2025-11-16 15:57:00.349,1091,47001.92
2025-11-16 15:57:00.349,1092,48725.57
2025-11-16 15:57:00.349,1093,48389.29
2025-11-16 15:57:00.349,1094,55833.13
2025-11-16 15:57:00.349,1095,63411.8
2025-11-16 15:57:00.349,1096,317555.0
2025-11-16 15:57:00.349,1097,72958.16
2025-11-16 15:57:00.349,1098,46606.3
2025-11-16 15:57:00.349,1099,46606.3
2025-11-16 15:57:00.349,1100,80294.42
2025-11-16 15:57:00.349,1101,157058.67
2025-11-16 15:57:00.349,1102,72622.48
2025-11-16 15:57:00.349,1103,72622.48
2025-11-16 15:57:00.349,1104,60617.66
2025-11-16 15:57:00.349,1105,58484.71
2025-11-16 15:57:00.349,1106,58028.08
2025-11-16 15:57:00.349,1107,58255.64
2025-11-16 15:57:00.349,1108,57354.41
2025-11-16 15:57:00.349,1109,58141.67
2025-11-16 15:57:00.349,1110,56476.62
2025-11-16 15:57:00.349,1111,58947.51
2025-11-16 15:57:00.349,1112,57577.48
2025-11-16 15:57:00.349,1113,57802.03
2025-11-16 15:57:00.349,1114,58484.71
2025-11-16 15:57:00.349,1115,58028.08
2025-11-16 15:57:00.349,1116,57465.76
2025-11-16 15:57:00.349,1117,58028.08
2025-11-16 15:57:00.349,1118,58255.64
2025-11-16 15:57:00.349,1119,57354.41
2025-11-16 15:57:00.349,1120,61109.78
2025-11-16 15:57:00.349,1121,59416.6
2025-11-16 15:57:00.349,1122,52218.99
2025-11-16 15:57:00.349,1123,60374.14
2025-11-16 15:57:00.349,1124,56476.62
2025-11-16 15:57:00.349,1125,56693.92
2025-11-16 15:57:00.349,1126,57914.87
2025-11-16 15:57:00.349,1127,56693.92
2025-11-16 15:57:00.349,1128,50918.22
2025-11-16 15:57:00.349,1129,56693.92
2025-11-16 15:57:00.349,1130,52793.59
2025-11-16 15:57:00.349,1131,53084.88
2025-11-16 15:57:00.349,1132,54890.87
2025-11-16 15:57:00.349,1133,52793.59
2025-11-16 15:57:00.349,1134,56912.64
2025-11-16 15:57:00.349,1135,68192.39
2025-11-16 15:57:00.349,1136,111058.42
2025-11-16 15:57:00.349,1137,56693.92
2025-11-16 15:57:00.349,1138,58028.08
2025-11-16 15:57:00.349,1139,54994.24
2025-11-16 15:57:00.349,1140,58715.34
2025-11-16 15:57:00.349,1141,57914.87
2025-11-16 15:57:00.349,1142,62370.57
2025-11-16 15:57:00.349,1143,81508.11
2025-11-16 15:57:00.349,1144,358884.03
2025-11-16 15:57:00.349,1145,82335.49
2025-11-16 15:57:00.349,1146,55833.13
2025-11-16 15:57:00.349,1147,55833.13
2025-11-16 15:57:00.349,1148,94098.91
2025-11-16 15:57:00.349,1149,179504.63
2025-11-16 15:57:00.349,1150,92019.64
2025-11-16 15:57:00.349,1151,92019.64
2025-11-16 15:57:00.349,1152,110345.59
2025-11-16 15:57:00.349,1153,103337.61
2025-11-16 15:57:00.349,1154,105255.28
2025-11-16 15:57:00.349,1155,105255.28
2025-11-16 15:57:00.349,1156,99687.32
2025-11-16 15:57:00.349,1157,101482.63
2025-11-16 15:57:00.349,1158,103969.71
2025-11-16 15:57:00.349,1159,106570.16
2025-11-16 15:57:00.349,1160,102094.18
2025-11-16 15:57:00.349,1161,97948.88
2025-11-16 15:57:00.349,1162,99687.32
2025-11-16 15:57:00.349,1163,107915.35
2025-11-16 15:57:00.349,1164,102712.45
2025-11-16 15:57:00.349,1165,99101.66
2025-11-16 15:57:00.349,1166,100279.32
2025-11-16 15:57:00.349,1167,99687.32
2025-11-16 15:57:00.349,1168,102712.45
2025-11-16 15:57:00.349,1169,103969.71
2025-11-16 15:57:00.349,1170,102712.45
2025-11-16 15:57:00.349,1171,118276.26
2025-11-16 15:57:00.349,1172,105255.28
2025-11-16 15:57:00.349,1173,108256.51
2025-11-16 15:57:00.349,1174,112143.66
2025-11-16 15:57:00.349,1175,109291.9
2025-11-16 15:57:00.349,1176,98522.22
2025-11-16 15:57:00.349,1177,101482.63
2025-11-16 15:57:00.349,1178,105255.28
2025-11-16 15:57:00.349,1179,104608.9
2025-11-16 15:57:00.349,1180,89051.75
2025-11-16 15:57:00.349,1181,108256.51
2025-11-16 15:57:00.349,1182,96820.16
2025-11-16 15:57:00.349,1183,125056.52
2025-11-16 15:57:00.349,1184,193656.09
2025-11-16 15:57:00.349,1185,89534.38
2025-11-16 15:57:00.349,1186,102094.18
2025-11-16 15:57:00.349,1187,93571.2
2025-11-16 15:57:00.349,1188,94632.04
2025-11-16 15:57:00.349,1189,85130.81
2025-11-16 15:57:00.349,1190,97948.88
2025-11-16 15:57:00.349,1191,118276.26
2025-11-16 15:57:00.349,1192,592227.94
2025-11-16 15:57:00.349,1193,155036.28
2025-11-16 15:57:00.349,1194,81919.95
2025-11-16 15:57:00.349,1195,81919.95
2025-11-16 15:57:00.349,1196,164172.88
2025-11-16 15:57:00.349,1197,312394.69
2025-11-16 15:57:00.349,1198,157058.67
2025-11-16 15:57:00.349,1199,157058.67
2025-11-16 15:57:00.349,1200,793012.25
2025-11-16 15:57:00.349,1201,793012.25
2025-11-16 15:57:00.349,1202,721303.56
2025-11-16 15:57:00.349,1203,942433.13
2025-11-16 15:57:00.349,1204,734602.25
2025-11-16 15:57:00.349,1205,861364.44
2025-11-16 15:57:00.349,1206,793012.25
2025-11-16 15:57:00.349,1207,988899.38
2025-11-16 15:57:00.349,1208,721303.56
2025-11-16 15:57:00.349,1209,861364.44
2025-11-16 15:57:00.349,1210,762705.19
2025-11-16 15:57:00.349,1211,708471.5
2025-11-16 15:57:00.349,1212,762705.19
2025-11-16 15:57:00.349,1213,793012.25
2025-11-16 15:57:00.349,1214,721303.56
2025-11-16 15:57:00.349,1215,708471.5
2025-11-16 15:57:00.349,1216,793012.25
2025-11-16 15:57:00.349,1217,762705.19
2025-11-16 15:57:00.349,1218,696081.88
2025-11-16 15:57:00.349,1219,734602.25
2025-11-16 15:57:00.349,1220,696081.88
2025-11-16 15:57:00.349,1221,734602.25
2025-11-16 15:57:00.349,1222,734602.25
2025-11-16 15:57:00.349,1223,640033.69
2025-11-16 15:57:00.349,1224,708471.5
2025-11-16 15:57:00.349,1225,696081.88
2025-11-16 15:57:00.349,1226,684112.31
2025-11-16 15:57:00.349,1227,762705.19
2025-11-16 15:57:00.349,1228,708471.5
2025-11-16 15:57:00.349,1229,721303.56
2025-11-16 15:57:00.349,1230,708471.5
2025-11-16 15:57:00.349,1231,793012.25
2025-11-16 15:57:00.349,1232,942433.13
2025-11-16 15:57:00.349,1233,684112.31
2025-11-16 15:57:00.349,1234,861364.44
2025-11-16 15:57:00.349,1235,777567.38
2025-11-16 15:57:00.349,1236,708471.5
2025-11-16 15:57:00.349,1237,696081.88
2025-11-16 15:57:00.349,1238,748393.56
2025-11-16 15:57:00.349,1239,965113.19
2025-11-16 15:57:00.349,1240,988899.38
2025-11-16 15:57:00.349,1241,988899.38
2025-11-16 15:57:00.349,1242,900097.25
2025-11-16 15:57:00.349,1243,900097.25
2025-11-16 15:57:00.349,1244,900097.25
2025-11-16 15:57:00.349,1245,762705.19
2025-11-16 15:57:00.349,1246,762705.19
2025-11-16 15:57:00.349,1247,762705.19
2025-11-16 15:57:00.349,1248,166426.73
2025-11-16 15:57:00.349,1249,154372.98
2025-11-16 15:57:00.349,1250,161255.75
2025-11-16 15:57:00.349,1251,142142.66
2025-11-16 15:57:00.349,1252,137745.05
2025-11-16 15:57:00.349,1253,155036.28
2025-11-16 15:57:00.349,1254,154372.98
2025-11-16 15:57:00.349,1255,157743.84
2025-11-16 15:57:00.349,1256,151772.23
2025-11-16 15:57:00.349,1257,155704.97
2025-11-16 15:57:00.349,1258,157058.67
2025-11-16 15:57:00.349,1259,156379.06
2025-11-16 15:57:00.349,1260,142710.81
2025-11-16 15:57:00.349,1261,139911.63
2025-11-16 15:57:00.349,1262,146809.88
2025-11-16 15:57:00.349,1263,155704.97
2025-11-16 15:57:00.349,1264,154372.98
2025-11-16 15:57:00.349,1265,155036.28
2025-11-16 15:57:00.349,1266,136685.03
2025-11-16 15:57:00.349,1267,167961.95
2025-11-16 15:57:00.349,1268,155036.28
2025-11-16 15:57:00.349,1269,159131.2
2025-11-16 15:57:00.349,1270,162702.02
2025-11-16 15:57:00.349,1271,146809.88
2025-11-16 15:57:00.349,1272,154372.98
2025-11-16 15:57:00.349,1273,164172.88
2025-11-16 15:57:00.349,1274,176056.81
2025-11-16 15:57:00.349,1275,169524.13
2025-11-16 15:57:00.349,1276,158434.67
2025-11-16 15:57:00.349,1277,167191.02
2025-11-16 15:57:00.349,1278,154372.98
2025-11-16 15:57:00.349,1279,187749.41
2025-11-16 15:57:00.349,1280,317555.0
2025-11-16 15:57:00.349,1281,175214.38
2025-11-16 15:57:00.349,1282,165668.98
2025-11-16 15:57:00.349,1283,170315.53
2025-11-16 15:57:00.349,1284,173552.13
2025-11-16 15:57:00.349,1285,158434.67
2025-11-16 15:57:00.349,1286,166426.73
2025-11-16 15:57:00.349,1287,229407.17
2025-11-16 15:57:00.349,1288,809075.0
2025-11-16 15:57:00.349,1289,232241.86
2025-11-16 15:57:00.349,1290,164917.73
2025-11-16 15:57:00.349,1291,164917.73
2025-11-16 15:57:00.349,1292,257587.41
2025-11-16 15:57:00.349,1293,460679.59
2025-11-16 15:57:00.349,1294,226638.0
2025-11-16 15:57:00.349,1295,226638.0
2025-11-16 15:57:00.349,1296,53182.58
2025-11-16 15:57:00.349,1297,51654.79
2025-11-16 15:57:00.349,1298,51100.71
2025-11-16 15:57:00.349,1299,50021.84
2025-11-16 15:57:00.349,1300,50377.22
2025-11-16 15:57:00.349,1301,51009.33
2025-11-16 15:57:00.349,1302,50110.29
2025-11-16 15:57:00.349,1303,50827.38
2025-11-16 15:57:00.349,1304,51841.71
2025-11-16 15:57:00.349,1305,50377.22
2025-11-16 15:57:00.349,1306,51100.71
2025-11-16 15:57:00.349,1307,50466.71
2025-11-16 15:57:00.349,1308,51561.75
2025-11-16 15:57:00.349,1309,50377.22
2025-11-16 15:57:00.349,1310,50466.71
2025-11-16 15:57:00.349,1311,50377.22
2025-11-16 15:57:00.349,1312,51841.71
2025-11-16 15:57:00.349,1313,50556.48
2025-11-16 15:57:00.349,1314,50021.84
2025-11-16 15:57:00.349,1315,56046.25
2025-11-16 15:57:00.349,1316,55727.09
2025-11-16 15:57:00.349,1317,55201.96
2025-11-16 15:57:00.349,1318,51468.98
2025-11-16 15:57:00.349,1319,53280.57
2025-11-16 15:57:00.349,1320,49237.32
2025-11-16 15:57:00.349,1321,38636.91
2025-11-16 15:57:00.349,1322,49845.72
2025-11-16 15:57:00.349,1323,51654.79
2025-11-16 15:57:00.349,1324,43840.75
2025-11-16 15:57:00.349,1325,50918.22
2025-11-16 15:57:00.349,1326,45907.83
2025-11-16 15:57:00.349,1327,58141.67
2025-11-16 15:57:00.349,1328,93571.2
2025-11-16 15:57:00.349,1329,46371.55
2025-11-16 15:57:00.349,1330,54994.24
2025-11-16 15:57:00.349,1331,51654.79
2025-11-16 15:57:00.349,1332,45301.25
2025-11-16 15:57:00.349,1333,43347.59
2025-11-16 15:57:00.349,1334,44854.87
2025-11-16 15:57:00.349,1335,67158.02
2025-11-16 15:57:00.349,1336,286686.59
2025-11-16 15:57:00.349,1337,76838.91
2025-11-16 15:57:00.349,1338,45602.89
2025-11-16 15:57:00.349,1339,45602.89
2025-11-16 15:57:00.349,1340,77209.76
2025-11-16 15:57:00.349,1341,157058.67
2025-11-16 15:57:00.349,1342,73637.78
2025-11-16 15:57:00.349,1343,73637.78
2025-11-16 15:57:00.349,1344,32945.45
2025-11-16 15:57:00.349,1345,32586.16
2025-11-16 15:57:00.349,1346,31543.36
2025-11-16 15:57:00.349,1347,31756.39
2025-11-16 15:57:00.349,1348,30917.09
2025-11-16 15:57:00.349,1349,31374.49
2025-11-16 15:57:00.349,1350,30958.25
2025-11-16 15:57:00.349,1351,31374.49
2025-11-16 15:57:00.349,1352,31332.49
2025-11-16 15:57:00.349,1353,30590.71
2025-11-16 15:57:00.349,1354,31082.24
2025-11-16 15:57:00.349,1355,31290.57
2025-11-16 15:57:00.349,1356,31374.49
2025-11-16 15:57:00.349,1357,31332.49
2025-11-16 15:57:00.349,1358,32014.92
2025-11-16 15:57:00.349,1359,31374.49
2025-11-16 15:57:00.349,1360,34252.03
2025-11-16 15:57:00.349,1361,33127.38
2025-11-16 15:57:00.349,1362,33036.22
2025-11-16 15:57:00.349,1363,36526.48
2025-11-16 15:57:00.349,1364,36579.68
2025-11-16 15:57:00.349,1365,37725.46
2025-11-16 15:57:00.349,1366,32900.21
2025-11-16 15:57:00.349,1367,36901.41
2025-11-16 15:57:00.349,1368,32586.16
2025-11-16 15:57:00.349,1369,29449.88
2025-11-16 15:57:00.349,1370,35335.6
2025-11-16 15:57:00.349,1371,33588.98
2025-11-16 15:57:00.349,1372,31713.61
2025-11-16 15:57:00.349,1373,34445.18
2025-11-16 15:57:00.349,1374,31543.36
2025-11-16 15:57:00.349,1375,36793.67
2025-11-16 15:57:00.349,1376,62370.57
2025-11-16 15:57:00.349,1377,31628.31
2025-11-16 15:57:00.349,1378,31585.79
2025-11-16 15:57:00.349,1379,33729.39
2025-11-16 15:57:00.349,1380,31971.61
2025-11-16 15:57:00.349,1381,30876.0
2025-11-16 15:57:00.349,1382,32586.16
2025-11-16 15:57:00.349,1383,47646.51
2025-11-16 15:57:00.349,1384,184922.63
2025-11-16 15:57:00.349,1385,50556.48
2025-11-16 15:57:00.349,1386,31501.02
2025-11-16 15:57:00.349,1387,31501.02
2025-11-16 15:57:00.349,1388,54787.84
2025-11-16 15:57:00.349,1389,108944.77
2025-11-16 15:57:00.349,1390,47646.51
2025-11-16 15:57:00.349,1391,47646.51
2025-11-16 15:57:00.349,1392,33403.16
2025-11-16 15:57:00.349,1393,32586.16
2025-11-16 15:57:00.349,1394,31928.39
2025-11-16 15:57:00.349,1395,32145.38
2025-11-16 15:57:00.349,1396,31332.49
2025-11-16 15:57:00.349,1397,31713.61
2025-11-16 15:57:00.349,1398,30999.5
2025-11-16 15:57:00.349,1399,32058.32
2025-11-16 15:57:00.349,1400,31713.61
2025-11-16 15:57:00.349,1401,30917.09
2025-11-16 15:57:00.349,1402,31628.31
2025-11-16 15:57:00.349,1403,31799.26
2025-11-16 15:57:00.349,1404,31971.61
2025-11-16 15:57:00.349,1405,32014.92
2025-11-16 15:57:00.349,1406,32765.05
2025-11-16 15:57:00.349,1407,31458.76
2025-11-16 15:57:00.349,1408,34252.03
2025-11-16 15:57:00.349,1409,33081.75
2025-11-16 15:57:00.349,1410,33870.7
2025-11-16 15:57:00.349,1411,37558.35
2025-11-16 15:57:00.349,1412,37781.43
2025-11-16 15:57:00.349,1413,38811.68
2025-11-16 15:57:00.349,1414,33729.39
2025-11-16 15:57:00.349,1415,38348.37
2025-11-16 15:57:00.349,1416,34156.08
2025-11-16 15:57:00.349,1417,34252.03
2025-11-16 15:57:00.349,1418,38233.91
2025-11-16 15:57:00.349,1419,35335.6
2025-11-16 15:57:00.349,1420,34012.93
2025-11-16 15:57:00.349,1421,36105.25
2025-11-16 15:57:00.349,1422,34348.4
2025-11-16 15:57:00.349,1423,39165.01
2025-11-16 15:57:00.349,1424,68192.39
2025-11-16 15:57:00.349,1425,34252.03
2025-11-16 15:57:00.349,1426,34348.4
2025-11-16 15:57:00.349,1427,35949.24
2025-11-16 15:57:00.349,1428,34445.18
2025-11-16 15:57:00.349,1429,34542.39
2025-11-16 15:57:00.349,1430,38753.28
2025-11-16 15:57:00.349,1431,49845.72
2025-11-16 15:57:00.349,1432,195704.14
2025-11-16 15:57:00.349,1433,52987.48
2025-11-16 15:57:00.349,1434,34156.08
2025-11-16 15:57:00.349,1435,34156.08
2025-11-16 15:57:00.349,1436,57802.03
2025-11-16 15:57:00.349,1437,111418.03
2025-11-16 15:57:00.349,1438,52029.78
2025-11-16 15:57:00.349,1439,52029.78
2025-11-16 15:57:00.349,1440,39283.93
2025-11-16 15:57:00.349,1441,37950.12
2025-11-16 15:57:00.349,1442,37893.76
2025-11-16 15:57:00.349,1443,37118.37
2025-11-16 15:57:00.349,1444,37781.43
2025-11-16 15:57:00.349,1445,38120.0
2025-11-16 15:57:00.349,1446,37893.76
2025-11-16 15:57:00.349,1447,37781.43
2025-11-16 15:57:00.349,1448,37781.43
2025-11-16 15:57:00.349,1449,37781.43
2025-11-16 15:57:00.349,1450,38120.0
2025-11-16 15:57:00.349,1451,38063.23
2025-11-16 15:57:00.349,1452,38006.61
2025-11-16 15:57:00.349,1453,37893.76
2025-11-16 15:57:00.349,1454,38063.23
2025-11-16 15:57:00.349,1455,37669.63
2025-11-16 15:57:00.349,1456,40505.41
2025-11-16 15:57:00.349,1457,38578.92
2025-11-16 15:57:00.349,1458,38636.91
2025-11-16 15:57:00.349,1459,43698.91
2025-11-16 15:57:00.349,1460,44126.66
2025-11-16 15:57:00.349,1461,44854.87
2025-11-16 15:57:00.349,1462,39887.21
2025-11-16 15:57:00.349,1463,44854.87
2025-11-16 15:57:00.349,1464,40194.41
2025-11-16 15:57:00.349,1465,38521.08
2025-11-16 15:57:00.349,1466,43698.91
2025-11-16 15:57:00.349,1467,41526.96
2025-11-16 15:57:00.349,1468,37781.43
2025-11-16 15:57:00.349,1469,41657.55
2025-11-16 15:57:00.349,1470,37781.43
2025-11-16 15:57:00.349,1471,44126.66
2025-11-16 15:57:00.349,1472,71795.0
2025-11-16 15:57:00.349,1473,37118.37
2025-11-16 15:57:00.349,1474,44126.66
2025-11-16 15:57:00.349,1475,41075.0
2025-11-16 15:57:00.349,1476,35742.86
2025-11-16 15:57:00.349,1477,35234.91
2025-11-16 15:57:00.349,1478,28847.41
2025-11-16 15:57:00.349,1479,56803.11
2025-11-16 15:57:00.349,1480,213700.14
2025-11-16 15:57:00.349,1481,59772.61
2025-11-16 15:57:00.349,1482,37781.43
2025-11-16 15:57:00.349,1483,37781.43
2025-11-16 15:57:00.349,1484,63943.71
2025-11-16 15:57:00.349,1485,128722.46
2025-11-16 15:57:00.349,1486,61860.94
2025-11-16 15:57:00.349,1487,61860.94
2025-11-16 15:57:00.349,1488,27695.87
2025-11-16 15:57:00.349,1489,27179.19
2025-11-16 15:57:00.349,1490,26676.44
2025-11-16 15:57:00.349,1491,26090.74
2025-11-16 15:57:00.349,1492,26154.89
2025-11-16 15:57:00.349,1493,25710.52
2025-11-16 15:57:00.349,1494,26348.73
2025-11-16 15:57:00.349,1495,26413.8
2025-11-16 15:57:00.349,1496,26479.11
2025-11-16 15:57:00.349,1497,26122.79
2025-11-16 15:57:00.349,1498,26348.73
2025-11-16 15:57:00.349,1499,26544.65
2025-11-16 15:57:00.349,1500,26283.89
2025-11-16 15:57:00.349,1501,26511.85
2025-11-16 15:57:00.349,1502,26479.11
2025-11-16 15:57:00.349,1503,26479.11
2025-11-16 15:57:00.349,1504,27765.84
2025-11-16 15:57:00.349,1505,26544.65
2025-11-16 15:57:00.349,1506,27077.54
2025-11-16 15:57:00.349,1507,30671.81
2025-11-16 15:57:00.349,1508,31374.49
2025-11-16 15:57:00.349,1509,32232.81
2025-11-16 15:57:00.349,1510,27800.93
2025-11-16 15:57:00.349,1511,32232.81
2025-11-16 15:57:00.349,1512,27977.33
2025-11-16 15:57:00.349,1513,28480.09
2025-11-16 15:57:00.349,1514,31248.74
2025-11-16 15:57:00.349,1515,29146.33
2025-11-16 15:57:00.349,1516,27591.39
2025-11-16 15:57:00.349,1517,29992.53
2025-11-16 15:57:00.349,1518,27281.39
2025-11-16 15:57:00.349,1519,32276.66
2025-11-16 15:57:00.349,1520,53378.87
2025-11-16 15:57:00.349,1521,26842.51
2025-11-16 15:57:00.349,1522,26875.9
2025-11-16 15:57:00.349,1523,28996.3
2025-11-16 15:57:00.349,1524,26709.53
2025-11-16 15:57:00.349,1525,26544.65
2025-11-16 15:57:00.349,1526,28699.64
2025-11-16 15:57:00.349,1527,41854.7
2025-11-16 15:57:00.349,1528,164172.88
2025-11-16 15:57:00.349,1529,44343.09
2025-11-16 15:57:00.349,1530,27111.36
2025-11-16 15:57:00.349,1531,27111.36
2025-11-16 15:57:00.349,1532,45602.89
2025-11-16 15:57:00.349,1533,92531.65
2025-11-16 15:57:00.349,1534,40630.89
2025-11-16 15:57:00.349,1535,40630.89
2025-11-16 15:57:00.349,1536,25710.52
2025-11-16 15:57:00.349,1537,25710.52
2025-11-16 15:57:00.349,1538,25710.52
2025-11-16 15:57:00.349,1539,25710.52
2025-11-16 15:57:00.349,1540,25710.52
2025-11-16 15:57:00.349,1541,25710.52
2025-11-16 15:57:00.349,1542,25710.52
2025-11-16 15:57:00.349,1543,25710.52
2025-11-16 15:57:00.349,1544,25710.52
2025-11-16 15:57:00.349,1545,25710.52
2025-11-16 15:57:00.349,1546,25710.52
2025-11-16 15:57:00.349,1547,25710.52
2025-11-16 15:57:00.349,1548,25710.52
2025-11-16 15:57:00.349,1549,25710.52
2025-11-16 15:57:00.349,1550,25710.52
2025-11-16 15:57:00.349,1551,25710.52
2025-11-16 15:57:00.349,1552,25710.52
2025-11-16 15:57:00.349,1553,25710.52
2025-11-16 15:57:00.349,1554,25710.52
2025-11-16 15:57:00.349,1555,25710.52
2025-11-16 15:57:00.349,1556,25710.52
2025-11-16 15:57:00.349,1557,25710.52
2025-11-16 15:57:00.349,1558,25710.52
2025-11-16 15:57:00.349,1559,25710.52
2025-11-16 15:57:00.349,1560,25710.52
2025-11-16 15:57:00.349,1561,25710.52
2025-11-16 15:57:00.349,1562,25710.52
2025-11-16 15:57:00.349,1563,25710.52
2025-11-16 15:57:00.349,1564,25710.52
2025-11-16 15:57:00.349,1565,25710.52
2025-11-16 15:57:00.349,1566,25710.52
2025-11-16 15:57:00.349,1567,25710.52
2025-11-16 15:57:00.349,1568,25710.52
2025-11-16 15:57:00.349,1569,25710.52
2025-11-16 15:57:00.349,1570,25710.52
2025-11-16 15:57:00.349,1571,25710.52
2025-11-16 15:57:00.349,1572,25710.52
2025-11-16 15:57:00.349,1573,25710.52
2025-11-16 15:57:00.349,1574,25710.52
2025-11-16 15:57:00.349,1575,25710.52
2025-11-16 15:57:00.349,1576,25710.52
2025-11-16 15:57:00.349,1577,25710.52
2025-11-16 15:57:00.349,1578,25710.52
2025-11-16 15:57:00.349,1579,25710.52
2025-11-16 15:57:00.349,1580,25710.52
2025-11-16 15:57:00.349,1581,25710.52
2025-11-16 15:57:00.349,1582,25710.52
2025-11-16 15:57:00.349,1583,25710.52
2025-11-16 15:57:00.349,1584,25710.52
2025-11-16 15:57:00.349,1585,25033.8
2025-11-16 15:57:00.349,1586,24266.27
2025-11-16 15:57:00.349,1587,23810.38
2025-11-16 15:57:00.349,1588,24036.8
2025-11-16 15:57:00.349,1589,24151.15
2025-11-16 15:57:00.349,1590,24179.86
2025-11-16 15:57:00.349,1591,24266.27
2025-11-16 15:57:00.349,1592,24266.27
2025-11-16 15:57:00.349,1593,24208.61
2025-11-16 15:57:00.349,1594,24295.17
2025-11-16 15:57:00.349,1595,24586.87
2025-11-16 15:57:00.349,1596,24498.84
2025-11-16 15:57:00.349,1597,24324.12
2025-11-16 15:57:00.349,1598,24498.84
2025-11-16 15:57:00.349,1599,24382.16
2025-11-16 15:57:00.349,1600,25523.39
2025-11-16 15:57:00.349,1601,24675.34
2025-11-16 15:57:00.349,1602,24734.57
2025-11-16 15:57:00.349,1603,28371.24
2025-11-16 15:57:00.349,1604,28480.09
2025-11-16 15:57:00.349,1605,29953.28
2025-11-16 15:57:00.349,1606,26026.81
2025-11-16 15:57:00.349,1607,29603.42
2025-11-16 15:57:00.349,1608,26154.89
2025-11-16 15:57:00.349,1609,27660.98
2025-11-16 15:57:00.349,1610,29297.52
2025-11-16 15:57:00.349,1611,27247.26
2025-11-16 15:57:00.349,1612,25523.39
2025-11-16 15:57:00.349,1613,27765.84
2025-11-16 15:57:00.349,1614,25154.93
2025-11-16 15:57:00.349,1615,30349.31
2025-11-16 15:57:00.349,1616,52029.78
2025-11-16 15:57:00.349,1617,25647.93
2025-11-16 15:57:00.349,1618,25804.82
2025-11-16 15:57:00.349,1619,27836.08
2025-11-16 15:57:00.349,1620,25836.37
2025-11-16 15:57:00.349,1621,26122.79
2025-11-16 15:57:00.349,1622,28884.52
2025-11-16 15:57:00.349,1623,40505.41
2025-11-16 15:57:00.349,1624,155704.97
2025-11-16 15:57:00.349,1625,42320.58
2025-11-16 15:57:00.349,1626,25963.11
2025-11-16 15:57:00.349,1627,25963.11
2025-11-16 15:57:00.349,1628,45376.36
2025-11-16 15:57:00.349,1629,89534.38
2025-11-16 15:57:00.349,1630,40693.86
2025-11-16 15:57:00.349,1631,40693.86
2025-11-16 15:57:00.349,1632,24324.12
2025-11-16 15:57:00.349,1633,23366.42
2025-11-16 15:57:00.349,1634,23311.73
2025-11-16 15:57:00.349,1635,22721.83
2025-11-16 15:57:00.349,1636,23257.23
2025-11-16 15:57:00.349,1637,23230.05
2025-11-16 15:57:00.349,1638,23311.73
2025-11-16 15:57:00.349,1639,23202.91
2025-11-16 15:57:00.349,1640,23202.91
2025-11-16 15:57:00.349,1641,23040.99
2025-11-16 15:57:00.349,1642,23339.05
2025-11-16 15:57:00.349,1643,23202.91
2025-11-16 15:57:00.349,1644,22827.54
2025-11-16 15:57:00.349,1645,22774.6
2025-11-16 15:57:00.349,1646,21700.95
2025-11-16 15:57:00.349,1647,22987.37
2025-11-16 15:57:00.349,1648,22280.06
2025-11-16 15:57:00.349,1649,21626.94
2025-11-16 15:57:00.349,1650,23040.99
2025-11-16 15:57:00.349,1651,26090.74
2025-11-16 15:57:00.349,1652,27213.2
2025-11-16 15:57:00.349,1653,27765.84
2025-11-16 15:57:00.349,1654,24469.6
2025-11-16 15:57:00.349,1655,27556.69
2025-11-16 15:57:00.349,1656,23810.38
2025-11-16 15:57:00.349,1657,22774.6
2025-11-16 15:57:00.349,1658,26026.81
2025-11-16 15:57:00.349,1659,25276.9
2025-11-16 15:57:00.349,1660,19237.01
2025-11-16 15:57:00.349,1661,25033.8
2025-11-16 15:57:00.349,1662,17254.68
2025-11-16 15:57:00.349,1663,27977.33
2025-11-16 15:57:00.349,1664,44707.67
2025-11-16 15:57:00.349,1665,17588.13
2025-11-16 15:57:00.349,1666,26026.81
2025-11-16 15:57:00.349,1667,24498.84
2025-11-16 15:57:00.349,1668,16875.66
2025-11-16 15:57:00.349,1669,19926.36
2025-11-16 15:57:00.349,1670,24675.34
2025-11-16 15:57:00.349,1671,35234.91
2025-11-16 15:57:00.349,1672,137745.05
2025-11-16 15:57:00.349,1673,38348.37
2025-11-16 15:57:00.349,1674,20238.23
2025-11-16 15:57:00.349,1675,20238.23
2025-11-16 15:57:00.349,1676,40380.55
2025-11-16 15:57:00.349,1677,83604.98
2025-11-16 15:57:00.349,1678,35691.55
2025-11-16 15:57:00.349,1679,35691.55
2025-11-16 15:57:00.349,1680,34542.39
2025-11-16 15:57:00.349,1681,33682.49
2025-11-16 15:57:00.349,1682,33495.87
2025-11-16 15:57:00.349,1683,32101.8
2025-11-16 15:57:00.349,1684,33127.38
2025-11-16 15:57:00.349,1685,33495.87
2025-11-16 15:57:00.349,1686,33310.84
2025-11-16 15:57:00.349,1687,33036.22
2025-11-16 15:57:00.349,1688,33403.16
2025-11-16 15:57:00.349,1689,33127.38
2025-11-16 15:57:00.349,1690,33036.22
2025-11-16 15:57:00.349,1691,33588.98
2025-11-16 15:57:00.349,1692,33310.84
2025-11-16 15:57:00.349,1693,33588.98
2025-11-16 15:57:00.349,1694,28884.52
2025-11-16 15:57:00.349,1695,33127.38
2025-11-16 15:57:00.349,1696,32810.01
2025-11-16 15:57:00.349,1697,30671.81
2025-11-16 15:57:00.349,1698,33127.38
2025-11-16 15:57:00.349,1699,36262.32
2025-11-16 15:57:00.349,1700,37893.76
2025-11-16 15:57:00.349,1701,39224.4
2025-11-16 15:57:00.349,1702,34542.39
2025-11-16 15:57:00.349,1703,39165.01
2025-11-16 15:57:00.349,1704,33776.39
2025-11-16 15:57:00.349,1705,33356.95
2025-11-16 15:57:00.349,1706,37781.43
2025-11-16 15:57:00.349,1707,35949.24
2025-11-16 15:57:00.349,1708,31458.76
2025-11-16 15:57:00.349,1709,36473.41
2025-11-16 15:57:00.349,1710,31248.74
2025-11-16 15:57:00.349,1711,39765.37
2025-11-16 15:57:00.349,1712,56476.62
2025-11-16 15:57:00.349,1713,31713.61
2025-11-16 15:57:00.349,1714,37669.63
2025-11-16 15:57:00.349,1715,36053.13
2025-11-16 15:57:00.349,1716,29297.52
2025-11-16 15:57:00.349,1717,31374.49
2025-11-16 15:57:00.349,1718,36001.13
2025-11-16 15:57:00.349,1719,51009.33
2025-11-16 15:57:00.349,1720,164172.88
2025-11-16 15:57:00.349,1721,54176.42
2025-11-16 15:57:00.349,1722,33310.84
2025-11-16 15:57:00.349,1723,33310.84
2025-11-16 15:57:00.349,1724,53378.87
2025-11-16 15:57:00.349,1725,111418.03
2025-11-16 15:57:00.349,1726,49496.55
2025-11-16 15:57:00.349,1727,49496.55
2025-11-16 15:57:00.349,1728,26090.74
2025-11-16 15:57:00.349,1729,25154.93
2025-11-16 15:57:00.349,1730,25033.8
2025-11-16 15:57:00.349,1731,24675.34
2025-11-16 15:57:00.349,1732,24853.65
2025-11-16 15:57:00.349,1733,24853.65
2025-11-16 15:57:00.349,1734,24794.01
2025-11-16 15:57:00.349,1735,25064.0
2025-11-16 15:57:00.349,1736,25215.81
2025-11-16 15:57:00.349,1737,24675.34
2025-11-16 15:57:00.349,1738,25033.8
2025-11-16 15:57:00.349,1739,25033.8
2025-11-16 15:57:00.349,1740,25033.8
2025-11-16 15:57:00.349,1741,25094.26
2025-11-16 15:57:00.349,1742,22721.83
2025-11-16 15:57:00.349,1743,24794.01
2025-11-16 15:57:00.349,1744,24616.31
2025-11-16 15:57:00.349,1745,23670.38
2025-11-16 15:57:00.349,1746,24237.42
2025-11-16 15:57:00.349,1747,28191.18
2025-11-16 15:57:00.349,1748,28847.41
2025-11-16 15:57:00.349,1749,29297.52
2025-11-16 15:57:00.349,1750,26316.28
2025-11-16 15:57:00.349,1751,29992.53
2025-11-16 15:57:00.349,1752,25867.97
2025-11-16 15:57:00.349,1753,22987.37
2025-11-16 15:57:00.349,1754,27836.08
2025-11-16 15:57:00.349,1755,27077.54
2025-11-16 15:57:00.349,1756,19237.01
2025-11-16 15:57:00.349,1757,26809.18
2025-11-16 15:57:00.349,1758,21118.33
2025-11-16 15:57:00.349,1759,30389.34
2025-11-16 15:57:00.349,1760,46843.01
2025-11-16 15:57:00.349,1761,22721.83
2025-11-16 15:57:00.349,1762,28299.01
2025-11-16 15:57:00.349,1763,26775.9
2025-11-16 15:57:00.349,1764,21651.57
2025-11-16 15:57:00.349,1765,22000.49
2025-11-16 15:57:00.349,1766,27145.25
2025-11-16 15:57:00.349,1767,38636.91
2025-11-16 15:57:00.349,1768,138820.45
2025-11-16 15:57:00.349,1769,39948.35
2025-11-16 15:57:00.349,1770,24498.84
2025-11-16 15:57:00.349,1771,24498.84
2025-11-16 15:57:00.349,1772,43487.57
2025-11-16 15:57:00.349,1773,89777.44
2025-11-16 15:57:00.349,1774,37781.43
2025-11-16 15:57:00.349,1775,37781.43
2025-11-16 15:57:00.349,1776,23230.05
2025-11-16 15:57:00.349,1777,22774.6
2025-11-16 15:57:00.349,1778,21925.08
2025-11-16 15:57:00.349,1779,21700.95
2025-11-16 15:57:00.349,1780,22000.49
2025-11-16 15:57:00.349,1781,22000.49
2025-11-16 15:57:00.349,1782,21700.95
2025-11-16 15:57:00.349,1783,22050.96
2025-11-16 15:57:00.349,1784,21750.49
2025-11-16 15:57:00.349,1785,21700.95
2025-11-16 15:57:00.349,1786,22000.49
2025-11-16 15:57:00.349,1787,22101.59
2025-11-16 15:57:00.349,1788,21750.49
2025-11-16 15:57:00.349,1789,21900.02
2025-11-16 15:57:00.349,1790,20081.49
2025-11-16 15:57:00.349,1791,21950.17
2025-11-16 15:57:00.349,1792,21166.06
2025-11-16 15:57:00.349,1793,20081.49
2025-11-16 15:57:00.349,1794,21213.94
2025-11-16 15:57:00.349,1795,24734.57
2025-11-16 15:57:00.349,1796,25276.9
2025-11-16 15:57:00.349,1797,25963.11
2025-11-16 15:57:00.349,1798,22880.64
2025-11-16 15:57:00.349,1799,25994.93
2025-11-16 15:57:00.349,1800,22827.54
2025-11-16 15:57:00.349,1801,20905.3
2025-11-16 15:57:00.349,1802,24734.57
2025-11-16 15:57:00.349,1803,23698.29
2025-11-16 15:57:00.349,1804,18378.83
2025-11-16 15:57:00.349,1805,23894.93
2025-11-16 15:57:00.349,1806,19111.26
2025-11-16 15:57:00.349,1807,26842.51
2025-11-16 15:57:00.349,1808,42658.5
2025-11-16 15:57:00.349,1809,19664.09
2025-11-16 15:57:00.349,1810,24586.87
2025-11-16 15:57:00.349,1811,22987.37
2025-11-16 15:57:00.349,1812,17910.59
2025-11-16 15:57:00.349,1813,16403.5
2025-11-16 15:57:00.349,1814,23810.38
2025-11-16 15:57:00.349,1815,34060.55
2025-11-16 15:57:00.349,1816,127787.46
2025-11-16 15:57:00.349,1817,35640.36
2025-11-16 15:57:00.349,1818,20238.23
2025-11-16 15:57:00.349,1819,20238.23
2025-11-16 15:57:00.349,1820,38006.61
2025-11-16 15:57:00.349,1821,82965.91
2025-11-16 15:57:00.349,1822,33776.39
2025-11-16 15:57:00.349,1823,33776.39
2025-11-16 15:57:00.349,1824,33588.98
2025-11-16 15:57:00.349,1825,32675.42
2025-11-16 15:57:00.349,1826,32145.38
2025-11-16 15:57:00.349,1827,32014.92
2025-11-16 15:57:00.349,1828,31082.24
2025-11-16 15:57:00.349,1829,32145.38
2025-11-16 15:57:00.349,1830,31713.61
2025-11-16 15:57:00.349,1831,32058.32
2025-11-16 15:57:00.349,1832,31971.61
2025-11-16 15:57:00.349,1833,31713.61
2025-11-16 15:57:00.349,1834,32058.32
2025-11-16 15:57:00.349,1835,32189.05
2025-11-16 15:57:00.349,1836,31628.31
2025-11-16 15:57:00.349,1837,32058.32
2025-11-16 15:57:00.349,1838,28736.48
2025-11-16 15:57:00.349,1839,31885.26
2025-11-16 15:57:00.349,1840,32945.45
2025-11-16 15:57:00.349,1841,31416.58
2025-11-16 15:57:00.349,1842,31628.31
2025-11-16 15:57:00.349,1843,36262.32
2025-11-16 15:57:00.349,1844,37009.64
2025-11-16 15:57:00.349,1845,38233.91
2025-11-16 15:57:00.349,1846,33588.98
2025-11-16 15:57:00.349,1847,37447.59
2025-11-16 15:57:00.349,1848,33403.16
2025-11-16 15:57:00.349,1849,30550.28
2025-11-16 15:57:00.349,1850,35845.82
2025-11-16 15:57:00.349,1851,34542.39
2025-11-16 15:57:00.349,1852,29526.5
2025-11-16 15:57:00.349,1853,34935.51
2025-11-16 15:57:00.349,1854,28662.88
2025-11-16 15:57:00.349,1855,37613.93
2025-11-16 15:57:00.349,1856,57577.48
2025-11-16 15:57:00.349,1857,30150.32
2025-11-16 15:57:00.349,1858,36793.67
2025-11-16 15:57:00.349,1859,34935.51
2025-11-16 15:57:00.349,1860,31123.74
2025-11-16 15:57:00.349,1861,30794.08
2025-11-16 15:57:00.349,1862,35285.2
2025-11-16 15:57:00.349,1863,49845.72
2025-11-16 15:57:00.349,1864,175214.38
2025-11-16 15:57:00.349,1865,50287.98
2025-11-16 15:57:00.349,1866,32145.38
2025-11-16 15:57:00.349,1867,32145.38
2025-11-16 15:57:00.349,1868,51009.33
2025-11-16 15:57:00.349,1869,110345.59
2025-11-16 15:57:00.349,1870,45002.86
2025-11-16 15:57:00.349,1871,45002.86
2025-11-16 15:57:00.349,1872,27765.84
2025-11-16 15:57:00.349,1873,26809.18
2025-11-16 15:57:00.349,1874,26809.18
2025-11-16 15:57:00.349,1875,26187.06
2025-11-16 15:57:00.349,1876,26187.06
2025-11-16 15:57:00.349,1877,26577.51
2025-11-16 15:57:00.349,1878,26544.65
2025-11-16 15:57:00.349,1879,26676.44
2025-11-16 15:57:00.349,1880,26479.11
2025-11-16 15:57:00.349,1881,26187.06
2025-11-16 15:57:00.349,1882,26676.44
2025-11-16 15:57:00.349,1883,26479.11
2025-11-16 15:57:00.349,1884,26544.65
2025-11-16 15:57:00.349,1885,26511.85
2025-11-16 15:57:00.349,1886,24036.8
2025-11-16 15:57:00.349,1887,26283.89
2025-11-16 15:57:00.349,1888,26610.43
2025-11-16 15:57:00.349,1889,25276.9
2025-11-16 15:57:00.349,1890,26251.55
2025-11-16 15:57:00.349,1891,30110.76
2025-11-16 15:57:00.349,1892,30590.71
2025-11-16 15:57:00.349,1893,31290.57
2025-11-16 15:57:00.349,1894,27765.84
2025-11-16 15:57:00.349,1895,31543.36
2025-11-16 15:57:00.349,1896,27384.16
2025-11-16 15:57:00.349,1897,22669.24
2025-11-16 15:57:00.349,1898,29526.5
2025-11-16 15:57:00.349,1899,28662.88
2025-11-16 15:57:00.349,1900,22305.72
2025-11-16 15:57:00.349,1901,28699.64
2025-11-16 15:57:00.349,1902,21553.27
2025-11-16 15:57:00.349,1903,32058.32
2025-11-16 15:57:00.349,1904,49845.72
2025-11-16 15:57:00.349,1905,24616.31
2025-11-16 15:57:00.349,1906,30071.27
2025-11-16 15:57:00.349,1907,28921.71
2025-11-16 15:57:00.349,1908,24266.27
2025-11-16 15:57:00.349,1909,24266.27
2025-11-16 15:57:00.349,1910,27765.84
2025-11-16 15:57:00.349,1911,41139.08
2025-11-16 15:57:00.349,1912,164172.88
2025-11-16 15:57:00.349,1913,41854.7
2025-11-16 15:57:00.349,1914,26090.74
2025-11-16 15:57:00.349,1915,26090.74
2025-11-16 15:57:00.349,1916,44561.25
2025-11-16 15:57:00.349,1917,93048.8
2025-11-16 15:57:00.349,1918,39887.21
2025-11-16 15:57:00.349,1919,39887.21
2025-11-16 15:57:00.349,1920,708471.5
2025-11-16 15:57:00.349,1921,558763.94
2025-11-16 15:57:00.349,1922,558763.94
2025-11-16 15:57:00.349,1923,515003.19
2025-11-16 15:57:00.349,1924,536008.31
2025-11-16 15:57:00.349,1925,536008.31
2025-11-16 15:57:00.349,1926,684112.31
2025-11-16 15:57:00.349,1927,536008.31
2025-11-16 15:57:00.349,1928,543388.5
2025-11-16 15:57:00.349,1929,515003.19
2025-11-16 15:57:00.349,1930,536008.31
2025-11-16 15:57:00.349,1931,566776.38
2025-11-16 15:57:00.349,1932,528822.38
2025-11-16 15:57:00.349,1933,536008.31
2025-11-16 15:57:00.349,1934,583498.19
2025-11-16 15:57:00.349,1935,515003.19
2025-11-16 15:57:00.349,1936,550970.88
2025-11-16 15:57:00.349,1937,536008.31
2025-11-16 15:57:00.349,1938,508356.06
2025-11-16 15:57:00.349,1939,661350.38
2025-11-16 15:57:00.349,1940,583498.19
2025-11-16 15:57:00.349,1941,592227.94
2025-11-16 15:57:00.349,1942,566776.38
2025-11-16 15:57:00.349,1943,592227.94
2025-11-16 15:57:00.349,1944,558763.94
2025-11-16 15:57:00.349,1945,521823.06
2025-11-16 15:57:00.349,1946,566776.38
2025-11-16 15:57:00.349,1947,601218.31
2025-11-16 15:57:00.349,1948,515003.19
2025-11-16 15:57:00.349,1949,536008.31
2025-11-16 15:57:00.349,1950,483368.97
2025-11-16 15:57:00.349,1951,640033.69
2025-11-16 15:57:00.349,1952,558763.94
2025-11-16 15:57:00.349,1953,536008.31
2025-11-16 15:57:00.349,1954,583498.19
2025-11-16 15:57:00.349,1955,583498.19
2025-11-16 15:57:00.349,1956,521823.06
2025-11-16 15:57:00.349,1957,543388.5
2025-11-16 15:57:00.349,1958,566776.38
2025-11-16 15:57:00.349,1959,861364.44
2025-11-16 15:57:00.349,1960,793012.25
2025-11-16 15:57:00.349,1961,793012.25
2025-11-16 15:57:00.349,1962,684112.31
2025-11-16 15:57:00.349,1963,684112.31
2025-11-16 15:57:00.349,1964,521823.06
2025-11-16 15:57:00.349,1965,450099.75
2025-11-16 15:57:00.349,1966,450099.75
2025-11-16 15:57:00.349,1967,450099.75
2025-11-16 15:57:00.349,1968,30958.25
2025-11-16 15:57:00.349,1969,29526.5
2025-11-16 15:57:00.349,1970,30071.27
2025-11-16 15:57:00.349,1971,28958.97
2025-11-16 15:57:00.349,1972,29411.68
2025-11-16 15:57:00.349,1973,30071.27
2025-11-16 15:57:00.349,1974,29411.68
2025-11-16 15:57:00.349,1975,29526.5
2025-11-16 15:57:00.349,1976,29146.33
2025-11-16 15:57:00.349,1977,29221.78
2025-11-16 15:57:00.349,1978,29526.5
2025-11-16 15:57:00.349,1979,29953.28
2025-11-16 15:57:00.349,1980,29449.88
2025-11-16 15:57:00.349,1981,29992.53
2025-11-16 15:57:00.349,1982,27349.84
2025-11-16 15:57:00.349,1983,29526.5
2025-11-16 15:57:00.349,1984,30349.31
2025-11-16 15:57:00.349,1985,29071.17
2025-11-16 15:57:00.349,1986,29297.52
2025-11-16 15:57:00.349,1987,33495.87
2025-11-16 15:57:00.349,1988,34493.74
2025-11-16 15:57:00.349,1989,35234.91
2025-11-16 15:57:00.349,1990,31374.49
2025-11-16 15:57:00.349,1991,35184.73
2025-11-16 15:57:00.349,1992,31374.49
2025-11-16 15:57:00.349,1993,27660.98
2025-11-16 15:57:00.349,1994,33682.49
2025-11-16 15:57:00.349,1995,32320.6
2025-11-16 15:57:00.349,1996,27281.39
2025-11-16 15:57:00.349,1997,32900.21
2025-11-16 15:57:00.349,1998,24734.57
2025-11-16 15:57:00.349,1999,36001.13
2025-11-16 15:57:00.349,2000,51284.3
2025-11-16 15:57:00.349,2001,26809.18
2025-11-16 15:57:00.349,2002,33823.5
2025-11-16 15:57:00.349,2003,31971.61
2025-11-16 15:57:00.349,2004,28407.46
2025-11-16 15:57:00.349,2005,28407.46
2025-11-16 15:57:00.349,2006,32320.6
2025-11-16 15:57:00.349,2007,45754.95
2025-11-16 15:57:00.349,2008,213700.14
2025-11-16 15:57:00.349,2009,45907.83
2025-11-16 15:57:00.349,2010,28996.3
2025-11-16 15:57:00.349,2011,28996.3
2025-11-16 15:57:00.349,2012,46684.98
2025-11-16 15:57:00.349,2013,105908.98
2025-11-16 15:57:00.349,2014,42455.23
2025-11-16 15:57:00.349,2015,42455.23
2025-11-16 15:57:00.349,2016,483368.97
2025-11-16 15:57:00.349,2017,387544.88
2025-11-16 15:57:00.349,2018,455329.53
2025-11-16 15:57:00.349,2019,439984.91
2025-11-16 15:57:00.349,2020,450099.75
2025-11-16 15:57:00.349,2021,455329.53
2025-11-16 15:57:00.349,2022,444986.13
2025-11-16 15:57:00.349,2023,471757.34
2025-11-16 15:57:00.349,2024,460679.59
2025-11-16 15:57:00.349,2025,399475.0
2025-11-16 15:57:00.349,2026,460679.59
2025-11-16 15:57:00.349,2027,439984.91
2025-11-16 15:57:00.349,2028,439984.91
2025-11-16 15:57:00.349,2029,466154.09
2025-11-16 15:57:00.349,2030,403612.41
2025-11-16 15:57:00.349,2031,430305.09
2025-11-16 15:57:00.349,2032,450099.75
2025-11-16 15:57:00.349,2033,430305.09
2025-11-16 15:57:00.349,2034,455329.53
2025-11-16 15:57:00.349,2035,466154.09
2025-11-16 15:57:00.349,2036,466154.09
2025-11-16 15:57:00.349,2037,471757.34
2025-11-16 15:57:00.349,2038,403612.41
2025-11-16 15:57:00.349,2039,403612.41
2025-11-16 15:57:00.349,2040,387544.88
2025-11-16 15:57:00.349,2041,372678.72
2025-11-16 15:57:00.349,2042,372678.72
2025-11-16 15:57:00.349,2043,403612.41
2025-11-16 15:57:00.349,2044,320197.59
2025-11-16 15:57:00.349,2045,395419.56
2025-11-16 15:57:00.349,2046,352352.88
2025-11-16 15:57:00.349,2047,403612.41
2025-11-16 15:57:00.349,2048,346048.91
2025-11-16 15:57:00.349,2049,365654.84
2025-11-16 15:57:00.349,2050,395419.56
2025-11-16 15:57:00.349,2051,425619.72
2025-11-16 15:57:00.349,2052,372678.72
2025-11-16 15:57:00.349,2053,365654.84
2025-11-16 15:57:00.349,2054,352352.88
2025-11-16 15:57:00.349,2055,483368.97
2025-11-16 15:57:00.349,2056,521823.06
2025-11-16 15:57:00.349,2057,521823.06
2025-11-16 15:57:00.349,2058,425619.72
2025-11-16 15:57:00.349,2059,425619.72
2025-11-16 15:57:00.349,2060,257587.41
2025-11-16 15:57:00.349,2061,942433.13
2025-11-16 15:57:00.349,2062,205453.95
2025-11-16 15:57:00.349,2063,205453.95
2025-11-16 15:57:00.349,2064,26283.89
2025-11-16 15:57:00.349,2065,25963.11
2025-11-16 15:57:00.349,2066,25276.9
2025-11-16 15:57:00.349,2067,24266.27
2025-11-16 15:57:00.349,2068,24853.65
2025-11-16 15:57:00.349,2069,25154.93
2025-11-16 15:57:00.349,2070,25033.8
2025-11-16 15:57:00.349,2071,25276.9
2025-11-16 15:57:00.349,2072,25246.33
2025-11-16 15:57:00.349,2073,25003.64
2025-11-16 15:57:00.349,2074,25215.81
2025-11-16 15:57:00.349,2075,25523.39
2025-11-16 15:57:00.349,2076,25836.37
2025-11-16 15:57:00.349,2077,25710.52
2025-11-16 15:57:00.349,2078,22933.92
2025-11-16 15:57:00.349,2079,25647.93
2025-11-16 15:57:00.349,2080,22721.83
2025-11-16 15:57:00.349,2081,20788.21
2025-11-16 15:57:00.349,2082,24616.31
2025-11-16 15:57:00.349,2083,28480.09
2025-11-16 15:57:00.349,2084,30229.68
2025-11-16 15:57:00.349,2085,30590.71
2025-11-16 15:57:00.349,2086,26809.18
2025-11-16 15:57:00.349,2087,30958.25
2025-11-16 15:57:00.349,2088,27077.54
2025-11-16 15:57:00.349,2089,26544.65
2025-11-16 15:57:00.349,2090,29449.88
2025-11-16 15:57:00.349,2091,28699.64
2025-11-16 15:57:00.349,2092,26026.81
2025-11-16 15:57:00.349,2093,28847.41
2025-11-16 15:57:00.349,2094,25804.82
2025-11-16 15:57:00.349,2095,32014.92
2025-11-16 15:57:00.349,2096,51100.71
2025-11-16 15:57:00.349,2097,25523.39
2025-11-16 15:57:00.349,2098,26348.73
2025-11-16 15:57:00.349,2099,28699.64
2025-11-16 15:57:00.349,2100,25276.9
2025-11-16 15:57:00.349,2101,25867.97
2025-11-16 15:57:00.349,2102,29603.42
2025-11-16 15:57:00.349,2103,40442.9
2025-11-16 15:57:00.349,2104,177764.91
2025-11-16 15:57:00.349,2105,40630.89
2025-11-16 15:57:00.349,2106,26544.65
2025-11-16 15:57:00.349,2107,26544.65
2025-11-16 15:57:00.349,2108,44561.25
2025-11-16 15:57:00.349,2109,99393.72
2025-11-16 15:57:00.349,2110,39765.37
2025-11-16 15:57:00.349,2111,39765.37
2025-11-16 15:57:00.349,2112,314954.38
2025-11-16 15:57:00.349,2113,288853.09
2025-11-16 15:57:00.349,2114,322883.13
2025-11-16 15:57:00.349,2115,355589.28
2025-11-16 15:57:00.349,2116,334076.69
2025-11-16 15:57:00.349,2117,358884.03
2025-11-16 15:57:00.349,2118,362238.63
2025-11-16 15:57:00.349,2119,358884.03
2025-11-16 15:57:00.349,2120,346048.91
2025-11-16 15:57:00.349,2121,339960.47
2025-11-16 15:57:00.349,2122,372678.72
2025-11-16 15:57:00.349,2123,342978.47
2025-11-16 15:57:00.349,2124,369134.25
2025-11-16 15:57:00.349,2125,369134.25
2025-11-16 15:57:00.349,2126,334076.69
2025-11-16 15:57:00.349,2127,346048.91
2025-11-16 15:57:00.349,2128,334076.69
2025-11-16 15:57:00.349,2129,339960.47
2025-11-16 15:57:00.349,2130,365654.84
2025-11-16 15:57:00.349,2131,387544.88
2025-11-16 15:57:00.349,2132,403612.41
2025-11-16 15:57:00.349,2133,403612.41
2025-11-16 15:57:00.349,2134,391443.63
2025-11-16 15:57:00.349,2135,407834.16
2025-11-16 15:57:00.349,2136,358884.03
2025-11-16 15:57:00.349,2137,297844.91
2025-11-16 15:57:00.349,2138,365654.84
2025-11-16 15:57:00.349,2139,358884.03
2025-11-16 15:57:00.349,2140,288853.09
2025-11-16 15:57:00.349,2141,325612.69
2025-11-16 15:57:00.349,2142,295546.66
2025-11-16 15:57:00.349,2143,379970.25
2025-11-16 15:57:00.349,2144,193656.09
2025-11-16 15:57:00.349,2145,312394.69
2025-11-16 15:57:00.349,2146,358884.03
2025-11-16 15:57:00.349,2147,346048.91
2025-11-16 15:57:00.349,2148,288853.09
2025-11-16 15:57:00.349,2149,272357.75
2025-11-16 15:57:00.349,2150,339960.47
2025-11-16 15:57:00.349,2151,430305.09
2025-11-16 15:57:00.349,2152,421032.91
2025-11-16 15:57:00.349,2153,421032.91
2025-11-16 15:57:00.349,2154,322883.13
2025-11-16 15:57:00.349,2155,322883.13
2025-11-16 15:57:00.349,2156,136685.03
2025-11-16 15:57:00.349,2157,684112.31
2025-11-16 15:57:00.349,2158,88812.2
2025-11-16 15:57:00.349,2159,88812.2
2025-11-16 15:57:00.349,2160,399475.0
2025-11-16 15:57:00.349,2161,421032.91
2025-11-16 15:57:00.349,2162,450099.75
2025-11-16 15:57:00.349,2163,387544.88
2025-11-16 15:57:00.349,2164,387544.88
2025-11-16 15:57:00.349,2165,403612.41
2025-11-16 15:57:00.349,2166,395419.56
2025-11-16 15:57:00.349,2167,430305.09
2025-11-16 15:57:00.349,2168,395419.56
2025-11-16 15:57:00.349,2169,430305.09
2025-11-16 15:57:00.349,2170,450099.75
2025-11-16 15:57:00.349,2171,455329.53
2025-11-16 15:57:00.349,2172,439984.91
2025-11-16 15:57:00.349,2173,403612.41
2025-11-16 15:57:00.349,2174,387544.88
2025-11-16 15:57:00.349,2175,444986.13
2025-11-16 15:57:00.349,2176,412143.03
2025-11-16 15:57:00.349,2177,395419.56
2025-11-16 15:57:00.349,2178,466154.09
2025-11-16 15:57:00.349,2179,439984.91
2025-11-16 15:57:00.349,2180,460679.59
2025-11-16 15:57:00.349,2181,483368.97
2025-11-16 15:57:00.349,2182,430305.09
2025-11-16 15:57:00.349,2183,395419.56
2025-11-16 15:57:00.349,2184,395419.56
2025-11-16 15:57:00.349,2185,387544.88
2025-11-16 15:57:00.349,2186,439984.91
2025-11-16 15:57:00.349,2187,483368.97
2025-11-16 15:57:00.349,2188,421032.91
2025-11-16 15:57:00.349,2189,403612.41
2025-11-16 15:57:00.349,2190,339960.47
2025-11-16 15:57:00.349,2191,421032.91
2025-11-16 15:57:00.349,2192,233684.53
2025-11-16 15:57:00.349,2193,365654.84
2025-11-16 15:57:00.349,2194,403612.41
2025-11-16 15:57:00.349,2195,407834.16
2025-11-16 15:57:00.349,2196,383721.19
2025-11-16 15:57:00.349,2197,336993.63
2025-11-16 15:57:00.349,2198,372678.72
2025-11-16 15:57:00.349,2199,460679.59
2025-11-16 15:57:00.349,2200,471757.34
2025-11-16 15:57:00.349,2201,471757.34
2025-11-16 15:57:00.349,2202,365654.84
2025-11-16 15:57:00.349,2203,365654.84
2025-11-16 15:57:00.349,2204,144441.03
2025-11-16 15:57:00.349,2205,734602.25
2025-11-16 15:57:00.349,2206,102094.18
2025-11-16 15:57:00.349,2207,102094.18
2025-11-16 15:57:00.349,2208,228014.55
2025-11-16 15:57:00.349,2209,228014.55
2025-11-16 15:57:00.349,2210,228014.55
2025-11-16 15:57:00.349,2211,228014.55
2025-11-16 15:57:00.349,2212,228014.55
2025-11-16 15:57:00.349,2213,228014.55
2025-11-16 15:57:00.349,2214,228014.55
2025-11-16 15:57:00.349,2215,228014.55
2025-11-16 15:57:00.349,2216,228014.55
2025-11-16 15:57:00.349,2217,228014.55
2025-11-16 15:57:00.349,2218,228014.55
2025-11-16 15:57:00.349,2219,228014.55
2025-11-16 15:57:00.349,2220,228014.55
2025-11-16 15:57:00.349,2221,228014.55
2025-11-16 15:57:00.349,2222,228014.55
2025-11-16 15:57:00.349,2223,228014.55
2025-11-16 15:57:00.349,2224,228014.55
2025-11-16 15:57:00.349,2225,228014.55
2025-11-16 15:57:00.349,2226,228014.55
2025-11-16 15:57:00.349,2227,228014.55
2025-11-16 15:57:00.349,2228,228014.55
2025-11-16 15:57:00.349,2229,228014.55
2025-11-16 15:57:00.349,2230,228014.55
2025-11-16 15:57:00.349,2231,228014.55
2025-11-16 15:57:00.349,2232,228014.55
2025-11-16 15:57:00.349,2233,228014.55
2025-11-16 15:57:00.349,2234,228014.55
2025-11-16 15:57:00.349,2235,228014.55
2025-11-16 15:57:00.349,2236,228014.55
2025-11-16 15:57:00.349,2237,228014.55
2025-11-16 15:57:00.349,2238,228014.55
2025-11-16 15:57:00.349,2239,228014.55
2025-11-16 15:57:00.349,2240,228014.55
2025-11-16 15:57:00.349,2241,228014.55
2025-11-16 15:57:00.349,2242,228014.55
2025-11-16 15:57:00.349,2243,228014.55
2025-11-16 15:57:00.349,2244,228014.55
2025-11-16 15:57:00.349,2245,228014.55
2025-11-16 15:57:00.349,2246,228014.55
2025-11-16 15:57:00.349,2247,228014.55
2025-11-16 15:57:00.349,2248,228014.55
2025-11-16 15:57:00.349,2249,228014.55
2025-11-16 15:57:00.349,2250,228014.55
2025-11-16 15:57:00.349,2251,228014.55
2025-11-16 15:57:00.349,2252,228014.55
2025-11-16 15:57:00.349,2253,228014.55
2025-11-16 15:57:00.349,2254,228014.55
2025-11-16 15:57:00.349,2255,228014.55
2025-11-16 15:57:00.349,2256,228014.55
2025-11-16 15:57:00.349,2257,208912.44
2025-11-16 15:57:00.349,2258,213700.14
2025-11-16 15:57:00.349,2259,218701.81
2025-11-16 15:57:00.349,2260,208912.44
2025-11-16 15:57:00.349,2261,226638.0
2025-11-16 15:57:00.349,2262,210090.06
2025-11-16 15:57:00.349,2263,229407.17
2025-11-16 15:57:00.349,2264,216173.34
2025-11-16 15:57:00.349,2265,208912.44
2025-11-16 15:57:00.349,2266,216173.34
2025-11-16 15:57:00.349,2267,223932.14
2025-11-16 15:57:00.349,2268,213700.14
2025-11-16 15:57:00.349,2269,222602.28
2025-11-16 15:57:00.349,2270,204325.27
2025-11-16 15:57:00.349,2271,212483.69
2025-11-16 15:57:00.349,2272,223932.14
2025-11-16 15:57:00.349,2273,204325.27
2025-11-16 15:57:00.349,2274,233684.53
2025-11-16 15:57:00.349,2275,238117.42
2025-11-16 15:57:00.349,2276,236622.0
2025-11-16 15:57:00.349,2277,250766.73
2025-11-16 15:57:00.349,2278,223932.14
2025-11-16 15:57:00.349,2279,245875.0
2025-11-16 15:57:00.349,2280,222602.28
2025-11-16 15:57:00.349,2281,207747.34
2025-11-16 15:57:00.349,2282,238117.42
2025-11-16 15:57:00.349,2283,235144.47
2025-11-16 15:57:00.349,2284,207747.34
2025-11-16 15:57:00.349,2285,218701.81
2025-11-16 15:57:00.349,2286,207747.34
2025-11-16 15:57:00.349,2287,250766.73
2025-11-16 15:57:00.349,2288,120737.61
2025-11-16 15:57:00.349,2289,217430.56
2025-11-16 15:57:00.349,2290,247485.06
2025-11-16 15:57:00.349,2291,233684.53
2025-11-16 15:57:00.349,2292,211280.41
2025-11-16 15:57:00.349,2293,241163.34
2025-11-16 15:57:00.349,2294,261133.28
2025-11-16 15:57:00.349,2295,331208.34
2025-11-16 15:57:00.349,2296,322883.13
2025-11-16 15:57:00.349,2297,322883.13
2025-11-16 15:57:00.349,2298,249115.52
2025-11-16 15:57:00.349,2299,249115.52
2025-11-16 15:57:00.349,2300,57802.03
2025-11-16 15:57:00.349,2301,439984.91
2025-11-16 15:57:00.349,2302,56912.64
2025-11-16 15:57:00.349,2303,56912.64
2025-11-16 15:57:00.619,0,22564.54
2025-11-16 15:57:00.619,1,31458.76
2025-11-16 15:57:00.619,2,34060.55
2025-11-16 15:57:00.619,3,32990.79
2025-11-16 15:57:00.619,4,33403.16
2025-11-16 15:57:00.619,5,34156.08
2025-11-16 15:57:00.619,6,34300.16
2025-11-16 15:57:00.619,7,34445.18
2025-11-16 15:57:00.619,8,34300.16
2025-11-16 15:57:00.619,9,34156.08
2025-11-16 15:57:00.619,10,34252.03
2025-11-16 15:57:00.619,11,34156.08
2025-11-16 15:57:00.619,12,34396.74
2025-11-16 15:57:00.619,13,34204.0
2025-11-16 15:57:00.619,14,36053.13
2025-11-16 15:57:00.619,15,34252.03
2025-11-16 15:57:00.619,16,36262.32
2025-11-16 15:57:00.619,17,37063.94
2025-11-16 15:57:00.619,18,37558.35
2025-11-16 15:57:00.619,19,38463.37
2025-11-16 15:57:00.619,20,41139.08
2025-11-16 15:57:00.619,21,42658.5
2025-11-16 15:57:00.619,22,35640.36
2025-11-16 15:57:00.619,23,41854.7
2025-11-16 15:57:00.619,24,36579.68
2025-11-16 15:57:00.619,25,37337.34
2025-11-16 15:57:00.619,26,41139.08
2025-11-16 15:57:00.619,27,38348.37
2025-11-16 15:57:00.619,28,37725.46
2025-11-16 15:57:00.619,29,38811.68
2025-11-16 15:57:00.619,30,38006.61
2025-11-16 15:57:00.619,31,42053.34
2025-11-16 15:57:00.619,32,74328.61
2025-11-16 15:57:00.619,33,37669.63
2025-11-16 15:57:00.619,34,38233.91
2025-11-16 15:57:00.619,35,38120.0
2025-11-16 15:57:00.619,36,36901.41
2025-11-16 15:57:00.619,37,37558.35
2025-11-16 15:57:00.619,38,43417.48
2025-11-16 15:57:00.619,39,60374.14
2025-11-16 15:57:00.619,40,471757.34
2025-11-16 15:57:00.619,41,50287.98
2025-11-16 15:57:00.619,42,37009.64
2025-11-16 15:57:00.619,43,37009.64
2025-11-16 15:57:00.619,44,61358.41
2025-11-16 15:57:00.619,45,109291.9
2025-11-16 15:57:00.619,46,53576.4
2025-11-16 15:57:00.619,47,53576.4
2025-11-16 15:57:00.619,48,110700.96
2025-11-16 15:57:00.619,49,109992.31
2025-11-16 15:57:00.619,50,119086.36
2025-11-16 15:57:00.619,51,119495.26
2025-11-16 15:57:00.619,52,125504.14
2025-11-16 15:57:00.619,53,123295.2
2025-11-16 15:57:00.619,54,124170.08
2025-11-16 15:57:00.619,55,125954.73
2025-11-16 15:57:00.619,56,123295.2
2025-11-16 15:57:00.619,57,119906.74
2025-11-16 15:57:00.619,58,122431.63
2025-11-16 15:57:00.619,59,122431.63
2025-11-16 15:57:00.619,60,119906.74
2025-11-16 15:57:00.619,61,125056.52
2025-11-16 15:57:00.619,62,129670.22
2025-11-16 15:57:00.619,63,126864.97
2025-11-16 15:57:00.619,64,112143.66
2025-11-16 15:57:00.619,65,119906.74
2025-11-16 15:57:00.619,66,128722.46
2025-11-16 15:57:00.619,67,122431.63
2025-11-16 15:57:00.619,68,141578.7
2025-11-16 15:57:00.619,69,143283.25
2025-11-16 15:57:00.619,70,119495.26
2025-11-16 15:57:00.619,71,139911.63
2025-11-16 15:57:00.619,72,127787.46
2025-11-16 15:57:00.619,73,126864.97
2025-11-16 15:57:00.619,74,133594.3
2025-11-16 15:57:00.619,75,132097.22
2025-11-16 15:57:00.619,76,130631.02
2025-11-16 15:57:00.619,77,125954.73
2025-11-16 15:57:00.619,78,122431.63
2025-11-16 15:57:00.619,79,142142.66
2025-11-16 15:57:00.619,80,195704.14
2025-11-16 15:57:00.619,81,133594.3
2025-11-16 15:57:00.619,82,133594.3
2025-11-16 15:57:00.619,83,132592.78
2025-11-16 15:57:00.619,84,127787.46
2025-11-16 15:57:00.619,85,125954.73
2025-11-16 15:57:00.619,86,136685.03
2025-11-16 15:57:00.619,87,176906.95
2025-11-16 15:57:00.619,88,151134.84
2025-11-16 15:57:00.619,89,151134.84
2025-11-16 15:57:00.619,90,128722.46
2025-11-16 15:57:00.619,91,128722.46
2025-11-16 15:57:00.619,92,106570.16
2025-11-16 15:57:00.619,93,167191.02
2025-11-16 15:57:00.619,94,127787.46
2025-11-16 15:57:00.619,95,127787.46
2025-11-16 15:57:00.619,96,73981.77
2025-11-16 15:57:00.619,97,72622.48
2025-11-16 15:57:00.619,98,77209.76
2025-11-16 15:57:00.619,99,76838.91
2025-11-16 15:57:00.619,100,75925.42
2025-11-16 15:57:00.619,101,77961.02
2025-11-16 15:57:00.619,102,76654.66
2025-11-16 15:57:00.619,103,79112.48
2025-11-16 15:57:00.619,104,77961.02
2025-11-16 15:57:00.619,105,76106.58
2025-11-16 15:57:00.619,106,78341.52
2025-11-16 15:57:00.619,107,78918.48
2025-11-16 15:57:00.619,108,78725.33
2025-11-16 15:57:00.619,109,77209.76
2025-11-16 15:57:00.619,110,76288.51
2025-11-16 15:57:00.619,111,79112.48
2025-11-16 15:57:00.619,112,72958.16
2025-11-16 15:57:00.619,113,75745.02
2025-11-16 15:57:00.619,114,76838.91
2025-11-16 15:57:00.619,115,73127.03
2025-11-16 15:57:00.619,116,85800.06
2025-11-16 15:57:00.619,117,87167.16
2025-11-16 15:57:00.619,118,73296.59
2025-11-16 15:57:00.619,119,85800.06
2025-11-16 15:57:00.619,120,74678.3
2025-11-16 15:57:00.619,121,83604.98
2025-11-16 15:57:00.619,122,80294.42
2025-11-16 15:57:00.619,123,79112.48
2025-11-16 15:57:00.619,124,77583.78
2025-11-16 15:57:00.619,125,77961.02
2025-11-16 15:57:00.619,126,75030.93
2025-11-16 15:57:00.619,127,88573.8
2025-11-16 15:57:00.619,128,137745.05
2025-11-16 15:57:00.619,129,78725.33
2025-11-16 15:57:00.619,130,88573.8
2025-11-16 15:57:00.619,131,82544.69
2025-11-16 15:57:00.619,132,80294.42
2025-11-16 15:57:00.619,133,77209.76
2025-11-16 15:57:00.619,134,91010.8
2025-11-16 15:57:00.619,135,118276.26
2025-11-16 15:57:00.619,136,988899.38
2025-11-16 15:57:00.619,137,86251.47
2025-11-16 15:57:00.619,138,86025.24
2025-11-16 15:57:00.619,139,86025.24
2025-11-16 15:57:00.619,140,101482.63
2025-11-16 15:57:00.619,141,175214.38
2025-11-16 15:57:00.619,142,104931.19
2025-11-16 15:57:00.619,143,104931.19
2025-11-16 15:57:00.619,144,43698.91
2025-11-16 15:57:00.619,145,44126.66
2025-11-16 15:57:00.619,146,43840.75
2025-11-16 15:57:00.619,147,44054.89
2025-11-16 15:57:00.619,148,43277.87
2025-11-16 15:57:00.619,149,43911.94
2025-11-16 15:57:00.619,150,43698.91
2025-11-16 15:57:00.619,151,43983.32
2025-11-16 15:57:00.619,152,42320.58
2025-11-16 15:57:00.619,153,43277.87
2025-11-16 15:57:00.619,154,43698.91
2025-11-16 15:57:00.619,155,43698.91
2025-11-16 15:57:00.619,156,43557.83
2025-11-16 15:57:00.619,157,43628.29
2025-11-16 15:57:00.619,158,44126.66
2025-11-16 15:57:00.619,159,43557.83
2025-11-16 15:57:00.619,160,32145.38
2025-11-16 15:57:00.619,161,43417.48
2025-11-16 15:57:00.619,162,44634.36
2025-11-16 15:57:00.619,163,39523.48
2025-11-16 15:57:00.619,164,50377.22
2025-11-16 15:57:00.619,165,51654.79
2025-11-16 15:57:00.619,166,42186.62
2025-11-16 15:57:00.619,167,50918.22
2025-11-16 15:57:00.619,168,44707.67
2025-11-16 15:57:00.619,169,45907.83
2025-11-16 15:57:00.619,170,46843.01
2025-11-16 15:57:00.619,171,46606.3
2025-11-16 15:57:00.619,172,46216.13
2025-11-16 15:57:00.619,173,45907.83
2025-11-16 15:57:00.619,174,46216.13
2025-11-16 15:57:00.619,175,52124.24
2025-11-16 15:57:00.619,176,86707.14
2025-11-16 15:57:00.619,177,46138.74
2025-11-16 15:57:00.619,178,47001.92
2025-11-16 15:57:00.619,179,48473.0
2025-11-16 15:57:00.619,180,47161.71
2025-11-16 15:57:00.619,181,47484.0
2025-11-16 15:57:00.619,182,52987.48
2025-11-16 15:57:00.619,183,73809.42
2025-11-16 15:57:00.619,184,528822.38
2025-11-16 15:57:00.619,185,51841.71
2025-11-16 15:57:00.619,186,45754.95
2025-11-16 15:57:00.619,187,45754.95
2025-11-16 15:57:00.619,188,66150.61
2025-11-16 15:57:00.619,189,115134.95
2025-11-16 15:57:00.619,190,61608.8
2025-11-16 15:57:00.619,191,61608.8
2025-11-16 15:57:00.619,192,27906.57
2025-11-16 15:57:00.619,193,27626.15
2025-11-16 15:57:00.619,194,26544.65
2025-11-16 15:57:00.619,195,27660.98
2025-11-16 15:57:00.619,196,26219.28
2025-11-16 15:57:00.619,197,27077.54
2025-11-16 15:57:00.619,198,26544.65
2025-11-16 15:57:00.619,199,26809.18
2025-11-16 15:57:00.619,200,26610.43
2025-11-16 15:57:00.619,201,26742.69
2025-11-16 15:57:00.619,202,27213.2
2025-11-16 15:57:00.619,203,27010.09
2025-11-16 15:57:00.619,204,27043.79
2025-11-16 15:57:00.619,205,27043.79
2025-11-16 15:57:00.619,206,27384.16
2025-11-16 15:57:00.619,207,26610.43
2025-11-16 15:57:00.619,208,20928.83
2025-11-16 15:57:00.619,209,27247.26
2025-11-16 15:57:00.619,210,27213.2
2025-11-16 15:57:00.619,211,20081.49
2025-11-16 15:57:00.619,212,31206.99
2025-11-16 15:57:00.619,213,31885.26
2025-11-16 15:57:00.619,214,23586.93
2025-11-16 15:57:00.619,215,31628.31
2025-11-16 15:57:00.619,216,26742.69
2025-11-16 15:57:00.619,217,29071.17
2025-11-16 15:57:00.619,218,28407.46
2025-11-16 15:57:00.619,219,28921.71
2025-11-16 15:57:00.619,220,28371.24
2025-11-16 15:57:00.619,221,27213.2
2025-11-16 15:57:00.619,222,28996.3
2025-11-16 15:57:00.619,223,32900.21
2025-11-16 15:57:00.619,224,58255.64
2025-11-16 15:57:00.619,225,28847.41
2025-11-16 15:57:00.619,226,29297.52
2025-11-16 15:57:00.619,227,30550.28
2025-11-16 15:57:00.619,228,29449.88
2025-11-16 15:57:00.619,229,29297.52
2025-11-16 15:57:00.619,230,34445.18
2025-11-16 15:57:00.619,231,43628.29
2025-11-16 15:57:00.619,232,288853.09
2025-11-16 15:57:00.619,233,36262.32
2025-11-16 15:57:00.619,234,29297.52
2025-11-16 15:57:00.619,235,29297.52
2025-11-16 15:57:00.619,236,46684.98
2025-11-16 15:57:00.619,237,84252.88
2025-11-16 15:57:00.619,238,43983.32
2025-11-16 15:57:00.619,239,43983.32
2025-11-16 15:57:00.619,240,21700.95
2025-11-16 15:57:00.619,241,21455.57
2025-11-16 15:57:00.619,242,20834.94
2025-11-16 15:57:00.619,243,21334.29
2025-11-16 15:57:00.619,244,20718.37
2025-11-16 15:57:00.619,245,20648.86
2025-11-16 15:57:00.619,246,20718.37
2025-11-16 15:57:00.619,247,20834.94
2025-11-16 15:57:00.619,248,20442.16
2025-11-16 15:57:00.619,249,20556.65
2025-11-16 15:57:00.619,250,20556.65
2025-11-16 15:57:00.619,251,20579.65
2025-11-16 15:57:00.619,252,20602.68
2025-11-16 15:57:00.619,253,20602.68
2025-11-16 15:57:00.619,254,21651.57
2025-11-16 15:57:00.619,255,20533.68
2025-11-16 15:57:00.619,256,20510.75
2025-11-16 15:57:00.619,257,22382.94
2025-11-16 15:57:00.619,258,21700.95
2025-11-16 15:57:00.619,259,19406.36
2025-11-16 15:57:00.619,260,25185.35
2025-11-16 15:57:00.619,261,25710.52
2025-11-16 15:57:00.619,262,20834.94
2025-11-16 15:57:00.619,263,25276.9
2025-11-16 15:57:00.619,264,21626.94
2025-11-16 15:57:00.619,265,23230.05
2025-11-16 15:57:00.619,266,24645.8
2025-11-16 15:57:00.619,267,23148.76
2025-11-16 15:57:00.619,268,22774.6
2025-11-16 15:57:00.619,269,22880.64
2025-11-16 15:57:00.619,270,22854.06
2025-11-16 15:57:00.619,271,26090.74
2025-11-16 15:57:00.619,272,48641.14
2025-11-16 15:57:00.619,273,22616.81
2025-11-16 15:57:00.619,274,23094.79
2025-11-16 15:57:00.619,275,23698.29
2025-11-16 15:57:00.619,276,23094.79
2025-11-16 15:57:00.619,277,23040.99
2025-11-16 15:57:00.619,278,27349.84
2025-11-16 15:57:00.619,279,34640.03
2025-11-16 15:57:00.619,280,672541.69
2025-11-16 15:57:00.619,281,31374.49
2025-11-16 15:57:00.619,282,22616.81
2025-11-16 15:57:00.619,283,22616.81
2025-11-16 15:57:00.619,284,38636.91
2025-11-16 15:57:00.619,285,74154.84
2025-11-16 15:57:00.619,286,35084.71
2025-11-16 15:57:00.619,287,35084.71
2025-11-16 15:57:00.619,288,17383.4
2025-11-16 15:57:00.619,289,17309.7
2025-11-16 15:57:00.619,290,16386.33
2025-11-16 15:57:00.619,291,16964.95
2025-11-16 15:57:00.619,292,16030.81
2025-11-16 15:57:00.619,293,16182.0
2025-11-16 15:57:00.619,294,16064.26
2025-11-16 15:57:00.619,295,16131.41
2025-11-16 15:57:00.619,296,16114.59
2025-11-16 15:57:00.619,297,16047.52
2025-11-16 15:57:00.619,298,16047.52
2025-11-16 15:57:00.619,299,16114.59
2025-11-16 15:57:00.619,300,16148.25
2025-11-16 15:57:00.619,301,16014.12
2025-11-16 15:57:00.619,302,17457.49
2025-11-16 15:57:00.619,303,16182.0
2025-11-16 15:57:00.619,304,18538.4
2025-11-16 15:57:00.619,305,18418.55
2025-11-16 15:57:00.619,306,18659.26
2025-11-16 15:57:00.619,307,19882.33
2025-11-16 15:57:00.619,308,20602.68
2025-11-16 15:57:00.619,309,21406.95
2025-11-16 15:57:00.619,310,17291.33
2025-11-16 15:57:00.619,311,21023.29
2025-11-16 15:57:00.619,312,17457.49
2025-11-16 15:57:00.619,313,19007.29
2025-11-16 15:57:00.619,314,20464.99
2025-11-16 15:57:00.619,315,18498.34
2025-11-16 15:57:00.619,316,18359.01
2025-11-16 15:57:00.619,317,18862.97
2025-11-16 15:57:00.619,318,18822.0
2025-11-16 15:57:00.619,319,20952.39
2025-11-16 15:57:00.619,320,40194.41
2025-11-16 15:57:00.619,321,18378.83
2025-11-16 15:57:00.619,322,18578.57
2025-11-16 15:57:00.619,323,19069.58
2025-11-16 15:57:00.619,324,18699.77
2025-11-16 15:57:00.619,325,18659.26
2025-11-16 15:57:00.619,326,22590.65
2025-11-16 15:57:00.619,327,28921.71
2025-11-16 15:57:00.619,328,550970.88
2025-11-16 15:57:00.619,329,28263.01
2025-11-16 15:57:00.619,330,18026.2
2025-11-16 15:57:00.619,331,18026.2
2025-11-16 15:57:00.619,332,33310.84
2025-11-16 15:57:00.619,333,67012.48
2025-11-16 15:57:00.619,334,29992.53
2025-11-16 15:57:00.619,335,29992.53
2025-11-16 15:57:00.619,336,15081.15
2025-11-16 15:57:00.619,337,15050.17
2025-11-16 15:57:00.619,338,14328.73
2025-11-16 15:57:00.619,339,14744.46
2025-11-16 15:57:00.619,340,13898.46
2025-11-16 15:57:00.619,341,14040.19
2025-11-16 15:57:00.619,342,13842.23
2025-11-16 15:57:00.619,343,13969.12
2025-11-16 15:57:00.619,344,13983.3
2025-11-16 15:57:00.619,345,13842.23
2025-11-16 15:57:00.619,346,13856.26
2025-11-16 15:57:00.619,347,13926.67
2025-11-16 15:57:00.619,348,13926.67
2025-11-16 15:57:00.619,349,13884.38
2025-11-16 15:57:00.619,350,15019.26
2025-11-16 15:57:00.619,351,13954.95
2025-11-16 15:57:00.619,352,16114.59
2025-11-16 15:57:00.619,353,16081.01
2025-11-16 15:57:00.619,354,16334.95
2025-11-16 15:57:00.619,355,17457.49
2025-11-16 15:57:00.619,356,18162.29
2025-11-16 15:57:00.619,357,19028.03
2025-11-16 15:57:00.619,358,15081.15
2025-11-16 15:57:00.619,359,18740.4
2025-11-16 15:57:00.619,360,15300.2
2025-11-16 15:57:00.619,361,16875.66
2025-11-16 15:57:00.619,362,18045.56
2025-11-16 15:57:00.619,363,15947.57
2025-11-16 15:57:00.619,364,16014.12
2025-11-16 15:57:00.619,365,16734.02
2025-11-16 15:57:00.619,366,16437.9
2025-11-16 15:57:00.619,367,18578.57
2025-11-16 15:57:00.619,368,37118.37
2025-11-16 15:57:00.619,369,16047.52
2025-11-16 15:57:00.619,370,16317.87
2025-11-16 15:57:00.619,371,16698.84
2025-11-16 15:57:00.619,372,16352.05
2025-11-16 15:57:00.619,373,16352.05
2025-11-16 15:57:00.619,374,20014.81
2025-11-16 15:57:00.619,375,26219.28
2025-11-16 15:57:00.619,376,430305.09
2025-11-16 15:57:00.619,377,25461.45
2025-11-16 15:57:00.619,378,15848.37
2025-11-16 15:57:00.619,379,15848.37
2025-11-16 15:57:00.619,380,30309.35
2025-11-16 15:57:00.619,381,62114.86
2025-11-16 15:57:00.619,382,27247.26
2025-11-16 15:57:00.619,383,27247.26
2025-11-16 15:57:00.619,384,14744.46
2025-11-16 15:57:00.619,385,14594.37
2025-11-16 15:57:00.619,386,13730.56
2025-11-16 15:57:00.619,387,14270.47
2025-11-16 15:57:00.619,388,13592.43
2025-11-16 15:57:00.619,389,13647.49
2025-11-16 15:57:00.619,390,13401.71
2025-11-16 15:57:00.619,391,13401.71
2025-11-16 15:57:00.619,392,13374.71
2025-11-16 15:57:00.619,393,13483.07
2025-11-16 15:57:00.619,394,13496.68
2025-11-16 15:57:00.619,395,13428.77
2025-11-16 15:57:00.619,396,13633.7
2025-11-16 15:57:00.619,397,13401.71
2025-11-16 15:57:00.619,398,14609.3
2025-11-16 15:57:00.619,399,13592.43
2025-11-16 15:57:00.619,400,15848.37
2025-11-16 15:57:00.619,401,15619.82
2025-11-16 15:57:00.619,402,15897.87
2025-11-16 15:57:00.619,403,17054.83
2025-11-16 15:57:00.619,404,17776.91
2025-11-16 15:57:00.619,405,18699.77
2025-11-16 15:57:00.619,406,14820.19
2025-11-16 15:57:00.619,407,18221.02
2025-11-16 15:57:00.619,408,15096.68
2025-11-16 15:57:00.619,409,16352.05
2025-11-16 15:57:00.619,410,17457.49
2025-11-16 15:57:00.619,411,15848.37
2025-11-16 15:57:00.619,412,15782.65
2025-11-16 15:57:00.619,413,16317.87
2025-11-16 15:57:00.619,414,15947.57
2025-11-16 15:57:00.619,415,17910.59
2025-11-16 15:57:00.619,416,36262.32
2025-11-16 15:57:00.619,417,15587.49
2025-11-16 15:57:00.619,418,15881.35
2025-11-16 15:57:00.619,419,16148.25
2025-11-16 15:57:00.619,420,15881.35
2025-11-16 15:57:00.619,421,15848.37
2025-11-16 15:57:00.619,422,19385.09
2025-11-16 15:57:00.619,423,25647.93
2025-11-16 15:57:00.619,424,395419.56
2025-11-16 15:57:00.619,425,24853.65
2025-11-16 15:57:00.619,426,15347.64
2025-11-16 15:57:00.619,427,15347.64
2025-11-16 15:57:00.619,428,29297.52
2025-11-16 15:57:00.619,429,59653.54
2025-11-16 15:57:00.619,430,26381.24
2025-11-16 15:57:00.619,431,26381.24
2025-11-16 15:57:00.619,432,14343.34
2025-11-16 15:57:00.619,433,14241.45
2025-11-16 15:57:00.619,434,13428.77
2025-11-16 15:57:00.619,435,13926.67
2025-11-16 15:57:00.619,436,13187.46
2025-11-16 15:57:00.619,437,13320.91
2025-11-16 15:57:00.619,438,13214.03
2025-11-16 15:57:00.619,439,13214.03
2025-11-16 15:57:00.619,440,13108.13
2025-11-16 15:57:00.619,441,13081.8
2025-11-16 15:57:00.619,442,13240.66
2025-11-16 15:57:00.619,443,13200.74
2025-11-16 15:57:00.619,444,13214.03
2025-11-16 15:57:00.619,445,13134.51
2025-11-16 15:57:00.619,446,14183.61
2025-11-16 15:57:00.619,447,13214.03
2025-11-16 15:57:00.619,448,15379.36
2025-11-16 15:57:00.619,449,15363.49
2025-11-16 15:57:00.619,450,15619.82
2025-11-16 15:57:00.619,451,16734.02
2025-11-16 15:57:00.619,452,17309.7
2025-11-16 15:57:00.619,453,18181.84
2025-11-16 15:57:00.619,454,14549.7
2025-11-16 15:57:00.619,455,17795.93
2025-11-16 15:57:00.619,456,14669.19
2025-11-16 15:57:00.619,457,15914.42
2025-11-16 15:57:00.619,458,17364.93
2025-11-16 15:57:00.619,459,15411.16
2025-11-16 15:57:00.619,460,15395.25
2025-11-16 15:57:00.619,461,15815.47
2025-11-16 15:57:00.619,462,15555.25
2025-11-16 15:57:00.619,463,17569.39
2025-11-16 15:57:00.619,464,35335.6
2025-11-16 15:57:00.619,465,15143.35
2025-11-16 15:57:00.619,466,15331.81
2025-11-16 15:57:00.619,467,15782.65
2025-11-16 15:57:00.619,468,15555.25
2025-11-16 15:57:00.619,469,15395.25
2025-11-16 15:57:00.619,470,18986.58
2025-11-16 15:57:00.619,471,25276.9
2025-11-16 15:57:00.619,472,403612.41
2025-11-16 15:57:00.619,473,24151.15
2025-11-16 15:57:00.619,474,14926.99
2025-11-16 15:57:00.619,475,14926.99
2025-11-16 15:57:00.619,476,28335.09
2025-11-16 15:57:00.619,477,60011.99
2025-11-16 15:57:00.619,478,25523.39
2025-11-16 15:57:00.619,479,25523.39
2025-11-16 15:57:00.619,480,13969.12
2025-11-16 15:57:00.619,481,14068.74
2025-11-16 15:57:00.619,482,13227.34
2025-11-16 15:57:00.619,483,13675.12
2025-11-16 15:57:00.619,484,13003.18
2025-11-16 15:57:00.619,485,13081.8
2025-11-16 15:57:00.619,486,12873.32
2025-11-16 15:57:00.619,487,13042.42
2025-11-16 15:57:00.619,488,13042.42
2025-11-16 15:57:00.619,489,13029.33
2025-11-16 15:57:00.619,490,13003.18
2025-11-16 15:57:00.619,491,13055.53
2025-11-16 15:57:00.619,492,13029.33
2025-11-16 15:57:00.619,493,13029.33
2025-11-16 15:57:00.619,494,14126.04
2025-11-16 15:57:00.619,495,12990.12
2025-11-16 15:57:00.619,496,15112.21
2025-11-16 15:57:00.619,497,14896.38
2025-11-16 15:57:00.619,498,15252.94
2025-11-16 15:57:00.619,499,16148.25
2025-11-16 15:57:00.619,500,17199.88
2025-11-16 15:57:00.619,501,18064.95
2025-11-16 15:57:00.619,502,14270.47
2025-11-16 15:57:00.619,503,17720.0
2025-11-16 15:57:00.619,504,14579.46
2025-11-16 15:57:00.619,505,15881.35
2025-11-16 15:57:00.619,506,17383.4
2025-11-16 15:57:00.619,507,15284.43
2025-11-16 15:57:00.619,508,15300.2
2025-11-16 15:57:00.619,509,15864.85
2025-11-16 15:57:00.619,510,15491.01
2025-11-16 15:57:00.619,511,17476.08
2025-11-16 15:57:00.619,512,35335.6
2025-11-16 15:57:00.619,513,15174.57
2025-11-16 15:57:00.619,514,15300.2
2025-11-16 15:57:00.619,515,15766.28
2025-11-16 15:57:00.619,516,15491.01
2025-11-16 15:57:00.619,517,15363.49
2025-11-16 15:57:00.619,518,18862.97
2025-11-16 15:57:00.619,519,25094.26
2025-11-16 15:57:00.619,520,346048.91
2025-11-16 15:57:00.619,521,24616.31
2025-11-16 15:57:00.619,522,14988.43
2025-11-16 15:57:00.619,523,14988.43
2025-11-16 15:57:00.619,524,28773.39
2025-11-16 15:57:00.619,525,61233.89
2025-11-16 15:57:00.619,526,25773.33
2025-11-16 15:57:00.619,527,25773.33
2025-11-16 15:57:00.619,528,14183.61
2025-11-16 15:57:00.619,529,14154.79
2025-11-16 15:57:00.619,530,13055.53
2025-11-16 15:57:00.619,531,13870.31
2025-11-16 15:57:00.619,532,12990.12
2025-11-16 15:57:00.619,533,13240.66
2025-11-16 15:57:00.619,534,13081.8
2025-11-16 15:57:00.619,535,13108.13
2025-11-16 15:57:00.619,536,13055.53
2025-11-16 15:57:00.619,537,13174.2
2025-11-16 15:57:00.619,538,13029.33
2025-11-16 15:57:00.619,539,13160.96
2025-11-16 15:57:00.619,540,13374.71
2025-11-16 15:57:00.619,541,13160.96
2025-11-16 15:57:00.619,542,14505.19
2025-11-16 15:57:00.619,543,13254.0
2025-11-16 15:57:00.619,544,15205.86
2025-11-16 15:57:00.619,545,15315.99
2025-11-16 15:57:00.619,546,15539.16
2025-11-16 15:57:00.619,547,16663.75
2025-11-16 15:57:00.619,548,17476.08
2025-11-16 15:57:00.619,549,18221.02
2025-11-16 15:57:00.619,550,14609.3
2025-11-16 15:57:00.619,551,17872.27
2025-11-16 15:57:00.619,552,14774.7
2025-11-16 15:57:00.619,553,16014.12
2025-11-16 15:57:00.619,554,17383.4
2025-11-16 15:57:00.619,555,15587.49
2025-11-16 15:57:00.619,556,15363.49
2025-11-16 15:57:00.619,557,16047.52
2025-11-16 15:57:00.619,558,15619.82
2025-11-16 15:57:00.619,559,17494.69
2025-11-16 15:57:00.619,560,35845.82
2025-11-16 15:57:00.619,561,15252.94
2025-11-16 15:57:00.619,562,15491.01
2025-11-16 15:57:00.619,563,15619.82
2025-11-16 15:57:00.619,564,15587.49
2025-11-16 15:57:00.619,565,15523.09
2025-11-16 15:57:00.619,566,18822.0
2025-11-16 15:57:00.619,567,25094.26
2025-11-16 15:57:00.619,568,376290.09
2025-11-16 15:57:00.619,569,24794.01
2025-11-16 15:57:00.619,570,14988.43
2025-11-16 15:57:00.619,571,14988.43
2025-11-16 15:57:00.619,572,28810.36
2025-11-16 15:57:00.619,573,62370.57
2025-11-16 15:57:00.619,574,26090.74
2025-11-16 15:57:00.619,575,26090.74
2025-11-16 15:57:00.619,576,14183.61
2025-11-16 15:57:00.619,577,14111.69
2025-11-16 15:57:00.619,578,13347.78
2025-11-16 15:57:00.619,579,13884.38
2025-11-16 15:57:00.619,580,13055.53
2025-11-16 15:57:00.619,581,13214.03
2025-11-16 15:57:00.619,582,13029.33
2025-11-16 15:57:00.619,583,13055.53
2025-11-16 15:57:00.619,584,13081.8
2025-11-16 15:57:00.619,585,13003.18
2025-11-16 15:57:00.619,586,13055.53
2025-11-16 15:57:00.619,587,13081.8
2025-11-16 15:57:00.619,588,13081.8
2025-11-16 15:57:00.619,589,13094.96
2025-11-16 15:57:00.619,590,14169.19
2025-11-16 15:57:00.619,591,13160.96
2025-11-16 15:57:00.619,592,15284.43
2025-11-16 15:57:00.619,593,15096.68
2025-11-16 15:57:00.619,594,15411.16
2025-11-16 15:57:00.619,595,16455.14
2025-11-16 15:57:00.619,596,17199.88
2025-11-16 15:57:00.619,597,18026.2
2025-11-16 15:57:00.619,598,14111.69
2025-11-16 15:57:00.619,599,17569.39
2025-11-16 15:57:00.619,600,14654.19
2025-11-16 15:57:00.619,601,15914.42
2025-11-16 15:57:00.619,602,17383.4
2025-11-16 15:57:00.619,603,15491.01
2025-11-16 15:57:00.619,604,15268.68
2025-11-16 15:57:00.619,605,15864.85
2025-11-16 15:57:00.619,606,15300.2
2025-11-16 15:57:00.619,607,17199.88
2025-11-16 15:57:00.619,608,35335.6
2025-11-16 15:57:00.619,609,14926.99
2025-11-16 15:57:00.619,610,15237.23
2025-11-16 15:57:00.619,611,15587.49
2025-11-16 15:57:00.619,612,15411.16
2025-11-16 15:57:00.619,613,15363.49
2025-11-16 15:57:00.619,614,18720.07
2025-11-16 15:57:00.619,615,24794.01
2025-11-16 15:57:00.619,616,328387.41
2025-11-16 15:57:00.619,617,24498.84
2025-11-16 15:57:00.619,618,14744.46
2025-11-16 15:57:00.619,619,14744.46
2025-11-16 15:57:00.619,620,28263.01
2025-11-16 15:57:00.619,621,65867.58
2025-11-16 15:57:00.619,622,25461.45
2025-11-16 15:57:00.619,623,25461.45
2025-11-16 15:57:00.619,624,14126.04
2025-11-16 15:57:00.619,625,14068.74
2025-11-16 15:57:00.619,626,13294.1
2025-11-16 15:57:00.619,627,13730.56
2025-11-16 15:57:00.619,628,12977.09
2025-11-16 15:57:00.619,629,13094.96
2025-11-16 15:57:00.619,630,13055.53
2025-11-16 15:57:00.619,631,13187.46
2025-11-16 15:57:00.619,632,13042.42
2025-11-16 15:57:00.619,633,12899.17
2025-11-16 15:57:00.619,634,13042.42
2025-11-16 15:57:00.619,635,13081.8
2025-11-16 15:57:00.619,636,13174.2
2025-11-16 15:57:00.619,637,13029.33
2025-11-16 15:57:00.619,638,14212.49
2025-11-16 15:57:00.619,639,13160.96
2025-11-16 15:57:00.619,640,15347.64
2025-11-16 15:57:00.619,641,15174.57
2025-11-16 15:57:00.619,642,15491.01
2025-11-16 15:57:00.619,643,16455.14
2025-11-16 15:57:00.619,644,17218.13
2025-11-16 15:57:00.619,645,18026.2
2025-11-16 15:57:00.619,646,14416.64
2025-11-16 15:57:00.619,647,17720.0
2025-11-16 15:57:00.619,648,14684.21
2025-11-16 15:57:00.619,649,15848.37
2025-11-16 15:57:00.619,650,17494.69
2025-11-16 15:57:00.619,651,15555.25
2025-11-16 15:57:00.619,652,15237.23
2025-11-16 15:57:00.619,653,15997.45
2025-11-16 15:57:00.619,654,15555.25
2025-11-16 15:57:00.619,655,16911.3
2025-11-16 15:57:00.619,656,35691.55
2025-11-16 15:57:00.619,657,15143.35
2025-11-16 15:57:00.619,658,15363.49
2025-11-16 15:57:00.619,659,15684.7
2025-11-16 15:57:00.619,660,15571.36
2025-11-16 15:57:00.619,661,15587.49
2025-11-16 15:57:00.619,662,18862.97
2025-11-16 15:57:00.619,663,25094.26
2025-11-16 15:57:00.619,664,372678.72
2025-11-16 15:57:00.619,665,24645.8
2025-11-16 15:57:00.619,666,15019.26
2025-11-16 15:57:00.619,667,15019.26
2025-11-16 15:57:00.619,668,28773.39
2025-11-16 15:57:00.619,669,61987.67
2025-11-16 15:57:00.619,670,26026.81
2025-11-16 15:57:00.619,671,26026.81
2025-11-16 15:57:00.619,672,14097.35
2025-11-16 15:57:00.619,673,14097.35
2025-11-16 15:57:00.619,674,13280.71
2025-11-16 15:57:00.619,675,13744.46
2025-11-16 15:57:00.619,676,13068.66
2025-11-16 15:57:00.619,677,12847.52
2025-11-16 15:57:00.619,678,13094.96
2025-11-16 15:57:00.619,679,13108.13
2025-11-16 15:57:00.619,680,13094.96
2025-11-16 15:57:00.619,681,13068.66
2025-11-16 15:57:00.619,682,13160.96
2025-11-16 15:57:00.619,683,13187.46
2025-11-16 15:57:00.619,684,13108.13
2025-11-16 15:57:00.619,685,13187.46
2025-11-16 15:57:00.619,686,14357.96
2025-11-16 15:57:00.619,687,13320.91
2025-11-16 15:57:00.619,688,15411.16
2025-11-16 15:57:00.619,689,15395.25
2025-11-16 15:57:00.619,690,15555.25
2025-11-16 15:57:00.619,691,16769.29
2025-11-16 15:57:00.619,692,17513.32
2025-11-16 15:57:00.619,693,18260.31
2025-11-16 15:57:00.619,694,14654.19
2025-11-16 15:57:00.619,695,17776.91
2025-11-16 15:57:00.619,696,14805.01
2025-11-16 15:57:00.619,697,15930.98
2025-11-16 15:57:00.619,698,17550.68
2025-11-16 15:57:00.619,699,15684.7
2025-11-16 15:57:00.619,700,15491.01
2025-11-16 15:57:00.619,701,16064.26
2025-11-16 15:57:00.619,702,15749.92
2025-11-16 15:57:00.619,703,17776.91
2025-11-16 15:57:00.619,704,36473.41
2025-11-16 15:57:00.619,705,15347.64
2025-11-16 15:57:00.619,706,15539.16
2025-11-16 15:57:00.619,707,15914.42
2025-11-16 15:57:00.619,708,15619.82
2025-11-16 15:57:00.619,709,15619.82
2025-11-16 15:57:00.619,710,19132.14
2025-11-16 15:57:00.619,711,25154.93
2025-11-16 15:57:00.619,712,372678.72
2025-11-16 15:57:00.619,713,24823.81
2025-11-16 15:57:00.619,714,14988.43
2025-11-16 15:57:00.619,715,14988.43
2025-11-16 15:57:00.619,716,28921.71
2025-11-16 15:57:00.619,717,67012.48
2025-11-16 15:57:00.619,718,25963.11
2025-11-16 15:57:00.619,719,25963.11
2025-11-16 15:57:00.619,720,14068.74
2025-11-16 15:57:00.619,721,14054.46
2025-11-16 15:57:00.619,722,13455.89
2025-11-16 15:57:00.619,723,13926.67
2025-11-16 15:57:00.619,724,13214.03
2025-11-16 15:57:00.619,725,13267.35
2025-11-16 15:57:00.619,726,13214.03
2025-11-16 15:57:00.619,727,13187.46
2025-11-16 15:57:00.619,728,13267.35
2025-11-16 15:57:00.619,729,13214.03
2025-11-16 15:57:00.619,730,13240.66
2025-11-16 15:57:00.619,731,13227.34
2025-11-16 15:57:00.619,732,13267.35
2025-11-16 15:57:00.619,733,13200.74
2025-11-16 15:57:00.619,734,14387.27
2025-11-16 15:57:00.619,735,13227.34
2025-11-16 15:57:00.619,736,15523.09
2025-11-16 15:57:00.619,737,15347.64
2025-11-16 15:57:00.619,738,15652.22
2025-11-16 15:57:00.619,739,16840.11
2025-11-16 15:57:00.619,740,17457.49
2025-11-16 15:57:00.619,741,18181.84
2025-11-16 15:57:00.619,742,14594.37
2025-11-16 15:57:00.619,743,17910.59
2025-11-16 15:57:00.619,744,14865.85
2025-11-16 15:57:00.619,745,15930.98
2025-11-16 15:57:00.619,746,17720.0
2025-11-16 15:57:00.619,747,15684.7
2025-11-16 15:57:00.619,748,15491.01
2025-11-16 15:57:00.619,749,16047.52
2025-11-16 15:57:00.619,750,15684.7
2025-11-16 15:57:00.619,751,17625.68
2025-11-16 15:57:00.619,752,36157.48
2025-11-16 15:57:00.619,753,15268.68
2025-11-16 15:57:00.619,754,15555.25
2025-11-16 15:57:00.619,755,15864.85
2025-11-16 15:57:00.619,756,15684.7
2025-11-16 15:57:00.619,757,15668.45
2025-11-16 15:57:00.619,758,19321.44
2025-11-16 15:57:00.619,759,25246.33
2025-11-16 15:57:00.619,760,403612.41
2025-11-16 15:57:00.619,761,25185.35
2025-11-16 15:57:00.619,762,15050.17
2025-11-16 15:57:00.619,763,15050.17
2025-11-16 15:57:00.619,764,28516.51
2025-11-16 15:57:00.619,765,67012.48
2025-11-16 15:57:00.619,766,25523.39
2025-11-16 15:57:00.619,767,25523.39
2025-11-16 15:57:00.619,768,14226.96
2025-11-16 15:57:00.619,769,14343.34
2025-11-16 15:57:00.619,770,13455.89
2025-11-16 15:57:00.619,771,14097.35
2025-11-16 15:57:00.619,772,13214.03
2025-11-16 15:57:00.619,773,13428.77
2025-11-16 15:57:00.619,774,13320.91
2025-11-16 15:57:00.619,775,13294.1
2025-11-16 15:57:00.619,776,13455.89
2025-11-16 15:57:00.619,777,13401.71
2025-11-16 15:57:00.619,778,13428.77
2025-11-16 15:57:00.619,779,13455.89
2025-11-16 15:57:00.619,780,13428.77
2025-11-16 15:57:00.619,781,13401.71
2025-11-16 15:57:00.619,782,14534.84
2025-11-16 15:57:00.619,783,13320.91
2025-11-16 15:57:00.619,784,15619.82
2025-11-16 15:57:00.619,785,15523.09
2025-11-16 15:57:00.619,786,15619.82
2025-11-16 15:57:00.619,787,16786.96
2025-11-16 15:57:00.619,788,17569.39
2025-11-16 15:57:00.619,789,18498.34
2025-11-16 15:57:00.619,790,14759.57
2025-11-16 15:57:00.619,791,18181.84
2025-11-16 15:57:00.619,792,15019.26
2025-11-16 15:57:00.619,793,16114.59
2025-11-16 15:57:00.619,794,17929.79
2025-11-16 15:57:00.619,795,15684.7
2025-11-16 15:57:00.619,796,15668.45
2025-11-16 15:57:00.619,797,16131.41
2025-11-16 15:57:00.619,798,15782.65
2025-11-16 15:57:00.619,799,17949.02
2025-11-16 15:57:00.619,800,36209.84
2025-11-16 15:57:00.619,801,15619.82
2025-11-16 15:57:00.619,802,15815.47
2025-11-16 15:57:00.619,803,16131.41
2025-11-16 15:57:00.619,804,15881.35
2025-11-16 15:57:00.619,805,15684.7
2025-11-16 15:57:00.619,806,19449.01
2025-11-16 15:57:00.619,807,25307.53
2025-11-16 15:57:00.619,808,399475.0
2025-11-16 15:57:00.619,809,25307.53
2025-11-16 15:57:00.619,810,15395.25
2025-11-16 15:57:00.619,811,15395.25
2025-11-16 15:57:00.619,812,29373.55
2025-11-16 15:57:00.619,813,67012.48
2025-11-16 15:57:00.619,814,26348.73
2025-11-16 15:57:00.619,815,26348.73
2025-11-16 15:57:00.619,816,14564.57
2025-11-16 15:57:00.619,817,14505.19
2025-11-16 15:57:00.619,818,13401.71
2025-11-16 15:57:00.619,819,14154.79
2025-11-16 15:57:00.619,820,13254.0
2025-11-16 15:57:00.619,821,13483.07
2025-11-16 15:57:00.619,822,13388.2
2025-11-16 15:57:00.619,823,13428.77
2025-11-16 15:57:00.619,824,13401.71
2025-11-16 15:57:00.619,825,13334.34
2025-11-16 15:57:00.619,826,13401.71
2025-11-16 15:57:00.619,827,13455.89
2025-11-16 15:57:00.619,828,13483.07
2025-11-16 15:57:00.619,829,13374.71
2025-11-16 15:57:00.619,830,14594.37
2025-11-16 15:57:00.619,831,13483.07
2025-11-16 15:57:00.619,832,15766.28
2025-11-16 15:57:00.619,833,15587.49
2025-11-16 15:57:00.619,834,15815.47
2025-11-16 15:57:00.619,835,16982.88
2025-11-16 15:57:00.619,836,17550.68
2025-11-16 15:57:00.619,837,18578.57
2025-11-16 15:57:00.619,838,14759.57
2025-11-16 15:57:00.619,839,18181.84
2025-11-16 15:57:00.619,840,15143.35
2025-11-16 15:57:00.619,841,16081.01
2025-11-16 15:57:00.619,842,18084.37
2025-11-16 15:57:00.619,843,16047.52
2025-11-16 15:57:00.619,844,15881.35
2025-11-16 15:57:00.619,845,16420.69
2025-11-16 15:57:00.619,846,15864.85
2025-11-16 15:57:00.619,847,17910.59
2025-11-16 15:57:00.619,848,37118.37
2025-11-16 15:57:00.619,849,15749.92
2025-11-16 15:57:00.619,850,15930.98
2025-11-16 15:57:00.619,851,16317.87
2025-11-16 15:57:00.619,852,16148.25
2025-11-16 15:57:00.619,853,16047.52
2025-11-16 15:57:00.619,854,19556.16
2025-11-16 15:57:00.619,855,25710.52
2025-11-16 15:57:00.619,856,407834.16
2025-11-16 15:57:00.619,857,25647.93
2025-11-16 15:57:00.619,858,15587.49
2025-11-16 15:57:00.619,859,15587.49
2025-11-16 15:57:00.619,860,29680.64
2025-11-16 15:57:00.619,861,68342.44
2025-11-16 15:57:00.619,862,26348.73
2025-11-16 15:57:00.619,863,26348.73
2025-11-16 15:57:00.619,864,14609.3
2025-11-16 15:57:00.619,865,14594.37
2025-11-16 15:57:00.619,866,13688.95
2025-11-16 15:57:00.619,867,14126.04
2025-11-16 15:57:00.619,868,13483.07
2025-11-16 15:57:00.619,869,13744.46
2025-11-16 15:57:00.619,870,13483.07
2025-11-16 15:57:00.619,871,13483.07
2025-11-16 15:57:00.619,872,13483.07
2025-11-16 15:57:00.619,873,13415.23
2025-11-16 15:57:00.619,874,13675.12
2025-11-16 15:57:00.619,875,13675.12
2025-11-16 15:57:00.619,876,13647.49
2025-11-16 15:57:00.619,877,13619.93
2025-11-16 15:57:00.619,878,14654.19
2025-11-16 15:57:00.619,879,13592.43
2025-11-16 15:57:00.619,880,15815.47
2025-11-16 15:57:00.619,881,15684.7
2025-11-16 15:57:00.619,882,15848.37
2025-11-16 15:57:00.619,883,17054.83
2025-11-16 15:57:00.619,884,17364.93
2025-11-16 15:57:00.619,885,18398.68
2025-11-16 15:57:00.619,886,14820.19
2025-11-16 15:57:00.619,887,18084.37
2025-11-16 15:57:00.619,888,15050.17
2025-11-16 15:57:00.619,889,15766.28
2025-11-16 15:57:00.619,890,17853.14
2025-11-16 15:57:00.619,891,16014.12
2025-11-16 15:57:00.619,892,15782.65
2025-11-16 15:57:00.619,893,16317.87
2025-11-16 15:57:00.619,894,16014.12
2025-11-16 15:57:00.619,895,17968.28
2025-11-16 15:57:00.619,896,36686.43
2025-11-16 15:57:00.619,897,15782.65
2025-11-16 15:57:00.619,898,15848.37
2025-11-16 15:57:00.619,899,16386.33
2025-11-16 15:57:00.619,900,16014.12
2025-11-16 15:57:00.619,901,16014.12
2025-11-16 15:57:00.619,902,19449.01
2025-11-16 15:57:00.619,903,25585.55
2025-11-16 15:57:00.619,904,450099.75
2025-11-16 15:57:00.619,905,25585.55
2025-11-16 15:57:00.619,906,15603.64
2025-11-16 15:57:00.619,907,15603.64
2025-11-16 15:57:00.619,908,29526.5
2025-11-16 15:57:00.619,909,67304.12
2025-11-16 15:57:00.619,910,26479.11
2025-11-16 15:57:00.619,911,26479.11
2025-11-16 15:57:00.619,912,15619.82
2025-11-16 15:57:00.619,913,15587.49
2025-11-16 15:57:00.619,914,14609.3
2025-11-16 15:57:00.619,915,15174.57
2025-11-16 15:57:00.619,916,14328.73
2025-11-16 15:57:00.619,917,14431.36
2025-11-16 15:57:00.619,918,14328.73
2025-11-16 15:57:00.619,919,14357.96
2025-11-16 15:57:00.619,920,14328.73
2025-11-16 15:57:00.619,921,14198.04
2025-11-16 15:57:00.619,922,14520.01
2025-11-16 15:57:00.619,923,14372.61
2025-11-16 15:57:00.619,924,14416.64
2025-11-16 15:57:00.619,925,14328.73
2025-11-16 15:57:00.619,926,15684.7
2025-11-16 15:57:00.619,927,14534.84
2025-11-16 15:57:00.619,928,16698.84
2025-11-16 15:57:00.619,929,16698.84
2025-11-16 15:57:00.619,930,16947.04
2025-11-16 15:57:00.619,931,18026.2
2025-11-16 15:57:00.619,932,18498.34
2025-11-16 15:57:00.619,933,19534.67
2025-11-16 15:57:00.619,934,15700.98
2025-11-16 15:57:00.619,935,19028.03
2025-11-16 15:57:00.619,936,15997.45
2025-11-16 15:57:00.619,937,16947.04
2025-11-16 15:57:00.619,938,18822.0
2025-11-16 15:57:00.619,939,16875.66
2025-11-16 15:57:00.619,940,16840.11
2025-11-16 15:57:00.619,941,17588.13
2025-11-16 15:57:00.619,942,17054.83
2025-11-16 15:57:00.619,943,19153.06
2025-11-16 15:57:00.619,944,38578.92
2025-11-16 15:57:00.619,945,16769.29
2025-11-16 15:57:00.619,946,16982.88
2025-11-16 15:57:00.619,947,17346.5
2025-11-16 15:57:00.619,948,17272.99
2025-11-16 15:57:00.619,949,16947.04
2025-11-16 15:57:00.619,950,20741.61
2025-11-16 15:57:00.619,951,26709.53
2025-11-16 15:57:00.619,952,515003.19
2025-11-16 15:57:00.619,953,27836.08
2025-11-16 15:57:00.619,954,16628.76
2025-11-16 15:57:00.619,955,16628.76
2025-11-16 15:57:00.619,956,31290.57
2025-11-16 15:57:00.619,957,71144.84
2025-11-16 15:57:00.619,958,28119.63
2025-11-16 15:57:00.619,959,28119.63
2025-11-16 15:57:00.619,960,29297.52
2025-11-16 15:57:00.619,961,29297.52
2025-11-16 15:57:00.619,962,28263.01
2025-11-16 15:57:00.619,963,28884.52
2025-11-16 15:57:00.619,964,27765.84
2025-11-16 15:57:00.619,965,28155.37
2025-11-16 15:57:00.619,966,27836.08
2025-11-16 15:57:00.619,967,27977.33
2025-11-16 15:57:00.619,968,27765.84
2025-11-16 15:57:00.619,969,27765.84
2025-11-16 15:57:00.619,970,27871.29
2025-11-16 15:57:00.619,971,27800.93
2025-11-16 15:57:00.619,972,27765.84
2025-11-16 15:57:00.619,973,27800.93
2025-11-16 15:57:00.619,974,28996.3
2025-11-16 15:57:00.619,975,27836.08
2025-11-16 15:57:00.619,976,30671.81
2025-11-16 15:57:00.619,977,30590.71
2025-11-16 15:57:00.619,978,28996.3
2025-11-16 15:57:00.619,979,31416.58
2025-11-16 15:57:00.619,980,29449.88
2025-11-16 15:57:00.619,981,30631.22
2025-11-16 15:57:00.619,982,28699.64
2025-11-16 15:57:00.619,983,30712.49
2025-11-16 15:57:00.619,984,27179.19
2025-11-16 15:57:00.619,985,30031.86
2025-11-16 15:57:00.619,986,30189.96
2025-11-16 15:57:00.619,987,23726.24
2025-11-16 15:57:00.619,988,30389.34
2025-11-16 15:57:00.619,989,30309.35
2025-11-16 15:57:00.619,990,31416.58
2025-11-16 15:57:00.619,991,34738.09
2025-11-16 15:57:00.619,992,63676.8
2025-11-16 15:57:00.619,993,31206.99
2025-11-16 15:57:00.619,994,30958.25
2025-11-16 15:57:00.619,995,29526.5
2025-11-16 15:57:00.619,996,31206.99
2025-11-16 15:57:00.619,997,31290.57
2025-11-16 15:57:00.619,998,36105.25
2025-11-16 15:57:00.619,999,44343.09
2025-11-16 15:57:00.619,1000,194675.0
2025-11-16 15:57:00.619,1001,47484.0
2025-11-16 15:57:00.619,1002,29603.42
2025-11-16 15:57:00.619,1003,29603.42
2025-11-16 15:57:00.619,1004,53182.58
2025-11-16 15:57:00.619,1005,103337.61
2025-11-16 15:57:00.619,1006,48641.14
2025-11-16 15:57:00.619,1007,48641.14
2025-11-16 15:57:00.619,1008,55201.96
2025-11-16 15:57:00.619,1009,54176.42
2025-11-16 15:57:00.619,1010,52600.88
2025-11-16 15:57:00.619,1011,52987.48
2025-11-16 15:57:00.619,1012,51284.3
2025-11-16 15:57:00.619,1013,50556.48
2025-11-16 15:57:00.619,1014,51192.37
2025-11-16 15:57:00.619,1015,51284.3
2025-11-16 15:57:00.619,1016,50556.48
2025-11-16 15:57:00.619,1017,52600.88
2025-11-16 15:57:00.619,1018,51935.61
2025-11-16 15:57:00.619,1019,51284.3
2025-11-16 15:57:00.619,1020,51009.33
2025-11-16 15:57:00.619,1021,50918.22
2025-11-16 15:57:00.619,1022,52409.35
2025-11-16 15:57:00.619,1023,51284.3
2025-11-16 15:57:00.619,1024,54378.94
2025-11-16 15:57:00.619,1025,54582.74
2025-11-16 15:57:00.619,1026,49151.41
2025-11-16 15:57:00.619,1027,55621.39
2025-11-16 15:57:00.619,1028,42320.58
2025-11-16 15:57:00.619,1029,47001.92
2025-11-16 15:57:00.619,1030,52029.78
2025-11-16 15:57:00.619,1031,43557.83
2025-11-16 15:57:00.619,1032,49151.41
2025-11-16 15:57:00.619,1033,51841.71
2025-11-16 15:57:00.619,1034,51935.61
2025-11-16 15:57:00.619,1035,49151.41
2025-11-16 15:57:00.619,1036,52504.97
2025-11-16 15:57:00.619,1037,52124.24
2025-11-16 15:57:00.619,1038,54176.42
2025-11-16 15:57:00.619,1039,61987.67
2025-11-16 15:57:00.619,1040,101179.34
2025-11-16 15:57:00.619,1041,54378.94
2025-11-16 15:57:00.619,1042,52600.88
2025-11-16 15:57:00.619,1043,51468.98
2025-11-16 15:57:00.619,1044,53182.58
2025-11-16 15:57:00.619,1045,52890.38
2025-11-16 15:57:00.619,1046,61358.41
2025-11-16 15:57:00.619,1047,73296.59
2025-11-16 15:57:00.619,1048,320197.59
2025-11-16 15:57:00.619,1049,80095.27
2025-11-16 15:57:00.619,1050,50021.84
2025-11-16 15:57:00.619,1051,50021.84
2025-11-16 15:57:00.619,1052,91512.71
2025-11-16 15:57:00.619,1053,170315.53
2025-11-16 15:57:00.619,1054,82754.82
2025-11-16 15:57:00.619,1055,82754.82
2025-11-16 15:57:00.619,1056,50021.84
2025-11-16 15:57:00.619,1057,49758.04
2025-11-16 15:57:00.619,1058,48641.14
2025-11-16 15:57:00.619,1059,48725.57
2025-11-16 15:57:00.619,1060,47646.51
2025-11-16 15:57:00.619,1061,48139.58
2025-11-16 15:57:00.619,1062,47403.09
2025-11-16 15:57:00.619,1063,48305.81
2025-11-16 15:57:00.619,1064,48139.58
2025-11-16 15:57:00.619,1065,46527.84
2025-11-16 15:57:00.619,1066,47161.71
2025-11-16 15:57:00.619,1067,46606.3
2025-11-16 15:57:00.619,1068,46527.84
2025-11-16 15:57:00.619,1069,46684.98
2025-11-16 15:57:00.619,1070,48473.0
2025-11-16 15:57:00.619,1071,47322.41
2025-11-16 15:57:00.619,1072,48641.14
2025-11-16 15:57:00.619,1073,50021.84
2025-11-16 15:57:00.619,1074,41397.01
2025-11-16 15:57:00.619,1075,49845.72
2025-11-16 15:57:00.619,1076,26742.69
2025-11-16 15:57:00.619,1077,29221.78
2025-11-16 15:57:00.619,1078,46216.13
2025-11-16 15:57:00.619,1079,39887.21
2025-11-16 15:57:00.619,1080,34836.58
2025-11-16 15:57:00.619,1081,45831.29
2025-11-16 15:57:00.619,1082,42455.23
2025-11-16 15:57:00.619,1083,40883.72
2025-11-16 15:57:00.619,1084,47322.41
2025-11-16 15:57:00.619,1085,46684.98
2025-11-16 15:57:00.619,1086,47001.92
2025-11-16 15:57:00.619,1087,55833.13
2025-11-16 15:57:00.619,1088,93048.8
2025-11-16 15:57:00.619,1089,47241.95
2025-11-16 15:57:00.619,1090,48473.0
2025-11-16 15:57:00.619,1091,47001.92
2025-11-16 15:57:00.619,1092,48725.57
2025-11-16 15:57:00.619,1093,48389.29
2025-11-16 15:57:00.619,1094,55833.13
2025-11-16 15:57:00.619,1095,69101.3
2025-11-16 15:57:00.619,1096,317555.0
2025-11-16 15:57:00.619,1097,72958.16
2025-11-16 15:57:00.619,1098,46606.3
2025-11-16 15:57:00.619,1099,46606.3
2025-11-16 15:57:00.619,1100,80294.42
2025-11-16 15:57:00.619,1101,161975.84
2025-11-16 15:57:00.619,1102,72622.48
2025-11-16 15:57:00.619,1103,72622.48
2025-11-16 15:57:00.619,1104,60617.66
2025-11-16 15:57:00.619,1105,58484.71
2025-11-16 15:57:00.619,1106,58028.08
2025-11-16 15:57:00.619,1107,58255.64
2025-11-16 15:57:00.619,1108,57354.41
2025-11-16 15:57:00.619,1109,58141.67
2025-11-16 15:57:00.619,1110,56476.62
2025-11-16 15:57:00.619,1111,58947.51
2025-11-16 15:57:00.619,1112,57577.48
2025-11-16 15:57:00.619,1113,57802.03
2025-11-16 15:57:00.619,1114,58484.71
2025-11-16 15:57:00.619,1115,58028.08
2025-11-16 15:57:00.619,1116,57465.76
2025-11-16 15:57:00.619,1117,58028.08
2025-11-16 15:57:00.619,1118,58255.64
2025-11-16 15:57:00.619,1119,57354.41
2025-11-16 15:57:00.619,1120,61109.78
2025-11-16 15:57:00.619,1121,59416.6
2025-11-16 15:57:00.619,1122,52218.99
2025-11-16 15:57:00.619,1123,60374.14
2025-11-16 15:57:00.619,1124,56476.62
2025-11-16 15:57:00.619,1125,56693.92
2025-11-16 15:57:00.619,1126,57914.87
2025-11-16 15:57:00.619,1127,56693.92
2025-11-16 15:57:00.619,1128,50918.22
2025-11-16 15:57:00.619,1129,56693.92
2025-11-16 15:57:00.619,1130,52793.59
2025-11-16 15:57:00.619,1131,53084.88
2025-11-16 15:57:00.619,1132,54890.87
2025-11-16 15:57:00.619,1133,52793.59
2025-11-16 15:57:00.619,1134,56912.64
2025-11-16 15:57:00.619,1135,68192.39
2025-11-16 15:57:00.619,1136,103024.17
2025-11-16 15:57:00.619,1137,56693.92
2025-11-16 15:57:00.619,1138,58028.08
2025-11-16 15:57:00.619,1139,54994.24
2025-11-16 15:57:00.619,1140,58715.34
2025-11-16 15:57:00.619,1141,57914.87
2025-11-16 15:57:00.619,1142,60495.69
2025-11-16 15:57:00.619,1143,81508.11
2025-11-16 15:57:00.619,1144,358884.03
2025-11-16 15:57:00.619,1145,84689.81
2025-11-16 15:57:00.619,1146,55833.13
2025-11-16 15:57:00.619,1147,55833.13
2025-11-16 15:57:00.619,1148,91261.14
2025-11-16 15:57:00.619,1149,188709.95
2025-11-16 15:57:00.619,1150,83604.98
2025-11-16 15:57:00.619,1151,83604.98
2025-11-16 15:57:00.619,1152,102094.18
2025-11-16 15:57:00.619,1153,99101.66
2025-11-16 15:57:00.619,1154,98811.18
2025-11-16 15:57:00.619,1155,105255.28
2025-11-16 15:57:00.619,1156,93571.2
2025-11-16 15:57:00.619,1157,98811.18
2025-11-16 15:57:00.619,1158,98811.18
2025-11-16 15:57:00.619,1159,97381.57
2025-11-16 15:57:00.619,1160,99101.66
2025-11-16 15:57:00.619,1161,97948.88
2025-11-16 15:57:00.619,1162,99687.32
2025-11-16 15:57:00.619,1163,100577.7
2025-11-16 15:57:00.619,1164,102712.45
2025-11-16 15:57:00.619,1165,104931.19
2025-11-16 15:57:00.619,1166,100279.32
2025-11-16 15:57:00.619,1167,99687.32
2025-11-16 15:57:00.619,1168,102712.45
2025-11-16 15:57:00.619,1169,98811.18
2025-11-16 15:57:00.619,1170,102712.45
2025-11-16 15:57:00.619,1171,112877.99
2025-11-16 15:57:00.619,1172,105255.28
2025-11-16 15:57:00.619,1173,108256.51
2025-11-16 15:57:00.619,1174,103337.61
2025-11-16 15:57:00.619,1175,102712.45
2025-11-16 15:57:00.619,1176,98522.22
2025-11-16 15:57:00.619,1177,92531.65
2025-11-16 15:57:00.619,1178,105255.28
2025-11-16 15:57:00.619,1179,104608.9
2025-11-16 15:57:00.619,1180,89051.75
2025-11-16 15:57:00.619,1181,99101.66
2025-11-16 15:57:00.619,1182,96820.16
2025-11-16 15:57:00.619,1183,118276.26
2025-11-16 15:57:00.619,1184,171919.44
2025-11-16 15:57:00.619,1185,89534.38
2025-11-16 15:57:00.619,1186,101482.63
2025-11-16 15:57:00.619,1187,93571.2
2025-11-16 15:57:00.619,1188,87398.81
2025-11-16 15:57:00.619,1189,85130.81
2025-11-16 15:57:00.619,1190,97948.88
2025-11-16 15:57:00.619,1191,118276.26
2025-11-16 15:57:00.619,1192,592227.94
2025-11-16 15:57:00.619,1193,155036.28
2025-11-16 15:57:00.619,1194,81919.95
2025-11-16 15:57:00.619,1195,81919.95
2025-11-16 15:57:00.619,1196,157058.67
2025-11-16 15:57:00.619,1197,314954.38
2025-11-16 15:57:00.619,1198,143283.25
2025-11-16 15:57:00.619,1199,143283.25
2025-11-16 15:57:00.619,1200,861364.44
2025-11-16 15:57:00.619,1201,988899.38
2025-11-16 15:57:00.619,1202,721303.56
2025-11-16 15:57:00.619,1203,988899.38
2025-11-16 15:57:00.619,1204,734602.25
2025-11-16 15:57:00.619,1205,861364.44
2025-11-16 15:57:00.619,1206,793012.25
2025-11-16 15:57:00.619,1207,988899.38
2025-11-16 15:57:00.619,1208,721303.56
2025-11-16 15:57:00.619,1209,861364.44
2025-11-16 15:57:00.619,1210,762705.19
2025-11-16 15:57:00.619,1211,708471.5
2025-11-16 15:57:00.619,1212,762705.19
2025-11-16 15:57:00.619,1213,793012.25
2025-11-16 15:57:00.619,1214,721303.56
2025-11-16 15:57:00.619,1215,708471.5
2025-11-16 15:57:00.619,1216,793012.25
2025-11-16 15:57:00.619,1217,900097.25
2025-11-16 15:57:00.619,1218,696081.88
2025-11-16 15:57:00.619,1219,734602.25
2025-11-16 15:57:00.619,1220,696081.88
2025-11-16 15:57:00.619,1221,809075.0
2025-11-16 15:57:00.619,1222,734602.25
2025-11-16 15:57:00.619,1223,762705.19
2025-11-16 15:57:00.619,1224,721303.56
2025-11-16 15:57:00.619,1225,708471.5
2025-11-16 15:57:00.619,1226,734602.25
2025-11-16 15:57:00.619,1227,861364.44
2025-11-16 15:57:00.619,1228,762705.19
2025-11-16 15:57:00.619,1229,583498.19
2025-11-16 15:57:00.619,1230,861364.44
2025-11-16 15:57:00.619,1231,793012.25
2025-11-16 15:57:00.619,1232,942433.13
2025-11-16 15:57:00.619,1233,988899.38
2025-11-16 15:57:00.619,1234,793012.25
2025-11-16 15:57:00.619,1235,861364.44
2025-11-16 15:57:00.619,1236,861364.44
2025-11-16 15:57:00.619,1237,661350.38
2025-11-16 15:57:00.619,1238,861364.44
2025-11-16 15:57:00.619,1239,965113.19
2025-11-16 15:57:00.619,1240,988899.38
2025-11-16 15:57:00.619,1241,988899.38
2025-11-16 15:57:00.619,1242,861364.44
2025-11-16 15:57:00.619,1243,861364.44
2025-11-16 15:57:00.619,1244,988899.38
2025-11-16 15:57:00.619,1245,762705.19
2025-11-16 15:57:00.619,1246,762705.19
2025-11-16 15:57:00.619,1247,762705.19
2025-11-16 15:57:00.619,1248,167191.02
2025-11-16 15:57:00.619,1249,146809.88
2025-11-16 15:57:00.619,1250,151772.23
2025-11-16 15:57:00.619,1251,144441.03
2025-11-16 15:57:00.619,1252,144441.03
2025-11-16 15:57:00.619,1253,155036.28
2025-11-16 15:57:00.619,1254,154372.98
2025-11-16 15:57:00.619,1255,157743.84
2025-11-16 15:57:00.619,1256,155704.97
2025-11-16 15:57:00.619,1257,145616.44
2025-11-16 15:57:00.619,1258,157058.67
2025-11-16 15:57:00.619,1259,145026.52
2025-11-16 15:57:00.619,1260,155704.97
2025-11-16 15:57:00.619,1261,151772.23
2025-11-16 15:57:00.619,1262,151134.84
2025-11-16 15:57:00.619,1263,146809.88
2025-11-16 15:57:00.619,1264,154372.98
2025-11-16 15:57:00.619,1265,143859.97
2025-11-16 15:57:00.619,1266,137745.05
2025-11-16 15:57:00.619,1267,161975.84
2025-11-16 15:57:00.619,1268,143283.25
2025-11-16 15:57:00.619,1269,153062.25
2025-11-16 15:57:00.619,1270,157058.67
2025-11-16 15:57:00.619,1271,155704.97
2025-11-16 15:57:00.619,1272,151134.84
2025-11-16 15:57:00.619,1273,148021.72
2025-11-16 15:57:00.619,1274,164172.88
2025-11-16 15:57:00.619,1275,164172.88
2025-11-16 15:57:00.619,1276,151134.84
2025-11-16 15:57:00.619,1277,153715.0
2025-11-16 15:57:00.619,1278,139364.05
2025-11-16 15:57:00.619,1279,171113.94
2025-11-16 15:57:00.619,1280,235144.47
2025-11-16 15:57:00.619,1281,151772.23
2025-11-16 15:57:00.619,1282,157743.84
2025-11-16 15:57:00.619,1283,164172.88
2025-11-16 15:57:00.619,1284,141018.91
2025-11-16 15:57:00.619,1285,142142.66
2025-11-16 15:57:00.619,1286,161255.75
2025-11-16 15:57:00.619,1287,218701.81
2025-11-16 15:57:00.619,1288,809075.0
2025-11-16 15:57:00.619,1289,218701.81
2025-11-16 15:57:00.619,1290,138820.45
2025-11-16 15:57:00.619,1291,138820.45
2025-11-16 15:57:00.619,1292,206594.58
2025-11-16 15:57:00.619,1293,372678.72
2025-11-16 15:57:00.619,1294,183998.22
2025-11-16 15:57:00.619,1295,183998.22
2025-11-16 15:57:00.619,1296,53182.58
2025-11-16 15:57:00.619,1297,51654.79
2025-11-16 15:57:00.619,1298,51100.71
2025-11-16 15:57:00.619,1299,50021.84
2025-11-16 15:57:00.619,1300,50377.22
2025-11-16 15:57:00.619,1301,51009.33
2025-11-16 15:57:00.619,1302,50110.29
2025-11-16 15:57:00.619,1303,50827.38
2025-11-16 15:57:00.619,1304,51841.71
2025-11-16 15:57:00.619,1305,50377.22
2025-11-16 15:57:00.619,1306,51100.71
2025-11-16 15:57:00.619,1307,50466.71
2025-11-16 15:57:00.619,1308,51561.75
2025-11-16 15:57:00.619,1309,50377.22
2025-11-16 15:57:00.619,1310,50466.71
2025-11-16 15:57:00.619,1311,50377.22
2025-11-16 15:57:00.619,1312,51841.71
2025-11-16 15:57:00.619,1313,50556.48
2025-11-16 15:57:00.619,1314,50021.84
2025-11-16 15:57:00.619,1315,56046.25
2025-11-16 15:57:00.619,1316,55727.09
2025-11-16 15:57:00.619,1317,55201.96
2025-11-16 15:57:00.619,1318,51468.98
2025-11-16 15:57:00.619,1319,53280.57
2025-11-16 15:57:00.619,1320,49237.32
2025-11-16 15:57:00.619,1321,38636.91
2025-11-16 15:57:00.619,1322,49845.72
2025-11-16 15:57:00.619,1323,51654.79
2025-11-16 15:57:00.619,1324,43840.75
2025-11-16 15:57:00.619,1325,50918.22
2025-11-16 15:57:00.619,1326,45907.83
2025-11-16 15:57:00.619,1327,58141.67
2025-11-16 15:57:00.619,1328,86478.77
2025-11-16 15:57:00.619,1329,46371.55
2025-11-16 15:57:00.619,1330,53182.58
2025-11-16 15:57:00.619,1331,51654.79
2025-11-16 15:57:00.619,1332,45301.25
2025-11-16 15:57:00.619,1333,43347.59
2025-11-16 15:57:00.619,1334,44854.87
2025-11-16 15:57:00.619,1335,73981.77
2025-11-16 15:57:00.619,1336,286686.59
2025-11-16 15:57:00.619,1337,76838.91
2025-11-16 15:57:00.619,1338,45602.89
2025-11-16 15:57:00.619,1339,45602.89
2025-11-16 15:57:00.619,1340,77209.76
2025-11-16 15:57:00.619,1341,151772.23
2025-11-16 15:57:00.619,1342,67304.12
2025-11-16 15:57:00.619,1343,67304.12
2025-11-16 15:57:00.619,1344,32945.45
2025-11-16 15:57:00.619,1345,32586.16
2025-11-16 15:57:00.619,1346,31543.36
2025-11-16 15:57:00.619,1347,31756.39
2025-11-16 15:57:00.619,1348,30917.09
2025-11-16 15:57:00.619,1349,31374.49
2025-11-16 15:57:00.619,1350,30958.25
2025-11-16 15:57:00.619,1351,31374.49
2025-11-16 15:57:00.619,1352,31332.49
2025-11-16 15:57:00.619,1353,30590.71
2025-11-16 15:57:00.619,1354,31082.24
2025-11-16 15:57:00.619,1355,31290.57
2025-11-16 15:57:00.619,1356,31374.49
2025-11-16 15:57:00.619,1357,31332.49
2025-11-16 15:57:00.619,1358,32014.92
2025-11-16 15:57:00.619,1359,31374.49
2025-11-16 15:57:00.619,1360,34252.03
2025-11-16 15:57:00.619,1361,33127.38
2025-11-16 15:57:00.619,1362,33036.22
2025-11-16 15:57:00.619,1363,36526.48
2025-11-16 15:57:00.619,1364,36579.68
2025-11-16 15:57:00.619,1365,37725.46
2025-11-16 15:57:00.619,1366,32900.21
2025-11-16 15:57:00.619,1367,36901.41
2025-11-16 15:57:00.619,1368,32586.16
2025-11-16 15:57:00.619,1369,29449.88
2025-11-16 15:57:00.619,1370,35335.6
2025-11-16 15:57:00.619,1371,33588.98
2025-11-16 15:57:00.619,1372,31713.61
2025-11-16 15:57:00.619,1373,34445.18
2025-11-16 15:57:00.619,1374,31543.36
2025-11-16 15:57:00.619,1375,36793.67
2025-11-16 15:57:00.619,1376,62370.57
2025-11-16 15:57:00.619,1377,31628.31
2025-11-16 15:57:00.619,1378,31585.79
2025-11-16 15:57:00.619,1379,33729.39
2025-11-16 15:57:00.619,1380,31971.61
2025-11-16 15:57:00.619,1381,30876.0
2025-11-16 15:57:00.619,1382,32586.16
2025-11-16 15:57:00.619,1383,47646.51
2025-11-16 15:57:00.619,1384,721303.56
2025-11-16 15:57:00.619,1385,50556.48
2025-11-16 15:57:00.619,1386,31501.02
2025-11-16 15:57:00.619,1387,31501.02
2025-11-16 15:57:00.619,1388,54787.84
2025-11-16 15:57:00.619,1389,110700.96
2025-11-16 15:57:00.619,1390,47646.51
2025-11-16 15:57:00.619,1391,47646.51
2025-11-16 15:57:00.619,1392,33403.16
2025-11-16 15:57:00.619,1393,32586.16
2025-11-16 15:57:00.619,1394,31928.39
2025-11-16 15:57:00.619,1395,32145.38
2025-11-16 15:57:00.619,1396,31332.49
2025-11-16 15:57:00.619,1397,31713.61
2025-11-16 15:57:00.619,1398,30999.5
2025-11-16 15:57:00.619,1399,32058.32
2025-11-16 15:57:00.619,1400,31713.61
2025-11-16 15:57:00.619,1401,30917.09
2025-11-16 15:57:00.619,1402,31628.31
2025-11-16 15:57:00.619,1403,31799.26
2025-11-16 15:57:00.619,1404,31971.61
2025-11-16 15:57:00.619,1405,32014.92
2025-11-16 15:57:00.619,1406,32765.05
2025-11-16 15:57:00.619,1407,31458.76
2025-11-16 15:57:00.619,1408,34252.03
2025-11-16 15:57:00.619,1409,33081.75
2025-11-16 15:57:00.619,1410,33870.7
2025-11-16 15:57:00.619,1411,37558.35
2025-11-16 15:57:00.619,1412,37781.43
2025-11-16 15:57:00.619,1413,38811.68
2025-11-16 15:57:00.619,1414,33729.39
2025-11-16 15:57:00.619,1415,38348.37
2025-11-16 15:57:00.619,1416,34156.08
2025-11-16 15:57:00.619,1417,34252.03
2025-11-16 15:57:00.619,1418,38233.91
2025-11-16 15:57:00.619,1419,35335.6
2025-11-16 15:57:00.619,1420,34012.93
2025-11-16 15:57:00.619,1421,36105.25
2025-11-16 15:57:00.619,1422,34348.4
2025-11-16 15:57:00.619,1423,39165.01
2025-11-16 15:57:00.619,1424,68192.39
2025-11-16 15:57:00.619,1425,34252.03
2025-11-16 15:57:00.619,1426,34348.4
2025-11-16 15:57:00.619,1427,35949.24
2025-11-16 15:57:00.619,1428,34445.18
2025-11-16 15:57:00.619,1429,34542.39
2025-11-16 15:57:00.619,1430,38753.28
2025-11-16 15:57:00.619,1431,49845.72
2025-11-16 15:57:00.619,1432,734602.25
2025-11-16 15:57:00.619,1433,52987.48
2025-11-16 15:57:00.619,1434,34156.08
2025-11-16 15:57:00.619,1435,34156.08
2025-11-16 15:57:00.619,1436,57802.03
2025-11-16 15:57:00.619,1437,111058.42
2025-11-16 15:57:00.619,1438,52029.78
2025-11-16 15:57:00.619,1439,52029.78
2025-11-16 15:57:00.619,1440,39283.93
2025-11-16 15:57:00.619,1441,37950.12
2025-11-16 15:57:00.619,1442,37893.76
2025-11-16 15:57:00.619,1443,37118.37
2025-11-16 15:57:00.619,1444,37781.43
2025-11-16 15:57:00.619,1445,38120.0
2025-11-16 15:57:00.619,1446,37893.76
2025-11-16 15:57:00.619,1447,37781.43
2025-11-16 15:57:00.619,1448,37781.43
2025-11-16 15:57:00.619,1449,37781.43
2025-11-16 15:57:00.619,1450,38120.0
2025-11-16 15:57:00.619,1451,38063.23
2025-11-16 15:57:00.619,1452,38006.61
2025-11-16 15:57:00.619,1453,37893.76
2025-11-16 15:57:00.619,1454,38063.23
2025-11-16 15:57:00.619,1455,37669.63
2025-11-16 15:57:00.619,1456,40505.41
2025-11-16 15:57:00.619,1457,38578.92
2025-11-16 15:57:00.619,1458,38636.91
2025-11-16 15:57:00.619,1459,43698.91
2025-11-16 15:57:00.619,1460,44126.66
2025-11-16 15:57:00.619,1461,44854.87
2025-11-16 15:57:00.619,1462,39887.21
2025-11-16 15:57:00.619,1463,44854.87
2025-11-16 15:57:00.619,1464,40194.41
2025-11-16 15:57:00.619,1465,38521.08
2025-11-16 15:57:00.619,1466,43698.91
2025-11-16 15:57:00.619,1467,41526.96
2025-11-16 15:57:00.619,1468,37781.43
2025-11-16 15:57:00.619,1469,41657.55
2025-11-16 15:57:00.619,1470,37781.43
2025-11-16 15:57:00.619,1471,44126.66
2025-11-16 15:57:00.619,1472,71795.0
2025-11-16 15:57:00.619,1473,37118.37
2025-11-16 15:57:00.619,1474,42387.82
2025-11-16 15:57:00.619,1475,41075.0
2025-11-16 15:57:00.619,1476,35742.86
2025-11-16 15:57:00.619,1477,35234.91
2025-11-16 15:57:00.619,1478,28847.41
2025-11-16 15:57:00.619,1479,56803.11
2025-11-16 15:57:00.619,1480,213700.14
2025-11-16 15:57:00.619,1481,59772.61
2025-11-16 15:57:00.619,1482,37781.43
2025-11-16 15:57:00.619,1483,37781.43
2025-11-16 15:57:00.619,1484,63943.71
2025-11-16 15:57:00.619,1485,129670.22
2025-11-16 15:57:00.619,1486,56585.1
2025-11-16 15:57:00.619,1487,56585.1
2025-11-16 15:57:00.619,1488,27695.87
2025-11-16 15:57:00.619,1489,27179.19
2025-11-16 15:57:00.619,1490,26676.44
2025-11-16 15:57:00.619,1491,26090.74
2025-11-16 15:57:00.619,1492,26154.89
2025-11-16 15:57:00.619,1493,25710.52
2025-11-16 15:57:00.619,1494,26348.73
2025-11-16 15:57:00.619,1495,26413.8
2025-11-16 15:57:00.619,1496,26479.11
2025-11-16 15:57:00.619,1497,26122.79
2025-11-16 15:57:00.619,1498,26348.73
2025-11-16 15:57:00.619,1499,26544.65
2025-11-16 15:57:00.619,1500,26283.89
2025-11-16 15:57:00.619,1501,26511.85
2025-11-16 15:57:00.619,1502,26479.11
2025-11-16 15:57:00.619,1503,26479.11
2025-11-16 15:57:00.619,1504,27765.84
2025-11-16 15:57:00.619,1505,26544.65
2025-11-16 15:57:00.619,1506,27077.54
2025-11-16 15:57:00.619,1507,30671.81
2025-11-16 15:57:00.619,1508,31374.49
2025-11-16 15:57:00.619,1509,32232.81
2025-11-16 15:57:00.619,1510,27800.93
2025-11-16 15:57:00.619,1511,32232.81
2025-11-16 15:57:00.619,1512,27977.33
2025-11-16 15:57:00.619,1513,28480.09
2025-11-16 15:57:00.619,1514,31248.74
2025-11-16 15:57:00.619,1515,29146.33
2025-11-16 15:57:00.619,1516,27591.39
2025-11-16 15:57:00.619,1517,29992.53
2025-11-16 15:57:00.619,1518,27281.39
2025-11-16 15:57:00.619,1519,32276.66
2025-11-16 15:57:00.619,1520,53378.87
2025-11-16 15:57:00.619,1521,26842.51
2025-11-16 15:57:00.619,1522,26875.9
2025-11-16 15:57:00.619,1523,28996.3
2025-11-16 15:57:00.619,1524,26709.53
2025-11-16 15:57:00.619,1525,26544.65
2025-11-16 15:57:00.619,1526,28699.64
2025-11-16 15:57:00.619,1527,47161.71
2025-11-16 15:57:00.619,1528,672541.69
2025-11-16 15:57:00.619,1529,44343.09
2025-11-16 15:57:00.619,1530,27111.36
2025-11-16 15:57:00.619,1531,27111.36
2025-11-16 15:57:00.619,1532,45602.89
2025-11-16 15:57:00.619,1533,102402.48
2025-11-16 15:57:00.619,1534,40630.89
2025-11-16 15:57:00.619,1535,40630.89
2025-11-16 15:57:00.619,1536,25710.52
2025-11-16 15:57:00.619,1537,25710.52
2025-11-16 15:57:00.619,1538,25710.52
2025-11-16 15:57:00.619,1539,25710.52
2025-11-16 15:57:00.619,1540,25710.52
2025-11-16 15:57:00.619,1541,25710.52
2025-11-16 15:57:00.619,1542,25710.52
2025-11-16 15:57:00.619,1543,25710.52
2025-11-16 15:57:00.619,1544,25710.52
2025-11-16 15:57:00.619,1545,25710.52
2025-11-16 15:57:00.619,1546,25710.52
2025-11-16 15:57:00.619,1547,25710.52
2025-11-16 15:57:00.619,1548,25710.52
2025-11-16 15:57:00.619,1549,25710.52
2025-11-16 15:57:00.619,1550,25710.52
2025-11-16 15:57:00.619,1551,25710.52
2025-11-16 15:57:00.619,1552,25710.52
2025-11-16 15:57:00.619,1553,25710.52
2025-11-16 15:57:00.619,1554,25710.52
2025-11-16 15:57:00.619,1555,25710.52
2025-11-16 15:57:00.619,1556,25710.52
2025-11-16 15:57:00.619,1557,25710.52
2025-11-16 15:57:00.619,1558,25710.52
2025-11-16 15:57:00.619,1559,25710.52
2025-11-16 15:57:00.619,1560,25710.52
2025-11-16 15:57:00.619,1561,25710.52
2025-11-16 15:57:00.619,1562,25710.52
2025-11-16 15:57:00.619,1563,25710.52
2025-11-16 15:57:00.619,1564,25710.52
2025-11-16 15:57:00.619,1565,25710.52
2025-11-16 15:57:00.619,1566,25710.52
2025-11-16 15:57:00.619,1567,25710.52
2025-11-16 15:57:00.619,1568,25710.52
2025-11-16 15:57:00.619,1569,25710.52
2025-11-16 15:57:00.619,1570,25710.52
2025-11-16 15:57:00.619,1571,25710.52
2025-11-16 15:57:00.619,1572,25710.52
2025-11-16 15:57:00.619,1573,25710.52
2025-11-16 15:57:00.619,1574,25710.52
2025-11-16 15:57:00.619,1575,25710.52
2025-11-16 15:57:00.619,1576,25710.52
2025-11-16 15:57:00.619,1577,25710.52
2025-11-16 15:57:00.619,1578,25710.52
2025-11-16 15:57:00.619,1579,25710.52
2025-11-16 15:57:00.619,1580,25710.52
2025-11-16 15:57:00.619,1581,25710.52
2025-11-16 15:57:00.619,1582,25710.52
2025-11-16 15:57:00.619,1583,25710.52
2025-11-16 15:57:00.619,1584,25710.52
2025-11-16 15:57:00.619,1585,25033.8
2025-11-16 15:57:00.619,1586,24266.27
2025-11-16 15:57:00.619,1587,23810.38
2025-11-16 15:57:00.619,1588,24036.8
2025-11-16 15:57:00.619,1589,24151.15
2025-11-16 15:57:00.619,1590,24179.86
2025-11-16 15:57:00.619,1591,24266.27
2025-11-16 15:57:00.619,1592,24266.27
2025-11-16 15:57:00.619,1593,24208.61
2025-11-16 15:57:00.619,1594,24295.17
2025-11-16 15:57:00.619,1595,24586.87
2025-11-16 15:57:00.619,1596,24498.84
2025-11-16 15:57:00.619,1597,24324.12
2025-11-16 15:57:00.619,1598,24498.84
2025-11-16 15:57:00.619,1599,24382.16
2025-11-16 15:57:00.619,1600,25523.39
2025-11-16 15:57:00.619,1601,24675.34
2025-11-16 15:57:00.619,1602,24734.57
2025-11-16 15:57:00.619,1603,28371.24
2025-11-16 15:57:00.619,1604,28480.09
2025-11-16 15:57:00.619,1605,29953.28
2025-11-16 15:57:00.619,1606,26026.81
2025-11-16 15:57:00.619,1607,29603.42
2025-11-16 15:57:00.619,1608,26154.89
2025-11-16 15:57:00.619,1609,27660.98
2025-11-16 15:57:00.619,1610,29297.52
2025-11-16 15:57:00.619,1611,27247.26
2025-11-16 15:57:00.619,1612,25523.39
2025-11-16 15:57:00.619,1613,27765.84
2025-11-16 15:57:00.619,1614,25154.93
2025-11-16 15:57:00.619,1615,30349.31
2025-11-16 15:57:00.619,1616,52029.78
2025-11-16 15:57:00.619,1617,25647.93
2025-11-16 15:57:00.619,1618,25804.82
2025-11-16 15:57:00.619,1619,27836.08
2025-11-16 15:57:00.619,1620,25836.37
2025-11-16 15:57:00.619,1621,26122.79
2025-11-16 15:57:00.619,1622,28884.52
2025-11-16 15:57:00.619,1623,40505.41
2025-11-16 15:57:00.619,1624,536008.31
2025-11-16 15:57:00.619,1625,42320.58
2025-11-16 15:57:00.619,1626,25963.11
2025-11-16 15:57:00.619,1627,25963.11
2025-11-16 15:57:00.619,1628,45376.36
2025-11-16 15:57:00.619,1629,86251.47
2025-11-16 15:57:00.619,1630,40693.86
2025-11-16 15:57:00.619,1631,40693.86
2025-11-16 15:57:00.619,1632,24324.12
2025-11-16 15:57:00.619,1633,23366.42
2025-11-16 15:57:00.619,1634,23311.73
2025-11-16 15:57:00.619,1635,22721.83
2025-11-16 15:57:00.619,1636,23257.23
2025-11-16 15:57:00.619,1637,23230.05
2025-11-16 15:57:00.619,1638,23311.73
2025-11-16 15:57:00.619,1639,23202.91
2025-11-16 15:57:00.619,1640,23202.91
2025-11-16 15:57:00.619,1641,23040.99
2025-11-16 15:57:00.619,1642,23339.05
2025-11-16 15:57:00.619,1643,23202.91
2025-11-16 15:57:00.619,1644,22827.54
2025-11-16 15:57:00.619,1645,22774.6
2025-11-16 15:57:00.619,1646,21700.95
2025-11-16 15:57:00.619,1647,22987.37
2025-11-16 15:57:00.619,1648,22280.06
2025-11-16 15:57:00.619,1649,21626.94
2025-11-16 15:57:00.619,1650,23040.99
2025-11-16 15:57:00.619,1651,26090.74
2025-11-16 15:57:00.619,1652,27213.2
2025-11-16 15:57:00.619,1653,27765.84
2025-11-16 15:57:00.619,1654,24469.6
2025-11-16 15:57:00.619,1655,27556.69
2025-11-16 15:57:00.619,1656,23810.38
2025-11-16 15:57:00.619,1657,22774.6
2025-11-16 15:57:00.619,1658,26026.81
2025-11-16 15:57:00.619,1659,25276.9
2025-11-16 15:57:00.619,1660,19237.01
2025-11-16 15:57:00.619,1661,25033.8
2025-11-16 15:57:00.619,1662,17254.68
2025-11-16 15:57:00.619,1663,27977.33
2025-11-16 15:57:00.619,1664,44707.67
2025-11-16 15:57:00.619,1665,17588.13
2025-11-16 15:57:00.619,1666,20811.56
2025-11-16 15:57:00.619,1667,24498.84
2025-11-16 15:57:00.619,1668,16875.66
2025-11-16 15:57:00.619,1669,19926.36
2025-11-16 15:57:00.619,1670,24675.34
2025-11-16 15:57:00.619,1671,35234.91
2025-11-16 15:57:00.619,1672,483368.97
2025-11-16 15:57:00.619,1673,38348.37
2025-11-16 15:57:00.619,1674,20238.23
2025-11-16 15:57:00.619,1675,20238.23
2025-11-16 15:57:00.619,1676,40380.55
2025-11-16 15:57:00.619,1677,84035.92
2025-11-16 15:57:00.619,1678,35691.55
2025-11-16 15:57:00.619,1679,35691.55
2025-11-16 15:57:00.619,1680,34542.39
2025-11-16 15:57:00.619,1681,33682.49
2025-11-16 15:57:00.619,1682,33495.87
2025-11-16 15:57:00.619,1683,32101.8
2025-11-16 15:57:00.619,1684,33127.38
2025-11-16 15:57:00.619,1685,33495.87
2025-11-16 15:57:00.619,1686,33310.84
2025-11-16 15:57:00.619,1687,33036.22
2025-11-16 15:57:00.619,1688,33403.16
2025-11-16 15:57:00.619,1689,33127.38
2025-11-16 15:57:00.619,1690,33036.22
2025-11-16 15:57:00.619,1691,33588.98
2025-11-16 15:57:00.619,1692,33310.84
2025-11-16 15:57:00.619,1693,33588.98
2025-11-16 15:57:00.619,1694,28884.52
2025-11-16 15:57:00.619,1695,33127.38
2025-11-16 15:57:00.619,1696,32810.01
2025-11-16 15:57:00.619,1697,30671.81
2025-11-16 15:57:00.619,1698,33127.38
2025-11-16 15:57:00.619,1699,36262.32
2025-11-16 15:57:00.619,1700,37893.76
2025-11-16 15:57:00.619,1701,39224.4
2025-11-16 15:57:00.619,1702,34542.39
2025-11-16 15:57:00.619,1703,39165.01
2025-11-16 15:57:00.619,1704,33776.39
2025-11-16 15:57:00.619,1705,33356.95
2025-11-16 15:57:00.619,1706,37781.43
2025-11-16 15:57:00.619,1707,35949.24
2025-11-16 15:57:00.619,1708,31458.76
2025-11-16 15:57:00.619,1709,36473.41
2025-11-16 15:57:00.619,1710,31248.74
2025-11-16 15:57:00.619,1711,39765.37
2025-11-16 15:57:00.619,1712,56476.62
2025-11-16 15:57:00.619,1713,31713.61
2025-11-16 15:57:00.619,1714,38006.61
2025-11-16 15:57:00.619,1715,36053.13
2025-11-16 15:57:00.619,1716,29297.52
2025-11-16 15:57:00.619,1717,31374.49
2025-11-16 15:57:00.619,1718,36001.13
2025-11-16 15:57:00.619,1719,51009.33
2025-11-16 15:57:00.619,1720,164172.88
2025-11-16 15:57:00.619,1721,54176.42
2025-11-16 15:57:00.619,1722,33310.84
2025-11-16 15:57:00.619,1723,33310.84
2025-11-16 15:57:00.619,1724,53378.87
2025-11-16 15:57:00.619,1725,110700.96
2025-11-16 15:57:00.619,1726,49496.55
2025-11-16 15:57:00.619,1727,49496.55
2025-11-16 15:57:00.619,1728,26090.74
2025-11-16 15:57:00.619,1729,25154.93
2025-11-16 15:57:00.619,1730,25033.8
2025-11-16 15:57:00.619,1731,24675.34
2025-11-16 15:57:00.619,1732,24853.65
2025-11-16 15:57:00.619,1733,24853.65
2025-11-16 15:57:00.619,1734,24794.01
2025-11-16 15:57:00.619,1735,25064.0
2025-11-16 15:57:00.619,1736,25215.81
2025-11-16 15:57:00.619,1737,24675.34
2025-11-16 15:57:00.619,1738,25033.8
2025-11-16 15:57:00.619,1739,25033.8
2025-11-16 15:57:00.619,1740,25033.8
2025-11-16 15:57:00.619,1741,25094.26
2025-11-16 15:57:00.619,1742,22721.83
2025-11-16 15:57:00.619,1743,24794.01
2025-11-16 15:57:00.619,1744,24616.31
2025-11-16 15:57:00.619,1745,23670.38
2025-11-16 15:57:00.619,1746,24237.42
2025-11-16 15:57:00.619,1747,28191.18
2025-11-16 15:57:00.619,1748,28847.41
2025-11-16 15:57:00.619,1749,29297.52
2025-11-16 15:57:00.619,1750,26316.28
2025-11-16 15:57:00.619,1751,29992.53
2025-11-16 15:57:00.619,1752,25867.97
2025-11-16 15:57:00.619,1753,22987.37
2025-11-16 15:57:00.619,1754,27836.08
2025-11-16 15:57:00.619,1755,27077.54
2025-11-16 15:57:00.619,1756,19237.01
2025-11-16 15:57:00.619,1757,26809.18
2025-11-16 15:57:00.619,1758,21118.33
2025-11-16 15:57:00.619,1759,30389.34
2025-11-16 15:57:00.619,1760,46843.01
2025-11-16 15:57:00.619,1761,22721.83
2025-11-16 15:57:00.619,1762,27977.33
2025-11-16 15:57:00.619,1763,26775.9
2025-11-16 15:57:00.619,1764,21651.57
2025-11-16 15:57:00.619,1765,22000.49
2025-11-16 15:57:00.619,1766,27145.25
2025-11-16 15:57:00.619,1767,38636.91
2025-11-16 15:57:00.619,1768,521823.06
2025-11-16 15:57:00.619,1769,39948.35
2025-11-16 15:57:00.619,1770,24498.84
2025-11-16 15:57:00.619,1771,24498.84
2025-11-16 15:57:00.619,1772,43487.57
2025-11-16 15:57:00.619,1773,86936.61
2025-11-16 15:57:00.619,1774,37781.43
2025-11-16 15:57:00.619,1775,37781.43
2025-11-16 15:57:00.619,1776,23230.05
2025-11-16 15:57:00.619,1777,22774.6
2025-11-16 15:57:00.619,1778,21925.08
2025-11-16 15:57:00.619,1779,21700.95
2025-11-16 15:57:00.619,1780,22000.49
2025-11-16 15:57:00.619,1781,22000.49
2025-11-16 15:57:00.619,1782,21700.95
2025-11-16 15:57:00.619,1783,22050.96
2025-11-16 15:57:00.619,1784,21750.49
2025-11-16 15:57:00.619,1785,21700.95
2025-11-16 15:57:00.619,1786,22000.49
2025-11-16 15:57:00.619,1787,22101.59
2025-11-16 15:57:00.619,1788,21750.49
2025-11-16 15:57:00.619,1789,21900.02
2025-11-16 15:57:00.619,1790,20081.49
2025-11-16 15:57:00.619,1791,21950.17
2025-11-16 15:57:00.619,1792,21166.06
2025-11-16 15:57:00.619,1793,20081.49
2025-11-16 15:57:00.619,1794,21213.94
2025-11-16 15:57:00.619,1795,24734.57
2025-11-16 15:57:00.619,1796,25276.9
2025-11-16 15:57:00.619,1797,25963.11
2025-11-16 15:57:00.619,1798,22880.64
2025-11-16 15:57:00.619,1799,25994.93
2025-11-16 15:57:00.619,1800,22827.54
2025-11-16 15:57:00.619,1801,20905.3
2025-11-16 15:57:00.619,1802,24734.57
2025-11-16 15:57:00.619,1803,23698.29
2025-11-16 15:57:00.619,1804,18378.83
2025-11-16 15:57:00.619,1805,23894.93
2025-11-16 15:57:00.619,1806,19111.26
2025-11-16 15:57:00.619,1807,26842.51
2025-11-16 15:57:00.619,1808,42658.5
2025-11-16 15:57:00.619,1809,19664.09
2025-11-16 15:57:00.619,1810,24353.12
2025-11-16 15:57:00.619,1811,22987.37
2025-11-16 15:57:00.619,1812,17910.59
2025-11-16 15:57:00.619,1813,16403.5
2025-11-16 15:57:00.619,1814,23810.38
2025-11-16 15:57:00.619,1815,34060.55
2025-11-16 15:57:00.619,1816,543388.5
2025-11-16 15:57:00.619,1817,35640.36
2025-11-16 15:57:00.619,1818,20238.23
2025-11-16 15:57:00.619,1819,20238.23
2025-11-16 15:57:00.619,1820,38006.61
2025-11-16 15:57:00.619,1821,79112.48
2025-11-16 15:57:00.619,1822,33776.39
2025-11-16 15:57:00.619,1823,33776.39
2025-11-16 15:57:00.619,1824,33588.98
2025-11-16 15:57:00.619,1825,32675.42
2025-11-16 15:57:00.619,1826,32145.38
2025-11-16 15:57:00.619,1827,32014.92
2025-11-16 15:57:00.619,1828,31082.24
2025-11-16 15:57:00.619,1829,32145.38
2025-11-16 15:57:00.619,1830,31713.61
2025-11-16 15:57:00.619,1831,32058.32
2025-11-16 15:57:00.619,1832,31971.61
2025-11-16 15:57:00.619,1833,31713.61
2025-11-16 15:57:00.619,1834,32058.32
2025-11-16 15:57:00.619,1835,32189.05
2025-11-16 15:57:00.619,1836,31628.31
2025-11-16 15:57:00.619,1837,32058.32
2025-11-16 15:57:00.619,1838,28736.48
2025-11-16 15:57:00.619,1839,31885.26
2025-11-16 15:57:00.619,1840,32945.45
2025-11-16 15:57:00.619,1841,31416.58
2025-11-16 15:57:00.619,1842,31628.31
2025-11-16 15:57:00.619,1843,36262.32
2025-11-16 15:57:00.619,1844,37009.64
2025-11-16 15:57:00.619,1845,38233.91
2025-11-16 15:57:00.619,1846,33588.98
2025-11-16 15:57:00.619,1847,37447.59
2025-11-16 15:57:00.619,1848,33403.16
2025-11-16 15:57:00.619,1849,30550.28
2025-11-16 15:57:00.619,1850,35845.82
2025-11-16 15:57:00.619,1851,34542.39
2025-11-16 15:57:00.619,1852,29526.5
2025-11-16 15:57:00.619,1853,34935.51
2025-11-16 15:57:00.619,1854,28662.88
2025-11-16 15:57:00.619,1855,37613.93
2025-11-16 15:57:00.619,1856,57577.48
2025-11-16 15:57:00.619,1857,30150.32
2025-11-16 15:57:00.619,1858,37118.37
2025-11-16 15:57:00.619,1859,34935.51
2025-11-16 15:57:00.619,1860,31123.74
2025-11-16 15:57:00.619,1861,30794.08
2025-11-16 15:57:00.619,1862,35285.2
2025-11-16 15:57:00.619,1863,49845.72
2025-11-16 15:57:00.619,1864,965113.19
2025-11-16 15:57:00.619,1865,50287.98
2025-11-16 15:57:00.619,1866,32145.38
2025-11-16 15:57:00.619,1867,32145.38
2025-11-16 15:57:00.619,1868,51009.33
2025-11-16 15:57:00.619,1869,109291.9
2025-11-16 15:57:00.619,1870,45002.86
2025-11-16 15:57:00.619,1871,45002.86
2025-11-16 15:57:00.619,1872,27765.84
2025-11-16 15:57:00.619,1873,26809.18
2025-11-16 15:57:00.619,1874,26809.18
2025-11-16 15:57:00.619,1875,26187.06
2025-11-16 15:57:00.619,1876,26187.06
2025-11-16 15:57:00.619,1877,26577.51
2025-11-16 15:57:00.619,1878,26544.65
2025-11-16 15:57:00.619,1879,26676.44
2025-11-16 15:57:00.619,1880,26479.11
2025-11-16 15:57:00.619,1881,26187.06
2025-11-16 15:57:00.619,1882,26676.44
2025-11-16 15:57:00.619,1883,26479.11
2025-11-16 15:57:00.619,1884,26544.65
2025-11-16 15:57:00.619,1885,26511.85
2025-11-16 15:57:00.619,1886,24036.8
2025-11-16 15:57:00.619,1887,26283.89
2025-11-16 15:57:00.619,1888,26610.43
2025-11-16 15:57:00.619,1889,25276.9
2025-11-16 15:57:00.619,1890,26251.55
2025-11-16 15:57:00.619,1891,30110.76
2025-11-16 15:57:00.619,1892,30590.71
2025-11-16 15:57:00.619,1893,31290.57
2025-11-16 15:57:00.619,1894,27765.84
2025-11-16 15:57:00.619,1895,31543.36
2025-11-16 15:57:00.619,1896,27384.16
2025-11-16 15:57:00.619,1897,22669.24
2025-11-16 15:57:00.619,1898,29526.5
2025-11-16 15:57:00.619,1899,28662.88
2025-11-16 15:57:00.619,1900,22305.72
2025-11-16 15:57:00.619,1901,28699.64
2025-11-16 15:57:00.619,1902,21553.27
2025-11-16 15:57:00.619,1903,32058.32
2025-11-16 15:57:00.619,1904,49845.72
2025-11-16 15:57:00.619,1905,24616.31
2025-11-16 15:57:00.619,1906,29680.64
2025-11-16 15:57:00.619,1907,28921.71
2025-11-16 15:57:00.619,1908,24266.27
2025-11-16 15:57:00.619,1909,24266.27
2025-11-16 15:57:00.619,1910,27765.84
2025-11-16 15:57:00.619,1911,41139.08
2025-11-16 15:57:00.619,1912,748393.56
2025-11-16 15:57:00.619,1913,41854.7
2025-11-16 15:57:00.619,1914,26090.74
2025-11-16 15:57:00.619,1915,26090.74
2025-11-16 15:57:00.619,1916,44561.25
2025-11-16 15:57:00.619,1917,92531.65
2025-11-16 15:57:00.619,1918,39887.21
2025-11-16 15:57:00.619,1919,39887.21
2025-11-16 15:57:00.619,1920,521823.06
2025-11-16 15:57:00.619,1921,450099.75
2025-11-16 15:57:00.619,1922,521823.06
2025-11-16 15:57:00.619,1923,450099.75
2025-11-16 15:57:00.619,1924,444986.13
2025-11-16 15:57:00.619,1925,439984.91
2025-11-16 15:57:00.619,1926,460679.59
2025-11-16 15:57:00.619,1927,483368.97
2025-11-16 15:57:00.619,1928,521823.06
2025-11-16 15:57:00.619,1929,387544.88
2025-11-16 15:57:00.619,1930,483368.97
2025-11-16 15:57:00.619,1931,495554.03
2025-11-16 15:57:00.619,1932,471757.34
2025-11-16 15:57:00.619,1933,403612.41
2025-11-16 15:57:00.619,1934,450099.75
2025-11-16 15:57:00.619,1935,566776.38
2025-11-16 15:57:00.619,1936,536008.31
2025-11-16 15:57:00.619,1937,439984.91
2025-11-16 15:57:00.619,1938,450099.75
2025-11-16 15:57:00.619,1939,471757.34
2025-11-16 15:57:00.619,1940,483368.97
2025-11-16 15:57:00.619,1941,536008.31
2025-11-16 15:57:00.619,1942,558763.94
2025-11-16 15:57:00.619,1943,550970.88
2025-11-16 15:57:00.619,1944,566776.38
2025-11-16 15:57:00.619,1945,399475.0
2025-11-16 15:57:00.619,1946,508356.06
2025-11-16 15:57:00.619,1947,566776.38
2025-11-16 15:57:00.619,1948,483368.97
2025-11-16 15:57:00.619,1949,528822.38
2025-11-16 15:57:00.619,1950,460679.59
2025-11-16 15:57:00.619,1951,684112.31
2025-11-16 15:57:00.619,1952,558763.94
2025-11-16 15:57:00.619,1953,601218.31
2025-11-16 15:57:00.619,1954,521823.06
2025-11-16 15:57:00.619,1955,661350.38
2025-11-16 15:57:00.619,1956,640033.69
2025-11-16 15:57:00.619,1957,495554.03
2025-11-16 15:57:00.619,1958,661350.38
2025-11-16 15:57:00.619,1959,762705.19
2025-11-16 15:57:00.619,1960,777567.38
2025-11-16 15:57:00.619,1961,777567.38
2025-11-16 15:57:00.619,1962,650520.19
2025-11-16 15:57:00.619,1963,650520.19
2025-11-16 15:57:00.619,1964,460679.59
2025-11-16 15:57:00.619,1965,395419.56
2025-11-16 15:57:00.619,1966,395419.56
2025-11-16 15:57:00.619,1967,395419.56
2025-11-16 15:57:00.619,1968,30958.25
2025-11-16 15:57:00.619,1969,29526.5
2025-11-16 15:57:00.619,1970,30071.27
2025-11-16 15:57:00.619,1971,28958.97
2025-11-16 15:57:00.619,1972,29411.68
2025-11-16 15:57:00.619,1973,30071.27
2025-11-16 15:57:00.619,1974,29411.68
2025-11-16 15:57:00.619,1975,29526.5
2025-11-16 15:57:00.619,1976,29146.33
2025-11-16 15:57:00.619,1977,29221.78
2025-11-16 15:57:00.619,1978,29526.5
2025-11-16 15:57:00.619,1979,29953.28
2025-11-16 15:57:00.619,1980,29449.88
2025-11-16 15:57:00.619,1981,29992.53
2025-11-16 15:57:00.619,1982,27349.84
2025-11-16 15:57:00.619,1983,29526.5
2025-11-16 15:57:00.619,1984,30349.31
2025-11-16 15:57:00.619,1985,29071.17
2025-11-16 15:57:00.619,1986,29297.52
2025-11-16 15:57:00.619,1987,33495.87
2025-11-16 15:57:00.619,1988,34493.74
2025-11-16 15:57:00.619,1989,35234.91
2025-11-16 15:57:00.619,1990,31374.49
2025-11-16 15:57:00.619,1991,35184.73
2025-11-16 15:57:00.619,1992,31374.49
2025-11-16 15:57:00.619,1993,27660.98
2025-11-16 15:57:00.619,1994,33682.49
2025-11-16 15:57:00.619,1995,32320.6
2025-11-16 15:57:00.619,1996,27281.39
2025-11-16 15:57:00.619,1997,32900.21
2025-11-16 15:57:00.619,1998,24734.57
2025-11-16 15:57:00.619,1999,36001.13
2025-11-16 15:57:00.619,2000,51284.3
2025-11-16 15:57:00.619,2001,26809.18
2025-11-16 15:57:00.619,2002,33870.7
2025-11-16 15:57:00.619,2003,31971.61
2025-11-16 15:57:00.619,2004,28407.46
2025-11-16 15:57:00.619,2005,28407.46
2025-11-16 15:57:00.619,2006,32320.6
2025-11-16 15:57:00.619,2007,51284.3
2025-11-16 15:57:00.619,2008,213700.14
2025-11-16 15:57:00.619,2009,45907.83
2025-11-16 15:57:00.619,2010,28996.3
2025-11-16 15:57:00.619,2011,28996.3
2025-11-16 15:57:00.619,2012,46684.98
2025-11-16 15:57:00.619,2013,103337.61
2025-11-16 15:57:00.619,2014,42455.23
2025-11-16 15:57:00.619,2015,42455.23
2025-11-16 15:57:00.619,2016,583498.19
2025-11-16 15:57:00.619,2017,521823.06
2025-11-16 15:57:00.619,2018,536008.31
2025-11-16 15:57:00.619,2019,483368.97
2025-11-16 15:57:00.619,2020,439984.91
2025-11-16 15:57:00.619,2021,521823.06
2025-11-16 15:57:00.619,2022,521823.06
2025-11-16 15:57:00.619,2023,466154.09
2025-11-16 15:57:00.619,2024,495554.03
2025-11-16 15:57:00.619,2025,403612.41
2025-11-16 15:57:00.619,2026,460679.59
2025-11-16 15:57:00.619,2027,450099.75
2025-11-16 15:57:00.619,2028,483368.97
2025-11-16 15:57:00.619,2029,444986.13
2025-11-16 15:57:00.619,2030,435092.38
2025-11-16 15:57:00.619,2031,421032.91
2025-11-16 15:57:00.619,2032,439984.91
2025-11-16 15:57:00.619,2033,439984.91
2025-11-16 15:57:00.619,2034,483368.97
2025-11-16 15:57:00.619,2035,508356.06
2025-11-16 15:57:00.619,2036,483368.97
2025-11-16 15:57:00.619,2037,515003.19
2025-11-16 15:57:00.619,2038,455329.53
2025-11-16 15:57:00.619,2039,521823.06
2025-11-16 15:57:00.619,2040,369134.25
2025-11-16 15:57:00.619,2041,387544.88
2025-11-16 15:57:00.619,2042,430305.09
2025-11-16 15:57:00.619,2043,455329.53
2025-11-16 15:57:00.619,2044,425619.72
2025-11-16 15:57:00.619,2045,421032.91
2025-11-16 15:57:00.619,2046,387544.88
2025-11-16 15:57:00.619,2047,483368.97
2025-11-16 15:57:00.619,2048,372678.72
2025-11-16 15:57:00.619,2049,430305.09
2025-11-16 15:57:00.619,2050,444986.13
2025-11-16 15:57:00.619,2051,460679.59
2025-11-16 15:57:00.619,2052,425619.72
2025-11-16 15:57:00.619,2053,395419.56
2025-11-16 15:57:00.619,2054,421032.91
2025-11-16 15:57:00.619,2055,583498.19
2025-11-16 15:57:00.619,2056,684112.31
2025-11-16 15:57:00.619,2057,684112.31
2025-11-16 15:57:00.619,2058,425619.72
2025-11-16 15:57:00.619,2059,425619.72
2025-11-16 15:57:00.619,2060,270422.94
2025-11-16 15:57:00.619,2061,880309.75
2025-11-16 15:57:00.619,2062,229407.17
2025-11-16 15:57:00.619,2063,229407.17
2025-11-16 15:57:00.619,2064,26283.89
2025-11-16 15:57:00.619,2065,25963.11
2025-11-16 15:57:00.619,2066,25276.9
2025-11-16 15:57:00.619,2067,24266.27
2025-11-16 15:57:00.619,2068,24853.65
2025-11-16 15:57:00.619,2069,25154.93
2025-11-16 15:57:00.619,2070,25033.8
2025-11-16 15:57:00.619,2071,25276.9
2025-11-16 15:57:00.619,2072,25246.33
2025-11-16 15:57:00.619,2073,25003.64
2025-11-16 15:57:00.619,2074,25215.81
2025-11-16 15:57:00.619,2075,25523.39
2025-11-16 15:57:00.619,2076,25836.37
2025-11-16 15:57:00.619,2077,25710.52
2025-11-16 15:57:00.619,2078,22933.92
2025-11-16 15:57:00.619,2079,25647.93
2025-11-16 15:57:00.619,2080,22721.83
2025-11-16 15:57:00.619,2081,20788.21
2025-11-16 15:57:00.619,2082,24616.31
2025-11-16 15:57:00.619,2083,28480.09
2025-11-16 15:57:00.619,2084,30229.68
2025-11-16 15:57:00.619,2085,30590.71
2025-11-16 15:57:00.619,2086,26809.18
2025-11-16 15:57:00.619,2087,30958.25
2025-11-16 15:57:00.619,2088,27077.54
2025-11-16 15:57:00.619,2089,26544.65
2025-11-16 15:57:00.619,2090,29449.88
2025-11-16 15:57:00.619,2091,28699.64
2025-11-16 15:57:00.619,2092,26026.81
2025-11-16 15:57:00.619,2093,28847.41
2025-11-16 15:57:00.619,2094,25804.82
2025-11-16 15:57:00.619,2095,32014.92
2025-11-16 15:57:00.619,2096,51100.71
2025-11-16 15:57:00.619,2097,25523.39
2025-11-16 15:57:00.619,2098,26348.73
2025-11-16 15:57:00.619,2099,28699.64
2025-11-16 15:57:00.619,2100,25276.9
2025-11-16 15:57:00.619,2101,25867.97
2025-11-16 15:57:00.619,2102,29603.42
2025-11-16 15:57:00.619,2103,40442.9
2025-11-16 15:57:00.619,2104,684112.31
2025-11-16 15:57:00.619,2105,40630.89
2025-11-16 15:57:00.619,2106,26544.65
2025-11-16 15:57:00.619,2107,26544.65
2025-11-16 15:57:00.619,2108,44561.25
2025-11-16 15:57:00.619,2109,85800.06
2025-11-16 15:57:00.619,2110,39765.37
2025-11-16 15:57:00.619,2111,39765.37
2025-11-16 15:57:00.619,2112,328387.41
2025-11-16 15:57:00.619,2113,322883.13
2025-11-16 15:57:00.619,2114,291051.47
2025-11-16 15:57:00.619,2115,288853.09
2025-11-16 15:57:00.619,2116,295546.66
2025-11-16 15:57:00.619,2117,328387.41
2025-11-16 15:57:00.619,2118,284551.28
2025-11-16 15:57:00.619,2119,320197.59
2025-11-16 15:57:00.619,2120,317555.0
2025-11-16 15:57:00.619,2121,295546.66
2025-11-16 15:57:00.619,2122,322883.13
2025-11-16 15:57:00.619,2123,322883.13
2025-11-16 15:57:00.619,2124,293282.41
2025-11-16 15:57:00.619,2125,293282.41
2025-11-16 15:57:00.619,2126,284551.28
2025-11-16 15:57:00.619,2127,312394.69
2025-11-16 15:57:00.619,2128,297844.91
2025-11-16 15:57:00.619,2129,288853.09
2025-11-16 15:57:00.619,2130,288853.09
2025-11-16 15:57:00.619,2131,339960.47
2025-11-16 15:57:00.619,2132,334076.69
2025-11-16 15:57:00.619,2133,334076.69
2025-11-16 15:57:00.619,2134,312394.69
2025-11-16 15:57:00.619,2135,346048.91
2025-11-16 15:57:00.619,2136,297844.91
2025-11-16 15:57:00.619,2137,288853.09
2025-11-16 15:57:00.619,2138,286686.59
2025-11-16 15:57:00.619,2139,328387.41
2025-11-16 15:57:00.619,2140,288853.09
2025-11-16 15:57:00.619,2141,317555.0
2025-11-16 15:57:00.619,2142,280371.47
2025-11-16 15:57:00.619,2143,322883.13
2025-11-16 15:57:00.619,2144,207747.34
2025-11-16 15:57:00.619,2145,293282.41
2025-11-16 15:57:00.619,2146,379970.25
2025-11-16 15:57:00.619,2147,379970.25
2025-11-16 15:57:00.619,2148,339960.47
2025-11-16 15:57:00.619,2149,284551.28
2025-11-16 15:57:00.619,2150,358884.03
2025-11-16 15:57:00.619,2151,508356.06
2025-11-16 15:57:00.619,2152,471757.34
2025-11-16 15:57:00.619,2153,471757.34
2025-11-16 15:57:00.619,2154,365654.84
2025-11-16 15:57:00.619,2155,365654.84
2025-11-16 15:57:00.619,2156,144441.03
2025-11-16 15:57:00.619,2157,684112.31
2025-11-16 15:57:00.619,2158,103337.61
2025-11-16 15:57:00.619,2159,103337.61
2025-11-16 15:57:00.619,2160,536008.31
2025-11-16 15:57:00.619,2161,466154.09
2025-11-16 15:57:00.619,2162,450099.75
2025-11-16 15:57:00.619,2163,395419.56
2025-11-16 15:57:00.619,2164,508356.06
2025-11-16 15:57:00.619,2165,601218.31
2025-11-16 15:57:00.619,2166,515003.19
2025-11-16 15:57:00.619,2167,483368.97
2025-11-16 15:57:00.619,2168,536008.31
2025-11-16 15:57:00.619,2169,483368.97
2025-11-16 15:57:00.619,2170,566776.38
2025-11-16 15:57:00.619,2171,521823.06
2025-11-16 15:57:00.619,2172,508356.06
2025-11-16 15:57:00.619,2173,391443.63
2025-11-16 15:57:00.619,2174,395419.56
2025-11-16 15:57:00.619,2175,421032.91
2025-11-16 15:57:00.619,2176,444986.13
2025-11-16 15:57:00.619,2177,403612.41
2025-11-16 15:57:00.619,2178,365654.84
2025-11-16 15:57:00.619,2179,521823.06
2025-11-16 15:57:00.619,2180,460679.59
2025-11-16 15:57:00.619,2181,471757.34
2025-11-16 15:57:00.619,2182,450099.75
2025-11-16 15:57:00.619,2183,395419.56
2025-11-16 15:57:00.619,2184,379970.25
2025-11-16 15:57:00.619,2185,399475.0
2025-11-16 15:57:00.619,2186,460679.59
2025-11-16 15:57:00.619,2187,508356.06
2025-11-16 15:57:00.619,2188,407834.16
2025-11-16 15:57:00.619,2189,421032.91
2025-11-16 15:57:00.619,2190,387544.88
2025-11-16 15:57:00.619,2191,450099.75
2025-11-16 15:57:00.619,2192,233684.53
2025-11-16 15:57:00.619,2193,444986.13
2025-11-16 15:57:00.619,2194,460679.59
2025-11-16 15:57:00.619,2195,455329.53
2025-11-16 15:57:00.619,2196,403612.41
2025-11-16 15:57:00.619,2197,399475.0
2025-11-16 15:57:00.619,2198,460679.59
2025-11-16 15:57:00.619,2199,583498.19
2025-11-16 15:57:00.619,2200,583498.19
2025-11-16 15:57:00.619,2201,583498.19
2025-11-16 15:57:00.619,2202,471757.34
2025-11-16 15:57:00.619,2203,471757.34
2025-11-16 15:57:00.619,2204,157058.67
2025-11-16 15:57:00.619,2205,734602.25
2025-11-16 15:57:00.619,2206,112509.73
2025-11-16 15:57:00.619,2207,112509.73
2025-11-16 15:57:00.619,2208,228014.55
2025-11-16 15:57:00.619,2209,228014.55
2025-11-16 15:57:00.619,2210,228014.55
2025-11-16 15:57:00.619,2211,228014.55
2025-11-16 15:57:00.619,2212,228014.55
2025-11-16 15:57:00.619,2213,228014.55
2025-11-16 15:57:00.619,2214,228014.55
2025-11-16 15:57:00.619,2215,228014.55
2025-11-16 15:57:00.619,2216,228014.55
2025-11-16 15:57:00.619,2217,228014.55
2025-11-16 15:57:00.619,2218,228014.55
2025-11-16 15:57:00.619,2219,228014.55
2025-11-16 15:57:00.619,2220,228014.55
2025-11-16 15:57:00.619,2221,228014.55
2025-11-16 15:57:00.619,2222,228014.55
2025-11-16 15:57:00.619,2223,228014.55
2025-11-16 15:57:00.619,2224,228014.55
2025-11-16 15:57:00.619,2225,228014.55
2025-11-16 15:57:00.619,2226,228014.55
2025-11-16 15:57:00.619,2227,228014.55
2025-11-16 15:57:00.619,2228,228014.55
2025-11-16 15:57:00.619,2229,228014.55
2025-11-16 15:57:00.619,2230,228014.55
2025-11-16 15:57:00.619,2231,228014.55
2025-11-16 15:57:00.619,2232,228014.55
2025-11-16 15:57:00.619,2233,228014.55
2025-11-16 15:57:00.619,2234,228014.55
2025-11-16 15:57:00.619,2235,228014.55
2025-11-16 15:57:00.619,2236,228014.55
2025-11-16 15:57:00.619,2237,228014.55
2025-11-16 15:57:00.619,2238,228014.55
2025-11-16 15:57:00.619,2239,228014.55
2025-11-16 15:57:00.619,2240,228014.55
2025-11-16 15:57:00.619,2241,228014.55
2025-11-16 15:57:00.619,2242,228014.55
2025-11-16 15:57:00.619,2243,228014.55
2025-11-16 15:57:00.619,2244,228014.55
2025-11-16 15:57:00.619,2245,228014.55
2025-11-16 15:57:00.619,2246,228014.55
2025-11-16 15:57:00.619,2247,228014.55
2025-11-16 15:57:00.619,2248,228014.55
2025-11-16 15:57:00.619,2249,228014.55
2025-11-16 15:57:00.619,2250,228014.55
2025-11-16 15:57:00.619,2251,228014.55
2025-11-16 15:57:00.619,2252,228014.55
2025-11-16 15:57:00.619,2253,228014.55
2025-11-16 15:57:00.619,2254,228014.55
2025-11-16 15:57:00.619,2255,228014.55
2025-11-16 15:57:00.619,2256,228014.55
2025-11-16 15:57:00.619,2257,216173.34
2025-11-16 15:57:00.619,2258,229407.17
2025-11-16 15:57:00.619,2259,207747.34
2025-11-16 15:57:00.619,2260,216173.34
2025-11-16 15:57:00.619,2261,206594.58
2025-11-16 15:57:00.619,2262,193656.09
2025-11-16 15:57:00.619,2263,204325.27
2025-11-16 15:57:00.619,2264,193656.09
2025-11-16 15:57:00.619,2265,189679.88
2025-11-16 15:57:00.619,2266,204325.27
2025-11-16 15:57:00.619,2267,195704.14
2025-11-16 15:57:00.619,2268,208912.44
2025-11-16 15:57:00.619,2269,191648.39
2025-11-16 15:57:00.619,2270,183998.22
2025-11-16 15:57:00.619,2271,206594.58
2025-11-16 15:57:00.619,2272,193656.09
2025-11-16 15:57:00.619,2273,183998.22
2025-11-16 15:57:00.619,2274,207747.34
2025-11-16 15:57:00.619,2275,216173.34
2025-11-16 15:57:00.619,2276,223932.14
2025-11-16 15:57:00.619,2277,232241.86
2025-11-16 15:57:00.619,2278,218701.81
2025-11-16 15:57:00.619,2279,228014.55
2025-11-16 15:57:00.619,2280,196743.69
2025-11-16 15:57:00.619,2281,204325.27
2025-11-16 15:57:00.619,2282,235144.47
2025-11-16 15:57:00.619,2283,213700.14
2025-11-16 15:57:00.619,2284,208912.44
2025-11-16 15:57:00.619,2285,226638.0
2025-11-16 15:57:00.619,2286,195704.14
2025-11-16 15:57:00.619,2287,247485.06
2025-11-16 15:57:00.619,2288,112877.99
2025-11-16 15:57:00.619,2289,226638.0
2025-11-16 15:57:00.619,2290,230816.17
2025-11-16 15:57:00.619,2291,233684.53
2025-11-16 15:57:00.619,2292,205453.95
2025-11-16 15:57:00.619,2293,216173.34
2025-11-16 15:57:00.619,2294,223932.14
2025-11-16 15:57:00.619,2295,312394.69
2025-11-16 15:57:00.619,2296,293282.41
2025-11-16 15:57:00.619,2297,293282.41
2025-11-16 15:57:00.619,2298,216173.34
2025-11-16 15:57:00.619,2299,216173.34
2025-11-16 15:57:00.619,2300,57802.03
2025-11-16 15:57:00.619,2301,365654.84
2025-11-16 15:57:00.619,2302,56912.64
2025-11-16 15:57:00.619,2303,56912.64
