Timestamp,Sensor_ID,Resistance_Ohms
2025-11-16 15:57:34.587,0,26742.69
2025-11-16 15:57:34.587,1,34252.03
2025-11-16 15:57:34.587,2,36526.48
2025-11-16 15:57:34.587,3,36262.32
2025-11-16 15:57:34.587,4,36793.67
2025-11-16 15:57:34.587,5,37502.91
2025-11-16 15:57:34.587,6,36793.67
2025-11-16 15:57:34.587,7,36793.67
2025-11-16 15:57:34.587,8,36420.45
2025-11-16 15:57:34.587,9,36793.67
2025-11-16 15:57:34.587,10,37009.64
2025-11-16 15:57:34.587,11,36847.48
2025-11-16 15:57:34.587,12,37063.94
2025-11-16 15:57:34.587,13,37009.64
2025-11-16 15:57:34.587,14,38811.68
2025-11-16 15:57:34.587,15,36686.43
2025-11-16 15:57:34.587,16,39343.6
2025-11-16 15:57:34.587,17,39644.14
2025-11-16 15:57:34.587,18,39644.14
2025-11-16 15:57:34.587,19,40883.72
2025-11-16 15:57:34.587,20,41203.32
2025-11-16 15:57:34.587,21,42590.57
2025-11-16 15:57:34.587,22,37781.43
2025-11-16 15:57:34.587,23,41788.82
2025-11-16 15:57:34.587,24,38348.37
2025-11-16 15:57:34.587,25,39644.14
2025-11-16 15:57:34.587,26,42726.61
2025-11-16 15:57:34.587,27,40194.41
2025-11-16 15:57:34.587,28,40194.41
2025-11-16 15:57:34.587,29,40505.41
2025-11-16 15:57:34.587,30,40132.67
2025-11-16 15:57:34.587,31,43417.48
2025-11-16 15:57:34.587,32,78725.33
2025-11-16 15:57:34.587,33,39887.21
2025-11-16 15:57:34.587,34,42186.62
2025-11-16 15:57:34.587,35,41526.96
2025-11-16 15:57:34.587,36,40256.3
2025-11-16 15:57:34.587,37,40256.3
2025-11-16 15:57:34.587,38,46061.56
2025-11-16 15:57:34.587,39,53378.87
2025-11-16 15:57:34.587,40,182175.47
2025-11-16 15:57:34.587,41,51284.3
2025-11-16 15:57:34.587,42,39765.37
2025-11-16 15:57:34.587,43,39765.37
2025-11-16 15:57:34.587,44,57802.03
2025-11-16 15:57:34.587,45,104608.9
2025-11-16 15:57:34.587,46,52987.48
2025-11-16 15:57:34.587,47,52987.48
2025-11-16 15:57:34.587,48,129194.73
2025-11-16 15:57:34.587,49,143859.97
2025-11-16 15:57:34.587,50,153062.25
2025-11-16 15:57:34.587,51,153715.0
2025-11-16 15:57:34.587,52,165668.98
2025-11-16 15:57:34.587,53,156379.06
2025-11-16 15:57:34.587,54,158434.67
2025-11-16 15:57:34.587,55,145026.52
2025-11-16 15:57:34.587,56,158434.67
2025-11-16 15:57:34.587,57,154372.98
2025-11-16 15:57:34.587,58,146809.88
2025-11-16 15:57:34.587,59,145026.52
2025-11-16 15:57:34.587,60,153062.25
2025-11-16 15:57:34.587,61,138820.45
2025-11-16 15:57:34.587,62,157058.67
2025-11-16 15:57:34.587,63,147413.47
2025-11-16 15:57:34.587,64,141018.91
2025-11-16 15:57:34.587,65,155704.97
2025-11-16 15:57:34.587,66,153062.25
2025-11-16 15:57:34.587,67,154372.98
2025-11-16 15:57:34.587,68,161255.75
2025-11-16 15:57:34.587,69,164917.73
2025-11-16 15:57:34.587,70,147413.47
2025-11-16 15:57:34.587,71,161255.75
2025-11-16 15:57:34.587,72,146210.88
2025-11-16 15:57:34.587,73,155036.28
2025-11-16 15:57:34.587,74,154372.98
2025-11-16 15:57:34.587,75,158434.67
2025-11-16 15:57:34.587,76,153062.25
2025-11-16 15:57:34.587,77,146809.88
2025-11-16 15:57:34.587,78,153715.0
2025-11-16 15:57:34.587,79,166426.73
2025-11-16 15:57:34.587,80,226638.0
2025-11-16 15:57:34.587,81,154372.98
2025-11-16 15:57:34.587,82,163434.33
2025-11-16 15:57:34.587,83,157743.84
2025-11-16 15:57:34.587,84,153062.25
2025-11-16 15:57:34.587,85,154372.98
2025-11-16 15:57:34.587,86,175214.38
2025-11-16 15:57:34.587,87,191648.39
2025-11-16 15:57:34.587,88,528822.38
2025-11-16 15:57:34.587,89,164172.88
2025-11-16 15:57:34.587,90,155704.97
2025-11-16 15:57:34.587,91,155704.97
2025-11-16 15:57:34.587,92,107238.9
2025-11-16 15:57:34.587,93,164172.88
2025-11-16 15:57:34.587,94,143283.25
2025-11-16 15:57:34.587,95,143283.25
2025-11-16 15:57:34.587,96,70346.52
2025-11-16 15:57:34.587,97,73127.03
2025-11-16 15:57:34.587,98,74854.26
2025-11-16 15:57:34.587,99,73809.42
2025-11-16 15:57:34.587,100,74678.3
2025-11-16 15:57:34.587,101,74678.3
2025-11-16 15:57:34.587,102,70983.91
2025-11-16 15:57:34.587,103,74678.3
2025-11-16 15:57:34.587,104,73981.77
2025-11-16 15:57:34.587,105,72958.16
2025-11-16 15:57:34.587,106,74328.61
2025-11-16 15:57:34.587,107,76838.91
2025-11-16 15:57:34.587,108,76106.58
2025-11-16 15:57:34.587,109,74328.61
2025-11-16 15:57:34.587,110,73466.84
2025-11-16 15:57:34.587,111,70663.95
2025-11-16 15:57:34.587,112,64756.17
2025-11-16 15:57:34.587,113,76838.91
2025-11-16 15:57:34.587,114,77961.02
2025-11-16 15:57:34.587,115,74154.84
2025-11-16 15:57:34.587,116,81713.57
2025-11-16 15:57:34.587,117,82544.69
2025-11-16 15:57:34.587,118,73637.78
2025-11-16 15:57:34.587,119,79896.98
2025-11-16 15:57:34.587,120,75925.42
2025-11-16 15:57:34.587,121,77396.36
2025-11-16 15:57:34.587,122,76654.66
2025-11-16 15:57:34.587,123,78918.48
2025-11-16 15:57:34.587,124,78725.33
2025-11-16 15:57:34.587,125,77961.02
2025-11-16 15:57:34.587,126,78341.52
2025-11-16 15:57:34.587,127,86025.24
2025-11-16 15:57:34.587,128,133594.3
2025-11-16 15:57:34.587,129,79503.01
2025-11-16 15:57:34.587,130,83819.96
2025-11-16 15:57:34.587,131,82335.49
2025-11-16 15:57:34.587,132,79896.98
2025-11-16 15:57:34.587,133,81713.57
2025-11-16 15:57:34.587,134,90513.82
2025-11-16 15:57:34.587,135,103337.61
2025-11-16 15:57:34.587,136,334076.69
2025-11-16 15:57:34.587,137,78725.33
2025-11-16 15:57:34.587,138,79112.48
2025-11-16 15:57:34.587,139,79112.48
2025-11-16 15:57:34.587,140,89534.38
2025-11-16 15:57:34.587,141,153062.25
2025-11-16 15:57:34.587,142,95170.63
2025-11-16 15:57:34.587,143,95170.63
2025-11-16 15:57:34.587,144,42726.61
2025-11-16 15:57:34.587,145,43983.32
2025-11-16 15:57:34.587,146,43417.48
2025-11-16 15:57:34.587,147,43840.75
2025-11-16 15:57:34.587,148,43698.91
2025-11-16 15:57:34.587,149,43983.32
2025-11-16 15:57:34.587,150,43557.83
2025-11-16 15:57:34.587,151,44561.25
2025-11-16 15:57:34.587,152,44415.61
2025-11-16 15:57:34.587,153,43628.29
2025-11-16 15:57:34.587,154,43983.32
2025-11-16 15:57:34.587,155,44126.66
2025-11-16 15:57:34.587,156,43698.91
2025-11-16 15:57:34.587,157,43557.83
2025-11-16 15:57:34.587,158,43840.75
2025-11-16 15:57:34.587,159,43840.75
2025-11-16 15:57:34.587,160,34012.93
2025-11-16 15:57:34.587,161,42794.9
2025-11-16 15:57:34.587,162,44707.67
2025-11-16 15:57:34.587,163,40256.3
2025-11-16 15:57:34.587,164,47322.41
2025-11-16 15:57:34.587,165,48725.57
2025-11-16 15:57:34.587,166,42590.57
2025-11-16 15:57:34.587,167,48980.34
2025-11-16 15:57:34.587,168,44270.75
2025-11-16 15:57:34.587,169,45984.59
2025-11-16 15:57:34.587,170,45151.65
2025-11-16 15:57:34.587,171,45754.95
2025-11-16 15:57:34.587,172,44707.67
2025-11-16 15:57:34.587,173,44198.61
2025-11-16 15:57:34.587,174,46527.84
2025-11-16 15:57:34.587,175,50199.01
2025-11-16 15:57:34.587,176,85575.93
2025-11-16 15:57:34.587,177,45754.95
2025-11-16 15:57:34.587,178,49583.45
2025-11-16 15:57:34.587,179,48473.0
2025-11-16 15:57:34.587,180,45907.83
2025-11-16 15:57:34.587,181,46371.55
2025-11-16 15:57:34.587,182,53576.4
2025-11-16 15:57:34.587,183,60495.69
2025-11-16 15:57:34.587,184,204325.27
2025-11-16 15:57:34.587,185,50199.01
2025-11-16 15:57:34.587,186,44707.67
2025-11-16 15:57:34.587,187,44707.67
2025-11-16 15:57:34.587,188,58028.08
2025-11-16 15:57:34.587,189,99687.32
2025-11-16 15:57:34.587,190,57802.03
2025-11-16 15:57:34.587,191,57802.03
2025-11-16 15:57:34.587,192,28119.63
2025-11-16 15:57:34.587,193,28119.63
2025-11-16 15:57:34.587,194,27247.26
2025-11-16 15:57:34.587,195,27765.84
2025-11-16 15:57:34.587,196,27213.2
2025-11-16 15:57:34.587,197,27349.84
2025-11-16 15:57:34.587,198,27384.16
2025-11-16 15:57:34.587,199,27111.36
2025-11-16 15:57:34.587,200,27077.54
2025-11-16 15:57:34.587,201,26942.87
2025-11-16 15:57:34.587,202,27247.26
2025-11-16 15:57:34.587,203,27111.36
2025-11-16 15:57:34.587,204,27145.25
2025-11-16 15:57:34.587,205,27077.54
2025-11-16 15:57:34.587,206,27941.91
2025-11-16 15:57:34.587,207,27145.25
2025-11-16 15:57:34.587,208,21651.57
2025-11-16 15:57:34.587,209,27591.39
2025-11-16 15:57:34.587,210,27247.26
2025-11-16 15:57:34.587,211,20834.94
2025-11-16 15:57:34.587,212,30031.86
2025-11-16 15:57:34.587,213,30590.71
2025-11-16 15:57:34.587,214,23894.93
2025-11-16 15:57:34.587,215,30309.35
2025-11-16 15:57:34.587,216,27247.26
2025-11-16 15:57:34.587,217,28847.41
2025-11-16 15:57:34.587,218,28847.41
2025-11-16 15:57:34.587,219,28958.97
2025-11-16 15:57:34.587,220,28847.41
2025-11-16 15:57:34.587,221,27626.15
2025-11-16 15:57:34.587,222,28921.71
2025-11-16 15:57:34.587,223,32058.32
2025-11-16 15:57:34.587,224,58369.98
2025-11-16 15:57:34.587,225,28736.48
2025-11-16 15:57:34.587,226,31713.61
2025-11-16 15:57:34.587,227,30712.49
2025-11-16 15:57:34.587,228,29146.33
2025-11-16 15:57:34.587,229,29297.52
2025-11-16 15:57:34.587,230,34060.55
2025-11-16 15:57:34.587,231,39644.14
2025-11-16 15:57:34.587,232,135640.13
2025-11-16 15:57:34.587,233,35949.24
2025-11-16 15:57:34.587,234,28773.39
2025-11-16 15:57:34.587,235,28773.39
2025-11-16 15:57:34.587,236,41854.7
2025-11-16 15:57:34.587,237,76654.66
2025-11-16 15:57:34.587,238,39523.48
2025-11-16 15:57:34.587,239,39523.48
2025-11-16 15:57:34.587,240,20788.21
2025-11-16 15:57:34.587,241,20625.75
2025-11-16 15:57:34.587,242,19904.33
2025-11-16 15:57:34.587,243,20103.78
2025-11-16 15:57:34.587,244,19599.24
2025-11-16 15:57:34.587,245,19948.42
2025-11-16 15:57:34.587,246,19751.0
2025-11-16 15:57:34.587,247,19926.36
2025-11-16 15:57:34.587,248,19729.22
2025-11-16 15:57:34.587,249,19794.65
2025-11-16 15:57:34.587,250,19534.67
2025-11-16 15:57:34.587,251,19816.52
2025-11-16 15:57:34.587,252,19926.36
2025-11-16 15:57:34.587,253,20081.49
2025-11-16 15:57:34.587,254,20975.98
2025-11-16 15:57:34.587,255,19926.36
2025-11-16 15:57:34.587,256,20126.11
2025-11-16 15:57:34.587,257,21406.95
2025-11-16 15:57:34.587,258,20928.83
2025-11-16 15:57:34.587,259,19449.01
2025-11-16 15:57:34.587,260,22880.64
2025-11-16 15:57:34.587,261,23642.52
2025-11-16 15:57:34.587,262,20059.23
2025-11-16 15:57:34.587,263,23754.24
2025-11-16 15:57:34.587,264,20811.56
2025-11-16 15:57:34.587,265,22101.59
2025-11-16 15:57:34.587,266,23866.7
2025-11-16 15:57:34.587,267,22101.59
2025-11-16 15:57:34.587,268,22203.33
2025-11-16 15:57:34.587,269,22305.72
2025-11-16 15:57:34.587,270,22434.62
2025-11-16 15:57:34.587,271,24498.84
2025-11-16 15:57:34.587,272,47403.09
2025-11-16 15:57:34.587,273,22126.97
2025-11-16 15:57:34.587,274,24036.8
2025-11-16 15:57:34.587,275,23339.05
2025-11-16 15:57:34.587,276,22774.6
2025-11-16 15:57:34.587,277,22616.81
2025-11-16 15:57:34.587,278,26544.65
2025-11-16 15:57:34.587,279,31206.99
2025-11-16 15:57:34.587,280,104608.9
2025-11-16 15:57:34.587,281,29071.17
2025-11-16 15:57:34.587,282,22076.26
2025-11-16 15:57:34.587,283,22076.26
2025-11-16 15:57:34.587,284,35845.82
2025-11-16 15:57:34.587,285,68192.39
2025-11-16 15:57:34.587,286,32855.06
2025-11-16 15:57:34.587,287,32855.06
2025-11-16 15:57:34.587,288,16317.87
2025-11-16 15:57:34.587,289,16455.14
2025-11-16 15:57:34.587,290,15363.49
2025-11-16 15:57:34.587,291,15815.47
2025-11-16 15:57:34.587,292,15205.86
2025-11-16 15:57:34.587,293,15427.09
2025-11-16 15:57:34.587,294,15268.68
2025-11-16 15:57:34.587,295,15363.49
2025-11-16 15:57:34.587,296,15379.36
2025-11-16 15:57:34.587,297,15363.49
2025-11-16 15:57:34.587,298,15411.16
2025-11-16 15:57:34.587,299,15331.81
2025-11-16 15:57:34.587,300,15619.82
2025-11-16 15:57:34.587,301,15491.01
2025-11-16 15:57:34.587,302,16929.16
2025-11-16 15:57:34.587,303,15749.92
2025-11-16 15:57:34.587,304,17795.93
2025-11-16 15:57:34.587,305,17720.0
2025-11-16 15:57:34.587,306,17588.13
2025-11-16 15:57:34.587,307,18740.4
2025-11-16 15:57:34.587,308,18418.55
2025-11-16 15:57:34.587,309,18822.0
2025-11-16 15:57:34.587,310,16403.5
2025-11-16 15:57:34.587,311,19090.4
2025-11-16 15:57:34.587,312,16769.29
2025-11-16 15:57:34.587,313,17606.89
2025-11-16 15:57:34.587,314,19534.67
2025-11-16 15:57:34.587,315,17720.0
2025-11-16 15:57:34.587,316,17776.91
2025-11-16 15:57:34.587,317,18084.37
2025-11-16 15:57:34.587,318,17814.97
2025-11-16 15:57:34.587,319,19427.67
2025-11-16 15:57:34.587,320,40194.41
2025-11-16 15:57:34.587,321,17550.68
2025-11-16 15:57:34.587,322,19028.03
2025-11-16 15:57:34.587,323,18478.35
2025-11-16 15:57:34.587,324,18103.81
2025-11-16 15:57:34.587,325,18026.2
2025-11-16 15:57:34.587,326,21406.95
2025-11-16 15:57:34.587,327,25647.93
2025-11-16 15:57:34.587,328,91512.71
2025-11-16 15:57:34.587,329,25276.9
2025-11-16 15:57:34.587,330,17513.32
2025-11-16 15:57:34.587,331,17513.32
2025-11-16 15:57:34.587,332,30794.08
2025-11-16 15:57:34.587,333,59416.6
2025-11-16 15:57:34.587,334,27349.84
2025-11-16 15:57:34.587,335,27349.84
2025-11-16 15:57:34.587,336,14805.01
2025-11-16 15:57:34.587,337,14774.7
2025-11-16 15:57:34.587,338,13898.46
2025-11-16 15:57:34.587,339,14299.57
2025-11-16 15:57:34.587,340,13814.22
2025-11-16 15:57:34.587,341,13912.56
2025-11-16 15:57:34.587,342,13814.22
2025-11-16 15:57:34.587,343,13842.23
2025-11-16 15:57:34.587,344,13842.23
2025-11-16 15:57:34.587,345,13744.46
2025-11-16 15:57:34.587,346,13828.22
2025-11-16 15:57:34.587,347,13912.56
2025-11-16 15:57:34.587,348,13954.95
2025-11-16 15:57:34.587,349,13814.22
2025-11-16 15:57:34.587,350,15112.21
2025-11-16 15:57:34.587,351,14040.19
2025-11-16 15:57:34.587,352,15930.98
2025-11-16 15:57:34.587,353,15700.98
2025-11-16 15:57:34.587,354,15864.85
2025-11-16 15:57:34.587,355,17163.47
2025-11-16 15:57:34.587,356,16663.75
2025-11-16 15:57:34.587,357,17236.39
2025-11-16 15:57:34.587,358,14835.39
2025-11-16 15:57:34.587,359,17199.88
2025-11-16 15:57:34.587,360,15019.26
2025-11-16 15:57:34.587,361,15848.37
2025-11-16 15:57:34.587,362,17795.93
2025-11-16 15:57:34.587,363,15523.09
2025-11-16 15:57:34.587,364,15914.42
2025-11-16 15:57:34.587,365,16047.52
2025-11-16 15:57:34.587,366,16081.01
2025-11-16 15:57:34.587,367,17757.91
2025-11-16 15:57:34.587,368,37009.64
2025-11-16 15:57:34.587,369,15766.28
2025-11-16 15:57:34.587,370,17272.99
2025-11-16 15:57:34.587,371,16751.64
2025-11-16 15:57:34.587,372,16182.0
2025-11-16 15:57:34.587,373,16148.25
2025-11-16 15:57:34.587,374,19237.01
2025-11-16 15:57:34.587,375,23148.76
2025-11-16 15:57:34.587,376,82127.26
2025-11-16 15:57:34.587,377,23257.23
2025-11-16 15:57:34.587,378,15555.25
2025-11-16 15:57:34.587,379,15555.25
2025-11-16 15:57:34.587,380,28335.09
2025-11-16 15:57:34.587,381,58255.64
2025-11-16 15:57:34.587,382,25154.93
2025-11-16 15:57:34.587,383,25154.93
2025-11-16 15:57:34.587,384,14416.64
2025-11-16 15:57:34.587,385,14416.64
2025-11-16 15:57:34.587,386,13455.89
2025-11-16 15:57:34.587,387,13842.23
2025-11-16 15:57:34.587,388,13401.71
2025-11-16 15:57:34.587,389,13510.31
2025-11-16 15:57:34.587,390,13374.71
2025-11-16 15:57:34.587,391,13334.34
2025-11-16 15:57:34.587,392,13320.91
2025-11-16 15:57:34.587,393,13254.0
2025-11-16 15:57:34.587,394,13455.89
2025-11-16 15:57:34.587,395,13483.07
2025-11-16 15:57:34.587,396,13483.07
2025-11-16 15:57:34.587,397,13401.71
2025-11-16 15:57:34.587,398,14654.19
2025-11-16 15:57:34.587,399,13455.89
2025-11-16 15:57:34.587,400,15684.7
2025-11-16 15:57:34.587,401,15237.23
2025-11-16 15:57:34.587,402,15587.49
2025-11-16 15:57:34.587,403,16875.66
2025-11-16 15:57:34.587,404,16249.76
2025-11-16 15:57:34.587,405,16964.95
2025-11-16 15:57:34.587,406,14534.84
2025-11-16 15:57:34.587,407,16875.66
2025-11-16 15:57:34.587,408,14926.99
2025-11-16 15:57:34.587,409,15587.49
2025-11-16 15:57:34.587,410,17550.68
2025-11-16 15:57:34.587,411,15603.64
2025-11-16 15:57:34.587,412,15684.7
2025-11-16 15:57:34.587,413,16114.59
2025-11-16 15:57:34.587,414,15848.37
2025-11-16 15:57:34.587,415,17272.99
2025-11-16 15:57:34.587,416,36262.32
2025-11-16 15:57:34.587,417,15571.36
2025-11-16 15:57:34.587,418,16947.04
2025-11-16 15:57:34.587,419,16334.95
2025-11-16 15:57:34.587,420,15914.42
2025-11-16 15:57:34.587,421,15947.57
2025-11-16 15:57:34.587,422,19069.58
2025-11-16 15:57:34.587,423,22801.05
2025-11-16 15:57:34.587,424,76106.58
2025-11-16 15:57:34.587,425,23202.91
2025-11-16 15:57:34.587,426,15491.01
2025-11-16 15:57:34.587,427,15491.01
2025-11-16 15:57:34.587,428,28443.74
2025-11-16 15:57:34.587,429,58255.64
2025-11-16 15:57:34.587,430,25554.44
2025-11-16 15:57:34.587,431,25554.44
2025-11-16 15:57:34.587,432,14328.73
2025-11-16 15:57:34.587,433,14534.84
2025-11-16 15:57:34.587,434,13510.31
2025-11-16 15:57:34.587,435,13926.67
2025-11-16 15:57:34.587,436,13374.71
2025-11-16 15:57:34.587,437,13401.71
2025-11-16 15:57:34.587,438,13294.1
2025-11-16 15:57:34.587,439,13401.71
2025-11-16 15:57:34.587,440,13415.23
2025-11-16 15:57:34.587,441,13016.24
2025-11-16 15:57:34.587,442,13267.35
2025-11-16 15:57:34.587,443,13374.71
2025-11-16 15:57:34.587,444,13455.89
2025-11-16 15:57:34.587,445,13294.1
2025-11-16 15:57:34.587,446,14805.01
2025-11-16 15:57:34.587,447,13647.49
2025-11-16 15:57:34.587,448,15587.49
2025-11-16 15:57:34.587,449,15331.81
2025-11-16 15:57:34.587,450,15395.25
2025-11-16 15:57:34.587,451,16840.11
2025-11-16 15:57:34.587,452,16064.26
2025-11-16 15:57:34.587,453,16786.96
2025-11-16 15:57:34.587,454,14357.96
2025-11-16 15:57:34.587,455,16646.24
2025-11-16 15:57:34.587,456,14624.25
2025-11-16 15:57:34.587,457,15491.01
2025-11-16 15:57:34.587,458,17054.83
2025-11-16 15:57:34.587,459,15331.81
2025-11-16 15:57:34.587,460,15395.25
2025-11-16 15:57:34.587,461,15881.35
2025-11-16 15:57:34.587,462,15587.49
2025-11-16 15:57:34.587,463,17018.8
2025-11-16 15:57:34.587,464,36053.13
2025-11-16 15:57:34.587,465,15347.64
2025-11-16 15:57:34.587,466,16628.76
2025-11-16 15:57:34.587,467,16014.12
2025-11-16 15:57:34.587,468,15782.65
2025-11-16 15:57:34.587,469,15815.47
2025-11-16 15:57:34.587,470,18659.26
2025-11-16 15:57:34.587,471,22408.76
2025-11-16 15:57:34.587,472,73466.84
2025-11-16 15:57:34.587,473,22616.81
2025-11-16 15:57:34.587,474,15081.15
2025-11-16 15:57:34.587,475,15081.15
2025-11-16 15:57:34.587,476,27695.87
2025-11-16 15:57:34.587,477,57577.48
2025-11-16 15:57:34.587,478,24645.8
2025-11-16 15:57:34.587,479,24645.8
2025-11-16 15:57:34.587,480,14068.74
2025-11-16 15:57:34.587,481,14226.96
2025-11-16 15:57:34.587,482,13254.0
2025-11-16 15:57:34.587,483,13606.17
2025-11-16 15:57:34.587,484,12886.24
2025-11-16 15:57:34.587,485,13029.33
2025-11-16 15:57:34.587,486,13081.8
2025-11-16 15:57:34.587,487,13160.96
2025-11-16 15:57:34.587,488,13134.51
2025-11-16 15:57:34.587,489,13081.8
2025-11-16 15:57:34.587,490,13187.46
2025-11-16 15:57:34.587,491,13187.46
2025-11-16 15:57:34.587,492,13240.66
2025-11-16 15:57:34.587,493,13108.13
2025-11-16 15:57:34.587,494,14431.36
2025-11-16 15:57:34.587,495,13267.35
2025-11-16 15:57:34.587,496,15331.81
2025-11-16 15:57:34.587,497,15034.71
2025-11-16 15:57:34.587,498,15158.95
2025-11-16 15:57:34.587,499,16455.14
2025-11-16 15:57:34.587,500,15848.37
2025-11-16 15:57:34.587,501,16646.24
2025-11-16 15:57:34.587,502,14126.04
2025-11-16 15:57:34.587,503,16352.05
2025-11-16 15:57:34.587,504,14520.01
2025-11-16 15:57:34.587,505,15190.2
2025-11-16 15:57:34.587,506,16982.88
2025-11-16 15:57:34.587,507,15112.21
2025-11-16 15:57:34.587,508,15268.68
2025-11-16 15:57:34.587,509,15652.22
2025-11-16 15:57:34.587,510,15363.49
2025-11-16 15:57:34.587,511,16840.11
2025-11-16 15:57:34.587,512,34935.51
2025-11-16 15:57:34.587,513,15065.65
2025-11-16 15:57:34.587,514,16403.5
2025-11-16 15:57:34.587,515,15815.47
2025-11-16 15:57:34.587,516,15523.09
2025-11-16 15:57:34.587,517,15555.25
2025-11-16 15:57:34.587,518,18458.39
2025-11-16 15:57:34.587,519,22101.59
2025-11-16 15:57:34.587,520,74678.3
2025-11-16 15:57:34.587,521,22564.54
2025-11-16 15:57:34.587,522,14865.85
2025-11-16 15:57:34.587,523,14865.85
2025-11-16 15:57:34.587,524,26875.9
2025-11-16 15:57:34.587,525,57022.54
2025-11-16 15:57:34.587,526,24093.88
2025-11-16 15:57:34.587,527,24093.88
2025-11-16 15:57:34.587,528,14154.79
2025-11-16 15:57:34.587,529,14169.19
2025-11-16 15:57:34.587,530,13240.66
2025-11-16 15:57:34.587,531,13688.95
2025-11-16 15:57:34.587,532,13108.13
2025-11-16 15:57:34.587,533,13254.0
2025-11-16 15:57:34.587,534,13108.13
2025-11-16 15:57:34.587,535,13160.96
2025-11-16 15:57:34.587,536,13094.96
2025-11-16 15:57:34.587,537,13160.96
2025-11-16 15:57:34.587,538,13267.35
2025-11-16 15:57:34.587,539,13174.2
2025-11-16 15:57:34.587,540,13267.35
2025-11-16 15:57:34.587,541,13081.8
2025-11-16 15:57:34.587,542,14241.45
2025-11-16 15:57:34.587,543,13307.49
2025-11-16 15:57:34.587,544,15127.77
2025-11-16 15:57:34.587,545,15050.17
2025-11-16 15:57:34.587,546,15143.35
2025-11-16 15:57:34.587,547,16593.85
2025-11-16 15:57:34.587,548,15947.57
2025-11-16 15:57:34.587,549,16472.4
2025-11-16 15:57:34.587,550,14226.96
2025-11-16 15:57:34.587,551,16403.5
2025-11-16 15:57:34.587,552,14594.37
2025-11-16 15:57:34.587,553,15363.49
2025-11-16 15:57:34.587,554,17163.47
2025-11-16 15:57:34.587,555,15268.68
2025-11-16 15:57:34.587,556,15268.68
2025-11-16 15:57:34.587,557,15799.05
2025-11-16 15:57:34.587,558,15427.09
2025-11-16 15:57:34.587,559,16947.04
2025-11-16 15:57:34.587,560,35897.47
2025-11-16 15:57:34.587,561,15143.35
2025-11-16 15:57:34.587,562,16663.75
2025-11-16 15:57:34.587,563,15815.47
2025-11-16 15:57:34.587,564,15652.22
2025-11-16 15:57:34.587,565,15684.7
2025-11-16 15:57:34.587,566,18578.57
2025-11-16 15:57:34.587,567,22382.94
2025-11-16 15:57:34.587,568,75386.48
2025-11-16 15:57:34.587,569,22616.81
2025-11-16 15:57:34.587,570,15019.26
2025-11-16 15:57:34.587,571,15019.26
2025-11-16 15:57:34.587,572,27695.87
2025-11-16 15:57:34.587,573,57465.76
2025-11-16 15:57:34.587,574,24557.47
2025-11-16 15:57:34.587,575,24557.47
2025-11-16 15:57:34.587,576,14154.79
2025-11-16 15:57:34.587,577,14270.47
2025-11-16 15:57:34.587,578,13240.66
2025-11-16 15:57:34.587,579,13814.22
2025-11-16 15:57:34.587,580,13214.03
2025-11-16 15:57:34.587,581,13320.91
2025-11-16 15:57:34.587,582,13280.71
2025-11-16 15:57:34.587,583,13401.71
2025-11-16 15:57:34.587,584,13214.03
2025-11-16 15:57:34.587,585,13187.46
2025-11-16 15:57:34.587,586,13240.66
2025-11-16 15:57:34.587,587,13214.03
2025-11-16 15:57:34.587,588,13401.71
2025-11-16 15:57:34.587,589,13294.1
2025-11-16 15:57:34.587,590,14594.37
2025-11-16 15:57:34.587,591,13374.71
2025-11-16 15:57:34.587,592,15555.25
2025-11-16 15:57:34.587,593,15205.86
2025-11-16 15:57:34.587,594,15268.68
2025-11-16 15:57:34.587,595,16751.64
2025-11-16 15:57:34.587,596,16114.59
2025-11-16 15:57:34.587,597,16734.02
2025-11-16 15:57:34.587,598,13983.3
2025-11-16 15:57:34.587,599,16420.69
2025-11-16 15:57:34.587,600,14684.21
2025-11-16 15:57:34.587,601,15363.49
2025-11-16 15:57:34.587,602,17383.4
2025-11-16 15:57:34.587,603,15491.01
2025-11-16 15:57:34.587,604,15395.25
2025-11-16 15:57:34.587,605,15815.47
2025-11-16 15:57:34.587,606,15427.09
2025-11-16 15:57:34.587,607,16628.76
2025-11-16 15:57:34.587,608,36157.48
2025-11-16 15:57:34.587,609,15081.15
2025-11-16 15:57:34.587,610,16386.33
2025-11-16 15:57:34.587,611,15864.85
2025-11-16 15:57:34.587,612,15668.45
2025-11-16 15:57:34.587,613,15411.16
2025-11-16 15:57:34.587,614,18538.4
2025-11-16 15:57:34.587,615,22305.72
2025-11-16 15:57:34.587,616,75745.02
2025-11-16 15:57:34.587,617,22616.81
2025-11-16 15:57:34.587,618,15003.83
2025-11-16 15:57:34.587,619,15003.83
2025-11-16 15:57:34.587,620,27836.08
2025-11-16 15:57:34.587,621,57577.48
2025-11-16 15:57:34.587,622,24498.84
2025-11-16 15:57:34.587,623,24498.84
2025-11-16 15:57:34.587,624,14183.61
2025-11-16 15:57:34.587,625,14198.04
2025-11-16 15:57:34.587,626,13267.35
2025-11-16 15:57:34.587,627,13675.12
2025-11-16 15:57:34.587,628,13187.46
2025-11-16 15:57:34.587,629,13320.91
2025-11-16 15:57:34.587,630,13187.46
2025-11-16 15:57:34.587,631,13200.74
2025-11-16 15:57:34.587,632,13187.46
2025-11-16 15:57:34.587,633,13174.2
2025-11-16 15:57:34.587,634,13240.66
2025-11-16 15:57:34.587,635,13214.03
2025-11-16 15:57:34.587,636,13347.78
2025-11-16 15:57:34.587,637,13254.0
2025-11-16 15:57:34.587,638,14594.37
2025-11-16 15:57:34.587,639,13401.71
2025-11-16 15:57:34.587,640,15395.25
2025-11-16 15:57:34.587,641,15174.57
2025-11-16 15:57:34.587,642,15300.2
2025-11-16 15:57:34.587,643,16663.75
2025-11-16 15:57:34.587,644,16014.12
2025-11-16 15:57:34.587,645,16698.84
2025-11-16 15:57:34.587,646,14183.61
2025-11-16 15:57:34.587,647,16182.0
2025-11-16 15:57:34.587,648,14594.37
2025-11-16 15:57:34.587,649,15395.25
2025-11-16 15:57:34.587,650,17181.67
2025-11-16 15:57:34.587,651,15411.16
2025-11-16 15:57:34.587,652,15284.43
2025-11-16 15:57:34.587,653,15815.47
2025-11-16 15:57:34.587,654,15411.16
2025-11-16 15:57:34.587,655,16751.64
2025-11-16 15:57:34.587,656,35184.73
2025-11-16 15:57:34.587,657,15096.68
2025-11-16 15:57:34.587,658,16352.05
2025-11-16 15:57:34.587,659,15815.47
2025-11-16 15:57:34.587,660,15619.82
2025-11-16 15:57:34.587,661,15571.36
2025-11-16 15:57:34.587,662,18498.34
2025-11-16 15:57:34.587,663,22203.33
2025-11-16 15:57:34.587,664,73466.84
2025-11-16 15:57:34.587,665,22408.76
2025-11-16 15:57:34.587,666,15065.65
2025-11-16 15:57:34.587,667,15065.65
2025-11-16 15:57:34.587,668,27043.79
2025-11-16 15:57:34.587,669,56153.31
2025-11-16 15:57:34.587,670,24122.49
2025-11-16 15:57:34.587,671,24122.49
2025-11-16 15:57:34.587,672,13912.56
2025-11-16 15:57:34.587,673,14083.04
2025-11-16 15:57:34.587,674,13187.46
2025-11-16 15:57:34.587,675,13428.77
2025-11-16 15:57:34.587,676,13081.8
2025-11-16 15:57:34.587,677,13294.1
2025-11-16 15:57:34.587,678,13121.31
2025-11-16 15:57:34.587,679,13267.35
2025-11-16 15:57:34.587,680,13254.0
2025-11-16 15:57:34.587,681,13187.46
2025-11-16 15:57:34.587,682,13214.03
2025-11-16 15:57:34.587,683,13240.66
2025-11-16 15:57:34.587,684,13374.71
2025-11-16 15:57:34.587,685,13240.66
2025-11-16 15:57:34.587,686,14624.25
2025-11-16 15:57:34.587,687,13415.23
2025-11-16 15:57:34.587,688,15363.49
2025-11-16 15:57:34.587,689,15158.95
2025-11-16 15:57:34.587,690,15363.49
2025-11-16 15:57:34.587,691,16681.28
2025-11-16 15:57:34.587,692,16030.81
2025-11-16 15:57:34.587,693,16698.84
2025-11-16 15:57:34.587,694,14270.47
2025-11-16 15:57:34.587,695,16681.28
2025-11-16 15:57:34.587,696,14805.01
2025-11-16 15:57:34.587,697,15555.25
2025-11-16 15:57:34.587,698,17163.47
2025-11-16 15:57:34.587,699,15347.64
2025-11-16 15:57:34.587,700,15491.01
2025-11-16 15:57:34.587,701,15914.42
2025-11-16 15:57:34.587,702,15571.36
2025-11-16 15:57:34.587,703,17090.95
2025-11-16 15:57:34.587,704,35949.24
2025-11-16 15:57:34.587,705,15315.99
2025-11-16 15:57:34.587,706,16751.64
2025-11-16 15:57:34.587,707,16047.52
2025-11-16 15:57:34.587,708,15799.05
2025-11-16 15:57:34.587,709,15749.92
2025-11-16 15:57:34.587,710,18740.4
2025-11-16 15:57:34.587,711,22486.47
2025-11-16 15:57:34.587,712,79112.48
2025-11-16 15:57:34.587,713,22827.54
2025-11-16 15:57:34.587,714,15081.15
2025-11-16 15:57:34.587,715,15081.15
2025-11-16 15:57:34.587,716,27800.93
2025-11-16 15:57:34.587,717,57354.41
2025-11-16 15:57:34.587,718,24616.31
2025-11-16 15:57:34.587,719,24616.31
2025-11-16 15:57:34.587,720,14212.49
2025-11-16 15:57:34.587,721,14212.49
2025-11-16 15:57:34.587,722,13401.71
2025-11-16 15:57:34.587,723,13716.68
2025-11-16 15:57:34.587,724,13280.71
2025-11-16 15:57:34.587,725,13401.71
2025-11-16 15:57:34.587,726,13294.1
2025-11-16 15:57:34.587,727,13374.71
2025-11-16 15:57:34.587,728,13320.91
2025-11-16 15:57:34.587,729,13294.1
2025-11-16 15:57:34.587,730,13374.71
2025-11-16 15:57:34.587,731,13469.47
2025-11-16 15:57:34.587,732,13619.93
2025-11-16 15:57:34.587,733,13428.77
2025-11-16 15:57:34.587,734,14881.11
2025-11-16 15:57:34.587,735,13758.38
2025-11-16 15:57:34.587,736,15652.22
2025-11-16 15:57:34.587,737,15395.25
2025-11-16 15:57:34.587,738,15587.49
2025-11-16 15:57:34.587,739,16911.3
2025-11-16 15:57:34.587,740,16148.25
2025-11-16 15:57:34.587,741,17018.8
2025-11-16 15:57:34.587,742,14594.37
2025-11-16 15:57:34.587,743,16840.11
2025-11-16 15:57:34.587,744,14896.38
2025-11-16 15:57:34.587,745,15684.7
2025-11-16 15:57:34.587,746,17531.99
2025-11-16 15:57:34.587,747,15619.82
2025-11-16 15:57:34.587,748,15668.45
2025-11-16 15:57:34.587,749,16081.01
2025-11-16 15:57:34.587,750,15848.37
2025-11-16 15:57:34.587,751,17309.7
2025-11-16 15:57:34.587,752,36579.68
2025-11-16 15:57:34.587,753,15523.09
2025-11-16 15:57:34.587,754,16982.88
2025-11-16 15:57:34.587,755,16249.76
2025-11-16 15:57:34.587,756,15881.35
2025-11-16 15:57:34.587,757,15930.98
2025-11-16 15:57:34.587,758,18801.55
2025-11-16 15:57:34.587,759,22512.45
2025-11-16 15:57:34.587,760,79699.56
2025-11-16 15:57:34.587,761,22987.37
2025-11-16 15:57:34.587,762,15395.25
2025-11-16 15:57:34.587,763,15395.25
2025-11-16 15:57:34.587,764,28335.09
2025-11-16 15:57:34.587,765,58255.64
2025-11-16 15:57:34.587,766,24794.01
2025-11-16 15:57:34.587,767,24794.01
2025-11-16 15:57:34.587,768,14564.57
2025-11-16 15:57:34.587,769,14654.19
2025-11-16 15:57:34.587,770,13647.49
2025-11-16 15:57:34.587,771,13926.67
2025-11-16 15:57:34.587,772,13483.07
2025-11-16 15:57:34.587,773,13483.07
2025-11-16 15:57:34.587,774,13606.17
2025-11-16 15:57:34.587,775,13510.31
2025-11-16 15:57:34.587,776,13619.93
2025-11-16 15:57:34.587,777,13428.77
2025-11-16 15:57:34.587,778,13619.93
2025-11-16 15:57:34.587,779,13510.31
2025-11-16 15:57:34.587,780,13675.12
2025-11-16 15:57:34.587,781,13455.89
2025-11-16 15:57:34.587,782,14881.11
2025-11-16 15:57:34.587,783,13702.81
2025-11-16 15:57:34.587,784,15749.92
2025-11-16 15:57:34.587,785,15395.25
2025-11-16 15:57:34.587,786,15587.49
2025-11-16 15:57:34.587,787,16875.66
2025-11-16 15:57:34.587,788,16249.76
2025-11-16 15:57:34.587,789,16964.95
2025-11-16 15:57:34.587,790,14564.57
2025-11-16 15:57:34.587,791,16875.66
2025-11-16 15:57:34.587,792,14896.38
2025-11-16 15:57:34.587,793,15619.82
2025-11-16 15:57:34.587,794,17513.32
2025-11-16 15:57:34.587,795,15652.22
2025-11-16 15:57:34.587,796,15684.7
2025-11-16 15:57:34.587,797,16114.59
2025-11-16 15:57:34.587,798,15799.05
2025-11-16 15:57:34.587,799,17457.49
2025-11-16 15:57:34.587,800,36526.48
2025-11-16 15:57:34.587,801,15571.36
2025-11-16 15:57:34.587,802,16947.04
2025-11-16 15:57:34.587,803,16334.95
2025-11-16 15:57:34.587,804,16014.12
2025-11-16 15:57:34.587,805,16064.26
2025-11-16 15:57:34.587,806,18801.55
2025-11-16 15:57:34.587,807,22564.54
2025-11-16 15:57:34.587,808,75925.42
2025-11-16 15:57:34.587,809,23284.46
2025-11-16 15:57:34.587,810,15363.49
2025-11-16 15:57:34.587,811,15363.49
2025-11-16 15:57:34.587,812,27836.08
2025-11-16 15:57:34.587,813,56912.64
2025-11-16 15:57:34.587,814,24557.47
2025-11-16 15:57:34.587,815,24557.47
2025-11-16 15:57:34.587,816,14416.64
2025-11-16 15:57:34.587,817,14416.64
2025-11-16 15:57:34.587,818,13267.35
2025-11-16 15:57:34.587,819,13730.56
2025-11-16 15:57:34.587,820,13347.78
2025-11-16 15:57:34.587,821,13388.2
2025-11-16 15:57:34.587,822,13334.34
2025-11-16 15:57:34.587,823,13347.78
2025-11-16 15:57:34.587,824,13374.71
2025-11-16 15:57:34.587,825,13267.35
2025-11-16 15:57:34.587,826,13428.77
2025-11-16 15:57:34.587,827,13428.77
2025-11-16 15:57:34.587,828,13483.07
2025-11-16 15:57:34.587,829,13415.23
2025-11-16 15:57:34.587,830,14759.57
2025-11-16 15:57:34.587,831,13619.93
2025-11-16 15:57:34.587,832,15782.65
2025-11-16 15:57:34.587,833,15363.49
2025-11-16 15:57:34.587,834,15427.09
2025-11-16 15:57:34.587,835,16840.11
2025-11-16 15:57:34.587,836,16114.59
2025-11-16 15:57:34.587,837,16663.75
2025-11-16 15:57:34.587,838,14328.73
2025-11-16 15:57:34.587,839,16369.18
2025-11-16 15:57:34.587,840,14896.38
2025-11-16 15:57:34.587,841,15684.7
2025-11-16 15:57:34.587,842,17531.99
2025-11-16 15:57:34.587,843,15652.22
2025-11-16 15:57:34.587,844,15782.65
2025-11-16 15:57:34.587,845,16047.52
2025-11-16 15:57:34.587,846,15848.37
2025-11-16 15:57:34.587,847,17494.69
2025-11-16 15:57:34.587,848,36473.41
2025-11-16 15:57:34.587,849,15587.49
2025-11-16 15:57:34.587,850,16911.3
2025-11-16 15:57:34.587,851,16386.33
2025-11-16 15:57:34.587,852,15914.42
2025-11-16 15:57:34.587,853,15914.42
2025-11-16 15:57:34.587,854,19069.58
2025-11-16 15:57:34.587,855,22933.92
2025-11-16 15:57:34.587,856,75745.02
2025-11-16 15:57:34.587,857,23202.91
2025-11-16 15:57:34.587,858,15395.25
2025-11-16 15:57:34.587,859,15395.25
2025-11-16 15:57:34.587,860,28155.37
2025-11-16 15:57:34.587,861,57577.48
2025-11-16 15:57:34.587,862,25033.8
2025-11-16 15:57:34.587,863,25033.8
2025-11-16 15:57:34.587,864,14387.27
2025-11-16 15:57:34.587,865,14654.19
2025-11-16 15:57:34.587,866,13647.49
2025-11-16 15:57:34.587,867,13983.3
2025-11-16 15:57:34.587,868,13483.07
2025-11-16 15:57:34.587,869,13647.49
2025-11-16 15:57:34.587,870,13483.07
2025-11-16 15:57:34.587,871,13592.43
2025-11-16 15:57:34.587,872,13578.7
2025-11-16 15:57:34.587,873,13661.29
2025-11-16 15:57:34.587,874,13688.95
2025-11-16 15:57:34.587,875,13592.43
2025-11-16 15:57:34.587,876,13758.38
2025-11-16 15:57:34.587,877,13647.49
2025-11-16 15:57:34.587,878,14988.43
2025-11-16 15:57:34.587,879,13702.81
2025-11-16 15:57:34.587,880,15848.37
2025-11-16 15:57:34.587,881,15411.16
2025-11-16 15:57:34.587,882,15749.92
2025-11-16 15:57:34.587,883,17054.83
2025-11-16 15:57:34.587,884,16114.59
2025-11-16 15:57:34.587,885,16982.88
2025-11-16 15:57:34.587,886,14594.37
2025-11-16 15:57:34.587,887,16982.88
2025-11-16 15:57:34.587,888,15050.17
2025-11-16 15:57:34.587,889,15749.92
2025-11-16 15:57:34.587,890,17720.0
2025-11-16 15:57:34.587,891,15897.87
2025-11-16 15:57:34.587,892,15848.37
2025-11-16 15:57:34.587,893,16249.76
2025-11-16 15:57:34.587,894,16064.26
2025-11-16 15:57:34.587,895,17550.68
2025-11-16 15:57:34.587,896,36901.41
2025-11-16 15:57:34.587,897,15603.64
2025-11-16 15:57:34.587,898,17181.67
2025-11-16 15:57:34.587,899,16611.29
2025-11-16 15:57:34.587,900,16097.79
2025-11-16 15:57:34.587,901,16283.77
2025-11-16 15:57:34.587,902,19470.38
2025-11-16 15:57:34.587,903,23148.76
2025-11-16 15:57:34.587,904,75745.02
2025-11-16 15:57:34.587,905,23366.42
2025-11-16 15:57:34.587,906,15571.36
2025-11-16 15:57:34.587,907,15571.36
2025-11-16 15:57:34.587,908,28335.09
2025-11-16 15:57:34.587,909,57689.57
2025-11-16 15:57:34.587,910,25554.44
2025-11-16 15:57:34.587,911,25554.44
2025-11-16 15:57:34.587,912,15395.25
2025-11-16 15:57:34.587,913,15555.25
2025-11-16 15:57:34.587,914,14534.84
2025-11-16 15:57:34.587,915,14865.85
2025-11-16 15:57:34.587,916,14328.73
2025-11-16 15:57:34.587,917,14416.64
2025-11-16 15:57:34.587,918,14372.61
2025-11-16 15:57:34.587,919,14387.27
2025-11-16 15:57:34.587,920,14372.61
2025-11-16 15:57:34.587,921,14198.04
2025-11-16 15:57:34.587,922,14401.95
2025-11-16 15:57:34.587,923,14372.61
2025-11-16 15:57:34.587,924,14699.24
2025-11-16 15:57:34.587,925,14594.37
2025-11-16 15:57:34.587,926,15815.47
2025-11-16 15:57:34.587,927,14609.3
2025-11-16 15:57:34.587,928,16593.85
2025-11-16 15:57:34.587,929,16283.77
2025-11-16 15:57:34.587,930,16472.4
2025-11-16 15:57:34.587,931,17872.27
2025-11-16 15:57:34.587,932,17145.3
2025-11-16 15:57:34.587,933,18026.2
2025-11-16 15:57:34.587,934,15379.36
2025-11-16 15:57:34.587,935,17420.39
2025-11-16 15:57:34.587,936,15815.47
2025-11-16 15:57:34.587,937,16628.76
2025-11-16 15:57:34.587,938,18498.34
2025-11-16 15:57:34.587,939,16593.85
2025-11-16 15:57:34.587,940,16628.76
2025-11-16 15:57:34.587,941,17127.16
2025-11-16 15:57:34.587,942,16734.02
2025-11-16 15:57:34.587,943,18418.55
2025-11-16 15:57:34.587,944,38006.61
2025-11-16 15:57:34.587,945,16455.14
2025-11-16 15:57:34.587,946,17757.91
2025-11-16 15:57:34.587,947,17090.95
2025-11-16 15:57:34.587,948,17000.83
2025-11-16 15:57:34.587,949,16947.04
2025-11-16 15:57:34.587,950,20059.23
2025-11-16 15:57:34.587,951,24122.49
2025-11-16 15:57:34.587,952,79112.48
2025-11-16 15:57:34.587,953,24093.88
2025-11-16 15:57:34.587,954,16455.14
2025-11-16 15:57:34.587,955,16455.14
2025-11-16 15:57:34.587,956,29449.88
2025-11-16 15:57:34.587,957,58947.51
2025-11-16 15:57:34.587,958,25773.33
2025-11-16 15:57:34.587,959,25773.33
2025-11-16 15:57:34.587,960,31799.26
2025-11-16 15:57:34.587,961,31713.61
2025-11-16 15:57:34.587,962,29603.42
2025-11-16 15:57:34.587,963,30712.49
2025-11-16 15:57:34.587,964,29297.52
2025-11-16 15:57:34.587,965,30349.31
2025-11-16 15:57:34.587,966,30189.96
2025-11-16 15:57:34.587,967,30229.68
2025-11-16 15:57:34.587,968,29992.53
2025-11-16 15:57:34.587,969,29992.53
2025-11-16 15:57:34.587,970,30671.81
2025-11-16 15:57:34.587,971,29914.1
2025-11-16 15:57:34.587,972,29603.42
2025-11-16 15:57:34.587,973,29914.1
2025-11-16 15:57:34.587,974,30550.28
2025-11-16 15:57:34.587,975,30229.68
2025-11-16 15:57:34.587,976,32320.6
2025-11-16 15:57:34.587,977,31501.02
2025-11-16 15:57:34.587,978,29992.53
2025-11-16 15:57:34.587,979,32232.81
2025-11-16 15:57:34.587,980,30631.22
2025-11-16 15:57:34.587,981,31290.57
2025-11-16 15:57:34.587,982,30671.81
2025-11-16 15:57:34.587,983,31206.99
2025-11-16 15:57:34.587,984,28847.41
2025-11-16 15:57:34.587,985,31040.83
2025-11-16 15:57:34.587,986,31501.02
2025-11-16 15:57:34.587,987,25276.9
2025-11-16 15:57:34.587,988,32058.32
2025-11-16 15:57:34.587,989,31374.49
2025-11-16 15:57:34.587,990,32720.19
2025-11-16 15:57:34.587,991,36420.45
2025-11-16 15:57:34.587,992,65586.65
2025-11-16 15:57:34.587,993,32364.63
2025-11-16 15:57:34.587,994,33310.84
2025-11-16 15:57:34.587,995,31040.83
2025-11-16 15:57:34.587,996,33036.22
2025-11-16 15:57:34.587,997,33036.22
2025-11-16 15:57:34.587,998,37781.43
2025-11-16 15:57:34.587,999,42320.58
2025-11-16 15:57:34.587,1000,123295.2
2025-11-16 15:57:34.587,1001,45002.86
2025-11-16 15:57:34.587,1002,31713.61
2025-11-16 15:57:34.587,1003,31713.61
2025-11-16 15:57:34.587,1004,52218.99
2025-11-16 15:57:34.587,1005,96820.16
2025-11-16 15:57:34.587,1006,47161.71
2025-11-16 15:57:34.587,1007,47161.71
2025-11-16 15:57:34.587,1008,56693.92
2025-11-16 15:57:34.587,1009,56260.74
2025-11-16 15:57:34.587,1010,54787.84
2025-11-16 15:57:34.587,1011,55097.93
2025-11-16 15:57:34.587,1012,54378.94
2025-11-16 15:57:34.587,1013,56046.25
2025-11-16 15:57:34.587,1014,54787.84
2025-11-16 15:57:34.587,1015,55621.39
2025-11-16 15:57:34.587,1016,54685.13
2025-11-16 15:57:34.587,1017,54277.52
2025-11-16 15:57:34.587,1018,54994.24
2025-11-16 15:57:34.587,1019,54994.24
2025-11-16 15:57:34.587,1020,54378.94
2025-11-16 15:57:34.587,1021,54685.13
2025-11-16 15:57:34.587,1022,56046.25
2025-11-16 15:57:34.587,1023,54890.87
2025-11-16 15:57:34.587,1024,58484.71
2025-11-16 15:57:34.587,1025,56153.31
2025-11-16 15:57:34.587,1026,50021.84
2025-11-16 15:57:34.587,1027,56368.51
2025-11-16 15:57:34.587,1028,45077.16
2025-11-16 15:57:34.587,1029,49496.55
2025-11-16 15:57:34.587,1030,54075.63
2025-11-16 15:57:34.587,1031,44054.89
2025-11-16 15:57:34.587,1032,51100.71
2025-11-16 15:57:34.587,1033,55939.52
2025-11-16 15:57:34.587,1034,55201.96
2025-11-16 15:57:34.587,1035,51654.79
2025-11-16 15:57:34.587,1036,56046.25
2025-11-16 15:57:34.587,1037,57354.41
2025-11-16 15:57:34.587,1038,58831.23
2025-11-16 15:57:34.587,1039,65867.58
2025-11-16 15:57:34.587,1040,107238.9
2025-11-16 15:57:34.587,1041,52600.88
2025-11-16 15:57:34.587,1042,56046.25
2025-11-16 15:57:34.587,1043,53477.48
2025-11-16 15:57:34.587,1044,56693.92
2025-11-16 15:57:34.587,1045,56912.64
2025-11-16 15:57:34.587,1046,60617.66
2025-11-16 15:57:34.587,1047,56476.62
2025-11-16 15:57:34.587,1048,211280.41
2025-11-16 15:57:34.587,1049,79112.48
2025-11-16 15:57:34.587,1050,56260.74
2025-11-16 15:57:34.587,1051,56260.74
2025-11-16 15:57:34.587,1052,82965.91
2025-11-16 15:57:34.587,1053,150502.45
2025-11-16 15:57:34.587,1054,80095.27
2025-11-16 15:57:34.587,1055,80095.27
2025-11-16 15:57:34.587,1056,45602.89
2025-11-16 15:57:34.587,1057,44126.66
2025-11-16 15:57:34.587,1058,42726.61
2025-11-16 15:57:34.587,1059,41986.96
2025-11-16 15:57:34.587,1060,41592.18
2025-11-16 15:57:34.587,1061,42320.58
2025-11-16 15:57:34.587,1062,41526.96
2025-11-16 15:57:34.587,1063,42053.34
2025-11-16 15:57:34.587,1064,41592.18
2025-11-16 15:57:34.587,1065,41526.96
2025-11-16 15:57:34.587,1066,41920.75
2025-11-16 15:57:34.587,1067,42590.57
2025-11-16 15:57:34.587,1068,41920.75
2025-11-16 15:57:34.587,1069,40630.89
2025-11-16 15:57:34.587,1070,42726.61
2025-11-16 15:57:34.587,1071,41592.18
2025-11-16 15:57:34.587,1072,44707.67
2025-11-16 15:57:34.587,1073,43698.91
2025-11-16 15:57:34.587,1074,37781.43
2025-11-16 15:57:34.587,1075,44415.61
2025-11-16 15:57:34.587,1076,27836.08
2025-11-16 15:57:34.587,1077,29526.5
2025-11-16 15:57:34.587,1078,40693.86
2025-11-16 15:57:34.587,1079,37118.37
2025-11-16 15:57:34.587,1080,31713.61
2025-11-16 15:57:34.587,1081,38695.02
2025-11-16 15:57:34.587,1082,37558.35
2025-11-16 15:57:34.587,1083,36262.32
2025-11-16 15:57:34.587,1084,42053.34
2025-11-16 15:57:34.587,1085,41397.01
2025-11-16 15:57:34.587,1086,43277.87
2025-11-16 15:57:34.587,1087,48641.14
2025-11-16 15:57:34.587,1088,84035.92
2025-11-16 15:57:34.587,1089,42253.52
2025-11-16 15:57:34.587,1090,43698.91
2025-11-16 15:57:34.587,1091,41920.75
2025-11-16 15:57:34.587,1092,41854.7
2025-11-16 15:57:34.587,1093,41788.82
2025-11-16 15:57:34.587,1094,47161.71
2025-11-16 15:57:34.587,1095,50466.71
2025-11-16 15:57:34.587,1096,178630.77
2025-11-16 15:57:34.587,1097,59298.73
2025-11-16 15:57:34.587,1098,41526.96
2025-11-16 15:57:34.587,1099,41526.96
2025-11-16 15:57:34.587,1100,68342.44
2025-11-16 15:57:34.587,1101,127324.66
2025-11-16 15:57:34.587,1102,61608.8
2025-11-16 15:57:34.587,1103,61608.8
2025-11-16 15:57:34.587,1104,51654.79
2025-11-16 15:57:34.587,1105,51654.79
2025-11-16 15:57:34.587,1106,50199.01
2025-11-16 15:57:34.587,1107,50199.01
2025-11-16 15:57:34.587,1108,49758.04
2025-11-16 15:57:34.587,1109,50287.98
2025-11-16 15:57:34.587,1110,49670.62
2025-11-16 15:57:34.587,1111,48641.14
2025-11-16 15:57:34.587,1112,48810.25
2025-11-16 15:57:34.587,1113,48139.58
2025-11-16 15:57:34.587,1114,49151.41
2025-11-16 15:57:34.587,1115,48980.34
2025-11-16 15:57:34.587,1116,49496.55
2025-11-16 15:57:34.587,1117,49065.75
2025-11-16 15:57:34.587,1118,49583.45
2025-11-16 15:57:34.587,1119,47484.0
2025-11-16 15:57:34.587,1120,50918.22
2025-11-16 15:57:34.587,1121,50377.22
2025-11-16 15:57:34.587,1122,43769.74
2025-11-16 15:57:34.587,1123,48980.34
2025-11-16 15:57:34.587,1124,48389.29
2025-11-16 15:57:34.587,1125,48389.29
2025-11-16 15:57:34.587,1126,49237.32
2025-11-16 15:57:34.587,1127,48305.81
2025-11-16 15:57:34.587,1128,42863.36
2025-11-16 15:57:34.587,1129,49151.41
2025-11-16 15:57:34.587,1130,46216.13
2025-11-16 15:57:34.587,1131,45451.66
2025-11-16 15:57:34.587,1132,46138.74
2025-11-16 15:57:34.587,1133,45301.25
2025-11-16 15:57:34.587,1134,48556.95
2025-11-16 15:57:34.587,1135,57577.48
2025-11-16 15:57:34.587,1136,91765.55
2025-11-16 15:57:34.587,1137,47322.41
2025-11-16 15:57:34.587,1138,48139.58
2025-11-16 15:57:34.587,1139,46843.01
2025-11-16 15:57:34.587,1140,49583.45
2025-11-16 15:57:34.587,1141,48895.18
2025-11-16 15:57:34.587,1142,54176.42
2025-11-16 15:57:34.587,1143,61483.39
2025-11-16 15:57:34.587,1144,204325.27
2025-11-16 15:57:34.587,1145,70188.73
2025-11-16 15:57:34.587,1146,48473.0
2025-11-16 15:57:34.587,1147,48473.0
2025-11-16 15:57:34.587,1148,80294.42
2025-11-16 15:57:34.587,1149,142142.66
2025-11-16 15:57:34.587,1150,71631.49
2025-11-16 15:57:34.587,1151,71631.49
2025-11-16 15:57:34.587,1152,92531.65
2025-11-16 15:57:34.587,1153,92019.64
2025-11-16 15:57:34.587,1154,87167.16
2025-11-16 15:57:34.587,1155,85130.81
2025-11-16 15:57:34.587,1156,88573.8
2025-11-16 15:57:34.587,1157,92019.64
2025-11-16 15:57:34.587,1158,89534.38
2025-11-16 15:57:34.587,1159,91010.8
2025-11-16 15:57:34.587,1160,90267.15
2025-11-16 15:57:34.587,1161,88812.2
2025-11-16 15:57:34.587,1162,89534.38
2025-11-16 15:57:34.587,1163,89534.38
2025-11-16 15:57:34.587,1164,91010.8
2025-11-16 15:57:34.587,1165,93048.8
2025-11-16 15:57:34.587,1166,89534.38
2025-11-16 15:57:34.587,1167,90021.7
2025-11-16 15:57:34.587,1168,94098.91
2025-11-16 15:57:34.587,1169,90267.15
2025-11-16 15:57:34.587,1170,88812.2
2025-11-16 15:57:34.587,1171,99101.66
2025-11-16 15:57:34.587,1172,93048.8
2025-11-16 15:57:34.587,1173,95170.63
2025-11-16 15:57:34.587,1174,92019.64
2025-11-16 15:57:34.587,1175,92789.56
2025-11-16 15:57:34.587,1176,86707.14
2025-11-16 15:57:34.587,1177,94632.04
2025-11-16 15:57:34.587,1178,91512.71
2025-11-16 15:57:34.587,1179,90513.82
2025-11-16 15:57:34.587,1180,79699.56
2025-11-16 15:57:34.587,1181,91512.71
2025-11-16 15:57:34.587,1182,83604.98
2025-11-16 15:57:34.587,1183,103652.78
2025-11-16 15:57:34.587,1184,161255.75
2025-11-16 15:57:34.587,1185,84909.8
2025-11-16 15:57:34.587,1186,86251.47
2025-11-16 15:57:34.587,1187,86707.14
2025-11-16 15:57:34.587,1188,81508.11
2025-11-16 15:57:34.587,1189,78725.33
2025-11-16 15:57:34.587,1190,84689.81
2025-11-16 15:57:34.587,1191,97948.88
2025-11-16 15:57:34.587,1192,352352.88
2025-11-16 15:57:34.587,1193,125056.52
2025-11-16 15:57:34.587,1194,75745.02
2025-11-16 15:57:34.587,1195,75745.02
2025-11-16 15:57:34.587,1196,135640.13
2025-11-16 15:57:34.587,1197,238117.42
2025-11-16 15:57:34.587,1198,126408.34
2025-11-16 15:57:34.587,1199,126408.34
2025-11-16 15:57:34.587,1200,988899.38
2025-11-16 15:57:34.587,1201,900097.25
2025-11-16 15:57:34.587,1202,942433.13
2025-11-16 15:57:34.587,1203,861364.44
2025-11-16 15:57:34.587,1204,762705.19
2025-11-16 15:57:34.587,1205,880309.75
2025-11-16 15:57:34.587,1206,640033.69
2025-11-16 15:57:34.587,1207,777567.38
2025-11-16 15:57:34.587,1208,793012.25
2025-11-16 15:57:34.587,1209,900097.25
2025-11-16 15:57:34.587,1210,777567.38
2025-11-16 15:57:34.587,1211,793012.25
2025-11-16 15:57:34.587,1212,988899.38
2025-11-16 15:57:34.587,1213,900097.25
2025-11-16 15:57:34.587,1214,825793.38
2025-11-16 15:57:34.587,1215,708471.5
2025-11-16 15:57:34.587,1216,942433.13
2025-11-16 15:57:34.587,1217,942433.13
2025-11-16 15:57:34.587,1218,762705.19
2025-11-16 15:57:34.587,1219,900097.25
2025-11-16 15:57:34.587,1220,900097.25
2025-11-16 15:57:34.587,1221,942433.13
2025-11-16 15:57:34.587,1222,672541.69
2025-11-16 15:57:34.587,1223,988899.38
2025-11-16 15:57:34.587,1224,793012.25
2025-11-16 15:57:34.587,1225,762705.19
2025-11-16 15:57:34.587,1226,762705.19
2025-11-16 15:57:34.587,1227,880309.75
2025-11-16 15:57:34.587,1228,861364.44
2025-11-16 15:57:34.587,1229,988899.38
2025-11-16 15:57:34.587,1230,988899.38
2025-11-16 15:57:34.587,1231,988899.38
2025-11-16 15:57:34.587,1232,942433.13
2025-11-16 15:57:34.587,1233,942433.13
2025-11-16 15:57:34.587,1234,942433.13
2025-11-16 15:57:34.587,1235,861364.44
2025-11-16 15:57:34.587,1236,861364.44
2025-11-16 15:57:34.587,1237,942433.13
2025-11-16 15:57:34.587,1238,861364.44
2025-11-16 15:57:34.587,1239,965113.19
2025-11-16 15:57:34.587,1240,965113.19
2025-11-16 15:57:34.587,1241,965113.19
2025-11-16 15:57:34.587,1242,988899.38
2025-11-16 15:57:34.587,1243,988899.38
2025-11-16 15:57:34.587,1244,988899.38
2025-11-16 15:57:34.587,1245,988899.38
2025-11-16 15:57:34.587,1246,988899.38
2025-11-16 15:57:34.587,1247,988899.38
2025-11-16 15:57:34.587,1248,197793.8
2025-11-16 15:57:34.587,1249,190659.31
2025-11-16 15:57:34.587,1250,189679.88
2025-11-16 15:57:34.587,1251,191648.39
2025-11-16 15:57:34.587,1252,189679.88
2025-11-16 15:57:34.587,1253,191648.39
2025-11-16 15:57:34.587,1254,189679.88
2025-11-16 15:57:34.587,1255,189679.88
2025-11-16 15:57:34.587,1256,193656.09
2025-11-16 15:57:34.587,1257,180386.63
2025-11-16 15:57:34.587,1258,189679.88
2025-11-16 15:57:34.587,1259,189679.88
2025-11-16 15:57:34.587,1260,187749.41
2025-11-16 15:57:34.587,1261,189679.88
2025-11-16 15:57:34.587,1262,184922.63
2025-11-16 15:57:34.587,1263,191648.39
2025-11-16 15:57:34.587,1264,194675.0
2025-11-16 15:57:34.587,1265,175214.38
2025-11-16 15:57:34.587,1266,176906.95
2025-11-16 15:57:34.587,1267,189679.88
2025-11-16 15:57:34.587,1268,195704.14
2025-11-16 15:57:34.587,1269,180386.63
2025-11-16 15:57:34.587,1270,191648.39
2025-11-16 15:57:34.587,1271,182175.47
2025-11-16 15:57:34.587,1272,184922.63
2025-11-16 15:57:34.587,1273,188709.95
2025-11-16 15:57:34.587,1274,204325.27
2025-11-16 15:57:34.587,1275,190659.31
2025-11-16 15:57:34.587,1276,190659.31
2025-11-16 15:57:34.587,1277,193656.09
2025-11-16 15:57:34.587,1278,184922.63
2025-11-16 15:57:34.587,1279,217430.56
2025-11-16 15:57:34.587,1280,295546.66
2025-11-16 15:57:34.587,1281,169524.13
2025-11-16 15:57:34.587,1282,193656.09
2025-11-16 15:57:34.587,1283,189679.88
2025-11-16 15:57:34.587,1284,191648.39
2025-11-16 15:57:34.587,1285,178630.77
2025-11-16 15:57:34.587,1286,208912.44
2025-11-16 15:57:34.587,1287,236622.0
2025-11-16 15:57:34.587,1288,661350.38
2025-11-16 15:57:34.587,1289,238117.42
2025-11-16 15:57:34.587,1290,182175.47
2025-11-16 15:57:34.587,1291,182175.47
2025-11-16 15:57:34.587,1292,235144.47
2025-11-16 15:57:34.587,1293,450099.75
2025-11-16 15:57:34.587,1294,226638.0
2025-11-16 15:57:34.587,1295,226638.0
2025-11-16 15:57:34.587,1296,57577.48
2025-11-16 15:57:34.587,1297,56585.1
2025-11-16 15:57:34.587,1298,56693.92
2025-11-16 15:57:34.587,1299,55939.52
2025-11-16 15:57:34.587,1300,54787.84
2025-11-16 15:57:34.587,1301,55201.96
2025-11-16 15:57:34.587,1302,54685.13
2025-11-16 15:57:34.587,1303,55621.39
2025-11-16 15:57:34.587,1304,56260.74
2025-11-16 15:57:34.587,1305,54378.94
2025-11-16 15:57:34.587,1306,55201.96
2025-11-16 15:57:34.587,1307,56260.74
2025-11-16 15:57:34.587,1308,56046.25
2025-11-16 15:57:34.587,1309,55833.13
2025-11-16 15:57:34.587,1310,54582.74
2025-11-16 15:57:34.587,1311,56260.74
2025-11-16 15:57:34.587,1312,57802.03
2025-11-16 15:57:34.587,1313,55833.13
2025-11-16 15:57:34.587,1314,55201.96
2025-11-16 15:57:34.587,1315,61860.94
2025-11-16 15:57:34.587,1316,58255.64
2025-11-16 15:57:34.587,1317,59653.54
2025-11-16 15:57:34.587,1318,56912.64
2025-11-16 15:57:34.587,1319,58255.64
2025-11-16 15:57:34.587,1320,53182.58
2025-11-16 15:57:34.587,1321,58255.64
2025-11-16 15:57:34.587,1322,54787.84
2025-11-16 15:57:34.587,1323,58028.08
2025-11-16 15:57:34.587,1324,50199.01
2025-11-16 15:57:34.587,1325,55833.13
2025-11-16 15:57:34.587,1326,50556.48
2025-11-16 15:57:34.587,1327,64077.9
2025-11-16 15:57:34.587,1328,94632.04
2025-11-16 15:57:34.587,1329,51841.71
2025-11-16 15:57:34.587,1330,58255.64
2025-11-16 15:57:34.587,1331,57802.03
2025-11-16 15:57:34.587,1332,49845.72
2025-11-16 15:57:34.587,1333,48810.25
2025-11-16 15:57:34.587,1334,50827.38
2025-11-16 15:57:34.587,1335,71468.63
2025-11-16 15:57:34.587,1336,195704.14
2025-11-16 15:57:34.587,1337,81508.11
2025-11-16 15:57:34.587,1338,52793.59
2025-11-16 15:57:34.587,1339,52793.59
2025-11-16 15:57:34.587,1340,87398.81
2025-11-16 15:57:34.587,1341,155704.97
2025-11-16 15:57:34.587,1342,78725.33
2025-11-16 15:57:34.587,1343,78725.33
2025-11-16 15:57:34.587,1344,31501.02
2025-11-16 15:57:34.587,1345,31206.99
2025-11-16 15:57:34.587,1346,30349.31
2025-11-16 15:57:34.587,1347,30229.68
2025-11-16 15:57:34.587,1348,30071.27
2025-11-16 15:57:34.587,1349,30389.34
2025-11-16 15:57:34.587,1350,30150.32
2025-11-16 15:57:34.587,1351,30071.27
2025-11-16 15:57:34.587,1352,29526.5
2025-11-16 15:57:34.587,1353,29526.5
2025-11-16 15:57:34.587,1354,30071.27
2025-11-16 15:57:34.587,1355,30071.27
2025-11-16 15:57:34.587,1356,30189.96
2025-11-16 15:57:34.587,1357,30071.27
2025-11-16 15:57:34.587,1358,30835.0
2025-11-16 15:57:34.587,1359,30150.32
2025-11-16 15:57:34.587,1360,32276.66
2025-11-16 15:57:34.587,1361,31248.74
2025-11-16 15:57:34.587,1362,31458.76
2025-11-16 15:57:34.587,1363,34348.4
2025-11-16 15:57:34.587,1364,32945.45
2025-11-16 15:57:34.587,1365,34012.93
2025-11-16 15:57:34.587,1366,31248.74
2025-11-16 15:57:34.587,1367,33776.39
2025-11-16 15:57:34.587,1368,30999.5
2025-11-16 15:57:34.587,1369,32945.45
2025-11-16 15:57:34.587,1370,34060.55
2025-11-16 15:57:34.587,1371,32364.63
2025-11-16 15:57:34.587,1372,30309.35
2025-11-16 15:57:34.587,1373,32945.45
2025-11-16 15:57:34.587,1374,29603.42
2025-11-16 15:57:34.587,1375,34640.03
2025-11-16 15:57:34.587,1376,60374.14
2025-11-16 15:57:34.587,1377,29914.1
2025-11-16 15:57:34.587,1378,32855.06
2025-11-16 15:57:34.587,1379,32855.06
2025-11-16 15:57:34.587,1380,30150.32
2025-11-16 15:57:34.587,1381,29526.5
2025-11-16 15:57:34.587,1382,31885.26
2025-11-16 15:57:34.587,1383,42186.62
2025-11-16 15:57:34.587,1384,129670.22
2025-11-16 15:57:34.587,1385,44781.16
2025-11-16 15:57:34.587,1386,30349.31
2025-11-16 15:57:34.587,1387,30349.31
2025-11-16 15:57:34.587,1388,50377.22
2025-11-16 15:57:34.587,1389,93571.2
2025-11-16 15:57:34.587,1390,45002.86
2025-11-16 15:57:34.587,1391,45002.86
2025-11-16 15:57:34.587,1392,33776.39
2025-11-16 15:57:34.587,1393,33588.98
2025-11-16 15:57:34.587,1394,32675.42
2025-11-16 15:57:34.587,1395,31458.76
2025-11-16 15:57:34.587,1396,31501.02
2025-11-16 15:57:34.587,1397,32364.63
2025-11-16 15:57:34.587,1398,32145.38
2025-11-16 15:57:34.587,1399,32320.6
2025-11-16 15:57:34.587,1400,32145.38
2025-11-16 15:57:34.587,1401,31628.31
2025-11-16 15:57:34.587,1402,32276.66
2025-11-16 15:57:34.587,1403,32408.75
2025-11-16 15:57:34.587,1404,32586.16
2025-11-16 15:57:34.587,1405,32189.05
2025-11-16 15:57:34.587,1406,33036.22
2025-11-16 15:57:34.587,1407,32058.32
2025-11-16 15:57:34.587,1408,34542.39
2025-11-16 15:57:34.587,1409,32945.45
2025-11-16 15:57:34.587,1410,34060.55
2025-11-16 15:57:34.587,1411,37392.4
2025-11-16 15:57:34.587,1412,36001.13
2025-11-16 15:57:34.587,1413,36473.41
2025-11-16 15:57:34.587,1414,32855.06
2025-11-16 15:57:34.587,1415,36686.43
2025-11-16 15:57:34.587,1416,33682.49
2025-11-16 15:57:34.587,1417,35184.73
2025-11-16 15:57:34.587,1418,37447.59
2025-11-16 15:57:34.587,1419,34396.74
2025-11-16 15:57:34.587,1420,33682.49
2025-11-16 15:57:34.587,1421,35794.29
2025-11-16 15:57:34.587,1422,33682.49
2025-11-16 15:57:34.587,1423,38006.61
2025-11-16 15:57:34.587,1424,66723.02
2025-11-16 15:57:34.587,1425,33729.39
2025-11-16 15:57:34.587,1426,36793.67
2025-11-16 15:57:34.587,1427,35742.86
2025-11-16 15:57:34.587,1428,34108.26
2025-11-16 15:57:34.587,1429,34348.4
2025-11-16 15:57:34.587,1430,37893.76
2025-11-16 15:57:34.587,1431,46371.55
2025-11-16 15:57:34.587,1432,139364.05
2025-11-16 15:57:34.587,1433,48641.14
2025-11-16 15:57:34.587,1434,34348.4
2025-11-16 15:57:34.587,1435,34348.4
2025-11-16 15:57:34.587,1436,54685.13
2025-11-16 15:57:34.587,1437,101787.58
2025-11-16 15:57:34.587,1438,48810.25
2025-11-16 15:57:34.587,1439,48810.25
2025-11-16 15:57:34.587,1440,38811.68
2025-11-16 15:57:34.587,1441,38006.61
2025-11-16 15:57:34.587,1442,37725.46
2025-11-16 15:57:34.587,1443,37725.46
2025-11-16 15:57:34.587,1444,37447.59
2025-11-16 15:57:34.587,1445,37558.35
2025-11-16 15:57:34.587,1446,37118.37
2025-11-16 15:57:34.587,1447,37669.63
2025-11-16 15:57:34.587,1448,37725.46
2025-11-16 15:57:34.587,1449,37392.4
2025-11-16 15:57:34.587,1450,37781.43
2025-11-16 15:57:34.587,1451,37781.43
2025-11-16 15:57:34.587,1452,37893.76
2025-11-16 15:57:34.587,1453,37781.43
2025-11-16 15:57:34.587,1454,37009.64
2025-11-16 15:57:34.587,1455,37613.93
2025-11-16 15:57:34.587,1456,39343.6
2025-11-16 15:57:34.587,1457,37950.12
2025-11-16 15:57:34.587,1458,37725.46
2025-11-16 15:57:34.587,1459,42658.5
2025-11-16 15:57:34.587,1460,41592.18
2025-11-16 15:57:34.587,1461,42320.58
2025-11-16 15:57:34.587,1462,39224.4
2025-11-16 15:57:34.587,1463,42455.23
2025-11-16 15:57:34.587,1464,39224.4
2025-11-16 15:57:34.587,1465,41526.96
2025-11-16 15:57:34.587,1466,42455.23
2025-11-16 15:57:34.587,1467,40630.89
2025-11-16 15:57:34.587,1468,37227.6
2025-11-16 15:57:34.587,1469,41139.08
2025-11-16 15:57:34.587,1470,36793.67
2025-11-16 15:57:34.587,1471,44561.25
2025-11-16 15:57:34.587,1472,71306.41
2025-11-16 15:57:34.587,1473,36793.67
2025-11-16 15:57:34.587,1474,41657.55
2025-11-16 15:57:34.587,1475,41723.1
2025-11-16 15:57:34.587,1476,35949.24
2025-11-16 15:57:34.587,1477,35897.47
2025-11-16 15:57:34.587,1478,30429.46
2025-11-16 15:57:34.587,1479,51654.79
2025-11-16 15:57:34.587,1480,161255.75
2025-11-16 15:57:34.587,1481,55621.39
2025-11-16 15:57:34.587,1482,37669.63
2025-11-16 15:57:34.587,1483,37669.63
2025-11-16 15:57:34.587,1484,60374.14
2025-11-16 15:57:34.587,1485,114373.48
2025-11-16 15:57:34.587,1486,54277.52
2025-11-16 15:57:34.587,1487,54277.52
2025-11-16 15:57:34.587,1488,31290.57
2025-11-16 15:57:34.587,1489,30794.08
2025-11-16 15:57:34.587,1490,29992.53
2025-11-16 15:57:34.587,1491,29297.52
2025-11-16 15:57:34.587,1492,29071.17
2025-11-16 15:57:34.587,1493,29564.92
2025-11-16 15:57:34.587,1494,29411.68
2025-11-16 15:57:34.587,1495,29564.92
2025-11-16 15:57:34.587,1496,30189.96
2025-11-16 15:57:34.587,1497,28996.3
2025-11-16 15:57:34.587,1498,29221.78
2025-11-16 15:57:34.587,1499,29914.1
2025-11-16 15:57:34.587,1500,29992.53
2025-11-16 15:57:34.587,1501,30071.27
2025-11-16 15:57:34.587,1502,29914.1
2025-11-16 15:57:34.587,1503,30229.68
2025-11-16 15:57:34.587,1504,31628.31
2025-11-16 15:57:34.587,1505,30550.28
2025-11-16 15:57:34.587,1506,30071.27
2025-11-16 15:57:34.587,1507,34348.4
2025-11-16 15:57:34.587,1508,33588.98
2025-11-16 15:57:34.587,1509,33870.7
2025-11-16 15:57:34.587,1510,31290.57
2025-11-16 15:57:34.587,1511,34300.16
2025-11-16 15:57:34.587,1512,31248.74
2025-11-16 15:57:34.587,1513,32675.42
2025-11-16 15:57:34.587,1514,34591.16
2025-11-16 15:57:34.587,1515,32675.42
2025-11-16 15:57:34.587,1516,30876.0
2025-11-16 15:57:34.587,1517,33127.38
2025-11-16 15:57:34.587,1518,30835.0
2025-11-16 15:57:34.587,1519,35335.6
2025-11-16 15:57:34.587,1520,61987.67
2025-11-16 15:57:34.587,1521,30958.25
2025-11-16 15:57:34.587,1522,34300.16
2025-11-16 15:57:34.587,1523,33495.87
2025-11-16 15:57:34.587,1524,31248.74
2025-11-16 15:57:34.587,1525,30958.25
2025-11-16 15:57:34.587,1526,34689.0
2025-11-16 15:57:34.587,1527,43277.87
2025-11-16 15:57:34.587,1528,136160.72
2025-11-16 15:57:34.587,1529,45002.86
2025-11-16 15:57:34.587,1530,31374.49
2025-11-16 15:57:34.587,1531,31374.49
2025-11-16 15:57:34.587,1532,50466.71
2025-11-16 15:57:34.587,1533,94632.04
2025-11-16 15:57:34.587,1534,45151.65
2025-11-16 15:57:34.587,1535,45151.65
2025-11-16 15:57:34.587,1536,25554.44
2025-11-16 15:57:34.587,1537,25554.44
2025-11-16 15:57:34.587,1538,25554.44
2025-11-16 15:57:34.587,1539,25554.44
2025-11-16 15:57:34.587,1540,25554.44
2025-11-16 15:57:34.587,1541,25554.44
2025-11-16 15:57:34.587,1542,25554.44
2025-11-16 15:57:34.587,1543,25554.44
2025-11-16 15:57:34.587,1544,25554.44
2025-11-16 15:57:34.587,1545,25554.44
2025-11-16 15:57:34.587,1546,25554.44
2025-11-16 15:57:34.587,1547,25554.44
2025-11-16 15:57:34.587,1548,25554.44
2025-11-16 15:57:34.587,1549,25554.44
2025-11-16 15:57:34.587,1550,25554.44
2025-11-16 15:57:34.587,1551,25554.44
2025-11-16 15:57:34.587,1552,25554.44
2025-11-16 15:57:34.587,1553,25554.44
2025-11-16 15:57:34.587,1554,25554.44
2025-11-16 15:57:34.587,1555,25554.44
2025-11-16 15:57:34.587,1556,25554.44
2025-11-16 15:57:34.587,1557,25554.44
2025-11-16 15:57:34.587,1558,25554.44
2025-11-16 15:57:34.587,1559,25554.44
2025-11-16 15:57:34.587,1560,25554.44
2025-11-16 15:57:34.587,1561,25554.44
2025-11-16 15:57:34.587,1562,25554.44
2025-11-16 15:57:34.587,1563,25554.44
2025-11-16 15:57:34.587,1564,25554.44
2025-11-16 15:57:34.587,1565,25554.44
2025-11-16 15:57:34.587,1566,25554.44
2025-11-16 15:57:34.587,1567,25554.44
2025-11-16 15:57:34.587,1568,25554.44
2025-11-16 15:57:34.587,1569,25554.44
2025-11-16 15:57:34.587,1570,25554.44
2025-11-16 15:57:34.587,1571,25554.44
2025-11-16 15:57:34.587,1572,25554.44
2025-11-16 15:57:34.587,1573,25554.44
2025-11-16 15:57:34.587,1574,25554.44
2025-11-16 15:57:34.587,1575,25554.44
2025-11-16 15:57:34.587,1576,25554.44
2025-11-16 15:57:34.587,1577,25554.44
2025-11-16 15:57:34.587,1578,25554.44
2025-11-16 15:57:34.587,1579,25554.44
2025-11-16 15:57:34.587,1580,25554.44
2025-11-16 15:57:34.587,1581,25554.44
2025-11-16 15:57:34.587,1582,25554.44
2025-11-16 15:57:34.587,1583,25554.44
2025-11-16 15:57:34.587,1584,25554.44
2025-11-16 15:57:34.587,1585,25124.57
2025-11-16 15:57:34.587,1586,24557.47
2025-11-16 15:57:34.587,1587,24122.49
2025-11-16 15:57:34.587,1588,24324.12
2025-11-16 15:57:34.587,1589,24324.12
2025-11-16 15:57:34.587,1590,24353.12
2025-11-16 15:57:34.587,1591,24557.47
2025-11-16 15:57:34.587,1592,24469.6
2025-11-16 15:57:34.587,1593,24208.61
2025-11-16 15:57:34.587,1594,24557.47
2025-11-16 15:57:34.587,1595,24266.27
2025-11-16 15:57:34.587,1596,24586.87
2025-11-16 15:57:34.587,1597,24557.47
2025-11-16 15:57:34.587,1598,24324.12
2025-11-16 15:57:34.587,1599,24704.93
2025-11-16 15:57:34.587,1600,25154.93
2025-11-16 15:57:34.587,1601,24498.84
2025-11-16 15:57:34.587,1602,24093.88
2025-11-16 15:57:34.587,1603,27765.84
2025-11-16 15:57:34.587,1604,27349.84
2025-11-16 15:57:34.587,1605,27660.98
2025-11-16 15:57:34.587,1606,25246.33
2025-11-16 15:57:34.587,1607,27765.84
2025-11-16 15:57:34.587,1608,25710.52
2025-11-16 15:57:34.587,1609,26875.9
2025-11-16 15:57:34.587,1610,28736.48
2025-11-16 15:57:34.587,1611,26742.69
2025-11-16 15:57:34.587,1612,25033.8
2025-11-16 15:57:34.587,1613,26742.69
2025-11-16 15:57:34.587,1614,25094.26
2025-11-16 15:57:34.587,1615,29564.92
2025-11-16 15:57:34.587,1616,50377.22
2025-11-16 15:57:34.587,1617,24734.57
2025-11-16 15:57:34.587,1618,27977.33
2025-11-16 15:57:34.587,1619,27626.15
2025-11-16 15:57:34.587,1620,24853.65
2025-11-16 15:57:34.587,1621,25523.39
2025-11-16 15:57:34.587,1622,28371.24
2025-11-16 15:57:34.587,1623,36262.32
2025-11-16 15:57:34.587,1624,113621.23
2025-11-16 15:57:34.587,1625,37613.93
2025-11-16 15:57:34.587,1626,25804.82
2025-11-16 15:57:34.587,1627,25804.82
2025-11-16 15:57:34.587,1628,42053.34
2025-11-16 15:57:34.587,1629,79896.98
2025-11-16 15:57:34.587,1630,37669.63
2025-11-16 15:57:34.587,1631,37669.63
2025-11-16 15:57:34.587,1632,24208.61
2025-11-16 15:57:34.587,1633,23339.05
2025-11-16 15:57:34.587,1634,23202.91
2025-11-16 15:57:34.587,1635,22774.6
2025-11-16 15:57:34.587,1636,23040.99
2025-11-16 15:57:34.587,1637,23230.05
2025-11-16 15:57:34.587,1638,22590.65
2025-11-16 15:57:34.587,1639,22933.92
2025-11-16 15:57:34.587,1640,22960.62
2025-11-16 15:57:34.587,1641,23014.16
2025-11-16 15:57:34.587,1642,23339.05
2025-11-16 15:57:34.587,1643,23202.91
2025-11-16 15:57:34.587,1644,23175.81
2025-11-16 15:57:34.587,1645,22987.37
2025-11-16 15:57:34.587,1646,21553.27
2025-11-16 15:57:34.587,1647,23202.91
2025-11-16 15:57:34.587,1648,23040.99
2025-11-16 15:57:34.587,1649,22305.72
2025-11-16 15:57:34.587,1650,22827.54
2025-11-16 15:57:34.587,1651,26154.89
2025-11-16 15:57:34.587,1652,25710.52
2025-11-16 15:57:34.587,1653,26187.06
2025-11-16 15:57:34.587,1654,24208.61
2025-11-16 15:57:34.587,1655,26283.89
2025-11-16 15:57:34.587,1656,24036.8
2025-11-16 15:57:34.587,1657,25523.39
2025-11-16 15:57:34.587,1658,26154.89
2025-11-16 15:57:34.587,1659,25094.26
2025-11-16 15:57:34.587,1660,19069.58
2025-11-16 15:57:34.587,1661,24973.54
2025-11-16 15:57:34.587,1662,17438.93
2025-11-16 15:57:34.587,1663,27010.09
2025-11-16 15:57:34.587,1664,44126.66
2025-11-16 15:57:34.587,1665,17606.89
2025-11-16 15:57:34.587,1666,25276.9
2025-11-16 15:57:34.587,1667,25033.8
2025-11-16 15:57:34.587,1668,17054.83
2025-11-16 15:57:34.587,1669,19838.42
2025-11-16 15:57:34.587,1670,24151.15
2025-11-16 15:57:34.587,1671,31756.39
2025-11-16 15:57:34.587,1672,93048.8
2025-11-16 15:57:34.587,1673,35134.67
2025-11-16 15:57:34.587,1674,20928.83
2025-11-16 15:57:34.587,1675,20928.83
2025-11-16 15:57:34.587,1676,39403.42
2025-11-16 15:57:34.587,1677,79503.01
2025-11-16 15:57:34.587,1678,34640.03
2025-11-16 15:57:34.587,1679,34640.03
2025-11-16 15:57:34.587,1680,35134.67
2025-11-16 15:57:34.587,1681,34493.74
2025-11-16 15:57:34.587,1682,34060.55
2025-11-16 15:57:34.587,1683,33036.22
2025-11-16 15:57:34.587,1684,33682.49
2025-11-16 15:57:34.587,1685,34060.55
2025-11-16 15:57:34.587,1686,33682.49
2025-11-16 15:57:34.587,1687,34640.03
2025-11-16 15:57:34.587,1688,34108.26
2025-11-16 15:57:34.587,1689,33495.87
2025-11-16 15:57:34.587,1690,33588.98
2025-11-16 15:57:34.587,1691,33495.87
2025-11-16 15:57:34.587,1692,33588.98
2025-11-16 15:57:34.587,1693,34156.08
2025-11-16 15:57:34.587,1694,28810.36
2025-11-16 15:57:34.587,1695,33776.39
2025-11-16 15:57:34.587,1696,33588.98
2025-11-16 15:57:34.587,1697,31543.36
2025-11-16 15:57:34.587,1698,33635.68
2025-11-16 15:57:34.587,1699,37725.46
2025-11-16 15:57:34.587,1700,37009.64
2025-11-16 15:57:34.587,1701,37502.91
2025-11-16 15:57:34.587,1702,34445.18
2025-11-16 15:57:34.587,1703,37725.46
2025-11-16 15:57:34.587,1704,34445.18
2025-11-16 15:57:34.587,1705,36579.68
2025-11-16 15:57:34.587,1706,37558.35
2025-11-16 15:57:34.587,1707,36579.68
2025-11-16 15:57:34.587,1708,31585.79
2025-11-16 15:57:34.587,1709,36579.68
2025-11-16 15:57:34.587,1710,31123.74
2025-11-16 15:57:34.587,1711,39523.48
2025-11-16 15:57:34.587,1712,56693.92
2025-11-16 15:57:34.587,1713,31501.02
2025-11-16 15:57:34.587,1714,37063.94
2025-11-16 15:57:34.587,1715,36793.67
2025-11-16 15:57:34.587,1716,29071.17
2025-11-16 15:57:34.587,1717,31756.39
2025-11-16 15:57:34.587,1718,36157.48
2025-11-16 15:57:34.587,1719,46138.74
2025-11-16 15:57:34.587,1720,121579.19
2025-11-16 15:57:34.587,1721,48980.34
2025-11-16 15:57:34.587,1722,33036.22
2025-11-16 15:57:34.587,1723,33036.22
2025-11-16 15:57:34.587,1724,51935.61
2025-11-16 15:57:34.587,1725,105581.22
2025-11-16 15:57:34.587,1726,46293.73
2025-11-16 15:57:34.587,1727,46293.73
2025-11-16 15:57:34.587,1728,25994.93
2025-11-16 15:57:34.587,1729,25064.0
2025-11-16 15:57:34.587,1730,24823.81
2025-11-16 15:57:34.587,1731,24616.31
2025-11-16 15:57:34.587,1732,24586.87
2025-11-16 15:57:34.587,1733,24764.27
2025-11-16 15:57:34.587,1734,24586.87
2025-11-16 15:57:34.587,1735,24734.57
2025-11-16 15:57:34.587,1736,24734.57
2025-11-16 15:57:34.587,1737,24675.34
2025-11-16 15:57:34.587,1738,24823.81
2025-11-16 15:57:34.587,1739,25003.64
2025-11-16 15:57:34.587,1740,23866.7
2025-11-16 15:57:34.587,1741,24764.27
2025-11-16 15:57:34.587,1742,21750.49
2025-11-16 15:57:34.587,1743,24675.34
2025-11-16 15:57:34.587,1744,24498.84
2025-11-16 15:57:34.587,1745,23148.76
2025-11-16 15:57:34.587,1746,23421.27
2025-11-16 15:57:34.587,1747,27556.69
2025-11-16 15:57:34.587,1748,27384.16
2025-11-16 15:57:34.587,1749,27626.15
2025-11-16 15:57:34.587,1750,25773.33
2025-11-16 15:57:34.587,1751,27941.91
2025-11-16 15:57:34.587,1752,25215.81
2025-11-16 15:57:34.587,1753,26742.69
2025-11-16 15:57:34.587,1754,26842.51
2025-11-16 15:57:34.587,1755,26090.74
2025-11-16 15:57:34.587,1756,18822.0
2025-11-16 15:57:34.587,1757,26283.89
2025-11-16 15:57:34.587,1758,20373.88
2025-11-16 15:57:34.587,1759,28996.3
2025-11-16 15:57:34.587,1760,45754.95
2025-11-16 15:57:34.587,1761,21950.17
2025-11-16 15:57:34.587,1762,26809.18
2025-11-16 15:57:34.587,1763,26742.69
2025-11-16 15:57:34.587,1764,21094.51
2025-11-16 15:57:34.587,1765,20999.62
2025-11-16 15:57:34.587,1766,25554.44
2025-11-16 15:57:34.587,1767,34060.55
2025-11-16 15:57:34.587,1768,98811.18
2025-11-16 15:57:34.587,1769,36793.67
2025-11-16 15:57:34.587,1770,23202.91
2025-11-16 15:57:34.587,1771,23202.91
2025-11-16 15:57:34.587,1772,38636.91
2025-11-16 15:57:34.587,1773,81508.11
2025-11-16 15:57:34.587,1774,34252.03
2025-11-16 15:57:34.587,1775,34252.03
2025-11-16 15:57:34.587,1776,22880.64
2025-11-16 15:57:34.587,1777,22025.71
2025-11-16 15:57:34.587,1778,21700.95
2025-11-16 15:57:34.587,1779,21602.34
2025-11-16 15:57:34.587,1780,21700.95
2025-11-16 15:57:34.587,1781,21750.49
2025-11-16 15:57:34.587,1782,21700.95
2025-11-16 15:57:34.587,1783,22050.96
2025-11-16 15:57:34.587,1784,21725.7
2025-11-16 15:57:34.587,1785,21700.95
2025-11-16 15:57:34.587,1786,21750.49
2025-11-16 15:57:34.587,1787,22152.38
2025-11-16 15:57:34.587,1788,21900.02
2025-11-16 15:57:34.587,1789,21925.08
2025-11-16 15:57:34.587,1790,19751.0
2025-11-16 15:57:34.587,1791,21750.49
2025-11-16 15:57:34.587,1792,21286.04
2025-11-16 15:57:34.587,1793,20260.76
2025-11-16 15:57:34.587,1794,20811.56
2025-11-16 15:57:34.587,1795,24498.84
2025-11-16 15:57:34.587,1796,24498.84
2025-11-16 15:57:34.587,1797,24498.84
2025-11-16 15:57:34.587,1798,22774.6
2025-11-16 15:57:34.587,1799,24704.93
2025-11-16 15:57:34.587,1800,22460.52
2025-11-16 15:57:34.587,1801,24151.15
2025-11-16 15:57:34.587,1802,24557.47
2025-11-16 15:57:34.587,1803,23670.38
2025-11-16 15:57:34.587,1804,18378.83
2025-11-16 15:57:34.587,1805,23782.29
2025-11-16 15:57:34.587,1806,19028.03
2025-11-16 15:57:34.587,1807,25710.52
2025-11-16 15:57:34.587,1808,41723.1
2025-11-16 15:57:34.587,1809,19363.84
2025-11-16 15:57:34.587,1810,23810.38
2025-11-16 15:57:34.587,1811,23782.29
2025-11-16 15:57:34.587,1812,17834.04
2025-11-16 15:57:34.587,1813,16455.14
2025-11-16 15:57:34.587,1814,23148.76
2025-11-16 15:57:34.587,1815,30429.46
2025-11-16 15:57:34.587,1816,91512.71
2025-11-16 15:57:34.587,1817,33588.98
2025-11-16 15:57:34.587,1818,20419.37
2025-11-16 15:57:34.587,1819,20419.37
2025-11-16 15:57:34.587,1820,36473.41
2025-11-16 15:57:34.587,1821,75745.02
2025-11-16 15:57:34.587,1822,31670.92
2025-11-16 15:57:34.587,1823,31670.92
2025-11-16 15:57:34.587,1824,32675.42
2025-11-16 15:57:34.587,1825,31458.76
2025-11-16 15:57:34.587,1826,31543.36
2025-11-16 15:57:34.587,1827,31290.57
2025-11-16 15:57:34.587,1828,31628.31
2025-11-16 15:57:34.587,1829,31628.31
2025-11-16 15:57:34.587,1830,31799.26
2025-11-16 15:57:34.587,1831,31971.61
2025-11-16 15:57:34.587,1832,31628.31
2025-11-16 15:57:34.587,1833,31501.02
2025-11-16 15:57:34.587,1834,31885.26
2025-11-16 15:57:34.587,1835,32058.32
2025-11-16 15:57:34.587,1836,30631.22
2025-11-16 15:57:34.587,1837,31713.61
2025-11-16 15:57:34.587,1838,28516.51
2025-11-16 15:57:34.587,1839,31501.02
2025-11-16 15:57:34.587,1840,32145.38
2025-11-16 15:57:34.587,1841,30631.22
2025-11-16 15:57:34.587,1842,31082.24
2025-11-16 15:57:34.587,1843,35742.86
2025-11-16 15:57:34.587,1844,34591.16
2025-11-16 15:57:34.587,1845,35335.6
2025-11-16 15:57:34.587,1846,33127.38
2025-11-16 15:57:34.587,1847,35949.24
2025-11-16 15:57:34.587,1848,32900.21
2025-11-16 15:57:34.587,1849,35335.6
2025-11-16 15:57:34.587,1850,36105.25
2025-11-16 15:57:34.587,1851,34156.08
2025-11-16 15:57:34.587,1852,28921.71
2025-11-16 15:57:34.587,1853,34252.03
2025-11-16 15:57:34.587,1854,27906.57
2025-11-16 15:57:34.587,1855,37613.93
2025-11-16 15:57:34.587,1856,56693.92
2025-11-16 15:57:34.587,1857,29992.53
2025-11-16 15:57:34.587,1858,35184.73
2025-11-16 15:57:34.587,1859,34493.74
2025-11-16 15:57:34.587,1860,30389.34
2025-11-16 15:57:34.587,1861,30229.68
2025-11-16 15:57:34.587,1862,34060.55
2025-11-16 15:57:34.587,1863,44126.66
2025-11-16 15:57:34.587,1864,131116.38
2025-11-16 15:57:34.587,1865,47001.92
2025-11-16 15:57:34.587,1866,31543.36
2025-11-16 15:57:34.587,1867,31543.36
2025-11-16 15:57:34.587,1868,49496.55
2025-11-16 15:57:34.587,1869,101482.63
2025-11-16 15:57:34.587,1870,43347.59
2025-11-16 15:57:34.587,1871,43347.59
2025-11-16 15:57:34.587,1872,27349.84
2025-11-16 15:57:34.587,1873,26479.11
2025-11-16 15:57:34.587,1874,26381.24
2025-11-16 15:57:34.587,1875,26187.06
2025-11-16 15:57:34.587,1876,26283.89
2025-11-16 15:57:34.587,1877,26511.85
2025-11-16 15:57:34.587,1878,26283.89
2025-11-16 15:57:34.587,1879,26479.11
2025-11-16 15:57:34.587,1880,26219.28
2025-11-16 15:57:34.587,1881,26026.81
2025-11-16 15:57:34.587,1882,26187.06
2025-11-16 15:57:34.587,1883,26577.51
2025-11-16 15:57:34.587,1884,26251.55
2025-11-16 15:57:34.587,1885,26348.73
2025-11-16 15:57:34.587,1886,22907.26
2025-11-16 15:57:34.587,1887,26544.65
2025-11-16 15:57:34.587,1888,26348.73
2025-11-16 15:57:34.587,1889,25185.35
2025-11-16 15:57:34.587,1890,25773.33
2025-11-16 15:57:34.587,1891,29297.52
2025-11-16 15:57:34.587,1892,29146.33
2025-11-16 15:57:34.587,1893,29297.52
2025-11-16 15:57:34.587,1894,27349.84
2025-11-16 15:57:34.587,1895,30150.32
2025-11-16 15:57:34.587,1896,27179.19
2025-11-16 15:57:34.587,1897,28921.71
2025-11-16 15:57:34.587,1898,29184.02
2025-11-16 15:57:34.587,1899,28263.01
2025-11-16 15:57:34.587,1900,22000.49
2025-11-16 15:57:34.587,1901,28480.09
2025-11-16 15:57:34.587,1902,20442.16
2025-11-16 15:57:34.587,1903,30876.0
2025-11-16 15:57:34.587,1904,48556.95
2025-11-16 15:57:34.587,1905,24151.15
2025-11-16 15:57:34.587,1906,28996.3
2025-11-16 15:57:34.587,1907,28119.63
2025-11-16 15:57:34.587,1908,23586.93
2025-11-16 15:57:34.587,1909,23586.93
2025-11-16 15:57:34.587,1910,26610.43
2025-11-16 15:57:34.587,1911,36793.67
2025-11-16 15:57:34.587,1912,105255.28
2025-11-16 15:57:34.587,1913,39165.01
2025-11-16 15:57:34.587,1914,25185.35
2025-11-16 15:57:34.587,1915,25185.35
2025-11-16 15:57:34.587,1916,41526.96
2025-11-16 15:57:34.587,1917,86251.47
2025-11-16 15:57:34.587,1918,36053.13
2025-11-16 15:57:34.587,1919,36053.13
2025-11-16 15:57:34.587,1920,521823.06
2025-11-16 15:57:34.587,1921,550970.88
2025-11-16 15:57:34.587,1922,558763.94
2025-11-16 15:57:34.587,1923,508356.06
2025-11-16 15:57:34.587,1924,450099.75
2025-11-16 15:57:34.587,1925,515003.19
2025-11-16 15:57:34.587,1926,379970.25
2025-11-16 15:57:34.587,1927,466154.09
2025-11-16 15:57:34.587,1928,466154.09
2025-11-16 15:57:34.587,1929,430305.09
2025-11-16 15:57:34.587,1930,439984.91
2025-11-16 15:57:34.587,1931,483368.97
2025-11-16 15:57:34.587,1932,460679.59
2025-11-16 15:57:34.587,1933,435092.38
2025-11-16 15:57:34.587,1934,483368.97
2025-11-16 15:57:34.587,1935,403612.41
2025-11-16 15:57:34.587,1936,515003.19
2025-11-16 15:57:34.587,1937,450099.75
2025-11-16 15:57:34.587,1938,403612.41
2025-11-16 15:57:34.587,1939,483368.97
2025-11-16 15:57:34.587,1940,483368.97
2025-11-16 15:57:34.587,1941,483368.97
2025-11-16 15:57:34.587,1942,521823.06
2025-11-16 15:57:34.587,1943,471757.34
2025-11-16 15:57:34.587,1944,421032.91
2025-11-16 15:57:34.587,1945,489387.19
2025-11-16 15:57:34.587,1946,439984.91
2025-11-16 15:57:34.587,1947,543388.5
2025-11-16 15:57:34.587,1948,471757.34
2025-11-16 15:57:34.587,1949,483368.97
2025-11-16 15:57:34.587,1950,450099.75
2025-11-16 15:57:34.587,1951,583498.19
2025-11-16 15:57:34.587,1952,460679.59
2025-11-16 15:57:34.587,1953,550970.88
2025-11-16 15:57:34.587,1954,583498.19
2025-11-16 15:57:34.587,1955,601218.31
2025-11-16 15:57:34.587,1956,430305.09
2025-11-16 15:57:34.587,1957,483368.97
2025-11-16 15:57:34.587,1958,558763.94
2025-11-16 15:57:34.587,1959,640033.69
2025-11-16 15:57:34.587,1960,861364.44
2025-11-16 15:57:34.587,1961,861364.44
2025-11-16 15:57:34.587,1962,528822.38
2025-11-16 15:57:34.587,1963,528822.38
2025-11-16 15:57:34.587,1964,483368.97
2025-11-16 15:57:34.587,1965,942433.13
2025-11-16 15:57:34.587,1966,334076.69
2025-11-16 15:57:34.587,1967,334076.69
2025-11-16 15:57:34.587,1968,30917.09
2025-11-16 15:57:34.587,1969,29297.52
2025-11-16 15:57:34.587,1970,29449.88
2025-11-16 15:57:34.587,1971,29146.33
2025-11-16 15:57:34.587,1972,29297.52
2025-11-16 15:57:34.587,1973,29526.5
2025-11-16 15:57:34.587,1974,29449.88
2025-11-16 15:57:34.587,1975,29564.92
2025-11-16 15:57:34.587,1976,29526.5
2025-11-16 15:57:34.587,1977,29449.88
2025-11-16 15:57:34.587,1978,30031.86
2025-11-16 15:57:34.587,1979,30550.28
2025-11-16 15:57:34.587,1980,29449.88
2025-11-16 15:57:34.587,1981,30071.27
2025-11-16 15:57:34.587,1982,26809.18
2025-11-16 15:57:34.587,1983,30229.68
2025-11-16 15:57:34.587,1984,30712.49
2025-11-16 15:57:34.587,1985,28958.97
2025-11-16 15:57:34.587,1986,29146.33
2025-11-16 15:57:34.587,1987,33588.98
2025-11-16 15:57:34.587,1988,32900.21
2025-11-16 15:57:34.587,1989,33729.39
2025-11-16 15:57:34.587,1990,31458.76
2025-11-16 15:57:34.587,1991,34252.03
2025-11-16 15:57:34.587,1992,31206.99
2025-11-16 15:57:34.587,1993,32586.16
2025-11-16 15:57:34.587,1994,33729.39
2025-11-16 15:57:34.587,1995,32320.6
2025-11-16 15:57:34.587,1996,27247.26
2025-11-16 15:57:34.587,1997,32675.42
2025-11-16 15:57:34.587,1998,24616.31
2025-11-16 15:57:34.587,1999,35184.73
2025-11-16 15:57:34.587,2000,52504.97
2025-11-16 15:57:34.587,2001,26709.53
2025-11-16 15:57:34.587,2002,32990.79
2025-11-16 15:57:34.587,2003,32364.63
2025-11-16 15:57:34.587,2004,27977.33
2025-11-16 15:57:34.587,2005,27977.33
2025-11-16 15:57:34.587,2006,32058.32
2025-11-16 15:57:34.587,2007,41592.18
2025-11-16 15:57:34.587,2008,116294.76
2025-11-16 15:57:34.587,2009,44707.67
2025-11-16 15:57:34.587,2010,28553.0
2025-11-16 15:57:34.587,2011,28553.0
2025-11-16 15:57:34.587,2012,46449.59
2025-11-16 15:57:34.587,2013,97948.88
2025-11-16 15:57:34.587,2014,40630.89
2025-11-16 15:57:34.587,2015,40630.89
2025-11-16 15:57:34.587,2016,536008.31
2025-11-16 15:57:34.587,2017,566776.38
2025-11-16 15:57:34.587,2018,471757.34
2025-11-16 15:57:34.587,2019,455329.53
2025-11-16 15:57:34.587,2020,521823.06
2025-11-16 15:57:34.587,2021,450099.75
2025-11-16 15:57:34.587,2022,483368.97
2025-11-16 15:57:34.587,2023,450099.75
2025-11-16 15:57:34.587,2024,439984.91
2025-11-16 15:57:34.587,2025,395419.56
2025-11-16 15:57:34.587,2026,483368.97
2025-11-16 15:57:34.587,2027,460679.59
2025-11-16 15:57:34.587,2028,425619.72
2025-11-16 15:57:34.587,2029,421032.91
2025-11-16 15:57:34.587,2030,372678.72
2025-11-16 15:57:34.587,2031,383721.19
2025-11-16 15:57:34.587,2032,430305.09
2025-11-16 15:57:34.587,2033,395419.56
2025-11-16 15:57:34.587,2034,455329.53
2025-11-16 15:57:34.587,2035,471757.34
2025-11-16 15:57:34.587,2036,395419.56
2025-11-16 15:57:34.587,2037,395419.56
2025-11-16 15:57:34.587,2038,387544.88
2025-11-16 15:57:34.587,2039,395419.56
2025-11-16 15:57:34.587,2040,387544.88
2025-11-16 15:57:34.587,2041,455329.53
2025-11-16 15:57:34.587,2042,369134.25
2025-11-16 15:57:34.587,2043,430305.09
2025-11-16 15:57:34.587,2044,387544.88
2025-11-16 15:57:34.587,2045,383721.19
2025-11-16 15:57:34.587,2046,387544.88
2025-11-16 15:57:34.587,2047,466154.09
2025-11-16 15:57:34.587,2048,358884.03
2025-11-16 15:57:34.587,2049,430305.09
2025-11-16 15:57:34.587,2050,407834.16
2025-11-16 15:57:34.587,2051,430305.09
2025-11-16 15:57:34.587,2052,395419.56
2025-11-16 15:57:34.587,2053,365654.84
2025-11-16 15:57:34.587,2054,395419.56
2025-11-16 15:57:34.587,2055,455329.53
2025-11-16 15:57:34.587,2056,861364.44
2025-11-16 15:57:34.587,2057,466154.09
2025-11-16 15:57:34.587,2058,399475.0
2025-11-16 15:57:34.587,2059,399475.0
2025-11-16 15:57:34.587,2060,272357.75
2025-11-16 15:57:34.587,2061,762705.19
2025-11-16 15:57:34.587,2062,214929.95
2025-11-16 15:57:34.587,2063,214929.95
2025-11-16 15:57:34.587,2064,27145.25
2025-11-16 15:57:34.587,2065,27077.54
2025-11-16 15:57:34.587,2066,26544.65
2025-11-16 15:57:34.587,2067,25836.37
2025-11-16 15:57:34.587,2068,25836.37
2025-11-16 15:57:34.587,2069,26511.85
2025-11-16 15:57:34.587,2070,26544.65
2025-11-16 15:57:34.587,2071,26316.28
2025-11-16 15:57:34.587,2072,26283.89
2025-11-16 15:57:34.587,2073,26544.65
2025-11-16 15:57:34.587,2074,26643.4
2025-11-16 15:57:34.587,2075,25836.37
2025-11-16 15:57:34.587,2076,26316.28
2025-11-16 15:57:34.587,2077,26577.51
2025-11-16 15:57:34.587,2078,23670.38
2025-11-16 15:57:34.587,2079,26676.44
2025-11-16 15:57:34.587,2080,23230.05
2025-11-16 15:57:34.587,2081,22076.26
2025-11-16 15:57:34.587,2082,25523.39
2025-11-16 15:57:34.587,2083,28371.24
2025-11-16 15:57:34.587,2084,28847.41
2025-11-16 15:57:34.587,2085,29146.33
2025-11-16 15:57:34.587,2086,27043.79
2025-11-16 15:57:34.587,2087,29603.42
2025-11-16 15:57:34.587,2088,27145.25
2025-11-16 15:57:34.587,2089,28958.97
2025-11-16 15:57:34.587,2090,30150.32
2025-11-16 15:57:34.587,2091,28335.09
2025-11-16 15:57:34.587,2092,26348.73
2025-11-16 15:57:34.587,2093,28884.52
2025-11-16 15:57:34.587,2094,25963.11
2025-11-16 15:57:34.587,2095,31374.49
2025-11-16 15:57:34.587,2096,51841.71
2025-11-16 15:57:34.587,2097,26316.28
2025-11-16 15:57:34.587,2098,29603.42
2025-11-16 15:57:34.587,2099,29033.7
2025-11-16 15:57:34.587,2100,26090.74
2025-11-16 15:57:34.587,2101,26544.65
2025-11-16 15:57:34.587,2102,30309.35
2025-11-16 15:57:34.587,2103,37893.76
2025-11-16 15:57:34.587,2104,107915.35
2025-11-16 15:57:34.587,2105,39403.42
2025-11-16 15:57:34.587,2106,26875.9
2025-11-16 15:57:34.587,2107,26875.9
2025-11-16 15:57:34.587,2108,43417.48
2025-11-16 15:57:34.587,2109,87631.56
2025-11-16 15:57:34.587,2110,38811.68
2025-11-16 15:57:34.587,2111,38811.68
2025-11-16 15:57:34.587,2112,322883.13
2025-11-16 15:57:34.587,2113,286686.59
2025-11-16 15:57:34.587,2114,293282.41
2025-11-16 15:57:34.587,2115,284551.28
2025-11-16 15:57:34.587,2116,276308.56
2025-11-16 15:57:34.587,2117,297844.91
2025-11-16 15:57:34.587,2118,288853.09
2025-11-16 15:57:34.587,2119,288853.09
2025-11-16 15:57:34.587,2120,314954.38
2025-11-16 15:57:34.587,2121,293282.41
2025-11-16 15:57:34.587,2122,317555.0
2025-11-16 15:57:34.587,2123,293282.41
2025-11-16 15:57:34.587,2124,297844.91
2025-11-16 15:57:34.587,2125,300178.03
2025-11-16 15:57:34.587,2126,282446.44
2025-11-16 15:57:34.587,2127,293282.41
2025-11-16 15:57:34.587,2128,314954.38
2025-11-16 15:57:34.587,2129,288853.09
2025-11-16 15:57:34.587,2130,320197.59
2025-11-16 15:57:34.587,2131,336993.63
2025-11-16 15:57:34.587,2132,320197.59
2025-11-16 15:57:34.587,2133,325612.69
2025-11-16 15:57:34.587,2134,293282.41
2025-11-16 15:57:34.587,2135,325612.69
2025-11-16 15:57:34.587,2136,293282.41
2025-11-16 15:57:34.587,2137,302546.75
2025-11-16 15:57:34.587,2138,291051.47
2025-11-16 15:57:34.587,2139,297844.91
2025-11-16 15:57:34.587,2140,284551.28
2025-11-16 15:57:34.587,2141,314954.38
2025-11-16 15:57:34.587,2142,280371.47
2025-11-16 15:57:34.587,2143,334076.69
2025-11-16 15:57:34.587,2144,226638.0
2025-11-16 15:57:34.587,2145,293282.41
2025-11-16 15:57:34.587,2146,334076.69
2025-11-16 15:57:34.587,2147,339960.47
2025-11-16 15:57:34.587,2148,328387.41
2025-11-16 15:57:34.587,2149,336993.63
2025-11-16 15:57:34.587,2150,346048.91
2025-11-16 15:57:34.587,2151,421032.91
2025-11-16 15:57:34.587,2152,471757.34
2025-11-16 15:57:34.587,2153,439984.91
2025-11-16 15:57:34.587,2154,322883.13
2025-11-16 15:57:34.587,2155,322883.13
2025-11-16 15:57:34.587,2156,158434.67
2025-11-16 15:57:34.587,2157,575017.88
2025-11-16 15:57:34.587,2158,106903.57
2025-11-16 15:57:34.587,2159,106903.57
2025-11-16 15:57:34.587,2160,460679.59
2025-11-16 15:57:34.587,2161,477494.09
2025-11-16 15:57:34.587,2162,483368.97
2025-11-16 15:57:34.587,2163,383721.19
2025-11-16 15:57:34.587,2164,399475.0
2025-11-16 15:57:34.587,2165,483368.97
2025-11-16 15:57:34.587,2166,435092.38
2025-11-16 15:57:34.587,2167,536008.31
2025-11-16 15:57:34.587,2168,430305.09
2025-11-16 15:57:34.587,2169,421032.91
2025-11-16 15:57:34.587,2170,471757.34
2025-11-16 15:57:34.587,2171,430305.09
2025-11-16 15:57:34.587,2172,421032.91
2025-11-16 15:57:34.587,2173,450099.75
2025-11-16 15:57:34.587,2174,339960.47
2025-11-16 15:57:34.587,2175,425619.72
2025-11-16 15:57:34.587,2176,395419.56
2025-11-16 15:57:34.587,2177,387544.88
2025-11-16 15:57:34.587,2178,395419.56
2025-11-16 15:57:34.587,2179,430305.09
2025-11-16 15:57:34.587,2180,430305.09
2025-11-16 15:57:34.587,2181,439984.91
2025-11-16 15:57:34.587,2182,430305.09
2025-11-16 15:57:34.587,2183,399475.0
2025-11-16 15:57:34.587,2184,379970.25
2025-11-16 15:57:34.587,2185,412143.03
2025-11-16 15:57:34.587,2186,430305.09
2025-11-16 15:57:34.587,2187,421032.91
2025-11-16 15:57:34.587,2188,372678.72
2025-11-16 15:57:34.587,2189,412143.03
2025-11-16 15:57:34.587,2190,358884.03
2025-11-16 15:57:34.587,2191,455329.53
2025-11-16 15:57:34.587,2192,255849.03
2025-11-16 15:57:34.587,2193,379970.25
2025-11-16 15:57:34.587,2194,460679.59
2025-11-16 15:57:34.587,2195,430305.09
2025-11-16 15:57:34.587,2196,391443.63
2025-11-16 15:57:34.587,2197,395419.56
2025-11-16 15:57:34.587,2198,403612.41
2025-11-16 15:57:34.587,2199,477494.09
2025-11-16 15:57:34.587,2200,536008.31
2025-11-16 15:57:34.587,2201,515003.19
2025-11-16 15:57:34.587,2202,391443.63
2025-11-16 15:57:34.587,2203,391443.63
2025-11-16 15:57:34.587,2204,167191.02
2025-11-16 15:57:34.587,2205,640033.69
2025-11-16 15:57:34.587,2206,109992.31
2025-11-16 15:57:34.587,2207,109992.31
2025-11-16 15:57:34.587,2208,226638.0
2025-11-16 15:57:34.587,2209,226638.0
2025-11-16 15:57:34.587,2210,226638.0
2025-11-16 15:57:34.587,2211,226638.0
2025-11-16 15:57:34.587,2212,226638.0
2025-11-16 15:57:34.587,2213,226638.0
2025-11-16 15:57:34.587,2214,226638.0
2025-11-16 15:57:34.587,2215,226638.0
2025-11-16 15:57:34.587,2216,226638.0
2025-11-16 15:57:34.587,2217,226638.0
2025-11-16 15:57:34.587,2218,226638.0
2025-11-16 15:57:34.587,2219,226638.0
2025-11-16 15:57:34.587,2220,226638.0
2025-11-16 15:57:34.587,2221,226638.0
2025-11-16 15:57:34.587,2222,226638.0
2025-11-16 15:57:34.587,2223,226638.0
2025-11-16 15:57:34.587,2224,226638.0
2025-11-16 15:57:34.587,2225,226638.0
2025-11-16 15:57:34.587,2226,226638.0
2025-11-16 15:57:34.587,2227,226638.0
2025-11-16 15:57:34.587,2228,226638.0
2025-11-16 15:57:34.587,2229,226638.0
2025-11-16 15:57:34.587,2230,226638.0
2025-11-16 15:57:34.587,2231,226638.0
2025-11-16 15:57:34.587,2232,226638.0
2025-11-16 15:57:34.587,2233,226638.0
2025-11-16 15:57:34.587,2234,226638.0
2025-11-16 15:57:34.587,2235,226638.0
2025-11-16 15:57:34.587,2236,226638.0
2025-11-16 15:57:34.587,2237,226638.0
2025-11-16 15:57:34.587,2238,226638.0
2025-11-16 15:57:34.587,2239,226638.0
2025-11-16 15:57:34.587,2240,226638.0
2025-11-16 15:57:34.587,2241,226638.0
2025-11-16 15:57:34.587,2242,226638.0
2025-11-16 15:57:34.587,2243,226638.0
2025-11-16 15:57:34.587,2244,226638.0
2025-11-16 15:57:34.587,2245,226638.0
2025-11-16 15:57:34.587,2246,226638.0
2025-11-16 15:57:34.587,2247,226638.0
2025-11-16 15:57:34.587,2248,226638.0
2025-11-16 15:57:34.587,2249,226638.0
2025-11-16 15:57:34.587,2250,226638.0
2025-11-16 15:57:34.587,2251,226638.0
2025-11-16 15:57:34.587,2252,226638.0
2025-11-16 15:57:34.587,2253,226638.0
2025-11-16 15:57:34.587,2254,226638.0
2025-11-16 15:57:34.587,2255,226638.0
2025-11-16 15:57:34.587,2256,226638.0
2025-11-16 15:57:34.587,2257,212483.69
2025-11-16 15:57:34.587,2258,216173.34
2025-11-16 15:57:34.587,2259,213700.14
2025-11-16 15:57:34.587,2260,217430.56
2025-11-16 15:57:34.587,2261,216173.34
2025-11-16 15:57:34.587,2262,208912.44
2025-11-16 15:57:34.587,2263,206594.58
2025-11-16 15:57:34.587,2264,218701.81
2025-11-16 15:57:34.587,2265,187749.41
2025-11-16 15:57:34.587,2266,211280.41
2025-11-16 15:57:34.587,2267,210090.06
2025-11-16 15:57:34.587,2268,205453.95
2025-11-16 15:57:34.587,2269,206594.58
2025-11-16 15:57:34.587,2270,186798.08
2025-11-16 15:57:34.587,2271,195704.14
2025-11-16 15:57:34.587,2272,204325.27
2025-11-16 15:57:34.587,2273,195704.14
2025-11-16 15:57:34.587,2274,211280.41
2025-11-16 15:57:34.587,2275,216173.34
2025-11-16 15:57:34.587,2276,232241.86
2025-11-16 15:57:34.587,2277,223932.14
2025-11-16 15:57:34.587,2278,206594.58
2025-11-16 15:57:34.587,2279,206594.58
2025-11-16 15:57:34.587,2280,204325.27
2025-11-16 15:57:34.587,2281,218701.81
2025-11-16 15:57:34.587,2282,213700.14
2025-11-16 15:57:34.587,2283,223932.14
2025-11-16 15:57:34.587,2284,196743.69
2025-11-16 15:57:34.587,2285,226638.0
2025-11-16 15:57:34.587,2286,190659.31
2025-11-16 15:57:34.587,2287,229407.17
2025-11-16 15:57:34.587,2288,122431.63
2025-11-16 15:57:34.587,2289,206594.58
2025-11-16 15:57:34.587,2290,226638.0
2025-11-16 15:57:34.587,2291,235144.47
2025-11-16 15:57:34.587,2292,205453.95
2025-11-16 15:57:34.587,2293,204325.27
2025-11-16 15:57:34.587,2294,213700.14
2025-11-16 15:57:34.587,2295,276308.56
2025-11-16 15:57:34.587,2296,336993.63
2025-11-16 15:57:34.587,2297,280371.47
2025-11-16 15:57:34.587,2298,218701.81
2025-11-16 15:57:34.587,2299,218701.81
2025-11-16 15:57:34.587,2300,64483.38
2025-11-16 15:57:34.587,2301,322883.13
2025-11-16 15:57:34.587,2302,56693.92
2025-11-16 15:57:34.587,2303,56693.92
2025-11-16 15:57:34.872,0,26742.69
2025-11-16 15:57:34.872,1,34252.03
2025-11-16 15:57:34.872,2,36526.48
2025-11-16 15:57:34.872,3,36262.32
2025-11-16 15:57:34.872,4,36793.67
2025-11-16 15:57:34.872,5,37502.91
2025-11-16 15:57:34.872,6,36793.67
2025-11-16 15:57:34.872,7,36793.67
2025-11-16 15:57:34.872,8,36420.45
2025-11-16 15:57:34.872,9,36793.67
2025-11-16 15:57:34.872,10,37009.64
2025-11-16 15:57:34.872,11,36847.48
2025-11-16 15:57:34.872,12,37063.94
2025-11-16 15:57:34.872,13,37009.64
2025-11-16 15:57:34.872,14,38811.68
2025-11-16 15:57:34.872,15,36686.43
2025-11-16 15:57:34.872,16,39343.6
2025-11-16 15:57:34.872,17,39644.14
2025-11-16 15:57:34.872,18,39644.14
2025-11-16 15:57:34.872,19,40883.72
2025-11-16 15:57:34.872,20,41203.32
2025-11-16 15:57:34.872,21,42590.57
2025-11-16 15:57:34.872,22,37781.43
2025-11-16 15:57:34.872,23,41788.82
2025-11-16 15:57:34.872,24,38348.37
2025-11-16 15:57:34.872,25,39644.14
2025-11-16 15:57:34.872,26,42726.61
2025-11-16 15:57:34.872,27,40194.41
2025-11-16 15:57:34.872,28,40194.41
2025-11-16 15:57:34.872,29,40505.41
2025-11-16 15:57:34.872,30,40132.67
2025-11-16 15:57:34.872,31,43417.48
2025-11-16 15:57:34.872,32,78725.33
2025-11-16 15:57:34.872,33,39887.21
2025-11-16 15:57:34.872,34,42186.62
2025-11-16 15:57:34.872,35,41526.96
2025-11-16 15:57:34.872,36,40256.3
2025-11-16 15:57:34.872,37,40256.3
2025-11-16 15:57:34.872,38,46061.56
2025-11-16 15:57:34.872,39,53378.87
2025-11-16 15:57:34.872,40,185855.86
2025-11-16 15:57:34.872,41,51284.3
2025-11-16 15:57:34.872,42,39765.37
2025-11-16 15:57:34.872,43,39765.37
2025-11-16 15:57:34.872,44,57802.03
2025-11-16 15:57:34.872,45,104608.9
2025-11-16 15:57:34.872,46,52987.48
2025-11-16 15:57:34.872,47,52987.48
2025-11-16 15:57:34.872,48,129194.73
2025-11-16 15:57:34.872,49,135640.13
2025-11-16 15:57:34.872,50,137745.05
2025-11-16 15:57:34.872,51,136685.03
2025-11-16 15:57:34.872,52,137745.05
2025-11-16 15:57:34.872,53,141578.7
2025-11-16 15:57:34.872,54,143283.25
2025-11-16 15:57:34.872,55,137745.05
2025-11-16 15:57:34.872,56,144441.03
2025-11-16 15:57:34.872,57,136685.03
2025-11-16 15:57:34.872,58,141578.7
2025-11-16 15:57:34.872,59,136685.03
2025-11-16 15:57:34.872,60,139364.05
2025-11-16 15:57:34.872,61,138820.45
2025-11-16 15:57:34.872,62,142142.66
2025-11-16 15:57:34.872,63,136685.03
2025-11-16 15:57:34.872,64,134609.98
2025-11-16 15:57:34.872,65,145616.44
2025-11-16 15:57:34.872,66,145616.44
2025-11-16 15:57:34.872,67,141018.91
2025-11-16 15:57:34.872,68,154372.98
2025-11-16 15:57:34.872,69,155704.97
2025-11-16 15:57:34.872,70,142142.66
2025-11-16 15:57:34.872,71,155704.97
2025-11-16 15:57:34.872,72,141578.7
2025-11-16 15:57:34.872,73,151772.23
2025-11-16 15:57:34.872,74,158434.67
2025-11-16 15:57:34.872,75,162702.02
2025-11-16 15:57:34.872,76,153062.25
2025-11-16 15:57:34.872,77,146809.88
2025-11-16 15:57:34.872,78,153715.0
2025-11-16 15:57:34.872,79,166426.73
2025-11-16 15:57:34.872,80,226638.0
2025-11-16 15:57:34.872,81,154372.98
2025-11-16 15:57:34.872,82,163434.33
2025-11-16 15:57:34.872,83,157743.84
2025-11-16 15:57:34.872,84,153062.25
2025-11-16 15:57:34.872,85,154372.98
2025-11-16 15:57:34.872,86,175214.38
2025-11-16 15:57:34.872,87,191648.39
2025-11-16 15:57:34.872,88,528822.38
2025-11-16 15:57:34.872,89,164172.88
2025-11-16 15:57:34.872,90,155704.97
2025-11-16 15:57:34.872,91,155704.97
2025-11-16 15:57:34.872,92,107238.9
2025-11-16 15:57:34.872,93,164172.88
2025-11-16 15:57:34.872,94,143283.25
2025-11-16 15:57:34.872,95,143283.25
2025-11-16 15:57:34.872,96,70346.52
2025-11-16 15:57:34.872,97,73127.03
2025-11-16 15:57:34.872,98,74854.26
2025-11-16 15:57:34.872,99,73809.42
2025-11-16 15:57:34.872,100,74678.3
2025-11-16 15:57:34.872,101,74678.3
2025-11-16 15:57:34.872,102,70983.91
2025-11-16 15:57:34.872,103,74678.3
2025-11-16 15:57:34.872,104,73981.77
2025-11-16 15:57:34.872,105,72958.16
2025-11-16 15:57:34.872,106,74328.61
2025-11-16 15:57:34.872,107,76838.91
2025-11-16 15:57:34.872,108,76106.58
2025-11-16 15:57:34.872,109,74328.61
2025-11-16 15:57:34.872,110,73466.84
2025-11-16 15:57:34.872,111,70663.95
2025-11-16 15:57:34.872,112,64756.17
2025-11-16 15:57:34.872,113,76838.91
2025-11-16 15:57:34.872,114,77961.02
2025-11-16 15:57:34.872,115,74154.84
2025-11-16 15:57:34.872,116,81713.57
2025-11-16 15:57:34.872,117,82544.69
2025-11-16 15:57:34.872,118,73637.78
2025-11-16 15:57:34.872,119,79896.98
2025-11-16 15:57:34.872,120,75925.42
2025-11-16 15:57:34.872,121,77396.36
2025-11-16 15:57:34.872,122,76654.66
2025-11-16 15:57:34.872,123,78918.48
2025-11-16 15:57:34.872,124,78725.33
2025-11-16 15:57:34.872,125,77961.02
2025-11-16 15:57:34.872,126,78341.52
2025-11-16 15:57:34.872,127,86025.24
2025-11-16 15:57:34.872,128,133594.3
2025-11-16 15:57:34.872,129,79503.01
2025-11-16 15:57:34.872,130,83819.96
2025-11-16 15:57:34.872,131,82335.49
2025-11-16 15:57:34.872,132,79896.98
2025-11-16 15:57:34.872,133,81713.57
2025-11-16 15:57:34.872,134,90513.82
2025-11-16 15:57:34.872,135,103337.61
2025-11-16 15:57:34.872,136,334076.69
2025-11-16 15:57:34.872,137,78725.33
2025-11-16 15:57:34.872,138,79112.48
2025-11-16 15:57:34.872,139,79112.48
2025-11-16 15:57:34.872,140,89534.38
2025-11-16 15:57:34.872,141,153062.25
2025-11-16 15:57:34.872,142,95170.63
2025-11-16 15:57:34.872,143,95170.63
2025-11-16 15:57:34.872,144,42726.61
2025-11-16 15:57:34.872,145,43983.32
2025-11-16 15:57:34.872,146,43417.48
2025-11-16 15:57:34.872,147,43840.75
2025-11-16 15:57:34.872,148,43698.91
2025-11-16 15:57:34.872,149,43983.32
2025-11-16 15:57:34.872,150,43557.83
2025-11-16 15:57:34.872,151,44561.25
2025-11-16 15:57:34.872,152,44415.61
2025-11-16 15:57:34.872,153,43628.29
2025-11-16 15:57:34.872,154,43983.32
2025-11-16 15:57:34.872,155,44126.66
2025-11-16 15:57:34.872,156,43698.91
2025-11-16 15:57:34.872,157,43557.83
2025-11-16 15:57:34.872,158,43840.75
2025-11-16 15:57:34.872,159,43840.75
2025-11-16 15:57:34.872,160,34012.93
2025-11-16 15:57:34.872,161,42794.9
2025-11-16 15:57:34.872,162,44707.67
2025-11-16 15:57:34.872,163,40256.3
2025-11-16 15:57:34.872,164,47322.41
2025-11-16 15:57:34.872,165,48725.57
2025-11-16 15:57:34.872,166,42590.57
2025-11-16 15:57:34.872,167,48980.34
2025-11-16 15:57:34.872,168,44270.75
2025-11-16 15:57:34.872,169,45984.59
2025-11-16 15:57:34.872,170,45151.65
2025-11-16 15:57:34.872,171,45754.95
2025-11-16 15:57:34.872,172,44707.67
2025-11-16 15:57:34.872,173,44198.61
2025-11-16 15:57:34.872,174,46527.84
2025-11-16 15:57:34.872,175,50199.01
2025-11-16 15:57:34.872,176,85575.93
2025-11-16 15:57:34.872,177,45754.95
2025-11-16 15:57:34.872,178,49583.45
2025-11-16 15:57:34.872,179,48473.0
2025-11-16 15:57:34.872,180,45907.83
2025-11-16 15:57:34.872,181,46371.55
2025-11-16 15:57:34.872,182,53576.4
2025-11-16 15:57:34.872,183,60495.69
2025-11-16 15:57:34.872,184,194675.0
2025-11-16 15:57:34.872,185,50199.01
2025-11-16 15:57:34.872,186,44707.67
2025-11-16 15:57:34.872,187,44707.67
2025-11-16 15:57:34.872,188,58028.08
2025-11-16 15:57:34.872,189,99687.32
2025-11-16 15:57:34.872,190,57802.03
2025-11-16 15:57:34.872,191,57802.03
2025-11-16 15:57:34.872,192,28119.63
2025-11-16 15:57:34.872,193,28119.63
2025-11-16 15:57:34.872,194,27247.26
2025-11-16 15:57:34.872,195,27765.84
2025-11-16 15:57:34.872,196,27213.2
2025-11-16 15:57:34.872,197,27349.84
2025-11-16 15:57:34.872,198,27384.16
2025-11-16 15:57:34.872,199,27111.36
2025-11-16 15:57:34.872,200,27077.54
2025-11-16 15:57:34.872,201,26942.87
2025-11-16 15:57:34.872,202,27247.26
2025-11-16 15:57:34.872,203,27111.36
2025-11-16 15:57:34.872,204,27145.25
2025-11-16 15:57:34.872,205,27077.54
2025-11-16 15:57:34.872,206,27941.91
2025-11-16 15:57:34.872,207,27145.25
2025-11-16 15:57:34.872,208,21651.57
2025-11-16 15:57:34.872,209,27591.39
2025-11-16 15:57:34.872,210,27247.26
2025-11-16 15:57:34.872,211,20834.94
2025-11-16 15:57:34.872,212,30031.86
2025-11-16 15:57:34.872,213,30590.71
2025-11-16 15:57:34.872,214,23894.93
2025-11-16 15:57:34.872,215,30309.35
2025-11-16 15:57:34.872,216,27247.26
2025-11-16 15:57:34.872,217,28847.41
2025-11-16 15:57:34.872,218,28847.41
2025-11-16 15:57:34.872,219,28958.97
2025-11-16 15:57:34.872,220,28847.41
2025-11-16 15:57:34.872,221,27626.15
2025-11-16 15:57:34.872,222,28921.71
2025-11-16 15:57:34.872,223,32058.32
2025-11-16 15:57:34.872,224,58369.98
2025-11-16 15:57:34.872,225,28736.48
2025-11-16 15:57:34.872,226,31713.61
2025-11-16 15:57:34.872,227,30712.49
2025-11-16 15:57:34.872,228,29146.33
2025-11-16 15:57:34.872,229,29297.52
2025-11-16 15:57:34.872,230,34060.55
2025-11-16 15:57:34.872,231,39644.14
2025-11-16 15:57:34.872,232,127787.46
2025-11-16 15:57:34.872,233,35949.24
2025-11-16 15:57:34.872,234,28773.39
2025-11-16 15:57:34.872,235,28773.39
2025-11-16 15:57:34.872,236,41854.7
2025-11-16 15:57:34.872,237,76654.66
2025-11-16 15:57:34.872,238,39523.48
2025-11-16 15:57:34.872,239,39523.48
2025-11-16 15:57:34.872,240,20788.21
2025-11-16 15:57:34.872,241,20625.75
2025-11-16 15:57:34.872,242,19904.33
2025-11-16 15:57:34.872,243,20103.78
2025-11-16 15:57:34.872,244,19599.24
2025-11-16 15:57:34.872,245,19948.42
2025-11-16 15:57:34.872,246,19751.0
2025-11-16 15:57:34.872,247,19926.36
2025-11-16 15:57:34.872,248,19729.22
2025-11-16 15:57:34.872,249,19794.65
2025-11-16 15:57:34.872,250,19534.67
2025-11-16 15:57:34.872,251,19816.52
2025-11-16 15:57:34.872,252,19926.36
2025-11-16 15:57:34.872,253,20081.49
2025-11-16 15:57:34.872,254,20975.98
2025-11-16 15:57:34.872,255,19926.36
2025-11-16 15:57:34.872,256,20126.11
2025-11-16 15:57:34.872,257,21406.95
2025-11-16 15:57:34.872,258,20928.83
2025-11-16 15:57:34.872,259,19449.01
2025-11-16 15:57:34.872,260,22880.64
2025-11-16 15:57:34.872,261,23642.52
2025-11-16 15:57:34.872,262,20059.23
2025-11-16 15:57:34.872,263,23754.24
2025-11-16 15:57:34.872,264,20811.56
2025-11-16 15:57:34.872,265,22101.59
2025-11-16 15:57:34.872,266,23866.7
2025-11-16 15:57:34.872,267,22101.59
2025-11-16 15:57:34.872,268,22203.33
2025-11-16 15:57:34.872,269,22305.72
2025-11-16 15:57:34.872,270,22434.62
2025-11-16 15:57:34.872,271,24498.84
2025-11-16 15:57:34.872,272,47403.09
2025-11-16 15:57:34.872,273,22126.97
2025-11-16 15:57:34.872,274,24036.8
2025-11-16 15:57:34.872,275,23339.05
2025-11-16 15:57:34.872,276,22774.6
2025-11-16 15:57:34.872,277,22616.81
2025-11-16 15:57:34.872,278,26544.65
2025-11-16 15:57:34.872,279,31206.99
2025-11-16 15:57:34.872,280,104608.9
2025-11-16 15:57:34.872,281,29071.17
2025-11-16 15:57:34.872,282,22076.26
2025-11-16 15:57:34.872,283,22076.26
2025-11-16 15:57:34.872,284,35845.82
2025-11-16 15:57:34.872,285,68192.39
2025-11-16 15:57:34.872,286,32855.06
2025-11-16 15:57:34.872,287,32855.06
2025-11-16 15:57:34.872,288,16317.87
2025-11-16 15:57:34.872,289,16455.14
2025-11-16 15:57:34.872,290,15363.49
2025-11-16 15:57:34.872,291,15815.47
2025-11-16 15:57:34.872,292,15205.86
2025-11-16 15:57:34.872,293,15427.09
2025-11-16 15:57:34.872,294,15268.68
2025-11-16 15:57:34.872,295,15363.49
2025-11-16 15:57:34.872,296,15379.36
2025-11-16 15:57:34.872,297,15363.49
2025-11-16 15:57:34.872,298,15411.16
2025-11-16 15:57:34.872,299,15331.81
2025-11-16 15:57:34.872,300,15619.82
2025-11-16 15:57:34.872,301,15491.01
2025-11-16 15:57:34.872,302,16929.16
2025-11-16 15:57:34.872,303,15749.92
2025-11-16 15:57:34.872,304,17795.93
2025-11-16 15:57:34.872,305,17720.0
2025-11-16 15:57:34.872,306,17588.13
2025-11-16 15:57:34.872,307,18740.4
2025-11-16 15:57:34.872,308,18418.55
2025-11-16 15:57:34.872,309,18822.0
2025-11-16 15:57:34.872,310,16403.5
2025-11-16 15:57:34.872,311,19090.4
2025-11-16 15:57:34.872,312,16769.29
2025-11-16 15:57:34.872,313,17606.89
2025-11-16 15:57:34.872,314,19534.67
2025-11-16 15:57:34.872,315,17720.0
2025-11-16 15:57:34.872,316,17776.91
2025-11-16 15:57:34.872,317,18084.37
2025-11-16 15:57:34.872,318,17814.97
2025-11-16 15:57:34.872,319,19427.67
2025-11-16 15:57:34.872,320,40194.41
2025-11-16 15:57:34.872,321,17550.68
2025-11-16 15:57:34.872,322,19028.03
2025-11-16 15:57:34.872,323,18478.35
2025-11-16 15:57:34.872,324,18103.81
2025-11-16 15:57:34.872,325,18026.2
2025-11-16 15:57:34.872,326,21406.95
2025-11-16 15:57:34.872,327,25647.93
2025-11-16 15:57:34.872,328,82965.91
2025-11-16 15:57:34.872,329,25276.9
2025-11-16 15:57:34.872,330,17513.32
2025-11-16 15:57:34.872,331,17513.32
2025-11-16 15:57:34.872,332,30794.08
2025-11-16 15:57:34.872,333,59416.6
2025-11-16 15:57:34.872,334,27349.84
2025-11-16 15:57:34.872,335,27349.84
2025-11-16 15:57:34.872,336,14805.01
2025-11-16 15:57:34.872,337,14774.7
2025-11-16 15:57:34.872,338,13898.46
2025-11-16 15:57:34.872,339,14299.57
2025-11-16 15:57:34.872,340,13814.22
2025-11-16 15:57:34.872,341,13912.56
2025-11-16 15:57:34.872,342,13814.22
2025-11-16 15:57:34.872,343,13842.23
2025-11-16 15:57:34.872,344,13842.23
2025-11-16 15:57:34.872,345,13744.46
2025-11-16 15:57:34.872,346,13828.22
2025-11-16 15:57:34.872,347,13912.56
2025-11-16 15:57:34.872,348,13954.95
2025-11-16 15:57:34.872,349,13814.22
2025-11-16 15:57:34.872,350,15112.21
2025-11-16 15:57:34.872,351,14040.19
2025-11-16 15:57:34.872,352,15930.98
2025-11-16 15:57:34.872,353,15700.98
2025-11-16 15:57:34.872,354,15864.85
2025-11-16 15:57:34.872,355,17163.47
2025-11-16 15:57:34.872,356,16663.75
2025-11-16 15:57:34.872,357,17236.39
2025-11-16 15:57:34.872,358,14835.39
2025-11-16 15:57:34.872,359,17199.88
2025-11-16 15:57:34.872,360,15019.26
2025-11-16 15:57:34.872,361,15848.37
2025-11-16 15:57:34.872,362,17795.93
2025-11-16 15:57:34.872,363,15523.09
2025-11-16 15:57:34.872,364,15914.42
2025-11-16 15:57:34.872,365,16047.52
2025-11-16 15:57:34.872,366,16081.01
2025-11-16 15:57:34.872,367,17757.91
2025-11-16 15:57:34.872,368,37009.64
2025-11-16 15:57:34.872,369,15766.28
2025-11-16 15:57:34.872,370,17272.99
2025-11-16 15:57:34.872,371,16751.64
2025-11-16 15:57:34.872,372,16182.0
2025-11-16 15:57:34.872,373,16148.25
2025-11-16 15:57:34.872,374,19237.01
2025-11-16 15:57:34.872,375,23148.76
2025-11-16 15:57:34.872,376,75745.02
2025-11-16 15:57:34.872,377,23257.23
2025-11-16 15:57:34.872,378,15555.25
2025-11-16 15:57:34.872,379,15555.25
2025-11-16 15:57:34.872,380,28335.09
2025-11-16 15:57:34.872,381,58255.64
2025-11-16 15:57:34.872,382,25154.93
2025-11-16 15:57:34.872,383,25154.93
2025-11-16 15:57:34.872,384,14416.64
2025-11-16 15:57:34.872,385,14416.64
2025-11-16 15:57:34.872,386,13455.89
2025-11-16 15:57:34.872,387,13842.23
2025-11-16 15:57:34.872,388,13401.71
2025-11-16 15:57:34.872,389,13510.31
2025-11-16 15:57:34.872,390,13374.71
2025-11-16 15:57:34.872,391,13334.34
2025-11-16 15:57:34.872,392,13320.91
2025-11-16 15:57:34.872,393,13254.0
2025-11-16 15:57:34.872,394,13455.89
2025-11-16 15:57:34.872,395,13483.07
2025-11-16 15:57:34.872,396,13483.07
2025-11-16 15:57:34.872,397,13401.71
2025-11-16 15:57:34.872,398,14654.19
2025-11-16 15:57:34.872,399,13455.89
2025-11-16 15:57:34.872,400,15684.7
2025-11-16 15:57:34.872,401,15237.23
2025-11-16 15:57:34.872,402,15587.49
2025-11-16 15:57:34.872,403,16875.66
2025-11-16 15:57:34.872,404,16249.76
2025-11-16 15:57:34.872,405,16964.95
2025-11-16 15:57:34.872,406,14534.84
2025-11-16 15:57:34.872,407,16875.66
2025-11-16 15:57:34.872,408,14926.99
2025-11-16 15:57:34.872,409,15587.49
2025-11-16 15:57:34.872,410,17550.68
2025-11-16 15:57:34.872,411,15603.64
2025-11-16 15:57:34.872,412,15684.7
2025-11-16 15:57:34.872,413,16114.59
2025-11-16 15:57:34.872,414,15848.37
2025-11-16 15:57:34.872,415,17272.99
2025-11-16 15:57:34.872,416,36262.32
2025-11-16 15:57:34.872,417,15571.36
2025-11-16 15:57:34.872,418,16947.04
2025-11-16 15:57:34.872,419,16334.95
2025-11-16 15:57:34.872,420,15914.42
2025-11-16 15:57:34.872,421,15947.57
2025-11-16 15:57:34.872,422,19069.58
2025-11-16 15:57:34.872,423,22801.05
2025-11-16 15:57:34.872,424,76106.58
2025-11-16 15:57:34.872,425,23202.91
2025-11-16 15:57:34.872,426,15491.01
2025-11-16 15:57:34.872,427,15491.01
2025-11-16 15:57:34.872,428,28443.74
2025-11-16 15:57:34.872,429,52987.48
2025-11-16 15:57:34.872,430,25554.44
2025-11-16 15:57:34.872,431,25554.44
2025-11-16 15:57:34.872,432,14328.73
2025-11-16 15:57:34.872,433,14534.84
2025-11-16 15:57:34.872,434,13510.31
2025-11-16 15:57:34.872,435,13926.67
2025-11-16 15:57:34.872,436,13374.71
2025-11-16 15:57:34.872,437,13401.71
2025-11-16 15:57:34.872,438,13294.1
2025-11-16 15:57:34.872,439,13401.71
2025-11-16 15:57:34.872,440,13415.23
2025-11-16 15:57:34.872,441,13016.24
2025-11-16 15:57:34.872,442,13267.35
2025-11-16 15:57:34.872,443,13374.71
2025-11-16 15:57:34.872,444,13455.89
2025-11-16 15:57:34.872,445,13294.1
2025-11-16 15:57:34.872,446,14805.01
2025-11-16 15:57:34.872,447,13647.49
2025-11-16 15:57:34.872,448,15587.49
2025-11-16 15:57:34.872,449,15331.81
2025-11-16 15:57:34.872,450,15395.25
2025-11-16 15:57:34.872,451,16840.11
2025-11-16 15:57:34.872,452,16064.26
2025-11-16 15:57:34.872,453,16786.96
2025-11-16 15:57:34.872,454,14357.96
2025-11-16 15:57:34.872,455,16646.24
2025-11-16 15:57:34.872,456,14624.25
2025-11-16 15:57:34.872,457,15491.01
2025-11-16 15:57:34.872,458,17054.83
2025-11-16 15:57:34.872,459,15331.81
2025-11-16 15:57:34.872,460,15395.25
2025-11-16 15:57:34.872,461,15881.35
2025-11-16 15:57:34.872,462,15587.49
2025-11-16 15:57:34.872,463,17018.8
2025-11-16 15:57:34.872,464,36053.13
2025-11-16 15:57:34.872,465,15347.64
2025-11-16 15:57:34.872,466,16628.76
2025-11-16 15:57:34.872,467,16014.12
2025-11-16 15:57:34.872,468,15782.65
2025-11-16 15:57:34.872,469,15815.47
2025-11-16 15:57:34.872,470,18659.26
2025-11-16 15:57:34.872,471,22408.76
2025-11-16 15:57:34.872,472,73466.84
2025-11-16 15:57:34.872,473,22616.81
2025-11-16 15:57:34.872,474,15081.15
2025-11-16 15:57:34.872,475,15081.15
2025-11-16 15:57:34.872,476,27695.87
2025-11-16 15:57:34.872,477,57577.48
2025-11-16 15:57:34.872,478,24645.8
2025-11-16 15:57:34.872,479,24645.8
2025-11-16 15:57:34.872,480,14068.74
2025-11-16 15:57:34.872,481,14226.96
2025-11-16 15:57:34.872,482,13254.0
2025-11-16 15:57:34.872,483,13606.17
2025-11-16 15:57:34.872,484,12886.24
2025-11-16 15:57:34.872,485,13029.33
2025-11-16 15:57:34.872,486,13081.8
2025-11-16 15:57:34.872,487,13160.96
2025-11-16 15:57:34.872,488,13134.51
2025-11-16 15:57:34.872,489,13081.8
2025-11-16 15:57:34.872,490,13187.46
2025-11-16 15:57:34.872,491,13187.46
2025-11-16 15:57:34.872,492,13240.66
2025-11-16 15:57:34.872,493,13108.13
2025-11-16 15:57:34.872,494,14431.36
2025-11-16 15:57:34.872,495,13267.35
2025-11-16 15:57:34.872,496,15331.81
2025-11-16 15:57:34.872,497,15034.71
2025-11-16 15:57:34.872,498,15158.95
2025-11-16 15:57:34.872,499,16455.14
2025-11-16 15:57:34.872,500,15848.37
2025-11-16 15:57:34.872,501,16646.24
2025-11-16 15:57:34.872,502,14126.04
2025-11-16 15:57:34.872,503,16352.05
2025-11-16 15:57:34.872,504,14520.01
2025-11-16 15:57:34.872,505,15190.2
2025-11-16 15:57:34.872,506,16982.88
2025-11-16 15:57:34.872,507,15112.21
2025-11-16 15:57:34.872,508,15268.68
2025-11-16 15:57:34.872,509,15652.22
2025-11-16 15:57:34.872,510,15363.49
2025-11-16 15:57:34.872,511,16840.11
2025-11-16 15:57:34.872,512,34935.51
2025-11-16 15:57:34.872,513,15065.65
2025-11-16 15:57:34.872,514,16403.5
2025-11-16 15:57:34.872,515,15815.47
2025-11-16 15:57:34.872,516,15523.09
2025-11-16 15:57:34.872,517,15555.25
2025-11-16 15:57:34.872,518,18458.39
2025-11-16 15:57:34.872,519,22101.59
2025-11-16 15:57:34.872,520,74678.3
2025-11-16 15:57:34.872,521,22564.54
2025-11-16 15:57:34.872,522,14865.85
2025-11-16 15:57:34.872,523,14865.85
2025-11-16 15:57:34.872,524,26875.9
2025-11-16 15:57:34.872,525,57022.54
2025-11-16 15:57:34.872,526,24093.88
2025-11-16 15:57:34.872,527,24093.88
2025-11-16 15:57:34.872,528,14154.79
2025-11-16 15:57:34.872,529,14169.19
2025-11-16 15:57:34.872,530,13240.66
2025-11-16 15:57:34.872,531,13688.95
2025-11-16 15:57:34.872,532,13108.13
2025-11-16 15:57:34.872,533,13254.0
2025-11-16 15:57:34.872,534,13108.13
2025-11-16 15:57:34.872,535,13160.96
2025-11-16 15:57:34.872,536,13094.96
2025-11-16 15:57:34.872,537,13160.96
2025-11-16 15:57:34.872,538,13267.35
2025-11-16 15:57:34.872,539,13174.2
2025-11-16 15:57:34.872,540,13267.35
2025-11-16 15:57:34.872,541,13081.8
2025-11-16 15:57:34.872,542,14241.45
2025-11-16 15:57:34.872,543,13307.49
2025-11-16 15:57:34.872,544,15127.77
2025-11-16 15:57:34.872,545,15050.17
2025-11-16 15:57:34.872,546,15143.35
2025-11-16 15:57:34.872,547,16593.85
2025-11-16 15:57:34.872,548,15947.57
2025-11-16 15:57:34.872,549,16472.4
2025-11-16 15:57:34.872,550,14226.96
2025-11-16 15:57:34.872,551,16403.5
2025-11-16 15:57:34.872,552,14594.37
2025-11-16 15:57:34.872,553,15363.49
2025-11-16 15:57:34.872,554,17163.47
2025-11-16 15:57:34.872,555,15268.68
2025-11-16 15:57:34.872,556,15268.68
2025-11-16 15:57:34.872,557,15799.05
2025-11-16 15:57:34.872,558,15427.09
2025-11-16 15:57:34.872,559,16947.04
2025-11-16 15:57:34.872,560,35897.47
2025-11-16 15:57:34.872,561,15143.35
2025-11-16 15:57:34.872,562,16663.75
2025-11-16 15:57:34.872,563,15815.47
2025-11-16 15:57:34.872,564,15652.22
2025-11-16 15:57:34.872,565,15684.7
2025-11-16 15:57:34.872,566,18578.57
2025-11-16 15:57:34.872,567,22382.94
2025-11-16 15:57:34.872,568,75386.48
2025-11-16 15:57:34.872,569,22616.81
2025-11-16 15:57:34.872,570,15019.26
2025-11-16 15:57:34.872,571,15019.26
2025-11-16 15:57:34.872,572,27695.87
2025-11-16 15:57:34.872,573,51561.75
2025-11-16 15:57:34.872,574,24557.47
2025-11-16 15:57:34.872,575,24557.47
2025-11-16 15:57:34.872,576,14154.79
2025-11-16 15:57:34.872,577,14270.47
2025-11-16 15:57:34.872,578,13240.66
2025-11-16 15:57:34.872,579,13814.22
2025-11-16 15:57:34.872,580,13214.03
2025-11-16 15:57:34.872,581,13320.91
2025-11-16 15:57:34.872,582,13280.71
2025-11-16 15:57:34.872,583,13401.71
2025-11-16 15:57:34.872,584,13214.03
2025-11-16 15:57:34.872,585,13187.46
2025-11-16 15:57:34.872,586,13240.66
2025-11-16 15:57:34.872,587,13214.03
2025-11-16 15:57:34.872,588,13401.71
2025-11-16 15:57:34.872,589,13294.1
2025-11-16 15:57:34.872,590,14594.37
2025-11-16 15:57:34.872,591,13374.71
2025-11-16 15:57:34.872,592,15555.25
2025-11-16 15:57:34.872,593,15205.86
2025-11-16 15:57:34.872,594,15268.68
2025-11-16 15:57:34.872,595,16751.64
2025-11-16 15:57:34.872,596,16114.59
2025-11-16 15:57:34.872,597,16734.02
2025-11-16 15:57:34.872,598,13983.3
2025-11-16 15:57:34.872,599,16420.69
2025-11-16 15:57:34.872,600,14684.21
2025-11-16 15:57:34.872,601,15363.49
2025-11-16 15:57:34.872,602,17383.4
2025-11-16 15:57:34.872,603,15491.01
2025-11-16 15:57:34.872,604,15395.25
2025-11-16 15:57:34.872,605,15815.47
2025-11-16 15:57:34.872,606,15427.09
2025-11-16 15:57:34.872,607,16628.76
2025-11-16 15:57:34.872,608,36157.48
2025-11-16 15:57:34.872,609,15081.15
2025-11-16 15:57:34.872,610,16386.33
2025-11-16 15:57:34.872,611,15864.85
2025-11-16 15:57:34.872,612,15668.45
2025-11-16 15:57:34.872,613,15411.16
2025-11-16 15:57:34.872,614,18538.4
2025-11-16 15:57:34.872,615,22305.72
2025-11-16 15:57:34.872,616,75745.02
2025-11-16 15:57:34.872,617,22616.81
2025-11-16 15:57:34.872,618,15003.83
2025-11-16 15:57:34.872,619,15003.83
2025-11-16 15:57:34.872,620,27836.08
2025-11-16 15:57:34.872,621,57577.48
2025-11-16 15:57:34.872,622,24498.84
2025-11-16 15:57:34.872,623,24498.84
2025-11-16 15:57:34.872,624,14183.61
2025-11-16 15:57:34.872,625,14198.04
2025-11-16 15:57:34.872,626,13267.35
2025-11-16 15:57:34.872,627,13675.12
2025-11-16 15:57:34.872,628,13187.46
2025-11-16 15:57:34.872,629,13320.91
2025-11-16 15:57:34.872,630,13187.46
2025-11-16 15:57:34.872,631,13200.74
2025-11-16 15:57:34.872,632,13187.46
2025-11-16 15:57:34.872,633,13174.2
2025-11-16 15:57:34.872,634,13240.66
2025-11-16 15:57:34.872,635,13214.03
2025-11-16 15:57:34.872,636,13347.78
2025-11-16 15:57:34.872,637,13254.0
2025-11-16 15:57:34.872,638,14594.37
2025-11-16 15:57:34.872,639,13401.71
2025-11-16 15:57:34.872,640,15395.25
2025-11-16 15:57:34.872,641,15174.57
2025-11-16 15:57:34.872,642,15300.2
2025-11-16 15:57:34.872,643,16663.75
2025-11-16 15:57:34.872,644,16014.12
2025-11-16 15:57:34.872,645,16698.84
2025-11-16 15:57:34.872,646,14183.61
2025-11-16 15:57:34.872,647,16182.0
2025-11-16 15:57:34.872,648,14594.37
2025-11-16 15:57:34.872,649,15395.25
2025-11-16 15:57:34.872,650,17181.67
2025-11-16 15:57:34.872,651,15411.16
2025-11-16 15:57:34.872,652,15284.43
2025-11-16 15:57:34.872,653,15815.47
2025-11-16 15:57:34.872,654,15411.16
2025-11-16 15:57:34.872,655,16751.64
2025-11-16 15:57:34.872,656,35184.73
2025-11-16 15:57:34.872,657,15096.68
2025-11-16 15:57:34.872,658,16352.05
2025-11-16 15:57:34.872,659,15815.47
2025-11-16 15:57:34.872,660,15619.82
2025-11-16 15:57:34.872,661,15571.36
2025-11-16 15:57:34.872,662,18498.34
2025-11-16 15:57:34.872,663,22203.33
2025-11-16 15:57:34.872,664,73466.84
2025-11-16 15:57:34.872,665,22408.76
2025-11-16 15:57:34.872,666,15065.65
2025-11-16 15:57:34.872,667,15065.65
2025-11-16 15:57:34.872,668,27043.79
2025-11-16 15:57:34.872,669,56153.31
2025-11-16 15:57:34.872,670,24122.49
2025-11-16 15:57:34.872,671,24122.49
2025-11-16 15:57:34.872,672,13912.56
2025-11-16 15:57:34.872,673,14083.04
2025-11-16 15:57:34.872,674,13187.46
2025-11-16 15:57:34.872,675,13428.77
2025-11-16 15:57:34.872,676,13081.8
2025-11-16 15:57:34.872,677,13294.1
2025-11-16 15:57:34.872,678,13121.31
2025-11-16 15:57:34.872,679,13267.35
2025-11-16 15:57:34.872,680,13254.0
2025-11-16 15:57:34.872,681,13187.46
2025-11-16 15:57:34.872,682,13214.03
2025-11-16 15:57:34.872,683,13240.66
2025-11-16 15:57:34.872,684,13374.71
2025-11-16 15:57:34.872,685,13240.66
2025-11-16 15:57:34.872,686,14624.25
2025-11-16 15:57:34.872,687,13415.23
2025-11-16 15:57:34.872,688,15363.49
2025-11-16 15:57:34.872,689,15158.95
2025-11-16 15:57:34.872,690,15363.49
2025-11-16 15:57:34.872,691,16681.28
2025-11-16 15:57:34.872,692,16030.81
2025-11-16 15:57:34.872,693,16698.84
2025-11-16 15:57:34.872,694,14270.47
2025-11-16 15:57:34.872,695,16681.28
2025-11-16 15:57:34.872,696,14805.01
2025-11-16 15:57:34.872,697,15555.25
2025-11-16 15:57:34.872,698,17163.47
2025-11-16 15:57:34.872,699,15347.64
2025-11-16 15:57:34.872,700,15491.01
2025-11-16 15:57:34.872,701,15914.42
2025-11-16 15:57:34.872,702,15571.36
2025-11-16 15:57:34.872,703,17090.95
2025-11-16 15:57:34.872,704,35949.24
2025-11-16 15:57:34.872,705,15315.99
2025-11-16 15:57:34.872,706,16751.64
2025-11-16 15:57:34.872,707,16047.52
2025-11-16 15:57:34.872,708,15799.05
2025-11-16 15:57:34.872,709,15749.92
2025-11-16 15:57:34.872,710,18740.4
2025-11-16 15:57:34.872,711,22486.47
2025-11-16 15:57:34.872,712,73296.59
2025-11-16 15:57:34.872,713,22827.54
2025-11-16 15:57:34.872,714,15081.15
2025-11-16 15:57:34.872,715,15081.15
2025-11-16 15:57:34.872,716,27800.93
2025-11-16 15:57:34.872,717,57354.41
2025-11-16 15:57:34.872,718,24616.31
2025-11-16 15:57:34.872,719,24616.31
2025-11-16 15:57:34.872,720,14212.49
2025-11-16 15:57:34.872,721,14212.49
2025-11-16 15:57:34.872,722,13401.71
2025-11-16 15:57:34.872,723,13716.68
2025-11-16 15:57:34.872,724,13280.71
2025-11-16 15:57:34.872,725,13401.71
2025-11-16 15:57:34.872,726,13294.1
2025-11-16 15:57:34.872,727,13374.71
2025-11-16 15:57:34.872,728,13320.91
2025-11-16 15:57:34.872,729,13294.1
2025-11-16 15:57:34.872,730,13374.71
2025-11-16 15:57:34.872,731,13469.47
2025-11-16 15:57:34.872,732,13619.93
2025-11-16 15:57:34.872,733,13428.77
2025-11-16 15:57:34.872,734,14881.11
2025-11-16 15:57:34.872,735,13758.38
2025-11-16 15:57:34.872,736,15652.22
2025-11-16 15:57:34.872,737,15395.25
2025-11-16 15:57:34.872,738,15587.49
2025-11-16 15:57:34.872,739,16911.3
2025-11-16 15:57:34.872,740,16148.25
2025-11-16 15:57:34.872,741,17018.8
2025-11-16 15:57:34.872,742,14594.37
2025-11-16 15:57:34.872,743,16840.11
2025-11-16 15:57:34.872,744,14896.38
2025-11-16 15:57:34.872,745,15684.7
2025-11-16 15:57:34.872,746,17531.99
2025-11-16 15:57:34.872,747,15619.82
2025-11-16 15:57:34.872,748,15668.45
2025-11-16 15:57:34.872,749,16081.01
2025-11-16 15:57:34.872,750,15848.37
2025-11-16 15:57:34.872,751,17309.7
2025-11-16 15:57:34.872,752,36579.68
2025-11-16 15:57:34.872,753,15523.09
2025-11-16 15:57:34.872,754,16982.88
2025-11-16 15:57:34.872,755,16249.76
2025-11-16 15:57:34.872,756,15881.35
2025-11-16 15:57:34.872,757,15930.98
2025-11-16 15:57:34.872,758,18801.55
2025-11-16 15:57:34.872,759,22512.45
2025-11-16 15:57:34.872,760,73296.59
2025-11-16 15:57:34.872,761,22987.37
2025-11-16 15:57:34.872,762,15395.25
2025-11-16 15:57:34.872,763,15395.25
2025-11-16 15:57:34.872,764,28335.09
2025-11-16 15:57:34.872,765,53182.58
2025-11-16 15:57:34.872,766,24794.01
2025-11-16 15:57:34.872,767,24794.01
2025-11-16 15:57:34.872,768,14564.57
2025-11-16 15:57:34.872,769,14654.19
2025-11-16 15:57:34.872,770,13647.49
2025-11-16 15:57:34.872,771,13926.67
2025-11-16 15:57:34.872,772,13483.07
2025-11-16 15:57:34.872,773,13483.07
2025-11-16 15:57:34.872,774,13606.17
2025-11-16 15:57:34.872,775,13510.31
2025-11-16 15:57:34.872,776,13619.93
2025-11-16 15:57:34.872,777,13428.77
2025-11-16 15:57:34.872,778,13619.93
2025-11-16 15:57:34.872,779,13510.31
2025-11-16 15:57:34.872,780,13675.12
2025-11-16 15:57:34.872,781,13455.89
2025-11-16 15:57:34.872,782,14881.11
2025-11-16 15:57:34.872,783,13702.81
2025-11-16 15:57:34.872,784,15749.92
2025-11-16 15:57:34.872,785,15395.25
2025-11-16 15:57:34.872,786,15587.49
2025-11-16 15:57:34.872,787,16875.66
2025-11-16 15:57:34.872,788,16249.76
2025-11-16 15:57:34.872,789,16964.95
2025-11-16 15:57:34.872,790,14564.57
2025-11-16 15:57:34.872,791,16875.66
2025-11-16 15:57:34.872,792,14896.38
2025-11-16 15:57:34.872,793,15619.82
2025-11-16 15:57:34.872,794,17513.32
2025-11-16 15:57:34.872,795,15652.22
2025-11-16 15:57:34.872,796,15684.7
2025-11-16 15:57:34.872,797,16114.59
2025-11-16 15:57:34.872,798,15799.05
2025-11-16 15:57:34.872,799,17457.49
2025-11-16 15:57:34.872,800,36526.48
2025-11-16 15:57:34.872,801,15571.36
2025-11-16 15:57:34.872,802,16947.04
2025-11-16 15:57:34.872,803,16334.95
2025-11-16 15:57:34.872,804,16014.12
2025-11-16 15:57:34.872,805,16064.26
2025-11-16 15:57:34.872,806,18801.55
2025-11-16 15:57:34.872,807,22564.54
2025-11-16 15:57:34.872,808,75925.42
2025-11-16 15:57:34.872,809,23284.46
2025-11-16 15:57:34.872,810,15363.49
2025-11-16 15:57:34.872,811,15363.49
2025-11-16 15:57:34.872,812,27836.08
2025-11-16 15:57:34.872,813,56912.64
2025-11-16 15:57:34.872,814,24557.47
2025-11-16 15:57:34.872,815,24557.47
2025-11-16 15:57:34.872,816,14416.64
2025-11-16 15:57:34.872,817,14416.64
2025-11-16 15:57:34.872,818,13267.35
2025-11-16 15:57:34.872,819,13730.56
2025-11-16 15:57:34.872,820,13347.78
2025-11-16 15:57:34.872,821,13388.2
2025-11-16 15:57:34.872,822,13334.34
2025-11-16 15:57:34.872,823,13347.78
2025-11-16 15:57:34.872,824,13374.71
2025-11-16 15:57:34.872,825,13267.35
2025-11-16 15:57:34.872,826,13428.77
2025-11-16 15:57:34.872,827,13428.77
2025-11-16 15:57:34.872,828,13483.07
2025-11-16 15:57:34.872,829,13415.23
2025-11-16 15:57:34.872,830,14759.57
2025-11-16 15:57:34.872,831,13619.93
2025-11-16 15:57:34.872,832,15782.65
2025-11-16 15:57:34.872,833,15363.49
2025-11-16 15:57:34.872,834,15427.09
2025-11-16 15:57:34.872,835,16840.11
2025-11-16 15:57:34.872,836,16114.59
2025-11-16 15:57:34.872,837,16663.75
2025-11-16 15:57:34.872,838,14328.73
2025-11-16 15:57:34.872,839,16369.18
2025-11-16 15:57:34.872,840,14896.38
2025-11-16 15:57:34.872,841,15684.7
2025-11-16 15:57:34.872,842,17531.99
2025-11-16 15:57:34.872,843,15652.22
2025-11-16 15:57:34.872,844,15782.65
2025-11-16 15:57:34.872,845,16047.52
2025-11-16 15:57:34.872,846,15848.37
2025-11-16 15:57:34.872,847,17494.69
2025-11-16 15:57:34.872,848,36473.41
2025-11-16 15:57:34.872,849,15587.49
2025-11-16 15:57:34.872,850,16911.3
2025-11-16 15:57:34.872,851,16386.33
2025-11-16 15:57:34.872,852,15914.42
2025-11-16 15:57:34.872,853,15914.42
2025-11-16 15:57:34.872,854,19069.58
2025-11-16 15:57:34.872,855,22933.92
2025-11-16 15:57:34.872,856,75745.02
2025-11-16 15:57:34.872,857,23202.91
2025-11-16 15:57:34.872,858,15395.25
2025-11-16 15:57:34.872,859,15395.25
2025-11-16 15:57:34.872,860,28155.37
2025-11-16 15:57:34.872,861,57577.48
2025-11-16 15:57:34.872,862,25033.8
2025-11-16 15:57:34.872,863,25033.8
2025-11-16 15:57:34.872,864,14387.27
2025-11-16 15:57:34.872,865,14654.19
2025-11-16 15:57:34.872,866,13647.49
2025-11-16 15:57:34.872,867,13983.3
2025-11-16 15:57:34.872,868,13483.07
2025-11-16 15:57:34.872,869,13647.49
2025-11-16 15:57:34.872,870,13483.07
2025-11-16 15:57:34.872,871,13592.43
2025-11-16 15:57:34.872,872,13578.7
2025-11-16 15:57:34.872,873,13661.29
2025-11-16 15:57:34.872,874,13688.95
2025-11-16 15:57:34.872,875,13592.43
2025-11-16 15:57:34.872,876,13758.38
2025-11-16 15:57:34.872,877,13647.49
2025-11-16 15:57:34.872,878,14988.43
2025-11-16 15:57:34.872,879,13702.81
2025-11-16 15:57:34.872,880,15848.37
2025-11-16 15:57:34.872,881,15411.16
2025-11-16 15:57:34.872,882,15749.92
2025-11-16 15:57:34.872,883,17054.83
2025-11-16 15:57:34.872,884,16114.59
2025-11-16 15:57:34.872,885,16982.88
2025-11-16 15:57:34.872,886,14594.37
2025-11-16 15:57:34.872,887,16982.88
2025-11-16 15:57:34.872,888,15050.17
2025-11-16 15:57:34.872,889,15749.92
2025-11-16 15:57:34.872,890,17720.0
2025-11-16 15:57:34.872,891,15897.87
2025-11-16 15:57:34.872,892,15848.37
2025-11-16 15:57:34.872,893,16249.76
2025-11-16 15:57:34.872,894,16064.26
2025-11-16 15:57:34.872,895,17550.68
2025-11-16 15:57:34.872,896,36901.41
2025-11-16 15:57:34.872,897,15603.64
2025-11-16 15:57:34.872,898,17181.67
2025-11-16 15:57:34.872,899,16611.29
2025-11-16 15:57:34.872,900,16097.79
2025-11-16 15:57:34.872,901,16283.77
2025-11-16 15:57:34.872,902,19470.38
2025-11-16 15:57:34.872,903,23148.76
2025-11-16 15:57:34.872,904,75745.02
2025-11-16 15:57:34.872,905,23366.42
2025-11-16 15:57:34.872,906,15571.36
2025-11-16 15:57:34.872,907,15571.36
2025-11-16 15:57:34.872,908,28335.09
2025-11-16 15:57:34.872,909,57689.57
2025-11-16 15:57:34.872,910,25554.44
2025-11-16 15:57:34.872,911,25554.44
2025-11-16 15:57:34.872,912,15395.25
2025-11-16 15:57:34.872,913,15555.25
2025-11-16 15:57:34.872,914,14534.84
2025-11-16 15:57:34.872,915,14865.85
2025-11-16 15:57:34.872,916,14328.73
2025-11-16 15:57:34.872,917,14416.64
2025-11-16 15:57:34.872,918,14372.61
2025-11-16 15:57:34.872,919,14387.27
2025-11-16 15:57:34.872,920,14372.61
2025-11-16 15:57:34.872,921,14198.04
2025-11-16 15:57:34.872,922,14401.95
2025-11-16 15:57:34.872,923,14372.61
2025-11-16 15:57:34.872,924,14699.24
2025-11-16 15:57:34.872,925,14594.37
2025-11-16 15:57:34.872,926,15815.47
2025-11-16 15:57:34.872,927,14609.3
2025-11-16 15:57:34.872,928,16593.85
2025-11-16 15:57:34.872,929,16283.77
2025-11-16 15:57:34.872,930,16472.4
2025-11-16 15:57:34.872,931,17872.27
2025-11-16 15:57:34.872,932,17145.3
2025-11-16 15:57:34.872,933,18026.2
2025-11-16 15:57:34.872,934,15379.36
2025-11-16 15:57:34.872,935,17420.39
2025-11-16 15:57:34.872,936,15815.47
2025-11-16 15:57:34.872,937,16628.76
2025-11-16 15:57:34.872,938,18498.34
2025-11-16 15:57:34.872,939,16593.85
2025-11-16 15:57:34.872,940,16628.76
2025-11-16 15:57:34.872,941,17127.16
2025-11-16 15:57:34.872,942,16734.02
2025-11-16 15:57:34.872,943,18418.55
2025-11-16 15:57:34.872,944,38006.61
2025-11-16 15:57:34.872,945,16455.14
2025-11-16 15:57:34.872,946,17757.91
2025-11-16 15:57:34.872,947,17090.95
2025-11-16 15:57:34.872,948,17000.83
2025-11-16 15:57:34.872,949,16947.04
2025-11-16 15:57:34.872,950,20059.23
2025-11-16 15:57:34.872,951,24122.49
2025-11-16 15:57:34.872,952,79112.48
2025-11-16 15:57:34.872,953,24093.88
2025-11-16 15:57:34.872,954,16455.14
2025-11-16 15:57:34.872,955,16455.14
2025-11-16 15:57:34.872,956,29449.88
2025-11-16 15:57:34.872,957,58947.51
2025-11-16 15:57:34.872,958,25773.33
2025-11-16 15:57:34.872,959,25773.33
2025-11-16 15:57:34.872,960,31799.26
2025-11-16 15:57:34.872,961,31713.61
2025-11-16 15:57:34.872,962,29603.42
2025-11-16 15:57:34.872,963,30712.49
2025-11-16 15:57:34.872,964,29297.52
2025-11-16 15:57:34.872,965,30349.31
2025-11-16 15:57:34.872,966,30189.96
2025-11-16 15:57:34.872,967,30229.68
2025-11-16 15:57:34.872,968,29992.53
2025-11-16 15:57:34.872,969,29992.53
2025-11-16 15:57:34.872,970,30671.81
2025-11-16 15:57:34.872,971,29914.1
2025-11-16 15:57:34.872,972,29603.42
2025-11-16 15:57:34.872,973,29914.1
2025-11-16 15:57:34.872,974,30550.28
2025-11-16 15:57:34.872,975,30229.68
2025-11-16 15:57:34.872,976,32320.6
2025-11-16 15:57:34.872,977,31501.02
2025-11-16 15:57:34.872,978,29992.53
2025-11-16 15:57:34.872,979,32232.81
2025-11-16 15:57:34.872,980,30631.22
2025-11-16 15:57:34.872,981,31290.57
2025-11-16 15:57:34.872,982,30671.81
2025-11-16 15:57:34.872,983,31206.99
2025-11-16 15:57:34.872,984,28847.41
2025-11-16 15:57:34.872,985,31040.83
2025-11-16 15:57:34.872,986,31501.02
2025-11-16 15:57:34.872,987,25276.9
2025-11-16 15:57:34.872,988,32058.32
2025-11-16 15:57:34.872,989,31374.49
2025-11-16 15:57:34.872,990,32720.19
2025-11-16 15:57:34.872,991,36420.45
2025-11-16 15:57:34.872,992,65586.65
2025-11-16 15:57:34.872,993,32364.63
2025-11-16 15:57:34.872,994,33310.84
2025-11-16 15:57:34.872,995,31040.83
2025-11-16 15:57:34.872,996,33036.22
2025-11-16 15:57:34.872,997,33036.22
2025-11-16 15:57:34.872,998,37781.43
2025-11-16 15:57:34.872,999,42320.58
2025-11-16 15:57:34.872,1000,134609.98
2025-11-16 15:57:34.872,1001,45002.86
2025-11-16 15:57:34.872,1002,31713.61
2025-11-16 15:57:34.872,1003,31713.61
2025-11-16 15:57:34.872,1004,52218.99
2025-11-16 15:57:34.872,1005,92531.65
2025-11-16 15:57:34.872,1006,47161.71
2025-11-16 15:57:34.872,1007,47161.71
2025-11-16 15:57:34.872,1008,56693.92
2025-11-16 15:57:34.872,1009,56260.74
2025-11-16 15:57:34.872,1010,54787.84
2025-11-16 15:57:34.872,1011,55097.93
2025-11-16 15:57:34.872,1012,54378.94
2025-11-16 15:57:34.872,1013,56046.25
2025-11-16 15:57:34.872,1014,54787.84
2025-11-16 15:57:34.872,1015,55621.39
2025-11-16 15:57:34.872,1016,54685.13
2025-11-16 15:57:34.872,1017,54277.52
2025-11-16 15:57:34.872,1018,54994.24
2025-11-16 15:57:34.872,1019,54994.24
2025-11-16 15:57:34.872,1020,54378.94
2025-11-16 15:57:34.872,1021,54685.13
2025-11-16 15:57:34.872,1022,56046.25
2025-11-16 15:57:34.872,1023,54890.87
2025-11-16 15:57:34.872,1024,58484.71
2025-11-16 15:57:34.872,1025,56153.31
2025-11-16 15:57:34.872,1026,50021.84
2025-11-16 15:57:34.872,1027,56368.51
2025-11-16 15:57:34.872,1028,45077.16
2025-11-16 15:57:34.872,1029,49496.55
2025-11-16 15:57:34.872,1030,54075.63
2025-11-16 15:57:34.872,1031,44054.89
2025-11-16 15:57:34.872,1032,51100.71
2025-11-16 15:57:34.872,1033,55939.52
2025-11-16 15:57:34.872,1034,55201.96
2025-11-16 15:57:34.872,1035,51654.79
2025-11-16 15:57:34.872,1036,56046.25
2025-11-16 15:57:34.872,1037,57354.41
2025-11-16 15:57:34.872,1038,58831.23
2025-11-16 15:57:34.872,1039,65867.58
2025-11-16 15:57:34.872,1040,101482.63
2025-11-16 15:57:34.872,1041,57802.03
2025-11-16 15:57:34.872,1042,56046.25
2025-11-16 15:57:34.872,1043,53477.48
2025-11-16 15:57:34.872,1044,56693.92
2025-11-16 15:57:34.872,1045,56912.64
2025-11-16 15:57:34.872,1046,60617.66
2025-11-16 15:57:34.872,1047,56476.62
2025-11-16 15:57:34.872,1048,213700.14
2025-11-16 15:57:34.872,1049,73637.78
2025-11-16 15:57:34.872,1050,56260.74
2025-11-16 15:57:34.872,1051,56260.74
2025-11-16 15:57:34.872,1052,82544.69
2025-11-16 15:57:34.872,1053,144441.03
2025-11-16 15:57:34.872,1054,73637.78
2025-11-16 15:57:34.872,1055,73637.78
2025-11-16 15:57:34.872,1056,45602.89
2025-11-16 15:57:34.872,1057,44126.66
2025-11-16 15:57:34.872,1058,42726.61
2025-11-16 15:57:34.872,1059,41986.96
2025-11-16 15:57:34.872,1060,41592.18
2025-11-16 15:57:34.872,1061,42320.58
2025-11-16 15:57:34.872,1062,41526.96
2025-11-16 15:57:34.872,1063,42053.34
2025-11-16 15:57:34.872,1064,41592.18
2025-11-16 15:57:34.872,1065,41526.96
2025-11-16 15:57:34.872,1066,41920.75
2025-11-16 15:57:34.872,1067,42590.57
2025-11-16 15:57:34.872,1068,41920.75
2025-11-16 15:57:34.872,1069,40630.89
2025-11-16 15:57:34.872,1070,42726.61
2025-11-16 15:57:34.872,1071,41592.18
2025-11-16 15:57:34.872,1072,44707.67
2025-11-16 15:57:34.872,1073,43698.91
2025-11-16 15:57:34.872,1074,37781.43
2025-11-16 15:57:34.872,1075,44415.61
2025-11-16 15:57:34.872,1076,27836.08
2025-11-16 15:57:34.872,1077,29526.5
2025-11-16 15:57:34.872,1078,40693.86
2025-11-16 15:57:34.872,1079,37118.37
2025-11-16 15:57:34.872,1080,31713.61
2025-11-16 15:57:34.872,1081,38695.02
2025-11-16 15:57:34.872,1082,37558.35
2025-11-16 15:57:34.872,1083,36262.32
2025-11-16 15:57:34.872,1084,42053.34
2025-11-16 15:57:34.872,1085,41397.01
2025-11-16 15:57:34.872,1086,43277.87
2025-11-16 15:57:34.872,1087,48641.14
2025-11-16 15:57:34.872,1088,84035.92
2025-11-16 15:57:34.872,1089,42253.52
2025-11-16 15:57:34.872,1090,43698.91
2025-11-16 15:57:34.872,1091,41920.75
2025-11-16 15:57:34.872,1092,41854.7
2025-11-16 15:57:34.872,1093,41788.82
2025-11-16 15:57:34.872,1094,47161.71
2025-11-16 15:57:34.872,1095,50466.71
2025-11-16 15:57:34.872,1096,187749.41
2025-11-16 15:57:34.872,1097,59298.73
2025-11-16 15:57:34.872,1098,41526.96
2025-11-16 15:57:34.872,1099,41526.96
2025-11-16 15:57:34.872,1100,68342.44
2025-11-16 15:57:34.872,1101,126864.97
2025-11-16 15:57:34.872,1102,61608.8
2025-11-16 15:57:34.872,1103,61608.8
2025-11-16 15:57:34.872,1104,51654.79
2025-11-16 15:57:34.872,1105,51654.79
2025-11-16 15:57:34.872,1106,50199.01
2025-11-16 15:57:34.872,1107,50199.01
2025-11-16 15:57:34.872,1108,49758.04
2025-11-16 15:57:34.872,1109,50287.98
2025-11-16 15:57:34.872,1110,49670.62
2025-11-16 15:57:34.872,1111,48641.14
2025-11-16 15:57:34.872,1112,48810.25
2025-11-16 15:57:34.872,1113,48139.58
2025-11-16 15:57:34.872,1114,49151.41
2025-11-16 15:57:34.872,1115,48980.34
2025-11-16 15:57:34.872,1116,49496.55
2025-11-16 15:57:34.872,1117,49065.75
2025-11-16 15:57:34.872,1118,49583.45
2025-11-16 15:57:34.872,1119,47484.0
2025-11-16 15:57:34.872,1120,50918.22
2025-11-16 15:57:34.872,1121,50377.22
2025-11-16 15:57:34.872,1122,43769.74
2025-11-16 15:57:34.872,1123,48980.34
2025-11-16 15:57:34.872,1124,48389.29
2025-11-16 15:57:34.872,1125,48389.29
2025-11-16 15:57:34.872,1126,49237.32
2025-11-16 15:57:34.872,1127,48305.81
2025-11-16 15:57:34.872,1128,42863.36
2025-11-16 15:57:34.872,1129,49151.41
2025-11-16 15:57:34.872,1130,46216.13
2025-11-16 15:57:34.872,1131,45451.66
2025-11-16 15:57:34.872,1132,46138.74
2025-11-16 15:57:34.872,1133,45301.25
2025-11-16 15:57:34.872,1134,48556.95
2025-11-16 15:57:34.872,1135,57577.48
2025-11-16 15:57:34.872,1136,97381.57
2025-11-16 15:57:34.872,1137,47322.41
2025-11-16 15:57:34.872,1138,48139.58
2025-11-16 15:57:34.872,1139,46843.01
2025-11-16 15:57:34.872,1140,49583.45
2025-11-16 15:57:34.872,1141,48895.18
2025-11-16 15:57:34.872,1142,54176.42
2025-11-16 15:57:34.872,1143,61483.39
2025-11-16 15:57:34.872,1144,204325.27
2025-11-16 15:57:34.872,1145,70188.73
2025-11-16 15:57:34.872,1146,48473.0
2025-11-16 15:57:34.872,1147,48473.0
2025-11-16 15:57:34.872,1148,80294.42
2025-11-16 15:57:34.872,1149,143283.25
2025-11-16 15:57:34.872,1150,71631.49
2025-11-16 15:57:34.872,1151,71631.49
2025-11-16 15:57:34.872,1152,92531.65
2025-11-16 15:57:34.872,1153,92019.64
2025-11-16 15:57:34.872,1154,94098.91
2025-11-16 15:57:34.872,1155,90267.15
2025-11-16 15:57:34.872,1156,88573.8
2025-11-16 15:57:34.872,1157,92019.64
2025-11-16 15:57:34.872,1158,89534.38
2025-11-16 15:57:34.872,1159,91010.8
2025-11-16 15:57:34.872,1160,90267.15
2025-11-16 15:57:34.872,1161,88812.2
2025-11-16 15:57:34.872,1162,89534.38
2025-11-16 15:57:34.872,1163,89534.38
2025-11-16 15:57:34.872,1164,91010.8
2025-11-16 15:57:34.872,1165,86707.14
2025-11-16 15:57:34.872,1166,89534.38
2025-11-16 15:57:34.872,1167,90021.7
2025-11-16 15:57:34.872,1168,94098.91
2025-11-16 15:57:34.872,1169,90267.15
2025-11-16 15:57:34.872,1170,88812.2
2025-11-16 15:57:34.872,1171,93309.35
2025-11-16 15:57:34.872,1172,93048.8
2025-11-16 15:57:34.872,1173,89534.38
2025-11-16 15:57:34.872,1174,92019.64
2025-11-16 15:57:34.872,1175,92789.56
2025-11-16 15:57:34.872,1176,86707.14
2025-11-16 15:57:34.872,1177,94632.04
2025-11-16 15:57:34.872,1178,91512.71
2025-11-16 15:57:34.872,1179,90513.82
2025-11-16 15:57:34.872,1180,79699.56
2025-11-16 15:57:34.872,1181,91512.71
2025-11-16 15:57:34.872,1182,83604.98
2025-11-16 15:57:34.872,1183,103652.78
2025-11-16 15:57:34.872,1184,142710.81
2025-11-16 15:57:34.872,1185,76471.19
2025-11-16 15:57:34.872,1186,79307.3
2025-11-16 15:57:34.872,1187,86707.14
2025-11-16 15:57:34.872,1188,81508.11
2025-11-16 15:57:34.872,1189,78725.33
2025-11-16 15:57:34.872,1190,79112.48
2025-11-16 15:57:34.872,1191,91765.55
2025-11-16 15:57:34.872,1192,358884.03
2025-11-16 15:57:34.872,1193,125056.52
2025-11-16 15:57:34.872,1194,75745.02
2025-11-16 15:57:34.872,1195,75745.02
2025-11-16 15:57:34.872,1196,135640.13
2025-11-16 15:57:34.872,1197,241163.34
2025-11-16 15:57:34.872,1198,125056.52
2025-11-16 15:57:34.872,1199,125056.52
2025-11-16 15:57:34.872,1200,988899.38
2025-11-16 15:57:34.872,1201,900097.25
2025-11-16 15:57:34.872,1202,942433.13
2025-11-16 15:57:34.872,1203,734602.25
2025-11-16 15:57:34.872,1204,762705.19
2025-11-16 15:57:34.872,1205,880309.75
2025-11-16 15:57:34.872,1206,640033.69
2025-11-16 15:57:34.872,1207,777567.38
2025-11-16 15:57:34.872,1208,793012.25
2025-11-16 15:57:34.872,1209,988899.38
2025-11-16 15:57:34.872,1210,793012.25
2025-11-16 15:57:34.872,1211,793012.25
2025-11-16 15:57:34.872,1212,988899.38
2025-11-16 15:57:34.872,1213,900097.25
2025-11-16 15:57:34.872,1214,825793.38
2025-11-16 15:57:34.872,1215,942433.13
2025-11-16 15:57:34.872,1216,942433.13
2025-11-16 15:57:34.872,1217,942433.13
2025-11-16 15:57:34.872,1218,880309.75
2025-11-16 15:57:34.872,1219,900097.25
2025-11-16 15:57:34.872,1220,988899.38
2025-11-16 15:57:34.872,1221,942433.13
2025-11-16 15:57:34.872,1222,672541.69
2025-11-16 15:57:34.872,1223,809075.0
2025-11-16 15:57:34.872,1224,793012.25
2025-11-16 15:57:34.872,1225,942433.13
2025-11-16 15:57:34.872,1226,762705.19
2025-11-16 15:57:34.872,1227,880309.75
2025-11-16 15:57:34.872,1228,861364.44
2025-11-16 15:57:34.872,1229,988899.38
2025-11-16 15:57:34.872,1230,988899.38
2025-11-16 15:57:34.872,1231,965113.19
2025-11-16 15:57:34.872,1232,988899.38
2025-11-16 15:57:34.872,1233,988899.38
2025-11-16 15:57:34.872,1234,988899.38
2025-11-16 15:57:34.872,1235,861364.44
2025-11-16 15:57:34.872,1236,861364.44
2025-11-16 15:57:34.872,1237,942433.13
2025-11-16 15:57:34.872,1238,861364.44
2025-11-16 15:57:34.872,1239,965113.19
2025-11-16 15:57:34.872,1240,965113.19
2025-11-16 15:57:34.872,1241,965113.19
2025-11-16 15:57:34.872,1242,920784.13
2025-11-16 15:57:34.872,1243,920784.13
2025-11-16 15:57:34.872,1244,988899.38
2025-11-16 15:57:34.872,1245,988899.38
2025-11-16 15:57:34.872,1246,988899.38
2025-11-16 15:57:34.872,1247,988899.38
2025-11-16 15:57:34.872,1248,206594.58
2025-11-16 15:57:34.872,1249,190659.31
2025-11-16 15:57:34.872,1250,211280.41
2025-11-16 15:57:34.872,1251,211280.41
2025-11-16 15:57:34.872,1252,195704.14
2025-11-16 15:57:34.872,1253,199926.28
2025-11-16 15:57:34.872,1254,208912.44
2025-11-16 15:57:34.872,1255,206594.58
2025-11-16 15:57:34.872,1256,206594.58
2025-11-16 15:57:34.872,1257,194675.0
2025-11-16 15:57:34.872,1258,223932.14
2025-11-16 15:57:34.872,1259,216173.34
2025-11-16 15:57:34.872,1260,210090.06
2025-11-16 15:57:34.872,1261,211280.41
2025-11-16 15:57:34.872,1262,208912.44
2025-11-16 15:57:34.872,1263,207747.34
2025-11-16 15:57:34.872,1264,228014.55
2025-11-16 15:57:34.872,1265,199926.28
2025-11-16 15:57:34.872,1266,188709.95
2025-11-16 15:57:34.872,1267,211280.41
2025-11-16 15:57:34.872,1268,204325.27
2025-11-16 15:57:34.872,1269,206594.58
2025-11-16 15:57:34.872,1270,191648.39
2025-11-16 15:57:34.872,1271,183998.22
2025-11-16 15:57:34.872,1272,204325.27
2025-11-16 15:57:34.872,1273,210090.06
2025-11-16 15:57:34.872,1274,203208.34
2025-11-16 15:57:34.872,1275,195704.14
2025-11-16 15:57:34.872,1276,196743.69
2025-11-16 15:57:34.872,1277,205453.95
2025-11-16 15:57:34.872,1278,184922.63
2025-11-16 15:57:34.872,1279,225277.3
2025-11-16 15:57:34.872,1280,339960.47
2025-11-16 15:57:34.872,1281,180386.63
2025-11-16 15:57:34.872,1282,193656.09
2025-11-16 15:57:34.872,1283,205453.95
2025-11-16 15:57:34.872,1284,191648.39
2025-11-16 15:57:34.872,1285,195704.14
2025-11-16 15:57:34.872,1286,232241.86
2025-11-16 15:57:34.872,1287,262941.66
2025-11-16 15:57:34.872,1288,650520.19
2025-11-16 15:57:34.872,1289,257587.41
2025-11-16 15:57:34.872,1290,194675.0
2025-11-16 15:57:34.872,1291,194675.0
2025-11-16 15:57:34.872,1292,282446.44
2025-11-16 15:57:34.872,1293,483368.97
2025-11-16 15:57:34.872,1294,268514.44
2025-11-16 15:57:34.872,1295,268514.44
2025-11-16 15:57:34.872,1296,57577.48
2025-11-16 15:57:34.872,1297,56585.1
2025-11-16 15:57:34.872,1298,56693.92
2025-11-16 15:57:34.872,1299,55939.52
2025-11-16 15:57:34.872,1300,54787.84
2025-11-16 15:57:34.872,1301,55201.96
2025-11-16 15:57:34.872,1302,54685.13
2025-11-16 15:57:34.872,1303,55621.39
2025-11-16 15:57:34.872,1304,56260.74
2025-11-16 15:57:34.872,1305,54378.94
2025-11-16 15:57:34.872,1306,55201.96
2025-11-16 15:57:34.872,1307,56260.74
2025-11-16 15:57:34.872,1308,56046.25
2025-11-16 15:57:34.872,1309,55833.13
2025-11-16 15:57:34.872,1310,54582.74
2025-11-16 15:57:34.872,1311,56260.74
2025-11-16 15:57:34.872,1312,57802.03
2025-11-16 15:57:34.872,1313,55833.13
2025-11-16 15:57:34.872,1314,55201.96
2025-11-16 15:57:34.872,1315,61860.94
2025-11-16 15:57:34.872,1316,58255.64
2025-11-16 15:57:34.872,1317,59653.54
2025-11-16 15:57:34.872,1318,56912.64
2025-11-16 15:57:34.872,1319,58255.64
2025-11-16 15:57:34.872,1320,53182.58
2025-11-16 15:57:34.872,1321,58255.64
2025-11-16 15:57:34.872,1322,54787.84
2025-11-16 15:57:34.872,1323,58028.08
2025-11-16 15:57:34.872,1324,50199.01
2025-11-16 15:57:34.872,1325,55833.13
2025-11-16 15:57:34.872,1326,50556.48
2025-11-16 15:57:34.872,1327,64077.9
2025-11-16 15:57:34.872,1328,94632.04
2025-11-16 15:57:34.872,1329,51841.71
2025-11-16 15:57:34.872,1330,58255.64
2025-11-16 15:57:34.872,1331,57802.03
2025-11-16 15:57:34.872,1332,49845.72
2025-11-16 15:57:34.872,1333,48810.25
2025-11-16 15:57:34.872,1334,50827.38
2025-11-16 15:57:34.872,1335,71468.63
2025-11-16 15:57:34.872,1336,195704.14
2025-11-16 15:57:34.872,1337,75925.42
2025-11-16 15:57:34.872,1338,52793.59
2025-11-16 15:57:34.872,1339,52793.59
2025-11-16 15:57:34.872,1340,81508.11
2025-11-16 15:57:34.872,1341,153062.25
2025-11-16 15:57:34.872,1342,70504.91
2025-11-16 15:57:34.872,1343,70504.91
2025-11-16 15:57:34.872,1344,31501.02
2025-11-16 15:57:34.872,1345,31206.99
2025-11-16 15:57:34.872,1346,30349.31
2025-11-16 15:57:34.872,1347,30229.68
2025-11-16 15:57:34.872,1348,30071.27
2025-11-16 15:57:34.872,1349,30389.34
2025-11-16 15:57:34.872,1350,30150.32
2025-11-16 15:57:34.872,1351,30071.27
2025-11-16 15:57:34.872,1352,29526.5
2025-11-16 15:57:34.872,1353,29526.5
2025-11-16 15:57:34.872,1354,30071.27
2025-11-16 15:57:34.872,1355,30071.27
2025-11-16 15:57:34.872,1356,30189.96
2025-11-16 15:57:34.872,1357,30071.27
2025-11-16 15:57:34.872,1358,30835.0
2025-11-16 15:57:34.872,1359,30150.32
2025-11-16 15:57:34.872,1360,32276.66
2025-11-16 15:57:34.872,1361,31248.74
2025-11-16 15:57:34.872,1362,31458.76
2025-11-16 15:57:34.872,1363,34348.4
2025-11-16 15:57:34.872,1364,32945.45
2025-11-16 15:57:34.872,1365,34012.93
2025-11-16 15:57:34.872,1366,31248.74
2025-11-16 15:57:34.872,1367,33776.39
2025-11-16 15:57:34.872,1368,30999.5
2025-11-16 15:57:34.872,1369,32945.45
2025-11-16 15:57:34.872,1370,34060.55
2025-11-16 15:57:34.872,1371,32364.63
2025-11-16 15:57:34.872,1372,30309.35
2025-11-16 15:57:34.872,1373,32945.45
2025-11-16 15:57:34.872,1374,29603.42
2025-11-16 15:57:34.872,1375,34640.03
2025-11-16 15:57:34.872,1376,60374.14
2025-11-16 15:57:34.872,1377,29914.1
2025-11-16 15:57:34.872,1378,32855.06
2025-11-16 15:57:34.872,1379,32855.06
2025-11-16 15:57:34.872,1380,30150.32
2025-11-16 15:57:34.872,1381,29526.5
2025-11-16 15:57:34.872,1382,31885.26
2025-11-16 15:57:34.872,1383,42186.62
2025-11-16 15:57:34.872,1384,135123.23
2025-11-16 15:57:34.872,1385,44781.16
2025-11-16 15:57:34.872,1386,30349.31
2025-11-16 15:57:34.872,1387,30349.31
2025-11-16 15:57:34.872,1388,50377.22
2025-11-16 15:57:34.872,1389,93571.2
2025-11-16 15:57:34.872,1390,45002.86
2025-11-16 15:57:34.872,1391,45002.86
2025-11-16 15:57:34.872,1392,33776.39
2025-11-16 15:57:34.872,1393,33588.98
2025-11-16 15:57:34.872,1394,32675.42
2025-11-16 15:57:34.872,1395,31458.76
2025-11-16 15:57:34.872,1396,31501.02
2025-11-16 15:57:34.872,1397,32364.63
2025-11-16 15:57:34.872,1398,32145.38
2025-11-16 15:57:34.872,1399,32320.6
2025-11-16 15:57:34.872,1400,32145.38
2025-11-16 15:57:34.872,1401,31628.31
2025-11-16 15:57:34.872,1402,32276.66
2025-11-16 15:57:34.872,1403,32408.75
2025-11-16 15:57:34.872,1404,32586.16
2025-11-16 15:57:34.872,1405,32189.05
2025-11-16 15:57:34.872,1406,33036.22
2025-11-16 15:57:34.872,1407,32058.32
2025-11-16 15:57:34.872,1408,34542.39
2025-11-16 15:57:34.872,1409,32945.45
2025-11-16 15:57:34.872,1410,34060.55
2025-11-16 15:57:34.872,1411,37392.4
2025-11-16 15:57:34.872,1412,36001.13
2025-11-16 15:57:34.872,1413,36473.41
2025-11-16 15:57:34.872,1414,32855.06
2025-11-16 15:57:34.872,1415,36686.43
2025-11-16 15:57:34.872,1416,33682.49
2025-11-16 15:57:34.872,1417,35184.73
2025-11-16 15:57:34.872,1418,37447.59
2025-11-16 15:57:34.872,1419,34396.74
2025-11-16 15:57:34.872,1420,33682.49
2025-11-16 15:57:34.872,1421,35794.29
2025-11-16 15:57:34.872,1422,33682.49
2025-11-16 15:57:34.872,1423,38006.61
2025-11-16 15:57:34.872,1424,66723.02
2025-11-16 15:57:34.872,1425,33729.39
2025-11-16 15:57:34.872,1426,36793.67
2025-11-16 15:57:34.872,1427,35742.86
2025-11-16 15:57:34.872,1428,34108.26
2025-11-16 15:57:34.872,1429,34348.4
2025-11-16 15:57:34.872,1430,37893.76
2025-11-16 15:57:34.872,1431,46371.55
2025-11-16 15:57:34.872,1432,154372.98
2025-11-16 15:57:34.872,1433,48641.14
2025-11-16 15:57:34.872,1434,34348.4
2025-11-16 15:57:34.872,1435,34348.4
2025-11-16 15:57:34.872,1436,54685.13
2025-11-16 15:57:34.872,1437,102712.45
2025-11-16 15:57:34.872,1438,48810.25
2025-11-16 15:57:34.872,1439,48810.25
2025-11-16 15:57:34.872,1440,38811.68
2025-11-16 15:57:34.872,1441,38006.61
2025-11-16 15:57:34.872,1442,37725.46
2025-11-16 15:57:34.872,1443,37725.46
2025-11-16 15:57:34.872,1444,37447.59
2025-11-16 15:57:34.872,1445,37558.35
2025-11-16 15:57:34.872,1446,37118.37
2025-11-16 15:57:34.872,1447,37669.63
2025-11-16 15:57:34.872,1448,37725.46
2025-11-16 15:57:34.872,1449,37392.4
2025-11-16 15:57:34.872,1450,37781.43
2025-11-16 15:57:34.872,1451,37781.43
2025-11-16 15:57:34.872,1452,37893.76
2025-11-16 15:57:34.872,1453,37781.43
2025-11-16 15:57:34.872,1454,37009.64
2025-11-16 15:57:34.872,1455,37613.93
2025-11-16 15:57:34.872,1456,39343.6
2025-11-16 15:57:34.872,1457,37950.12
2025-11-16 15:57:34.872,1458,37725.46
2025-11-16 15:57:34.872,1459,42658.5
2025-11-16 15:57:34.872,1460,41592.18
2025-11-16 15:57:34.872,1461,42320.58
2025-11-16 15:57:34.872,1462,39224.4
2025-11-16 15:57:34.872,1463,42455.23
2025-11-16 15:57:34.872,1464,39224.4
2025-11-16 15:57:34.872,1465,41526.96
2025-11-16 15:57:34.872,1466,42455.23
2025-11-16 15:57:34.872,1467,40630.89
2025-11-16 15:57:34.872,1468,37227.6
2025-11-16 15:57:34.872,1469,41139.08
2025-11-16 15:57:34.872,1470,36793.67
2025-11-16 15:57:34.872,1471,44561.25
2025-11-16 15:57:34.872,1472,71306.41
2025-11-16 15:57:34.872,1473,36793.67
2025-11-16 15:57:34.872,1474,41657.55
2025-11-16 15:57:34.872,1475,41723.1
2025-11-16 15:57:34.872,1476,35949.24
2025-11-16 15:57:34.872,1477,35897.47
2025-11-16 15:57:34.872,1478,30429.46
2025-11-16 15:57:34.872,1479,51654.79
2025-11-16 15:57:34.872,1480,145616.44
2025-11-16 15:57:34.872,1481,55621.39
2025-11-16 15:57:34.872,1482,37669.63
2025-11-16 15:57:34.872,1483,37669.63
2025-11-16 15:57:34.872,1484,60374.14
2025-11-16 15:57:34.872,1485,109291.9
2025-11-16 15:57:34.872,1486,54277.52
2025-11-16 15:57:34.872,1487,54277.52
2025-11-16 15:57:34.872,1488,31290.57
2025-11-16 15:57:34.872,1489,30794.08
2025-11-16 15:57:34.872,1490,29992.53
2025-11-16 15:57:34.872,1491,29297.52
2025-11-16 15:57:34.872,1492,29071.17
2025-11-16 15:57:34.872,1493,29564.92
2025-11-16 15:57:34.872,1494,29411.68
2025-11-16 15:57:34.872,1495,29564.92
2025-11-16 15:57:34.872,1496,30189.96
2025-11-16 15:57:34.872,1497,28996.3
2025-11-16 15:57:34.872,1498,29221.78
2025-11-16 15:57:34.872,1499,29914.1
2025-11-16 15:57:34.872,1500,29992.53
2025-11-16 15:57:34.872,1501,30071.27
2025-11-16 15:57:34.872,1502,29914.1
2025-11-16 15:57:34.872,1503,30229.68
2025-11-16 15:57:34.872,1504,31628.31
2025-11-16 15:57:34.872,1505,30550.28
2025-11-16 15:57:34.872,1506,30071.27
2025-11-16 15:57:34.872,1507,34348.4
2025-11-16 15:57:34.872,1508,33588.98
2025-11-16 15:57:34.872,1509,33870.7
2025-11-16 15:57:34.872,1510,31290.57
2025-11-16 15:57:34.872,1511,34300.16
2025-11-16 15:57:34.872,1512,31248.74
2025-11-16 15:57:34.872,1513,32675.42
2025-11-16 15:57:34.872,1514,34591.16
2025-11-16 15:57:34.872,1515,32675.42
2025-11-16 15:57:34.872,1516,30876.0
2025-11-16 15:57:34.872,1517,33127.38
2025-11-16 15:57:34.872,1518,30835.0
2025-11-16 15:57:34.872,1519,35335.6
2025-11-16 15:57:34.872,1520,61987.67
2025-11-16 15:57:34.872,1521,30958.25
2025-11-16 15:57:34.872,1522,34300.16
2025-11-16 15:57:34.872,1523,33495.87
2025-11-16 15:57:34.872,1524,31248.74
2025-11-16 15:57:34.872,1525,30958.25
2025-11-16 15:57:34.872,1526,34689.0
2025-11-16 15:57:34.872,1527,43277.87
2025-11-16 15:57:34.872,1528,137745.05
2025-11-16 15:57:34.872,1529,45002.86
2025-11-16 15:57:34.872,1530,31374.49
2025-11-16 15:57:34.872,1531,31374.49
2025-11-16 15:57:34.872,1532,50466.71
2025-11-16 15:57:34.872,1533,95170.63
2025-11-16 15:57:34.872,1534,45151.65
2025-11-16 15:57:34.872,1535,45151.65
2025-11-16 15:57:34.872,1536,25554.44
2025-11-16 15:57:34.872,1537,25554.44
2025-11-16 15:57:34.872,1538,25554.44
2025-11-16 15:57:34.872,1539,25554.44
2025-11-16 15:57:34.872,1540,25554.44
2025-11-16 15:57:34.872,1541,25554.44
2025-11-16 15:57:34.872,1542,25554.44
2025-11-16 15:57:34.872,1543,25554.44
2025-11-16 15:57:34.872,1544,25554.44
2025-11-16 15:57:34.872,1545,25554.44
2025-11-16 15:57:34.872,1546,25554.44
2025-11-16 15:57:34.872,1547,25554.44
2025-11-16 15:57:34.872,1548,25554.44
2025-11-16 15:57:34.872,1549,25554.44
2025-11-16 15:57:34.872,1550,25554.44
2025-11-16 15:57:34.872,1551,25554.44
2025-11-16 15:57:34.872,1552,25554.44
2025-11-16 15:57:34.872,1553,25554.44
2025-11-16 15:57:34.872,1554,25554.44
2025-11-16 15:57:34.872,1555,25554.44
2025-11-16 15:57:34.872,1556,25554.44
2025-11-16 15:57:34.872,1557,25554.44
2025-11-16 15:57:34.872,1558,25554.44
2025-11-16 15:57:34.872,1559,25554.44
2025-11-16 15:57:34.872,1560,25554.44
2025-11-16 15:57:34.872,1561,25554.44
2025-11-16 15:57:34.872,1562,25554.44
2025-11-16 15:57:34.872,1563,25554.44
2025-11-16 15:57:34.872,1564,25554.44
2025-11-16 15:57:34.872,1565,25554.44
2025-11-16 15:57:34.872,1566,25554.44
2025-11-16 15:57:34.872,1567,25554.44
2025-11-16 15:57:34.872,1568,25554.44
2025-11-16 15:57:34.872,1569,25554.44
2025-11-16 15:57:34.872,1570,25554.44
2025-11-16 15:57:34.872,1571,25554.44
2025-11-16 15:57:34.872,1572,25554.44
2025-11-16 15:57:34.872,1573,25554.44
2025-11-16 15:57:34.872,1574,25554.44
2025-11-16 15:57:34.872,1575,25554.44
2025-11-16 15:57:34.872,1576,25554.44
2025-11-16 15:57:34.872,1577,25554.44
2025-11-16 15:57:34.872,1578,25554.44
2025-11-16 15:57:34.872,1579,25554.44
2025-11-16 15:57:34.872,1580,25554.44
2025-11-16 15:57:34.872,1581,25554.44
2025-11-16 15:57:34.872,1582,25554.44
2025-11-16 15:57:34.872,1583,25554.44
2025-11-16 15:57:34.872,1584,25554.44
2025-11-16 15:57:34.872,1585,25124.57
2025-11-16 15:57:34.872,1586,24557.47
2025-11-16 15:57:34.872,1587,24122.49
2025-11-16 15:57:34.872,1588,24324.12
2025-11-16 15:57:34.872,1589,24324.12
2025-11-16 15:57:34.872,1590,24353.12
2025-11-16 15:57:34.872,1591,24557.47
2025-11-16 15:57:34.872,1592,24469.6
2025-11-16 15:57:34.872,1593,24208.61
2025-11-16 15:57:34.872,1594,24557.47
2025-11-16 15:57:34.872,1595,24266.27
2025-11-16 15:57:34.872,1596,24586.87
2025-11-16 15:57:34.872,1597,24557.47
2025-11-16 15:57:34.872,1598,24324.12
2025-11-16 15:57:34.872,1599,24704.93
2025-11-16 15:57:34.872,1600,25154.93
2025-11-16 15:57:34.872,1601,24498.84
2025-11-16 15:57:34.872,1602,24093.88
2025-11-16 15:57:34.872,1603,27765.84
2025-11-16 15:57:34.872,1604,27349.84
2025-11-16 15:57:34.872,1605,27660.98
2025-11-16 15:57:34.872,1606,25246.33
2025-11-16 15:57:34.872,1607,27765.84
2025-11-16 15:57:34.872,1608,25710.52
2025-11-16 15:57:34.872,1609,26875.9
2025-11-16 15:57:34.872,1610,28736.48
2025-11-16 15:57:34.872,1611,26742.69
2025-11-16 15:57:34.872,1612,25033.8
2025-11-16 15:57:34.872,1613,26742.69
2025-11-16 15:57:34.872,1614,25094.26
2025-11-16 15:57:34.872,1615,29564.92
2025-11-16 15:57:34.872,1616,50377.22
2025-11-16 15:57:34.872,1617,24734.57
2025-11-16 15:57:34.872,1618,27977.33
2025-11-16 15:57:34.872,1619,27626.15
2025-11-16 15:57:34.872,1620,24853.65
2025-11-16 15:57:34.872,1621,25523.39
2025-11-16 15:57:34.872,1622,28371.24
2025-11-16 15:57:34.872,1623,36262.32
2025-11-16 15:57:34.872,1624,114753.04
2025-11-16 15:57:34.872,1625,37613.93
2025-11-16 15:57:34.872,1626,25804.82
2025-11-16 15:57:34.872,1627,25804.82
2025-11-16 15:57:34.872,1628,42053.34
2025-11-16 15:57:34.872,1629,84909.8
2025-11-16 15:57:34.872,1630,37669.63
2025-11-16 15:57:34.872,1631,37669.63
2025-11-16 15:57:34.872,1632,24208.61
2025-11-16 15:57:34.872,1633,23339.05
2025-11-16 15:57:34.872,1634,23202.91
2025-11-16 15:57:34.872,1635,22774.6
2025-11-16 15:57:34.872,1636,23040.99
2025-11-16 15:57:34.872,1637,23230.05
2025-11-16 15:57:34.872,1638,22590.65
2025-11-16 15:57:34.872,1639,22933.92
2025-11-16 15:57:34.872,1640,22960.62
2025-11-16 15:57:34.872,1641,23014.16
2025-11-16 15:57:34.872,1642,23339.05
2025-11-16 15:57:34.872,1643,23202.91
2025-11-16 15:57:34.872,1644,23175.81
2025-11-16 15:57:34.872,1645,22987.37
2025-11-16 15:57:34.872,1646,21553.27
2025-11-16 15:57:34.872,1647,23202.91
2025-11-16 15:57:34.872,1648,23040.99
2025-11-16 15:57:34.872,1649,22305.72
2025-11-16 15:57:34.872,1650,22827.54
2025-11-16 15:57:34.872,1651,26154.89
2025-11-16 15:57:34.872,1652,25710.52
2025-11-16 15:57:34.872,1653,26187.06
2025-11-16 15:57:34.872,1654,24208.61
2025-11-16 15:57:34.872,1655,26283.89
2025-11-16 15:57:34.872,1656,24036.8
2025-11-16 15:57:34.872,1657,25523.39
2025-11-16 15:57:34.872,1658,26154.89
2025-11-16 15:57:34.872,1659,25094.26
2025-11-16 15:57:34.872,1660,19069.58
2025-11-16 15:57:34.872,1661,24973.54
2025-11-16 15:57:34.872,1662,17438.93
2025-11-16 15:57:34.872,1663,27010.09
2025-11-16 15:57:34.872,1664,44126.66
2025-11-16 15:57:34.872,1665,17606.89
2025-11-16 15:57:34.872,1666,25276.9
2025-11-16 15:57:34.872,1667,25033.8
2025-11-16 15:57:34.872,1668,17054.83
2025-11-16 15:57:34.872,1669,19838.42
2025-11-16 15:57:34.872,1670,24151.15
2025-11-16 15:57:34.872,1671,31756.39
2025-11-16 15:57:34.872,1672,93048.8
2025-11-16 15:57:34.872,1673,35134.67
2025-11-16 15:57:34.872,1674,20928.83
2025-11-16 15:57:34.872,1675,20928.83
2025-11-16 15:57:34.872,1676,39403.42
2025-11-16 15:57:34.872,1677,79503.01
2025-11-16 15:57:34.872,1678,34640.03
2025-11-16 15:57:34.872,1679,34640.03
2025-11-16 15:57:34.872,1680,35134.67
2025-11-16 15:57:34.872,1681,34493.74
2025-11-16 15:57:34.872,1682,34060.55
2025-11-16 15:57:34.872,1683,33036.22
2025-11-16 15:57:34.872,1684,33682.49
2025-11-16 15:57:34.872,1685,34060.55
2025-11-16 15:57:34.872,1686,33682.49
2025-11-16 15:57:34.872,1687,34640.03
2025-11-16 15:57:34.872,1688,34108.26
2025-11-16 15:57:34.872,1689,33495.87
2025-11-16 15:57:34.872,1690,33588.98
2025-11-16 15:57:34.872,1691,33495.87
2025-11-16 15:57:34.872,1692,33588.98
2025-11-16 15:57:34.872,1693,34156.08
2025-11-16 15:57:34.872,1694,28810.36
2025-11-16 15:57:34.872,1695,33776.39
2025-11-16 15:57:34.872,1696,33588.98
2025-11-16 15:57:34.872,1697,31543.36
2025-11-16 15:57:34.872,1698,33635.68
2025-11-16 15:57:34.872,1699,37725.46
2025-11-16 15:57:34.872,1700,37009.64
2025-11-16 15:57:34.872,1701,37502.91
2025-11-16 15:57:34.872,1702,34445.18
2025-11-16 15:57:34.872,1703,37725.46
2025-11-16 15:57:34.872,1704,34445.18
2025-11-16 15:57:34.872,1705,36579.68
2025-11-16 15:57:34.872,1706,37558.35
2025-11-16 15:57:34.872,1707,36579.68
2025-11-16 15:57:34.872,1708,31585.79
2025-11-16 15:57:34.872,1709,36579.68
2025-11-16 15:57:34.872,1710,31123.74
2025-11-16 15:57:34.872,1711,39523.48
2025-11-16 15:57:34.872,1712,56693.92
2025-11-16 15:57:34.872,1713,31501.02
2025-11-16 15:57:34.872,1714,37063.94
2025-11-16 15:57:34.872,1715,36793.67
2025-11-16 15:57:34.872,1716,29071.17
2025-11-16 15:57:34.872,1717,31756.39
2025-11-16 15:57:34.872,1718,36157.48
2025-11-16 15:57:34.872,1719,46138.74
2025-11-16 15:57:34.872,1720,119906.74
2025-11-16 15:57:34.872,1721,48980.34
2025-11-16 15:57:34.872,1722,33036.22
2025-11-16 15:57:34.872,1723,33036.22
2025-11-16 15:57:34.872,1724,51935.61
2025-11-16 15:57:34.872,1725,105581.22
2025-11-16 15:57:34.872,1726,46293.73
2025-11-16 15:57:34.872,1727,46293.73
2025-11-16 15:57:34.872,1728,25994.93
2025-11-16 15:57:34.872,1729,25064.0
2025-11-16 15:57:34.872,1730,24823.81
2025-11-16 15:57:34.872,1731,24616.31
2025-11-16 15:57:34.872,1732,24586.87
2025-11-16 15:57:34.872,1733,24764.27
2025-11-16 15:57:34.872,1734,24586.87
2025-11-16 15:57:34.872,1735,24734.57
2025-11-16 15:57:34.872,1736,24734.57
2025-11-16 15:57:34.872,1737,24675.34
2025-11-16 15:57:34.872,1738,24823.81
2025-11-16 15:57:34.872,1739,25003.64
2025-11-16 15:57:34.872,1740,23866.7
2025-11-16 15:57:34.872,1741,24764.27
2025-11-16 15:57:34.872,1742,21750.49
2025-11-16 15:57:34.872,1743,24675.34
2025-11-16 15:57:34.872,1744,24498.84
2025-11-16 15:57:34.872,1745,23148.76
2025-11-16 15:57:34.872,1746,23421.27
2025-11-16 15:57:34.872,1747,27556.69
2025-11-16 15:57:34.872,1748,27384.16
2025-11-16 15:57:34.872,1749,27626.15
2025-11-16 15:57:34.872,1750,25773.33
2025-11-16 15:57:34.872,1751,27941.91
2025-11-16 15:57:34.872,1752,25215.81
2025-11-16 15:57:34.872,1753,26742.69
2025-11-16 15:57:34.872,1754,26842.51
2025-11-16 15:57:34.872,1755,26090.74
2025-11-16 15:57:34.872,1756,18822.0
2025-11-16 15:57:34.872,1757,26283.89
2025-11-16 15:57:34.872,1758,20373.88
2025-11-16 15:57:34.872,1759,28996.3
2025-11-16 15:57:34.872,1760,45754.95
2025-11-16 15:57:34.872,1761,21950.17
2025-11-16 15:57:34.872,1762,26809.18
2025-11-16 15:57:34.872,1763,26742.69
2025-11-16 15:57:34.872,1764,21094.51
2025-11-16 15:57:34.872,1765,20999.62
2025-11-16 15:57:34.872,1766,25554.44
2025-11-16 15:57:34.872,1767,34060.55
2025-11-16 15:57:34.872,1768,98811.18
2025-11-16 15:57:34.872,1769,36793.67
2025-11-16 15:57:34.872,1770,23202.91
2025-11-16 15:57:34.872,1771,23202.91
2025-11-16 15:57:34.872,1772,38636.91
2025-11-16 15:57:34.872,1773,81508.11
2025-11-16 15:57:34.872,1774,34252.03
2025-11-16 15:57:34.872,1775,34252.03
2025-11-16 15:57:34.872,1776,22880.64
2025-11-16 15:57:34.872,1777,22025.71
2025-11-16 15:57:34.872,1778,21700.95
2025-11-16 15:57:34.872,1779,21602.34
2025-11-16 15:57:34.872,1780,21700.95
2025-11-16 15:57:34.872,1781,21750.49
2025-11-16 15:57:34.872,1782,21700.95
2025-11-16 15:57:34.872,1783,22050.96
2025-11-16 15:57:34.872,1784,21725.7
2025-11-16 15:57:34.872,1785,21700.95
2025-11-16 15:57:34.872,1786,21750.49
2025-11-16 15:57:34.872,1787,22152.38
2025-11-16 15:57:34.872,1788,21900.02
2025-11-16 15:57:34.872,1789,21925.08
2025-11-16 15:57:34.872,1790,19751.0
2025-11-16 15:57:34.872,1791,21750.49
2025-11-16 15:57:34.872,1792,21286.04
2025-11-16 15:57:34.872,1793,20260.76
2025-11-16 15:57:34.872,1794,20811.56
2025-11-16 15:57:34.872,1795,24498.84
2025-11-16 15:57:34.872,1796,24498.84
2025-11-16 15:57:34.872,1797,24498.84
2025-11-16 15:57:34.872,1798,22774.6
2025-11-16 15:57:34.872,1799,24704.93
2025-11-16 15:57:34.872,1800,22460.52
2025-11-16 15:57:34.872,1801,24151.15
2025-11-16 15:57:34.872,1802,24557.47
2025-11-16 15:57:34.872,1803,23670.38
2025-11-16 15:57:34.872,1804,18378.83
2025-11-16 15:57:34.872,1805,23782.29
2025-11-16 15:57:34.872,1806,19028.03
2025-11-16 15:57:34.872,1807,25710.52
2025-11-16 15:57:34.872,1808,41723.1
2025-11-16 15:57:34.872,1809,19363.84
2025-11-16 15:57:34.872,1810,23810.38
2025-11-16 15:57:34.872,1811,23782.29
2025-11-16 15:57:34.872,1812,17834.04
2025-11-16 15:57:34.872,1813,16455.14
2025-11-16 15:57:34.872,1814,23148.76
2025-11-16 15:57:34.872,1815,30429.46
2025-11-16 15:57:34.872,1816,91512.71
2025-11-16 15:57:34.872,1817,33588.98
2025-11-16 15:57:34.872,1818,20419.37
2025-11-16 15:57:34.872,1819,20419.37
2025-11-16 15:57:34.872,1820,36473.41
2025-11-16 15:57:34.872,1821,75745.02
2025-11-16 15:57:34.872,1822,31670.92
2025-11-16 15:57:34.872,1823,31670.92
2025-11-16 15:57:34.872,1824,32675.42
2025-11-16 15:57:34.872,1825,31458.76
2025-11-16 15:57:34.872,1826,31543.36
2025-11-16 15:57:34.872,1827,31290.57
2025-11-16 15:57:34.872,1828,31628.31
2025-11-16 15:57:34.872,1829,31628.31
2025-11-16 15:57:34.872,1830,31799.26
2025-11-16 15:57:34.872,1831,31971.61
2025-11-16 15:57:34.872,1832,31628.31
2025-11-16 15:57:34.872,1833,31501.02
2025-11-16 15:57:34.872,1834,31885.26
2025-11-16 15:57:34.872,1835,32058.32
2025-11-16 15:57:34.872,1836,30631.22
2025-11-16 15:57:34.872,1837,31713.61
2025-11-16 15:57:34.872,1838,28516.51
2025-11-16 15:57:34.872,1839,31501.02
2025-11-16 15:57:34.872,1840,32145.38
2025-11-16 15:57:34.872,1841,30631.22
2025-11-16 15:57:34.872,1842,31082.24
2025-11-16 15:57:34.872,1843,35742.86
2025-11-16 15:57:34.872,1844,34591.16
2025-11-16 15:57:34.872,1845,35335.6
2025-11-16 15:57:34.872,1846,33127.38
2025-11-16 15:57:34.872,1847,35949.24
2025-11-16 15:57:34.872,1848,32900.21
2025-11-16 15:57:34.872,1849,35335.6
2025-11-16 15:57:34.872,1850,36105.25
2025-11-16 15:57:34.872,1851,34156.08
2025-11-16 15:57:34.872,1852,28921.71
2025-11-16 15:57:34.872,1853,34252.03
2025-11-16 15:57:34.872,1854,27906.57
2025-11-16 15:57:34.872,1855,37613.93
2025-11-16 15:57:34.872,1856,56693.92
2025-11-16 15:57:34.872,1857,29992.53
2025-11-16 15:57:34.872,1858,35184.73
2025-11-16 15:57:34.872,1859,34493.74
2025-11-16 15:57:34.872,1860,30389.34
2025-11-16 15:57:34.872,1861,30229.68
2025-11-16 15:57:34.872,1862,34060.55
2025-11-16 15:57:34.872,1863,44126.66
2025-11-16 15:57:34.872,1864,136685.03
2025-11-16 15:57:34.872,1865,47001.92
2025-11-16 15:57:34.872,1866,31543.36
2025-11-16 15:57:34.872,1867,31543.36
2025-11-16 15:57:34.872,1868,49496.55
2025-11-16 15:57:34.872,1869,101482.63
2025-11-16 15:57:34.872,1870,43347.59
2025-11-16 15:57:34.872,1871,43347.59
2025-11-16 15:57:34.872,1872,27349.84
2025-11-16 15:57:34.872,1873,26479.11
2025-11-16 15:57:34.872,1874,26381.24
2025-11-16 15:57:34.872,1875,26187.06
2025-11-16 15:57:34.872,1876,26283.89
2025-11-16 15:57:34.872,1877,26511.85
2025-11-16 15:57:34.872,1878,26283.89
2025-11-16 15:57:34.872,1879,26479.11
2025-11-16 15:57:34.872,1880,26219.28
2025-11-16 15:57:34.872,1881,26026.81
2025-11-16 15:57:34.872,1882,26187.06
2025-11-16 15:57:34.872,1883,26577.51
2025-11-16 15:57:34.872,1884,26251.55
2025-11-16 15:57:34.872,1885,26348.73
2025-11-16 15:57:34.872,1886,22907.26
2025-11-16 15:57:34.872,1887,26544.65
2025-11-16 15:57:34.872,1888,26348.73
2025-11-16 15:57:34.872,1889,25185.35
2025-11-16 15:57:34.872,1890,25773.33
2025-11-16 15:57:34.872,1891,29297.52
2025-11-16 15:57:34.872,1892,29146.33
2025-11-16 15:57:34.872,1893,29297.52
2025-11-16 15:57:34.872,1894,27349.84
2025-11-16 15:57:34.872,1895,30150.32
2025-11-16 15:57:34.872,1896,27179.19
2025-11-16 15:57:34.872,1897,28921.71
2025-11-16 15:57:34.872,1898,29184.02
2025-11-16 15:57:34.872,1899,28263.01
2025-11-16 15:57:34.872,1900,22000.49
2025-11-16 15:57:34.872,1901,28480.09
2025-11-16 15:57:34.872,1902,20442.16
2025-11-16 15:57:34.872,1903,30876.0
2025-11-16 15:57:34.872,1904,48556.95
2025-11-16 15:57:34.872,1905,24151.15
2025-11-16 15:57:34.872,1906,28996.3
2025-11-16 15:57:34.872,1907,28119.63
2025-11-16 15:57:34.872,1908,23586.93
2025-11-16 15:57:34.872,1909,23586.93
2025-11-16 15:57:34.872,1910,26610.43
2025-11-16 15:57:34.872,1911,36793.67
2025-11-16 15:57:34.872,1912,105255.28
2025-11-16 15:57:34.872,1913,39165.01
2025-11-16 15:57:34.872,1914,25185.35
2025-11-16 15:57:34.872,1915,25185.35
2025-11-16 15:57:34.872,1916,41526.96
2025-11-16 15:57:34.872,1917,86251.47
2025-11-16 15:57:34.872,1918,36053.13
2025-11-16 15:57:34.872,1919,36053.13
2025-11-16 15:57:34.872,1920,640033.69
2025-11-16 15:57:34.872,1921,528822.38
2025-11-16 15:57:34.872,1922,528822.38
2025-11-16 15:57:34.872,1923,495554.03
2025-11-16 15:57:34.872,1924,550970.88
2025-11-16 15:57:34.872,1925,483368.97
2025-11-16 15:57:34.872,1926,661350.38
2025-11-16 15:57:34.872,1927,558763.94
2025-11-16 15:57:34.872,1928,515003.19
2025-11-16 15:57:34.872,1929,489387.19
2025-11-16 15:57:34.872,1930,566776.38
2025-11-16 15:57:34.872,1931,629875.0
2025-11-16 15:57:34.872,1932,543388.5
2025-11-16 15:57:34.872,1933,536008.31
2025-11-16 15:57:34.872,1934,528822.38
2025-11-16 15:57:34.872,1935,536008.31
2025-11-16 15:57:34.872,1936,566776.38
2025-11-16 15:57:34.872,1937,521823.06
2025-11-16 15:57:34.872,1938,521823.06
2025-11-16 15:57:34.872,1939,566776.38
2025-11-16 15:57:34.872,1940,583498.19
2025-11-16 15:57:34.872,1941,592227.94
2025-11-16 15:57:34.872,1942,550970.88
2025-11-16 15:57:34.872,1943,566776.38
2025-11-16 15:57:34.872,1944,536008.31
2025-11-16 15:57:34.872,1945,566776.38
2025-11-16 15:57:34.872,1946,536008.31
2025-11-16 15:57:34.872,1947,558763.94
2025-11-16 15:57:34.872,1948,550970.88
2025-11-16 15:57:34.872,1949,536008.31
2025-11-16 15:57:34.872,1950,460679.59
2025-11-16 15:57:34.872,1951,550970.88
2025-11-16 15:57:34.872,1952,566776.38
2025-11-16 15:57:34.872,1953,550970.88
2025-11-16 15:57:34.872,1954,575017.88
2025-11-16 15:57:34.872,1955,583498.19
2025-11-16 15:57:34.872,1956,536008.31
2025-11-16 15:57:34.872,1957,477494.09
2025-11-16 15:57:34.872,1958,477494.09
2025-11-16 15:57:34.872,1959,661350.38
2025-11-16 15:57:34.872,1960,684112.31
2025-11-16 15:57:34.872,1961,684112.31
2025-11-16 15:57:34.872,1962,460679.59
2025-11-16 15:57:34.872,1963,460679.59
2025-11-16 15:57:34.872,1964,369134.25
2025-11-16 15:57:34.872,1965,942433.13
2025-11-16 15:57:34.872,1966,284551.28
2025-11-16 15:57:34.872,1967,284551.28
2025-11-16 15:57:34.872,1968,30917.09
2025-11-16 15:57:34.872,1969,29297.52
2025-11-16 15:57:34.872,1970,29449.88
2025-11-16 15:57:34.872,1971,29146.33
2025-11-16 15:57:34.872,1972,29297.52
2025-11-16 15:57:34.872,1973,29526.5
2025-11-16 15:57:34.872,1974,29449.88
2025-11-16 15:57:34.872,1975,29564.92
2025-11-16 15:57:34.872,1976,29526.5
2025-11-16 15:57:34.872,1977,29449.88
2025-11-16 15:57:34.872,1978,30031.86
2025-11-16 15:57:34.872,1979,30550.28
2025-11-16 15:57:34.872,1980,29449.88
2025-11-16 15:57:34.872,1981,30071.27
2025-11-16 15:57:34.872,1982,26809.18
2025-11-16 15:57:34.872,1983,30229.68
2025-11-16 15:57:34.872,1984,30712.49
2025-11-16 15:57:34.872,1985,28958.97
2025-11-16 15:57:34.872,1986,29146.33
2025-11-16 15:57:34.872,1987,33588.98
2025-11-16 15:57:34.872,1988,32900.21
2025-11-16 15:57:34.872,1989,33729.39
2025-11-16 15:57:34.872,1990,31458.76
2025-11-16 15:57:34.872,1991,34252.03
2025-11-16 15:57:34.872,1992,31206.99
2025-11-16 15:57:34.872,1993,32586.16
2025-11-16 15:57:34.872,1994,33729.39
2025-11-16 15:57:34.872,1995,32320.6
2025-11-16 15:57:34.872,1996,27247.26
2025-11-16 15:57:34.872,1997,32675.42
2025-11-16 15:57:34.872,1998,24616.31
2025-11-16 15:57:34.872,1999,35184.73
2025-11-16 15:57:34.872,2000,52504.97
2025-11-16 15:57:34.872,2001,26709.53
2025-11-16 15:57:34.872,2002,32990.79
2025-11-16 15:57:34.872,2003,32364.63
2025-11-16 15:57:34.872,2004,27977.33
2025-11-16 15:57:34.872,2005,27977.33
2025-11-16 15:57:34.872,2006,32058.32
2025-11-16 15:57:34.872,2007,41592.18
2025-11-16 15:57:34.872,2008,116294.76
2025-11-16 15:57:34.872,2009,44707.67
2025-11-16 15:57:34.872,2010,28553.0
2025-11-16 15:57:34.872,2011,28553.0
2025-11-16 15:57:34.872,2012,46449.59
2025-11-16 15:57:34.872,2013,97948.88
2025-11-16 15:57:34.872,2014,40630.89
2025-11-16 15:57:34.872,2015,40630.89
2025-11-16 15:57:34.872,2016,450099.75
2025-11-16 15:57:34.872,2017,395419.56
2025-11-16 15:57:34.872,2018,395419.56
2025-11-16 15:57:34.872,2019,379970.25
2025-11-16 15:57:34.872,2020,387544.88
2025-11-16 15:57:34.872,2021,450099.75
2025-11-16 15:57:34.872,2022,358884.03
2025-11-16 15:57:34.872,2023,439984.91
2025-11-16 15:57:34.872,2024,403612.41
2025-11-16 15:57:34.872,2025,379970.25
2025-11-16 15:57:34.872,2026,372678.72
2025-11-16 15:57:34.872,2027,387544.88
2025-11-16 15:57:34.872,2028,421032.91
2025-11-16 15:57:34.872,2029,387544.88
2025-11-16 15:57:34.872,2030,379970.25
2025-11-16 15:57:34.872,2031,395419.56
2025-11-16 15:57:34.872,2032,379970.25
2025-11-16 15:57:34.872,2033,403612.41
2025-11-16 15:57:34.872,2034,430305.09
2025-11-16 15:57:34.872,2035,471757.34
2025-11-16 15:57:34.872,2036,407834.16
2025-11-16 15:57:34.872,2037,536008.31
2025-11-16 15:57:34.872,2038,508356.06
2025-11-16 15:57:34.872,2039,495554.03
2025-11-16 15:57:34.872,2040,466154.09
2025-11-16 15:57:34.872,2041,521823.06
2025-11-16 15:57:34.872,2042,477494.09
2025-11-16 15:57:34.872,2043,521823.06
2025-11-16 15:57:34.872,2044,471757.34
2025-11-16 15:57:34.872,2045,460679.59
2025-11-16 15:57:34.872,2046,489387.19
2025-11-16 15:57:34.872,2047,536008.31
2025-11-16 15:57:34.872,2048,450099.75
2025-11-16 15:57:34.872,2049,471757.34
2025-11-16 15:57:34.872,2050,483368.97
2025-11-16 15:57:34.872,2051,515003.19
2025-11-16 15:57:34.872,2052,466154.09
2025-11-16 15:57:34.872,2053,439984.91
2025-11-16 15:57:34.872,2054,450099.75
2025-11-16 15:57:34.872,2055,583498.19
2025-11-16 15:57:34.872,2056,861364.44
2025-11-16 15:57:34.872,2057,684112.31
2025-11-16 15:57:34.872,2058,483368.97
2025-11-16 15:57:34.872,2059,483368.97
2025-11-16 15:57:34.872,2060,325612.69
2025-11-16 15:57:34.872,2061,900097.25
2025-11-16 15:57:34.872,2062,229407.17
2025-11-16 15:57:34.872,2063,229407.17
2025-11-16 15:57:34.872,2064,27145.25
2025-11-16 15:57:34.872,2065,27077.54
2025-11-16 15:57:34.872,2066,26544.65
2025-11-16 15:57:34.872,2067,25836.37
2025-11-16 15:57:34.872,2068,25836.37
2025-11-16 15:57:34.872,2069,26511.85
2025-11-16 15:57:34.872,2070,26544.65
2025-11-16 15:57:34.872,2071,26316.28
2025-11-16 15:57:34.872,2072,26283.89
2025-11-16 15:57:34.872,2073,26544.65
2025-11-16 15:57:34.872,2074,26643.4
2025-11-16 15:57:34.872,2075,25836.37
2025-11-16 15:57:34.872,2076,26316.28
2025-11-16 15:57:34.872,2077,26577.51
2025-11-16 15:57:34.872,2078,23670.38
2025-11-16 15:57:34.872,2079,26676.44
2025-11-16 15:57:34.872,2080,23230.05
2025-11-16 15:57:34.872,2081,22076.26
2025-11-16 15:57:34.872,2082,25523.39
2025-11-16 15:57:34.872,2083,28371.24
2025-11-16 15:57:34.872,2084,28847.41
2025-11-16 15:57:34.872,2085,29146.33
2025-11-16 15:57:34.872,2086,27043.79
2025-11-16 15:57:34.872,2087,29603.42
2025-11-16 15:57:34.872,2088,27145.25
2025-11-16 15:57:34.872,2089,28958.97
2025-11-16 15:57:34.872,2090,30150.32
2025-11-16 15:57:34.872,2091,28335.09
2025-11-16 15:57:34.872,2092,26348.73
2025-11-16 15:57:34.872,2093,28884.52
2025-11-16 15:57:34.872,2094,25963.11
2025-11-16 15:57:34.872,2095,31374.49
2025-11-16 15:57:34.872,2096,51841.71
2025-11-16 15:57:34.872,2097,26316.28
2025-11-16 15:57:34.872,2098,29603.42
2025-11-16 15:57:34.872,2099,29033.7
2025-11-16 15:57:34.872,2100,26090.74
2025-11-16 15:57:34.872,2101,26544.65
2025-11-16 15:57:34.872,2102,30309.35
2025-11-16 15:57:34.872,2103,37893.76
2025-11-16 15:57:34.872,2104,125056.52
2025-11-16 15:57:34.872,2105,39403.42
2025-11-16 15:57:34.872,2106,26875.9
2025-11-16 15:57:34.872,2107,26875.9
2025-11-16 15:57:34.872,2108,43417.48
2025-11-16 15:57:34.872,2109,87631.56
2025-11-16 15:57:34.872,2110,38811.68
2025-11-16 15:57:34.872,2111,38811.68
2025-11-16 15:57:34.872,2112,297844.91
2025-11-16 15:57:34.872,2113,278325.69
2025-11-16 15:57:34.872,2114,259348.69
2025-11-16 15:57:34.872,2115,261133.28
2025-11-16 15:57:34.872,2116,247485.06
2025-11-16 15:57:34.872,2117,268514.44
2025-11-16 15:57:34.872,2118,254133.06
2025-11-16 15:57:34.872,2119,262941.66
2025-11-16 15:57:34.872,2120,257587.41
2025-11-16 15:57:34.872,2121,255849.03
2025-11-16 15:57:34.872,2122,261133.28
2025-11-16 15:57:34.872,2123,254133.06
2025-11-16 15:57:34.872,2124,268514.44
2025-11-16 15:57:34.872,2125,280371.47
2025-11-16 15:57:34.872,2126,247485.06
2025-11-16 15:57:34.872,2127,226638.0
2025-11-16 15:57:34.872,2128,261133.28
2025-11-16 15:57:34.872,2129,264774.34
2025-11-16 15:57:34.872,2130,255849.03
2025-11-16 15:57:34.872,2131,276308.56
2025-11-16 15:57:34.872,2132,276308.56
2025-11-16 15:57:34.872,2133,278325.69
2025-11-16 15:57:34.872,2134,280371.47
2025-11-16 15:57:34.872,2135,272357.75
2025-11-16 15:57:34.872,2136,257587.41
2025-11-16 15:57:34.872,2137,291051.47
2025-11-16 15:57:34.872,2138,282446.44
2025-11-16 15:57:34.872,2139,297844.91
2025-11-16 15:57:34.872,2140,235144.47
2025-11-16 15:57:34.872,2141,288853.09
2025-11-16 15:57:34.872,2142,266631.75
2025-11-16 15:57:34.872,2143,331208.34
2025-11-16 15:57:34.872,2144,204325.27
2025-11-16 15:57:34.872,2145,272357.75
2025-11-16 15:57:34.872,2146,322883.13
2025-11-16 15:57:34.872,2147,328387.41
2025-11-16 15:57:34.872,2148,288853.09
2025-11-16 15:57:34.872,2149,266631.75
2025-11-16 15:57:34.872,2150,293282.41
2025-11-16 15:57:34.872,2151,372678.72
2025-11-16 15:57:34.872,2152,684112.31
2025-11-16 15:57:34.872,2153,358884.03
2025-11-16 15:57:34.872,2154,322883.13
2025-11-16 15:57:34.872,2155,322883.13
2025-11-16 15:57:34.872,2156,151772.23
2025-11-16 15:57:34.872,2157,558763.94
2025-11-16 15:57:34.872,2158,98522.22
2025-11-16 15:57:34.872,2159,98522.22
2025-11-16 15:57:34.872,2160,379970.25
2025-11-16 15:57:34.872,2161,379970.25
2025-11-16 15:57:34.872,2162,387544.88
2025-11-16 15:57:34.872,2163,383721.19
2025-11-16 15:57:34.872,2164,395419.56
2025-11-16 15:57:34.872,2165,403612.41
2025-11-16 15:57:34.872,2166,379970.25
2025-11-16 15:57:34.872,2167,383721.19
2025-11-16 15:57:34.872,2168,395419.56
2025-11-16 15:57:34.872,2169,383721.19
2025-11-16 15:57:34.872,2170,387544.88
2025-11-16 15:57:34.872,2171,379970.25
2025-11-16 15:57:34.872,2172,376290.09
2025-11-16 15:57:34.872,2173,379970.25
2025-11-16 15:57:34.872,2174,372678.72
2025-11-16 15:57:34.872,2175,334076.69
2025-11-16 15:57:34.872,2176,365654.84
2025-11-16 15:57:34.872,2177,379970.25
2025-11-16 15:57:34.872,2178,395419.56
2025-11-16 15:57:34.872,2179,430305.09
2025-11-16 15:57:34.872,2180,403612.41
2025-11-16 15:57:34.872,2181,439984.91
2025-11-16 15:57:34.872,2182,342978.47
2025-11-16 15:57:34.872,2183,372678.72
2025-11-16 15:57:34.872,2184,387544.88
2025-11-16 15:57:34.872,2185,421032.91
2025-11-16 15:57:34.872,2186,407834.16
2025-11-16 15:57:34.872,2187,421032.91
2025-11-16 15:57:34.872,2188,430305.09
2025-11-16 15:57:34.872,2189,460679.59
2025-11-16 15:57:34.872,2190,450099.75
2025-11-16 15:57:34.872,2191,515003.19
2025-11-16 15:57:34.872,2192,278325.69
2025-11-16 15:57:34.872,2193,483368.97
2025-11-16 15:57:34.872,2194,483368.97
2025-11-16 15:57:34.872,2195,495554.03
2025-11-16 15:57:34.872,2196,430305.09
2025-11-16 15:57:34.872,2197,425619.72
2025-11-16 15:57:34.872,2198,439984.91
2025-11-16 15:57:34.872,2199,566776.38
2025-11-16 15:57:34.872,2200,861364.44
2025-11-16 15:57:34.872,2201,661350.38
2025-11-16 15:57:34.872,2202,508356.06
2025-11-16 15:57:34.872,2203,508356.06
2025-11-16 15:57:34.872,2204,190659.31
2025-11-16 15:57:34.872,2205,762705.19
2025-11-16 15:57:34.872,2206,119086.36
2025-11-16 15:57:34.872,2207,119086.36
2025-11-16 15:57:34.872,2208,232241.86
2025-11-16 15:57:34.872,2209,232241.86
2025-11-16 15:57:34.872,2210,232241.86
2025-11-16 15:57:34.872,2211,232241.86
2025-11-16 15:57:34.872,2212,232241.86
2025-11-16 15:57:34.872,2213,232241.86
2025-11-16 15:57:34.872,2214,232241.86
2025-11-16 15:57:34.872,2215,232241.86
2025-11-16 15:57:34.872,2216,232241.86
2025-11-16 15:57:34.872,2217,232241.86
2025-11-16 15:57:34.872,2218,232241.86
2025-11-16 15:57:34.872,2219,232241.86
2025-11-16 15:57:34.872,2220,232241.86
2025-11-16 15:57:34.872,2221,232241.86
2025-11-16 15:57:34.872,2222,232241.86
2025-11-16 15:57:34.872,2223,232241.86
2025-11-16 15:57:34.872,2224,232241.86
2025-11-16 15:57:34.872,2225,232241.86
2025-11-16 15:57:34.872,2226,232241.86
2025-11-16 15:57:34.872,2227,232241.86
2025-11-16 15:57:34.872,2228,232241.86
2025-11-16 15:57:34.872,2229,232241.86
2025-11-16 15:57:34.872,2230,232241.86
2025-11-16 15:57:34.872,2231,232241.86
2025-11-16 15:57:34.872,2232,232241.86
2025-11-16 15:57:34.872,2233,232241.86
2025-11-16 15:57:34.872,2234,232241.86
2025-11-16 15:57:34.872,2235,232241.86
2025-11-16 15:57:34.872,2236,232241.86
2025-11-16 15:57:34.872,2237,232241.86
2025-11-16 15:57:34.872,2238,232241.86
2025-11-16 15:57:34.872,2239,232241.86
2025-11-16 15:57:34.872,2240,232241.86
2025-11-16 15:57:34.872,2241,232241.86
2025-11-16 15:57:34.872,2242,232241.86
2025-11-16 15:57:34.872,2243,232241.86
2025-11-16 15:57:34.872,2244,232241.86
2025-11-16 15:57:34.872,2245,232241.86
2025-11-16 15:57:34.872,2246,232241.86
2025-11-16 15:57:34.872,2247,232241.86
2025-11-16 15:57:34.872,2248,232241.86
2025-11-16 15:57:34.872,2249,232241.86
2025-11-16 15:57:34.872,2250,232241.86
2025-11-16 15:57:34.872,2251,232241.86
2025-11-16 15:57:34.872,2252,232241.86
2025-11-16 15:57:34.872,2253,232241.86
2025-11-16 15:57:34.872,2254,232241.86
2025-11-16 15:57:34.872,2255,232241.86
2025-11-16 15:57:34.872,2256,232241.86
2025-11-16 15:57:34.872,2257,218701.81
2025-11-16 15:57:34.872,2258,226638.0
2025-11-16 15:57:34.872,2259,207747.34
2025-11-16 15:57:34.872,2260,214929.95
2025-11-16 15:57:34.872,2261,236622.0
2025-11-16 15:57:34.872,2262,219987.36
2025-11-16 15:57:34.872,2263,223932.14
2025-11-16 15:57:34.872,2264,206594.58
2025-11-16 15:57:34.872,2265,211280.41
2025-11-16 15:57:34.872,2266,232241.86
2025-11-16 15:57:34.872,2267,236622.0
2025-11-16 15:57:34.872,2268,218701.81
2025-11-16 15:57:34.872,2269,221287.44
2025-11-16 15:57:34.872,2270,198854.59
2025-11-16 15:57:34.872,2271,208912.44
2025-11-16 15:57:34.872,2272,218701.81
2025-11-16 15:57:34.872,2273,213700.14
2025-11-16 15:57:34.872,2274,212483.69
2025-11-16 15:57:34.872,2275,235144.47
2025-11-16 15:57:34.872,2276,232241.86
2025-11-16 15:57:34.872,2277,238117.42
2025-11-16 15:57:34.872,2278,229407.17
2025-11-16 15:57:34.872,2279,233684.53
2025-11-16 15:57:34.872,2280,218701.81
2025-11-16 15:57:34.872,2281,223932.14
2025-11-16 15:57:34.872,2282,229407.17
2025-11-16 15:57:34.872,2283,218701.81
2025-11-16 15:57:34.872,2284,204325.27
2025-11-16 15:57:34.872,2285,195704.14
2025-11-16 15:57:34.872,2286,193656.09
2025-11-16 15:57:34.872,2287,236622.0
2025-11-16 15:57:34.872,2288,122431.63
2025-11-16 15:57:34.872,2289,195704.14
2025-11-16 15:57:34.872,2290,226638.0
2025-11-16 15:57:34.872,2291,235144.47
2025-11-16 15:57:34.872,2292,213700.14
2025-11-16 15:57:34.872,2293,204325.27
2025-11-16 15:57:34.872,2294,213700.14
2025-11-16 15:57:34.872,2295,261133.28
2025-11-16 15:57:34.872,2296,346048.91
2025-11-16 15:57:34.872,2297,268514.44
2025-11-16 15:57:34.872,2298,229407.17
2025-11-16 15:57:34.872,2299,229407.17
2025-11-16 15:57:34.872,2300,64483.38
2025-11-16 15:57:34.872,2301,293282.41
2025-11-16 15:57:34.872,2302,56693.92
2025-11-16 15:57:34.872,2303,56693.92
