Timestamp,Sensor_ID,Resistance_Ohms
2025-11-16 15:30:20.972,0,23040.99
2025-11-16 15:30:20.972,1,29603.42
2025-11-16 15:30:20.972,2,35691.55
2025-11-16 15:30:20.972,3,33776.39
2025-11-16 15:30:20.972,4,35742.86
2025-11-16 15:30:20.972,5,36632.99
2025-11-16 15:30:20.972,6,36262.32
2025-11-16 15:30:20.972,7,36847.48
2025-11-16 15:30:20.972,8,36473.41
2025-11-16 15:30:20.972,9,36262.32
2025-11-16 15:30:20.972,10,37009.64
2025-11-16 15:30:20.972,11,36579.68
2025-11-16 15:30:20.972,12,36901.41
2025-11-16 15:30:20.972,13,36209.84
2025-11-16 15:30:20.972,14,37950.12
2025-11-16 15:30:20.972,15,37009.64
2025-11-16 15:30:20.972,16,37447.59
2025-11-16 15:30:20.972,17,38120.0
2025-11-16 15:30:20.972,18,38811.68
2025-11-16 15:30:20.972,19,39343.6
2025-11-16 15:30:20.972,20,39887.21
2025-11-16 15:30:20.972,21,40505.41
2025-11-16 15:30:20.972,22,37781.43
2025-11-16 15:30:20.972,23,41267.73
2025-11-16 15:30:20.972,24,38463.37
2025-11-16 15:30:20.972,25,38463.37
2025-11-16 15:30:20.972,26,41139.08
2025-11-16 15:30:20.972,27,40132.67
2025-11-16 15:30:20.972,28,39343.6
2025-11-16 15:30:20.972,29,38405.8
2025-11-16 15:30:20.972,30,39343.6
2025-11-16 15:30:20.972,31,39523.48
2025-11-16 15:30:20.972,32,78533.01
2025-11-16 15:30:20.972,33,41657.55
2025-11-16 15:30:20.972,34,41920.75
2025-11-16 15:30:20.972,35,39403.42
2025-11-16 15:30:20.972,36,39463.38
2025-11-16 15:30:20.972,37,44781.16
2025-11-16 15:30:20.972,38,60253.01
2025-11-16 15:30:20.972,39,57354.41
2025-11-16 15:30:20.972,40,900097.25
2025-11-16 15:30:20.972,41,58028.08
2025-11-16 15:30:20.972,42,85575.93
2025-11-16 15:30:20.972,43,39403.42
2025-11-16 15:30:20.972,44,86025.24
2025-11-16 15:30:20.972,45,228014.55
2025-11-16 15:30:20.972,46,88573.8
2025-11-16 15:30:20.972,47,88573.8
2025-11-16 15:30:20.972,48,133594.3
2025-11-16 15:30:20.972,49,129670.22
2025-11-16 15:30:20.972,50,143859.97
2025-11-16 15:30:20.972,51,142710.81
2025-11-16 15:30:20.972,52,137745.05
2025-11-16 15:30:20.972,53,144441.03
2025-11-16 15:30:20.972,54,145026.52
2025-11-16 15:30:20.972,55,155704.97
2025-11-16 15:30:20.972,56,153062.25
2025-11-16 15:30:20.972,57,145616.44
2025-11-16 15:30:20.972,58,154372.98
2025-11-16 15:30:20.972,59,155704.97
2025-11-16 15:30:20.972,60,159131.2
2025-11-16 15:30:20.972,61,158434.67
2025-11-16 15:30:20.972,62,153062.25
2025-11-16 15:30:20.972,63,157058.67
2025-11-16 15:30:20.972,64,129194.73
2025-11-16 15:30:20.972,65,143283.25
2025-11-16 15:30:20.972,66,145616.44
2025-11-16 15:30:20.972,67,154372.98
2025-11-16 15:30:20.972,68,162702.02
2025-11-16 15:30:20.972,69,176906.95
2025-11-16 15:30:20.972,70,154372.98
2025-11-16 15:30:20.972,71,164172.88
2025-11-16 15:30:20.972,72,158434.67
2025-11-16 15:30:20.972,73,163434.33
2025-11-16 15:30:20.972,74,168739.63
2025-11-16 15:30:20.972,75,163434.33
2025-11-16 15:30:20.972,76,161255.75
2025-11-16 15:30:20.972,77,167191.02
2025-11-16 15:30:20.972,78,161255.75
2025-11-16 15:30:20.972,79,161255.75
2025-11-16 15:30:20.972,80,282446.44
2025-11-16 15:30:20.972,81,176906.95
2025-11-16 15:30:20.972,82,170315.53
2025-11-16 15:30:20.972,83,167191.02
2025-11-16 15:30:20.972,84,162702.02
2025-11-16 15:30:20.972,85,175214.38
2025-11-16 15:30:20.972,86,223932.14
2025-11-16 15:30:20.972,87,229407.17
2025-11-16 15:30:20.972,88,185855.86
2025-11-16 15:30:20.972,89,185855.86
2025-11-16 15:30:20.972,90,328387.41
2025-11-16 15:30:20.972,91,168739.63
2025-11-16 15:30:20.972,92,157058.67
2025-11-16 15:30:20.972,93,661350.38
2025-11-16 15:30:20.972,94,268514.44
2025-11-16 15:30:20.972,95,268514.44
2025-11-16 15:30:20.972,96,88573.8
2025-11-16 15:30:20.972,97,88573.8
2025-11-16 15:30:20.972,98,97381.57
2025-11-16 15:30:20.972,99,94364.8
2025-11-16 15:30:20.972,100,101787.58
2025-11-16 15:30:20.972,101,101482.63
2025-11-16 15:30:20.972,102,101787.58
2025-11-16 15:30:20.972,103,113996.21
2025-11-16 15:30:20.972,104,102094.18
2025-11-16 15:30:20.972,105,102712.45
2025-11-16 15:30:20.972,106,104608.9
2025-11-16 15:30:20.972,107,109291.9
2025-11-16 15:30:20.972,108,109291.9
2025-11-16 15:30:20.972,109,106570.16
2025-11-16 15:30:20.972,110,107238.9
2025-11-16 15:30:20.972,111,103969.71
2025-11-16 15:30:20.972,112,90021.7
2025-11-16 15:30:20.972,113,106903.57
2025-11-16 15:30:20.972,114,112877.99
2025-11-16 15:30:20.972,115,105255.28
2025-11-16 15:30:20.972,116,109992.31
2025-11-16 15:30:20.972,117,110345.59
2025-11-16 15:30:20.972,118,107238.9
2025-11-16 15:30:20.972,119,112509.73
2025-11-16 15:30:20.972,120,106570.16
2025-11-16 15:30:20.972,121,109992.31
2025-11-16 15:30:20.972,122,108599.64
2025-11-16 15:30:20.972,123,118276.26
2025-11-16 15:30:20.972,124,112877.99
2025-11-16 15:30:20.972,125,104931.19
2025-11-16 15:30:20.972,126,107576.14
2025-11-16 15:30:20.972,127,109992.31
2025-11-16 15:30:20.972,128,198854.59
2025-11-16 15:30:20.972,129,112143.66
2025-11-16 15:30:20.972,130,107238.9
2025-11-16 15:30:20.972,131,102094.18
2025-11-16 15:30:20.972,132,102712.45
2025-11-16 15:30:20.972,133,118276.26
2025-11-16 15:30:20.972,134,145026.52
2025-11-16 15:30:20.972,135,144441.03
2025-11-16 15:30:20.972,136,126408.34
2025-11-16 15:30:20.972,137,126408.34
2025-11-16 15:30:20.972,138,223932.14
2025-11-16 15:30:20.972,139,109992.31
2025-11-16 15:30:20.972,140,167191.02
2025-11-16 15:30:20.972,141,640033.69
2025-11-16 15:30:20.972,142,218701.81
2025-11-16 15:30:20.972,143,218701.81
2025-11-16 15:30:20.972,144,46216.13
2025-11-16 15:30:20.972,145,47161.71
2025-11-16 15:30:20.972,146,46843.01
2025-11-16 15:30:20.972,147,47565.14
2025-11-16 15:30:20.972,148,50646.52
2025-11-16 15:30:20.972,149,46606.3
2025-11-16 15:30:20.972,150,46527.84
2025-11-16 15:30:20.972,151,47001.92
2025-11-16 15:30:20.972,152,46527.84
2025-11-16 15:30:20.972,153,46371.55
2025-11-16 15:30:20.972,154,46527.84
2025-11-16 15:30:20.972,155,51841.71
2025-11-16 15:30:20.972,156,52029.78
2025-11-16 15:30:20.972,157,51468.98
2025-11-16 15:30:20.972,158,46371.55
2025-11-16 15:30:20.972,159,46527.84
2025-11-16 15:30:20.972,160,26090.74
2025-11-16 15:30:20.972,161,45754.95
2025-11-16 15:30:20.972,162,51468.98
2025-11-16 15:30:20.972,163,42726.61
2025-11-16 15:30:20.972,164,54582.74
2025-11-16 15:30:20.972,165,55097.93
2025-11-16 15:30:20.972,166,44561.25
2025-11-16 15:30:20.972,167,55833.13
2025-11-16 15:30:20.972,168,52987.48
2025-11-16 15:30:20.972,169,48473.0
2025-11-16 15:30:20.972,170,48305.81
2025-11-16 15:30:20.972,171,50556.48
2025-11-16 15:30:20.972,172,55201.96
2025-11-16 15:30:20.972,173,48139.58
2025-11-16 15:30:20.972,174,49670.62
2025-11-16 15:30:20.972,175,55833.13
2025-11-16 15:30:20.972,176,107576.14
2025-11-16 15:30:20.972,177,52600.88
2025-11-16 15:30:20.972,178,52409.35
2025-11-16 15:30:20.972,179,50021.84
2025-11-16 15:30:20.972,180,48641.14
2025-11-16 15:30:20.972,181,54994.24
2025-11-16 15:30:20.972,182,78725.33
2025-11-16 15:30:20.972,183,75386.48
2025-11-16 15:30:20.972,184,61608.8
2025-11-16 15:30:20.972,185,61608.8
2025-11-16 15:30:20.972,186,110700.96
2025-11-16 15:30:20.972,187,49670.62
2025-11-16 15:30:20.972,188,102712.45
2025-11-16 15:30:20.972,189,284551.28
2025-11-16 15:30:20.972,190,118276.26
2025-11-16 15:30:20.972,191,118276.26
2025-11-16 15:30:20.972,192,27836.08
2025-11-16 15:30:20.972,193,27626.15
2025-11-16 15:30:20.972,194,27695.87
2025-11-16 15:30:20.972,195,28480.09
2025-11-16 15:30:20.972,196,26942.87
2025-11-16 15:30:20.972,197,27213.2
2025-11-16 15:30:20.972,198,27349.84
2025-11-16 15:30:20.972,199,27695.87
2025-11-16 15:30:20.972,200,27043.79
2025-11-16 15:30:20.972,201,27145.25
2025-11-16 15:30:20.972,202,27213.2
2025-11-16 15:30:20.972,203,27213.2
2025-11-16 15:30:20.972,204,27765.84
2025-11-16 15:30:20.972,205,27626.15
2025-11-16 15:30:20.972,206,27977.33
2025-11-16 15:30:20.972,207,27765.84
2025-11-16 15:30:20.972,208,18699.77
2025-11-16 15:30:20.972,209,27626.15
2025-11-16 15:30:20.972,210,26316.28
2025-11-16 15:30:20.972,211,22564.54
2025-11-16 15:30:20.972,212,28996.3
2025-11-16 15:30:20.972,213,29221.78
2025-11-16 15:30:20.972,214,23698.29
2025-11-16 15:30:20.972,215,28958.97
2025-11-16 15:30:20.972,216,27765.84
2025-11-16 15:30:20.972,217,28480.09
2025-11-16 15:30:20.972,218,29146.33
2025-11-16 15:30:20.972,219,28921.71
2025-11-16 15:30:20.972,220,29071.17
2025-11-16 15:30:20.972,221,28263.01
2025-11-16 15:30:20.972,222,29146.33
2025-11-16 15:30:20.972,223,30309.35
2025-11-16 15:30:20.972,224,65446.95
2025-11-16 15:30:20.972,225,31501.02
2025-11-16 15:30:20.972,226,32058.32
2025-11-16 15:30:20.972,227,30071.27
2025-11-16 15:30:20.972,228,29603.42
2025-11-16 15:30:20.972,229,33870.7
2025-11-16 15:30:20.972,230,43840.75
2025-11-16 15:30:20.972,231,42320.58
2025-11-16 15:30:20.972,232,708471.5
2025-11-16 15:30:20.972,233,39948.35
2025-11-16 15:30:20.972,234,64756.17
2025-11-16 15:30:20.972,235,29914.1
2025-11-16 15:30:20.972,236,75386.48
2025-11-16 15:30:20.972,237,189679.88
2025-11-16 15:30:20.972,238,76471.19
2025-11-16 15:30:20.972,239,76471.19
2025-11-16 15:30:20.972,240,20373.88
2025-11-16 15:30:20.972,241,20238.23
2025-11-16 15:30:20.972,242,20014.81
2025-11-16 15:30:20.972,243,20464.99
2025-11-16 15:30:20.972,244,19513.2
2025-11-16 15:30:20.972,245,19707.48
2025-11-16 15:30:20.972,246,19599.24
2025-11-16 15:30:20.972,247,19491.78
2025-11-16 15:30:20.972,248,19237.01
2025-11-16 15:30:20.972,249,19449.01
2025-11-16 15:30:20.972,250,18822.0
2025-11-16 15:30:20.972,251,19194.97
2025-11-16 15:30:20.972,252,19794.65
2025-11-16 15:30:20.972,253,19707.48
2025-11-16 15:30:20.972,254,20464.99
2025-11-16 15:30:20.972,255,19729.22
2025-11-16 15:30:20.972,256,19111.26
2025-11-16 15:30:20.972,257,20148.47
2025-11-16 15:30:20.972,258,19321.44
2025-11-16 15:30:20.972,259,19194.97
2025-11-16 15:30:20.972,260,21310.15
2025-11-16 15:30:20.972,261,21553.27
2025-11-16 15:30:20.972,262,20037.0
2025-11-16 15:30:20.972,263,22408.76
2025-11-16 15:30:20.972,264,20648.86
2025-11-16 15:30:20.972,265,20975.98
2025-11-16 15:30:20.972,266,23040.99
2025-11-16 15:30:20.972,267,21676.24
2025-11-16 15:30:20.972,268,22025.71
2025-11-16 15:30:20.972,269,21213.94
2025-11-16 15:30:20.972,270,21950.17
2025-11-16 15:30:20.972,271,22050.96
2025-11-16 15:30:20.972,272,50199.01
2025-11-16 15:30:20.972,273,22907.26
2025-11-16 15:30:20.972,274,23257.23
2025-11-16 15:30:20.972,275,21553.27
2025-11-16 15:30:20.972,276,21925.08
2025-11-16 15:30:20.972,277,24973.54
2025-11-16 15:30:20.972,278,33495.87
2025-11-16 15:30:20.972,279,32058.32
2025-11-16 15:30:20.972,280,521823.06
2025-11-16 15:30:20.972,281,33310.84
2025-11-16 15:30:20.972,282,50918.22
2025-11-16 15:30:20.972,283,21166.06
2025-11-16 15:30:20.972,284,61734.65
2025-11-16 15:30:20.972,285,168739.63
2025-11-16 15:30:20.972,286,59892.09
2025-11-16 15:30:20.972,287,59892.09
2025-11-16 15:30:20.972,288,16840.11
2025-11-16 15:30:20.972,289,16982.88
2025-11-16 15:30:20.972,290,16215.84
2025-11-16 15:30:20.972,291,16840.11
2025-11-16 15:30:20.972,292,15815.47
2025-11-16 15:30:20.972,293,16030.81
2025-11-16 15:30:20.972,294,15881.35
2025-11-16 15:30:20.972,295,15749.92
2025-11-16 15:30:20.972,296,15619.82
2025-11-16 15:30:20.972,297,15523.09
2025-11-16 15:30:20.972,298,15799.05
2025-11-16 15:30:20.972,299,15749.92
2025-11-16 15:30:20.972,300,15815.47
2025-11-16 15:30:20.972,301,15749.92
2025-11-16 15:30:20.972,302,16698.84
2025-11-16 15:30:20.972,303,16047.52
2025-11-16 15:30:20.972,304,17795.93
2025-11-16 15:30:20.972,305,16982.88
2025-11-16 15:30:20.972,306,18084.37
2025-11-16 15:30:20.972,307,17949.02
2025-11-16 15:30:20.972,308,17625.68
2025-11-16 15:30:20.972,309,18458.39
2025-11-16 15:30:20.972,310,16804.65
2025-11-16 15:30:20.972,311,18699.77
2025-11-16 15:30:20.972,312,16964.95
2025-11-16 15:30:20.972,313,17236.39
2025-11-16 15:30:20.972,314,19449.01
2025-11-16 15:30:20.972,315,17891.41
2025-11-16 15:30:20.972,316,18103.81
2025-11-16 15:30:20.972,317,17457.49
2025-11-16 15:30:20.972,318,17720.0
2025-11-16 15:30:20.972,319,17457.49
2025-11-16 15:30:20.972,320,41657.55
2025-11-16 15:30:20.972,321,18699.77
2025-11-16 15:30:20.972,322,19427.67
2025-11-16 15:30:20.972,323,17853.14
2025-11-16 15:30:20.972,324,18026.2
2025-11-16 15:30:20.972,325,21166.06
2025-11-16 15:30:20.972,326,28371.24
2025-11-16 15:30:20.972,327,26809.18
2025-11-16 15:30:20.972,328,550970.88
2025-11-16 15:30:20.972,329,30631.22
2025-11-16 15:30:20.972,330,43417.48
2025-11-16 15:30:20.972,331,17476.08
2025-11-16 15:30:20.972,332,54994.24
2025-11-16 15:30:20.972,333,130148.98
2025-11-16 15:30:20.972,334,50199.01
2025-11-16 15:30:20.972,335,50199.01
2025-11-16 15:30:20.972,336,15112.21
2025-11-16 15:30:20.972,337,15112.21
2025-11-16 15:30:20.972,338,14387.27
2025-11-16 15:30:20.972,339,14744.46
2025-11-16 15:30:20.972,340,13954.95
2025-11-16 15:30:20.972,341,14054.46
2025-11-16 15:30:20.972,342,13954.95
2025-11-16 15:30:20.972,343,13870.31
2025-11-16 15:30:20.972,344,13969.12
2025-11-16 15:30:20.972,345,13954.95
2025-11-16 15:30:20.972,346,14025.94
2025-11-16 15:30:20.972,347,14126.04
2025-11-16 15:30:20.972,348,13898.46
2025-11-16 15:30:20.972,349,13983.3
2025-11-16 15:30:20.972,350,14654.19
2025-11-16 15:30:20.972,351,13954.95
2025-11-16 15:30:20.972,352,15997.45
2025-11-16 15:30:20.972,353,15003.83
2025-11-16 15:30:20.972,354,16165.12
2025-11-16 15:30:20.972,355,16047.52
2025-11-16 15:30:20.972,356,15914.42
2025-11-16 15:30:20.972,357,16420.69
2025-11-16 15:30:20.972,358,15050.17
2025-11-16 15:30:20.972,359,16982.88
2025-11-16 15:30:20.972,360,14926.99
2025-11-16 15:30:20.972,361,15379.36
2025-11-16 15:30:20.972,362,17457.49
2025-11-16 15:30:20.972,363,15507.04
2025-11-16 15:30:20.972,364,16114.59
2025-11-16 15:30:20.972,365,15652.22
2025-11-16 15:30:20.972,366,15848.37
2025-11-16 15:30:20.972,367,16047.52
2025-11-16 15:30:20.972,368,39403.42
2025-11-16 15:30:20.972,369,16857.87
2025-11-16 15:30:20.972,370,17346.5
2025-11-16 15:30:20.972,371,16014.12
2025-11-16 15:30:20.972,372,16081.01
2025-11-16 15:30:20.972,373,18418.55
2025-11-16 15:30:20.972,374,25836.37
2025-11-16 15:30:20.972,375,24616.31
2025-11-16 15:30:20.972,376,450099.75
2025-11-16 15:30:20.972,377,27977.33
2025-11-16 15:30:20.972,378,40630.89
2025-11-16 15:30:20.972,379,15427.09
2025-11-16 15:30:20.972,380,51376.5
2025-11-16 15:30:20.972,381,123295.2
2025-11-16 15:30:20.972,382,47484.0
2025-11-16 15:30:20.972,383,47484.0
2025-11-16 15:30:20.972,384,14957.67
2025-11-16 15:30:20.972,385,15019.26
2025-11-16 15:30:20.972,386,14270.47
2025-11-16 15:30:20.972,387,14654.19
2025-11-16 15:30:20.972,388,13730.56
2025-11-16 15:30:20.972,389,14040.19
2025-11-16 15:30:20.972,390,13758.38
2025-11-16 15:30:20.972,391,13842.23
2025-11-16 15:30:20.972,392,13716.68
2025-11-16 15:30:20.972,393,13758.38
2025-11-16 15:30:20.972,394,13926.67
2025-11-16 15:30:20.972,395,13814.22
2025-11-16 15:30:20.972,396,13912.56
2025-11-16 15:30:20.972,397,13842.23
2025-11-16 15:30:20.972,398,14520.01
2025-11-16 15:30:20.972,399,13898.46
2025-11-16 15:30:20.972,400,15815.47
2025-11-16 15:30:20.972,401,14896.38
2025-11-16 15:30:20.972,402,16131.41
2025-11-16 15:30:20.972,403,16081.01
2025-11-16 15:30:20.972,404,15684.7
2025-11-16 15:30:20.972,405,16455.14
2025-11-16 15:30:20.972,406,15174.57
2025-11-16 15:30:20.972,407,16875.66
2025-11-16 15:30:20.972,408,15205.86
2025-11-16 15:30:20.972,409,15284.43
2025-11-16 15:30:20.972,410,17569.39
2025-11-16 15:30:20.972,411,16047.52
2025-11-16 15:30:20.972,412,16047.52
2025-11-16 15:30:20.972,413,15749.92
2025-11-16 15:30:20.972,414,15799.05
2025-11-16 15:30:20.972,415,15815.47
2025-11-16 15:30:20.972,416,39523.48
2025-11-16 15:30:20.972,417,16734.02
2025-11-16 15:30:20.972,418,17236.39
2025-11-16 15:30:20.972,419,15930.98
2025-11-16 15:30:20.972,420,16114.59
2025-11-16 15:30:20.972,421,18822.0
2025-11-16 15:30:20.972,422,25994.93
2025-11-16 15:30:20.972,423,24704.93
2025-11-16 15:30:20.972,424,425619.72
2025-11-16 15:30:20.972,425,28299.01
2025-11-16 15:30:20.972,426,40883.72
2025-11-16 15:30:20.972,427,15587.49
2025-11-16 15:30:20.972,428,51468.98
2025-11-16 15:30:20.972,429,121579.19
2025-11-16 15:30:20.972,430,48139.58
2025-11-16 15:30:20.972,431,48139.58
2025-11-16 15:30:20.972,432,14865.85
2025-11-16 15:30:20.972,433,14744.46
2025-11-16 15:30:20.972,434,13983.3
2025-11-16 15:30:20.972,435,14416.64
2025-11-16 15:30:20.972,436,13619.93
2025-11-16 15:30:20.972,437,13772.32
2025-11-16 15:30:20.972,438,13592.43
2025-11-16 15:30:20.972,439,13675.12
2025-11-16 15:30:20.972,440,13592.43
2025-11-16 15:30:20.972,441,13633.7
2025-11-16 15:30:20.972,442,13647.49
2025-11-16 15:30:20.972,443,13483.07
2025-11-16 15:30:20.972,444,13730.56
2025-11-16 15:30:20.972,445,13619.93
2025-11-16 15:30:20.972,446,14343.34
2025-11-16 15:30:20.972,447,13758.38
2025-11-16 15:30:20.972,448,15395.25
2025-11-16 15:30:20.972,449,14549.7
2025-11-16 15:30:20.972,450,15587.49
2025-11-16 15:30:20.972,451,15619.82
2025-11-16 15:30:20.972,452,15395.25
2025-11-16 15:30:20.972,453,16014.12
2025-11-16 15:30:20.972,454,14609.3
2025-11-16 15:30:20.972,455,16369.18
2025-11-16 15:30:20.972,456,14416.64
2025-11-16 15:30:20.972,457,14896.38
2025-11-16 15:30:20.972,458,16947.04
2025-11-16 15:30:20.972,459,15619.82
2025-11-16 15:30:20.972,460,15652.22
2025-11-16 15:30:20.972,461,15174.57
2025-11-16 15:30:20.972,462,15331.81
2025-11-16 15:30:20.972,463,15491.01
2025-11-16 15:30:20.972,464,37725.46
2025-11-16 15:30:20.972,465,16249.76
2025-11-16 15:30:20.972,466,16698.84
2025-11-16 15:30:20.972,467,15539.16
2025-11-16 15:30:20.972,468,15523.09
2025-11-16 15:30:20.972,469,18162.29
2025-11-16 15:30:20.972,470,25124.57
2025-11-16 15:30:20.972,471,23923.21
2025-11-16 15:30:20.972,472,395419.56
2025-11-16 15:30:20.972,473,27418.54
2025-11-16 15:30:20.972,474,40820.27
2025-11-16 15:30:20.972,475,15081.15
2025-11-16 15:30:20.972,476,50021.84
2025-11-16 15:30:20.972,477,115519.18
2025-11-16 15:30:20.972,478,46061.56
2025-11-16 15:30:20.972,479,46061.56
2025-11-16 15:30:20.972,480,14299.57
2025-11-16 15:30:20.972,481,14357.96
2025-11-16 15:30:20.972,482,13415.23
2025-11-16 15:30:20.972,483,14040.19
2025-11-16 15:30:20.972,484,13187.46
2025-11-16 15:30:20.972,485,13320.91
2025-11-16 15:30:20.972,486,13187.46
2025-11-16 15:30:20.972,487,13307.49
2025-11-16 15:30:20.972,488,13214.03
2025-11-16 15:30:20.972,489,13029.33
2025-11-16 15:30:20.972,490,13227.34
2025-11-16 15:30:20.972,491,13214.03
2025-11-16 15:30:20.972,492,13214.03
2025-11-16 15:30:20.972,493,13187.46
2025-11-16 15:30:20.972,494,14097.35
2025-11-16 15:30:20.972,495,13415.23
2025-11-16 15:30:20.972,496,15174.57
2025-11-16 15:30:20.972,497,14357.96
2025-11-16 15:30:20.972,498,15347.64
2025-11-16 15:30:20.972,499,15300.2
2025-11-16 15:30:20.972,500,15143.35
2025-11-16 15:30:20.972,501,15815.47
2025-11-16 15:30:20.972,502,14212.49
2025-11-16 15:30:20.972,503,16081.01
2025-11-16 15:30:20.972,504,14609.3
2025-11-16 15:30:20.972,505,14654.19
2025-11-16 15:30:20.972,506,16663.75
2025-11-16 15:30:20.972,507,15395.25
2025-11-16 15:30:20.972,508,15363.49
2025-11-16 15:30:20.972,509,14881.11
2025-11-16 15:30:20.972,510,15096.68
2025-11-16 15:30:20.972,511,15268.68
2025-11-16 15:30:20.972,512,41920.75
2025-11-16 15:30:20.972,513,16014.12
2025-11-16 15:30:20.972,514,16663.75
2025-11-16 15:30:20.972,515,15331.81
2025-11-16 15:30:20.972,516,15555.25
2025-11-16 15:30:20.972,517,18103.81
2025-11-16 15:30:20.972,518,24853.65
2025-11-16 15:30:20.972,519,23726.24
2025-11-16 15:30:20.972,520,391443.63
2025-11-16 15:30:20.972,521,27281.39
2025-11-16 15:30:20.972,522,41139.08
2025-11-16 15:30:20.972,523,14988.43
2025-11-16 15:30:20.972,524,49670.62
2025-11-16 15:30:20.972,525,119086.36
2025-11-16 15:30:20.972,526,46138.74
2025-11-16 15:30:20.972,527,46138.74
2025-11-16 15:30:20.972,528,14579.46
2025-11-16 15:30:20.972,529,14579.46
2025-11-16 15:30:20.972,530,13870.31
2025-11-16 15:30:20.972,531,14183.61
2025-11-16 15:30:20.972,532,13347.78
2025-11-16 15:30:20.972,533,13592.43
2025-11-16 15:30:20.972,534,13294.1
2025-11-16 15:30:20.972,535,13428.77
2025-11-16 15:30:20.972,536,13307.49
2025-11-16 15:30:20.972,537,13294.1
2025-11-16 15:30:20.972,538,13374.71
2025-11-16 15:30:20.972,539,13415.23
2025-11-16 15:30:20.972,540,13496.68
2025-11-16 15:30:20.972,541,13415.23
2025-11-16 15:30:20.972,542,14212.49
2025-11-16 15:30:20.972,543,13633.7
2025-11-16 15:30:20.972,544,15363.49
2025-11-16 15:30:20.972,545,14624.25
2025-11-16 15:30:20.972,546,15587.49
2025-11-16 15:30:20.972,547,15539.16
2025-11-16 15:30:20.972,548,15190.2
2025-11-16 15:30:20.972,549,15848.37
2025-11-16 15:30:20.972,550,14594.37
2025-11-16 15:30:20.972,551,16249.76
2025-11-16 15:30:20.972,552,14881.11
2025-11-16 15:30:20.972,553,14835.39
2025-11-16 15:30:20.972,554,17145.3
2025-11-16 15:30:20.972,555,15652.22
2025-11-16 15:30:20.972,556,15684.7
2025-11-16 15:30:20.972,557,15174.57
2025-11-16 15:30:20.972,558,15268.68
2025-11-16 15:30:20.972,559,15363.49
2025-11-16 15:30:20.972,560,41526.96
2025-11-16 15:30:20.972,561,16081.01
2025-11-16 15:30:20.972,562,16769.29
2025-11-16 15:30:20.972,563,15523.09
2025-11-16 15:30:20.972,564,15587.49
2025-11-16 15:30:20.972,565,18418.55
2025-11-16 15:30:20.972,566,25276.9
2025-11-16 15:30:20.972,567,23923.21
2025-11-16 15:30:20.972,568,379970.25
2025-11-16 15:30:20.972,569,27695.87
2025-11-16 15:30:20.972,570,42658.5
2025-11-16 15:30:20.972,571,15112.21
2025-11-16 15:30:20.972,572,51284.3
2025-11-16 15:30:20.972,573,115134.95
2025-11-16 15:30:20.972,574,46293.73
2025-11-16 15:30:20.972,575,46293.73
2025-11-16 15:30:20.972,576,14624.25
2025-11-16 15:30:20.972,577,14564.57
2025-11-16 15:30:20.972,578,13814.22
2025-11-16 15:30:20.972,579,13969.12
2025-11-16 15:30:20.972,580,13307.49
2025-11-16 15:30:20.972,581,13592.43
2025-11-16 15:30:20.972,582,13267.35
2025-11-16 15:30:20.972,583,13320.91
2025-11-16 15:30:20.972,584,13320.91
2025-11-16 15:30:20.972,585,13254.0
2025-11-16 15:30:20.972,586,13428.77
2025-11-16 15:30:20.972,587,13334.34
2025-11-16 15:30:20.972,588,13483.07
2025-11-16 15:30:20.972,589,13320.91
2025-11-16 15:30:20.972,590,14097.35
2025-11-16 15:30:20.972,591,13592.43
2025-11-16 15:30:20.972,592,15347.64
2025-11-16 15:30:20.972,593,14534.84
2025-11-16 15:30:20.972,594,15555.25
2025-11-16 15:30:20.972,595,15395.25
2025-11-16 15:30:20.972,596,15112.21
2025-11-16 15:30:20.972,597,15815.47
2025-11-16 15:30:20.972,598,14126.04
2025-11-16 15:30:20.972,599,16047.52
2025-11-16 15:30:20.972,600,14684.21
2025-11-16 15:30:20.972,601,14609.3
2025-11-16 15:30:20.972,602,16734.02
2025-11-16 15:30:20.972,603,15300.2
2025-11-16 15:30:20.972,604,15252.94
2025-11-16 15:30:20.972,605,14684.21
2025-11-16 15:30:20.972,606,14820.19
2025-11-16 15:30:20.972,607,14270.47
2025-11-16 15:30:20.972,608,40256.3
2025-11-16 15:30:20.972,609,15363.49
2025-11-16 15:30:20.972,610,16628.76
2025-11-16 15:30:20.972,611,15081.15
2025-11-16 15:30:20.972,612,15427.09
2025-11-16 15:30:20.972,613,18162.29
2025-11-16 15:30:20.972,614,24913.49
2025-11-16 15:30:20.972,615,23642.52
2025-11-16 15:30:20.972,616,365654.84
2025-11-16 15:30:20.972,617,27281.39
2025-11-16 15:30:20.972,618,41267.73
2025-11-16 15:30:20.972,619,14820.19
2025-11-16 15:30:20.972,620,50021.84
2025-11-16 15:30:20.972,621,115905.77
2025-11-16 15:30:20.972,622,45907.83
2025-11-16 15:30:20.972,623,45907.83
2025-11-16 15:30:20.972,624,14624.25
2025-11-16 15:30:20.972,625,14594.37
2025-11-16 15:30:20.972,626,13730.56
2025-11-16 15:30:20.972,627,13983.3
2025-11-16 15:30:20.972,628,13214.03
2025-11-16 15:30:20.972,629,13469.47
2025-11-16 15:30:20.972,630,13280.71
2025-11-16 15:30:20.972,631,13294.1
2025-11-16 15:30:20.972,632,13227.34
2025-11-16 15:30:20.972,633,13267.35
2025-11-16 15:30:20.972,634,13347.78
2025-11-16 15:30:20.972,635,13214.03
2025-11-16 15:30:20.972,636,13483.07
2025-11-16 15:30:20.972,637,13374.71
2025-11-16 15:30:20.972,638,14154.79
2025-11-16 15:30:20.972,639,13469.47
2025-11-16 15:30:20.972,640,15315.99
2025-11-16 15:30:20.972,641,14431.36
2025-11-16 15:30:20.972,642,15571.36
2025-11-16 15:30:20.972,643,15523.09
2025-11-16 15:30:20.972,644,15190.2
2025-11-16 15:30:20.972,645,15930.98
2025-11-16 15:30:20.972,646,14372.61
2025-11-16 15:30:20.972,647,16064.26
2025-11-16 15:30:20.972,648,14639.21
2025-11-16 15:30:20.972,649,14744.46
2025-11-16 15:30:20.972,650,16786.96
2025-11-16 15:30:20.972,651,15379.36
2025-11-16 15:30:20.972,652,15427.09
2025-11-16 15:30:20.972,653,14988.43
2025-11-16 15:30:20.972,654,15143.35
2025-11-16 15:30:20.972,655,15174.57
2025-11-16 15:30:20.972,656,39165.01
2025-11-16 15:30:20.972,657,15848.37
2025-11-16 15:30:20.972,658,16352.05
2025-11-16 15:30:20.972,659,15331.81
2025-11-16 15:30:20.972,660,15491.01
2025-11-16 15:30:20.972,661,18339.21
2025-11-16 15:30:20.972,662,25033.8
2025-11-16 15:30:20.972,663,23810.38
2025-11-16 15:30:20.972,664,395419.56
2025-11-16 15:30:20.972,665,27315.59
2025-11-16 15:30:20.972,666,40756.99
2025-11-16 15:30:20.972,667,14835.39
2025-11-16 15:30:20.972,668,50199.01
2025-11-16 15:30:20.972,669,115134.95
2025-11-16 15:30:20.972,670,46527.84
2025-11-16 15:30:20.972,671,46527.84
2025-11-16 15:30:20.972,672,14328.73
2025-11-16 15:30:20.972,673,14328.73
2025-11-16 15:30:20.972,674,13702.81
2025-11-16 15:30:20.972,675,13954.95
2025-11-16 15:30:20.972,676,13469.47
2025-11-16 15:30:20.972,677,13647.49
2025-11-16 15:30:20.972,678,13496.68
2025-11-16 15:30:20.972,679,13428.77
2025-11-16 15:30:20.972,680,13455.89
2025-11-16 15:30:20.972,681,13388.2
2025-11-16 15:30:20.972,682,13483.07
2025-11-16 15:30:20.972,683,13510.31
2025-11-16 15:30:20.972,684,13647.49
2025-11-16 15:30:20.972,685,13496.68
2025-11-16 15:30:20.972,686,14387.27
2025-11-16 15:30:20.972,687,13702.81
2025-11-16 15:30:20.972,688,15749.92
2025-11-16 15:30:20.972,689,14624.25
2025-11-16 15:30:20.972,690,15815.47
2025-11-16 15:30:20.972,691,15749.92
2025-11-16 15:30:20.972,692,15411.16
2025-11-16 15:30:20.972,693,15749.92
2025-11-16 15:30:20.972,694,14744.46
2025-11-16 15:30:20.972,695,16646.24
2025-11-16 15:30:20.972,696,14896.38
2025-11-16 15:30:20.972,697,15034.71
2025-11-16 15:30:20.972,698,17199.88
2025-11-16 15:30:20.972,699,15848.37
2025-11-16 15:30:20.972,700,16014.12
2025-11-16 15:30:20.972,701,15507.04
2025-11-16 15:30:20.972,702,15555.25
2025-11-16 15:30:20.972,703,15523.09
2025-11-16 15:30:20.972,704,40256.3
2025-11-16 15:30:20.972,705,16386.33
2025-11-16 15:30:20.972,706,16947.04
2025-11-16 15:30:20.972,707,15619.82
2025-11-16 15:30:20.972,708,15815.47
2025-11-16 15:30:20.972,709,18699.77
2025-11-16 15:30:20.972,710,25710.52
2025-11-16 15:30:20.972,711,24557.47
2025-11-16 15:30:20.972,712,425619.72
2025-11-16 15:30:20.972,713,27941.91
2025-11-16 15:30:20.972,714,43698.91
2025-11-16 15:30:20.972,715,15331.81
2025-11-16 15:30:20.972,716,52029.78
2025-11-16 15:30:20.972,717,119086.36
2025-11-16 15:30:20.972,718,49151.41
2025-11-16 15:30:20.972,719,49151.41
2025-11-16 15:30:20.972,720,14609.3
2025-11-16 15:30:20.972,721,14534.84
2025-11-16 15:30:20.972,722,13983.3
2025-11-16 15:30:20.972,723,14416.64
2025-11-16 15:30:20.972,724,13606.17
2025-11-16 15:30:20.972,725,13716.68
2025-11-16 15:30:20.972,726,13619.93
2025-11-16 15:30:20.972,727,13633.7
2025-11-16 15:30:20.972,728,13675.12
2025-11-16 15:30:20.972,729,13633.7
2025-11-16 15:30:20.972,730,13730.56
2025-11-16 15:30:20.972,731,13772.32
2025-11-16 15:30:20.972,732,13744.46
2025-11-16 15:30:20.972,733,13675.12
2025-11-16 15:30:20.972,734,14564.57
2025-11-16 15:30:20.972,735,13884.38
2025-11-16 15:30:20.972,736,15848.37
2025-11-16 15:30:20.972,737,14774.7
2025-11-16 15:30:20.972,738,15930.98
2025-11-16 15:30:20.972,739,15848.37
2025-11-16 15:30:20.972,740,15636.01
2025-11-16 15:30:20.972,741,16317.87
2025-11-16 15:30:20.972,742,14850.61
2025-11-16 15:30:20.972,743,16681.28
2025-11-16 15:30:20.972,744,15050.17
2025-11-16 15:30:20.972,745,15174.57
2025-11-16 15:30:20.972,746,17309.7
2025-11-16 15:30:20.972,747,15815.47
2025-11-16 15:30:20.972,748,15848.37
2025-11-16 15:30:20.972,749,15395.25
2025-11-16 15:30:20.972,750,15491.01
2025-11-16 15:30:20.972,751,15587.49
2025-11-16 15:30:20.972,752,39644.14
2025-11-16 15:30:20.972,753,16403.5
2025-11-16 15:30:20.972,754,16982.88
2025-11-16 15:30:20.972,755,15587.49
2025-11-16 15:30:20.972,756,15749.92
2025-11-16 15:30:20.972,757,18578.57
2025-11-16 15:30:20.972,758,25523.39
2025-11-16 15:30:20.972,759,24675.34
2025-11-16 15:30:20.972,760,450099.75
2025-11-16 15:30:20.972,761,27906.57
2025-11-16 15:30:20.972,762,42186.62
2025-11-16 15:30:20.972,763,15284.43
2025-11-16 15:30:20.972,764,51009.33
2025-11-16 15:30:20.972,765,115134.95
2025-11-16 15:30:20.972,766,47646.51
2025-11-16 15:30:20.972,767,47646.51
2025-11-16 15:30:20.972,768,15112.21
2025-11-16 15:30:20.972,769,15158.95
2025-11-16 15:30:20.972,770,14212.49
2025-11-16 15:30:20.972,771,14835.39
2025-11-16 15:30:20.972,772,13758.38
2025-11-16 15:30:20.972,773,13926.67
2025-11-16 15:30:20.972,774,13814.22
2025-11-16 15:30:20.972,775,13800.23
2025-11-16 15:30:20.972,776,13898.46
2025-11-16 15:30:20.972,777,13814.22
2025-11-16 15:30:20.972,778,13730.56
2025-11-16 15:30:20.972,779,13842.23
2025-11-16 15:30:20.972,780,13926.67
2025-11-16 15:30:20.972,781,13870.31
2025-11-16 15:30:20.972,782,14654.19
2025-11-16 15:30:20.972,783,13969.12
2025-11-16 15:30:20.972,784,16047.52
2025-11-16 15:30:20.972,785,14926.99
2025-11-16 15:30:20.972,786,15947.57
2025-11-16 15:30:20.972,787,16165.12
2025-11-16 15:30:20.972,788,15749.92
2025-11-16 15:30:20.972,789,16334.95
2025-11-16 15:30:20.972,790,15003.83
2025-11-16 15:30:20.972,791,16840.11
2025-11-16 15:30:20.972,792,15143.35
2025-11-16 15:30:20.972,793,15268.68
2025-11-16 15:30:20.972,794,17420.39
2025-11-16 15:30:20.972,795,15947.57
2025-11-16 15:30:20.972,796,15997.45
2025-11-16 15:30:20.972,797,15555.25
2025-11-16 15:30:20.972,798,15619.82
2025-11-16 15:30:20.972,799,15799.05
2025-11-16 15:30:20.972,800,39644.14
2025-11-16 15:30:20.972,801,16734.02
2025-11-16 15:30:20.972,802,17236.39
2025-11-16 15:30:20.972,803,15864.85
2025-11-16 15:30:20.972,804,16014.12
2025-11-16 15:30:20.972,805,18986.58
2025-11-16 15:30:20.972,806,25963.11
2025-11-16 15:30:20.972,807,24794.01
2025-11-16 15:30:20.972,808,450099.75
2025-11-16 15:30:20.972,809,28516.51
2025-11-16 15:30:20.972,810,43557.83
2025-11-16 15:30:20.972,811,15619.82
2025-11-16 15:30:20.972,812,51841.71
2025-11-16 15:30:20.972,813,119086.36
2025-11-16 15:30:20.972,814,47484.0
2025-11-16 15:30:20.972,815,47484.0
2025-11-16 15:30:20.972,816,15143.35
2025-11-16 15:30:20.972,817,15143.35
2025-11-16 15:30:20.972,818,14212.49
2025-11-16 15:30:20.972,819,14835.39
2025-11-16 15:30:20.972,820,13870.31
2025-11-16 15:30:20.972,821,14097.35
2025-11-16 15:30:20.972,822,13940.8
2025-11-16 15:30:20.972,823,14040.19
2025-11-16 15:30:20.972,824,14054.46
2025-11-16 15:30:20.972,825,13898.46
2025-11-16 15:30:20.972,826,14040.19
2025-11-16 15:30:20.972,827,14068.74
2025-11-16 15:30:20.972,828,14097.35
2025-11-16 15:30:20.972,829,13983.3
2025-11-16 15:30:20.972,830,14624.25
2025-11-16 15:30:20.972,831,14126.04
2025-11-16 15:30:20.972,832,16148.25
2025-11-16 15:30:20.972,833,15019.26
2025-11-16 15:30:20.972,834,16047.52
2025-11-16 15:30:20.972,835,16182.0
2025-11-16 15:30:20.972,836,15603.64
2025-11-16 15:30:20.972,837,16114.59
2025-11-16 15:30:20.972,838,15003.83
2025-11-16 15:30:20.972,839,16964.95
2025-11-16 15:30:20.972,840,15363.49
2025-11-16 15:30:20.972,841,15507.04
2025-11-16 15:30:20.972,842,17757.91
2025-11-16 15:30:20.972,843,16317.87
2025-11-16 15:30:20.972,844,16249.76
2025-11-16 15:30:20.972,845,15766.28
2025-11-16 15:30:20.972,846,15782.65
2025-11-16 15:30:20.972,847,15881.35
2025-11-16 15:30:20.972,848,41461.9
2025-11-16 15:30:20.972,849,16947.04
2025-11-16 15:30:20.972,850,17346.5
2025-11-16 15:30:20.972,851,16198.91
2025-11-16 15:30:20.972,852,16182.0
2025-11-16 15:30:20.972,853,19153.06
2025-11-16 15:30:20.972,854,27591.39
2025-11-16 15:30:20.972,855,25554.44
2025-11-16 15:30:20.972,856,460679.59
2025-11-16 15:30:20.972,857,28662.88
2025-11-16 15:30:20.972,858,44561.25
2025-11-16 15:30:20.972,859,15881.35
2025-11-16 15:30:20.972,860,54582.74
2025-11-16 15:30:20.972,861,119906.74
2025-11-16 15:30:20.972,862,48473.0
2025-11-16 15:30:20.972,863,48473.0
2025-11-16 15:30:20.972,864,15782.65
2025-11-16 15:30:20.972,865,15848.37
2025-11-16 15:30:20.972,866,14896.38
2025-11-16 15:30:20.972,867,15363.49
2025-11-16 15:30:20.972,868,14416.64
2025-11-16 15:30:20.972,869,14805.01
2025-11-16 15:30:20.972,870,14505.19
2025-11-16 15:30:20.972,871,14594.37
2025-11-16 15:30:20.972,872,14534.84
2025-11-16 15:30:20.972,873,14387.27
2025-11-16 15:30:20.972,874,14534.84
2025-11-16 15:30:20.972,875,14401.95
2025-11-16 15:30:20.972,876,14416.64
2025-11-16 15:30:20.972,877,14594.37
2025-11-16 15:30:20.972,878,15205.86
2025-11-16 15:30:20.972,879,14684.21
2025-11-16 15:30:20.972,880,16593.85
2025-11-16 15:30:20.972,881,15347.64
2025-11-16 15:30:20.972,882,16611.29
2025-11-16 15:30:20.972,883,16698.84
2025-11-16 15:30:20.972,884,15766.28
2025-11-16 15:30:20.972,885,16734.02
2025-11-16 15:30:20.972,886,15555.25
2025-11-16 15:30:20.972,887,17272.99
2025-11-16 15:30:20.972,888,15749.92
2025-11-16 15:30:20.972,889,15652.22
2025-11-16 15:30:20.972,890,18142.77
2025-11-16 15:30:20.972,891,16455.14
2025-11-16 15:30:20.972,892,16698.84
2025-11-16 15:30:20.972,893,16165.12
2025-11-16 15:30:20.972,894,16249.76
2025-11-16 15:30:20.972,895,16352.05
2025-11-16 15:30:20.972,896,41526.96
2025-11-16 15:30:20.972,897,17309.7
2025-11-16 15:30:20.972,898,17853.14
2025-11-16 15:30:20.972,899,16352.05
2025-11-16 15:30:20.972,900,16593.85
2025-11-16 15:30:20.972,901,19449.01
2025-11-16 15:30:20.972,902,26742.69
2025-11-16 15:30:20.972,903,26219.28
2025-11-16 15:30:20.972,904,439984.91
2025-11-16 15:30:20.972,905,29146.33
2025-11-16 15:30:20.972,906,44488.33
2025-11-16 15:30:20.972,907,16148.25
2025-11-16 15:30:20.972,908,54582.74
2025-11-16 15:30:20.972,909,115905.77
2025-11-16 15:30:20.972,910,47322.41
2025-11-16 15:30:20.972,911,47322.41
2025-11-16 15:30:20.972,912,19772.81
2025-11-16 15:30:20.972,913,19772.81
2025-11-16 15:30:20.972,914,18578.57
2025-11-16 15:30:20.972,915,19237.01
2025-11-16 15:30:20.972,916,18339.21
2025-11-16 15:30:20.972,917,18659.26
2025-11-16 15:30:20.972,918,18221.02
2025-11-16 15:30:20.972,919,18221.02
2025-11-16 15:30:20.972,920,18378.83
2025-11-16 15:30:20.972,921,18162.29
2025-11-16 15:30:20.972,922,18438.46
2025-11-16 15:30:20.972,923,18418.55
2025-11-16 15:30:20.972,924,18398.68
2025-11-16 15:30:20.972,925,18201.42
2025-11-16 15:30:20.972,926,18458.39
2025-11-16 15:30:20.972,927,18221.02
2025-11-16 15:30:20.972,928,20396.61
2025-11-16 15:30:20.972,929,19279.16
2025-11-16 15:30:20.972,930,20556.65
2025-11-16 15:30:20.972,931,20741.61
2025-11-16 15:30:20.972,932,19860.36
2025-11-16 15:30:20.972,933,20834.94
2025-11-16 15:30:20.972,934,19321.44
2025-11-16 15:30:20.972,935,20260.76
2025-11-16 15:30:20.972,936,19707.48
2025-11-16 15:30:20.972,937,19882.33
2025-11-16 15:30:20.972,938,22408.76
2025-11-16 15:30:20.972,939,20788.21
2025-11-16 15:30:20.972,940,20811.56
2025-11-16 15:30:20.972,941,20193.28
2025-11-16 15:30:20.972,942,20103.78
2025-11-16 15:30:20.972,943,20556.65
2025-11-16 15:30:20.972,944,47403.09
2025-11-16 15:30:20.972,945,21602.34
2025-11-16 15:30:20.972,946,22305.72
2025-11-16 15:30:20.972,947,20811.56
2025-11-16 15:30:20.972,948,20905.3
2025-11-16 15:30:20.972,949,24151.15
2025-11-16 15:30:20.972,950,33036.22
2025-11-16 15:30:20.972,951,32630.74
2025-11-16 15:30:20.972,952,550970.88
2025-11-16 15:30:20.972,953,35691.55
2025-11-16 15:30:20.972,954,52409.35
2025-11-16 15:30:20.972,955,20419.37
2025-11-16 15:30:20.972,956,60495.69
2025-11-16 15:30:20.972,957,138820.45
2025-11-16 15:30:20.972,958,55939.52
2025-11-16 15:30:20.972,959,55939.52
2025-11-16 15:30:20.972,960,40756.99
2025-11-16 15:30:20.972,961,40505.41
2025-11-16 15:30:20.972,962,40132.67
2025-11-16 15:30:20.972,963,40256.3
2025-11-16 15:30:20.972,964,38811.68
2025-11-16 15:30:20.972,965,39403.42
2025-11-16 15:30:20.972,966,39224.4
2025-11-16 15:30:20.972,967,39283.93
2025-11-16 15:30:20.972,968,37558.35
2025-11-16 15:30:20.972,969,38636.91
2025-11-16 15:30:20.972,970,39283.93
2025-11-16 15:30:20.972,971,39165.01
2025-11-16 15:30:20.972,972,38006.61
2025-11-16 15:30:20.972,973,38578.92
2025-11-16 15:30:20.972,974,38578.92
2025-11-16 15:30:20.972,975,38006.61
2025-11-16 15:30:20.972,976,40442.9
2025-11-16 15:30:20.972,977,38811.68
2025-11-16 15:30:20.972,978,35335.6
2025-11-16 15:30:20.972,979,38811.68
2025-11-16 15:30:20.972,980,38291.07
2025-11-16 15:30:20.972,981,38636.91
2025-11-16 15:30:20.972,982,39224.4
2025-11-16 15:30:20.972,983,36739.99
2025-11-16 15:30:20.972,984,37558.35
2025-11-16 15:30:20.972,985,37893.76
2025-11-16 15:30:20.972,986,38695.02
2025-11-16 15:30:20.972,987,34108.26
2025-11-16 15:30:20.972,988,40442.9
2025-11-16 15:30:20.972,989,39343.6
2025-11-16 15:30:20.972,990,40132.67
2025-11-16 15:30:20.972,991,42726.61
2025-11-16 15:30:20.972,992,84035.92
2025-11-16 15:30:20.972,993,42863.36
2025-11-16 15:30:20.972,994,40380.55
2025-11-16 15:30:20.972,995,38695.02
2025-11-16 15:30:20.972,996,40505.41
2025-11-16 15:30:20.972,997,45754.95
2025-11-16 15:30:20.972,998,55201.96
2025-11-16 15:30:20.972,999,58484.71
2025-11-16 15:30:20.972,1000,66008.82
2025-11-16 15:30:20.972,1001,66008.82
2025-11-16 15:30:20.972,1002,94632.04
2025-11-16 15:30:20.972,1003,40380.55
2025-11-16 15:30:20.972,1004,108599.64
2025-11-16 15:30:20.972,1005,226638.0
2025-11-16 15:30:20.972,1006,105581.22
2025-11-16 15:30:20.972,1007,105581.22
2025-11-16 15:30:20.972,1008,63148.7
2025-11-16 15:30:20.972,1009,63148.7
2025-11-16 15:30:20.972,1010,60132.29
2025-11-16 15:30:20.972,1011,59534.86
2025-11-16 15:30:20.972,1012,58715.34
2025-11-16 15:30:20.972,1013,60132.29
2025-11-16 15:30:20.972,1014,59416.6
2025-11-16 15:30:20.972,1015,58715.34
2025-11-16 15:30:20.972,1016,60011.99
2025-11-16 15:30:20.972,1017,58715.34
2025-11-16 15:30:20.972,1018,58715.34
2025-11-16 15:30:20.972,1019,59416.6
2025-11-16 15:30:20.972,1020,58715.34
2025-11-16 15:30:20.972,1021,58255.64
2025-11-16 15:30:20.972,1022,58947.51
2025-11-16 15:30:20.972,1023,57354.41
2025-11-16 15:30:20.972,1024,60011.99
2025-11-16 15:30:20.972,1025,58255.64
2025-11-16 15:30:20.972,1026,48980.34
2025-11-16 15:30:20.972,1027,57914.87
2025-11-16 15:30:20.972,1028,50918.22
2025-11-16 15:30:20.972,1029,53084.88
2025-11-16 15:30:20.972,1030,57577.48
2025-11-16 15:30:20.972,1031,41526.96
2025-11-16 15:30:20.972,1032,54994.24
2025-11-16 15:30:20.972,1033,56368.51
2025-11-16 15:30:20.972,1034,53975.16
2025-11-16 15:30:20.972,1035,54685.13
2025-11-16 15:30:20.972,1036,58028.08
2025-11-16 15:30:20.972,1037,58028.08
2025-11-16 15:30:20.972,1038,58255.64
2025-11-16 15:30:20.972,1039,62114.86
2025-11-16 15:30:20.972,1040,115905.77
2025-11-16 15:30:20.972,1041,60617.66
2025-11-16 15:30:20.972,1042,52600.88
2025-11-16 15:30:20.972,1043,54378.94
2025-11-16 15:30:20.972,1044,58028.08
2025-11-16 15:30:20.972,1045,59416.6
2025-11-16 15:30:20.972,1046,69101.3
2025-11-16 15:30:20.972,1047,63148.7
2025-11-16 15:30:20.972,1048,93048.8
2025-11-16 15:30:20.972,1049,93048.8
2025-11-16 15:30:20.972,1050,125056.52
2025-11-16 15:30:20.972,1051,57802.03
2025-11-16 15:30:20.972,1052,155036.28
2025-11-16 15:30:20.972,1053,322883.13
2025-11-16 15:30:20.972,1054,136160.72
2025-11-16 15:30:20.972,1055,136160.72
2025-11-16 15:30:20.972,1056,48980.34
2025-11-16 15:30:20.972,1057,48810.25
2025-11-16 15:30:20.972,1058,46922.36
2025-11-16 15:30:20.972,1059,47484.0
2025-11-16 15:30:20.972,1060,46061.56
2025-11-16 15:30:20.972,1061,46061.56
2025-11-16 15:30:20.972,1062,46216.13
2025-11-16 15:30:20.972,1063,47081.7
2025-11-16 15:30:20.972,1064,46527.84
2025-11-16 15:30:20.972,1065,45907.83
2025-11-16 15:30:20.972,1066,46843.01
2025-11-16 15:30:20.972,1067,46371.55
2025-11-16 15:30:20.972,1068,45907.83
2025-11-16 15:30:20.972,1069,45907.83
2025-11-16 15:30:20.972,1070,47403.09
2025-11-16 15:30:20.972,1071,46606.3
2025-11-16 15:30:20.972,1072,48305.81
2025-11-16 15:30:20.972,1073,46138.74
2025-11-16 15:30:20.972,1074,34738.09
2025-11-16 15:30:20.972,1075,44854.87
2025-11-16 15:30:20.972,1076,36793.67
2025-11-16 15:30:20.972,1077,36157.48
2025-11-16 15:30:20.972,1078,44415.61
2025-11-16 15:30:20.972,1079,37950.12
2025-11-16 15:30:20.972,1080,39583.74
2025-11-16 15:30:20.972,1081,43347.59
2025-11-16 15:30:20.972,1082,39403.42
2025-11-16 15:30:20.972,1083,41139.08
2025-11-16 15:30:20.972,1084,45002.86
2025-11-16 15:30:20.972,1085,46061.56
2025-11-16 15:30:20.972,1086,46061.56
2025-11-16 15:30:20.972,1087,49496.55
2025-11-16 15:30:20.972,1088,91261.14
2025-11-16 15:30:20.972,1089,48139.58
2025-11-16 15:30:20.972,1090,44781.16
2025-11-16 15:30:20.972,1091,44854.87
2025-11-16 15:30:20.972,1092,45151.65
2025-11-16 15:30:20.972,1093,50199.01
2025-11-16 15:30:20.972,1094,54582.74
2025-11-16 15:30:20.972,1095,54994.24
2025-11-16 15:30:20.972,1096,75386.48
2025-11-16 15:30:20.972,1097,75386.48
2025-11-16 15:30:20.972,1098,102712.45
2025-11-16 15:30:20.972,1099,46606.3
2025-11-16 15:30:20.972,1100,122862.01
2025-11-16 15:30:20.972,1101,257587.41
2025-11-16 15:30:20.972,1102,113621.23
2025-11-16 15:30:20.972,1103,113621.23
2025-11-16 15:30:20.972,1104,61109.78
2025-11-16 15:30:20.972,1105,59892.09
2025-11-16 15:30:20.972,1106,57802.03
2025-11-16 15:30:20.972,1107,58141.67
2025-11-16 15:30:20.972,1108,58599.84
2025-11-16 15:30:20.972,1109,59416.6
2025-11-16 15:30:20.972,1110,57802.03
2025-11-16 15:30:20.972,1111,61109.78
2025-11-16 15:30:20.972,1112,59416.6
2025-11-16 15:30:20.972,1113,58028.08
2025-11-16 15:30:20.972,1114,57577.48
2025-11-16 15:30:20.972,1115,58715.34
2025-11-16 15:30:20.972,1116,58947.51
2025-11-16 15:30:20.972,1117,59416.6
2025-11-16 15:30:20.972,1118,60011.99
2025-11-16 15:30:20.972,1119,56693.92
2025-11-16 15:30:20.972,1120,61233.89
2025-11-16 15:30:20.972,1121,58715.34
2025-11-16 15:30:20.972,1122,47001.92
2025-11-16 15:30:20.972,1123,56693.92
2025-11-16 15:30:20.972,1124,56046.25
2025-11-16 15:30:20.972,1125,54685.13
2025-11-16 15:30:20.972,1126,59416.6
2025-11-16 15:30:20.972,1127,53084.88
2025-11-16 15:30:20.972,1128,52890.38
2025-11-16 15:30:20.972,1129,56260.74
2025-11-16 15:30:20.972,1130,52987.48
2025-11-16 15:30:20.972,1131,56693.92
2025-11-16 15:30:20.972,1132,54994.24
2025-11-16 15:30:20.972,1133,57802.03
2025-11-16 15:30:20.972,1134,56260.74
2025-11-16 15:30:20.972,1135,63411.8
2025-11-16 15:30:20.972,1136,113248.5
2025-11-16 15:30:20.972,1137,61483.39
2025-11-16 15:30:20.972,1138,54176.42
2025-11-16 15:30:20.972,1139,54378.94
2025-11-16 15:30:20.972,1140,57577.48
2025-11-16 15:30:20.972,1141,65307.78
2025-11-16 15:30:20.972,1142,69101.3
2025-11-16 15:30:20.972,1143,70983.91
2025-11-16 15:30:20.972,1144,95170.63
2025-11-16 15:30:20.972,1145,95170.63
2025-11-16 15:30:20.972,1146,128253.38
2025-11-16 15:30:20.972,1147,61358.41
2025-11-16 15:30:20.972,1148,165668.98
2025-11-16 15:30:20.972,1149,346048.91
2025-11-16 15:30:20.972,1150,153062.25
2025-11-16 15:30:20.972,1151,153062.25
2025-11-16 15:30:20.972,1152,102712.45
2025-11-16 15:30:20.972,1153,99393.72
2025-11-16 15:30:20.972,1154,97948.88
2025-11-16 15:30:20.972,1155,97664.48
2025-11-16 15:30:20.972,1156,90267.15
2025-11-16 15:30:20.972,1157,94900.64
2025-11-16 15:30:20.972,1158,95170.63
2025-11-16 15:30:20.972,1159,97948.88
2025-11-16 15:30:20.972,1160,99101.66
2025-11-16 15:30:20.972,1161,95170.63
2025-11-16 15:30:20.972,1162,93834.39
2025-11-16 15:30:20.972,1163,97948.88
2025-11-16 15:30:20.972,1164,97381.57
2025-11-16 15:30:20.972,1165,97100.13
2025-11-16 15:30:20.972,1166,96820.16
2025-11-16 15:30:20.972,1167,97100.13
2025-11-16 15:30:20.972,1168,97100.13
2025-11-16 15:30:20.972,1169,86025.24
2025-11-16 15:30:20.972,1170,90021.7
2025-11-16 15:30:20.972,1171,92789.56
2025-11-16 15:30:20.972,1172,93571.2
2025-11-16 15:30:20.972,1173,98234.78
2025-11-16 15:30:20.972,1174,95170.63
2025-11-16 15:30:20.972,1175,93571.2
2025-11-16 15:30:20.972,1176,90513.82
2025-11-16 15:30:20.972,1177,88812.2
2025-11-16 15:30:20.972,1178,93309.35
2025-11-16 15:30:20.972,1179,94364.8
2025-11-16 15:30:20.972,1180,83604.98
2025-11-16 15:30:20.972,1181,94632.04
2025-11-16 15:30:20.972,1182,82335.49
2025-11-16 15:30:20.972,1183,98811.18
2025-11-16 15:30:20.972,1184,171113.94
2025-11-16 15:30:20.972,1185,94098.91
2025-11-16 15:30:20.972,1186,82965.91
2025-11-16 15:30:20.972,1187,78533.01
2025-11-16 15:30:20.972,1188,77961.02
2025-11-16 15:30:20.972,1189,93571.2
2025-11-16 15:30:20.972,1190,82335.49
2025-11-16 15:30:20.972,1191,82754.82
2025-11-16 15:30:20.972,1192,145026.52
2025-11-16 15:30:20.972,1193,145026.52
2025-11-16 15:30:20.972,1194,165668.98
2025-11-16 15:30:20.972,1195,85800.06
2025-11-16 15:30:20.972,1196,235144.47
2025-11-16 15:30:20.972,1197,477494.09
2025-11-16 15:30:20.972,1198,208912.44
2025-11-16 15:30:20.972,1199,208912.44
2025-11-16 15:30:20.972,1200,528822.38
2025-11-16 15:30:20.972,1201,450099.75
2025-11-16 15:30:20.972,1202,477494.09
2025-11-16 15:30:20.972,1203,412143.03
2025-11-16 15:30:20.972,1204,460679.59
2025-11-16 15:30:20.972,1205,460679.59
2025-11-16 15:30:20.972,1206,435092.38
2025-11-16 15:30:20.972,1207,521823.06
2025-11-16 15:30:20.972,1208,471757.34
2025-11-16 15:30:20.972,1209,450099.75
2025-11-16 15:30:20.972,1210,439984.91
2025-11-16 15:30:20.972,1211,439984.91
2025-11-16 15:30:20.972,1212,455329.53
2025-11-16 15:30:20.972,1213,450099.75
2025-11-16 15:30:20.972,1214,460679.59
2025-11-16 15:30:20.972,1215,450099.75
2025-11-16 15:30:20.972,1216,521823.06
2025-11-16 15:30:20.972,1217,439984.91
2025-11-16 15:30:20.972,1218,450099.75
2025-11-16 15:30:20.972,1219,391443.63
2025-11-16 15:30:20.972,1220,372678.72
2025-11-16 15:30:20.972,1221,379970.25
2025-11-16 15:30:20.972,1222,387544.88
2025-11-16 15:30:20.972,1223,383721.19
2025-11-16 15:30:20.972,1224,365654.84
2025-11-16 15:30:20.972,1225,379970.25
2025-11-16 15:30:20.972,1226,391443.63
2025-11-16 15:30:20.972,1227,421032.91
2025-11-16 15:30:20.972,1228,412143.03
2025-11-16 15:30:20.972,1229,395419.56
2025-11-16 15:30:20.972,1230,379970.25
2025-11-16 15:30:20.972,1231,412143.03
2025-11-16 15:30:20.972,1232,583498.19
2025-11-16 15:30:20.972,1233,430305.09
2025-11-16 15:30:20.972,1234,421032.91
2025-11-16 15:30:20.972,1235,395419.56
2025-11-16 15:30:20.972,1236,369134.25
2025-11-16 15:30:20.972,1237,403612.41
2025-11-16 15:30:20.972,1238,508356.06
2025-11-16 15:30:20.972,1239,521823.06
2025-11-16 15:30:20.972,1240,583498.19
2025-11-16 15:30:20.972,1241,583498.19
2025-11-16 15:30:20.972,1242,661350.38
2025-11-16 15:30:20.972,1243,460679.59
2025-11-16 15:30:20.972,1244,988899.38
2025-11-16 15:30:20.972,1245,793012.25
2025-11-16 15:30:20.972,1246,793012.25
2025-11-16 15:30:20.972,1247,793012.25
2025-11-16 15:30:20.972,1248,127787.46
2025-11-16 15:30:20.972,1249,125056.52
2025-11-16 15:30:20.972,1250,127324.66
2025-11-16 15:30:20.972,1251,121579.19
2025-11-16 15:30:20.972,1252,122431.63
2025-11-16 15:30:20.972,1253,121579.19
2025-11-16 15:30:20.972,1254,121579.19
2025-11-16 15:30:20.972,1255,120737.61
2025-11-16 15:30:20.972,1256,114753.04
2025-11-16 15:30:20.972,1257,110700.96
2025-11-16 15:30:20.972,1258,119906.74
2025-11-16 15:30:20.972,1259,113621.23
2025-11-16 15:30:20.972,1260,115519.18
2025-11-16 15:30:20.972,1261,114373.48
2025-11-16 15:30:20.972,1262,121579.19
2025-11-16 15:30:20.972,1263,112509.73
2025-11-16 15:30:20.972,1264,114753.04
2025-11-16 15:30:20.972,1265,106570.16
2025-11-16 15:30:20.972,1266,109291.9
2025-11-16 15:30:20.972,1267,89051.75
2025-11-16 15:30:20.972,1268,115905.77
2025-11-16 15:30:20.972,1269,115905.77
2025-11-16 15:30:20.972,1270,120737.61
2025-11-16 15:30:20.972,1271,113996.21
2025-11-16 15:30:20.972,1272,119495.26
2025-11-16 15:30:20.972,1273,115519.18
2025-11-16 15:30:20.972,1274,126864.97
2025-11-16 15:30:20.972,1275,119495.26
2025-11-16 15:30:20.972,1276,115134.95
2025-11-16 15:30:20.972,1277,123295.2
2025-11-16 15:30:20.972,1278,112877.99
2025-11-16 15:30:20.972,1279,122431.63
2025-11-16 15:30:20.972,1280,218701.81
2025-11-16 15:30:20.972,1281,128722.46
2025-11-16 15:30:20.972,1282,125056.52
2025-11-16 15:30:20.972,1283,112877.99
2025-11-16 15:30:20.972,1284,112143.66
2025-11-16 15:30:20.972,1285,136685.03
2025-11-16 15:30:20.972,1286,165668.98
2025-11-16 15:30:20.972,1287,166426.73
2025-11-16 15:30:20.972,1288,189679.88
2025-11-16 15:30:20.972,1289,189679.88
2025-11-16 15:30:20.972,1290,223932.14
2025-11-16 15:30:20.972,1291,122862.01
2025-11-16 15:30:20.972,1292,322883.13
2025-11-16 15:30:20.972,1293,650520.19
2025-11-16 15:30:20.972,1294,284551.28
2025-11-16 15:30:20.972,1295,284551.28
2025-11-16 15:30:20.972,1296,57465.76
2025-11-16 15:30:20.972,1297,56912.64
2025-11-16 15:30:20.972,1298,56693.92
2025-11-16 15:30:20.972,1299,55939.52
2025-11-16 15:30:20.972,1300,54787.84
2025-11-16 15:30:20.972,1301,54994.24
2025-11-16 15:30:20.972,1302,56153.31
2025-11-16 15:30:20.972,1303,55833.13
2025-11-16 15:30:20.972,1304,56476.62
2025-11-16 15:30:20.972,1305,54378.94
2025-11-16 15:30:20.972,1306,56476.62
2025-11-16 15:30:20.972,1307,55411.0
2025-11-16 15:30:20.972,1308,56368.51
2025-11-16 15:30:20.972,1309,55833.13
2025-11-16 15:30:20.972,1310,57132.8
2025-11-16 15:30:20.972,1311,55939.52
2025-11-16 15:30:20.972,1312,61109.78
2025-11-16 15:30:20.972,1313,55201.96
2025-11-16 15:30:20.972,1314,57689.57
2025-11-16 15:30:20.972,1315,56693.92
2025-11-16 15:30:20.972,1316,58141.67
2025-11-16 15:30:20.972,1317,58947.51
2025-11-16 15:30:20.972,1318,57354.41
2025-11-16 15:30:20.972,1319,58255.64
2025-11-16 15:30:20.972,1320,55621.39
2025-11-16 15:30:20.972,1321,46061.56
2025-11-16 15:30:20.972,1322,57689.57
2025-11-16 15:30:20.972,1323,57689.57
2025-11-16 15:30:20.972,1324,53477.48
2025-11-16 15:30:20.972,1325,57243.42
2025-11-16 15:30:20.972,1326,49151.41
2025-11-16 15:30:20.972,1327,59181.26
2025-11-16 15:30:20.972,1328,102402.48
2025-11-16 15:30:20.972,1329,60374.14
2025-11-16 15:30:20.972,1330,56803.11
2025-11-16 15:30:20.972,1331,49845.72
2025-11-16 15:30:20.972,1332,48895.18
2025-11-16 15:30:20.972,1333,63676.8
2025-11-16 15:30:20.972,1334,70346.52
2025-11-16 15:30:20.972,1335,73127.03
2025-11-16 15:30:20.972,1336,90021.7
2025-11-16 15:30:20.972,1337,90021.7
2025-11-16 15:30:20.972,1338,101787.58
2025-11-16 15:30:20.972,1339,56693.92
2025-11-16 15:30:20.972,1340,150502.45
2025-11-16 15:30:20.972,1341,280371.47
2025-11-16 15:30:20.972,1342,121579.19
2025-11-16 15:30:20.972,1343,121579.19
2025-11-16 15:30:20.972,1344,30309.35
2025-11-16 15:30:20.972,1345,30189.96
2025-11-16 15:30:20.972,1346,28773.39
2025-11-16 15:30:20.972,1347,29603.42
2025-11-16 15:30:20.972,1348,28299.01
2025-11-16 15:30:20.972,1349,28335.09
2025-11-16 15:30:20.972,1350,28119.63
2025-11-16 15:30:20.972,1351,28773.39
2025-11-16 15:30:20.972,1352,28480.09
2025-11-16 15:30:20.972,1353,27660.98
2025-11-16 15:30:20.972,1354,28810.36
2025-11-16 15:30:20.972,1355,28480.09
2025-11-16 15:30:20.972,1356,28407.46
2025-11-16 15:30:20.972,1357,28480.09
2025-11-16 15:30:20.972,1358,29603.42
2025-11-16 15:30:20.972,1359,28847.41
2025-11-16 15:30:20.972,1360,31543.36
2025-11-16 15:30:20.972,1361,28996.3
2025-11-16 15:30:20.972,1362,31040.83
2025-11-16 15:30:20.972,1363,30389.34
2025-11-16 15:30:20.972,1364,30958.25
2025-11-16 15:30:20.972,1365,31971.61
2025-11-16 15:30:20.972,1366,29526.5
2025-11-16 15:30:20.972,1367,32014.92
2025-11-16 15:30:20.972,1368,29526.5
2025-11-16 15:30:20.972,1369,26544.65
2025-11-16 15:30:20.972,1370,32900.21
2025-11-16 15:30:20.972,1371,30958.25
2025-11-16 15:30:20.972,1372,30309.35
2025-11-16 15:30:20.972,1373,30110.76
2025-11-16 15:30:20.972,1374,27977.33
2025-11-16 15:30:20.972,1375,31206.99
2025-11-16 15:30:20.972,1376,60132.29
2025-11-16 15:30:20.972,1377,28553.0
2025-11-16 15:30:20.972,1378,32145.38
2025-11-16 15:30:20.972,1379,28699.64
2025-11-16 15:30:20.972,1380,28810.36
2025-11-16 15:30:20.972,1381,35640.36
2025-11-16 15:30:20.972,1382,42658.5
2025-11-16 15:30:20.972,1383,44707.67
2025-11-16 15:30:20.972,1384,566776.38
2025-11-16 15:30:20.972,1385,49758.04
2025-11-16 15:30:20.972,1386,64756.17
2025-11-16 15:30:20.972,1387,29992.53
2025-11-16 15:30:20.972,1388,88812.2
2025-11-16 15:30:20.972,1389,178630.77
2025-11-16 15:30:20.972,1390,77772.0
2025-11-16 15:30:20.972,1391,77772.0
2025-11-16 15:30:20.972,1392,33635.68
2025-11-16 15:30:20.972,1393,34445.18
2025-11-16 15:30:20.972,1394,33403.16
2025-11-16 15:30:20.972,1395,34060.55
2025-11-16 15:30:20.972,1396,32586.16
2025-11-16 15:30:20.972,1397,33036.22
2025-11-16 15:30:20.972,1398,32145.38
2025-11-16 15:30:20.972,1399,32675.42
2025-11-16 15:30:20.972,1400,32945.45
2025-11-16 15:30:20.972,1401,32189.05
2025-11-16 15:30:20.972,1402,33310.84
2025-11-16 15:30:20.972,1403,32320.6
2025-11-16 15:30:20.972,1404,32945.45
2025-11-16 15:30:20.972,1405,32900.21
2025-11-16 15:30:20.972,1406,33870.7
2025-11-16 15:30:20.972,1407,33495.87
2025-11-16 15:30:20.972,1408,36157.48
2025-11-16 15:30:20.972,1409,32675.42
2025-11-16 15:30:20.972,1410,36001.13
2025-11-16 15:30:20.972,1411,34156.08
2025-11-16 15:30:20.972,1412,35845.82
2025-11-16 15:30:20.972,1413,37669.63
2025-11-16 15:30:20.972,1414,34640.03
2025-11-16 15:30:20.972,1415,37558.35
2025-11-16 15:30:20.972,1416,34542.39
2025-11-16 15:30:20.972,1417,33310.84
2025-11-16 15:30:20.972,1418,38348.37
2025-11-16 15:30:20.972,1419,36157.48
2025-11-16 15:30:20.972,1420,35897.47
2025-11-16 15:30:20.972,1421,35742.86
2025-11-16 15:30:20.972,1422,33870.7
2025-11-16 15:30:20.972,1423,36686.43
2025-11-16 15:30:20.972,1424,70823.62
2025-11-16 15:30:20.972,1425,34396.74
2025-11-16 15:30:20.972,1426,38006.61
2025-11-16 15:30:20.972,1427,34300.16
2025-11-16 15:30:20.972,1428,34156.08
2025-11-16 15:30:20.972,1429,41075.0
2025-11-16 15:30:20.972,1430,51468.98
2025-11-16 15:30:20.972,1431,54582.74
2025-11-16 15:30:20.972,1432,734602.25
2025-11-16 15:30:20.972,1433,56912.64
2025-11-16 15:30:20.972,1434,76471.19
2025-11-16 15:30:20.972,1435,35691.55
2025-11-16 15:30:20.972,1436,103337.61
2025-11-16 15:30:20.972,1437,211280.41
2025-11-16 15:30:20.972,1438,89534.38
2025-11-16 15:30:20.972,1439,89534.38
2025-11-16 15:30:20.972,1440,37558.35
2025-11-16 15:30:20.972,1441,36793.67
2025-11-16 15:30:20.972,1442,35794.29
2025-11-16 15:30:20.972,1443,36847.48
2025-11-16 15:30:20.972,1444,35034.87
2025-11-16 15:30:20.972,1445,34935.51
2025-11-16 15:30:20.972,1446,35034.87
2025-11-16 15:30:20.972,1447,35640.36
2025-11-16 15:30:20.972,1448,35949.24
2025-11-16 15:30:20.972,1449,35084.71
2025-11-16 15:30:20.972,1450,35335.6
2025-11-16 15:30:20.972,1451,35640.36
2025-11-16 15:30:20.972,1452,35034.87
2025-11-16 15:30:20.972,1453,36053.13
2025-11-16 15:30:20.972,1454,36793.67
2025-11-16 15:30:20.972,1455,36262.32
2025-11-16 15:30:20.972,1456,38811.68
2025-11-16 15:30:20.972,1457,35034.87
2025-11-16 15:30:20.972,1458,38463.37
2025-11-16 15:30:20.972,1459,36686.43
2025-11-16 15:30:20.972,1460,39283.93
2025-11-16 15:30:20.972,1461,39765.37
2025-11-16 15:30:20.972,1462,36901.41
2025-11-16 15:30:20.972,1463,39343.6
2025-11-16 15:30:20.972,1464,36686.43
2025-11-16 15:30:20.972,1465,30999.5
2025-11-16 15:30:20.972,1466,40380.55
2025-11-16 15:30:20.972,1467,37781.43
2025-11-16 15:30:20.972,1468,36157.48
2025-11-16 15:30:20.972,1469,37502.91
2025-11-16 15:30:20.972,1470,33264.83
2025-11-16 15:30:20.972,1471,39523.48
2025-11-16 15:30:20.972,1472,68644.23
2025-11-16 15:30:20.972,1473,40256.3
2025-11-16 15:30:20.972,1474,38578.92
2025-11-16 15:30:20.972,1475,32855.06
2025-11-16 15:30:20.972,1476,32855.06
2025-11-16 15:30:20.972,1477,42726.61
2025-11-16 15:30:20.972,1478,52029.78
2025-11-16 15:30:20.972,1479,56912.64
2025-11-16 15:30:20.972,1480,734602.25
2025-11-16 15:30:20.972,1481,60374.14
2025-11-16 15:30:20.972,1482,75565.37
2025-11-16 15:30:20.972,1483,37502.91
2025-11-16 15:30:20.972,1484,108599.64
2025-11-16 15:30:20.972,1485,210090.06
2025-11-16 15:30:20.972,1486,93309.35
2025-11-16 15:30:20.972,1487,93309.35
2025-11-16 15:30:20.972,1488,29449.88
2025-11-16 15:30:20.972,1489,28699.64
2025-11-16 15:30:20.972,1490,27556.69
2025-11-16 15:30:20.972,1491,28699.64
2025-11-16 15:30:20.972,1492,27111.36
2025-11-16 15:30:20.972,1493,27213.2
2025-11-16 15:30:20.972,1494,27179.19
2025-11-16 15:30:20.972,1495,27418.54
2025-11-16 15:30:20.972,1496,27695.87
2025-11-16 15:30:20.972,1497,27213.2
2025-11-16 15:30:20.972,1498,27349.84
2025-11-16 15:30:20.972,1499,27626.15
2025-11-16 15:30:20.972,1500,27591.39
2025-11-16 15:30:20.972,1501,27695.87
2025-11-16 15:30:20.972,1502,28443.74
2025-11-16 15:30:20.972,1503,27730.82
2025-11-16 15:30:20.972,1504,30150.32
2025-11-16 15:30:20.972,1505,26283.89
2025-11-16 15:30:20.972,1506,30229.68
2025-11-16 15:30:20.972,1507,28335.09
2025-11-16 15:30:20.972,1508,30071.27
2025-11-16 15:30:20.972,1509,30999.5
2025-11-16 15:30:20.972,1510,28773.39
2025-11-16 15:30:20.972,1511,30958.25
2025-11-16 15:30:20.972,1512,28847.41
2025-11-16 15:30:20.972,1513,26577.51
2025-11-16 15:30:20.972,1514,31971.61
2025-11-16 15:30:20.972,1515,29992.53
2025-11-16 15:30:20.972,1516,28773.39
2025-11-16 15:30:20.972,1517,29564.92
2025-11-16 15:30:20.972,1518,25710.52
2025-11-16 15:30:20.972,1519,30794.08
2025-11-16 15:30:20.972,1520,56912.64
2025-11-16 15:30:20.972,1521,31374.49
2025-11-16 15:30:20.972,1522,31206.99
2025-11-16 15:30:20.972,1523,26283.89
2025-11-16 15:30:20.972,1524,26251.55
2025-11-16 15:30:20.972,1525,34108.26
2025-11-16 15:30:20.972,1526,41788.82
2025-11-16 15:30:20.972,1527,45907.83
2025-11-16 15:30:20.972,1528,483368.97
2025-11-16 15:30:20.972,1529,48389.29
2025-11-16 15:30:20.972,1530,57802.03
2025-11-16 15:30:20.972,1531,28699.64
2025-11-16 15:30:20.972,1532,82335.49
2025-11-16 15:30:20.972,1533,175214.38
2025-11-16 15:30:20.972,1534,72123.99
2025-11-16 15:30:20.972,1535,72123.99
2025-11-16 15:30:20.972,1536,26090.74
2025-11-16 15:30:20.972,1537,26090.74
2025-11-16 15:30:20.972,1538,26090.74
2025-11-16 15:30:20.972,1539,26090.74
2025-11-16 15:30:20.972,1540,26090.74
2025-11-16 15:30:20.972,1541,26090.74
2025-11-16 15:30:20.972,1542,26090.74
2025-11-16 15:30:20.972,1543,26090.74
2025-11-16 15:30:20.972,1544,26090.74
2025-11-16 15:30:20.972,1545,26090.74
2025-11-16 15:30:20.972,1546,26090.74
2025-11-16 15:30:20.972,1547,26090.74
2025-11-16 15:30:20.972,1548,26090.74
2025-11-16 15:30:20.972,1549,26090.74
2025-11-16 15:30:20.972,1550,26090.74
2025-11-16 15:30:20.972,1551,26090.74
2025-11-16 15:30:20.972,1552,26090.74
2025-11-16 15:30:20.972,1553,26090.74
2025-11-16 15:30:20.972,1554,26090.74
2025-11-16 15:30:20.972,1555,26090.74
2025-11-16 15:30:20.972,1556,26090.74
2025-11-16 15:30:20.972,1557,26090.74
2025-11-16 15:30:20.972,1558,26090.74
2025-11-16 15:30:20.972,1559,26090.74
2025-11-16 15:30:20.972,1560,26090.74
2025-11-16 15:30:20.972,1561,26090.74
2025-11-16 15:30:20.972,1562,26090.74
2025-11-16 15:30:20.972,1563,26090.74
2025-11-16 15:30:20.972,1564,26090.74
2025-11-16 15:30:20.972,1565,26090.74
2025-11-16 15:30:20.972,1566,26090.74
2025-11-16 15:30:20.972,1567,26090.74
2025-11-16 15:30:20.972,1568,26090.74
2025-11-16 15:30:20.972,1569,26090.74
2025-11-16 15:30:20.972,1570,26090.74
2025-11-16 15:30:20.972,1571,26090.74
2025-11-16 15:30:20.972,1572,26090.74
2025-11-16 15:30:20.972,1573,26090.74
2025-11-16 15:30:20.972,1574,26090.74
2025-11-16 15:30:20.972,1575,26090.74
2025-11-16 15:30:20.972,1576,26090.74
2025-11-16 15:30:20.972,1577,26090.74
2025-11-16 15:30:20.972,1578,26090.74
2025-11-16 15:30:20.972,1579,26090.74
2025-11-16 15:30:20.972,1580,26090.74
2025-11-16 15:30:20.972,1581,26090.74
2025-11-16 15:30:20.972,1582,26090.74
2025-11-16 15:30:20.972,1583,26090.74
2025-11-16 15:30:20.972,1584,26090.74
2025-11-16 15:30:20.972,1585,26154.89
2025-11-16 15:30:20.972,1586,24883.55
2025-11-16 15:30:20.972,1587,25710.52
2025-11-16 15:30:20.972,1588,24324.12
2025-11-16 15:30:20.972,1589,24324.12
2025-11-16 15:30:20.972,1590,24586.87
2025-11-16 15:30:20.972,1591,24645.8
2025-11-16 15:30:20.972,1592,24616.31
2025-11-16 15:30:20.972,1593,24498.84
2025-11-16 15:30:20.972,1594,24675.34
2025-11-16 15:30:20.972,1595,24616.31
2025-11-16 15:30:20.972,1596,24557.47
2025-11-16 15:30:20.972,1597,24675.34
2025-11-16 15:30:20.972,1598,25710.52
2025-11-16 15:30:20.972,1599,24675.34
2025-11-16 15:30:20.972,1600,27043.79
2025-11-16 15:30:20.972,1601,24151.15
2025-11-16 15:30:20.972,1602,26842.51
2025-11-16 15:30:20.972,1603,25094.26
2025-11-16 15:30:20.972,1604,26809.18
2025-11-16 15:30:20.972,1605,27281.39
2025-11-16 15:30:20.972,1606,25773.33
2025-11-16 15:30:20.972,1607,28227.06
2025-11-16 15:30:20.972,1608,25773.33
2025-11-16 15:30:20.972,1609,24036.8
2025-11-16 15:30:20.972,1610,28996.3
2025-11-16 15:30:20.972,1611,26610.43
2025-11-16 15:30:20.972,1612,25963.11
2025-11-16 15:30:20.972,1613,26809.18
2025-11-16 15:30:20.972,1614,24036.8
2025-11-16 15:30:20.972,1615,27556.69
2025-11-16 15:30:20.972,1616,52793.59
2025-11-16 15:30:20.972,1617,24557.47
2025-11-16 15:30:20.972,1618,28371.24
2025-11-16 15:30:20.972,1619,24794.01
2025-11-16 15:30:20.972,1620,24324.12
2025-11-16 15:30:20.972,1621,31374.49
2025-11-16 15:30:20.972,1622,40630.89
2025-11-16 15:30:20.972,1623,43840.75
2025-11-16 15:30:20.972,1624,471757.34
2025-11-16 15:30:20.972,1625,44707.67
2025-11-16 15:30:20.972,1626,57802.03
2025-11-16 15:30:20.972,1627,27077.54
2025-11-16 15:30:20.972,1628,79112.48
2025-11-16 15:30:20.972,1629,168739.63
2025-11-16 15:30:20.972,1630,71959.17
2025-11-16 15:30:20.972,1631,71959.17
2025-11-16 15:30:20.972,1632,24734.57
2025-11-16 15:30:20.972,1633,25033.8
2025-11-16 15:30:20.972,1634,24151.15
2025-11-16 15:30:20.972,1635,24675.34
2025-11-16 15:30:20.972,1636,23202.91
2025-11-16 15:30:20.972,1637,23148.76
2025-11-16 15:30:20.972,1638,23284.46
2025-11-16 15:30:20.972,1639,23421.27
2025-11-16 15:30:20.972,1640,23642.52
2025-11-16 15:30:20.972,1641,23421.27
2025-11-16 15:30:20.972,1642,23284.46
2025-11-16 15:30:20.972,1643,23421.27
2025-11-16 15:30:20.972,1644,23366.42
2025-11-16 15:30:20.972,1645,23642.52
2025-11-16 15:30:20.972,1646,24122.49
2025-11-16 15:30:20.972,1647,23311.73
2025-11-16 15:30:20.972,1648,25461.45
2025-11-16 15:30:20.972,1649,22357.16
2025-11-16 15:30:20.972,1650,24586.87
2025-11-16 15:30:20.972,1651,23257.23
2025-11-16 15:30:20.972,1652,25124.57
2025-11-16 15:30:20.972,1653,26058.75
2025-11-16 15:30:20.972,1654,23810.38
2025-11-16 15:30:20.972,1655,26026.81
2025-11-16 15:30:20.972,1656,23894.93
2025-11-16 15:30:20.972,1657,21358.47
2025-11-16 15:30:20.972,1658,26283.89
2025-11-16 15:30:20.972,1659,24382.16
2025-11-16 15:30:20.972,1660,20464.99
2025-11-16 15:30:20.972,1661,24557.47
2025-11-16 15:30:20.972,1662,16982.88
2025-11-16 15:30:20.972,1663,25773.33
2025-11-16 15:30:20.972,1664,45002.86
2025-11-16 15:30:20.972,1665,26709.53
2025-11-16 15:30:20.972,1666,25154.93
2025-11-16 15:30:20.972,1667,19816.52
2025-11-16 15:30:20.972,1668,16420.69
2025-11-16 15:30:20.972,1669,28119.63
2025-11-16 15:30:20.972,1670,34252.03
2025-11-16 15:30:20.972,1671,37669.63
2025-11-16 15:30:20.972,1672,421032.91
2025-11-16 15:30:20.972,1673,41526.96
2025-11-16 15:30:20.972,1674,47484.0
2025-11-16 15:30:20.972,1675,24208.61
2025-11-16 15:30:20.972,1676,71144.84
2025-11-16 15:30:20.972,1677,151134.84
2025-11-16 15:30:20.972,1678,64347.73
2025-11-16 15:30:20.972,1679,64347.73
2025-11-16 15:30:20.972,1680,34300.16
2025-11-16 15:30:20.972,1681,34060.55
2025-11-16 15:30:20.972,1682,32900.21
2025-11-16 15:30:20.972,1683,33870.7
2025-11-16 15:30:20.972,1684,31971.61
2025-11-16 15:30:20.972,1685,32145.38
2025-11-16 15:30:20.972,1686,32145.38
2025-11-16 15:30:20.972,1687,32586.16
2025-11-16 15:30:20.972,1688,32320.6
2025-11-16 15:30:20.972,1689,32058.32
2025-11-16 15:30:20.972,1690,32541.67
2025-11-16 15:30:20.972,1691,32586.16
2025-11-16 15:30:20.972,1692,32232.81
2025-11-16 15:30:20.972,1693,32320.6
2025-11-16 15:30:20.972,1694,33635.68
2025-11-16 15:30:20.972,1695,32765.05
2025-11-16 15:30:20.972,1696,34396.74
2025-11-16 15:30:20.972,1697,29992.53
2025-11-16 15:30:20.972,1698,34445.18
2025-11-16 15:30:20.972,1699,31374.49
2025-11-16 15:30:20.972,1700,34348.4
2025-11-16 15:30:20.972,1701,35845.82
2025-11-16 15:30:20.972,1702,33495.87
2025-11-16 15:30:20.972,1703,35742.86
2025-11-16 15:30:20.972,1704,33310.84
2025-11-16 15:30:20.972,1705,29914.1
2025-11-16 15:30:20.972,1706,36579.68
2025-11-16 15:30:20.972,1707,33776.39
2025-11-16 15:30:20.972,1708,31585.79
2025-11-16 15:30:20.972,1709,34108.26
2025-11-16 15:30:20.972,1710,28921.71
2025-11-16 15:30:20.972,1711,35234.91
2025-11-16 15:30:20.972,1712,56912.64
2025-11-16 15:30:20.972,1713,36901.41
2025-11-16 15:30:20.972,1714,35134.67
2025-11-16 15:30:20.972,1715,30389.34
2025-11-16 15:30:20.972,1716,27077.54
2025-11-16 15:30:20.972,1717,39523.48
2025-11-16 15:30:20.972,1718,48641.14
2025-11-16 15:30:20.972,1719,51100.71
2025-11-16 15:30:20.972,1720,566776.38
2025-11-16 15:30:20.972,1721,56046.25
2025-11-16 15:30:20.972,1722,62370.57
2025-11-16 15:30:20.972,1723,34156.08
2025-11-16 15:30:20.972,1724,103024.17
2025-11-16 15:30:20.972,1725,208912.44
2025-11-16 15:30:20.972,1726,85130.81
2025-11-16 15:30:20.972,1727,85130.81
2025-11-16 15:30:20.972,1728,27349.84
2025-11-16 15:30:20.972,1729,27281.39
2025-11-16 15:30:20.972,1730,26090.74
2025-11-16 15:30:20.972,1731,26610.43
2025-11-16 15:30:20.972,1732,25585.55
2025-11-16 15:30:20.972,1733,25461.45
2025-11-16 15:30:20.972,1734,25554.44
2025-11-16 15:30:20.972,1735,25461.45
2025-11-16 15:30:20.972,1736,25710.52
2025-11-16 15:30:20.972,1737,25461.45
2025-11-16 15:30:20.972,1738,25554.44
2025-11-16 15:30:20.972,1739,25679.2
2025-11-16 15:30:20.972,1740,25585.55
2025-11-16 15:30:20.972,1741,25647.93
2025-11-16 15:30:20.972,1742,26381.24
2025-11-16 15:30:20.972,1743,25836.37
2025-11-16 15:30:20.972,1744,27626.15
2025-11-16 15:30:20.972,1745,24208.61
2025-11-16 15:30:20.972,1746,27281.39
2025-11-16 15:30:20.972,1747,23923.21
2025-11-16 15:30:20.972,1748,27695.87
2025-11-16 15:30:20.972,1749,28736.48
2025-11-16 15:30:20.972,1750,26577.51
2025-11-16 15:30:20.972,1751,28407.46
2025-11-16 15:30:20.972,1752,26187.06
2025-11-16 15:30:20.972,1753,22987.37
2025-11-16 15:30:20.972,1754,28996.3
2025-11-16 15:30:20.972,1755,26742.69
2025-11-16 15:30:20.972,1756,23366.42
2025-11-16 15:30:20.972,1757,27010.09
2025-11-16 15:30:20.972,1758,20625.75
2025-11-16 15:30:20.972,1759,28227.06
2025-11-16 15:30:20.972,1760,49065.75
2025-11-16 15:30:20.972,1761,28884.52
2025-11-16 15:30:20.972,1762,27765.84
2025-11-16 15:30:20.972,1763,20788.21
2025-11-16 15:30:20.972,1764,20648.86
2025-11-16 15:30:20.972,1765,30876.0
2025-11-16 15:30:20.972,1766,38463.37
2025-11-16 15:30:20.972,1767,40820.27
2025-11-16 15:30:20.972,1768,460679.59
2025-11-16 15:30:20.972,1769,45602.89
2025-11-16 15:30:20.972,1770,52600.88
2025-11-16 15:30:20.972,1771,27556.69
2025-11-16 15:30:20.972,1772,80095.27
2025-11-16 15:30:20.972,1773,176906.95
2025-11-16 15:30:20.972,1774,71468.63
2025-11-16 15:30:20.972,1775,71468.63
2025-11-16 15:30:20.972,1776,27077.54
2025-11-16 15:30:20.972,1777,26809.18
2025-11-16 15:30:20.972,1778,25931.34
2025-11-16 15:30:20.972,1779,26413.8
2025-11-16 15:30:20.972,1780,25094.26
2025-11-16 15:30:20.972,1781,25215.81
2025-11-16 15:30:20.972,1782,25276.9
2025-11-16 15:30:20.972,1783,25307.53
2025-11-16 15:30:20.972,1784,25215.81
2025-11-16 15:30:20.972,1785,25154.93
2025-11-16 15:30:20.972,1786,25094.26
2025-11-16 15:30:20.972,1787,25276.9
2025-11-16 15:30:20.972,1788,25215.81
2025-11-16 15:30:20.972,1789,25461.45
2025-11-16 15:30:20.972,1790,26090.74
2025-11-16 15:30:20.972,1791,25647.93
2025-11-16 15:30:20.972,1792,27247.26
2025-11-16 15:30:20.972,1793,23810.38
2025-11-16 15:30:20.972,1794,26942.87
2025-11-16 15:30:20.972,1795,24557.47
2025-11-16 15:30:20.972,1796,27043.79
2025-11-16 15:30:20.972,1797,28227.06
2025-11-16 15:30:20.972,1798,26026.81
2025-11-16 15:30:20.972,1799,27836.08
2025-11-16 15:30:20.972,1800,25963.11
2025-11-16 15:30:20.972,1801,23094.79
2025-11-16 15:30:20.972,1802,28553.0
2025-11-16 15:30:20.972,1803,26544.65
2025-11-16 15:30:20.972,1804,24151.15
2025-11-16 15:30:20.972,1805,26742.69
2025-11-16 15:30:20.972,1806,21504.34
2025-11-16 15:30:20.972,1807,27695.87
2025-11-16 15:30:20.972,1808,48980.34
2025-11-16 15:30:20.972,1809,28480.09
2025-11-16 15:30:20.972,1810,27556.69
2025-11-16 15:30:20.972,1811,20741.61
2025-11-16 15:30:20.972,1812,20419.37
2025-11-16 15:30:20.972,1813,30590.71
2025-11-16 15:30:20.972,1814,38870.21
2025-11-16 15:30:20.972,1815,39165.01
2025-11-16 15:30:20.972,1816,942433.13
2025-11-16 15:30:20.972,1817,44634.36
2025-11-16 15:30:20.972,1818,51654.79
2025-11-16 15:30:20.972,1819,26283.89
2025-11-16 15:30:20.972,1820,80294.42
2025-11-16 15:30:20.972,1821,174379.52
2025-11-16 15:30:20.972,1822,68192.39
2025-11-16 15:30:20.972,1823,68192.39
2025-11-16 15:30:20.972,1824,33127.38
2025-11-16 15:30:20.972,1825,32058.32
2025-11-16 15:30:20.972,1826,31501.02
2025-11-16 15:30:20.972,1827,32320.6
2025-11-16 15:30:20.972,1828,30876.0
2025-11-16 15:30:20.972,1829,30876.0
2025-11-16 15:30:20.972,1830,31040.83
2025-11-16 15:30:20.972,1831,31040.83
2025-11-16 15:30:20.972,1832,31040.83
2025-11-16 15:30:20.972,1833,30835.0
2025-11-16 15:30:20.972,1834,30958.25
2025-11-16 15:30:20.972,1835,31416.58
2025-11-16 15:30:20.972,1836,30671.81
2025-11-16 15:30:20.972,1837,31206.99
2025-11-16 15:30:20.972,1838,31885.26
2025-11-16 15:30:20.972,1839,31206.99
2025-11-16 15:30:20.972,1840,33449.47
2025-11-16 15:30:20.972,1841,29297.52
2025-11-16 15:30:20.972,1842,33310.84
2025-11-16 15:30:20.972,1843,30876.0
2025-11-16 15:30:20.972,1844,33542.38
2025-11-16 15:30:20.972,1845,34156.08
2025-11-16 15:30:20.972,1846,32058.32
2025-11-16 15:30:20.972,1847,34640.03
2025-11-16 15:30:20.972,1848,32232.81
2025-11-16 15:30:20.972,1849,28335.09
2025-11-16 15:30:20.972,1850,35134.67
2025-11-16 15:30:20.972,1851,32232.81
2025-11-16 15:30:20.972,1852,30389.34
2025-11-16 15:30:20.972,1853,32232.81
2025-11-16 15:30:20.972,1854,26742.69
2025-11-16 15:30:20.972,1855,34252.03
2025-11-16 15:30:20.972,1856,59298.73
2025-11-16 15:30:20.972,1857,30150.32
2025-11-16 15:30:20.972,1858,34300.16
2025-11-16 15:30:20.972,1859,27977.33
2025-11-16 15:30:20.972,1860,27836.08
2025-11-16 15:30:20.972,1861,37558.35
2025-11-16 15:30:20.972,1862,46293.73
2025-11-16 15:30:20.972,1863,48139.58
2025-11-16 15:30:20.972,1864,566776.38
2025-11-16 15:30:20.972,1865,53182.58
2025-11-16 15:30:20.972,1866,56476.62
2025-11-16 15:30:20.972,1867,32855.06
2025-11-16 15:30:20.972,1868,94364.8
2025-11-16 15:30:20.972,1869,210090.06
2025-11-16 15:30:20.972,1870,78725.33
2025-11-16 15:30:20.972,1871,78725.33
2025-11-16 15:30:20.972,1872,28119.63
2025-11-16 15:30:20.972,1873,27765.84
2025-11-16 15:30:20.972,1874,26610.43
2025-11-16 15:30:20.972,1875,27384.16
2025-11-16 15:30:20.972,1876,25994.93
2025-11-16 15:30:20.972,1877,26348.73
2025-11-16 15:30:20.972,1878,26316.28
2025-11-16 15:30:20.972,1879,26348.73
2025-11-16 15:30:20.972,1880,25963.11
2025-11-16 15:30:20.972,1881,25994.93
2025-11-16 15:30:20.972,1882,25647.93
2025-11-16 15:30:20.972,1883,26348.73
2025-11-16 15:30:20.972,1884,26058.75
2025-11-16 15:30:20.972,1885,26154.89
2025-11-16 15:30:20.972,1886,26875.9
2025-11-16 15:30:20.972,1887,26544.65
2025-11-16 15:30:20.972,1888,28407.46
2025-11-16 15:30:20.972,1889,25064.0
2025-11-16 15:30:20.972,1890,28155.37
2025-11-16 15:30:20.972,1891,25963.11
2025-11-16 15:30:20.972,1892,28299.01
2025-11-16 15:30:20.972,1893,29411.68
2025-11-16 15:30:20.972,1894,27145.25
2025-11-16 15:30:20.972,1895,29146.33
2025-11-16 15:30:20.972,1896,27111.36
2025-11-16 15:30:20.972,1897,22152.38
2025-11-16 15:30:20.972,1898,29719.36
2025-11-16 15:30:20.972,1899,27556.69
2025-11-16 15:30:20.972,1900,24645.8
2025-11-16 15:30:20.972,1901,27800.93
2025-11-16 15:30:20.972,1902,20170.86
2025-11-16 15:30:20.972,1903,28958.97
2025-11-16 15:30:20.972,1904,48725.57
2025-11-16 15:30:20.972,1905,27145.25
2025-11-16 15:30:20.972,1906,28773.39
2025-11-16 15:30:20.972,1907,22774.6
2025-11-16 15:30:20.972,1908,22434.62
2025-11-16 15:30:20.972,1909,31885.26
2025-11-16 15:30:20.972,1910,39343.6
2025-11-16 15:30:20.972,1911,41920.75
2025-11-16 15:30:20.972,1912,460679.59
2025-11-16 15:30:20.972,1913,46061.56
2025-11-16 15:30:20.972,1914,51841.71
2025-11-16 15:30:20.972,1915,27730.82
2025-11-16 15:30:20.972,1916,79112.48
2025-11-16 15:30:20.972,1917,206594.58
2025-11-16 15:30:20.972,1918,70346.52
2025-11-16 15:30:20.972,1919,70346.52
2025-11-16 15:30:20.972,1920,900097.25
2025-11-16 15:30:20.972,1921,900097.25
2025-11-16 15:30:20.972,1922,592227.94
2025-11-16 15:30:20.972,1923,793012.25
2025-11-16 15:30:20.972,1924,684112.31
2025-11-16 15:30:20.972,1925,777567.38
2025-11-16 15:30:20.972,1926,900097.25
2025-11-16 15:30:20.972,1927,672541.69
2025-11-16 15:30:20.972,1928,734602.25
2025-11-16 15:30:20.972,1929,880309.75
2025-11-16 15:30:20.972,1930,880309.75
2025-11-16 15:30:20.972,1931,734602.25
2025-11-16 15:30:20.972,1932,920784.13
2025-11-16 15:30:20.972,1933,777567.38
2025-11-16 15:30:20.972,1934,900097.25
2025-11-16 15:30:20.972,1935,777567.38
2025-11-16 15:30:20.972,1936,843208.31
2025-11-16 15:30:20.972,1937,942433.13
2025-11-16 15:30:20.972,1938,900097.25
2025-11-16 15:30:20.972,1939,721303.56
2025-11-16 15:30:20.972,1940,777567.38
2025-11-16 15:30:20.972,1941,988899.38
2025-11-16 15:30:20.972,1942,900097.25
2025-11-16 15:30:20.972,1943,734602.25
2025-11-16 15:30:20.972,1944,942433.13
2025-11-16 15:30:20.972,1945,734602.25
2025-11-16 15:30:20.972,1946,861364.44
2025-11-16 15:30:20.972,1947,793012.25
2025-11-16 15:30:20.972,1948,640033.69
2025-11-16 15:30:20.972,1949,734602.25
2025-11-16 15:30:20.972,1950,640033.69
2025-11-16 15:30:20.972,1951,900097.25
2025-11-16 15:30:20.972,1952,684112.31
2025-11-16 15:30:20.972,1953,661350.38
2025-11-16 15:30:20.972,1954,661350.38
2025-11-16 15:30:20.972,1955,793012.25
2025-11-16 15:30:20.972,1956,543388.5
2025-11-16 15:30:20.972,1957,900097.25
2025-11-16 15:30:20.972,1958,734602.25
2025-11-16 15:30:20.972,1959,942433.13
2025-11-16 15:30:20.972,1960,861364.44
2025-11-16 15:30:20.972,1961,861364.44
2025-11-16 15:30:20.972,1962,312394.69
2025-11-16 15:30:20.972,1963,880309.75
2025-11-16 15:30:20.972,1964,32945.45
2025-11-16 15:30:20.972,1965,32945.45
2025-11-16 15:30:20.972,1966,32945.45
2025-11-16 15:30:20.972,1967,32945.45
2025-11-16 15:30:20.972,1968,32945.45
2025-11-16 15:30:20.972,1969,32945.45
2025-11-16 15:30:20.972,1970,31885.26
2025-11-16 15:30:20.972,1971,32189.05
2025-11-16 15:30:20.972,1972,30753.24
2025-11-16 15:30:20.972,1973,30876.0
2025-11-16 15:30:20.972,1974,30876.0
2025-11-16 15:30:20.972,1975,31332.49
2025-11-16 15:30:20.972,1976,31248.74
2025-11-16 15:30:20.972,1977,30631.22
2025-11-16 15:30:20.972,1978,30917.09
2025-11-16 15:30:20.972,1979,30958.25
2025-11-16 15:30:20.972,1980,30631.22
2025-11-16 15:30:20.972,1981,31040.83
2025-11-16 15:30:20.972,1982,32058.32
2025-11-16 15:30:20.972,1983,31374.49
2025-11-16 15:30:20.972,1984,33495.87
2025-11-16 15:30:20.972,1985,29953.28
2025-11-16 15:30:20.972,1986,33403.16
2025-11-16 15:30:20.972,1987,30835.0
2025-11-16 15:30:20.972,1988,33449.47
2025-11-16 15:30:20.972,1989,34640.03
2025-11-16 15:30:20.972,1990,32232.81
2025-11-16 15:30:20.972,1991,34493.74
2025-11-16 15:30:20.972,1992,32145.38
2025-11-16 15:30:20.972,1993,28191.18
2025-11-16 15:30:20.972,1994,34348.4
2025-11-16 15:30:20.972,1995,31928.39
2025-11-16 15:30:20.972,1996,29992.53
2025-11-16 15:30:20.972,1997,32320.6
2025-11-16 15:30:20.972,1998,25461.45
2025-11-16 15:30:20.972,1999,34060.55
2025-11-16 15:30:20.972,2000,54176.42
2025-11-16 15:30:20.972,2001,33682.49
2025-11-16 15:30:20.972,2002,33682.49
2025-11-16 15:30:20.972,2003,27247.26
2025-11-16 15:30:20.972,2004,27179.19
2025-11-16 15:30:20.972,2005,37009.64
2025-11-16 15:30:20.972,2006,46216.13
2025-11-16 15:30:20.972,2007,47322.41
2025-11-16 15:30:20.972,2008,536008.31
2025-11-16 15:30:20.972,2009,53280.57
2025-11-16 15:30:20.972,2010,54994.24
2025-11-16 15:30:20.972,2011,32320.6
2025-11-16 15:30:20.972,2012,93048.8
2025-11-16 15:30:20.972,2013,221287.44
2025-11-16 15:30:20.972,2014,76106.58
2025-11-16 15:30:20.972,2015,76106.58
2025-11-16 15:30:20.972,2016,900097.25
2025-11-16 15:30:20.972,2017,708471.5
2025-11-16 15:30:20.972,2018,661350.38
2025-11-16 15:30:20.972,2019,721303.56
2025-11-16 15:30:20.972,2020,708471.5
2025-11-16 15:30:20.972,2021,965113.19
2025-11-16 15:30:20.972,2022,592227.94
2025-11-16 15:30:20.972,2023,748393.56
2025-11-16 15:30:20.972,2024,762705.19
2025-11-16 15:30:20.972,2025,708471.5
2025-11-16 15:30:20.972,2026,777567.38
2025-11-16 15:30:20.972,2027,721303.56
2025-11-16 15:30:20.972,2028,880309.75
2025-11-16 15:30:20.972,2029,942433.13
2025-11-16 15:30:20.972,2030,793012.25
2025-11-16 15:30:20.972,2031,721303.56
2025-11-16 15:30:20.972,2032,900097.25
2025-11-16 15:30:20.972,2033,734602.25
2025-11-16 15:30:20.972,2034,988899.38
2025-11-16 15:30:20.972,2035,672541.69
2025-11-16 15:30:20.972,2036,734602.25
2025-11-16 15:30:20.972,2037,942433.13
2025-11-16 15:30:20.972,2038,900097.25
2025-11-16 15:30:20.972,2039,942433.13
2025-11-16 15:30:20.972,2040,793012.25
2025-11-16 15:30:20.972,2041,762705.19
2025-11-16 15:30:20.972,2042,734602.25
2025-11-16 15:30:20.972,2043,861364.44
2025-11-16 15:30:20.972,2044,793012.25
2025-11-16 15:30:20.972,2045,861364.44
2025-11-16 15:30:20.972,2046,708471.5
2025-11-16 15:30:20.972,2047,942433.13
2025-11-16 15:30:20.972,2048,942433.13
2025-11-16 15:30:20.972,2049,900097.25
2025-11-16 15:30:20.972,2050,777567.38
2025-11-16 15:30:20.972,2051,777567.38
2025-11-16 15:30:20.972,2052,661350.38
2025-11-16 15:30:20.972,2053,777567.38
2025-11-16 15:30:20.972,2054,965113.19
2025-11-16 15:30:20.972,2055,988899.38
2025-11-16 15:30:20.972,2056,508356.06
2025-11-16 15:30:20.972,2057,508356.06
2025-11-16 15:30:20.972,2058,508356.06
2025-11-16 15:30:20.972,2059,861364.44
2025-11-16 15:30:20.972,2060,28407.46
2025-11-16 15:30:20.972,2061,28407.46
2025-11-16 15:30:20.972,2062,28407.46
2025-11-16 15:30:20.972,2063,28407.46
2025-11-16 15:30:20.972,2064,28407.46
2025-11-16 15:30:20.972,2065,27765.84
2025-11-16 15:30:20.972,2066,26942.87
2025-11-16 15:30:20.972,2067,27626.15
2025-11-16 15:30:20.972,2068,26219.28
2025-11-16 15:30:20.972,2069,26809.18
2025-11-16 15:30:20.972,2070,26709.53
2025-11-16 15:30:20.972,2071,26775.9
2025-11-16 15:30:20.972,2072,26809.18
2025-11-16 15:30:20.972,2073,26610.43
2025-11-16 15:30:20.972,2074,26742.69
2025-11-16 15:30:20.972,2075,26742.69
2025-11-16 15:30:20.972,2076,26577.51
2025-11-16 15:30:20.972,2077,26809.18
2025-11-16 15:30:20.972,2078,27349.84
2025-11-16 15:30:20.972,2079,26875.9
2025-11-16 15:30:20.972,2080,28263.01
2025-11-16 15:30:20.972,2081,22616.81
2025-11-16 15:30:20.972,2082,28958.97
2025-11-16 15:30:20.972,2083,25094.26
2025-11-16 15:30:20.972,2084,29071.17
2025-11-16 15:30:20.972,2085,30150.32
2025-11-16 15:30:20.972,2086,28263.01
2025-11-16 15:30:20.972,2087,30389.34
2025-11-16 15:30:20.972,2088,28407.46
2025-11-16 15:30:20.972,2089,26154.89
2025-11-16 15:30:20.972,2090,31290.57
2025-11-16 15:30:20.972,2091,28773.39
2025-11-16 15:30:20.972,2092,27660.98
2025-11-16 15:30:20.972,2093,28480.09
2025-11-16 15:30:20.972,2094,25338.2
2025-11-16 15:30:20.972,2095,29297.52
2025-11-16 15:30:20.972,2096,55411.0
2025-11-16 15:30:20.972,2097,30590.71
2025-11-16 15:30:20.972,2098,30309.35
2025-11-16 15:30:20.972,2099,26090.74
2025-11-16 15:30:20.972,2100,25585.55
2025-11-16 15:30:20.972,2101,32900.21
2025-11-16 15:30:20.972,2102,43698.91
2025-11-16 15:30:20.972,2103,43628.29
2025-11-16 15:30:20.972,2104,450099.75
2025-11-16 15:30:20.972,2105,46293.73
2025-11-16 15:30:20.972,2106,58255.64
2025-11-16 15:30:20.972,2107,28553.0
2025-11-16 15:30:20.972,2108,83177.96
2025-11-16 15:30:20.972,2109,191648.39
2025-11-16 15:30:20.972,2110,72789.98
2025-11-16 15:30:20.972,2111,72789.98
2025-11-16 15:30:20.972,2112,460679.59
2025-11-16 15:30:20.972,2113,460679.59
2025-11-16 15:30:20.972,2114,450099.75
2025-11-16 15:30:20.972,2115,435092.38
2025-11-16 15:30:20.972,2116,444986.13
2025-11-16 15:30:20.972,2117,425619.72
2025-11-16 15:30:20.972,2118,450099.75
2025-11-16 15:30:20.972,2119,466154.09
2025-11-16 15:30:20.972,2120,421032.91
2025-11-16 15:30:20.972,2121,412143.03
2025-11-16 15:30:20.972,2122,395419.56
2025-11-16 15:30:20.972,2123,450099.75
2025-11-16 15:30:20.972,2124,439984.91
2025-11-16 15:30:20.972,2125,407834.16
2025-11-16 15:30:20.972,2126,450099.75
2025-11-16 15:30:20.972,2127,372678.72
2025-11-16 15:30:20.972,2128,430305.09
2025-11-16 15:30:20.972,2129,395419.56
2025-11-16 15:30:20.972,2130,460679.59
2025-11-16 15:30:20.972,2131,430305.09
2025-11-16 15:30:20.972,2132,460679.59
2025-11-16 15:30:20.972,2133,460679.59
2025-11-16 15:30:20.972,2134,471757.34
2025-11-16 15:30:20.972,2135,460679.59
2025-11-16 15:30:20.972,2136,435092.38
2025-11-16 15:30:20.972,2137,395419.56
2025-11-16 15:30:20.972,2138,460679.59
2025-11-16 15:30:20.972,2139,450099.75
2025-11-16 15:30:20.972,2140,399475.0
2025-11-16 15:30:20.972,2141,412143.03
2025-11-16 15:30:20.972,2142,387544.88
2025-11-16 15:30:20.972,2143,395419.56
2025-11-16 15:30:20.972,2144,225277.3
2025-11-16 15:30:20.972,2145,403612.41
2025-11-16 15:30:20.972,2146,365654.84
2025-11-16 15:30:20.972,2147,369134.25
2025-11-16 15:30:20.972,2148,358884.03
2025-11-16 15:30:20.972,2149,407834.16
2025-11-16 15:30:20.972,2150,471757.34
2025-11-16 15:30:20.972,2151,460679.59
2025-11-16 15:30:20.972,2152,550970.88
2025-11-16 15:30:20.972,2153,550970.88
2025-11-16 15:30:20.972,2154,94632.04
2025-11-16 15:30:20.972,2155,387544.88
2025-11-16 15:30:20.972,2156,861364.44
2025-11-16 15:30:20.972,2157,575017.88
2025-11-16 15:30:20.972,2158,575017.88
2025-11-16 15:30:20.972,2159,575017.88
2025-11-16 15:30:20.972,2160,471757.34
2025-11-16 15:30:20.972,2161,379970.25
2025-11-16 15:30:20.972,2162,399475.0
2025-11-16 15:30:20.972,2163,460679.59
2025-11-16 15:30:20.972,2164,395419.56
2025-11-16 15:30:20.972,2165,439984.91
2025-11-16 15:30:20.972,2166,430305.09
2025-11-16 15:30:20.972,2167,387544.88
2025-11-16 15:30:20.972,2168,483368.97
2025-11-16 15:30:20.972,2169,501875.0
2025-11-16 15:30:20.972,2170,483368.97
2025-11-16 15:30:20.972,2171,477494.09
2025-11-16 15:30:20.972,2172,508356.06
2025-11-16 15:30:20.972,2173,483368.97
2025-11-16 15:30:20.972,2174,515003.19
2025-11-16 15:30:20.972,2175,483368.97
2025-11-16 15:30:20.972,2176,543388.5
2025-11-16 15:30:20.972,2177,466154.09
2025-11-16 15:30:20.972,2178,536008.31
2025-11-16 15:30:20.972,2179,471757.34
2025-11-16 15:30:20.972,2180,521823.06
2025-11-16 15:30:20.972,2181,592227.94
2025-11-16 15:30:20.972,2182,536008.31
2025-11-16 15:30:20.972,2183,483368.97
2025-11-16 15:30:20.972,2184,536008.31
2025-11-16 15:30:20.972,2185,521823.06
2025-11-16 15:30:20.972,2186,684112.31
2025-11-16 15:30:20.972,2187,508356.06
2025-11-16 15:30:20.972,2188,471757.34
2025-11-16 15:30:20.972,2189,515003.19
2025-11-16 15:30:20.972,2190,435092.38
2025-11-16 15:30:20.972,2191,566776.38
2025-11-16 15:30:20.972,2192,328387.41
2025-11-16 15:30:20.972,2193,566776.38
2025-11-16 15:30:20.972,2194,536008.31
2025-11-16 15:30:20.972,2195,483368.97
2025-11-16 15:30:20.972,2196,483368.97
2025-11-16 15:30:20.972,2197,558763.94
2025-11-16 15:30:20.972,2198,708471.5
2025-11-16 15:30:20.972,2199,708471.5
2025-11-16 15:30:20.972,2200,825793.38
2025-11-16 15:30:20.972,2201,825793.38
2025-11-16 15:30:20.972,2202,137745.05
2025-11-16 15:30:20.972,2203,536008.31
2025-11-16 15:30:20.972,2204,988899.38
2025-11-16 15:30:20.972,2205,965113.19
2025-11-16 15:30:20.972,2206,965113.19
2025-11-16 15:30:20.972,2207,965113.19
2025-11-16 15:30:20.972,2208,288853.09
2025-11-16 15:30:20.972,2209,288853.09
2025-11-16 15:30:20.972,2210,288853.09
2025-11-16 15:30:20.972,2211,288853.09
2025-11-16 15:30:20.972,2212,288853.09
2025-11-16 15:30:20.972,2213,288853.09
2025-11-16 15:30:20.972,2214,288853.09
2025-11-16 15:30:20.972,2215,288853.09
2025-11-16 15:30:20.972,2216,288853.09
2025-11-16 15:30:20.972,2217,288853.09
2025-11-16 15:30:20.972,2218,288853.09
2025-11-16 15:30:20.972,2219,288853.09
2025-11-16 15:30:20.972,2220,288853.09
2025-11-16 15:30:20.972,2221,288853.09
2025-11-16 15:30:20.972,2222,288853.09
2025-11-16 15:30:20.972,2223,288853.09
2025-11-16 15:30:20.972,2224,288853.09
2025-11-16 15:30:20.972,2225,288853.09
2025-11-16 15:30:20.972,2226,288853.09
2025-11-16 15:30:20.972,2227,288853.09
2025-11-16 15:30:20.972,2228,288853.09
2025-11-16 15:30:20.972,2229,288853.09
2025-11-16 15:30:20.972,2230,288853.09
2025-11-16 15:30:20.972,2231,288853.09
2025-11-16 15:30:20.972,2232,288853.09
2025-11-16 15:30:20.972,2233,288853.09
2025-11-16 15:30:20.972,2234,288853.09
2025-11-16 15:30:20.972,2235,288853.09
2025-11-16 15:30:20.972,2236,288853.09
2025-11-16 15:30:20.972,2237,288853.09
2025-11-16 15:30:20.972,2238,288853.09
2025-11-16 15:30:20.972,2239,288853.09
2025-11-16 15:30:20.972,2240,288853.09
2025-11-16 15:30:20.972,2241,288853.09
2025-11-16 15:30:20.972,2242,288853.09
2025-11-16 15:30:20.972,2243,288853.09
2025-11-16 15:30:20.972,2244,288853.09
2025-11-16 15:30:20.972,2245,288853.09
2025-11-16 15:30:20.972,2246,288853.09
2025-11-16 15:30:20.972,2247,288853.09
2025-11-16 15:30:20.972,2248,288853.09
2025-11-16 15:30:20.972,2249,288853.09
2025-11-16 15:30:20.972,2250,288853.09
2025-11-16 15:30:20.972,2251,288853.09
2025-11-16 15:30:20.972,2252,288853.09
2025-11-16 15:30:20.972,2253,288853.09
2025-11-16 15:30:20.972,2254,288853.09
2025-11-16 15:30:20.972,2255,288853.09
2025-11-16 15:30:20.972,2256,288853.09
2025-11-16 15:30:20.972,2257,282446.44
2025-11-16 15:30:20.972,2258,262941.66
2025-11-16 15:30:20.972,2259,259348.69
2025-11-16 15:30:20.972,2260,272357.75
2025-11-16 15:30:20.972,2261,264774.34
2025-11-16 15:30:20.972,2262,268514.44
2025-11-16 15:30:20.972,2263,272357.75
2025-11-16 15:30:20.972,2264,266631.75
2025-11-16 15:30:20.972,2265,280371.47
2025-11-16 15:30:20.972,2266,254133.06
2025-11-16 15:30:20.972,2267,278325.69
2025-11-16 15:30:20.972,2268,291051.47
2025-11-16 15:30:20.972,2269,264774.34
2025-11-16 15:30:20.972,2270,288853.09
2025-11-16 15:30:20.972,2271,288853.09
2025-11-16 15:30:20.972,2272,261133.28
2025-11-16 15:30:20.972,2273,268514.44
2025-11-16 15:30:20.972,2274,293282.41
2025-11-16 15:30:20.972,2275,272357.75
2025-11-16 15:30:20.972,2276,284551.28
2025-11-16 15:30:20.972,2277,293282.41
2025-11-16 15:30:20.972,2278,284551.28
2025-11-16 15:30:20.972,2279,266631.75
2025-11-16 15:30:20.972,2280,272357.75
2025-11-16 15:30:20.972,2281,238117.42
2025-11-16 15:30:20.972,2282,264774.34
2025-11-16 15:30:20.972,2283,238117.42
2025-11-16 15:30:20.972,2284,257587.41
2025-11-16 15:30:20.972,2285,257587.41
2025-11-16 15:30:20.972,2286,213700.14
2025-11-16 15:30:20.972,2287,261133.28
2025-11-16 15:30:20.972,2288,162702.02
2025-11-16 15:30:20.972,2289,280371.47
2025-11-16 15:30:20.972,2290,244284.94
2025-11-16 15:30:20.972,2291,218701.81
2025-11-16 15:30:20.972,2292,226638.0
2025-11-16 15:30:20.972,2293,254133.06
2025-11-16 15:30:20.972,2294,334076.69
2025-11-16 15:30:20.972,2295,322883.13
2025-11-16 15:30:20.972,2296,395419.56
2025-11-16 15:30:20.972,2297,395419.56
2025-11-16 15:30:20.972,2298,63943.71
2025-11-16 15:30:20.972,2299,262941.66
2025-11-16 15:30:20.972,2300,583498.19
2025-11-16 15:30:20.972,2301,543388.5
2025-11-16 15:30:20.972,2302,543388.5
2025-11-16 15:30:20.972,2303,543388.5
2025-11-16 15:30:21.271,0,23040.99
2025-11-16 15:30:21.271,1,29603.42
2025-11-16 15:30:21.271,2,35691.55
2025-11-16 15:30:21.271,3,33776.39
2025-11-16 15:30:21.271,4,35742.86
2025-11-16 15:30:21.271,5,36632.99
2025-11-16 15:30:21.271,6,36262.32
2025-11-16 15:30:21.271,7,36847.48
2025-11-16 15:30:21.271,8,36473.41
2025-11-16 15:30:21.271,9,36262.32
2025-11-16 15:30:21.271,10,37009.64
2025-11-16 15:30:21.271,11,36579.68
2025-11-16 15:30:21.271,12,36901.41
2025-11-16 15:30:21.271,13,36209.84
2025-11-16 15:30:21.271,14,37950.12
2025-11-16 15:30:21.271,15,37009.64
2025-11-16 15:30:21.271,16,37447.59
2025-11-16 15:30:21.271,17,38120.0
2025-11-16 15:30:21.271,18,38811.68
2025-11-16 15:30:21.271,19,39343.6
2025-11-16 15:30:21.271,20,39887.21
2025-11-16 15:30:21.271,21,40505.41
2025-11-16 15:30:21.271,22,37781.43
2025-11-16 15:30:21.271,23,41267.73
2025-11-16 15:30:21.271,24,38463.37
2025-11-16 15:30:21.271,25,38463.37
2025-11-16 15:30:21.271,26,41139.08
2025-11-16 15:30:21.271,27,40132.67
2025-11-16 15:30:21.271,28,39343.6
2025-11-16 15:30:21.271,29,38405.8
2025-11-16 15:30:21.271,30,39343.6
2025-11-16 15:30:21.271,31,39523.48
2025-11-16 15:30:21.271,32,78533.01
2025-11-16 15:30:21.271,33,41657.55
2025-11-16 15:30:21.271,34,41920.75
2025-11-16 15:30:21.271,35,39403.42
2025-11-16 15:30:21.271,36,39463.38
2025-11-16 15:30:21.271,37,44781.16
2025-11-16 15:30:21.271,38,60253.01
2025-11-16 15:30:21.271,39,57354.41
2025-11-16 15:30:21.271,40,900097.25
2025-11-16 15:30:21.271,41,58028.08
2025-11-16 15:30:21.271,42,85575.93
2025-11-16 15:30:21.271,43,39403.42
2025-11-16 15:30:21.271,44,86025.24
2025-11-16 15:30:21.271,45,228014.55
2025-11-16 15:30:21.271,46,88573.8
2025-11-16 15:30:21.271,47,88573.8
2025-11-16 15:30:21.271,48,133594.3
2025-11-16 15:30:21.271,49,129670.22
2025-11-16 15:30:21.271,50,143859.97
2025-11-16 15:30:21.271,51,142710.81
2025-11-16 15:30:21.271,52,137745.05
2025-11-16 15:30:21.271,53,144441.03
2025-11-16 15:30:21.271,54,145026.52
2025-11-16 15:30:21.271,55,155704.97
2025-11-16 15:30:21.271,56,153062.25
2025-11-16 15:30:21.271,57,145616.44
2025-11-16 15:30:21.271,58,154372.98
2025-11-16 15:30:21.271,59,155704.97
2025-11-16 15:30:21.271,60,159131.2
2025-11-16 15:30:21.271,61,158434.67
2025-11-16 15:30:21.271,62,153062.25
2025-11-16 15:30:21.271,63,157058.67
2025-11-16 15:30:21.271,64,129194.73
2025-11-16 15:30:21.271,65,143283.25
2025-11-16 15:30:21.271,66,145616.44
2025-11-16 15:30:21.271,67,154372.98
2025-11-16 15:30:21.271,68,162702.02
2025-11-16 15:30:21.271,69,176906.95
2025-11-16 15:30:21.271,70,154372.98
2025-11-16 15:30:21.271,71,164172.88
2025-11-16 15:30:21.271,72,158434.67
2025-11-16 15:30:21.271,73,163434.33
2025-11-16 15:30:21.271,74,168739.63
2025-11-16 15:30:21.271,75,163434.33
2025-11-16 15:30:21.271,76,161255.75
2025-11-16 15:30:21.271,77,167191.02
2025-11-16 15:30:21.271,78,161255.75
2025-11-16 15:30:21.271,79,161255.75
2025-11-16 15:30:21.271,80,282446.44
2025-11-16 15:30:21.271,81,176906.95
2025-11-16 15:30:21.271,82,170315.53
2025-11-16 15:30:21.271,83,167191.02
2025-11-16 15:30:21.271,84,162702.02
2025-11-16 15:30:21.271,85,175214.38
2025-11-16 15:30:21.271,86,223932.14
2025-11-16 15:30:21.271,87,229407.17
2025-11-16 15:30:21.271,88,185855.86
2025-11-16 15:30:21.271,89,185855.86
2025-11-16 15:30:21.271,90,328387.41
2025-11-16 15:30:21.271,91,168739.63
2025-11-16 15:30:21.271,92,157058.67
2025-11-16 15:30:21.271,93,661350.38
2025-11-16 15:30:21.271,94,268514.44
2025-11-16 15:30:21.271,95,268514.44
2025-11-16 15:30:21.271,96,88573.8
2025-11-16 15:30:21.271,97,88573.8
2025-11-16 15:30:21.271,98,97381.57
2025-11-16 15:30:21.271,99,94364.8
2025-11-16 15:30:21.271,100,101787.58
2025-11-16 15:30:21.271,101,101482.63
2025-11-16 15:30:21.271,102,101787.58
2025-11-16 15:30:21.271,103,113996.21
2025-11-16 15:30:21.271,104,102094.18
2025-11-16 15:30:21.271,105,102712.45
2025-11-16 15:30:21.271,106,104608.9
2025-11-16 15:30:21.271,107,109291.9
2025-11-16 15:30:21.271,108,109291.9
2025-11-16 15:30:21.271,109,106570.16
2025-11-16 15:30:21.271,110,107238.9
2025-11-16 15:30:21.271,111,103969.71
2025-11-16 15:30:21.271,112,90021.7
2025-11-16 15:30:21.271,113,106903.57
2025-11-16 15:30:21.271,114,112877.99
2025-11-16 15:30:21.271,115,105255.28
2025-11-16 15:30:21.271,116,109992.31
2025-11-16 15:30:21.271,117,110345.59
2025-11-16 15:30:21.271,118,107238.9
2025-11-16 15:30:21.271,119,112509.73
2025-11-16 15:30:21.271,120,106570.16
2025-11-16 15:30:21.271,121,109992.31
2025-11-16 15:30:21.271,122,108599.64
2025-11-16 15:30:21.271,123,118276.26
2025-11-16 15:30:21.271,124,112877.99
2025-11-16 15:30:21.271,125,104931.19
2025-11-16 15:30:21.271,126,107576.14
2025-11-16 15:30:21.271,127,109992.31
2025-11-16 15:30:21.271,128,198854.59
2025-11-16 15:30:21.271,129,112143.66
2025-11-16 15:30:21.271,130,107238.9
2025-11-16 15:30:21.271,131,102094.18
2025-11-16 15:30:21.271,132,102712.45
2025-11-16 15:30:21.271,133,118276.26
2025-11-16 15:30:21.271,134,145026.52
2025-11-16 15:30:21.271,135,144441.03
2025-11-16 15:30:21.271,136,126408.34
2025-11-16 15:30:21.271,137,126408.34
2025-11-16 15:30:21.271,138,223932.14
2025-11-16 15:30:21.271,139,109992.31
2025-11-16 15:30:21.271,140,167191.02
2025-11-16 15:30:21.271,141,640033.69
2025-11-16 15:30:21.271,142,218701.81
2025-11-16 15:30:21.271,143,218701.81
2025-11-16 15:30:21.271,144,46216.13
2025-11-16 15:30:21.271,145,47161.71
2025-11-16 15:30:21.271,146,46843.01
2025-11-16 15:30:21.271,147,47565.14
2025-11-16 15:30:21.271,148,50646.52
2025-11-16 15:30:21.271,149,46606.3
2025-11-16 15:30:21.271,150,46527.84
2025-11-16 15:30:21.271,151,47001.92
2025-11-16 15:30:21.271,152,46527.84
2025-11-16 15:30:21.271,153,46371.55
2025-11-16 15:30:21.271,154,46527.84
2025-11-16 15:30:21.271,155,51841.71
2025-11-16 15:30:21.271,156,52029.78
2025-11-16 15:30:21.271,157,51468.98
2025-11-16 15:30:21.271,158,46371.55
2025-11-16 15:30:21.271,159,46527.84
2025-11-16 15:30:21.271,160,26090.74
2025-11-16 15:30:21.271,161,45754.95
2025-11-16 15:30:21.271,162,51468.98
2025-11-16 15:30:21.271,163,42726.61
2025-11-16 15:30:21.271,164,54582.74
2025-11-16 15:30:21.271,165,55097.93
2025-11-16 15:30:21.271,166,44561.25
2025-11-16 15:30:21.271,167,55833.13
2025-11-16 15:30:21.271,168,52987.48
2025-11-16 15:30:21.271,169,48473.0
2025-11-16 15:30:21.271,170,48305.81
2025-11-16 15:30:21.271,171,50556.48
2025-11-16 15:30:21.271,172,55201.96
2025-11-16 15:30:21.271,173,48139.58
2025-11-16 15:30:21.271,174,49670.62
2025-11-16 15:30:21.271,175,55833.13
2025-11-16 15:30:21.271,176,107576.14
2025-11-16 15:30:21.271,177,52600.88
2025-11-16 15:30:21.271,178,52409.35
2025-11-16 15:30:21.271,179,50021.84
2025-11-16 15:30:21.271,180,48641.14
2025-11-16 15:30:21.271,181,54994.24
2025-11-16 15:30:21.271,182,78725.33
2025-11-16 15:30:21.271,183,75386.48
2025-11-16 15:30:21.271,184,61608.8
2025-11-16 15:30:21.271,185,61608.8
2025-11-16 15:30:21.271,186,110700.96
2025-11-16 15:30:21.271,187,49670.62
2025-11-16 15:30:21.271,188,102712.45
2025-11-16 15:30:21.271,189,284551.28
2025-11-16 15:30:21.271,190,118276.26
2025-11-16 15:30:21.271,191,118276.26
2025-11-16 15:30:21.271,192,27836.08
2025-11-16 15:30:21.271,193,27626.15
2025-11-16 15:30:21.271,194,27695.87
2025-11-16 15:30:21.271,195,28480.09
2025-11-16 15:30:21.271,196,26942.87
2025-11-16 15:30:21.271,197,27213.2
2025-11-16 15:30:21.271,198,27349.84
2025-11-16 15:30:21.271,199,27695.87
2025-11-16 15:30:21.271,200,27043.79
2025-11-16 15:30:21.271,201,27145.25
2025-11-16 15:30:21.271,202,27213.2
2025-11-16 15:30:21.271,203,27213.2
2025-11-16 15:30:21.271,204,27765.84
2025-11-16 15:30:21.271,205,27626.15
2025-11-16 15:30:21.271,206,27977.33
2025-11-16 15:30:21.271,207,27765.84
2025-11-16 15:30:21.271,208,18699.77
2025-11-16 15:30:21.271,209,27626.15
2025-11-16 15:30:21.271,210,26316.28
2025-11-16 15:30:21.271,211,22564.54
2025-11-16 15:30:21.271,212,28996.3
2025-11-16 15:30:21.271,213,29221.78
2025-11-16 15:30:21.271,214,23698.29
2025-11-16 15:30:21.271,215,28958.97
2025-11-16 15:30:21.271,216,27765.84
2025-11-16 15:30:21.271,217,28480.09
2025-11-16 15:30:21.271,218,29146.33
2025-11-16 15:30:21.271,219,28921.71
2025-11-16 15:30:21.271,220,29071.17
2025-11-16 15:30:21.271,221,28263.01
2025-11-16 15:30:21.271,222,29146.33
2025-11-16 15:30:21.271,223,30309.35
2025-11-16 15:30:21.271,224,65446.95
2025-11-16 15:30:21.271,225,31501.02
2025-11-16 15:30:21.271,226,32058.32
2025-11-16 15:30:21.271,227,30071.27
2025-11-16 15:30:21.271,228,29603.42
2025-11-16 15:30:21.271,229,33870.7
2025-11-16 15:30:21.271,230,43840.75
2025-11-16 15:30:21.271,231,42320.58
2025-11-16 15:30:21.271,232,708471.5
2025-11-16 15:30:21.271,233,39948.35
2025-11-16 15:30:21.271,234,64756.17
2025-11-16 15:30:21.271,235,29914.1
2025-11-16 15:30:21.271,236,75386.48
2025-11-16 15:30:21.271,237,189679.88
2025-11-16 15:30:21.271,238,76471.19
2025-11-16 15:30:21.271,239,76471.19
2025-11-16 15:30:21.271,240,20373.88
2025-11-16 15:30:21.271,241,20238.23
2025-11-16 15:30:21.271,242,20014.81
2025-11-16 15:30:21.271,243,20464.99
2025-11-16 15:30:21.271,244,19513.2
2025-11-16 15:30:21.271,245,19707.48
2025-11-16 15:30:21.271,246,19599.24
2025-11-16 15:30:21.271,247,19491.78
2025-11-16 15:30:21.271,248,19237.01
2025-11-16 15:30:21.271,249,19449.01
2025-11-16 15:30:21.271,250,18822.0
2025-11-16 15:30:21.271,251,19194.97
2025-11-16 15:30:21.271,252,19794.65
2025-11-16 15:30:21.271,253,19707.48
2025-11-16 15:30:21.271,254,20464.99
2025-11-16 15:30:21.271,255,19729.22
2025-11-16 15:30:21.271,256,19111.26
2025-11-16 15:30:21.271,257,20148.47
2025-11-16 15:30:21.271,258,19321.44
2025-11-16 15:30:21.271,259,19194.97
2025-11-16 15:30:21.271,260,21310.15
2025-11-16 15:30:21.271,261,21553.27
2025-11-16 15:30:21.271,262,20037.0
2025-11-16 15:30:21.271,263,22408.76
2025-11-16 15:30:21.271,264,20648.86
2025-11-16 15:30:21.271,265,20975.98
2025-11-16 15:30:21.271,266,23040.99
2025-11-16 15:30:21.271,267,21676.24
2025-11-16 15:30:21.271,268,22025.71
2025-11-16 15:30:21.271,269,21213.94
2025-11-16 15:30:21.271,270,21950.17
2025-11-16 15:30:21.271,271,22050.96
2025-11-16 15:30:21.271,272,50199.01
2025-11-16 15:30:21.271,273,22907.26
2025-11-16 15:30:21.271,274,23257.23
2025-11-16 15:30:21.271,275,21553.27
2025-11-16 15:30:21.271,276,21925.08
2025-11-16 15:30:21.271,277,24973.54
2025-11-16 15:30:21.271,278,33495.87
2025-11-16 15:30:21.271,279,32058.32
2025-11-16 15:30:21.271,280,521823.06
2025-11-16 15:30:21.271,281,33310.84
2025-11-16 15:30:21.271,282,50918.22
2025-11-16 15:30:21.271,283,21166.06
2025-11-16 15:30:21.271,284,61734.65
2025-11-16 15:30:21.271,285,168739.63
2025-11-16 15:30:21.271,286,59892.09
2025-11-16 15:30:21.271,287,59892.09
2025-11-16 15:30:21.271,288,16840.11
2025-11-16 15:30:21.271,289,16982.88
2025-11-16 15:30:21.271,290,16215.84
2025-11-16 15:30:21.271,291,16840.11
2025-11-16 15:30:21.271,292,15815.47
2025-11-16 15:30:21.271,293,16030.81
2025-11-16 15:30:21.271,294,15881.35
2025-11-16 15:30:21.271,295,15749.92
2025-11-16 15:30:21.271,296,15619.82
2025-11-16 15:30:21.271,297,15523.09
2025-11-16 15:30:21.271,298,15799.05
2025-11-16 15:30:21.271,299,15749.92
2025-11-16 15:30:21.271,300,15815.47
2025-11-16 15:30:21.271,301,15749.92
2025-11-16 15:30:21.271,302,16698.84
2025-11-16 15:30:21.271,303,16047.52
2025-11-16 15:30:21.271,304,17795.93
2025-11-16 15:30:21.271,305,16982.88
2025-11-16 15:30:21.271,306,18084.37
2025-11-16 15:30:21.271,307,17949.02
2025-11-16 15:30:21.271,308,17625.68
2025-11-16 15:30:21.271,309,18458.39
2025-11-16 15:30:21.271,310,16804.65
2025-11-16 15:30:21.271,311,18699.77
2025-11-16 15:30:21.271,312,16964.95
2025-11-16 15:30:21.271,313,17236.39
2025-11-16 15:30:21.271,314,19449.01
2025-11-16 15:30:21.271,315,17891.41
2025-11-16 15:30:21.271,316,18103.81
2025-11-16 15:30:21.271,317,17457.49
2025-11-16 15:30:21.271,318,17720.0
2025-11-16 15:30:21.271,319,17457.49
2025-11-16 15:30:21.271,320,41657.55
2025-11-16 15:30:21.271,321,18699.77
2025-11-16 15:30:21.271,322,19427.67
2025-11-16 15:30:21.271,323,17853.14
2025-11-16 15:30:21.271,324,18026.2
2025-11-16 15:30:21.271,325,21166.06
2025-11-16 15:30:21.271,326,28371.24
2025-11-16 15:30:21.271,327,26809.18
2025-11-16 15:30:21.271,328,430305.09
2025-11-16 15:30:21.271,329,30631.22
2025-11-16 15:30:21.271,330,43417.48
2025-11-16 15:30:21.271,331,17476.08
2025-11-16 15:30:21.271,332,54994.24
2025-11-16 15:30:21.271,333,138820.45
2025-11-16 15:30:21.271,334,50199.01
2025-11-16 15:30:21.271,335,50199.01
2025-11-16 15:30:21.271,336,15112.21
2025-11-16 15:30:21.271,337,15112.21
2025-11-16 15:30:21.271,338,14387.27
2025-11-16 15:30:21.271,339,14744.46
2025-11-16 15:30:21.271,340,13954.95
2025-11-16 15:30:21.271,341,14054.46
2025-11-16 15:30:21.271,342,13954.95
2025-11-16 15:30:21.271,343,13870.31
2025-11-16 15:30:21.271,344,13969.12
2025-11-16 15:30:21.271,345,13954.95
2025-11-16 15:30:21.271,346,14025.94
2025-11-16 15:30:21.271,347,14126.04
2025-11-16 15:30:21.271,348,13898.46
2025-11-16 15:30:21.271,349,13983.3
2025-11-16 15:30:21.271,350,14654.19
2025-11-16 15:30:21.271,351,13954.95
2025-11-16 15:30:21.271,352,15997.45
2025-11-16 15:30:21.271,353,15003.83
2025-11-16 15:30:21.271,354,16165.12
2025-11-16 15:30:21.271,355,16047.52
2025-11-16 15:30:21.271,356,15914.42
2025-11-16 15:30:21.271,357,16420.69
2025-11-16 15:30:21.271,358,15050.17
2025-11-16 15:30:21.271,359,16982.88
2025-11-16 15:30:21.271,360,14926.99
2025-11-16 15:30:21.271,361,15379.36
2025-11-16 15:30:21.271,362,17457.49
2025-11-16 15:30:21.271,363,15507.04
2025-11-16 15:30:21.271,364,16114.59
2025-11-16 15:30:21.271,365,15652.22
2025-11-16 15:30:21.271,366,15848.37
2025-11-16 15:30:21.271,367,16047.52
2025-11-16 15:30:21.271,368,38348.37
2025-11-16 15:30:21.271,369,16857.87
2025-11-16 15:30:21.271,370,17346.5
2025-11-16 15:30:21.271,371,16014.12
2025-11-16 15:30:21.271,372,16081.01
2025-11-16 15:30:21.271,373,18418.55
2025-11-16 15:30:21.271,374,25836.37
2025-11-16 15:30:21.271,375,24616.31
2025-11-16 15:30:21.271,376,379970.25
2025-11-16 15:30:21.271,377,27977.33
2025-11-16 15:30:21.271,378,40630.89
2025-11-16 15:30:21.271,379,15427.09
2025-11-16 15:30:21.271,380,51376.5
2025-11-16 15:30:21.271,381,134100.34
2025-11-16 15:30:21.271,382,47484.0
2025-11-16 15:30:21.271,383,47484.0
2025-11-16 15:30:21.271,384,14957.67
2025-11-16 15:30:21.271,385,15019.26
2025-11-16 15:30:21.271,386,14270.47
2025-11-16 15:30:21.271,387,14654.19
2025-11-16 15:30:21.271,388,13730.56
2025-11-16 15:30:21.271,389,14040.19
2025-11-16 15:30:21.271,390,13758.38
2025-11-16 15:30:21.271,391,13842.23
2025-11-16 15:30:21.271,392,13716.68
2025-11-16 15:30:21.271,393,13758.38
2025-11-16 15:30:21.271,394,13926.67
2025-11-16 15:30:21.271,395,13814.22
2025-11-16 15:30:21.271,396,13912.56
2025-11-16 15:30:21.271,397,13842.23
2025-11-16 15:30:21.271,398,14520.01
2025-11-16 15:30:21.271,399,13898.46
2025-11-16 15:30:21.271,400,15815.47
2025-11-16 15:30:21.271,401,14896.38
2025-11-16 15:30:21.271,402,16131.41
2025-11-16 15:30:21.271,403,16081.01
2025-11-16 15:30:21.271,404,15684.7
2025-11-16 15:30:21.271,405,16455.14
2025-11-16 15:30:21.271,406,15174.57
2025-11-16 15:30:21.271,407,16875.66
2025-11-16 15:30:21.271,408,15205.86
2025-11-16 15:30:21.271,409,15284.43
2025-11-16 15:30:21.271,410,17569.39
2025-11-16 15:30:21.271,411,16047.52
2025-11-16 15:30:21.271,412,16047.52
2025-11-16 15:30:21.271,413,15749.92
2025-11-16 15:30:21.271,414,15799.05
2025-11-16 15:30:21.271,415,15815.47
2025-11-16 15:30:21.271,416,39283.93
2025-11-16 15:30:21.271,417,16734.02
2025-11-16 15:30:21.271,418,17236.39
2025-11-16 15:30:21.271,419,15930.98
2025-11-16 15:30:21.271,420,16114.59
2025-11-16 15:30:21.271,421,18822.0
2025-11-16 15:30:21.271,422,25994.93
2025-11-16 15:30:21.271,423,24704.93
2025-11-16 15:30:21.271,424,372678.72
2025-11-16 15:30:21.271,425,28299.01
2025-11-16 15:30:21.271,426,40883.72
2025-11-16 15:30:21.271,427,15587.49
2025-11-16 15:30:21.271,428,51468.98
2025-11-16 15:30:21.271,429,121579.19
2025-11-16 15:30:21.271,430,48139.58
2025-11-16 15:30:21.271,431,48139.58
2025-11-16 15:30:21.271,432,14865.85
2025-11-16 15:30:21.271,433,14744.46
2025-11-16 15:30:21.271,434,13983.3
2025-11-16 15:30:21.271,435,14416.64
2025-11-16 15:30:21.271,436,13619.93
2025-11-16 15:30:21.271,437,13772.32
2025-11-16 15:30:21.271,438,13592.43
2025-11-16 15:30:21.271,439,13675.12
2025-11-16 15:30:21.271,440,13592.43
2025-11-16 15:30:21.271,441,13633.7
2025-11-16 15:30:21.271,442,13647.49
2025-11-16 15:30:21.271,443,13483.07
2025-11-16 15:30:21.271,444,13730.56
2025-11-16 15:30:21.271,445,13619.93
2025-11-16 15:30:21.271,446,14343.34
2025-11-16 15:30:21.271,447,13758.38
2025-11-16 15:30:21.271,448,15395.25
2025-11-16 15:30:21.271,449,14549.7
2025-11-16 15:30:21.271,450,15587.49
2025-11-16 15:30:21.271,451,15619.82
2025-11-16 15:30:21.271,452,15395.25
2025-11-16 15:30:21.271,453,16014.12
2025-11-16 15:30:21.271,454,14609.3
2025-11-16 15:30:21.271,455,16369.18
2025-11-16 15:30:21.271,456,14416.64
2025-11-16 15:30:21.271,457,14896.38
2025-11-16 15:30:21.271,458,16947.04
2025-11-16 15:30:21.271,459,15619.82
2025-11-16 15:30:21.271,460,15652.22
2025-11-16 15:30:21.271,461,15174.57
2025-11-16 15:30:21.271,462,15331.81
2025-11-16 15:30:21.271,463,15491.01
2025-11-16 15:30:21.271,464,37392.4
2025-11-16 15:30:21.271,465,16249.76
2025-11-16 15:30:21.271,466,16698.84
2025-11-16 15:30:21.271,467,15539.16
2025-11-16 15:30:21.271,468,15523.09
2025-11-16 15:30:21.271,469,18162.29
2025-11-16 15:30:21.271,470,25124.57
2025-11-16 15:30:21.271,471,23923.21
2025-11-16 15:30:21.271,472,317555.0
2025-11-16 15:30:21.271,473,27418.54
2025-11-16 15:30:21.271,474,40820.27
2025-11-16 15:30:21.271,475,15081.15
2025-11-16 15:30:21.271,476,50021.84
2025-11-16 15:30:21.271,477,115519.18
2025-11-16 15:30:21.271,478,46061.56
2025-11-16 15:30:21.271,479,46061.56
2025-11-16 15:30:21.271,480,14299.57
2025-11-16 15:30:21.271,481,14357.96
2025-11-16 15:30:21.271,482,13415.23
2025-11-16 15:30:21.271,483,14040.19
2025-11-16 15:30:21.271,484,13187.46
2025-11-16 15:30:21.271,485,13320.91
2025-11-16 15:30:21.271,486,13187.46
2025-11-16 15:30:21.271,487,13307.49
2025-11-16 15:30:21.271,488,13214.03
2025-11-16 15:30:21.271,489,13029.33
2025-11-16 15:30:21.271,490,13227.34
2025-11-16 15:30:21.271,491,13214.03
2025-11-16 15:30:21.271,492,13214.03
2025-11-16 15:30:21.271,493,13187.46
2025-11-16 15:30:21.271,494,14097.35
2025-11-16 15:30:21.271,495,13415.23
2025-11-16 15:30:21.271,496,15174.57
2025-11-16 15:30:21.271,497,14357.96
2025-11-16 15:30:21.271,498,15347.64
2025-11-16 15:30:21.271,499,15300.2
2025-11-16 15:30:21.271,500,15143.35
2025-11-16 15:30:21.271,501,15815.47
2025-11-16 15:30:21.271,502,14212.49
2025-11-16 15:30:21.271,503,16081.01
2025-11-16 15:30:21.271,504,14609.3
2025-11-16 15:30:21.271,505,14654.19
2025-11-16 15:30:21.271,506,16663.75
2025-11-16 15:30:21.271,507,15395.25
2025-11-16 15:30:21.271,508,15363.49
2025-11-16 15:30:21.271,509,14881.11
2025-11-16 15:30:21.271,510,15096.68
2025-11-16 15:30:21.271,511,15268.68
2025-11-16 15:30:21.271,512,36901.41
2025-11-16 15:30:21.271,513,16014.12
2025-11-16 15:30:21.271,514,16663.75
2025-11-16 15:30:21.271,515,15331.81
2025-11-16 15:30:21.271,516,15555.25
2025-11-16 15:30:21.271,517,18103.81
2025-11-16 15:30:21.271,518,24853.65
2025-11-16 15:30:21.271,519,23726.24
2025-11-16 15:30:21.271,520,282446.44
2025-11-16 15:30:21.271,521,27281.39
2025-11-16 15:30:21.271,522,41139.08
2025-11-16 15:30:21.271,523,14988.43
2025-11-16 15:30:21.271,524,49670.62
2025-11-16 15:30:21.271,525,119086.36
2025-11-16 15:30:21.271,526,46138.74
2025-11-16 15:30:21.271,527,46138.74
2025-11-16 15:30:21.271,528,14579.46
2025-11-16 15:30:21.271,529,14579.46
2025-11-16 15:30:21.271,530,13870.31
2025-11-16 15:30:21.271,531,14183.61
2025-11-16 15:30:21.271,532,13347.78
2025-11-16 15:30:21.271,533,13592.43
2025-11-16 15:30:21.271,534,13294.1
2025-11-16 15:30:21.271,535,13428.77
2025-11-16 15:30:21.271,536,13307.49
2025-11-16 15:30:21.271,537,13294.1
2025-11-16 15:30:21.271,538,13374.71
2025-11-16 15:30:21.271,539,13415.23
2025-11-16 15:30:21.271,540,13496.68
2025-11-16 15:30:21.271,541,13415.23
2025-11-16 15:30:21.271,542,14212.49
2025-11-16 15:30:21.271,543,13633.7
2025-11-16 15:30:21.271,544,15363.49
2025-11-16 15:30:21.271,545,14624.25
2025-11-16 15:30:21.271,546,15587.49
2025-11-16 15:30:21.271,547,15539.16
2025-11-16 15:30:21.271,548,15190.2
2025-11-16 15:30:21.271,549,15848.37
2025-11-16 15:30:21.271,550,14594.37
2025-11-16 15:30:21.271,551,16249.76
2025-11-16 15:30:21.271,552,14881.11
2025-11-16 15:30:21.271,553,14835.39
2025-11-16 15:30:21.271,554,17145.3
2025-11-16 15:30:21.271,555,15652.22
2025-11-16 15:30:21.271,556,15684.7
2025-11-16 15:30:21.271,557,15174.57
2025-11-16 15:30:21.271,558,15268.68
2025-11-16 15:30:21.271,559,15363.49
2025-11-16 15:30:21.271,560,41526.96
2025-11-16 15:30:21.271,561,16081.01
2025-11-16 15:30:21.271,562,16769.29
2025-11-16 15:30:21.271,563,15523.09
2025-11-16 15:30:21.271,564,15587.49
2025-11-16 15:30:21.271,565,18418.55
2025-11-16 15:30:21.271,566,25276.9
2025-11-16 15:30:21.271,567,23923.21
2025-11-16 15:30:21.271,568,284551.28
2025-11-16 15:30:21.271,569,27695.87
2025-11-16 15:30:21.271,570,42658.5
2025-11-16 15:30:21.271,571,15112.21
2025-11-16 15:30:21.271,572,51284.3
2025-11-16 15:30:21.271,573,120737.61
2025-11-16 15:30:21.271,574,46293.73
2025-11-16 15:30:21.271,575,46293.73
2025-11-16 15:30:21.271,576,14624.25
2025-11-16 15:30:21.271,577,14564.57
2025-11-16 15:30:21.271,578,13814.22
2025-11-16 15:30:21.271,579,13969.12
2025-11-16 15:30:21.271,580,13307.49
2025-11-16 15:30:21.271,581,13592.43
2025-11-16 15:30:21.271,582,13267.35
2025-11-16 15:30:21.271,583,13320.91
2025-11-16 15:30:21.271,584,13320.91
2025-11-16 15:30:21.271,585,13254.0
2025-11-16 15:30:21.271,586,13428.77
2025-11-16 15:30:21.271,587,13334.34
2025-11-16 15:30:21.271,588,13483.07
2025-11-16 15:30:21.271,589,13320.91
2025-11-16 15:30:21.271,590,14097.35
2025-11-16 15:30:21.271,591,13592.43
2025-11-16 15:30:21.271,592,15347.64
2025-11-16 15:30:21.271,593,14534.84
2025-11-16 15:30:21.271,594,15555.25
2025-11-16 15:30:21.271,595,15395.25
2025-11-16 15:30:21.271,596,15112.21
2025-11-16 15:30:21.271,597,15815.47
2025-11-16 15:30:21.271,598,14126.04
2025-11-16 15:30:21.271,599,16047.52
2025-11-16 15:30:21.271,600,14684.21
2025-11-16 15:30:21.271,601,14609.3
2025-11-16 15:30:21.271,602,16734.02
2025-11-16 15:30:21.271,603,15300.2
2025-11-16 15:30:21.271,604,15252.94
2025-11-16 15:30:21.271,605,14684.21
2025-11-16 15:30:21.271,606,14820.19
2025-11-16 15:30:21.271,607,14270.47
2025-11-16 15:30:21.271,608,40256.3
2025-11-16 15:30:21.271,609,15363.49
2025-11-16 15:30:21.271,610,16628.76
2025-11-16 15:30:21.271,611,15081.15
2025-11-16 15:30:21.271,612,15427.09
2025-11-16 15:30:21.271,613,18162.29
2025-11-16 15:30:21.271,614,24913.49
2025-11-16 15:30:21.271,615,23642.52
2025-11-16 15:30:21.271,616,264774.34
2025-11-16 15:30:21.271,617,27281.39
2025-11-16 15:30:21.271,618,41267.73
2025-11-16 15:30:21.271,619,14820.19
2025-11-16 15:30:21.271,620,50021.84
2025-11-16 15:30:21.271,621,120737.61
2025-11-16 15:30:21.271,622,45907.83
2025-11-16 15:30:21.271,623,45907.83
2025-11-16 15:30:21.271,624,14624.25
2025-11-16 15:30:21.271,625,14594.37
2025-11-16 15:30:21.271,626,13730.56
2025-11-16 15:30:21.271,627,13983.3
2025-11-16 15:30:21.271,628,13214.03
2025-11-16 15:30:21.271,629,13469.47
2025-11-16 15:30:21.271,630,13280.71
2025-11-16 15:30:21.271,631,13294.1
2025-11-16 15:30:21.271,632,13227.34
2025-11-16 15:30:21.271,633,13267.35
2025-11-16 15:30:21.271,634,13347.78
2025-11-16 15:30:21.271,635,13214.03
2025-11-16 15:30:21.271,636,13483.07
2025-11-16 15:30:21.271,637,13374.71
2025-11-16 15:30:21.271,638,14154.79
2025-11-16 15:30:21.271,639,13469.47
2025-11-16 15:30:21.271,640,15315.99
2025-11-16 15:30:21.271,641,14431.36
2025-11-16 15:30:21.271,642,15571.36
2025-11-16 15:30:21.271,643,15523.09
2025-11-16 15:30:21.271,644,15190.2
2025-11-16 15:30:21.271,645,15930.98
2025-11-16 15:30:21.271,646,14372.61
2025-11-16 15:30:21.271,647,16064.26
2025-11-16 15:30:21.271,648,14639.21
2025-11-16 15:30:21.271,649,14744.46
2025-11-16 15:30:21.271,650,16786.96
2025-11-16 15:30:21.271,651,15379.36
2025-11-16 15:30:21.271,652,15427.09
2025-11-16 15:30:21.271,653,14988.43
2025-11-16 15:30:21.271,654,15143.35
2025-11-16 15:30:21.271,655,15174.57
2025-11-16 15:30:21.271,656,39165.01
2025-11-16 15:30:21.271,657,15848.37
2025-11-16 15:30:21.271,658,16352.05
2025-11-16 15:30:21.271,659,15331.81
2025-11-16 15:30:21.271,660,15491.01
2025-11-16 15:30:21.271,661,18339.21
2025-11-16 15:30:21.271,662,25033.8
2025-11-16 15:30:21.271,663,23810.38
2025-11-16 15:30:21.271,664,266631.75
2025-11-16 15:30:21.271,665,27315.59
2025-11-16 15:30:21.271,666,40756.99
2025-11-16 15:30:21.271,667,14835.39
2025-11-16 15:30:21.271,668,50199.01
2025-11-16 15:30:21.271,669,120737.61
2025-11-16 15:30:21.271,670,46527.84
2025-11-16 15:30:21.271,671,46527.84
2025-11-16 15:30:21.271,672,14328.73
2025-11-16 15:30:21.271,673,14328.73
2025-11-16 15:30:21.271,674,13702.81
2025-11-16 15:30:21.271,675,13954.95
2025-11-16 15:30:21.271,676,13469.47
2025-11-16 15:30:21.271,677,13647.49
2025-11-16 15:30:21.271,678,13496.68
2025-11-16 15:30:21.271,679,13428.77
2025-11-16 15:30:21.271,680,13455.89
2025-11-16 15:30:21.271,681,13388.2
2025-11-16 15:30:21.271,682,13483.07
2025-11-16 15:30:21.271,683,13510.31
2025-11-16 15:30:21.271,684,13647.49
2025-11-16 15:30:21.271,685,13496.68
2025-11-16 15:30:21.271,686,14387.27
2025-11-16 15:30:21.271,687,13702.81
2025-11-16 15:30:21.271,688,15749.92
2025-11-16 15:30:21.271,689,14624.25
2025-11-16 15:30:21.271,690,15815.47
2025-11-16 15:30:21.271,691,15749.92
2025-11-16 15:30:21.271,692,15411.16
2025-11-16 15:30:21.271,693,15749.92
2025-11-16 15:30:21.271,694,14744.46
2025-11-16 15:30:21.271,695,16646.24
2025-11-16 15:30:21.271,696,14896.38
2025-11-16 15:30:21.271,697,15034.71
2025-11-16 15:30:21.271,698,17199.88
2025-11-16 15:30:21.271,699,15848.37
2025-11-16 15:30:21.271,700,16014.12
2025-11-16 15:30:21.271,701,15507.04
2025-11-16 15:30:21.271,702,15555.25
2025-11-16 15:30:21.271,703,15523.09
2025-11-16 15:30:21.271,704,40256.3
2025-11-16 15:30:21.271,705,16386.33
2025-11-16 15:30:21.271,706,16947.04
2025-11-16 15:30:21.271,707,15619.82
2025-11-16 15:30:21.271,708,15815.47
2025-11-16 15:30:21.271,709,18699.77
2025-11-16 15:30:21.271,710,25710.52
2025-11-16 15:30:21.271,711,24557.47
2025-11-16 15:30:21.271,712,266631.75
2025-11-16 15:30:21.271,713,27941.91
2025-11-16 15:30:21.271,714,43698.91
2025-11-16 15:30:21.271,715,15331.81
2025-11-16 15:30:21.271,716,52029.78
2025-11-16 15:30:21.271,717,127787.46
2025-11-16 15:30:21.271,718,49151.41
2025-11-16 15:30:21.271,719,49151.41
2025-11-16 15:30:21.271,720,14609.3
2025-11-16 15:30:21.271,721,14534.84
2025-11-16 15:30:21.271,722,13983.3
2025-11-16 15:30:21.271,723,14416.64
2025-11-16 15:30:21.271,724,13606.17
2025-11-16 15:30:21.271,725,13716.68
2025-11-16 15:30:21.271,726,13619.93
2025-11-16 15:30:21.271,727,13633.7
2025-11-16 15:30:21.271,728,13675.12
2025-11-16 15:30:21.271,729,13633.7
2025-11-16 15:30:21.271,730,13730.56
2025-11-16 15:30:21.271,731,13772.32
2025-11-16 15:30:21.271,732,13744.46
2025-11-16 15:30:21.271,733,13675.12
2025-11-16 15:30:21.271,734,14564.57
2025-11-16 15:30:21.271,735,13884.38
2025-11-16 15:30:21.271,736,15848.37
2025-11-16 15:30:21.271,737,14774.7
2025-11-16 15:30:21.271,738,15930.98
2025-11-16 15:30:21.271,739,15848.37
2025-11-16 15:30:21.271,740,15636.01
2025-11-16 15:30:21.271,741,16317.87
2025-11-16 15:30:21.271,742,14850.61
2025-11-16 15:30:21.271,743,16681.28
2025-11-16 15:30:21.271,744,15050.17
2025-11-16 15:30:21.271,745,15174.57
2025-11-16 15:30:21.271,746,17309.7
2025-11-16 15:30:21.271,747,15815.47
2025-11-16 15:30:21.271,748,15848.37
2025-11-16 15:30:21.271,749,15395.25
2025-11-16 15:30:21.271,750,15491.01
2025-11-16 15:30:21.271,751,15587.49
2025-11-16 15:30:21.271,752,39644.14
2025-11-16 15:30:21.271,753,16403.5
2025-11-16 15:30:21.271,754,16982.88
2025-11-16 15:30:21.271,755,15587.49
2025-11-16 15:30:21.271,756,15749.92
2025-11-16 15:30:21.271,757,18578.57
2025-11-16 15:30:21.271,758,25523.39
2025-11-16 15:30:21.271,759,24675.34
2025-11-16 15:30:21.271,760,261133.28
2025-11-16 15:30:21.271,761,27906.57
2025-11-16 15:30:21.271,762,42186.62
2025-11-16 15:30:21.271,763,15284.43
2025-11-16 15:30:21.271,764,51009.33
2025-11-16 15:30:21.271,765,125954.73
2025-11-16 15:30:21.271,766,47646.51
2025-11-16 15:30:21.271,767,47646.51
2025-11-16 15:30:21.271,768,15112.21
2025-11-16 15:30:21.271,769,15158.95
2025-11-16 15:30:21.271,770,14212.49
2025-11-16 15:30:21.271,771,14835.39
2025-11-16 15:30:21.271,772,13758.38
2025-11-16 15:30:21.271,773,13926.67
2025-11-16 15:30:21.271,774,13814.22
2025-11-16 15:30:21.271,775,13800.23
2025-11-16 15:30:21.271,776,13898.46
2025-11-16 15:30:21.271,777,13814.22
2025-11-16 15:30:21.271,778,13730.56
2025-11-16 15:30:21.271,779,13842.23
2025-11-16 15:30:21.271,780,13926.67
2025-11-16 15:30:21.271,781,13870.31
2025-11-16 15:30:21.271,782,14654.19
2025-11-16 15:30:21.271,783,13969.12
2025-11-16 15:30:21.271,784,16047.52
2025-11-16 15:30:21.271,785,14926.99
2025-11-16 15:30:21.271,786,15947.57
2025-11-16 15:30:21.271,787,16165.12
2025-11-16 15:30:21.271,788,15749.92
2025-11-16 15:30:21.271,789,16334.95
2025-11-16 15:30:21.271,790,15003.83
2025-11-16 15:30:21.271,791,16840.11
2025-11-16 15:30:21.271,792,15143.35
2025-11-16 15:30:21.271,793,15268.68
2025-11-16 15:30:21.271,794,17420.39
2025-11-16 15:30:21.271,795,15947.57
2025-11-16 15:30:21.271,796,15997.45
2025-11-16 15:30:21.271,797,15555.25
2025-11-16 15:30:21.271,798,15619.82
2025-11-16 15:30:21.271,799,15799.05
2025-11-16 15:30:21.271,800,39644.14
2025-11-16 15:30:21.271,801,16734.02
2025-11-16 15:30:21.271,802,17236.39
2025-11-16 15:30:21.271,803,15864.85
2025-11-16 15:30:21.271,804,16014.12
2025-11-16 15:30:21.271,805,18986.58
2025-11-16 15:30:21.271,806,25963.11
2025-11-16 15:30:21.271,807,24794.01
2025-11-16 15:30:21.271,808,280371.47
2025-11-16 15:30:21.271,809,28516.51
2025-11-16 15:30:21.271,810,43557.83
2025-11-16 15:30:21.271,811,15619.82
2025-11-16 15:30:21.271,812,51841.71
2025-11-16 15:30:21.271,813,122004.03
2025-11-16 15:30:21.271,814,47484.0
2025-11-16 15:30:21.271,815,47484.0
2025-11-16 15:30:21.271,816,15143.35
2025-11-16 15:30:21.271,817,15143.35
2025-11-16 15:30:21.271,818,14212.49
2025-11-16 15:30:21.271,819,14835.39
2025-11-16 15:30:21.271,820,13870.31
2025-11-16 15:30:21.271,821,14097.35
2025-11-16 15:30:21.271,822,13940.8
2025-11-16 15:30:21.271,823,14040.19
2025-11-16 15:30:21.271,824,14054.46
2025-11-16 15:30:21.271,825,13898.46
2025-11-16 15:30:21.271,826,14040.19
2025-11-16 15:30:21.271,827,14068.74
2025-11-16 15:30:21.271,828,14097.35
2025-11-16 15:30:21.271,829,13983.3
2025-11-16 15:30:21.271,830,14624.25
2025-11-16 15:30:21.271,831,14126.04
2025-11-16 15:30:21.271,832,16148.25
2025-11-16 15:30:21.271,833,15019.26
2025-11-16 15:30:21.271,834,16047.52
2025-11-16 15:30:21.271,835,16182.0
2025-11-16 15:30:21.271,836,15603.64
2025-11-16 15:30:21.271,837,16114.59
2025-11-16 15:30:21.271,838,15003.83
2025-11-16 15:30:21.271,839,16964.95
2025-11-16 15:30:21.271,840,15363.49
2025-11-16 15:30:21.271,841,15507.04
2025-11-16 15:30:21.271,842,17757.91
2025-11-16 15:30:21.271,843,16317.87
2025-11-16 15:30:21.271,844,16249.76
2025-11-16 15:30:21.271,845,15766.28
2025-11-16 15:30:21.271,846,15782.65
2025-11-16 15:30:21.271,847,15881.35
2025-11-16 15:30:21.271,848,41461.9
2025-11-16 15:30:21.271,849,16947.04
2025-11-16 15:30:21.271,850,17346.5
2025-11-16 15:30:21.271,851,16198.91
2025-11-16 15:30:21.271,852,16182.0
2025-11-16 15:30:21.271,853,19153.06
2025-11-16 15:30:21.271,854,27591.39
2025-11-16 15:30:21.271,855,25554.44
2025-11-16 15:30:21.271,856,259348.69
2025-11-16 15:30:21.271,857,28662.88
2025-11-16 15:30:21.271,858,44561.25
2025-11-16 15:30:21.271,859,15881.35
2025-11-16 15:30:21.271,860,54582.74
2025-11-16 15:30:21.271,861,123295.2
2025-11-16 15:30:21.271,862,48473.0
2025-11-16 15:30:21.271,863,48473.0
2025-11-16 15:30:21.271,864,15782.65
2025-11-16 15:30:21.271,865,15848.37
2025-11-16 15:30:21.271,866,14896.38
2025-11-16 15:30:21.271,867,15363.49
2025-11-16 15:30:21.271,868,14416.64
2025-11-16 15:30:21.271,869,14805.01
2025-11-16 15:30:21.271,870,14505.19
2025-11-16 15:30:21.271,871,14594.37
2025-11-16 15:30:21.271,872,14534.84
2025-11-16 15:30:21.271,873,14387.27
2025-11-16 15:30:21.271,874,14534.84
2025-11-16 15:30:21.271,875,14401.95
2025-11-16 15:30:21.271,876,14416.64
2025-11-16 15:30:21.271,877,14594.37
2025-11-16 15:30:21.271,878,15205.86
2025-11-16 15:30:21.271,879,14684.21
2025-11-16 15:30:21.271,880,16593.85
2025-11-16 15:30:21.271,881,15347.64
2025-11-16 15:30:21.271,882,16611.29
2025-11-16 15:30:21.271,883,16698.84
2025-11-16 15:30:21.271,884,15766.28
2025-11-16 15:30:21.271,885,16734.02
2025-11-16 15:30:21.271,886,15555.25
2025-11-16 15:30:21.271,887,17272.99
2025-11-16 15:30:21.271,888,15749.92
2025-11-16 15:30:21.271,889,15652.22
2025-11-16 15:30:21.271,890,18142.77
2025-11-16 15:30:21.271,891,16455.14
2025-11-16 15:30:21.271,892,16698.84
2025-11-16 15:30:21.271,893,16165.12
2025-11-16 15:30:21.271,894,16249.76
2025-11-16 15:30:21.271,895,16352.05
2025-11-16 15:30:21.271,896,41526.96
2025-11-16 15:30:21.271,897,17309.7
2025-11-16 15:30:21.271,898,17853.14
2025-11-16 15:30:21.271,899,16352.05
2025-11-16 15:30:21.271,900,16593.85
2025-11-16 15:30:21.271,901,19449.01
2025-11-16 15:30:21.271,902,26742.69
2025-11-16 15:30:21.271,903,26219.28
2025-11-16 15:30:21.271,904,280371.47
2025-11-16 15:30:21.271,905,29146.33
2025-11-16 15:30:21.271,906,44488.33
2025-11-16 15:30:21.271,907,16148.25
2025-11-16 15:30:21.271,908,54582.74
2025-11-16 15:30:21.271,909,125504.14
2025-11-16 15:30:21.271,910,47322.41
2025-11-16 15:30:21.271,911,47322.41
2025-11-16 15:30:21.271,912,19772.81
2025-11-16 15:30:21.271,913,19772.81
2025-11-16 15:30:21.271,914,18578.57
2025-11-16 15:30:21.271,915,19237.01
2025-11-16 15:30:21.271,916,18339.21
2025-11-16 15:30:21.271,917,18659.26
2025-11-16 15:30:21.271,918,18221.02
2025-11-16 15:30:21.271,919,18221.02
2025-11-16 15:30:21.271,920,18378.83
2025-11-16 15:30:21.271,921,18162.29
2025-11-16 15:30:21.271,922,18438.46
2025-11-16 15:30:21.271,923,18418.55
2025-11-16 15:30:21.271,924,18398.68
2025-11-16 15:30:21.271,925,18201.42
2025-11-16 15:30:21.271,926,18458.39
2025-11-16 15:30:21.271,927,18221.02
2025-11-16 15:30:21.271,928,20396.61
2025-11-16 15:30:21.271,929,19279.16
2025-11-16 15:30:21.271,930,20556.65
2025-11-16 15:30:21.271,931,20741.61
2025-11-16 15:30:21.271,932,19860.36
2025-11-16 15:30:21.271,933,20834.94
2025-11-16 15:30:21.271,934,19321.44
2025-11-16 15:30:21.271,935,20260.76
2025-11-16 15:30:21.271,936,19707.48
2025-11-16 15:30:21.271,937,19882.33
2025-11-16 15:30:21.271,938,22408.76
2025-11-16 15:30:21.271,939,20788.21
2025-11-16 15:30:21.271,940,20811.56
2025-11-16 15:30:21.271,941,20193.28
2025-11-16 15:30:21.271,942,20103.78
2025-11-16 15:30:21.271,943,20556.65
2025-11-16 15:30:21.271,944,47403.09
2025-11-16 15:30:21.271,945,21602.34
2025-11-16 15:30:21.271,946,22305.72
2025-11-16 15:30:21.271,947,20811.56
2025-11-16 15:30:21.271,948,20905.3
2025-11-16 15:30:21.271,949,24151.15
2025-11-16 15:30:21.271,950,33036.22
2025-11-16 15:30:21.271,951,32630.74
2025-11-16 15:30:21.271,952,460679.59
2025-11-16 15:30:21.271,953,35691.55
2025-11-16 15:30:21.271,954,52409.35
2025-11-16 15:30:21.271,955,20419.37
2025-11-16 15:30:21.271,956,58715.34
2025-11-16 15:30:21.271,957,138820.45
2025-11-16 15:30:21.271,958,55939.52
2025-11-16 15:30:21.271,959,55939.52
2025-11-16 15:30:21.271,960,40756.99
2025-11-16 15:30:21.271,961,40505.41
2025-11-16 15:30:21.271,962,40132.67
2025-11-16 15:30:21.271,963,40256.3
2025-11-16 15:30:21.271,964,38811.68
2025-11-16 15:30:21.271,965,39403.42
2025-11-16 15:30:21.271,966,39224.4
2025-11-16 15:30:21.271,967,39283.93
2025-11-16 15:30:21.271,968,37558.35
2025-11-16 15:30:21.271,969,38636.91
2025-11-16 15:30:21.271,970,39283.93
2025-11-16 15:30:21.271,971,39165.01
2025-11-16 15:30:21.271,972,38006.61
2025-11-16 15:30:21.271,973,38578.92
2025-11-16 15:30:21.271,974,38578.92
2025-11-16 15:30:21.271,975,38006.61
2025-11-16 15:30:21.271,976,40442.9
2025-11-16 15:30:21.271,977,38811.68
2025-11-16 15:30:21.271,978,35335.6
2025-11-16 15:30:21.271,979,38811.68
2025-11-16 15:30:21.271,980,38291.07
2025-11-16 15:30:21.271,981,38636.91
2025-11-16 15:30:21.271,982,39224.4
2025-11-16 15:30:21.271,983,36739.99
2025-11-16 15:30:21.271,984,37558.35
2025-11-16 15:30:21.271,985,37893.76
2025-11-16 15:30:21.271,986,38695.02
2025-11-16 15:30:21.271,987,34108.26
2025-11-16 15:30:21.271,988,40442.9
2025-11-16 15:30:21.271,989,39343.6
2025-11-16 15:30:21.271,990,40132.67
2025-11-16 15:30:21.271,991,42726.61
2025-11-16 15:30:21.271,992,84035.92
2025-11-16 15:30:21.271,993,42863.36
2025-11-16 15:30:21.271,994,40380.55
2025-11-16 15:30:21.271,995,38695.02
2025-11-16 15:30:21.271,996,40505.41
2025-11-16 15:30:21.271,997,45754.95
2025-11-16 15:30:21.271,998,55201.96
2025-11-16 15:30:21.271,999,58484.71
2025-11-16 15:30:21.271,1000,66008.82
2025-11-16 15:30:21.271,1001,66008.82
2025-11-16 15:30:21.271,1002,94632.04
2025-11-16 15:30:21.271,1003,40380.55
2025-11-16 15:30:21.271,1004,101482.63
2025-11-16 15:30:21.271,1005,264774.34
2025-11-16 15:30:21.271,1006,105581.22
2025-11-16 15:30:21.271,1007,105581.22
2025-11-16 15:30:21.271,1008,63148.7
2025-11-16 15:30:21.271,1009,63148.7
2025-11-16 15:30:21.271,1010,60132.29
2025-11-16 15:30:21.271,1011,59534.86
2025-11-16 15:30:21.271,1012,58715.34
2025-11-16 15:30:21.271,1013,60132.29
2025-11-16 15:30:21.271,1014,59416.6
2025-11-16 15:30:21.271,1015,58715.34
2025-11-16 15:30:21.271,1016,60011.99
2025-11-16 15:30:21.271,1017,58715.34
2025-11-16 15:30:21.271,1018,58715.34
2025-11-16 15:30:21.271,1019,59416.6
2025-11-16 15:30:21.271,1020,58715.34
2025-11-16 15:30:21.271,1021,58255.64
2025-11-16 15:30:21.271,1022,58947.51
2025-11-16 15:30:21.271,1023,57354.41
2025-11-16 15:30:21.271,1024,60011.99
2025-11-16 15:30:21.271,1025,58255.64
2025-11-16 15:30:21.271,1026,48980.34
2025-11-16 15:30:21.271,1027,57914.87
2025-11-16 15:30:21.271,1028,50918.22
2025-11-16 15:30:21.271,1029,53084.88
2025-11-16 15:30:21.271,1030,57577.48
2025-11-16 15:30:21.271,1031,41526.96
2025-11-16 15:30:21.271,1032,54994.24
2025-11-16 15:30:21.271,1033,56368.51
2025-11-16 15:30:21.271,1034,53975.16
2025-11-16 15:30:21.271,1035,54685.13
2025-11-16 15:30:21.271,1036,58028.08
2025-11-16 15:30:21.271,1037,58028.08
2025-11-16 15:30:21.271,1038,58255.64
2025-11-16 15:30:21.271,1039,62114.86
2025-11-16 15:30:21.271,1040,115905.77
2025-11-16 15:30:21.271,1041,60617.66
2025-11-16 15:30:21.271,1042,52600.88
2025-11-16 15:30:21.271,1043,54378.94
2025-11-16 15:30:21.271,1044,58028.08
2025-11-16 15:30:21.271,1045,59416.6
2025-11-16 15:30:21.271,1046,58715.34
2025-11-16 15:30:21.271,1047,63148.7
2025-11-16 15:30:21.271,1048,93048.8
2025-11-16 15:30:21.271,1049,93048.8
2025-11-16 15:30:21.271,1050,119086.36
2025-11-16 15:30:21.271,1051,57802.03
2025-11-16 15:30:21.271,1052,137745.05
2025-11-16 15:30:21.271,1053,387544.88
2025-11-16 15:30:21.271,1054,136160.72
2025-11-16 15:30:21.271,1055,136160.72
2025-11-16 15:30:21.271,1056,48980.34
2025-11-16 15:30:21.271,1057,48810.25
2025-11-16 15:30:21.271,1058,46922.36
2025-11-16 15:30:21.271,1059,47484.0
2025-11-16 15:30:21.271,1060,46061.56
2025-11-16 15:30:21.271,1061,46061.56
2025-11-16 15:30:21.271,1062,46216.13
2025-11-16 15:30:21.271,1063,47081.7
2025-11-16 15:30:21.271,1064,46527.84
2025-11-16 15:30:21.271,1065,45907.83
2025-11-16 15:30:21.271,1066,46843.01
2025-11-16 15:30:21.271,1067,46371.55
2025-11-16 15:30:21.271,1068,45907.83
2025-11-16 15:30:21.271,1069,45907.83
2025-11-16 15:30:21.271,1070,47403.09
2025-11-16 15:30:21.271,1071,46606.3
2025-11-16 15:30:21.271,1072,48305.81
2025-11-16 15:30:21.271,1073,46138.74
2025-11-16 15:30:21.271,1074,34738.09
2025-11-16 15:30:21.271,1075,44854.87
2025-11-16 15:30:21.271,1076,36793.67
2025-11-16 15:30:21.271,1077,36157.48
2025-11-16 15:30:21.271,1078,44415.61
2025-11-16 15:30:21.271,1079,37950.12
2025-11-16 15:30:21.271,1080,39583.74
2025-11-16 15:30:21.271,1081,43347.59
2025-11-16 15:30:21.271,1082,39403.42
2025-11-16 15:30:21.271,1083,41139.08
2025-11-16 15:30:21.271,1084,45002.86
2025-11-16 15:30:21.271,1085,46061.56
2025-11-16 15:30:21.271,1086,46061.56
2025-11-16 15:30:21.271,1087,49496.55
2025-11-16 15:30:21.271,1088,89534.38
2025-11-16 15:30:21.271,1089,48139.58
2025-11-16 15:30:21.271,1090,44781.16
2025-11-16 15:30:21.271,1091,44854.87
2025-11-16 15:30:21.271,1092,45151.65
2025-11-16 15:30:21.271,1093,50199.01
2025-11-16 15:30:21.271,1094,54582.74
2025-11-16 15:30:21.271,1095,54994.24
2025-11-16 15:30:21.271,1096,75386.48
2025-11-16 15:30:21.271,1097,75386.48
2025-11-16 15:30:21.271,1098,94632.04
2025-11-16 15:30:21.271,1099,46606.3
2025-11-16 15:30:21.271,1100,112509.73
2025-11-16 15:30:21.271,1101,322883.13
2025-11-16 15:30:21.271,1102,110700.96
2025-11-16 15:30:21.271,1103,110700.96
2025-11-16 15:30:21.271,1104,61109.78
2025-11-16 15:30:21.271,1105,59892.09
2025-11-16 15:30:21.271,1106,57802.03
2025-11-16 15:30:21.271,1107,58141.67
2025-11-16 15:30:21.271,1108,58599.84
2025-11-16 15:30:21.271,1109,59416.6
2025-11-16 15:30:21.271,1110,57802.03
2025-11-16 15:30:21.271,1111,61109.78
2025-11-16 15:30:21.271,1112,59416.6
2025-11-16 15:30:21.271,1113,58028.08
2025-11-16 15:30:21.271,1114,57577.48
2025-11-16 15:30:21.271,1115,58715.34
2025-11-16 15:30:21.271,1116,58947.51
2025-11-16 15:30:21.271,1117,59416.6
2025-11-16 15:30:21.271,1118,60011.99
2025-11-16 15:30:21.271,1119,56693.92
2025-11-16 15:30:21.271,1120,61233.89
2025-11-16 15:30:21.271,1121,58715.34
2025-11-16 15:30:21.271,1122,47001.92
2025-11-16 15:30:21.271,1123,56693.92
2025-11-16 15:30:21.271,1124,56046.25
2025-11-16 15:30:21.271,1125,54685.13
2025-11-16 15:30:21.271,1126,59416.6
2025-11-16 15:30:21.271,1127,53084.88
2025-11-16 15:30:21.271,1128,52890.38
2025-11-16 15:30:21.271,1129,56260.74
2025-11-16 15:30:21.271,1130,52987.48
2025-11-16 15:30:21.271,1131,56693.92
2025-11-16 15:30:21.271,1132,54994.24
2025-11-16 15:30:21.271,1133,57802.03
2025-11-16 15:30:21.271,1134,56260.74
2025-11-16 15:30:21.271,1135,63411.8
2025-11-16 15:30:21.271,1136,113996.21
2025-11-16 15:30:21.271,1137,61483.39
2025-11-16 15:30:21.271,1138,54176.42
2025-11-16 15:30:21.271,1139,54378.94
2025-11-16 15:30:21.271,1140,57577.48
2025-11-16 15:30:21.271,1141,65307.78
2025-11-16 15:30:21.271,1142,61483.39
2025-11-16 15:30:21.271,1143,63411.8
2025-11-16 15:30:21.271,1144,95170.63
2025-11-16 15:30:21.271,1145,95170.63
2025-11-16 15:30:21.271,1146,129194.73
2025-11-16 15:30:21.271,1147,61358.41
2025-11-16 15:30:21.271,1148,148021.72
2025-11-16 15:30:21.271,1149,403612.41
2025-11-16 15:30:21.271,1150,142142.66
2025-11-16 15:30:21.271,1151,142142.66
2025-11-16 15:30:21.271,1152,94632.04
2025-11-16 15:30:21.271,1153,91512.71
2025-11-16 15:30:21.271,1154,87167.16
2025-11-16 15:30:21.271,1155,89051.75
2025-11-16 15:30:21.271,1156,90267.15
2025-11-16 15:30:21.271,1157,94900.64
2025-11-16 15:30:21.271,1158,95170.63
2025-11-16 15:30:21.271,1159,90513.82
2025-11-16 15:30:21.271,1160,89534.38
2025-11-16 15:30:21.271,1161,87167.16
2025-11-16 15:30:21.271,1162,90267.15
2025-11-16 15:30:21.271,1163,91261.14
2025-11-16 15:30:21.271,1164,91261.14
2025-11-16 15:30:21.271,1165,90267.15
2025-11-16 15:30:21.271,1166,91765.55
2025-11-16 15:30:21.271,1167,91512.71
2025-11-16 15:30:21.271,1168,91512.71
2025-11-16 15:30:21.271,1169,88573.8
2025-11-16 15:30:21.271,1170,87167.16
2025-11-16 15:30:21.271,1171,92789.56
2025-11-16 15:30:21.271,1172,93571.2
2025-11-16 15:30:21.271,1173,90513.82
2025-11-16 15:30:21.271,1174,87631.56
2025-11-16 15:30:21.271,1175,93571.2
2025-11-16 15:30:21.271,1176,90513.82
2025-11-16 15:30:21.271,1177,82127.26
2025-11-16 15:30:21.271,1178,93309.35
2025-11-16 15:30:21.271,1179,87631.56
2025-11-16 15:30:21.271,1180,83604.98
2025-11-16 15:30:21.271,1181,88812.2
2025-11-16 15:30:21.271,1182,76838.91
2025-11-16 15:30:21.271,1183,90267.15
2025-11-16 15:30:21.271,1184,155704.97
2025-11-16 15:30:21.271,1185,94098.91
2025-11-16 15:30:21.271,1186,75745.02
2025-11-16 15:30:21.271,1187,73127.03
2025-11-16 15:30:21.271,1188,77961.02
2025-11-16 15:30:21.271,1189,90021.7
2025-11-16 15:30:21.271,1190,73296.59
2025-11-16 15:30:21.271,1191,76654.66
2025-11-16 15:30:21.271,1192,137745.05
2025-11-16 15:30:21.271,1193,137745.05
2025-11-16 15:30:21.271,1194,165668.98
2025-11-16 15:30:21.271,1195,79699.56
2025-11-16 15:30:21.271,1196,218701.81
2025-11-16 15:30:21.271,1197,543388.5
2025-11-16 15:30:21.271,1198,206594.58
2025-11-16 15:30:21.271,1199,206594.58
2025-11-16 15:30:21.271,1200,483368.97
2025-11-16 15:30:21.271,1201,403612.41
2025-11-16 15:30:21.271,1202,471757.34
2025-11-16 15:30:21.271,1203,471757.34
2025-11-16 15:30:21.271,1204,421032.91
2025-11-16 15:30:21.271,1205,460679.59
2025-11-16 15:30:21.271,1206,439984.91
2025-11-16 15:30:21.271,1207,430305.09
2025-11-16 15:30:21.271,1208,430305.09
2025-11-16 15:30:21.271,1209,395419.56
2025-11-16 15:30:21.271,1210,471757.34
2025-11-16 15:30:21.271,1211,421032.91
2025-11-16 15:30:21.271,1212,439984.91
2025-11-16 15:30:21.271,1213,421032.91
2025-11-16 15:30:21.271,1214,412143.03
2025-11-16 15:30:21.271,1215,425619.72
2025-11-16 15:30:21.271,1216,439984.91
2025-11-16 15:30:21.271,1217,403612.41
2025-11-16 15:30:21.271,1218,369134.25
2025-11-16 15:30:21.271,1219,430305.09
2025-11-16 15:30:21.271,1220,383721.19
2025-11-16 15:30:21.271,1221,435092.38
2025-11-16 15:30:21.271,1222,387544.88
2025-11-16 15:30:21.271,1223,358884.03
2025-11-16 15:30:21.271,1224,352352.88
2025-11-16 15:30:21.271,1225,331208.34
2025-11-16 15:30:21.271,1226,439984.91
2025-11-16 15:30:21.271,1227,395419.56
2025-11-16 15:30:21.271,1228,421032.91
2025-11-16 15:30:21.271,1229,403612.41
2025-11-16 15:30:21.271,1230,328387.41
2025-11-16 15:30:21.271,1231,387544.88
2025-11-16 15:30:21.271,1232,566776.38
2025-11-16 15:30:21.271,1233,430305.09
2025-11-16 15:30:21.271,1234,425619.72
2025-11-16 15:30:21.271,1235,372678.72
2025-11-16 15:30:21.271,1236,331208.34
2025-11-16 15:30:21.271,1237,346048.91
2025-11-16 15:30:21.271,1238,435092.38
2025-11-16 15:30:21.271,1239,450099.75
2025-11-16 15:30:21.271,1240,528822.38
2025-11-16 15:30:21.271,1241,528822.38
2025-11-16 15:30:21.271,1242,684112.31
2025-11-16 15:30:21.271,1243,403612.41
2025-11-16 15:30:21.271,1244,793012.25
2025-11-16 15:30:21.271,1245,721303.56
2025-11-16 15:30:21.271,1246,721303.56
2025-11-16 15:30:21.271,1247,721303.56
2025-11-16 15:30:21.271,1248,115134.95
2025-11-16 15:30:21.271,1249,118276.26
2025-11-16 15:30:21.271,1250,107238.9
2025-11-16 15:30:21.271,1251,114753.04
2025-11-16 15:30:21.271,1252,102712.45
2025-11-16 15:30:21.271,1253,112877.99
2025-11-16 15:30:21.271,1254,112143.66
2025-11-16 15:30:21.271,1255,107238.9
2025-11-16 15:30:21.271,1256,109291.9
2025-11-16 15:30:21.271,1257,110700.96
2025-11-16 15:30:21.271,1258,111418.03
2025-11-16 15:30:21.271,1259,107238.9
2025-11-16 15:30:21.271,1260,107238.9
2025-11-16 15:30:21.271,1261,107238.9
2025-11-16 15:30:21.271,1262,109992.31
2025-11-16 15:30:21.271,1263,106570.16
2025-11-16 15:30:21.271,1264,103652.78
2025-11-16 15:30:21.271,1265,106570.16
2025-11-16 15:30:21.271,1266,99982.53
2025-11-16 15:30:21.271,1267,84035.92
2025-11-16 15:30:21.271,1268,110700.96
2025-11-16 15:30:21.271,1269,115905.77
2025-11-16 15:30:21.271,1270,110345.59
2025-11-16 15:30:21.271,1271,113996.21
2025-11-16 15:30:21.271,1272,112877.99
2025-11-16 15:30:21.271,1273,109992.31
2025-11-16 15:30:21.271,1274,119086.36
2025-11-16 15:30:21.271,1275,111418.03
2025-11-16 15:30:21.271,1276,115134.95
2025-11-16 15:30:21.271,1277,112877.99
2025-11-16 15:30:21.271,1278,107238.9
2025-11-16 15:30:21.271,1279,122431.63
2025-11-16 15:30:21.271,1280,208912.44
2025-11-16 15:30:21.271,1281,119906.74
2025-11-16 15:30:21.271,1282,113621.23
2025-11-16 15:30:21.271,1283,107576.14
2025-11-16 15:30:21.271,1284,106570.16
2025-11-16 15:30:21.271,1285,126864.97
2025-11-16 15:30:21.271,1286,145616.44
2025-11-16 15:30:21.271,1287,145616.44
2025-11-16 15:30:21.271,1288,180386.63
2025-11-16 15:30:21.271,1289,180386.63
2025-11-16 15:30:21.271,1290,217430.56
2025-11-16 15:30:21.271,1291,115905.77
2025-11-16 15:30:21.271,1292,268514.44
2025-11-16 15:30:21.271,1293,696081.88
2025-11-16 15:30:21.271,1294,280371.47
2025-11-16 15:30:21.271,1295,280371.47
2025-11-16 15:30:21.271,1296,57465.76
2025-11-16 15:30:21.271,1297,56912.64
2025-11-16 15:30:21.271,1298,56693.92
2025-11-16 15:30:21.271,1299,55939.52
2025-11-16 15:30:21.271,1300,54787.84
2025-11-16 15:30:21.271,1301,54994.24
2025-11-16 15:30:21.271,1302,56153.31
2025-11-16 15:30:21.271,1303,55833.13
2025-11-16 15:30:21.271,1304,56476.62
2025-11-16 15:30:21.271,1305,54378.94
2025-11-16 15:30:21.271,1306,56476.62
2025-11-16 15:30:21.271,1307,55411.0
2025-11-16 15:30:21.271,1308,56368.51
2025-11-16 15:30:21.271,1309,55833.13
2025-11-16 15:30:21.271,1310,57132.8
2025-11-16 15:30:21.271,1311,55939.52
2025-11-16 15:30:21.271,1312,61109.78
2025-11-16 15:30:21.271,1313,55201.96
2025-11-16 15:30:21.271,1314,57689.57
2025-11-16 15:30:21.271,1315,56693.92
2025-11-16 15:30:21.271,1316,58141.67
2025-11-16 15:30:21.271,1317,58947.51
2025-11-16 15:30:21.271,1318,57354.41
2025-11-16 15:30:21.271,1319,58255.64
2025-11-16 15:30:21.271,1320,55621.39
2025-11-16 15:30:21.271,1321,46061.56
2025-11-16 15:30:21.271,1322,57689.57
2025-11-16 15:30:21.271,1323,57689.57
2025-11-16 15:30:21.271,1324,53477.48
2025-11-16 15:30:21.271,1325,57243.42
2025-11-16 15:30:21.271,1326,49151.41
2025-11-16 15:30:21.271,1327,59181.26
2025-11-16 15:30:21.271,1328,102402.48
2025-11-16 15:30:21.271,1329,58599.84
2025-11-16 15:30:21.271,1330,56803.11
2025-11-16 15:30:21.271,1331,49845.72
2025-11-16 15:30:21.271,1332,48895.18
2025-11-16 15:30:21.271,1333,63676.8
2025-11-16 15:30:21.271,1334,70346.52
2025-11-16 15:30:21.271,1335,73127.03
2025-11-16 15:30:21.271,1336,90021.7
2025-11-16 15:30:21.271,1337,90021.7
2025-11-16 15:30:21.271,1338,107238.9
2025-11-16 15:30:21.271,1339,56693.92
2025-11-16 15:30:21.271,1340,138280.8
2025-11-16 15:30:21.271,1341,331208.34
2025-11-16 15:30:21.271,1342,121579.19
2025-11-16 15:30:21.271,1343,121579.19
2025-11-16 15:30:21.271,1344,30309.35
2025-11-16 15:30:21.271,1345,30189.96
2025-11-16 15:30:21.271,1346,28773.39
2025-11-16 15:30:21.271,1347,29603.42
2025-11-16 15:30:21.271,1348,28299.01
2025-11-16 15:30:21.271,1349,28335.09
2025-11-16 15:30:21.271,1350,28119.63
2025-11-16 15:30:21.271,1351,28773.39
2025-11-16 15:30:21.271,1352,28480.09
2025-11-16 15:30:21.271,1353,27660.98
2025-11-16 15:30:21.271,1354,28810.36
2025-11-16 15:30:21.271,1355,28480.09
2025-11-16 15:30:21.271,1356,28407.46
2025-11-16 15:30:21.271,1357,28480.09
2025-11-16 15:30:21.271,1358,29603.42
2025-11-16 15:30:21.271,1359,28847.41
2025-11-16 15:30:21.271,1360,31543.36
2025-11-16 15:30:21.271,1361,28996.3
2025-11-16 15:30:21.271,1362,31040.83
2025-11-16 15:30:21.271,1363,30389.34
2025-11-16 15:30:21.271,1364,30958.25
2025-11-16 15:30:21.271,1365,31971.61
2025-11-16 15:30:21.271,1366,29526.5
2025-11-16 15:30:21.271,1367,32014.92
2025-11-16 15:30:21.271,1368,29526.5
2025-11-16 15:30:21.271,1369,26544.65
2025-11-16 15:30:21.271,1370,32900.21
2025-11-16 15:30:21.271,1371,30958.25
2025-11-16 15:30:21.271,1372,30309.35
2025-11-16 15:30:21.271,1373,30110.76
2025-11-16 15:30:21.271,1374,27977.33
2025-11-16 15:30:21.271,1375,31206.99
2025-11-16 15:30:21.271,1376,60132.29
2025-11-16 15:30:21.271,1377,28553.0
2025-11-16 15:30:21.271,1378,32145.38
2025-11-16 15:30:21.271,1379,28699.64
2025-11-16 15:30:21.271,1380,28810.36
2025-11-16 15:30:21.271,1381,35640.36
2025-11-16 15:30:21.271,1382,42658.5
2025-11-16 15:30:21.271,1383,44707.67
2025-11-16 15:30:21.271,1384,762705.19
2025-11-16 15:30:21.271,1385,49758.04
2025-11-16 15:30:21.271,1386,64756.17
2025-11-16 15:30:21.271,1387,29992.53
2025-11-16 15:30:21.271,1388,83177.96
2025-11-16 15:30:21.271,1389,213700.14
2025-11-16 15:30:21.271,1390,77772.0
2025-11-16 15:30:21.271,1391,77772.0
2025-11-16 15:30:21.271,1392,33635.68
2025-11-16 15:30:21.271,1393,34445.18
2025-11-16 15:30:21.271,1394,33403.16
2025-11-16 15:30:21.271,1395,34060.55
2025-11-16 15:30:21.271,1396,32586.16
2025-11-16 15:30:21.271,1397,33036.22
2025-11-16 15:30:21.271,1398,32145.38
2025-11-16 15:30:21.271,1399,32675.42
2025-11-16 15:30:21.271,1400,32945.45
2025-11-16 15:30:21.271,1401,32189.05
2025-11-16 15:30:21.271,1402,33310.84
2025-11-16 15:30:21.271,1403,32320.6
2025-11-16 15:30:21.271,1404,32945.45
2025-11-16 15:30:21.271,1405,32900.21
2025-11-16 15:30:21.271,1406,33870.7
2025-11-16 15:30:21.271,1407,33495.87
2025-11-16 15:30:21.271,1408,36157.48
2025-11-16 15:30:21.271,1409,32675.42
2025-11-16 15:30:21.271,1410,36001.13
2025-11-16 15:30:21.271,1411,34156.08
2025-11-16 15:30:21.271,1412,35845.82
2025-11-16 15:30:21.271,1413,37669.63
2025-11-16 15:30:21.271,1414,34640.03
2025-11-16 15:30:21.271,1415,37558.35
2025-11-16 15:30:21.271,1416,34542.39
2025-11-16 15:30:21.271,1417,33310.84
2025-11-16 15:30:21.271,1418,38348.37
2025-11-16 15:30:21.271,1419,36157.48
2025-11-16 15:30:21.271,1420,35897.47
2025-11-16 15:30:21.271,1421,35742.86
2025-11-16 15:30:21.271,1422,33870.7
2025-11-16 15:30:21.271,1423,36686.43
2025-11-16 15:30:21.271,1424,70823.62
2025-11-16 15:30:21.271,1425,34396.74
2025-11-16 15:30:21.271,1426,38006.61
2025-11-16 15:30:21.271,1427,34300.16
2025-11-16 15:30:21.271,1428,34156.08
2025-11-16 15:30:21.271,1429,41075.0
2025-11-16 15:30:21.271,1430,51468.98
2025-11-16 15:30:21.271,1431,54582.74
2025-11-16 15:30:21.271,1432,734602.25
2025-11-16 15:30:21.271,1433,56912.64
2025-11-16 15:30:21.271,1434,76471.19
2025-11-16 15:30:21.271,1435,35691.55
2025-11-16 15:30:21.271,1436,97948.88
2025-11-16 15:30:21.271,1437,252439.11
2025-11-16 15:30:21.271,1438,90021.7
2025-11-16 15:30:21.271,1439,90021.7
2025-11-16 15:30:21.271,1440,37558.35
2025-11-16 15:30:21.271,1441,36793.67
2025-11-16 15:30:21.271,1442,35794.29
2025-11-16 15:30:21.271,1443,36847.48
2025-11-16 15:30:21.271,1444,35034.87
2025-11-16 15:30:21.271,1445,34935.51
2025-11-16 15:30:21.271,1446,35034.87
2025-11-16 15:30:21.271,1447,35640.36
2025-11-16 15:30:21.271,1448,35949.24
2025-11-16 15:30:21.271,1449,35084.71
2025-11-16 15:30:21.271,1450,35335.6
2025-11-16 15:30:21.271,1451,35640.36
2025-11-16 15:30:21.271,1452,35034.87
2025-11-16 15:30:21.271,1453,36053.13
2025-11-16 15:30:21.271,1454,36793.67
2025-11-16 15:30:21.271,1455,36262.32
2025-11-16 15:30:21.271,1456,38811.68
2025-11-16 15:30:21.271,1457,35034.87
2025-11-16 15:30:21.271,1458,38463.37
2025-11-16 15:30:21.271,1459,36686.43
2025-11-16 15:30:21.271,1460,39283.93
2025-11-16 15:30:21.271,1461,39765.37
2025-11-16 15:30:21.271,1462,36901.41
2025-11-16 15:30:21.271,1463,39343.6
2025-11-16 15:30:21.271,1464,36686.43
2025-11-16 15:30:21.271,1465,30999.5
2025-11-16 15:30:21.271,1466,40380.55
2025-11-16 15:30:21.271,1467,37781.43
2025-11-16 15:30:21.271,1468,36157.48
2025-11-16 15:30:21.271,1469,37502.91
2025-11-16 15:30:21.271,1470,33264.83
2025-11-16 15:30:21.271,1471,39523.48
2025-11-16 15:30:21.271,1472,68644.23
2025-11-16 15:30:21.271,1473,40380.55
2025-11-16 15:30:21.271,1474,38578.92
2025-11-16 15:30:21.271,1475,32855.06
2025-11-16 15:30:21.271,1476,32855.06
2025-11-16 15:30:21.271,1477,42726.61
2025-11-16 15:30:21.271,1478,52029.78
2025-11-16 15:30:21.271,1479,51748.12
2025-11-16 15:30:21.271,1480,734602.25
2025-11-16 15:30:21.271,1481,60374.14
2025-11-16 15:30:21.271,1482,75565.37
2025-11-16 15:30:21.271,1483,37502.91
2025-11-16 15:30:21.271,1484,97948.88
2025-11-16 15:30:21.271,1485,228014.55
2025-11-16 15:30:21.271,1486,93571.2
2025-11-16 15:30:21.271,1487,93571.2
2025-11-16 15:30:21.271,1488,29449.88
2025-11-16 15:30:21.271,1489,28699.64
2025-11-16 15:30:21.271,1490,27556.69
2025-11-16 15:30:21.271,1491,28699.64
2025-11-16 15:30:21.271,1492,27111.36
2025-11-16 15:30:21.271,1493,27213.2
2025-11-16 15:30:21.271,1494,27179.19
2025-11-16 15:30:21.271,1495,27418.54
2025-11-16 15:30:21.271,1496,27695.87
2025-11-16 15:30:21.271,1497,27213.2
2025-11-16 15:30:21.271,1498,27349.84
2025-11-16 15:30:21.271,1499,27626.15
2025-11-16 15:30:21.271,1500,27591.39
2025-11-16 15:30:21.271,1501,27695.87
2025-11-16 15:30:21.271,1502,28443.74
2025-11-16 15:30:21.271,1503,27730.82
2025-11-16 15:30:21.271,1504,30150.32
2025-11-16 15:30:21.271,1505,26283.89
2025-11-16 15:30:21.271,1506,30229.68
2025-11-16 15:30:21.271,1507,28335.09
2025-11-16 15:30:21.271,1508,30071.27
2025-11-16 15:30:21.271,1509,30999.5
2025-11-16 15:30:21.271,1510,28773.39
2025-11-16 15:30:21.271,1511,30958.25
2025-11-16 15:30:21.271,1512,28847.41
2025-11-16 15:30:21.271,1513,26577.51
2025-11-16 15:30:21.271,1514,31971.61
2025-11-16 15:30:21.271,1515,29992.53
2025-11-16 15:30:21.271,1516,28773.39
2025-11-16 15:30:21.271,1517,29564.92
2025-11-16 15:30:21.271,1518,25710.52
2025-11-16 15:30:21.271,1519,30794.08
2025-11-16 15:30:21.271,1520,56912.64
2025-11-16 15:30:21.271,1521,26219.28
2025-11-16 15:30:21.271,1522,31206.99
2025-11-16 15:30:21.271,1523,26283.89
2025-11-16 15:30:21.271,1524,26251.55
2025-11-16 15:30:21.271,1525,34108.26
2025-11-16 15:30:21.271,1526,41788.82
2025-11-16 15:30:21.271,1527,45907.83
2025-11-16 15:30:21.271,1528,734602.25
2025-11-16 15:30:21.271,1529,48389.29
2025-11-16 15:30:21.271,1530,57802.03
2025-11-16 15:30:21.271,1531,28699.64
2025-11-16 15:30:21.271,1532,82335.49
2025-11-16 15:30:21.271,1533,183998.22
2025-11-16 15:30:21.271,1534,71144.84
2025-11-16 15:30:21.271,1535,71144.84
2025-11-16 15:30:21.271,1536,26090.74
2025-11-16 15:30:21.271,1537,26090.74
2025-11-16 15:30:21.271,1538,26090.74
2025-11-16 15:30:21.271,1539,26090.74
2025-11-16 15:30:21.271,1540,26090.74
2025-11-16 15:30:21.271,1541,26090.74
2025-11-16 15:30:21.271,1542,26090.74
2025-11-16 15:30:21.271,1543,26090.74
2025-11-16 15:30:21.271,1544,26090.74
2025-11-16 15:30:21.271,1545,26090.74
2025-11-16 15:30:21.271,1546,26090.74
2025-11-16 15:30:21.271,1547,26090.74
2025-11-16 15:30:21.271,1548,26090.74
2025-11-16 15:30:21.271,1549,26090.74
2025-11-16 15:30:21.271,1550,26090.74
2025-11-16 15:30:21.271,1551,26090.74
2025-11-16 15:30:21.271,1552,26090.74
2025-11-16 15:30:21.271,1553,26090.74
2025-11-16 15:30:21.271,1554,26090.74
2025-11-16 15:30:21.271,1555,26090.74
2025-11-16 15:30:21.271,1556,26090.74
2025-11-16 15:30:21.271,1557,26090.74
2025-11-16 15:30:21.271,1558,26090.74
2025-11-16 15:30:21.271,1559,26090.74
2025-11-16 15:30:21.271,1560,26090.74
2025-11-16 15:30:21.271,1561,26090.74
2025-11-16 15:30:21.271,1562,26090.74
2025-11-16 15:30:21.271,1563,26090.74
2025-11-16 15:30:21.271,1564,26090.74
2025-11-16 15:30:21.271,1565,26090.74
2025-11-16 15:30:21.271,1566,26090.74
2025-11-16 15:30:21.271,1567,26090.74
2025-11-16 15:30:21.271,1568,26090.74
2025-11-16 15:30:21.271,1569,26090.74
2025-11-16 15:30:21.271,1570,26090.74
2025-11-16 15:30:21.271,1571,26090.74
2025-11-16 15:30:21.271,1572,26090.74
2025-11-16 15:30:21.271,1573,26090.74
2025-11-16 15:30:21.271,1574,26090.74
2025-11-16 15:30:21.271,1575,26090.74
2025-11-16 15:30:21.271,1576,26090.74
2025-11-16 15:30:21.271,1577,26090.74
2025-11-16 15:30:21.271,1578,26090.74
2025-11-16 15:30:21.271,1579,26090.74
2025-11-16 15:30:21.271,1580,26090.74
2025-11-16 15:30:21.271,1581,26090.74
2025-11-16 15:30:21.271,1582,26090.74
2025-11-16 15:30:21.271,1583,26090.74
2025-11-16 15:30:21.271,1584,26090.74
2025-11-16 15:30:21.271,1585,26154.89
2025-11-16 15:30:21.271,1586,24883.55
2025-11-16 15:30:21.271,1587,25710.52
2025-11-16 15:30:21.271,1588,24324.12
2025-11-16 15:30:21.271,1589,24324.12
2025-11-16 15:30:21.271,1590,24586.87
2025-11-16 15:30:21.271,1591,24645.8
2025-11-16 15:30:21.271,1592,24616.31
2025-11-16 15:30:21.271,1593,24498.84
2025-11-16 15:30:21.271,1594,24675.34
2025-11-16 15:30:21.271,1595,24616.31
2025-11-16 15:30:21.271,1596,24557.47
2025-11-16 15:30:21.271,1597,24675.34
2025-11-16 15:30:21.271,1598,25710.52
2025-11-16 15:30:21.271,1599,24675.34
2025-11-16 15:30:21.271,1600,27043.79
2025-11-16 15:30:21.271,1601,24151.15
2025-11-16 15:30:21.271,1602,26842.51
2025-11-16 15:30:21.271,1603,25094.26
2025-11-16 15:30:21.271,1604,26809.18
2025-11-16 15:30:21.271,1605,27281.39
2025-11-16 15:30:21.271,1606,25773.33
2025-11-16 15:30:21.271,1607,28227.06
2025-11-16 15:30:21.271,1608,25773.33
2025-11-16 15:30:21.271,1609,24036.8
2025-11-16 15:30:21.271,1610,28996.3
2025-11-16 15:30:21.271,1611,26610.43
2025-11-16 15:30:21.271,1612,25963.11
2025-11-16 15:30:21.271,1613,26809.18
2025-11-16 15:30:21.271,1614,24036.8
2025-11-16 15:30:21.271,1615,27556.69
2025-11-16 15:30:21.271,1616,52793.59
2025-11-16 15:30:21.271,1617,24557.47
2025-11-16 15:30:21.271,1618,28371.24
2025-11-16 15:30:21.271,1619,24794.01
2025-11-16 15:30:21.271,1620,24324.12
2025-11-16 15:30:21.271,1621,31374.49
2025-11-16 15:30:21.271,1622,40630.89
2025-11-16 15:30:21.271,1623,38753.28
2025-11-16 15:30:21.271,1624,777567.38
2025-11-16 15:30:21.271,1625,44707.67
2025-11-16 15:30:21.271,1626,57802.03
2025-11-16 15:30:21.271,1627,27077.54
2025-11-16 15:30:21.271,1628,79112.48
2025-11-16 15:30:21.271,1629,168739.63
2025-11-16 15:30:21.271,1630,70663.95
2025-11-16 15:30:21.271,1631,70663.95
2025-11-16 15:30:21.271,1632,24734.57
2025-11-16 15:30:21.271,1633,25033.8
2025-11-16 15:30:21.271,1634,24151.15
2025-11-16 15:30:21.271,1635,24675.34
2025-11-16 15:30:21.271,1636,23202.91
2025-11-16 15:30:21.271,1637,23148.76
2025-11-16 15:30:21.271,1638,23284.46
2025-11-16 15:30:21.271,1639,23421.27
2025-11-16 15:30:21.271,1640,23642.52
2025-11-16 15:30:21.271,1641,23421.27
2025-11-16 15:30:21.271,1642,23284.46
2025-11-16 15:30:21.271,1643,23421.27
2025-11-16 15:30:21.271,1644,23366.42
2025-11-16 15:30:21.271,1645,23642.52
2025-11-16 15:30:21.271,1646,24122.49
2025-11-16 15:30:21.271,1647,23311.73
2025-11-16 15:30:21.271,1648,25461.45
2025-11-16 15:30:21.271,1649,22357.16
2025-11-16 15:30:21.271,1650,24586.87
2025-11-16 15:30:21.271,1651,23257.23
2025-11-16 15:30:21.271,1652,25124.57
2025-11-16 15:30:21.271,1653,26058.75
2025-11-16 15:30:21.271,1654,23810.38
2025-11-16 15:30:21.271,1655,26026.81
2025-11-16 15:30:21.271,1656,23894.93
2025-11-16 15:30:21.271,1657,21358.47
2025-11-16 15:30:21.271,1658,26283.89
2025-11-16 15:30:21.271,1659,24382.16
2025-11-16 15:30:21.271,1660,20464.99
2025-11-16 15:30:21.271,1661,24557.47
2025-11-16 15:30:21.271,1662,16982.88
2025-11-16 15:30:21.271,1663,25773.33
2025-11-16 15:30:21.271,1664,45002.86
2025-11-16 15:30:21.271,1665,26283.89
2025-11-16 15:30:21.271,1666,25154.93
2025-11-16 15:30:21.271,1667,19816.52
2025-11-16 15:30:21.271,1668,16420.69
2025-11-16 15:30:21.271,1669,28119.63
2025-11-16 15:30:21.271,1670,34252.03
2025-11-16 15:30:21.271,1671,37669.63
2025-11-16 15:30:21.271,1672,661350.38
2025-11-16 15:30:21.271,1673,41526.96
2025-11-16 15:30:21.271,1674,47484.0
2025-11-16 15:30:21.271,1675,24208.61
2025-11-16 15:30:21.271,1676,71144.84
2025-11-16 15:30:21.271,1677,151134.84
2025-11-16 15:30:21.271,1678,63411.8
2025-11-16 15:30:21.271,1679,63411.8
2025-11-16 15:30:21.271,1680,34300.16
2025-11-16 15:30:21.271,1681,34060.55
2025-11-16 15:30:21.271,1682,32900.21
2025-11-16 15:30:21.271,1683,33870.7
2025-11-16 15:30:21.271,1684,31971.61
2025-11-16 15:30:21.271,1685,32145.38
2025-11-16 15:30:21.271,1686,32145.38
2025-11-16 15:30:21.271,1687,32586.16
2025-11-16 15:30:21.271,1688,32320.6
2025-11-16 15:30:21.271,1689,32058.32
2025-11-16 15:30:21.271,1690,32541.67
2025-11-16 15:30:21.271,1691,32586.16
2025-11-16 15:30:21.271,1692,32232.81
2025-11-16 15:30:21.271,1693,32320.6
2025-11-16 15:30:21.271,1694,33635.68
2025-11-16 15:30:21.271,1695,32765.05
2025-11-16 15:30:21.271,1696,34396.74
2025-11-16 15:30:21.271,1697,29992.53
2025-11-16 15:30:21.271,1698,34445.18
2025-11-16 15:30:21.271,1699,31374.49
2025-11-16 15:30:21.271,1700,34348.4
2025-11-16 15:30:21.271,1701,35845.82
2025-11-16 15:30:21.271,1702,33495.87
2025-11-16 15:30:21.271,1703,35742.86
2025-11-16 15:30:21.271,1704,33310.84
2025-11-16 15:30:21.271,1705,29914.1
2025-11-16 15:30:21.271,1706,36579.68
2025-11-16 15:30:21.271,1707,33776.39
2025-11-16 15:30:21.271,1708,31585.79
2025-11-16 15:30:21.271,1709,34108.26
2025-11-16 15:30:21.271,1710,28921.71
2025-11-16 15:30:21.271,1711,35234.91
2025-11-16 15:30:21.271,1712,56912.64
2025-11-16 15:30:21.271,1713,36157.48
2025-11-16 15:30:21.271,1714,35134.67
2025-11-16 15:30:21.271,1715,30389.34
2025-11-16 15:30:21.271,1716,27077.54
2025-11-16 15:30:21.271,1717,39523.48
2025-11-16 15:30:21.271,1718,48641.14
2025-11-16 15:30:21.271,1719,45754.95
2025-11-16 15:30:21.271,1720,566776.38
2025-11-16 15:30:21.271,1721,56046.25
2025-11-16 15:30:21.271,1722,62370.57
2025-11-16 15:30:21.271,1723,34156.08
2025-11-16 15:30:21.271,1724,93309.35
2025-11-16 15:30:21.271,1725,194675.0
2025-11-16 15:30:21.271,1726,82965.91
2025-11-16 15:30:21.271,1727,82965.91
2025-11-16 15:30:21.271,1728,27349.84
2025-11-16 15:30:21.271,1729,27281.39
2025-11-16 15:30:21.271,1730,26090.74
2025-11-16 15:30:21.271,1731,26610.43
2025-11-16 15:30:21.271,1732,25585.55
2025-11-16 15:30:21.271,1733,25461.45
2025-11-16 15:30:21.271,1734,25554.44
2025-11-16 15:30:21.271,1735,25461.45
2025-11-16 15:30:21.271,1736,25710.52
2025-11-16 15:30:21.271,1737,25461.45
2025-11-16 15:30:21.271,1738,25554.44
2025-11-16 15:30:21.271,1739,25679.2
2025-11-16 15:30:21.271,1740,25585.55
2025-11-16 15:30:21.271,1741,25647.93
2025-11-16 15:30:21.271,1742,26381.24
2025-11-16 15:30:21.271,1743,25836.37
2025-11-16 15:30:21.271,1744,27626.15
2025-11-16 15:30:21.271,1745,24208.61
2025-11-16 15:30:21.271,1746,27281.39
2025-11-16 15:30:21.271,1747,23923.21
2025-11-16 15:30:21.271,1748,27695.87
2025-11-16 15:30:21.271,1749,28736.48
2025-11-16 15:30:21.271,1750,26577.51
2025-11-16 15:30:21.271,1751,28407.46
2025-11-16 15:30:21.271,1752,26187.06
2025-11-16 15:30:21.271,1753,22987.37
2025-11-16 15:30:21.271,1754,28996.3
2025-11-16 15:30:21.271,1755,26742.69
2025-11-16 15:30:21.271,1756,23366.42
2025-11-16 15:30:21.271,1757,27010.09
2025-11-16 15:30:21.271,1758,20625.75
2025-11-16 15:30:21.271,1759,28227.06
2025-11-16 15:30:21.271,1760,49065.75
2025-11-16 15:30:21.271,1761,28407.46
2025-11-16 15:30:21.271,1762,27765.84
2025-11-16 15:30:21.271,1763,20788.21
2025-11-16 15:30:21.271,1764,20648.86
2025-11-16 15:30:21.271,1765,30876.0
2025-11-16 15:30:21.271,1766,38463.37
2025-11-16 15:30:21.271,1767,40820.27
2025-11-16 15:30:21.271,1768,661350.38
2025-11-16 15:30:21.271,1769,45602.89
2025-11-16 15:30:21.271,1770,52600.88
2025-11-16 15:30:21.271,1771,27556.69
2025-11-16 15:30:21.271,1772,80095.27
2025-11-16 15:30:21.271,1773,162702.02
2025-11-16 15:30:21.271,1774,70663.95
2025-11-16 15:30:21.271,1775,70663.95
2025-11-16 15:30:21.271,1776,27077.54
2025-11-16 15:30:21.271,1777,26809.18
2025-11-16 15:30:21.271,1778,25931.34
2025-11-16 15:30:21.271,1779,26413.8
2025-11-16 15:30:21.271,1780,25094.26
2025-11-16 15:30:21.271,1781,25215.81
2025-11-16 15:30:21.271,1782,25276.9
2025-11-16 15:30:21.271,1783,25307.53
2025-11-16 15:30:21.271,1784,25215.81
2025-11-16 15:30:21.271,1785,25154.93
2025-11-16 15:30:21.271,1786,25094.26
2025-11-16 15:30:21.271,1787,25276.9
2025-11-16 15:30:21.271,1788,25215.81
2025-11-16 15:30:21.271,1789,25461.45
2025-11-16 15:30:21.271,1790,26090.74
2025-11-16 15:30:21.271,1791,25647.93
2025-11-16 15:30:21.271,1792,27247.26
2025-11-16 15:30:21.271,1793,23810.38
2025-11-16 15:30:21.271,1794,26942.87
2025-11-16 15:30:21.271,1795,24557.47
2025-11-16 15:30:21.271,1796,27043.79
2025-11-16 15:30:21.271,1797,28227.06
2025-11-16 15:30:21.271,1798,26026.81
2025-11-16 15:30:21.271,1799,27836.08
2025-11-16 15:30:21.271,1800,25963.11
2025-11-16 15:30:21.271,1801,23094.79
2025-11-16 15:30:21.271,1802,28553.0
2025-11-16 15:30:21.271,1803,26544.65
2025-11-16 15:30:21.271,1804,24151.15
2025-11-16 15:30:21.271,1805,26742.69
2025-11-16 15:30:21.271,1806,21504.34
2025-11-16 15:30:21.271,1807,27695.87
2025-11-16 15:30:21.271,1808,48980.34
2025-11-16 15:30:21.271,1809,28263.01
2025-11-16 15:30:21.271,1810,27556.69
2025-11-16 15:30:21.271,1811,20741.61
2025-11-16 15:30:21.271,1812,20419.37
2025-11-16 15:30:21.271,1813,30590.71
2025-11-16 15:30:21.271,1814,38870.21
2025-11-16 15:30:21.271,1815,39165.01
2025-11-16 15:30:21.271,1816,696081.88
2025-11-16 15:30:21.271,1817,44634.36
2025-11-16 15:30:21.271,1818,51654.79
2025-11-16 15:30:21.271,1819,26283.89
2025-11-16 15:30:21.271,1820,71631.49
2025-11-16 15:30:21.271,1821,153715.0
2025-11-16 15:30:21.271,1822,67012.48
2025-11-16 15:30:21.271,1823,67012.48
2025-11-16 15:30:21.271,1824,33127.38
2025-11-16 15:30:21.271,1825,32058.32
2025-11-16 15:30:21.271,1826,31501.02
2025-11-16 15:30:21.271,1827,32320.6
2025-11-16 15:30:21.271,1828,30876.0
2025-11-16 15:30:21.271,1829,30876.0
2025-11-16 15:30:21.271,1830,31040.83
2025-11-16 15:30:21.271,1831,31040.83
2025-11-16 15:30:21.271,1832,31040.83
2025-11-16 15:30:21.271,1833,30835.0
2025-11-16 15:30:21.271,1834,30958.25
2025-11-16 15:30:21.271,1835,31416.58
2025-11-16 15:30:21.271,1836,30671.81
2025-11-16 15:30:21.271,1837,31206.99
2025-11-16 15:30:21.271,1838,31885.26
2025-11-16 15:30:21.271,1839,31206.99
2025-11-16 15:30:21.271,1840,33449.47
2025-11-16 15:30:21.271,1841,29297.52
2025-11-16 15:30:21.271,1842,33310.84
2025-11-16 15:30:21.271,1843,30876.0
2025-11-16 15:30:21.271,1844,33542.38
2025-11-16 15:30:21.271,1845,34156.08
2025-11-16 15:30:21.271,1846,32058.32
2025-11-16 15:30:21.271,1847,34640.03
2025-11-16 15:30:21.271,1848,32232.81
2025-11-16 15:30:21.271,1849,28335.09
2025-11-16 15:30:21.271,1850,35134.67
2025-11-16 15:30:21.271,1851,32232.81
2025-11-16 15:30:21.271,1852,30389.34
2025-11-16 15:30:21.271,1853,32232.81
2025-11-16 15:30:21.271,1854,26742.69
2025-11-16 15:30:21.271,1855,34252.03
2025-11-16 15:30:21.271,1856,54176.42
2025-11-16 15:30:21.271,1857,30150.32
2025-11-16 15:30:21.271,1858,34300.16
2025-11-16 15:30:21.271,1859,27977.33
2025-11-16 15:30:21.271,1860,27836.08
2025-11-16 15:30:21.271,1861,37558.35
2025-11-16 15:30:21.271,1862,46293.73
2025-11-16 15:30:21.271,1863,48139.58
2025-11-16 15:30:21.271,1864,900097.25
2025-11-16 15:30:21.271,1865,53182.58
2025-11-16 15:30:21.271,1866,56476.62
2025-11-16 15:30:21.271,1867,32855.06
2025-11-16 15:30:21.271,1868,86251.47
2025-11-16 15:30:21.271,1869,178630.77
2025-11-16 15:30:21.271,1870,78725.33
2025-11-16 15:30:21.271,1871,78725.33
2025-11-16 15:30:21.271,1872,28119.63
2025-11-16 15:30:21.271,1873,27765.84
2025-11-16 15:30:21.271,1874,26610.43
2025-11-16 15:30:21.271,1875,27384.16
2025-11-16 15:30:21.271,1876,25994.93
2025-11-16 15:30:21.271,1877,26348.73
2025-11-16 15:30:21.271,1878,26316.28
2025-11-16 15:30:21.271,1879,26348.73
2025-11-16 15:30:21.271,1880,25963.11
2025-11-16 15:30:21.271,1881,25994.93
2025-11-16 15:30:21.271,1882,25647.93
2025-11-16 15:30:21.271,1883,26348.73
2025-11-16 15:30:21.271,1884,26058.75
2025-11-16 15:30:21.271,1885,26154.89
2025-11-16 15:30:21.271,1886,26875.9
2025-11-16 15:30:21.271,1887,26544.65
2025-11-16 15:30:21.271,1888,28407.46
2025-11-16 15:30:21.271,1889,25064.0
2025-11-16 15:30:21.271,1890,28155.37
2025-11-16 15:30:21.271,1891,25963.11
2025-11-16 15:30:21.271,1892,28299.01
2025-11-16 15:30:21.271,1893,29411.68
2025-11-16 15:30:21.271,1894,27145.25
2025-11-16 15:30:21.271,1895,29146.33
2025-11-16 15:30:21.271,1896,27111.36
2025-11-16 15:30:21.271,1897,22152.38
2025-11-16 15:30:21.271,1898,29719.36
2025-11-16 15:30:21.271,1899,27556.69
2025-11-16 15:30:21.271,1900,24645.8
2025-11-16 15:30:21.271,1901,27800.93
2025-11-16 15:30:21.271,1902,20170.86
2025-11-16 15:30:21.271,1903,28958.97
2025-11-16 15:30:21.271,1904,48725.57
2025-11-16 15:30:21.271,1905,27145.25
2025-11-16 15:30:21.271,1906,28773.39
2025-11-16 15:30:21.271,1907,22774.6
2025-11-16 15:30:21.271,1908,22434.62
2025-11-16 15:30:21.271,1909,31885.26
2025-11-16 15:30:21.271,1910,39343.6
2025-11-16 15:30:21.271,1911,41920.75
2025-11-16 15:30:21.271,1912,696081.88
2025-11-16 15:30:21.271,1913,46061.56
2025-11-16 15:30:21.271,1914,51841.71
2025-11-16 15:30:21.271,1915,27730.82
2025-11-16 15:30:21.271,1916,79112.48
2025-11-16 15:30:21.271,1917,161255.75
2025-11-16 15:30:21.271,1918,71306.41
2025-11-16 15:30:21.271,1919,71306.41
2025-11-16 15:30:21.271,1920,900097.25
2025-11-16 15:30:21.271,1921,900097.25
2025-11-16 15:30:21.271,1922,592227.94
2025-11-16 15:30:21.271,1923,793012.25
2025-11-16 15:30:21.271,1924,684112.31
2025-11-16 15:30:21.271,1925,777567.38
2025-11-16 15:30:21.271,1926,988899.38
2025-11-16 15:30:21.271,1927,672541.69
2025-11-16 15:30:21.271,1928,942433.13
2025-11-16 15:30:21.271,1929,684112.31
2025-11-16 15:30:21.271,1930,880309.75
2025-11-16 15:30:21.271,1931,942433.13
2025-11-16 15:30:21.271,1932,861364.44
2025-11-16 15:30:21.271,1933,900097.25
2025-11-16 15:30:21.271,1934,988899.38
2025-11-16 15:30:21.271,1935,825793.38
2025-11-16 15:30:21.271,1936,777567.38
2025-11-16 15:30:21.271,1937,861364.44
2025-11-16 15:30:21.271,1938,988899.38
2025-11-16 15:30:21.271,1939,721303.56
2025-11-16 15:30:21.271,1940,942433.13
2025-11-16 15:30:21.271,1941,988899.38
2025-11-16 15:30:21.271,1942,965113.19
2025-11-16 15:30:21.271,1943,672541.69
2025-11-16 15:30:21.271,1944,843208.31
2025-11-16 15:30:21.271,1945,684112.31
2025-11-16 15:30:21.271,1946,942433.13
2025-11-16 15:30:21.271,1947,762705.19
2025-11-16 15:30:21.271,1948,583498.19
2025-11-16 15:30:21.271,1949,900097.25
2025-11-16 15:30:21.271,1950,661350.38
2025-11-16 15:30:21.271,1951,661350.38
2025-11-16 15:30:21.271,1952,640033.69
2025-11-16 15:30:21.271,1953,734602.25
2025-11-16 15:30:21.271,1954,734602.25
2025-11-16 15:30:21.271,1955,672541.69
2025-11-16 15:30:21.271,1956,672541.69
2025-11-16 15:30:21.271,1957,793012.25
2025-11-16 15:30:21.271,1958,942433.13
2025-11-16 15:30:21.271,1959,793012.25
2025-11-16 15:30:21.271,1960,861364.44
2025-11-16 15:30:21.271,1961,861364.44
2025-11-16 15:30:21.271,1962,387544.88
2025-11-16 15:30:21.271,1963,640033.69
2025-11-16 15:30:21.271,1964,32945.45
2025-11-16 15:30:21.271,1965,32945.45
2025-11-16 15:30:21.271,1966,32945.45
2025-11-16 15:30:21.271,1967,32945.45
2025-11-16 15:30:21.271,1968,32945.45
2025-11-16 15:30:21.271,1969,32945.45
2025-11-16 15:30:21.271,1970,31885.26
2025-11-16 15:30:21.271,1971,32189.05
2025-11-16 15:30:21.271,1972,30753.24
2025-11-16 15:30:21.271,1973,30876.0
2025-11-16 15:30:21.271,1974,30876.0
2025-11-16 15:30:21.271,1975,31332.49
2025-11-16 15:30:21.271,1976,31248.74
2025-11-16 15:30:21.271,1977,30631.22
2025-11-16 15:30:21.271,1978,30917.09
2025-11-16 15:30:21.271,1979,30958.25
2025-11-16 15:30:21.271,1980,30631.22
2025-11-16 15:30:21.271,1981,31040.83
2025-11-16 15:30:21.271,1982,32058.32
2025-11-16 15:30:21.271,1983,31374.49
2025-11-16 15:30:21.271,1984,33495.87
2025-11-16 15:30:21.271,1985,29953.28
2025-11-16 15:30:21.271,1986,33403.16
2025-11-16 15:30:21.271,1987,30835.0
2025-11-16 15:30:21.271,1988,33449.47
2025-11-16 15:30:21.271,1989,34640.03
2025-11-16 15:30:21.271,1990,32232.81
2025-11-16 15:30:21.271,1991,34493.74
2025-11-16 15:30:21.271,1992,32145.38
2025-11-16 15:30:21.271,1993,28191.18
2025-11-16 15:30:21.271,1994,34348.4
2025-11-16 15:30:21.271,1995,31928.39
2025-11-16 15:30:21.271,1996,29992.53
2025-11-16 15:30:21.271,1997,32320.6
2025-11-16 15:30:21.271,1998,25461.45
2025-11-16 15:30:21.271,1999,34060.55
2025-11-16 15:30:21.271,2000,54176.42
2025-11-16 15:30:21.271,2001,33682.49
2025-11-16 15:30:21.271,2002,33682.49
2025-11-16 15:30:21.271,2003,27247.26
2025-11-16 15:30:21.271,2004,27179.19
2025-11-16 15:30:21.271,2005,37009.64
2025-11-16 15:30:21.271,2006,46216.13
2025-11-16 15:30:21.271,2007,47322.41
2025-11-16 15:30:21.271,2008,920784.13
2025-11-16 15:30:21.271,2009,53280.57
2025-11-16 15:30:21.271,2010,54994.24
2025-11-16 15:30:21.271,2011,32320.6
2025-11-16 15:30:21.271,2012,86707.14
2025-11-16 15:30:21.271,2013,178630.77
2025-11-16 15:30:21.271,2014,76838.91
2025-11-16 15:30:21.271,2015,76838.91
2025-11-16 15:30:21.271,2016,965113.19
2025-11-16 15:30:21.271,2017,721303.56
2025-11-16 15:30:21.271,2018,861364.44
2025-11-16 15:30:21.271,2019,661350.38
2025-11-16 15:30:21.271,2020,900097.25
2025-11-16 15:30:21.271,2021,777567.38
2025-11-16 15:30:21.271,2022,988899.38
2025-11-16 15:30:21.271,2023,762705.19
2025-11-16 15:30:21.271,2024,900097.25
2025-11-16 15:30:21.271,2025,825793.38
2025-11-16 15:30:21.271,2026,900097.25
2025-11-16 15:30:21.271,2027,734602.25
2025-11-16 15:30:21.271,2028,640033.69
2025-11-16 15:30:21.271,2029,793012.25
2025-11-16 15:30:21.271,2030,661350.38
2025-11-16 15:30:21.271,2031,640033.69
2025-11-16 15:30:21.271,2032,942433.13
2025-11-16 15:30:21.271,2033,861364.44
2025-11-16 15:30:21.271,2034,684112.31
2025-11-16 15:30:21.271,2035,734602.25
2025-11-16 15:30:21.271,2036,762705.19
2025-11-16 15:30:21.271,2037,942433.13
2025-11-16 15:30:21.271,2038,762705.19
2025-11-16 15:30:21.271,2039,900097.25
2025-11-16 15:30:21.271,2040,793012.25
2025-11-16 15:30:21.271,2041,762705.19
2025-11-16 15:30:21.271,2042,942433.13
2025-11-16 15:30:21.271,2043,861364.44
2025-11-16 15:30:21.271,2044,748393.56
2025-11-16 15:30:21.271,2045,734602.25
2025-11-16 15:30:21.271,2046,734602.25
2025-11-16 15:30:21.271,2047,900097.25
2025-11-16 15:30:21.271,2048,880309.75
2025-11-16 15:30:21.271,2049,942433.13
2025-11-16 15:30:21.271,2050,861364.44
2025-11-16 15:30:21.271,2051,861364.44
2025-11-16 15:30:21.271,2052,793012.25
2025-11-16 15:30:21.271,2053,721303.56
2025-11-16 15:30:21.271,2054,900097.25
2025-11-16 15:30:21.271,2055,988899.38
2025-11-16 15:30:21.271,2056,495554.03
2025-11-16 15:30:21.271,2057,495554.03
2025-11-16 15:30:21.271,2058,495554.03
2025-11-16 15:30:21.271,2059,793012.25
2025-11-16 15:30:21.271,2060,28407.46
2025-11-16 15:30:21.271,2061,28407.46
2025-11-16 15:30:21.271,2062,28407.46
2025-11-16 15:30:21.271,2063,28407.46
2025-11-16 15:30:21.271,2064,28407.46
2025-11-16 15:30:21.271,2065,27765.84
2025-11-16 15:30:21.271,2066,26942.87
2025-11-16 15:30:21.271,2067,27626.15
2025-11-16 15:30:21.271,2068,26219.28
2025-11-16 15:30:21.271,2069,26809.18
2025-11-16 15:30:21.271,2070,26709.53
2025-11-16 15:30:21.271,2071,26775.9
2025-11-16 15:30:21.271,2072,26809.18
2025-11-16 15:30:21.271,2073,26610.43
2025-11-16 15:30:21.271,2074,26742.69
2025-11-16 15:30:21.271,2075,26742.69
2025-11-16 15:30:21.271,2076,26577.51
2025-11-16 15:30:21.271,2077,26809.18
2025-11-16 15:30:21.271,2078,27349.84
2025-11-16 15:30:21.271,2079,26875.9
2025-11-16 15:30:21.271,2080,28263.01
2025-11-16 15:30:21.271,2081,22616.81
2025-11-16 15:30:21.271,2082,28958.97
2025-11-16 15:30:21.271,2083,25094.26
2025-11-16 15:30:21.271,2084,29071.17
2025-11-16 15:30:21.271,2085,30150.32
2025-11-16 15:30:21.271,2086,28263.01
2025-11-16 15:30:21.271,2087,30389.34
2025-11-16 15:30:21.271,2088,28407.46
2025-11-16 15:30:21.271,2089,26154.89
2025-11-16 15:30:21.271,2090,31290.57
2025-11-16 15:30:21.271,2091,28773.39
2025-11-16 15:30:21.271,2092,27660.98
2025-11-16 15:30:21.271,2093,28480.09
2025-11-16 15:30:21.271,2094,25338.2
2025-11-16 15:30:21.271,2095,29297.52
2025-11-16 15:30:21.271,2096,55411.0
2025-11-16 15:30:21.271,2097,30590.71
2025-11-16 15:30:21.271,2098,30309.35
2025-11-16 15:30:21.271,2099,26090.74
2025-11-16 15:30:21.271,2100,25585.55
2025-11-16 15:30:21.271,2101,32900.21
2025-11-16 15:30:21.271,2102,43698.91
2025-11-16 15:30:21.271,2103,43628.29
2025-11-16 15:30:21.271,2104,661350.38
2025-11-16 15:30:21.271,2105,46293.73
2025-11-16 15:30:21.271,2106,58255.64
2025-11-16 15:30:21.271,2107,28553.0
2025-11-16 15:30:21.271,2108,83177.96
2025-11-16 15:30:21.271,2109,177764.91
2025-11-16 15:30:21.271,2110,73637.78
2025-11-16 15:30:21.271,2111,73637.78
2025-11-16 15:30:21.271,2112,450099.75
2025-11-16 15:30:21.271,2113,425619.72
2025-11-16 15:30:21.271,2114,439984.91
2025-11-16 15:30:21.271,2115,450099.75
2025-11-16 15:30:21.271,2116,403612.41
2025-11-16 15:30:21.271,2117,439984.91
2025-11-16 15:30:21.271,2118,435092.38
2025-11-16 15:30:21.271,2119,455329.53
2025-11-16 15:30:21.271,2120,439984.91
2025-11-16 15:30:21.271,2121,403612.41
2025-11-16 15:30:21.271,2122,387544.88
2025-11-16 15:30:21.271,2123,425619.72
2025-11-16 15:30:21.271,2124,407834.16
2025-11-16 15:30:21.271,2125,412143.03
2025-11-16 15:30:21.271,2126,439984.91
2025-11-16 15:30:21.271,2127,407834.16
2025-11-16 15:30:21.271,2128,450099.75
2025-11-16 15:30:21.271,2129,395419.56
2025-11-16 15:30:21.271,2130,435092.38
2025-11-16 15:30:21.271,2131,439984.91
2025-11-16 15:30:21.271,2132,444986.13
2025-11-16 15:30:21.271,2133,471757.34
2025-11-16 15:30:21.271,2134,430305.09
2025-11-16 15:30:21.271,2135,444986.13
2025-11-16 15:30:21.271,2136,430305.09
2025-11-16 15:30:21.271,2137,379970.25
2025-11-16 15:30:21.271,2138,460679.59
2025-11-16 15:30:21.271,2139,439984.91
2025-11-16 15:30:21.271,2140,399475.0
2025-11-16 15:30:21.271,2141,435092.38
2025-11-16 15:30:21.271,2142,365654.84
2025-11-16 15:30:21.271,2143,403612.41
2025-11-16 15:30:21.271,2144,218701.81
2025-11-16 15:30:21.271,2145,403612.41
2025-11-16 15:30:21.271,2146,387544.88
2025-11-16 15:30:21.271,2147,342978.47
2025-11-16 15:30:21.271,2148,317555.0
2025-11-16 15:30:21.271,2149,387544.88
2025-11-16 15:30:21.271,2150,450099.75
2025-11-16 15:30:21.271,2151,395419.56
2025-11-16 15:30:21.271,2152,536008.31
2025-11-16 15:30:21.271,2153,536008.31
2025-11-16 15:30:21.271,2154,99982.53
2025-11-16 15:30:21.271,2155,395419.56
2025-11-16 15:30:21.271,2156,601218.31
2025-11-16 15:30:21.271,2157,460679.59
2025-11-16 15:30:21.271,2158,460679.59
2025-11-16 15:30:21.271,2159,460679.59
2025-11-16 15:30:21.271,2160,521823.06
2025-11-16 15:30:21.271,2161,483368.97
2025-11-16 15:30:21.271,2162,387544.88
2025-11-16 15:30:21.271,2163,430305.09
2025-11-16 15:30:21.271,2164,439984.91
2025-11-16 15:30:21.271,2165,450099.75
2025-11-16 15:30:21.271,2166,444986.13
2025-11-16 15:30:21.271,2167,450099.75
2025-11-16 15:30:21.271,2168,439984.91
2025-11-16 15:30:21.271,2169,435092.38
2025-11-16 15:30:21.271,2170,508356.06
2025-11-16 15:30:21.271,2171,508356.06
2025-11-16 15:30:21.271,2172,495554.03
2025-11-16 15:30:21.271,2173,483368.97
2025-11-16 15:30:21.271,2174,521823.06
2025-11-16 15:30:21.271,2175,471757.34
2025-11-16 15:30:21.271,2176,439984.91
2025-11-16 15:30:21.271,2177,508356.06
2025-11-16 15:30:21.271,2178,640033.69
2025-11-16 15:30:21.271,2179,508356.06
2025-11-16 15:30:21.271,2180,521823.06
2025-11-16 15:30:21.271,2181,592227.94
2025-11-16 15:30:21.271,2182,536008.31
2025-11-16 15:30:21.271,2183,483368.97
2025-11-16 15:30:21.271,2184,460679.59
2025-11-16 15:30:21.271,2185,521823.06
2025-11-16 15:30:21.271,2186,575017.88
2025-11-16 15:30:21.271,2187,550970.88
2025-11-16 15:30:21.271,2188,528822.38
2025-11-16 15:30:21.271,2189,477494.09
2025-11-16 15:30:21.271,2190,430305.09
2025-11-16 15:30:21.271,2191,550970.88
2025-11-16 15:30:21.271,2192,325612.69
2025-11-16 15:30:21.271,2193,521823.06
2025-11-16 15:30:21.271,2194,583498.19
2025-11-16 15:30:21.271,2195,528822.38
2025-11-16 15:30:21.271,2196,483368.97
2025-11-16 15:30:21.271,2197,550970.88
2025-11-16 15:30:21.271,2198,672541.69
2025-11-16 15:30:21.271,2199,708471.5
2025-11-16 15:30:21.271,2200,843208.31
2025-11-16 15:30:21.271,2201,843208.31
2025-11-16 15:30:21.271,2202,137745.05
2025-11-16 15:30:21.271,2203,536008.31
2025-11-16 15:30:21.271,2204,988899.38
2025-11-16 15:30:21.271,2205,988899.38
2025-11-16 15:30:21.271,2206,988899.38
2025-11-16 15:30:21.271,2207,988899.38
2025-11-16 15:30:21.271,2208,280371.47
2025-11-16 15:30:21.271,2209,280371.47
2025-11-16 15:30:21.271,2210,280371.47
2025-11-16 15:30:21.271,2211,280371.47
2025-11-16 15:30:21.271,2212,280371.47
2025-11-16 15:30:21.271,2213,280371.47
2025-11-16 15:30:21.271,2214,280371.47
2025-11-16 15:30:21.271,2215,280371.47
2025-11-16 15:30:21.271,2216,280371.47
2025-11-16 15:30:21.271,2217,280371.47
2025-11-16 15:30:21.271,2218,280371.47
2025-11-16 15:30:21.271,2219,280371.47
2025-11-16 15:30:21.271,2220,280371.47
2025-11-16 15:30:21.271,2221,280371.47
2025-11-16 15:30:21.271,2222,280371.47
2025-11-16 15:30:21.271,2223,280371.47
2025-11-16 15:30:21.271,2224,280371.47
2025-11-16 15:30:21.271,2225,280371.47
2025-11-16 15:30:21.271,2226,280371.47
2025-11-16 15:30:21.271,2227,280371.47
2025-11-16 15:30:21.271,2228,280371.47
2025-11-16 15:30:21.271,2229,280371.47
2025-11-16 15:30:21.271,2230,280371.47
2025-11-16 15:30:21.271,2231,280371.47
2025-11-16 15:30:21.271,2232,280371.47
2025-11-16 15:30:21.271,2233,280371.47
2025-11-16 15:30:21.271,2234,280371.47
2025-11-16 15:30:21.271,2235,280371.47
2025-11-16 15:30:21.271,2236,280371.47
2025-11-16 15:30:21.271,2237,280371.47
2025-11-16 15:30:21.271,2238,280371.47
2025-11-16 15:30:21.271,2239,280371.47
2025-11-16 15:30:21.271,2240,280371.47
2025-11-16 15:30:21.271,2241,280371.47
2025-11-16 15:30:21.271,2242,280371.47
2025-11-16 15:30:21.271,2243,280371.47
2025-11-16 15:30:21.271,2244,280371.47
2025-11-16 15:30:21.271,2245,280371.47
2025-11-16 15:30:21.271,2246,280371.47
2025-11-16 15:30:21.271,2247,280371.47
2025-11-16 15:30:21.271,2248,280371.47
2025-11-16 15:30:21.271,2249,280371.47
2025-11-16 15:30:21.271,2250,280371.47
2025-11-16 15:30:21.271,2251,280371.47
2025-11-16 15:30:21.271,2252,280371.47
2025-11-16 15:30:21.271,2253,280371.47
2025-11-16 15:30:21.271,2254,280371.47
2025-11-16 15:30:21.271,2255,280371.47
2025-11-16 15:30:21.271,2256,280371.47
2025-11-16 15:30:21.271,2257,325612.69
2025-11-16 15:30:21.271,2258,280371.47
2025-11-16 15:30:21.271,2259,284551.28
2025-11-16 15:30:21.271,2260,268514.44
2025-11-16 15:30:21.271,2261,257587.41
2025-11-16 15:30:21.271,2262,282446.44
2025-11-16 15:30:21.271,2263,261133.28
2025-11-16 15:30:21.271,2264,262941.66
2025-11-16 15:30:21.271,2265,264774.34
2025-11-16 15:30:21.271,2266,276308.56
2025-11-16 15:30:21.271,2267,261133.28
2025-11-16 15:30:21.271,2268,276308.56
2025-11-16 15:30:21.271,2269,288853.09
2025-11-16 15:30:21.271,2270,288853.09
2025-11-16 15:30:21.271,2271,238117.42
2025-11-16 15:30:21.271,2272,268514.44
2025-11-16 15:30:21.271,2273,238117.42
2025-11-16 15:30:21.271,2274,261133.28
2025-11-16 15:30:21.271,2275,252439.11
2025-11-16 15:30:21.271,2276,280371.47
2025-11-16 15:30:21.271,2277,280371.47
2025-11-16 15:30:21.271,2278,272357.75
2025-11-16 15:30:21.271,2279,264774.34
2025-11-16 15:30:21.271,2280,250766.73
2025-11-16 15:30:21.271,2281,238117.42
2025-11-16 15:30:21.271,2282,266631.75
2025-11-16 15:30:21.271,2283,255849.03
2025-11-16 15:30:21.271,2284,238117.42
2025-11-16 15:30:21.271,2285,250766.73
2025-11-16 15:30:21.271,2286,229407.17
2025-11-16 15:30:21.271,2287,270422.94
2025-11-16 15:30:21.271,2288,151772.23
2025-11-16 15:30:21.271,2289,268514.44
2025-11-16 15:30:21.271,2290,268514.44
2025-11-16 15:30:21.271,2291,232241.86
2025-11-16 15:30:21.271,2292,216173.34
2025-11-16 15:30:21.271,2293,261133.28
2025-11-16 15:30:21.271,2294,317555.0
2025-11-16 15:30:21.271,2295,328387.41
2025-11-16 15:30:21.271,2296,383721.19
2025-11-16 15:30:21.271,2297,383721.19
2025-11-16 15:30:21.271,2298,63943.71
2025-11-16 15:30:21.271,2299,235144.47
2025-11-16 15:30:21.271,2300,601218.31
2025-11-16 15:30:21.271,2301,521823.06
2025-11-16 15:30:21.271,2302,521823.06
2025-11-16 15:30:21.271,2303,521823.06
