Sensor_ID,Press_Count,Max_Resistance_Change_Ohms,Avg_Resistance_Change_Ohms,Baseline_Resistance_Ohms,Max_Resistance_Ohms,Avg_Resistance_Ohms,Min_Resistance_Ohms
1927,39,387681.06999999995,265584.8451282051,601218.31,988899.38,866803.1551282048,684112.31
1937,39,427429.94,301406.3482051281,515003.19,942433.13,816409.5382051279,661350.38
2034,38,341214.81999999995,247543.19421052618,601218.31,942433.13,848761.5042105264,684112.31
1939,38,437928.5,256340.45894736846,550970.88,988899.38,807311.3389473683,684112.31
1943,37,505530.41000000003,348471.03351351357,483368.97,988899.38,831840.0035135135,536008.31
2113,37,508653.62,221095.54999999993,391443.63,900097.25,612539.18,439984.91
2130,37,566143.04,254590.8283783783,376290.09,942433.13,630880.9183783781,421032.91
2185,37,623244.54,198021.0143243243,365654.84,988899.38,563675.8543243242,421032.91
1959,37,358934.94000000006,295196.17054054054,583498.19,942433.13,878694.3605405403,661350.38
2138,37,540813.88,229833.10648648647,379970.25,920784.13,609803.3564864864,421032.91
2017,36,422123.0,301817.3822222222,566776.38,988899.38,868593.762222222,661350.38
2054,36,267595.81999999995,240061.6958333333,721303.56,988899.38,961365.2558333334,861364.44
1245,36,243809.6299999999,237541.47361111103,721303.56,965113.19,958845.0336111111,843208.31
2152,36,493355.8499999999,305114.3072222222,471757.34,965113.19,776871.6472222223,521823.06
2153,36,493355.8499999999,305114.3072222222,471757.34,965113.19,776871.6472222223,521823.06
2139,36,612609.29,238976.4969444444,376290.09,988899.38,615266.5869444445,435092.38
1951,35,460077.0,321779.36485714285,528822.38,988899.38,850601.7448571428,583498.19
2025,35,437928.5,329696.99457142845,550970.88,988899.38,880667.8745714285,640033.69
2183,35,534598.97,237631.72514285715,407834.16,942433.13,645465.8851428571,450099.75
1212,35,605829.75,243905.7445714286,314954.38,920784.13,558860.1245714286,379970.25
2205,35,601354.5,509998.4751428571,387544.88,988899.38,897543.3551428572,672541.69
2206,35,601354.5,509998.4751428571,387544.88,988899.38,897543.3551428572,672541.69
2207,35,601354.5,509998.4751428571,387544.88,988899.38,897543.3551428572,672541.69
2140,34,434128.22,173444.0852941176,358884.03,793012.25,532328.1152941176,395419.56
2272,33,198335.72000000003,66258.91939393942,291051.47,489387.19,357310.3893939394,322883.13
2146,33,502480.4099999999,210122.78121212116,358884.03,861364.44,569006.8112121212,395419.56
2147,33,374394.81,165473.00848484845,334076.69,708471.5,499549.6984848485,369134.25
2301,33,195887.13,192596.53515151516,793012.25,988899.38,985608.7851515152,880309.75
1160,33,28126.42,16186.209090909095,79112.48,107238.9,95298.6890909091,87631.56
58,33,46519.990000000005,33343.12272727272,119906.74,166426.73,153249.86272727273,132592.78
88,33,509578.15,294079.00606060604,151772.23,661350.38,445851.2360606061,167191.02
1336,32,422123.0,298737.77,566776.38,988899.38,865514.15,661350.38
2122,32,517171.72000000003,276350.21906250005,403612.41,920784.13,679962.6290625,444986.13
1923,32,348865.69000000006,198828.17718750003,640033.69,988899.38,838861.8671875,708471.5
1291,32,486879.4,154793.04249999998,79896.98,566776.38,234690.0225,88573.8
2150,32,534598.97,266138.76375000004,407834.16,942433.13,673972.92375,450099.75
1226,32,608356.44,221241.10718750002,334076.69,942433.13,555317.7971874999,369134.25
1942,32,358934.94000000006,168591.28562500005,583498.19,942433.13,752089.475625,650520.19
2141,32,430773.62,207361.4765625,362238.63,793012.25,569600.1065625,412143.03
1953,32,405401.19000000006,295716.4403125001,583498.19,988899.38,879214.6303125,661350.38
116,32,37121.130000000005,18982.414062500004,84035.92,121157.05,103018.33406250001,94632.04
117,32,39241.17999999999,18449.046875,87167.16,126408.34,105616.206875,97948.88
39,32,36542.61,22225.77375,48810.25,85352.86,71036.02375,55097.93
44,32,46427.139999999985,26542.560312499994,87167.16,133594.3,113709.7203125,98522.22
45,32,606250.9,280028.28281249997,142142.66,748393.56,422170.9428125,182175.47
48,32,43412.82000000001,32506.649062500004,104608.9,148021.72,137115.5490625,123295.2
49,32,46457.630000000005,33473.77249999999,107915.35,154372.98,141389.1225,126408.34
50,32,47597.40000000001,28423.70718750001,125954.73,173552.13,154378.4371875,141018.91
52,32,48104.65999999999,28055.1834375,119086.36,167191.02,147141.54343750002,137745.05
56,32,44329.009999999995,29478.26843750001,122862.01,167191.02,152340.2784375,136685.03
62,32,65782.31,34223.5565625,126864.97,192647.28,161088.5265625,143859.97
68,32,80639.84999999999,37770.67906250001,125954.73,206594.58,163725.4090625,144441.03
69,32,56085.580000000016,34076.454375000016,133594.3,189679.88,167670.75437500002,150502.45
85,32,79881.35999999999,37055.039062499985,138820.45,218701.81,175875.4890625,155704.97
87,32,123984.57000000004,70224.2771875,162702.02,286686.59,232926.2971875,191648.39
93,32,644588.22,411765.5021875,297844.91,942433.13,709610.4121874999,430305.09
135,32,75293.15999999999,45202.885,103337.61,178630.77,148540.495,128722.46
136,32,894267.34,418495.55781250005,94632.04,988899.38,513127.5978125,128722.46
138,32,209956.31999999998,169931.9115625,193656.09,403612.41,363588.00156249997,213700.14
141,32,747736.04,457701.39093750005,241163.34,988899.38,698864.7309375,339960.47
183,32,39105.62,23658.423125,59416.6,98522.22,83075.023125,70983.91
189,32,734428.27,329923.1309374999,165668.98,900097.25,495592.1109375,268514.44
231,32,23709.059999999998,14597.947187499998,38405.8,62114.86,53003.747187500005,46843.01
1196,32,182090.93,103656.40718749998,205453.95,387544.88,309110.3571875,229407.17
1292,32,729949.44,343762.59906250006,212483.69,942433.13,556246.2890625,235144.47
1485,32,804152.3300000001,264233.4421875,138280.8,942433.13,402514.2421875,154372.98
1629,32,440269.92,176470.15749999997,110700.96,550970.88,287171.1175,123295.2
1677,32,840950.5,171476.68468749998,101482.63,942433.13,272959.3146875,115134.95
1725,32,732641.98,203447.82749999998,128722.46,861364.44,332170.2875,146210.88
1773,32,792858.35,157973.9128125,107238.9,900097.25,265212.81281250005,126864.97
1821,32,698380.21,163256.633125,94632.04,793012.25,257888.673125,114753.04
1869,32,468932.73999999993,216980.375,123295.2,592227.94,340275.57499999995,158434.67
1917,32,832440.8200000001,201191.2878125,109992.31,942433.13,311183.59781249997,138820.45
2013,32,405960.37,185013.1265625,122862.01,528822.38,307875.13656250003,153062.25
2109,32,466761.37,201691.7315625,108256.51,575017.88,309948.2415625,133594.3
1944,31,480543.32,319627.13612903235,508356.06,988899.38,827983.1961290322,566776.38
2177,31,561500.78,202591.09483870972,403612.41,965113.19,606203.5048387095,450099.75
1210,31,630015.35,241553.61064516124,358884.03,988899.38,600437.6406451614,395419.56
64,31,36637.28000000001,19900.818709677424,115134.95,151772.23,135035.76870967745,126864.97
66,31,52133.25,31124.479354838706,128253.38,180386.63,159377.85935483873,142142.66
67,31,54000.490000000005,28327.867096774193,125504.14,179504.63,153832.0070967742,141018.91
51,31,44931.37000000001,29243.682580645167,120737.61,165668.98,149981.29258064518,135640.13
237,31,822526.39,246746.20774193548,119906.74,942433.13,366652.9477419355,183082.55
285,31,380031.36,165181.37419354837,103337.61,483368.97,268518.98419354844,144441.03
333,31,728834.8300000001,205346.12258064523,114373.48,843208.31,319719.6025806452,168739.63
525,31,698913.34,143447.3651612903,94098.91,793012.25,237546.2751612903,128722.46
573,31,674854.93,155738.77161290325,102712.45,777567.38,258451.22161290323,132592.78
621,31,463803.72,150565.0212903226,87167.16,550970.88,237732.1812903226,113621.23
717,31,288204.7,120165.41161290323,91765.55,379970.25,211930.96161290322,120737.61
765,31,251949.99999999997,115457.86193548387,94098.91,346048.91,209556.77193548385,122431.63
813,31,616048.28,127613.45935483869,105255.28,721303.56,232868.73935483868,129670.22
861,31,835862.97,162833.16709677418,106570.16,942433.13,269403.3270967742,143283.25
909,31,689042.54,162464.99548387094,103969.71,793012.25,266434.705483871,134609.98
1005,31,747682.56,321293.094516129,152414.69,900097.25,473707.7845161291,195704.14
1008,31,42261.6,25222.679354838707,49758.04,92019.64,74980.71935483871,55306.31
1010,31,40724.130000000005,23385.830322580645,48810.25,89534.38,72196.08032258066,54176.42
1045,31,44868.25,27610.506774193545,49496.55,94364.8,77107.05677419357,54994.24
1046,31,48168.71000000001,27138.59096774194,47001.92,95170.63,74140.51096774194,53576.4
1047,31,42849.79,23062.77290322581,50199.01,93048.8,73261.7829032258,55306.31
1049,31,79234.22000000002,46213.467419354856,79896.98,159131.2,126110.44741935482,97381.57
1052,31,172251.45999999996,95046.27387096774,123295.2,295546.66,218341.47387096775,164172.88
1053,31,626585.52,324876.12096774194,166426.73,793012.25,491302.85096774204,218701.81
1094,31,38616.71000000001,22530.329354838712,44561.25,83177.96,67091.57935483872,49670.62
1097,31,61286.369999999995,27194.745806451618,71306.41,132592.78,98501.15580645161,85352.86
1100,31,106558.15,57949.49870967742,112143.66,218701.81,170093.15870967743,138820.45
1101,31,827643.63,312112.7967741936,161255.75,988899.38,473368.5467741936,211280.41
1141,31,45222.14,19317.210645161293,57802.03,103024.17,77119.24064516128,65586.65
1143,31,58712.22,23891.69806451614,60374.14,119086.36,84265.83806451612,67158.02
1148,31,151105.62999999998,61305.820967741936,144441.03,295546.66,205746.85096774192,161255.75
1149,31,795243.29,282792.8858064516,193656.09,988899.38,476448.97580645164,257587.41
1156,31,28305.22,15449.286129032262,80294.42,108599.64,95743.70612903225,88336.55
1162,31,29897.039999999994,16983.011935483868,80095.27,109992.31,97078.28193548389,89051.75
1163,31,28161.23999999999,16223.965483870967,80095.27,108256.51,96319.23548387096,88573.8
1164,31,27006.59000000001,15677.518064516134,79896.98,106903.57,95574.49806451613,89051.75
1189,31,42434.600000000006,24202.88967741936,85352.86,127787.46,109555.74967741934,95170.63
1192,31,765487.27,402096.7670967741,134609.98,900097.25,536706.7470967742,155704.97
1197,31,594732.69,335811.02290322585,266631.75,861364.44,602442.7729032256,342978.47
1248,31,606528.53,177959.26258064515,77583.78,684112.31,255543.0425806452,85352.86
1288,31,812762.91,537578.9951612904,129670.22,942433.13,667249.2151612906,161255.75
1289,31,812762.91,258793.96967741934,129670.22,942433.13,388464.1896774194,161255.75
1293,31,495167.34,295984.45870967733,297844.91,793012.25,593829.3687096774,407834.16
1341,31,709994.22,238980.5529032258,170315.53,880309.75,409296.08290322596,225277.3
1389,31,865604.18,244275.00129032257,123295.2,988899.38,367570.2012903226,157058.67
1437,31,715748.0,255697.3761290323,145616.44,861364.44,401313.81612903235,182175.47
1533,31,657660.64,214918.08064516133,119906.74,777567.38,334824.82064516126,145616.44
1243,30,507631.03,196739.69100000002,372678.72,880309.75,569418.4110000001,425619.72
1932,30,396671.44000000006,174574.57133333344,592227.94,988899.38,766802.5113333332,661350.38
1958,30,258320.81999999995,179110.09433333323,684112.31,942433.13,863222.4043333333,777567.38
1211,30,534442.4099999999,201909.45999999996,365654.84,900097.25,567564.3000000002,403612.41
1941,30,302399.44000000006,173364.02433333348,640033.69,942433.13,813397.7143333333,734602.25
2142,30,454684.25,210388.159,322883.13,777567.38,533271.2890000001,365654.84
1213,30,630015.35,229229.338,358884.03,988899.38,588113.368,403612.41
53,30,52133.25,30927.086999999996,128253.38,180386.63,159180.46700000003,145026.52
61,30,46687.16,29593.611,126864.97,173552.13,156458.58100000003,142142.66
71,30,51405.44,31987.791666666668,132592.78,183998.22,164580.57166666666,151134.84
182,30,131760.43000000002,26221.503666666664,63943.71,195704.14,90165.21366666668,70663.95
37,30,16129.330000000002,9198.394999999999,44488.33,60617.66,53686.725,49758.04
381,30,378437.77999999997,138521.306,104931.19,483368.97,243452.49599999996,150502.45
429,30,679391.02,150413.63933333335,113621.23,793012.25,264034.8693333334,162702.02
477,30,448771.62999999995,146711.64966666666,109992.31,558763.94,256703.9596666667,145026.52
669,30,216432.16,106937.01900000003,98522.22,314954.38,205459.23900000003,115905.77
957,30,854799.04,222213.33500000002,134100.34,988899.38,356313.675,154372.98
998,30,59592.38999999999,24936.860999999997,47646.51,107238.9,72583.371,52793.59
999,30,43895.59999999999,24393.197333333326,46371.55,90267.15,70764.74733333333,52029.78
1001,30,55428.58,24631.031333333332,66150.61,121579.19,90781.6413333333,75030.93
1004,30,102624.86999999998,47036.30699999999,103969.71,206594.58,151006.017,120320.87
1009,30,41017.270000000004,25433.071333333326,49496.55,90513.82,74929.62133333334,54582.74
1011,30,43982.42,23032.140333333333,50918.22,94900.64,73950.36033333332,56260.74
1014,30,35270.82000000001,22563.098333333335,47484.0,82754.82,70047.09833333334,52600.88
1015,30,40156.86,24496.08866666667,47241.95,87398.81,71738.03866666666,54176.42
1016,30,35173.780000000006,24023.088000000003,47161.71,82335.49,71184.798,52504.97
1019,30,38767.47,23930.357333333333,47484.0,86251.47,71414.35733333333,52793.59
1021,30,43468.25,27152.70899999999,43698.91,87167.16,70851.61899999999,48810.25
1054,30,152692.37000000002,71923.229,136160.72,288853.09,208083.94899999996,153715.0
1055,30,152692.37000000002,71923.229,136160.72,288853.09,208083.94899999996,153715.0
1061,30,26444.409999999996,17127.033000000003,40568.07,67012.48,57695.103,46061.56
1065,30,27055.9,16415.104333333333,38811.68,65867.58,55226.784333333344,43840.75
1093,30,27882.83,18196.160333333337,45754.95,73637.78,63951.11033333334,50918.22
1095,30,30838.209999999992,21055.625333333326,46371.55,77209.76,67427.17533333333,51654.79
1107,30,25809.340000000004,14044.293333333337,54685.13,80494.47,68729.42333333334,60374.14
1110,30,35109.219999999994,14228.454000000002,50466.71,85575.93,64695.164,55516.03
1111,30,33070.95999999999,13956.556333333332,52504.97,85575.93,66461.52633333333,57802.03
1112,30,32880.020000000004,13617.853666666671,52029.78,84909.8,65647.63366666668,57354.41
1115,30,33199.18,13370.394999999999,52600.88,85800.06,65971.275,57914.87
1118,30,37972.630000000005,17132.647666666668,51561.75,89534.38,68694.39766666667,56912.64
1123,30,48500.380000000005,15377.720333333336,50021.84,98522.22,65399.56033333333,55833.13
1126,30,42286.899999999994,13657.195999999996,51284.3,93571.2,64941.496000000014,56476.62
1140,30,34133.329999999994,13173.971666666663,50556.48,84689.81,63730.451666666675,56046.25
1147,30,40412.00000000001,14403.474666666669,51100.71,91512.71,65504.18466666666,56585.1
1252,30,408690.67,158445.93033333338,74678.3,483368.97,233124.23033333334,82335.49
1280,30,738841.5,192667.57033333334,161255.75,900097.25,353923.3203333334,177764.91
1335,30,47570.21000000001,22295.584000000006,65307.78,112877.99,87603.36400000002,72622.48
1340,30,102360.82999999999,53208.381999999976,151772.23,254133.06,204980.61200000002,167191.02
1388,30,56564.69,31078.352000000003,89051.75,145616.44,120130.10199999998,100279.32
1947,30,422123.0,342728.17799999996,566776.38,988899.38,909504.5579999998,640033.69
1158,30,30066.630000000005,15447.149666666672,78533.01,108599.64,93980.15966666666,87167.16
1173,30,31266.979999999996,22059.486666666668,78725.33,109992.31,100784.81666666667,87865.42
2149,30,523807.16,240743.31399999995,376290.09,900097.25,617033.404,416541.69
1928,29,246351.25,206485.90310344828,696081.88,942433.13,902567.7831034482,777567.38
2179,29,469559.1599999999,166371.5089655172,495554.03,965113.19,661925.5389655171,550970.88
2112,29,337682.72,194742.73793103447,455329.53,793012.25,650072.2679310343,508356.06
2137,29,530963.0,227537.77827586202,369134.25,900097.25,596672.0282758621,421032.91
1294,29,739783.86,315119.6172413793,249115.52,988899.38,564235.1372413794,276308.56
1295,29,739783.86,315119.6172413793,249115.52,988899.38,564235.1372413794,276308.56
2133,29,558594.29,309909.3979310344,430305.09,988899.38,740214.4879310345,477494.09
2145,29,465944.87999999995,177337.46724137932,395419.56,861364.44,572757.0272413793,435092.38
119,29,29387.540000000008,15699.852758620693,89292.48,118680.02,104992.33275862067,98811.18
133,29,35151.26000000001,19327.174482758623,93571.2,128722.46,112898.37448275863,103969.71
1225,29,582542.25,252307.70655172414,317555.0,900097.25,569862.7065517241,372678.72
59,29,42062.149999999994,25255.348275862063,128253.38,170315.53,153508.72827586211,142710.81
82,29,71464.78,29578.68310344828,141018.91,212483.69,170597.59310344825,158434.67
83,29,49170.82999999999,26928.59068965517,136685.03,185855.86,163613.62068965516,151772.23
86,29,291939.96,89574.60344827584,168739.63,460679.59,258314.2334482759,187749.41
186,29,878198.42,462805.1103448276,110700.96,988899.38,573506.0703448276,126864.97
997,29,33198.81,17009.932068965518,42726.61,75925.42,59736.54206896551,48389.29
1012,29,49075.76000000001,25040.519999999997,48305.81,97381.57,73346.33000000002,55201.96
1013,29,39315.649999999994,24486.56137931034,49496.55,88812.2,73983.11137931036,54582.74
1017,29,36818.04000000001,23418.190689655174,47001.92,83819.96,70420.11068965516,52124.24
1018,29,42290.56,25650.790344827587,47001.92,89292.48,72652.71034482759,52124.24
1020,29,35448.119999999995,26828.364137931036,44054.89,79503.01,70883.25413793104,50287.98
1024,29,42532.46000000001,29395.403103448283,47001.92,89534.38,76397.32310344826,54176.42
1027,29,35855.55,25898.855172413783,47322.41,83177.96,73221.2651724138,53280.57
1035,29,29582.89,21674.8575862069,44054.89,73637.78,65729.7475862069,49151.41
1037,29,34597.53999999999,24084.967931034476,47322.41,81919.95,71407.37793103448,52600.88
1038,29,45237.71000000001,26937.5551724138,46527.84,91765.55,73465.39517241379,52124.24
1039,29,40037.83,30267.643448275856,49496.55,89534.38,79764.19344827585,55621.39
1041,29,36303.509999999995,23789.06620689655,49496.55,85800.06,73285.61620689655,55621.39
1050,29,879258.29,502397.515862069,109641.09,988899.38,612038.605862069,122431.63
1051,29,32468.89,23866.120689655174,46449.59,78918.48,70315.71068965517,51468.98
1056,29,30009.489999999998,16906.233793103445,43628.29,73637.78,60534.52379310345,48980.34
1057,29,29865.079999999994,17499.64068965517,42590.57,72455.65,60090.21068965517,48473.0
1058,29,30299.660000000003,15732.768620689652,42658.5,72958.16,58391.268620689654,48222.58
1059,29,32147.889999999992,15914.599655172411,43417.48,75565.37,59332.07965517241,49409.89
1060,29,36023.770000000004,17287.348965517245,40630.89,76654.66,57918.238965517245,46922.36
1062,29,21990.019999999997,15641.22965517241,40380.55,62370.57,56021.77965517242,46061.56
1063,29,24676.89,16080.09448275862,40630.89,65307.78,56710.98448275861,46606.3
1064,29,24188.1,15924.466206896552,40568.07,64756.17,56492.53620689655,46061.56
1066,29,27379.420000000006,17733.099655172413,39343.6,66723.02,57076.69965517241,46216.13
1067,29,24829.659999999996,16049.06724137931,40756.99,65586.65,56806.0572413793,47001.92
1068,29,24079.9,16081.504137931039,40132.67,64212.57,56214.17413793103,45602.89
1070,29,27624.32,18615.327586206895,40568.07,68192.39,59183.3975862069,45602.89
1072,29,27833.57,19030.524137931032,41267.73,69101.3,60298.254137931035,46527.84
1073,29,22483.36,16496.79620689655,39887.21,62370.57,56384.006206896556,44928.77
1075,29,22815.559999999998,16663.55551724138,41397.01,64212.57,58060.565517241375,47565.14
1078,29,21214.240000000005,14425.120000000003,39403.42,60617.66,53828.539999999986,44854.87
1085,29,18785.71,13507.315172413792,40630.89,59416.6,54138.205172413785,45907.83
1089,29,18614.979999999996,13951.765172413794,41397.01,60011.99,55348.775172413785,47001.92
1098,29,801575.03,477038.2610344827,98522.22,900097.25,575560.4810344828,109992.31
1099,29,19611.97,14134.493103448274,40883.72,60495.69,55018.21310344827,45907.83
1102,29,89276.38,42734.833793103455,122004.03,211280.41,164738.86379310343,134609.98
1103,29,89276.38,42734.833793103455,122004.03,211280.41,164738.86379310343,134609.98
1104,29,41618.200000000004,15746.548620689657,55201.96,96820.16,70948.50862068965,61608.8
1105,29,39922.490000000005,16232.335517241381,54176.42,94098.91,70408.75551724137,61358.41
1106,29,34082.280000000006,14995.90379310345,53084.88,87167.16,68080.78379310344,61358.41
1108,29,32412.609999999993,15840.084482758617,51192.37,83604.98,67032.45448275862,58715.34
1109,29,31911.68,15827.129655172415,52124.24,84035.92,67951.3696551724,59892.09
1113,29,35784.76,13708.43827586207,50466.71,86251.47,64175.14827586206,56260.74
1114,29,38981.020000000004,14280.468620689659,52029.78,91010.8,66310.24862068966,57802.03
1116,29,31523.170000000006,13579.489999999998,51654.79,83177.96,65234.28,58255.64
1117,29,33842.12,13772.94586206897,52409.35,86251.47,66182.29586206898,59298.73
1119,29,34423.56,14391.353793103446,51376.5,85800.06,65767.85379310345,57577.48
1120,29,46500.780000000006,18256.791034482765,52600.88,99101.66,70857.67103448276,59653.54
1121,29,35788.92,14419.948965517242,50918.22,86707.14,65338.168965517245,57577.48
1122,29,32123.260000000002,15036.732413793103,43983.32,76106.58,59020.05241379311,49933.65
1125,29,43638.73,15171.10034482758,49670.62,93309.35,64841.72034482759,55939.52
1131,29,29941.519999999997,12492.900689655171,49758.04,79699.56,62250.94068965517,56260.74
1134,29,28541.259999999995,13981.944137931032,50377.22,78918.48,64359.16413793103,55939.52
1135,29,42327.490000000005,17375.396206896556,55621.39,97948.88,72996.78620689655,62499.11
1138,29,35422.84,12075.287586206896,50377.22,85800.06,62452.507586206906,55833.13
1146,29,821276.08,489309.9179310344,121157.05,942433.13,610466.9679310345,139364.05
1166,29,33985.82000000001,19959.750000000004,81919.95,115905.77,101879.70000000001,91261.14
1167,29,26472.380000000005,14634.085172413803,82127.26,108599.64,96761.34517241378,90513.82
1168,29,31869.850000000006,20401.17724137931,84035.92,115905.77,104437.09724137932,93834.39
1174,29,24960.86,16516.61931034483,80294.42,105255.28,96811.03931034483,89534.38
1187,29,17307.009999999995,11513.808620689653,68493.05,85800.06,80006.85862068966,75386.48
1194,29,826197.36,530020.6327586207,162702.02,988899.38,692722.6527586209,180386.63
1251,29,415657.05000000005,163988.2665517241,79896.98,495554.03,243885.24655172415,91261.14
1256,29,431701.4,153990.13517241378,76654.66,508356.06,230644.7951724138,84909.8
1260,29,365306.61,146590.0924137931,74678.3,439984.91,221268.39241379307,82754.82
1266,29,364154.48000000004,113029.34482758622,66150.61,430305.09,179179.9548275862,72958.16
1268,29,385648.66000000003,135710.52689655175,75030.93,460679.59,210741.45689655177,83819.96
1269,29,376461.97,128888.25275862069,73637.78,450099.75,202526.03275862074,84035.92
1270,29,431146.3,134573.79586206898,77209.76,508356.06,211783.555862069,86478.77
1271,29,321703.0,121054.0817241379,77772.0,399475.0,198826.08172413797,86251.47
1272,29,319312.98,130204.49931034482,76106.58,395419.56,206311.0793103448,86707.14
1273,29,387041.81000000006,125000.36862068968,73637.78,460679.59,198638.14862068967,82544.69
1276,29,397079.04000000004,136880.4924137931,74678.3,471757.34,211558.79241379313,83390.98
1278,29,357346.93000000005,144669.12551724137,72958.16,430305.09,217627.2855172414,80294.42
1279,29,468635.39,160655.68620689656,82335.49,550970.88,242991.17620689652,91512.71
1281,29,567342.23,147251.13620689657,83177.96,650520.19,230429.09620689656,93309.35
1285,29,594090.6100000001,176653.32965517242,90021.7,684112.31,266675.02965517243,101482.63
1287,29,694777.47,232011.7641379311,98234.78,793012.25,330246.5441379311,110700.96
1333,29,27304.809999999998,15047.175862068967,61987.67,89292.48,77034.84586206896,68493.05
1868,29,46383.28,26754.265862068965,89777.44,136160.72,116531.705862069,98811.18
1949,29,452891.06999999995,347358.76758620684,536008.31,988899.38,883367.0775862067,672541.69
1025,29,35858.39,24975.97241379311,46061.56,81919.95,71037.5324137931,51654.79
1033,29,28595.270000000004,21871.30724137931,45907.83,74503.1,67779.13724137931,51100.71
1183,29,35925.2,22820.731724137928,82754.82,118680.02,105575.55172413791,92531.65
1950,29,473896.19,302186.6644827586,515003.19,988899.38,817189.8544827586,566776.38
2018,29,143216.75,102237.65344827584,777567.38,920784.13,879805.0334482761,861364.44
2176,29,439417.66,247881.37448275858,460679.59,900097.25,708560.9644827585,528822.38
2027,29,254297.13,249490.27655172412,734602.25,988899.38,984092.526551724,942433.13
2028,29,240505.81999999995,195868.65551724136,748393.56,988899.38,944262.2155172412,900097.25
1938,28,304787.06999999995,193486.65142857138,684112.31,988899.38,877598.9614285715,762705.19
89,28,97343.28999999998,35404.31142857142,151772.23,249115.52,187176.54142857142,167191.02
140,28,86835.17000000001,49702.45535714284,126864.97,213700.14,176567.42535714287,145026.52
1222,28,642850.47,244664.32071428577,346048.91,988899.38,590713.2307142857,387544.88
2026,28,117604.56000000006,116279.50857142863,762705.19,880309.75,878984.6985714287,843208.31
55,28,49119.490000000005,29803.221428571425,127787.46,176906.95,157590.68142857144,143859.97
60,28,40604.399999999994,25387.740357142855,134609.98,175214.38,159997.72035714288,150502.45
63,28,41874.66,26053.447500000002,126864.97,168739.63,152918.4175,139911.63
81,28,57959.090000000026,27839.201785714304,137745.05,195704.14,165584.25178571432,153062.25
1040,28,281798.33,85008.54714285715,113621.23,395419.56,198629.7771428572,126864.97
1124,28,37785.84,13963.109642857142,49845.72,87631.56,63808.82964285715,56260.74
1129,28,31924.660000000003,12099.587500000005,49583.45,81508.11,61683.03749999999,55306.31
1130,28,32509.200000000004,10992.672500000002,46216.13,78725.33,57208.8025,51468.98
1132,28,25580.96,11112.842142857144,48056.82,73637.78,59169.66214285714,53975.16
1139,28,28718.130000000005,11627.907500000003,48305.81,77023.94,59933.717499999984,53975.16
1161,28,24960.86,13473.31642857143,80294.42,105255.28,93767.73642857141,88573.8
1165,28,28010.09999999999,15574.664999999995,82335.49,110345.59,97910.155,91512.71
1176,28,21345.800000000003,14223.755714285711,78341.52,99687.32,92565.27571428574,87167.16
1676,28,39466.39,20422.394642857143,74154.84,113621.23,94577.23464285713,81919.95
1724,28,51770.53999999999,30569.192499999997,91512.71,143283.25,122081.9025,102094.18
1962,28,452891.06999999995,440431.58107142855,536008.31,988899.38,976439.8910714284,640033.69
2036,28,254297.13,244204.6007142857,734602.25,988899.38,978806.8507142855,861364.44
2108,28,35834.56,22362.838571428576,78918.48,114753.04,101281.31857142858,88573.8
1153,28,24065.160000000003,14157.09857142858,85575.93,109641.09,99733.02857142857,94364.8
1190,28,43333.11,21331.423571428575,67012.48,110345.59,88343.90357142853,75745.02
2033,28,254297.13,233088.84107142853,734602.25,988899.38,967691.0910714285,843208.31
974,28,27608.910000000003,16581.51535714286,34252.03,61860.94,50833.545357142866,39765.37
976,28,28514.11,16305.62892857143,36793.67,65307.78,53099.29892857142,44415.61
979,28,22444.5,13738.59928571429,37447.59,59892.09,51186.18928571429,42863.36
981,28,22967.11,13425.296071428573,36686.43,59653.54,50111.72607142855,43840.75
1002,28,800409.9299999999,456144.3060714285,99687.32,900097.25,555831.6260714285,119086.36
1022,28,42691.37,28771.266071428567,46843.01,89534.38,75614.27607142857,58715.34
1023,28,36594.36,25215.521071428575,46371.55,82965.91,71587.07107142858,54787.84
1026,28,29040.920000000006,21204.447142857145,42590.57,71631.49,63795.017142857134,50918.22
1029,28,28134.149999999994,18106.207857142854,44488.33,72622.48,62594.53785714286,50466.71
1030,28,33357.53,23120.151428571433,45754.95,79112.48,68875.10142857143,53975.16
1032,28,28367.82,21838.59214285715,44928.77,73296.59,66767.36214285715,52600.88
1034,28,28345.869999999995,20638.244285714285,44781.16,73127.03,65419.4042857143,53378.87
1036,28,32659.999999999993,24496.71892857143,46843.01,79503.01,71339.72892857144,57577.48
1042,28,29668.299999999996,21469.892500000005,43628.29,73296.59,65098.1825,51100.71
1043,28,29749.530000000006,21449.28107142858,44928.77,74678.3,66378.05107142856,52793.59
1044,28,32895.06,23979.122142857144,47001.92,79896.98,70981.04214285714,57465.76
1069,28,27513.5,16939.697499999995,40380.55,67894.05,57320.2475,50556.48
1071,28,24912.82,16441.890714285713,40256.3,65169.12,56698.190714285716,51654.79
1074,28,18242.57,14108.141785714282,35234.91,53477.48,49343.051785714284,46216.13
1080,28,14166.280000000006,10096.96178571429,34985.13,49151.41,45082.09178571428,40505.41
1081,28,17021.449999999997,11775.983214285716,38811.68,55833.13,50587.66321428572,45301.25
1082,28,14510.120000000003,10196.10142857143,35335.6,49845.72,45531.70142857143,40630.89
1083,28,15235.239999999998,11578.318214285717,37558.35,52793.59,49136.668214285724,44707.67
1084,28,18140.870000000003,14147.743571428571,39887.21,58028.08,54034.95357142857,49496.55
1086,28,27924.980000000003,15961.334642857142,40568.07,68493.05,56529.40464285714,51654.79
1087,28,21886.100000000006,17495.198214285712,43840.75,65726.85,61335.94821428571,56476.62
1090,28,18973.699999999997,14418.91357142857,40442.9,59416.6,54861.813571428575,50377.22
1091,28,16128.07,12594.698571428571,40132.67,56260.74,52727.36857142857,48139.58
1092,28,17447.609999999993,13309.627499999993,41267.73,58715.34,54577.3575,48980.34
1157,28,25078.54999999999,15747.24035714285,83177.96,108256.51,98925.20035714285,92531.65
1175,28,23638.050000000003,15906.090000000006,79699.56,103337.61,95605.65000000002,89051.75
1181,28,26078.210000000006,17749.456428571437,79503.01,105581.22,97252.46642857141,90513.82
1182,28,38221.59999999999,18271.75321428571,72123.99,110345.59,90395.74321428571,80494.47
1195,28,23968.089999999997,16246.878928571436,70663.95,94632.04,86910.82892857143,81713.57
1249,28,571017.1799999999,183731.2742857143,79503.01,650520.19,263234.2842857143,123295.2
1250,28,488051.05,167818.57428571425,78725.33,566776.38,246543.9042857143,115134.95
1253,28,452715.8,177170.30857142856,76106.58,528822.38,253276.88857142857,119086.36
1254,28,462711.7200000001,164622.6910714286,73296.59,536008.31,237919.2810714286,112143.66
1255,28,471858.4,167561.39500000002,79112.48,550970.88,246673.87500000003,114373.48
1257,28,322122.97,147762.9660714286,73296.59,395419.56,221059.5560714286,107238.9
1258,28,386001.29000000004,158393.57571428572,74678.3,460679.59,233071.8757142857,112509.73
1259,28,352533.09,146063.2225,77772.0,430305.09,223835.22250000006,115134.95
1261,28,394547.58,145781.58785714285,77209.76,471757.34,222991.34785714286,113248.5
1262,28,419082.84,157245.97000000003,76471.19,495554.03,233717.15999999995,110345.59
1263,28,373993.17,141688.69499999998,76106.58,450099.75,217795.275,112509.73
1264,28,472245.55,161382.75714285715,78725.33,550970.88,240108.08714285708,109992.31
1265,28,324755.61,131675.41535714286,70663.95,395419.56,202339.36535714287,105255.28
1274,28,395574.14,145656.99035714284,81919.95,477494.09,227576.94035714283,114753.04
1275,28,350408.11000000004,143136.08392857146,79896.98,430305.09,223033.06392857144,115134.95
1277,28,370596.74,142343.71571428573,79503.01,450099.75,221846.7257142857,114373.48
1282,28,385050.2,156353.56750000003,86707.14,471757.34,243060.7075,113248.5
1283,28,405785.18999999994,149040.16821428572,77583.78,483368.97,226623.94821428572,113621.23
1284,28,524929.8,148629.74142857143,76288.51,601218.31,224918.25142857144,111058.42
1286,28,604818.72,245901.275,103652.78,708471.5,349554.0549999999,121579.19
1290,28,537305.3400000001,509990.4482142857,183998.22,721303.56,693988.6682142856,247485.06
1383,28,40417.46,18282.865714285716,38695.02,79112.48,56977.88571428571,45754.95
1431,28,56496.32,21004.952857142864,46216.13,102712.45,67221.08285714287,54378.94
1479,28,39521.57,16304.789999999997,45831.29,85352.86,62136.079999999994,54787.84
1527,28,37064.37,15320.74892857143,37613.93,74678.3,52934.678928571426,44126.66
1623,28,25640.059999999998,11998.743928571434,34252.03,59892.09,46250.77392857143,39644.14
1671,28,20418.42,10695.24035714286,29603.42,50021.84,40298.660357142864,34836.58
1719,28,31063.420000000006,15395.673214285716,40568.07,71631.49,55963.743214285714,47081.7
1767,28,24352.599999999995,11167.951785714282,31374.49,55727.09,42542.44178571429,36579.68
1861,28,14810.849999999999,8745.325714285713,35034.87,49845.72,43780.19571428571,40630.89
1863,28,33636.780000000006,17815.499642857147,37669.63,71306.41,55485.129642857144,47001.92
1911,28,25014.15,12647.466785714289,32675.42,57689.57,45322.88678571429,38753.28
1945,28,437928.5,272415.8071428572,550970.88,988899.38,823386.6871428571,661350.38
1948,28,452891.06999999995,262714.6178571428,536008.31,988899.38,798722.9278571428,601218.31
1954,28,304787.06999999995,170691.42714285705,684112.31,988899.38,854803.7371428569,762705.19
1955,28,422123.0,300218.70749999996,566776.38,988899.38,866995.0875000001,708471.5
1956,28,437928.5,305037.2403571429,550970.88,988899.38,856008.1203571426,672541.69
1957,28,281082.75,250783.42750000002,661350.38,942433.13,912133.8075,777567.38
1963,28,200784.31000000006,164815.88107142868,592227.94,793012.25,757043.8210714284,696081.88
2007,28,32635.54,15795.013214285713,38348.37,70983.91,54143.383214285706,46843.01
2016,28,108589.63,108589.62999999999,880309.75,988899.38,988899.3799999999,988899.38
2022,28,280427.88,259080.56749999998,708471.5,988899.38,967552.0674999999,920784.13
2030,28,151703.68999999994,151703.68999999994,748393.56,900097.25,900097.25,900097.25
2101,28,11137.619999999999,7679.559642857143,30389.34,41526.96,38068.89964285714,35640.36
2103,28,25860.28,16307.840714285716,32855.06,58715.34,49162.90071428572,42186.62
2114,28,316887.79,190197.14821428567,460679.59,777567.38,650876.7382142855,536008.31
2115,28,512128.04,246676.28535714283,430305.09,942433.13,676981.3753571428,536008.31
2117,28,492333.38,223864.05499999996,450099.75,942433.13,673963.8049999999,515003.19
2118,28,388042.09,205557.8117857143,421032.91,809075.0,626590.7217857142,471757.34
2119,28,517142.04,262062.73535714284,471757.34,988899.38,733820.0753571426,536008.31
2120,28,533569.85,249204.86678571426,455329.53,988899.38,704534.3967857144,521823.06
2121,28,354871.02999999997,215518.61500000005,407834.16,762705.19,623352.775,495554.03
2123,28,487103.6,283431.5567857143,455329.53,942433.13,738761.0867857141,550970.88
2124,28,548914.47,267883.3889285714,439984.91,988899.38,707868.2989285713,495554.03
2125,28,534808.0999999999,289132.9985714285,430305.09,965113.19,719438.0885714286,536008.31
2126,28,548914.47,323704.1803571428,439984.91,988899.38,763689.0903571428,508356.06
2127,28,544080.28,270254.0467857143,421032.91,965113.19,691286.9567857143,536008.31
2128,28,487103.6,333587.8760714285,455329.53,942433.13,788917.4060714284,566776.38
2129,28,567866.47,249975.06535714283,421032.91,988899.38,671007.9753571426,521823.06
2131,28,459064.16000000003,217286.33642857143,483368.97,942433.13,700655.3064285712,536008.31
2132,28,493355.8499999999,258819.46321428567,471757.34,965113.19,730576.8032142856,543388.5
2134,28,481753.54,262052.48749999996,460679.59,942433.13,722732.0775,521823.06
2151,28,538799.63,294635.97964285716,450099.75,988899.38,744735.729642857,521823.06
2160,28,502448.22000000003,276421.7546428571,439984.91,942433.13,716406.6646428572,583498.19
2161,28,431059.3499999999,242217.03749999992,430305.09,861364.44,672522.1275000001,550970.88
2164,28,397592.69,238840.80964285717,395419.56,793012.25,634260.3696428571,536008.31
2165,28,480799.22000000003,243928.80535714288,439984.91,920784.13,683913.7153571427,536008.31
2167,28,521400.22000000003,236315.88428571427,421032.91,942433.13,657348.7942857144,471757.34
2168,28,449997.5,206126.11535714284,450099.75,900097.25,656225.8653571428,528822.38
2169,28,516813.41000000003,163376.14678571429,425619.72,942433.13,588995.8667857143,483368.97
2170,28,364088.87,238982.29035714283,444986.13,809075.0,683968.4203571429,521823.06
2171,28,481753.54,210241.08607142852,460679.59,942433.13,670920.6760714286,521823.06
2172,28,498959.0999999999,188877.4528571428,466154.09,965113.19,655031.5428571427,550970.88
2173,28,481753.54,247474.78178571424,460679.59,942433.13,708154.3717857142,543388.5
2174,28,548914.47,268587.83035714284,439984.91,988899.38,708572.7403571426,521823.06
2175,28,502448.22000000003,216853.1,439984.91,942433.13,656838.0099999999,528822.38
2178,28,465004.87,209791.93142857138,435092.38,900097.25,644884.3114285715,536008.31
2180,28,469559.1599999999,211035.6896428571,495554.03,965113.19,706589.719642857,566776.38
2181,28,517142.04,246879.99785714276,471757.34,988899.38,718637.337857143,550970.88
2182,28,487103.6,244481.06285714285,455329.53,942433.13,699810.5928571429,575017.88
2184,28,492333.38,222573.57821428566,450099.75,942433.13,672673.3282142857,536008.31
2295,28,403821.1599999999,134644.44499999998,358884.03,762705.19,493528.47500000003,395419.56
1096,27,437928.5,267352.8122222222,550970.88,988899.38,818323.6922222221,640033.69
1924,27,304787.06999999995,213401.73259259257,684112.31,988899.38,897514.0425925925,762705.19
1931,27,254297.13,191558.2451851852,734602.25,988899.38,926160.4951851852,861364.44
2154,27,229834.33000000002,103299.26222222221,93048.8,322883.13,196348.06222222224,103337.61
130,27,32533.5,17027.40888888889,90761.7,123295.2,107789.10888888886,100279.32
134,27,177430.24,48910.39888888889,113621.23,291051.47,162531.6288888889,125504.14
1214,27,616220.66,256406.69666666668,372678.72,988899.38,629085.4166666666,421032.91
1218,27,657691.04,237517.53592592588,331208.34,988899.38,568725.8759259259,372678.72
65,27,52505.25,29218.328148148154,129670.22,182175.47,158888.54814814814,146809.88
137,27,50394.479999999996,23752.61370370371,94632.04,145026.52,118384.65370370372,104931.19
1209,27,642850.47,222489.42000000007,346048.91,988899.38,568538.33,395419.56
2012,27,45588.850000000006,26572.06333333333,89534.38,135123.23,116106.44333333333,99687.32
234,27,910557.86,414038.98629629624,78341.52,988899.38,492380.50629629643,87631.56
1127,27,32951.16,11577.580370370373,48556.95,81508.11,60134.53037037036,54378.94
1128,27,36603.06,10784.94555555556,47001.92,83604.98,57786.865555555545,52697.09
1133,27,36825.68,12803.472592592589,51748.12,88573.8,64551.59259259259,58484.71
1159,27,23202.979999999996,13405.265925925927,84035.92,107238.9,97441.18592592595,93048.8
1198,27,178335.11,80028.46296296296,225277.3,403612.41,305305.76296296297,250766.73
1199,27,178335.11,80028.46296296296,225277.3,403612.41,305305.76296296297,250766.73
1200,27,533569.85,306116.414074074,455329.53,988899.38,761445.944074074,550970.88
1202,27,548914.47,266330.00111111114,439984.91,988899.38,706314.911111111,521823.06
1203,27,558594.29,233093.87074074073,430305.09,988899.38,663398.9607407408,477494.09
1204,27,504677.69,246536.14740740738,395419.56,900097.25,641955.7074074075,439984.91
1215,27,586707.44,238304.16333333333,334076.69,920784.13,572380.8533333333,376290.09
1234,27,601354.5,242538.53222222222,387544.88,988899.38,630083.4122222223,430305.09
1436,27,54781.890000000014,31328.42888888889,103652.78,158434.67,134981.20888888888,119086.36
1484,27,58917.600000000006,35208.87592592593,105255.28,164172.88,140464.15592592594,115905.77
1820,27,35008.55,19268.877407407414,68644.23,103652.78,87913.1074074074,75745.02
2199,27,480543.32,225860.14518518522,508356.06,988899.38,734216.2051851852,566776.38
2300,27,304787.06999999995,215590.11444444445,684112.31,988899.38,899702.4244444444,762705.19
2031,27,226194.19000000006,191564.01037037044,762705.19,988899.38,954269.2003703701,861364.44
2053,27,226194.19000000006,176255.88037037043,762705.19,988899.38,938961.0703703702,861364.44
961,27,29209.120000000003,13613.114444444444,39283.93,68493.05,52897.044444444444,44707.67
970,27,25742.170000000006,12590.414444444448,37669.63,63411.8,50260.044444444444,42863.36
972,27,23136.25,13601.75925925926,33776.39,56912.64,47378.14925925926,41332.29
973,27,27681.39,12617.621111111112,36262.32,63943.71,48879.94111111111,41920.75
975,27,25925.049999999996,13696.404814814812,35184.73,61109.78,48881.13481481481,41986.96
977,27,22135.659999999996,13226.905925925927,36579.68,58715.34,49806.58592592594,44707.67
978,27,18634.86,11257.80037037037,35845.82,54480.68,47103.62037037038,41788.82
980,27,19359.719999999994,12052.525925925924,36473.41,55833.13,48525.93592592593,44126.66
982,27,22189.0,12004.191851851854,37227.6,59416.6,49231.791851851856,43557.83
984,27,17462.179999999993,10954.637777777774,35234.91,52697.09,46189.54777777777,40442.9
988,27,20488.53,11398.22481481481,39165.01,59653.54,50563.23481481481,45754.95
990,27,31260.53,12985.546296296296,39403.42,70663.95,52388.96629629629,45002.86
991,27,25744.749999999993,14387.466666666664,41267.73,67012.48,55655.19666666666,46922.36
993,27,23320.910000000003,11482.982592592594,40756.99,64077.9,52239.972592592596,46449.59
994,27,20427.980000000003,12189.752222222225,38753.28,59181.26,50943.032222222224,44054.89
996,27,20130.059999999998,12014.33074074074,39523.48,59653.54,51537.810740740744,44561.25
1003,27,21197.07,12186.359629629633,38695.02,59892.09,50881.37962962963,43698.91
1028,27,27665.909999999996,15395.004074074075,42522.82,70188.73,57917.82407407407,48641.14
1170,27,21166.84000000001,12720.057777777783,79112.48,100279.32,91832.53777777778,87398.81
1178,27,22591.17,14087.061111111121,79503.01,102094.18,93590.07111111109,89051.75
1179,27,26264.149999999994,15880.21407407407,82335.49,108599.64,98215.70407407406,92019.64
1180,27,18960.73999999999,12950.20407407407,71306.41,90267.15,84256.61407407407,79112.48
1186,27,19741.67,13438.568518518521,72789.98,92531.65,86228.54851851852,82127.26
1188,27,19881.22,13574.003703703696,71631.49,91512.71,85205.4937037037,80294.42
1312,27,26250.569999999992,11578.548148148146,57354.41,83604.98,68932.95814814816,63676.8
1381,27,17631.660000000003,10049.05851851852,35845.82,53477.48,45894.87851851852,41139.08
1429,27,20469.72,10896.484814814812,41139.08,61608.8,52035.5648148148,47565.14
1815,27,22993.06,10323.213703703705,27384.16,50377.22,37707.3737037037,32855.06
1847,27,10098.25,7194.37,31040.83,41139.08,38235.200000000004,36053.13
1946,27,280427.88,222243.94259259256,708471.5,988899.38,930715.4425925926,793012.25
2116,27,469792.16,232521.6303703703,430305.09,900097.25,662826.7203703703,483368.97
2155,27,492263.09,200926.0318518519,407834.16,900097.25,608760.1918518519,483368.97
1338,27,874903.17,489238.32814814814,113996.21,988899.38,603234.5381481482,137745.05
1386,27,825594.15,385290.2662962963,74503.1,900097.25,459793.36629629624,91512.71
1434,27,834076.99,461577.37518518505,86707.14,920784.13,548284.5151851852,107915.35
1530,27,815001.97,359094.53481481475,65307.78,880309.75,424402.3148148149,72958.16
1844,27,14641.730000000003,7916.015185185186,30509.92,45151.65,38425.93518518518,35640.36
2019,27,226194.19000000006,226194.1900000001,762705.19,988899.38,988899.3799999999,988899.38
2024,27,179727.94000000006,179727.9400000001,762705.19,942433.13,942433.1299999999,942433.13
2104,26,636546.5,295778.5746153846,352352.88,988899.38,648131.4546153846,395419.56
40,26,367415.25,194182.76538461537,575017.88,942433.13,769200.6453846153,640033.69
1672,26,582542.25,211444.00615384616,317555.0,900097.25,528999.0061538463,358884.03
1816,26,480258.74999999994,241969.72307692308,282446.44,762705.19,524416.163076923,328387.41
115,26,27164.64,14035.867307692313,82127.26,109291.9,96163.12730769231,91010.8
1220,26,642850.47,270514.51923076925,346048.91,988899.38,616563.4292307693,395419.56
1221,26,495709.5999999999,241691.81038461535,365654.84,861364.44,607346.6503846154,403612.41
54,26,38893.11,25968.382692307692,130631.02,169524.13,156599.40269230772,144441.03
57,26,39102.07000000001,24869.15846153846,127324.66,166426.73,152193.81846153847,142142.66
72,26,41919.21000000001,23222.533076923082,129194.73,171113.94,152417.2630769231,142142.66
79,26,55375.29000000001,27145.170769230775,138280.8,193656.09,165425.97076923077,153062.25
92,26,70091.98999999999,34690.38769230768,138820.45,208912.44,173510.83769230772,158434.67
142,26,98694.54999999999,47193.01307692305,213700.14,312394.69,260893.1530769231,241163.34
143,26,98694.54999999999,47193.01307692305,213700.14,312394.69,260893.1530769231,241163.34
1224,26,648938.91,252080.06807692308,339960.47,988899.38,592040.538076923,376290.09
2186,26,487103.6,195151.2219230769,455329.53,942433.13,650480.7519230768,508356.06
23,26,15161.649999999994,9729.828846153845,39523.48,54685.13,49253.30884615386,44634.36
75,26,54039.75,28692.424230769226,135640.13,189679.88,164332.55423076922,150502.45
1142,26,44553.11000000001,27627.503461538465,59416.6,103969.71,87044.10346153846,66150.61
1145,26,90930.83,36656.82846153846,88573.8,179504.63,125230.62846153848,98811.18
1193,26,112875.07999999999,42653.928076923075,134609.98,247485.06,177263.90807692314,151772.23
1223,26,562462.88,203529.04884615386,379970.25,942433.13,583499.2988461539,421032.91
1231,26,593479.8200000001,222914.19923076924,395419.56,988899.38,618333.7592307694,450099.75
1239,26,538799.63,285596.6146153846,450099.75,988899.38,735696.3646153845,536008.31
21,26,17731.6,10846.900769230766,38636.91,56368.51,49483.810769230775,44054.89
960,26,28387.929999999993,13554.41192307692,40256.3,68644.23,53810.71192307693,47161.71
964,26,30752.93,13355.447692307693,38348.37,69101.3,51703.81769230769,44126.66
965,26,26774.969999999994,13096.696923076921,38811.68,65586.65,51908.376923076925,43983.32
966,26,21101.409999999996,11891.883846153845,37613.93,58715.34,49505.81384615383,43277.87
967,26,25254.939999999995,12560.538846153842,37893.76,63148.7,50454.29884615385,44126.66
968,26,23658.68,12140.125769230766,37950.12,61608.8,50090.24576923077,43911.94
969,26,21267.75,11806.990000000003,37447.59,58715.34,49254.58000000001,43840.75
971,26,22238.53,12224.657307692307,37893.76,60132.29,50118.4173076923,43840.75
983,26,15777.43,9847.758846153843,35691.55,51468.98,45539.30884615386,41139.08
985,26,18598.660000000003,10587.94538461539,37447.59,56046.25,48035.53538461538,42455.23
986,26,16728.83,10410.876153846159,37447.59,54176.42,47858.46615384616,43277.87
989,26,21783.92,11379.761153846152,38348.37,60132.29,49728.13115384616,43840.75
995,26,16968.049999999996,10541.760384615382,38233.91,55201.96,48775.67038461538,43840.75
1169,26,24588.839999999997,14123.17461538462,79699.56,104288.4,93822.73461538462,88573.8
1172,26,23335.33,17499.838461538464,81919.95,105255.28,99419.78846153847,92531.65
1177,26,20348.97,12726.736923076922,76471.19,96820.16,89197.92692307693,84909.8
1201,26,502448.22000000003,253489.99807692308,439984.91,942433.13,693474.9080769231,536008.31
1230,26,546233.06,237674.81884615385,334076.69,880309.75,571751.5088461539,372678.72
1316,26,23474.170000000006,10629.68807692308,55833.13,79307.3,66462.81807692308,61608.8
1855,26,11633.979999999996,7000.861923076921,31713.61,43347.59,38714.471923076926,36793.67
2135,26,439417.66,263043.30769230763,460679.59,900097.25,723722.8976923077,536008.31
2143,26,479064.34,238833.70230769232,421032.91,900097.25,659866.6123076922,477494.09
2299,26,183190.93999999994,86209.50999999995,300178.03,483368.97,386387.54,331208.34
1722,26,758780.9,376621.2938461539,67012.48,825793.38,443633.77384615387,73981.77
1834,26,11140.41,7694.562692307693,28263.01,39403.42,35957.57269230769,33403.16
1840,26,12587.46,7578.424230769229,31040.83,43628.29,38619.254230769235,36473.41
1845,26,14060.79,8026.183846153845,30794.08,44854.87,38820.263846153844,35949.24
1858,26,12355.009999999998,6773.149615384615,31628.31,43983.32,38401.45961538462,36686.43
2106,26,734412.41,366832.82000000007,58599.84,793012.25,425432.66000000003,70346.52
1482,26,860513.18,435419.3876923077,81919.95,942433.13,517339.33769230783,105255.28
1626,26,620700.51,347751.2403846154,63411.8,684112.31,411163.0403846154,70663.95
2058,26,304787.06999999995,222815.873076923,684112.31,988899.38,906928.183076923,900097.25
1384,25,589424.38,260560.30519999994,399475.0,988899.38,660035.3052000001,439984.91
1933,25,195887.13,167539.81079999998,793012.25,988899.38,960552.0607999999,900097.25
2203,25,268448.16,117574.59839999996,466154.09,734602.25,583728.6884,515003.19
232,25,553807.0,204300.758,435092.38,988899.38,639393.1379999999,508356.06
280,25,521403.97,182231.35640000005,339960.47,861364.44,522191.8264,383721.19
1624,25,569754.41,240472.50160000005,372678.72,942433.13,613151.2215999999,425619.72
1934,25,207830.88,186392.7136,734602.25,942433.13,920994.9636,861364.44
38,25,114781.66999999998,31590.892400000008,52409.35,167191.02,84000.2424,58599.84
77,25,45544.16,24985.149200000003,129670.22,175214.38,154655.36920000002,143283.25
84,25,61108.76999999999,26876.164400000005,136685.03,197793.8,163561.1944,151772.23
176,25,657246.51,152957.31840000002,120320.87,777567.38,273278.1884,134609.98
1152,25,22006.67,12533.5556,89051.75,111058.42,101585.3056,98234.78
1205,25,492333.38,197832.6604,450099.75,942433.13,647932.4103999999,521823.06
1216,25,605178.19,281916.8112,383721.19,988899.38,665638.0011999999,439984.91
1238,25,487619.0999999999,218464.12319999997,477494.09,965113.19,695958.2132000001,536008.31
1267,25,405027.44999999995,142774.93839999998,78341.52,483368.97,221116.4584,86707.14
1337,25,72097.78000000001,27166.844000000005,93571.2,165668.98,120738.04399999998,103024.17
1342,25,103499.07999999999,45550.42999999999,145616.44,249115.52,191166.87,162702.02
1343,25,103499.07999999999,45550.42999999999,145616.44,249115.52,191166.87,162702.02
1916,25,33178.43000000001,19705.703600000004,79699.56,112877.99,99405.2636,89292.48
2197,25,439417.66,169104.13759999993,460679.59,900097.25,629783.7276,508356.06
2293,25,251822.0,89264.2392,314954.38,566776.38,404218.6192000001,358884.03
1532,25,47491.67000000001,25934.165200000003,87631.56,135123.23,113565.72520000002,97664.48
20,25,16588.439999999995,10539.621999999998,38405.8,54994.24,48945.42199999999,43557.83
962,25,27728.549999999996,12949.5792,39283.93,67012.48,52233.50920000001,44707.67
963,25,28277.57,13169.718399999996,39765.37,68042.94,52935.08840000001,45002.86
987,25,12932.939999999999,8992.531599999998,31628.31,44561.25,40620.8416,36901.41
1077,25,14469.93,9487.5828,35640.36,50110.29,45127.942800000004,40883.72
1079,25,13688.239999999998,9694.968799999997,36157.48,49845.72,45852.4488,41332.29
1327,25,25234.999999999993,11498.374399999995,58369.98,83604.98,69868.3544,64212.57
1339,25,19911.890000000007,10050.852800000004,55833.13,75745.02,65883.9828,61608.8
1365,25,15533.399999999998,9996.2256,31628.31,47161.71,41624.5356,36686.43
1390,25,35784.17999999999,19015.495199999994,94364.8,130148.98,113380.2952,103969.71
1391,25,35784.17999999999,19015.495199999994,94364.8,130148.98,113380.2952,103969.71
1413,25,18056.259999999995,9835.102399999998,36526.48,54582.74,46361.5824,41526.96
2005,25,11843.64,7473.474400000001,35640.36,47484.0,43113.83440000001,41075.0
2136,25,507340.75,246092.7388,435092.38,942433.13,681185.1187999999,515003.19
2202,25,441919.48999999993,190288.08439999996,141578.7,583498.19,331866.7844,241163.34
2010,25,800254.6599999999,419249.0292,61109.78,861364.44,480358.80919999996,73296.59
42,25,895328.18,511857.6548,93571.2,988899.38,605428.8548,109291.9
522,25,884631.1,312832.1912,57802.03,942433.13,370634.22119999997,64212.57
714,25,804010.0299999999,287508.69039999996,57354.41,861364.44,344863.1004,67304.12
1674,25,889445.65,319978.074,52987.48,942433.13,372965.55400000006,66435.75
1818,25,915961.7799999999,356884.2528,49151.41,965113.19,406035.6628000001,57354.41
328,24,554888.25,178247.94499999998,387544.88,942433.13,565792.8250000001,435092.38
1000,24,437928.5,263266.22041666665,550970.88,988899.38,814237.1004166667,650520.19
1912,24,574735.22,284268.1920833334,346048.91,920784.13,630317.1020833334,387544.88
2008,24,567866.47,303962.20416666666,421032.91,988899.38,724995.1141666666,466154.09
70,24,46862.08,25562.884583333343,129194.73,176056.81,154757.61458333334,142142.66
74,24,54657.630000000005,31002.250416666673,133091.78,187749.41,164094.03041666668,153062.25
91,24,51844.17000000001,26616.341666666664,143859.97,195704.14,170476.31166666668,158434.67
78,24,50215.72999999998,29705.072083333333,135640.13,185855.86,165345.20208333334,151772.23
858,24,922890.56,380370.82499999995,66008.82,988899.38,446379.64499999996,72958.16
1006,24,71403.62000000001,34094.38458333334,118276.26,189679.88,152370.64458333334,132592.78
1007,24,71403.62000000001,34094.38458333334,118276.26,189679.88,152370.64458333334,132592.78
1137,24,29587.04,12443.071249999999,53378.87,82965.91,65821.94125,59298.73
1219,24,488685.72,248464.0066666667,372678.72,861364.44,621142.7266666667,425619.72
1772,24,33474.64,20116.870833333338,77583.78,111058.42,97700.65083333333,85352.86
26,24,12425.590000000004,7779.64666666667,40756.99,53182.58,48536.63666666668,45907.83
1310,24,26374.850000000006,11466.024583333337,56803.11,83177.96,68269.13458333333,62628.1
1330,24,19051.100000000006,9645.129166666668,56693.92,75745.02,66339.04916666666,62499.11
1358,24,15878.179999999997,8334.193749999999,31123.74,47001.92,39457.93375,36262.32
1360,24,13480.050000000003,8700.412916666666,31971.61,45451.66,40672.02291666667,37009.64
1406,24,15948.700000000004,8055.073750000003,35335.6,51284.3,43390.673749999994,40505.41
1408,24,18622.28,8434.012916666667,36579.68,55201.96,45013.692916666674,41920.75
1412,24,19045.0,9547.617500000002,35949.24,54994.24,45496.857500000006,41075.0
1415,24,17159.149999999994,8370.308749999998,37118.37,54277.52,45488.67875,42186.62
1426,24,16234.369999999995,8187.387499999998,38348.37,54582.74,46535.75750000001,43417.48
1717,24,14317.450000000004,8083.453750000004,37337.34,51654.79,45420.793750000004,42455.23
2187,24,428339.91,188046.63041666662,471757.34,900097.25,659803.9704166666,536008.31
2188,24,439595.9000000001,169503.9616666667,403612.41,843208.31,573116.3716666667,450099.75
1700,24,12770.05,7533.400416666666,32232.81,45002.86,39766.21041666667,37392.4
618,24,936869.6,298338.5283333333,52029.78,988899.38,350368.30833333335,63148.7
1770,24,933172.29,352161.59,55727.09,988899.38,407888.68,64212.57
1866,24,837726.68,427285.86083333334,62370.57,900097.25,489656.43083333335,79896.98
1914,24,931321.9,376643.33708333335,57577.48,988899.38,434220.8170833333,70504.91
2162,24,431059.3499999999,248856.3920833333,430305.09,861364.44,679161.4820833333,495554.03
2163,24,543913.25,212216.05833333335,444986.13,988899.38,657202.1883333334,566776.38
2166,24,492333.38,191202.90333333332,450099.75,942433.13,641302.6533333333,536008.31
1048,23,303762.80999999994,207855.6904347826,661350.38,965113.19,869206.0704347827,734602.25
1432,23,452891.06999999995,217267.46739130426,536008.31,988899.38,753275.7773913045,672541.69
131,23,25422.410000000003,15210.590434782607,88573.8,113996.21,103784.39043478259,97948.88
1206,23,397592.69,198142.0247826087,395419.56,793012.25,593561.5847826088,435092.38
76,23,42296.97,26843.43260869565,134609.98,176906.95,161453.41260869565,151772.23
139,23,23091.910000000003,15384.955217391309,89051.75,112143.66,104436.7052173913,99982.53
230,23,63466.46,19629.51826086956,41788.82,105255.28,61418.33826086957,50110.29
279,23,16669.53,8846.340434782609,31971.61,48641.14,40817.95043478261,37063.94
570,23,836420.45,330160.1986956521,63676.8,900097.25,393836.9986956522,70504.91
1207,23,435744.72,206298.49130434784,425619.72,861364.44,631918.211304348,471757.34
1217,23,492230.18999999994,217366.87043478264,369134.25,861364.44,586501.1204347827,421032.91
1628,23,37781.78999999999,20818.19913043478,80494.47,118276.26,101312.66913043476,89051.75
2110,23,30542.5,17588.70260869565,82335.49,112877.99,99924.19260869564,91261.14
2111,23,30542.5,17588.70260869565,82335.49,112877.99,99924.19260869564,91261.14
34,23,13111.21,8730.854782608692,41267.73,54378.94,49998.58478260869,46371.55
1088,23,191188.22999999998,71138.8747826087,102094.18,293282.41,173233.05478260867,114373.48
1229,23,566143.04,217337.58130434775,376290.09,942433.13,593627.6713043479,455329.53
1233,23,538820.72,218939.135652174,403612.41,942433.13,622551.5456521738,450099.75
1326,23,29361.180000000008,13325.58434782609,48980.34,78341.52,62305.9243478261,54378.94
1349,23,16609.920000000002,7448.306521739129,30712.49,47322.41,38160.796521739125,35845.82
1367,23,14322.120000000003,8207.422173913044,31971.61,46293.73,40179.03217391305,37009.64
1375,23,13587.230000000003,8002.443913043479,32320.6,45907.83,40323.043913043475,37447.59
1423,23,15429.130000000005,7292.0413043478275,37558.35,52987.48,44850.39130434783,42590.57
1461,23,10436.949999999997,7028.909565217391,38120.0,48556.95,45148.90956521739,43277.87
1477,23,12881.379999999997,9161.161739130433,42320.58,55201.96,51481.74173913044,47322.41
1493,23,12064.480000000003,8013.872608695652,26283.89,38348.37,34297.76260869565,31458.76
1525,23,14580.589999999997,8376.91913043478,34060.55,48641.14,42437.46913043479,39283.93
1685,23,11246.690000000002,7732.289130434782,30150.32,41397.01,37882.60913043479,35234.91
1921,23,195887.13,152569.99913043476,793012.25,988899.38,945582.2491304346,880309.75
1227,23,601354.5,206877.91086956518,387544.88,988899.38,594422.7908695653,430305.09
1838,23,12133.48,7617.32608695652,30389.34,42522.82,38006.666086956524,36053.13
1851,23,10152.469999999998,6350.787391304349,31374.49,41526.96,37725.27739130436,36793.67
2148,23,328501.25,143176.9408695652,379970.25,708471.5,523147.19086956524,439984.91
28,23,12626.36,7682.828695652175,39403.42,52029.78,47086.24869565218,44415.61
282,23,834928.13,383602.8021739131,65169.12,900097.25,448771.9221739131,79699.56
666,23,733239.64,276918.3691304348,59772.61,793012.25,336690.97913043475,72958.16
762,23,861367.53,338635.5469565218,59416.6,920784.13,398052.14695652167,76838.91
906,23,834510.6,353476.96347826085,65586.65,900097.25,419063.6134782609,76288.51
2198,22,378274.19,215838.64363636365,521823.06,900097.25,737661.7036363636,575017.88
1528,22,593479.8200000001,276728.5554545455,395419.56,988899.38,672148.1154545455,439984.91
1768,22,560136.78,266471.25727272726,339960.47,900097.25,606431.7272727272,387544.88
129,22,30786.48999999999,16286.276363636362,89534.38,120320.87,105820.65636363634,99687.32
1925,22,256641.68999999994,209335.42409090901,708471.5,965113.19,917806.9240909092,861364.44
41,22,23429.489999999998,12899.51681818182,62370.57,85800.06,75270.08681818181,70346.52
73,22,44809.73000000001,26591.840454545458,132097.22,176906.95,158689.06045454543,145616.44
46,22,41426.640000000014,22537.0490909091,110345.59,151772.23,132882.63909090907,121579.19
47,22,41426.640000000014,22537.0490909091,110345.59,151772.23,132882.63909090907,121579.19
1208,22,516813.41000000003,227301.01772727276,425619.72,942433.13,652920.7377272727,477494.09
1334,22,79748.86,27292.27727272727,65867.58,145616.44,93159.85727272728,73981.77
2044,22,280427.88,190274.0259090909,708471.5,988899.38,898745.5259090909,793012.25
1031,22,21637.229999999996,12573.30727272727,36847.48,58484.71,49420.78727272726,41986.96
1171,22,27595.98999999999,14825.575454545451,86025.24,113621.23,100850.81545454543,94632.04
1306,22,24529.739999999998,10634.216818181822,54582.74,79112.48,65216.95681818181,60374.14
1317,22,23778.28,10437.147727272728,58141.67,81919.95,68578.81772727273,64212.57
1319,22,21844.670000000006,10077.347272727273,54994.24,76838.91,65071.58727272728,60495.69
1323,22,19960.740000000005,9257.955454545458,56693.92,76654.66,65951.87545454547,62370.57
1345,22,11098.3,7105.999545454543,31628.31,42726.61,38734.30954545454,36739.99
1364,22,14902.349999999995,9890.884090909087,31082.24,45984.59,40973.12409090909,36793.67
1382,22,50373.630000000005,23974.96272727273,41139.08,91512.71,65114.04272727272,47565.14
1430,22,60986.09,28156.569999999992,48305.81,109291.9,76462.37999999999,57132.8
1478,22,45793.100000000006,19800.114545454548,48305.81,94098.91,68105.92454545455,55621.39
1526,22,71773.89,21555.48090909091,39644.14,111418.03,61199.62090909092,45907.83
1718,22,60433.6,19997.065,42590.57,103024.17,62587.63500000001,48725.57
2006,22,97114.15999999999,21717.702272727274,40630.89,137745.05,62348.59227272728,46293.73
2085,22,10467.150000000001,7042.152272727276,26219.28,36686.43,33261.432272727274,31332.49
2102,22,60257.27,19578.495909090907,35184.73,95442.0,54763.22590909091,41203.32
1228,22,562462.88,224277.27363636362,379970.25,942433.13,604247.5236363637,421032.91
1235,22,397592.69,202013.7340909091,395419.56,793012.25,597433.2940909092,439984.91
1829,22,11583.700000000004,8334.43863636364,28921.71,40505.41,37256.148636363636,34252.03
1853,22,9504.550000000003,6444.858636363637,30876.0,40380.55,37320.858636363635,36053.13
1867,22,9464.580000000002,6159.1409090909065,31040.83,40505.41,37199.97090909092,36157.48
810,22,816897.95,371756.02454545454,63411.8,880309.75,435167.8245454546,73981.77
954,22,776674.6299999999,430939.7695454545,84689.81,861364.44,515629.5795454545,110700.96
474,22,923312.73,396090.17590909085,65586.65,988899.38,461676.8259090909,73296.59
1870,22,43874.58,23055.656363636357,91765.55,135640.13,114821.20636363636,105581.22
1871,22,43874.58,23055.656363636357,91765.55,135640.13,114821.20636363636,105581.22
2191,21,517142.04,232608.87238095235,471757.34,988899.38,704366.2123809524,521823.06
184,21,292817.5,239690.5404761905,696081.88,988899.38,935772.4204761904,793012.25
472,21,540349.28,197945.99190476193,339960.47,880309.75,537906.461904762,379970.25
126,21,31332.940000000002,15859.533809523808,88573.8,119906.74,104433.33380952381,97948.88
1385,21,38961.12,15995.959047619051,55939.52,94900.64,71935.47904761905,61608.8
2105,21,19738.979999999996,11111.235238095238,47565.14,67304.12,58676.37523809524,52600.88
2035,21,195887.13,151633.55857142856,793012.25,988899.38,944645.8085714284,942433.13
1076,21,17860.509999999995,12658.496666666664,34836.58,52697.09,47495.07666666667,41657.55
1191,21,22772.770000000004,13684.06047619048,77209.76,99982.53,90893.82047619045,86251.47
1301,21,27976.000000000007,12232.842380952381,55201.96,83177.96,67434.80238095237,61109.78
1311,21,22998.240000000005,9335.899523809527,55727.09,78725.33,65062.989523809534,61358.41
1371,21,12736.059999999998,7249.606190476193,31971.61,44707.67,39221.21619047619,37009.64
1397,21,16853.25,8443.687619047618,34156.08,51009.33,42599.76761904761,39283.93
1534,21,24596.039999999994,15867.464285714283,89777.44,114373.48,105644.90428571429,99101.66
1535,21,24596.039999999994,15867.464285714283,89777.44,114373.48,105644.90428571429,99101.66
1622,21,62727.93,18898.55095238095,35794.29,98522.22,54692.840952380946,43277.87
1910,21,54417.72,16865.382380952382,34156.08,88573.8,51021.46238095238,39403.42
1989,21,10678.849999999995,7433.119047619046,31374.49,42053.34,38807.609047619044,36686.43
2294,21,502480.4099999999,178127.8114285714,358884.03,861364.44,537011.8414285714,407834.16
1824,21,10258.230000000003,6588.810952380953,31928.39,42186.62,38517.200952380954,37009.64
1828,21,14131.54,7709.320476190475,29146.33,43277.87,36855.65047619048,34542.39
1831,21,8269.57,5991.8233333333355,30309.35,38578.92,36301.17333333333,35640.36
1839,21,8956.270000000004,6170.983333333333,29680.64,38636.91,35851.62333333333,34689.0
1846,21,10394.650000000005,6428.365238095239,30110.76,40505.41,36539.125238095236,35285.2
1850,21,10041.240000000002,6331.410476190476,32145.38,42186.62,38476.79047619047,37172.92
1862,21,70105.1,22505.887619047622,39887.21,109992.31,62393.0976190476,48641.14
378,21,728799.68,343445.94523809524,64212.57,793012.25,407658.51523809525,76838.91
330,21,915941.22,439302.028095238,72958.16,988899.38,512260.1880952382,94632.04
2275,20,290215.77999999997,75250.79650000001,293282.41,583498.19,368533.2065,322883.13
1246,20,267595.81999999995,236534.4005,721303.56,988899.38,957837.9604999998,843208.31
1247,20,267595.81999999995,236534.4005,721303.56,988899.38,957837.9604999998,843208.31
376,20,654822.69,262202.74299999996,334076.69,988899.38,596279.433,372678.72
520,20,508460.97,194767.04299999995,284551.28,793012.25,479318.32300000003,317555.0
568,20,654822.69,213879.30949999997,334076.69,988899.38,547955.9995,369134.25
952,20,459064.16000000003,210671.63400000002,483368.97,942433.13,694040.604,543388.5
2051,20,226194.19000000006,174310.658,762705.19,988899.38,937015.848,861364.44
125,20,28663.209999999992,15870.015999999998,82754.82,111418.03,98624.836,91512.71
127,20,29628.270000000004,16375.001,89051.75,118680.02,105426.751,98522.22
164,20,23894.799999999996,13033.968499999999,48895.18,72789.98,61929.148499999996,54787.84
165,20,25513.699999999997,13963.065500000002,48641.14,74154.84,62604.20550000002,55621.39
1150,20,69539.84,36501.49850000001,162702.02,232241.86,199203.51849999998,180386.63
1151,20,69539.84,36501.49850000001,162702.02,232241.86,199203.51849999998,180386.63
2045,20,267595.81999999995,218985.6274999999,721303.56,988899.38,940289.1874999998,861364.44
992,20,188957.28999999998,51480.880500000014,102094.18,291051.47,153575.0605,112877.99
1155,20,23764.350000000006,14462.4465,86936.61,110700.96,101399.0565,97100.13
1344,20,11695.369999999999,6994.0549999999985,32145.38,43840.75,39139.435,37337.34
1368,20,11526.5,6652.752499999997,30794.08,42320.58,37446.832500000004,35845.82
1392,20,10846.799999999996,6808.899499999995,36314.91,47161.71,43123.809499999996,41526.96
1402,20,11454.789999999994,7284.394999999997,34300.16,45754.95,41584.55499999999,39644.14
1486,20,42229.32000000001,24750.487499999996,112143.66,154372.98,136894.14749999996,125056.52
1487,20,42229.32000000001,24750.487499999996,112143.66,154372.98,136894.14749999996,125056.52
1589,20,10512.809999999998,6994.492499999998,21676.24,32189.05,28670.732500000002,26742.69
1703,20,10106.640000000007,6891.922500000003,33310.84,43417.48,40202.762500000004,38348.37
2098,20,8513.969999999998,6163.798000000001,27695.87,36209.84,33859.668,32765.05
2190,20,538820.72,217156.47599999997,403612.41,942433.13,620768.8859999999,450099.75
1237,20,528219.79,203299.908,460679.59,988899.38,663979.4979999999,508356.06
1378,20,12917.04,8002.742000000001,32990.79,45907.83,40993.532,38233.91
1690,20,10044.499999999996,6719.548999999999,30712.49,40756.99,37432.039000000004,35845.82
1825,20,11098.3,6488.847500000001,31628.31,42726.61,38117.157499999994,36901.41
1832,20,9214.130000000005,6011.513000000001,30309.35,39523.48,36320.863,35335.6
1837,20,9800.0,6700.782000000002,29603.42,39403.42,36304.202,35234.91
1848,20,8712.379999999997,5828.5525,30631.22,39343.6,36459.77250000001,35691.55
1726,20,30200.240000000005,18432.21,98522.22,128722.46,116954.43000000001,108599.64
1727,20,30200.240000000005,18432.21,98522.22,128722.46,116954.43000000001,108599.64
30,20,16434.519999999997,8608.664999999999,39826.22,56260.74,48434.884999999995,45226.35
426,20,914917.61,407911.21800000005,73981.77,988899.38,481892.98800000007,250766.73
2020,20,120470.56000000006,120470.56000000006,672541.69,793012.25,793012.25,793012.25
2158,20,207830.88,205714.08599999998,734602.25,942433.13,940316.3359999999,900097.25
2159,20,207830.88,205714.08599999998,734602.25,942433.13,940316.3359999999,900097.25
616,19,560770.39,190590.42157894737,232241.86,793012.25,422832.2815789474,266631.75
760,19,695616.97,175472.01578947372,293282.41,988899.38,468754.4257894737,334076.69
904,19,657691.04,207545.8236842105,331208.34,988899.38,538754.1636842105,387544.88
122,19,28490.42,17277.65684210527,85130.81,113621.23,102408.46684210526,97381.57
123,19,27569.22,15765.143157894736,88336.55,115905.77,104101.69315789474,97664.48
181,19,28932.469999999994,16513.562105263154,52987.48,81919.95,69501.04210526317,60617.66
1240,19,327549.0,194375.07684210525,661350.38,988899.38,855725.4568421054,734602.25
1241,19,327549.0,194375.07684210525,661350.38,988899.38,855725.4568421054,734602.25
1481,19,38029.83,16155.709473684212,65307.78,103337.61,81463.4894736842,72958.16
1865,19,24893.310000000005,13024.902105263156,55201.96,80095.27,68226.86210526316,61483.39
1913,19,18383.58,9839.666315789473,47484.0,65867.58,57323.66631578947,52697.09
1940,19,327549.0,157759.26263157892,661350.38,988899.38,819109.6426315788,734602.25
1952,19,226194.19000000006,151968.7915789474,762705.19,988899.38,914673.9815789475,880309.75
1308,19,21962.39,9165.169473684211,55621.39,77583.78,64786.55947368422,61483.39
1325,19,19448.799999999996,9211.624736842103,56476.62,75925.42,65688.2447368421,62370.57
1419,19,13438.11,7487.100526315789,37118.37,50556.48,44605.47052631579,42455.23
1460,19,9259.18,6344.529473684209,38063.23,47322.41,44407.75947368421,43277.87
2069,19,9946.460000000003,7359.81894736842,23642.52,33588.98,31002.338947368426,28847.41
2084,19,9485.470000000001,7081.745789473684,26154.89,35640.36,33236.63578947368,31206.99
711,19,12953.119999999995,7025.268421052629,25741.9,38695.02,32767.168421052636,30794.08
1694,19,10269.970000000001,6547.27157894737,32320.6,42590.57,38867.871578947364,37392.4
1696,19,11111.779999999999,6343.87947368421,33449.47,44561.25,39793.34947368421,38463.37
1701,19,11898.089999999997,7439.388947368418,33403.16,45301.25,40842.54894736842,38463.37
1835,19,9213.46,6217.755263157896,30189.96,39403.42,36407.71526315789,35285.2
615,19,11259.119999999999,6582.153684210529,24794.01,36053.13,31376.163684210533,29992.53
1670,19,68269.98,18284.331578947364,31123.74,99393.72,49408.07157894736,37447.59
1766,19,49344.700000000004,15416.576842105262,32990.79,82335.49,48407.366842105264,39644.14
1814,19,44184.770000000004,13991.396315789476,28773.39,72958.16,42764.786315789475,34836.58
2046,19,327549.0,196010.4352631579,661350.38,988899.38,857360.8152631578,734602.25
1678,19,28045.520000000004,16063.55578947369,77209.76,105255.28,93273.31578947367,87167.16
1679,19,28045.520000000004,16063.55578947369,77209.76,105255.28,93273.31578947367,87167.16
2014,19,36796.630000000005,17522.34315789474,93834.39,130631.02,111356.73315789475,103969.71
2015,19,36796.630000000005,17522.34315789474,93834.39,130631.02,111356.73315789475,103969.71
27,19,12537.289999999994,7776.767894736838,40256.3,52793.59,48033.067894736836,45602.89
1144,18,165282.55999999994,104525.05777777778,696081.88,861364.44,800606.9377777777,793012.25
1936,18,226194.19000000006,152013.7177777778,762705.19,988899.38,914718.9077777778,843208.31
2279,18,257688.47000000003,70916.63944444446,293282.41,550970.88,364199.0494444444,322883.13
424,18,608929.13,202912.87,379970.25,988899.38,582883.1199999999,430305.09
856,18,602472.66,201370.27833333335,339960.47,942433.13,541330.7483333334,403612.41
1480,18,456757.12999999995,250256.33055555556,508356.06,965113.19,758612.3905555555,566776.38
1864,18,547013.5700000001,260919.3016666667,395419.56,942433.13,656338.8616666668,439984.91
110,18,25799.679999999993,13029.497222222222,88573.8,114373.48,101603.29722222222,97948.88
1929,18,233961.63,146984.92166666666,708471.5,942433.13,855456.4216666667,793012.25
132,18,24086.84999999999,14526.927777777775,89534.38,113621.23,104061.30777777778,98811.18
154,18,17727.58,10953.463333333335,46216.13,63943.71,57169.59333333334,51841.71
155,18,19357.699999999997,10875.882222222219,44854.87,64212.57,55730.752222222225,51468.98
158,18,20010.559999999998,11966.410555555556,47001.92,67012.48,58968.330555555556,54582.74
161,18,19907.910000000003,11731.63666666667,46527.84,66435.75,58259.476666666655,52987.48
162,18,21331.340000000004,12576.186666666668,47161.71,68493.05,59737.896666666675,53975.16
163,18,17173.68,10416.566666666664,41657.55,58831.23,52074.11666666666,47161.71
167,18,22317.22,13910.539999999997,49151.41,71468.63,63061.94999999999,56912.64
170,18,18646.4,12415.939444444442,47646.51,66292.91,60062.44944444445,53280.57
172,18,20558.940000000002,12806.020555555557,47484.0,68042.94,60290.02055555556,52600.88
174,18,25855.61,14408.930555555555,48473.0,74328.61,62881.930555555555,55939.52
178,18,22972.440000000002,12844.700555555555,51009.33,73981.77,63854.03055555556,56585.1
188,18,51970.500000000015,35840.532777777786,102402.48,154372.98,138243.0127777778,113621.23
229,18,13597.190000000002,8182.330555555556,34542.39,48139.58,42724.72055555556,39583.74
32,18,766732.3999999999,252939.48722222215,94632.04,861364.44,347571.5272222222,105255.28
278,18,43423.6,14834.367222222221,34348.4,77772.0,49182.76722222222,39704.69
1433,18,41578.479999999996,18629.684444444443,63676.8,105255.28,82306.48444444445,71631.49
2009,18,23580.210000000006,11846.816666666671,55727.09,79307.3,67573.90666666668,61608.8
2296,18,416728.28,169765.99611111113,483368.97,900097.25,653134.9661111111,536008.31
2297,18,416728.28,169765.99611111113,483368.97,900097.25,653134.9661111111,536008.31
2041,18,226194.19000000006,171955.5016666667,762705.19,988899.38,934660.6916666667,880309.75
2194,18,517142.04,192012.70944444445,471757.34,988899.38,663770.0494444445,521823.06
1184,18,272793.89,135450.26111111112,167191.02,439984.91,302641.2811111111,187749.41
1300,18,23636.239999999998,10746.236666666671,56260.74,79896.98,67006.97666666665,61987.67
1305,18,23483.71,9764.934999999998,52987.48,76471.19,62752.415,58484.71
1331,18,16090.099999999991,7805.594444444442,49496.55,65586.65,57302.14444444444,54582.74
1332,18,15673.129999999997,7793.114444444444,48810.25,64483.38,56603.36444444444,54378.94
1350,18,13894.980000000003,9510.646111111111,26610.43,40505.41,36121.07611111111,31713.61
1353,18,15475.96,10619.558888888889,25154.93,40630.89,35774.48888888889,31082.24
1354,18,10636.510000000002,6680.801666666665,30631.22,41267.73,37312.02166666667,35640.36
1370,18,11413.879999999997,7007.472777777774,33588.98,45002.86,40596.45277777778,38695.02
1373,18,12530.350000000002,7246.850000000002,31885.26,44415.61,39132.11,36901.41
1393,18,12356.57,7078.715000000002,35949.24,48305.81,43027.955,41267.73
1396,18,14079.029999999999,8002.5694444444425,34060.55,48139.58,42063.11944444445,39283.93
1401,18,15034.75,9795.863333333333,29526.5,44561.25,39322.363333333335,35134.67
1445,18,10819.439999999995,7787.9861111111095,34935.51,45754.95,42723.496111111104,40132.67
1509,18,11571.439999999999,7528.64722222222,30349.31,41920.75,37877.95722222223,35640.36
1909,18,10527.309999999998,6608.529444444444,30229.68,40756.99,36838.209444444445,35234.91
2087,18,7790.260000000002,5986.090555555555,27145.25,34935.51,33131.34055555555,32232.81
2189,18,444767.72,204664.61,455329.53,900097.25,659994.14,521823.06
1236,18,367392.53,154869.7166666667,425619.72,793012.25,580489.4366666666,471757.34
1348,18,12867.200000000004,7437.37166666667,30550.28,43417.48,37987.651666666665,35640.36
1684,18,14101.61,8204.746666666668,29953.28,44054.89,38158.02666666667,35335.6
1833,18,10362.220000000001,6357.167777777779,28921.71,39283.93,35278.87777777777,34060.55
1973,18,10219.399999999998,7348.013888888889,29184.02,39403.42,36532.03388888889,34252.03
1988,18,9638.060000000001,7102.505555555557,31501.02,41139.08,38603.525555555556,37118.37
1822,18,20572.479999999996,14728.31888888889,71959.17,92531.65,86687.48888888888,81919.95
1823,18,20572.479999999996,14728.31888888889,71959.17,92531.65,86687.48888888888,81919.95
17,18,12545.96,8757.277777777776,38463.37,51009.33,47220.647777777776,44561.25
18,18,12380.690000000002,8145.984444444444,38811.68,51192.37,46957.66444444445,44126.66
2037,18,149420.88,109436.99333333333,793012.25,942433.13,902449.2433333333,900097.25
808,17,663286.69,219079.8817647059,325612.69,988899.38,544692.5717647058,369134.25
1720,17,528219.79,239548.24470588233,460679.59,988899.38,700227.8347058824,528822.38
114,17,33153.70999999999,15860.046470588233,87167.16,120320.87,103027.20647058824,98811.18
128,17,529148.3,231412.98882352942,205453.95,734602.25,436866.93882352946,226638.0
121,17,28268.369999999995,16901.81705882353,85352.86,113621.23,102254.67705882352,94364.8
144,17,19880.010000000002,11888.847058823529,46843.01,66723.02,58731.85705882353,52987.48
145,17,23179.949999999997,12396.426470588236,47484.0,70663.95,59880.42647058824,54176.42
146,17,20070.43,11883.35,48725.57,68796.0,60608.92,54480.68
151,17,21411.350000000006,12550.911764705887,47081.7,68493.05,59632.611764705885,52987.48
152,17,19552.83,10821.57411764706,45754.95,65307.78,56576.52411764705,51841.71
153,17,19433.83,11629.96294117647,47001.92,66435.75,58631.882941176475,52029.78
159,17,19656.770000000004,11663.317647058822,46922.36,66579.13,58585.67764705882,51935.61
168,17,18919.11,11440.73352941177,46527.84,65446.95,57968.57352941176,52029.78
169,17,21392.910000000003,13260.964705882356,47403.09,68796.0,60664.05470588236,54480.68
171,17,19588.240000000005,12887.76823529412,48305.81,67894.05,61193.57823529412,54685.13
173,17,18285.239999999998,11400.917058823528,47161.71,65446.95,58562.627058823535,53975.16
175,17,20962.070000000007,12809.382941176475,50021.84,70983.91,62831.22294117646,58028.08
177,17,17392.340000000004,11356.24411764706,51100.71,68493.05,62456.95411764706,58028.08
179,17,20571.260000000002,12338.395294117649,49933.65,70504.91,62272.04529411765,56368.51
180,17,22984.75,13111.156470588236,48810.25,71795.0,61921.406470588234,55621.39
187,17,18710.579999999994,11074.125294117644,49933.65,68644.23,61007.77529411765,55097.93
224,17,549978.02,199749.1288235294,79896.98,629875.0,279646.10882352944,89534.38
320,17,826287.83,186156.48470588238,73809.42,900097.25,259965.90470588233,82754.82
1673,17,17791.440000000002,9847.07411764706,44707.67,62499.11,54554.74411764706,50199.01
4,17,14101.79,10817.43,29526.5,43628.29,40343.92999999999,36739.99
1398,17,15860.259999999998,10656.782941176472,28847.41,44707.67,39504.19294117648,35640.36
1414,17,13896.480000000003,7174.98235294118,35949.24,49845.72,43124.22235294117,41139.08
1504,17,10263.080000000002,6461.527647058824,30876.0,41139.08,37337.52764705882,35897.47
1508,17,12389.02,7293.065294117648,30269.48,42658.5,37562.54529411765,35285.2
2060,17,961549.54,849170.1305882352,27349.84,988899.38,876519.9705882354,32855.06
2061,17,961549.54,849170.1305882352,27349.84,988899.38,876519.9705882354,32855.06
2062,17,961549.54,849170.1305882352,27349.84,988899.38,876519.9705882354,32855.06
2063,17,961549.54,849170.1305882352,27349.84,988899.38,876519.9705882354,32855.06
2068,17,11273.61,7285.942941176472,23366.42,34640.03,30652.36294117647,28553.0
2095,17,8957.589999999997,5997.396470588234,27836.08,36793.67,33833.47647058824,32855.06
1361,17,10512.880000000005,7037.352941176472,29992.53,40505.41,37029.882941176475,35034.87
1394,17,9784.309999999998,6961.205882352941,35742.86,45527.17,42704.06588235294,41267.73
1422,17,17254.380000000005,10239.318823529415,34493.74,51748.12,44733.05882352942,39644.14
1830,17,10541.669999999998,6504.822352941177,28921.71,39463.38,35426.532352941176,34108.26
1978,17,8429.91,6676.272352941176,29184.02,37613.93,35860.29235294118,34445.18
1984,17,7715.539999999997,6301.701176470588,32232.81,39948.35,38534.511176470594,37392.4
759,17,10563.64,7428.398823529412,26122.79,36686.43,33551.18882352942,31458.76
14,17,13532.079999999994,8484.338235294117,39165.01,52697.09,47649.34823529412,44854.87
19,17,11611.129999999997,7822.748823529409,39765.37,51376.5,47588.1188235294,45301.25
29,17,10561.79,7046.147647058824,39283.93,49845.72,46330.077647058824,44561.25
2271,16,215073.65000000002,66365.41250000003,293282.41,508356.06,359647.8225,322883.13
80,16,591456.6599999999,133701.94749999998,288853.09,880309.75,422555.03750000003,320197.59
124,16,23740.839999999997,17064.328125,86251.47,109992.31,103315.798125,95170.63
147,16,22173.660000000003,12781.911250000001,48810.25,70983.91,61592.161250000005,54685.13
148,16,23341.539999999994,12661.471874999996,47322.41,70663.95,59983.88187499999,54480.68
149,16,22288.549999999996,12392.568749999997,49670.62,71959.17,62063.18875,54787.84
150,16,18417.210000000006,11463.453750000002,48305.81,66723.02,59769.26375,53975.16
156,16,20003.089999999997,11792.59,48641.14,68644.23,60433.729999999996,54994.24
157,16,18504.1,12326.640624999996,47646.51,66150.61,59973.150624999995,55201.96
166,16,18848.339999999997,11589.378749999998,45907.83,64756.17,57497.208750000005,51654.79
190,16,57133.25,35606.169375,126864.97,183998.22,162471.13937499997,145026.52
191,16,57133.25,35606.169375,126864.97,183998.22,162471.13937499997,145026.52
213,16,19853.190000000002,8485.464375000001,29992.53,49845.72,38477.994374999995,35742.86
215,16,21476.450000000004,8320.782500000001,29992.53,51468.98,38313.3125,35234.91
236,16,34946.84,22624.072499999995,76471.19,111418.03,99095.2625,91010.8
951,16,42570.12,19028.854999999996,39765.37,82335.49,58794.225,45754.95
1529,16,25733.609999999993,13268.423124999998,53378.87,79112.48,66647.293125,59653.54
1721,16,31619.510000000002,14963.442499999997,57914.87,89534.38,72878.3125,64212.57
1136,16,334724.86000000004,125479.988125,125954.73,460679.59,251434.718125,139364.05
1299,16,22882.340000000004,9936.556249999998,58831.23,81713.57,68767.78625,64756.17
1302,16,24936.059999999998,10515.107500000002,54176.42,79112.48,64691.5275,59653.54
1322,16,17098.329999999994,9162.718749999996,56368.51,73466.84,65531.22875,62370.57
1324,16,14215.0,8636.9375,51935.61,66150.61,60572.5475,57465.76
1328,16,381968.26,75500.28249999999,119906.74,501875.0,195407.0225,133594.3
1357,16,10479.920000000002,6816.523125,30917.09,41397.01,37733.613125,35949.24
1366,16,11508.329999999998,7370.640624999999,31082.24,42590.57,38452.880625000005,36473.41
1399,16,11694.399999999994,6948.9337499999965,34060.55,45754.95,41009.48375,39165.01
1403,16,11218.830000000002,6800.543750000001,34689.0,45907.83,41489.543750000004,39765.37
1421,16,16549.590000000004,7881.503125000002,36632.99,53182.58,44514.493125,41657.55
1492,16,11530.29,8001.856250000001,27281.39,38811.68,35283.24625,32586.16
1520,16,875275.11,201782.41999999998,67158.02,942433.13,268940.44,73981.77
2196,16,563279.66,162327.11187500003,425619.72,988899.38,587946.8318749999,471757.34
1420,16,14335.020000000004,7893.003125000003,35335.6,49670.62,43228.603125,40380.55
1498,16,8602.489999999998,6528.4725,28191.18,36793.67,34719.652500000004,33310.84
1826,16,9403.29,6970.208125,31290.57,40693.86,38260.778125,36314.91
1836,16,11598.48,7814.172499999999,27213.2,38811.68,35027.3725,32945.45
1982,16,9067.05,6394.751875,31501.02,40568.07,37895.771875000006,36579.68
22,16,10401.419999999998,6957.6,38578.92,48980.34,45536.52,43840.75
24,16,10917.630000000005,7198.430625000001,38578.92,49496.55,45777.350625,43840.75
25,16,10975.600000000006,7377.799375000002,38695.02,49670.62,46072.819375,43840.75
36,16,11336.299999999996,7610.901249999996,40505.41,51841.71,48116.31125,45602.89
712,15,720384.94,213697.836,268514.44,988899.38,482212.276,312394.69
113,15,20624.949999999997,14271.298666666671,87631.56,108256.51,101902.85866666665,96820.16
120,15,24731.289999999994,15296.130666666668,84909.8,109641.09,100205.93066666667,94632.04
212,15,20545.370000000003,8305.557333333334,29564.92,50110.29,37870.47733333333,34640.03
327,15,24823.370000000003,13718.514,35794.29,60617.66,49512.804,43487.57
332,15,36037.08,26258.078,76106.58,112143.66,102364.658,91512.71
375,15,16932.6,9138.184666666668,30309.35,47241.95,39447.53466666667,35691.55
380,15,26526.40000000001,20257.030666666673,68644.23,95170.63,88901.26066666665,77209.76
423,15,24025.64,12134.764000000005,33776.39,57802.03,45911.154,40380.55
428,15,34247.28999999999,23889.733999999997,75745.02,109992.31,99634.754,88812.2
471,15,20472.989999999998,10779.965333333335,32320.6,52793.59,43100.565333333325,38233.91
476,15,33949.81,24732.649333333342,71959.17,105908.98,96691.81933333333,86251.47
524,15,22667.310000000005,17709.738000000005,62242.49,84909.8,79952.22800000003,73981.77
620,15,21982.109999999993,15968.519333333328,57914.87,79896.98,73883.38933333334,65307.78
716,15,24893.059999999998,17930.24533333333,61358.41,86251.47,79288.65533333334,71306.41
764,15,28895.940000000002,20759.99133333333,62114.86,91010.8,82874.85133333334,74854.26
812,15,36459.28,24498.974000000002,68796.0,105255.28,93294.97399999999,83177.96
860,15,55424.42999999999,30670.78933333333,70983.91,126408.34,101654.69933333335,87167.16
903,15,23099.160000000003,9308.013333333334,30876.0,53975.16,40184.013333333336,36053.13
908,15,53208.03,26101.669333333335,68796.0,122004.03,94897.66933333332,82127.26
944,15,294617.39,76782.95266666665,85352.86,379970.25,162135.81266666666,94098.91
949,15,34558.7,15928.322666666665,36105.25,70663.95,52033.57266666665,41139.08
950,15,37950.28,14729.958,43557.83,81508.11,58287.78799999999,48980.34
953,15,47493.090000000004,18671.50333333333,56476.62,103969.71,75148.12333333334,64212.57
956,15,92641.09,49879.88599999999,89534.38,182175.47,139414.26599999997,106570.16
1154,15,21432.479999999996,14085.727333333332,87167.16,108599.64,101252.88733333333,96820.16
1625,15,25675.960000000006,11578.118666666669,48305.81,73981.77,59883.92866666667,54787.84
1817,15,17576.259999999995,9020.584666666664,41139.08,58715.34,50159.664666666664,46293.73
1309,15,21812.690000000002,10104.604666666664,56912.64,78725.33,67017.24466666667,62628.1
1318,15,22892.200000000004,9870.594666666668,55833.13,78725.33,65703.72466666665,61483.39
1351,15,11217.61,7037.3740000000025,30309.35,41526.96,37346.724,35691.55
1352,15,10942.95,6988.78,30389.34,41332.29,37378.119999999995,35742.86
1355,15,10473.650000000001,6703.123999999997,30794.08,41267.73,37497.204000000005,35845.82
1359,15,10960.96,6822.496666666668,30631.22,41592.18,37453.71666666667,35845.82
1376,15,434027.45,97255.57266666666,74328.61,508356.06,171584.18266666666,82127.26
1404,15,11519.169999999998,6617.185333333336,34542.39,46061.56,41159.575333333334,39644.14
1472,15,857523.33,121797.68066666667,84909.8,942433.13,206707.48066666664,94632.04
1712,15,619356.14,111079.22466666668,64756.17,684112.31,175835.39466666666,71959.17
2193,15,428339.91,211550.09400000007,471757.34,900097.25,683307.434,521823.06
1374,15,17139.85,11441.375999999998,28921.71,46061.56,40363.086,34348.4
1711,15,11655.800000000003,6607.270000000001,34252.03,45907.83,40859.3,39343.6
1893,15,9066.420000000002,6115.584000000001,26676.44,35742.86,32792.024,32058.32
807,15,11968.009999999998,8233.676,28662.88,40630.89,36896.556,33776.39
2052,15,233961.63,219858.6793333333,708471.5,942433.13,928330.1793333335,793012.25
31,15,11655.620000000003,7066.534666666668,41526.96,53182.58,48593.49466666667,46527.84
35,15,11088.43,8145.54333333333,40380.55,51468.98,48526.09333333334,46684.98
2042,14,246351.25,202974.39142857143,696081.88,942433.13,899056.2714285717,777567.38
284,14,24220.910000000003,17842.23357142857,66292.91,90513.82,84135.14357142858,72958.16
572,14,36714.84999999999,23220.809999999998,67894.05,104608.9,91114.86,83604.98
1769,14,19907.910000000003,10927.850714285716,46527.84,66435.75,57455.690714285716,51654.79
1935,14,254297.13,191207.17785714281,734602.25,988899.38,925809.427857143,825793.38
1296,14,22833.620000000003,11390.517142857145,60132.29,82965.91,71522.80714285716,66150.61
1298,14,20914.010000000002,9742.264285714287,59181.26,80095.27,68923.52428571429,65169.12
1346,14,9685.940000000002,6854.00857142857,31971.61,41657.55,38825.61857142857,37009.64
1356,14,10814.469999999998,6777.824285714284,30712.49,41526.96,37490.31428571429,35794.29
1387,14,11325.02,7156.817857142857,32232.81,43557.83,39389.62785714286,37447.59
1400,14,11316.669999999998,6843.321428571427,34591.16,45907.83,41434.48142857144,39765.37
1405,14,10114.589999999997,6750.202142857144,35640.36,45754.95,42390.56214285714,40756.99
1407,14,12436.420000000006,7008.470000000003,34885.99,47322.41,41894.46,40071.08
1418,14,12119.29,7896.61714285714,39165.01,51284.3,47061.62714285714,44707.67
1454,14,9639.900000000001,6429.558571428571,38006.61,47646.51,44436.16857142856,43277.87
1856,14,879805.03,149846.73642857143,62628.1,942433.13,212474.83642857146,68948.35
2195,14,548914.47,180503.0164285714,439984.91,988899.38,620487.9264285713,508356.06
1362,14,10716.79,7326.9342857142865,29914.1,40630.89,37241.03428571428,35084.71
1372,14,10071.200000000004,7539.678571428575,30309.35,40380.55,37849.028571428564,35742.86
1428,14,11887.809999999998,7302.042857142857,34640.03,46527.84,41942.072857142855,39644.14
1456,14,8098.010000000002,6314.299999999998,39224.4,47322.41,45538.7,44415.61
1681,14,10562.93,6228.662857142857,33635.68,44198.61,39864.34285714285,38636.91
2144,14,553635.24,213412.92571428567,223932.14,777567.38,437345.06571428577,250766.73
614,14,32848.299999999996,11626.636428571432,27043.79,59892.09,38670.42642857142,32675.42
710,14,29719.039999999997,10650.849285714286,28996.3,58715.34,39647.149285714295,35034.87
7,14,8238.200000000004,6423.402857142862,37669.63,45907.83,44093.032857142854,42863.36
33,14,10222.729999999996,6784.057142857142,42186.62,52409.35,48970.67714285715,47322.41
664,13,606814.8400000001,200891.11538461538,293282.41,900097.25,494173.5253846154,334076.69
226,13,22157.099999999995,9098.03923076923,32630.74,54787.84,41728.77923076922,37669.63
197,13,19911.079999999998,8100.580000000001,30110.76,50021.84,38211.34,35845.82
210,13,19104.079999999998,7365.196153846156,28299.01,47403.09,35664.20615384616,33495.87
567,13,17760.51,9065.77769230769,30712.49,48473.0,39778.267692307694,36053.13
2043,13,195887.13,130198.96384615383,793012.25,988899.38,923211.213846154,900097.25
272,13,322237.1,87271.18384615386,65307.78,387544.88,152578.96384615387,72958.16
1297,13,20877.82,10211.652307692306,59416.6,80294.42,69628.25230769231,65586.65
1303,13,23491.309999999998,10940.256153846152,56803.11,80294.42,67743.36615384615,62628.1
1304,13,21538.410000000003,10105.896153846154,56803.11,78341.52,66909.00615384615,63280.01
1307,13,22740.86,9903.623076923073,57354.41,80095.27,67258.03307692308,63148.7
1363,13,10366.579999999994,7232.564615384614,33403.16,43769.74,40635.724615384606,38463.37
1416,13,11638.18,7392.967692307693,35845.82,47484.0,43238.78769230769,41139.08
1669,13,7995.680000000004,6126.66230769231,27695.87,35691.55,33822.53230769231,32720.19
2286,13,113117.94,66214.33923076923,278325.69,391443.63,344540.0292307692,317555.0
2291,13,161790.65000000002,69805.92461538462,268514.44,430305.09,338320.3646153846,295546.66
2302,13,216719.6299999999,178820.6507692307,748393.56,965113.19,927214.2107692306,861364.44
2303,13,216719.6299999999,178820.6507692307,748393.56,965113.19,927214.2107692306,861364.44
1347,13,9578.099999999999,6867.172307692312,32675.42,42253.52,39542.592307692306,37781.43
1395,13,9439.949999999997,6849.290000000002,37009.64,46449.59,43858.93000000001,42186.62
1463,13,7598.189999999995,6240.298461538459,38463.37,46061.56,44703.66846153846,43557.83
1483,13,6952.879999999997,5856.567692307691,38348.37,45301.25,44204.9376923077,43417.48
1682,13,8742.5,6451.675384615389,33310.84,42053.34,39762.515384615384,38405.8
1706,13,9851.39,6068.08692307692,34060.55,43911.94,40128.63692307693,39105.77
1714,13,10750.830000000002,6424.6938461538475,34252.03,45002.86,40676.72384615385,39283.93
1991,13,7150.090000000004,6140.515384615385,32014.92,39165.01,38155.43538461539,37392.4
1518,13,18607.0,10232.536923076921,26544.65,45151.65,36777.18692307693,31585.79
2288,13,501936.8400000001,174000.36769230771,182175.47,684112.31,356175.8376923077,213700.14
3,13,9600.170000000006,7644.897692307693,32855.06,42455.23,40499.95769230769,37893.76
519,13,16417.520000000004,8149.453076923078,27281.39,43698.91,35430.843076923076,32765.05
518,13,29582.27,12463.008461538462,30071.27,59653.54,42534.27846153846,35184.73
758,13,28165.059999999998,10288.996923076924,30550.28,58715.34,40839.27692307692,36262.32
806,13,28673.530000000002,10565.253846153848,31458.76,60132.29,42024.01384615385,36901.41
2074,13,7215.509999999998,5886.775384615384,24973.54,32189.05,30860.315384615387,29992.53
107,12,25739.429999999993,14093.54333333333,84252.88,109992.31,98346.42333333335,92789.56
185,12,20414.229999999996,14149.956666666665,66292.91,86707.14,80442.86666666665,72958.16
195,12,18865.33,7763.2891666666665,30631.22,49496.55,38394.50916666666,35845.82
196,12,19530.459999999995,7900.859166666664,29449.88,48980.34,37350.739166666666,34591.16
326,12,27319.600000000006,14893.975,39403.42,66723.02,54297.395,45831.29
334,12,28781.01000000001,20909.58333333334,81919.95,110700.96,102829.53333333334,95170.63
335,12,28781.01000000001,20909.58333333334,81919.95,110700.96,102829.53333333334,95170.63
766,12,22472.619999999995,11147.857499999996,66579.13,89051.75,77726.9875,73637.78
767,12,22472.619999999995,11147.857499999996,66579.13,89051.75,77726.9875,73637.78
862,12,44090.11,18532.573333333334,78341.52,122431.63,96874.09333333332,86707.14
863,12,44090.11,18532.573333333334,78341.52,122431.63,96874.09333333332,86707.14
958,12,71001.91,34863.16583333334,98522.22,169524.13,133385.38583333333,111418.03
959,12,71001.91,34863.16583333334,98522.22,169524.13,133385.38583333333,111418.03
855,12,24204.809999999998,12217.226666666664,31416.58,55621.39,43633.806666666664,36579.68
1320,12,16911.910000000003,9200.631666666666,56046.25,72958.16,65246.88166666666,61734.65
1435,12,12015.229999999996,7430.849999999999,38006.61,50021.84,45437.46,43277.87
1466,12,7087.620000000003,5693.8,39283.93,46371.55,44977.73,44415.61
1471,12,9069.580000000002,6316.532500000001,39403.42,48473.0,45719.95249999999,44561.25
1510,12,10018.68,6409.875833333332,29146.33,39165.01,35556.20583333333,34252.03
1616,12,836685.45,154360.18916666665,63411.8,900097.25,217771.98916666664,70031.56
1621,12,11295.269999999997,6953.412500000001,30958.25,42253.52,37911.6625,36262.32
1664,12,127399.15,37866.00833333333,52987.48,180386.63,90853.48833333334,59298.73
2000,12,578299.0399999999,143768.95083333334,61734.65,640033.69,205503.60083333333,68493.05
2096,12,648579.41,201489.74,59892.09,708471.5,261381.83,69101.3
896,12,299787.26,72338.00833333335,65867.58,365654.84,138205.58833333335,73637.78
1410,12,13021.149999999994,7562.997499999998,34060.55,47081.7,41623.5475,39283.93
1417,12,11350.86,6902.589166666669,34252.03,45602.89,41154.619166666664,39283.93
1444,12,13575.339999999997,8346.826666666664,35234.91,48810.25,43581.736666666664,40256.3
1680,12,9709.189999999995,6584.794999999998,34060.55,43769.74,40645.344999999994,39283.93
1683,12,9309.220000000001,6684.168333333332,34108.26,43417.48,40792.42833333334,39523.48
1702,12,10309.850000000002,6059.812499999999,32145.38,42455.23,38205.1925,37227.6
1877,12,7451.139999999999,6218.041666666664,24913.49,32364.63,31131.531666666666,29992.53
1892,12,9338.809999999998,6095.936666666666,26610.43,35949.24,32706.366666666665,31971.61
1999,12,8592.310000000005,6304.90416666667,32675.42,41267.73,38980.324166666665,38063.23
1827,12,9577.719999999998,7437.938333333334,32145.38,41723.1,39583.318333333336,37781.43
2080,12,7611.43,6081.121666666666,26544.65,34156.08,32625.771666666664,31628.31
8,12,8938.689999999995,6421.5866666666625,38063.23,47001.92,44484.81666666667,43487.57
9,12,8923.960000000006,6482.348333333338,37447.59,46371.55,43929.938333333346,42658.5
10,12,10168.659999999996,6511.905833333333,38811.68,48980.34,45323.58583333334,43840.75
11,12,9372.29,6482.043333333332,37950.12,47322.41,44432.16333333333,43347.59
374,12,28271.96,11849.224999999999,33588.98,61860.94,45438.204999999994,39283.93
902,12,25219.469999999994,11674.701666666666,33495.87,58715.34,45170.57166666666,39283.93
2274,11,232969.96999999997,71842.28999999998,288853.09,521823.06,360695.38,322883.13
106,11,22445.33,15631.226363636368,85130.81,107576.14,100762.03636363638,94098.91
108,11,25422.410000000003,15343.428181818184,88573.8,113996.21,103917.22818181818,97948.88
118,11,21892.5,15303.474545454543,86707.14,108599.64,102010.61454545452,97381.57
325,11,13246.470000000001,8760.131818181819,31756.39,45002.86,40516.52181818182,37669.63
422,11,23715.04,12104.273636363632,37893.76,61608.8,49998.03363636364,43277.87
478,11,25009.020000000004,15844.920000000002,74678.3,99687.32,90523.22000000002,83177.96
479,11,25009.020000000004,15844.920000000002,74678.3,99687.32,90523.22000000002,83177.96
470,11,24407.190000000002,12017.19090909091,35845.82,60253.01,47863.010909090895,41267.73
1511,11,9527.239999999998,6920.851818181816,31040.83,40568.07,37961.681818181816,36157.48
2091,11,7207.000000000004,5680.019090909092,27384.16,34591.16,33064.179090909085,32586.16
2093,11,7505.890000000003,5780.327272727276,26842.51,34348.4,32622.837272727276,31928.39
2290,11,215810.72000000003,87990.17999999996,320197.59,536008.31,408187.7700000001,358884.03
2292,11,122770.53999999998,71203.27363636362,264774.34,387544.88,335977.61363636365,293282.41
752,11,101218.62999999999,46437.329999999994,61483.39,162702.02,107920.71999999999,68192.39
848,11,484820.27,68669.85727272728,66150.61,550970.88,134820.46727272726,74678.3
1424,11,464719.41000000003,132232.56999999998,86251.47,550970.88,218484.04,97948.88
1427,11,11666.32,7505.909090909092,35335.6,47001.92,42841.50909090909,40380.55
1490,11,7924.560000000005,6171.245454545456,30309.35,38233.91,36480.59545454545,35640.36
1502,11,9964.730000000003,6817.929999999999,30229.68,40194.41,37047.60999999999,35285.2
2,11,8442.020000000004,6251.709090909092,37009.64,45451.66,43261.34909090909,42186.62
6,11,9211.589999999997,6359.395454545453,37950.12,47161.71,44309.51545454546,43557.83
15,11,10516.969999999994,6399.105454545453,38463.37,48980.34,44862.475454545456,43557.83
16,11,7388.93,6005.491818181818,37613.93,45002.86,43619.42181818182,42658.5
566,11,32896.64000000001,12292.224545454548,33682.49,66579.13,45974.714545454546,39523.48
853,11,17870.379999999997,9005.522727272728,28191.18,46061.56,37196.70272727273,33495.87
912,11,34121.8,16994.223636363633,33036.22,67158.02,50030.443636363634,41526.96
913,11,35084.04,16627.04909090909,32810.01,67894.05,49437.05909090909,41397.01
914,11,34991.58,16550.44545454545,30876.0,65867.58,47426.44545454546,37781.43
915,11,36030.95,16838.227272727272,32765.05,68796.0,49603.277272727275,40132.67
916,11,39693.2,18561.11181818182,32101.8,71795.0,50662.91181818182,40256.3
917,11,41827.68000000001,17617.637272727272,32675.42,74503.1,50293.057272727274,40318.35
918,11,30525.14,15104.029999999999,30958.25,61483.39,46062.280000000006,38811.68
919,11,31148.45,15612.161818181816,30712.49,61860.94,46324.65181818181,38291.07
920,11,28203.9,15099.564545454547,31928.39,60132.29,47027.954545454544,39523.48
921,11,29539.14,14473.270909090912,30835.0,60374.14,45308.270909090905,38405.8
922,11,29899.650000000005,15729.629090909095,31458.76,61358.41,47188.38909090909,39704.69
923,11,29386.800000000003,15156.32818181818,31971.61,61358.41,47127.93818181819,40194.41
924,11,29702.83,14105.889090909093,30429.46,60132.29,44535.3490909091,37725.46
925,11,30232.63,14776.32181818182,31628.31,61860.94,46404.63181818182,39283.93
926,11,29090.44,16112.611818181818,26742.69,55833.13,42855.301818181826,34689.0
927,11,26722.68,13955.07181818182,30189.96,56912.64,44145.03181818182,37725.46
928,11,31831.910000000003,17092.418181818182,29526.5,61358.41,46618.91818181818,37781.43
929,11,29111.92,15411.810909090913,29603.42,58715.34,45015.23090909091,36473.41
930,11,24013.479999999996,13529.37909090909,31713.61,55727.09,45242.98909090908,38463.37
931,11,30549.420000000006,15090.790909090912,33127.38,63676.8,48218.170909090906,40442.9
932,11,18842.060000000005,10928.39363636364,30309.35,49151.41,41237.74363636363,36157.48
933,11,24204.819999999996,12853.369090909087,31628.31,55833.13,44481.679090909085,38578.92
934,11,23413.349999999995,12781.45,31374.49,54787.84,44155.939999999995,37337.34
935,11,14037.689999999999,9334.050909090907,29449.88,43487.57,38783.93090909091,34542.39
936,11,23244.479999999996,12930.881818181819,31543.36,54787.84,44474.241818181814,38695.02
937,11,23736.13,13152.37,31885.26,55621.39,45037.63,38521.08
938,11,24196.130000000005,14213.538181818185,34985.13,59181.26,49198.66818181818,42320.58
939,11,22264.440000000002,12994.277272727277,33356.95,55621.39,46351.22727272728,39765.37
940,11,26382.310000000005,14277.553636363638,33870.7,60253.01,48148.25363636363,40883.72
941,11,24318.190000000002,13814.179999999998,33036.22,57354.41,46850.4,40756.99
942,11,34117.66,15884.604545454546,33776.39,67894.05,49660.99454545454,41397.01
943,11,28874.509999999995,15744.366363636362,34935.51,63810.02,50679.876363636366,43277.87
945,11,25911.700000000004,12781.483636363637,35949.24,61860.94,48730.72363636363,41526.96
946,11,18986.65,13001.021818181818,32855.06,51841.71,45856.08181818182,40380.55
947,11,23073.46,13743.395454545453,33403.16,56476.62,47146.55545454545,40505.41
948,11,24081.119999999995,13733.831818181818,34060.55,58141.67,47794.38181818183,41592.18
955,11,25977.4,14341.408181818186,34396.74,60374.14,48738.148181818186,41203.32
2282,10,152254.84000000003,80364.81000000001,297844.91,450099.75,378209.72,334076.69
2273,10,242725.90000000008,65186.98300000003,293282.41,536008.31,358469.393,322883.13
2277,10,274672.93999999994,100400.95300000001,317555.0,592227.94,417955.95300000004,358884.03
104,10,23540.22,14348.328,84035.92,107576.14,98384.248,93048.8
109,10,26226.699999999997,14198.989000000007,89292.48,115519.18,103491.46900000001,98234.78
112,10,22077.72,13770.774,77023.94,99101.66,90794.71399999999,85575.93
90,10,187206.06,100802.41099999996,284551.28,471757.34,385353.691,328387.41
94,10,105767.5,46704.076000000015,297844.91,403612.41,344548.986,328387.41
95,10,105767.5,46704.076000000015,297844.91,403612.41,344548.986,328387.41
192,10,18625.17,7880.489000000001,29680.64,48305.81,37561.129,35034.87
194,10,19720.95,8382.880000000001,30389.34,50110.29,38772.22000000001,36157.48
209,10,18630.679999999997,7628.043,28371.24,47001.92,35999.28300000001,33542.38
211,10,8439.649999999998,6307.286999999998,20556.65,28996.3,26863.936999999998,25710.52
217,10,20384.690000000002,7583.764000000001,29992.53,50377.22,37576.29400000001,35034.87
218,10,23727.239999999998,8242.3,30550.28,54277.52,38792.579999999994,35949.24
219,10,21265.45,8152.078000000003,30389.34,51654.79,38541.418000000005,35640.36
227,10,7579.639999999999,6137.359999999999,31290.57,38870.21,37427.93000000001,36420.45
228,10,8482.650000000001,6526.641999999998,31040.83,39523.48,37567.471999999994,36053.13
238,10,24839.09999999999,18496.695999999996,89534.38,114373.48,108031.076,102402.48
239,10,24839.09999999999,18496.695999999996,89534.38,114373.48,108031.076,102402.48
814,10,15730.770000000004,11042.526000000009,75030.93,90761.7,86073.456,82754.82
815,10,15730.770000000004,11042.526000000009,75030.93,90761.7,86073.456,82754.82
910,10,43341.34,18838.82699999999,75745.02,119086.36,94583.847,86478.77
911,10,43341.34,18838.82699999999,75745.02,119086.36,94583.847,86478.77
2278,10,226275.63,87338.245,302546.75,528822.38,389884.995,334076.69
1185,10,27931.59999999999,15075.576999999996,79307.3,107238.9,94382.87700000001,87631.56
1313,10,19160.6,10009.329000000002,54994.24,74154.84,65003.56900000002,61109.78
1321,10,14155.099999999999,8287.315999999997,48473.0,62628.1,56760.316000000006,54277.52
1494,10,10737.64,7020.804000000001,27043.79,37781.43,34064.594,32232.81
2090,10,6422.759999999998,5648.714,28119.63,34542.39,33768.344,33127.38
1693,10,8335.259999999998,6262.6849999999995,32232.81,40568.07,38495.494999999995,37447.59
1888,10,8059.610000000001,5819.752999999999,26875.9,34935.51,32695.653000000002,31885.26
2078,10,8478.699999999997,6248.975999999998,25773.33,34252.03,32022.305999999993,30876.0
800,10,169740.82,59131.920000000006,63943.71,233684.53,123075.63,71795.0
1614,10,13737.84,8183.598999999999,24382.16,38120.0,32565.759,29953.28
1710,10,14319.150000000001,10999.755000000001,28407.46,42726.61,39407.215000000004,33729.39
1854,10,15957.64,12028.588,25963.11,41920.75,37991.698,32320.6
1918,10,18988.25,12375.344000000003,84035.92,103024.17,96411.264,92531.65
1919,10,18988.25,12375.344000000003,84035.92,103024.17,96411.264,92531.65
5,10,9068.519999999997,7200.1320000000005,36686.43,45754.95,43886.562,41986.96
2094,10,13725.18,10208.487000000001,23284.46,37009.64,33492.947,29992.53
43,10,10306.68,6946.3960000000025,41723.1,52029.78,48669.496,47081.7
805,10,9287.04,6807.19,26610.43,35897.47,33417.62,31713.61
2266,9,170974.27999999997,75241.16555555553,312394.69,483368.97,387635.85555555555,346048.91
2280,9,250106.09000000003,81985.53555555559,293282.41,543388.5,375267.9455555556,322883.13
111,9,23740.839999999997,14699.973333333335,86251.47,109992.31,100951.44333333334,95170.63
225,9,22713.519999999997,10604.414444444443,31971.61,54685.13,42576.02444444444,37118.37
206,9,18314.3,8119.375555555556,28847.41,47161.71,36966.785555555565,34252.03
233,9,19092.699999999997,10102.24444444444,43277.87,62370.57,53380.11444444445,48305.81
286,9,17893.61,10990.308888888889,76471.19,94364.8,87461.49888888889,86251.47
287,9,17893.61,10990.308888888889,76471.19,94364.8,87461.49888888889,86251.47
292,9,14224.880000000001,8408.682222222224,27695.87,41920.75,36104.55222222222,32765.05
309,9,12203.989999999998,8251.205555555556,28553.0,40756.99,36804.205555555556,34060.55
311,9,11983.599999999999,7713.843333333334,28773.39,40756.99,36487.23333333334,33776.39
416,9,598903.9099999999,147508.0522222222,73637.78,672541.69,221145.83222222223,81713.57
668,9,24927.170000000013,12739.85222222223,65586.65,90513.82,78326.50222222222,72622.48
1469,9,9051.799999999996,6488.015555555553,37950.12,47001.92,44438.13555555555,43277.87
1522,9,10911.870000000003,7256.381111111112,31543.36,42455.23,38799.741111111114,36847.48
1760,9,574253.61,108105.43333333333,55621.39,629875.0,163726.82333333333,61734.65
1765,9,8376.419999999998,6506.062222222223,29071.17,37447.59,35577.23222222222,34252.03
1904,9,486911.88,131423.90777777776,56476.62,543388.5,187900.52777777778,64619.52
1926,9,127534.94000000006,127534.94000000005,861364.44,988899.38,988899.38,988899.38
2070,9,7286.59,5953.485555555553,23754.24,31040.83,29707.72555555556,28773.39
2284,9,158783.82,81798.55222222224,276308.56,435092.38,358107.11222222226,314954.38
464,9,204165.36,83717.98,68192.39,272357.75,151910.37,81919.95
1450,9,6689.270000000004,6005.613333333336,37009.64,43698.91,43015.253333333334,42186.62
1474,9,8200.07,6591.943333333333,39283.93,47484.0,45875.87333333333,44415.61
1489,9,9836.809999999998,6354.005555555554,30794.08,40630.89,37148.08555555556,35949.24
1686,9,10548.370000000003,6576.451111111112,30590.71,41139.08,37167.161111111105,35742.86
1691,9,8360.030000000002,5981.23222222222,32145.38,40505.41,38126.612222222226,37337.34
1707,9,8866.25,6211.605555555552,33588.98,42455.23,39800.58555555555,38811.68
1709,9,9415.770000000004,6305.28555555556,33310.84,42726.61,39616.12555555555,38405.8
1882,9,7002.18,5673.242222222221,24498.84,31501.02,30172.08222222222,29526.5
2065,9,7692.1500000000015,5618.556666666669,26511.85,34204.0,32130.40666666667,31543.36
2107,9,6545.190000000002,5454.523333333334,27043.79,33588.98,32498.313333333335,32058.32
1516,9,12997.2,7347.476666666667,28335.09,41332.29,35682.56666666668,33403.16
1733,9,6748.600000000002,5719.891111111112,23923.21,30671.81,29643.101111111107,28958.97
1970,9,7585.82,6055.851111111112,32058.32,39644.14,38114.171111111114,37118.37
1998,9,15762.009999999998,13871.00111111111,26026.81,41788.82,39897.81111111111,37502.91
0,9,11175.170000000002,8514.154444444446,21455.57,32630.74,29969.724444444448,27906.57
1470,9,14602.300000000003,11843.803333333337,33870.7,48473.0,45714.50333333333,42455.23
854,9,26476.620000000003,14633.81888888889,33776.39,60253.01,48410.20888888889,40132.67
820,9,12504.510000000002,7883.89888888889,21651.57,34156.08,29535.468888888892,26775.9
842,9,11674.480000000003,6991.135555555556,26219.28,37893.76,33210.415555555555,31458.76
2258,8,174279.37,70775.39249999999,334076.69,508356.06,404852.0825,369134.25
103,8,22009.53,15989.987500000003,87631.56,109641.09,103621.5475,97381.57
96,8,14356.14,10447.522499999997,76654.66,91010.8,87102.1825,84909.8
101,8,17989.36,14000.745000000004,90267.15,108256.51,104267.89499999999,101179.34
198,8,19579.239999999998,8167.389999999998,29146.33,48725.57,37313.72,34640.03
199,8,19360.37,8233.917500000001,29449.88,48810.25,37683.7975,35234.91
201,8,19217.870000000003,7813.078750000001,28921.71,48139.58,36734.78875,34156.08
204,8,19159.479999999996,7890.274999999998,29146.33,48305.81,37036.604999999996,34396.74
205,8,18314.3,7312.616249999999,28847.41,47161.71,36160.026249999995,34012.93
207,8,18326.110000000004,7431.985000000001,28996.3,47322.41,36428.285,34156.08
216,8,21863.920000000002,9069.69625,28335.09,50199.01,37404.786250000005,33635.68
220,8,21305.48,8805.818749999999,30349.31,51654.79,39155.12875,35949.24
222,8,19985.38,11755.0475,31206.99,51192.37,42962.0375,36686.43
223,8,21079.979999999996,10946.131249999999,31713.61,52793.59,42659.74125,36793.67
235,8,8596.64,6612.691250000001,31290.57,39887.21,37903.261249999996,36579.68
293,8,15755.880000000001,9124.297500000004,28299.01,44054.89,37423.3075,33588.98
305,8,21256.98,10276.32375,27384.16,48641.14,37660.48375,32765.05
306,8,21589.980000000003,10545.721250000002,27906.57,49496.55,38452.29125,33588.98
307,8,20960.230000000003,10398.010000000002,28191.18,49151.41,38589.19,33403.16
308,8,22583.13,10665.318749999999,28335.09,50918.22,39000.40875,33776.39
318,8,13141.040000000005,8090.387500000003,28516.51,41657.55,36606.89750000001,33776.39
382,8,12954.839999999997,11511.618749999996,73981.77,86936.61,85493.38875,81508.11
383,8,12954.839999999997,11511.618749999996,73981.77,86936.61,85493.38875,81508.11
430,8,20884.92,13444.633750000003,80294.42,101179.34,93739.05374999999,88573.8
431,8,20884.92,13444.633750000003,80294.42,101179.34,93739.05374999999,88573.8
857,8,20526.229999999996,10064.104999999996,43417.48,63943.71,53481.58499999999,49845.72
1315,8,21113.159999999996,12000.561249999997,59181.26,80294.42,71181.82125000001,65307.78
1411,8,13094.099999999999,8098.053749999999,38006.61,51100.71,46104.66374999999,43698.91
1446,8,7668.720000000001,6557.895000000002,34252.03,41920.75,40809.925,39523.48
1497,8,9192.020000000004,7163.75625,27281.39,36473.41,34445.146250000005,32586.16
1514,8,8935.009999999998,6693.460000000001,31885.26,40820.27,38578.72,37009.64
1519,8,10160.509999999998,7062.0,31628.31,41788.82,38690.31,36686.43
1630,8,16021.220000000001,11437.708750000005,87631.56,103652.78,99069.26875,96820.16
1631,8,16021.220000000001,11437.708750000005,87631.56,103652.78,99069.26875,96820.16
1808,8,432084.67,140996.77875,51284.3,483368.97,192281.07875,59181.26
1813,8,8065.590000000004,6201.723750000001,25523.39,33588.98,31725.11375,30550.28
2086,8,6431.27,5594.771250000001,26154.89,32586.16,31749.661249999997,31290.57
2088,8,6977.470000000001,5608.843750000001,26058.75,33036.22,31667.59375,31290.57
2276,8,255110.77999999997,97131.01625000002,328387.41,583498.19,425518.42625,362238.63
512,8,237518.57999999996,66941.25624999999,58028.08,295546.66,124969.33625,77209.76
608,8,73780.09,35796.88625,53084.88,126864.97,88881.76625,58484.71
704,8,79943.01999999999,36302.00625,57802.03,137745.05,94104.03625,64212.57
1380,8,8443.880000000001,7321.4662499999995,29449.88,37893.76,36771.34625,34640.03
1488,8,9027.779999999999,6461.043750000001,31290.57,40318.35,37751.613750000004,36526.48
1588,8,9268.449999999997,7972.2925,22616.81,31885.26,30589.1025,27977.33
1692,8,9052.21,6361.19875,30835.0,39887.21,37196.198749999996,35845.82
1972,8,12473.720000000001,8564.507500000002,29914.1,42387.82,38478.6075,34935.51
1990,8,7008.07,5884.8275,30550.28,37558.35,36435.1075,35742.86
1902,8,17028.219999999998,12687.44625,20419.37,37447.59,33106.81625,26219.28
1662,8,12776.41,11820.05875,18181.84,30958.25,30001.89875,28480.09
843,8,11570.610000000004,7234.576250000002,24586.87,36157.48,31821.44625,30071.27
2268,7,354986.68999999994,103024.30142857143,317555.0,672541.69,420579.30142857146,358884.03
98,7,18524.39,12801.380000000001,89051.75,107576.14,101853.12999999999,98522.22
99,7,20565.47,14838.908571428577,84689.81,105255.28,99528.71857142859,94098.91
100,7,21650.300000000003,16363.562857142864,83604.98,105255.28,99968.54285714286,93309.35
290,7,14319.150000000001,8733.815714285716,28407.46,42726.61,37141.275714285715,34060.55
291,7,14780.880000000001,8912.081428571428,28847.41,43628.29,37759.491428571426,34542.39
297,7,15684.36,8780.725714285714,25647.93,41332.29,34428.65571428571,30835.0
302,7,18547.35,10002.358571428573,27591.39,46138.74,37593.74857142857,32810.01
304,7,19927.31,9862.167142857143,27556.69,47484.0,37418.857142857145,32675.42
313,7,8638.400000000005,6420.377142857147,28263.01,36901.41,34683.387142857144,33449.47
314,7,9373.160000000003,6762.697142857143,30150.32,39523.48,36913.01714285715,36053.13
315,7,9117.07,6536.475714285713,27145.25,36262.32,33681.72571428572,32855.06
316,7,8637.699999999997,6677.371428571428,28699.64,37337.34,35377.01142857143,34252.03
319,7,8934.79,6105.298571428572,28958.97,37893.76,35064.26857142858,34300.16
322,7,9924.930000000004,7668.92428571429,30269.48,40194.41,37938.404285714285,36262.32
905,7,18787.35,9783.699999999999,43840.75,62628.1,53624.450000000004,48980.34
1425,7,13334.760000000002,7919.568571428575,38695.02,52029.78,46614.58857142857,43698.91
1449,7,8126.080000000002,6523.17285714286,34396.74,42522.82,40919.91285714286,39644.14
2285,7,186840.44,96205.13142857142,302546.75,489387.19,398751.8814285714,339960.47
560,7,400846.31000000006,89070.68571428573,65307.78,466154.09,154378.4657142857,71959.17
1409,7,12379.07,7837.7914285714305,33682.49,46061.56,41520.281428571434,39644.14
1441,7,6423.940000000002,5615.628571428574,38578.92,45002.86,44194.54857142857,43628.29
1447,7,6389.949999999997,5527.8571428571395,36473.41,42863.36,42001.267142857134,41526.96
1467,7,7096.1500000000015,5819.9914285714285,38811.68,45907.83,44631.67142857143,43983.32
1491,7,6448.939999999999,5882.47857142857,31332.49,37781.43,37214.96857142857,36793.67
1687,7,8818.480000000003,6125.077142857145,32320.6,41139.08,38445.677142857145,37502.91
1704,7,8247.470000000001,6066.7814285714285,32320.6,40568.07,38387.381428571425,37669.63
1980,7,6952.939999999999,5686.172857142858,28996.3,35949.24,34682.47285714285,34012.93
2066,7,6310.409999999996,5923.779999999997,26544.65,32855.06,32468.43,31928.39
656,7,301620.97,72446.38857142856,60617.66,362238.63,133064.04857142858,74678.3
1852,7,10975.930000000004,8903.857142857145,27660.98,38636.91,36564.83714285714,32945.45
1637,7,7044.740000000002,6140.518571428572,22101.59,29146.33,28242.108571428573,27281.39
1732,7,9947.489999999998,6886.352857142859,23923.21,33870.7,30809.562857142857,29071.17
1774,7,17359.37999999999,11985.654285714278,83819.96,101179.34,95805.6142857143,94098.91
1775,7,17359.37999999999,11985.654285714278,83819.96,101179.34,95805.6142857143,94098.91
1876,7,10536.620000000003,7308.245714285715,25154.93,35691.55,32463.175714285717,30917.09
1886,7,7852.0899999999965,6102.0885714285705,26544.65,34396.74,32646.738571428574,32058.32
1,7,7256.380000000001,5743.892857142857,31206.99,38463.37,36950.88285714286,36262.32
662,7,27702.989999999998,11357.651428571426,31713.61,59416.6,43071.26142857142,36901.41
1758,7,12482.14,10485.017142857145,20193.28,32675.42,30678.29714285714,25215.81
1806,7,10537.349999999999,9534.959999999997,18162.29,28699.64,27697.25,26090.74
13,7,11816.779999999999,7984.242857142855,39283.93,51100.71,47268.17285714286,45301.25
821,7,10876.219999999998,7478.00142857143,22434.62,33310.84,29912.62142857143,27695.87
835,7,11012.300000000003,7094.532857142859,23923.21,34935.51,31017.742857142854,28996.3
846,7,16640.24,8289.474285714285,24498.84,41139.08,32788.31428571428,29526.5
847,7,11462.399999999998,6955.644285714285,25710.52,37172.92,32666.164285714283,30753.24
852,7,11266.559999999998,7147.688571428572,24734.57,36001.13,31882.258571428578,30150.32
901,7,20209.99,9157.001428571431,28263.01,48473.0,37420.01142857143,33310.84
1971,7,7298.800000000003,6224.510000000001,33081.75,40380.55,39306.259999999995,38233.91
622,7,12415.839999999997,9170.528571428571,60374.14,72789.98,69544.66857142857,66723.02
623,7,12415.839999999997,9170.528571428571,60374.14,72789.98,69544.66857142857,66723.02
102,6,18426.699999999997,13345.903333333341,88812.2,107238.9,102158.10333333333,97948.88
105,6,23939.039999999994,18171.468333333334,85352.86,109291.9,103524.32833333332,94632.04
193,6,18278.530000000002,8815.42,30110.76,48389.29,38926.17999999999,36579.68
200,6,18372.899999999998,8575.919999999998,27765.84,46138.74,36341.76,33495.87
214,6,23212.660000000003,8690.786666666667,26283.89,49496.55,34974.676666666666,31332.49
221,6,21186.61,11907.836666666664,29914.1,51100.71,41821.93666666667,35234.91
809,6,9882.270000000004,7772.311666666671,42053.34,51935.61,49825.651666666665,47241.95
1314,6,18039.739999999998,10548.403333333334,54582.74,72622.48,65131.14333333333,60253.01
1438,6,32226.190000000017,19256.606666666674,118276.26,150502.45,137532.86666666667,132592.78
1439,6,32226.190000000017,19256.606666666674,118276.26,150502.45,137532.86666666667,132592.78
1515,6,9173.560000000001,6888.934999999999,31206.99,40380.55,38095.924999999996,36262.32
1517,6,9420.179999999997,7214.633333333331,30712.49,40132.67,37927.12333333333,36579.68
2064,6,7143.899999999998,5681.161666666664,27349.84,34493.74,33031.001666666656,32586.16
2270,6,161477.34000000003,67240.24333333333,334076.69,495554.03,401316.93333333335,372678.72
2283,6,154610.96000000002,88044.84999999999,322883.13,477494.09,410927.98,365654.84
2287,6,196047.84000000008,97506.55000000005,339960.47,536008.31,437467.02,379970.25
368,6,463235.73,118706.87166666666,65586.65,528822.38,184293.52166666664,95170.63
1369,6,7829.609999999997,6430.208333333333,28119.63,35949.24,34549.83833333333,33542.38
1379,6,8661.36,7583.193333333335,30150.32,38811.68,37733.513333333336,36262.32
1453,6,6120.050000000003,5693.793333333335,38006.61,44126.66,43700.40333333333,43277.87
1496,6,7921.0899999999965,6083.061666666666,29526.5,37447.59,35609.56166666667,34542.39
1499,6,8066.209999999999,5982.791666666668,29603.42,37669.63,35586.21166666666,34640.03
1501,6,6468.920000000002,5374.681666666667,30110.76,36579.68,35485.44166666666,35134.67
1604,6,9051.71,6453.784999999999,26283.89,35335.6,32737.675,31290.57
1688,6,8436.39,6251.193333333334,32320.6,40756.99,38571.793333333335,37447.59
1689,6,9256.669999999998,6681.243333333333,30876.0,40132.67,37557.24333333334,35897.47
1695,6,8197.980000000003,6172.988333333335,32058.32,40256.3,38231.308333333334,37063.94
2002,6,6818.689999999999,5754.730000000002,32765.05,39583.74,38519.78,37837.53
2067,6,6482.110000000001,5627.973333333331,27626.15,34108.26,33254.12333333333,32765.05
1636,6,9449.119999999999,6689.446666666666,22827.54,32276.66,29516.986666666668,28371.24
1708,6,11610.659999999996,9605.12833333333,29146.33,40756.99,38751.458333333336,35134.67
1468,6,8672.75,7189.593333333333,35742.86,44415.61,42932.45333333334,41526.96
12,6,12048.010000000002,8308.226666666667,38870.21,50918.22,47178.43666666667,44707.67
388,6,29700.72,11389.093333333332,26775.9,56476.62,38164.99333333334,31971.61
816,6,8931.849999999999,6625.048333333335,23923.21,32855.06,30548.25833333333,29411.68
817,6,9156.769999999997,6398.8966666666665,23698.29,32855.06,30097.186666666665,28921.71
819,6,9688.219999999998,6641.906666666667,23257.23,32945.45,29899.13666666667,28407.46
823,6,8355.619999999999,6391.261666666665,21676.24,30031.86,28067.501666666667,27077.54
824,6,7819.320000000003,5844.810000000002,22933.92,30753.24,28778.73,28119.63
826,6,8233.09,6415.200000000002,22076.26,30309.35,28491.460000000003,27281.39
827,6,7534.75,5985.4833333333345,22774.6,30309.35,28760.083333333332,28119.63
832,6,11844.999999999996,7908.6383333333315,23040.99,34885.99,30949.62833333333,28921.71
839,6,10782.880000000001,6598.93,23230.05,34012.93,29828.979999999996,28407.46
840,6,9872.109999999997,6562.301666666665,23810.38,33682.49,30372.681666666667,29071.17
844,6,10201.110000000004,6707.096666666668,25033.8,35234.91,31740.896666666667,30389.34
850,6,13304.200000000004,7768.116666666668,26219.28,39523.48,33987.39666666667,31842.21
851,6,11491.100000000002,7318.158333333333,24823.81,36314.91,32141.968333333334,30671.81
859,6,12292.659999999996,7521.303333333331,25154.93,37447.59,32676.233333333326,30876.0
772,6,6683.52,5581.443333333334,21651.57,28335.09,27233.013333333336,26742.69
1781,6,5954.48,5519.6483333333335,20788.21,26742.69,26307.858333333337,25963.11
97,5,15461.62000000001,11298.060000000007,81919.95,97381.57,93218.01,90513.82
203,5,17801.81,8345.547999999999,27349.84,45151.65,35695.388,32765.05
288,5,13842.09,9282.77,28884.52,42726.61,38167.29,34348.4
289,5,15648.23,10255.774,28335.09,43983.32,38590.864,34204.0
294,5,15145.700000000004,9852.606000000003,26511.85,41657.55,36364.456,31585.79
317,5,7418.890000000003,6088.625999999998,27765.84,35184.73,33854.466,33173.1
617,5,8346.970000000001,6827.197999999999,34108.26,42455.23,40935.458,39165.01
2200,5,267595.81999999995,205741.90599999993,721303.56,988899.38,927045.466,861364.44
2201,5,267595.81999999995,205741.90599999993,721303.56,988899.38,927045.466,861364.44
1329,5,23154.230000000003,11631.822000000002,59181.26,82335.49,70813.08200000001,65446.95
1455,5,7369.959999999999,5908.981999999999,37118.37,44488.33,43027.352,42186.62
1462,5,7204.759999999995,5745.325999999996,37502.91,44707.67,43248.236,42590.57
1464,5,6864.949999999997,5889.341999999999,37118.37,43983.32,43007.712,42320.58
1495,5,8707.410000000003,6431.010000000002,29526.5,38233.91,35957.51,34935.51
1500,5,8233.850000000002,6439.906000000001,28884.52,37118.37,35324.426,34445.18
1503,5,8403.190000000002,6317.844000000003,29603.42,38006.61,35921.264,35234.91
1506,5,6379.549999999999,5691.855999999999,27349.84,33729.39,33041.696,32408.75
1605,5,8487.850000000002,6695.354000000001,26348.73,34836.58,33044.084,31543.36
1903,5,9123.570000000003,6440.608,27349.84,36473.41,33790.448,32765.05
1995,5,5801.959999999999,5592.93,31756.39,37558.35,37349.32,37063.94
1997,5,6168.609999999997,5600.085999999999,31501.02,37669.63,37101.106,36526.48
2040,5,158078.94000000006,133782.87400000004,762705.19,920784.13,896488.064,861364.44
1653,5,7264.310000000001,6046.198000000002,24794.01,32058.32,30840.207999999995,29992.53
1748,5,7849.389999999996,6003.6359999999995,25461.45,33310.84,31465.086,30712.49
1749,5,7294.32,5959.781999999999,25741.9,33036.22,31701.682,30794.08
1964,5,6212.640000000007,5434.0760000000055,33310.84,39523.48,38744.916,38405.8
1965,5,6212.640000000007,5434.0760000000055,33310.84,39523.48,38744.916,38405.8
1966,5,6212.640000000007,5434.0760000000055,33310.84,39523.48,38744.916,38405.8
1967,5,6212.640000000007,5434.0760000000055,33310.84,39523.48,38744.916,38405.8
1968,5,6212.640000000007,5434.0760000000055,33310.84,39523.48,38744.916,38405.8
1804,5,7800.73,7272.252,18418.55,26219.28,25690.802000000003,25094.26
259,5,7180.810000000001,6149.773999999999,19363.84,26544.65,25513.613999999998,24675.34
261,5,7319.52,6187.936,24266.27,31585.79,30454.206,29953.28
263,5,6022.3499999999985,5637.589999999998,24853.65,30876.0,30491.24,29914.1
277,5,7809.949999999997,6540.077999999997,28191.18,36001.13,34731.257999999994,33542.38
295,5,16807.300000000003,10463.904000000002,25647.93,42455.23,36111.83400000001,30794.08
301,5,14217.820000000003,9486.730000000001,27179.19,41397.01,36665.92,32189.05
303,5,15745.700000000004,10078.332000000004,26709.53,42455.23,36787.862,32145.38
310,5,7787.610000000004,6097.978000000001,27247.26,35034.87,33345.238,32900.21
323,5,9490.580000000002,7540.8679999999995,29146.33,38636.91,36687.198000000004,35335.6
324,5,9178.710000000003,6895.982000000004,28884.52,38063.23,35780.502,35184.73
331,5,8673.329999999998,6898.398000000001,28996.3,37669.63,35894.698000000004,34108.26
384,5,29377.08,11255.436,27977.33,57354.41,39232.766,34542.39
385,5,31284.249999999996,11504.553999999998,27315.59,58599.84,38820.14399999999,33495.87
386,5,31271.51,11908.434,27213.2,58484.71,39121.634,33776.39
387,5,30738.009999999995,11582.653999999999,27977.33,58715.34,39559.984,34348.4
389,5,33877.98,12147.59,27730.82,61608.8,39878.409999999996,34156.08
390,5,30814.070000000003,11427.286,25554.44,56368.51,36981.726,31458.76
391,5,32310.83,11694.636000000002,25154.93,57465.76,36849.566000000006,31416.58
392,5,30385.88,10508.344000000001,26090.74,56476.62,36599.084,31290.57
393,5,30931.8,10754.3,26090.74,57022.54,36845.04,31458.76
394,5,30901.040000000005,11278.722,26676.44,57577.48,37955.162,32765.05
395,5,29709.199999999997,10653.615999999998,26875.9,56585.1,37529.516,32675.42
396,5,28449.589999999997,10373.257999999996,26544.65,54994.24,36917.907999999996,32189.05
397,5,29616.379999999997,10919.295999999998,27077.54,56693.92,37996.836,33173.1
400,5,35798.86,12587.308,27349.84,63148.7,39937.148,33682.49
401,5,36341.53,12460.499999999996,25773.33,62114.86,38233.829999999994,31713.61
402,5,34436.92,11880.683999999997,28191.18,62628.1,40071.863999999994,33310.84
403,5,37094.19,12820.140000000003,28773.39,65867.58,41593.530000000006,34836.58
404,5,37644.73999999999,13049.361999999997,27941.91,65586.65,40991.272,33729.39
405,5,9386.500000000004,8002.798000000001,28847.41,38233.91,36850.208,35742.86
407,5,8729.520000000004,7791.08,28773.39,37502.91,36564.47,36001.13
414,5,10923.329999999998,7931.9619999999995,28480.09,39403.42,36412.051999999996,34493.74
415,5,7657.970000000001,6665.9220000000005,28921.71,36579.68,35587.632,34738.09
418,5,6883.470000000001,6111.766000000001,29221.78,36105.25,35333.545999999995,34445.18
451,5,8928.449999999997,6679.223999999999,27281.39,36209.84,33960.613999999994,32586.16
452,5,8540.059999999998,6874.497999999998,26544.65,35084.71,33419.148,32014.92
453,5,10536.39,7752.977999999998,27077.54,37613.93,34830.518000000004,32855.06
455,5,9140.059999999998,7354.651999999999,26809.18,35949.24,34163.832,32630.74
828,5,7069.399999999998,5810.0999999999985,22152.38,29221.78,27962.48,27213.2
841,5,9100.819999999996,6519.359999999998,23754.24,32855.06,30273.6,29221.78
845,5,10481.949999999997,6770.24,24853.65,35335.6,31623.890000000003,30150.32
895,5,12129.090000000004,6955.220000000001,26219.28,38348.37,33174.5,31290.57
1442,5,5644.8399999999965,5394.885999999999,39283.93,44928.77,44678.816000000006,44415.61
2077,5,6520.529999999999,5471.490000000001,26154.89,32675.42,31626.380000000005,31248.74
574,5,11076.059999999998,9364.463999999993,71468.63,82544.69,80833.094,79699.56
575,5,11076.059999999998,9364.463999999993,71468.63,82544.69,80833.094,79699.56
718,5,14761.929999999993,9983.085999999996,67158.02,81919.95,77141.106,73981.77
719,5,14761.929999999993,9983.085999999996,67158.02,81919.95,77141.106,73981.77
329,4,19465.629999999997,13990.677499999998,46684.98,66150.61,60675.6575,53378.87
377,4,11518.93,9887.017499999998,39765.37,51284.3,49652.3875,47484.0
425,4,13016.230000000003,10895.552500000002,44561.25,57577.48,55456.8025,52697.09
473,4,11680.449999999997,9684.302499999998,43417.48,55097.93,53101.7825,50556.48
521,4,8779.96,7927.9625000000015,37669.63,46449.59,45597.5925,44488.33
569,4,9920.96,8479.27,41920.75,51841.71,50400.020000000004,48641.14
761,4,7718.629999999997,6754.419999999998,39765.37,47484.0,46519.79,45301.25
373,4,7769.049999999996,6250.004999999998,25773.33,33542.38,32023.335,31123.74
1377,4,13758.549999999996,8253.754999999996,33403.16,47161.71,41656.91499999999,38695.02
2073,4,5757.639999999999,5639.585,24353.12,30110.76,29992.704999999998,29914.1
2262,4,218803.46999999997,91401.92250000002,339960.47,558763.94,431362.39249999996,383721.19
2269,4,196047.84000000008,92734.03250000003,339960.47,536008.31,432694.5025,387544.88
2281,4,122429.90999999997,78834.1725,317555.0,439984.91,396389.17250000004,358884.03
2289,4,132292.18000000005,117513.08000000005,328387.41,460679.59,445900.49000000005,412143.03
1512,4,8775.670000000002,6640.795,30389.34,39165.01,37030.135,35742.86
1531,4,8474.800000000003,6426.452500000001,31290.57,39765.37,37717.0225,36367.62
1598,4,7351.790000000001,6131.585000000002,26283.89,33635.68,32415.475,31290.57
1842,4,8124.579999999998,6248.369999999998,27010.09,35134.67,33258.46,32189.05
1895,4,5406.970000000001,5185.852500000001,27179.19,32586.16,32365.0425,32232.81
2047,4,145691.06999999995,145691.06999999995,843208.31,988899.38,988899.38,988899.38
1652,4,6647.369999999999,5856.972499999999,24853.65,31501.02,30710.622500000005,30150.32
1742,4,7459.609999999997,6453.754999999999,25215.81,32675.42,31669.565000000002,31082.24
1969,4,6050.750000000004,5578.555000000002,32586.16,38636.91,38164.715,37781.43
1979,4,5652.670000000002,5425.607499999998,31248.74,36901.41,36674.347499999996,36262.32
1660,4,9400.169999999998,9078.627499999999,19007.29,28407.46,28085.9175,27695.87
1756,4,9560.52,8755.2225,20510.75,30071.27,29265.9725,28773.39
1900,4,8923.730000000003,8481.570000000003,22408.76,31332.49,30890.33,30309.35
1996,4,9611.509999999995,9175.557499999997,27836.08,37447.59,37011.6375,36579.68
2092,4,9355.620000000003,8466.1375,24704.93,34060.55,33171.067500000005,32276.66
2192,4,130073.06,65879.7875,295546.66,425619.72,361426.44749999995,334076.69
356,4,7301.209999999999,6144.589999999998,23698.29,30999.5,29842.88,29071.17
357,4,8268.189999999999,6786.127500000001,24586.87,32855.06,31372.9975,30631.22
359,4,7312.079999999998,6281.462499999999,24616.31,31928.39,30897.7725,30269.48
398,4,26747.45,11016.562500000004,25094.26,51841.71,36110.822499999995,30550.28
448,4,9001.150000000001,7635.117499999999,25154.93,34156.08,32790.0475,31290.57
449,4,8618.11,7393.847499999999,23614.7,32232.81,31008.5475,29953.28
450,4,8032.75,6642.797500000002,26219.28,34252.03,32862.0775,31374.49
462,4,10916.279999999999,8573.1675,26809.18,37725.46,35382.3475,32058.32
822,4,6749.4000000000015,5922.942500000001,22434.62,29184.02,28357.5625,27591.39
825,4,6529.52,5664.7925,22616.81,29146.33,28281.6025,27626.15
829,4,7824.799999999999,6399.9675,22564.54,30389.34,28964.5075,27836.08
900,4,10150.25,6390.592500000001,25185.35,35335.6,31575.9425,30269.48
1443,4,6067.659999999996,5515.567499999997,40071.08,46138.74,45586.6475,45151.65
1981,4,6295.139999999996,5598.307499999999,31374.49,37669.63,36972.7975,36526.48
406,4,6123.8399999999965,5904.319999999996,27418.54,33542.38,33322.86,33127.38
409,4,6022.57,5800.225000000002,27800.93,33823.5,33601.155000000006,33403.16
410,4,5888.540000000001,5838.860000000001,29146.33,35034.87,34985.19,34935.51
412,4,5478.639999999999,5359.32,28773.39,34252.03,34132.71,33870.7
413,4,5730.0300000000025,5419.4400000000005,27765.84,33495.87,33185.28,33081.75
419,4,6866.970000000001,6116.7225,28773.39,35640.36,34890.1125,34640.03
420,4,6111.710000000003,5881.207499999999,27384.16,33495.87,33265.3675,33127.38
421,4,7711.279999999999,7462.592500000001,28921.71,36632.99,36384.302500000005,35691.55
435,4,10146.36,7367.2375,25647.93,35794.29,33015.1675,30917.09
436,4,11198.32,7877.8075,25064.0,36262.32,32941.807499999995,30550.28
445,4,7091.559999999998,6104.0225,26219.28,33310.84,32323.302499999998,31290.57
526,4,9489.669999999998,8031.932500000003,66435.75,75925.42,74467.68250000001,73981.77
527,4,9489.669999999998,8031.932500000003,66435.75,75925.42,74467.68250000001,73981.77
757,4,7565.259999999998,6064.479999999999,25154.93,32720.19,31219.409999999996,30309.35
784,4,6083.799999999999,5604.717500000001,22987.37,29071.17,28592.0875,28191.18
1232,4,202408.0,153646.04500000004,762705.19,965113.19,916351.235,900097.25
281,3,11583.71,10139.583333333334,40071.08,51654.79,50210.66333333333,47322.41
713,3,8021.239999999998,6793.826666666668,36686.43,44707.67,43480.256666666675,42455.23
1507,3,5789.300000000003,5642.68,31713.61,37502.91,37356.29,37118.37
1615,3,7758.059999999998,6264.399999999999,28191.18,35949.24,34455.579999999994,33356.95
1713,3,10962.86,7234.2266666666665,34640.03,45602.89,41874.25666666666,39887.21
2257,3,81100.87999999995,74647.66666666664,358884.03,439984.91,433531.6966666667,430305.09
2259,3,175774.15000000002,84980.80000000003,346048.91,521823.06,431029.70999999996,383721.19
2260,3,290860.43999999994,122534.56666666665,349173.25,640033.69,471707.81666666665,387544.88
2261,3,238979.68000000005,128264.14000000001,362238.63,601218.31,490502.77,430305.09
2265,3,249421.49999999994,121410.85333333332,334076.69,583498.19,455487.5433333333,387544.88
1451,3,6059.32,5777.386666666668,37781.43,43840.75,43558.81666666667,43277.87
1723,3,8638.090000000004,7160.600000000003,33682.49,42320.58,40843.09,38811.68
1983,3,5703.68,5422.376666666666,30876.0,36579.68,36298.37666666667,36053.13
1992,3,6025.4100000000035,5565.353333333335,30876.0,36901.41,36441.35333333333,35949.24
2011,3,5611.309999999998,5353.543333333332,32058.32,37669.63,37411.863333333335,37118.37
2298,3,60961.83,37442.63,74678.3,135640.13,112120.93000000001,90021.7
1594,3,6950.330000000002,5720.796666666668,24382.16,31332.49,30102.95666666667,29449.88
1612,3,9849.520000000004,6834.193333333336,25185.35,35034.87,32019.543333333335,30229.68
1646,3,7257.549999999999,6173.803333333333,24498.84,31756.39,30672.64333333333,30031.86
1738,3,5810.679999999997,5583.4699999999975,23754.24,29564.92,29337.710000000003,28921.71
1744,3,6095.209999999999,5556.193333333333,25963.11,32058.32,31519.303333333333,31040.83
1797,3,6342.48,5873.423333333333,22357.16,28699.64,28230.583333333332,27800.93
1872,3,6902.189999999999,6216.683333333332,27349.84,34252.03,33566.52333333333,32765.05
1875,3,6512.32,5729.589999999999,27836.08,34348.4,33565.670000000006,32945.45
1974,3,6345.82,5637.893333333333,29603.42,35949.24,35241.31333333333,34640.03
2076,3,6172.970000000001,5933.013333333333,24498.84,30671.81,30431.853333333333,29992.53
1920,3,103748.75,103748.75,861364.44,965113.19,965113.19,965113.19
260,3,5783.919999999998,5550.2266666666665,24208.61,29992.53,29758.83666666667,29641.99
270,3,7409.0,6287.313333333332,24823.81,32232.81,31111.123333333333,30550.28
296,3,17737.550000000003,14514.863333333336,22643.0,40380.55,37157.863333333335,30712.49
298,3,15310.049999999996,12370.556666666664,26544.65,41854.7,38915.206666666665,33036.22
299,3,16009.620000000003,13398.270000000002,25647.93,41657.55,39046.200000000004,33823.5
300,3,14149.750000000004,12351.123333333337,27247.26,41397.01,39598.38333333333,36001.13
312,3,7472.5,6120.633333333331,26875.9,34348.4,32996.53333333333,32320.6
321,3,8313.050000000003,6431.043333333335,30150.32,38463.37,36581.363333333335,35640.36
434,3,8859.630000000001,6705.576666666668,25585.55,34445.18,32291.126666666667,30671.81
437,3,8715.769999999997,7275.689999999999,25154.93,33870.7,32430.62,30835.0
446,3,7761.929999999997,6211.21333333333,24913.49,32675.42,31124.703333333327,30309.35
709,3,6173.990000000002,5557.386666666668,21626.94,27800.93,27184.326666666664,26809.18
789,3,6786.379999999997,6028.689999999999,21261.97,28048.35,27290.660000000003,26610.43
818,3,7581.309999999998,6326.126666666664,21118.33,28699.64,27444.456666666665,26283.89
833,3,8857.330000000002,6629.846666666668,21213.94,30071.27,27843.786666666667,26348.73
834,3,8590.740000000002,6676.516666666667,22408.76,30999.5,29085.27666666667,27556.69
867,3,11942.07,7550.596666666665,23698.29,35640.36,31248.88666666667,28884.52
868,3,12678.099999999999,8591.179999999998,24008.33,36686.43,32599.510000000006,30071.27
869,3,15649.79,8691.963333333335,24237.42,39887.21,32929.38333333334,29297.52
880,3,12592.55,8296.513333333332,24093.88,36686.43,32390.39333333333,29526.5
890,3,10847.75,7306.369999999999,26544.65,37392.4,33851.02,31971.61
894,3,16432.7,10407.933333333336,25094.26,41526.96,35502.193333333336,30631.22
1780,3,7973.23,6696.283333333333,21553.27,29526.5,28249.553333333333,27315.59
258,3,5672.360000000001,5241.406666666667,22880.64,28553.0,28122.046666666665,27906.57
338,3,7520.470000000001,5844.056666666666,24065.32,31585.79,29909.376666666667,29071.17
339,3,7559.48,5922.879999999998,24498.84,32058.32,30421.72,29603.42
340,3,9616.29,7560.016666666667,23148.76,32765.05,30708.77666666667,29680.64
341,3,6902.110000000001,6085.883333333334,23810.38,30712.49,29896.263333333336,29488.15
417,3,6242.4000000000015,5701.76666666667,29603.42,35845.82,35305.18666666667,35034.87
433,3,7918.920000000002,6081.053333333333,26381.24,34300.16,32462.293333333335,31543.36
438,3,6516.25,5880.083333333335,25585.55,32101.8,31465.63333333333,30794.08
439,3,7041.379999999997,6070.189999999999,24973.54,32014.92,31043.73,29992.53
441,3,6559.830000000002,5700.456666666669,25585.55,32145.38,31286.006666666668,30671.81
442,3,6923.7199999999975,6007.28,25931.34,32855.06,31938.62,31332.49
454,3,6109.050000000003,5545.313333333335,25307.53,31416.58,30852.843333333334,30429.46
458,3,6460.210000000003,5653.250000000001,27695.87,34156.08,33349.12,32855.06
463,3,7013.879999999997,6144.493333333332,27626.15,34640.03,33770.64333333333,33036.22
467,3,6945.580000000002,6070.73,26643.4,33588.98,32714.13,32232.81
468,3,6292.41,5548.5,25679.2,31971.61,31227.7,30753.24
565,3,6443.730000000003,5898.96,27145.25,33588.98,33044.21,32232.81
773,3,5966.77,5553.403333333335,22880.64,28847.41,28434.043333333335,28119.63
2023,2,254297.13,190529.65999999997,734602.25,988899.38,925131.9099999999,861364.44
160,2,5192.580000000002,5141.330000000002,30550.28,35742.86,35691.61,35640.36
202,2,17292.4,11875.415,28083.96,45376.36,39959.375,34542.39
1473,2,9116.0,7321.639999999999,40380.55,49496.55,47702.19,45907.83
1521,2,7455.09,6412.195,32189.05,39644.14,38601.244999999995,37558.35
1524,2,12768.239999999998,9040.694999999998,26875.9,39644.14,35916.595,32189.05
1843,2,7008.600000000002,6140.850000000002,31628.31,38636.91,37769.16,36901.41
2208,2,120811.18,102511.82,387544.88,508356.06,490056.7,471757.34
2209,2,120811.18,102511.82,387544.88,508356.06,490056.7,471757.34
2210,2,120811.18,102511.82,387544.88,508356.06,490056.7,471757.34
2211,2,120811.18,102511.82,387544.88,508356.06,490056.7,471757.34
2212,2,120811.18,102511.82,387544.88,508356.06,490056.7,471757.34
2213,2,120811.18,102511.82,387544.88,508356.06,490056.7,471757.34
2214,2,120811.18,102511.82,387544.88,508356.06,490056.7,471757.34
2215,2,120811.18,102511.82,387544.88,508356.06,490056.7,471757.34
2216,2,120811.18,102511.82,387544.88,508356.06,490056.7,471757.34
2217,2,120811.18,102511.82,387544.88,508356.06,490056.7,471757.34
2218,2,120811.18,102511.82,387544.88,508356.06,490056.7,471757.34
2219,2,120811.18,102511.82,387544.88,508356.06,490056.7,471757.34
2220,2,120811.18,102511.82,387544.88,508356.06,490056.7,471757.34
2221,2,120811.18,102511.82,387544.88,508356.06,490056.7,471757.34
2222,2,120811.18,102511.82,387544.88,508356.06,490056.7,471757.34
2223,2,120811.18,102511.82,387544.88,508356.06,490056.7,471757.34
2224,2,120811.18,102511.82,387544.88,508356.06,490056.7,471757.34
2225,2,120811.18,102511.82,387544.88,508356.06,490056.7,471757.34
2226,2,120811.18,102511.82,387544.88,508356.06,490056.7,471757.34
2227,2,120811.18,102511.82,387544.88,508356.06,490056.7,471757.34
2228,2,120811.18,102511.82,387544.88,508356.06,490056.7,471757.34
2229,2,120811.18,102511.82,387544.88,508356.06,490056.7,471757.34
2230,2,120811.18,102511.82,387544.88,508356.06,490056.7,471757.34
2231,2,120811.18,102511.82,387544.88,508356.06,490056.7,471757.34
2232,2,120811.18,102511.82,387544.88,508356.06,490056.7,471757.34
2233,2,120811.18,102511.82,387544.88,508356.06,490056.7,471757.34
2234,2,120811.18,102511.82,387544.88,508356.06,490056.7,471757.34
2235,2,120811.18,102511.82,387544.88,508356.06,490056.7,471757.34
2236,2,120811.18,102511.82,387544.88,508356.06,490056.7,471757.34
2237,2,120811.18,102511.82,387544.88,508356.06,490056.7,471757.34
2238,2,120811.18,102511.82,387544.88,508356.06,490056.7,471757.34
2239,2,120811.18,102511.82,387544.88,508356.06,490056.7,471757.34
2240,2,120811.18,102511.82,387544.88,508356.06,490056.7,471757.34
2241,2,120811.18,102511.82,387544.88,508356.06,490056.7,471757.34
2242,2,120811.18,102511.82,387544.88,508356.06,490056.7,471757.34
2243,2,120811.18,102511.82,387544.88,508356.06,490056.7,471757.34
2244,2,120811.18,102511.82,387544.88,508356.06,490056.7,471757.34
2245,2,120811.18,102511.82,387544.88,508356.06,490056.7,471757.34
2246,2,120811.18,102511.82,387544.88,508356.06,490056.7,471757.34
2247,2,120811.18,102511.82,387544.88,508356.06,490056.7,471757.34
2248,2,120811.18,102511.82,387544.88,508356.06,490056.7,471757.34
2249,2,120811.18,102511.82,387544.88,508356.06,490056.7,471757.34
2250,2,120811.18,102511.82,387544.88,508356.06,490056.7,471757.34
2251,2,120811.18,102511.82,387544.88,508356.06,490056.7,471757.34
2252,2,120811.18,102511.82,387544.88,508356.06,490056.7,471757.34
2253,2,120811.18,102511.82,387544.88,508356.06,490056.7,471757.34
2254,2,120811.18,102511.82,387544.88,508356.06,490056.7,471757.34
2255,2,120811.18,102511.82,387544.88,508356.06,490056.7,471757.34
2256,2,120811.18,102511.82,387544.88,508356.06,490056.7,471757.34
2263,2,178292.16000000003,117959.26500000004,372678.72,550970.88,490637.985,430305.09
2264,2,106102.5,74140.90999999997,365654.84,471757.34,439795.75,407834.16
1452,2,6797.5,6656.785,36901.41,43698.91,43558.19500000001,43417.48
1590,2,8715.399999999998,7619.664999999997,23040.99,31756.39,30660.655,29564.92
1593,2,7063.32,6405.1900000000005,23894.93,30958.25,30300.120000000003,29641.99
1600,2,7617.8399999999965,6443.659999999998,26875.9,34493.74,33319.56,32145.38
1606,2,6693.899999999998,5908.42,26251.55,32945.45,32159.97,31374.49
1610,2,6232.57,5683.744999999999,28407.46,34640.03,34091.205,33542.38
1611,2,6806.240000000002,6065.91,27349.84,34156.08,33415.75,32675.42
1613,2,7975.039999999997,6864.999999999998,27010.09,34985.13,33875.09,32765.05
1618,2,7782.23,6729.110000000001,28480.09,36262.32,35209.2,34156.08
1698,2,6086.210000000003,5982.09,30071.27,36157.48,36053.36,35949.24
1705,2,5588.4699999999975,5563.764999999999,29297.52,34885.99,34861.285,34836.58
1878,2,6353.34,5706.894999999999,24853.65,31206.99,30560.545,29914.1
1905,2,7933.499999999996,7178.129999999997,28119.63,36053.13,35297.759999999995,34542.39
1906,2,6779.1600000000035,6019.720000000001,27281.39,34060.55,33301.11,32541.67
2097,2,9352.530000000002,7847.475000000002,27765.84,37118.37,35613.315,34108.26
1513,2,6542.110000000001,6331.940000000002,27281.39,33823.5,33613.33,33403.16
1849,2,6366.899999999998,5818.734999999999,27315.59,33682.49,33134.325,32586.16
1648,2,5976.830000000002,5853.455000000002,25064.0,31040.83,30917.455,30794.08
1663,2,6320.7800000000025,5781.765000000001,25307.53,31628.31,31089.295,30550.28
1728,2,5437.41,5394.145,26577.51,32014.92,31971.655,31928.39
1729,2,5644.369999999999,5390.025,26154.89,31799.26,31544.915,31290.57
1796,2,6659.860000000001,6039.98,22486.47,29146.33,28526.45,27906.57
1873,2,7280.539999999997,6574.544999999998,27213.2,34493.74,33787.744999999995,33081.75
1884,2,6853.870000000003,6013.625000000002,24353.12,31206.99,30366.745000000003,29526.5
1885,2,5463.0,5294.475,26122.79,31585.79,31417.265,31248.74
1977,2,6036.940000000002,5734.195000000003,29603.42,35640.36,35337.615000000005,35034.87
352,2,6105.23,5728.674999999999,23421.27,29526.5,29149.945,28773.39
353,2,6698.959999999999,6285.529999999999,22827.54,29526.5,29113.07,28699.64
355,2,7307.609999999997,6554.869999999997,24151.15,31458.76,30706.019999999997,29953.28
366,2,9125.019999999997,8034.284999999998,24557.47,33682.49,32591.754999999997,31501.02
798,2,7549.880000000001,6837.855,23866.7,31416.58,30704.555,29992.53
849,2,10349.099999999999,8149.01,26283.89,36632.99,34432.9,32232.81
864,2,11170.48,8402.244999999999,24675.34,35845.82,33077.585,30309.35
865,2,10727.729999999996,8081.394999999997,24557.47,35285.2,32638.864999999998,29992.53
866,2,9354.8,7182.07,22616.81,31971.61,29798.88,27626.15
883,2,11239.23,8342.145,25554.44,36793.67,33896.585,30999.5
891,2,10500.340000000004,7879.1500000000015,24734.57,35234.91,32613.72,29992.53
892,2,11002.550000000003,8118.480000000001,25154.93,36157.48,33273.41,30389.34
893,2,9775.509999999998,7466.644999999999,24913.49,34689.0,32380.135000000002,30071.27
899,2,10178.91,7714.975,25461.45,35640.36,33176.425,30712.49
907,2,11500.969999999998,8435.795,25836.37,37337.34,34272.165,31206.99
1731,2,5921.210000000003,5591.645000000002,26709.53,32630.74,32301.175000000003,31971.61
1874,2,6666.479999999996,6188.369999999997,26875.9,33542.38,33064.27,32586.16
2075,2,5495.649999999998,5369.764999999999,25963.11,31458.76,31332.875,31206.99
411,2,5017.880000000001,5017.880000000001,26610.43,31628.31,31628.31,31628.31
440,2,5742.439999999999,5538.454999999998,25215.81,30958.25,30754.265,30550.28
443,2,6610.079999999998,5970.195,25710.52,32320.6,31680.715,31040.83
444,2,6584.679999999997,6232.774999999998,26090.74,32675.42,32323.515,31971.61
447,2,5825.02,5459.279999999999,25215.81,31040.83,30675.09,30309.35
457,2,6429.369999999999,6025.405000000001,25585.55,32014.92,31610.955,31206.99
460,2,6994.799999999996,6352.529999999997,26875.9,33870.7,33228.43,32586.16
465,2,5752.9000000000015,5385.939999999999,27836.08,33588.98,33222.020000000004,32855.06
466,2,6031.509999999998,5668.594999999999,26026.81,32058.32,31695.405,31332.49
469,2,6977.470000000001,6575.765000000001,26058.75,33036.22,32634.515,32232.81
484,2,7030.720000000001,6019.745000000001,19028.03,26058.75,25047.775,24036.8
517,2,6902.110000000001,6347.574999999999,23810.38,30712.49,30157.955,29603.42
1975,2,5652.670000000002,5438.670000000002,31248.74,36901.41,36687.41,36473.41
208,1,7393.709999999999,7393.709999999999,20905.3,28299.01,28299.01,28299.01
1459,1,6477.82,6477.82,39583.74,46061.56,46061.56,46061.56
1699,1,5342.869999999995,5342.869999999995,34060.55,39403.42,39403.42,39403.42
2267,1,201121.53999999998,201121.53999999998,365654.84,566776.38,566776.38,566776.38
1607,1,6282.670000000002,6282.670000000002,27213.2,33495.87,33495.87,33495.87
1617,1,6063.5,6063.5,29071.17,35134.67,35134.67,35134.67
1761,1,5272.23,5272.23,26742.69,32014.92,32014.92,32014.92
1987,1,7692.889999999999,7692.889999999999,33127.38,40820.27,40820.27,40820.27
2001,1,8180.720000000001,8180.720000000001,33542.38,41723.1,41723.1,41723.1
2071,1,5121.880000000001,5121.880000000001,25836.37,30958.25,30958.25,30958.25
1523,1,5637.320000000003,5637.320000000003,27765.84,33403.16,33403.16,33403.16
1536,1,6963.010000000002,6963.010000000002,27145.25,34108.26,34108.26,34108.26
1537,1,6963.010000000002,6963.010000000002,27145.25,34108.26,34108.26,34108.26
1538,1,6963.010000000002,6963.010000000002,27145.25,34108.26,34108.26,34108.26
1539,1,6963.010000000002,6963.010000000002,27145.25,34108.26,34108.26,34108.26
1540,1,6963.010000000002,6963.010000000002,27145.25,34108.26,34108.26,34108.26
1541,1,6963.010000000002,6963.010000000002,27145.25,34108.26,34108.26,34108.26
1542,1,6963.010000000002,6963.010000000002,27145.25,34108.26,34108.26,34108.26
1543,1,6963.010000000002,6963.010000000002,27145.25,34108.26,34108.26,34108.26
1544,1,6963.010000000002,6963.010000000002,27145.25,34108.26,34108.26,34108.26
1545,1,6963.010000000002,6963.010000000002,27145.25,34108.26,34108.26,34108.26
1546,1,6963.010000000002,6963.010000000002,27145.25,34108.26,34108.26,34108.26
1547,1,6963.010000000002,6963.010000000002,27145.25,34108.26,34108.26,34108.26
1548,1,6963.010000000002,6963.010000000002,27145.25,34108.26,34108.26,34108.26
1549,1,6963.010000000002,6963.010000000002,27145.25,34108.26,34108.26,34108.26
1550,1,6963.010000000002,6963.010000000002,27145.25,34108.26,34108.26,34108.26
1551,1,6963.010000000002,6963.010000000002,27145.25,34108.26,34108.26,34108.26
1552,1,6963.010000000002,6963.010000000002,27145.25,34108.26,34108.26,34108.26
1553,1,6963.010000000002,6963.010000000002,27145.25,34108.26,34108.26,34108.26
1554,1,6963.010000000002,6963.010000000002,27145.25,34108.26,34108.26,34108.26
1555,1,6963.010000000002,6963.010000000002,27145.25,34108.26,34108.26,34108.26
1556,1,6963.010000000002,6963.010000000002,27145.25,34108.26,34108.26,34108.26
1557,1,6963.010000000002,6963.010000000002,27145.25,34108.26,34108.26,34108.26
1558,1,6963.010000000002,6963.010000000002,27145.25,34108.26,34108.26,34108.26
1559,1,6963.010000000002,6963.010000000002,27145.25,34108.26,34108.26,34108.26
1560,1,6963.010000000002,6963.010000000002,27145.25,34108.26,34108.26,34108.26
1561,1,6963.010000000002,6963.010000000002,27145.25,34108.26,34108.26,34108.26
1562,1,6963.010000000002,6963.010000000002,27145.25,34108.26,34108.26,34108.26
1563,1,6963.010000000002,6963.010000000002,27145.25,34108.26,34108.26,34108.26
1564,1,6963.010000000002,6963.010000000002,27145.25,34108.26,34108.26,34108.26
1565,1,6963.010000000002,6963.010000000002,27145.25,34108.26,34108.26,34108.26
1566,1,6963.010000000002,6963.010000000002,27145.25,34108.26,34108.26,34108.26
1567,1,6963.010000000002,6963.010000000002,27145.25,34108.26,34108.26,34108.26
1568,1,6963.010000000002,6963.010000000002,27145.25,34108.26,34108.26,34108.26
1569,1,6963.010000000002,6963.010000000002,27145.25,34108.26,34108.26,34108.26
1570,1,6963.010000000002,6963.010000000002,27145.25,34108.26,34108.26,34108.26
1571,1,6963.010000000002,6963.010000000002,27145.25,34108.26,34108.26,34108.26
1572,1,6963.010000000002,6963.010000000002,27145.25,34108.26,34108.26,34108.26
1573,1,6963.010000000002,6963.010000000002,27145.25,34108.26,34108.26,34108.26
1574,1,6963.010000000002,6963.010000000002,27145.25,34108.26,34108.26,34108.26
1575,1,6963.010000000002,6963.010000000002,27145.25,34108.26,34108.26,34108.26
1576,1,6963.010000000002,6963.010000000002,27145.25,34108.26,34108.26,34108.26
1577,1,6963.010000000002,6963.010000000002,27145.25,34108.26,34108.26,34108.26
1578,1,6963.010000000002,6963.010000000002,27145.25,34108.26,34108.26,34108.26
1579,1,6963.010000000002,6963.010000000002,27145.25,34108.26,34108.26,34108.26
1580,1,6963.010000000002,6963.010000000002,27145.25,34108.26,34108.26,34108.26
1581,1,6963.010000000002,6963.010000000002,27145.25,34108.26,34108.26,34108.26
1582,1,6963.010000000002,6963.010000000002,27145.25,34108.26,34108.26,34108.26
1583,1,6963.010000000002,6963.010000000002,27145.25,34108.26,34108.26,34108.26
1584,1,6963.010000000002,6963.010000000002,27145.25,34108.26,34108.26,34108.26
1585,1,7575.59,7575.59,26676.44,34252.03,34252.03,34252.03
1586,1,6229.859999999997,6229.859999999997,26090.74,32320.6,32320.6,32320.6
1587,1,6143.749999999996,6143.749999999996,27213.2,33356.95,33356.95,33356.95
1591,1,6559.830000000002,6559.830000000002,25585.55,32145.38,32145.38,32145.38
1592,1,6003.09,6003.09,25710.52,31713.61,31713.61,31713.61
1595,1,5442.27,5442.27,26058.75,31501.02,31501.02,31501.02
1596,1,6575.209999999999,6575.209999999999,24883.55,31458.76,31458.76,31458.76
1597,1,5155.210000000003,5155.210000000003,26219.28,31374.49,31374.49,31374.49
1599,1,5706.990000000002,5706.990000000002,25836.37,31543.36,31543.36,31543.36
1608,1,5764.139999999999,5764.139999999999,26381.24,32145.38,32145.38,32145.38
1627,1,6591.049999999999,6591.049999999999,27660.98,34252.03,34252.03,34252.03
1633,1,5129.259999999998,5129.259999999998,25461.45,30590.71,30590.71,30590.71
1638,1,5186.330000000002,5186.330000000002,23148.76,28335.09,28335.09,28335.09
1642,1,5086.7800000000025,5086.7800000000025,23284.46,28371.24,28371.24,28371.24
1666,1,5385.700000000001,5385.700000000001,25003.64,30389.34,30389.34,30389.34
1734,1,5499.5999999999985,5499.5999999999985,24065.32,29564.92,29564.92,29564.92
1737,1,5260.720000000001,5260.720000000001,24036.8,29297.52,29297.52,29297.52
1740,1,5687.98,5687.98,23838.52,29526.5,29526.5,29526.5
1759,1,6908.0999999999985,6908.0999999999985,26219.28,33127.38,33127.38,33127.38
1762,1,6008.5,6008.5,25963.11,31971.61,31971.61,31971.61
1771,1,5124.48,5124.48,25710.52,30835.0,30835.0,30835.0
1777,1,5005.779999999999,5005.779999999999,23257.23,28263.01,28263.01,28263.01
1792,1,5105.470000000001,5105.470000000001,23014.16,28119.63,28119.63,28119.63
1807,1,5841.119999999999,5841.119999999999,23230.05,29071.17,29071.17,29071.17
1810,1,5237.329999999998,5237.329999999998,22669.24,27906.57,27906.57,27906.57
1859,1,5269.48,5269.48,26875.9,32145.38,32145.38,32145.38
1860,1,5600.73,5600.73,26544.65,32145.38,32145.38,32145.38
1879,1,5633.380000000001,5633.380000000001,25994.93,31628.31,31628.31,31628.31
1880,1,5748.239999999998,5748.239999999998,25710.52,31458.76,31458.76,31458.76
1881,1,6299.93,6299.93,24823.81,31123.74,31123.74,31123.74
1883,1,5152.290000000001,5152.290000000001,26348.73,31501.02,31501.02,31501.02
1887,1,5389.77,5389.77,26026.81,31416.58,31416.58,31416.58
1894,1,5784.549999999999,5784.549999999999,26187.06,31971.61,31971.61,31971.61
1896,1,5569.560000000001,5569.560000000001,26058.75,31628.31,31628.31,31628.31
1898,1,5470.899999999998,5470.899999999998,27384.16,32855.06,32855.06,32855.06
1899,1,5867.909999999996,5867.909999999996,27077.54,32945.45,32945.45,32945.45
1901,1,6720.18,6720.18,26544.65,33264.83,33264.83,33264.83
1915,1,6043.75,6043.75,26676.44,32720.19,32720.19,32720.19
1994,1,5128.710000000003,5128.710000000003,32765.05,37893.76,37893.76,37893.76
1790,1,6050.299999999999,6050.299999999999,22357.16,28407.46,28407.46,28407.46
2050,1,108589.63,108589.63,880309.75,988899.38,988899.38,988899.38
2079,1,5184.919999999998,5184.919999999998,25773.33,30958.25,30958.25,30958.25
2038,1,179824.38,179824.38,809075.0,988899.38,988899.38,988899.38
1857,1,7525.490000000005,7525.490000000005,32855.06,40380.55,40380.55,40380.55
399,1,23797.66,23797.66,24675.34,48473.0,48473.0,48473.0
663,1,7340.610000000001,7340.610000000001,28921.71,36262.32,36262.32,36262.32
830,1,5837.98,5837.98,20510.75,26348.73,26348.73,26348.73
831,1,6941.02,6941.02,21286.04,28227.06,28227.06,28227.06
837,1,5891.0,5891.0,19882.33,25773.33,25773.33,25773.33
838,1,6634.139999999999,6634.139999999999,21700.95,28335.09,28335.09,28335.09
870,1,10107.929999999997,10107.929999999997,23202.91,33310.84,33310.84,33310.84
871,1,10459.329999999998,10459.329999999998,22305.72,32765.05,32765.05,32765.05
872,1,10335.57,10335.57,23393.82,33729.39,33729.39,33729.39
873,1,9815.649999999998,9815.649999999998,23311.73,33127.38,33127.38,33127.38
874,1,10265.820000000003,10265.820000000003,23230.05,33495.87,33495.87,33495.87
875,1,9937.39,9937.39,23698.29,33635.68,33635.68,33635.68
876,1,9122.96,9122.96,22590.65,31713.61,31713.61,31713.61
877,1,9760.96,9760.96,23366.42,33127.38,33127.38,33127.38
878,1,8346.949999999997,8346.949999999997,22203.33,30550.28,30550.28,30550.28
879,1,8508.419999999998,8508.419999999998,21602.34,30110.76,30110.76,30110.76
881,1,9931.349999999999,9931.349999999999,22126.97,32058.32,32058.32,32058.32
882,1,9033.509999999998,9033.509999999998,23866.7,32900.21,32900.21,32900.21
885,1,7001.560000000001,7001.560000000001,23148.76,30150.32,30150.32,30150.32
886,1,8222.170000000002,8222.170000000002,23923.21,32145.38,32145.38,32145.38
887,1,9044.569999999996,9044.569999999996,24266.27,33310.84,33310.84,33310.84
888,1,8645.740000000002,8645.740000000002,23067.87,31713.61,31713.61,31713.61
889,1,7803.68,7803.68,22827.54,30631.22,30631.22,30631.22
897,1,10167.130000000001,10167.130000000001,26842.51,37009.64,37009.64,37009.64
898,1,10284.259999999998,10284.259999999998,26348.73,36632.99,36632.99,36632.99
1440,1,5651.529999999999,5651.529999999999,40256.3,45907.83,45907.83,45907.83
1634,1,5154.419999999998,5154.419999999998,25154.93,30309.35,30309.35,30309.35
1730,1,5901.579999999998,5901.579999999998,26026.81,31928.39,31928.39,31928.39
1786,1,5287.850000000002,5287.850000000002,20834.94,26122.79,26122.79,26122.79
2072,1,5068.16,5068.16,25931.34,30999.5,30999.5,30999.5
257,1,5168.360000000001,5168.360000000001,23311.73,28480.09,28480.09,28480.09
336,1,6691.98,6691.98,24266.27,30958.25,30958.25,30958.25
337,1,6386.139999999999,6386.139999999999,23923.21,30309.35,30309.35,30309.35
342,1,6362.989999999998,6362.989999999998,21900.02,28263.01,28263.01,28263.01
343,1,6345.5300000000025,6345.5300000000025,22025.71,28371.24,28371.24,28371.24
344,1,5322.7199999999975,5322.7199999999975,20928.83,26251.55,26251.55,26251.55
345,1,5835.0999999999985,5835.0999999999985,21310.15,27145.25,27145.25,27145.25
346,1,5096.0999999999985,5096.0999999999985,23202.91,28299.01,28299.01,28299.01
349,1,5222.860000000001,5222.860000000001,23257.23,28480.09,28480.09,28480.09
350,1,5025.41,5025.41,21750.49,26775.9,26775.9,26775.9
354,1,6227.110000000001,6227.110000000001,23923.21,30150.32,30150.32,30150.32
358,1,5370.060000000001,5370.060000000001,23366.42,28736.48,28736.48,28736.48
361,1,5288.59,5288.59,23670.38,28958.97,28958.97,28958.97
362,1,5356.310000000001,5356.310000000001,24794.01,30150.32,30150.32,30150.32
364,1,5221.259999999998,5221.259999999998,24382.16,29603.42,29603.42,29603.42
367,1,5678.690000000002,5678.690000000002,25033.8,30712.49,30712.49,30712.49
370,1,5455.2800000000025,5455.2800000000025,25585.55,31040.83,31040.83,31040.83
371,1,5495.110000000001,5495.110000000001,24734.57,30229.68,30229.68,30229.68
372,1,5173.380000000001,5173.380000000001,24353.12,29526.5,29526.5,29526.5
432,1,7494.779999999999,7494.779999999999,27145.25,34640.03,34640.03,34640.03
459,1,5748.239999999998,5748.239999999998,25710.52,31458.76,31458.76,31458.76
461,1,6013.5300000000025,6013.5300000000025,26219.28,32232.81,32232.81,32232.81
483,1,5151.110000000001,5151.110000000001,19406.36,24557.47,24557.47,24557.47
496,1,5384.34,5384.34,20834.94,26219.28,26219.28,26219.28
498,1,5094.759999999998,5094.759999999998,20741.61,25836.37,25836.37,25836.37
499,1,5273.560000000001,5273.560000000001,21602.34,26875.9,26875.9,26875.9
500,1,5349.130000000001,5349.130000000001,20741.61,26090.74,26090.74,26090.74
501,1,6574.110000000001,6574.110000000001,21261.97,27836.08,27836.08,27836.08
503,1,5883.279999999999,5883.279999999999,21261.97,27145.25,27145.25,27145.25
510,1,6281.77,6281.77,20999.62,27281.39,27281.39,27281.39
532,1,5322.060000000001,5322.060000000001,22408.76,27730.82,27730.82,27730.82
549,1,6159.66,6159.66,24675.34,30835.0,30835.0,30835.0
613,1,5110.07,5110.07,21900.02,27010.09,27010.09,27010.09
786,1,5212.709999999999,5212.709999999999,22000.49,27213.2,27213.2,27213.2
787,1,5052.450000000001,5052.450000000001,24093.88,29146.33,29146.33,29146.33
1976,1,5098.920000000002,5098.920000000002,31374.49,36473.41,36473.41,36473.41
