Timestamp,Sensor_ID,Resistance_Ohms
2025-11-16 15:19:39.808,0,23754.24
2025-11-16 15:19:39.808,1,31082.24
2025-11-16 15:19:39.808,2,35335.6
2025-11-16 15:19:39.808,3,33588.98
2025-11-16 15:19:39.808,4,34396.74
2025-11-16 15:19:39.808,5,35742.86
2025-11-16 15:19:39.808,6,35949.24
2025-11-16 15:19:39.808,7,36053.13
2025-11-16 15:19:39.808,8,36053.13
2025-11-16 15:19:39.808,9,35845.82
2025-11-16 15:19:39.808,10,36793.67
2025-11-16 15:19:39.808,11,35845.82
2025-11-16 15:19:39.808,12,37447.59
2025-11-16 15:19:39.808,13,36955.46
2025-11-16 15:19:39.808,14,37669.63
2025-11-16 15:19:39.808,15,37063.94
2025-11-16 15:19:39.808,16,36473.41
2025-11-16 15:19:39.808,17,37337.34
2025-11-16 15:19:39.808,18,37893.76
2025-11-16 15:19:39.808,19,38233.91
2025-11-16 15:19:39.808,20,37558.35
2025-11-16 15:19:39.808,21,37669.63
2025-11-16 15:19:39.808,22,36632.99
2025-11-16 15:19:39.808,23,39165.01
2025-11-16 15:19:39.808,24,37337.34
2025-11-16 15:19:39.808,25,36847.48
2025-11-16 15:19:39.808,26,39403.42
2025-11-16 15:19:39.808,27,39165.01
2025-11-16 15:19:39.808,28,38006.61
2025-11-16 15:19:39.808,29,37337.34
2025-11-16 15:19:39.808,30,37893.76
2025-11-16 15:19:39.808,31,38811.68
2025-11-16 15:19:39.808,32,109992.31
2025-11-16 15:19:39.808,33,38233.91
2025-11-16 15:19:39.808,34,39765.37
2025-11-16 15:19:39.808,35,38578.92
2025-11-16 15:19:39.808,36,38348.37
2025-11-16 15:19:39.808,37,41397.01
2025-11-16 15:19:39.808,38,44270.75
2025-11-16 15:19:39.808,39,49758.04
2025-11-16 15:19:39.808,40,566776.38
2025-11-16 15:19:39.808,41,56912.64
2025-11-16 15:19:39.808,42,79896.98
2025-11-16 15:19:39.808,43,38463.37
2025-11-16 15:19:39.808,44,79896.98
2025-11-16 15:19:39.808,45,358884.03
2025-11-16 15:19:39.808,46,89051.75
2025-11-16 15:19:39.808,47,89051.75
2025-11-16 15:19:39.808,48,108944.77
2025-11-16 15:19:39.808,49,114373.48
2025-11-16 15:19:39.808,50,132592.78
2025-11-16 15:19:39.808,51,119906.74
2025-11-16 15:19:39.808,52,121579.19
2025-11-16 15:19:39.808,53,126864.97
2025-11-16 15:19:39.808,54,132592.78
2025-11-16 15:19:39.808,55,128722.46
2025-11-16 15:19:39.808,56,123295.2
2025-11-16 15:19:39.808,57,123295.2
2025-11-16 15:19:39.808,58,132592.78
2025-11-16 15:19:39.808,59,129670.22
2025-11-16 15:19:39.808,60,132097.22
2025-11-16 15:19:39.808,61,130631.02
2025-11-16 15:19:39.808,62,134609.98
2025-11-16 15:19:39.808,63,128722.46
2025-11-16 15:19:39.808,64,119906.74
2025-11-16 15:19:39.808,65,128722.46
2025-11-16 15:19:39.808,66,133594.3
2025-11-16 15:19:39.808,67,128253.38
2025-11-16 15:19:39.808,68,138280.8
2025-11-16 15:19:39.808,69,136685.03
2025-11-16 15:19:39.808,70,129670.22
2025-11-16 15:19:39.808,71,136685.03
2025-11-16 15:19:39.808,72,132592.78
2025-11-16 15:19:39.808,73,132592.78
2025-11-16 15:19:39.808,74,135640.13
2025-11-16 15:19:39.808,75,142142.66
2025-11-16 15:19:39.808,76,138820.45
2025-11-16 15:19:39.808,77,130148.98
2025-11-16 15:19:39.808,78,133594.3
2025-11-16 15:19:39.808,79,136160.72
2025-11-16 15:19:39.808,80,339960.47
2025-11-16 15:19:39.808,81,133594.3
2025-11-16 15:19:39.808,82,138280.8
2025-11-16 15:19:39.808,83,138280.8
2025-11-16 15:19:39.808,84,135123.23
2025-11-16 15:19:39.808,85,133594.3
2025-11-16 15:19:39.808,86,153715.0
2025-11-16 15:19:39.808,87,167191.02
2025-11-16 15:19:39.808,88,150502.45
2025-11-16 15:19:39.808,89,150502.45
2025-11-16 15:19:39.808,90,228014.55
2025-11-16 15:19:39.808,91,137745.05
2025-11-16 15:19:39.808,92,151772.23
2025-11-16 15:19:39.808,93,900097.25
2025-11-16 15:19:39.808,94,280371.47
2025-11-16 15:19:39.808,95,280371.47
2025-11-16 15:19:39.808,96,83177.96
2025-11-16 15:19:39.808,97,85130.81
2025-11-16 15:19:39.808,98,91010.8
2025-11-16 15:19:39.808,99,89534.38
2025-11-16 15:19:39.808,100,90267.15
2025-11-16 15:19:39.808,101,97948.88
2025-11-16 15:19:39.808,102,91512.71
2025-11-16 15:19:39.808,103,92789.56
2025-11-16 15:19:39.808,104,90021.7
2025-11-16 15:19:39.808,105,92019.64
2025-11-16 15:19:39.808,106,91512.71
2025-11-16 15:19:39.808,107,91261.14
2025-11-16 15:19:39.808,108,92275.0
2025-11-16 15:19:39.808,109,95170.63
2025-11-16 15:19:39.808,110,94364.8
2025-11-16 15:19:39.808,111,97381.57
2025-11-16 15:19:39.808,112,84909.8
2025-11-16 15:19:39.808,113,90021.7
2025-11-16 15:19:39.808,114,93571.2
2025-11-16 15:19:39.808,115,91512.71
2025-11-16 15:19:39.808,116,97381.57
2025-11-16 15:19:39.808,117,93048.8
2025-11-16 15:19:39.808,118,87167.16
2025-11-16 15:19:39.808,119,94632.04
2025-11-16 15:19:39.808,120,88336.55
2025-11-16 15:19:39.808,121,93048.8
2025-11-16 15:19:39.808,122,93048.8
2025-11-16 15:19:39.808,123,94632.04
2025-11-16 15:19:39.808,124,93571.2
2025-11-16 15:19:39.808,125,89777.44
2025-11-16 15:19:39.808,126,93571.2
2025-11-16 15:19:39.808,127,98522.22
2025-11-16 15:19:39.808,128,241163.34
2025-11-16 15:19:39.808,129,96820.16
2025-11-16 15:19:39.808,130,94364.8
2025-11-16 15:19:39.808,131,94098.91
2025-11-16 15:19:39.808,132,91010.8
2025-11-16 15:19:39.808,133,99687.32
2025-11-16 15:19:39.808,134,104608.9
2025-11-16 15:19:39.808,135,118680.02
2025-11-16 15:19:39.808,136,101179.34
2025-11-16 15:19:39.808,137,101179.34
2025-11-16 15:19:39.808,138,178630.77
2025-11-16 15:19:39.808,139,94098.91
2025-11-16 15:19:39.808,140,137745.05
2025-11-16 15:19:39.808,141,696081.88
2025-11-16 15:19:39.808,142,204325.27
2025-11-16 15:19:39.808,143,204325.27
2025-11-16 15:19:39.808,144,45002.86
2025-11-16 15:19:39.808,145,45151.65
2025-11-16 15:19:39.808,146,45907.83
2025-11-16 15:19:39.808,147,45754.95
2025-11-16 15:19:39.808,148,45226.35
2025-11-16 15:19:39.808,149,46371.55
2025-11-16 15:19:39.808,150,45602.89
2025-11-16 15:19:39.808,151,45301.25
2025-11-16 15:19:39.808,152,44707.67
2025-11-16 15:19:39.808,153,44928.77
2025-11-16 15:19:39.808,154,45602.89
2025-11-16 15:19:39.808,155,45002.86
2025-11-16 15:19:39.808,156,46138.74
2025-11-16 15:19:39.808,157,46371.55
2025-11-16 15:19:39.808,158,45907.83
2025-11-16 15:19:39.808,159,45301.25
2025-11-16 15:19:39.808,160,29992.53
2025-11-16 15:19:39.808,161,44854.87
2025-11-16 15:19:39.808,162,46216.13
2025-11-16 15:19:39.808,163,43557.83
2025-11-16 15:19:39.808,164,46527.84
2025-11-16 15:19:39.808,165,48305.81
2025-11-16 15:19:39.808,166,43698.91
2025-11-16 15:19:39.808,167,48641.14
2025-11-16 15:19:39.808,168,45226.35
2025-11-16 15:19:39.808,169,46138.74
2025-11-16 15:19:39.808,170,46216.13
2025-11-16 15:19:39.808,171,48305.81
2025-11-16 15:19:39.808,172,47001.92
2025-11-16 15:19:39.808,173,45226.35
2025-11-16 15:19:39.808,174,47322.41
2025-11-16 15:19:39.808,175,48810.25
2025-11-16 15:19:39.808,176,138820.45
2025-11-16 15:19:39.808,177,47322.41
2025-11-16 15:19:39.808,178,48305.81
2025-11-16 15:19:39.808,179,48895.18
2025-11-16 15:19:39.808,180,46138.74
2025-11-16 15:19:39.808,181,51009.33
2025-11-16 15:19:39.808,182,54277.52
2025-11-16 15:19:39.808,183,60374.14
2025-11-16 15:19:39.808,184,708471.5
2025-11-16 15:19:39.808,185,60374.14
2025-11-16 15:19:39.808,186,94098.91
2025-11-16 15:19:39.808,187,47161.71
2025-11-16 15:19:39.808,188,91765.55
2025-11-16 15:19:39.808,189,407834.16
2025-11-16 15:19:39.808,190,107238.9
2025-11-16 15:19:39.808,191,107238.9
2025-11-16 15:19:39.808,192,28921.71
2025-11-16 15:19:39.808,193,28921.71
2025-11-16 15:19:39.808,194,28263.01
2025-11-16 15:19:39.808,195,28847.41
2025-11-16 15:19:39.808,196,28191.18
2025-11-16 15:19:39.808,197,28553.0
2025-11-16 15:19:39.808,198,27695.87
2025-11-16 15:19:39.808,199,28553.0
2025-11-16 15:19:39.808,200,27906.57
2025-11-16 15:19:39.808,201,28371.24
2025-11-16 15:19:39.808,202,28299.01
2025-11-16 15:19:39.808,203,27906.57
2025-11-16 15:19:39.808,204,28736.48
2025-11-16 15:19:39.808,205,28810.36
2025-11-16 15:19:39.808,206,28996.3
2025-11-16 15:19:39.808,207,28773.39
2025-11-16 15:19:39.808,208,20999.62
2025-11-16 15:19:39.808,209,28263.01
2025-11-16 15:19:39.808,210,28662.88
2025-11-16 15:19:39.808,211,23754.24
2025-11-16 15:19:39.808,212,30071.27
2025-11-16 15:19:39.808,213,30389.34
2025-11-16 15:19:39.808,214,25804.82
2025-11-16 15:19:39.808,215,30269.48
2025-11-16 15:19:39.808,216,28335.09
2025-11-16 15:19:39.808,217,29488.15
2025-11-16 15:19:39.808,218,29603.42
2025-11-16 15:19:39.808,219,30590.71
2025-11-16 15:19:39.808,220,30071.27
2025-11-16 15:19:39.808,221,28810.36
2025-11-16 15:19:39.808,222,30229.68
2025-11-16 15:19:39.808,223,30958.25
2025-11-16 15:19:39.808,224,98522.22
2025-11-16 15:19:39.808,225,30631.22
2025-11-16 15:19:39.808,226,31713.61
2025-11-16 15:19:39.808,227,30631.22
2025-11-16 15:19:39.808,228,30753.24
2025-11-16 15:19:39.808,229,33542.38
2025-11-16 15:19:39.808,230,35234.91
2025-11-16 15:19:39.808,231,40756.99
2025-11-16 15:19:39.808,232,439984.91
2025-11-16 15:19:39.808,233,41267.73
2025-11-16 15:19:39.808,234,66435.75
2025-11-16 15:19:39.808,235,31040.83
2025-11-16 15:19:39.808,236,71306.41
2025-11-16 15:19:39.808,237,284551.28
2025-11-16 15:19:39.808,238,75745.02
2025-11-16 15:19:39.808,239,75745.02
2025-11-16 15:19:39.808,240,20834.94
2025-11-16 15:19:39.808,241,20170.86
2025-11-16 15:19:39.808,242,20464.99
2025-11-16 15:19:39.808,243,20533.68
2025-11-16 15:19:39.808,244,19970.52
2025-11-16 15:19:39.808,245,20419.37
2025-11-16 15:19:39.808,246,19838.42
2025-11-16 15:19:39.808,247,20148.47
2025-11-16 15:19:39.808,248,19258.07
2025-11-16 15:19:39.808,249,19882.33
2025-11-16 15:19:39.808,250,19729.22
2025-11-16 15:19:39.808,251,19449.01
2025-11-16 15:19:39.808,252,20533.68
2025-11-16 15:19:39.808,253,20193.28
2025-11-16 15:19:39.808,254,21023.29
2025-11-16 15:19:39.808,255,20373.88
2025-11-16 15:19:39.808,256,19321.44
2025-11-16 15:19:39.808,257,20648.86
2025-11-16 15:19:39.808,258,20556.65
2025-11-16 15:19:39.808,259,19449.01
2025-11-16 15:19:39.808,260,21626.94
2025-11-16 15:19:39.808,261,21700.95
2025-11-16 15:19:39.808,262,20648.86
2025-11-16 15:19:39.808,263,22408.76
2025-11-16 15:19:39.808,264,20811.56
2025-11-16 15:19:39.808,265,21118.33
2025-11-16 15:19:39.808,266,22987.37
2025-11-16 15:19:39.808,267,22050.96
2025-11-16 15:19:39.808,268,21925.08
2025-11-16 15:19:39.808,269,20999.62
2025-11-16 15:19:39.808,270,21700.95
2025-11-16 15:19:39.808,271,21775.31
2025-11-16 15:19:39.808,272,71306.41
2025-11-16 15:19:39.808,273,21725.7
2025-11-16 15:19:39.808,274,22827.54
2025-11-16 15:19:39.808,275,22025.71
2025-11-16 15:19:39.808,276,22050.96
2025-11-16 15:19:39.808,277,24208.61
2025-11-16 15:19:39.808,278,25773.33
2025-11-16 15:19:39.808,279,29297.52
2025-11-16 15:19:39.808,280,317555.0
2025-11-16 15:19:39.808,281,34156.08
2025-11-16 15:19:39.808,282,51561.75
2025-11-16 15:19:39.808,283,21775.31
2025-11-16 15:19:39.808,284,56476.62
2025-11-16 15:19:39.808,285,218701.81
2025-11-16 15:19:39.808,286,58028.08
2025-11-16 15:19:39.808,287,58028.08
2025-11-16 15:19:39.808,288,18260.31
2025-11-16 15:19:39.808,289,18142.77
2025-11-16 15:19:39.808,290,17531.99
2025-11-16 15:19:39.808,291,17891.41
2025-11-16 15:19:39.808,292,17145.3
2025-11-16 15:19:39.808,293,17346.5
2025-11-16 15:19:39.808,294,16947.04
2025-11-16 15:19:39.808,295,16982.88
2025-11-16 15:19:39.808,296,16698.84
2025-11-16 15:19:39.808,297,17018.8
2025-11-16 15:19:39.808,298,17199.88
2025-11-16 15:19:39.808,299,17145.3
2025-11-16 15:19:39.808,300,17834.04
2025-11-16 15:19:39.808,301,17457.49
2025-11-16 15:19:39.808,302,18260.31
2025-11-16 15:19:39.808,303,17757.91
2025-11-16 15:19:39.808,304,18822.0
2025-11-16 15:19:39.808,305,18181.84
2025-11-16 15:19:39.808,306,18720.07
2025-11-16 15:19:39.808,307,19406.36
2025-11-16 15:19:39.808,308,18862.97
2025-11-16 15:19:39.808,309,19491.78
2025-11-16 15:19:39.808,310,18103.81
2025-11-16 15:19:39.808,311,19794.65
2025-11-16 15:19:39.808,312,18103.81
2025-11-16 15:19:39.808,313,18578.57
2025-11-16 15:19:39.808,314,20602.68
2025-11-16 15:19:39.808,315,19237.01
2025-11-16 15:19:39.808,316,19153.06
2025-11-16 15:19:39.808,317,18221.02
2025-11-16 15:19:39.808,318,19132.14
2025-11-16 15:19:39.808,319,18578.57
2025-11-16 15:19:39.808,320,61358.41
2025-11-16 15:19:39.808,321,18862.97
2025-11-16 15:19:39.808,322,19794.65
2025-11-16 15:19:39.808,323,19028.03
2025-11-16 15:19:39.808,324,19132.14
2025-11-16 15:19:39.808,325,20975.98
2025-11-16 15:19:39.808,326,22357.16
2025-11-16 15:19:39.808,327,26316.28
2025-11-16 15:19:39.808,328,261133.28
2025-11-16 15:19:39.808,329,31971.61
2025-11-16 15:19:39.808,330,45907.83
2025-11-16 15:19:39.808,331,18822.0
2025-11-16 15:19:39.808,332,51654.79
2025-11-16 15:19:39.808,333,205453.95
2025-11-16 15:19:39.808,334,50556.48
2025-11-16 15:19:39.808,335,50556.48
2025-11-16 15:19:39.808,336,16215.84
2025-11-16 15:19:39.808,337,16182.0
2025-11-16 15:19:39.808,338,15555.25
2025-11-16 15:19:39.808,339,15815.47
2025-11-16 15:19:39.808,340,15050.17
2025-11-16 15:19:39.808,341,15237.23
2025-11-16 15:19:39.808,342,15050.17
2025-11-16 15:19:39.808,343,15174.57
2025-11-16 15:19:39.808,344,15003.83
2025-11-16 15:19:39.808,345,15081.15
2025-11-16 15:19:39.808,346,15571.36
2025-11-16 15:19:39.808,347,15331.81
2025-11-16 15:19:39.808,348,15427.09
2025-11-16 15:19:39.808,349,15766.28
2025-11-16 15:19:39.808,350,16014.12
2025-11-16 15:19:39.808,351,15300.2
2025-11-16 15:19:39.808,352,17018.8
2025-11-16 15:19:39.808,353,16131.41
2025-11-16 15:19:39.808,354,16982.88
2025-11-16 15:19:39.808,355,17531.99
2025-11-16 15:19:39.808,356,16911.3
2025-11-16 15:19:39.808,357,17569.39
2025-11-16 15:19:39.808,358,16232.79
2025-11-16 15:19:39.808,359,17720.0
2025-11-16 15:19:39.808,360,15864.85
2025-11-16 15:19:39.808,361,16734.02
2025-11-16 15:19:39.808,362,18319.45
2025-11-16 15:19:39.808,363,16386.33
2025-11-16 15:19:39.808,364,17272.99
2025-11-16 15:19:39.808,365,16751.64
2025-11-16 15:19:39.808,366,17218.13
2025-11-16 15:19:39.808,367,17272.99
2025-11-16 15:19:39.808,368,58255.64
2025-11-16 15:19:39.808,369,17291.33
2025-11-16 15:19:39.808,370,17910.59
2025-11-16 15:19:39.808,371,17346.5
2025-11-16 15:19:39.808,372,17254.68
2025-11-16 15:19:39.808,373,18659.26
2025-11-16 15:19:39.808,374,20788.21
2025-11-16 15:19:39.808,375,23923.21
2025-11-16 15:19:39.808,376,250766.73
2025-11-16 15:19:39.808,377,29526.5
2025-11-16 15:19:39.808,378,43347.59
2025-11-16 15:19:39.808,379,16751.64
2025-11-16 15:19:39.808,380,49151.41
2025-11-16 15:19:39.808,381,180386.63
2025-11-16 15:19:39.808,382,48725.57
2025-11-16 15:19:39.808,383,48725.57
2025-11-16 15:19:39.808,384,16646.24
2025-11-16 15:19:39.808,385,16300.81
2025-11-16 15:19:39.808,386,15749.92
2025-11-16 15:19:39.808,387,16030.81
2025-11-16 15:19:39.808,388,15205.86
2025-11-16 15:19:39.808,389,15652.22
2025-11-16 15:19:39.808,390,15143.35
2025-11-16 15:19:39.808,391,15347.64
2025-11-16 15:19:39.808,392,15268.68
2025-11-16 15:19:39.808,393,15315.99
2025-11-16 15:19:39.808,394,15864.85
2025-11-16 15:19:39.808,395,15507.04
2025-11-16 15:19:39.808,396,16047.52
2025-11-16 15:19:39.808,397,15930.98
2025-11-16 15:19:39.808,398,16114.59
2025-11-16 15:19:39.808,399,15815.47
2025-11-16 15:19:39.808,400,17272.99
2025-11-16 15:19:39.808,401,16352.05
2025-11-16 15:19:39.808,402,17163.47
2025-11-16 15:19:39.808,403,17853.14
2025-11-16 15:19:39.808,404,17328.08
2025-11-16 15:19:39.808,405,17834.04
2025-11-16 15:19:39.808,406,16215.84
2025-11-16 15:19:39.808,407,18045.56
2025-11-16 15:19:39.808,408,15914.42
2025-11-16 15:19:39.808,409,16911.3
2025-11-16 15:19:39.808,410,18699.77
2025-11-16 15:19:39.808,411,17346.5
2025-11-16 15:19:39.808,412,17569.39
2025-11-16 15:19:39.808,413,16982.88
2025-11-16 15:19:39.808,414,17309.7
2025-11-16 15:19:39.808,415,17364.93
2025-11-16 15:19:39.808,416,54685.13
2025-11-16 15:19:39.808,417,17272.99
2025-11-16 15:19:39.808,418,18026.2
2025-11-16 15:19:39.808,419,17383.4
2025-11-16 15:19:39.808,420,17383.4
2025-11-16 15:19:39.808,421,19007.29
2025-11-16 15:19:39.808,422,20834.94
2025-11-16 15:19:39.808,423,24036.8
2025-11-16 15:19:39.808,424,250766.73
2025-11-16 15:19:39.808,425,29033.7
2025-11-16 15:19:39.808,426,42590.57
2025-11-16 15:19:39.808,427,16929.16
2025-11-16 15:19:39.808,428,48980.34
2025-11-16 15:19:39.808,429,184922.63
2025-11-16 15:19:39.808,430,48139.58
2025-11-16 15:19:39.808,431,48139.58
2025-11-16 15:19:39.808,432,16663.75
2025-11-16 15:19:39.808,433,16593.85
2025-11-16 15:19:39.808,434,15652.22
2025-11-16 15:19:39.808,435,16081.01
2025-11-16 15:19:39.808,436,15363.49
2025-11-16 15:19:39.808,437,15587.49
2025-11-16 15:19:39.808,438,15315.99
2025-11-16 15:19:39.808,439,15523.09
2025-11-16 15:19:39.808,440,15205.86
2025-11-16 15:19:39.808,441,15347.64
2025-11-16 15:19:39.808,442,15782.65
2025-11-16 15:19:39.808,443,15300.2
2025-11-16 15:19:39.808,444,16300.81
2025-11-16 15:19:39.808,445,16114.59
2025-11-16 15:19:39.808,446,16352.05
2025-11-16 15:19:39.808,447,15947.57
2025-11-16 15:19:39.808,448,17127.16
2025-11-16 15:19:39.808,449,16047.52
2025-11-16 15:19:39.808,450,17181.67
2025-11-16 15:19:39.808,451,17757.91
2025-11-16 15:19:39.808,452,17163.47
2025-11-16 15:19:39.808,453,17872.27
2025-11-16 15:19:39.808,454,16455.14
2025-11-16 15:19:39.808,455,18064.95
2025-11-16 15:19:39.808,456,15749.92
2025-11-16 15:19:39.808,457,16875.66
2025-11-16 15:19:39.808,458,18679.5
2025-11-16 15:19:39.808,459,17569.39
2025-11-16 15:19:39.808,460,17420.39
2025-11-16 15:19:39.808,461,16911.3
2025-11-16 15:19:39.808,462,17346.5
2025-11-16 15:19:39.808,463,17494.69
2025-11-16 15:19:39.808,464,54378.94
2025-11-16 15:19:39.808,465,17309.7
2025-11-16 15:19:39.808,466,17757.91
2025-11-16 15:19:39.808,467,17291.33
2025-11-16 15:19:39.808,468,17199.88
2025-11-16 15:19:39.808,469,18781.14
2025-11-16 15:19:39.808,470,20648.86
2025-11-16 15:19:39.808,471,23951.54
2025-11-16 15:19:39.808,472,254133.06
2025-11-16 15:19:39.808,473,29680.64
2025-11-16 15:19:39.808,474,42863.36
2025-11-16 15:19:39.808,475,16840.11
2025-11-16 15:19:39.808,476,48810.25
2025-11-16 15:19:39.808,477,182175.47
2025-11-16 15:19:39.808,478,47484.0
2025-11-16 15:19:39.808,479,47484.0
2025-11-16 15:19:39.808,480,15491.01
2025-11-16 15:19:39.808,481,15363.49
2025-11-16 15:19:39.808,482,14357.96
2025-11-16 15:19:39.808,483,14850.61
2025-11-16 15:19:39.808,484,14183.61
2025-11-16 15:19:39.808,485,14416.64
2025-11-16 15:19:39.808,486,14198.04
2025-11-16 15:19:39.808,487,14198.04
2025-11-16 15:19:39.808,488,14299.57
2025-11-16 15:19:39.808,489,14343.34
2025-11-16 15:19:39.808,490,14401.95
2025-11-16 15:19:39.808,491,14154.79
2025-11-16 15:19:39.808,492,15174.57
2025-11-16 15:19:39.808,493,15019.26
2025-11-16 15:19:39.808,494,15587.49
2025-11-16 15:19:39.808,495,14926.99
2025-11-16 15:19:39.808,496,16386.33
2025-11-16 15:19:39.808,497,15411.16
2025-11-16 15:19:39.808,498,16097.79
2025-11-16 15:19:39.808,499,16698.84
2025-11-16 15:19:39.808,500,16215.84
2025-11-16 15:19:39.808,501,16769.29
2025-11-16 15:19:39.808,502,15284.43
2025-11-16 15:19:39.808,503,17054.83
2025-11-16 15:19:39.808,504,15619.82
2025-11-16 15:19:39.808,505,15749.92
2025-11-16 15:19:39.808,506,17606.89
2025-11-16 15:19:39.808,507,16698.84
2025-11-16 15:19:39.808,508,16455.14
2025-11-16 15:19:39.808,509,15749.92
2025-11-16 15:19:39.808,510,16283.77
2025-11-16 15:19:39.808,511,16420.69
2025-11-16 15:19:39.808,512,55833.13
2025-11-16 15:19:39.808,513,16352.05
2025-11-16 15:19:39.808,514,17054.83
2025-11-16 15:19:39.808,515,16182.0
2025-11-16 15:19:39.808,516,16663.75
2025-11-16 15:19:39.808,517,18260.31
2025-11-16 15:19:39.808,518,19794.65
2025-11-16 15:19:39.808,519,22960.62
2025-11-16 15:19:39.808,520,229407.17
2025-11-16 15:19:39.808,521,28847.41
2025-11-16 15:19:39.808,522,41657.55
2025-11-16 15:19:39.808,523,16131.41
2025-11-16 15:19:39.808,524,47403.09
2025-11-16 15:19:39.808,525,175214.38
2025-11-16 15:19:39.808,526,46606.3
2025-11-16 15:19:39.808,527,46606.3
2025-11-16 15:19:39.808,528,15848.37
2025-11-16 15:19:39.808,529,15619.82
2025-11-16 15:19:39.808,530,14774.7
2025-11-16 15:19:39.808,531,15174.57
2025-11-16 15:19:39.808,532,14564.57
2025-11-16 15:19:39.808,533,14789.84
2025-11-16 15:19:39.808,534,14594.37
2025-11-16 15:19:39.808,535,14624.25
2025-11-16 15:19:39.808,536,14505.19
2025-11-16 15:19:39.808,537,14594.37
2025-11-16 15:19:39.808,538,14805.01
2025-11-16 15:19:39.808,539,14372.61
2025-11-16 15:19:39.808,540,15652.22
2025-11-16 15:19:39.808,541,15491.01
2025-11-16 15:19:39.808,542,15914.42
2025-11-16 15:19:39.808,543,15411.16
2025-11-16 15:19:39.808,544,16751.64
2025-11-16 15:19:39.808,545,15848.37
2025-11-16 15:19:39.808,546,16734.02
2025-11-16 15:19:39.808,547,17145.3
2025-11-16 15:19:39.808,548,16386.33
2025-11-16 15:19:39.808,549,17072.88
2025-11-16 15:19:39.808,550,15782.65
2025-11-16 15:19:39.808,551,17199.88
2025-11-16 15:19:39.808,552,15947.57
2025-11-16 15:19:39.808,553,15914.42
2025-11-16 15:19:39.808,554,18142.77
2025-11-16 15:19:39.808,555,17018.8
2025-11-16 15:19:39.808,556,16663.75
2025-11-16 15:19:39.808,557,16014.12
2025-11-16 15:19:39.808,558,16840.11
2025-11-16 15:19:39.808,559,16455.14
2025-11-16 15:19:39.808,560,63148.7
2025-11-16 15:19:39.808,561,16420.69
2025-11-16 15:19:39.808,562,17383.4
2025-11-16 15:19:39.808,563,16786.96
2025-11-16 15:19:39.808,564,16840.11
2025-11-16 15:19:39.808,565,18578.57
2025-11-16 15:19:39.808,566,20103.78
2025-11-16 15:19:39.808,567,23311.73
2025-11-16 15:19:39.808,568,232241.86
2025-11-16 15:19:39.808,569,28921.71
2025-11-16 15:19:39.808,570,42186.62
2025-11-16 15:19:39.808,571,16317.87
2025-11-16 15:19:39.808,572,48305.81
2025-11-16 15:19:39.808,573,173552.13
2025-11-16 15:19:39.808,574,46684.98
2025-11-16 15:19:39.808,575,46684.98
2025-11-16 15:19:39.808,576,15555.25
2025-11-16 15:19:39.808,577,15395.25
2025-11-16 15:19:39.808,578,14805.01
2025-11-16 15:19:39.808,579,15112.21
2025-11-16 15:19:39.808,580,14357.96
2025-11-16 15:19:39.808,581,14774.7
2025-11-16 15:19:39.808,582,14299.57
2025-11-16 15:19:39.808,583,14372.61
2025-11-16 15:19:39.808,584,14270.47
2025-11-16 15:19:39.808,585,14183.61
2025-11-16 15:19:39.808,586,14564.57
2025-11-16 15:19:39.808,587,14212.49
2025-11-16 15:19:39.808,588,15190.2
2025-11-16 15:19:39.808,589,14805.01
2025-11-16 15:19:39.808,590,15555.25
2025-11-16 15:19:39.808,591,14988.43
2025-11-16 15:19:39.808,592,16215.84
2025-11-16 15:19:39.808,593,15347.64
2025-11-16 15:19:39.808,594,15914.42
2025-11-16 15:19:39.808,595,16420.69
2025-11-16 15:19:39.808,596,15947.57
2025-11-16 15:19:39.808,597,16472.4
2025-11-16 15:19:39.808,598,14774.7
2025-11-16 15:19:39.808,599,16628.76
2025-11-16 15:19:39.808,600,15523.09
2025-11-16 15:19:39.808,601,15555.25
2025-11-16 15:19:39.808,602,17364.93
2025-11-16 15:19:39.808,603,16386.33
2025-11-16 15:19:39.808,604,15815.47
2025-11-16 15:19:39.808,605,15003.83
2025-11-16 15:19:39.808,606,15363.49
2025-11-16 15:19:39.808,607,14314.14
2025-11-16 15:19:39.808,608,58484.71
2025-11-16 15:19:39.808,609,15555.25
2025-11-16 15:19:39.808,610,16734.02
2025-11-16 15:19:39.808,611,15914.42
2025-11-16 15:19:39.808,612,16215.84
2025-11-16 15:19:39.808,613,18103.81
2025-11-16 15:19:39.808,614,19385.09
2025-11-16 15:19:39.808,615,22152.38
2025-11-16 15:19:39.808,616,226638.0
2025-11-16 15:19:39.808,617,28191.18
2025-11-16 15:19:39.808,618,40505.41
2025-11-16 15:19:39.808,619,15491.01
2025-11-16 15:19:39.808,620,46606.3
2025-11-16 15:19:39.808,621,171919.44
2025-11-16 15:19:39.808,622,45151.65
2025-11-16 15:19:39.808,623,45151.65
2025-11-16 15:19:39.808,624,15158.95
2025-11-16 15:19:39.808,625,15205.86
2025-11-16 15:19:39.808,626,14564.57
2025-11-16 15:19:39.808,627,14865.85
2025-11-16 15:19:39.808,628,14097.35
2025-11-16 15:19:39.808,629,14372.61
2025-11-16 15:19:39.808,630,14241.45
2025-11-16 15:19:39.808,631,14154.79
2025-11-16 15:19:39.808,632,14183.61
2025-11-16 15:19:39.808,633,14154.79
2025-11-16 15:19:39.808,634,14416.64
2025-11-16 15:19:39.808,635,14154.79
2025-11-16 15:19:39.808,636,15112.21
2025-11-16 15:19:39.808,637,14835.39
2025-11-16 15:19:39.808,638,15268.68
2025-11-16 15:19:39.808,639,14988.43
2025-11-16 15:19:39.808,640,15947.57
2025-11-16 15:19:39.808,641,14988.43
2025-11-16 15:19:39.808,642,15964.17
2025-11-16 15:19:39.808,643,16840.11
2025-11-16 15:19:39.808,644,16081.01
2025-11-16 15:19:39.808,645,16628.76
2025-11-16 15:19:39.808,646,15411.16
2025-11-16 15:19:39.808,647,16911.3
2025-11-16 15:19:39.808,648,15587.49
2025-11-16 15:19:39.808,649,15684.7
2025-11-16 15:19:39.808,650,17606.89
2025-11-16 15:19:39.808,651,16628.76
2025-11-16 15:19:39.808,652,16131.41
2025-11-16 15:19:39.808,653,15268.68
2025-11-16 15:19:39.808,654,16014.12
2025-11-16 15:19:39.808,655,15947.57
2025-11-16 15:19:39.808,656,57465.76
2025-11-16 15:19:39.808,657,15914.42
2025-11-16 15:19:39.808,658,16215.84
2025-11-16 15:19:39.808,659,16114.59
2025-11-16 15:19:39.808,660,16215.84
2025-11-16 15:19:39.808,661,17872.27
2025-11-16 15:19:39.808,662,19449.01
2025-11-16 15:19:39.808,663,22616.81
2025-11-16 15:19:39.808,664,216173.34
2025-11-16 15:19:39.808,665,28263.01
2025-11-16 15:19:39.808,666,41203.32
2025-11-16 15:19:39.808,667,15158.95
2025-11-16 15:19:39.808,668,47001.92
2025-11-16 15:19:39.808,669,175214.38
2025-11-16 15:19:39.808,670,46371.55
2025-11-16 15:19:39.808,671,46371.55
2025-11-16 15:19:39.808,672,14789.84
2025-11-16 15:19:39.808,673,14774.7
2025-11-16 15:19:39.808,674,14431.36
2025-11-16 15:19:39.808,675,14270.47
2025-11-16 15:19:39.808,676,14549.7
2025-11-16 15:19:39.808,677,14774.7
2025-11-16 15:19:39.808,678,14654.19
2025-11-16 15:19:39.808,679,14654.19
2025-11-16 15:19:39.808,680,14744.46
2025-11-16 15:19:39.808,681,14609.3
2025-11-16 15:19:39.808,682,14988.43
2025-11-16 15:19:39.808,683,14744.46
2025-11-16 15:19:39.808,684,15331.81
2025-11-16 15:19:39.808,685,15143.35
2025-11-16 15:19:39.808,686,15881.35
2025-11-16 15:19:39.808,687,15252.94
2025-11-16 15:19:39.808,688,16734.02
2025-11-16 15:19:39.808,689,15652.22
2025-11-16 15:19:39.808,690,16386.33
2025-11-16 15:19:39.808,691,16982.88
2025-11-16 15:19:39.808,692,16352.05
2025-11-16 15:19:39.808,693,17163.47
2025-11-16 15:19:39.808,694,15815.47
2025-11-16 15:19:39.808,695,17457.49
2025-11-16 15:19:39.808,696,16064.26
2025-11-16 15:19:39.808,697,16283.77
2025-11-16 15:19:39.808,698,18026.2
2025-11-16 15:19:39.808,699,17236.39
2025-11-16 15:19:39.808,700,16893.47
2025-11-16 15:19:39.808,701,16182.0
2025-11-16 15:19:39.808,702,16875.66
2025-11-16 15:19:39.808,703,16911.3
2025-11-16 15:19:39.808,704,60374.14
2025-11-16 15:19:39.808,705,16857.87
2025-11-16 15:19:39.808,706,17218.13
2025-11-16 15:19:39.808,707,16893.47
2025-11-16 15:19:39.808,708,17018.8
2025-11-16 15:19:39.808,709,18378.83
2025-11-16 15:19:39.808,710,20238.23
2025-11-16 15:19:39.808,711,23230.05
2025-11-16 15:19:39.808,712,238117.42
2025-11-16 15:19:39.808,713,28958.97
2025-11-16 15:19:39.808,714,41920.75
2025-11-16 15:19:39.808,715,16386.33
2025-11-16 15:19:39.808,716,48641.14
2025-11-16 15:19:39.808,717,182175.47
2025-11-16 15:19:39.808,718,47161.71
2025-11-16 15:19:39.808,719,47161.71
2025-11-16 15:19:39.808,720,15331.81
2025-11-16 15:19:39.808,721,15300.2
2025-11-16 15:19:39.808,722,15587.49
2025-11-16 15:19:39.808,723,15587.49
2025-11-16 15:19:39.808,724,15019.26
2025-11-16 15:19:39.808,725,15284.43
2025-11-16 15:19:39.808,726,15143.35
2025-11-16 15:19:39.808,727,15050.17
2025-11-16 15:19:39.808,728,15315.99
2025-11-16 15:19:39.808,729,15127.77
2025-11-16 15:19:39.808,730,15555.25
2025-11-16 15:19:39.808,731,15347.64
2025-11-16 15:19:39.808,732,15881.35
2025-11-16 15:19:39.808,733,15881.35
2025-11-16 15:19:39.808,734,16283.77
2025-11-16 15:19:39.808,735,15555.25
2025-11-16 15:19:39.808,736,17163.47
2025-11-16 15:19:39.808,737,16249.76
2025-11-16 15:19:39.808,738,16911.3
2025-11-16 15:19:39.808,739,17476.08
2025-11-16 15:19:39.808,740,16182.0
2025-11-16 15:19:39.808,741,17420.39
2025-11-16 15:19:39.808,742,16283.77
2025-11-16 15:19:39.808,743,17531.99
2025-11-16 15:19:39.808,744,16455.14
2025-11-16 15:19:39.808,745,16840.11
2025-11-16 15:19:39.808,746,18618.86
2025-11-16 15:19:39.808,747,17531.99
2025-11-16 15:19:39.808,748,17272.99
2025-11-16 15:19:39.808,749,16734.02
2025-11-16 15:19:39.808,750,17236.39
2025-11-16 15:19:39.808,751,17346.5
2025-11-16 15:19:39.808,752,59416.6
2025-11-16 15:19:39.808,753,17236.39
2025-11-16 15:19:39.808,754,17420.39
2025-11-16 15:19:39.808,755,17291.33
2025-11-16 15:19:39.808,756,17438.93
2025-11-16 15:19:39.808,757,19153.06
2025-11-16 15:19:39.808,758,20602.68
2025-11-16 15:19:39.808,759,23257.23
2025-11-16 15:19:39.808,760,235144.47
2025-11-16 15:19:39.808,761,29526.5
2025-11-16 15:19:39.808,762,42794.9
2025-11-16 15:19:39.808,763,16947.04
2025-11-16 15:19:39.808,764,48305.81
2025-11-16 15:19:39.808,765,177764.91
2025-11-16 15:19:39.808,766,47161.71
2025-11-16 15:19:39.808,767,47161.71
2025-11-16 15:19:39.808,768,17000.83
2025-11-16 15:19:39.808,769,16982.88
2025-11-16 15:19:39.808,770,16148.25
2025-11-16 15:19:39.808,771,16386.33
2025-11-16 15:19:39.808,772,15491.01
2025-11-16 15:19:39.808,773,16014.12
2025-11-16 15:19:39.808,774,15766.28
2025-11-16 15:19:39.808,775,15815.47
2025-11-16 15:19:39.808,776,16014.12
2025-11-16 15:19:39.808,777,16014.12
2025-11-16 15:19:39.808,778,16182.0
2025-11-16 15:19:39.808,779,16081.01
2025-11-16 15:19:39.808,780,16663.75
2025-11-16 15:19:39.808,781,16420.69
2025-11-16 15:19:39.808,782,16769.29
2025-11-16 15:19:39.808,783,16386.33
2025-11-16 15:19:39.808,784,17834.04
2025-11-16 15:19:39.808,785,16947.04
2025-11-16 15:19:39.808,786,17163.47
2025-11-16 15:19:39.808,787,18279.99
2025-11-16 15:19:39.808,788,16911.3
2025-11-16 15:19:39.808,789,17757.91
2025-11-16 15:19:39.808,790,17163.47
2025-11-16 15:19:39.808,791,18458.39
2025-11-16 15:19:39.808,792,17163.47
2025-11-16 15:19:39.808,793,17254.68
2025-11-16 15:19:39.808,794,19406.36
2025-11-16 15:19:39.808,795,18240.65
2025-11-16 15:19:39.808,796,18084.37
2025-11-16 15:19:39.808,797,17476.08
2025-11-16 15:19:39.808,798,17929.79
2025-11-16 15:19:39.808,799,18103.81
2025-11-16 15:19:39.808,800,63676.8
2025-11-16 15:19:39.808,801,17929.79
2025-11-16 15:19:39.808,802,18822.0
2025-11-16 15:19:39.808,803,18181.84
2025-11-16 15:19:39.808,804,18142.77
2025-11-16 15:19:39.808,805,20148.47
2025-11-16 15:19:39.808,806,21553.27
2025-11-16 15:19:39.808,807,24675.34
2025-11-16 15:19:39.808,808,259348.69
2025-11-16 15:19:39.808,809,31374.49
2025-11-16 15:19:39.808,810,45151.65
2025-11-16 15:19:39.808,811,17853.14
2025-11-16 15:19:39.808,812,51284.3
2025-11-16 15:19:39.808,813,190659.31
2025-11-16 15:19:39.808,814,50918.22
2025-11-16 15:19:39.808,815,50918.22
2025-11-16 15:19:39.808,816,18026.2
2025-11-16 15:19:39.808,817,17910.59
2025-11-16 15:19:39.808,818,16875.66
2025-11-16 15:19:39.808,819,17476.08
2025-11-16 15:19:39.808,820,16386.33
2025-11-16 15:19:39.808,821,16947.04
2025-11-16 15:19:39.808,822,16681.28
2025-11-16 15:19:39.808,823,16734.02
2025-11-16 15:19:39.808,824,16947.04
2025-11-16 15:19:39.808,825,16734.02
2025-11-16 15:19:39.808,826,17054.83
2025-11-16 15:19:39.808,827,17018.8
2025-11-16 15:19:39.808,828,17420.39
2025-11-16 15:19:39.808,829,17309.7
2025-11-16 15:19:39.808,830,16964.95
2025-11-16 15:19:39.808,831,16947.04
2025-11-16 15:19:39.808,832,18378.83
2025-11-16 15:19:39.808,833,17254.68
2025-11-16 15:19:39.808,834,18006.87
2025-11-16 15:19:39.808,835,19111.26
2025-11-16 15:19:39.808,836,17346.5
2025-11-16 15:19:39.808,837,17476.08
2025-11-16 15:19:39.808,838,17494.69
2025-11-16 15:19:39.808,839,19111.26
2025-11-16 15:19:39.808,840,18201.42
2025-11-16 15:19:39.808,841,18339.21
2025-11-16 15:19:39.808,842,20464.99
2025-11-16 15:19:39.808,843,18862.97
2025-11-16 15:19:39.808,844,18822.0
2025-11-16 15:19:39.808,845,18740.4
2025-11-16 15:19:39.808,846,19069.58
2025-11-16 15:19:39.808,847,19111.26
2025-11-16 15:19:39.808,848,65726.85
2025-11-16 15:19:39.808,849,19048.79
2025-11-16 15:19:39.808,850,19577.68
2025-11-16 15:19:39.808,851,19028.03
2025-11-16 15:19:39.808,852,19111.26
2025-11-16 15:19:39.808,853,21213.94
2025-11-16 15:19:39.808,854,22801.05
2025-11-16 15:19:39.808,855,26090.74
2025-11-16 15:19:39.808,856,280371.47
2025-11-16 15:19:39.808,857,32765.05
2025-11-16 15:19:39.808,858,47001.92
2025-11-16 15:19:39.808,859,18781.14
2025-11-16 15:19:39.808,860,54176.42
2025-11-16 15:19:39.808,861,207747.34
2025-11-16 15:19:39.808,862,53182.58
2025-11-16 15:19:39.808,863,53182.58
2025-11-16 15:19:39.808,864,19321.44
2025-11-16 15:19:39.808,865,19237.01
2025-11-16 15:19:39.808,866,18201.42
2025-11-16 15:19:39.808,867,18538.4
2025-11-16 15:19:39.808,868,17891.41
2025-11-16 15:19:39.808,869,18418.55
2025-11-16 15:19:39.808,870,17949.02
2025-11-16 15:19:39.808,871,18006.87
2025-11-16 15:19:39.808,872,18201.42
2025-11-16 15:19:39.808,873,18064.95
2025-11-16 15:19:39.808,874,18398.68
2025-11-16 15:19:39.808,875,18339.21
2025-11-16 15:19:39.808,876,18221.02
2025-11-16 15:19:39.808,877,18518.36
2025-11-16 15:19:39.808,878,18260.31
2025-11-16 15:19:39.808,879,17814.97
2025-11-16 15:19:39.808,880,19577.68
2025-11-16 15:19:39.808,881,18181.84
2025-11-16 15:19:39.808,882,19620.82
2025-11-16 15:19:39.808,883,20081.49
2025-11-16 15:19:39.808,884,18026.2
2025-11-16 15:19:39.808,885,19491.78
2025-11-16 15:19:39.808,886,18822.0
2025-11-16 15:19:39.808,887,20014.81
2025-11-16 15:19:39.808,888,18862.97
2025-11-16 15:19:39.808,889,18740.4
2025-11-16 15:19:39.808,890,21237.94
2025-11-16 15:19:39.808,891,20103.78
2025-11-16 15:19:39.808,892,20193.28
2025-11-16 15:19:39.808,893,19491.78
2025-11-16 15:19:39.808,894,19838.42
2025-11-16 15:19:39.808,895,20193.28
2025-11-16 15:19:39.808,896,68644.23
2025-11-16 15:19:39.808,897,19948.42
2025-11-16 15:19:39.808,898,20556.65
2025-11-16 15:19:39.808,899,20037.0
2025-11-16 15:19:39.808,900,20103.78
2025-11-16 15:19:39.808,901,22152.38
2025-11-16 15:19:39.808,902,23642.52
2025-11-16 15:19:39.808,903,26875.9
2025-11-16 15:19:39.808,904,284551.28
2025-11-16 15:19:39.808,905,34108.26
2025-11-16 15:19:39.808,906,48473.0
2025-11-16 15:19:39.808,907,19882.33
2025-11-16 15:19:39.808,908,53084.88
2025-11-16 15:19:39.808,909,211280.41
2025-11-16 15:19:39.808,910,53182.58
2025-11-16 15:19:39.808,911,53182.58
2025-11-16 15:19:39.808,912,26577.51
2025-11-16 15:19:39.808,913,26479.11
2025-11-16 15:19:39.808,914,25033.8
2025-11-16 15:19:39.808,915,25963.11
2025-11-16 15:19:39.808,916,25523.39
2025-11-16 15:19:39.808,917,25963.11
2025-11-16 15:19:39.808,918,25033.8
2025-11-16 15:19:39.808,919,25094.26
2025-11-16 15:19:39.808,920,25215.81
2025-11-16 15:19:39.808,921,24973.54
2025-11-16 15:19:39.808,922,25585.55
2025-11-16 15:19:39.808,923,25523.39
2025-11-16 15:19:39.808,924,25307.53
2025-11-16 15:19:39.808,925,25276.9
2025-11-16 15:19:39.808,926,22827.54
2025-11-16 15:19:39.808,927,25003.64
2025-11-16 15:19:39.808,928,25523.39
2025-11-16 15:19:39.808,929,24794.01
2025-11-16 15:19:39.808,930,26348.73
2025-11-16 15:19:39.808,931,27556.69
2025-11-16 15:19:39.808,932,25647.93
2025-11-16 15:19:39.808,933,26809.18
2025-11-16 15:19:39.808,934,25523.39
2025-11-16 15:19:39.808,935,25154.93
2025-11-16 15:19:39.808,936,26026.81
2025-11-16 15:19:39.808,937,26348.73
2025-11-16 15:19:39.808,938,28773.39
2025-11-16 15:19:39.808,939,27213.2
2025-11-16 15:19:39.808,940,27145.25
2025-11-16 15:19:39.808,941,27077.54
2025-11-16 15:19:39.808,942,27281.39
2025-11-16 15:19:39.808,943,28263.01
2025-11-16 15:19:39.808,944,90021.7
2025-11-16 15:19:39.808,945,27418.54
2025-11-16 15:19:39.808,946,27145.25
2025-11-16 15:19:39.808,947,27349.84
2025-11-16 15:19:39.808,948,27077.54
2025-11-16 15:19:39.808,949,30150.32
2025-11-16 15:19:39.808,950,31713.61
2025-11-16 15:19:39.808,951,36001.13
2025-11-16 15:19:39.808,952,421032.91
2025-11-16 15:19:39.808,953,44854.87
2025-11-16 15:19:39.808,954,63411.8
2025-11-16 15:19:39.808,955,27800.93
2025-11-16 15:19:39.808,956,70823.62
2025-11-16 15:19:39.808,957,268514.44
2025-11-16 15:19:39.808,958,68342.44
2025-11-16 15:19:39.808,959,68342.44
2025-11-16 15:19:39.808,960,42320.58
2025-11-16 15:19:39.808,961,41267.73
2025-11-16 15:19:39.808,962,41139.08
2025-11-16 15:19:39.808,963,41139.08
2025-11-16 15:19:39.808,964,40256.3
2025-11-16 15:19:39.808,965,40883.72
2025-11-16 15:19:39.808,966,40318.35
2025-11-16 15:19:39.808,967,40505.41
2025-11-16 15:19:39.808,968,41139.08
2025-11-16 15:19:39.808,969,40256.3
2025-11-16 15:19:39.808,970,40630.89
2025-11-16 15:19:39.808,971,40380.55
2025-11-16 15:19:39.808,972,37118.37
2025-11-16 15:19:39.808,973,39887.21
2025-11-16 15:19:39.808,974,38636.91
2025-11-16 15:19:39.808,975,38521.08
2025-11-16 15:19:39.808,976,39644.14
2025-11-16 15:19:39.808,977,39523.48
2025-11-16 15:19:39.808,978,38463.37
2025-11-16 15:19:39.808,979,40630.89
2025-11-16 15:19:39.808,980,39283.93
2025-11-16 15:19:39.808,981,40132.67
2025-11-16 15:19:39.808,982,40071.08
2025-11-16 15:19:39.808,983,38463.37
2025-11-16 15:19:39.808,984,38291.07
2025-11-16 15:19:39.808,985,39523.48
2025-11-16 15:19:39.808,986,39948.35
2025-11-16 15:19:39.808,987,35134.67
2025-11-16 15:19:39.808,988,42455.23
2025-11-16 15:19:39.808,989,40505.41
2025-11-16 15:19:39.808,990,42387.82
2025-11-16 15:19:39.808,991,44634.36
2025-11-16 15:19:39.808,992,130631.02
2025-11-16 15:19:39.808,993,41526.96
2025-11-16 15:19:39.808,994,42455.23
2025-11-16 15:19:39.808,995,40256.3
2025-11-16 15:19:39.808,996,42590.57
2025-11-16 15:19:39.808,997,45831.29
2025-11-16 15:19:39.808,998,47001.92
2025-11-16 15:19:39.808,999,52793.59
2025-11-16 15:19:39.808,1000,708471.5
2025-11-16 15:19:39.808,1001,68192.39
2025-11-16 15:19:39.808,1002,94632.04
2025-11-16 15:19:39.808,1003,41526.96
2025-11-16 15:19:39.808,1004,105581.22
2025-11-16 15:19:39.808,1005,421032.91
2025-11-16 15:19:39.808,1006,107238.9
2025-11-16 15:19:39.808,1007,107238.9
2025-11-16 15:19:39.808,1008,55516.03
2025-11-16 15:19:39.808,1009,56368.51
2025-11-16 15:19:39.808,1010,55201.96
2025-11-16 15:19:39.808,1011,55621.39
2025-11-16 15:19:39.808,1012,54075.63
2025-11-16 15:19:39.808,1013,54582.74
2025-11-16 15:19:39.808,1014,54176.42
2025-11-16 15:19:39.808,1015,53378.87
2025-11-16 15:19:39.808,1016,53378.87
2025-11-16 15:19:39.808,1017,53182.58
2025-11-16 15:19:39.808,1018,54176.42
2025-11-16 15:19:39.808,1019,54582.74
2025-11-16 15:19:39.808,1020,52504.97
2025-11-16 15:19:39.808,1021,51468.98
2025-11-16 15:19:39.808,1022,54176.42
2025-11-16 15:19:39.808,1023,53084.88
2025-11-16 15:19:39.808,1024,54378.94
2025-11-16 15:19:39.808,1025,53182.58
2025-11-16 15:19:39.808,1026,49670.62
2025-11-16 15:19:39.808,1027,54787.84
2025-11-16 15:19:39.808,1028,46371.55
2025-11-16 15:19:39.808,1029,50199.01
2025-11-16 15:19:39.808,1030,51841.71
2025-11-16 15:19:39.808,1031,40256.3
2025-11-16 15:19:39.808,1032,51468.98
2025-11-16 15:19:39.808,1033,52029.78
2025-11-16 15:19:39.808,1034,50918.22
2025-11-16 15:19:39.808,1035,51284.3
2025-11-16 15:19:39.808,1036,53182.58
2025-11-16 15:19:39.808,1037,53975.16
2025-11-16 15:19:39.808,1038,54890.87
2025-11-16 15:19:39.808,1039,57689.57
2025-11-16 15:19:39.808,1040,157058.67
2025-11-16 15:19:39.808,1041,54176.42
2025-11-16 15:19:39.808,1042,50377.22
2025-11-16 15:19:39.808,1043,50918.22
2025-11-16 15:19:39.808,1044,54176.42
2025-11-16 15:19:39.808,1045,55727.09
2025-11-16 15:19:39.808,1046,54582.74
2025-11-16 15:19:39.808,1047,56693.92
2025-11-16 15:19:39.808,1048,880309.75
2025-11-16 15:19:39.808,1049,87167.16
2025-11-16 15:19:39.808,1050,108599.64
2025-11-16 15:19:39.808,1051,52029.78
2025-11-16 15:19:39.808,1052,132592.78
2025-11-16 15:19:39.808,1053,365654.84
2025-11-16 15:19:39.808,1054,121579.19
2025-11-16 15:19:39.808,1055,121579.19
2025-11-16 15:19:39.808,1056,48641.14
2025-11-16 15:19:39.808,1057,47565.14
2025-11-16 15:19:39.808,1058,47161.71
2025-11-16 15:19:39.808,1059,47081.7
2025-11-16 15:19:39.808,1060,46216.13
2025-11-16 15:19:39.808,1061,46684.98
2025-11-16 15:19:39.808,1062,45301.25
2025-11-16 15:19:39.808,1063,46061.56
2025-11-16 15:19:39.808,1064,45907.83
2025-11-16 15:19:39.808,1065,45301.25
2025-11-16 15:19:39.808,1066,45907.83
2025-11-16 15:19:39.808,1067,45678.82
2025-11-16 15:19:39.808,1068,46061.56
2025-11-16 15:19:39.808,1069,45602.89
2025-11-16 15:19:39.808,1070,46843.01
2025-11-16 15:19:39.808,1071,45754.95
2025-11-16 15:19:39.808,1072,46527.84
2025-11-16 15:19:39.808,1073,45602.89
2025-11-16 15:19:39.808,1074,39887.21
2025-11-16 15:19:39.808,1075,46138.74
2025-11-16 15:19:39.808,1076,38695.02
2025-11-16 15:19:39.808,1077,39765.37
2025-11-16 15:19:39.808,1078,45226.35
2025-11-16 15:19:39.808,1079,39644.14
2025-11-16 15:19:39.808,1080,38463.37
2025-11-16 15:19:39.808,1081,43557.83
2025-11-16 15:19:39.808,1082,38463.37
2025-11-16 15:19:39.808,1083,42253.52
2025-11-16 15:19:39.808,1084,45151.65
2025-11-16 15:19:39.808,1085,46138.74
2025-11-16 15:19:39.808,1086,45907.83
2025-11-16 15:19:39.808,1087,50918.22
2025-11-16 15:19:39.808,1088,141018.91
2025-11-16 15:19:39.808,1089,46371.55
2025-11-16 15:19:39.808,1090,45984.59
2025-11-16 15:19:39.808,1091,45678.82
2025-11-16 15:19:39.808,1092,46061.56
2025-11-16 15:19:39.808,1093,50556.48
2025-11-16 15:19:39.808,1094,49496.55
2025-11-16 15:19:39.808,1095,52793.59
2025-11-16 15:19:39.808,1096,809075.0
2025-11-16 15:19:39.808,1097,77583.78
2025-11-16 15:19:39.808,1098,95170.63
2025-11-16 15:19:39.808,1099,46371.55
2025-11-16 15:19:39.808,1100,119086.36
2025-11-16 15:19:39.808,1101,387544.88
2025-11-16 15:19:39.808,1102,111058.42
2025-11-16 15:19:39.808,1103,111058.42
2025-11-16 15:19:39.808,1104,59653.54
2025-11-16 15:19:39.808,1105,58715.34
2025-11-16 15:19:39.808,1106,58255.64
2025-11-16 15:19:39.808,1107,59181.26
2025-11-16 15:19:39.808,1108,55201.96
2025-11-16 15:19:39.808,1109,58255.64
2025-11-16 15:19:39.808,1110,57914.87
2025-11-16 15:19:39.808,1111,57802.03
2025-11-16 15:19:39.808,1112,57802.03
2025-11-16 15:19:39.808,1113,56803.11
2025-11-16 15:19:39.808,1114,57577.48
2025-11-16 15:19:39.808,1115,58028.08
2025-11-16 15:19:39.808,1116,58028.08
2025-11-16 15:19:39.808,1117,58255.64
2025-11-16 15:19:39.808,1118,59181.26
2025-11-16 15:19:39.808,1119,57802.03
2025-11-16 15:19:39.808,1120,59653.54
2025-11-16 15:19:39.808,1121,57802.03
2025-11-16 15:19:39.808,1122,51468.98
2025-11-16 15:19:39.808,1123,55621.39
2025-11-16 15:19:39.808,1124,57132.8
2025-11-16 15:19:39.808,1125,55939.52
2025-11-16 15:19:39.808,1126,56368.51
2025-11-16 15:19:39.808,1127,55201.96
2025-11-16 15:19:39.808,1128,53084.88
2025-11-16 15:19:39.808,1129,56046.25
2025-11-16 15:19:39.808,1130,53182.58
2025-11-16 15:19:39.808,1131,56912.64
2025-11-16 15:19:39.808,1132,54685.13
2025-11-16 15:19:39.808,1133,57802.03
2025-11-16 15:19:39.808,1134,56260.74
2025-11-16 15:19:39.808,1135,63676.8
2025-11-16 15:19:39.808,1136,164172.88
2025-11-16 15:19:39.808,1137,57802.03
2025-11-16 15:19:39.808,1138,55727.09
2025-11-16 15:19:39.808,1139,54787.84
2025-11-16 15:19:39.808,1140,58028.08
2025-11-16 15:19:39.808,1141,64483.38
2025-11-16 15:19:39.808,1142,62114.86
2025-11-16 15:19:39.808,1143,68493.05
2025-11-16 15:19:39.808,1144,942433.13
2025-11-16 15:19:39.808,1145,94632.04
2025-11-16 15:19:39.808,1146,125056.52
2025-11-16 15:19:39.808,1147,58484.71
2025-11-16 15:19:39.808,1148,146809.88
2025-11-16 15:19:39.808,1149,477494.09
2025-11-16 15:19:39.808,1150,143859.97
2025-11-16 15:19:39.808,1151,143859.97
2025-11-16 15:19:39.808,1152,93048.8
2025-11-16 15:19:39.808,1153,89534.38
2025-11-16 15:19:39.808,1154,85352.86
2025-11-16 15:19:39.808,1155,87631.56
2025-11-16 15:19:39.808,1156,86251.47
2025-11-16 15:19:39.808,1157,86707.14
2025-11-16 15:19:39.808,1158,86707.14
2025-11-16 15:19:39.808,1159,85352.86
2025-11-16 15:19:39.808,1160,83604.98
2025-11-16 15:19:39.808,1161,79307.3
2025-11-16 15:19:39.808,1162,84035.92
2025-11-16 15:19:39.808,1163,85800.06
2025-11-16 15:19:39.808,1164,84909.8
2025-11-16 15:19:39.808,1165,85352.86
2025-11-16 15:19:39.808,1166,86707.14
2025-11-16 15:19:39.808,1167,85352.86
2025-11-16 15:19:39.808,1168,90021.7
2025-11-16 15:19:39.808,1169,83604.98
2025-11-16 15:19:39.808,1170,82127.26
2025-11-16 15:19:39.808,1171,81508.11
2025-11-16 15:19:39.808,1172,85130.81
2025-11-16 15:19:39.808,1173,85575.93
2025-11-16 15:19:39.808,1174,83177.96
2025-11-16 15:19:39.808,1175,84909.8
2025-11-16 15:19:39.808,1176,84909.8
2025-11-16 15:19:39.808,1177,82335.49
2025-11-16 15:19:39.808,1178,86707.14
2025-11-16 15:19:39.808,1179,86251.47
2025-11-16 15:19:39.808,1180,77209.76
2025-11-16 15:19:39.808,1181,83390.98
2025-11-16 15:19:39.808,1182,76838.91
2025-11-16 15:19:39.808,1183,88573.8
2025-11-16 15:19:39.808,1184,213700.14
2025-11-16 15:19:39.808,1185,73637.78
2025-11-16 15:19:39.808,1186,76288.51
2025-11-16 15:19:39.808,1187,72622.48
2025-11-16 15:19:39.808,1188,74328.61
2025-11-16 15:19:39.808,1189,88573.8
2025-11-16 15:19:39.808,1190,67304.12
2025-11-16 15:19:39.808,1191,75925.42
2025-11-16 15:19:39.808,1192,134100.34
2025-11-16 15:19:39.808,1193,134100.34
2025-11-16 15:19:39.808,1194,156379.06
2025-11-16 15:19:39.808,1195,73466.84
2025-11-16 15:19:39.808,1196,205453.95
2025-11-16 15:19:39.808,1197,566776.38
2025-11-16 15:19:39.808,1198,194675.0
2025-11-16 15:19:39.808,1199,194675.0
2025-11-16 15:19:39.808,1200,339960.47
2025-11-16 15:19:39.808,1201,312394.69
2025-11-16 15:19:39.808,1202,293282.41
2025-11-16 15:19:39.808,1203,322883.13
2025-11-16 15:19:39.808,1204,322883.13
2025-11-16 15:19:39.808,1205,322883.13
2025-11-16 15:19:39.808,1206,322883.13
2025-11-16 15:19:39.808,1207,339960.47
2025-11-16 15:19:39.808,1208,291051.47
2025-11-16 15:19:39.808,1209,293282.41
2025-11-16 15:19:39.808,1210,264774.34
2025-11-16 15:19:39.808,1211,288853.09
2025-11-16 15:19:39.808,1212,280371.47
2025-11-16 15:19:39.808,1213,280371.47
2025-11-16 15:19:39.808,1214,259348.69
2025-11-16 15:19:39.808,1215,280371.47
2025-11-16 15:19:39.808,1216,320197.59
2025-11-16 15:19:39.808,1217,249115.52
2025-11-16 15:19:39.808,1218,259348.69
2025-11-16 15:19:39.808,1219,268514.44
2025-11-16 15:19:39.808,1220,312394.69
2025-11-16 15:19:39.808,1221,334076.69
2025-11-16 15:19:39.808,1222,297844.91
2025-11-16 15:19:39.808,1223,262941.66
2025-11-16 15:19:39.808,1224,259348.69
2025-11-16 15:19:39.808,1225,247485.06
2025-11-16 15:19:39.808,1226,300178.03
2025-11-16 15:19:39.808,1227,317555.0
2025-11-16 15:19:39.808,1228,297844.91
2025-11-16 15:19:39.808,1229,297844.91
2025-11-16 15:19:39.808,1230,328387.41
2025-11-16 15:19:39.808,1231,317555.0
2025-11-16 15:19:39.808,1232,661350.38
2025-11-16 15:19:39.808,1233,346048.91
2025-11-16 15:19:39.808,1234,334076.69
2025-11-16 15:19:39.808,1235,342978.47
2025-11-16 15:19:39.808,1236,328387.41
2025-11-16 15:19:39.808,1237,334076.69
2025-11-16 15:19:39.808,1238,346048.91
2025-11-16 15:19:39.808,1239,387544.88
2025-11-16 15:19:39.808,1240,528822.38
2025-11-16 15:19:39.808,1241,528822.38
2025-11-16 15:19:39.808,1242,558763.94
2025-11-16 15:19:39.808,1243,336993.63
2025-11-16 15:19:39.808,1244,762705.19
2025-11-16 15:19:39.808,1245,640033.69
2025-11-16 15:19:39.808,1246,640033.69
2025-11-16 15:19:39.808,1247,640033.69
2025-11-16 15:19:39.808,1248,94900.64
2025-11-16 15:19:39.808,1249,93571.2
2025-11-16 15:19:39.808,1250,94098.91
2025-11-16 15:19:39.808,1251,94632.04
2025-11-16 15:19:39.808,1252,91261.14
2025-11-16 15:19:39.808,1253,94098.91
2025-11-16 15:19:39.808,1254,91512.71
2025-11-16 15:19:39.808,1255,92531.65
2025-11-16 15:19:39.808,1256,89777.44
2025-11-16 15:19:39.808,1257,90513.82
2025-11-16 15:19:39.808,1258,92531.65
2025-11-16 15:19:39.808,1259,95170.63
2025-11-16 15:19:39.808,1260,93571.2
2025-11-16 15:19:39.808,1261,95170.63
2025-11-16 15:19:39.808,1262,93571.2
2025-11-16 15:19:39.808,1263,92531.65
2025-11-16 15:19:39.808,1264,91010.8
2025-11-16 15:19:39.808,1265,88573.8
2025-11-16 15:19:39.808,1266,80695.41
2025-11-16 15:19:39.808,1267,65586.65
2025-11-16 15:19:39.808,1268,96820.16
2025-11-16 15:19:39.808,1269,93048.8
2025-11-16 15:19:39.808,1270,95170.63
2025-11-16 15:19:39.808,1271,93571.2
2025-11-16 15:19:39.808,1272,93571.2
2025-11-16 15:19:39.808,1273,90021.7
2025-11-16 15:19:39.808,1274,100279.32
2025-11-16 15:19:39.808,1275,99101.66
2025-11-16 15:19:39.808,1276,91010.8
2025-11-16 15:19:39.808,1277,97664.48
2025-11-16 15:19:39.808,1278,90513.82
2025-11-16 15:19:39.808,1279,101482.63
2025-11-16 15:19:39.808,1280,252439.11
2025-11-16 15:19:39.808,1281,93309.35
2025-11-16 15:19:39.808,1282,99101.66
2025-11-16 15:19:39.808,1283,97381.57
2025-11-16 15:19:39.808,1284,96820.16
2025-11-16 15:19:39.808,1285,107238.9
2025-11-16 15:19:39.808,1286,106570.16
2025-11-16 15:19:39.808,1287,125504.14
2025-11-16 15:19:39.808,1288,151772.23
2025-11-16 15:19:39.808,1289,151772.23
2025-11-16 15:19:39.808,1290,204325.27
2025-11-16 15:19:39.808,1291,103337.61
2025-11-16 15:19:39.808,1292,254133.06
2025-11-16 15:19:39.808,1293,942433.13
2025-11-16 15:19:39.808,1294,252439.11
2025-11-16 15:19:39.808,1295,252439.11
2025-11-16 15:19:39.808,1296,59416.6
2025-11-16 15:19:39.808,1297,56912.64
2025-11-16 15:19:39.808,1298,56046.25
2025-11-16 15:19:39.808,1299,58255.64
2025-11-16 15:19:39.808,1300,56803.11
2025-11-16 15:19:39.808,1301,56912.64
2025-11-16 15:19:39.808,1302,55833.13
2025-11-16 15:19:39.808,1303,55201.96
2025-11-16 15:19:39.808,1304,56912.64
2025-11-16 15:19:39.808,1305,54685.13
2025-11-16 15:19:39.808,1306,56260.74
2025-11-16 15:19:39.808,1307,54378.94
2025-11-16 15:19:39.808,1308,54787.84
2025-11-16 15:19:39.808,1309,54378.94
2025-11-16 15:19:39.808,1310,56260.74
2025-11-16 15:19:39.808,1311,54685.13
2025-11-16 15:19:39.808,1312,56476.62
2025-11-16 15:19:39.808,1313,51935.61
2025-11-16 15:19:39.808,1314,52793.59
2025-11-16 15:19:39.808,1315,55097.93
2025-11-16 15:19:39.808,1316,55201.96
2025-11-16 15:19:39.808,1317,54582.74
2025-11-16 15:19:39.808,1318,54176.42
2025-11-16 15:19:39.808,1319,56046.25
2025-11-16 15:19:39.808,1320,54994.24
2025-11-16 15:19:39.808,1321,48641.14
2025-11-16 15:19:39.808,1322,56260.74
2025-11-16 15:19:39.808,1323,54994.24
2025-11-16 15:19:39.808,1324,52987.48
2025-11-16 15:19:39.808,1325,56368.51
2025-11-16 15:19:39.808,1326,50287.98
2025-11-16 15:19:39.808,1327,57802.03
2025-11-16 15:19:39.808,1328,145026.52
2025-11-16 15:19:39.808,1329,50646.52
2025-11-16 15:19:39.808,1330,55727.09
2025-11-16 15:19:39.808,1331,48980.34
2025-11-16 15:19:39.808,1332,49670.62
2025-11-16 15:19:39.808,1333,60374.14
2025-11-16 15:19:39.808,1334,50199.01
2025-11-16 15:19:39.808,1335,66150.61
2025-11-16 15:19:39.808,1336,793012.25
2025-11-16 15:19:39.808,1337,88573.8
2025-11-16 15:19:39.808,1338,102402.48
2025-11-16 15:19:39.808,1339,54994.24
2025-11-16 15:19:39.808,1340,135640.13
2025-11-16 15:19:39.808,1341,336993.63
2025-11-16 15:19:39.808,1342,119086.36
2025-11-16 15:19:39.808,1343,119086.36
2025-11-16 15:19:39.808,1344,30712.49
2025-11-16 15:19:39.808,1345,29953.28
2025-11-16 15:19:39.808,1346,29526.5
2025-11-16 15:19:39.808,1347,29641.99
2025-11-16 15:19:39.808,1348,28958.97
2025-11-16 15:19:39.808,1349,29071.17
2025-11-16 15:19:39.808,1350,28480.09
2025-11-16 15:19:39.808,1351,28996.3
2025-11-16 15:19:39.808,1352,28847.41
2025-11-16 15:19:39.808,1353,27765.84
2025-11-16 15:19:39.808,1354,29033.7
2025-11-16 15:19:39.808,1355,28996.3
2025-11-16 15:19:39.808,1356,29526.5
2025-11-16 15:19:39.808,1357,29603.42
2025-11-16 15:19:39.808,1358,30631.22
2025-11-16 15:19:39.808,1359,29221.78
2025-11-16 15:19:39.808,1360,30712.49
2025-11-16 15:19:39.808,1361,29108.72
2025-11-16 15:19:39.808,1362,28921.71
2025-11-16 15:19:39.808,1363,29992.53
2025-11-16 15:19:39.808,1364,30550.28
2025-11-16 15:19:39.808,1365,31040.83
2025-11-16 15:19:39.808,1366,29526.5
2025-11-16 15:19:39.808,1367,31206.99
2025-11-16 15:19:39.808,1368,29526.5
2025-11-16 15:19:39.808,1369,27043.79
2025-11-16 15:19:39.808,1370,31928.39
2025-11-16 15:19:39.808,1371,31082.24
2025-11-16 15:19:39.808,1372,29526.5
2025-11-16 15:19:39.808,1373,30071.27
2025-11-16 15:19:39.808,1374,28480.09
2025-11-16 15:19:39.808,1375,31332.49
2025-11-16 15:19:39.808,1376,92531.65
2025-11-16 15:19:39.808,1377,28773.39
2025-11-16 15:19:39.808,1378,31040.83
2025-11-16 15:19:39.808,1379,29033.7
2025-11-16 15:19:39.808,1380,28958.97
2025-11-16 15:19:39.808,1381,33682.49
2025-11-16 15:19:39.808,1382,31543.36
2025-11-16 15:19:39.808,1383,38521.08
2025-11-16 15:19:39.808,1384,439984.91
2025-11-16 15:19:39.808,1385,50466.71
2025-11-16 15:19:39.808,1386,65307.78
2025-11-16 15:19:39.808,1387,30794.08
2025-11-16 15:19:39.808,1388,78725.33
2025-11-16 15:19:39.808,1389,259348.69
2025-11-16 15:19:39.808,1390,72958.16
2025-11-16 15:19:39.808,1391,72958.16
2025-11-16 15:19:39.808,1392,34935.51
2025-11-16 15:19:39.808,1393,33682.49
2025-11-16 15:19:39.808,1394,33823.5
2025-11-16 15:19:39.808,1395,33870.7
2025-11-16 15:19:39.808,1396,33127.38
2025-11-16 15:19:39.808,1397,34060.55
2025-11-16 15:19:39.808,1398,32675.42
2025-11-16 15:19:39.808,1399,33729.39
2025-11-16 15:19:39.808,1400,33356.95
2025-11-16 15:19:39.808,1401,32189.05
2025-11-16 15:19:39.808,1402,33495.87
2025-11-16 15:19:39.808,1403,33495.87
2025-11-16 15:19:39.808,1404,33776.39
2025-11-16 15:19:39.808,1405,33823.5
2025-11-16 15:19:39.808,1406,34445.18
2025-11-16 15:19:39.808,1407,33823.5
2025-11-16 15:19:39.808,1408,35640.36
2025-11-16 15:19:39.808,1409,33036.22
2025-11-16 15:19:39.808,1410,33588.98
2025-11-16 15:19:39.808,1411,34445.18
2025-11-16 15:19:39.808,1412,35034.87
2025-11-16 15:19:39.808,1413,35949.24
2025-11-16 15:19:39.808,1414,34445.18
2025-11-16 15:19:39.808,1415,36526.48
2025-11-16 15:19:39.808,1416,34738.09
2025-11-16 15:19:39.808,1417,33682.49
2025-11-16 15:19:39.808,1418,37558.35
2025-11-16 15:19:39.808,1419,36579.68
2025-11-16 15:19:39.808,1420,34591.16
2025-11-16 15:19:39.808,1421,35184.73
2025-11-16 15:19:39.808,1422,33870.7
2025-11-16 15:19:39.808,1423,36686.43
2025-11-16 15:19:39.808,1424,106570.16
2025-11-16 15:19:39.808,1425,34542.39
2025-11-16 15:19:39.808,1426,36686.43
2025-11-16 15:19:39.808,1427,34738.09
2025-11-16 15:19:39.808,1428,34445.18
2025-11-16 15:19:39.808,1429,39224.4
2025-11-16 15:19:39.808,1430,39523.48
2025-11-16 15:19:39.808,1431,46843.01
2025-11-16 15:19:39.808,1432,550970.88
2025-11-16 15:19:39.808,1433,58484.71
2025-11-16 15:19:39.808,1434,77583.78
2025-11-16 15:19:39.808,1435,36262.32
2025-11-16 15:19:39.808,1436,91512.71
2025-11-16 15:19:39.808,1437,358884.03
2025-11-16 15:19:39.808,1438,90513.82
2025-11-16 15:19:39.808,1439,90513.82
2025-11-16 15:19:39.808,1440,38521.08
2025-11-16 15:19:39.808,1441,37725.46
2025-11-16 15:19:39.808,1442,37063.94
2025-11-16 15:19:39.808,1443,37558.35
2025-11-16 15:19:39.808,1444,36739.99
2025-11-16 15:19:39.808,1445,36157.48
2025-11-16 15:19:39.808,1446,36686.43
2025-11-16 15:19:39.808,1447,36579.68
2025-11-16 15:19:39.808,1448,36473.41
2025-11-16 15:19:39.808,1449,36105.25
2025-11-16 15:19:39.808,1450,36262.32
2025-11-16 15:19:39.808,1451,37447.59
2025-11-16 15:19:39.808,1452,37337.34
2025-11-16 15:19:39.808,1453,37781.43
2025-11-16 15:19:39.808,1454,37950.12
2025-11-16 15:19:39.808,1455,37063.94
2025-11-16 15:19:39.808,1456,38578.92
2025-11-16 15:19:39.808,1457,36314.91
2025-11-16 15:19:39.808,1458,35640.36
2025-11-16 15:19:39.808,1459,37009.64
2025-11-16 15:19:39.808,1460,38348.37
2025-11-16 15:19:39.808,1461,38578.92
2025-11-16 15:19:39.808,1462,36526.48
2025-11-16 15:19:39.808,1463,39463.38
2025-11-16 15:19:39.808,1464,37063.94
2025-11-16 15:19:39.808,1465,32014.92
2025-11-16 15:19:39.808,1466,39463.38
2025-11-16 15:19:39.808,1467,38348.37
2025-11-16 15:19:39.808,1468,35335.6
2025-11-16 15:19:39.808,1469,37558.35
2025-11-16 15:19:39.808,1470,34689.0
2025-11-16 15:19:39.808,1471,39765.37
2025-11-16 15:19:39.808,1472,107915.35
2025-11-16 15:19:39.808,1473,34738.09
2025-11-16 15:19:39.808,1474,38463.37
2025-11-16 15:19:39.808,1475,34396.74
2025-11-16 15:19:39.808,1476,34156.08
2025-11-16 15:19:39.808,1477,41397.01
2025-11-16 15:19:39.808,1478,33682.49
2025-11-16 15:19:39.808,1479,47403.09
2025-11-16 15:19:39.808,1480,521823.06
2025-11-16 15:19:39.808,1481,61483.39
2025-11-16 15:19:39.808,1482,75565.37
2025-11-16 15:19:39.808,1483,38348.37
2025-11-16 15:19:39.808,1484,94632.04
2025-11-16 15:19:39.808,1485,317555.0
2025-11-16 15:19:39.808,1486,90513.82
2025-11-16 15:19:39.808,1487,90513.82
2025-11-16 15:19:39.808,1488,29297.52
2025-11-16 15:19:39.808,1489,28553.0
2025-11-16 15:19:39.808,1490,28335.09
2025-11-16 15:19:39.808,1491,28773.39
2025-11-16 15:19:39.808,1492,27730.82
2025-11-16 15:19:39.808,1493,27349.84
2025-11-16 15:19:39.808,1494,27695.87
2025-11-16 15:19:39.808,1495,27977.33
2025-11-16 15:19:39.808,1496,28191.18
2025-11-16 15:19:39.808,1497,27349.84
2025-11-16 15:19:39.808,1498,27591.39
2025-11-16 15:19:39.808,1499,28119.63
2025-11-16 15:19:39.808,1500,27836.08
2025-11-16 15:19:39.808,1501,28516.51
2025-11-16 15:19:39.808,1502,29071.17
2025-11-16 15:19:39.808,1503,28443.74
2025-11-16 15:19:39.808,1504,29641.99
2025-11-16 15:19:39.808,1505,27349.84
2025-11-16 15:19:39.808,1506,27077.54
2025-11-16 15:19:39.808,1507,27836.08
2025-11-16 15:19:39.808,1508,29221.78
2025-11-16 15:19:39.808,1509,29526.5
2025-11-16 15:19:39.808,1510,28407.46
2025-11-16 15:19:39.808,1511,30229.68
2025-11-16 15:19:39.808,1512,28407.46
2025-11-16 15:19:39.808,1513,26544.65
2025-11-16 15:19:39.808,1514,30794.08
2025-11-16 15:19:39.808,1515,29992.53
2025-11-16 15:19:39.808,1516,27556.69
2025-11-16 15:19:39.808,1517,29221.78
2025-11-16 15:19:39.808,1518,26122.79
2025-11-16 15:19:39.808,1519,30309.35
2025-11-16 15:19:39.808,1520,85800.06
2025-11-16 15:19:39.808,1521,26610.43
2025-11-16 15:19:39.808,1522,29992.53
2025-11-16 15:19:39.808,1523,27213.2
2025-11-16 15:19:39.808,1524,26676.44
2025-11-16 15:19:39.808,1525,32586.16
2025-11-16 15:19:39.808,1526,29603.42
2025-11-16 15:19:39.808,1527,37781.43
2025-11-16 15:19:39.808,1528,421032.91
2025-11-16 15:19:39.808,1529,47403.09
2025-11-16 15:19:39.808,1530,59653.54
2025-11-16 15:19:39.808,1531,29297.52
2025-11-16 15:19:39.808,1532,76838.91
2025-11-16 15:19:39.808,1533,250766.73
2025-11-16 15:19:39.808,1534,73981.77
2025-11-16 15:19:39.808,1535,73981.77
2025-11-16 15:19:39.808,1536,26187.06
2025-11-16 15:19:39.808,1537,26187.06
2025-11-16 15:19:39.808,1538,26187.06
2025-11-16 15:19:39.808,1539,26187.06
2025-11-16 15:19:39.808,1540,26187.06
2025-11-16 15:19:39.808,1541,26187.06
2025-11-16 15:19:39.808,1542,26187.06
2025-11-16 15:19:39.808,1543,26187.06
2025-11-16 15:19:39.808,1544,26187.06
2025-11-16 15:19:39.808,1545,26187.06
2025-11-16 15:19:39.808,1546,26187.06
2025-11-16 15:19:39.808,1547,26187.06
2025-11-16 15:19:39.808,1548,26187.06
2025-11-16 15:19:39.808,1549,26187.06
2025-11-16 15:19:39.808,1550,26187.06
2025-11-16 15:19:39.808,1551,26187.06
2025-11-16 15:19:39.808,1552,26187.06
2025-11-16 15:19:39.808,1553,26187.06
2025-11-16 15:19:39.808,1554,26187.06
2025-11-16 15:19:39.808,1555,26187.06
2025-11-16 15:19:39.808,1556,26187.06
2025-11-16 15:19:39.808,1557,26187.06
2025-11-16 15:19:39.808,1558,26187.06
2025-11-16 15:19:39.808,1559,26187.06
2025-11-16 15:19:39.808,1560,26187.06
2025-11-16 15:19:39.808,1561,26187.06
2025-11-16 15:19:39.808,1562,26187.06
2025-11-16 15:19:39.808,1563,26187.06
2025-11-16 15:19:39.808,1564,26187.06
2025-11-16 15:19:39.808,1565,26187.06
2025-11-16 15:19:39.808,1566,26187.06
2025-11-16 15:19:39.808,1567,26187.06
2025-11-16 15:19:39.808,1568,26187.06
2025-11-16 15:19:39.808,1569,26187.06
2025-11-16 15:19:39.808,1570,26187.06
2025-11-16 15:19:39.808,1571,26187.06
2025-11-16 15:19:39.808,1572,26187.06
2025-11-16 15:19:39.808,1573,26187.06
2025-11-16 15:19:39.808,1574,26187.06
2025-11-16 15:19:39.808,1575,26187.06
2025-11-16 15:19:39.808,1576,26187.06
2025-11-16 15:19:39.808,1577,26187.06
2025-11-16 15:19:39.808,1578,26187.06
2025-11-16 15:19:39.808,1579,26187.06
2025-11-16 15:19:39.808,1580,26187.06
2025-11-16 15:19:39.808,1581,26187.06
2025-11-16 15:19:39.808,1582,26187.06
2025-11-16 15:19:39.808,1583,26187.06
2025-11-16 15:19:39.808,1584,26187.06
2025-11-16 15:19:39.808,1585,25033.8
2025-11-16 15:19:39.808,1586,25064.0
2025-11-16 15:19:39.808,1587,25647.93
2025-11-16 15:19:39.808,1588,24616.31
2025-11-16 15:19:39.808,1589,24093.88
2025-11-16 15:19:39.808,1590,24382.16
2025-11-16 15:19:39.808,1591,24883.55
2025-11-16 15:19:39.808,1592,25003.64
2025-11-16 15:19:39.808,1593,24065.32
2025-11-16 15:19:39.808,1594,24704.93
2025-11-16 15:19:39.808,1595,24973.54
2025-11-16 15:19:39.808,1596,24557.47
2025-11-16 15:19:39.808,1597,25461.45
2025-11-16 15:19:39.808,1598,25836.37
2025-11-16 15:19:39.808,1599,25276.9
2025-11-16 15:19:39.808,1600,26413.8
2025-11-16 15:19:39.808,1601,23866.7
2025-11-16 15:19:39.808,1602,23040.99
2025-11-16 15:19:39.808,1603,25154.93
2025-11-16 15:19:39.808,1604,26283.89
2025-11-16 15:19:39.808,1605,26219.28
2025-11-16 15:19:39.808,1606,25585.55
2025-11-16 15:19:39.808,1607,27077.54
2025-11-16 15:19:39.808,1608,25773.33
2025-11-16 15:19:39.808,1609,24151.15
2025-11-16 15:19:39.808,1610,28227.06
2025-11-16 15:19:39.808,1611,27077.54
2025-11-16 15:19:39.808,1612,24853.65
2025-11-16 15:19:39.808,1613,26219.28
2025-11-16 15:19:39.808,1614,24324.12
2025-11-16 15:19:39.808,1615,27145.25
2025-11-16 15:19:39.808,1616,80294.42
2025-11-16 15:19:39.808,1617,24704.93
2025-11-16 15:19:39.808,1618,27349.84
2025-11-16 15:19:39.808,1619,25124.57
2025-11-16 15:19:39.808,1620,24498.84
2025-11-16 15:19:39.808,1621,29992.53
2025-11-16 15:19:39.808,1622,28847.41
2025-11-16 15:19:39.808,1623,34885.99
2025-11-16 15:19:39.808,1624,395419.56
2025-11-16 15:19:39.808,1625,44854.87
2025-11-16 15:19:39.808,1626,57577.48
2025-11-16 15:19:39.808,1627,27077.54
2025-11-16 15:19:39.808,1628,72622.48
2025-11-16 15:19:39.808,1629,238117.42
2025-11-16 15:19:39.808,1630,71306.41
2025-11-16 15:19:39.808,1631,71306.41
2025-11-16 15:19:39.808,1632,24498.84
2025-11-16 15:19:39.808,1633,23586.93
2025-11-16 15:19:39.808,1634,22933.92
2025-11-16 15:19:39.808,1635,23698.29
2025-11-16 15:19:39.808,1636,23094.79
2025-11-16 15:19:39.808,1637,22616.81
2025-11-16 15:19:39.808,1638,22854.06
2025-11-16 15:19:39.808,1639,22827.54
2025-11-16 15:19:39.808,1640,22987.37
2025-11-16 15:19:39.808,1641,22880.64
2025-11-16 15:19:39.808,1642,22616.81
2025-11-16 15:19:39.808,1643,23094.79
2025-11-16 15:19:39.808,1644,22827.54
2025-11-16 15:19:39.808,1645,23257.23
2025-11-16 15:19:39.808,1646,23698.29
2025-11-16 15:19:39.808,1647,23014.16
2025-11-16 15:19:39.808,1648,24382.16
2025-11-16 15:19:39.808,1649,22305.72
2025-11-16 15:19:39.808,1650,21900.02
2025-11-16 15:19:39.808,1651,22987.37
2025-11-16 15:19:39.808,1652,23923.21
2025-11-16 15:19:39.808,1653,24324.12
2025-11-16 15:19:39.808,1654,23202.91
2025-11-16 15:19:39.808,1655,24675.34
2025-11-16 15:19:39.808,1656,23698.29
2025-11-16 15:19:39.808,1657,21553.27
2025-11-16 15:19:39.808,1658,24734.57
2025-11-16 15:19:39.808,1659,24528.13
2025-11-16 15:19:39.808,1660,18260.31
2025-11-16 15:19:39.808,1661,23754.24
2025-11-16 15:19:39.808,1662,17606.89
2025-11-16 15:19:39.808,1663,24675.34
2025-11-16 15:19:39.808,1664,68948.35
2025-11-16 15:19:39.808,1665,17738.95
2025-11-16 15:19:39.808,1666,23923.21
2025-11-16 15:19:39.808,1667,19751.0
2025-11-16 15:19:39.808,1668,16911.3
2025-11-16 15:19:39.808,1669,26348.73
2025-11-16 15:19:39.808,1670,24324.12
2025-11-16 15:19:39.808,1671,30189.96
2025-11-16 15:19:39.808,1672,334076.69
2025-11-16 15:19:39.808,1673,40505.41
2025-11-16 15:19:39.808,1674,49151.41
2025-11-16 15:19:39.808,1675,23642.52
2025-11-16 15:19:39.808,1676,64347.73
2025-11-16 15:19:39.808,1677,216173.34
2025-11-16 15:19:39.808,1678,62628.1
2025-11-16 15:19:39.808,1679,62628.1
2025-11-16 15:19:39.808,1680,33036.22
2025-11-16 15:19:39.808,1681,32145.38
2025-11-16 15:19:39.808,1682,32320.6
2025-11-16 15:19:39.808,1683,32765.05
2025-11-16 15:19:39.808,1684,31543.36
2025-11-16 15:19:39.808,1685,31374.49
2025-11-16 15:19:39.808,1686,31543.36
2025-11-16 15:19:39.808,1687,31885.26
2025-11-16 15:19:39.808,1688,31756.39
2025-11-16 15:19:39.808,1689,31543.36
2025-11-16 15:19:39.808,1690,31332.49
2025-11-16 15:19:39.808,1691,31971.61
2025-11-16 15:19:39.808,1692,31374.49
2025-11-16 15:19:39.808,1693,31971.61
2025-11-16 15:19:39.808,1694,32145.38
2025-11-16 15:19:39.808,1695,31670.92
2025-11-16 15:19:39.808,1696,33310.84
2025-11-16 15:19:39.808,1697,29297.52
2025-11-16 15:19:39.808,1698,30071.27
2025-11-16 15:19:39.808,1699,30712.49
2025-11-16 15:19:39.808,1700,32586.16
2025-11-16 15:19:39.808,1701,33635.68
2025-11-16 15:19:39.808,1702,32014.92
2025-11-16 15:19:39.808,1703,33495.87
2025-11-16 15:19:39.808,1704,32232.81
2025-11-16 15:19:39.808,1705,30031.86
2025-11-16 15:19:39.808,1706,34204.0
2025-11-16 15:19:39.808,1707,33635.68
2025-11-16 15:19:39.808,1708,29297.52
2025-11-16 15:19:39.808,1709,32276.66
2025-11-16 15:19:39.808,1710,28516.51
2025-11-16 15:19:39.808,1711,33823.5
2025-11-16 15:19:39.808,1712,79896.98
2025-11-16 15:19:39.808,1713,29146.33
2025-11-16 15:19:39.808,1714,33682.49
2025-11-16 15:19:39.808,1715,29603.42
2025-11-16 15:19:39.808,1716,27626.15
2025-11-16 15:19:39.808,1717,36157.48
2025-11-16 15:19:39.808,1718,34445.18
2025-11-16 15:19:39.808,1719,41788.82
2025-11-16 15:19:39.808,1720,477494.09
2025-11-16 15:19:39.808,1721,55621.39
2025-11-16 15:19:39.808,1722,63943.71
2025-11-16 15:19:39.808,1723,33310.84
2025-11-16 15:19:39.808,1724,84035.92
2025-11-16 15:19:39.808,1725,280371.47
2025-11-16 15:19:39.808,1726,81713.57
2025-11-16 15:19:39.808,1727,81713.57
2025-11-16 15:19:39.808,1728,25585.55
2025-11-16 15:19:39.808,1729,24853.65
2025-11-16 15:19:39.808,1730,24616.31
2025-11-16 15:19:39.808,1731,24973.54
2025-11-16 15:19:39.808,1732,24151.15
2025-11-16 15:19:39.808,1733,24353.12
2025-11-16 15:19:39.808,1734,24208.61
2025-11-16 15:19:39.808,1735,24065.32
2025-11-16 15:19:39.808,1736,24179.86
2025-11-16 15:19:39.808,1737,24036.8
2025-11-16 15:19:39.808,1738,23810.38
2025-11-16 15:19:39.808,1739,24324.12
2025-11-16 15:19:39.808,1740,23754.24
2025-11-16 15:19:39.808,1741,24734.57
2025-11-16 15:19:39.808,1742,25124.57
2025-11-16 15:19:39.808,1743,24675.34
2025-11-16 15:19:39.808,1744,25276.9
2025-11-16 15:19:39.808,1745,23284.46
2025-11-16 15:19:39.808,1746,22203.33
2025-11-16 15:19:39.808,1747,22827.54
2025-11-16 15:19:39.808,1748,25215.81
2025-11-16 15:19:39.808,1749,25276.9
2025-11-16 15:19:39.808,1750,24616.31
2025-11-16 15:19:39.808,1751,26058.75
2025-11-16 15:19:39.808,1752,24794.01
2025-11-16 15:19:39.808,1753,22025.71
2025-11-16 15:19:39.808,1754,26219.28
2025-11-16 15:19:39.808,1755,25804.82
2025-11-16 15:19:39.808,1756,19794.65
2025-11-16 15:19:39.808,1757,25094.26
2025-11-16 15:19:39.808,1758,20442.16
2025-11-16 15:19:39.808,1759,26283.89
2025-11-16 15:19:39.808,1760,68493.05
2025-11-16 15:19:39.808,1761,21504.34
2025-11-16 15:19:39.808,1762,25523.39
2025-11-16 15:19:39.808,1763,20037.0
2025-11-16 15:19:39.808,1764,19882.33
2025-11-16 15:19:39.808,1765,27977.33
2025-11-16 15:19:39.808,1766,25773.33
2025-11-16 15:19:39.808,1767,32145.38
2025-11-16 15:19:39.808,1768,372678.72
2025-11-16 15:19:39.808,1769,43769.74
2025-11-16 15:19:39.808,1770,52987.48
2025-11-16 15:19:39.808,1771,25554.44
2025-11-16 15:19:39.808,1772,68192.39
2025-11-16 15:19:39.808,1773,235144.47
2025-11-16 15:19:39.808,1774,66723.02
2025-11-16 15:19:39.808,1775,66723.02
2025-11-16 15:19:39.808,1776,23257.23
2025-11-16 15:19:39.808,1777,22460.52
2025-11-16 15:19:39.808,1778,22101.59
2025-11-16 15:19:39.808,1779,22774.6
2025-11-16 15:19:39.808,1780,21900.02
2025-11-16 15:19:39.808,1781,21626.94
2025-11-16 15:19:39.808,1782,21651.57
2025-11-16 15:19:39.808,1783,21950.17
2025-11-16 15:19:39.808,1784,21676.24
2025-11-16 15:19:39.808,1785,21577.78
2025-11-16 15:19:39.808,1786,21166.06
2025-11-16 15:19:39.808,1787,21676.24
2025-11-16 15:19:39.808,1788,21358.47
2025-11-16 15:19:39.808,1789,22000.49
2025-11-16 15:19:39.808,1790,22564.54
2025-11-16 15:19:39.808,1791,21950.17
2025-11-16 15:19:39.808,1792,23148.76
2025-11-16 15:19:39.808,1793,20952.39
2025-11-16 15:19:39.808,1794,20014.81
2025-11-16 15:19:39.808,1795,21118.33
2025-11-16 15:19:39.808,1796,22408.76
2025-11-16 15:19:39.808,1797,22987.37
2025-11-16 15:19:39.808,1798,21900.02
2025-11-16 15:19:39.808,1799,23230.05
2025-11-16 15:19:39.808,1800,22305.72
2025-11-16 15:19:39.808,1801,19534.67
2025-11-16 15:19:39.808,1802,23311.73
2025-11-16 15:19:39.808,1803,22960.62
2025-11-16 15:19:39.808,1804,18578.57
2025-11-16 15:19:39.808,1805,22382.94
2025-11-16 15:19:39.808,1806,18538.4
2025-11-16 15:19:39.808,1807,23421.27
2025-11-16 15:19:39.808,1808,61608.8
2025-11-16 15:19:39.808,1809,18538.4
2025-11-16 15:19:39.808,1810,22616.81
2025-11-16 15:19:39.808,1811,16734.02
2025-11-16 15:19:39.808,1812,16840.11
2025-11-16 15:19:39.808,1813,24764.27
2025-11-16 15:19:39.808,1814,22669.24
2025-11-16 15:19:39.808,1815,28773.39
2025-11-16 15:19:39.808,1816,322883.13
2025-11-16 15:19:39.808,1817,38463.37
2025-11-16 15:19:39.808,1818,47646.51
2025-11-16 15:19:39.808,1819,22408.76
2025-11-16 15:19:39.808,1820,61608.8
2025-11-16 15:19:39.808,1821,208912.44
2025-11-16 15:19:39.808,1822,59892.09
2025-11-16 15:19:39.808,1823,59892.09
2025-11-16 15:19:39.808,1824,31416.58
2025-11-16 15:19:39.808,1825,30550.28
2025-11-16 15:19:39.808,1826,29603.42
2025-11-16 15:19:39.808,1827,31206.99
2025-11-16 15:19:39.808,1828,30150.32
2025-11-16 15:19:39.808,1829,30110.76
2025-11-16 15:19:39.808,1830,30031.86
2025-11-16 15:19:39.808,1831,30590.71
2025-11-16 15:19:39.808,1832,30309.35
2025-11-16 15:19:39.808,1833,29992.53
2025-11-16 15:19:39.808,1834,29297.52
2025-11-16 15:19:39.808,1835,30309.35
2025-11-16 15:19:39.808,1836,28371.24
2025-11-16 15:19:39.808,1837,30309.35
2025-11-16 15:19:39.808,1838,31040.83
2025-11-16 15:19:39.808,1839,30349.31
2025-11-16 15:19:39.808,1840,31585.79
2025-11-16 15:19:39.808,1841,28773.39
2025-11-16 15:19:39.808,1842,27349.84
2025-11-16 15:19:39.808,1843,29411.68
2025-11-16 15:19:39.808,1844,31040.83
2025-11-16 15:19:39.808,1845,31458.76
2025-11-16 15:19:39.808,1846,30631.22
2025-11-16 15:19:39.808,1847,31928.39
2025-11-16 15:19:39.808,1848,29953.28
2025-11-16 15:19:39.808,1849,27077.54
2025-11-16 15:19:39.808,1850,33036.22
2025-11-16 15:19:39.808,1851,31713.61
2025-11-16 15:19:39.808,1852,27695.87
2025-11-16 15:19:39.808,1853,31082.24
2025-11-16 15:19:39.808,1854,26643.4
2025-11-16 15:19:39.808,1855,32232.81
2025-11-16 15:19:39.808,1856,79112.48
2025-11-16 15:19:39.808,1857,27695.87
2025-11-16 15:19:39.808,1858,31928.39
2025-11-16 15:19:39.808,1859,27556.69
2025-11-16 15:19:39.808,1860,27349.84
2025-11-16 15:19:39.808,1861,33870.7
2025-11-16 15:19:39.808,1862,32320.6
2025-11-16 15:19:39.808,1863,39887.21
2025-11-16 15:19:39.808,1864,450099.75
2025-11-16 15:19:39.808,1865,51284.3
2025-11-16 15:19:39.808,1866,59416.6
2025-11-16 15:19:39.808,1867,31290.57
2025-11-16 15:19:39.808,1868,79699.56
2025-11-16 15:19:39.808,1869,272357.75
2025-11-16 15:19:39.808,1870,74678.3
2025-11-16 15:19:39.808,1871,74678.3
2025-11-16 15:19:39.808,1872,26610.43
2025-11-16 15:19:39.808,1873,26026.81
2025-11-16 15:19:39.808,1874,25585.55
2025-11-16 15:19:39.808,1875,26348.73
2025-11-16 15:19:39.808,1876,25461.45
2025-11-16 15:19:39.808,1877,25154.93
2025-11-16 15:19:39.808,1878,25307.53
2025-11-16 15:19:39.808,1879,25679.2
2025-11-16 15:19:39.808,1880,25679.2
2025-11-16 15:19:39.808,1881,25276.9
2025-11-16 15:19:39.808,1882,24913.49
2025-11-16 15:19:39.808,1883,25585.55
2025-11-16 15:19:39.808,1884,24853.65
2025-11-16 15:19:39.808,1885,26026.81
2025-11-16 15:19:39.808,1886,26219.28
2025-11-16 15:19:39.808,1887,25804.82
2025-11-16 15:19:39.808,1888,26742.69
2025-11-16 15:19:39.808,1889,24498.84
2025-11-16 15:19:39.808,1890,23311.73
2025-11-16 15:19:39.808,1891,24913.49
2025-11-16 15:19:39.808,1892,26676.44
2025-11-16 15:19:39.808,1893,26809.18
2025-11-16 15:19:39.808,1894,25963.11
2025-11-16 15:19:39.808,1895,27556.69
2025-11-16 15:19:39.808,1896,25963.11
2025-11-16 15:19:39.808,1897,21750.49
2025-11-16 15:19:39.808,1898,27765.84
2025-11-16 15:19:39.808,1899,26809.18
2025-11-16 15:19:39.808,1900,22101.59
2025-11-16 15:19:39.808,1901,26544.65
2025-11-16 15:19:39.808,1902,20741.61
2025-11-16 15:19:39.808,1903,27695.87
2025-11-16 15:19:39.808,1904,68796.0
2025-11-16 15:19:39.808,1905,23230.05
2025-11-16 15:19:39.808,1906,27111.36
2025-11-16 15:19:39.808,1907,22564.54
2025-11-16 15:19:39.808,1908,22512.45
2025-11-16 15:19:39.808,1909,29526.5
2025-11-16 15:19:39.808,1910,26413.8
2025-11-16 15:19:39.808,1911,34156.08
2025-11-16 15:19:39.808,1912,387544.88
2025-11-16 15:19:39.808,1913,44707.67
2025-11-16 15:19:39.808,1914,54480.68
2025-11-16 15:19:39.808,1915,27145.25
2025-11-16 15:19:39.808,1916,71795.0
2025-11-16 15:19:39.808,1917,250766.73
2025-11-16 15:19:39.808,1918,70983.91
2025-11-16 15:19:39.808,1919,70983.91
2025-11-16 15:19:39.808,1920,988899.38
2025-11-16 15:19:39.808,1921,861364.44
2025-11-16 15:19:39.808,1922,861364.44
2025-11-16 15:19:39.808,1923,734602.25
2025-11-16 15:19:39.808,1924,942433.13
2025-11-16 15:19:39.808,1925,965113.19
2025-11-16 15:19:39.808,1926,900097.25
2025-11-16 15:19:39.808,1927,777567.38
2025-11-16 15:19:39.808,1928,734602.25
2025-11-16 15:19:39.808,1929,734602.25
2025-11-16 15:19:39.808,1930,988899.38
2025-11-16 15:19:39.808,1931,861364.44
2025-11-16 15:19:39.808,1932,900097.25
2025-11-16 15:19:39.808,1933,942433.13
2025-11-16 15:19:39.808,1934,880309.75
2025-11-16 15:19:39.808,1935,825793.38
2025-11-16 15:19:39.808,1936,920784.13
2025-11-16 15:19:39.808,1937,793012.25
2025-11-16 15:19:39.808,1938,900097.25
2025-11-16 15:19:39.808,1939,793012.25
2025-11-16 15:19:39.808,1940,721303.56
2025-11-16 15:19:39.808,1941,708471.5
2025-11-16 15:19:39.808,1942,748393.56
2025-11-16 15:19:39.808,1943,734602.25
2025-11-16 15:19:39.808,1944,684112.31
2025-11-16 15:19:39.808,1945,536008.31
2025-11-16 15:19:39.808,1946,721303.56
2025-11-16 15:19:39.808,1947,762705.19
2025-11-16 15:19:39.808,1948,601218.31
2025-11-16 15:19:39.808,1949,684112.31
2025-11-16 15:19:39.808,1950,592227.94
2025-11-16 15:19:39.808,1951,900097.25
2025-11-16 15:19:39.808,1952,809075.0
2025-11-16 15:19:39.808,1953,809075.0
2025-11-16 15:19:39.808,1954,684112.31
2025-11-16 15:19:39.808,1955,900097.25
2025-11-16 15:19:39.808,1956,583498.19
2025-11-16 15:19:39.808,1957,661350.38
2025-11-16 15:19:39.808,1958,762705.19
2025-11-16 15:19:39.808,1959,793012.25
2025-11-16 15:19:39.808,1960,809075.0
2025-11-16 15:19:39.808,1961,809075.0
2025-11-16 15:19:39.808,1962,708471.5
2025-11-16 15:19:39.808,1963,762705.19
2025-11-16 15:19:39.808,1964,31713.61
2025-11-16 15:19:39.808,1965,31713.61
2025-11-16 15:19:39.808,1966,31713.61
2025-11-16 15:19:39.808,1967,31713.61
2025-11-16 15:19:39.808,1968,31713.61
2025-11-16 15:19:39.808,1969,30031.86
2025-11-16 15:19:39.808,1970,30876.0
2025-11-16 15:19:39.808,1971,31040.83
2025-11-16 15:19:39.808,1972,30229.68
2025-11-16 15:19:39.808,1973,30309.35
2025-11-16 15:19:39.808,1974,30309.35
2025-11-16 15:19:39.808,1975,30712.49
2025-11-16 15:19:39.808,1976,30631.22
2025-11-16 15:19:39.808,1977,30150.32
2025-11-16 15:19:39.808,1978,29603.42
2025-11-16 15:19:39.808,1979,30509.92
2025-11-16 15:19:39.808,1980,29071.17
2025-11-16 15:19:39.808,1981,30631.22
2025-11-16 15:19:39.808,1982,31206.99
2025-11-16 15:19:39.808,1983,30712.49
2025-11-16 15:19:39.808,1984,31971.61
2025-11-16 15:19:39.808,1985,29184.02
2025-11-16 15:19:39.808,1986,28335.09
2025-11-16 15:19:39.808,1987,29221.78
2025-11-16 15:19:39.808,1988,31628.31
2025-11-16 15:19:39.808,1989,31713.61
2025-11-16 15:19:39.808,1990,30753.24
2025-11-16 15:19:39.808,1991,32145.38
2025-11-16 15:19:39.808,1992,30712.49
2025-11-16 15:19:39.808,1993,27660.98
2025-11-16 15:19:39.808,1994,31628.31
2025-11-16 15:19:39.808,1995,31799.26
2025-11-16 15:19:39.808,1996,27695.87
2025-11-16 15:19:39.808,1997,31248.74
2025-11-16 15:19:39.808,1998,25963.11
2025-11-16 15:19:39.808,1999,32320.6
2025-11-16 15:19:39.808,2000,85352.86
2025-11-16 15:19:39.808,2001,26676.44
2025-11-16 15:19:39.808,2002,32058.32
2025-11-16 15:19:39.808,2003,27145.25
2025-11-16 15:19:39.808,2004,26875.9
2025-11-16 15:19:39.808,2005,34640.03
2025-11-16 15:19:39.808,2006,32364.63
2025-11-16 15:19:39.808,2007,40256.3
2025-11-16 15:19:39.808,2008,450099.75
2025-11-16 15:19:39.808,2009,51654.79
2025-11-16 15:19:39.808,2010,59653.54
2025-11-16 15:19:39.808,2011,31206.99
2025-11-16 15:19:39.808,2012,76838.91
2025-11-16 15:19:39.808,2013,254133.06
2025-11-16 15:19:39.808,2014,74328.61
2025-11-16 15:19:39.808,2015,74328.61
2025-11-16 15:19:39.808,2016,861364.44
2025-11-16 15:19:39.808,2017,708471.5
2025-11-16 15:19:39.808,2018,575017.88
2025-11-16 15:19:39.808,2019,661350.38
2025-11-16 15:19:39.808,2020,601218.31
2025-11-16 15:19:39.808,2021,762705.19
2025-11-16 15:19:39.808,2022,721303.56
2025-11-16 15:19:39.808,2023,861364.44
2025-11-16 15:19:39.808,2024,861364.44
2025-11-16 15:19:39.808,2025,748393.56
2025-11-16 15:19:39.808,2026,861364.44
2025-11-16 15:19:39.808,2027,661350.38
2025-11-16 15:19:39.808,2028,721303.56
2025-11-16 15:19:39.808,2029,734602.25
2025-11-16 15:19:39.808,2030,861364.44
2025-11-16 15:19:39.808,2031,721303.56
2025-11-16 15:19:39.808,2032,900097.25
2025-11-16 15:19:39.808,2033,762705.19
2025-11-16 15:19:39.808,2034,777567.38
2025-11-16 15:19:39.808,2035,748393.56
2025-11-16 15:19:39.808,2036,880309.75
2025-11-16 15:19:39.808,2037,793012.25
2025-11-16 15:19:39.808,2038,900097.25
2025-11-16 15:19:39.808,2039,762705.19
2025-11-16 15:19:39.808,2040,762705.19
2025-11-16 15:19:39.808,2041,721303.56
2025-11-16 15:19:39.808,2042,708471.5
2025-11-16 15:19:39.808,2043,793012.25
2025-11-16 15:19:39.808,2044,734602.25
2025-11-16 15:19:39.808,2045,734602.25
2025-11-16 15:19:39.808,2046,748393.56
2025-11-16 15:19:39.808,2047,861364.44
2025-11-16 15:19:39.808,2048,762705.19
2025-11-16 15:19:39.808,2049,900097.25
2025-11-16 15:19:39.808,2050,793012.25
2025-11-16 15:19:39.808,2051,861364.44
2025-11-16 15:19:39.808,2052,777567.38
2025-11-16 15:19:39.808,2053,640033.69
2025-11-16 15:19:39.808,2054,861364.44
2025-11-16 15:19:39.808,2055,942433.13
2025-11-16 15:19:39.808,2056,988899.38
2025-11-16 15:19:39.808,2057,988899.38
2025-11-16 15:19:39.808,2058,748393.56
2025-11-16 15:19:39.808,2059,900097.25
2025-11-16 15:19:39.808,2060,25647.93
2025-11-16 15:19:39.808,2061,25647.93
2025-11-16 15:19:39.808,2062,25647.93
2025-11-16 15:19:39.808,2063,25647.93
2025-11-16 15:19:39.808,2064,25647.93
2025-11-16 15:19:39.808,2065,24913.49
2025-11-16 15:19:39.808,2066,25033.8
2025-11-16 15:19:39.808,2067,24734.57
2025-11-16 15:19:39.808,2068,24208.61
2025-11-16 15:19:39.808,2069,23866.7
2025-11-16 15:19:39.808,2070,24151.15
2025-11-16 15:19:39.808,2071,24616.31
2025-11-16 15:19:39.808,2072,24498.84
2025-11-16 15:19:39.808,2073,24266.27
2025-11-16 15:19:39.808,2074,24498.84
2025-11-16 15:19:39.808,2075,24498.84
2025-11-16 15:19:39.808,2076,23810.38
2025-11-16 15:19:39.808,2077,24734.57
2025-11-16 15:19:39.808,2078,25033.8
2025-11-16 15:19:39.808,2079,24794.01
2025-11-16 15:19:39.808,2080,25523.39
2025-11-16 15:19:39.808,2081,21553.27
2025-11-16 15:19:39.808,2082,22801.05
2025-11-16 15:19:39.808,2083,23311.73
2025-11-16 15:19:39.808,2084,25215.81
2025-11-16 15:19:39.808,2085,25647.93
2025-11-16 15:19:39.808,2086,25003.64
2025-11-16 15:19:39.808,2087,26511.85
2025-11-16 15:19:39.808,2088,25154.93
2025-11-16 15:19:39.808,2089,23642.52
2025-11-16 15:19:39.808,2090,27010.09
2025-11-16 15:19:39.808,2091,25963.11
2025-11-16 15:19:39.808,2092,23586.93
2025-11-16 15:19:39.808,2093,25710.52
2025-11-16 15:19:39.808,2094,23311.73
2025-11-16 15:19:39.808,2095,26511.85
2025-11-16 15:19:39.808,2096,71306.41
2025-11-16 15:19:39.808,2097,23202.91
2025-11-16 15:19:39.808,2098,26348.73
2025-11-16 15:19:39.808,2099,23754.24
2025-11-16 15:19:39.808,2100,22564.54
2025-11-16 15:19:39.808,2101,28371.24
2025-11-16 15:19:39.808,2102,27349.84
2025-11-16 15:19:39.808,2103,33356.95
2025-11-16 15:19:39.808,2104,365654.84
2025-11-16 15:19:39.808,2105,42590.57
2025-11-16 15:19:39.808,2106,52409.35
2025-11-16 15:19:39.808,2107,25647.93
2025-11-16 15:19:39.808,2108,67304.12
2025-11-16 15:19:39.808,2109,235144.47
2025-11-16 15:19:39.808,2110,65867.58
2025-11-16 15:19:39.808,2111,65867.58
2025-11-16 15:19:39.808,2112,379970.25
2025-11-16 15:19:39.808,2113,331208.34
2025-11-16 15:19:39.808,2114,325612.69
2025-11-16 15:19:39.808,2115,342978.47
2025-11-16 15:19:39.808,2116,331208.34
2025-11-16 15:19:39.808,2117,365654.84
2025-11-16 15:19:39.808,2118,317555.0
2025-11-16 15:19:39.808,2119,339960.47
2025-11-16 15:19:39.808,2120,346048.91
2025-11-16 15:19:39.808,2121,328387.41
2025-11-16 15:19:39.808,2122,342978.47
2025-11-16 15:19:39.808,2123,358884.03
2025-11-16 15:19:39.808,2124,365654.84
2025-11-16 15:19:39.808,2125,362238.63
2025-11-16 15:19:39.808,2126,379970.25
2025-11-16 15:19:39.808,2127,346048.91
2025-11-16 15:19:39.808,2128,358884.03
2025-11-16 15:19:39.808,2129,334076.69
2025-11-16 15:19:39.808,2130,336993.63
2025-11-16 15:19:39.808,2131,369134.25
2025-11-16 15:19:39.808,2132,372678.72
2025-11-16 15:19:39.808,2133,379970.25
2025-11-16 15:19:39.808,2134,339960.47
2025-11-16 15:19:39.808,2135,358884.03
2025-11-16 15:19:39.808,2136,365654.84
2025-11-16 15:19:39.808,2137,349173.25
2025-11-16 15:19:39.808,2138,312394.69
2025-11-16 15:19:39.808,2139,317555.0
2025-11-16 15:19:39.808,2140,270422.94
2025-11-16 15:19:39.808,2141,325612.69
2025-11-16 15:19:39.808,2142,293282.41
2025-11-16 15:19:39.808,2143,328387.41
2025-11-16 15:19:39.808,2144,328387.41
2025-11-16 15:19:39.808,2145,322883.13
2025-11-16 15:19:39.808,2146,339960.47
2025-11-16 15:19:39.808,2147,312394.69
2025-11-16 15:19:39.808,2148,261133.28
2025-11-16 15:19:39.808,2149,339960.47
2025-11-16 15:19:39.808,2150,358884.03
2025-11-16 15:19:39.808,2151,387544.88
2025-11-16 15:19:39.808,2152,435092.38
2025-11-16 15:19:39.808,2153,435092.38
2025-11-16 15:19:39.808,2154,138820.45
2025-11-16 15:19:39.808,2155,322883.13
2025-11-16 15:19:39.808,2156,403612.41
2025-11-16 15:19:39.808,2157,383721.19
2025-11-16 15:19:39.808,2158,383721.19
2025-11-16 15:19:39.808,2159,383721.19
2025-11-16 15:19:39.808,2160,387544.88
2025-11-16 15:19:39.808,2161,407834.16
2025-11-16 15:19:39.808,2162,339960.47
2025-11-16 15:19:39.808,2163,328387.41
2025-11-16 15:19:39.808,2164,379970.25
2025-11-16 15:19:39.808,2165,383721.19
2025-11-16 15:19:39.808,2166,372678.72
2025-11-16 15:19:39.808,2167,403612.41
2025-11-16 15:19:39.808,2168,403612.41
2025-11-16 15:19:39.808,2169,395419.56
2025-11-16 15:19:39.808,2170,477494.09
2025-11-16 15:19:39.808,2171,358884.03
2025-11-16 15:19:39.808,2172,403612.41
2025-11-16 15:19:39.808,2173,450099.75
2025-11-16 15:19:39.808,2174,387544.88
2025-11-16 15:19:39.808,2175,439984.91
2025-11-16 15:19:39.808,2176,439984.91
2025-11-16 15:19:39.808,2177,399475.0
2025-11-16 15:19:39.808,2178,425619.72
2025-11-16 15:19:39.808,2179,460679.59
2025-11-16 15:19:39.808,2180,477494.09
2025-11-16 15:19:39.808,2181,450099.75
2025-11-16 15:19:39.808,2182,399475.0
2025-11-16 15:19:39.808,2183,403612.41
2025-11-16 15:19:39.808,2184,450099.75
2025-11-16 15:19:39.808,2185,399475.0
2025-11-16 15:19:39.808,2186,421032.91
2025-11-16 15:19:39.808,2187,430305.09
2025-11-16 15:19:39.808,2188,395419.56
2025-11-16 15:19:39.808,2189,395419.56
2025-11-16 15:19:39.808,2190,372678.72
2025-11-16 15:19:39.808,2191,439984.91
2025-11-16 15:19:39.808,2192,425619.72
2025-11-16 15:19:39.808,2193,435092.38
2025-11-16 15:19:39.808,2194,430305.09
2025-11-16 15:19:39.808,2195,395419.56
2025-11-16 15:19:39.808,2196,395419.56
2025-11-16 15:19:39.808,2197,444986.13
2025-11-16 15:19:39.808,2198,403612.41
2025-11-16 15:19:39.808,2199,471757.34
2025-11-16 15:19:39.808,2200,566776.38
2025-11-16 15:19:39.808,2201,566776.38
2025-11-16 15:19:39.808,2202,176906.95
2025-11-16 15:19:39.808,2203,439984.91
2025-11-16 15:19:39.808,2204,521823.06
2025-11-16 15:19:39.808,2205,521823.06
2025-11-16 15:19:39.808,2206,521823.06
2025-11-16 15:19:39.808,2207,521823.06
2025-11-16 15:19:39.808,2208,229407.17
2025-11-16 15:19:39.808,2209,229407.17
2025-11-16 15:19:39.808,2210,229407.17
2025-11-16 15:19:39.808,2211,229407.17
2025-11-16 15:19:39.808,2212,229407.17
2025-11-16 15:19:39.808,2213,229407.17
2025-11-16 15:19:39.808,2214,229407.17
2025-11-16 15:19:39.808,2215,229407.17
2025-11-16 15:19:39.808,2216,229407.17
2025-11-16 15:19:39.808,2217,229407.17
2025-11-16 15:19:39.808,2218,229407.17
2025-11-16 15:19:39.808,2219,229407.17
2025-11-16 15:19:39.808,2220,229407.17
2025-11-16 15:19:39.808,2221,229407.17
2025-11-16 15:19:39.808,2222,229407.17
2025-11-16 15:19:39.808,2223,229407.17
2025-11-16 15:19:39.808,2224,229407.17
2025-11-16 15:19:39.808,2225,229407.17
2025-11-16 15:19:39.808,2226,229407.17
2025-11-16 15:19:39.808,2227,229407.17
2025-11-16 15:19:39.808,2228,229407.17
2025-11-16 15:19:39.808,2229,229407.17
2025-11-16 15:19:39.808,2230,229407.17
2025-11-16 15:19:39.808,2231,229407.17
2025-11-16 15:19:39.808,2232,229407.17
2025-11-16 15:19:39.808,2233,229407.17
2025-11-16 15:19:39.808,2234,229407.17
2025-11-16 15:19:39.808,2235,229407.17
2025-11-16 15:19:39.808,2236,229407.17
2025-11-16 15:19:39.808,2237,229407.17
2025-11-16 15:19:39.808,2238,229407.17
2025-11-16 15:19:39.808,2239,229407.17
2025-11-16 15:19:39.808,2240,229407.17
2025-11-16 15:19:39.808,2241,229407.17
2025-11-16 15:19:39.808,2242,229407.17
2025-11-16 15:19:39.808,2243,229407.17
2025-11-16 15:19:39.808,2244,229407.17
2025-11-16 15:19:39.808,2245,229407.17
2025-11-16 15:19:39.808,2246,229407.17
2025-11-16 15:19:39.808,2247,229407.17
2025-11-16 15:19:39.808,2248,229407.17
2025-11-16 15:19:39.808,2249,229407.17
2025-11-16 15:19:39.808,2250,229407.17
2025-11-16 15:19:39.808,2251,229407.17
2025-11-16 15:19:39.808,2252,229407.17
2025-11-16 15:19:39.808,2253,229407.17
2025-11-16 15:19:39.808,2254,229407.17
2025-11-16 15:19:39.808,2255,229407.17
2025-11-16 15:19:39.808,2256,229407.17
2025-11-16 15:19:39.808,2257,232241.86
2025-11-16 15:19:39.808,2258,232241.86
2025-11-16 15:19:39.808,2259,232241.86
2025-11-16 15:19:39.808,2260,235144.47
2025-11-16 15:19:39.808,2261,255849.03
2025-11-16 15:19:39.808,2262,247485.06
2025-11-16 15:19:39.808,2263,261133.28
2025-11-16 15:19:39.808,2264,235144.47
2025-11-16 15:19:39.808,2265,239631.09
2025-11-16 15:19:39.808,2266,247485.06
2025-11-16 15:19:39.808,2267,236622.0
2025-11-16 15:19:39.808,2268,238117.42
2025-11-16 15:19:39.808,2269,232241.86
2025-11-16 15:19:39.808,2270,239631.09
2025-11-16 15:19:39.808,2271,238117.42
2025-11-16 15:19:39.808,2272,226638.0
2025-11-16 15:19:39.808,2273,217430.56
2025-11-16 15:19:39.808,2274,213700.14
2025-11-16 15:19:39.808,2275,216173.34
2025-11-16 15:19:39.808,2276,223932.14
2025-11-16 15:19:39.808,2277,214929.95
2025-11-16 15:19:39.808,2278,213700.14
2025-11-16 15:19:39.808,2279,235144.47
2025-11-16 15:19:39.808,2280,212483.69
2025-11-16 15:19:39.808,2281,206594.58
2025-11-16 15:19:39.808,2282,226638.0
2025-11-16 15:19:39.808,2283,223932.14
2025-11-16 15:19:39.808,2284,206594.58
2025-11-16 15:19:39.808,2285,195704.14
2025-11-16 15:19:39.808,2286,195704.14
2025-11-16 15:19:39.808,2287,225277.3
2025-11-16 15:19:39.808,2288,247485.06
2025-11-16 15:19:39.808,2289,208912.44
2025-11-16 15:19:39.808,2290,216173.34
2025-11-16 15:19:39.808,2291,197793.8
2025-11-16 15:19:39.808,2292,205453.95
2025-11-16 15:19:39.808,2293,233684.53
2025-11-16 15:19:39.808,2294,206594.58
2025-11-16 15:19:39.808,2295,241163.34
2025-11-16 15:19:39.808,2296,297844.91
2025-11-16 15:19:39.808,2297,297844.91
2025-11-16 15:19:39.808,2298,98522.22
2025-11-16 15:19:39.808,2299,216173.34
2025-11-16 15:19:39.808,2300,346048.91
2025-11-16 15:19:39.808,2301,942433.13
2025-11-16 15:19:39.808,2302,312394.69
2025-11-16 15:19:39.808,2303,312394.69
2025-11-16 15:19:40.120,0,23754.24
2025-11-16 15:19:40.120,1,31082.24
2025-11-16 15:19:40.120,2,35335.6
2025-11-16 15:19:40.120,3,33588.98
2025-11-16 15:19:40.120,4,34396.74
2025-11-16 15:19:40.120,5,35742.86
2025-11-16 15:19:40.120,6,35949.24
2025-11-16 15:19:40.120,7,36053.13
2025-11-16 15:19:40.120,8,36053.13
2025-11-16 15:19:40.120,9,35845.82
2025-11-16 15:19:40.120,10,36793.67
2025-11-16 15:19:40.120,11,35845.82
2025-11-16 15:19:40.120,12,37447.59
2025-11-16 15:19:40.120,13,36955.46
2025-11-16 15:19:40.120,14,37669.63
2025-11-16 15:19:40.120,15,37063.94
2025-11-16 15:19:40.120,16,36473.41
2025-11-16 15:19:40.120,17,37337.34
2025-11-16 15:19:40.120,18,37893.76
2025-11-16 15:19:40.120,19,38233.91
2025-11-16 15:19:40.120,20,37558.35
2025-11-16 15:19:40.120,21,37669.63
2025-11-16 15:19:40.120,22,36632.99
2025-11-16 15:19:40.120,23,39165.01
2025-11-16 15:19:40.120,24,37337.34
2025-11-16 15:19:40.120,25,36847.48
2025-11-16 15:19:40.120,26,39403.42
2025-11-16 15:19:40.120,27,39165.01
2025-11-16 15:19:40.120,28,38006.61
2025-11-16 15:19:40.120,29,37337.34
2025-11-16 15:19:40.120,30,37893.76
2025-11-16 15:19:40.120,31,38811.68
2025-11-16 15:19:40.120,32,111058.42
2025-11-16 15:19:40.120,33,38233.91
2025-11-16 15:19:40.120,34,39765.37
2025-11-16 15:19:40.120,35,38578.92
2025-11-16 15:19:40.120,36,38348.37
2025-11-16 15:19:40.120,37,41397.01
2025-11-16 15:19:40.120,38,44270.75
2025-11-16 15:19:40.120,39,49758.04
2025-11-16 15:19:40.120,40,550970.88
2025-11-16 15:19:40.120,41,56912.64
2025-11-16 15:19:40.120,42,79896.98
2025-11-16 15:19:40.120,43,38463.37
2025-11-16 15:19:40.120,44,79896.98
2025-11-16 15:19:40.120,45,369134.25
2025-11-16 15:19:40.120,46,89051.75
2025-11-16 15:19:40.120,47,89051.75
2025-11-16 15:19:40.120,48,115134.95
2025-11-16 15:19:40.120,49,121157.05
2025-11-16 15:19:40.120,50,125056.52
2025-11-16 15:19:40.120,51,125056.52
2025-11-16 15:19:40.120,52,128722.46
2025-11-16 15:19:40.120,53,138820.45
2025-11-16 15:19:40.120,54,132592.78
2025-11-16 15:19:40.120,55,134100.34
2025-11-16 15:19:40.120,56,129670.22
2025-11-16 15:19:40.120,57,129670.22
2025-11-16 15:19:40.120,58,132592.78
2025-11-16 15:19:40.120,59,130631.02
2025-11-16 15:19:40.120,60,132097.22
2025-11-16 15:19:40.120,61,130631.02
2025-11-16 15:19:40.120,62,136160.72
2025-11-16 15:19:40.120,63,134609.98
2025-11-16 15:19:40.120,64,119906.74
2025-11-16 15:19:40.120,65,128722.46
2025-11-16 15:19:40.120,66,141018.91
2025-11-16 15:19:40.120,67,133594.3
2025-11-16 15:19:40.120,68,138280.8
2025-11-16 15:19:40.120,69,136685.03
2025-11-16 15:19:40.120,70,129670.22
2025-11-16 15:19:40.120,71,143283.25
2025-11-16 15:19:40.120,72,132592.78
2025-11-16 15:19:40.120,73,132592.78
2025-11-16 15:19:40.120,74,142142.66
2025-11-16 15:19:40.120,75,142142.66
2025-11-16 15:19:40.120,76,138820.45
2025-11-16 15:19:40.120,77,130148.98
2025-11-16 15:19:40.120,78,133594.3
2025-11-16 15:19:40.120,79,143283.25
2025-11-16 15:19:40.120,80,346048.91
2025-11-16 15:19:40.120,81,133594.3
2025-11-16 15:19:40.120,82,143283.25
2025-11-16 15:19:40.120,83,143283.25
2025-11-16 15:19:40.120,84,141018.91
2025-11-16 15:19:40.120,85,151772.23
2025-11-16 15:19:40.120,86,161255.75
2025-11-16 15:19:40.120,87,167191.02
2025-11-16 15:19:40.120,88,155704.97
2025-11-16 15:19:40.120,89,155704.97
2025-11-16 15:19:40.120,90,229407.17
2025-11-16 15:19:40.120,91,157743.84
2025-11-16 15:19:40.120,92,151772.23
2025-11-16 15:19:40.120,93,900097.25
2025-11-16 15:19:40.120,94,312394.69
2025-11-16 15:19:40.120,95,312394.69
2025-11-16 15:19:40.120,96,83177.96
2025-11-16 15:19:40.120,97,85130.81
2025-11-16 15:19:40.120,98,91010.8
2025-11-16 15:19:40.120,99,89534.38
2025-11-16 15:19:40.120,100,90267.15
2025-11-16 15:19:40.120,101,91010.8
2025-11-16 15:19:40.120,102,91512.71
2025-11-16 15:19:40.120,103,92789.56
2025-11-16 15:19:40.120,104,90021.7
2025-11-16 15:19:40.120,105,92019.64
2025-11-16 15:19:40.120,106,91512.71
2025-11-16 15:19:40.120,107,91261.14
2025-11-16 15:19:40.120,108,92275.0
2025-11-16 15:19:40.120,109,95170.63
2025-11-16 15:19:40.120,110,94364.8
2025-11-16 15:19:40.120,111,91512.71
2025-11-16 15:19:40.120,112,84909.8
2025-11-16 15:19:40.120,113,95170.63
2025-11-16 15:19:40.120,114,93571.2
2025-11-16 15:19:40.120,115,91512.71
2025-11-16 15:19:40.120,116,97381.57
2025-11-16 15:19:40.120,117,93048.8
2025-11-16 15:19:40.120,118,87167.16
2025-11-16 15:19:40.120,119,94632.04
2025-11-16 15:19:40.120,120,88336.55
2025-11-16 15:19:40.120,121,93048.8
2025-11-16 15:19:40.120,122,93048.8
2025-11-16 15:19:40.120,123,94632.04
2025-11-16 15:19:40.120,124,93571.2
2025-11-16 15:19:40.120,125,89777.44
2025-11-16 15:19:40.120,126,93571.2
2025-11-16 15:19:40.120,127,98522.22
2025-11-16 15:19:40.120,128,264774.34
2025-11-16 15:19:40.120,129,96820.16
2025-11-16 15:19:40.120,130,94364.8
2025-11-16 15:19:40.120,131,94098.91
2025-11-16 15:19:40.120,132,91010.8
2025-11-16 15:19:40.120,133,99687.32
2025-11-16 15:19:40.120,134,109992.31
2025-11-16 15:19:40.120,135,118680.02
2025-11-16 15:19:40.120,136,101179.34
2025-11-16 15:19:40.120,137,101179.34
2025-11-16 15:19:40.120,138,178630.77
2025-11-16 15:19:40.120,139,94098.91
2025-11-16 15:19:40.120,140,137745.05
2025-11-16 15:19:40.120,141,721303.56
2025-11-16 15:19:40.120,142,195704.14
2025-11-16 15:19:40.120,143,195704.14
2025-11-16 15:19:40.120,144,45002.86
2025-11-16 15:19:40.120,145,45151.65
2025-11-16 15:19:40.120,146,45907.83
2025-11-16 15:19:40.120,147,45754.95
2025-11-16 15:19:40.120,148,45226.35
2025-11-16 15:19:40.120,149,46371.55
2025-11-16 15:19:40.120,150,45602.89
2025-11-16 15:19:40.120,151,45301.25
2025-11-16 15:19:40.120,152,44707.67
2025-11-16 15:19:40.120,153,44928.77
2025-11-16 15:19:40.120,154,45602.89
2025-11-16 15:19:40.120,155,45002.86
2025-11-16 15:19:40.120,156,46138.74
2025-11-16 15:19:40.120,157,46371.55
2025-11-16 15:19:40.120,158,45907.83
2025-11-16 15:19:40.120,159,45301.25
2025-11-16 15:19:40.120,160,29992.53
2025-11-16 15:19:40.120,161,44854.87
2025-11-16 15:19:40.120,162,46216.13
2025-11-16 15:19:40.120,163,43557.83
2025-11-16 15:19:40.120,164,46527.84
2025-11-16 15:19:40.120,165,48305.81
2025-11-16 15:19:40.120,166,43698.91
2025-11-16 15:19:40.120,167,48641.14
2025-11-16 15:19:40.120,168,45226.35
2025-11-16 15:19:40.120,169,46138.74
2025-11-16 15:19:40.120,170,46216.13
2025-11-16 15:19:40.120,171,48305.81
2025-11-16 15:19:40.120,172,47001.92
2025-11-16 15:19:40.120,173,45226.35
2025-11-16 15:19:40.120,174,47322.41
2025-11-16 15:19:40.120,175,48810.25
2025-11-16 15:19:40.120,176,138820.45
2025-11-16 15:19:40.120,177,47322.41
2025-11-16 15:19:40.120,178,48305.81
2025-11-16 15:19:40.120,179,48895.18
2025-11-16 15:19:40.120,180,46138.74
2025-11-16 15:19:40.120,181,51009.33
2025-11-16 15:19:40.120,182,54277.52
2025-11-16 15:19:40.120,183,60374.14
2025-11-16 15:19:40.120,184,777567.38
2025-11-16 15:19:40.120,185,60374.14
2025-11-16 15:19:40.120,186,94098.91
2025-11-16 15:19:40.120,187,47161.71
2025-11-16 15:19:40.120,188,91765.55
2025-11-16 15:19:40.120,189,407834.16
2025-11-16 15:19:40.120,190,107238.9
2025-11-16 15:19:40.120,191,107238.9
2025-11-16 15:19:40.120,192,28921.71
2025-11-16 15:19:40.120,193,28921.71
2025-11-16 15:19:40.120,194,28263.01
2025-11-16 15:19:40.120,195,28847.41
2025-11-16 15:19:40.120,196,28191.18
2025-11-16 15:19:40.120,197,28553.0
2025-11-16 15:19:40.120,198,27695.87
2025-11-16 15:19:40.120,199,28553.0
2025-11-16 15:19:40.120,200,27906.57
2025-11-16 15:19:40.120,201,28371.24
2025-11-16 15:19:40.120,202,28299.01
2025-11-16 15:19:40.120,203,27906.57
2025-11-16 15:19:40.120,204,28736.48
2025-11-16 15:19:40.120,205,28810.36
2025-11-16 15:19:40.120,206,28996.3
2025-11-16 15:19:40.120,207,28773.39
2025-11-16 15:19:40.120,208,20999.62
2025-11-16 15:19:40.120,209,28263.01
2025-11-16 15:19:40.120,210,28662.88
2025-11-16 15:19:40.120,211,23754.24
2025-11-16 15:19:40.120,212,30071.27
2025-11-16 15:19:40.120,213,30389.34
2025-11-16 15:19:40.120,214,25804.82
2025-11-16 15:19:40.120,215,30269.48
2025-11-16 15:19:40.120,216,28335.09
2025-11-16 15:19:40.120,217,29488.15
2025-11-16 15:19:40.120,218,29603.42
2025-11-16 15:19:40.120,219,30590.71
2025-11-16 15:19:40.120,220,30071.27
2025-11-16 15:19:40.120,221,28810.36
2025-11-16 15:19:40.120,222,30229.68
2025-11-16 15:19:40.120,223,30958.25
2025-11-16 15:19:40.120,224,98522.22
2025-11-16 15:19:40.120,225,30631.22
2025-11-16 15:19:40.120,226,31713.61
2025-11-16 15:19:40.120,227,30631.22
2025-11-16 15:19:40.120,228,30753.24
2025-11-16 15:19:40.120,229,33542.38
2025-11-16 15:19:40.120,230,35234.91
2025-11-16 15:19:40.120,231,40756.99
2025-11-16 15:19:40.120,232,439984.91
2025-11-16 15:19:40.120,233,41267.73
2025-11-16 15:19:40.120,234,66435.75
2025-11-16 15:19:40.120,235,31040.83
2025-11-16 15:19:40.120,236,71306.41
2025-11-16 15:19:40.120,237,284551.28
2025-11-16 15:19:40.120,238,75745.02
2025-11-16 15:19:40.120,239,75745.02
2025-11-16 15:19:40.120,240,20834.94
2025-11-16 15:19:40.120,241,20170.86
2025-11-16 15:19:40.120,242,20464.99
2025-11-16 15:19:40.120,243,20533.68
2025-11-16 15:19:40.120,244,19970.52
2025-11-16 15:19:40.120,245,20419.37
2025-11-16 15:19:40.120,246,19838.42
2025-11-16 15:19:40.120,247,20148.47
2025-11-16 15:19:40.120,248,19258.07
2025-11-16 15:19:40.120,249,19882.33
2025-11-16 15:19:40.120,250,19729.22
2025-11-16 15:19:40.120,251,19449.01
2025-11-16 15:19:40.120,252,20533.68
2025-11-16 15:19:40.120,253,20193.28
2025-11-16 15:19:40.120,254,21023.29
2025-11-16 15:19:40.120,255,20373.88
2025-11-16 15:19:40.120,256,19321.44
2025-11-16 15:19:40.120,257,20648.86
2025-11-16 15:19:40.120,258,20556.65
2025-11-16 15:19:40.120,259,19449.01
2025-11-16 15:19:40.120,260,21626.94
2025-11-16 15:19:40.120,261,21700.95
2025-11-16 15:19:40.120,262,20648.86
2025-11-16 15:19:40.120,263,22408.76
2025-11-16 15:19:40.120,264,20811.56
2025-11-16 15:19:40.120,265,21118.33
2025-11-16 15:19:40.120,266,22987.37
2025-11-16 15:19:40.120,267,22050.96
2025-11-16 15:19:40.120,268,21925.08
2025-11-16 15:19:40.120,269,20999.62
2025-11-16 15:19:40.120,270,21700.95
2025-11-16 15:19:40.120,271,21775.31
2025-11-16 15:19:40.120,272,71306.41
2025-11-16 15:19:40.120,273,21725.7
2025-11-16 15:19:40.120,274,22827.54
2025-11-16 15:19:40.120,275,22025.71
2025-11-16 15:19:40.120,276,22050.96
2025-11-16 15:19:40.120,277,24208.61
2025-11-16 15:19:40.120,278,25773.33
2025-11-16 15:19:40.120,279,29297.52
2025-11-16 15:19:40.120,280,317555.0
2025-11-16 15:19:40.120,281,34156.08
2025-11-16 15:19:40.120,282,51561.75
2025-11-16 15:19:40.120,283,21775.31
2025-11-16 15:19:40.120,284,56476.62
2025-11-16 15:19:40.120,285,218701.81
2025-11-16 15:19:40.120,286,58028.08
2025-11-16 15:19:40.120,287,58028.08
2025-11-16 15:19:40.120,288,18260.31
2025-11-16 15:19:40.120,289,18142.77
2025-11-16 15:19:40.120,290,17531.99
2025-11-16 15:19:40.120,291,17891.41
2025-11-16 15:19:40.120,292,17145.3
2025-11-16 15:19:40.120,293,17346.5
2025-11-16 15:19:40.120,294,16947.04
2025-11-16 15:19:40.120,295,16982.88
2025-11-16 15:19:40.120,296,16698.84
2025-11-16 15:19:40.120,297,17018.8
2025-11-16 15:19:40.120,298,17199.88
2025-11-16 15:19:40.120,299,17145.3
2025-11-16 15:19:40.120,300,17834.04
2025-11-16 15:19:40.120,301,17457.49
2025-11-16 15:19:40.120,302,18260.31
2025-11-16 15:19:40.120,303,17757.91
2025-11-16 15:19:40.120,304,18822.0
2025-11-16 15:19:40.120,305,18181.84
2025-11-16 15:19:40.120,306,18720.07
2025-11-16 15:19:40.120,307,19406.36
2025-11-16 15:19:40.120,308,18862.97
2025-11-16 15:19:40.120,309,19491.78
2025-11-16 15:19:40.120,310,18103.81
2025-11-16 15:19:40.120,311,19794.65
2025-11-16 15:19:40.120,312,18103.81
2025-11-16 15:19:40.120,313,18578.57
2025-11-16 15:19:40.120,314,20602.68
2025-11-16 15:19:40.120,315,19237.01
2025-11-16 15:19:40.120,316,19153.06
2025-11-16 15:19:40.120,317,18221.02
2025-11-16 15:19:40.120,318,19132.14
2025-11-16 15:19:40.120,319,18578.57
2025-11-16 15:19:40.120,320,61358.41
2025-11-16 15:19:40.120,321,18862.97
2025-11-16 15:19:40.120,322,19794.65
2025-11-16 15:19:40.120,323,19028.03
2025-11-16 15:19:40.120,324,19132.14
2025-11-16 15:19:40.120,325,20975.98
2025-11-16 15:19:40.120,326,22357.16
2025-11-16 15:19:40.120,327,26316.28
2025-11-16 15:19:40.120,328,261133.28
2025-11-16 15:19:40.120,329,31971.61
2025-11-16 15:19:40.120,330,45907.83
2025-11-16 15:19:40.120,331,18822.0
2025-11-16 15:19:40.120,332,51654.79
2025-11-16 15:19:40.120,333,205453.95
2025-11-16 15:19:40.120,334,50556.48
2025-11-16 15:19:40.120,335,50556.48
2025-11-16 15:19:40.120,336,16215.84
2025-11-16 15:19:40.120,337,16182.0
2025-11-16 15:19:40.120,338,15555.25
2025-11-16 15:19:40.120,339,15815.47
2025-11-16 15:19:40.120,340,15050.17
2025-11-16 15:19:40.120,341,15237.23
2025-11-16 15:19:40.120,342,15050.17
2025-11-16 15:19:40.120,343,15174.57
2025-11-16 15:19:40.120,344,15003.83
2025-11-16 15:19:40.120,345,15081.15
2025-11-16 15:19:40.120,346,15571.36
2025-11-16 15:19:40.120,347,15331.81
2025-11-16 15:19:40.120,348,15427.09
2025-11-16 15:19:40.120,349,15766.28
2025-11-16 15:19:40.120,350,16014.12
2025-11-16 15:19:40.120,351,15300.2
2025-11-16 15:19:40.120,352,17018.8
2025-11-16 15:19:40.120,353,16131.41
2025-11-16 15:19:40.120,354,16982.88
2025-11-16 15:19:40.120,355,17531.99
2025-11-16 15:19:40.120,356,16911.3
2025-11-16 15:19:40.120,357,17569.39
2025-11-16 15:19:40.120,358,16232.79
2025-11-16 15:19:40.120,359,17720.0
2025-11-16 15:19:40.120,360,15864.85
2025-11-16 15:19:40.120,361,16734.02
2025-11-16 15:19:40.120,362,18319.45
2025-11-16 15:19:40.120,363,16386.33
2025-11-16 15:19:40.120,364,17272.99
2025-11-16 15:19:40.120,365,16751.64
2025-11-16 15:19:40.120,366,17218.13
2025-11-16 15:19:40.120,367,17272.99
2025-11-16 15:19:40.120,368,64212.57
2025-11-16 15:19:40.120,369,17291.33
2025-11-16 15:19:40.120,370,17910.59
2025-11-16 15:19:40.120,371,17346.5
2025-11-16 15:19:40.120,372,17254.68
2025-11-16 15:19:40.120,373,18659.26
2025-11-16 15:19:40.120,374,20788.21
2025-11-16 15:19:40.120,375,23923.21
2025-11-16 15:19:40.120,376,241163.34
2025-11-16 15:19:40.120,377,29526.5
2025-11-16 15:19:40.120,378,43347.59
2025-11-16 15:19:40.120,379,16751.64
2025-11-16 15:19:40.120,380,49151.41
2025-11-16 15:19:40.120,381,189679.88
2025-11-16 15:19:40.120,382,48725.57
2025-11-16 15:19:40.120,383,48725.57
2025-11-16 15:19:40.120,384,16646.24
2025-11-16 15:19:40.120,385,16300.81
2025-11-16 15:19:40.120,386,15749.92
2025-11-16 15:19:40.120,387,16030.81
2025-11-16 15:19:40.120,388,15205.86
2025-11-16 15:19:40.120,389,15652.22
2025-11-16 15:19:40.120,390,15143.35
2025-11-16 15:19:40.120,391,15347.64
2025-11-16 15:19:40.120,392,15268.68
2025-11-16 15:19:40.120,393,15315.99
2025-11-16 15:19:40.120,394,15864.85
2025-11-16 15:19:40.120,395,15507.04
2025-11-16 15:19:40.120,396,16047.52
2025-11-16 15:19:40.120,397,15930.98
2025-11-16 15:19:40.120,398,16114.59
2025-11-16 15:19:40.120,399,15815.47
2025-11-16 15:19:40.120,400,17272.99
2025-11-16 15:19:40.120,401,16352.05
2025-11-16 15:19:40.120,402,17163.47
2025-11-16 15:19:40.120,403,17853.14
2025-11-16 15:19:40.120,404,17328.08
2025-11-16 15:19:40.120,405,17834.04
2025-11-16 15:19:40.120,406,16215.84
2025-11-16 15:19:40.120,407,18045.56
2025-11-16 15:19:40.120,408,15914.42
2025-11-16 15:19:40.120,409,16911.3
2025-11-16 15:19:40.120,410,18699.77
2025-11-16 15:19:40.120,411,17346.5
2025-11-16 15:19:40.120,412,17569.39
2025-11-16 15:19:40.120,413,16982.88
2025-11-16 15:19:40.120,414,17309.7
2025-11-16 15:19:40.120,415,17364.93
2025-11-16 15:19:40.120,416,64483.38
2025-11-16 15:19:40.120,417,17272.99
2025-11-16 15:19:40.120,418,18026.2
2025-11-16 15:19:40.120,419,17383.4
2025-11-16 15:19:40.120,420,17383.4
2025-11-16 15:19:40.120,421,19007.29
2025-11-16 15:19:40.120,422,20834.94
2025-11-16 15:19:40.120,423,24036.8
2025-11-16 15:19:40.120,424,238117.42
2025-11-16 15:19:40.120,425,29033.7
2025-11-16 15:19:40.120,426,42590.57
2025-11-16 15:19:40.120,427,16929.16
2025-11-16 15:19:40.120,428,48980.34
2025-11-16 15:19:40.120,429,183998.22
2025-11-16 15:19:40.120,430,48139.58
2025-11-16 15:19:40.120,431,48139.58
2025-11-16 15:19:40.120,432,16663.75
2025-11-16 15:19:40.120,433,16593.85
2025-11-16 15:19:40.120,434,15652.22
2025-11-16 15:19:40.120,435,16081.01
2025-11-16 15:19:40.120,436,15363.49
2025-11-16 15:19:40.120,437,15587.49
2025-11-16 15:19:40.120,438,15315.99
2025-11-16 15:19:40.120,439,15523.09
2025-11-16 15:19:40.120,440,15205.86
2025-11-16 15:19:40.120,441,15347.64
2025-11-16 15:19:40.120,442,15782.65
2025-11-16 15:19:40.120,443,15300.2
2025-11-16 15:19:40.120,444,16300.81
2025-11-16 15:19:40.120,445,16114.59
2025-11-16 15:19:40.120,446,16352.05
2025-11-16 15:19:40.120,447,15947.57
2025-11-16 15:19:40.120,448,17127.16
2025-11-16 15:19:40.120,449,16047.52
2025-11-16 15:19:40.120,450,17181.67
2025-11-16 15:19:40.120,451,17757.91
2025-11-16 15:19:40.120,452,17163.47
2025-11-16 15:19:40.120,453,17872.27
2025-11-16 15:19:40.120,454,16455.14
2025-11-16 15:19:40.120,455,18064.95
2025-11-16 15:19:40.120,456,15749.92
2025-11-16 15:19:40.120,457,16875.66
2025-11-16 15:19:40.120,458,18679.5
2025-11-16 15:19:40.120,459,17569.39
2025-11-16 15:19:40.120,460,17420.39
2025-11-16 15:19:40.120,461,16911.3
2025-11-16 15:19:40.120,462,17346.5
2025-11-16 15:19:40.120,463,17494.69
2025-11-16 15:19:40.120,464,64212.57
2025-11-16 15:19:40.120,465,17309.7
2025-11-16 15:19:40.120,466,17757.91
2025-11-16 15:19:40.120,467,17291.33
2025-11-16 15:19:40.120,468,17199.88
2025-11-16 15:19:40.120,469,18781.14
2025-11-16 15:19:40.120,470,20648.86
2025-11-16 15:19:40.120,471,23951.54
2025-11-16 15:19:40.120,472,250766.73
2025-11-16 15:19:40.120,473,29680.64
2025-11-16 15:19:40.120,474,42863.36
2025-11-16 15:19:40.120,475,16840.11
2025-11-16 15:19:40.120,476,48810.25
2025-11-16 15:19:40.120,477,182175.47
2025-11-16 15:19:40.120,478,47484.0
2025-11-16 15:19:40.120,479,47484.0
2025-11-16 15:19:40.120,480,15491.01
2025-11-16 15:19:40.120,481,15363.49
2025-11-16 15:19:40.120,482,14357.96
2025-11-16 15:19:40.120,483,14850.61
2025-11-16 15:19:40.120,484,14183.61
2025-11-16 15:19:40.120,485,14416.64
2025-11-16 15:19:40.120,486,14198.04
2025-11-16 15:19:40.120,487,14198.04
2025-11-16 15:19:40.120,488,14299.57
2025-11-16 15:19:40.120,489,14343.34
2025-11-16 15:19:40.120,490,14401.95
2025-11-16 15:19:40.120,491,14154.79
2025-11-16 15:19:40.120,492,15174.57
2025-11-16 15:19:40.120,493,15019.26
2025-11-16 15:19:40.120,494,15587.49
2025-11-16 15:19:40.120,495,14926.99
2025-11-16 15:19:40.120,496,16386.33
2025-11-16 15:19:40.120,497,15411.16
2025-11-16 15:19:40.120,498,16097.79
2025-11-16 15:19:40.120,499,16698.84
2025-11-16 15:19:40.120,500,16215.84
2025-11-16 15:19:40.120,501,16769.29
2025-11-16 15:19:40.120,502,15284.43
2025-11-16 15:19:40.120,503,17054.83
2025-11-16 15:19:40.120,504,15619.82
2025-11-16 15:19:40.120,505,15749.92
2025-11-16 15:19:40.120,506,17606.89
2025-11-16 15:19:40.120,507,16698.84
2025-11-16 15:19:40.120,508,16455.14
2025-11-16 15:19:40.120,509,15749.92
2025-11-16 15:19:40.120,510,16283.77
2025-11-16 15:19:40.120,511,16420.69
2025-11-16 15:19:40.120,512,61109.78
2025-11-16 15:19:40.120,513,16352.05
2025-11-16 15:19:40.120,514,17054.83
2025-11-16 15:19:40.120,515,16182.0
2025-11-16 15:19:40.120,516,16663.75
2025-11-16 15:19:40.120,517,18260.31
2025-11-16 15:19:40.120,518,19794.65
2025-11-16 15:19:40.120,519,22960.62
2025-11-16 15:19:40.120,520,229407.17
2025-11-16 15:19:40.120,521,28847.41
2025-11-16 15:19:40.120,522,41657.55
2025-11-16 15:19:40.120,523,16131.41
2025-11-16 15:19:40.120,524,47403.09
2025-11-16 15:19:40.120,525,180386.63
2025-11-16 15:19:40.120,526,46606.3
2025-11-16 15:19:40.120,527,46606.3
2025-11-16 15:19:40.120,528,15848.37
2025-11-16 15:19:40.120,529,15619.82
2025-11-16 15:19:40.120,530,14774.7
2025-11-16 15:19:40.120,531,15174.57
2025-11-16 15:19:40.120,532,14564.57
2025-11-16 15:19:40.120,533,14789.84
2025-11-16 15:19:40.120,534,14594.37
2025-11-16 15:19:40.120,535,14624.25
2025-11-16 15:19:40.120,536,14505.19
2025-11-16 15:19:40.120,537,14594.37
2025-11-16 15:19:40.120,538,14805.01
2025-11-16 15:19:40.120,539,14372.61
2025-11-16 15:19:40.120,540,15652.22
2025-11-16 15:19:40.120,541,15491.01
2025-11-16 15:19:40.120,542,15914.42
2025-11-16 15:19:40.120,543,15411.16
2025-11-16 15:19:40.120,544,16751.64
2025-11-16 15:19:40.120,545,15848.37
2025-11-16 15:19:40.120,546,16734.02
2025-11-16 15:19:40.120,547,17145.3
2025-11-16 15:19:40.120,548,16386.33
2025-11-16 15:19:40.120,549,17072.88
2025-11-16 15:19:40.120,550,15782.65
2025-11-16 15:19:40.120,551,17199.88
2025-11-16 15:19:40.120,552,15947.57
2025-11-16 15:19:40.120,553,15914.42
2025-11-16 15:19:40.120,554,18142.77
2025-11-16 15:19:40.120,555,17018.8
2025-11-16 15:19:40.120,556,16663.75
2025-11-16 15:19:40.120,557,16014.12
2025-11-16 15:19:40.120,558,16840.11
2025-11-16 15:19:40.120,559,16455.14
2025-11-16 15:19:40.120,560,63148.7
2025-11-16 15:19:40.120,561,16420.69
2025-11-16 15:19:40.120,562,17383.4
2025-11-16 15:19:40.120,563,16786.96
2025-11-16 15:19:40.120,564,16840.11
2025-11-16 15:19:40.120,565,18578.57
2025-11-16 15:19:40.120,566,20103.78
2025-11-16 15:19:40.120,567,23311.73
2025-11-16 15:19:40.120,568,241163.34
2025-11-16 15:19:40.120,569,28921.71
2025-11-16 15:19:40.120,570,42186.62
2025-11-16 15:19:40.120,571,16317.87
2025-11-16 15:19:40.120,572,48305.81
2025-11-16 15:19:40.120,573,173552.13
2025-11-16 15:19:40.120,574,46684.98
2025-11-16 15:19:40.120,575,46684.98
2025-11-16 15:19:40.120,576,15555.25
2025-11-16 15:19:40.120,577,15395.25
2025-11-16 15:19:40.120,578,14805.01
2025-11-16 15:19:40.120,579,15112.21
2025-11-16 15:19:40.120,580,14357.96
2025-11-16 15:19:40.120,581,14774.7
2025-11-16 15:19:40.120,582,14299.57
2025-11-16 15:19:40.120,583,14372.61
2025-11-16 15:19:40.120,584,14270.47
2025-11-16 15:19:40.120,585,14183.61
2025-11-16 15:19:40.120,586,14564.57
2025-11-16 15:19:40.120,587,14212.49
2025-11-16 15:19:40.120,588,15190.2
2025-11-16 15:19:40.120,589,14805.01
2025-11-16 15:19:40.120,590,15555.25
2025-11-16 15:19:40.120,591,14988.43
2025-11-16 15:19:40.120,592,16215.84
2025-11-16 15:19:40.120,593,15347.64
2025-11-16 15:19:40.120,594,15914.42
2025-11-16 15:19:40.120,595,16420.69
2025-11-16 15:19:40.120,596,15947.57
2025-11-16 15:19:40.120,597,16472.4
2025-11-16 15:19:40.120,598,14774.7
2025-11-16 15:19:40.120,599,16628.76
2025-11-16 15:19:40.120,600,15523.09
2025-11-16 15:19:40.120,601,15555.25
2025-11-16 15:19:40.120,602,17364.93
2025-11-16 15:19:40.120,603,16386.33
2025-11-16 15:19:40.120,604,15815.47
2025-11-16 15:19:40.120,605,15003.83
2025-11-16 15:19:40.120,606,15363.49
2025-11-16 15:19:40.120,607,14314.14
2025-11-16 15:19:40.120,608,58484.71
2025-11-16 15:19:40.120,609,15555.25
2025-11-16 15:19:40.120,610,16734.02
2025-11-16 15:19:40.120,611,15914.42
2025-11-16 15:19:40.120,612,16215.84
2025-11-16 15:19:40.120,613,18103.81
2025-11-16 15:19:40.120,614,19385.09
2025-11-16 15:19:40.120,615,22152.38
2025-11-16 15:19:40.120,616,223932.14
2025-11-16 15:19:40.120,617,28191.18
2025-11-16 15:19:40.120,618,40505.41
2025-11-16 15:19:40.120,619,15491.01
2025-11-16 15:19:40.120,620,46606.3
2025-11-16 15:19:40.120,621,178630.77
2025-11-16 15:19:40.120,622,45151.65
2025-11-16 15:19:40.120,623,45151.65
2025-11-16 15:19:40.120,624,15158.95
2025-11-16 15:19:40.120,625,15205.86
2025-11-16 15:19:40.120,626,14564.57
2025-11-16 15:19:40.120,627,14865.85
2025-11-16 15:19:40.120,628,14097.35
2025-11-16 15:19:40.120,629,14372.61
2025-11-16 15:19:40.120,630,14241.45
2025-11-16 15:19:40.120,631,14154.79
2025-11-16 15:19:40.120,632,14183.61
2025-11-16 15:19:40.120,633,14154.79
2025-11-16 15:19:40.120,634,14416.64
2025-11-16 15:19:40.120,635,14154.79
2025-11-16 15:19:40.120,636,15112.21
2025-11-16 15:19:40.120,637,14835.39
2025-11-16 15:19:40.120,638,15268.68
2025-11-16 15:19:40.120,639,14988.43
2025-11-16 15:19:40.120,640,15947.57
2025-11-16 15:19:40.120,641,14988.43
2025-11-16 15:19:40.120,642,15964.17
2025-11-16 15:19:40.120,643,16840.11
2025-11-16 15:19:40.120,644,16081.01
2025-11-16 15:19:40.120,645,16628.76
2025-11-16 15:19:40.120,646,15411.16
2025-11-16 15:19:40.120,647,16911.3
2025-11-16 15:19:40.120,648,15587.49
2025-11-16 15:19:40.120,649,15684.7
2025-11-16 15:19:40.120,650,17606.89
2025-11-16 15:19:40.120,651,16628.76
2025-11-16 15:19:40.120,652,16131.41
2025-11-16 15:19:40.120,653,15268.68
2025-11-16 15:19:40.120,654,16014.12
2025-11-16 15:19:40.120,655,15947.57
2025-11-16 15:19:40.120,656,57465.76
2025-11-16 15:19:40.120,657,15914.42
2025-11-16 15:19:40.120,658,16215.84
2025-11-16 15:19:40.120,659,16114.59
2025-11-16 15:19:40.120,660,16215.84
2025-11-16 15:19:40.120,661,17872.27
2025-11-16 15:19:40.120,662,19449.01
2025-11-16 15:19:40.120,663,22616.81
2025-11-16 15:19:40.120,664,216173.34
2025-11-16 15:19:40.120,665,28263.01
2025-11-16 15:19:40.120,666,41203.32
2025-11-16 15:19:40.120,667,15158.95
2025-11-16 15:19:40.120,668,47001.92
2025-11-16 15:19:40.120,669,175214.38
2025-11-16 15:19:40.120,670,46371.55
2025-11-16 15:19:40.120,671,46371.55
2025-11-16 15:19:40.120,672,14789.84
2025-11-16 15:19:40.120,673,14774.7
2025-11-16 15:19:40.120,674,14431.36
2025-11-16 15:19:40.120,675,14270.47
2025-11-16 15:19:40.120,676,14549.7
2025-11-16 15:19:40.120,677,14774.7
2025-11-16 15:19:40.120,678,14654.19
2025-11-16 15:19:40.120,679,14654.19
2025-11-16 15:19:40.120,680,14744.46
2025-11-16 15:19:40.120,681,14609.3
2025-11-16 15:19:40.120,682,14988.43
2025-11-16 15:19:40.120,683,14744.46
2025-11-16 15:19:40.120,684,15331.81
2025-11-16 15:19:40.120,685,15143.35
2025-11-16 15:19:40.120,686,15881.35
2025-11-16 15:19:40.120,687,15252.94
2025-11-16 15:19:40.120,688,16734.02
2025-11-16 15:19:40.120,689,15652.22
2025-11-16 15:19:40.120,690,16386.33
2025-11-16 15:19:40.120,691,16982.88
2025-11-16 15:19:40.120,692,16352.05
2025-11-16 15:19:40.120,693,17163.47
2025-11-16 15:19:40.120,694,15815.47
2025-11-16 15:19:40.120,695,17457.49
2025-11-16 15:19:40.120,696,16064.26
2025-11-16 15:19:40.120,697,16283.77
2025-11-16 15:19:40.120,698,18026.2
2025-11-16 15:19:40.120,699,17236.39
2025-11-16 15:19:40.120,700,16893.47
2025-11-16 15:19:40.120,701,16182.0
2025-11-16 15:19:40.120,702,16875.66
2025-11-16 15:19:40.120,703,16911.3
2025-11-16 15:19:40.120,704,60374.14
2025-11-16 15:19:40.120,705,16857.87
2025-11-16 15:19:40.120,706,17218.13
2025-11-16 15:19:40.120,707,16893.47
2025-11-16 15:19:40.120,708,17018.8
2025-11-16 15:19:40.120,709,18378.83
2025-11-16 15:19:40.120,710,20238.23
2025-11-16 15:19:40.120,711,23230.05
2025-11-16 15:19:40.120,712,236622.0
2025-11-16 15:19:40.120,713,28958.97
2025-11-16 15:19:40.120,714,41920.75
2025-11-16 15:19:40.120,715,16386.33
2025-11-16 15:19:40.120,716,48641.14
2025-11-16 15:19:40.120,717,182175.47
2025-11-16 15:19:40.120,718,47161.71
2025-11-16 15:19:40.120,719,47161.71
2025-11-16 15:19:40.120,720,15331.81
2025-11-16 15:19:40.120,721,15300.2
2025-11-16 15:19:40.120,722,15587.49
2025-11-16 15:19:40.120,723,15587.49
2025-11-16 15:19:40.120,724,15019.26
2025-11-16 15:19:40.120,725,15284.43
2025-11-16 15:19:40.120,726,15143.35
2025-11-16 15:19:40.120,727,15050.17
2025-11-16 15:19:40.120,728,15315.99
2025-11-16 15:19:40.120,729,15127.77
2025-11-16 15:19:40.120,730,15555.25
2025-11-16 15:19:40.120,731,15347.64
2025-11-16 15:19:40.120,732,15881.35
2025-11-16 15:19:40.120,733,15881.35
2025-11-16 15:19:40.120,734,16283.77
2025-11-16 15:19:40.120,735,15555.25
2025-11-16 15:19:40.120,736,17163.47
2025-11-16 15:19:40.120,737,16249.76
2025-11-16 15:19:40.120,738,16911.3
2025-11-16 15:19:40.120,739,17476.08
2025-11-16 15:19:40.120,740,16182.0
2025-11-16 15:19:40.120,741,17420.39
2025-11-16 15:19:40.120,742,16283.77
2025-11-16 15:19:40.120,743,17531.99
2025-11-16 15:19:40.120,744,16455.14
2025-11-16 15:19:40.120,745,16840.11
2025-11-16 15:19:40.120,746,18618.86
2025-11-16 15:19:40.120,747,17531.99
2025-11-16 15:19:40.120,748,17272.99
2025-11-16 15:19:40.120,749,16734.02
2025-11-16 15:19:40.120,750,17236.39
2025-11-16 15:19:40.120,751,17346.5
2025-11-16 15:19:40.120,752,59416.6
2025-11-16 15:19:40.120,753,17236.39
2025-11-16 15:19:40.120,754,17420.39
2025-11-16 15:19:40.120,755,17291.33
2025-11-16 15:19:40.120,756,17438.93
2025-11-16 15:19:40.120,757,19153.06
2025-11-16 15:19:40.120,758,20602.68
2025-11-16 15:19:40.120,759,23257.23
2025-11-16 15:19:40.120,760,241163.34
2025-11-16 15:19:40.120,761,29526.5
2025-11-16 15:19:40.120,762,42794.9
2025-11-16 15:19:40.120,763,16947.04
2025-11-16 15:19:40.120,764,48305.81
2025-11-16 15:19:40.120,765,183082.55
2025-11-16 15:19:40.120,766,47161.71
2025-11-16 15:19:40.120,767,47161.71
2025-11-16 15:19:40.120,768,17000.83
2025-11-16 15:19:40.120,769,16982.88
2025-11-16 15:19:40.120,770,16148.25
2025-11-16 15:19:40.120,771,16386.33
2025-11-16 15:19:40.120,772,15491.01
2025-11-16 15:19:40.120,773,16014.12
2025-11-16 15:19:40.120,774,15766.28
2025-11-16 15:19:40.120,775,15815.47
2025-11-16 15:19:40.120,776,16014.12
2025-11-16 15:19:40.120,777,16014.12
2025-11-16 15:19:40.120,778,16182.0
2025-11-16 15:19:40.120,779,16081.01
2025-11-16 15:19:40.120,780,16663.75
2025-11-16 15:19:40.120,781,16420.69
2025-11-16 15:19:40.120,782,16769.29
2025-11-16 15:19:40.120,783,16386.33
2025-11-16 15:19:40.120,784,17834.04
2025-11-16 15:19:40.120,785,16947.04
2025-11-16 15:19:40.120,786,17163.47
2025-11-16 15:19:40.120,787,18279.99
2025-11-16 15:19:40.120,788,16911.3
2025-11-16 15:19:40.120,789,17757.91
2025-11-16 15:19:40.120,790,17163.47
2025-11-16 15:19:40.120,791,18458.39
2025-11-16 15:19:40.120,792,17163.47
2025-11-16 15:19:40.120,793,17254.68
2025-11-16 15:19:40.120,794,19406.36
2025-11-16 15:19:40.120,795,18240.65
2025-11-16 15:19:40.120,796,18084.37
2025-11-16 15:19:40.120,797,17476.08
2025-11-16 15:19:40.120,798,17929.79
2025-11-16 15:19:40.120,799,18103.81
2025-11-16 15:19:40.120,800,63676.8
2025-11-16 15:19:40.120,801,17929.79
2025-11-16 15:19:40.120,802,18822.0
2025-11-16 15:19:40.120,803,18181.84
2025-11-16 15:19:40.120,804,18142.77
2025-11-16 15:19:40.120,805,20148.47
2025-11-16 15:19:40.120,806,21553.27
2025-11-16 15:19:40.120,807,24675.34
2025-11-16 15:19:40.120,808,261133.28
2025-11-16 15:19:40.120,809,31374.49
2025-11-16 15:19:40.120,810,45151.65
2025-11-16 15:19:40.120,811,17853.14
2025-11-16 15:19:40.120,812,51284.3
2025-11-16 15:19:40.120,813,190659.31
2025-11-16 15:19:40.120,814,50918.22
2025-11-16 15:19:40.120,815,50918.22
2025-11-16 15:19:40.120,816,18026.2
2025-11-16 15:19:40.120,817,17910.59
2025-11-16 15:19:40.120,818,16875.66
2025-11-16 15:19:40.120,819,17476.08
2025-11-16 15:19:40.120,820,16386.33
2025-11-16 15:19:40.120,821,16947.04
2025-11-16 15:19:40.120,822,16681.28
2025-11-16 15:19:40.120,823,16734.02
2025-11-16 15:19:40.120,824,16947.04
2025-11-16 15:19:40.120,825,16734.02
2025-11-16 15:19:40.120,826,17054.83
2025-11-16 15:19:40.120,827,17018.8
2025-11-16 15:19:40.120,828,17420.39
2025-11-16 15:19:40.120,829,17309.7
2025-11-16 15:19:40.120,830,16964.95
2025-11-16 15:19:40.120,831,16947.04
2025-11-16 15:19:40.120,832,18378.83
2025-11-16 15:19:40.120,833,17254.68
2025-11-16 15:19:40.120,834,18006.87
2025-11-16 15:19:40.120,835,19111.26
2025-11-16 15:19:40.120,836,17346.5
2025-11-16 15:19:40.120,837,17476.08
2025-11-16 15:19:40.120,838,17494.69
2025-11-16 15:19:40.120,839,19111.26
2025-11-16 15:19:40.120,840,18201.42
2025-11-16 15:19:40.120,841,18339.21
2025-11-16 15:19:40.120,842,20464.99
2025-11-16 15:19:40.120,843,18862.97
2025-11-16 15:19:40.120,844,18822.0
2025-11-16 15:19:40.120,845,18740.4
2025-11-16 15:19:40.120,846,19069.58
2025-11-16 15:19:40.120,847,19111.26
2025-11-16 15:19:40.120,848,65726.85
2025-11-16 15:19:40.120,849,19048.79
2025-11-16 15:19:40.120,850,19577.68
2025-11-16 15:19:40.120,851,19028.03
2025-11-16 15:19:40.120,852,19111.26
2025-11-16 15:19:40.120,853,21213.94
2025-11-16 15:19:40.120,854,22801.05
2025-11-16 15:19:40.120,855,26090.74
2025-11-16 15:19:40.120,856,280371.47
2025-11-16 15:19:40.120,857,32765.05
2025-11-16 15:19:40.120,858,47001.92
2025-11-16 15:19:40.120,859,18781.14
2025-11-16 15:19:40.120,860,54176.42
2025-11-16 15:19:40.120,861,197793.8
2025-11-16 15:19:40.120,862,53182.58
2025-11-16 15:19:40.120,863,53182.58
2025-11-16 15:19:40.120,864,19321.44
2025-11-16 15:19:40.120,865,19237.01
2025-11-16 15:19:40.120,866,18201.42
2025-11-16 15:19:40.120,867,18538.4
2025-11-16 15:19:40.120,868,17891.41
2025-11-16 15:19:40.120,869,18418.55
2025-11-16 15:19:40.120,870,17949.02
2025-11-16 15:19:40.120,871,18006.87
2025-11-16 15:19:40.120,872,18201.42
2025-11-16 15:19:40.120,873,18064.95
2025-11-16 15:19:40.120,874,18398.68
2025-11-16 15:19:40.120,875,18339.21
2025-11-16 15:19:40.120,876,18221.02
2025-11-16 15:19:40.120,877,18518.36
2025-11-16 15:19:40.120,878,18260.31
2025-11-16 15:19:40.120,879,17814.97
2025-11-16 15:19:40.120,880,19577.68
2025-11-16 15:19:40.120,881,18181.84
2025-11-16 15:19:40.120,882,19620.82
2025-11-16 15:19:40.120,883,20081.49
2025-11-16 15:19:40.120,884,18026.2
2025-11-16 15:19:40.120,885,19491.78
2025-11-16 15:19:40.120,886,18822.0
2025-11-16 15:19:40.120,887,20014.81
2025-11-16 15:19:40.120,888,18862.97
2025-11-16 15:19:40.120,889,18740.4
2025-11-16 15:19:40.120,890,21237.94
2025-11-16 15:19:40.120,891,20103.78
2025-11-16 15:19:40.120,892,20193.28
2025-11-16 15:19:40.120,893,19491.78
2025-11-16 15:19:40.120,894,19838.42
2025-11-16 15:19:40.120,895,20193.28
2025-11-16 15:19:40.120,896,68644.23
2025-11-16 15:19:40.120,897,19948.42
2025-11-16 15:19:40.120,898,20556.65
2025-11-16 15:19:40.120,899,20037.0
2025-11-16 15:19:40.120,900,20103.78
2025-11-16 15:19:40.120,901,22152.38
2025-11-16 15:19:40.120,902,23642.52
2025-11-16 15:19:40.120,903,26875.9
2025-11-16 15:19:40.120,904,284551.28
2025-11-16 15:19:40.120,905,34108.26
2025-11-16 15:19:40.120,906,48473.0
2025-11-16 15:19:40.120,907,19882.33
2025-11-16 15:19:40.120,908,53084.88
2025-11-16 15:19:40.120,909,211280.41
2025-11-16 15:19:40.120,910,53182.58
2025-11-16 15:19:40.120,911,53182.58
2025-11-16 15:19:40.120,912,26577.51
2025-11-16 15:19:40.120,913,26479.11
2025-11-16 15:19:40.120,914,25033.8
2025-11-16 15:19:40.120,915,25963.11
2025-11-16 15:19:40.120,916,25523.39
2025-11-16 15:19:40.120,917,25963.11
2025-11-16 15:19:40.120,918,25033.8
2025-11-16 15:19:40.120,919,25094.26
2025-11-16 15:19:40.120,920,25215.81
2025-11-16 15:19:40.120,921,24973.54
2025-11-16 15:19:40.120,922,25585.55
2025-11-16 15:19:40.120,923,25523.39
2025-11-16 15:19:40.120,924,25307.53
2025-11-16 15:19:40.120,925,25276.9
2025-11-16 15:19:40.120,926,22827.54
2025-11-16 15:19:40.120,927,25003.64
2025-11-16 15:19:40.120,928,25523.39
2025-11-16 15:19:40.120,929,24794.01
2025-11-16 15:19:40.120,930,26348.73
2025-11-16 15:19:40.120,931,27556.69
2025-11-16 15:19:40.120,932,25647.93
2025-11-16 15:19:40.120,933,26809.18
2025-11-16 15:19:40.120,934,25523.39
2025-11-16 15:19:40.120,935,25154.93
2025-11-16 15:19:40.120,936,26026.81
2025-11-16 15:19:40.120,937,26348.73
2025-11-16 15:19:40.120,938,28773.39
2025-11-16 15:19:40.120,939,27213.2
2025-11-16 15:19:40.120,940,27145.25
2025-11-16 15:19:40.120,941,27077.54
2025-11-16 15:19:40.120,942,27281.39
2025-11-16 15:19:40.120,943,28263.01
2025-11-16 15:19:40.120,944,90021.7
2025-11-16 15:19:40.120,945,27418.54
2025-11-16 15:19:40.120,946,27145.25
2025-11-16 15:19:40.120,947,27349.84
2025-11-16 15:19:40.120,948,27077.54
2025-11-16 15:19:40.120,949,30150.32
2025-11-16 15:19:40.120,950,31713.61
2025-11-16 15:19:40.120,951,36001.13
2025-11-16 15:19:40.120,952,425619.72
2025-11-16 15:19:40.120,953,44854.87
2025-11-16 15:19:40.120,954,63411.8
2025-11-16 15:19:40.120,955,27800.93
2025-11-16 15:19:40.120,956,70823.62
2025-11-16 15:19:40.120,957,268514.44
2025-11-16 15:19:40.120,958,68342.44
2025-11-16 15:19:40.120,959,68342.44
2025-11-16 15:19:40.120,960,42320.58
2025-11-16 15:19:40.120,961,41267.73
2025-11-16 15:19:40.120,962,41139.08
2025-11-16 15:19:40.120,963,41139.08
2025-11-16 15:19:40.120,964,40256.3
2025-11-16 15:19:40.120,965,40883.72
2025-11-16 15:19:40.120,966,40318.35
2025-11-16 15:19:40.120,967,40505.41
2025-11-16 15:19:40.120,968,41139.08
2025-11-16 15:19:40.120,969,40256.3
2025-11-16 15:19:40.120,970,40630.89
2025-11-16 15:19:40.120,971,40380.55
2025-11-16 15:19:40.120,972,37118.37
2025-11-16 15:19:40.120,973,39887.21
2025-11-16 15:19:40.120,974,38636.91
2025-11-16 15:19:40.120,975,38521.08
2025-11-16 15:19:40.120,976,39644.14
2025-11-16 15:19:40.120,977,39523.48
2025-11-16 15:19:40.120,978,38463.37
2025-11-16 15:19:40.120,979,40630.89
2025-11-16 15:19:40.120,980,39283.93
2025-11-16 15:19:40.120,981,40132.67
2025-11-16 15:19:40.120,982,40071.08
2025-11-16 15:19:40.120,983,38463.37
2025-11-16 15:19:40.120,984,38291.07
2025-11-16 15:19:40.120,985,39523.48
2025-11-16 15:19:40.120,986,39948.35
2025-11-16 15:19:40.120,987,35134.67
2025-11-16 15:19:40.120,988,42455.23
2025-11-16 15:19:40.120,989,40505.41
2025-11-16 15:19:40.120,990,42387.82
2025-11-16 15:19:40.120,991,44634.36
2025-11-16 15:19:40.120,992,130631.02
2025-11-16 15:19:40.120,993,41526.96
2025-11-16 15:19:40.120,994,42455.23
2025-11-16 15:19:40.120,995,40256.3
2025-11-16 15:19:40.120,996,42590.57
2025-11-16 15:19:40.120,997,45831.29
2025-11-16 15:19:40.120,998,47001.92
2025-11-16 15:19:40.120,999,52793.59
2025-11-16 15:19:40.120,1000,734602.25
2025-11-16 15:19:40.120,1001,68192.39
2025-11-16 15:19:40.120,1002,94632.04
2025-11-16 15:19:40.120,1003,41526.96
2025-11-16 15:19:40.120,1004,105581.22
2025-11-16 15:19:40.120,1005,403612.41
2025-11-16 15:19:40.120,1006,107238.9
2025-11-16 15:19:40.120,1007,107238.9
2025-11-16 15:19:40.120,1008,55516.03
2025-11-16 15:19:40.120,1009,56368.51
2025-11-16 15:19:40.120,1010,55201.96
2025-11-16 15:19:40.120,1011,55621.39
2025-11-16 15:19:40.120,1012,54075.63
2025-11-16 15:19:40.120,1013,54582.74
2025-11-16 15:19:40.120,1014,54176.42
2025-11-16 15:19:40.120,1015,53378.87
2025-11-16 15:19:40.120,1016,53378.87
2025-11-16 15:19:40.120,1017,53182.58
2025-11-16 15:19:40.120,1018,54176.42
2025-11-16 15:19:40.120,1019,54582.74
2025-11-16 15:19:40.120,1020,52504.97
2025-11-16 15:19:40.120,1021,51468.98
2025-11-16 15:19:40.120,1022,54176.42
2025-11-16 15:19:40.120,1023,53084.88
2025-11-16 15:19:40.120,1024,54378.94
2025-11-16 15:19:40.120,1025,53182.58
2025-11-16 15:19:40.120,1026,49670.62
2025-11-16 15:19:40.120,1027,54787.84
2025-11-16 15:19:40.120,1028,46371.55
2025-11-16 15:19:40.120,1029,50199.01
2025-11-16 15:19:40.120,1030,51841.71
2025-11-16 15:19:40.120,1031,40256.3
2025-11-16 15:19:40.120,1032,51468.98
2025-11-16 15:19:40.120,1033,52029.78
2025-11-16 15:19:40.120,1034,50918.22
2025-11-16 15:19:40.120,1035,51284.3
2025-11-16 15:19:40.120,1036,53182.58
2025-11-16 15:19:40.120,1037,53975.16
2025-11-16 15:19:40.120,1038,54890.87
2025-11-16 15:19:40.120,1039,57689.57
2025-11-16 15:19:40.120,1040,162702.02
2025-11-16 15:19:40.120,1041,54176.42
2025-11-16 15:19:40.120,1042,50377.22
2025-11-16 15:19:40.120,1043,50918.22
2025-11-16 15:19:40.120,1044,54176.42
2025-11-16 15:19:40.120,1045,55727.09
2025-11-16 15:19:40.120,1046,54582.74
2025-11-16 15:19:40.120,1047,56693.92
2025-11-16 15:19:40.120,1048,900097.25
2025-11-16 15:19:40.120,1049,87167.16
2025-11-16 15:19:40.120,1050,108599.64
2025-11-16 15:19:40.120,1051,52029.78
2025-11-16 15:19:40.120,1052,132592.78
2025-11-16 15:19:40.120,1053,379970.25
2025-11-16 15:19:40.120,1054,121579.19
2025-11-16 15:19:40.120,1055,121579.19
2025-11-16 15:19:40.120,1056,48641.14
2025-11-16 15:19:40.120,1057,47565.14
2025-11-16 15:19:40.120,1058,47161.71
2025-11-16 15:19:40.120,1059,47081.7
2025-11-16 15:19:40.120,1060,46216.13
2025-11-16 15:19:40.120,1061,46684.98
2025-11-16 15:19:40.120,1062,45301.25
2025-11-16 15:19:40.120,1063,46061.56
2025-11-16 15:19:40.120,1064,45907.83
2025-11-16 15:19:40.120,1065,45301.25
2025-11-16 15:19:40.120,1066,45907.83
2025-11-16 15:19:40.120,1067,45678.82
2025-11-16 15:19:40.120,1068,46061.56
2025-11-16 15:19:40.120,1069,45602.89
2025-11-16 15:19:40.120,1070,46843.01
2025-11-16 15:19:40.120,1071,45754.95
2025-11-16 15:19:40.120,1072,46527.84
2025-11-16 15:19:40.120,1073,45602.89
2025-11-16 15:19:40.120,1074,39887.21
2025-11-16 15:19:40.120,1075,46138.74
2025-11-16 15:19:40.120,1076,38695.02
2025-11-16 15:19:40.120,1077,39765.37
2025-11-16 15:19:40.120,1078,45226.35
2025-11-16 15:19:40.120,1079,39644.14
2025-11-16 15:19:40.120,1080,38463.37
2025-11-16 15:19:40.120,1081,43557.83
2025-11-16 15:19:40.120,1082,38463.37
2025-11-16 15:19:40.120,1083,42253.52
2025-11-16 15:19:40.120,1084,45151.65
2025-11-16 15:19:40.120,1085,46138.74
2025-11-16 15:19:40.120,1086,45907.83
2025-11-16 15:19:40.120,1087,50918.22
2025-11-16 15:19:40.120,1088,141018.91
2025-11-16 15:19:40.120,1089,46371.55
2025-11-16 15:19:40.120,1090,45984.59
2025-11-16 15:19:40.120,1091,45678.82
2025-11-16 15:19:40.120,1092,46061.56
2025-11-16 15:19:40.120,1093,50556.48
2025-11-16 15:19:40.120,1094,49496.55
2025-11-16 15:19:40.120,1095,52793.59
2025-11-16 15:19:40.120,1096,793012.25
2025-11-16 15:19:40.120,1097,77583.78
2025-11-16 15:19:40.120,1098,100279.32
2025-11-16 15:19:40.120,1099,46371.55
2025-11-16 15:19:40.120,1100,119086.36
2025-11-16 15:19:40.120,1101,412143.03
2025-11-16 15:19:40.120,1102,112877.99
2025-11-16 15:19:40.120,1103,112877.99
2025-11-16 15:19:40.120,1104,59653.54
2025-11-16 15:19:40.120,1105,58715.34
2025-11-16 15:19:40.120,1106,58255.64
2025-11-16 15:19:40.120,1107,59181.26
2025-11-16 15:19:40.120,1108,55201.96
2025-11-16 15:19:40.120,1109,58255.64
2025-11-16 15:19:40.120,1110,57914.87
2025-11-16 15:19:40.120,1111,57802.03
2025-11-16 15:19:40.120,1112,57802.03
2025-11-16 15:19:40.120,1113,56803.11
2025-11-16 15:19:40.120,1114,57577.48
2025-11-16 15:19:40.120,1115,58028.08
2025-11-16 15:19:40.120,1116,58028.08
2025-11-16 15:19:40.120,1117,58255.64
2025-11-16 15:19:40.120,1118,59181.26
2025-11-16 15:19:40.120,1119,57802.03
2025-11-16 15:19:40.120,1120,59653.54
2025-11-16 15:19:40.120,1121,57802.03
2025-11-16 15:19:40.120,1122,51468.98
2025-11-16 15:19:40.120,1123,55621.39
2025-11-16 15:19:40.120,1124,57132.8
2025-11-16 15:19:40.120,1125,55939.52
2025-11-16 15:19:40.120,1126,56368.51
2025-11-16 15:19:40.120,1127,55201.96
2025-11-16 15:19:40.120,1128,53084.88
2025-11-16 15:19:40.120,1129,56046.25
2025-11-16 15:19:40.120,1130,53182.58
2025-11-16 15:19:40.120,1131,56912.64
2025-11-16 15:19:40.120,1132,54685.13
2025-11-16 15:19:40.120,1133,57802.03
2025-11-16 15:19:40.120,1134,56260.74
2025-11-16 15:19:40.120,1135,63676.8
2025-11-16 15:19:40.120,1136,176906.95
2025-11-16 15:19:40.120,1137,57802.03
2025-11-16 15:19:40.120,1138,55727.09
2025-11-16 15:19:40.120,1139,54787.84
2025-11-16 15:19:40.120,1140,58028.08
2025-11-16 15:19:40.120,1141,64483.38
2025-11-16 15:19:40.120,1142,62114.86
2025-11-16 15:19:40.120,1143,68493.05
2025-11-16 15:19:40.120,1144,942433.13
2025-11-16 15:19:40.120,1145,94632.04
2025-11-16 15:19:40.120,1146,125056.52
2025-11-16 15:19:40.120,1147,58484.71
2025-11-16 15:19:40.120,1148,154372.98
2025-11-16 15:19:40.120,1149,450099.75
2025-11-16 15:19:40.120,1150,143859.97
2025-11-16 15:19:40.120,1151,143859.97
2025-11-16 15:19:40.120,1152,93048.8
2025-11-16 15:19:40.120,1153,89534.38
2025-11-16 15:19:40.120,1154,85352.86
2025-11-16 15:19:40.120,1155,87631.56
2025-11-16 15:19:40.120,1156,86251.47
2025-11-16 15:19:40.120,1157,86707.14
2025-11-16 15:19:40.120,1158,86707.14
2025-11-16 15:19:40.120,1159,85352.86
2025-11-16 15:19:40.120,1160,83604.98
2025-11-16 15:19:40.120,1161,79307.3
2025-11-16 15:19:40.120,1162,84035.92
2025-11-16 15:19:40.120,1163,85800.06
2025-11-16 15:19:40.120,1164,84909.8
2025-11-16 15:19:40.120,1165,85352.86
2025-11-16 15:19:40.120,1166,86707.14
2025-11-16 15:19:40.120,1167,85352.86
2025-11-16 15:19:40.120,1168,90021.7
2025-11-16 15:19:40.120,1169,83604.98
2025-11-16 15:19:40.120,1170,82127.26
2025-11-16 15:19:40.120,1171,87167.16
2025-11-16 15:19:40.120,1172,85130.81
2025-11-16 15:19:40.120,1173,85575.93
2025-11-16 15:19:40.120,1174,83177.96
2025-11-16 15:19:40.120,1175,84909.8
2025-11-16 15:19:40.120,1176,84909.8
2025-11-16 15:19:40.120,1177,76288.51
2025-11-16 15:19:40.120,1178,79503.01
2025-11-16 15:19:40.120,1179,86251.47
2025-11-16 15:19:40.120,1180,77209.76
2025-11-16 15:19:40.120,1181,83390.98
2025-11-16 15:19:40.120,1182,76838.91
2025-11-16 15:19:40.120,1183,88573.8
2025-11-16 15:19:40.120,1184,218701.81
2025-11-16 15:19:40.120,1185,73637.78
2025-11-16 15:19:40.120,1186,76288.51
2025-11-16 15:19:40.120,1187,72622.48
2025-11-16 15:19:40.120,1188,74328.61
2025-11-16 15:19:40.120,1189,88573.8
2025-11-16 15:19:40.120,1190,67304.12
2025-11-16 15:19:40.120,1191,75925.42
2025-11-16 15:19:40.120,1192,134100.34
2025-11-16 15:19:40.120,1193,134100.34
2025-11-16 15:19:40.120,1194,156379.06
2025-11-16 15:19:40.120,1195,73466.84
2025-11-16 15:19:40.120,1196,205453.95
2025-11-16 15:19:40.120,1197,601218.31
2025-11-16 15:19:40.120,1198,187749.41
2025-11-16 15:19:40.120,1199,187749.41
2025-11-16 15:19:40.120,1200,334076.69
2025-11-16 15:19:40.120,1201,293282.41
2025-11-16 15:19:40.120,1202,322883.13
2025-11-16 15:19:40.120,1203,317555.0
2025-11-16 15:19:40.120,1204,293282.41
2025-11-16 15:19:40.120,1205,331208.34
2025-11-16 15:19:40.120,1206,280371.47
2025-11-16 15:19:40.120,1207,314954.38
2025-11-16 15:19:40.120,1208,334076.69
2025-11-16 15:19:40.120,1209,261133.28
2025-11-16 15:19:40.120,1210,280371.47
2025-11-16 15:19:40.120,1211,268514.44
2025-11-16 15:19:40.120,1212,286686.59
2025-11-16 15:19:40.120,1213,257587.41
2025-11-16 15:19:40.120,1214,331208.34
2025-11-16 15:19:40.120,1215,286686.59
2025-11-16 15:19:40.120,1216,255849.03
2025-11-16 15:19:40.120,1217,254133.06
2025-11-16 15:19:40.120,1218,266631.75
2025-11-16 15:19:40.120,1219,262941.66
2025-11-16 15:19:40.120,1220,282446.44
2025-11-16 15:19:40.120,1221,288853.09
2025-11-16 15:19:40.120,1222,288853.09
2025-11-16 15:19:40.120,1223,272357.75
2025-11-16 15:19:40.120,1224,242714.52
2025-11-16 15:19:40.120,1225,280371.47
2025-11-16 15:19:40.120,1226,293282.41
2025-11-16 15:19:40.120,1227,300178.03
2025-11-16 15:19:40.120,1228,254133.06
2025-11-16 15:19:40.120,1229,314954.38
2025-11-16 15:19:40.120,1230,257587.41
2025-11-16 15:19:40.120,1231,268514.44
2025-11-16 15:19:40.120,1232,734602.25
2025-11-16 15:19:40.120,1233,297844.91
2025-11-16 15:19:40.120,1234,295546.66
2025-11-16 15:19:40.120,1235,314954.38
2025-11-16 15:19:40.120,1236,346048.91
2025-11-16 15:19:40.120,1237,334076.69
2025-11-16 15:19:40.120,1238,320197.59
2025-11-16 15:19:40.120,1239,328387.41
2025-11-16 15:19:40.120,1240,495554.03
2025-11-16 15:19:40.120,1241,495554.03
2025-11-16 15:19:40.120,1242,550970.88
2025-11-16 15:19:40.120,1243,334076.69
2025-11-16 15:19:40.120,1244,629875.0
2025-11-16 15:19:40.120,1245,696081.88
2025-11-16 15:19:40.120,1246,696081.88
2025-11-16 15:19:40.120,1247,696081.88
2025-11-16 15:19:40.120,1248,94900.64
2025-11-16 15:19:40.120,1249,93571.2
2025-11-16 15:19:40.120,1250,94098.91
2025-11-16 15:19:40.120,1251,94632.04
2025-11-16 15:19:40.120,1252,91261.14
2025-11-16 15:19:40.120,1253,89051.75
2025-11-16 15:19:40.120,1254,91512.71
2025-11-16 15:19:40.120,1255,92531.65
2025-11-16 15:19:40.120,1256,95170.63
2025-11-16 15:19:40.120,1257,90513.82
2025-11-16 15:19:40.120,1258,92531.65
2025-11-16 15:19:40.120,1259,89534.38
2025-11-16 15:19:40.120,1260,93571.2
2025-11-16 15:19:40.120,1261,95170.63
2025-11-16 15:19:40.120,1262,93571.2
2025-11-16 15:19:40.120,1263,92531.65
2025-11-16 15:19:40.120,1264,91010.8
2025-11-16 15:19:40.120,1265,88573.8
2025-11-16 15:19:40.120,1266,80695.41
2025-11-16 15:19:40.120,1267,65586.65
2025-11-16 15:19:40.120,1268,96820.16
2025-11-16 15:19:40.120,1269,93048.8
2025-11-16 15:19:40.120,1270,95170.63
2025-11-16 15:19:40.120,1271,93571.2
2025-11-16 15:19:40.120,1272,93571.2
2025-11-16 15:19:40.120,1273,90021.7
2025-11-16 15:19:40.120,1274,100279.32
2025-11-16 15:19:40.120,1275,99101.66
2025-11-16 15:19:40.120,1276,91010.8
2025-11-16 15:19:40.120,1277,97664.48
2025-11-16 15:19:40.120,1278,90513.82
2025-11-16 15:19:40.120,1279,101482.63
2025-11-16 15:19:40.120,1280,257587.41
2025-11-16 15:19:40.120,1281,93309.35
2025-11-16 15:19:40.120,1282,99101.66
2025-11-16 15:19:40.120,1283,97381.57
2025-11-16 15:19:40.120,1284,96820.16
2025-11-16 15:19:40.120,1285,107238.9
2025-11-16 15:19:40.120,1286,106570.16
2025-11-16 15:19:40.120,1287,125504.14
2025-11-16 15:19:40.120,1288,161255.75
2025-11-16 15:19:40.120,1289,161255.75
2025-11-16 15:19:40.120,1290,211280.41
2025-11-16 15:19:40.120,1291,103337.61
2025-11-16 15:19:40.120,1292,238117.42
2025-11-16 15:19:40.120,1293,793012.25
2025-11-16 15:19:40.120,1294,257587.41
2025-11-16 15:19:40.120,1295,257587.41
2025-11-16 15:19:40.120,1296,59416.6
2025-11-16 15:19:40.120,1297,56912.64
2025-11-16 15:19:40.120,1298,56046.25
2025-11-16 15:19:40.120,1299,58255.64
2025-11-16 15:19:40.120,1300,56803.11
2025-11-16 15:19:40.120,1301,56912.64
2025-11-16 15:19:40.120,1302,55833.13
2025-11-16 15:19:40.120,1303,55201.96
2025-11-16 15:19:40.120,1304,56912.64
2025-11-16 15:19:40.120,1305,54685.13
2025-11-16 15:19:40.120,1306,56260.74
2025-11-16 15:19:40.120,1307,54378.94
2025-11-16 15:19:40.120,1308,54787.84
2025-11-16 15:19:40.120,1309,54378.94
2025-11-16 15:19:40.120,1310,56260.74
2025-11-16 15:19:40.120,1311,54685.13
2025-11-16 15:19:40.120,1312,56476.62
2025-11-16 15:19:40.120,1313,51935.61
2025-11-16 15:19:40.120,1314,52793.59
2025-11-16 15:19:40.120,1315,55097.93
2025-11-16 15:19:40.120,1316,55201.96
2025-11-16 15:19:40.120,1317,54582.74
2025-11-16 15:19:40.120,1318,54176.42
2025-11-16 15:19:40.120,1319,56046.25
2025-11-16 15:19:40.120,1320,54994.24
2025-11-16 15:19:40.120,1321,48641.14
2025-11-16 15:19:40.120,1322,56260.74
2025-11-16 15:19:40.120,1323,54994.24
2025-11-16 15:19:40.120,1324,52987.48
2025-11-16 15:19:40.120,1325,56368.51
2025-11-16 15:19:40.120,1326,50287.98
2025-11-16 15:19:40.120,1327,57802.03
2025-11-16 15:19:40.120,1328,151772.23
2025-11-16 15:19:40.120,1329,50646.52
2025-11-16 15:19:40.120,1330,55727.09
2025-11-16 15:19:40.120,1331,48980.34
2025-11-16 15:19:40.120,1332,49670.62
2025-11-16 15:19:40.120,1333,60374.14
2025-11-16 15:19:40.120,1334,50199.01
2025-11-16 15:19:40.120,1335,66150.61
2025-11-16 15:19:40.120,1336,900097.25
2025-11-16 15:19:40.120,1337,88573.8
2025-11-16 15:19:40.120,1338,102402.48
2025-11-16 15:19:40.120,1339,54994.24
2025-11-16 15:19:40.120,1340,135640.13
2025-11-16 15:19:40.120,1341,331208.34
2025-11-16 15:19:40.120,1342,119086.36
2025-11-16 15:19:40.120,1343,119086.36
2025-11-16 15:19:40.120,1344,30712.49
2025-11-16 15:19:40.120,1345,29953.28
2025-11-16 15:19:40.120,1346,29526.5
2025-11-16 15:19:40.120,1347,29641.99
2025-11-16 15:19:40.120,1348,28958.97
2025-11-16 15:19:40.120,1349,29071.17
2025-11-16 15:19:40.120,1350,28480.09
2025-11-16 15:19:40.120,1351,28996.3
2025-11-16 15:19:40.120,1352,28847.41
2025-11-16 15:19:40.120,1353,27765.84
2025-11-16 15:19:40.120,1354,29033.7
2025-11-16 15:19:40.120,1355,28996.3
2025-11-16 15:19:40.120,1356,29526.5
2025-11-16 15:19:40.120,1357,29603.42
2025-11-16 15:19:40.120,1358,30631.22
2025-11-16 15:19:40.120,1359,29221.78
2025-11-16 15:19:40.120,1360,30712.49
2025-11-16 15:19:40.120,1361,29108.72
2025-11-16 15:19:40.120,1362,28921.71
2025-11-16 15:19:40.120,1363,29992.53
2025-11-16 15:19:40.120,1364,30550.28
2025-11-16 15:19:40.120,1365,31040.83
2025-11-16 15:19:40.120,1366,29526.5
2025-11-16 15:19:40.120,1367,31206.99
2025-11-16 15:19:40.120,1368,29526.5
2025-11-16 15:19:40.120,1369,27043.79
2025-11-16 15:19:40.120,1370,31928.39
2025-11-16 15:19:40.120,1371,31082.24
2025-11-16 15:19:40.120,1372,29526.5
2025-11-16 15:19:40.120,1373,30071.27
2025-11-16 15:19:40.120,1374,28480.09
2025-11-16 15:19:40.120,1375,31332.49
2025-11-16 15:19:40.120,1376,92531.65
2025-11-16 15:19:40.120,1377,28773.39
2025-11-16 15:19:40.120,1378,31040.83
2025-11-16 15:19:40.120,1379,29033.7
2025-11-16 15:19:40.120,1380,28958.97
2025-11-16 15:19:40.120,1381,33682.49
2025-11-16 15:19:40.120,1382,31543.36
2025-11-16 15:19:40.120,1383,38521.08
2025-11-16 15:19:40.120,1384,455329.53
2025-11-16 15:19:40.120,1385,50466.71
2025-11-16 15:19:40.120,1386,65307.78
2025-11-16 15:19:40.120,1387,30794.08
2025-11-16 15:19:40.120,1388,78725.33
2025-11-16 15:19:40.120,1389,270422.94
2025-11-16 15:19:40.120,1390,72958.16
2025-11-16 15:19:40.120,1391,72958.16
2025-11-16 15:19:40.120,1392,34935.51
2025-11-16 15:19:40.120,1393,33682.49
2025-11-16 15:19:40.120,1394,33823.5
2025-11-16 15:19:40.120,1395,33870.7
2025-11-16 15:19:40.120,1396,33127.38
2025-11-16 15:19:40.120,1397,34060.55
2025-11-16 15:19:40.120,1398,32675.42
2025-11-16 15:19:40.120,1399,33729.39
2025-11-16 15:19:40.120,1400,33356.95
2025-11-16 15:19:40.120,1401,32189.05
2025-11-16 15:19:40.120,1402,33495.87
2025-11-16 15:19:40.120,1403,33495.87
2025-11-16 15:19:40.120,1404,33776.39
2025-11-16 15:19:40.120,1405,33823.5
2025-11-16 15:19:40.120,1406,34445.18
2025-11-16 15:19:40.120,1407,33823.5
2025-11-16 15:19:40.120,1408,35640.36
2025-11-16 15:19:40.120,1409,33036.22
2025-11-16 15:19:40.120,1410,33588.98
2025-11-16 15:19:40.120,1411,34445.18
2025-11-16 15:19:40.120,1412,35034.87
2025-11-16 15:19:40.120,1413,35949.24
2025-11-16 15:19:40.120,1414,34445.18
2025-11-16 15:19:40.120,1415,36526.48
2025-11-16 15:19:40.120,1416,34738.09
2025-11-16 15:19:40.120,1417,33682.49
2025-11-16 15:19:40.120,1418,37558.35
2025-11-16 15:19:40.120,1419,36579.68
2025-11-16 15:19:40.120,1420,34591.16
2025-11-16 15:19:40.120,1421,35184.73
2025-11-16 15:19:40.120,1422,33870.7
2025-11-16 15:19:40.120,1423,36686.43
2025-11-16 15:19:40.120,1424,106570.16
2025-11-16 15:19:40.120,1425,34542.39
2025-11-16 15:19:40.120,1426,36686.43
2025-11-16 15:19:40.120,1427,34738.09
2025-11-16 15:19:40.120,1428,34445.18
2025-11-16 15:19:40.120,1429,39224.4
2025-11-16 15:19:40.120,1430,39523.48
2025-11-16 15:19:40.120,1431,46843.01
2025-11-16 15:19:40.120,1432,566776.38
2025-11-16 15:19:40.120,1433,58484.71
2025-11-16 15:19:40.120,1434,77583.78
2025-11-16 15:19:40.120,1435,36262.32
2025-11-16 15:19:40.120,1436,91512.71
2025-11-16 15:19:40.120,1437,339960.47
2025-11-16 15:19:40.120,1438,90513.82
2025-11-16 15:19:40.120,1439,90513.82
2025-11-16 15:19:40.120,1440,38521.08
2025-11-16 15:19:40.120,1441,37725.46
2025-11-16 15:19:40.120,1442,37063.94
2025-11-16 15:19:40.120,1443,37558.35
2025-11-16 15:19:40.120,1444,36739.99
2025-11-16 15:19:40.120,1445,36157.48
2025-11-16 15:19:40.120,1446,36686.43
2025-11-16 15:19:40.120,1447,36579.68
2025-11-16 15:19:40.120,1448,36473.41
2025-11-16 15:19:40.120,1449,36105.25
2025-11-16 15:19:40.120,1450,36262.32
2025-11-16 15:19:40.120,1451,37447.59
2025-11-16 15:19:40.120,1452,37337.34
2025-11-16 15:19:40.120,1453,37781.43
2025-11-16 15:19:40.120,1454,37950.12
2025-11-16 15:19:40.120,1455,37063.94
2025-11-16 15:19:40.120,1456,38578.92
2025-11-16 15:19:40.120,1457,36314.91
2025-11-16 15:19:40.120,1458,35640.36
2025-11-16 15:19:40.120,1459,37009.64
2025-11-16 15:19:40.120,1460,38348.37
2025-11-16 15:19:40.120,1461,38578.92
2025-11-16 15:19:40.120,1462,36526.48
2025-11-16 15:19:40.120,1463,39463.38
2025-11-16 15:19:40.120,1464,37063.94
2025-11-16 15:19:40.120,1465,32014.92
2025-11-16 15:19:40.120,1466,39463.38
2025-11-16 15:19:40.120,1467,38348.37
2025-11-16 15:19:40.120,1468,35335.6
2025-11-16 15:19:40.120,1469,37558.35
2025-11-16 15:19:40.120,1470,34689.0
2025-11-16 15:19:40.120,1471,39765.37
2025-11-16 15:19:40.120,1472,107915.35
2025-11-16 15:19:40.120,1473,34738.09
2025-11-16 15:19:40.120,1474,38463.37
2025-11-16 15:19:40.120,1475,34396.74
2025-11-16 15:19:40.120,1476,34156.08
2025-11-16 15:19:40.120,1477,41397.01
2025-11-16 15:19:40.120,1478,33682.49
2025-11-16 15:19:40.120,1479,47403.09
2025-11-16 15:19:40.120,1480,566776.38
2025-11-16 15:19:40.120,1481,61483.39
2025-11-16 15:19:40.120,1482,75565.37
2025-11-16 15:19:40.120,1483,38348.37
2025-11-16 15:19:40.120,1484,94632.04
2025-11-16 15:19:40.120,1485,312394.69
2025-11-16 15:19:40.120,1486,90513.82
2025-11-16 15:19:40.120,1487,90513.82
2025-11-16 15:19:40.120,1488,29297.52
2025-11-16 15:19:40.120,1489,28553.0
2025-11-16 15:19:40.120,1490,28335.09
2025-11-16 15:19:40.120,1491,28773.39
2025-11-16 15:19:40.120,1492,27730.82
2025-11-16 15:19:40.120,1493,27349.84
2025-11-16 15:19:40.120,1494,27695.87
2025-11-16 15:19:40.120,1495,27977.33
2025-11-16 15:19:40.120,1496,28191.18
2025-11-16 15:19:40.120,1497,27349.84
2025-11-16 15:19:40.120,1498,27591.39
2025-11-16 15:19:40.120,1499,28119.63
2025-11-16 15:19:40.120,1500,27836.08
2025-11-16 15:19:40.120,1501,28516.51
2025-11-16 15:19:40.120,1502,29071.17
2025-11-16 15:19:40.120,1503,28443.74
2025-11-16 15:19:40.120,1504,29641.99
2025-11-16 15:19:40.120,1505,27349.84
2025-11-16 15:19:40.120,1506,27077.54
2025-11-16 15:19:40.120,1507,27836.08
2025-11-16 15:19:40.120,1508,29221.78
2025-11-16 15:19:40.120,1509,29526.5
2025-11-16 15:19:40.120,1510,28407.46
2025-11-16 15:19:40.120,1511,30229.68
2025-11-16 15:19:40.120,1512,28407.46
2025-11-16 15:19:40.120,1513,26544.65
2025-11-16 15:19:40.120,1514,30794.08
2025-11-16 15:19:40.120,1515,29992.53
2025-11-16 15:19:40.120,1516,27556.69
2025-11-16 15:19:40.120,1517,29221.78
2025-11-16 15:19:40.120,1518,26122.79
2025-11-16 15:19:40.120,1519,30309.35
2025-11-16 15:19:40.120,1520,85800.06
2025-11-16 15:19:40.120,1521,26610.43
2025-11-16 15:19:40.120,1522,29992.53
2025-11-16 15:19:40.120,1523,27213.2
2025-11-16 15:19:40.120,1524,26676.44
2025-11-16 15:19:40.120,1525,32586.16
2025-11-16 15:19:40.120,1526,29603.42
2025-11-16 15:19:40.120,1527,37781.43
2025-11-16 15:19:40.120,1528,421032.91
2025-11-16 15:19:40.120,1529,47403.09
2025-11-16 15:19:40.120,1530,59653.54
2025-11-16 15:19:40.120,1531,29297.52
2025-11-16 15:19:40.120,1532,76838.91
2025-11-16 15:19:40.120,1533,257587.41
2025-11-16 15:19:40.120,1534,73981.77
2025-11-16 15:19:40.120,1535,73981.77
2025-11-16 15:19:40.120,1536,26187.06
2025-11-16 15:19:40.120,1537,26187.06
2025-11-16 15:19:40.120,1538,26187.06
2025-11-16 15:19:40.120,1539,26187.06
2025-11-16 15:19:40.120,1540,26187.06
2025-11-16 15:19:40.120,1541,26187.06
2025-11-16 15:19:40.120,1542,26187.06
2025-11-16 15:19:40.120,1543,26187.06
2025-11-16 15:19:40.120,1544,26187.06
2025-11-16 15:19:40.120,1545,26187.06
2025-11-16 15:19:40.120,1546,26187.06
2025-11-16 15:19:40.120,1547,26187.06
2025-11-16 15:19:40.120,1548,26187.06
2025-11-16 15:19:40.120,1549,26187.06
2025-11-16 15:19:40.120,1550,26187.06
2025-11-16 15:19:40.120,1551,26187.06
2025-11-16 15:19:40.120,1552,26187.06
2025-11-16 15:19:40.120,1553,26187.06
2025-11-16 15:19:40.120,1554,26187.06
2025-11-16 15:19:40.120,1555,26187.06
2025-11-16 15:19:40.120,1556,26187.06
2025-11-16 15:19:40.120,1557,26187.06
2025-11-16 15:19:40.120,1558,26187.06
2025-11-16 15:19:40.120,1559,26187.06
2025-11-16 15:19:40.120,1560,26187.06
2025-11-16 15:19:40.120,1561,26187.06
2025-11-16 15:19:40.120,1562,26187.06
2025-11-16 15:19:40.120,1563,26187.06
2025-11-16 15:19:40.120,1564,26187.06
2025-11-16 15:19:40.120,1565,26187.06
2025-11-16 15:19:40.120,1566,26187.06
2025-11-16 15:19:40.120,1567,26187.06
2025-11-16 15:19:40.120,1568,26187.06
2025-11-16 15:19:40.120,1569,26187.06
2025-11-16 15:19:40.120,1570,26187.06
2025-11-16 15:19:40.120,1571,26187.06
2025-11-16 15:19:40.120,1572,26187.06
2025-11-16 15:19:40.120,1573,26187.06
2025-11-16 15:19:40.120,1574,26187.06
2025-11-16 15:19:40.120,1575,26187.06
2025-11-16 15:19:40.120,1576,26187.06
2025-11-16 15:19:40.120,1577,26187.06
2025-11-16 15:19:40.120,1578,26187.06
2025-11-16 15:19:40.120,1579,26187.06
2025-11-16 15:19:40.120,1580,26187.06
2025-11-16 15:19:40.120,1581,26187.06
2025-11-16 15:19:40.120,1582,26187.06
2025-11-16 15:19:40.120,1583,26187.06
2025-11-16 15:19:40.120,1584,26187.06
2025-11-16 15:19:40.120,1585,25033.8
2025-11-16 15:19:40.120,1586,25064.0
2025-11-16 15:19:40.120,1587,25647.93
2025-11-16 15:19:40.120,1588,24616.31
2025-11-16 15:19:40.120,1589,24093.88
2025-11-16 15:19:40.120,1590,24382.16
2025-11-16 15:19:40.120,1591,24883.55
2025-11-16 15:19:40.120,1592,25003.64
2025-11-16 15:19:40.120,1593,24065.32
2025-11-16 15:19:40.120,1594,24704.93
2025-11-16 15:19:40.120,1595,24973.54
2025-11-16 15:19:40.120,1596,24557.47
2025-11-16 15:19:40.120,1597,25461.45
2025-11-16 15:19:40.120,1598,25836.37
2025-11-16 15:19:40.120,1599,25276.9
2025-11-16 15:19:40.120,1600,26413.8
2025-11-16 15:19:40.120,1601,23866.7
2025-11-16 15:19:40.120,1602,23040.99
2025-11-16 15:19:40.120,1603,25154.93
2025-11-16 15:19:40.120,1604,26283.89
2025-11-16 15:19:40.120,1605,26219.28
2025-11-16 15:19:40.120,1606,25585.55
2025-11-16 15:19:40.120,1607,27077.54
2025-11-16 15:19:40.120,1608,25773.33
2025-11-16 15:19:40.120,1609,24151.15
2025-11-16 15:19:40.120,1610,28227.06
2025-11-16 15:19:40.120,1611,27077.54
2025-11-16 15:19:40.120,1612,24853.65
2025-11-16 15:19:40.120,1613,26219.28
2025-11-16 15:19:40.120,1614,24324.12
2025-11-16 15:19:40.120,1615,27145.25
2025-11-16 15:19:40.120,1616,80294.42
2025-11-16 15:19:40.120,1617,24704.93
2025-11-16 15:19:40.120,1618,27349.84
2025-11-16 15:19:40.120,1619,25124.57
2025-11-16 15:19:40.120,1620,24498.84
2025-11-16 15:19:40.120,1621,29992.53
2025-11-16 15:19:40.120,1622,28847.41
2025-11-16 15:19:40.120,1623,34885.99
2025-11-16 15:19:40.120,1624,395419.56
2025-11-16 15:19:40.120,1625,44854.87
2025-11-16 15:19:40.120,1626,57577.48
2025-11-16 15:19:40.120,1627,27077.54
2025-11-16 15:19:40.120,1628,72622.48
2025-11-16 15:19:40.120,1629,259348.69
2025-11-16 15:19:40.120,1630,71306.41
2025-11-16 15:19:40.120,1631,71306.41
2025-11-16 15:19:40.120,1632,24498.84
2025-11-16 15:19:40.120,1633,23586.93
2025-11-16 15:19:40.120,1634,22933.92
2025-11-16 15:19:40.120,1635,23698.29
2025-11-16 15:19:40.120,1636,23094.79
2025-11-16 15:19:40.120,1637,22616.81
2025-11-16 15:19:40.120,1638,22854.06
2025-11-16 15:19:40.120,1639,22827.54
2025-11-16 15:19:40.120,1640,22987.37
2025-11-16 15:19:40.120,1641,22880.64
2025-11-16 15:19:40.120,1642,22616.81
2025-11-16 15:19:40.120,1643,23094.79
2025-11-16 15:19:40.120,1644,22827.54
2025-11-16 15:19:40.120,1645,23257.23
2025-11-16 15:19:40.120,1646,23698.29
2025-11-16 15:19:40.120,1647,23014.16
2025-11-16 15:19:40.120,1648,24382.16
2025-11-16 15:19:40.120,1649,22305.72
2025-11-16 15:19:40.120,1650,21900.02
2025-11-16 15:19:40.120,1651,22987.37
2025-11-16 15:19:40.120,1652,23923.21
2025-11-16 15:19:40.120,1653,24324.12
2025-11-16 15:19:40.120,1654,23202.91
2025-11-16 15:19:40.120,1655,24675.34
2025-11-16 15:19:40.120,1656,23698.29
2025-11-16 15:19:40.120,1657,21553.27
2025-11-16 15:19:40.120,1658,24734.57
2025-11-16 15:19:40.120,1659,24528.13
2025-11-16 15:19:40.120,1660,18260.31
2025-11-16 15:19:40.120,1661,23754.24
2025-11-16 15:19:40.120,1662,17606.89
2025-11-16 15:19:40.120,1663,24675.34
2025-11-16 15:19:40.120,1664,68948.35
2025-11-16 15:19:40.120,1665,17738.95
2025-11-16 15:19:40.120,1666,23923.21
2025-11-16 15:19:40.120,1667,19751.0
2025-11-16 15:19:40.120,1668,16911.3
2025-11-16 15:19:40.120,1669,26348.73
2025-11-16 15:19:40.120,1670,24324.12
2025-11-16 15:19:40.120,1671,30189.96
2025-11-16 15:19:40.120,1672,334076.69
2025-11-16 15:19:40.120,1673,40505.41
2025-11-16 15:19:40.120,1674,49151.41
2025-11-16 15:19:40.120,1675,23642.52
2025-11-16 15:19:40.120,1676,64347.73
2025-11-16 15:19:40.120,1677,225277.3
2025-11-16 15:19:40.120,1678,62628.1
2025-11-16 15:19:40.120,1679,62628.1
2025-11-16 15:19:40.120,1680,33036.22
2025-11-16 15:19:40.120,1681,32145.38
2025-11-16 15:19:40.120,1682,32320.6
2025-11-16 15:19:40.120,1683,32765.05
2025-11-16 15:19:40.120,1684,31543.36
2025-11-16 15:19:40.120,1685,31374.49
2025-11-16 15:19:40.120,1686,31543.36
2025-11-16 15:19:40.120,1687,31885.26
2025-11-16 15:19:40.120,1688,31756.39
2025-11-16 15:19:40.120,1689,31543.36
2025-11-16 15:19:40.120,1690,31332.49
2025-11-16 15:19:40.120,1691,31971.61
2025-11-16 15:19:40.120,1692,31374.49
2025-11-16 15:19:40.120,1693,31971.61
2025-11-16 15:19:40.120,1694,32145.38
2025-11-16 15:19:40.120,1695,31670.92
2025-11-16 15:19:40.120,1696,33310.84
2025-11-16 15:19:40.120,1697,29297.52
2025-11-16 15:19:40.120,1698,30071.27
2025-11-16 15:19:40.120,1699,30712.49
2025-11-16 15:19:40.120,1700,32586.16
2025-11-16 15:19:40.120,1701,33635.68
2025-11-16 15:19:40.120,1702,32014.92
2025-11-16 15:19:40.120,1703,33495.87
2025-11-16 15:19:40.120,1704,32232.81
2025-11-16 15:19:40.120,1705,30031.86
2025-11-16 15:19:40.120,1706,34204.0
2025-11-16 15:19:40.120,1707,33635.68
2025-11-16 15:19:40.120,1708,29297.52
2025-11-16 15:19:40.120,1709,32276.66
2025-11-16 15:19:40.120,1710,28516.51
2025-11-16 15:19:40.120,1711,33823.5
2025-11-16 15:19:40.120,1712,85352.86
2025-11-16 15:19:40.120,1713,29146.33
2025-11-16 15:19:40.120,1714,33682.49
2025-11-16 15:19:40.120,1715,29603.42
2025-11-16 15:19:40.120,1716,27626.15
2025-11-16 15:19:40.120,1717,36157.48
2025-11-16 15:19:40.120,1718,34445.18
2025-11-16 15:19:40.120,1719,41788.82
2025-11-16 15:19:40.120,1720,508356.06
2025-11-16 15:19:40.120,1721,55621.39
2025-11-16 15:19:40.120,1722,63943.71
2025-11-16 15:19:40.120,1723,33310.84
2025-11-16 15:19:40.120,1724,84035.92
2025-11-16 15:19:40.120,1725,288853.09
2025-11-16 15:19:40.120,1726,81713.57
2025-11-16 15:19:40.120,1727,81713.57
2025-11-16 15:19:40.120,1728,25585.55
2025-11-16 15:19:40.120,1729,24853.65
2025-11-16 15:19:40.120,1730,24616.31
2025-11-16 15:19:40.120,1731,24973.54
2025-11-16 15:19:40.120,1732,24151.15
2025-11-16 15:19:40.120,1733,24353.12
2025-11-16 15:19:40.120,1734,24208.61
2025-11-16 15:19:40.120,1735,24065.32
2025-11-16 15:19:40.120,1736,24179.86
2025-11-16 15:19:40.120,1737,24036.8
2025-11-16 15:19:40.120,1738,23810.38
2025-11-16 15:19:40.120,1739,24324.12
2025-11-16 15:19:40.120,1740,23754.24
2025-11-16 15:19:40.120,1741,24734.57
2025-11-16 15:19:40.120,1742,25124.57
2025-11-16 15:19:40.120,1743,24675.34
2025-11-16 15:19:40.120,1744,25276.9
2025-11-16 15:19:40.120,1745,23284.46
2025-11-16 15:19:40.120,1746,22203.33
2025-11-16 15:19:40.120,1747,22827.54
2025-11-16 15:19:40.120,1748,25215.81
2025-11-16 15:19:40.120,1749,25276.9
2025-11-16 15:19:40.120,1750,24616.31
2025-11-16 15:19:40.120,1751,26058.75
2025-11-16 15:19:40.120,1752,24794.01
2025-11-16 15:19:40.120,1753,22025.71
2025-11-16 15:19:40.120,1754,26219.28
2025-11-16 15:19:40.120,1755,25804.82
2025-11-16 15:19:40.120,1756,19794.65
2025-11-16 15:19:40.120,1757,25094.26
2025-11-16 15:19:40.120,1758,20442.16
2025-11-16 15:19:40.120,1759,26283.89
2025-11-16 15:19:40.120,1760,73809.42
2025-11-16 15:19:40.120,1761,21504.34
2025-11-16 15:19:40.120,1762,25523.39
2025-11-16 15:19:40.120,1763,20037.0
2025-11-16 15:19:40.120,1764,19882.33
2025-11-16 15:19:40.120,1765,27977.33
2025-11-16 15:19:40.120,1766,25773.33
2025-11-16 15:19:40.120,1767,32145.38
2025-11-16 15:19:40.120,1768,372678.72
2025-11-16 15:19:40.120,1769,43769.74
2025-11-16 15:19:40.120,1770,52987.48
2025-11-16 15:19:40.120,1771,25554.44
2025-11-16 15:19:40.120,1772,68192.39
2025-11-16 15:19:40.120,1773,235144.47
2025-11-16 15:19:40.120,1774,66723.02
2025-11-16 15:19:40.120,1775,66723.02
2025-11-16 15:19:40.120,1776,23257.23
2025-11-16 15:19:40.120,1777,22460.52
2025-11-16 15:19:40.120,1778,22101.59
2025-11-16 15:19:40.120,1779,22774.6
2025-11-16 15:19:40.120,1780,21900.02
2025-11-16 15:19:40.120,1781,21626.94
2025-11-16 15:19:40.120,1782,21651.57
2025-11-16 15:19:40.120,1783,21950.17
2025-11-16 15:19:40.120,1784,21676.24
2025-11-16 15:19:40.120,1785,21577.78
2025-11-16 15:19:40.120,1786,21166.06
2025-11-16 15:19:40.120,1787,21676.24
2025-11-16 15:19:40.120,1788,21358.47
2025-11-16 15:19:40.120,1789,22000.49
2025-11-16 15:19:40.120,1790,22564.54
2025-11-16 15:19:40.120,1791,21950.17
2025-11-16 15:19:40.120,1792,23148.76
2025-11-16 15:19:40.120,1793,20952.39
2025-11-16 15:19:40.120,1794,20014.81
2025-11-16 15:19:40.120,1795,21118.33
2025-11-16 15:19:40.120,1796,22408.76
2025-11-16 15:19:40.120,1797,22987.37
2025-11-16 15:19:40.120,1798,21900.02
2025-11-16 15:19:40.120,1799,23230.05
2025-11-16 15:19:40.120,1800,22305.72
2025-11-16 15:19:40.120,1801,19534.67
2025-11-16 15:19:40.120,1802,23311.73
2025-11-16 15:19:40.120,1803,22960.62
2025-11-16 15:19:40.120,1804,18578.57
2025-11-16 15:19:40.120,1805,22382.94
2025-11-16 15:19:40.120,1806,18538.4
2025-11-16 15:19:40.120,1807,23421.27
2025-11-16 15:19:40.120,1808,67304.12
2025-11-16 15:19:40.120,1809,18538.4
2025-11-16 15:19:40.120,1810,22616.81
2025-11-16 15:19:40.120,1811,16734.02
2025-11-16 15:19:40.120,1812,16840.11
2025-11-16 15:19:40.120,1813,24764.27
2025-11-16 15:19:40.120,1814,22669.24
2025-11-16 15:19:40.120,1815,28773.39
2025-11-16 15:19:40.120,1816,322883.13
2025-11-16 15:19:40.120,1817,38463.37
2025-11-16 15:19:40.120,1818,47646.51
2025-11-16 15:19:40.120,1819,22408.76
2025-11-16 15:19:40.120,1820,61608.8
2025-11-16 15:19:40.120,1821,208912.44
2025-11-16 15:19:40.120,1822,59892.09
2025-11-16 15:19:40.120,1823,59892.09
2025-11-16 15:19:40.120,1824,31416.58
2025-11-16 15:19:40.120,1825,30550.28
2025-11-16 15:19:40.120,1826,29603.42
2025-11-16 15:19:40.120,1827,31206.99
2025-11-16 15:19:40.120,1828,30150.32
2025-11-16 15:19:40.120,1829,30110.76
2025-11-16 15:19:40.120,1830,30031.86
2025-11-16 15:19:40.120,1831,30590.71
2025-11-16 15:19:40.120,1832,30309.35
2025-11-16 15:19:40.120,1833,29992.53
2025-11-16 15:19:40.120,1834,29297.52
2025-11-16 15:19:40.120,1835,30309.35
2025-11-16 15:19:40.120,1836,28371.24
2025-11-16 15:19:40.120,1837,30309.35
2025-11-16 15:19:40.120,1838,31040.83
2025-11-16 15:19:40.120,1839,30349.31
2025-11-16 15:19:40.120,1840,31585.79
2025-11-16 15:19:40.120,1841,28773.39
2025-11-16 15:19:40.120,1842,27349.84
2025-11-16 15:19:40.120,1843,29411.68
2025-11-16 15:19:40.120,1844,31040.83
2025-11-16 15:19:40.120,1845,31458.76
2025-11-16 15:19:40.120,1846,30631.22
2025-11-16 15:19:40.120,1847,31928.39
2025-11-16 15:19:40.120,1848,29953.28
2025-11-16 15:19:40.120,1849,27077.54
2025-11-16 15:19:40.120,1850,33036.22
2025-11-16 15:19:40.120,1851,31713.61
2025-11-16 15:19:40.120,1852,27695.87
2025-11-16 15:19:40.120,1853,31082.24
2025-11-16 15:19:40.120,1854,26643.4
2025-11-16 15:19:40.120,1855,32232.81
2025-11-16 15:19:40.120,1856,84909.8
2025-11-16 15:19:40.120,1857,27695.87
2025-11-16 15:19:40.120,1858,31928.39
2025-11-16 15:19:40.120,1859,27556.69
2025-11-16 15:19:40.120,1860,27349.84
2025-11-16 15:19:40.120,1861,33870.7
2025-11-16 15:19:40.120,1862,32320.6
2025-11-16 15:19:40.120,1863,39887.21
2025-11-16 15:19:40.120,1864,450099.75
2025-11-16 15:19:40.120,1865,51284.3
2025-11-16 15:19:40.120,1866,59416.6
2025-11-16 15:19:40.120,1867,31290.57
2025-11-16 15:19:40.120,1868,79699.56
2025-11-16 15:19:40.120,1869,276308.56
2025-11-16 15:19:40.120,1870,74678.3
2025-11-16 15:19:40.120,1871,74678.3
2025-11-16 15:19:40.120,1872,26610.43
2025-11-16 15:19:40.120,1873,26026.81
2025-11-16 15:19:40.120,1874,25585.55
2025-11-16 15:19:40.120,1875,26348.73
2025-11-16 15:19:40.120,1876,25461.45
2025-11-16 15:19:40.120,1877,25154.93
2025-11-16 15:19:40.120,1878,25307.53
2025-11-16 15:19:40.120,1879,25679.2
2025-11-16 15:19:40.120,1880,25679.2
2025-11-16 15:19:40.120,1881,25276.9
2025-11-16 15:19:40.120,1882,24913.49
2025-11-16 15:19:40.120,1883,25585.55
2025-11-16 15:19:40.120,1884,24853.65
2025-11-16 15:19:40.120,1885,26026.81
2025-11-16 15:19:40.120,1886,26219.28
2025-11-16 15:19:40.120,1887,25804.82
2025-11-16 15:19:40.120,1888,26742.69
2025-11-16 15:19:40.120,1889,24498.84
2025-11-16 15:19:40.120,1890,23311.73
2025-11-16 15:19:40.120,1891,24913.49
2025-11-16 15:19:40.120,1892,26676.44
2025-11-16 15:19:40.120,1893,26809.18
2025-11-16 15:19:40.120,1894,25963.11
2025-11-16 15:19:40.120,1895,27556.69
2025-11-16 15:19:40.120,1896,25963.11
2025-11-16 15:19:40.120,1897,21750.49
2025-11-16 15:19:40.120,1898,27765.84
2025-11-16 15:19:40.120,1899,26809.18
2025-11-16 15:19:40.120,1900,22101.59
2025-11-16 15:19:40.120,1901,26544.65
2025-11-16 15:19:40.120,1902,20741.61
2025-11-16 15:19:40.120,1903,27695.87
2025-11-16 15:19:40.120,1904,75565.37
2025-11-16 15:19:40.120,1905,23230.05
2025-11-16 15:19:40.120,1906,27111.36
2025-11-16 15:19:40.120,1907,22564.54
2025-11-16 15:19:40.120,1908,22512.45
2025-11-16 15:19:40.120,1909,29526.5
2025-11-16 15:19:40.120,1910,26413.8
2025-11-16 15:19:40.120,1911,34156.08
2025-11-16 15:19:40.120,1912,387544.88
2025-11-16 15:19:40.120,1913,44707.67
2025-11-16 15:19:40.120,1914,54480.68
2025-11-16 15:19:40.120,1915,27145.25
2025-11-16 15:19:40.120,1916,71795.0
2025-11-16 15:19:40.120,1917,241163.34
2025-11-16 15:19:40.120,1918,70983.91
2025-11-16 15:19:40.120,1919,70983.91
2025-11-16 15:19:40.120,1920,900097.25
2025-11-16 15:19:40.120,1921,861364.44
2025-11-16 15:19:40.120,1922,861364.44
2025-11-16 15:19:40.120,1923,734602.25
2025-11-16 15:19:40.120,1924,861364.44
2025-11-16 15:19:40.120,1925,942433.13
2025-11-16 15:19:40.120,1926,900097.25
2025-11-16 15:19:40.120,1927,777567.38
2025-11-16 15:19:40.120,1928,988899.38
2025-11-16 15:19:40.120,1929,861364.44
2025-11-16 15:19:40.120,1930,988899.38
2025-11-16 15:19:40.120,1931,861364.44
2025-11-16 15:19:40.120,1932,900097.25
2025-11-16 15:19:40.120,1933,942433.13
2025-11-16 15:19:40.120,1934,880309.75
2025-11-16 15:19:40.120,1935,920784.13
2025-11-16 15:19:40.120,1936,825793.38
2025-11-16 15:19:40.120,1937,734602.25
2025-11-16 15:19:40.120,1938,825793.38
2025-11-16 15:19:40.120,1939,734602.25
2025-11-16 15:19:40.120,1940,762705.19
2025-11-16 15:19:40.120,1941,777567.38
2025-11-16 15:19:40.120,1942,672541.69
2025-11-16 15:19:40.120,1943,684112.31
2025-11-16 15:19:40.120,1944,861364.44
2025-11-16 15:19:40.120,1945,734602.25
2025-11-16 15:19:40.120,1946,900097.25
2025-11-16 15:19:40.120,1947,762705.19
2025-11-16 15:19:40.120,1948,672541.69
2025-11-16 15:19:40.120,1949,708471.5
2025-11-16 15:19:40.120,1950,684112.31
2025-11-16 15:19:40.120,1951,900097.25
2025-11-16 15:19:40.120,1952,672541.69
2025-11-16 15:19:40.120,1953,672541.69
2025-11-16 15:19:40.120,1954,696081.88
2025-11-16 15:19:40.120,1955,734602.25
2025-11-16 15:19:40.120,1956,583498.19
2025-11-16 15:19:40.120,1957,708471.5
2025-11-16 15:19:40.120,1958,748393.56
2025-11-16 15:19:40.120,1959,825793.38
2025-11-16 15:19:40.120,1960,942433.13
2025-11-16 15:19:40.120,1961,942433.13
2025-11-16 15:19:40.120,1962,708471.5
2025-11-16 15:19:40.120,1963,734602.25
2025-11-16 15:19:40.120,1964,31713.61
2025-11-16 15:19:40.120,1965,31713.61
2025-11-16 15:19:40.120,1966,31713.61
2025-11-16 15:19:40.120,1967,31713.61
2025-11-16 15:19:40.120,1968,31713.61
2025-11-16 15:19:40.120,1969,30031.86
2025-11-16 15:19:40.120,1970,30876.0
2025-11-16 15:19:40.120,1971,31040.83
2025-11-16 15:19:40.120,1972,30229.68
2025-11-16 15:19:40.120,1973,30309.35
2025-11-16 15:19:40.120,1974,30309.35
2025-11-16 15:19:40.120,1975,30712.49
2025-11-16 15:19:40.120,1976,30631.22
2025-11-16 15:19:40.120,1977,30150.32
2025-11-16 15:19:40.120,1978,29603.42
2025-11-16 15:19:40.120,1979,30509.92
2025-11-16 15:19:40.120,1980,29071.17
2025-11-16 15:19:40.120,1981,30631.22
2025-11-16 15:19:40.120,1982,31206.99
2025-11-16 15:19:40.120,1983,30712.49
2025-11-16 15:19:40.120,1984,31971.61
2025-11-16 15:19:40.120,1985,29184.02
2025-11-16 15:19:40.120,1986,28335.09
2025-11-16 15:19:40.120,1987,29221.78
2025-11-16 15:19:40.120,1988,31628.31
2025-11-16 15:19:40.120,1989,31713.61
2025-11-16 15:19:40.120,1990,30753.24
2025-11-16 15:19:40.120,1991,32145.38
2025-11-16 15:19:40.120,1992,30712.49
2025-11-16 15:19:40.120,1993,27660.98
2025-11-16 15:19:40.120,1994,31628.31
2025-11-16 15:19:40.120,1995,31799.26
2025-11-16 15:19:40.120,1996,27695.87
2025-11-16 15:19:40.120,1997,31248.74
2025-11-16 15:19:40.120,1998,25963.11
2025-11-16 15:19:40.120,1999,32320.6
2025-11-16 15:19:40.120,2000,85352.86
2025-11-16 15:19:40.120,2001,26676.44
2025-11-16 15:19:40.120,2002,32058.32
2025-11-16 15:19:40.120,2003,27145.25
2025-11-16 15:19:40.120,2004,26875.9
2025-11-16 15:19:40.120,2005,34640.03
2025-11-16 15:19:40.120,2006,32364.63
2025-11-16 15:19:40.120,2007,40256.3
2025-11-16 15:19:40.120,2008,430305.09
2025-11-16 15:19:40.120,2009,51654.79
2025-11-16 15:19:40.120,2010,59653.54
2025-11-16 15:19:40.120,2011,31206.99
2025-11-16 15:19:40.120,2012,76838.91
2025-11-16 15:19:40.120,2013,270422.94
2025-11-16 15:19:40.120,2014,74328.61
2025-11-16 15:19:40.120,2015,74328.61
2025-11-16 15:19:40.120,2016,777567.38
2025-11-16 15:19:40.120,2017,861364.44
2025-11-16 15:19:40.120,2018,734602.25
2025-11-16 15:19:40.120,2019,696081.88
2025-11-16 15:19:40.120,2020,696081.88
2025-11-16 15:19:40.120,2021,843208.31
2025-11-16 15:19:40.120,2022,696081.88
2025-11-16 15:19:40.120,2023,988899.38
2025-11-16 15:19:40.120,2024,777567.38
2025-11-16 15:19:40.120,2025,684112.31
2025-11-16 15:19:40.120,2026,583498.19
2025-11-16 15:19:40.120,2027,762705.19
2025-11-16 15:19:40.120,2028,734602.25
2025-11-16 15:19:40.120,2029,696081.88
2025-11-16 15:19:40.120,2030,684112.31
2025-11-16 15:19:40.120,2031,861364.44
2025-11-16 15:19:40.120,2032,708471.5
2025-11-16 15:19:40.120,2033,721303.56
2025-11-16 15:19:40.120,2034,793012.25
2025-11-16 15:19:40.120,2035,762705.19
2025-11-16 15:19:40.120,2036,793012.25
2025-11-16 15:19:40.120,2037,809075.0
2025-11-16 15:19:40.120,2038,793012.25
2025-11-16 15:19:40.120,2039,734602.25
2025-11-16 15:19:40.120,2040,762705.19
2025-11-16 15:19:40.120,2041,762705.19
2025-11-16 15:19:40.120,2042,762705.19
2025-11-16 15:19:40.120,2043,793012.25
2025-11-16 15:19:40.120,2044,708471.5
2025-11-16 15:19:40.120,2045,793012.25
2025-11-16 15:19:40.120,2046,684112.31
2025-11-16 15:19:40.120,2047,900097.25
2025-11-16 15:19:40.120,2048,762705.19
2025-11-16 15:19:40.120,2049,762705.19
2025-11-16 15:19:40.120,2050,793012.25
2025-11-16 15:19:40.120,2051,734602.25
2025-11-16 15:19:40.120,2052,793012.25
2025-11-16 15:19:40.120,2053,762705.19
2025-11-16 15:19:40.120,2054,793012.25
2025-11-16 15:19:40.120,2055,900097.25
2025-11-16 15:19:40.120,2056,988899.38
2025-11-16 15:19:40.120,2057,988899.38
2025-11-16 15:19:40.120,2058,650520.19
2025-11-16 15:19:40.120,2059,861364.44
2025-11-16 15:19:40.120,2060,25647.93
2025-11-16 15:19:40.120,2061,25647.93
2025-11-16 15:19:40.120,2062,25647.93
2025-11-16 15:19:40.120,2063,25647.93
2025-11-16 15:19:40.120,2064,25647.93
2025-11-16 15:19:40.120,2065,24913.49
2025-11-16 15:19:40.120,2066,25033.8
2025-11-16 15:19:40.120,2067,24734.57
2025-11-16 15:19:40.120,2068,24208.61
2025-11-16 15:19:40.120,2069,23866.7
2025-11-16 15:19:40.120,2070,24151.15
2025-11-16 15:19:40.120,2071,24616.31
2025-11-16 15:19:40.120,2072,24498.84
2025-11-16 15:19:40.120,2073,24266.27
2025-11-16 15:19:40.120,2074,24498.84
2025-11-16 15:19:40.120,2075,24498.84
2025-11-16 15:19:40.120,2076,23810.38
2025-11-16 15:19:40.120,2077,24734.57
2025-11-16 15:19:40.120,2078,25033.8
2025-11-16 15:19:40.120,2079,24794.01
2025-11-16 15:19:40.120,2080,25523.39
2025-11-16 15:19:40.120,2081,21553.27
2025-11-16 15:19:40.120,2082,22801.05
2025-11-16 15:19:40.120,2083,23311.73
2025-11-16 15:19:40.120,2084,25215.81
2025-11-16 15:19:40.120,2085,25647.93
2025-11-16 15:19:40.120,2086,25003.64
2025-11-16 15:19:40.120,2087,26511.85
2025-11-16 15:19:40.120,2088,25154.93
2025-11-16 15:19:40.120,2089,23642.52
2025-11-16 15:19:40.120,2090,27010.09
2025-11-16 15:19:40.120,2091,25963.11
2025-11-16 15:19:40.120,2092,23586.93
2025-11-16 15:19:40.120,2093,25710.52
2025-11-16 15:19:40.120,2094,23311.73
2025-11-16 15:19:40.120,2095,26511.85
2025-11-16 15:19:40.120,2096,74678.3
2025-11-16 15:19:40.120,2097,23202.91
2025-11-16 15:19:40.120,2098,26348.73
2025-11-16 15:19:40.120,2099,23754.24
2025-11-16 15:19:40.120,2100,22564.54
2025-11-16 15:19:40.120,2101,28371.24
2025-11-16 15:19:40.120,2102,27349.84
2025-11-16 15:19:40.120,2103,33356.95
2025-11-16 15:19:40.120,2104,362238.63
2025-11-16 15:19:40.120,2105,42590.57
2025-11-16 15:19:40.120,2106,52409.35
2025-11-16 15:19:40.120,2107,25647.93
2025-11-16 15:19:40.120,2108,67304.12
2025-11-16 15:19:40.120,2109,235144.47
2025-11-16 15:19:40.120,2110,65867.58
2025-11-16 15:19:40.120,2111,65867.58
2025-11-16 15:19:40.120,2112,365654.84
2025-11-16 15:19:40.120,2113,320197.59
2025-11-16 15:19:40.120,2114,358884.03
2025-11-16 15:19:40.120,2115,342978.47
2025-11-16 15:19:40.120,2116,334076.69
2025-11-16 15:19:40.120,2117,372678.72
2025-11-16 15:19:40.120,2118,346048.91
2025-11-16 15:19:40.120,2119,342978.47
2025-11-16 15:19:40.120,2120,334076.69
2025-11-16 15:19:40.120,2121,334076.69
2025-11-16 15:19:40.120,2122,372678.72
2025-11-16 15:19:40.120,2123,346048.91
2025-11-16 15:19:40.120,2124,346048.91
2025-11-16 15:19:40.120,2125,358884.03
2025-11-16 15:19:40.120,2126,372678.72
2025-11-16 15:19:40.120,2127,346048.91
2025-11-16 15:19:40.120,2128,328387.41
2025-11-16 15:19:40.120,2129,339960.47
2025-11-16 15:19:40.120,2130,355589.28
2025-11-16 15:19:40.120,2131,362238.63
2025-11-16 15:19:40.120,2132,369134.25
2025-11-16 15:19:40.120,2133,365654.84
2025-11-16 15:19:40.120,2134,352352.88
2025-11-16 15:19:40.120,2135,358884.03
2025-11-16 15:19:40.120,2136,339960.47
2025-11-16 15:19:40.120,2137,288853.09
2025-11-16 15:19:40.120,2138,322883.13
2025-11-16 15:19:40.120,2139,334076.69
2025-11-16 15:19:40.120,2140,282446.44
2025-11-16 15:19:40.120,2141,322883.13
2025-11-16 15:19:40.120,2142,312394.69
2025-11-16 15:19:40.120,2143,358884.03
2025-11-16 15:19:40.120,2144,358884.03
2025-11-16 15:19:40.120,2145,280371.47
2025-11-16 15:19:40.120,2146,339960.47
2025-11-16 15:19:40.120,2147,312394.69
2025-11-16 15:19:40.120,2148,291051.47
2025-11-16 15:19:40.120,2149,322883.13
2025-11-16 15:19:40.120,2150,365654.84
2025-11-16 15:19:40.120,2151,346048.91
2025-11-16 15:19:40.120,2152,430305.09
2025-11-16 15:19:40.120,2153,430305.09
2025-11-16 15:19:40.120,2154,143859.97
2025-11-16 15:19:40.120,2155,339960.47
2025-11-16 15:19:40.120,2156,425619.72
2025-11-16 15:19:40.120,2157,334076.69
2025-11-16 15:19:40.120,2158,334076.69
2025-11-16 15:19:40.120,2159,334076.69
2025-11-16 15:19:40.120,2160,379970.25
2025-11-16 15:19:40.120,2161,358884.03
2025-11-16 15:19:40.120,2162,358884.03
2025-11-16 15:19:40.120,2163,365654.84
2025-11-16 15:19:40.120,2164,387544.88
2025-11-16 15:19:40.120,2165,395419.56
2025-11-16 15:19:40.120,2166,391443.63
2025-11-16 15:19:40.120,2167,387544.88
2025-11-16 15:19:40.120,2168,339960.47
2025-11-16 15:19:40.120,2169,376290.09
2025-11-16 15:19:40.120,2170,403612.41
2025-11-16 15:19:40.120,2171,421032.91
2025-11-16 15:19:40.120,2172,365654.84
2025-11-16 15:19:40.120,2173,450099.75
2025-11-16 15:19:40.120,2174,450099.75
2025-11-16 15:19:40.120,2175,346048.91
2025-11-16 15:19:40.120,2176,403612.41
2025-11-16 15:19:40.120,2177,383721.19
2025-11-16 15:19:40.120,2178,395419.56
2025-11-16 15:19:40.120,2179,372678.72
2025-11-16 15:19:40.120,2180,403612.41
2025-11-16 15:19:40.120,2181,430305.09
2025-11-16 15:19:40.120,2182,425619.72
2025-11-16 15:19:40.120,2183,435092.38
2025-11-16 15:19:40.120,2184,403612.41
2025-11-16 15:19:40.120,2185,430305.09
2025-11-16 15:19:40.120,2186,430305.09
2025-11-16 15:19:40.120,2187,421032.91
2025-11-16 15:19:40.120,2188,391443.63
2025-11-16 15:19:40.120,2189,395419.56
2025-11-16 15:19:40.120,2190,387544.88
2025-11-16 15:19:40.120,2191,471757.34
2025-11-16 15:19:40.120,2192,430305.09
2025-11-16 15:19:40.120,2193,403612.41
2025-11-16 15:19:40.120,2194,430305.09
2025-11-16 15:19:40.120,2195,439984.91
2025-11-16 15:19:40.120,2196,430305.09
2025-11-16 15:19:40.120,2197,460679.59
2025-11-16 15:19:40.120,2198,439984.91
2025-11-16 15:19:40.120,2199,508356.06
2025-11-16 15:19:40.120,2200,536008.31
2025-11-16 15:19:40.120,2201,536008.31
2025-11-16 15:19:40.120,2202,176906.95
2025-11-16 15:19:40.120,2203,439984.91
2025-11-16 15:19:40.120,2204,550970.88
2025-11-16 15:19:40.120,2205,521823.06
2025-11-16 15:19:40.120,2206,521823.06
2025-11-16 15:19:40.120,2207,521823.06
2025-11-16 15:19:40.120,2208,249115.52
2025-11-16 15:19:40.120,2209,249115.52
2025-11-16 15:19:40.120,2210,249115.52
2025-11-16 15:19:40.120,2211,249115.52
2025-11-16 15:19:40.120,2212,249115.52
2025-11-16 15:19:40.120,2213,249115.52
2025-11-16 15:19:40.120,2214,249115.52
2025-11-16 15:19:40.120,2215,249115.52
2025-11-16 15:19:40.120,2216,249115.52
2025-11-16 15:19:40.120,2217,249115.52
2025-11-16 15:19:40.120,2218,249115.52
2025-11-16 15:19:40.120,2219,249115.52
2025-11-16 15:19:40.120,2220,249115.52
2025-11-16 15:19:40.120,2221,249115.52
2025-11-16 15:19:40.120,2222,249115.52
2025-11-16 15:19:40.120,2223,249115.52
2025-11-16 15:19:40.120,2224,249115.52
2025-11-16 15:19:40.120,2225,249115.52
2025-11-16 15:19:40.120,2226,249115.52
2025-11-16 15:19:40.120,2227,249115.52
2025-11-16 15:19:40.120,2228,249115.52
2025-11-16 15:19:40.120,2229,249115.52
2025-11-16 15:19:40.120,2230,249115.52
2025-11-16 15:19:40.120,2231,249115.52
2025-11-16 15:19:40.120,2232,249115.52
2025-11-16 15:19:40.120,2233,249115.52
2025-11-16 15:19:40.120,2234,249115.52
2025-11-16 15:19:40.120,2235,249115.52
2025-11-16 15:19:40.120,2236,249115.52
2025-11-16 15:19:40.120,2237,249115.52
2025-11-16 15:19:40.120,2238,249115.52
2025-11-16 15:19:40.120,2239,249115.52
2025-11-16 15:19:40.120,2240,249115.52
2025-11-16 15:19:40.120,2241,249115.52
2025-11-16 15:19:40.120,2242,249115.52
2025-11-16 15:19:40.120,2243,249115.52
2025-11-16 15:19:40.120,2244,249115.52
2025-11-16 15:19:40.120,2245,249115.52
2025-11-16 15:19:40.120,2246,249115.52
2025-11-16 15:19:40.120,2247,249115.52
2025-11-16 15:19:40.120,2248,249115.52
2025-11-16 15:19:40.120,2249,249115.52
2025-11-16 15:19:40.120,2250,249115.52
2025-11-16 15:19:40.120,2251,249115.52
2025-11-16 15:19:40.120,2252,249115.52
2025-11-16 15:19:40.120,2253,249115.52
2025-11-16 15:19:40.120,2254,249115.52
2025-11-16 15:19:40.120,2255,249115.52
2025-11-16 15:19:40.120,2256,249115.52
2025-11-16 15:19:40.120,2257,232241.86
2025-11-16 15:19:40.120,2258,250766.73
2025-11-16 15:19:40.120,2259,238117.42
2025-11-16 15:19:40.120,2260,245875.0
2025-11-16 15:19:40.120,2261,223932.14
2025-11-16 15:19:40.120,2262,233684.53
2025-11-16 15:19:40.120,2263,247485.06
2025-11-16 15:19:40.120,2264,238117.42
2025-11-16 15:19:40.120,2265,223932.14
2025-11-16 15:19:40.120,2266,235144.47
2025-11-16 15:19:40.120,2267,235144.47
2025-11-16 15:19:40.120,2268,223932.14
2025-11-16 15:19:40.120,2269,232241.86
2025-11-16 15:19:40.120,2270,235144.47
2025-11-16 15:19:40.120,2271,232241.86
2025-11-16 15:19:40.120,2272,226638.0
2025-11-16 15:19:40.120,2273,210090.06
2025-11-16 15:19:40.120,2274,223932.14
2025-11-16 15:19:40.120,2275,206594.58
2025-11-16 15:19:40.120,2276,236622.0
2025-11-16 15:19:40.120,2277,226638.0
2025-11-16 15:19:40.120,2278,229407.17
2025-11-16 15:19:40.120,2279,233684.53
2025-11-16 15:19:40.120,2280,206594.58
2025-11-16 15:19:40.120,2281,206594.58
2025-11-16 15:19:40.120,2282,228014.55
2025-11-16 15:19:40.120,2283,232241.86
2025-11-16 15:19:40.120,2284,197793.8
2025-11-16 15:19:40.120,2285,218701.81
2025-11-16 15:19:40.120,2286,183998.22
2025-11-16 15:19:40.120,2287,245875.0
2025-11-16 15:19:40.120,2288,264774.34
2025-11-16 15:19:40.120,2289,208912.44
2025-11-16 15:19:40.120,2290,232241.86
2025-11-16 15:19:40.120,2291,210090.06
2025-11-16 15:19:40.120,2292,205453.95
2025-11-16 15:19:40.120,2293,226638.0
2025-11-16 15:19:40.120,2294,213700.14
2025-11-16 15:19:40.120,2295,268514.44
2025-11-16 15:19:40.120,2296,314954.38
2025-11-16 15:19:40.120,2297,314954.38
2025-11-16 15:19:40.120,2298,98522.22
2025-11-16 15:19:40.120,2299,226638.0
2025-11-16 15:19:40.120,2300,346048.91
2025-11-16 15:19:40.120,2301,942433.13
2025-11-16 15:19:40.120,2302,314954.38
2025-11-16 15:19:40.120,2303,314954.38
2025-11-16 15:19:40.435,0,23754.24
2025-11-16 15:19:40.435,1,31082.24
2025-11-16 15:19:40.435,2,35335.6
2025-11-16 15:19:40.435,3,33588.98
2025-11-16 15:19:40.435,4,34396.74
2025-11-16 15:19:40.435,5,35742.86
2025-11-16 15:19:40.435,6,35949.24
2025-11-16 15:19:40.435,7,36053.13
2025-11-16 15:19:40.435,8,36053.13
2025-11-16 15:19:40.435,9,35845.82
2025-11-16 15:19:40.435,10,36793.67
2025-11-16 15:19:40.435,11,35845.82
2025-11-16 15:19:40.435,12,37447.59
2025-11-16 15:19:40.435,13,36955.46
2025-11-16 15:19:40.435,14,37669.63
2025-11-16 15:19:40.435,15,37063.94
2025-11-16 15:19:40.435,16,36473.41
2025-11-16 15:19:40.435,17,37337.34
2025-11-16 15:19:40.435,18,37893.76
2025-11-16 15:19:40.435,19,38233.91
2025-11-16 15:19:40.435,20,37558.35
2025-11-16 15:19:40.435,21,37669.63
2025-11-16 15:19:40.435,22,36632.99
2025-11-16 15:19:40.435,23,39165.01
2025-11-16 15:19:40.435,24,37337.34
2025-11-16 15:19:40.435,25,36847.48
2025-11-16 15:19:40.435,26,39403.42
2025-11-16 15:19:40.435,27,39165.01
2025-11-16 15:19:40.435,28,38006.61
2025-11-16 15:19:40.435,29,37337.34
2025-11-16 15:19:40.435,30,37893.76
2025-11-16 15:19:40.435,31,38811.68
2025-11-16 15:19:40.435,32,135123.23
2025-11-16 15:19:40.435,33,38233.91
2025-11-16 15:19:40.435,34,39765.37
2025-11-16 15:19:40.435,35,38578.92
2025-11-16 15:19:40.435,36,38348.37
2025-11-16 15:19:40.435,37,41397.01
2025-11-16 15:19:40.435,38,44270.75
2025-11-16 15:19:40.435,39,49758.04
2025-11-16 15:19:40.435,40,566776.38
2025-11-16 15:19:40.435,41,56912.64
2025-11-16 15:19:40.435,42,79896.98
2025-11-16 15:19:40.435,43,38463.37
2025-11-16 15:19:40.435,44,79896.98
2025-11-16 15:19:40.435,45,339960.47
2025-11-16 15:19:40.435,46,89051.75
2025-11-16 15:19:40.435,47,89051.75
2025-11-16 15:19:40.435,48,121579.19
2025-11-16 15:19:40.435,49,126408.34
2025-11-16 15:19:40.435,50,133594.3
2025-11-16 15:19:40.435,51,130631.02
2025-11-16 15:19:40.435,52,127787.46
2025-11-16 15:19:40.435,53,134609.98
2025-11-16 15:19:40.435,54,135123.23
2025-11-16 15:19:40.435,55,135640.13
2025-11-16 15:19:40.435,56,135640.13
2025-11-16 15:19:40.435,57,134609.98
2025-11-16 15:19:40.435,58,137745.05
2025-11-16 15:19:40.435,59,135640.13
2025-11-16 15:19:40.435,60,132097.22
2025-11-16 15:19:40.435,61,136685.03
2025-11-16 15:19:40.435,62,135640.13
2025-11-16 15:19:40.435,63,128722.46
2025-11-16 15:19:40.435,64,125056.52
2025-11-16 15:19:40.435,65,128722.46
2025-11-16 15:19:40.435,66,138820.45
2025-11-16 15:19:40.435,67,135640.13
2025-11-16 15:19:40.435,68,138280.8
2025-11-16 15:19:40.435,69,136685.03
2025-11-16 15:19:40.435,70,138820.45
2025-11-16 15:19:40.435,71,136685.03
2025-11-16 15:19:40.435,72,132592.78
2025-11-16 15:19:40.435,73,138820.45
2025-11-16 15:19:40.435,74,135640.13
2025-11-16 15:19:40.435,75,142142.66
2025-11-16 15:19:40.435,76,138820.45
2025-11-16 15:19:40.435,77,130148.98
2025-11-16 15:19:40.435,78,142142.66
2025-11-16 15:19:40.435,79,150502.45
2025-11-16 15:19:40.435,80,439984.91
2025-11-16 15:19:40.435,81,139364.05
2025-11-16 15:19:40.435,82,145616.44
2025-11-16 15:19:40.435,83,138280.8
2025-11-16 15:19:40.435,84,143859.97
2025-11-16 15:19:40.435,85,146210.88
2025-11-16 15:19:40.435,86,168739.63
2025-11-16 15:19:40.435,87,175214.38
2025-11-16 15:19:40.435,88,150502.45
2025-11-16 15:19:40.435,89,150502.45
2025-11-16 15:19:40.435,90,259348.69
2025-11-16 15:19:40.435,91,151772.23
2025-11-16 15:19:40.435,92,157058.67
2025-11-16 15:19:40.435,93,988899.38
2025-11-16 15:19:40.435,94,297844.91
2025-11-16 15:19:40.435,95,297844.91
2025-11-16 15:19:40.435,96,83177.96
2025-11-16 15:19:40.435,97,85130.81
2025-11-16 15:19:40.435,98,91010.8
2025-11-16 15:19:40.435,99,89534.38
2025-11-16 15:19:40.435,100,90267.15
2025-11-16 15:19:40.435,101,91010.8
2025-11-16 15:19:40.435,102,91512.71
2025-11-16 15:19:40.435,103,92789.56
2025-11-16 15:19:40.435,104,90021.7
2025-11-16 15:19:40.435,105,92019.64
2025-11-16 15:19:40.435,106,91512.71
2025-11-16 15:19:40.435,107,91261.14
2025-11-16 15:19:40.435,108,92275.0
2025-11-16 15:19:40.435,109,95170.63
2025-11-16 15:19:40.435,110,94364.8
2025-11-16 15:19:40.435,111,91512.71
2025-11-16 15:19:40.435,112,84909.8
2025-11-16 15:19:40.435,113,95170.63
2025-11-16 15:19:40.435,114,99101.66
2025-11-16 15:19:40.435,115,91512.71
2025-11-16 15:19:40.435,116,97381.57
2025-11-16 15:19:40.435,117,93048.8
2025-11-16 15:19:40.435,118,87167.16
2025-11-16 15:19:40.435,119,94632.04
2025-11-16 15:19:40.435,120,88336.55
2025-11-16 15:19:40.435,121,93048.8
2025-11-16 15:19:40.435,122,93048.8
2025-11-16 15:19:40.435,123,94632.04
2025-11-16 15:19:40.435,124,93571.2
2025-11-16 15:19:40.435,125,89777.44
2025-11-16 15:19:40.435,126,93571.2
2025-11-16 15:19:40.435,127,98522.22
2025-11-16 15:19:40.435,128,284551.28
2025-11-16 15:19:40.435,129,96820.16
2025-11-16 15:19:40.435,130,99687.32
2025-11-16 15:19:40.435,131,94098.91
2025-11-16 15:19:40.435,132,96820.16
2025-11-16 15:19:40.435,133,99687.32
2025-11-16 15:19:40.435,134,104608.9
2025-11-16 15:19:40.435,135,118680.02
2025-11-16 15:19:40.435,136,101179.34
2025-11-16 15:19:40.435,137,101179.34
2025-11-16 15:19:40.435,138,171919.44
2025-11-16 15:19:40.435,139,94098.91
2025-11-16 15:19:40.435,140,137745.05
2025-11-16 15:19:40.435,141,721303.56
2025-11-16 15:19:40.435,142,195704.14
2025-11-16 15:19:40.435,143,195704.14
2025-11-16 15:19:40.435,144,45002.86
2025-11-16 15:19:40.435,145,45151.65
2025-11-16 15:19:40.435,146,45907.83
2025-11-16 15:19:40.435,147,45754.95
2025-11-16 15:19:40.435,148,45226.35
2025-11-16 15:19:40.435,149,46371.55
2025-11-16 15:19:40.435,150,45602.89
2025-11-16 15:19:40.435,151,45301.25
2025-11-16 15:19:40.435,152,44707.67
2025-11-16 15:19:40.435,153,44928.77
2025-11-16 15:19:40.435,154,45602.89
2025-11-16 15:19:40.435,155,45002.86
2025-11-16 15:19:40.435,156,46138.74
2025-11-16 15:19:40.435,157,46371.55
2025-11-16 15:19:40.435,158,45907.83
2025-11-16 15:19:40.435,159,45301.25
2025-11-16 15:19:40.435,160,29992.53
2025-11-16 15:19:40.435,161,44854.87
2025-11-16 15:19:40.435,162,46216.13
2025-11-16 15:19:40.435,163,43557.83
2025-11-16 15:19:40.435,164,46527.84
2025-11-16 15:19:40.435,165,48305.81
2025-11-16 15:19:40.435,166,43698.91
2025-11-16 15:19:40.435,167,48641.14
2025-11-16 15:19:40.435,168,45226.35
2025-11-16 15:19:40.435,169,46138.74
2025-11-16 15:19:40.435,170,46216.13
2025-11-16 15:19:40.435,171,48305.81
2025-11-16 15:19:40.435,172,47001.92
2025-11-16 15:19:40.435,173,45226.35
2025-11-16 15:19:40.435,174,47322.41
2025-11-16 15:19:40.435,175,48810.25
2025-11-16 15:19:40.435,176,165668.98
2025-11-16 15:19:40.435,177,47322.41
2025-11-16 15:19:40.435,178,48305.81
2025-11-16 15:19:40.435,179,48895.18
2025-11-16 15:19:40.435,180,46138.74
2025-11-16 15:19:40.435,181,51009.33
2025-11-16 15:19:40.435,182,54277.52
2025-11-16 15:19:40.435,183,60374.14
2025-11-16 15:19:40.435,184,762705.19
2025-11-16 15:19:40.435,185,60374.14
2025-11-16 15:19:40.435,186,94098.91
2025-11-16 15:19:40.435,187,47161.71
2025-11-16 15:19:40.435,188,91765.55
2025-11-16 15:19:40.435,189,403612.41
2025-11-16 15:19:40.435,190,107238.9
2025-11-16 15:19:40.435,191,107238.9
2025-11-16 15:19:40.435,192,28921.71
2025-11-16 15:19:40.435,193,28921.71
2025-11-16 15:19:40.435,194,28263.01
2025-11-16 15:19:40.435,195,28847.41
2025-11-16 15:19:40.435,196,28191.18
2025-11-16 15:19:40.435,197,28553.0
2025-11-16 15:19:40.435,198,27695.87
2025-11-16 15:19:40.435,199,28553.0
2025-11-16 15:19:40.435,200,27906.57
2025-11-16 15:19:40.435,201,28371.24
2025-11-16 15:19:40.435,202,28299.01
2025-11-16 15:19:40.435,203,27906.57
2025-11-16 15:19:40.435,204,28736.48
2025-11-16 15:19:40.435,205,28810.36
2025-11-16 15:19:40.435,206,28996.3
2025-11-16 15:19:40.435,207,28773.39
2025-11-16 15:19:40.435,208,20999.62
2025-11-16 15:19:40.435,209,28263.01
2025-11-16 15:19:40.435,210,28662.88
2025-11-16 15:19:40.435,211,23754.24
2025-11-16 15:19:40.435,212,30071.27
2025-11-16 15:19:40.435,213,30389.34
2025-11-16 15:19:40.435,214,25804.82
2025-11-16 15:19:40.435,215,30269.48
2025-11-16 15:19:40.435,216,28335.09
2025-11-16 15:19:40.435,217,29488.15
2025-11-16 15:19:40.435,218,29603.42
2025-11-16 15:19:40.435,219,30590.71
2025-11-16 15:19:40.435,220,30071.27
2025-11-16 15:19:40.435,221,28810.36
2025-11-16 15:19:40.435,222,30229.68
2025-11-16 15:19:40.435,223,30958.25
2025-11-16 15:19:40.435,224,112877.99
2025-11-16 15:19:40.435,225,30631.22
2025-11-16 15:19:40.435,226,31713.61
2025-11-16 15:19:40.435,227,30631.22
2025-11-16 15:19:40.435,228,30753.24
2025-11-16 15:19:40.435,229,33542.38
2025-11-16 15:19:40.435,230,35234.91
2025-11-16 15:19:40.435,231,40756.99
2025-11-16 15:19:40.435,232,460679.59
2025-11-16 15:19:40.435,233,41267.73
2025-11-16 15:19:40.435,234,66435.75
2025-11-16 15:19:40.435,235,31040.83
2025-11-16 15:19:40.435,236,71306.41
2025-11-16 15:19:40.435,237,284551.28
2025-11-16 15:19:40.435,238,75745.02
2025-11-16 15:19:40.435,239,75745.02
2025-11-16 15:19:40.435,240,20834.94
2025-11-16 15:19:40.435,241,20170.86
2025-11-16 15:19:40.435,242,20464.99
2025-11-16 15:19:40.435,243,20533.68
2025-11-16 15:19:40.435,244,19970.52
2025-11-16 15:19:40.435,245,20419.37
2025-11-16 15:19:40.435,246,19838.42
2025-11-16 15:19:40.435,247,20148.47
2025-11-16 15:19:40.435,248,19258.07
2025-11-16 15:19:40.435,249,19882.33
2025-11-16 15:19:40.435,250,19729.22
2025-11-16 15:19:40.435,251,19449.01
2025-11-16 15:19:40.435,252,20533.68
2025-11-16 15:19:40.435,253,20193.28
2025-11-16 15:19:40.435,254,21023.29
2025-11-16 15:19:40.435,255,20373.88
2025-11-16 15:19:40.435,256,19321.44
2025-11-16 15:19:40.435,257,20648.86
2025-11-16 15:19:40.435,258,20556.65
2025-11-16 15:19:40.435,259,19449.01
2025-11-16 15:19:40.435,260,21626.94
2025-11-16 15:19:40.435,261,21700.95
2025-11-16 15:19:40.435,262,20648.86
2025-11-16 15:19:40.435,263,22408.76
2025-11-16 15:19:40.435,264,20811.56
2025-11-16 15:19:40.435,265,21118.33
2025-11-16 15:19:40.435,266,22987.37
2025-11-16 15:19:40.435,267,22050.96
2025-11-16 15:19:40.435,268,21925.08
2025-11-16 15:19:40.435,269,20999.62
2025-11-16 15:19:40.435,270,21700.95
2025-11-16 15:19:40.435,271,21775.31
2025-11-16 15:19:40.435,272,85352.86
2025-11-16 15:19:40.435,273,21725.7
2025-11-16 15:19:40.435,274,22827.54
2025-11-16 15:19:40.435,275,22025.71
2025-11-16 15:19:40.435,276,22050.96
2025-11-16 15:19:40.435,277,24208.61
2025-11-16 15:19:40.435,278,25773.33
2025-11-16 15:19:40.435,279,29297.52
2025-11-16 15:19:40.435,280,331208.34
2025-11-16 15:19:40.435,281,34156.08
2025-11-16 15:19:40.435,282,51561.75
2025-11-16 15:19:40.435,283,21775.31
2025-11-16 15:19:40.435,284,56476.62
2025-11-16 15:19:40.435,285,216173.34
2025-11-16 15:19:40.435,286,58028.08
2025-11-16 15:19:40.435,287,58028.08
2025-11-16 15:19:40.435,288,18260.31
2025-11-16 15:19:40.435,289,18142.77
2025-11-16 15:19:40.435,290,17531.99
2025-11-16 15:19:40.435,291,17891.41
2025-11-16 15:19:40.435,292,17145.3
2025-11-16 15:19:40.435,293,17346.5
2025-11-16 15:19:40.435,294,16947.04
2025-11-16 15:19:40.435,295,16982.88
2025-11-16 15:19:40.435,296,16698.84
2025-11-16 15:19:40.435,297,17018.8
2025-11-16 15:19:40.435,298,17199.88
2025-11-16 15:19:40.435,299,17145.3
2025-11-16 15:19:40.435,300,17834.04
2025-11-16 15:19:40.435,301,17457.49
2025-11-16 15:19:40.435,302,18260.31
2025-11-16 15:19:40.435,303,17757.91
2025-11-16 15:19:40.435,304,18822.0
2025-11-16 15:19:40.435,305,18181.84
2025-11-16 15:19:40.435,306,18720.07
2025-11-16 15:19:40.435,307,19406.36
2025-11-16 15:19:40.435,308,18862.97
2025-11-16 15:19:40.435,309,19491.78
2025-11-16 15:19:40.435,310,18103.81
2025-11-16 15:19:40.435,311,19794.65
2025-11-16 15:19:40.435,312,18103.81
2025-11-16 15:19:40.435,313,18578.57
2025-11-16 15:19:40.435,314,20602.68
2025-11-16 15:19:40.435,315,19237.01
2025-11-16 15:19:40.435,316,19153.06
2025-11-16 15:19:40.435,317,18221.02
2025-11-16 15:19:40.435,318,19132.14
2025-11-16 15:19:40.435,319,18578.57
2025-11-16 15:19:40.435,320,61358.41
2025-11-16 15:19:40.435,321,18862.97
2025-11-16 15:19:40.435,322,19794.65
2025-11-16 15:19:40.435,323,19028.03
2025-11-16 15:19:40.435,324,19132.14
2025-11-16 15:19:40.435,325,20975.98
2025-11-16 15:19:40.435,326,22357.16
2025-11-16 15:19:40.435,327,26316.28
2025-11-16 15:19:40.435,328,280371.47
2025-11-16 15:19:40.435,329,31971.61
2025-11-16 15:19:40.435,330,45907.83
2025-11-16 15:19:40.435,331,18822.0
2025-11-16 15:19:40.435,332,51654.79
2025-11-16 15:19:40.435,333,195704.14
2025-11-16 15:19:40.435,334,50556.48
2025-11-16 15:19:40.435,335,50556.48
2025-11-16 15:19:40.435,336,16215.84
2025-11-16 15:19:40.435,337,16182.0
2025-11-16 15:19:40.435,338,15555.25
2025-11-16 15:19:40.435,339,15815.47
2025-11-16 15:19:40.435,340,15050.17
2025-11-16 15:19:40.435,341,15237.23
2025-11-16 15:19:40.435,342,15050.17
2025-11-16 15:19:40.435,343,15174.57
2025-11-16 15:19:40.435,344,15003.83
2025-11-16 15:19:40.435,345,15081.15
2025-11-16 15:19:40.435,346,15571.36
2025-11-16 15:19:40.435,347,15331.81
2025-11-16 15:19:40.435,348,15427.09
2025-11-16 15:19:40.435,349,15766.28
2025-11-16 15:19:40.435,350,16014.12
2025-11-16 15:19:40.435,351,15300.2
2025-11-16 15:19:40.435,352,17018.8
2025-11-16 15:19:40.435,353,16131.41
2025-11-16 15:19:40.435,354,16982.88
2025-11-16 15:19:40.435,355,17531.99
2025-11-16 15:19:40.435,356,16911.3
2025-11-16 15:19:40.435,357,17569.39
2025-11-16 15:19:40.435,358,16232.79
2025-11-16 15:19:40.435,359,17720.0
2025-11-16 15:19:40.435,360,15864.85
2025-11-16 15:19:40.435,361,16734.02
2025-11-16 15:19:40.435,362,18319.45
2025-11-16 15:19:40.435,363,16386.33
2025-11-16 15:19:40.435,364,17272.99
2025-11-16 15:19:40.435,365,16751.64
2025-11-16 15:19:40.435,366,17218.13
2025-11-16 15:19:40.435,367,17272.99
2025-11-16 15:19:40.435,368,64212.57
2025-11-16 15:19:40.435,369,17291.33
2025-11-16 15:19:40.435,370,17910.59
2025-11-16 15:19:40.435,371,17346.5
2025-11-16 15:19:40.435,372,17254.68
2025-11-16 15:19:40.435,373,18659.26
2025-11-16 15:19:40.435,374,20788.21
2025-11-16 15:19:40.435,375,23923.21
2025-11-16 15:19:40.435,376,250766.73
2025-11-16 15:19:40.435,377,29526.5
2025-11-16 15:19:40.435,378,43347.59
2025-11-16 15:19:40.435,379,16751.64
2025-11-16 15:19:40.435,380,49151.41
2025-11-16 15:19:40.435,381,180386.63
2025-11-16 15:19:40.435,382,48725.57
2025-11-16 15:19:40.435,383,48725.57
2025-11-16 15:19:40.435,384,16646.24
2025-11-16 15:19:40.435,385,16300.81
2025-11-16 15:19:40.435,386,15749.92
2025-11-16 15:19:40.435,387,16030.81
2025-11-16 15:19:40.435,388,15205.86
2025-11-16 15:19:40.435,389,15652.22
2025-11-16 15:19:40.435,390,15143.35
2025-11-16 15:19:40.435,391,15347.64
2025-11-16 15:19:40.435,392,15268.68
2025-11-16 15:19:40.435,393,15315.99
2025-11-16 15:19:40.435,394,15864.85
2025-11-16 15:19:40.435,395,15507.04
2025-11-16 15:19:40.435,396,16047.52
2025-11-16 15:19:40.435,397,15930.98
2025-11-16 15:19:40.435,398,16114.59
2025-11-16 15:19:40.435,399,15815.47
2025-11-16 15:19:40.435,400,17272.99
2025-11-16 15:19:40.435,401,16352.05
2025-11-16 15:19:40.435,402,17163.47
2025-11-16 15:19:40.435,403,17853.14
2025-11-16 15:19:40.435,404,17328.08
2025-11-16 15:19:40.435,405,17834.04
2025-11-16 15:19:40.435,406,16215.84
2025-11-16 15:19:40.435,407,18045.56
2025-11-16 15:19:40.435,408,15914.42
2025-11-16 15:19:40.435,409,16911.3
2025-11-16 15:19:40.435,410,18699.77
2025-11-16 15:19:40.435,411,17346.5
2025-11-16 15:19:40.435,412,17569.39
2025-11-16 15:19:40.435,413,16982.88
2025-11-16 15:19:40.435,414,17309.7
2025-11-16 15:19:40.435,415,17364.93
2025-11-16 15:19:40.435,416,58947.51
2025-11-16 15:19:40.435,417,17272.99
2025-11-16 15:19:40.435,418,18026.2
2025-11-16 15:19:40.435,419,17383.4
2025-11-16 15:19:40.435,420,17383.4
2025-11-16 15:19:40.435,421,19007.29
2025-11-16 15:19:40.435,422,20834.94
2025-11-16 15:19:40.435,423,24036.8
2025-11-16 15:19:40.435,424,250766.73
2025-11-16 15:19:40.435,425,29033.7
2025-11-16 15:19:40.435,426,42590.57
2025-11-16 15:19:40.435,427,16929.16
2025-11-16 15:19:40.435,428,48980.34
2025-11-16 15:19:40.435,429,183082.55
2025-11-16 15:19:40.435,430,48139.58
2025-11-16 15:19:40.435,431,48139.58
2025-11-16 15:19:40.435,432,16663.75
2025-11-16 15:19:40.435,433,16593.85
2025-11-16 15:19:40.435,434,15652.22
2025-11-16 15:19:40.435,435,16081.01
2025-11-16 15:19:40.435,436,15363.49
2025-11-16 15:19:40.435,437,15587.49
2025-11-16 15:19:40.435,438,15315.99
2025-11-16 15:19:40.435,439,15523.09
2025-11-16 15:19:40.435,440,15205.86
2025-11-16 15:19:40.435,441,15347.64
2025-11-16 15:19:40.435,442,15782.65
2025-11-16 15:19:40.435,443,15300.2
2025-11-16 15:19:40.435,444,16300.81
2025-11-16 15:19:40.435,445,16114.59
2025-11-16 15:19:40.435,446,16352.05
2025-11-16 15:19:40.435,447,15947.57
2025-11-16 15:19:40.435,448,17127.16
2025-11-16 15:19:40.435,449,16047.52
2025-11-16 15:19:40.435,450,17181.67
2025-11-16 15:19:40.435,451,17757.91
2025-11-16 15:19:40.435,452,17163.47
2025-11-16 15:19:40.435,453,17872.27
2025-11-16 15:19:40.435,454,16455.14
2025-11-16 15:19:40.435,455,18064.95
2025-11-16 15:19:40.435,456,15749.92
2025-11-16 15:19:40.435,457,16875.66
2025-11-16 15:19:40.435,458,18679.5
2025-11-16 15:19:40.435,459,17569.39
2025-11-16 15:19:40.435,460,17420.39
2025-11-16 15:19:40.435,461,16911.3
2025-11-16 15:19:40.435,462,17346.5
2025-11-16 15:19:40.435,463,17494.69
2025-11-16 15:19:40.435,464,64212.57
2025-11-16 15:19:40.435,465,17309.7
2025-11-16 15:19:40.435,466,17757.91
2025-11-16 15:19:40.435,467,17291.33
2025-11-16 15:19:40.435,468,17199.88
2025-11-16 15:19:40.435,469,18781.14
2025-11-16 15:19:40.435,470,20648.86
2025-11-16 15:19:40.435,471,23951.54
2025-11-16 15:19:40.435,472,247485.06
2025-11-16 15:19:40.435,473,29680.64
2025-11-16 15:19:40.435,474,42863.36
2025-11-16 15:19:40.435,475,16840.11
2025-11-16 15:19:40.435,476,48810.25
2025-11-16 15:19:40.435,477,182175.47
2025-11-16 15:19:40.435,478,47484.0
2025-11-16 15:19:40.435,479,47484.0
2025-11-16 15:19:40.435,480,15491.01
2025-11-16 15:19:40.435,481,15363.49
2025-11-16 15:19:40.435,482,14357.96
2025-11-16 15:19:40.435,483,14850.61
2025-11-16 15:19:40.435,484,14183.61
2025-11-16 15:19:40.435,485,14416.64
2025-11-16 15:19:40.435,486,14198.04
2025-11-16 15:19:40.435,487,14198.04
2025-11-16 15:19:40.435,488,14299.57
2025-11-16 15:19:40.435,489,14343.34
2025-11-16 15:19:40.435,490,14401.95
2025-11-16 15:19:40.435,491,14154.79
2025-11-16 15:19:40.435,492,15174.57
2025-11-16 15:19:40.435,493,15019.26
2025-11-16 15:19:40.435,494,15587.49
2025-11-16 15:19:40.435,495,14926.99
2025-11-16 15:19:40.435,496,16386.33
2025-11-16 15:19:40.435,497,15411.16
2025-11-16 15:19:40.435,498,16097.79
2025-11-16 15:19:40.435,499,16698.84
2025-11-16 15:19:40.435,500,16215.84
2025-11-16 15:19:40.435,501,16769.29
2025-11-16 15:19:40.435,502,15284.43
2025-11-16 15:19:40.435,503,17054.83
2025-11-16 15:19:40.435,504,15619.82
2025-11-16 15:19:40.435,505,15749.92
2025-11-16 15:19:40.435,506,17606.89
2025-11-16 15:19:40.435,507,16698.84
2025-11-16 15:19:40.435,508,16455.14
2025-11-16 15:19:40.435,509,15749.92
2025-11-16 15:19:40.435,510,16283.77
2025-11-16 15:19:40.435,511,16420.69
2025-11-16 15:19:40.435,512,61109.78
2025-11-16 15:19:40.435,513,16352.05
2025-11-16 15:19:40.435,514,17054.83
2025-11-16 15:19:40.435,515,16182.0
2025-11-16 15:19:40.435,516,16663.75
2025-11-16 15:19:40.435,517,18260.31
2025-11-16 15:19:40.435,518,19794.65
2025-11-16 15:19:40.435,519,22960.62
2025-11-16 15:19:40.435,520,235144.47
2025-11-16 15:19:40.435,521,28847.41
2025-11-16 15:19:40.435,522,41657.55
2025-11-16 15:19:40.435,523,16131.41
2025-11-16 15:19:40.435,524,47403.09
2025-11-16 15:19:40.435,525,180386.63
2025-11-16 15:19:40.435,526,46606.3
2025-11-16 15:19:40.435,527,46606.3
2025-11-16 15:19:40.435,528,15848.37
2025-11-16 15:19:40.435,529,15619.82
2025-11-16 15:19:40.435,530,14774.7
2025-11-16 15:19:40.435,531,15174.57
2025-11-16 15:19:40.435,532,14564.57
2025-11-16 15:19:40.435,533,14789.84
2025-11-16 15:19:40.435,534,14594.37
2025-11-16 15:19:40.435,535,14624.25
2025-11-16 15:19:40.435,536,14505.19
2025-11-16 15:19:40.435,537,14594.37
2025-11-16 15:19:40.435,538,14805.01
2025-11-16 15:19:40.435,539,14372.61
2025-11-16 15:19:40.435,540,15652.22
2025-11-16 15:19:40.435,541,15491.01
2025-11-16 15:19:40.435,542,15914.42
2025-11-16 15:19:40.435,543,15411.16
2025-11-16 15:19:40.435,544,16751.64
2025-11-16 15:19:40.435,545,15848.37
2025-11-16 15:19:40.435,546,16734.02
2025-11-16 15:19:40.435,547,17145.3
2025-11-16 15:19:40.435,548,16386.33
2025-11-16 15:19:40.435,549,17072.88
2025-11-16 15:19:40.435,550,15782.65
2025-11-16 15:19:40.435,551,17199.88
2025-11-16 15:19:40.435,552,15947.57
2025-11-16 15:19:40.435,553,15914.42
2025-11-16 15:19:40.435,554,18142.77
2025-11-16 15:19:40.435,555,17018.8
2025-11-16 15:19:40.435,556,16663.75
2025-11-16 15:19:40.435,557,16014.12
2025-11-16 15:19:40.435,558,16840.11
2025-11-16 15:19:40.435,559,16455.14
2025-11-16 15:19:40.435,560,57577.48
2025-11-16 15:19:40.435,561,16420.69
2025-11-16 15:19:40.435,562,17383.4
2025-11-16 15:19:40.435,563,16786.96
2025-11-16 15:19:40.435,564,16840.11
2025-11-16 15:19:40.435,565,18578.57
2025-11-16 15:19:40.435,566,20103.78
2025-11-16 15:19:40.435,567,23311.73
2025-11-16 15:19:40.435,568,232241.86
2025-11-16 15:19:40.435,569,28921.71
2025-11-16 15:19:40.435,570,42186.62
2025-11-16 15:19:40.435,571,16317.87
2025-11-16 15:19:40.435,572,48305.81
2025-11-16 15:19:40.435,573,183082.55
2025-11-16 15:19:40.435,574,46684.98
2025-11-16 15:19:40.435,575,46684.98
2025-11-16 15:19:40.435,576,15555.25
2025-11-16 15:19:40.435,577,15395.25
2025-11-16 15:19:40.435,578,14805.01
2025-11-16 15:19:40.435,579,15112.21
2025-11-16 15:19:40.435,580,14357.96
2025-11-16 15:19:40.435,581,14774.7
2025-11-16 15:19:40.435,582,14299.57
2025-11-16 15:19:40.435,583,14372.61
2025-11-16 15:19:40.435,584,14270.47
2025-11-16 15:19:40.435,585,14183.61
2025-11-16 15:19:40.435,586,14564.57
2025-11-16 15:19:40.435,587,14212.49
2025-11-16 15:19:40.435,588,15190.2
2025-11-16 15:19:40.435,589,14805.01
2025-11-16 15:19:40.435,590,15555.25
2025-11-16 15:19:40.435,591,14988.43
2025-11-16 15:19:40.435,592,16215.84
2025-11-16 15:19:40.435,593,15347.64
2025-11-16 15:19:40.435,594,15914.42
2025-11-16 15:19:40.435,595,16420.69
2025-11-16 15:19:40.435,596,15947.57
2025-11-16 15:19:40.435,597,16472.4
2025-11-16 15:19:40.435,598,14774.7
2025-11-16 15:19:40.435,599,16628.76
2025-11-16 15:19:40.435,600,15523.09
2025-11-16 15:19:40.435,601,15555.25
2025-11-16 15:19:40.435,602,17364.93
2025-11-16 15:19:40.435,603,16386.33
2025-11-16 15:19:40.435,604,15815.47
2025-11-16 15:19:40.435,605,15003.83
2025-11-16 15:19:40.435,606,15363.49
2025-11-16 15:19:40.435,607,14314.14
2025-11-16 15:19:40.435,608,58484.71
2025-11-16 15:19:40.435,609,15555.25
2025-11-16 15:19:40.435,610,16734.02
2025-11-16 15:19:40.435,611,15914.42
2025-11-16 15:19:40.435,612,16215.84
2025-11-16 15:19:40.435,613,18103.81
2025-11-16 15:19:40.435,614,19385.09
2025-11-16 15:19:40.435,615,22152.38
2025-11-16 15:19:40.435,616,226638.0
2025-11-16 15:19:40.435,617,28191.18
2025-11-16 15:19:40.435,618,40505.41
2025-11-16 15:19:40.435,619,15491.01
2025-11-16 15:19:40.435,620,46606.3
2025-11-16 15:19:40.435,621,178630.77
2025-11-16 15:19:40.435,622,45151.65
2025-11-16 15:19:40.435,623,45151.65
2025-11-16 15:19:40.435,624,15158.95
2025-11-16 15:19:40.435,625,15205.86
2025-11-16 15:19:40.435,626,14564.57
2025-11-16 15:19:40.435,627,14865.85
2025-11-16 15:19:40.435,628,14097.35
2025-11-16 15:19:40.435,629,14372.61
2025-11-16 15:19:40.435,630,14241.45
2025-11-16 15:19:40.435,631,14154.79
2025-11-16 15:19:40.435,632,14183.61
2025-11-16 15:19:40.435,633,14154.79
2025-11-16 15:19:40.435,634,14416.64
2025-11-16 15:19:40.435,635,14154.79
2025-11-16 15:19:40.435,636,15112.21
2025-11-16 15:19:40.435,637,14835.39
2025-11-16 15:19:40.435,638,15268.68
2025-11-16 15:19:40.435,639,14988.43
2025-11-16 15:19:40.435,640,15947.57
2025-11-16 15:19:40.435,641,14988.43
2025-11-16 15:19:40.435,642,15964.17
2025-11-16 15:19:40.435,643,16840.11
2025-11-16 15:19:40.435,644,16081.01
2025-11-16 15:19:40.435,645,16628.76
2025-11-16 15:19:40.435,646,15411.16
2025-11-16 15:19:40.435,647,16911.3
2025-11-16 15:19:40.435,648,15587.49
2025-11-16 15:19:40.435,649,15684.7
2025-11-16 15:19:40.435,650,17606.89
2025-11-16 15:19:40.435,651,16628.76
2025-11-16 15:19:40.435,652,16131.41
2025-11-16 15:19:40.435,653,15268.68
2025-11-16 15:19:40.435,654,16014.12
2025-11-16 15:19:40.435,655,15947.57
2025-11-16 15:19:40.435,656,57465.76
2025-11-16 15:19:40.435,657,15914.42
2025-11-16 15:19:40.435,658,16215.84
2025-11-16 15:19:40.435,659,16114.59
2025-11-16 15:19:40.435,660,16215.84
2025-11-16 15:19:40.435,661,17872.27
2025-11-16 15:19:40.435,662,19449.01
2025-11-16 15:19:40.435,663,22616.81
2025-11-16 15:19:40.435,664,218701.81
2025-11-16 15:19:40.435,665,28263.01
2025-11-16 15:19:40.435,666,41203.32
2025-11-16 15:19:40.435,667,15158.95
2025-11-16 15:19:40.435,668,47001.92
2025-11-16 15:19:40.435,669,175214.38
2025-11-16 15:19:40.435,670,46371.55
2025-11-16 15:19:40.435,671,46371.55
2025-11-16 15:19:40.435,672,14789.84
2025-11-16 15:19:40.435,673,14774.7
2025-11-16 15:19:40.435,674,14431.36
2025-11-16 15:19:40.435,675,14270.47
2025-11-16 15:19:40.435,676,14549.7
2025-11-16 15:19:40.435,677,14774.7
2025-11-16 15:19:40.435,678,14654.19
2025-11-16 15:19:40.435,679,14654.19
2025-11-16 15:19:40.435,680,14744.46
2025-11-16 15:19:40.435,681,14609.3
2025-11-16 15:19:40.435,682,14988.43
2025-11-16 15:19:40.435,683,14744.46
2025-11-16 15:19:40.435,684,15331.81
2025-11-16 15:19:40.435,685,15143.35
2025-11-16 15:19:40.435,686,15881.35
2025-11-16 15:19:40.435,687,15252.94
2025-11-16 15:19:40.435,688,16734.02
2025-11-16 15:19:40.435,689,15652.22
2025-11-16 15:19:40.435,690,16386.33
2025-11-16 15:19:40.435,691,16982.88
2025-11-16 15:19:40.435,692,16352.05
2025-11-16 15:19:40.435,693,17163.47
2025-11-16 15:19:40.435,694,15815.47
2025-11-16 15:19:40.435,695,17457.49
2025-11-16 15:19:40.435,696,16064.26
2025-11-16 15:19:40.435,697,16283.77
2025-11-16 15:19:40.435,698,18026.2
2025-11-16 15:19:40.435,699,17236.39
2025-11-16 15:19:40.435,700,16893.47
2025-11-16 15:19:40.435,701,16182.0
2025-11-16 15:19:40.435,702,16875.66
2025-11-16 15:19:40.435,703,16911.3
2025-11-16 15:19:40.435,704,60374.14
2025-11-16 15:19:40.435,705,16857.87
2025-11-16 15:19:40.435,706,17218.13
2025-11-16 15:19:40.435,707,16893.47
2025-11-16 15:19:40.435,708,17018.8
2025-11-16 15:19:40.435,709,18378.83
2025-11-16 15:19:40.435,710,20238.23
2025-11-16 15:19:40.435,711,23230.05
2025-11-16 15:19:40.435,712,238117.42
2025-11-16 15:19:40.435,713,28958.97
2025-11-16 15:19:40.435,714,41920.75
2025-11-16 15:19:40.435,715,16386.33
2025-11-16 15:19:40.435,716,48641.14
2025-11-16 15:19:40.435,717,182175.47
2025-11-16 15:19:40.435,718,47161.71
2025-11-16 15:19:40.435,719,47161.71
2025-11-16 15:19:40.435,720,15331.81
2025-11-16 15:19:40.435,721,15300.2
2025-11-16 15:19:40.435,722,15587.49
2025-11-16 15:19:40.435,723,15587.49
2025-11-16 15:19:40.435,724,15019.26
2025-11-16 15:19:40.435,725,15284.43
2025-11-16 15:19:40.435,726,15143.35
2025-11-16 15:19:40.435,727,15050.17
2025-11-16 15:19:40.435,728,15315.99
2025-11-16 15:19:40.435,729,15127.77
2025-11-16 15:19:40.435,730,15555.25
2025-11-16 15:19:40.435,731,15347.64
2025-11-16 15:19:40.435,732,15881.35
2025-11-16 15:19:40.435,733,15881.35
2025-11-16 15:19:40.435,734,16283.77
2025-11-16 15:19:40.435,735,15555.25
2025-11-16 15:19:40.435,736,17163.47
2025-11-16 15:19:40.435,737,16249.76
2025-11-16 15:19:40.435,738,16911.3
2025-11-16 15:19:40.435,739,17476.08
2025-11-16 15:19:40.435,740,16182.0
2025-11-16 15:19:40.435,741,17420.39
2025-11-16 15:19:40.435,742,16283.77
2025-11-16 15:19:40.435,743,17531.99
2025-11-16 15:19:40.435,744,16455.14
2025-11-16 15:19:40.435,745,16840.11
2025-11-16 15:19:40.435,746,18618.86
2025-11-16 15:19:40.435,747,17531.99
2025-11-16 15:19:40.435,748,17272.99
2025-11-16 15:19:40.435,749,16734.02
2025-11-16 15:19:40.435,750,17236.39
2025-11-16 15:19:40.435,751,17346.5
2025-11-16 15:19:40.435,752,59416.6
2025-11-16 15:19:40.435,753,17236.39
2025-11-16 15:19:40.435,754,17420.39
2025-11-16 15:19:40.435,755,17291.33
2025-11-16 15:19:40.435,756,17438.93
2025-11-16 15:19:40.435,757,19153.06
2025-11-16 15:19:40.435,758,20602.68
2025-11-16 15:19:40.435,759,23257.23
2025-11-16 15:19:40.435,760,229407.17
2025-11-16 15:19:40.435,761,29526.5
2025-11-16 15:19:40.435,762,42794.9
2025-11-16 15:19:40.435,763,16947.04
2025-11-16 15:19:40.435,764,48305.81
2025-11-16 15:19:40.435,765,177764.91
2025-11-16 15:19:40.435,766,47161.71
2025-11-16 15:19:40.435,767,47161.71
2025-11-16 15:19:40.435,768,17000.83
2025-11-16 15:19:40.435,769,16982.88
2025-11-16 15:19:40.435,770,16148.25
2025-11-16 15:19:40.435,771,16386.33
2025-11-16 15:19:40.435,772,15491.01
2025-11-16 15:19:40.435,773,16014.12
2025-11-16 15:19:40.435,774,15766.28
2025-11-16 15:19:40.435,775,15815.47
2025-11-16 15:19:40.435,776,16014.12
2025-11-16 15:19:40.435,777,16014.12
2025-11-16 15:19:40.435,778,16182.0
2025-11-16 15:19:40.435,779,16081.01
2025-11-16 15:19:40.435,780,16663.75
2025-11-16 15:19:40.435,781,16420.69
2025-11-16 15:19:40.435,782,16769.29
2025-11-16 15:19:40.435,783,16386.33
2025-11-16 15:19:40.435,784,17834.04
2025-11-16 15:19:40.435,785,16947.04
2025-11-16 15:19:40.435,786,17163.47
2025-11-16 15:19:40.435,787,18279.99
2025-11-16 15:19:40.435,788,16911.3
2025-11-16 15:19:40.435,789,17757.91
2025-11-16 15:19:40.435,790,17163.47
2025-11-16 15:19:40.435,791,18458.39
2025-11-16 15:19:40.435,792,17163.47
2025-11-16 15:19:40.435,793,17254.68
2025-11-16 15:19:40.435,794,19406.36
2025-11-16 15:19:40.435,795,18240.65
2025-11-16 15:19:40.435,796,18084.37
2025-11-16 15:19:40.435,797,17476.08
2025-11-16 15:19:40.435,798,17929.79
2025-11-16 15:19:40.435,799,18103.81
2025-11-16 15:19:40.435,800,63676.8
2025-11-16 15:19:40.435,801,17929.79
2025-11-16 15:19:40.435,802,18822.0
2025-11-16 15:19:40.435,803,18181.84
2025-11-16 15:19:40.435,804,18142.77
2025-11-16 15:19:40.435,805,20148.47
2025-11-16 15:19:40.435,806,21553.27
2025-11-16 15:19:40.435,807,24675.34
2025-11-16 15:19:40.435,808,264774.34
2025-11-16 15:19:40.435,809,31374.49
2025-11-16 15:19:40.435,810,45151.65
2025-11-16 15:19:40.435,811,17853.14
2025-11-16 15:19:40.435,812,51284.3
2025-11-16 15:19:40.435,813,190659.31
2025-11-16 15:19:40.435,814,50918.22
2025-11-16 15:19:40.435,815,50918.22
2025-11-16 15:19:40.435,816,18026.2
2025-11-16 15:19:40.435,817,17910.59
2025-11-16 15:19:40.435,818,16875.66
2025-11-16 15:19:40.435,819,17476.08
2025-11-16 15:19:40.435,820,16386.33
2025-11-16 15:19:40.435,821,16947.04
2025-11-16 15:19:40.435,822,16681.28
2025-11-16 15:19:40.435,823,16734.02
2025-11-16 15:19:40.435,824,16947.04
2025-11-16 15:19:40.435,825,16734.02
2025-11-16 15:19:40.435,826,17054.83
2025-11-16 15:19:40.435,827,17018.8
2025-11-16 15:19:40.435,828,17420.39
2025-11-16 15:19:40.435,829,17309.7
2025-11-16 15:19:40.435,830,16964.95
2025-11-16 15:19:40.435,831,16947.04
2025-11-16 15:19:40.435,832,18378.83
2025-11-16 15:19:40.435,833,17254.68
2025-11-16 15:19:40.435,834,18006.87
2025-11-16 15:19:40.435,835,19111.26
2025-11-16 15:19:40.435,836,17346.5
2025-11-16 15:19:40.435,837,17476.08
2025-11-16 15:19:40.435,838,17494.69
2025-11-16 15:19:40.435,839,19111.26
2025-11-16 15:19:40.435,840,18201.42
2025-11-16 15:19:40.435,841,18339.21
2025-11-16 15:19:40.435,842,20464.99
2025-11-16 15:19:40.435,843,18862.97
2025-11-16 15:19:40.435,844,18822.0
2025-11-16 15:19:40.435,845,18740.4
2025-11-16 15:19:40.435,846,19069.58
2025-11-16 15:19:40.435,847,19111.26
2025-11-16 15:19:40.435,848,65726.85
2025-11-16 15:19:40.435,849,19048.79
2025-11-16 15:19:40.435,850,19577.68
2025-11-16 15:19:40.435,851,19028.03
2025-11-16 15:19:40.435,852,19111.26
2025-11-16 15:19:40.435,853,21213.94
2025-11-16 15:19:40.435,854,22801.05
2025-11-16 15:19:40.435,855,26090.74
2025-11-16 15:19:40.435,856,278325.69
2025-11-16 15:19:40.435,857,32765.05
2025-11-16 15:19:40.435,858,47001.92
2025-11-16 15:19:40.435,859,18781.14
2025-11-16 15:19:40.435,860,54176.42
2025-11-16 15:19:40.435,861,197793.8
2025-11-16 15:19:40.435,862,53182.58
2025-11-16 15:19:40.435,863,53182.58
2025-11-16 15:19:40.435,864,19321.44
2025-11-16 15:19:40.435,865,19237.01
2025-11-16 15:19:40.435,866,18201.42
2025-11-16 15:19:40.435,867,18538.4
2025-11-16 15:19:40.435,868,17891.41
2025-11-16 15:19:40.435,869,18418.55
2025-11-16 15:19:40.435,870,17949.02
2025-11-16 15:19:40.435,871,18006.87
2025-11-16 15:19:40.435,872,18201.42
2025-11-16 15:19:40.435,873,18064.95
2025-11-16 15:19:40.435,874,18398.68
2025-11-16 15:19:40.435,875,18339.21
2025-11-16 15:19:40.435,876,18221.02
2025-11-16 15:19:40.435,877,18518.36
2025-11-16 15:19:40.435,878,18260.31
2025-11-16 15:19:40.435,879,17814.97
2025-11-16 15:19:40.435,880,19577.68
2025-11-16 15:19:40.435,881,18181.84
2025-11-16 15:19:40.435,882,19620.82
2025-11-16 15:19:40.435,883,20081.49
2025-11-16 15:19:40.435,884,18026.2
2025-11-16 15:19:40.435,885,19491.78
2025-11-16 15:19:40.435,886,18822.0
2025-11-16 15:19:40.435,887,20014.81
2025-11-16 15:19:40.435,888,18862.97
2025-11-16 15:19:40.435,889,18740.4
2025-11-16 15:19:40.435,890,21237.94
2025-11-16 15:19:40.435,891,20103.78
2025-11-16 15:19:40.435,892,20193.28
2025-11-16 15:19:40.435,893,19491.78
2025-11-16 15:19:40.435,894,19838.42
2025-11-16 15:19:40.435,895,20193.28
2025-11-16 15:19:40.435,896,68644.23
2025-11-16 15:19:40.435,897,19948.42
2025-11-16 15:19:40.435,898,20556.65
2025-11-16 15:19:40.435,899,20037.0
2025-11-16 15:19:40.435,900,20103.78
2025-11-16 15:19:40.435,901,22152.38
2025-11-16 15:19:40.435,902,23642.52
2025-11-16 15:19:40.435,903,26875.9
2025-11-16 15:19:40.435,904,293282.41
2025-11-16 15:19:40.435,905,34108.26
2025-11-16 15:19:40.435,906,48473.0
2025-11-16 15:19:40.435,907,19882.33
2025-11-16 15:19:40.435,908,53084.88
2025-11-16 15:19:40.435,909,211280.41
2025-11-16 15:19:40.435,910,53182.58
2025-11-16 15:19:40.435,911,53182.58
2025-11-16 15:19:40.435,912,26577.51
2025-11-16 15:19:40.435,913,26479.11
2025-11-16 15:19:40.435,914,25033.8
2025-11-16 15:19:40.435,915,25963.11
2025-11-16 15:19:40.435,916,25523.39
2025-11-16 15:19:40.435,917,25963.11
2025-11-16 15:19:40.435,918,25033.8
2025-11-16 15:19:40.435,919,25094.26
2025-11-16 15:19:40.435,920,25215.81
2025-11-16 15:19:40.435,921,24973.54
2025-11-16 15:19:40.435,922,25585.55
2025-11-16 15:19:40.435,923,25523.39
2025-11-16 15:19:40.435,924,25307.53
2025-11-16 15:19:40.435,925,25276.9
2025-11-16 15:19:40.435,926,22827.54
2025-11-16 15:19:40.435,927,25003.64
2025-11-16 15:19:40.435,928,25523.39
2025-11-16 15:19:40.435,929,24794.01
2025-11-16 15:19:40.435,930,26348.73
2025-11-16 15:19:40.435,931,27556.69
2025-11-16 15:19:40.435,932,25647.93
2025-11-16 15:19:40.435,933,26809.18
2025-11-16 15:19:40.435,934,25523.39
2025-11-16 15:19:40.435,935,25154.93
2025-11-16 15:19:40.435,936,26026.81
2025-11-16 15:19:40.435,937,26348.73
2025-11-16 15:19:40.435,938,28773.39
2025-11-16 15:19:40.435,939,27213.2
2025-11-16 15:19:40.435,940,27145.25
2025-11-16 15:19:40.435,941,27077.54
2025-11-16 15:19:40.435,942,27281.39
2025-11-16 15:19:40.435,943,28263.01
2025-11-16 15:19:40.435,944,90021.7
2025-11-16 15:19:40.435,945,27418.54
2025-11-16 15:19:40.435,946,27145.25
2025-11-16 15:19:40.435,947,27349.84
2025-11-16 15:19:40.435,948,27077.54
2025-11-16 15:19:40.435,949,30150.32
2025-11-16 15:19:40.435,950,31713.61
2025-11-16 15:19:40.435,951,36001.13
2025-11-16 15:19:40.435,952,399475.0
2025-11-16 15:19:40.435,953,44854.87
2025-11-16 15:19:40.435,954,63411.8
2025-11-16 15:19:40.435,955,27800.93
2025-11-16 15:19:40.435,956,70823.62
2025-11-16 15:19:40.435,957,268514.44
2025-11-16 15:19:40.435,958,68342.44
2025-11-16 15:19:40.435,959,68342.44
2025-11-16 15:19:40.435,960,42320.58
2025-11-16 15:19:40.435,961,41267.73
2025-11-16 15:19:40.435,962,41139.08
2025-11-16 15:19:40.435,963,41139.08
2025-11-16 15:19:40.435,964,40256.3
2025-11-16 15:19:40.435,965,40883.72
2025-11-16 15:19:40.435,966,40318.35
2025-11-16 15:19:40.435,967,40505.41
2025-11-16 15:19:40.435,968,41139.08
2025-11-16 15:19:40.435,969,40256.3
2025-11-16 15:19:40.435,970,40630.89
2025-11-16 15:19:40.435,971,40380.55
2025-11-16 15:19:40.435,972,37118.37
2025-11-16 15:19:40.435,973,39887.21
2025-11-16 15:19:40.435,974,38636.91
2025-11-16 15:19:40.435,975,38521.08
2025-11-16 15:19:40.435,976,39644.14
2025-11-16 15:19:40.435,977,39523.48
2025-11-16 15:19:40.435,978,38463.37
2025-11-16 15:19:40.435,979,40630.89
2025-11-16 15:19:40.435,980,39283.93
2025-11-16 15:19:40.435,981,40132.67
2025-11-16 15:19:40.435,982,40071.08
2025-11-16 15:19:40.435,983,38463.37
2025-11-16 15:19:40.435,984,38291.07
2025-11-16 15:19:40.435,985,39523.48
2025-11-16 15:19:40.435,986,39948.35
2025-11-16 15:19:40.435,987,35134.67
2025-11-16 15:19:40.435,988,42455.23
2025-11-16 15:19:40.435,989,40505.41
2025-11-16 15:19:40.435,990,42387.82
2025-11-16 15:19:40.435,991,44634.36
2025-11-16 15:19:40.435,992,137745.05
2025-11-16 15:19:40.435,993,41526.96
2025-11-16 15:19:40.435,994,42455.23
2025-11-16 15:19:40.435,995,40256.3
2025-11-16 15:19:40.435,996,42590.57
2025-11-16 15:19:40.435,997,45831.29
2025-11-16 15:19:40.435,998,47001.92
2025-11-16 15:19:40.435,999,52793.59
2025-11-16 15:19:40.435,1000,734602.25
2025-11-16 15:19:40.435,1001,68192.39
2025-11-16 15:19:40.435,1002,94632.04
2025-11-16 15:19:40.435,1003,41526.96
2025-11-16 15:19:40.435,1004,105581.22
2025-11-16 15:19:40.435,1005,383721.19
2025-11-16 15:19:40.435,1006,107238.9
2025-11-16 15:19:40.435,1007,107238.9
2025-11-16 15:19:40.435,1008,55516.03
2025-11-16 15:19:40.435,1009,56368.51
2025-11-16 15:19:40.435,1010,55201.96
2025-11-16 15:19:40.435,1011,55621.39
2025-11-16 15:19:40.435,1012,54075.63
2025-11-16 15:19:40.435,1013,54582.74
2025-11-16 15:19:40.435,1014,54176.42
2025-11-16 15:19:40.435,1015,53378.87
2025-11-16 15:19:40.435,1016,53378.87
2025-11-16 15:19:40.435,1017,53182.58
2025-11-16 15:19:40.435,1018,54176.42
2025-11-16 15:19:40.435,1019,54582.74
2025-11-16 15:19:40.435,1020,52504.97
2025-11-16 15:19:40.435,1021,51468.98
2025-11-16 15:19:40.435,1022,54176.42
2025-11-16 15:19:40.435,1023,53084.88
2025-11-16 15:19:40.435,1024,54378.94
2025-11-16 15:19:40.435,1025,53182.58
2025-11-16 15:19:40.435,1026,49670.62
2025-11-16 15:19:40.435,1027,54787.84
2025-11-16 15:19:40.435,1028,46371.55
2025-11-16 15:19:40.435,1029,50199.01
2025-11-16 15:19:40.435,1030,51841.71
2025-11-16 15:19:40.435,1031,40256.3
2025-11-16 15:19:40.435,1032,51468.98
2025-11-16 15:19:40.435,1033,52029.78
2025-11-16 15:19:40.435,1034,50918.22
2025-11-16 15:19:40.435,1035,51284.3
2025-11-16 15:19:40.435,1036,53182.58
2025-11-16 15:19:40.435,1037,53975.16
2025-11-16 15:19:40.435,1038,54890.87
2025-11-16 15:19:40.435,1039,57689.57
2025-11-16 15:19:40.435,1040,175214.38
2025-11-16 15:19:40.435,1041,54176.42
2025-11-16 15:19:40.435,1042,50377.22
2025-11-16 15:19:40.435,1043,50918.22
2025-11-16 15:19:40.435,1044,54176.42
2025-11-16 15:19:40.435,1045,55727.09
2025-11-16 15:19:40.435,1046,54582.74
2025-11-16 15:19:40.435,1047,56693.92
2025-11-16 15:19:40.435,1048,900097.25
2025-11-16 15:19:40.435,1049,87167.16
2025-11-16 15:19:40.435,1050,108599.64
2025-11-16 15:19:40.435,1051,52029.78
2025-11-16 15:19:40.435,1052,132592.78
2025-11-16 15:19:40.435,1053,383721.19
2025-11-16 15:19:40.435,1054,121579.19
2025-11-16 15:19:40.435,1055,121579.19
2025-11-16 15:19:40.435,1056,48641.14
2025-11-16 15:19:40.435,1057,47565.14
2025-11-16 15:19:40.435,1058,47161.71
2025-11-16 15:19:40.435,1059,47081.7
2025-11-16 15:19:40.435,1060,46216.13
2025-11-16 15:19:40.435,1061,46684.98
2025-11-16 15:19:40.435,1062,45301.25
2025-11-16 15:19:40.435,1063,46061.56
2025-11-16 15:19:40.435,1064,45907.83
2025-11-16 15:19:40.435,1065,45301.25
2025-11-16 15:19:40.435,1066,45907.83
2025-11-16 15:19:40.435,1067,45678.82
2025-11-16 15:19:40.435,1068,46061.56
2025-11-16 15:19:40.435,1069,45602.89
2025-11-16 15:19:40.435,1070,46843.01
2025-11-16 15:19:40.435,1071,45754.95
2025-11-16 15:19:40.435,1072,46527.84
2025-11-16 15:19:40.435,1073,45602.89
2025-11-16 15:19:40.435,1074,39887.21
2025-11-16 15:19:40.435,1075,46138.74
2025-11-16 15:19:40.435,1076,38695.02
2025-11-16 15:19:40.435,1077,39765.37
2025-11-16 15:19:40.435,1078,45226.35
2025-11-16 15:19:40.435,1079,39644.14
2025-11-16 15:19:40.435,1080,38463.37
2025-11-16 15:19:40.435,1081,43557.83
2025-11-16 15:19:40.435,1082,38463.37
2025-11-16 15:19:40.435,1083,42253.52
2025-11-16 15:19:40.435,1084,45151.65
2025-11-16 15:19:40.435,1085,46138.74
2025-11-16 15:19:40.435,1086,45907.83
2025-11-16 15:19:40.435,1087,50918.22
2025-11-16 15:19:40.435,1088,146809.88
2025-11-16 15:19:40.435,1089,46371.55
2025-11-16 15:19:40.435,1090,45984.59
2025-11-16 15:19:40.435,1091,45678.82
2025-11-16 15:19:40.435,1092,46061.56
2025-11-16 15:19:40.435,1093,50556.48
2025-11-16 15:19:40.435,1094,49496.55
2025-11-16 15:19:40.435,1095,52793.59
2025-11-16 15:19:40.435,1096,793012.25
2025-11-16 15:19:40.435,1097,77583.78
2025-11-16 15:19:40.435,1098,95170.63
2025-11-16 15:19:40.435,1099,46371.55
2025-11-16 15:19:40.435,1100,119086.36
2025-11-16 15:19:40.435,1101,372678.72
2025-11-16 15:19:40.435,1102,112143.66
2025-11-16 15:19:40.435,1103,112143.66
2025-11-16 15:19:40.435,1104,59653.54
2025-11-16 15:19:40.435,1105,58715.34
2025-11-16 15:19:40.435,1106,58255.64
2025-11-16 15:19:40.435,1107,59181.26
2025-11-16 15:19:40.435,1108,55201.96
2025-11-16 15:19:40.435,1109,58255.64
2025-11-16 15:19:40.435,1110,57914.87
2025-11-16 15:19:40.435,1111,57802.03
2025-11-16 15:19:40.435,1112,57802.03
2025-11-16 15:19:40.435,1113,56803.11
2025-11-16 15:19:40.435,1114,57577.48
2025-11-16 15:19:40.435,1115,58028.08
2025-11-16 15:19:40.435,1116,58028.08
2025-11-16 15:19:40.435,1117,58255.64
2025-11-16 15:19:40.435,1118,59181.26
2025-11-16 15:19:40.435,1119,57802.03
2025-11-16 15:19:40.435,1120,59653.54
2025-11-16 15:19:40.435,1121,57802.03
2025-11-16 15:19:40.435,1122,51468.98
2025-11-16 15:19:40.435,1123,55621.39
2025-11-16 15:19:40.435,1124,57132.8
2025-11-16 15:19:40.435,1125,55939.52
2025-11-16 15:19:40.435,1126,56368.51
2025-11-16 15:19:40.435,1127,55201.96
2025-11-16 15:19:40.435,1128,53084.88
2025-11-16 15:19:40.435,1129,56046.25
2025-11-16 15:19:40.435,1130,53182.58
2025-11-16 15:19:40.435,1131,56912.64
2025-11-16 15:19:40.435,1132,54685.13
2025-11-16 15:19:40.435,1133,57802.03
2025-11-16 15:19:40.435,1134,56260.74
2025-11-16 15:19:40.435,1135,63676.8
2025-11-16 15:19:40.435,1136,176906.95
2025-11-16 15:19:40.435,1137,57802.03
2025-11-16 15:19:40.435,1138,55727.09
2025-11-16 15:19:40.435,1139,54787.84
2025-11-16 15:19:40.435,1140,58028.08
2025-11-16 15:19:40.435,1141,64483.38
2025-11-16 15:19:40.435,1142,62114.86
2025-11-16 15:19:40.435,1143,68493.05
2025-11-16 15:19:40.435,1144,942433.13
2025-11-16 15:19:40.435,1145,94632.04
2025-11-16 15:19:40.435,1146,125056.52
2025-11-16 15:19:40.435,1147,58484.71
2025-11-16 15:19:40.435,1148,154372.98
2025-11-16 15:19:40.435,1149,450099.75
2025-11-16 15:19:40.435,1150,151134.84
2025-11-16 15:19:40.435,1151,151134.84
2025-11-16 15:19:40.435,1152,93048.8
2025-11-16 15:19:40.435,1153,89534.38
2025-11-16 15:19:40.435,1154,85352.86
2025-11-16 15:19:40.435,1155,87631.56
2025-11-16 15:19:40.435,1156,86251.47
2025-11-16 15:19:40.435,1157,86707.14
2025-11-16 15:19:40.435,1158,86707.14
2025-11-16 15:19:40.435,1159,85352.86
2025-11-16 15:19:40.435,1160,83604.98
2025-11-16 15:19:40.435,1161,79307.3
2025-11-16 15:19:40.435,1162,84035.92
2025-11-16 15:19:40.435,1163,85800.06
2025-11-16 15:19:40.435,1164,84909.8
2025-11-16 15:19:40.435,1165,85352.86
2025-11-16 15:19:40.435,1166,86707.14
2025-11-16 15:19:40.435,1167,85352.86
2025-11-16 15:19:40.435,1168,90021.7
2025-11-16 15:19:40.435,1169,83604.98
2025-11-16 15:19:40.435,1170,82127.26
2025-11-16 15:19:40.435,1171,87167.16
2025-11-16 15:19:40.435,1172,85130.81
2025-11-16 15:19:40.435,1173,85575.93
2025-11-16 15:19:40.435,1174,83177.96
2025-11-16 15:19:40.435,1175,84909.8
2025-11-16 15:19:40.435,1176,84909.8
2025-11-16 15:19:40.435,1177,82335.49
2025-11-16 15:19:40.435,1178,84909.8
2025-11-16 15:19:40.435,1179,86251.47
2025-11-16 15:19:40.435,1180,77209.76
2025-11-16 15:19:40.435,1181,83390.98
2025-11-16 15:19:40.435,1182,76838.91
2025-11-16 15:19:40.435,1183,88573.8
2025-11-16 15:19:40.435,1184,241163.34
2025-11-16 15:19:40.435,1185,73637.78
2025-11-16 15:19:40.435,1186,76288.51
2025-11-16 15:19:40.435,1187,72622.48
2025-11-16 15:19:40.435,1188,74328.61
2025-11-16 15:19:40.435,1189,88573.8
2025-11-16 15:19:40.435,1190,67304.12
2025-11-16 15:19:40.435,1191,75925.42
2025-11-16 15:19:40.435,1192,134100.34
2025-11-16 15:19:40.435,1193,134100.34
2025-11-16 15:19:40.435,1194,156379.06
2025-11-16 15:19:40.435,1195,73466.84
2025-11-16 15:19:40.435,1196,205453.95
2025-11-16 15:19:40.435,1197,575017.88
2025-11-16 15:19:40.435,1198,182175.47
2025-11-16 15:19:40.435,1199,182175.47
2025-11-16 15:19:40.435,1200,376290.09
2025-11-16 15:19:40.435,1201,331208.34
2025-11-16 15:19:40.435,1202,339960.47
2025-11-16 15:19:40.435,1203,334076.69
2025-11-16 15:19:40.435,1204,322883.13
2025-11-16 15:19:40.435,1205,331208.34
2025-11-16 15:19:40.435,1206,334076.69
2025-11-16 15:19:40.435,1207,346048.91
2025-11-16 15:19:40.435,1208,334076.69
2025-11-16 15:19:40.435,1209,270422.94
2025-11-16 15:19:40.435,1210,286686.59
2025-11-16 15:19:40.435,1211,288853.09
2025-11-16 15:19:40.435,1212,320197.59
2025-11-16 15:19:40.435,1213,300178.03
2025-11-16 15:19:40.435,1214,276308.56
2025-11-16 15:19:40.435,1215,297844.91
2025-11-16 15:19:40.435,1216,268514.44
2025-11-16 15:19:40.435,1217,270422.94
2025-11-16 15:19:40.435,1218,272357.75
2025-11-16 15:19:40.435,1219,270422.94
2025-11-16 15:19:40.435,1220,280371.47
2025-11-16 15:19:40.435,1221,322883.13
2025-11-16 15:19:40.435,1222,314954.38
2025-11-16 15:19:40.435,1223,288853.09
2025-11-16 15:19:40.435,1224,278325.69
2025-11-16 15:19:40.435,1225,261133.28
2025-11-16 15:19:40.435,1226,280371.47
2025-11-16 15:19:40.435,1227,297844.91
2025-11-16 15:19:40.435,1228,314954.38
2025-11-16 15:19:40.435,1229,280371.47
2025-11-16 15:19:40.435,1230,268514.44
2025-11-16 15:19:40.435,1231,312394.69
2025-11-16 15:19:40.435,1232,793012.25
2025-11-16 15:19:40.435,1233,314954.38
2025-11-16 15:19:40.435,1234,339960.47
2025-11-16 15:19:40.435,1235,334076.69
2025-11-16 15:19:40.435,1236,320197.59
2025-11-16 15:19:40.435,1237,322883.13
2025-11-16 15:19:40.435,1238,372678.72
2025-11-16 15:19:40.435,1239,395419.56
2025-11-16 15:19:40.435,1240,508356.06
2025-11-16 15:19:40.435,1241,508356.06
2025-11-16 15:19:40.435,1242,550970.88
2025-11-16 15:19:40.435,1243,339960.47
2025-11-16 15:19:40.435,1244,762705.19
2025-11-16 15:19:40.435,1245,650520.19
2025-11-16 15:19:40.435,1246,650520.19
2025-11-16 15:19:40.435,1247,650520.19
2025-11-16 15:19:40.435,1248,94900.64
2025-11-16 15:19:40.435,1249,93571.2
2025-11-16 15:19:40.435,1250,94098.91
2025-11-16 15:19:40.435,1251,94632.04
2025-11-16 15:19:40.435,1252,91261.14
2025-11-16 15:19:40.435,1253,89051.75
2025-11-16 15:19:40.435,1254,91512.71
2025-11-16 15:19:40.435,1255,92531.65
2025-11-16 15:19:40.435,1256,95170.63
2025-11-16 15:19:40.435,1257,90513.82
2025-11-16 15:19:40.435,1258,92531.65
2025-11-16 15:19:40.435,1259,95170.63
2025-11-16 15:19:40.435,1260,93571.2
2025-11-16 15:19:40.435,1261,95170.63
2025-11-16 15:19:40.435,1262,93571.2
2025-11-16 15:19:40.435,1263,92531.65
2025-11-16 15:19:40.435,1264,91010.8
2025-11-16 15:19:40.435,1265,88573.8
2025-11-16 15:19:40.435,1266,80695.41
2025-11-16 15:19:40.435,1267,65586.65
2025-11-16 15:19:40.435,1268,96820.16
2025-11-16 15:19:40.435,1269,93048.8
2025-11-16 15:19:40.435,1270,95170.63
2025-11-16 15:19:40.435,1271,93571.2
2025-11-16 15:19:40.435,1272,93571.2
2025-11-16 15:19:40.435,1273,90021.7
2025-11-16 15:19:40.435,1274,100279.32
2025-11-16 15:19:40.435,1275,99101.66
2025-11-16 15:19:40.435,1276,91010.8
2025-11-16 15:19:40.435,1277,97664.48
2025-11-16 15:19:40.435,1278,90513.82
2025-11-16 15:19:40.435,1279,101482.63
2025-11-16 15:19:40.435,1280,264774.34
2025-11-16 15:19:40.435,1281,93309.35
2025-11-16 15:19:40.435,1282,99101.66
2025-11-16 15:19:40.435,1283,97381.57
2025-11-16 15:19:40.435,1284,96820.16
2025-11-16 15:19:40.435,1285,107238.9
2025-11-16 15:19:40.435,1286,106570.16
2025-11-16 15:19:40.435,1287,125504.14
2025-11-16 15:19:40.435,1288,151772.23
2025-11-16 15:19:40.435,1289,151772.23
2025-11-16 15:19:40.435,1290,205453.95
2025-11-16 15:19:40.435,1291,103337.61
2025-11-16 15:19:40.435,1292,223932.14
2025-11-16 15:19:40.435,1293,861364.44
2025-11-16 15:19:40.435,1294,238117.42
2025-11-16 15:19:40.435,1295,238117.42
2025-11-16 15:19:40.435,1296,59416.6
2025-11-16 15:19:40.435,1297,56912.64
2025-11-16 15:19:40.435,1298,56046.25
2025-11-16 15:19:40.435,1299,58255.64
2025-11-16 15:19:40.435,1300,56803.11
2025-11-16 15:19:40.435,1301,56912.64
2025-11-16 15:19:40.435,1302,55833.13
2025-11-16 15:19:40.435,1303,55201.96
2025-11-16 15:19:40.435,1304,56912.64
2025-11-16 15:19:40.435,1305,54685.13
2025-11-16 15:19:40.435,1306,56260.74
2025-11-16 15:19:40.435,1307,54378.94
2025-11-16 15:19:40.435,1308,54787.84
2025-11-16 15:19:40.435,1309,54378.94
2025-11-16 15:19:40.435,1310,56260.74
2025-11-16 15:19:40.435,1311,54685.13
2025-11-16 15:19:40.435,1312,56476.62
2025-11-16 15:19:40.435,1313,51935.61
2025-11-16 15:19:40.435,1314,52793.59
2025-11-16 15:19:40.435,1315,55097.93
2025-11-16 15:19:40.435,1316,55201.96
2025-11-16 15:19:40.435,1317,54582.74
2025-11-16 15:19:40.435,1318,54176.42
2025-11-16 15:19:40.435,1319,56046.25
2025-11-16 15:19:40.435,1320,54994.24
2025-11-16 15:19:40.435,1321,48641.14
2025-11-16 15:19:40.435,1322,56260.74
2025-11-16 15:19:40.435,1323,54994.24
2025-11-16 15:19:40.435,1324,52987.48
2025-11-16 15:19:40.435,1325,56368.51
2025-11-16 15:19:40.435,1326,50287.98
2025-11-16 15:19:40.435,1327,57802.03
2025-11-16 15:19:40.435,1328,150502.45
2025-11-16 15:19:40.435,1329,50646.52
2025-11-16 15:19:40.435,1330,55727.09
2025-11-16 15:19:40.435,1331,48980.34
2025-11-16 15:19:40.435,1332,49670.62
2025-11-16 15:19:40.435,1333,60374.14
2025-11-16 15:19:40.435,1334,50199.01
2025-11-16 15:19:40.435,1335,66150.61
2025-11-16 15:19:40.435,1336,793012.25
2025-11-16 15:19:40.435,1337,88573.8
2025-11-16 15:19:40.435,1338,102402.48
2025-11-16 15:19:40.435,1339,54994.24
2025-11-16 15:19:40.435,1340,135640.13
2025-11-16 15:19:40.435,1341,322883.13
2025-11-16 15:19:40.435,1342,119086.36
2025-11-16 15:19:40.435,1343,119086.36
2025-11-16 15:19:40.435,1344,30712.49
2025-11-16 15:19:40.435,1345,29953.28
2025-11-16 15:19:40.435,1346,29526.5
2025-11-16 15:19:40.435,1347,29641.99
2025-11-16 15:19:40.435,1348,28958.97
2025-11-16 15:19:40.435,1349,29071.17
2025-11-16 15:19:40.435,1350,28480.09
2025-11-16 15:19:40.435,1351,28996.3
2025-11-16 15:19:40.435,1352,28847.41
2025-11-16 15:19:40.435,1353,27765.84
2025-11-16 15:19:40.435,1354,29033.7
2025-11-16 15:19:40.435,1355,28996.3
2025-11-16 15:19:40.435,1356,29526.5
2025-11-16 15:19:40.435,1357,29603.42
2025-11-16 15:19:40.435,1358,30631.22
2025-11-16 15:19:40.435,1359,29221.78
2025-11-16 15:19:40.435,1360,30712.49
2025-11-16 15:19:40.435,1361,29108.72
2025-11-16 15:19:40.435,1362,28921.71
2025-11-16 15:19:40.435,1363,29992.53
2025-11-16 15:19:40.435,1364,30550.28
2025-11-16 15:19:40.435,1365,31040.83
2025-11-16 15:19:40.435,1366,29526.5
2025-11-16 15:19:40.435,1367,31206.99
2025-11-16 15:19:40.435,1368,29526.5
2025-11-16 15:19:40.435,1369,27043.79
2025-11-16 15:19:40.435,1370,31928.39
2025-11-16 15:19:40.435,1371,31082.24
2025-11-16 15:19:40.435,1372,29526.5
2025-11-16 15:19:40.435,1373,30071.27
2025-11-16 15:19:40.435,1374,28480.09
2025-11-16 15:19:40.435,1375,31332.49
2025-11-16 15:19:40.435,1376,92531.65
2025-11-16 15:19:40.435,1377,28773.39
2025-11-16 15:19:40.435,1378,31040.83
2025-11-16 15:19:40.435,1379,29033.7
2025-11-16 15:19:40.435,1380,28958.97
2025-11-16 15:19:40.435,1381,33682.49
2025-11-16 15:19:40.435,1382,31543.36
2025-11-16 15:19:40.435,1383,38521.08
2025-11-16 15:19:40.435,1384,460679.59
2025-11-16 15:19:40.435,1385,50466.71
2025-11-16 15:19:40.435,1386,65307.78
2025-11-16 15:19:40.435,1387,30794.08
2025-11-16 15:19:40.435,1388,78725.33
2025-11-16 15:19:40.435,1389,264774.34
2025-11-16 15:19:40.435,1390,72958.16
2025-11-16 15:19:40.435,1391,72958.16
2025-11-16 15:19:40.435,1392,34935.51
2025-11-16 15:19:40.435,1393,33682.49
2025-11-16 15:19:40.435,1394,33823.5
2025-11-16 15:19:40.435,1395,33870.7
2025-11-16 15:19:40.435,1396,33127.38
2025-11-16 15:19:40.435,1397,34060.55
2025-11-16 15:19:40.435,1398,32675.42
2025-11-16 15:19:40.435,1399,33729.39
2025-11-16 15:19:40.435,1400,33356.95
2025-11-16 15:19:40.435,1401,32189.05
2025-11-16 15:19:40.435,1402,33495.87
2025-11-16 15:19:40.435,1403,33495.87
2025-11-16 15:19:40.435,1404,33776.39
2025-11-16 15:19:40.435,1405,33823.5
2025-11-16 15:19:40.435,1406,34445.18
2025-11-16 15:19:40.435,1407,33823.5
2025-11-16 15:19:40.435,1408,35640.36
2025-11-16 15:19:40.435,1409,33036.22
2025-11-16 15:19:40.435,1410,33588.98
2025-11-16 15:19:40.435,1411,34445.18
2025-11-16 15:19:40.435,1412,35034.87
2025-11-16 15:19:40.435,1413,35949.24
2025-11-16 15:19:40.435,1414,34445.18
2025-11-16 15:19:40.435,1415,36526.48
2025-11-16 15:19:40.435,1416,34738.09
2025-11-16 15:19:40.435,1417,33682.49
2025-11-16 15:19:40.435,1418,37558.35
2025-11-16 15:19:40.435,1419,36579.68
2025-11-16 15:19:40.435,1420,34591.16
2025-11-16 15:19:40.435,1421,35184.73
2025-11-16 15:19:40.435,1422,33870.7
2025-11-16 15:19:40.435,1423,36686.43
2025-11-16 15:19:40.435,1424,128722.46
2025-11-16 15:19:40.435,1425,34542.39
2025-11-16 15:19:40.435,1426,36686.43
2025-11-16 15:19:40.435,1427,34738.09
2025-11-16 15:19:40.435,1428,34445.18
2025-11-16 15:19:40.435,1429,39224.4
2025-11-16 15:19:40.435,1430,39523.48
2025-11-16 15:19:40.435,1431,46843.01
2025-11-16 15:19:40.435,1432,550970.88
2025-11-16 15:19:40.435,1433,58484.71
2025-11-16 15:19:40.435,1434,77583.78
2025-11-16 15:19:40.435,1435,36262.32
2025-11-16 15:19:40.435,1436,91512.71
2025-11-16 15:19:40.435,1437,328387.41
2025-11-16 15:19:40.435,1438,90513.82
2025-11-16 15:19:40.435,1439,90513.82
2025-11-16 15:19:40.435,1440,38521.08
2025-11-16 15:19:40.435,1441,37725.46
2025-11-16 15:19:40.435,1442,37063.94
2025-11-16 15:19:40.435,1443,37558.35
2025-11-16 15:19:40.435,1444,36739.99
2025-11-16 15:19:40.435,1445,36157.48
2025-11-16 15:19:40.435,1446,36686.43
2025-11-16 15:19:40.435,1447,36579.68
2025-11-16 15:19:40.435,1448,36473.41
2025-11-16 15:19:40.435,1449,36105.25
2025-11-16 15:19:40.435,1450,36262.32
2025-11-16 15:19:40.435,1451,37447.59
2025-11-16 15:19:40.435,1452,37337.34
2025-11-16 15:19:40.435,1453,37781.43
2025-11-16 15:19:40.435,1454,37950.12
2025-11-16 15:19:40.435,1455,37063.94
2025-11-16 15:19:40.435,1456,38578.92
2025-11-16 15:19:40.435,1457,36314.91
2025-11-16 15:19:40.435,1458,35640.36
2025-11-16 15:19:40.435,1459,37009.64
2025-11-16 15:19:40.435,1460,38348.37
2025-11-16 15:19:40.435,1461,38578.92
2025-11-16 15:19:40.435,1462,36526.48
2025-11-16 15:19:40.435,1463,39463.38
2025-11-16 15:19:40.435,1464,37063.94
2025-11-16 15:19:40.435,1465,32014.92
2025-11-16 15:19:40.435,1466,39463.38
2025-11-16 15:19:40.435,1467,38348.37
2025-11-16 15:19:40.435,1468,35335.6
2025-11-16 15:19:40.435,1469,37558.35
2025-11-16 15:19:40.435,1470,34689.0
2025-11-16 15:19:40.435,1471,39765.37
2025-11-16 15:19:40.435,1472,126408.34
2025-11-16 15:19:40.435,1473,34738.09
2025-11-16 15:19:40.435,1474,38463.37
2025-11-16 15:19:40.435,1475,34396.74
2025-11-16 15:19:40.435,1476,34156.08
2025-11-16 15:19:40.435,1477,41397.01
2025-11-16 15:19:40.435,1478,33682.49
2025-11-16 15:19:40.435,1479,47403.09
2025-11-16 15:19:40.435,1480,566776.38
2025-11-16 15:19:40.435,1481,61483.39
2025-11-16 15:19:40.435,1482,75565.37
2025-11-16 15:19:40.435,1483,38348.37
2025-11-16 15:19:40.435,1484,94632.04
2025-11-16 15:19:40.435,1485,300178.03
2025-11-16 15:19:40.435,1486,90513.82
2025-11-16 15:19:40.435,1487,90513.82
2025-11-16 15:19:40.435,1488,29297.52
2025-11-16 15:19:40.435,1489,28553.0
2025-11-16 15:19:40.435,1490,28335.09
2025-11-16 15:19:40.435,1491,28773.39
2025-11-16 15:19:40.435,1492,27730.82
2025-11-16 15:19:40.435,1493,27349.84
2025-11-16 15:19:40.435,1494,27695.87
2025-11-16 15:19:40.435,1495,27977.33
2025-11-16 15:19:40.435,1496,28191.18
2025-11-16 15:19:40.435,1497,27349.84
2025-11-16 15:19:40.435,1498,27591.39
2025-11-16 15:19:40.435,1499,28119.63
2025-11-16 15:19:40.435,1500,27836.08
2025-11-16 15:19:40.435,1501,28516.51
2025-11-16 15:19:40.435,1502,29071.17
2025-11-16 15:19:40.435,1503,28443.74
2025-11-16 15:19:40.435,1504,29641.99
2025-11-16 15:19:40.435,1505,27349.84
2025-11-16 15:19:40.435,1506,27077.54
2025-11-16 15:19:40.435,1507,27836.08
2025-11-16 15:19:40.435,1508,29221.78
2025-11-16 15:19:40.435,1509,29526.5
2025-11-16 15:19:40.435,1510,28407.46
2025-11-16 15:19:40.435,1511,30229.68
2025-11-16 15:19:40.435,1512,28407.46
2025-11-16 15:19:40.435,1513,26544.65
2025-11-16 15:19:40.435,1514,30794.08
2025-11-16 15:19:40.435,1515,29992.53
2025-11-16 15:19:40.435,1516,27556.69
2025-11-16 15:19:40.435,1517,29221.78
2025-11-16 15:19:40.435,1518,26122.79
2025-11-16 15:19:40.435,1519,30309.35
2025-11-16 15:19:40.435,1520,98522.22
2025-11-16 15:19:40.435,1521,26610.43
2025-11-16 15:19:40.435,1522,29992.53
2025-11-16 15:19:40.435,1523,27213.2
2025-11-16 15:19:40.435,1524,26676.44
2025-11-16 15:19:40.435,1525,32586.16
2025-11-16 15:19:40.435,1526,29603.42
2025-11-16 15:19:40.435,1527,37781.43
2025-11-16 15:19:40.435,1528,450099.75
2025-11-16 15:19:40.435,1529,47403.09
2025-11-16 15:19:40.435,1530,59653.54
2025-11-16 15:19:40.435,1531,29297.52
2025-11-16 15:19:40.435,1532,76838.91
2025-11-16 15:19:40.435,1533,255849.03
2025-11-16 15:19:40.435,1534,73981.77
2025-11-16 15:19:40.435,1535,73981.77
2025-11-16 15:19:40.435,1536,26187.06
2025-11-16 15:19:40.435,1537,26187.06
2025-11-16 15:19:40.435,1538,26187.06
2025-11-16 15:19:40.435,1539,26187.06
2025-11-16 15:19:40.435,1540,26187.06
2025-11-16 15:19:40.435,1541,26187.06
2025-11-16 15:19:40.435,1542,26187.06
2025-11-16 15:19:40.435,1543,26187.06
2025-11-16 15:19:40.435,1544,26187.06
2025-11-16 15:19:40.435,1545,26187.06
2025-11-16 15:19:40.435,1546,26187.06
2025-11-16 15:19:40.435,1547,26187.06
2025-11-16 15:19:40.435,1548,26187.06
2025-11-16 15:19:40.435,1549,26187.06
2025-11-16 15:19:40.435,1550,26187.06
2025-11-16 15:19:40.435,1551,26187.06
2025-11-16 15:19:40.435,1552,26187.06
2025-11-16 15:19:40.435,1553,26187.06
2025-11-16 15:19:40.435,1554,26187.06
2025-11-16 15:19:40.435,1555,26187.06
2025-11-16 15:19:40.435,1556,26187.06
2025-11-16 15:19:40.435,1557,26187.06
2025-11-16 15:19:40.435,1558,26187.06
2025-11-16 15:19:40.435,1559,26187.06
2025-11-16 15:19:40.435,1560,26187.06
2025-11-16 15:19:40.435,1561,26187.06
2025-11-16 15:19:40.435,1562,26187.06
2025-11-16 15:19:40.435,1563,26187.06
2025-11-16 15:19:40.435,1564,26187.06
2025-11-16 15:19:40.435,1565,26187.06
2025-11-16 15:19:40.435,1566,26187.06
2025-11-16 15:19:40.435,1567,26187.06
2025-11-16 15:19:40.435,1568,26187.06
2025-11-16 15:19:40.435,1569,26187.06
2025-11-16 15:19:40.435,1570,26187.06
2025-11-16 15:19:40.435,1571,26187.06
2025-11-16 15:19:40.435,1572,26187.06
2025-11-16 15:19:40.435,1573,26187.06
2025-11-16 15:19:40.435,1574,26187.06
2025-11-16 15:19:40.435,1575,26187.06
2025-11-16 15:19:40.435,1576,26187.06
2025-11-16 15:19:40.435,1577,26187.06
2025-11-16 15:19:40.435,1578,26187.06
2025-11-16 15:19:40.435,1579,26187.06
2025-11-16 15:19:40.435,1580,26187.06
2025-11-16 15:19:40.435,1581,26187.06
2025-11-16 15:19:40.435,1582,26187.06
2025-11-16 15:19:40.435,1583,26187.06
2025-11-16 15:19:40.435,1584,26187.06
2025-11-16 15:19:40.435,1585,25033.8
2025-11-16 15:19:40.435,1586,25064.0
2025-11-16 15:19:40.435,1587,25647.93
2025-11-16 15:19:40.435,1588,24616.31
2025-11-16 15:19:40.435,1589,24093.88
2025-11-16 15:19:40.435,1590,24382.16
2025-11-16 15:19:40.435,1591,24883.55
2025-11-16 15:19:40.435,1592,25003.64
2025-11-16 15:19:40.435,1593,24065.32
2025-11-16 15:19:40.435,1594,24704.93
2025-11-16 15:19:40.435,1595,24973.54
2025-11-16 15:19:40.435,1596,24557.47
2025-11-16 15:19:40.435,1597,25461.45
2025-11-16 15:19:40.435,1598,25836.37
2025-11-16 15:19:40.435,1599,25276.9
2025-11-16 15:19:40.435,1600,26413.8
2025-11-16 15:19:40.435,1601,23866.7
2025-11-16 15:19:40.435,1602,23040.99
2025-11-16 15:19:40.435,1603,25154.93
2025-11-16 15:19:40.435,1604,26283.89
2025-11-16 15:19:40.435,1605,26219.28
2025-11-16 15:19:40.435,1606,25585.55
2025-11-16 15:19:40.435,1607,27077.54
2025-11-16 15:19:40.435,1608,25773.33
2025-11-16 15:19:40.435,1609,24151.15
2025-11-16 15:19:40.435,1610,28227.06
2025-11-16 15:19:40.435,1611,27077.54
2025-11-16 15:19:40.435,1612,24853.65
2025-11-16 15:19:40.435,1613,26219.28
2025-11-16 15:19:40.435,1614,24324.12
2025-11-16 15:19:40.435,1615,27145.25
2025-11-16 15:19:40.435,1616,97381.57
2025-11-16 15:19:40.435,1617,24704.93
2025-11-16 15:19:40.435,1618,27349.84
2025-11-16 15:19:40.435,1619,25124.57
2025-11-16 15:19:40.435,1620,24498.84
2025-11-16 15:19:40.435,1621,29992.53
2025-11-16 15:19:40.435,1622,28847.41
2025-11-16 15:19:40.435,1623,34885.99
2025-11-16 15:19:40.435,1624,430305.09
2025-11-16 15:19:40.435,1625,44854.87
2025-11-16 15:19:40.435,1626,57577.48
2025-11-16 15:19:40.435,1627,27077.54
2025-11-16 15:19:40.435,1628,72622.48
2025-11-16 15:19:40.435,1629,254133.06
2025-11-16 15:19:40.435,1630,71306.41
2025-11-16 15:19:40.435,1631,71306.41
2025-11-16 15:19:40.435,1632,24498.84
2025-11-16 15:19:40.435,1633,23586.93
2025-11-16 15:19:40.435,1634,22933.92
2025-11-16 15:19:40.435,1635,23698.29
2025-11-16 15:19:40.435,1636,23094.79
2025-11-16 15:19:40.435,1637,22616.81
2025-11-16 15:19:40.435,1638,22854.06
2025-11-16 15:19:40.435,1639,22827.54
2025-11-16 15:19:40.435,1640,22987.37
2025-11-16 15:19:40.435,1641,22880.64
2025-11-16 15:19:40.435,1642,22616.81
2025-11-16 15:19:40.435,1643,23094.79
2025-11-16 15:19:40.435,1644,22827.54
2025-11-16 15:19:40.435,1645,23257.23
2025-11-16 15:19:40.435,1646,23698.29
2025-11-16 15:19:40.435,1647,23014.16
2025-11-16 15:19:40.435,1648,24382.16
2025-11-16 15:19:40.435,1649,22305.72
2025-11-16 15:19:40.435,1650,21900.02
2025-11-16 15:19:40.435,1651,22987.37
2025-11-16 15:19:40.435,1652,23923.21
2025-11-16 15:19:40.435,1653,24324.12
2025-11-16 15:19:40.435,1654,23202.91
2025-11-16 15:19:40.435,1655,24675.34
2025-11-16 15:19:40.435,1656,23698.29
2025-11-16 15:19:40.435,1657,21553.27
2025-11-16 15:19:40.435,1658,24734.57
2025-11-16 15:19:40.435,1659,24528.13
2025-11-16 15:19:40.435,1660,18260.31
2025-11-16 15:19:40.435,1661,23754.24
2025-11-16 15:19:40.435,1662,17606.89
2025-11-16 15:19:40.435,1663,24675.34
2025-11-16 15:19:40.435,1664,79503.01
2025-11-16 15:19:40.435,1665,17738.95
2025-11-16 15:19:40.435,1666,23923.21
2025-11-16 15:19:40.435,1667,19751.0
2025-11-16 15:19:40.435,1668,16911.3
2025-11-16 15:19:40.435,1669,26348.73
2025-11-16 15:19:40.435,1670,24324.12
2025-11-16 15:19:40.435,1671,30189.96
2025-11-16 15:19:40.435,1672,328387.41
2025-11-16 15:19:40.435,1673,40505.41
2025-11-16 15:19:40.435,1674,49151.41
2025-11-16 15:19:40.435,1675,23642.52
2025-11-16 15:19:40.435,1676,64347.73
2025-11-16 15:19:40.435,1677,216173.34
2025-11-16 15:19:40.435,1678,62628.1
2025-11-16 15:19:40.435,1679,62628.1
2025-11-16 15:19:40.435,1680,33036.22
2025-11-16 15:19:40.435,1681,32145.38
2025-11-16 15:19:40.435,1682,32320.6
2025-11-16 15:19:40.435,1683,32765.05
2025-11-16 15:19:40.435,1684,31543.36
2025-11-16 15:19:40.435,1685,31374.49
2025-11-16 15:19:40.435,1686,31543.36
2025-11-16 15:19:40.435,1687,31885.26
2025-11-16 15:19:40.435,1688,31756.39
2025-11-16 15:19:40.435,1689,31543.36
2025-11-16 15:19:40.435,1690,31332.49
2025-11-16 15:19:40.435,1691,31971.61
2025-11-16 15:19:40.435,1692,31374.49
2025-11-16 15:19:40.435,1693,31971.61
2025-11-16 15:19:40.435,1694,32145.38
2025-11-16 15:19:40.435,1695,31670.92
2025-11-16 15:19:40.435,1696,33310.84
2025-11-16 15:19:40.435,1697,29297.52
2025-11-16 15:19:40.435,1698,30071.27
2025-11-16 15:19:40.435,1699,30712.49
2025-11-16 15:19:40.435,1700,32586.16
2025-11-16 15:19:40.435,1701,33635.68
2025-11-16 15:19:40.435,1702,32014.92
2025-11-16 15:19:40.435,1703,33495.87
2025-11-16 15:19:40.435,1704,32232.81
2025-11-16 15:19:40.435,1705,30031.86
2025-11-16 15:19:40.435,1706,34204.0
2025-11-16 15:19:40.435,1707,33635.68
2025-11-16 15:19:40.435,1708,29297.52
2025-11-16 15:19:40.435,1709,32276.66
2025-11-16 15:19:40.435,1710,28516.51
2025-11-16 15:19:40.435,1711,33823.5
2025-11-16 15:19:40.435,1712,98234.78
2025-11-16 15:19:40.435,1713,29146.33
2025-11-16 15:19:40.435,1714,33682.49
2025-11-16 15:19:40.435,1715,29603.42
2025-11-16 15:19:40.435,1716,27626.15
2025-11-16 15:19:40.435,1717,36157.48
2025-11-16 15:19:40.435,1718,34445.18
2025-11-16 15:19:40.435,1719,41788.82
2025-11-16 15:19:40.435,1720,483368.97
2025-11-16 15:19:40.435,1721,55621.39
2025-11-16 15:19:40.435,1722,63943.71
2025-11-16 15:19:40.435,1723,33310.84
2025-11-16 15:19:40.435,1724,84035.92
2025-11-16 15:19:40.435,1725,288853.09
2025-11-16 15:19:40.435,1726,81713.57
2025-11-16 15:19:40.435,1727,81713.57
2025-11-16 15:19:40.435,1728,25585.55
2025-11-16 15:19:40.435,1729,24853.65
2025-11-16 15:19:40.435,1730,24616.31
2025-11-16 15:19:40.435,1731,24973.54
2025-11-16 15:19:40.435,1732,24151.15
2025-11-16 15:19:40.435,1733,24353.12
2025-11-16 15:19:40.435,1734,24208.61
2025-11-16 15:19:40.435,1735,24065.32
2025-11-16 15:19:40.435,1736,24179.86
2025-11-16 15:19:40.435,1737,24036.8
2025-11-16 15:19:40.435,1738,23810.38
2025-11-16 15:19:40.435,1739,24324.12
2025-11-16 15:19:40.435,1740,23754.24
2025-11-16 15:19:40.435,1741,24734.57
2025-11-16 15:19:40.435,1742,25124.57
2025-11-16 15:19:40.435,1743,24675.34
2025-11-16 15:19:40.435,1744,25276.9
2025-11-16 15:19:40.435,1745,23284.46
2025-11-16 15:19:40.435,1746,22203.33
2025-11-16 15:19:40.435,1747,22827.54
2025-11-16 15:19:40.435,1748,25215.81
2025-11-16 15:19:40.435,1749,25276.9
2025-11-16 15:19:40.435,1750,24616.31
2025-11-16 15:19:40.435,1751,26058.75
2025-11-16 15:19:40.435,1752,24794.01
2025-11-16 15:19:40.435,1753,22025.71
2025-11-16 15:19:40.435,1754,26219.28
2025-11-16 15:19:40.435,1755,25804.82
2025-11-16 15:19:40.435,1756,19794.65
2025-11-16 15:19:40.435,1757,25094.26
2025-11-16 15:19:40.435,1758,20442.16
2025-11-16 15:19:40.435,1759,26283.89
2025-11-16 15:19:40.435,1760,84909.8
2025-11-16 15:19:40.435,1761,21504.34
2025-11-16 15:19:40.435,1762,25523.39
2025-11-16 15:19:40.435,1763,20037.0
2025-11-16 15:19:40.435,1764,19882.33
2025-11-16 15:19:40.435,1765,27977.33
2025-11-16 15:19:40.435,1766,25773.33
2025-11-16 15:19:40.435,1767,32145.38
2025-11-16 15:19:40.435,1768,387544.88
2025-11-16 15:19:40.435,1769,43769.74
2025-11-16 15:19:40.435,1770,52987.48
2025-11-16 15:19:40.435,1771,25554.44
2025-11-16 15:19:40.435,1772,68192.39
2025-11-16 15:19:40.435,1773,226638.0
2025-11-16 15:19:40.435,1774,66723.02
2025-11-16 15:19:40.435,1775,66723.02
2025-11-16 15:19:40.435,1776,23257.23
2025-11-16 15:19:40.435,1777,22460.52
2025-11-16 15:19:40.435,1778,22101.59
2025-11-16 15:19:40.435,1779,22774.6
2025-11-16 15:19:40.435,1780,21900.02
2025-11-16 15:19:40.435,1781,21626.94
2025-11-16 15:19:40.435,1782,21651.57
2025-11-16 15:19:40.435,1783,21950.17
2025-11-16 15:19:40.435,1784,21676.24
2025-11-16 15:19:40.435,1785,21577.78
2025-11-16 15:19:40.435,1786,21166.06
2025-11-16 15:19:40.435,1787,21676.24
2025-11-16 15:19:40.435,1788,21358.47
2025-11-16 15:19:40.435,1789,22000.49
2025-11-16 15:19:40.435,1790,22564.54
2025-11-16 15:19:40.435,1791,21950.17
2025-11-16 15:19:40.435,1792,23148.76
2025-11-16 15:19:40.435,1793,20952.39
2025-11-16 15:19:40.435,1794,20014.81
2025-11-16 15:19:40.435,1795,21118.33
2025-11-16 15:19:40.435,1796,22408.76
2025-11-16 15:19:40.435,1797,22987.37
2025-11-16 15:19:40.435,1798,21900.02
2025-11-16 15:19:40.435,1799,23230.05
2025-11-16 15:19:40.435,1800,22305.72
2025-11-16 15:19:40.435,1801,19534.67
2025-11-16 15:19:40.435,1802,23311.73
2025-11-16 15:19:40.435,1803,22960.62
2025-11-16 15:19:40.435,1804,18578.57
2025-11-16 15:19:40.435,1805,22382.94
2025-11-16 15:19:40.435,1806,18538.4
2025-11-16 15:19:40.435,1807,23421.27
2025-11-16 15:19:40.435,1808,76654.66
2025-11-16 15:19:40.435,1809,18538.4
2025-11-16 15:19:40.435,1810,22616.81
2025-11-16 15:19:40.435,1811,16734.02
2025-11-16 15:19:40.435,1812,16840.11
2025-11-16 15:19:40.435,1813,24764.27
2025-11-16 15:19:40.435,1814,22669.24
2025-11-16 15:19:40.435,1815,28773.39
2025-11-16 15:19:40.435,1816,322883.13
2025-11-16 15:19:40.435,1817,38463.37
2025-11-16 15:19:40.435,1818,47646.51
2025-11-16 15:19:40.435,1819,22408.76
2025-11-16 15:19:40.435,1820,61608.8
2025-11-16 15:19:40.435,1821,208912.44
2025-11-16 15:19:40.435,1822,59892.09
2025-11-16 15:19:40.435,1823,59892.09
2025-11-16 15:19:40.435,1824,31416.58
2025-11-16 15:19:40.435,1825,30550.28
2025-11-16 15:19:40.435,1826,29603.42
2025-11-16 15:19:40.435,1827,31206.99
2025-11-16 15:19:40.435,1828,30150.32
2025-11-16 15:19:40.435,1829,30110.76
2025-11-16 15:19:40.435,1830,30031.86
2025-11-16 15:19:40.435,1831,30590.71
2025-11-16 15:19:40.435,1832,30309.35
2025-11-16 15:19:40.435,1833,29992.53
2025-11-16 15:19:40.435,1834,29297.52
2025-11-16 15:19:40.435,1835,30309.35
2025-11-16 15:19:40.435,1836,28371.24
2025-11-16 15:19:40.435,1837,30309.35
2025-11-16 15:19:40.435,1838,31040.83
2025-11-16 15:19:40.435,1839,30349.31
2025-11-16 15:19:40.435,1840,31585.79
2025-11-16 15:19:40.435,1841,28773.39
2025-11-16 15:19:40.435,1842,27349.84
2025-11-16 15:19:40.435,1843,29411.68
2025-11-16 15:19:40.435,1844,31040.83
2025-11-16 15:19:40.435,1845,31458.76
2025-11-16 15:19:40.435,1846,30631.22
2025-11-16 15:19:40.435,1847,31928.39
2025-11-16 15:19:40.435,1848,29953.28
2025-11-16 15:19:40.435,1849,27077.54
2025-11-16 15:19:40.435,1850,33036.22
2025-11-16 15:19:40.435,1851,31713.61
2025-11-16 15:19:40.435,1852,27695.87
2025-11-16 15:19:40.435,1853,31082.24
2025-11-16 15:19:40.435,1854,26643.4
2025-11-16 15:19:40.435,1855,32232.81
2025-11-16 15:19:40.435,1856,94364.8
2025-11-16 15:19:40.435,1857,27695.87
2025-11-16 15:19:40.435,1858,31928.39
2025-11-16 15:19:40.435,1859,27556.69
2025-11-16 15:19:40.435,1860,27349.84
2025-11-16 15:19:40.435,1861,33870.7
2025-11-16 15:19:40.435,1862,32320.6
2025-11-16 15:19:40.435,1863,39887.21
2025-11-16 15:19:40.435,1864,483368.97
2025-11-16 15:19:40.435,1865,51284.3
2025-11-16 15:19:40.435,1866,59416.6
2025-11-16 15:19:40.435,1867,31290.57
2025-11-16 15:19:40.435,1868,79699.56
2025-11-16 15:19:40.435,1869,261133.28
2025-11-16 15:19:40.435,1870,74678.3
2025-11-16 15:19:40.435,1871,74678.3
2025-11-16 15:19:40.435,1872,26610.43
2025-11-16 15:19:40.435,1873,26026.81
2025-11-16 15:19:40.435,1874,25585.55
2025-11-16 15:19:40.435,1875,26348.73
2025-11-16 15:19:40.435,1876,25461.45
2025-11-16 15:19:40.435,1877,25154.93
2025-11-16 15:19:40.435,1878,25307.53
2025-11-16 15:19:40.435,1879,25679.2
2025-11-16 15:19:40.435,1880,25679.2
2025-11-16 15:19:40.435,1881,25276.9
2025-11-16 15:19:40.435,1882,24913.49
2025-11-16 15:19:40.435,1883,25585.55
2025-11-16 15:19:40.435,1884,24853.65
2025-11-16 15:19:40.435,1885,26026.81
2025-11-16 15:19:40.435,1886,26219.28
2025-11-16 15:19:40.435,1887,25804.82
2025-11-16 15:19:40.435,1888,26742.69
2025-11-16 15:19:40.435,1889,24498.84
2025-11-16 15:19:40.435,1890,23311.73
2025-11-16 15:19:40.435,1891,24913.49
2025-11-16 15:19:40.435,1892,26676.44
2025-11-16 15:19:40.435,1893,26809.18
2025-11-16 15:19:40.435,1894,25963.11
2025-11-16 15:19:40.435,1895,27556.69
2025-11-16 15:19:40.435,1896,25963.11
2025-11-16 15:19:40.435,1897,21750.49
2025-11-16 15:19:40.435,1898,27765.84
2025-11-16 15:19:40.435,1899,26809.18
2025-11-16 15:19:40.435,1900,22101.59
2025-11-16 15:19:40.435,1901,26544.65
2025-11-16 15:19:40.435,1902,20741.61
2025-11-16 15:19:40.435,1903,27695.87
2025-11-16 15:19:40.435,1904,84909.8
2025-11-16 15:19:40.435,1905,23230.05
2025-11-16 15:19:40.435,1906,27111.36
2025-11-16 15:19:40.435,1907,22564.54
2025-11-16 15:19:40.435,1908,22512.45
2025-11-16 15:19:40.435,1909,29526.5
2025-11-16 15:19:40.435,1910,26413.8
2025-11-16 15:19:40.435,1911,34156.08
2025-11-16 15:19:40.435,1912,391443.63
2025-11-16 15:19:40.435,1913,44707.67
2025-11-16 15:19:40.435,1914,54480.68
2025-11-16 15:19:40.435,1915,27145.25
2025-11-16 15:19:40.435,1916,71795.0
2025-11-16 15:19:40.435,1917,241163.34
2025-11-16 15:19:40.435,1918,70983.91
2025-11-16 15:19:40.435,1919,70983.91
2025-11-16 15:19:40.435,1920,900097.25
2025-11-16 15:19:40.435,1921,721303.56
2025-11-16 15:19:40.435,1922,861364.44
2025-11-16 15:19:40.435,1923,734602.25
2025-11-16 15:19:40.435,1924,777567.38
2025-11-16 15:19:40.435,1925,900097.25
2025-11-16 15:19:40.435,1926,942433.13
2025-11-16 15:19:40.435,1927,942433.13
2025-11-16 15:19:40.435,1928,793012.25
2025-11-16 15:19:40.435,1929,861364.44
2025-11-16 15:19:40.435,1930,988899.38
2025-11-16 15:19:40.435,1931,793012.25
2025-11-16 15:19:40.435,1932,793012.25
2025-11-16 15:19:40.435,1933,965113.19
2025-11-16 15:19:40.435,1934,965113.19
2025-11-16 15:19:40.435,1935,661350.38
2025-11-16 15:19:40.435,1936,793012.25
2025-11-16 15:19:40.435,1937,777567.38
2025-11-16 15:19:40.435,1938,708471.5
2025-11-16 15:19:40.435,1939,583498.19
2025-11-16 15:19:40.435,1940,734602.25
2025-11-16 15:19:40.435,1941,661350.38
2025-11-16 15:19:40.435,1942,708471.5
2025-11-16 15:19:40.435,1943,721303.56
2025-11-16 15:19:40.435,1944,661350.38
2025-11-16 15:19:40.435,1945,777567.38
2025-11-16 15:19:40.435,1946,762705.19
2025-11-16 15:19:40.435,1947,762705.19
2025-11-16 15:19:40.435,1948,672541.69
2025-11-16 15:19:40.435,1949,708471.5
2025-11-16 15:19:40.435,1950,483368.97
2025-11-16 15:19:40.435,1951,762705.19
2025-11-16 15:19:40.435,1952,661350.38
2025-11-16 15:19:40.435,1953,661350.38
2025-11-16 15:19:40.435,1954,672541.69
2025-11-16 15:19:40.435,1955,684112.31
2025-11-16 15:19:40.435,1956,672541.69
2025-11-16 15:19:40.435,1957,661350.38
2025-11-16 15:19:40.435,1958,592227.94
2025-11-16 15:19:40.435,1959,762705.19
2025-11-16 15:19:40.435,1960,762705.19
2025-11-16 15:19:40.435,1961,762705.19
2025-11-16 15:19:40.435,1962,684112.31
2025-11-16 15:19:40.435,1963,592227.94
2025-11-16 15:19:40.435,1964,31713.61
2025-11-16 15:19:40.435,1965,31713.61
2025-11-16 15:19:40.435,1966,31713.61
2025-11-16 15:19:40.435,1967,31713.61
2025-11-16 15:19:40.435,1968,31713.61
2025-11-16 15:19:40.435,1969,30031.86
2025-11-16 15:19:40.435,1970,30876.0
2025-11-16 15:19:40.435,1971,31040.83
2025-11-16 15:19:40.435,1972,30229.68
2025-11-16 15:19:40.435,1973,30309.35
2025-11-16 15:19:40.435,1974,30309.35
2025-11-16 15:19:40.435,1975,30712.49
2025-11-16 15:19:40.435,1976,30631.22
2025-11-16 15:19:40.435,1977,30150.32
2025-11-16 15:19:40.435,1978,29603.42
2025-11-16 15:19:40.435,1979,30509.92
2025-11-16 15:19:40.435,1980,29071.17
2025-11-16 15:19:40.435,1981,30631.22
2025-11-16 15:19:40.435,1982,31206.99
2025-11-16 15:19:40.435,1983,30712.49
2025-11-16 15:19:40.435,1984,31971.61
2025-11-16 15:19:40.435,1985,29184.02
2025-11-16 15:19:40.435,1986,28335.09
2025-11-16 15:19:40.435,1987,29221.78
2025-11-16 15:19:40.435,1988,31628.31
2025-11-16 15:19:40.435,1989,31713.61
2025-11-16 15:19:40.435,1990,30753.24
2025-11-16 15:19:40.435,1991,32145.38
2025-11-16 15:19:40.435,1992,30712.49
2025-11-16 15:19:40.435,1993,27660.98
2025-11-16 15:19:40.435,1994,31628.31
2025-11-16 15:19:40.435,1995,31799.26
2025-11-16 15:19:40.435,1996,27695.87
2025-11-16 15:19:40.435,1997,31248.74
2025-11-16 15:19:40.435,1998,25963.11
2025-11-16 15:19:40.435,1999,32320.6
2025-11-16 15:19:40.435,2000,99101.66
2025-11-16 15:19:40.435,2001,26676.44
2025-11-16 15:19:40.435,2002,32058.32
2025-11-16 15:19:40.435,2003,27145.25
2025-11-16 15:19:40.435,2004,26875.9
2025-11-16 15:19:40.435,2005,34640.03
2025-11-16 15:19:40.435,2006,32364.63
2025-11-16 15:19:40.435,2007,40256.3
2025-11-16 15:19:40.435,2008,483368.97
2025-11-16 15:19:40.435,2009,51654.79
2025-11-16 15:19:40.435,2010,59653.54
2025-11-16 15:19:40.435,2011,31206.99
2025-11-16 15:19:40.435,2012,76838.91
2025-11-16 15:19:40.435,2013,272357.75
2025-11-16 15:19:40.435,2014,74328.61
2025-11-16 15:19:40.435,2015,74328.61
2025-11-16 15:19:40.435,2016,762705.19
2025-11-16 15:19:40.435,2017,629875.0
2025-11-16 15:19:40.435,2018,942433.13
2025-11-16 15:19:40.435,2019,708471.5
2025-11-16 15:19:40.435,2020,734602.25
2025-11-16 15:19:40.435,2021,721303.56
2025-11-16 15:19:40.435,2022,684112.31
2025-11-16 15:19:40.435,2023,942433.13
2025-11-16 15:19:40.435,2024,734602.25
2025-11-16 15:19:40.435,2025,793012.25
2025-11-16 15:19:40.435,2026,708471.5
2025-11-16 15:19:40.435,2027,734602.25
2025-11-16 15:19:40.435,2028,708471.5
2025-11-16 15:19:40.435,2029,861364.44
2025-11-16 15:19:40.435,2030,684112.31
2025-11-16 15:19:40.435,2031,684112.31
2025-11-16 15:19:40.435,2032,762705.19
2025-11-16 15:19:40.435,2033,734602.25
2025-11-16 15:19:40.435,2034,684112.31
2025-11-16 15:19:40.435,2035,777567.38
2025-11-16 15:19:40.435,2036,734602.25
2025-11-16 15:19:40.435,2037,900097.25
2025-11-16 15:19:40.435,2038,762705.19
2025-11-16 15:19:40.435,2039,777567.38
2025-11-16 15:19:40.435,2040,721303.56
2025-11-16 15:19:40.435,2041,721303.56
2025-11-16 15:19:40.435,2042,708471.5
2025-11-16 15:19:40.435,2043,762705.19
2025-11-16 15:19:40.435,2044,793012.25
2025-11-16 15:19:40.435,2045,762705.19
2025-11-16 15:19:40.435,2046,696081.88
2025-11-16 15:19:40.435,2047,762705.19
2025-11-16 15:19:40.435,2048,762705.19
2025-11-16 15:19:40.435,2049,734602.25
2025-11-16 15:19:40.435,2050,734602.25
2025-11-16 15:19:40.435,2051,861364.44
2025-11-16 15:19:40.435,2052,762705.19
2025-11-16 15:19:40.435,2053,793012.25
2025-11-16 15:19:40.435,2054,762705.19
2025-11-16 15:19:40.435,2055,900097.25
2025-11-16 15:19:40.435,2056,988899.38
2025-11-16 15:19:40.435,2057,988899.38
2025-11-16 15:19:40.435,2058,734602.25
2025-11-16 15:19:40.435,2059,861364.44
2025-11-16 15:19:40.435,2060,25647.93
2025-11-16 15:19:40.435,2061,25647.93
2025-11-16 15:19:40.435,2062,25647.93
2025-11-16 15:19:40.435,2063,25647.93
2025-11-16 15:19:40.435,2064,25647.93
2025-11-16 15:19:40.435,2065,24913.49
2025-11-16 15:19:40.435,2066,25033.8
2025-11-16 15:19:40.435,2067,24734.57
2025-11-16 15:19:40.435,2068,24208.61
2025-11-16 15:19:40.435,2069,23866.7
2025-11-16 15:19:40.435,2070,24151.15
2025-11-16 15:19:40.435,2071,24616.31
2025-11-16 15:19:40.435,2072,24498.84
2025-11-16 15:19:40.435,2073,24266.27
2025-11-16 15:19:40.435,2074,24498.84
2025-11-16 15:19:40.435,2075,24498.84
2025-11-16 15:19:40.435,2076,23810.38
2025-11-16 15:19:40.435,2077,24734.57
2025-11-16 15:19:40.435,2078,25033.8
2025-11-16 15:19:40.435,2079,24794.01
2025-11-16 15:19:40.435,2080,25523.39
2025-11-16 15:19:40.435,2081,21553.27
2025-11-16 15:19:40.435,2082,22801.05
2025-11-16 15:19:40.435,2083,23311.73
2025-11-16 15:19:40.435,2084,25215.81
2025-11-16 15:19:40.435,2085,25647.93
2025-11-16 15:19:40.435,2086,25003.64
2025-11-16 15:19:40.435,2087,26511.85
2025-11-16 15:19:40.435,2088,25154.93
2025-11-16 15:19:40.435,2089,23642.52
2025-11-16 15:19:40.435,2090,27010.09
2025-11-16 15:19:40.435,2091,25963.11
2025-11-16 15:19:40.435,2092,23586.93
2025-11-16 15:19:40.435,2093,25710.52
2025-11-16 15:19:40.435,2094,23311.73
2025-11-16 15:19:40.435,2095,26511.85
2025-11-16 15:19:40.435,2096,86478.77
2025-11-16 15:19:40.435,2097,23202.91
2025-11-16 15:19:40.435,2098,26348.73
2025-11-16 15:19:40.435,2099,23754.24
2025-11-16 15:19:40.435,2100,22564.54
2025-11-16 15:19:40.435,2101,28371.24
2025-11-16 15:19:40.435,2102,27349.84
2025-11-16 15:19:40.435,2103,33356.95
2025-11-16 15:19:40.435,2104,372678.72
2025-11-16 15:19:40.435,2105,42590.57
2025-11-16 15:19:40.435,2106,52409.35
2025-11-16 15:19:40.435,2107,25647.93
2025-11-16 15:19:40.435,2108,67304.12
2025-11-16 15:19:40.435,2109,226638.0
2025-11-16 15:19:40.435,2110,65867.58
2025-11-16 15:19:40.435,2111,65867.58
2025-11-16 15:19:40.435,2112,362238.63
2025-11-16 15:19:40.435,2113,297844.91
2025-11-16 15:19:40.435,2114,339960.47
2025-11-16 15:19:40.435,2115,342978.47
2025-11-16 15:19:40.435,2116,339960.47
2025-11-16 15:19:40.435,2117,352352.88
2025-11-16 15:19:40.435,2118,317555.0
2025-11-16 15:19:40.435,2119,358884.03
2025-11-16 15:19:40.435,2120,314954.38
2025-11-16 15:19:40.435,2121,322883.13
2025-11-16 15:19:40.435,2122,365654.84
2025-11-16 15:19:40.435,2123,358884.03
2025-11-16 15:19:40.435,2124,369134.25
2025-11-16 15:19:40.435,2125,346048.91
2025-11-16 15:19:40.435,2126,358884.03
2025-11-16 15:19:40.435,2127,346048.91
2025-11-16 15:19:40.435,2128,365654.84
2025-11-16 15:19:40.435,2129,339960.47
2025-11-16 15:19:40.435,2130,346048.91
2025-11-16 15:19:40.435,2131,352352.88
2025-11-16 15:19:40.435,2132,355589.28
2025-11-16 15:19:40.435,2133,372678.72
2025-11-16 15:19:40.435,2134,358884.03
2025-11-16 15:19:40.435,2135,317555.0
2025-11-16 15:19:40.435,2136,286686.59
2025-11-16 15:19:40.435,2137,293282.41
2025-11-16 15:19:40.435,2138,328387.41
2025-11-16 15:19:40.435,2139,331208.34
2025-11-16 15:19:40.435,2140,282446.44
2025-11-16 15:19:40.435,2141,320197.59
2025-11-16 15:19:40.435,2142,284551.28
2025-11-16 15:19:40.435,2143,328387.41
2025-11-16 15:19:40.435,2144,412143.03
2025-11-16 15:19:40.435,2145,317555.0
2025-11-16 15:19:40.435,2146,369134.25
2025-11-16 15:19:40.435,2147,297844.91
2025-11-16 15:19:40.435,2148,284551.28
2025-11-16 15:19:40.435,2149,328387.41
2025-11-16 15:19:40.435,2150,317555.0
2025-11-16 15:19:40.435,2151,346048.91
2025-11-16 15:19:40.435,2152,439984.91
2025-11-16 15:19:40.435,2153,439984.91
2025-11-16 15:19:40.435,2154,130631.02
2025-11-16 15:19:40.435,2155,317555.0
2025-11-16 15:19:40.435,2156,383721.19
2025-11-16 15:19:40.435,2157,369134.25
2025-11-16 15:19:40.435,2158,369134.25
2025-11-16 15:19:40.435,2159,369134.25
2025-11-16 15:19:40.435,2160,391443.63
2025-11-16 15:19:40.435,2161,387544.88
2025-11-16 15:19:40.435,2162,421032.91
2025-11-16 15:19:40.435,2163,372678.72
2025-11-16 15:19:40.435,2164,372678.72
2025-11-16 15:19:40.435,2165,403612.41
2025-11-16 15:19:40.435,2166,365654.84
2025-11-16 15:19:40.435,2167,387544.88
2025-11-16 15:19:40.435,2168,403612.41
2025-11-16 15:19:40.435,2169,395419.56
2025-11-16 15:19:40.435,2170,383721.19
2025-11-16 15:19:40.435,2171,387544.88
2025-11-16 15:19:40.435,2172,391443.63
2025-11-16 15:19:40.435,2173,403612.41
2025-11-16 15:19:40.435,2174,412143.03
2025-11-16 15:19:40.435,2175,444986.13
2025-11-16 15:19:40.435,2176,430305.09
2025-11-16 15:19:40.435,2177,349173.25
2025-11-16 15:19:40.435,2178,379970.25
2025-11-16 15:19:40.435,2179,435092.38
2025-11-16 15:19:40.435,2180,439984.91
2025-11-16 15:19:40.435,2181,430305.09
2025-11-16 15:19:40.435,2182,430305.09
2025-11-16 15:19:40.435,2183,430305.09
2025-11-16 15:19:40.435,2184,403612.41
2025-11-16 15:19:40.435,2185,379970.25
2025-11-16 15:19:40.435,2186,412143.03
2025-11-16 15:19:40.435,2187,412143.03
2025-11-16 15:19:40.435,2188,365654.84
2025-11-16 15:19:40.435,2189,387544.88
2025-11-16 15:19:40.435,2190,391443.63
2025-11-16 15:19:40.435,2191,450099.75
2025-11-16 15:19:40.435,2192,550970.88
2025-11-16 15:19:40.435,2193,399475.0
2025-11-16 15:19:40.435,2194,407834.16
2025-11-16 15:19:40.435,2195,439984.91
2025-11-16 15:19:40.435,2196,403612.41
2025-11-16 15:19:40.435,2197,450099.75
2025-11-16 15:19:40.435,2198,421032.91
2025-11-16 15:19:40.435,2199,483368.97
2025-11-16 15:19:40.435,2200,575017.88
2025-11-16 15:19:40.435,2201,575017.88
2025-11-16 15:19:40.435,2202,176906.95
2025-11-16 15:19:40.435,2203,439984.91
2025-11-16 15:19:40.435,2204,536008.31
2025-11-16 15:19:40.435,2205,508356.06
2025-11-16 15:19:40.435,2206,508356.06
2025-11-16 15:19:40.435,2207,508356.06
2025-11-16 15:19:40.435,2208,238117.42
2025-11-16 15:19:40.435,2209,238117.42
2025-11-16 15:19:40.435,2210,238117.42
2025-11-16 15:19:40.435,2211,238117.42
2025-11-16 15:19:40.435,2212,238117.42
2025-11-16 15:19:40.435,2213,238117.42
2025-11-16 15:19:40.435,2214,238117.42
2025-11-16 15:19:40.435,2215,238117.42
2025-11-16 15:19:40.435,2216,238117.42
2025-11-16 15:19:40.435,2217,238117.42
2025-11-16 15:19:40.435,2218,238117.42
2025-11-16 15:19:40.435,2219,238117.42
2025-11-16 15:19:40.435,2220,238117.42
2025-11-16 15:19:40.435,2221,238117.42
2025-11-16 15:19:40.435,2222,238117.42
2025-11-16 15:19:40.435,2223,238117.42
2025-11-16 15:19:40.435,2224,238117.42
2025-11-16 15:19:40.435,2225,238117.42
2025-11-16 15:19:40.435,2226,238117.42
2025-11-16 15:19:40.435,2227,238117.42
2025-11-16 15:19:40.435,2228,238117.42
2025-11-16 15:19:40.435,2229,238117.42
2025-11-16 15:19:40.435,2230,238117.42
2025-11-16 15:19:40.435,2231,238117.42
2025-11-16 15:19:40.435,2232,238117.42
2025-11-16 15:19:40.435,2233,238117.42
2025-11-16 15:19:40.435,2234,238117.42
2025-11-16 15:19:40.435,2235,238117.42
2025-11-16 15:19:40.435,2236,238117.42
2025-11-16 15:19:40.435,2237,238117.42
2025-11-16 15:19:40.435,2238,238117.42
2025-11-16 15:19:40.435,2239,238117.42
2025-11-16 15:19:40.435,2240,238117.42
2025-11-16 15:19:40.435,2241,238117.42
2025-11-16 15:19:40.435,2242,238117.42
2025-11-16 15:19:40.435,2243,238117.42
2025-11-16 15:19:40.435,2244,238117.42
2025-11-16 15:19:40.435,2245,238117.42
2025-11-16 15:19:40.435,2246,238117.42
2025-11-16 15:19:40.435,2247,238117.42
2025-11-16 15:19:40.435,2248,238117.42
2025-11-16 15:19:40.435,2249,238117.42
2025-11-16 15:19:40.435,2250,238117.42
2025-11-16 15:19:40.435,2251,238117.42
2025-11-16 15:19:40.435,2252,238117.42
2025-11-16 15:19:40.435,2253,238117.42
2025-11-16 15:19:40.435,2254,238117.42
2025-11-16 15:19:40.435,2255,238117.42
2025-11-16 15:19:40.435,2256,238117.42
2025-11-16 15:19:40.435,2257,232241.86
2025-11-16 15:19:40.435,2258,241163.34
2025-11-16 15:19:40.435,2259,238117.42
2025-11-16 15:19:40.435,2260,226638.0
2025-11-16 15:19:40.435,2261,252439.11
2025-11-16 15:19:40.435,2262,228014.55
2025-11-16 15:19:40.435,2263,229407.17
2025-11-16 15:19:40.435,2264,225277.3
2025-11-16 15:19:40.435,2265,228014.55
2025-11-16 15:19:40.435,2266,238117.42
2025-11-16 15:19:40.435,2267,239631.09
2025-11-16 15:19:40.435,2268,232241.86
2025-11-16 15:19:40.435,2269,241163.34
2025-11-16 15:19:40.435,2270,228014.55
2025-11-16 15:19:40.435,2271,223932.14
2025-11-16 15:19:40.435,2272,223932.14
2025-11-16 15:19:40.435,2273,217430.56
2025-11-16 15:19:40.435,2274,213700.14
2025-11-16 15:19:40.435,2275,212483.69
2025-11-16 15:19:40.435,2276,216173.34
2025-11-16 15:19:40.435,2277,229407.17
2025-11-16 15:19:40.435,2278,239631.09
2025-11-16 15:19:40.435,2279,238117.42
2025-11-16 15:19:40.435,2280,216173.34
2025-11-16 15:19:40.435,2281,213700.14
2025-11-16 15:19:40.435,2282,218701.81
2025-11-16 15:19:40.435,2283,223932.14
2025-11-16 15:19:40.435,2284,185855.86
2025-11-16 15:19:40.435,2285,191648.39
2025-11-16 15:19:40.435,2286,203208.34
2025-11-16 15:19:40.435,2287,238117.42
2025-11-16 15:19:40.435,2288,322883.13
2025-11-16 15:19:40.435,2289,188709.95
2025-11-16 15:19:40.435,2290,223932.14
2025-11-16 15:19:40.435,2291,207747.34
2025-11-16 15:19:40.435,2292,212483.69
2025-11-16 15:19:40.435,2293,233684.53
2025-11-16 15:19:40.435,2294,218701.81
2025-11-16 15:19:40.435,2295,261133.28
2025-11-16 15:19:40.435,2296,295546.66
2025-11-16 15:19:40.435,2297,295546.66
2025-11-16 15:19:40.435,2298,98522.22
2025-11-16 15:19:40.435,2299,221287.44
2025-11-16 15:19:40.435,2300,336993.63
2025-11-16 15:19:40.435,2301,942433.13
2025-11-16 15:19:40.435,2302,317555.0
2025-11-16 15:19:40.435,2303,317555.0
